PlanetID,StarName,SMA_AU,ecc,Rp_REarth,Mp_MEarth,d_pc,M_sol,L_sol,Sep,PA,3dDist,PhaseFunc,DetStatus,NDet,NObs,LastObs
HD 72905_0,HD 72905,1.026,0.0,3.4,17.124,14.439,1.08,0.973,0.070768,252.516193,1.026,0.364733,1,1,1,2035.0
HD 72905_0,HD 72905,1.026,0.0,3.4,17.124,14.439,1.08,0.973,0.071008,96.773973,1.026,0.299947,1,2,2,2035.567767
HD 72905_0,HD 72905,1.026,0.0,3.4,17.124,14.439,1.08,0.973,0.071004,276.025786,1.026,0.338032,1,3,3,2036.06567
HD 72905_0,HD 72905,1.026,0.0,3.4,17.124,14.439,1.08,0.973,0.070355,29.606405,1.026,0.251318,1,4,4,2036.381382
HD 72905_0,HD 72905,1.026,0.0,3.4,17.124,14.439,1.08,0.973,0.070544,169.554486,1.026,0.380588,1,5,5,2036.771067
HD 72905_0,HD 72905,1.026,0.0,3.4,17.124,14.439,1.08,0.973,0.070489,228.966667,1.026,0.383966,1,6,6,2037.934724
HD 72905_0,HD 72905,1.026,0.0,3.4,17.124,14.439,1.08,0.973,0.070585,346.059173,1.026,0.26283,1,7,7,2038.261394
HD 72905_0,HD 72905,1.026,0.0,3.4,17.124,14.439,1.08,0.973,0.070456,45.462202,1.026,0.256056,1,8,8,2039.425051
