PlanetID,period,ecc,StarName,Rp_REarth,M_sol,FinalPosteriorEpoch,NDetectedEpochs
HD 142373_1,2.256442029594614,0.10555847744564695,HD 142373,0.868,1.08,8,8
HD 142373_1,2.2568381478038226,0.10287465511751659,HD 142373,0.868,1.08,8,8
HD 142373_1,2.246806959873439,0.10929236567865733,HD 142373,0.868,1.08,8,8
HD 142373_1,2.2558681597925583,0.0999773330236902,HD 142373,0.868,1.08,8,8
HD 142373_1,2.2521273257823604,0.11477615105167743,HD 142373,0.868,1.08,8,8
HD 142373_1,2.24681100448576,0.1042024457294135,HD 142373,0.868,1.08,8,8
HD 142373_1,2.2567846632021302,0.11003236002169119,HD 142373,0.868,1.08,8,8
HD 142373_1,2.2529001008263894,0.09147742860730061,HD 142373,0.868,1.08,8,8
HD 142373_1,2.2529481253422152,0.1101787528740324,HD 142373,0.868,1.08,8,8
HD 142373_1,2.2476843839652605,0.09747332061705333,HD 142373,0.868,1.08,8,8
HD 142373_1,2.2477093702384723,0.097494888371687,HD 142373,0.868,1.08,8,8
HD 142373_1,2.2496276404335016,0.10390060709430883,HD 142373,0.868,1.08,8,8
HD 142373_1,2.2570588718415747,0.10485272742503791,HD 142373,0.868,1.08,8,8
HD 142373_1,2.250170306992474,0.10861915107572342,HD 142373,0.868,1.08,8,8
HD 142373_1,2.2524521966949003,0.1084485246055774,HD 142373,0.868,1.08,8,8
HD 142373_1,2.2582698372226675,0.1042611178453775,HD 142373,0.868,1.08,8,8
HD 142373_1,2.25483579846236,0.09913241946313775,HD 142373,0.868,1.08,8,8
HD 142373_1,2.253389990198782,0.1272070464364718,HD 142373,0.868,1.08,8,8
HD 142373_1,2.2605107592062765,0.10448065821543603,HD 142373,0.868,1.08,8,8
HD 142373_1,2.259684203998769,0.09974312530730492,HD 142373,0.868,1.08,8,8
HD 142373_1,2.255567978199749,0.10027318955462008,HD 142373,0.868,1.08,8,8
HD 142373_1,2.2640146250350752,0.10581492926991191,HD 142373,0.868,1.08,8,8
HD 142373_1,2.257737316707846,0.1138687167564862,HD 142373,0.868,1.08,8,8
HD 142373_1,2.252450059246113,0.10628233966718516,HD 142373,0.868,1.08,8,8
HD 142373_1,2.2539477331265187,0.1034534418857608,HD 142373,0.868,1.08,8,8
HD 142373_1,2.2489372401879177,0.10639298248338007,HD 142373,0.868,1.08,8,8
HD 142373_1,2.2455355123934857,0.09714481877090936,HD 142373,0.868,1.08,8,8
HD 142373_1,2.2500089727166057,0.10486944342709768,HD 142373,0.868,1.08,8,8
HD 142373_1,2.2514595310096452,0.10485168416554669,HD 142373,0.868,1.08,8,8
HD 142373_1,2.254557452624855,0.10949369091407515,HD 142373,0.868,1.08,8,8
HD 142373_1,2.255249764913344,0.10102115064649819,HD 142373,0.868,1.08,8,8
HD 142373_1,2.2545170904128033,0.10620126219650267,HD 142373,0.868,1.08,8,8
HD 142373_1,2.2555743653757974,0.1053154638065837,HD 142373,0.868,1.08,8,8
HD 142373_1,2.2457834805084076,0.1055624378628024,HD 142373,0.868,1.08,8,8
HD 142373_1,2.253422092550207,0.10562713025551816,HD 142373,0.868,1.08,8,8
HD 142373_1,2.2517717727907995,0.09830455783936662,HD 142373,0.868,1.08,8,8
HD 142373_1,2.2532947575498037,0.09380677228904455,HD 142373,0.868,1.08,8,8
HD 142373_1,2.2526716363612027,0.09996735098879271,HD 142373,0.868,1.08,8,8
HD 142373_1,2.2397024131527385,0.10854721975311368,HD 142373,0.868,1.08,8,8
HD 142373_1,2.255735620500267,0.11509121098881028,HD 142373,0.868,1.08,8,8
HD 142373_1,2.248271800450475,0.10539090459537746,HD 142373,0.868,1.08,8,8
HD 142373_1,2.2543131529245217,0.09321041944419826,HD 142373,0.868,1.08,8,8
HD 142373_1,2.2556779736999526,0.1069740783881532,HD 142373,0.868,1.08,8,8
HD 142373_1,2.2559719499484943,0.1063351426052075,HD 142373,0.868,1.08,8,8
HD 142373_1,2.2445561816206685,0.09986764630633861,HD 142373,0.868,1.08,8,8
HD 142373_1,2.2468764123137768,0.10922917474193918,HD 142373,0.868,1.08,8,8
HD 142373_1,2.240526913036303,0.09504777705826584,HD 142373,0.868,1.08,8,8
HD 142373_1,2.2460373487697725,0.10139739700607199,HD 142373,0.868,1.08,8,8
HD 142373_1,2.254475850417078,0.10775013724156814,HD 142373,0.868,1.08,8,8
HD 142373_1,2.255686747801734,0.10062792863742297,HD 142373,0.868,1.08,8,8
HD 142373_1,2.24465647039362,0.11084028268847977,HD 142373,0.868,1.08,8,8
HD 142373_1,2.2503483911374307,0.1063024759949766,HD 142373,0.868,1.08,8,8
HD 142373_1,2.258175489326784,0.12138622643374744,HD 142373,0.868,1.08,8,8
HD 142373_1,2.259073369848554,0.09931082854728172,HD 142373,0.868,1.08,8,8
HD 142373_1,2.2423160916035467,0.10066612781723687,HD 142373,0.868,1.08,8,8
HD 142373_1,2.2592409406214444,0.09766594414678524,HD 142373,0.868,1.08,8,8
HD 142373_1,2.256806543716783,0.08753772801500492,HD 142373,0.868,1.08,8,8
HD 142373_1,2.2543697193449446,0.10406367074493013,HD 142373,0.868,1.08,8,8
HD 142373_1,2.2529551479730126,0.09387413984125427,HD 142373,0.868,1.08,8,8
HD 142373_1,2.25686009950587,0.10950042812312737,HD 142373,0.868,1.08,8,8
HD 142373_1,2.2581408880592218,0.09157620298833805,HD 142373,0.868,1.08,8,8
HD 142373_1,2.2548206907446113,0.10243477442382887,HD 142373,0.868,1.08,8,8
HD 142373_1,2.256746940386106,0.10704628721083903,HD 142373,0.868,1.08,8,8
HD 142373_1,2.2489947816742104,0.11757173452082467,HD 142373,0.868,1.08,8,8
HD 142373_1,2.2523562402332606,0.11003369483615325,HD 142373,0.868,1.08,8,8
HD 142373_1,2.2554432135801563,0.11162795068171844,HD 142373,0.868,1.08,8,8
HD 142373_1,2.2495055633252767,0.10242286720836978,HD 142373,0.868,1.08,8,8
HD 142373_1,2.2532582025269234,0.11065513480829384,HD 142373,0.868,1.08,8,8
HD 142373_1,2.2483856203703705,0.12701153101702148,HD 142373,0.868,1.08,8,8
HD 142373_1,2.2530085572585095,0.10432378401968023,HD 142373,0.868,1.08,8,8
HD 142373_1,2.2524865538073664,0.11847805680612562,HD 142373,0.868,1.08,8,8
HD 142373_1,2.243631783084677,0.10434119266282804,HD 142373,0.868,1.08,8,8
HD 142373_1,2.249348937777335,0.10537249962482428,HD 142373,0.868,1.08,8,8
HD 142373_1,2.254651194589925,0.10130080642052573,HD 142373,0.868,1.08,8,8
HD 142373_1,2.254844242605457,0.12585993135030396,HD 142373,0.868,1.08,8,8
HD 142373_1,2.2562016316881754,0.10293069048941293,HD 142373,0.868,1.08,8,8
HD 142373_1,2.2581330035284415,0.12062509591515376,HD 142373,0.868,1.08,8,8
HD 142373_1,2.2521803157932516,0.10828349997652532,HD 142373,0.868,1.08,8,8
HD 142373_1,2.2545761142581267,0.11595154125527017,HD 142373,0.868,1.08,8,8
HD 142373_1,2.2560129226829835,0.10984602082786804,HD 142373,0.868,1.08,8,8
HD 142373_1,2.256803104234243,0.1004748410916886,HD 142373,0.868,1.08,8,8
HD 142373_1,2.245488358740218,0.09851107117334844,HD 142373,0.868,1.08,8,8
HD 142373_1,2.2469176816285708,0.11813481875042176,HD 142373,0.868,1.08,8,8
HD 142373_1,2.2423145595980993,0.12202605747732155,HD 142373,0.868,1.08,8,8
HD 142373_1,2.2533388985614873,0.10608165623746992,HD 142373,0.868,1.08,8,8
HD 142373_1,2.2617336474792684,0.10214001131976953,HD 142373,0.868,1.08,8,8
HD 142373_1,2.254030281378732,0.10405773879933902,HD 142373,0.868,1.08,8,8
HD 142373_1,2.2481813902330994,0.11093049915256861,HD 142373,0.868,1.08,8,8
HD 142373_1,2.252148615001436,0.10542992618802005,HD 142373,0.868,1.08,8,8
HD 142373_1,2.2524860626541794,0.09671979343582884,HD 142373,0.868,1.08,8,8
HD 142373_1,2.2491485984466575,0.10019540219697799,HD 142373,0.868,1.08,8,8
HD 142373_1,2.245320873509802,0.10434857667574558,HD 142373,0.868,1.08,8,8
HD 142373_1,2.250194803650882,0.09898451669982937,HD 142373,0.868,1.08,8,8
HD 142373_1,2.24864330444853,0.10960004884851487,HD 142373,0.868,1.08,8,8
HD 142373_1,2.2452649362942005,0.10639788892795286,HD 142373,0.868,1.08,8,8
HD 142373_1,2.2566932351792506,0.10480044774798196,HD 142373,0.868,1.08,8,8
HD 142373_1,2.2580584047568997,0.10997109282560036,HD 142373,0.868,1.08,8,8
HD 142373_1,2.25822116732334,0.1009881414805717,HD 142373,0.868,1.08,8,8
HD 142373_1,2.2505761531758233,0.0968022513076932,HD 142373,0.868,1.08,8,8
HD 142373_1,2.2591210093541716,0.09121077013086828,HD 142373,0.868,1.08,8,8
HD 142373_1,2.2504489789233424,0.10584476044303372,HD 142373,0.868,1.08,8,8
HD 142373_1,2.25025942099608,0.08750459572998905,HD 142373,0.868,1.08,8,8
HD 142373_1,2.252523793263387,0.11186088409717058,HD 142373,0.868,1.08,8,8
HD 142373_1,2.2535604432435323,0.11288894545409049,HD 142373,0.868,1.08,8,8
HD 142373_1,2.251655044787421,0.09247902400676797,HD 142373,0.868,1.08,8,8
HD 142373_1,2.2552403231278055,0.10396685891186852,HD 142373,0.868,1.08,8,8
HD 142373_1,2.254455482040796,0.10541285098514054,HD 142373,0.868,1.08,8,8
HD 142373_1,2.2467169546784143,0.10097949153742114,HD 142373,0.868,1.08,8,8
HD 142373_1,2.2502046843150327,0.10838139818239909,HD 142373,0.868,1.08,8,8
HD 142373_1,2.257077910769893,0.11493195489239809,HD 142373,0.868,1.08,8,8
HD 142373_1,2.2520488475028975,0.112242256751003,HD 142373,0.868,1.08,8,8
HD 142373_1,2.2515051557700425,0.10103017128937226,HD 142373,0.868,1.08,8,8
HD 142373_1,2.250777130285913,0.10084047963395387,HD 142373,0.868,1.08,8,8
HD 142373_1,2.2543530674601793,0.10690277234878816,HD 142373,0.868,1.08,8,8
HD 142373_1,2.2551769280599547,0.10287978358787343,HD 142373,0.868,1.08,8,8
HD 142373_1,2.2491805652841723,0.10553699857580022,HD 142373,0.868,1.08,8,8
HD 142373_1,2.2484796923272206,0.12173929359423283,HD 142373,0.868,1.08,8,8
HD 142373_1,2.2450896902915294,0.10161007782590484,HD 142373,0.868,1.08,8,8
HD 142373_1,2.2600862013512257,0.11008939813212348,HD 142373,0.868,1.08,8,8
HD 142373_1,2.262711321533853,0.1041340429717711,HD 142373,0.868,1.08,8,8
HD 142373_1,2.2504705427835106,0.09073385723085653,HD 142373,0.868,1.08,8,8
HD 142373_1,2.253729127984609,0.10554745458332193,HD 142373,0.868,1.08,8,8
HD 142373_1,2.2474740397852884,0.1068945840489699,HD 142373,0.868,1.08,8,8
HD 142373_1,2.2428235356721653,0.10952148114300667,HD 142373,0.868,1.08,8,8
HD 142373_1,2.2490306525110215,0.11400580773320558,HD 142373,0.868,1.08,8,8
HD 142373_1,2.237900810221914,0.1156182566008126,HD 142373,0.868,1.08,8,8
HD 142373_1,2.258825243232225,0.0982539071638572,HD 142373,0.868,1.08,8,8
HD 142373_1,2.2512024049810524,0.08827741149785079,HD 142373,0.868,1.08,8,8
HD 142373_1,2.2546431223248216,0.09738093195068291,HD 142373,0.868,1.08,8,8
HD 142373_1,2.255230672363415,0.10698488311805572,HD 142373,0.868,1.08,8,8
HD 142373_1,2.2555414405200054,0.08942250267487738,HD 142373,0.868,1.08,8,8
HD 142373_1,2.2463484823357915,0.09552002354939959,HD 142373,0.868,1.08,8,8
HD 142373_1,2.2588386791578805,0.09444482816903133,HD 142373,0.868,1.08,8,8
HD 142373_1,2.2630987897748924,0.09811426024793986,HD 142373,0.868,1.08,8,8
HD 142373_1,2.249484859013907,0.09756428204229925,HD 142373,0.868,1.08,8,8
HD 142373_1,2.2420695234163985,0.10389834908096837,HD 142373,0.868,1.08,8,8
HD 142373_1,2.25701694696242,0.10513094222870004,HD 142373,0.868,1.08,8,8
HD 142373_1,2.24896253648271,0.11058849940376612,HD 142373,0.868,1.08,8,8
HD 142373_1,2.2454092501334166,0.10899017843033472,HD 142373,0.868,1.08,8,8
HD 142373_1,2.252058340679846,0.11443597256670449,HD 142373,0.868,1.08,8,8
HD 142373_1,2.2497965438912155,0.09210896601609447,HD 142373,0.868,1.08,8,8
HD 142373_1,2.2515272003852735,0.11103409399099072,HD 142373,0.868,1.08,8,8
HD 142373_1,2.2513365612123644,0.09993587194814985,HD 142373,0.868,1.08,8,8
HD 142373_1,2.250004831456458,0.10698098679491863,HD 142373,0.868,1.08,8,8
HD 142373_1,2.248430299243069,0.10811557445306565,HD 142373,0.868,1.08,8,8
HD 142373_1,2.2519104209958156,0.11381311939557269,HD 142373,0.868,1.08,8,8
HD 142373_1,2.25469829449612,0.11113380982695249,HD 142373,0.868,1.08,8,8
HD 142373_1,2.2494324756706807,0.10501417936791459,HD 142373,0.868,1.08,8,8
HD 142373_1,2.2573466770827695,0.11204480653211898,HD 142373,0.868,1.08,8,8
HD 142373_1,2.2516677109838996,0.08976352862326839,HD 142373,0.868,1.08,8,8
HD 142373_1,2.2554086509755042,0.10514734560183268,HD 142373,0.868,1.08,8,8
HD 142373_1,2.253092218931317,0.09788753167722189,HD 142373,0.868,1.08,8,8
HD 142373_1,2.260561116753568,0.10896878755272438,HD 142373,0.868,1.08,8,8
HD 142373_1,2.2538206044589484,0.10430628902298292,HD 142373,0.868,1.08,8,8
HD 142373_1,2.2462108894579864,0.10006246085981674,HD 142373,0.868,1.08,8,8
HD 142373_1,2.2517952016106073,0.10159538198339599,HD 142373,0.868,1.08,8,8
HD 142373_1,2.2476367252389116,0.1148378150488912,HD 142373,0.868,1.08,8,8
HD 142373_1,2.2544351348499374,0.10659207066644681,HD 142373,0.868,1.08,8,8
HD 142373_1,2.2543031140762193,0.11703588443941622,HD 142373,0.868,1.08,8,8
HD 142373_1,2.249442892597229,0.10057833872933404,HD 142373,0.868,1.08,8,8
HD 142373_1,2.2579947158530644,0.09552662108829484,HD 142373,0.868,1.08,8,8
HD 142373_1,2.2543317494500705,0.1194079659202393,HD 142373,0.868,1.08,8,8
HD 142373_1,2.253012125626102,0.1150270740694421,HD 142373,0.868,1.08,8,8
HD 142373_1,2.2490736458699168,0.10400963825197022,HD 142373,0.868,1.08,8,8
HD 142373_1,2.252313458978302,0.11530748619711063,HD 142373,0.868,1.08,8,8
HD 142373_1,2.25298078168511,0.09558411602260616,HD 142373,0.868,1.08,8,8
HD 142373_1,2.250228969387398,0.09842794698669945,HD 142373,0.868,1.08,8,8
HD 142373_1,2.2502950528331795,0.10368007798694898,HD 142373,0.868,1.08,8,8
HD 142373_1,2.248074544302715,0.10634891360447674,HD 142373,0.868,1.08,8,8
HD 142373_1,2.2498477525132095,0.11566700099707267,HD 142373,0.868,1.08,8,8
HD 142373_1,2.2468738824868266,0.10976879405065125,HD 142373,0.868,1.08,8,8
HD 142373_1,2.2542198020596294,0.09889230575607556,HD 142373,0.868,1.08,8,8
HD 142373_1,2.2516863321582314,0.11231857053435763,HD 142373,0.868,1.08,8,8
HD 142373_1,2.250358726360715,0.09517482778482936,HD 142373,0.868,1.08,8,8
HD 142373_1,2.248003530148409,0.1037749104829701,HD 142373,0.868,1.08,8,8
HD 142373_1,2.2584719175393784,0.10247123350831587,HD 142373,0.868,1.08,8,8
HD 142373_1,2.2627966534054287,0.10536169994213146,HD 142373,0.868,1.08,8,8
HD 142373_1,2.2421580843035493,0.11302147391037012,HD 142373,0.868,1.08,8,8
HD 142373_1,2.2538895938632906,0.10663799664175981,HD 142373,0.868,1.08,8,8
HD 142373_1,2.2435161051050234,0.10096703561353014,HD 142373,0.868,1.08,8,8
HD 142373_1,2.250292100708102,0.10528252595269616,HD 142373,0.868,1.08,8,8
HD 142373_1,2.2594884489524043,0.09858589296071582,HD 142373,0.868,1.08,8,8
HD 142373_1,2.2581143512852027,0.11545178135725276,HD 142373,0.868,1.08,8,8
HD 142373_1,2.251325039186386,0.11286720119490161,HD 142373,0.868,1.08,8,8
HD 142373_1,2.2469385714793435,0.09484596072943136,HD 142373,0.868,1.08,8,8
HD 142373_1,2.2544292557832804,0.0920065680528455,HD 142373,0.868,1.08,8,8
HD 142373_1,2.2478474483925313,0.1040022789336436,HD 142373,0.868,1.08,8,8
HD 142373_1,2.2470933410579574,0.11641323178144779,HD 142373,0.868,1.08,8,8
HD 142373_1,2.2558073120415343,0.0932325531465994,HD 142373,0.868,1.08,8,8
HD 142373_1,2.2587248216288405,0.09909531669691264,HD 142373,0.868,1.08,8,8
HD 142373_1,2.25062484310916,0.10435311046169478,HD 142373,0.868,1.08,8,8
HD 142373_1,2.247327651461711,0.10162170869020724,HD 142373,0.868,1.08,8,8
HD 142373_1,2.2503753906308708,0.11199290550933638,HD 142373,0.868,1.08,8,8
HD 142373_1,2.2575872088922475,0.1176599253645847,HD 142373,0.868,1.08,8,8
HD 142373_1,2.250880783665843,0.09704051751236017,HD 142373,0.868,1.08,8,8
HD 142373_1,2.249356451849916,0.11456192616592353,HD 142373,0.868,1.08,8,8
HD 142373_1,2.2472708958065706,0.10724874810219523,HD 142373,0.868,1.08,8,8
HD 142373_1,2.246061852685478,0.10132147805180543,HD 142373,0.868,1.08,8,8
HD 142373_1,2.2485876107272023,0.09533434514670118,HD 142373,0.868,1.08,8,8
HD 142373_1,2.249943775279072,0.101600877855453,HD 142373,0.868,1.08,8,8
HD 142373_1,2.2557580978472536,0.09176637678554107,HD 142373,0.868,1.08,8,8
HD 142373_1,2.246923759614733,0.10607549301580839,HD 142373,0.868,1.08,8,8
HD 142373_1,2.2582538253759354,0.10759343208662928,HD 142373,0.868,1.08,8,8
HD 142373_1,2.2577878208081392,0.10744941765862728,HD 142373,0.868,1.08,8,8
HD 142373_1,2.2574586764235924,0.09831277557178103,HD 142373,0.868,1.08,8,8
HD 142373_1,2.2519598122667035,0.10713990073930334,HD 142373,0.868,1.08,8,8
HD 142373_1,2.2513348757147047,0.11421670794240006,HD 142373,0.868,1.08,8,8
HD 142373_1,2.247416130375575,0.09441119317164334,HD 142373,0.868,1.08,8,8
HD 142373_1,2.262044146626422,0.09177261794094127,HD 142373,0.868,1.08,8,8
HD 142373_1,2.251701657689216,0.1125121601332042,HD 142373,0.868,1.08,8,8
HD 142373_1,2.2519159979951717,0.09710912563253185,HD 142373,0.868,1.08,8,8
HD 142373_1,2.251091750496568,0.10891560400489855,HD 142373,0.868,1.08,8,8
HD 142373_1,2.2460267052284464,0.09586600053002153,HD 142373,0.868,1.08,8,8
HD 142373_1,2.2609655646405815,0.0955679873912631,HD 142373,0.868,1.08,8,8
HD 142373_1,2.2568807822620953,0.09131265206745566,HD 142373,0.868,1.08,8,8
HD 142373_1,2.248933567796541,0.12205728435652859,HD 142373,0.868,1.08,8,8
HD 142373_1,2.2465998464899104,0.08944010165213995,HD 142373,0.868,1.08,8,8
HD 142373_1,2.250313025550037,0.11759990293834686,HD 142373,0.868,1.08,8,8
HD 142373_1,2.2492986487689093,0.10911272132411849,HD 142373,0.868,1.08,8,8
HD 142373_1,2.2533431072193255,0.11671263611307497,HD 142373,0.868,1.08,8,8
HD 142373_1,2.2563305103925346,0.10672065572933571,HD 142373,0.868,1.08,8,8
HD 142373_1,2.2564300752647335,0.09939394871515127,HD 142373,0.868,1.08,8,8
HD 142373_1,2.2549815185874866,0.09655346527957988,HD 142373,0.868,1.08,8,8
HD 142373_1,2.254208928076871,0.0910838755277135,HD 142373,0.868,1.08,8,8
HD 142373_1,2.257707955831519,0.1026240746516345,HD 142373,0.868,1.08,8,8
HD 142373_1,2.25953533342355,0.10802094036888218,HD 142373,0.868,1.08,8,8
HD 142373_1,2.2560962743907784,0.11128450509261026,HD 142373,0.868,1.08,8,8
HD 142373_1,2.2518826459135393,0.10574578786633701,HD 142373,0.868,1.08,8,8
HD 142373_1,2.2589743339314157,0.10106532370916577,HD 142373,0.868,1.08,8,8
HD 142373_1,2.2526818208225086,0.1144674832910285,HD 142373,0.868,1.08,8,8
HD 142373_1,2.2597548818236834,0.11690104568273448,HD 142373,0.868,1.08,8,8
HD 142373_1,2.244382235215846,0.09969982177603315,HD 142373,0.868,1.08,8,8
HD 142373_1,2.2494571726739725,0.10990944494338951,HD 142373,0.868,1.08,8,8
HD 142373_1,2.2442145400599993,0.09963701123629645,HD 142373,0.868,1.08,8,8
HD 142373_1,2.2562556187010943,0.10129345057546614,HD 142373,0.868,1.08,8,8
HD 142373_1,2.2497953487273836,0.10127892319314952,HD 142373,0.868,1.08,8,8
HD 142373_1,2.2645801772207217,0.09842863705693572,HD 142373,0.868,1.08,8,8
HD 142373_1,2.244424987239869,0.08467041705672729,HD 142373,0.868,1.08,8,8
HD 142373_1,2.2545146481358675,0.10187027379812033,HD 142373,0.868,1.08,8,8
HD 142373_1,2.247671680600697,0.09539848913914667,HD 142373,0.868,1.08,8,8
HD 142373_1,2.2524552319152034,0.10111511414062166,HD 142373,0.868,1.08,8,8
HD 142373_1,2.2452177075552684,0.1074836820916464,HD 142373,0.868,1.08,8,8
HD 142373_1,2.2465131719724076,0.10255245433058624,HD 142373,0.868,1.08,8,8
HD 142373_1,2.2527116754329164,0.10059901807234808,HD 142373,0.868,1.08,8,8
HD 142373_1,2.2492189428643727,0.10836065739403718,HD 142373,0.868,1.08,8,8
HD 142373_1,2.253261516652284,0.11071605272691162,HD 142373,0.868,1.08,8,8
HD 142373_1,2.244942412539624,0.11263896664041619,HD 142373,0.868,1.08,8,8
HD 142373_1,2.252591124289685,0.11245310508345704,HD 142373,0.868,1.08,8,8
HD 142373_1,2.2502812661818816,0.11593069465147036,HD 142373,0.868,1.08,8,8
HD 142373_1,2.2635422693294522,0.1085321275097814,HD 142373,0.868,1.08,8,8
HD 142373_1,2.2539572091596685,0.10082726177759757,HD 142373,0.868,1.08,8,8
HD 142373_1,2.2592683225436296,0.11511152172634882,HD 142373,0.868,1.08,8,8
HD 142373_1,2.2495883952148055,0.11098233387826371,HD 142373,0.868,1.08,8,8
HD 142373_1,2.256154208436602,0.10188315285958716,HD 142373,0.868,1.08,8,8
HD 142373_1,2.249868998447266,0.10751521547986931,HD 142373,0.868,1.08,8,8
HD 142373_1,2.262491406991866,0.1016570979595562,HD 142373,0.868,1.08,8,8
HD 142373_1,2.2551831575244865,0.09803885690575881,HD 142373,0.868,1.08,8,8
HD 142373_1,2.2536731787381066,0.10107896576402807,HD 142373,0.868,1.08,8,8
HD 142373_1,2.254616619346902,0.11022219697171066,HD 142373,0.868,1.08,8,8
HD 142373_1,2.257160011341309,0.10281453139307652,HD 142373,0.868,1.08,8,8
HD 142373_1,2.2534492355684965,0.10645225020635488,HD 142373,0.868,1.08,8,8
HD 142373_1,2.2501845681508157,0.11727736430478022,HD 142373,0.868,1.08,8,8
HD 142373_1,2.250374519236437,0.10360505227616834,HD 142373,0.868,1.08,8,8
HD 142373_1,2.2560865698478705,0.10342728047964042,HD 142373,0.868,1.08,8,8
HD 142373_1,2.250960144612047,0.10490695591649016,HD 142373,0.868,1.08,8,8
HD 142373_1,2.2486870998434654,0.1011718799956249,HD 142373,0.868,1.08,8,8
HD 142373_1,2.2491123486251143,0.1084704580606114,HD 142373,0.868,1.08,8,8
HD 142373_1,2.2527004526395933,0.09342793754985185,HD 142373,0.868,1.08,8,8
HD 142373_1,2.244259591861908,0.11109002949845496,HD 142373,0.868,1.08,8,8
HD 142373_1,2.2524846148296533,0.09483891063840788,HD 142373,0.868,1.08,8,8
HD 142373_1,2.2465892153938305,0.09859217040127541,HD 142373,0.868,1.08,8,8
HD 142373_1,2.254558649773414,0.11401585438008216,HD 142373,0.868,1.08,8,8
HD 142373_1,2.2523988720016925,0.09043623634714157,HD 142373,0.868,1.08,8,8
HD 142373_1,2.253104744186765,0.1015431597503779,HD 142373,0.868,1.08,8,8
HD 142373_1,2.253078996439751,0.08841125377295123,HD 142373,0.868,1.08,8,8
HD 142373_1,2.263002497530638,0.0965250023729061,HD 142373,0.868,1.08,8,8
HD 142373_1,2.2506263122390084,0.09103036095007627,HD 142373,0.868,1.08,8,8
HD 142373_1,2.2578234707677556,0.10900002455245113,HD 142373,0.868,1.08,8,8
HD 142373_1,2.2487455088783324,0.1039590447641181,HD 142373,0.868,1.08,8,8
HD 142373_1,2.258679149827015,0.10654793401181546,HD 142373,0.868,1.08,8,8
HD 142373_1,2.254256413412003,0.08708569155428997,HD 142373,0.868,1.08,8,8
HD 142373_1,2.25337170740074,0.11024433886510958,HD 142373,0.868,1.08,8,8
HD 142373_1,2.2594379671608147,0.09825878725433553,HD 142373,0.868,1.08,8,8
HD 142373_1,2.250532882602223,0.10744296642357476,HD 142373,0.868,1.08,8,8
HD 142373_1,2.2476035312890534,0.10305136511523556,HD 142373,0.868,1.08,8,8
HD 142373_1,2.2511144197219575,0.10332799974847273,HD 142373,0.868,1.08,8,8
HD 142373_1,2.2527167624589155,0.09568555075369423,HD 142373,0.868,1.08,8,8
HD 142373_1,2.248728729669614,0.10507573955097411,HD 142373,0.868,1.08,8,8
HD 142373_1,2.257180889902917,0.09705530223494409,HD 142373,0.868,1.08,8,8
HD 142373_1,2.2472294044030563,0.10856108721230487,HD 142373,0.868,1.08,8,8
HD 142373_1,2.2490941590280844,0.10097136289694508,HD 142373,0.868,1.08,8,8
HD 142373_1,2.252345858660397,0.09824272876308753,HD 142373,0.868,1.08,8,8
HD 142373_1,2.26012925117285,0.09853324568696001,HD 142373,0.868,1.08,8,8
HD 142373_1,2.2545046110552516,0.10570581945832308,HD 142373,0.868,1.08,8,8
HD 142373_1,2.241983538417651,0.1009236084600163,HD 142373,0.868,1.08,8,8
HD 142373_1,2.2495252368598093,0.10615523525938131,HD 142373,0.868,1.08,8,8
HD 142373_1,2.248303626779432,0.09678244970726455,HD 142373,0.868,1.08,8,8
HD 142373_1,2.2579440493025715,0.1007070980377961,HD 142373,0.868,1.08,8,8
HD 142373_1,2.2441049813649774,0.10155184304477628,HD 142373,0.868,1.08,8,8
HD 142373_1,2.2573574458903014,0.10832545596820796,HD 142373,0.868,1.08,8,8
HD 142373_1,2.251301359683052,0.10063087737356265,HD 142373,0.868,1.08,8,8
HD 142373_1,2.2517498745665145,0.09041992535261573,HD 142373,0.868,1.08,8,8
HD 142373_1,2.2600485102639025,0.12100490012634944,HD 142373,0.868,1.08,8,8
HD 142373_1,2.2487087350064527,0.10709016599702248,HD 142373,0.868,1.08,8,8
HD 142373_1,2.257923797058772,0.10742905233440475,HD 142373,0.868,1.08,8,8
HD 142373_1,2.2497823145697433,0.10991996083661962,HD 142373,0.868,1.08,8,8
HD 142373_1,2.259151976467511,0.09473112426507445,HD 142373,0.868,1.08,8,8
HD 142373_1,2.2514266274151717,0.10799016530477708,HD 142373,0.868,1.08,8,8
HD 142373_1,2.2533447413140113,0.0976087442492522,HD 142373,0.868,1.08,8,8
HD 142373_1,2.25755004516062,0.09982829649495897,HD 142373,0.868,1.08,8,8
HD 142373_1,2.251495156922264,0.11009377916758674,HD 142373,0.868,1.08,8,8
HD 142373_1,2.2617536561208746,0.09583119385377095,HD 142373,0.868,1.08,8,8
HD 142373_1,2.2518188010721425,0.10500281777987384,HD 142373,0.868,1.08,8,8
HD 142373_1,2.2595126574055193,0.09988262498548818,HD 142373,0.868,1.08,8,8
HD 142373_1,2.249325090559669,0.11300704915355818,HD 142373,0.868,1.08,8,8
HD 142373_1,2.254415766994927,0.10308447526859649,HD 142373,0.868,1.08,8,8
HD 142373_1,2.24950979676985,0.10098620583979187,HD 142373,0.868,1.08,8,8
HD 142373_1,2.253112117180732,0.10211060601680387,HD 142373,0.868,1.08,8,8
HD 142373_1,2.2488062687326393,0.10434908649740071,HD 142373,0.868,1.08,8,8
HD 142373_1,2.2538254369315944,0.11329548526002421,HD 142373,0.868,1.08,8,8
HD 142373_1,2.249482347243883,0.10112667496893328,HD 142373,0.868,1.08,8,8
HD 142373_1,2.2403719302713094,0.09895945487247429,HD 142373,0.868,1.08,8,8
HD 142373_1,2.253126532050084,0.10711240719329498,HD 142373,0.868,1.08,8,8
HD 142373_1,2.2472085946700795,0.11670617050229887,HD 142373,0.868,1.08,8,8
HD 142373_1,2.2510787990367533,0.09527150146197472,HD 142373,0.868,1.08,8,8
HD 142373_1,2.2574595962381574,0.10034802755629973,HD 142373,0.868,1.08,8,8
HD 142373_1,2.2468967904668555,0.09932566428288903,HD 142373,0.868,1.08,8,8
HD 142373_1,2.253559571807242,0.1109714491527617,HD 142373,0.868,1.08,8,8
HD 142373_1,2.254477814523303,0.1066444025603636,HD 142373,0.868,1.08,8,8
HD 142373_1,2.2553613091796456,0.09620259258927506,HD 142373,0.868,1.08,8,8
HD 142373_1,2.2433171853099387,0.09110551610766303,HD 142373,0.868,1.08,8,8
HD 142373_1,2.2499399172729815,0.09583629216720747,HD 142373,0.868,1.08,8,8
HD 142373_1,2.260399474796695,0.10183239687867522,HD 142373,0.868,1.08,8,8
HD 142373_1,2.253402052826028,0.10550331438513189,HD 142373,0.868,1.08,8,8
HD 142373_1,2.2505701779436005,0.10965831590692396,HD 142373,0.868,1.08,8,8
HD 142373_1,2.2494988935642963,0.1130885711745643,HD 142373,0.868,1.08,8,8
HD 142373_1,2.2550743083540614,0.10994069721242684,HD 142373,0.868,1.08,8,8
HD 142373_1,2.2475811619535637,0.09539479431037923,HD 142373,0.868,1.08,8,8
HD 142373_1,2.2481678579755875,0.09967640334975918,HD 142373,0.868,1.08,8,8
HD 142373_1,2.2402321902012723,0.10500116609262365,HD 142373,0.868,1.08,8,8
HD 142373_1,2.252449241611192,0.11772870041370107,HD 142373,0.868,1.08,8,8
HD 142373_1,2.2536316846980267,0.10663483516712476,HD 142373,0.868,1.08,8,8
HD 142373_1,2.249355602927786,0.1084406875082088,HD 142373,0.868,1.08,8,8
HD 142373_1,2.2552130985069545,0.11419018953837085,HD 142373,0.868,1.08,8,8
HD 142373_1,2.259250672495606,0.10682601881880606,HD 142373,0.868,1.08,8,8
HD 142373_1,2.2519160870550055,0.10112875077178926,HD 142373,0.868,1.08,8,8
HD 142373_1,2.259049516099131,0.10780870518114868,HD 142373,0.868,1.08,8,8
HD 142373_1,2.2563210621198264,0.10390867847593077,HD 142373,0.868,1.08,8,8
HD 142373_1,2.244339618639135,0.11402272351297238,HD 142373,0.868,1.08,8,8
HD 142373_1,2.256062625821462,0.11098398436903821,HD 142373,0.868,1.08,8,8
HD 142373_1,2.2528026758521658,0.1012660484159756,HD 142373,0.868,1.08,8,8
HD 142373_1,2.25514588246815,0.10524949408397156,HD 142373,0.868,1.08,8,8
HD 142373_1,2.25510731322566,0.10581847929323128,HD 142373,0.868,1.08,8,8
HD 142373_1,2.245189913844685,0.1077567456850833,HD 142373,0.868,1.08,8,8
HD 142373_1,2.2544989487362224,0.08971869964069282,HD 142373,0.868,1.08,8,8
HD 142373_1,2.2466710648131794,0.11120624983724514,HD 142373,0.868,1.08,8,8
HD 142373_1,2.254321489914484,0.11122725487851212,HD 142373,0.868,1.08,8,8
HD 142373_1,2.2464534066020554,0.09569319946988583,HD 142373,0.868,1.08,8,8
HD 142373_1,2.2583877005654887,0.10869429270233985,HD 142373,0.868,1.08,8,8
HD 142373_1,2.2508648724208933,0.10041232516063477,HD 142373,0.868,1.08,8,8
HD 142373_1,2.256184912839857,0.10038393732330986,HD 142373,0.868,1.08,8,8
HD 142373_1,2.2563462102671705,0.0976001391332999,HD 142373,0.868,1.08,8,8
HD 142373_1,2.2525400228628882,0.10278082789234382,HD 142373,0.868,1.08,8,8
HD 142373_1,2.2552500142019793,0.1150261731706627,HD 142373,0.868,1.08,8,8
HD 142373_1,2.2513936665285144,0.10597406113874529,HD 142373,0.868,1.08,8,8
HD 142373_1,2.2477883018137077,0.08546246299752241,HD 142373,0.868,1.08,8,8
HD 142373_1,2.2452059368021713,0.10585793665431498,HD 142373,0.868,1.08,8,8
HD 142373_1,2.24773520820049,0.10454669005805249,HD 142373,0.868,1.08,8,8
HD 142373_1,2.2562661079787554,0.1100401524528514,HD 142373,0.868,1.08,8,8
HD 142373_1,2.252624300213004,0.08603881624681183,HD 142373,0.868,1.08,8,8
HD 142373_1,2.254903088737318,0.1009274389430754,HD 142373,0.868,1.08,8,8
HD 142373_1,2.2533327973709842,0.09664563459281413,HD 142373,0.868,1.08,8,8
HD 142373_1,2.2578511402993104,0.11134216576844512,HD 142373,0.868,1.08,8,8
HD 142373_1,2.248201717082645,0.09843411023200821,HD 142373,0.868,1.08,8,8
HD 142373_1,2.244927652038349,0.09819946350861476,HD 142373,0.868,1.08,8,8
HD 142373_1,2.251051107862224,0.1161546330760804,HD 142373,0.868,1.08,8,8
HD 142373_1,2.2485851220006783,0.11569368283627762,HD 142373,0.868,1.08,8,8
HD 142373_1,2.255907976268397,0.10882119668317344,HD 142373,0.868,1.08,8,8
HD 142373_1,2.2483122860428044,0.09951282073331262,HD 142373,0.868,1.08,8,8
HD 142373_1,2.24804369353835,0.11176541711104819,HD 142373,0.868,1.08,8,8
HD 142373_1,2.2553081814371483,0.10664912049603201,HD 142373,0.868,1.08,8,8
HD 142373_1,2.2503611467145594,0.11681268003527887,HD 142373,0.868,1.08,8,8
HD 142373_1,2.252752688068259,0.10916874339202354,HD 142373,0.868,1.08,8,8
HD 142373_1,2.2496675039231713,0.09960636827953993,HD 142373,0.868,1.08,8,8
HD 142373_1,2.2513270053793626,0.10228065863697233,HD 142373,0.868,1.08,8,8
HD 142373_1,2.2545084248096625,0.0937613103775205,HD 142373,0.868,1.08,8,8
HD 142373_1,2.2466941842177666,0.09581096401536685,HD 142373,0.868,1.08,8,8
HD 142373_1,2.253996695706579,0.10825503646494768,HD 142373,0.868,1.08,8,8
HD 142373_1,2.2602016769281734,0.1032005783882825,HD 142373,0.868,1.08,8,8
HD 142373_1,2.2579979260756273,0.10703121493452347,HD 142373,0.868,1.08,8,8
HD 142373_1,2.2524237941813374,0.11238034572432799,HD 142373,0.868,1.08,8,8
HD 142373_1,2.2485287169522636,0.10498255160824366,HD 142373,0.868,1.08,8,8
HD 142373_1,2.24332857892319,0.09907266085447111,HD 142373,0.868,1.08,8,8
HD 142373_1,2.245711612603587,0.10224491375543594,HD 142373,0.868,1.08,8,8
HD 142373_1,2.2580289338495074,0.09907370450785064,HD 142373,0.868,1.08,8,8
HD 142373_1,2.262479729591676,0.12233596556377069,HD 142373,0.868,1.08,8,8
HD 142373_1,2.256054076053247,0.10595521067010973,HD 142373,0.868,1.08,8,8
HD 142373_1,2.250875144502002,0.0976938423831051,HD 142373,0.868,1.08,8,8
HD 142373_1,2.2527482664921816,0.10346884834366613,HD 142373,0.868,1.08,8,8
HD 142373_1,2.2560466771514083,0.09874908862451401,HD 142373,0.868,1.08,8,8
HD 142373_1,2.254996751375967,0.10383111596063997,HD 142373,0.868,1.08,8,8
HD 142373_1,2.249992210464831,0.10667809101295592,HD 142373,0.868,1.08,8,8
HD 142373_1,2.2523369272878915,0.11070207684356678,HD 142373,0.868,1.08,8,8
HD 142373_1,2.250309172591706,0.11731584823126852,HD 142373,0.868,1.08,8,8
HD 142373_1,2.2502333154622134,0.10566013223198732,HD 142373,0.868,1.08,8,8
HD 142373_1,2.2429492805552362,0.10474312710875111,HD 142373,0.868,1.08,8,8
HD 142373_1,2.2477639884057394,0.09410848042045869,HD 142373,0.868,1.08,8,8
HD 142373_1,2.255707362103395,0.10900890964087878,HD 142373,0.868,1.08,8,8
HD 142373_1,2.247581957600669,0.11354284950658244,HD 142373,0.868,1.08,8,8
HD 142373_1,2.2597020859944825,0.10533914939127019,HD 142373,0.868,1.08,8,8
HD 142373_1,2.2554334970202166,0.11706619458059993,HD 142373,0.868,1.08,8,8
HD 142373_1,2.2456647527010594,0.08979679286328607,HD 142373,0.868,1.08,8,8
HD 142373_1,2.2605146470915103,0.11470743878599775,HD 142373,0.868,1.08,8,8
HD 142373_1,2.253573449864342,0.11748455244671373,HD 142373,0.868,1.08,8,8
HD 142373_1,2.250353804348732,0.11186447757315501,HD 142373,0.868,1.08,8,8
HD 142373_1,2.25131128612192,0.1180722514080525,HD 142373,0.868,1.08,8,8
HD 142373_1,2.2546527085466046,0.09670968580217718,HD 142373,0.868,1.08,8,8
HD 142373_1,2.2516211857564232,0.11649602823382012,HD 142373,0.868,1.08,8,8
HD 142373_1,2.253530390142549,0.10215476628859294,HD 142373,0.868,1.08,8,8
HD 142373_1,2.2549418053923653,0.10758943377369296,HD 142373,0.868,1.08,8,8
HD 142373_1,2.2528329596530483,0.10346033417839737,HD 142373,0.868,1.08,8,8
HD 142373_1,2.252750493067118,0.0960547451914476,HD 142373,0.868,1.08,8,8
HD 142373_1,2.2563830186990983,0.0995173486256051,HD 142373,0.868,1.08,8,8
HD 142373_1,2.247094538025955,0.10140545100644374,HD 142373,0.868,1.08,8,8
HD 142373_1,2.2554584885974536,0.10400721797872951,HD 142373,0.868,1.08,8,8
HD 142373_1,2.261025216937346,0.10239428028067894,HD 142373,0.868,1.08,8,8
HD 142373_1,2.2518188010721425,0.10500281777987384,HD 142373,0.868,1.08,8,8
HD 142373_1,2.2469609069361436,0.09996949271477451,HD 142373,0.868,1.08,8,8
HD 142373_1,2.250665563096796,0.11674227302845686,HD 142373,0.868,1.08,8,8
HD 142373_1,2.245693505999257,0.10194516961513972,HD 142373,0.868,1.08,8,8
HD 142373_1,2.2500583518024526,0.10726642307125235,HD 142373,0.868,1.08,8,8
HD 142373_1,2.2472955593069917,0.10215567059919847,HD 142373,0.868,1.08,8,8
HD 142373_1,2.2516336450125114,0.10830758305494707,HD 142373,0.868,1.08,8,8
HD 142373_1,2.2438263261526776,0.08661555424077835,HD 142373,0.868,1.08,8,8
HD 142373_1,2.2596243599165637,0.12203904495890486,HD 142373,0.868,1.08,8,8
HD 142373_1,2.248241340893232,0.10143641158189096,HD 142373,0.868,1.08,8,8
HD 142373_1,2.254448179971153,0.11278201956235605,HD 142373,0.868,1.08,8,8
HD 142373_1,2.2453633119934637,0.11713960728088735,HD 142373,0.868,1.08,8,8
HD 142373_1,2.259264465036314,0.11478992555769596,HD 142373,0.868,1.08,8,8
HD 142373_1,2.257023526607824,0.11298371063854654,HD 142373,0.868,1.08,8,8
HD 142373_1,2.258667665342203,0.10772435422513946,HD 142373,0.868,1.08,8,8
HD 142373_1,2.2478969924364165,0.11199665124319605,HD 142373,0.868,1.08,8,8
HD 142373_1,2.2504760144040103,0.09220261018432509,HD 142373,0.868,1.08,8,8
HD 142373_1,2.2488959513565394,0.11770780888678437,HD 142373,0.868,1.08,8,8
HD 142373_1,2.2527809829122907,0.0979062907540765,HD 142373,0.868,1.08,8,8
HD 142373_1,2.2513019036430917,0.09365105967711895,HD 142373,0.868,1.08,8,8
HD 142373_1,2.2506244943744953,0.10061970559321255,HD 142373,0.868,1.08,8,8
HD 142373_1,2.259645772344195,0.09784479558897084,HD 142373,0.868,1.08,8,8
HD 142373_1,2.2522148164745035,0.1006631938611177,HD 142373,0.868,1.08,8,8
HD 142373_1,2.251740099722609,0.09948009335505623,HD 142373,0.868,1.08,8,8
HD 142373_1,2.2529837034867493,0.09792844608039852,HD 142373,0.868,1.08,8,8
HD 142373_1,2.2515572060879396,0.11192872222552587,HD 142373,0.868,1.08,8,8
HD 142373_1,2.2519226533470644,0.11024954316251837,HD 142373,0.868,1.08,8,8
HD 142373_1,2.253420219274621,0.10687836087546394,HD 142373,0.868,1.08,8,8
HD 142373_1,2.2552570850491214,0.10665405084854473,HD 142373,0.868,1.08,8,8
HD 142373_1,2.24787642500384,0.10050934058387616,HD 142373,0.868,1.08,8,8
HD 142373_1,2.263145144361454,0.10822810555419088,HD 142373,0.868,1.08,8,8
HD 142373_1,2.2552120998054703,0.10011045628825173,HD 142373,0.868,1.08,8,8
HD 142373_1,2.247011685278954,0.10395855392983178,HD 142373,0.868,1.08,8,8
HD 142373_1,2.2473710921486854,0.11150435715511402,HD 142373,0.868,1.08,8,8
HD 142373_1,2.253713961149136,0.10614229896812982,HD 142373,0.868,1.08,8,8
HD 142373_1,2.2460804677191217,0.10407626383829911,HD 142373,0.868,1.08,8,8
HD 142373_1,2.248404603931852,0.11639612375412893,HD 142373,0.868,1.08,8,8
HD 142373_1,2.256324614843813,0.09744762467085019,HD 142373,0.868,1.08,8,8
HD 142373_1,2.246591229041322,0.0972790075251239,HD 142373,0.868,1.08,8,8
HD 142373_1,2.2516165150132594,0.09865102159680689,HD 142373,0.868,1.08,8,8
HD 142373_1,2.2507441592979913,0.12167839681202727,HD 142373,0.868,1.08,8,8
HD 142373_1,2.2518383348281934,0.12441771487673552,HD 142373,0.868,1.08,8,8
HD 142373_1,2.254151766512901,0.10026878260392796,HD 142373,0.868,1.08,8,8
HD 142373_1,2.2488777284617876,0.11284092899068067,HD 142373,0.868,1.08,8,8
HD 142373_1,2.263138674147308,0.10213964493628415,HD 142373,0.868,1.08,8,8
HD 142373_1,2.2575477158356008,0.11403322154337975,HD 142373,0.868,1.08,8,8
HD 142373_1,2.257196642293219,0.11165663112179892,HD 142373,0.868,1.08,8,8
HD 142373_1,2.247373335096473,0.10131176035060996,HD 142373,0.868,1.08,8,8
HD 142373_1,2.2526174548074103,0.11332588125806971,HD 142373,0.868,1.08,8,8
HD 142373_1,2.2547679109100534,0.10335064182020189,HD 142373,0.868,1.08,8,8
HD 142373_1,2.2529487120245664,0.08828081071434105,HD 142373,0.868,1.08,8,8
HD 142373_1,2.247372687626387,0.08232140351744795,HD 142373,0.868,1.08,8,8
HD 142373_1,2.253172529396927,0.09892371221777344,HD 142373,0.868,1.08,8,8
HD 142373_1,2.250790787487583,0.10418863397057695,HD 142373,0.868,1.08,8,8
HD 142373_1,2.250268207361484,0.09348577496493184,HD 142373,0.868,1.08,8,8
HD 142373_1,2.259058452580693,0.0971259880271218,HD 142373,0.868,1.08,8,8
HD 142373_1,2.2470753466464277,0.09659396175880716,HD 142373,0.868,1.08,8,8
HD 142373_1,2.248063077368201,0.10253726409096417,HD 142373,0.868,1.08,8,8
HD 142373_1,2.252953774983533,0.10998626000516029,HD 142373,0.868,1.08,8,8
HD 142373_1,2.2616046849364313,0.10431366619176247,HD 142373,0.868,1.08,8,8
HD 142373_1,2.2472127016373613,0.10521170387197595,HD 142373,0.868,1.08,8,8
HD 142373_1,2.256884718663502,0.11517345216602974,HD 142373,0.868,1.08,8,8
HD 142373_1,2.2544343712425894,0.08821429046542431,HD 142373,0.868,1.08,8,8
HD 142373_1,2.2551634140678405,0.115298561249391,HD 142373,0.868,1.08,8,8
HD 142373_1,2.2528480367432833,0.09682612332114221,HD 142373,0.868,1.08,8,8
HD 142373_1,2.2450113493737747,0.11603503439257615,HD 142373,0.868,1.08,8,8
HD 142373_1,2.2569520801219647,0.10688607230598968,HD 142373,0.868,1.08,8,8
HD 142373_1,2.2500790774634973,0.11414289127634328,HD 142373,0.868,1.08,8,8
HD 142373_1,2.2537873812528706,0.11382067809434675,HD 142373,0.868,1.08,8,8
HD 142373_1,2.2502513892538842,0.09468926731342857,HD 142373,0.868,1.08,8,8
HD 142373_1,2.2507879976340046,0.11551334735942412,HD 142373,0.868,1.08,8,8
HD 142373_1,2.2541450354542234,0.11555031430591692,HD 142373,0.868,1.08,8,8
HD 142373_1,2.2604770520904096,0.11429774964942074,HD 142373,0.868,1.08,8,8
HD 142373_1,2.252053462814148,0.11461837707778519,HD 142373,0.868,1.08,8,8
HD 23249_0,3.935717080513172,0.039871287127055996,HD 23249,0.804,0.87,8,6
HD 23249_0,3.9467402058736303,0.04466916160716004,HD 23249,0.804,0.87,8,6
HD 23249_0,3.924463530246449,0.04097902683970468,HD 23249,0.804,0.87,8,6
HD 23249_0,3.9246871503541,0.0482285799967933,HD 23249,0.804,0.87,8,6
HD 23249_0,3.940922056089055,0.04543161197268114,HD 23249,0.804,0.87,8,6
HD 23249_0,3.937700243585475,0.03126560681656895,HD 23249,0.804,0.87,8,6
HD 23249_0,3.937831813169255,0.04292104074224656,HD 23249,0.804,0.87,8,6
HD 23249_0,3.943277264750339,0.04633756778516085,HD 23249,0.804,0.87,8,6
HD 23249_0,3.9371884193880518,0.035463650018105974,HD 23249,0.804,0.87,8,6
HD 23249_0,3.9189123319788846,0.04114088369122285,HD 23249,0.804,0.87,8,6
HD 23249_0,3.9351061016930347,0.042014088448220584,HD 23249,0.804,0.87,8,6
HD 23249_0,3.9253639898415096,0.03789867960797558,HD 23249,0.804,0.87,8,6
HD 23249_0,3.931840115365819,0.03190335146012353,HD 23249,0.804,0.87,8,6
HD 23249_0,3.9401041436333517,0.04507796781599674,HD 23249,0.804,0.87,8,6
HD 23249_0,3.936113585006159,0.03238765677657388,HD 23249,0.804,0.87,8,6
HD 23249_0,3.934436572954146,0.03912556238443833,HD 23249,0.804,0.87,8,6
HD 23249_0,3.9519241887016507,0.04161240937940484,HD 23249,0.804,0.87,8,6
HD 23249_0,3.932325174104209,0.03408726792614353,HD 23249,0.804,0.87,8,6
HD 23249_0,3.9388785497609233,0.042628609753944634,HD 23249,0.804,0.87,8,6
HD 23249_0,3.936662052097418,0.04060416518773328,HD 23249,0.804,0.87,8,6
HD 23249_0,3.938873596727524,0.0422340943906819,HD 23249,0.804,0.87,8,6
HD 23249_0,3.950645846577931,0.04002266424202779,HD 23249,0.804,0.87,8,6
HD 23249_0,3.9363615359608244,0.03371108843611452,HD 23249,0.804,0.87,8,6
HD 23249_0,3.9253087019520208,0.03769800106307644,HD 23249,0.804,0.87,8,6
HD 23249_0,3.935972945488115,0.04251260149440766,HD 23249,0.804,0.87,8,6
HD 23249_0,3.9417049075727486,0.038572287283094864,HD 23249,0.804,0.87,8,6
HD 23249_0,3.9332967672417154,0.03851433446398704,HD 23249,0.804,0.87,8,6
HD 23249_0,3.9536407690321496,0.032772280354747274,HD 23249,0.804,0.87,8,6
HD 23249_0,3.9297867270288016,0.0394091079475569,HD 23249,0.804,0.87,8,6
HD 23249_0,3.9403507354539373,0.03526249482858338,HD 23249,0.804,0.87,8,6
HD 23249_0,3.936309006714484,0.039186851324520176,HD 23249,0.804,0.87,8,6
HD 23249_0,3.9425969090783872,0.04488873258503123,HD 23249,0.804,0.87,8,6
HD 23249_0,3.9406878772772855,0.040871572311905795,HD 23249,0.804,0.87,8,6
HD 23249_0,3.9226240266835637,0.03855367636717596,HD 23249,0.804,0.87,8,6
HD 23249_0,3.9425782084715792,0.047334628339860185,HD 23249,0.804,0.87,8,6
HD 23249_0,3.938530564114013,0.029873834691132098,HD 23249,0.804,0.87,8,6
HD 23249_0,3.94754790814181,0.04918271967609068,HD 23249,0.804,0.87,8,6
HD 23249_0,3.9392585177474646,0.04042090797216276,HD 23249,0.804,0.87,8,6
HD 23249_0,3.938148702937778,0.04558557811803869,HD 23249,0.804,0.87,8,6
HD 23249_0,3.9292306674317374,0.03513368522722005,HD 23249,0.804,0.87,8,6
HD 23249_0,3.933315847985213,0.03548888638297354,HD 23249,0.804,0.87,8,6
HD 23249_0,3.956741275290907,0.044055043586559525,HD 23249,0.804,0.87,8,6
HD 23249_0,3.9470740031448748,0.04201011414831003,HD 23249,0.804,0.87,8,6
HD 23249_0,3.9435775864729266,0.043757318834597804,HD 23249,0.804,0.87,8,6
HD 23249_0,3.9391542380957625,0.04462415127231913,HD 23249,0.804,0.87,8,6
HD 23249_0,3.9383324218350646,0.042674103699880055,HD 23249,0.804,0.87,8,6
HD 23249_0,3.9361498247199,0.04766236196995649,HD 23249,0.804,0.87,8,6
HD 23249_0,3.93932189205861,0.03707184388159569,HD 23249,0.804,0.87,8,6
HD 23249_0,3.9414237040139546,0.034944393226836505,HD 23249,0.804,0.87,8,6
HD 23249_0,3.9457611783102853,0.04201148274459017,HD 23249,0.804,0.87,8,6
HD 23249_0,3.935291118014401,0.036880902791469425,HD 23249,0.804,0.87,8,6
HD 23249_0,3.933945913978519,0.0454208473597278,HD 23249,0.804,0.87,8,6
HD 23249_0,3.947465624861961,0.03593919294596649,HD 23249,0.804,0.87,8,6
HD 23249_0,3.930756458894904,0.036888446232978135,HD 23249,0.804,0.87,8,6
HD 23249_0,3.9315819168575747,0.04015973579204553,HD 23249,0.804,0.87,8,6
HD 23249_0,3.9372682112398945,0.03633921122568127,HD 23249,0.804,0.87,8,6
HD 23249_0,3.944438227641712,0.049625617678219304,HD 23249,0.804,0.87,8,6
HD 23249_0,3.9368802712769395,0.04018622770293917,HD 23249,0.804,0.87,8,6
HD 23249_0,3.9404605143515616,0.0458147994056365,HD 23249,0.804,0.87,8,6
HD 23249_0,3.9210103565974594,0.04148086675203289,HD 23249,0.804,0.87,8,6
HD 23249_0,3.9635787565319216,0.03933517693856046,HD 23249,0.804,0.87,8,6
HD 23249_0,3.929269089396744,0.042639787259727883,HD 23249,0.804,0.87,8,6
HD 23249_0,3.92856440157936,0.03592029952087237,HD 23249,0.804,0.87,8,6
HD 23249_0,3.9302409340391584,0.044955171127666275,HD 23249,0.804,0.87,8,6
HD 23249_0,3.938744843370407,0.046012300392627464,HD 23249,0.804,0.87,8,6
HD 23249_0,3.924491601881142,0.04093350085117126,HD 23249,0.804,0.87,8,6
HD 23249_0,3.9476837614752123,0.039367227962616096,HD 23249,0.804,0.87,8,6
HD 23249_0,3.9316013221320283,0.04455773561852067,HD 23249,0.804,0.87,8,6
HD 23249_0,3.942179298036015,0.041769597157894904,HD 23249,0.804,0.87,8,6
HD 23249_0,3.944184256790277,0.044972500101404224,HD 23249,0.804,0.87,8,6
HD 23249_0,3.9305531900867074,0.0484638089846451,HD 23249,0.804,0.87,8,6
HD 23249_0,3.9547053300642845,0.04218172256971824,HD 23249,0.804,0.87,8,6
HD 23249_0,3.935245951083911,0.04223213477352901,HD 23249,0.804,0.87,8,6
HD 23249_0,3.9449906373726136,0.04308589412497392,HD 23249,0.804,0.87,8,6
HD 23249_0,3.9387696217921144,0.04607149373135813,HD 23249,0.804,0.87,8,6
HD 23249_0,3.9190583754994686,0.03941540463216956,HD 23249,0.804,0.87,8,6
HD 23249_0,3.940108597473463,0.039344370119599736,HD 23249,0.804,0.87,8,6
HD 23249_0,3.930762002232052,0.04611841476672662,HD 23249,0.804,0.87,8,6
HD 23249_0,3.949704860852983,0.03733241868389781,HD 23249,0.804,0.87,8,6
HD 23249_0,3.9443429099668927,0.0388386217843458,HD 23249,0.804,0.87,8,6
HD 23249_0,3.9313947250084196,0.033763711310842444,HD 23249,0.804,0.87,8,6
HD 23249_0,3.9259581293326358,0.05157962286229177,HD 23249,0.804,0.87,8,6
HD 23249_0,3.9485736669814893,0.04583165608771016,HD 23249,0.804,0.87,8,6
HD 23249_0,3.9408036928563237,0.04252412899450764,HD 23249,0.804,0.87,8,6
HD 23249_0,3.94188959098644,0.05125776661962527,HD 23249,0.804,0.87,8,6
HD 23249_0,3.9296291930323517,0.03092772651048504,HD 23249,0.804,0.87,8,6
HD 23249_0,3.946784377470123,0.04428017039188467,HD 23249,0.804,0.87,8,6
HD 23249_0,3.939566085528923,0.04206739087827654,HD 23249,0.804,0.87,8,6
HD 23249_0,3.937650443899021,0.04592040138212924,HD 23249,0.804,0.87,8,6
HD 23249_0,3.927765389568869,0.03943525918742952,HD 23249,0.804,0.87,8,6
HD 23249_0,3.9436989964516282,0.04160851983446382,HD 23249,0.804,0.87,8,6
HD 23249_0,3.9342112139954915,0.041335885453698505,HD 23249,0.804,0.87,8,6
HD 23249_0,3.9297826284590514,0.04309101397158954,HD 23249,0.804,0.87,8,6
HD 23249_0,3.9368752387760706,0.04073854276112773,HD 23249,0.804,0.87,8,6
HD 23249_0,3.9456973806475877,0.040144451576689284,HD 23249,0.804,0.87,8,6
HD 23249_0,3.9510434526820335,0.04370268298323243,HD 23249,0.804,0.87,8,6
HD 23249_0,3.9497298930237292,0.03961300056569454,HD 23249,0.804,0.87,8,6
HD 23249_0,3.9421149291759665,0.0381215394127282,HD 23249,0.804,0.87,8,6
HD 23249_0,3.9401265814888804,0.04036653805236966,HD 23249,0.804,0.87,8,6
HD 23249_0,3.9347183441648785,0.03547189309934575,HD 23249,0.804,0.87,8,6
HD 23249_0,3.940415281758278,0.04331175333717292,HD 23249,0.804,0.87,8,6
HD 23249_0,3.929672218929461,0.036505009003461604,HD 23249,0.804,0.87,8,6
HD 23249_0,3.930347458662716,0.03297663325977572,HD 23249,0.804,0.87,8,6
HD 23249_0,3.9355967649061814,0.045297602274337094,HD 23249,0.804,0.87,8,6
HD 23249_0,3.927056829109044,0.04153379371670662,HD 23249,0.804,0.87,8,6
HD 23249_0,3.9331927788404184,0.04286761091563933,HD 23249,0.804,0.87,8,6
HD 23249_0,3.9273526089136634,0.031584809437240256,HD 23249,0.804,0.87,8,6
HD 23249_0,3.93330806591962,0.03753798690702021,HD 23249,0.804,0.87,8,6
HD 23249_0,3.944725844077929,0.03662166536803386,HD 23249,0.804,0.87,8,6
HD 23249_0,3.9362373068768153,0.03635294239839405,HD 23249,0.804,0.87,8,6
HD 23249_0,3.92844628227104,0.04240517511952158,HD 23249,0.804,0.87,8,6
HD 23249_0,3.9208984282100348,0.034164092711554295,HD 23249,0.804,0.87,8,6
HD 23249_0,3.932272293287888,0.03979548598688305,HD 23249,0.804,0.87,8,6
HD 23249_0,3.9470675792960934,0.04297807619126648,HD 23249,0.804,0.87,8,6
HD 23249_0,3.9410458475797223,0.040719024325239335,HD 23249,0.804,0.87,8,6
HD 23249_0,3.938814085257057,0.04710419363426323,HD 23249,0.804,0.87,8,6
HD 23249_0,3.9439108318157716,0.04744968880935354,HD 23249,0.804,0.87,8,6
HD 23249_0,3.929621083420913,0.05255753229184174,HD 23249,0.804,0.87,8,6
HD 23249_0,3.9437383073958374,0.03732332590894617,HD 23249,0.804,0.87,8,6
HD 23249_0,3.937155409657409,0.04220873628335627,HD 23249,0.804,0.87,8,6
HD 23249_0,3.9456000500312287,0.04414234705340166,HD 23249,0.804,0.87,8,6
HD 23249_0,3.938174936297031,0.03915357062112954,HD 23249,0.804,0.87,8,6
HD 23249_0,3.9345314431161245,0.04037447240492661,HD 23249,0.804,0.87,8,6
HD 23249_0,3.943542446538013,0.042841885137578084,HD 23249,0.804,0.87,8,6
HD 23249_0,3.9455383948872194,0.045753192307739124,HD 23249,0.804,0.87,8,6
HD 23249_0,3.9346106449893288,0.040122481549944855,HD 23249,0.804,0.87,8,6
HD 23249_0,3.9406953363424972,0.040519430261258656,HD 23249,0.804,0.87,8,6
HD 23249_0,3.9302493539510976,0.043455447624284445,HD 23249,0.804,0.87,8,6
HD 23249_0,3.9445316450057883,0.04197650440591209,HD 23249,0.804,0.87,8,6
HD 23249_0,3.936758556157301,0.038509748786598616,HD 23249,0.804,0.87,8,6
HD 23249_0,3.928528090919272,0.04465495211598295,HD 23249,0.804,0.87,8,6
HD 23249_0,3.941592606647033,0.0469260424374737,HD 23249,0.804,0.87,8,6
HD 23249_0,3.944470618195623,0.040516646760585855,HD 23249,0.804,0.87,8,6
HD 23249_0,3.9285513608100877,0.04062168375668877,HD 23249,0.804,0.87,8,6
HD 23249_0,3.936856700968412,0.041912690011048845,HD 23249,0.804,0.87,8,6
HD 23249_0,3.936955679797816,0.03773796370858115,HD 23249,0.804,0.87,8,6
HD 23249_0,3.9401124677630643,0.0384098700640656,HD 23249,0.804,0.87,8,6
HD 23249_0,3.954575618064884,0.03484458032642541,HD 23249,0.804,0.87,8,6
HD 23249_0,3.940086087109652,0.03848260411807388,HD 23249,0.804,0.87,8,6
HD 23249_0,3.9456443146319136,0.04122306669269246,HD 23249,0.804,0.87,8,6
HD 23249_0,3.9453658583489433,0.0410880906734869,HD 23249,0.804,0.87,8,6
HD 23249_0,3.946284456380423,0.04371633632318469,HD 23249,0.804,0.87,8,6
HD 23249_0,3.942208397711412,0.04290321576899191,HD 23249,0.804,0.87,8,6
HD 23249_0,3.942737462778498,0.039105507825160674,HD 23249,0.804,0.87,8,6
HD 23249_0,3.938151855884442,0.04682312869705843,HD 23249,0.804,0.87,8,6
HD 23249_0,3.943587718089136,0.034755850603606225,HD 23249,0.804,0.87,8,6
HD 23249_0,3.932641106238709,0.041778874666149955,HD 23249,0.804,0.87,8,6
HD 23249_0,3.940563156194059,0.037458895612815735,HD 23249,0.804,0.87,8,6
HD 23249_0,3.9359896549456344,0.03324483763092392,HD 23249,0.804,0.87,8,6
HD 23249_0,3.943526622185477,0.04857116983867928,HD 23249,0.804,0.87,8,6
HD 23249_0,3.9346860690945515,0.040143300221040505,HD 23249,0.804,0.87,8,6
HD 23249_0,3.936777556127325,0.044431513841911074,HD 23249,0.804,0.87,8,6
HD 23249_0,3.937535785075064,0.03978859002641641,HD 23249,0.804,0.87,8,6
HD 23249_0,3.928886547377151,0.041423264188547713,HD 23249,0.804,0.87,8,6
HD 23249_0,3.933783346488374,0.0473268183937462,HD 23249,0.804,0.87,8,6
HD 23249_0,3.928005863823048,0.04501940265359221,HD 23249,0.804,0.87,8,6
HD 23249_0,3.938142841950987,0.04612444149667247,HD 23249,0.804,0.87,8,6
HD 23249_0,3.9412180438318303,0.039852541376186226,HD 23249,0.804,0.87,8,6
HD 23249_0,3.9302137059682423,0.04154612589654948,HD 23249,0.804,0.87,8,6
HD 23249_0,3.9380046364310557,0.04044825232523316,HD 23249,0.804,0.87,8,6
HD 23249_0,3.9329495699035926,0.044193758037877916,HD 23249,0.804,0.87,8,6
HD 23249_0,3.9290902575303264,0.039618522183260375,HD 23249,0.804,0.87,8,6
HD 23249_0,3.9405220217908967,0.04229275927488366,HD 23249,0.804,0.87,8,6
HD 23249_0,3.9448012930903933,0.03310071593329141,HD 23249,0.804,0.87,8,6
HD 23249_0,3.9368867771924827,0.04050263611213933,HD 23249,0.804,0.87,8,6
HD 23249_0,3.954433235605732,0.04364554875993076,HD 23249,0.804,0.87,8,6
HD 23249_0,3.941646776050497,0.04586676654582729,HD 23249,0.804,0.87,8,6
HD 23249_0,3.940695215555358,0.03502044569453475,HD 23249,0.804,0.87,8,6
HD 23249_0,3.946084219638115,0.04661431370768343,HD 23249,0.804,0.87,8,6
HD 23249_0,3.935131219311708,0.039454586424271715,HD 23249,0.804,0.87,8,6
HD 23249_0,3.935333983298496,0.03771741027233122,HD 23249,0.804,0.87,8,6
HD 23249_0,3.9369794523144344,0.0467538255453118,HD 23249,0.804,0.87,8,6
HD 23249_0,3.933525224237476,0.0462863922149031,HD 23249,0.804,0.87,8,6
HD 23249_0,3.943677732992196,0.04733518726591228,HD 23249,0.804,0.87,8,6
HD 23249_0,3.922817280159955,0.0404886580212897,HD 23249,0.804,0.87,8,6
HD 23249_0,3.947700612146244,0.049981207920448606,HD 23249,0.804,0.87,8,6
HD 23249_0,3.9369310444726384,0.04023578466335899,HD 23249,0.804,0.87,8,6
HD 23249_0,3.9424931824000073,0.039907785358604037,HD 23249,0.804,0.87,8,6
HD 23249_0,3.9299920557382997,0.04416926526401704,HD 23249,0.804,0.87,8,6
HD 23249_0,3.9420921967340834,0.0398966933117511,HD 23249,0.804,0.87,8,6
HD 23249_0,3.9489110322359084,0.03794383672717569,HD 23249,0.804,0.87,8,6
HD 23249_0,3.9481305565929983,0.045927256277226366,HD 23249,0.804,0.87,8,6
HD 23249_0,3.9356255235443585,0.04179849218261728,HD 23249,0.804,0.87,8,6
HD 23249_0,3.9214615631208756,0.037725595156494734,HD 23249,0.804,0.87,8,6
HD 23249_0,3.9354437592908886,0.03466180931637686,HD 23249,0.804,0.87,8,6
HD 23249_0,3.9358141024511357,0.04620880165385202,HD 23249,0.804,0.87,8,6
HD 23249_0,3.9327857702910296,0.04842006541707307,HD 23249,0.804,0.87,8,6
HD 23249_0,3.9361455143554807,0.04306735829954856,HD 23249,0.804,0.87,8,6
HD 23249_0,3.938901724974202,0.04479860267655803,HD 23249,0.804,0.87,8,6
HD 23249_0,3.940035036189472,0.04523162151158411,HD 23249,0.804,0.87,8,6
HD 23249_0,3.9364954383938078,0.042006421499013624,HD 23249,0.804,0.87,8,6
HD 23249_0,3.9311926442997245,0.03701192523541632,HD 23249,0.804,0.87,8,6
HD 23249_0,3.93725054892441,0.044615072301869785,HD 23249,0.804,0.87,8,6
HD 23249_0,3.946796653316653,0.04630432063220042,HD 23249,0.804,0.87,8,6
HD 23249_0,3.946473651603952,0.05334729239370575,HD 23249,0.804,0.87,8,6
HD 23249_0,3.937148146381736,0.0349933475162489,HD 23249,0.804,0.87,8,6
HD 23249_0,3.9348847875559447,0.041720015468088255,HD 23249,0.804,0.87,8,6
HD 23249_0,3.940492276463629,0.041909434969053735,HD 23249,0.804,0.87,8,6
HD 23249_0,3.952771634693712,0.04926595084724567,HD 23249,0.804,0.87,8,6
HD 23249_0,3.942749502487133,0.04701811266998293,HD 23249,0.804,0.87,8,6
HD 23249_0,3.946065488775389,0.043093812023334,HD 23249,0.804,0.87,8,6
HD 23249_0,3.942956687069182,0.04905411388773451,HD 23249,0.804,0.87,8,6
HD 23249_0,3.9451223693640527,0.039929879672900626,HD 23249,0.804,0.87,8,6
HD 23249_0,3.9317401429967807,0.04071783954233634,HD 23249,0.804,0.87,8,6
HD 23249_0,3.952161530879586,0.04577230356127824,HD 23249,0.804,0.87,8,6
HD 23249_0,3.9280880797862556,0.0477117848701797,HD 23249,0.804,0.87,8,6
HD 23249_0,3.9318700713835804,0.041745080635643875,HD 23249,0.804,0.87,8,6
HD 23249_0,3.9435327595543788,0.04269199390519942,HD 23249,0.804,0.87,8,6
HD 23249_0,3.9320125624445765,0.043338187051762844,HD 23249,0.804,0.87,8,6
HD 23249_0,3.9412068877014805,0.047852812193868666,HD 23249,0.804,0.87,8,6
HD 23249_0,3.9434592573198284,0.04022092011069095,HD 23249,0.804,0.87,8,6
HD 23249_0,3.9483181182750973,0.04024346264859947,HD 23249,0.804,0.87,8,6
HD 23249_0,3.941269484775434,0.037885913769831255,HD 23249,0.804,0.87,8,6
HD 23249_0,3.9413976056958555,0.04734784418899891,HD 23249,0.804,0.87,8,6
HD 23249_0,3.9438202437541405,0.04632111989867277,HD 23249,0.804,0.87,8,6
HD 23249_0,3.9490160273227533,0.0381672046782401,HD 23249,0.804,0.87,8,6
HD 23249_0,3.939569997027296,0.040661354177534074,HD 23249,0.804,0.87,8,6
HD 23249_0,3.9456620644595017,0.04223601638787026,HD 23249,0.804,0.87,8,6
HD 23249_0,3.9249799546391966,0.04182202097433107,HD 23249,0.804,0.87,8,6
HD 23249_0,3.9337874271025863,0.03255058410230988,HD 23249,0.804,0.87,8,6
HD 23249_0,3.9259876640378457,0.03170066363253199,HD 23249,0.804,0.87,8,6
HD 23249_0,3.932371352268674,0.04001543324790219,HD 23249,0.804,0.87,8,6
HD 23249_0,3.9444794806447367,0.04063886807043593,HD 23249,0.804,0.87,8,6
HD 23249_0,3.944228743512807,0.044679291029395836,HD 23249,0.804,0.87,8,6
HD 23249_0,3.9409566705647645,0.04272945720225819,HD 23249,0.804,0.87,8,6
HD 23249_0,3.936980744729813,0.052026316596006206,HD 23249,0.804,0.87,8,6
HD 23249_0,3.930097137831371,0.04441775293845814,HD 23249,0.804,0.87,8,6
HD 23249_0,3.9414110987489424,0.04578632190480656,HD 23249,0.804,0.87,8,6
HD 23249_0,3.930411639091579,0.03959472743172715,HD 23249,0.804,0.87,8,6
HD 23249_0,3.9448623773416798,0.043730356353940944,HD 23249,0.804,0.87,8,6
HD 23249_0,3.9266797575184356,0.047801098782892855,HD 23249,0.804,0.87,8,6
HD 23249_0,3.942204669204199,0.046058662897467496,HD 23249,0.804,0.87,8,6
HD 23249_0,3.9275781081748593,0.03533213037817497,HD 23249,0.804,0.87,8,6
HD 23249_0,3.9391223590528384,0.0379961573551832,HD 23249,0.804,0.87,8,6
HD 23249_0,3.9536407690321496,0.032772280354747274,HD 23249,0.804,0.87,8,6
HD 23249_0,3.924190203949404,0.03825421041291941,HD 23249,0.804,0.87,8,6
HD 23249_0,3.939885828489296,0.04222394625999831,HD 23249,0.804,0.87,8,6
HD 23249_0,3.9300705890845524,0.042952052628681896,HD 23249,0.804,0.87,8,6
HD 23249_0,3.936781566832098,0.04288084536705599,HD 23249,0.804,0.87,8,6
HD 23249_0,3.9351312306927895,0.04459503423369118,HD 23249,0.804,0.87,8,6
HD 23249_0,3.9342002153752746,0.03415141020797517,HD 23249,0.804,0.87,8,6
HD 23249_0,3.9427399776943735,0.04565081212293573,HD 23249,0.804,0.87,8,6
HD 23249_0,3.944897100513986,0.04125751027997505,HD 23249,0.804,0.87,8,6
HD 23249_0,3.9436286109960035,0.04317357550213243,HD 23249,0.804,0.87,8,6
HD 23249_0,3.9257938871980067,0.04132733242919759,HD 23249,0.804,0.87,8,6
HD 23249_0,3.9414991279307987,0.04016582680182394,HD 23249,0.804,0.87,8,6
HD 23249_0,3.931652000164935,0.04367778078401053,HD 23249,0.804,0.87,8,6
HD 23249_0,3.936045786651782,0.03854566873861039,HD 23249,0.804,0.87,8,6
HD 23249_0,3.947818646790786,0.03920294709484474,HD 23249,0.804,0.87,8,6
HD 23249_0,3.923107144981441,0.03368341048159006,HD 23249,0.804,0.87,8,6
HD 23249_0,3.9232287709785196,0.03749240820226356,HD 23249,0.804,0.87,8,6
HD 23249_0,3.9365086203153195,0.03254976681964449,HD 23249,0.804,0.87,8,6
HD 23249_0,3.9420648369921865,0.041219666844741217,HD 23249,0.804,0.87,8,6
HD 23249_0,3.9309107241061443,0.04494504478823318,HD 23249,0.804,0.87,8,6
HD 23249_0,3.9362310049034868,0.03707482239041312,HD 23249,0.804,0.87,8,6
HD 23249_0,3.9402249170978116,0.047052303744813236,HD 23249,0.804,0.87,8,6
HD 23249_0,3.939405266495977,0.03872428388290272,HD 23249,0.804,0.87,8,6
HD 23249_0,3.9280195428291904,0.04187706887846897,HD 23249,0.804,0.87,8,6
HD 23249_0,3.9273868736500286,0.0366383251208915,HD 23249,0.804,0.87,8,6
HD 23249_0,3.9410186312612345,0.0430245705614021,HD 23249,0.804,0.87,8,6
HD 23249_0,3.9400504082172896,0.04058160851121498,HD 23249,0.804,0.87,8,6
HD 23249_0,3.936500238134421,0.04704184047345206,HD 23249,0.804,0.87,8,6
HD 23249_0,3.933201639636913,0.044811280975246795,HD 23249,0.804,0.87,8,6
HD 23249_0,3.92939165165172,0.03999480351147745,HD 23249,0.804,0.87,8,6
HD 23249_0,3.933308033886748,0.03640391093542232,HD 23249,0.804,0.87,8,6
HD 23249_0,3.9278570086997675,0.040427590938335256,HD 23249,0.804,0.87,8,6
HD 23249_0,3.941578991060319,0.03787907801666599,HD 23249,0.804,0.87,8,6
HD 23249_0,3.9409342299597694,0.03705109573243568,HD 23249,0.804,0.87,8,6
HD 23249_0,3.9459742697354683,0.03622937024936619,HD 23249,0.804,0.87,8,6
HD 23249_0,3.936706106737241,0.04226095320416104,HD 23249,0.804,0.87,8,6
HD 23249_0,3.9258640632804034,0.040638647299032105,HD 23249,0.804,0.87,8,6
HD 23249_0,3.935281919835583,0.03960785155076705,HD 23249,0.804,0.87,8,6
HD 23249_0,3.9401664676796773,0.046560377891765245,HD 23249,0.804,0.87,8,6
HD 23249_0,3.9419020864207566,0.039108259844403345,HD 23249,0.804,0.87,8,6
HD 23249_0,3.9494052723393325,0.04350382098243366,HD 23249,0.804,0.87,8,6
HD 23249_0,3.9189949647591384,0.04429329725897753,HD 23249,0.804,0.87,8,6
HD 23249_0,3.9568163712825264,0.03884826201493905,HD 23249,0.804,0.87,8,6
HD 23249_0,3.945268470908667,0.03672349788967661,HD 23249,0.804,0.87,8,6
HD 23249_0,3.9428557912852145,0.045622793392389914,HD 23249,0.804,0.87,8,6
HD 23249_0,3.9328054589875037,0.05060368342061007,HD 23249,0.804,0.87,8,6
HD 23249_0,3.927263473146759,0.04260706238249617,HD 23249,0.804,0.87,8,6
HD 23249_0,3.938981813241495,0.034961883074802316,HD 23249,0.804,0.87,8,6
HD 23249_0,3.94694731062907,0.03935272666559872,HD 23249,0.804,0.87,8,6
HD 23249_0,3.9405822856367645,0.04068308558365309,HD 23249,0.804,0.87,8,6
HD 23249_0,3.9520842123275446,0.046856471398490016,HD 23249,0.804,0.87,8,6
HD 23249_0,3.9354651521752757,0.03682975537337111,HD 23249,0.804,0.87,8,6
HD 23249_0,3.949013010721245,0.04493048552975569,HD 23249,0.804,0.87,8,6
HD 23249_0,3.937963573860414,0.04260285100183616,HD 23249,0.804,0.87,8,6
HD 23249_0,3.93833992434189,0.04487828023034597,HD 23249,0.804,0.87,8,6
HD 23249_0,3.9460520472276848,0.04530891876886741,HD 23249,0.804,0.87,8,6
HD 23249_0,3.9230040888655995,0.041707362792675055,HD 23249,0.804,0.87,8,6
HD 23249_0,3.941687973543043,0.0414174372984883,HD 23249,0.804,0.87,8,6
HD 23249_0,3.942119524543816,0.03382247228189449,HD 23249,0.804,0.87,8,6
HD 23249_0,3.935638945669166,0.04576172543988728,HD 23249,0.804,0.87,8,6
HD 23249_0,3.9426056799179103,0.04002352861317095,HD 23249,0.804,0.87,8,6
HD 23249_0,3.9305095242801555,0.04029237406840869,HD 23249,0.804,0.87,8,6
HD 23249_0,3.941419800022941,0.040337085109587424,HD 23249,0.804,0.87,8,6
HD 23249_0,3.943163588118986,0.04206897336320216,HD 23249,0.804,0.87,8,6
HD 23249_0,3.9377624808549974,0.038951053104029326,HD 23249,0.804,0.87,8,6
HD 23249_0,3.945068107533694,0.03990742661202154,HD 23249,0.804,0.87,8,6
HD 23249_0,3.927602590759098,0.04459625354054444,HD 23249,0.804,0.87,8,6
HD 23249_0,3.9244216231315048,0.03731130489664719,HD 23249,0.804,0.87,8,6
HD 23249_0,3.9463065205218615,0.04241836824962216,HD 23249,0.804,0.87,8,6
HD 23249_0,3.9540241470211632,0.03833974780484413,HD 23249,0.804,0.87,8,6
HD 23249_0,3.9315869311463727,0.04237590582588547,HD 23249,0.804,0.87,8,6
HD 23249_0,3.9478883419975292,0.03839930490785195,HD 23249,0.804,0.87,8,6
HD 23249_0,3.9330330815621894,0.04833949432862282,HD 23249,0.804,0.87,8,6
HD 23249_0,3.944165351619971,0.04144704046473946,HD 23249,0.804,0.87,8,6
HD 23249_0,3.933983875746058,0.03408072276722615,HD 23249,0.804,0.87,8,6
HD 23249_0,3.919358514430503,0.0421287550816916,HD 23249,0.804,0.87,8,6
HD 23249_0,3.9341479431550344,0.03721462839109542,HD 23249,0.804,0.87,8,6
HD 23249_0,3.9397759940048775,0.046128168134696015,HD 23249,0.804,0.87,8,6
HD 23249_0,3.9331949710546277,0.041297500264067505,HD 23249,0.804,0.87,8,6
HD 23249_0,3.951129195252533,0.04554904512150828,HD 23249,0.804,0.87,8,6
HD 23249_0,3.9382571524161194,0.04347511136197263,HD 23249,0.804,0.87,8,6
HD 23249_0,3.9327444756952703,0.03991527917809282,HD 23249,0.804,0.87,8,6
HD 23249_0,3.927749262303255,0.038703903875231364,HD 23249,0.804,0.87,8,6
HD 23249_0,3.9347544152657914,0.03514085882151968,HD 23249,0.804,0.87,8,6
HD 23249_0,3.9345438134112376,0.04194063554844048,HD 23249,0.804,0.87,8,6
HD 23249_0,3.951670725841649,0.04028266136652094,HD 23249,0.804,0.87,8,6
HD 23249_0,3.939268635005532,0.03313190753333595,HD 23249,0.804,0.87,8,6
HD 23249_0,3.9420824180846283,0.03793071121755257,HD 23249,0.804,0.87,8,6
HD 23249_0,3.9288147438510066,0.037757845331597296,HD 23249,0.804,0.87,8,6
HD 23249_0,3.9389744759952,0.04096336736509756,HD 23249,0.804,0.87,8,6
HD 23249_0,3.9419454596900327,0.046463193334935364,HD 23249,0.804,0.87,8,6
HD 23249_0,3.928412100694012,0.0394016172532715,HD 23249,0.804,0.87,8,6
HD 23249_0,3.9410291844161396,0.03998312916084403,HD 23249,0.804,0.87,8,6
HD 23249_0,3.9307780339814746,0.038145946675806786,HD 23249,0.804,0.87,8,6
HD 23249_0,3.937311189805727,0.04715825840114683,HD 23249,0.804,0.87,8,6
HD 23249_0,3.9446385710913843,0.04119331893755445,HD 23249,0.804,0.87,8,6
HD 23249_0,3.9404182675313684,0.04205476774188153,HD 23249,0.804,0.87,8,6
HD 23249_0,3.949166210866732,0.044951550595145405,HD 23249,0.804,0.87,8,6
HD 23249_0,3.9405480817966283,0.041259450157512985,HD 23249,0.804,0.87,8,6
HD 23249_0,3.9517878471779326,0.042543929627208134,HD 23249,0.804,0.87,8,6
HD 23249_0,3.939219404880887,0.03980047005300336,HD 23249,0.804,0.87,8,6
HD 23249_0,3.935284464174849,0.04519163911778438,HD 23249,0.804,0.87,8,6
HD 23249_0,3.939619334773933,0.033267858475786456,HD 23249,0.804,0.87,8,6
HD 23249_0,3.9250486275182914,0.0361872337707006,HD 23249,0.804,0.87,8,6
HD 23249_0,3.9440718617311608,0.04514947062854339,HD 23249,0.804,0.87,8,6
HD 23249_0,3.9354999444048517,0.04067684166094879,HD 23249,0.804,0.87,8,6
HD 23249_0,3.946822647297781,0.03862357541352311,HD 23249,0.804,0.87,8,6
HD 23249_0,3.936126056782499,0.03552268672232052,HD 23249,0.804,0.87,8,6
HD 23249_0,3.9383703784630737,0.037418820440691405,HD 23249,0.804,0.87,8,6
HD 23249_0,3.9391091473082294,0.03940453244535189,HD 23249,0.804,0.87,8,6
HD 23249_0,3.935683914220692,0.03788059672777656,HD 23249,0.804,0.87,8,6
HD 23249_0,3.9477576684640665,0.04343517905686507,HD 23249,0.804,0.87,8,6
HD 23249_0,3.9436462237832335,0.039584108277753605,HD 23249,0.804,0.87,8,6
HD 23249_0,3.9346240651311355,0.04629604400792683,HD 23249,0.804,0.87,8,6
HD 23249_0,3.9320942474502765,0.04286163604487615,HD 23249,0.804,0.87,8,6
HD 23249_0,3.938757532357728,0.03755065465752783,HD 23249,0.804,0.87,8,6
HD 23249_0,3.933164440414767,0.038623263726422566,HD 23249,0.804,0.87,8,6
HD 23249_0,3.928023825816053,0.03266532060255926,HD 23249,0.804,0.87,8,6
HD 23249_0,3.9411031032780195,0.04496233580452028,HD 23249,0.804,0.87,8,6
HD 23249_0,3.9247808509129416,0.03784646594153003,HD 23249,0.804,0.87,8,6
HD 23249_0,3.9394713838118096,0.0394388260186182,HD 23249,0.804,0.87,8,6
HD 23249_0,3.9298130484485045,0.041560132862095,HD 23249,0.804,0.87,8,6
HD 23249_0,3.932178593990604,0.037340109190512914,HD 23249,0.804,0.87,8,6
HD 23249_0,3.9332716134481736,0.043653940201641414,HD 23249,0.804,0.87,8,6
HD 23249_0,3.9338090320814705,0.03204378044485034,HD 23249,0.804,0.87,8,6
HD 23249_0,3.928479659632899,0.03979217500080782,HD 23249,0.804,0.87,8,6
HD 23249_0,3.925981774965189,0.04581780322519231,HD 23249,0.804,0.87,8,6
HD 23249_0,3.9386399706159794,0.03770287618676352,HD 23249,0.804,0.87,8,6
HD 23249_0,3.923954873812414,0.035303598183814004,HD 23249,0.804,0.87,8,6
HD 23249_0,3.9453508813232068,0.03787490978401706,HD 23249,0.804,0.87,8,6
HD 23249_0,3.948429729966489,0.039458208082944646,HD 23249,0.804,0.87,8,6
HD 23249_0,3.931188160576602,0.04054621253264707,HD 23249,0.804,0.87,8,6
HD 23249_0,3.9412656854812917,0.03944090862098552,HD 23249,0.804,0.87,8,6
HD 23249_0,3.923167426022432,0.04090206452255145,HD 23249,0.804,0.87,8,6
HD 23249_0,3.9453925165660033,0.04709723522703202,HD 23249,0.804,0.87,8,6
HD 23249_0,3.946476194499067,0.03995187505129812,HD 23249,0.804,0.87,8,6
HD 23249_0,3.940486518061038,0.04322881280441932,HD 23249,0.804,0.87,8,6
HD 23249_0,3.94160902601396,0.03761728021971075,HD 23249,0.804,0.87,8,6
HD 23249_0,3.9377150226730206,0.035034141728699404,HD 23249,0.804,0.87,8,6
HD 23249_0,3.9351119383944195,0.03794816533463164,HD 23249,0.804,0.87,8,6
HD 23249_0,3.9328714731116365,0.037828726036894515,HD 23249,0.804,0.87,8,6
HD 23249_0,3.9306459464375556,0.03950975238155375,HD 23249,0.804,0.87,8,6
HD 23249_0,3.928040862580567,0.04307714342314468,HD 23249,0.804,0.87,8,6
HD 23249_0,3.945249048381369,0.03676741672429721,HD 23249,0.804,0.87,8,6
HD 23249_0,3.9512365518205934,0.03718214284099853,HD 23249,0.804,0.87,8,6
HD 23249_0,3.950465708039617,0.044665738551112937,HD 23249,0.804,0.87,8,6
HD 23249_0,3.937252083782547,0.03464361195777532,HD 23249,0.804,0.87,8,6
HD 23249_0,3.9392445837079006,0.036174808711015534,HD 23249,0.804,0.87,8,6
HD 23249_0,3.9445223931059905,0.04012811196046714,HD 23249,0.804,0.87,8,6
HD 23249_0,3.937049970006175,0.04034748144098051,HD 23249,0.804,0.87,8,6
HD 23249_0,3.963802963532536,0.04705460835771826,HD 23249,0.804,0.87,8,6
HD 23249_0,3.9498733306960263,0.04026048057025272,HD 23249,0.804,0.87,8,6
HD 23249_0,3.9281225178428363,0.03547942629690038,HD 23249,0.804,0.87,8,6
HD 23249_0,3.9412660551776035,0.047290165682276716,HD 23249,0.804,0.87,8,6
HD 23249_0,3.924240386239288,0.04285305573410124,HD 23249,0.804,0.87,8,6
HD 23249_0,3.9321386156967786,0.04181070184526105,HD 23249,0.804,0.87,8,6
HD 23249_0,3.944702941753287,0.04192869185871321,HD 23249,0.804,0.87,8,6
HD 23249_0,3.943205350680926,0.04410694673658678,HD 23249,0.804,0.87,8,6
HD 23249_0,3.9484952294731324,0.04646553213661234,HD 23249,0.804,0.87,8,6
HD 23249_0,3.9202038960529353,0.043874379419240335,HD 23249,0.804,0.87,8,6
HD 23249_0,3.9367225956112524,0.038565659713344386,HD 23249,0.804,0.87,8,6
HD 23249_0,3.936974554872636,0.04424955816669785,HD 23249,0.804,0.87,8,6
HD 23249_0,3.9404616181511174,0.04050268257776132,HD 23249,0.804,0.87,8,6
HD 23249_0,3.9360116528743836,0.03746617300098484,HD 23249,0.804,0.87,8,6
HD 23249_0,3.9495092507372167,0.037013061073270695,HD 23249,0.804,0.87,8,6
HD 23249_0,3.926780502728879,0.03944085461778122,HD 23249,0.804,0.87,8,6
HD 23249_0,3.9337975569472414,0.04000782881969004,HD 23249,0.804,0.87,8,6
HD 23249_0,3.9342400676661087,0.04110105554961309,HD 23249,0.804,0.87,8,6
HD 23249_0,3.942040376314501,0.046099240371939784,HD 23249,0.804,0.87,8,6
HD 23249_0,3.9313900616076225,0.043103027558094996,HD 23249,0.804,0.87,8,6
HD 23249_0,3.939008983516174,0.04430015825305968,HD 23249,0.804,0.87,8,6
HD 23249_0,3.922681688456942,0.0305774754377757,HD 23249,0.804,0.87,8,6
HD 23249_0,3.9443497677325094,0.04062991078274624,HD 23249,0.804,0.87,8,6
HD 23249_0,3.9510073015626332,0.04298659149352297,HD 23249,0.804,0.87,8,6
HD 23249_0,3.9250859217267147,0.029863406883386807,HD 23249,0.804,0.87,8,6
HD 23249_0,3.947404784119256,0.04529394311299619,HD 23249,0.804,0.87,8,6
HD 23249_0,3.933273440760193,0.03483786056348941,HD 23249,0.804,0.87,8,6
HD 23249_0,3.9378063114556365,0.038145181739305103,HD 23249,0.804,0.87,8,6
HD 23249_0,3.923935667023879,0.03922154177220354,HD 23249,0.804,0.87,8,6
HD 23249_0,3.929233404629255,0.03674847442617407,HD 23249,0.804,0.87,8,6
HD 23249_0,3.9384646983497933,0.040650755089003135,HD 23249,0.804,0.87,8,6
HD 23249_0,3.938840817594031,0.03853119980055757,HD 23249,0.804,0.87,8,6
HD 23249_0,3.934889835691675,0.0394966546792515,HD 23249,0.804,0.87,8,6
HD 23249_0,3.9381038125939103,0.031081023216400848,HD 23249,0.804,0.87,8,6
HD 23249_0,3.9388817224656827,0.038314975970419544,HD 23249,0.804,0.87,8,6
HD 23249_0,3.952930093654161,0.04459555080071075,HD 23249,0.804,0.87,8,6
HD 23249_0,3.9508750836435342,0.037987952728591574,HD 23249,0.804,0.87,8,6
HD 23249_0,3.94671387773292,0.03973891572078378,HD 23249,0.804,0.87,8,6
HD 23249_0,3.950754651172459,0.04192672821835102,HD 23249,0.804,0.87,8,6
HD 23249_0,3.9320845955427064,0.043732131895753056,HD 23249,0.804,0.87,8,6
HD 23249_0,3.941090134571596,0.04359595174744586,HD 23249,0.804,0.87,8,6
HD 23249_0,3.939433248581626,0.04620734989336875,HD 23249,0.804,0.87,8,6
HD 23249_0,3.9385400540700166,0.041046576439673035,HD 23249,0.804,0.87,8,6
HD 23249_0,3.951314359752377,0.04295922652959399,HD 23249,0.804,0.87,8,6
HD 23249_0,3.932455474762207,0.04393082799153227,HD 23249,0.804,0.87,8,6
HD 23249_0,3.9300836127253103,0.04020478259600121,HD 23249,0.804,0.87,8,6
HD 23249_0,3.929195933128804,0.03939275139389209,HD 23249,0.804,0.87,8,6
HD 23249_0,3.9406796540445126,0.03070397244076005,HD 23249,0.804,0.87,8,6
HD 23249_0,3.928105901291176,0.041103314620745936,HD 23249,0.804,0.87,8,6
HD 23249_0,3.9424045990102745,0.05056129848782791,HD 23249,0.804,0.87,8,6
HD 23249_0,3.938760270007594,0.04054589783107291,HD 23249,0.804,0.87,8,6
HD 23249_0,3.938284702759222,0.03455579427953862,HD 23249,0.804,0.87,8,6
HD 23249_0,3.9262444694042036,0.04082183664944028,HD 23249,0.804,0.87,8,6
HD 23249_0,3.925271988330001,0.038833324553180226,HD 23249,0.804,0.87,8,6
HD 23249_0,3.9255443121922595,0.03902480308587184,HD 23249,0.804,0.87,8,6
HD 23249_0,3.939014775754403,0.03906219261439003,HD 23249,0.804,0.87,8,6
HD 23249_0,3.9410344734910376,0.042241909035331704,HD 23249,0.804,0.87,8,6
HD 23249_0,3.9341999529299354,0.04185611199558499,HD 23249,0.804,0.87,8,6
HD 23249_0,3.9339098956898795,0.0445217041198903,HD 23249,0.804,0.87,8,6
HD 23249_0,3.930001615953473,0.040200371634172255,HD 23249,0.804,0.87,8,6
HD 23249_0,3.9242199545853094,0.04058650655167451,HD 23249,0.804,0.87,8,6
HD 23249_0,3.9362882440029137,0.040745387223474906,HD 23249,0.804,0.87,8,6
HD 23249_0,3.9390338810645584,0.04016368933336351,HD 23249,0.804,0.87,8,6
HD 23249_0,3.9400553570197916,0.03996352618832892,HD 23249,0.804,0.87,8,6
HD 23249_0,3.9417997009070507,0.03826543679326188,HD 23249,0.804,0.87,8,6
HD 23249_0,3.949754206424964,0.042462457531872236,HD 23249,0.804,0.87,8,6
HD 23249_0,3.942067484849995,0.03272680293983794,HD 23249,0.804,0.87,8,6
HD 23249_0,3.9388036407887177,0.04338287761253936,HD 23249,0.804,0.87,8,6
HD 23249_0,3.9398296733870497,0.036830979224764915,HD 23249,0.804,0.87,8,6
HD 23249_0,3.94218409922991,0.040849314563607964,HD 23249,0.804,0.87,8,6
HD 23249_0,3.933819903642189,0.04432233653476349,HD 23249,0.804,0.87,8,6
HD 23249_0,3.933478026899498,0.041323886183060765,HD 23249,0.804,0.87,8,6
HD 23249_0,3.9381632688198858,0.038790621297325696,HD 23249,0.804,0.87,8,6
HD 23249_0,3.9451825746706204,0.05092676074501558,HD 23249,0.804,0.87,8,6
HD 23249_0,3.9421209605703336,0.04339663976734439,HD 23249,0.804,0.87,8,6
HD 23249_0,3.936264024475157,0.04367815703812938,HD 23249,0.804,0.87,8,6
HD 23249_0,3.936942022405762,0.03923470453254966,HD 23249,0.804,0.87,8,6
HD 23249_0,3.9409194761259823,0.04607389846588197,HD 23249,0.804,0.87,8,6
HD 23249_0,3.93176796117327,0.03525077448303588,HD 23249,0.804,0.87,8,6
HD 23249_0,3.935766106278087,0.0443511122179552,HD 23249,0.804,0.87,8,6
HD 23249_0,3.933396537388186,0.032471305096122345,HD 23249,0.804,0.87,8,6
HD 23249_0,3.933129714978185,0.03890575338820107,HD 23249,0.804,0.87,8,6
HD 23249_0,3.937562609586783,0.04642423423891343,HD 23249,0.804,0.87,8,6
HD 23249_0,3.9377336683409596,0.046425590084981365,HD 23249,0.804,0.87,8,6
HD 23249_0,3.946864495842739,0.03483902742011844,HD 23249,0.804,0.87,8,6
HD 23249_0,3.9362051365581854,0.04890036623691165,HD 23249,0.804,0.87,8,6
HD 23249_0,3.9464769540800386,0.03443717396377738,HD 23249,0.804,0.87,8,6
HD 23249_0,3.9230482237960884,0.035041249988937526,HD 23249,0.804,0.87,8,6
HD 23249_0,3.9478946976113174,0.03834295116865609,HD 23249,0.804,0.87,8,6
HD 23249_0,3.9512711595462897,0.039917131211245994,HD 23249,0.804,0.87,8,6
HD 23249_0,3.93855203765838,0.04994278361862253,HD 23249,0.804,0.87,8,6
HD 23249_0,3.9358883815158245,0.042328777859144726,HD 23249,0.804,0.87,8,6
HD 23249_0,3.9427528361260458,0.0457492112263354,HD 23249,0.804,0.87,8,6
HD 23249_0,3.939841592939764,0.03556398177933109,HD 23249,0.804,0.87,8,6
HD 23249_0,3.9282411335363765,0.03734053116565761,HD 23249,0.804,0.87,8,6
HD 23249_0,3.9289071735476533,0.041165462435471215,HD 23249,0.804,0.87,8,6
HD 23249_0,3.936996313383763,0.035197657238717164,HD 23249,0.804,0.87,8,6
HD 23249_0,3.949038250041502,0.03558482711227307,HD 23249,0.804,0.87,8,6
HD 23249_0,3.943153245659321,0.035070857579137166,HD 23249,0.804,0.87,8,6
HD 23249_0,3.9375146652180395,0.04538204304893724,HD 23249,0.804,0.87,8,6
HD 23249_0,3.929150526635495,0.037590481478810105,HD 23249,0.804,0.87,8,6
HD 23249_0,3.931818075231327,0.033234599466653705,HD 23249,0.804,0.87,8,6
HD 23249_0,3.9495183763858,0.03979397409738827,HD 23249,0.804,0.87,8,6
HD 23249_0,3.935838272438358,0.04230030057557618,HD 23249,0.804,0.87,8,6
HD 23249_0,3.951219340612098,0.041697923344541574,HD 23249,0.804,0.87,8,6
HD 23249_0,3.9332853330069617,0.044125974929543496,HD 23249,0.804,0.87,8,6
HD 23249_0,3.9429718554114883,0.04364501235471123,HD 23249,0.804,0.87,8,6
HD 23249_0,3.9353737552391106,0.045541578567623454,HD 23249,0.804,0.87,8,6
HD 23249_0,3.928425426992068,0.033866887605603135,HD 23249,0.804,0.87,8,6
HD 23249_0,3.9187847426866567,0.034163255015190755,HD 23249,0.804,0.87,8,6
HD 23249_0,3.935271442898124,0.03806336170675388,HD 23249,0.804,0.87,8,6
HD 23249_0,3.948677493430136,0.04297056822424518,HD 23249,0.804,0.87,8,6
HD 23249_0,3.939422210488793,0.03768295627043449,HD 23249,0.804,0.87,8,6
HD 23249_0,3.9503189418854023,0.04616040551583862,HD 23249,0.804,0.87,8,6
HD 23249_0,3.930313550553383,0.03872564240185454,HD 23249,0.804,0.87,8,6
HD 23249_0,3.9407096879158563,0.04186450418449288,HD 23249,0.804,0.87,8,6
HD 693_4,2.144046045250102,0.11870978048117142,HD 693,1.392,1.18,8,4
HD 693_4,2.1429344306420814,0.1093346706325991,HD 693,1.392,1.18,8,4
HD 693_4,2.1593729430996653,0.11777317060348581,HD 693,1.392,1.18,8,4
HD 693_4,2.133900717455377,0.12359331723104797,HD 693,1.392,1.18,8,4
HD 693_4,2.104535981973143,0.09184880570731548,HD 693,1.392,1.18,8,4
HD 693_4,2.1568986015649383,0.11520766169069102,HD 693,1.392,1.18,8,4
HD 693_4,2.138678702070623,0.11330150600496074,HD 693,1.392,1.18,8,4
HD 693_4,2.120143726313249,0.11232393550940062,HD 693,1.392,1.18,8,4
HD 693_4,2.1306226773311874,0.10070504040432023,HD 693,1.392,1.18,8,4
HD 693_4,2.1420185103031724,0.17664054595270975,HD 693,1.392,1.18,8,4
HD 693_4,2.220301853267101,0.2231029722878688,HD 693,1.392,1.18,8,4
HD 693_4,2.121600097829785,0.10779248019660347,HD 693,1.392,1.18,8,4
HD 693_4,2.1284799209116585,0.09906421274005775,HD 693,1.392,1.18,8,4
HD 693_4,2.211262663506783,0.14326075482814826,HD 693,1.392,1.18,8,4
HD 693_4,2.1584214674264355,0.12630810725239863,HD 693,1.392,1.18,8,4
HD 693_4,2.115381569096446,0.0935843665222903,HD 693,1.392,1.18,8,4
HD 693_4,2.111897766374895,0.1088488437337673,HD 693,1.392,1.18,8,4
HD 693_4,2.1420629899525476,0.11191045776969369,HD 693,1.392,1.18,8,4
HD 693_4,2.198171106235306,0.18398650395880511,HD 693,1.392,1.18,8,4
HD 693_4,2.184491709362412,0.1406293484861343,HD 693,1.392,1.18,8,4
HD 693_4,2.133794423458897,0.10484444799206893,HD 693,1.392,1.18,8,4
HD 693_4,2.1515058598930623,0.12531981186750757,HD 693,1.392,1.18,8,4
HD 693_4,2.2420345914826747,0.2373484896713538,HD 693,1.392,1.18,8,4
HD 693_4,2.1929358209651353,0.13830252005654603,HD 693,1.392,1.18,8,4
HD 693_4,2.1333836883041917,0.11097107647469394,HD 693,1.392,1.18,8,4
HD 693_4,2.1557674283334842,0.1211729288704393,HD 693,1.392,1.18,8,4
HD 693_4,2.1191938880249555,0.12036767750941187,HD 693,1.392,1.18,8,4
HD 693_4,2.1473158104563788,0.11858901154899686,HD 693,1.392,1.18,8,4
HD 693_4,2.1763623041575846,0.11286663552278697,HD 693,1.392,1.18,8,4
HD 693_4,2.1639312315258543,0.0907585756729345,HD 693,1.392,1.18,8,4
HD 693_4,2.1650583106514936,0.15156739950292752,HD 693,1.392,1.18,8,4
HD 693_4,2.1346064586149893,0.12341341921889554,HD 693,1.392,1.18,8,4
HD 693_4,2.1368148159108684,0.11381455691951858,HD 693,1.392,1.18,8,4
HD 693_4,2.1275538621897785,0.13080141079111313,HD 693,1.392,1.18,8,4
HD 693_4,2.1711234909732666,0.10522929562835845,HD 693,1.392,1.18,8,4
HD 693_4,2.1218844072805636,0.09415989146134414,HD 693,1.392,1.18,8,4
HD 693_4,2.1527323218235566,0.1117090168290791,HD 693,1.392,1.18,8,4
HD 693_4,2.141090582986371,0.12496350119330546,HD 693,1.392,1.18,8,4
HD 693_4,2.1429891167304262,0.10866030241035146,HD 693,1.392,1.18,8,4
HD 693_4,2.1536413050939283,0.1005575716039355,HD 693,1.392,1.18,8,4
HD 693_4,2.1606452449480704,0.09797247106866688,HD 693,1.392,1.18,8,4
HD 693_4,2.168871153067529,0.1432065415807546,HD 693,1.392,1.18,8,4
HD 693_4,2.1333305761283765,0.11122663080416166,HD 693,1.392,1.18,8,4
HD 693_4,2.1289616290280087,0.11508951479210505,HD 693,1.392,1.18,8,4
HD 693_4,2.172559570930112,0.17237537830201077,HD 693,1.392,1.18,8,4
HD 693_4,2.124093820262223,0.1229211165312657,HD 693,1.392,1.18,8,4
HD 693_4,2.116912418638055,0.12306519268382524,HD 693,1.392,1.18,8,4
HD 693_4,2.1090036707879243,0.12124561717585418,HD 693,1.392,1.18,8,4
HD 693_4,2.195590153897666,0.15438319842363224,HD 693,1.392,1.18,8,4
HD 693_4,2.1782076885674,0.11667434746886579,HD 693,1.392,1.18,8,4
HD 693_4,2.114583767304784,0.09323528735542555,HD 693,1.392,1.18,8,4
HD 693_4,2.1531535894397607,0.12686552435598233,HD 693,1.392,1.18,8,4
HD 693_4,2.152209671203693,0.13091921849923963,HD 693,1.392,1.18,8,4
HD 693_4,2.142995611988284,0.11224438710907486,HD 693,1.392,1.18,8,4
HD 693_4,2.1479141230935856,0.10098407320490066,HD 693,1.392,1.18,8,4
HD 693_4,2.152151601982639,0.095876449499161,HD 693,1.392,1.18,8,4
HD 693_4,2.1059801279143526,0.11427679078541784,HD 693,1.392,1.18,8,4
HD 693_4,2.1563766192868172,0.15104301622924526,HD 693,1.392,1.18,8,4
HD 693_4,2.150973522224554,0.12646958762634997,HD 693,1.392,1.18,8,4
HD 693_4,2.1427109642178834,0.12312119842840032,HD 693,1.392,1.18,8,4
HD 693_4,2.1620567084504287,0.10011254821433728,HD 693,1.392,1.18,8,4
HD 693_4,2.172697514700939,0.13635594769660112,HD 693,1.392,1.18,8,4
HD 693_4,2.1324208276121697,0.09125339387575748,HD 693,1.392,1.18,8,4
HD 693_4,2.1443744255847847,0.12346715821865914,HD 693,1.392,1.18,8,4
HD 693_4,2.1256227149270273,0.11454955688520753,HD 693,1.392,1.18,8,4
HD 693_4,2.1640071553393727,0.1098047814529441,HD 693,1.392,1.18,8,4
HD 693_4,2.1583083172524904,0.05070001864877872,HD 693,1.392,1.18,8,4
HD 693_4,2.126215581468676,0.12402803741900854,HD 693,1.392,1.18,8,4
HD 693_4,2.164291888890624,0.12266090047202521,HD 693,1.392,1.18,8,4
HD 693_4,2.1499393724512625,0.1363363140979409,HD 693,1.392,1.18,8,4
HD 693_4,2.1308168510553793,0.10641970745821694,HD 693,1.392,1.18,8,4
HD 693_4,2.2096361196963725,0.07941650963073352,HD 693,1.392,1.18,8,4
HD 693_4,2.1133022932698746,0.09200056256028694,HD 693,1.392,1.18,8,4
HD 693_4,2.2257286775243004,0.16906856358398897,HD 693,1.392,1.18,8,4
HD 693_4,2.120408379304912,0.07101310640207484,HD 693,1.392,1.18,8,4
HD 693_4,2.158939630207461,0.1178044008564833,HD 693,1.392,1.18,8,4
HD 693_4,2.1407417332942305,0.10154176015387685,HD 693,1.392,1.18,8,4
HD 693_4,2.1328415290892067,0.15055238461716855,HD 693,1.392,1.18,8,4
HD 693_4,4.287583819762276,0.4348129709244876,HD 693,1.392,1.18,8,4
HD 693_4,2.146342549819538,0.14301361192049541,HD 693,1.392,1.18,8,4
HD 693_4,2.1720501997169,0.1305976086488742,HD 693,1.392,1.18,8,4
HD 693_4,2.142338701495439,0.12240519697564664,HD 693,1.392,1.18,8,4
HD 693_4,2.143506946142082,0.1405466366652859,HD 693,1.392,1.18,8,4
HD 693_4,2.117216163260354,0.11169371522781034,HD 693,1.392,1.18,8,4
HD 693_4,2.1668945166205758,0.1313059053445055,HD 693,1.392,1.18,8,4
HD 693_4,2.196932762673042,0.09960213309646174,HD 693,1.392,1.18,8,4
HD 693_4,2.138450758239521,0.12077907007514975,HD 693,1.392,1.18,8,4
HD 693_4,2.1466925713259073,0.0824224533755484,HD 693,1.392,1.18,8,4
HD 693_4,2.152279660350411,0.13925532769930513,HD 693,1.392,1.18,8,4
HD 693_4,2.1315751611664586,0.12064725560311293,HD 693,1.392,1.18,8,4
HD 693_4,2.139590756311246,0.10818456041503795,HD 693,1.392,1.18,8,4
HD 693_4,2.128328440593005,0.1239698990883493,HD 693,1.392,1.18,8,4
HD 693_4,2.122785422482393,0.12309902531418335,HD 693,1.392,1.18,8,4
HD 693_4,2.1445022802620435,0.1216229218065887,HD 693,1.392,1.18,8,4
HD 693_4,2.152701387526381,0.1367625139134333,HD 693,1.392,1.18,8,4
HD 693_4,2.1740858480599576,0.2676011051015702,HD 693,1.392,1.18,8,4
HD 693_4,2.111937060570992,0.11344325095030144,HD 693,1.392,1.18,8,4
HD 693_4,2.158004063235628,0.12176234446041463,HD 693,1.392,1.18,8,4
HD 693_4,2.1344909876896816,0.12026749209307593,HD 693,1.392,1.18,8,4
HD 693_4,2.12260166126067,0.10055389257907052,HD 693,1.392,1.18,8,4
HD 693_4,2.1324367263632156,0.15084790893549938,HD 693,1.392,1.18,8,4
HD 693_4,2.1588485231561703,0.10642854315146238,HD 693,1.392,1.18,8,4
HD 693_4,2.148383160983502,0.08425039002013798,HD 693,1.392,1.18,8,4
HD 693_4,2.146310070786992,0.15091926036534817,HD 693,1.392,1.18,8,4
HD 693_4,2.1507060588792877,0.09712445821917455,HD 693,1.392,1.18,8,4
HD 693_4,2.145271533560527,0.09027956685883413,HD 693,1.392,1.18,8,4
HD 693_4,2.161917346429624,0.10046841963307594,HD 693,1.392,1.18,8,4
HD 693_4,2.144137534984313,0.11525428959134398,HD 693,1.392,1.18,8,4
HD 693_4,2.140415889569524,0.10124417650731407,HD 693,1.392,1.18,8,4
HD 693_4,2.1234881715051652,0.08263526431595862,HD 693,1.392,1.18,8,4
HD 693_4,2.137125946757906,0.14317661997430883,HD 693,1.392,1.18,8,4
HD 693_4,2.1289975065125524,0.11901431643993839,HD 693,1.392,1.18,8,4
HD 693_4,2.162047028987068,0.11589689777667048,HD 693,1.392,1.18,8,4
HD 693_4,2.150871546722949,0.11067369139942797,HD 693,1.392,1.18,8,4
HD 693_4,2.1249975247320316,0.08239715951650821,HD 693,1.392,1.18,8,4
HD 693_4,2.124553895554074,0.10041669300815166,HD 693,1.392,1.18,8,4
HD 693_4,2.1218027194459195,0.07685636349598018,HD 693,1.392,1.18,8,4
HD 693_4,2.1430045210629807,0.11621007512025135,HD 693,1.392,1.18,8,4
HD 693_4,2.1397285540803597,0.10659388555935971,HD 693,1.392,1.18,8,4
HD 693_4,2.170654471448883,0.10423528672154611,HD 693,1.392,1.18,8,4
HD 693_4,2.1389271750912884,0.1450958349659805,HD 693,1.392,1.18,8,4
HD 693_4,2.163630569900526,0.11094522320511332,HD 693,1.392,1.18,8,4
HD 693_4,2.1320300858969663,0.08190636979930137,HD 693,1.392,1.18,8,4
HD 693_4,2.1428502359633623,0.08749880172477377,HD 693,1.392,1.18,8,4
HD 693_4,2.1648857101677863,0.09200329080997877,HD 693,1.392,1.18,8,4
HD 693_4,2.109161687061216,0.08799113623690391,HD 693,1.392,1.18,8,4
HD 693_4,2.1279044818623505,0.1363035573207544,HD 693,1.392,1.18,8,4
HD 693_4,2.167486732666304,0.16078355427477747,HD 693,1.392,1.18,8,4
HD 693_4,2.155446519511806,0.10281898770808001,HD 693,1.392,1.18,8,4
HD 693_4,2.1634433302898732,0.1558930866910744,HD 693,1.392,1.18,8,4
HD 693_4,2.178014053281779,0.061490580752144856,HD 693,1.392,1.18,8,4
HD 693_4,2.141359019547656,0.13083709944879557,HD 693,1.392,1.18,8,4
HD 693_4,2.0960107243811215,0.13892153684150116,HD 693,1.392,1.18,8,4
HD 693_4,2.1925600009464454,0.15508864046078547,HD 693,1.392,1.18,8,4
HD 693_4,2.1598128377894774,0.044221542771472756,HD 693,1.392,1.18,8,4
HD 693_4,2.1034521660063823,0.10609558667436778,HD 693,1.392,1.18,8,4
HD 693_4,2.145252566974968,0.1204521546131117,HD 693,1.392,1.18,8,4
HD 693_4,2.124465563656656,0.0698421671491555,HD 693,1.392,1.18,8,4
HD 693_4,2.156349256712552,0.12035250426976457,HD 693,1.392,1.18,8,4
HD 693_4,2.1261844651797244,0.05478518881698246,HD 693,1.392,1.18,8,4
HD 693_4,2.11390900743808,0.11421937368688892,HD 693,1.392,1.18,8,4
HD 693_4,2.1716157537180685,0.14617070900952744,HD 693,1.392,1.18,8,4
HD 693_4,2.141057504669531,0.09868112540674484,HD 693,1.392,1.18,8,4
HD 693_4,2.218823357335135,0.18510965297657006,HD 693,1.392,1.18,8,4
HD 693_4,2.1502417660333726,0.11336370437316969,HD 693,1.392,1.18,8,4
HD 693_4,2.1369586748811575,0.10085644395604788,HD 693,1.392,1.18,8,4
HD 693_4,2.0941164764332183,0.12338984053790289,HD 693,1.392,1.18,8,4
HD 693_4,2.147281463523546,0.14112570777656297,HD 693,1.392,1.18,8,4
HD 693_4,2.156418338428659,0.1382334016964235,HD 693,1.392,1.18,8,4
HD 693_4,2.1747547291084874,0.11883022000212154,HD 693,1.392,1.18,8,4
HD 693_4,2.1359681709511302,0.11312950588278486,HD 693,1.392,1.18,8,4
HD 693_4,2.085582285513233,0.08076869733000085,HD 693,1.392,1.18,8,4
HD 693_4,2.140681562634668,0.15380378924353635,HD 693,1.392,1.18,8,4
HD 693_4,2.1397119775874063,0.10015447223171124,HD 693,1.392,1.18,8,4
HD 693_4,2.1829238766647565,0.09573586212182769,HD 693,1.392,1.18,8,4
HD 693_4,2.165588602918438,0.09410535652058687,HD 693,1.392,1.18,8,4
HD 693_4,2.0971000643880684,0.11669606407212102,HD 693,1.392,1.18,8,4
HD 693_4,2.1506135988443233,0.10796407546551487,HD 693,1.392,1.18,8,4
HD 693_4,2.134359462866265,0.1110704486736665,HD 693,1.392,1.18,8,4
HD 693_4,2.2073687706450467,0.1323380248330388,HD 693,1.392,1.18,8,4
HD 693_4,2.1384752496978727,0.14108090799824272,HD 693,1.392,1.18,8,4
HD 693_4,2.1696359898834316,0.10706895327697843,HD 693,1.392,1.18,8,4
HD 693_4,2.1721500531602866,0.16609525412018605,HD 693,1.392,1.18,8,4
HD 693_4,2.128283198744392,0.09791168347234311,HD 693,1.392,1.18,8,4
HD 693_4,2.1603339130292984,0.12399589065927236,HD 693,1.392,1.18,8,4
HD 693_4,2.103778677218062,0.10569979734590947,HD 693,1.392,1.18,8,4
HD 693_4,2.132482426088226,0.1237078776143893,HD 693,1.392,1.18,8,4
HD 693_4,2.1975427312401186,0.11413843878240497,HD 693,1.392,1.18,8,4
HD 693_4,2.1543373081880595,0.1621363030708104,HD 693,1.392,1.18,8,4
HD 693_4,2.116697429238091,0.10548780829426158,HD 693,1.392,1.18,8,4
HD 693_4,2.175914193781493,0.13986847489322757,HD 693,1.392,1.18,8,4
HD 693_4,2.147105813292061,0.11258688717533341,HD 693,1.392,1.18,8,4
HD 693_4,2.1379465637147073,0.07573189353946161,HD 693,1.392,1.18,8,4
HD 693_4,2.1332905737613927,0.09810815671052886,HD 693,1.392,1.18,8,4
HD 693_4,2.1471449385757553,0.11093395899456607,HD 693,1.392,1.18,8,4
HD 693_4,2.146190146985612,0.11921855938544267,HD 693,1.392,1.18,8,4
HD 693_4,2.1291194907606936,0.09307613174049065,HD 693,1.392,1.18,8,4
HD 693_4,2.1556448747633237,0.17061845052779157,HD 693,1.392,1.18,8,4
HD 693_4,2.146499147945511,0.08576892353630095,HD 693,1.392,1.18,8,4
HD 693_4,2.17613644283484,0.12090478499210491,HD 693,1.392,1.18,8,4
HD 693_4,2.177508332194478,0.13932149755235368,HD 693,1.392,1.18,8,4
HD 693_4,2.169451415681884,0.09131633369812463,HD 693,1.392,1.18,8,4
HD 693_4,2.220500350808243,0.2922807818053276,HD 693,1.392,1.18,8,4
HD 693_4,2.1771466104524935,0.11207501501242229,HD 693,1.392,1.18,8,4
HD 693_4,2.138867041085122,0.11689777124608185,HD 693,1.392,1.18,8,4
HD 693_4,2.162402272312601,0.12822537445034482,HD 693,1.392,1.18,8,4
HD 693_4,2.181280731704735,0.13031933342812377,HD 693,1.392,1.18,8,4
HD 693_4,2.1302963655837273,0.11560790657143431,HD 693,1.392,1.18,8,4
HD 693_4,2.2100185394163163,0.12947767972904983,HD 693,1.392,1.18,8,4
HD 693_4,2.184016376928994,0.12127564284405756,HD 693,1.392,1.18,8,4
HD 693_4,2.1547196388469394,0.09496482607144582,HD 693,1.392,1.18,8,4
HD 693_4,2.1434530522907864,0.12611948248426305,HD 693,1.392,1.18,8,4
HD 693_4,2.1450000070253514,0.11475766047625084,HD 693,1.392,1.18,8,4
HD 693_4,2.146322603682713,0.14868388338832117,HD 693,1.392,1.18,8,4
HD 693_4,2.1750512359373366,0.10005694237577462,HD 693,1.392,1.18,8,4
HD 693_4,2.1447346688910165,0.08966798535200055,HD 693,1.392,1.18,8,4
HD 693_4,2.1594013400214846,0.09411924726030335,HD 693,1.392,1.18,8,4
HD 693_4,2.2099372772264947,0.1716565314895398,HD 693,1.392,1.18,8,4
HD 693_4,2.1653964652002635,0.10724009669873585,HD 693,1.392,1.18,8,4
HD 693_4,2.1033134491237635,0.10020404523110882,HD 693,1.392,1.18,8,4
HD 693_4,2.131736260281749,0.10128110931683568,HD 693,1.392,1.18,8,4
HD 693_4,2.127247985427761,0.13054402960717337,HD 693,1.392,1.18,8,4
HD 693_4,2.1351967609936735,0.11004449933914555,HD 693,1.392,1.18,8,4
HD 693_4,2.1505913477018446,0.11176484072944609,HD 693,1.392,1.18,8,4
HD 693_4,2.145558881491148,0.14542108949543597,HD 693,1.392,1.18,8,4
HD 693_4,2.1069673566787213,0.11146710328551523,HD 693,1.392,1.18,8,4
HD 693_4,2.191885462556455,0.14008752448997405,HD 693,1.392,1.18,8,4
HD 693_4,2.1585053448715272,0.17668650525200122,HD 693,1.392,1.18,8,4
HD 693_4,2.19034459796168,0.1635535655118488,HD 693,1.392,1.18,8,4
HD 693_4,2.208130050260512,0.22260593097092413,HD 693,1.392,1.18,8,4
HD 693_4,2.156377124279819,0.1157281577300935,HD 693,1.392,1.18,8,4
HD 693_4,2.130602735458621,0.11556002026677654,HD 693,1.392,1.18,8,4
HD 693_4,2.1809723201815374,0.13621360705339575,HD 693,1.392,1.18,8,4
HD 693_4,2.1472004393110806,0.1010795284397876,HD 693,1.392,1.18,8,4
HD 693_4,2.1531929444239957,0.14081222725706402,HD 693,1.392,1.18,8,4
HD 693_4,2.1573176808540504,0.18375101874262123,HD 693,1.392,1.18,8,4
HD 693_4,2.165104820452157,0.13639891658059625,HD 693,1.392,1.18,8,4
HD 693_4,2.1094328235501982,0.07680000094896247,HD 693,1.392,1.18,8,4
HD 693_4,2.157719714704468,0.13047861349421777,HD 693,1.392,1.18,8,4
HD 693_4,2.1119194262468874,0.08803904641964067,HD 693,1.392,1.18,8,4
HD 693_4,2.1351261498711867,0.05779707879103721,HD 693,1.392,1.18,8,4
HD 693_4,2.174525552165551,0.21146881180931215,HD 693,1.392,1.18,8,4
HD 693_4,2.149930382142193,0.1432263228161847,HD 693,1.392,1.18,8,4
HD 693_4,2.120072710688451,0.10840287890348416,HD 693,1.392,1.18,8,4
HD 693_4,2.1214179867225402,0.114857364333333,HD 693,1.392,1.18,8,4
HD 693_4,2.1364636923881566,0.1473859954787691,HD 693,1.392,1.18,8,4
HD 693_4,2.1398761576861958,0.07074192691279231,HD 693,1.392,1.18,8,4
HD 693_4,2.16015950079538,0.09883079604093536,HD 693,1.392,1.18,8,4
HD 693_4,2.203912605079715,0.16175886631065448,HD 693,1.392,1.18,8,4
HD 693_4,2.15930831279418,0.1259744043461616,HD 693,1.392,1.18,8,4
HD 693_4,2.1528188140458084,0.09707613940780477,HD 693,1.392,1.18,8,4
HD 693_4,2.1279208571176462,0.12257905929886585,HD 693,1.392,1.18,8,4
HD 693_4,2.1629814362655564,0.15070582647291406,HD 693,1.392,1.18,8,4
HD 693_4,2.1750859731170356,0.1243801500914733,HD 693,1.392,1.18,8,4
HD 693_4,2.1522011481063745,0.11218706691081921,HD 693,1.392,1.18,8,4
HD 693_4,2.163277438516225,0.11845876779727922,HD 693,1.392,1.18,8,4
HD 693_4,2.1375018115854663,0.17781749047822468,HD 693,1.392,1.18,8,4
HD 693_4,2.129397255006391,0.1142973658909566,HD 693,1.392,1.18,8,4
HD 693_4,2.1286359824755676,0.09657239031263093,HD 693,1.392,1.18,8,4
HD 693_4,2.1324786418773645,0.0631704312219547,HD 693,1.392,1.18,8,4
HD 693_4,2.1495874930961847,0.12880179315723808,HD 693,1.392,1.18,8,4
HD 693_4,2.139530329681208,0.10532142557664081,HD 693,1.392,1.18,8,4
HD 693_4,2.1395186284958667,0.10390540030450285,HD 693,1.392,1.18,8,4
HD 693_4,2.188021486205823,0.1065009302614173,HD 693,1.392,1.18,8,4
HD 693_4,2.1327687346312034,0.15338294477262684,HD 693,1.392,1.18,8,4
HD 693_4,2.1662401519409515,0.09807756629527994,HD 693,1.392,1.18,8,4
HD 693_4,2.118510276296628,0.12198371632265448,HD 693,1.392,1.18,8,4
HD 693_4,2.160800771239021,0.10968004908670702,HD 693,1.392,1.18,8,4
HD 693_4,2.153507625512715,0.12041706584503745,HD 693,1.392,1.18,8,4
HD 693_4,2.204775296429634,0.12261103910885489,HD 693,1.392,1.18,8,4
HD 693_4,2.143125143393596,0.12656613865763863,HD 693,1.392,1.18,8,4
HD 693_4,2.1083783454676563,0.08134522638893307,HD 693,1.392,1.18,8,4
HD 693_4,2.151516150294915,0.11105335816644188,HD 693,1.392,1.18,8,4
HD 693_4,2.1430102741613424,0.1017350521040437,HD 693,1.392,1.18,8,4
HD 693_4,2.144684016669426,0.10218950606540653,HD 693,1.392,1.18,8,4
HD 693_4,2.1463757941822434,0.12654121960355333,HD 693,1.392,1.18,8,4
HD 693_4,2.1185047145101707,0.09430882618444389,HD 693,1.392,1.18,8,4
HD 693_4,2.1304191824599092,0.15889558324003503,HD 693,1.392,1.18,8,4
HD 693_4,2.145791850009719,0.09032815144571393,HD 693,1.392,1.18,8,4
HD 693_4,4.263460816873469,0.4304865267131412,HD 693,1.392,1.18,8,4
HD 693_4,2.1937216913710382,0.11852315406544545,HD 693,1.392,1.18,8,4
HD 693_4,2.1680431887739515,0.1677484070209874,HD 693,1.392,1.18,8,4
HD 693_4,2.1518845412906082,0.08496635925718352,HD 693,1.392,1.18,8,4
HD 693_4,2.1153639833220184,0.1121837420594439,HD 693,1.392,1.18,8,4
HD 693_4,2.122400743541891,0.1251780727288929,HD 693,1.392,1.18,8,4
HD 693_4,2.1439487307488005,0.08076806484390478,HD 693,1.392,1.18,8,4
HD 693_4,2.132923688717302,0.09051386346910754,HD 693,1.392,1.18,8,4
HD 693_4,2.162411906786352,0.1200848370949022,HD 693,1.392,1.18,8,4
HD 693_4,2.1321059553927144,0.09383081135478745,HD 693,1.392,1.18,8,4
HD 693_4,2.184090400090615,0.14751662502083465,HD 693,1.392,1.18,8,4
HD 693_4,2.187482176030783,0.15704008377578962,HD 693,1.392,1.18,8,4
HD 693_4,2.1701165846608395,0.13884153493248247,HD 693,1.392,1.18,8,4
HD 693_4,2.1591916454809836,0.13205374006766557,HD 693,1.392,1.18,8,4
HD 693_4,2.166892046471638,0.1157570501261675,HD 693,1.392,1.18,8,4
HD 693_4,2.1711315061762093,0.1446316726556872,HD 693,1.392,1.18,8,4
HD 693_4,2.141341821499298,0.10011397423258328,HD 693,1.392,1.18,8,4
HD 693_4,2.1563474694324745,0.12029164569681461,HD 693,1.392,1.18,8,4
HD 693_4,2.182336607719823,0.1356899803632849,HD 693,1.392,1.18,8,4
HD 693_4,2.138014694854357,0.11668542291221173,HD 693,1.392,1.18,8,4
HD 693_4,2.1324088972002335,0.11411725696592231,HD 693,1.392,1.18,8,4
HD 693_4,2.164180614098754,0.1303058196230099,HD 693,1.392,1.18,8,4
HD 693_4,2.142871561601509,0.10441850697698808,HD 693,1.392,1.18,8,4
HD 693_4,2.1285122797356606,0.10405980500302434,HD 693,1.392,1.18,8,4
HD 693_4,2.1924878716450897,0.11180302123905872,HD 693,1.392,1.18,8,4
HD 693_4,2.1438059207362676,0.08628076601314529,HD 693,1.392,1.18,8,4
HD 693_4,2.1336259745702595,0.09599535970687935,HD 693,1.392,1.18,8,4
HD 693_4,2.1726852705759647,0.11988592975144208,HD 693,1.392,1.18,8,4
HD 693_4,2.129841693566465,0.11103397879840242,HD 693,1.392,1.18,8,4
HD 693_4,2.1369093258683654,0.0960935930140147,HD 693,1.392,1.18,8,4
HD 693_4,2.1582039660819587,0.09601552729473856,HD 693,1.392,1.18,8,4
HD 693_4,2.1116379199233073,0.08669597298773098,HD 693,1.392,1.18,8,4
HD 693_4,2.1382732202012975,0.07401748650657622,HD 693,1.392,1.18,8,4
HD 693_4,2.1907071526361537,0.15298099373605656,HD 693,1.392,1.18,8,4
HD 693_4,2.1400967848051913,0.1248914251534596,HD 693,1.392,1.18,8,4
HD 693_4,2.148902890294881,0.10449217570877421,HD 693,1.392,1.18,8,4
HD 693_4,2.2155590615684666,0.2050491194707495,HD 693,1.392,1.18,8,4
HD 693_4,2.141615628991975,0.11738963739943883,HD 693,1.392,1.18,8,4
HD 693_4,2.1296036708909116,0.0951922620332432,HD 693,1.392,1.18,8,4
HD 693_4,2.1442380108403247,0.10126830129181216,HD 693,1.392,1.18,8,4
HD 693_4,2.1768051441138003,0.13624825759672915,HD 693,1.392,1.18,8,4
HD 693_4,2.1685012523048073,0.11906250538717644,HD 693,1.392,1.18,8,4
HD 693_4,2.1209974748143505,0.08360641708153548,HD 693,1.392,1.18,8,4
HD 693_4,2.136741715416148,0.1334844542476787,HD 693,1.392,1.18,8,4
HD 693_4,2.127159106577721,0.09192311945896578,HD 693,1.392,1.18,8,4
HD 693_4,2.1313666265778473,0.09769646286574114,HD 693,1.392,1.18,8,4
HD 693_4,2.187062084796045,0.1628227043485438,HD 693,1.392,1.18,8,4
HD 693_4,2.1239704231102396,0.1293705938424424,HD 693,1.392,1.18,8,4
HD 693_4,2.1497858668507788,0.1348633160660406,HD 693,1.392,1.18,8,4
HD 693_4,2.1670940033103174,0.13781655586708033,HD 693,1.392,1.18,8,4
HD 693_4,2.1209200164386393,0.13799332840351686,HD 693,1.392,1.18,8,4
HD 693_4,2.1618011714942855,0.10707211332536,HD 693,1.392,1.18,8,4
HD 693_4,2.142317210985673,0.06959738278791647,HD 693,1.392,1.18,8,4
HD 693_4,2.1419618350907883,0.1197367412859099,HD 693,1.392,1.18,8,4
HD 693_4,2.1154070185044302,0.10255216331519039,HD 693,1.392,1.18,8,4
HD 693_4,2.131564842196406,0.10341317203378672,HD 693,1.392,1.18,8,4
HD 693_4,2.119550319148629,0.08849749312975436,HD 693,1.392,1.18,8,4
HD 693_4,2.2172192560946846,0.2032214527836002,HD 693,1.392,1.18,8,4
HD 693_4,2.139471591403813,0.09771263338124869,HD 693,1.392,1.18,8,4
HD 693_4,2.172587997739466,0.19938838405762313,HD 693,1.392,1.18,8,4
HD 693_4,2.159560206912015,0.13127998451402872,HD 693,1.392,1.18,8,4
HD 693_4,2.1226223517473035,0.13424875708485273,HD 693,1.392,1.18,8,4
HD 693_4,2.1074557567078025,0.09348210305103982,HD 693,1.392,1.18,8,4
HD 693_4,2.1303440435975207,0.08124861459001687,HD 693,1.392,1.18,8,4
HD 693_4,2.1501702761705426,0.08653223399257559,HD 693,1.392,1.18,8,4
HD 693_4,2.140269626206152,0.07399559990914531,HD 693,1.392,1.18,8,4
HD 693_4,2.167965714085855,0.13291959230097936,HD 693,1.392,1.18,8,4
HD 693_4,2.1352065186436784,0.12088142665812798,HD 693,1.392,1.18,8,4
HD 693_4,2.141756463798859,0.10994648490447546,HD 693,1.392,1.18,8,4
HD 693_4,2.146114653814944,0.1344201920674891,HD 693,1.392,1.18,8,4
HD 693_4,2.145411988511934,0.12019345459653277,HD 693,1.392,1.18,8,4
HD 693_4,2.1164259917702783,0.10044544734714714,HD 693,1.392,1.18,8,4
HD 693_4,2.1409873506475803,0.1754689305697377,HD 693,1.392,1.18,8,4
HD 693_4,2.1418238219081216,0.1292444153962137,HD 693,1.392,1.18,8,4
HD 693_4,2.153104293192084,0.1258996152046354,HD 693,1.392,1.18,8,4
HD 693_4,2.2034970044877333,0.1322934137134284,HD 693,1.392,1.18,8,4
HD 693_4,2.1635825909818194,0.10271907877568143,HD 693,1.392,1.18,8,4
HD 693_4,2.143910987730288,0.13253728247705493,HD 693,1.392,1.18,8,4
HD 693_4,2.220188918642508,0.16605900926239364,HD 693,1.392,1.18,8,4
HD 693_4,2.1441562104076466,0.08870337118222005,HD 693,1.392,1.18,8,4
HD 693_4,2.1686804103770316,0.12190461432218451,HD 693,1.392,1.18,8,4
HD 693_4,2.126622019832756,0.0877296579201475,HD 693,1.392,1.18,8,4
HD 693_4,2.1235612198006493,0.12106578097090073,HD 693,1.392,1.18,8,4
HD 693_4,2.1644479378712655,0.1585207492636312,HD 693,1.392,1.18,8,4
HD 693_4,2.136275905883182,0.11734973992220143,HD 693,1.392,1.18,8,4
HD 693_4,2.1319973746328746,0.1320844949396246,HD 693,1.392,1.18,8,4
HD 693_4,2.150250708323062,0.10807700066104861,HD 693,1.392,1.18,8,4
HD 693_4,2.1409491886568284,0.11043175706669173,HD 693,1.392,1.18,8,4
HD 693_4,2.16845109274869,0.2073251420977204,HD 693,1.392,1.18,8,4
HD 693_4,2.1729916982218587,0.12627803646491226,HD 693,1.392,1.18,8,4
HD 693_4,2.1352602410146044,0.12210011363828839,HD 693,1.392,1.18,8,4
HD 693_4,2.1615330407276296,0.10553541099241291,HD 693,1.392,1.18,8,4
HD 693_4,2.1420702938120164,0.1373021400613401,HD 693,1.392,1.18,8,4
HD 693_4,2.1430755498768517,0.10157577416400931,HD 693,1.392,1.18,8,4
HD 693_4,2.1362039503988566,0.1581454131928274,HD 693,1.392,1.18,8,4
HD 693_4,2.1446364720554683,0.12612488630162116,HD 693,1.392,1.18,8,4
HD 693_4,2.165841432201886,0.17133838483855982,HD 693,1.392,1.18,8,4
HD 693_4,2.157125751774716,0.1251049352100844,HD 693,1.392,1.18,8,4
HD 693_4,2.1223418432409877,0.12417825858362351,HD 693,1.392,1.18,8,4
HD 693_4,4.279948405725822,0.43187999571644753,HD 693,1.392,1.18,8,4
HD 693_4,2.1417979969815035,0.11135461361552605,HD 693,1.392,1.18,8,4
HD 693_4,2.1527082834614166,0.10484048149562165,HD 693,1.392,1.18,8,4
HD 693_4,2.1531269202602803,0.09330320261729971,HD 693,1.392,1.18,8,4
HD 693_4,2.16600107202801,0.06804607859278633,HD 693,1.392,1.18,8,4
HD 693_4,2.1311433140669105,0.11039890365506759,HD 693,1.392,1.18,8,4
HD 693_4,2.1742634558301495,0.1559092794010879,HD 693,1.392,1.18,8,4
HD 693_4,2.149891358177408,0.10573026186188816,HD 693,1.392,1.18,8,4
HD 693_4,2.1350371811876023,0.13329130203922968,HD 693,1.392,1.18,8,4
HD 693_4,2.175609782283681,0.1281662288182227,HD 693,1.392,1.18,8,4
HD 693_4,2.1355917356095144,0.07278058917178215,HD 693,1.392,1.18,8,4
HD 693_4,2.1939751647443457,0.1999675293701129,HD 693,1.392,1.18,8,4
HD 693_4,2.114222148967345,0.11011078810641914,HD 693,1.392,1.18,8,4
HD 693_4,2.1298072232653014,0.09713080101617448,HD 693,1.392,1.18,8,4
HD 693_4,2.1572557869332063,0.1295687491051447,HD 693,1.392,1.18,8,4
HD 693_4,2.1640833099237073,0.11319579254159357,HD 693,1.392,1.18,8,4
HD 693_4,2.1231341313785395,0.12969078336574208,HD 693,1.392,1.18,8,4
HD 693_4,2.1647116814641794,0.1428505924369905,HD 693,1.392,1.18,8,4
HD 693_4,2.154892488001407,0.11795606820544552,HD 693,1.392,1.18,8,4
HD 693_4,2.1302660694653364,0.1325280753886287,HD 693,1.392,1.18,8,4
HD 693_4,2.128125990843421,0.06549049968771155,HD 693,1.392,1.18,8,4
HD 693_4,2.1359234558625007,0.09925035391586078,HD 693,1.392,1.18,8,4
HD 693_4,2.144525086099604,0.11440835334811081,HD 693,1.392,1.18,8,4
HD 693_4,2.113918385544453,0.15773097378616824,HD 693,1.392,1.18,8,4
HD 693_4,2.125205768041088,0.118227632361267,HD 693,1.392,1.18,8,4
HD 693_4,2.1660005617305678,0.1267212624492014,HD 693,1.392,1.18,8,4
HD 693_4,2.171245113104184,0.1558585050905414,HD 693,1.392,1.18,8,4
HD 693_4,2.1416425182217136,0.1336011499339661,HD 693,1.392,1.18,8,4
HD 693_4,2.1765111703474376,0.1467277589586965,HD 693,1.392,1.18,8,4
HD 693_4,2.1459223296336516,0.13733310312722885,HD 693,1.392,1.18,8,4
HD 693_4,2.166328632101876,0.10555758320564113,HD 693,1.392,1.18,8,4
HD 693_4,2.183589415052754,0.11933496178816448,HD 693,1.392,1.18,8,4
HD 693_4,2.1728108409161218,0.10832804403123313,HD 693,1.392,1.18,8,4
HD 693_4,2.170272591181857,0.07714151856290305,HD 693,1.392,1.18,8,4
HD 693_4,2.1556598584866875,0.07514616868286081,HD 693,1.392,1.18,8,4
HD 693_4,2.1641840238005727,0.1294507048682739,HD 693,1.392,1.18,8,4
HD 693_4,2.144869758602731,0.12060943083568713,HD 693,1.392,1.18,8,4
HD 693_4,2.0834837661114474,0.11825012147165728,HD 693,1.392,1.18,8,4
HD 693_4,2.110662136400818,0.10895461495462944,HD 693,1.392,1.18,8,4
HD 693_4,2.115484316903267,0.08548167662978692,HD 693,1.392,1.18,8,4
HD 693_4,2.1603932297331765,0.1350938600395733,HD 693,1.392,1.18,8,4
HD 693_4,2.099543650080132,0.1295527413453722,HD 693,1.392,1.18,8,4
HD 693_4,2.1135633021412845,0.08897863330346685,HD 693,1.392,1.18,8,4
HD 693_4,2.1636306734490374,0.11760592948009496,HD 693,1.392,1.18,8,4
HD 693_4,2.147241712752044,0.13676550833223391,HD 693,1.392,1.18,8,4
HD 693_4,2.145489275774702,0.10046684125900925,HD 693,1.392,1.18,8,4
HD 693_4,2.1518043532516153,0.10999128975638645,HD 693,1.392,1.18,8,4
HD 693_4,2.135374826872273,0.1061647852289014,HD 693,1.392,1.18,8,4
HD 693_4,2.14541875240595,0.10492260998941491,HD 693,1.392,1.18,8,4
HD 693_4,2.145030525637191,0.10128355348665397,HD 693,1.392,1.18,8,4
HD 693_4,2.1510587111767134,0.11297002701336739,HD 693,1.392,1.18,8,4
HD 693_4,2.1340385876619092,0.11668046679828119,HD 693,1.392,1.18,8,4
HD 693_4,2.1587968673735625,0.086279528184309,HD 693,1.392,1.18,8,4
HD 693_4,2.1456821691520496,0.0906744301530513,HD 693,1.392,1.18,8,4
HD 693_4,2.129431252465907,0.12686872080885492,HD 693,1.392,1.18,8,4
HD 693_4,2.170309951336206,0.10775417391831123,HD 693,1.392,1.18,8,4
HD 693_4,2.1589597262580096,0.12161069906391696,HD 693,1.392,1.18,8,4
HD 693_4,2.166573734934844,0.15073364336919504,HD 693,1.392,1.18,8,4
HD 693_4,2.1348114873710164,0.11263352861987148,HD 693,1.392,1.18,8,4
HD 693_4,2.138909587200824,0.11199982799808753,HD 693,1.392,1.18,8,4
HD 693_4,2.1576344072826408,0.11089967957255384,HD 693,1.392,1.18,8,4
HD 693_4,2.120796932430639,0.11303891285287336,HD 693,1.392,1.18,8,4
HD 693_4,2.1462651421039607,0.09359727324515742,HD 693,1.392,1.18,8,4
HD 693_4,2.155715438365206,0.10797249872743314,HD 693,1.392,1.18,8,4
HD 693_4,2.161470930254711,0.14206711181406104,HD 693,1.392,1.18,8,4
HD 693_4,2.1419550877522617,0.06468329481086998,HD 693,1.392,1.18,8,4
HD 693_4,2.163410018744546,0.12371792926547592,HD 693,1.392,1.18,8,4
HD 693_4,2.103745642787796,0.11029543779341,HD 693,1.392,1.18,8,4
HD 693_4,2.1336003015987304,0.12651120355367995,HD 693,1.392,1.18,8,4
HD 693_4,2.1795584846497262,0.12560787965722722,HD 693,1.392,1.18,8,4
HD 693_4,2.1547465446680447,0.13391188194588644,HD 693,1.392,1.18,8,4
HD 693_4,2.1601946084398995,0.11971305532033355,HD 693,1.392,1.18,8,4
HD 693_4,4.275733807038408,0.43533326938058403,HD 693,1.392,1.18,8,4
HD 693_4,2.1365214815700564,0.0915697654643331,HD 693,1.392,1.18,8,4
HD 693_4,2.121837081848277,0.14721128876671646,HD 693,1.392,1.18,8,4
HD 693_4,2.1478756027553048,0.11339079907119269,HD 693,1.392,1.18,8,4
HD 693_4,2.1503667762414875,0.12218374541391712,HD 693,1.392,1.18,8,4
HD 693_4,2.1406085410629605,0.13632090827383928,HD 693,1.392,1.18,8,4
HD 693_4,2.1362721659942068,0.07582044743407267,HD 693,1.392,1.18,8,4
HD 693_4,2.1588004597002413,0.12552288960027702,HD 693,1.392,1.18,8,4
HD 693_4,2.1736936084846117,0.1808086333263334,HD 693,1.392,1.18,8,4
HD 693_4,2.1219557522947983,0.10263200592691991,HD 693,1.392,1.18,8,4
HD 693_4,2.1374170664363454,0.10421272186529142,HD 693,1.392,1.18,8,4
HD 693_4,2.1121791918333415,0.10224762742233293,HD 693,1.392,1.18,8,4
HD 693_4,2.159272956729486,0.13018819120978073,HD 693,1.392,1.18,8,4
HD 693_4,2.148101719633044,0.10085583135135066,HD 693,1.392,1.18,8,4
HD 693_4,2.184325779194669,0.10637269876411494,HD 693,1.392,1.18,8,4
HD 693_4,2.074085478275325,0.1322383494374112,HD 693,1.392,1.18,8,4
HD 693_4,2.154474263334592,0.13260385525824192,HD 693,1.392,1.18,8,4
HD 693_4,2.162957304441002,0.13403793320251778,HD 693,1.392,1.18,8,4
HD 693_4,2.151422092089411,0.15048675231729644,HD 693,1.392,1.18,8,4
HD 693_4,2.19504635869994,0.24325192442259613,HD 693,1.392,1.18,8,4
HD 693_4,2.1539843484410803,0.10638563167108278,HD 693,1.392,1.18,8,4
HD 693_4,2.1436092949016885,0.10208545827214775,HD 693,1.392,1.18,8,4
HD 693_4,2.1399153380527274,0.10585064058408748,HD 693,1.392,1.18,8,4
HD 693_4,2.1723222764224044,0.09434779737345404,HD 693,1.392,1.18,8,4
HD 693_4,2.173390141020779,0.09563803482702747,HD 693,1.392,1.18,8,4
HD 693_4,2.124610094464817,0.100613246085826,HD 693,1.392,1.18,8,4
HD 693_4,2.129556470759158,0.10238712933071903,HD 693,1.392,1.18,8,4
HD 693_4,2.1499298431047524,0.05255132841488985,HD 693,1.392,1.18,8,4
HD 693_4,2.128506419319654,0.08620450648511965,HD 693,1.392,1.18,8,4
HD 693_4,2.1738287303626214,0.1452442765329538,HD 693,1.392,1.18,8,4
HD 693_4,2.1276175441003957,0.10694518472044391,HD 693,1.392,1.18,8,4
HD 693_4,2.1625213216528323,0.14052763662227635,HD 693,1.392,1.18,8,4
HD 693_4,2.1414000722878836,0.10727890047019842,HD 693,1.392,1.18,8,4
HD 693_4,2.139041378366651,0.11265327333223009,HD 693,1.392,1.18,8,4
HD 693_4,2.115889359311448,0.11932878354333896,HD 693,1.392,1.18,8,4
HD 693_4,2.117703877711716,0.11058429123250595,HD 693,1.392,1.18,8,4
HD 693_4,2.119206449384668,0.060353953913909984,HD 693,1.392,1.18,8,4
HD 693_4,2.1370903146155,0.10275250945404782,HD 693,1.392,1.18,8,4
HD 693_4,2.121614805308749,0.13263367133384696,HD 693,1.392,1.18,8,4
HD 693_4,2.1562961826853755,0.11252914798744808,HD 693,1.392,1.18,8,4
HD 693_4,2.1578582583508896,0.20007976100595282,HD 693,1.392,1.18,8,4
HD 693_4,2.121737070981398,0.1507280596229137,HD 693,1.392,1.18,8,4
HD 693_4,2.1528290621834305,0.06803471283592208,HD 693,1.392,1.18,8,4
HD 693_4,2.1757453313021498,0.09814035201417912,HD 693,1.392,1.18,8,4
HD 693_4,2.1679898183637363,0.17031617581420938,HD 693,1.392,1.18,8,4
HD 693_4,2.1906465485228805,0.21799123532026202,HD 693,1.392,1.18,8,4
HD 693_4,2.120449509531051,0.10460043588157171,HD 693,1.392,1.18,8,4
HD 693_4,2.1432428227182294,0.10825273562654622,HD 693,1.392,1.18,8,4
HD 693_4,2.144615931469338,0.08444153624910766,HD 693,1.392,1.18,8,4
HD 693_4,2.1019724559906137,0.10924125704050743,HD 693,1.392,1.18,8,4
HD 693_4,2.1248580174098852,0.08296906938982737,HD 693,1.392,1.18,8,4
HD 693_4,2.124486131190339,0.10603537870822323,HD 693,1.392,1.18,8,4
HD 693_4,2.1266198050942013,0.11289284588857962,HD 693,1.392,1.18,8,4
HD 693_4,2.1263587742938914,0.07877070584887362,HD 693,1.392,1.18,8,4
HD 693_4,2.1732078561276986,0.10248003247702778,HD 693,1.392,1.18,8,4
HD 693_4,2.1462989307846536,0.10549928535898408,HD 693,1.392,1.18,8,4
HD 693_4,2.1285737537952736,0.11156070464987493,HD 693,1.392,1.18,8,4
HD 693_4,2.135811836269717,0.09183364094440678,HD 693,1.392,1.18,8,4
HD 693_4,2.159441637935602,0.13497404592891826,HD 693,1.392,1.18,8,4
HD 693_4,2.1516443683979505,0.06031726715381778,HD 693,1.392,1.18,8,4
HD 693_4,2.1153331285992913,0.09001789715448645,HD 693,1.392,1.18,8,4
HD 693_4,2.1670434499670583,0.12737786201189116,HD 693,1.392,1.18,8,4
HD 693_4,2.1291835981023524,0.055689393624172134,HD 693,1.392,1.18,8,4
HD 693_4,2.1364159329217376,0.11886264802364789,HD 693,1.392,1.18,8,4
HD 693_4,2.1399556331398104,0.1472810218627277,HD 693,1.392,1.18,8,4
HD 693_4,2.1241498796147296,0.10807349425346534,HD 693,1.392,1.18,8,4
HD 693_4,2.1535049421585395,0.10142323232041918,HD 693,1.392,1.18,8,4
HD 693_4,2.139466073010592,0.08610484231356427,HD 693,1.392,1.18,8,4
HD 693_4,2.156544231928013,0.15963687949806424,HD 693,1.392,1.18,8,4
HD 693_4,2.115795955464402,0.1271213968258776,HD 693,1.392,1.18,8,4
HD 17206_0,2.090498129548868,0.09574426492531316,HD 17206,0.885,1.21,8,8
HD 17206_0,2.0907924581342066,0.0927994864210413,HD 17206,0.885,1.21,8,8
HD 17206_0,2.090595948802034,0.10091913880943428,HD 17206,0.885,1.21,8,8
HD 17206_0,2.0834823629126538,0.09274612130885528,HD 17206,0.885,1.21,8,8
HD 17206_0,2.080792675173537,0.10255994518961596,HD 17206,0.885,1.21,8,8
HD 17206_0,2.07887174230711,0.09481926233843352,HD 17206,0.885,1.21,8,8
HD 17206_0,2.0960354046357037,0.09503445979625279,HD 17206,0.885,1.21,8,8
HD 17206_0,2.0868037250762033,0.09908706678998809,HD 17206,0.885,1.21,8,8
HD 17206_0,2.0860490464875663,0.10078524649655513,HD 17206,0.885,1.21,8,8
HD 17206_0,2.091214081060108,0.07964019632717305,HD 17206,0.885,1.21,8,8
HD 17206_0,2.087574642661845,0.08882207238672873,HD 17206,0.885,1.21,8,8
HD 17206_0,2.0907847047681765,0.09236763327326415,HD 17206,0.885,1.21,8,8
HD 17206_0,2.086556401725402,0.1012565887742489,HD 17206,0.885,1.21,8,8
HD 17206_0,2.0908051429093812,0.09133736248640675,HD 17206,0.885,1.21,8,8
HD 17206_0,2.091371224450219,0.09479516520552664,HD 17206,0.885,1.21,8,8
HD 17206_0,2.091567704760793,0.0975891296570484,HD 17206,0.885,1.21,8,8
HD 17206_0,2.0908254500292696,0.08885018223393276,HD 17206,0.885,1.21,8,8
HD 17206_0,2.091258620145258,0.09749641085217564,HD 17206,0.885,1.21,8,8
HD 17206_0,2.0871687158274796,0.09726464681659282,HD 17206,0.885,1.21,8,8
HD 17206_0,2.085462255321351,0.09187477384826714,HD 17206,0.885,1.21,8,8
HD 17206_0,2.0932448095345157,0.08599903822464233,HD 17206,0.885,1.21,8,8
HD 17206_0,2.0912649287434397,0.09423545432252423,HD 17206,0.885,1.21,8,8
HD 17206_0,2.0869160734264125,0.0944591486907754,HD 17206,0.885,1.21,8,8
HD 17206_0,2.09095677300001,0.10144620121092816,HD 17206,0.885,1.21,8,8
HD 17206_0,2.092893853980232,0.09966591741709743,HD 17206,0.885,1.21,8,8
HD 17206_0,2.0856665291581247,0.09179805634520165,HD 17206,0.885,1.21,8,8
HD 17206_0,2.0885398818944374,0.09319081204230617,HD 17206,0.885,1.21,8,8
HD 17206_0,2.0922597657069257,0.09825082624634258,HD 17206,0.885,1.21,8,8
HD 17206_0,2.0884056333046037,0.09425520613120322,HD 17206,0.885,1.21,8,8
HD 17206_0,2.088305064739643,0.08820374670978505,HD 17206,0.885,1.21,8,8
HD 17206_0,2.0885392013966166,0.0877733165146776,HD 17206,0.885,1.21,8,8
HD 17206_0,2.094273457496768,0.09961404622021965,HD 17206,0.885,1.21,8,8
HD 17206_0,2.09379783100374,0.09279693996866524,HD 17206,0.885,1.21,8,8
HD 17206_0,2.0921905393538447,0.10724974386646677,HD 17206,0.885,1.21,8,8
HD 17206_0,2.0901218651783986,0.09435187717069111,HD 17206,0.885,1.21,8,8
HD 17206_0,2.0867852602021664,0.08105984847929679,HD 17206,0.885,1.21,8,8
HD 17206_0,2.0863041896455847,0.08688374555122472,HD 17206,0.885,1.21,8,8
HD 17206_0,2.086475614047964,0.0893339388731414,HD 17206,0.885,1.21,8,8
HD 17206_0,2.091917882295697,0.09887750676429204,HD 17206,0.885,1.21,8,8
HD 17206_0,2.0888429524916243,0.09840136264774306,HD 17206,0.885,1.21,8,8
HD 17206_0,2.0926179515017647,0.09025395747537565,HD 17206,0.885,1.21,8,8
HD 17206_0,2.084292361246561,0.08431740203505199,HD 17206,0.885,1.21,8,8
HD 17206_0,2.0911741454054287,0.08805268791370408,HD 17206,0.885,1.21,8,8
HD 17206_0,2.0905933264530625,0.09235560635152933,HD 17206,0.885,1.21,8,8
HD 17206_0,2.090986649906942,0.09064368676731746,HD 17206,0.885,1.21,8,8
HD 17206_0,2.087596188743149,0.10421581328399651,HD 17206,0.885,1.21,8,8
HD 17206_0,2.092879180321463,0.09187905039699687,HD 17206,0.885,1.21,8,8
HD 17206_0,2.097236843856233,0.0869036482348232,HD 17206,0.885,1.21,8,8
HD 17206_0,2.087718818607935,0.10158641294025941,HD 17206,0.885,1.21,8,8
HD 17206_0,2.0895741256628115,0.09497223796298182,HD 17206,0.885,1.21,8,8
HD 17206_0,2.0899075898379715,0.09126149336695569,HD 17206,0.885,1.21,8,8
HD 17206_0,2.087139268390797,0.09368688564577614,HD 17206,0.885,1.21,8,8
HD 17206_0,2.0926026008688163,0.09632120258150867,HD 17206,0.885,1.21,8,8
HD 17206_0,2.0887916244078784,0.08974695089291618,HD 17206,0.885,1.21,8,8
HD 17206_0,2.087220461904974,0.09684174355609125,HD 17206,0.885,1.21,8,8
HD 17206_0,2.0854701133240914,0.08334239074189484,HD 17206,0.885,1.21,8,8
HD 17206_0,2.0838644659826544,0.08664949497237656,HD 17206,0.885,1.21,8,8
HD 17206_0,2.08679087680212,0.10185965416233413,HD 17206,0.885,1.21,8,8
HD 17206_0,2.088764673046068,0.08729804373758358,HD 17206,0.885,1.21,8,8
HD 17206_0,2.0894863346584325,0.08597369901166209,HD 17206,0.885,1.21,8,8
HD 17206_0,2.0899231873964,0.08681117685018987,HD 17206,0.885,1.21,8,8
HD 17206_0,2.092308821925354,0.09122525115268135,HD 17206,0.885,1.21,8,8
HD 17206_0,2.090066402051015,0.08949971342442674,HD 17206,0.885,1.21,8,8
HD 17206_0,2.0867756241752544,0.0966791632829936,HD 17206,0.885,1.21,8,8
HD 17206_0,2.0879604300309706,0.0858480602312802,HD 17206,0.885,1.21,8,8
HD 17206_0,2.092380654887064,0.09956019321088058,HD 17206,0.885,1.21,8,8
HD 17206_0,2.0826800900100784,0.09192413684317205,HD 17206,0.885,1.21,8,8
HD 17206_0,2.0843036221991453,0.09399900540360379,HD 17206,0.885,1.21,8,8
HD 17206_0,2.0879711084873396,0.08553395143227517,HD 17206,0.885,1.21,8,8
HD 17206_0,2.0871201987187624,0.09600008634299749,HD 17206,0.885,1.21,8,8
HD 17206_0,2.0881125545158348,0.08219215516904362,HD 17206,0.885,1.21,8,8
HD 17206_0,2.085672239602675,0.09127580054495206,HD 17206,0.885,1.21,8,8
HD 17206_0,2.0921977236956333,0.08196759458691913,HD 17206,0.885,1.21,8,8
HD 17206_0,2.0934949360910826,0.08378404648804826,HD 17206,0.885,1.21,8,8
HD 17206_0,2.0919834520109286,0.08871817455540933,HD 17206,0.885,1.21,8,8
HD 17206_0,2.092701030433976,0.09229009564211832,HD 17206,0.885,1.21,8,8
HD 17206_0,2.089482820463909,0.09337211631524367,HD 17206,0.885,1.21,8,8
HD 17206_0,2.0841325523284997,0.10421595074335054,HD 17206,0.885,1.21,8,8
HD 17206_0,2.084794242686308,0.0900597295396438,HD 17206,0.885,1.21,8,8
HD 17206_0,2.0877950085635075,0.10609729189191133,HD 17206,0.885,1.21,8,8
HD 17206_0,2.0866680744346633,0.09151387052048528,HD 17206,0.885,1.21,8,8
HD 17206_0,2.092093503190202,0.09754178569465045,HD 17206,0.885,1.21,8,8
HD 17206_0,2.0857759762349155,0.09109681405810902,HD 17206,0.885,1.21,8,8
HD 17206_0,2.089480031613585,0.08527651261717177,HD 17206,0.885,1.21,8,8
HD 17206_0,2.087729863271464,0.09334857887108008,HD 17206,0.885,1.21,8,8
HD 17206_0,2.090294577154373,0.09515229432501307,HD 17206,0.885,1.21,8,8
HD 17206_0,2.086713443532978,0.09371846837413275,HD 17206,0.885,1.21,8,8
HD 17206_0,2.0956935062658926,0.09241451651882195,HD 17206,0.885,1.21,8,8
HD 17206_0,2.09253615840066,0.09377049435269096,HD 17206,0.885,1.21,8,8
HD 17206_0,2.08772439324759,0.09530682917701967,HD 17206,0.885,1.21,8,8
HD 17206_0,2.089186606541179,0.09108341823949138,HD 17206,0.885,1.21,8,8
HD 17206_0,2.087837137672648,0.08880798655718365,HD 17206,0.885,1.21,8,8
HD 17206_0,2.0905344507159502,0.08761316421970104,HD 17206,0.885,1.21,8,8
HD 17206_0,2.094090430454386,0.10925899371692653,HD 17206,0.885,1.21,8,8
HD 17206_0,2.0907018355764713,0.08694369387431675,HD 17206,0.885,1.21,8,8
HD 17206_0,2.0874630421640994,0.08636302767389833,HD 17206,0.885,1.21,8,8
HD 17206_0,2.087397770118227,0.08796971899552088,HD 17206,0.885,1.21,8,8
HD 17206_0,2.0917117461811756,0.08651236208297838,HD 17206,0.885,1.21,8,8
HD 17206_0,2.092744120793264,0.08816341442297936,HD 17206,0.885,1.21,8,8
HD 17206_0,2.088307868916739,0.09301090911426228,HD 17206,0.885,1.21,8,8
HD 17206_0,2.09208440841205,0.09767144143178459,HD 17206,0.885,1.21,8,8
HD 17206_0,2.0910299428048553,0.09623523240983063,HD 17206,0.885,1.21,8,8
HD 17206_0,2.0894426998488207,0.07881481326143137,HD 17206,0.885,1.21,8,8
HD 17206_0,2.0909162929058165,0.09066108229890762,HD 17206,0.885,1.21,8,8
HD 17206_0,2.093689180214825,0.08880288092848498,HD 17206,0.885,1.21,8,8
HD 17206_0,2.0874715477970494,0.09367965026306498,HD 17206,0.885,1.21,8,8
HD 17206_0,2.0867333011779183,0.10322641227856082,HD 17206,0.885,1.21,8,8
HD 17206_0,2.084758799103108,0.09440580296003155,HD 17206,0.885,1.21,8,8
HD 17206_0,2.091731064724657,0.09453198235495815,HD 17206,0.885,1.21,8,8
HD 17206_0,2.0907011188301428,0.10316535195659904,HD 17206,0.885,1.21,8,8
HD 17206_0,2.099371580826291,0.09911519972342486,HD 17206,0.885,1.21,8,8
HD 17206_0,2.0906792744496276,0.09446263290714836,HD 17206,0.885,1.21,8,8
HD 17206_0,2.0848453637650537,0.09318018939007106,HD 17206,0.885,1.21,8,8
HD 17206_0,2.092418670050684,0.08036686399422843,HD 17206,0.885,1.21,8,8
HD 17206_0,2.090531604997943,0.0944627915371618,HD 17206,0.885,1.21,8,8
HD 17206_0,2.092039373473416,0.08026944933960926,HD 17206,0.885,1.21,8,8
HD 17206_0,2.0887511090800994,0.09378644706468599,HD 17206,0.885,1.21,8,8
HD 17206_0,2.0873903204925326,0.08859499716947644,HD 17206,0.885,1.21,8,8
HD 17206_0,2.0888937350019976,0.1023861159997873,HD 17206,0.885,1.21,8,8
HD 17206_0,2.089734756332923,0.09819377293581402,HD 17206,0.885,1.21,8,8
HD 17206_0,2.090060938564294,0.09816064191432784,HD 17206,0.885,1.21,8,8
HD 17206_0,2.0919691473475646,0.09538677750819667,HD 17206,0.885,1.21,8,8
HD 17206_0,2.0856918314187323,0.09304642966398446,HD 17206,0.885,1.21,8,8
HD 17206_0,2.0922807963847405,0.104212680834937,HD 17206,0.885,1.21,8,8
HD 17206_0,2.088229771557317,0.09534064103701995,HD 17206,0.885,1.21,8,8
HD 17206_0,2.088651611503526,0.09156717022458083,HD 17206,0.885,1.21,8,8
HD 17206_0,2.0891136334134357,0.09917608760200444,HD 17206,0.885,1.21,8,8
HD 17206_0,2.0871035711817703,0.08333296761297163,HD 17206,0.885,1.21,8,8
HD 17206_0,2.087851441339278,0.09183873144657163,HD 17206,0.885,1.21,8,8
HD 17206_0,2.092920270253116,0.09424827935940275,HD 17206,0.885,1.21,8,8
HD 17206_0,2.0917857181857924,0.09542010663204815,HD 17206,0.885,1.21,8,8
HD 17206_0,2.0873963176105663,0.08879608937883819,HD 17206,0.885,1.21,8,8
HD 17206_0,2.089756981877126,0.09104915078828626,HD 17206,0.885,1.21,8,8
HD 17206_0,2.089155734900756,0.1000293606732098,HD 17206,0.885,1.21,8,8
HD 17206_0,2.0836192800064226,0.08951755957263963,HD 17206,0.885,1.21,8,8
HD 17206_0,2.0906156350423295,0.08329720962248731,HD 17206,0.885,1.21,8,8
HD 17206_0,2.0876779663572114,0.07976880970623121,HD 17206,0.885,1.21,8,8
HD 17206_0,2.087024162325684,0.0809394533692461,HD 17206,0.885,1.21,8,8
HD 17206_0,2.0898580493357186,0.09048894594152701,HD 17206,0.885,1.21,8,8
HD 17206_0,2.084581816526919,0.08693575564009538,HD 17206,0.885,1.21,8,8
HD 17206_0,2.0898496059978307,0.09646624281474891,HD 17206,0.885,1.21,8,8
HD 17206_0,2.08415974172592,0.09289087947407836,HD 17206,0.885,1.21,8,8
HD 17206_0,2.084874771242261,0.08787917355231792,HD 17206,0.885,1.21,8,8
HD 17206_0,2.0919722966066154,0.09197786155386344,HD 17206,0.885,1.21,8,8
HD 17206_0,2.086224555563165,0.09605943347421586,HD 17206,0.885,1.21,8,8
HD 17206_0,2.0861648314956063,0.10018448452574887,HD 17206,0.885,1.21,8,8
HD 17206_0,2.0880908975032977,0.09270294289743976,HD 17206,0.885,1.21,8,8
HD 17206_0,2.0847682873200672,0.10170543018352307,HD 17206,0.885,1.21,8,8
HD 17206_0,2.093549029171593,0.08633920134563414,HD 17206,0.885,1.21,8,8
HD 17206_0,2.0861731218952313,0.09057489750953815,HD 17206,0.885,1.21,8,8
HD 17206_0,2.0924065349128984,0.09748057389328771,HD 17206,0.885,1.21,8,8
HD 17206_0,2.0871790624919186,0.09114961262771656,HD 17206,0.885,1.21,8,8
HD 17206_0,2.094599075832186,0.09531535611247605,HD 17206,0.885,1.21,8,8
HD 17206_0,2.092998362952812,0.09293694401528194,HD 17206,0.885,1.21,8,8
HD 17206_0,2.089289410129838,0.09989351792140398,HD 17206,0.885,1.21,8,8
HD 17206_0,2.088913476515212,0.09511774487310459,HD 17206,0.885,1.21,8,8
HD 17206_0,2.087525445269852,0.10479053255058489,HD 17206,0.885,1.21,8,8
HD 17206_0,2.090680383346902,0.09410108100416419,HD 17206,0.885,1.21,8,8
HD 17206_0,2.0938652343459685,0.09596667965259034,HD 17206,0.885,1.21,8,8
HD 17206_0,2.0883085606642817,0.08914223436325347,HD 17206,0.885,1.21,8,8
HD 17206_0,2.0870508338604705,0.08985698419869796,HD 17206,0.885,1.21,8,8
HD 17206_0,2.091580246984178,0.08984119081267562,HD 17206,0.885,1.21,8,8
HD 17206_0,2.089405674955206,0.09242415445299132,HD 17206,0.885,1.21,8,8
HD 17206_0,2.089282382037094,0.09680696711416652,HD 17206,0.885,1.21,8,8
HD 17206_0,2.0908762849108182,0.08235404497245213,HD 17206,0.885,1.21,8,8
HD 17206_0,2.082005299699208,0.09525828151481834,HD 17206,0.885,1.21,8,8
HD 17206_0,2.091615923897093,0.09251031308135112,HD 17206,0.885,1.21,8,8
HD 17206_0,2.0847619263823844,0.10195853281007909,HD 17206,0.885,1.21,8,8
HD 17206_0,2.090322153816931,0.09552210490579854,HD 17206,0.885,1.21,8,8
HD 17206_0,2.085277147107897,0.10911239495855807,HD 17206,0.885,1.21,8,8
HD 17206_0,2.087501629910614,0.08601373037834628,HD 17206,0.885,1.21,8,8
HD 17206_0,2.0895264574216896,0.09907038942385026,HD 17206,0.885,1.21,8,8
HD 17206_0,2.090553293331509,0.09458013371918808,HD 17206,0.885,1.21,8,8
HD 17206_0,2.0893861390536035,0.0891337688186459,HD 17206,0.885,1.21,8,8
HD 17206_0,2.0863119565896424,0.09199167132739987,HD 17206,0.885,1.21,8,8
HD 17206_0,2.089351840949761,0.09069026084888307,HD 17206,0.885,1.21,8,8
HD 17206_0,2.0868131535732797,0.08913915065806957,HD 17206,0.885,1.21,8,8
HD 17206_0,2.086857991434858,0.07483522001170292,HD 17206,0.885,1.21,8,8
HD 17206_0,2.088284267760553,0.08186279758229241,HD 17206,0.885,1.21,8,8
HD 17206_0,2.0933353959625505,0.09812005323150982,HD 17206,0.885,1.21,8,8
HD 17206_0,2.092220013191316,0.09443458465520667,HD 17206,0.885,1.21,8,8
HD 17206_0,2.094513385198753,0.09244991850816388,HD 17206,0.885,1.21,8,8
HD 17206_0,2.091266489364586,0.09226520126341485,HD 17206,0.885,1.21,8,8
HD 17206_0,2.084353849970918,0.09955982204193337,HD 17206,0.885,1.21,8,8
HD 17206_0,2.092233184924222,0.1004638785048484,HD 17206,0.885,1.21,8,8
HD 17206_0,2.089160183176443,0.08531630516907221,HD 17206,0.885,1.21,8,8
HD 17206_0,2.083838751720035,0.08251154006038962,HD 17206,0.885,1.21,8,8
HD 17206_0,2.0919315596989905,0.10149104683013642,HD 17206,0.885,1.21,8,8
HD 17206_0,2.0907056237337915,0.08481042998674548,HD 17206,0.885,1.21,8,8
HD 17206_0,2.0844293022297755,0.09529522599215935,HD 17206,0.885,1.21,8,8
HD 17206_0,2.086627270789427,0.08786712564798518,HD 17206,0.885,1.21,8,8
HD 17206_0,2.0927616645357148,0.09363062743680271,HD 17206,0.885,1.21,8,8
HD 17206_0,2.0821732141763873,0.11033264408275836,HD 17206,0.885,1.21,8,8
HD 17206_0,2.089575958708031,0.10051306594582363,HD 17206,0.885,1.21,8,8
HD 17206_0,2.091874735726325,0.08323628265563272,HD 17206,0.885,1.21,8,8
HD 17206_0,2.089757359059772,0.09488076473332877,HD 17206,0.885,1.21,8,8
HD 17206_0,2.0841228959956095,0.08847222981170981,HD 17206,0.885,1.21,8,8
HD 17206_0,2.0892683663052587,0.10067560342517881,HD 17206,0.885,1.21,8,8
HD 17206_0,2.089274079238712,0.0931761548287848,HD 17206,0.885,1.21,8,8
HD 17206_0,2.0853115446913337,0.08308698947861351,HD 17206,0.885,1.21,8,8
HD 17206_0,2.087333344672453,0.09185634937479538,HD 17206,0.885,1.21,8,8
HD 17206_0,2.086670982940267,0.0951730836106874,HD 17206,0.885,1.21,8,8
HD 17206_0,2.0940865230146435,0.08556032562563394,HD 17206,0.885,1.21,8,8
HD 17206_0,2.0907507767188043,0.09372353363341633,HD 17206,0.885,1.21,8,8
HD 17206_0,2.0836996973081634,0.09570458606021924,HD 17206,0.885,1.21,8,8
HD 17206_0,2.0881180771422594,0.08135574410307048,HD 17206,0.885,1.21,8,8
HD 17206_0,2.094034467495313,0.10307717659827734,HD 17206,0.885,1.21,8,8
HD 17206_0,2.0875128495082,0.0851985054318373,HD 17206,0.885,1.21,8,8
HD 17206_0,2.0893661087438606,0.09572861278780806,HD 17206,0.885,1.21,8,8
HD 17206_0,2.0931317051443186,0.08376005381273582,HD 17206,0.885,1.21,8,8
HD 17206_0,2.0913795493040523,0.09671686954836708,HD 17206,0.885,1.21,8,8
HD 17206_0,2.0888018174381466,0.09507109617128107,HD 17206,0.885,1.21,8,8
HD 17206_0,2.0930707937157575,0.08030123255071067,HD 17206,0.885,1.21,8,8
HD 17206_0,2.0891026059855498,0.0910202234526603,HD 17206,0.885,1.21,8,8
HD 17206_0,2.0903976368104566,0.09993084418947111,HD 17206,0.885,1.21,8,8
HD 17206_0,2.0900388047279224,0.0892890986310158,HD 17206,0.885,1.21,8,8
HD 17206_0,2.0877882319210275,0.09193549905633683,HD 17206,0.885,1.21,8,8
HD 17206_0,2.080149401045769,0.09188098676248652,HD 17206,0.885,1.21,8,8
HD 17206_0,2.09189226249533,0.10137013103768816,HD 17206,0.885,1.21,8,8
HD 17206_0,2.088615839365974,0.08705042162868931,HD 17206,0.885,1.21,8,8
HD 17206_0,2.086731708320569,0.09694838828123258,HD 17206,0.885,1.21,8,8
HD 17206_0,2.0901426350187897,0.0893545428505539,HD 17206,0.885,1.21,8,8
HD 17206_0,2.092870616066681,0.09912921302095348,HD 17206,0.885,1.21,8,8
HD 17206_0,2.0860192875284254,0.09280278616619797,HD 17206,0.885,1.21,8,8
HD 17206_0,2.090492647269151,0.09779876260936825,HD 17206,0.885,1.21,8,8
HD 17206_0,2.089713610972949,0.09013489991493549,HD 17206,0.885,1.21,8,8
HD 17206_0,2.0857508146997072,0.0853328731347702,HD 17206,0.885,1.21,8,8
HD 17206_0,2.0868777120538176,0.09186334659695783,HD 17206,0.885,1.21,8,8
HD 17206_0,2.0863399177096134,0.0890106314154933,HD 17206,0.885,1.21,8,8
HD 17206_0,2.0904697427746806,0.09262776183045243,HD 17206,0.885,1.21,8,8
HD 17206_0,2.088484370619713,0.08780103299687067,HD 17206,0.885,1.21,8,8
HD 17206_0,2.0929158579356084,0.09394665171861055,HD 17206,0.885,1.21,8,8
HD 17206_0,2.092303081252791,0.09291581602113462,HD 17206,0.885,1.21,8,8
HD 17206_0,2.089667534164724,0.08465816984422052,HD 17206,0.885,1.21,8,8
HD 17206_0,2.088113692445625,0.08973106383289475,HD 17206,0.885,1.21,8,8
HD 17206_0,2.0938985524473654,0.08109048606311078,HD 17206,0.885,1.21,8,8
HD 17206_0,2.0863885757916116,0.09563721403703622,HD 17206,0.885,1.21,8,8
HD 17206_0,2.0870320337373234,0.09959221022226797,HD 17206,0.885,1.21,8,8
HD 17206_0,2.087721912305565,0.08609935735646426,HD 17206,0.885,1.21,8,8
HD 17206_0,2.090798754526754,0.0952021016568373,HD 17206,0.885,1.21,8,8
HD 17206_0,2.0910129741542924,0.09924472268461666,HD 17206,0.885,1.21,8,8
HD 17206_0,2.0870023212998947,0.09289880193243913,HD 17206,0.885,1.21,8,8
HD 17206_0,2.0828408144149653,0.08849601323859835,HD 17206,0.885,1.21,8,8
HD 17206_0,2.0910095431735574,0.09319993958278167,HD 17206,0.885,1.21,8,8
HD 17206_0,2.084108561587398,0.11038940447469898,HD 17206,0.885,1.21,8,8
HD 17206_0,2.0876251268775654,0.0760994910769136,HD 17206,0.885,1.21,8,8
HD 17206_0,2.090289757054743,0.09028260172665341,HD 17206,0.885,1.21,8,8
HD 17206_0,2.083552854716338,0.08384434229459825,HD 17206,0.885,1.21,8,8
HD 17206_0,2.090347133119979,0.0799137861132816,HD 17206,0.885,1.21,8,8
HD 17206_0,2.0859992583190223,0.09047158799940026,HD 17206,0.885,1.21,8,8
HD 17206_0,2.0909687716820677,0.09212475275547084,HD 17206,0.885,1.21,8,8
HD 17206_0,2.083640311792388,0.09386783331937175,HD 17206,0.885,1.21,8,8
HD 17206_0,2.0916119505362216,0.09455854294771249,HD 17206,0.885,1.21,8,8
HD 17206_0,2.0901119600194358,0.09287275933713275,HD 17206,0.885,1.21,8,8
HD 17206_0,2.093873472147084,0.08392249590598323,HD 17206,0.885,1.21,8,8
HD 17206_0,2.088259145071393,0.09524589565607623,HD 17206,0.885,1.21,8,8
HD 17206_0,2.0776944440126703,0.09577800613273821,HD 17206,0.885,1.21,8,8
HD 17206_0,2.0824604380309073,0.091892594491258,HD 17206,0.885,1.21,8,8
HD 17206_0,2.0897029908900135,0.08952907851563172,HD 17206,0.885,1.21,8,8
HD 17206_0,2.0887551427948807,0.09556663351078103,HD 17206,0.885,1.21,8,8
HD 17206_0,2.08308890141929,0.08827353502550137,HD 17206,0.885,1.21,8,8
HD 17206_0,2.0903527733403435,0.09062181628881823,HD 17206,0.885,1.21,8,8
HD 17206_0,2.0923342069742765,0.08286390546083752,HD 17206,0.885,1.21,8,8
HD 17206_0,2.086703852867013,0.07763275294627531,HD 17206,0.885,1.21,8,8
HD 17206_0,2.08856408544257,0.0926601150900037,HD 17206,0.885,1.21,8,8
HD 17206_0,2.0932289507977027,0.09149730829321664,HD 17206,0.885,1.21,8,8
HD 17206_0,2.089158993367854,0.08121360583858205,HD 17206,0.885,1.21,8,8
HD 17206_0,2.090418141960437,0.08523580467250497,HD 17206,0.885,1.21,8,8
HD 17206_0,2.0867935435109324,0.1000135828902967,HD 17206,0.885,1.21,8,8
HD 17206_0,2.0889211720285408,0.09443678569660129,HD 17206,0.885,1.21,8,8
HD 17206_0,2.0867529031731107,0.08344578295432448,HD 17206,0.885,1.21,8,8
HD 17206_0,2.0874320446841494,0.07878962085253353,HD 17206,0.885,1.21,8,8
HD 17206_0,2.0886866012513035,0.08211084222666251,HD 17206,0.885,1.21,8,8
HD 17206_0,2.093392988852335,0.09020864508786049,HD 17206,0.885,1.21,8,8
HD 17206_0,2.0854675383888384,0.10382594135916928,HD 17206,0.885,1.21,8,8
HD 17206_0,2.0881060777516693,0.08652933877223906,HD 17206,0.885,1.21,8,8
HD 17206_0,2.0854712983311803,0.09187393541418135,HD 17206,0.885,1.21,8,8
HD 17206_0,2.0831763763193862,0.08846498633674948,HD 17206,0.885,1.21,8,8
HD 17206_0,2.0853354465799,0.09330121242379619,HD 17206,0.885,1.21,8,8
HD 17206_0,2.0911502658360503,0.08613084604027339,HD 17206,0.885,1.21,8,8
HD 17206_0,2.0853284405319266,0.09168204836987347,HD 17206,0.885,1.21,8,8
HD 17206_0,2.087588974868839,0.0889257606177735,HD 17206,0.885,1.21,8,8
HD 17206_0,2.0904673963908094,0.09238752451183589,HD 17206,0.885,1.21,8,8
HD 17206_0,2.088242520660351,0.08589137448070809,HD 17206,0.885,1.21,8,8
HD 17206_0,2.093941449817887,0.0965762207319282,HD 17206,0.885,1.21,8,8
HD 17206_0,2.0898587129029336,0.099311069087286,HD 17206,0.885,1.21,8,8
HD 17206_0,2.098337559221916,0.09029968816787938,HD 17206,0.885,1.21,8,8
HD 17206_0,2.094641963653667,0.09291182801616973,HD 17206,0.885,1.21,8,8
HD 17206_0,2.0866857136706227,0.09056980373399935,HD 17206,0.885,1.21,8,8
HD 17206_0,2.085239499758158,0.09501764906385679,HD 17206,0.885,1.21,8,8
HD 17206_0,2.0913400477418556,0.09074452022232019,HD 17206,0.885,1.21,8,8
HD 17206_0,2.0910368004412048,0.10251001532796794,HD 17206,0.885,1.21,8,8
HD 17206_0,2.089511910512124,0.09806777843856265,HD 17206,0.885,1.21,8,8
HD 17206_0,2.088294449975637,0.08565891606514665,HD 17206,0.885,1.21,8,8
HD 17206_0,2.0919674317458354,0.08876272692357347,HD 17206,0.885,1.21,8,8
HD 17206_0,2.0898683070715527,0.08951375672429389,HD 17206,0.885,1.21,8,8
HD 17206_0,2.089685145875163,0.09242492288425598,HD 17206,0.885,1.21,8,8
HD 17206_0,2.086925694432632,0.08638260803646379,HD 17206,0.885,1.21,8,8
HD 17206_0,2.093542389171247,0.09076587808024776,HD 17206,0.885,1.21,8,8
HD 17206_0,2.0854949319557825,0.08667136476182456,HD 17206,0.885,1.21,8,8
HD 17206_0,2.0944459690688384,0.10018815526318813,HD 17206,0.885,1.21,8,8
HD 17206_0,2.0910870987001693,0.09634413719971875,HD 17206,0.885,1.21,8,8
HD 17206_0,2.094192474216207,0.09085649999595151,HD 17206,0.885,1.21,8,8
HD 17206_0,2.0954580550677337,0.10332399579723793,HD 17206,0.885,1.21,8,8
HD 17206_0,2.090509351225473,0.09520345969755757,HD 17206,0.885,1.21,8,8
HD 17206_0,2.0888296369000443,0.09787243868642989,HD 17206,0.885,1.21,8,8
HD 17206_0,2.0857470151904596,0.10317486208071112,HD 17206,0.885,1.21,8,8
HD 17206_0,2.0897040722885594,0.0801113960855703,HD 17206,0.885,1.21,8,8
HD 17206_0,2.088437091195944,0.08113322742400264,HD 17206,0.885,1.21,8,8
HD 17206_0,2.088572679280782,0.08965147417684428,HD 17206,0.885,1.21,8,8
HD 17206_0,2.0910360524886866,0.07995398125748794,HD 17206,0.885,1.21,8,8
HD 17206_0,2.0855731376820166,0.09741663089144165,HD 17206,0.885,1.21,8,8
HD 17206_0,2.088837367979803,0.08811841577291124,HD 17206,0.885,1.21,8,8
HD 17206_0,2.0940123178351757,0.09502056965697367,HD 17206,0.885,1.21,8,8
HD 17206_0,2.0830047939814005,0.09323287322123887,HD 17206,0.885,1.21,8,8
HD 17206_0,2.088496777743256,0.09502433193662504,HD 17206,0.885,1.21,8,8
HD 17206_0,2.0887115592717067,0.0897221187926753,HD 17206,0.885,1.21,8,8
HD 17206_0,2.087776256467232,0.10391336800322613,HD 17206,0.885,1.21,8,8
HD 17206_0,2.0849867712368284,0.09184975354629321,HD 17206,0.885,1.21,8,8
HD 17206_0,2.085876900701111,0.09083170459255972,HD 17206,0.885,1.21,8,8
HD 17206_0,2.0909260079899137,0.08488321375483868,HD 17206,0.885,1.21,8,8
HD 17206_0,2.08716903498644,0.09715256152666123,HD 17206,0.885,1.21,8,8
HD 17206_0,2.088279958291708,0.09996490800124276,HD 17206,0.885,1.21,8,8
HD 17206_0,2.0910099430244062,0.09527696733906103,HD 17206,0.885,1.21,8,8
HD 17206_0,2.0912142167762244,0.0857217700787159,HD 17206,0.885,1.21,8,8
HD 17206_0,2.0895879564283844,0.09361682152011093,HD 17206,0.885,1.21,8,8
HD 17206_0,2.088655460216561,0.08968571535820663,HD 17206,0.885,1.21,8,8
HD 17206_0,2.0924214716817935,0.08633737849030979,HD 17206,0.885,1.21,8,8
HD 17206_0,2.0911711064920038,0.09318976120543396,HD 17206,0.885,1.21,8,8
HD 17206_0,2.0856572062745267,0.08822719241124545,HD 17206,0.885,1.21,8,8
HD 17206_0,2.0866127608232614,0.09454687708025768,HD 17206,0.885,1.21,8,8
HD 17206_0,2.087839634724205,0.0927186014481919,HD 17206,0.885,1.21,8,8
HD 17206_0,2.087215522666225,0.09261747892111019,HD 17206,0.885,1.21,8,8
HD 17206_0,2.08895203398305,0.08344619816150094,HD 17206,0.885,1.21,8,8
HD 17206_0,2.092126292154356,0.09399866363467142,HD 17206,0.885,1.21,8,8
HD 17206_0,2.0847372909222055,0.09711920765473728,HD 17206,0.885,1.21,8,8
HD 17206_0,2.0905872516727655,0.08687451727310863,HD 17206,0.885,1.21,8,8
HD 17206_0,2.08683297107406,0.09071022003797685,HD 17206,0.885,1.21,8,8
HD 17206_0,2.0889216296983806,0.08170300942276558,HD 17206,0.885,1.21,8,8
HD 17206_0,2.083474556814211,0.09600224999853406,HD 17206,0.885,1.21,8,8
HD 17206_0,2.0921119809941304,0.09037712151713911,HD 17206,0.885,1.21,8,8
HD 17206_0,2.090958109413706,0.10100384551283546,HD 17206,0.885,1.21,8,8
HD 17206_0,2.0866352446879324,0.08324800759075338,HD 17206,0.885,1.21,8,8
HD 17206_0,2.0927101053294246,0.1014070391678518,HD 17206,0.885,1.21,8,8
HD 17206_0,2.0921597613798695,0.0926852731267437,HD 17206,0.885,1.21,8,8
HD 17206_0,2.0890512338184446,0.08636723289733787,HD 17206,0.885,1.21,8,8
HD 17206_0,2.0885052599578127,0.09500548280104831,HD 17206,0.885,1.21,8,8
HD 17206_0,2.0867076957761284,0.10351996391835824,HD 17206,0.885,1.21,8,8
HD 17206_0,2.0900590516687387,0.09150777737072509,HD 17206,0.885,1.21,8,8
HD 17206_0,2.087257930909024,0.07859746102382853,HD 17206,0.885,1.21,8,8
HD 17206_0,2.0911132306262883,0.09386718767177932,HD 17206,0.885,1.21,8,8
HD 17206_0,2.0907999413455514,0.09199560007405162,HD 17206,0.885,1.21,8,8
HD 17206_0,2.087462064797831,0.09377993554944135,HD 17206,0.885,1.21,8,8
HD 17206_0,2.086110469091378,0.08699785187290941,HD 17206,0.885,1.21,8,8
HD 17206_0,2.086731849192218,0.08902609981805762,HD 17206,0.885,1.21,8,8
HD 17206_0,2.090414078842513,0.09563369725533777,HD 17206,0.885,1.21,8,8
HD 17206_0,2.085610733011034,0.09349459211252105,HD 17206,0.885,1.21,8,8
HD 17206_0,2.0835163454455685,0.09951491202935124,HD 17206,0.885,1.21,8,8
HD 17206_0,2.0935616850724474,0.09619590325174279,HD 17206,0.885,1.21,8,8
HD 17206_0,2.0923143833958298,0.10266691145777454,HD 17206,0.885,1.21,8,8
HD 17206_0,2.09480016671722,0.08770011248062112,HD 17206,0.885,1.21,8,8
HD 17206_0,2.0835685236705137,0.08283085082982998,HD 17206,0.885,1.21,8,8
HD 17206_0,2.0809390003543453,0.09388685518187004,HD 17206,0.885,1.21,8,8
HD 17206_0,2.092030110300452,0.09135070931437347,HD 17206,0.885,1.21,8,8
HD 17206_0,2.086855936608093,0.0871401529751115,HD 17206,0.885,1.21,8,8
HD 17206_0,2.0939362885058723,0.08429164085839938,HD 17206,0.885,1.21,8,8
HD 17206_0,2.086227380027062,0.08623136856147871,HD 17206,0.885,1.21,8,8
HD 17206_0,2.085160876131452,0.09372582377549754,HD 17206,0.885,1.21,8,8
HD 17206_0,2.0852448579110483,0.08797882765844398,HD 17206,0.885,1.21,8,8
HD 17206_0,2.089805684570901,0.09638614296584339,HD 17206,0.885,1.21,8,8
HD 17206_0,2.087584927676871,0.09250932114152619,HD 17206,0.885,1.21,8,8
HD 17206_0,2.087426814637319,0.09322135557392319,HD 17206,0.885,1.21,8,8
HD 17206_0,2.08586798043137,0.0906271141972939,HD 17206,0.885,1.21,8,8
HD 17206_0,2.0947981590713067,0.09352945996926104,HD 17206,0.885,1.21,8,8
HD 17206_0,2.0909323961271493,0.07981799348609381,HD 17206,0.885,1.21,8,8
HD 17206_0,2.090544126171108,0.08036344016463937,HD 17206,0.885,1.21,8,8
HD 17206_0,2.0915879017438934,0.08824489395800703,HD 17206,0.885,1.21,8,8
HD 17206_0,2.0885720637868466,0.08963470411368282,HD 17206,0.885,1.21,8,8
HD 17206_0,2.0896381349477515,0.09189965701857283,HD 17206,0.885,1.21,8,8
HD 17206_0,2.0926608855529483,0.09696155520442593,HD 17206,0.885,1.21,8,8
HD 17206_0,2.0899195059306264,0.10459223517010939,HD 17206,0.885,1.21,8,8
HD 17206_0,2.0836042646747233,0.09836123380534173,HD 17206,0.885,1.21,8,8
HD 17206_0,2.093607162319802,0.08853543293015859,HD 17206,0.885,1.21,8,8
HD 17206_0,2.089196000152508,0.09336051886874541,HD 17206,0.885,1.21,8,8
HD 17206_0,2.0909397853107103,0.0838397925448339,HD 17206,0.885,1.21,8,8
HD 17206_0,2.0892050060429117,0.09007933700216264,HD 17206,0.885,1.21,8,8
HD 17206_0,2.091305688007849,0.09959354614566822,HD 17206,0.885,1.21,8,8
HD 17206_0,2.0889405236034393,0.09091277122462209,HD 17206,0.885,1.21,8,8
HD 17206_0,2.090362526572991,0.08141420561813183,HD 17206,0.885,1.21,8,8
HD 17206_0,2.0830243462776874,0.09542877568396899,HD 17206,0.885,1.21,8,8
HD 17206_0,2.089747355397237,0.08683473185321813,HD 17206,0.885,1.21,8,8
HD 17206_0,2.0886259086562973,0.10303434886367799,HD 17206,0.885,1.21,8,8
HD 17206_0,2.0866180838153663,0.08539111563510592,HD 17206,0.885,1.21,8,8
HD 17206_0,2.0904081724761214,0.07637990854529278,HD 17206,0.885,1.21,8,8
HD 17206_0,2.091118268174235,0.08489720173455806,HD 17206,0.885,1.21,8,8
HD 17206_0,2.0921111228199494,0.09386721711352235,HD 17206,0.885,1.21,8,8
HD 17206_0,2.0879171301148536,0.08491328250280814,HD 17206,0.885,1.21,8,8
HD 17206_0,2.087752668961018,0.09560006058498087,HD 17206,0.885,1.21,8,8
HD 17206_0,2.0915274643498423,0.0834550324271038,HD 17206,0.885,1.21,8,8
HD 17206_0,2.0876150133472415,0.10056351703554574,HD 17206,0.885,1.21,8,8
HD 17206_0,2.0871229050306597,0.0983783672677556,HD 17206,0.885,1.21,8,8
HD 17206_0,2.0837521886716037,0.10083555925418046,HD 17206,0.885,1.21,8,8
HD 17206_0,2.092457396855824,0.08910750123400861,HD 17206,0.885,1.21,8,8
HD 17206_0,2.0852748513128496,0.09000903289568313,HD 17206,0.885,1.21,8,8
HD 17206_0,2.0937550604514086,0.09393418722380519,HD 17206,0.885,1.21,8,8
HD 17206_0,2.094436497996175,0.09552074687545997,HD 17206,0.885,1.21,8,8
HD 17206_0,2.0924053460045515,0.09450118915336404,HD 17206,0.885,1.21,8,8
HD 17206_0,2.091483369286893,0.10669558500214672,HD 17206,0.885,1.21,8,8
HD 17206_0,2.0861045156058187,0.07342151689505162,HD 17206,0.885,1.21,8,8
HD 17206_0,2.0861146697578823,0.08768012121838309,HD 17206,0.885,1.21,8,8
HD 17206_0,2.085167629500638,0.09000779595712695,HD 17206,0.885,1.21,8,8
HD 17206_0,2.088432303004767,0.09452370219748292,HD 17206,0.885,1.21,8,8
HD 17206_0,2.0830544761205365,0.1001286552198484,HD 17206,0.885,1.21,8,8
HD 17206_0,2.0929002743617513,0.09245450599080197,HD 17206,0.885,1.21,8,8
HD 17206_0,2.0888333086507873,0.08406089869778993,HD 17206,0.885,1.21,8,8
HD 17206_0,2.084774518436939,0.09413174470383008,HD 17206,0.885,1.21,8,8
HD 17206_0,2.093775595752097,0.09009514455808673,HD 17206,0.885,1.21,8,8
HD 17206_0,2.0840891224674603,0.0936016220540749,HD 17206,0.885,1.21,8,8
HD 17206_0,2.0909753714840047,0.07995755269075885,HD 17206,0.885,1.21,8,8
HD 17206_0,2.09189903709905,0.08947374673104348,HD 17206,0.885,1.21,8,8
HD 17206_0,2.0936912667489156,0.09001557545245804,HD 17206,0.885,1.21,8,8
HD 17206_0,2.090542171368951,0.09190847574298183,HD 17206,0.885,1.21,8,8
HD 17206_0,2.0901155528930055,0.07951103543138027,HD 17206,0.885,1.21,8,8
HD 17206_0,2.090193930596675,0.0869594754671199,HD 17206,0.885,1.21,8,8
HD 17206_0,2.0847737789115524,0.08699398642831525,HD 17206,0.885,1.21,8,8
HD 17206_0,2.092054746179821,0.09692674704675572,HD 17206,0.885,1.21,8,8
HD 17206_0,2.0905614194258813,0.09683793047392057,HD 17206,0.885,1.21,8,8
HD 17206_0,2.084997491465109,0.08929850141348596,HD 17206,0.885,1.21,8,8
HD 17206_0,2.086444887249944,0.09928798215810088,HD 17206,0.885,1.21,8,8
HD 17206_0,2.087916501658184,0.09050814505552605,HD 17206,0.885,1.21,8,8
HD 17206_0,2.090991686731095,0.08753415744116685,HD 17206,0.885,1.21,8,8
HD 17206_0,2.0921238031557405,0.09567945732387025,HD 17206,0.885,1.21,8,8
HD 17206_0,2.0881408272647737,0.09871651306117678,HD 17206,0.885,1.21,8,8
HD 17206_0,2.090983851709062,0.09311208024665583,HD 17206,0.885,1.21,8,8
HD 17206_0,2.0906889133877398,0.09782892454769154,HD 17206,0.885,1.21,8,8
HD 17206_0,2.090040150298611,0.09482499685277884,HD 17206,0.885,1.21,8,8
HD 17206_0,2.089630785817981,0.10002807847235516,HD 17206,0.885,1.21,8,8
HD 17206_0,2.091094178878358,0.0917143842866359,HD 17206,0.885,1.21,8,8
HD 17206_0,2.090546615011989,0.09134141537776465,HD 17206,0.885,1.21,8,8
HD 17206_0,2.0928821523707866,0.10240655056098827,HD 17206,0.885,1.21,8,8
HD 17206_0,2.0906460490871717,0.08666664760936417,HD 17206,0.885,1.21,8,8
HD 17206_0,2.080766226617471,0.09164933819527812,HD 17206,0.885,1.21,8,8
HD 17206_0,2.0846016035100328,0.0992830206233857,HD 17206,0.885,1.21,8,8
HD 17206_0,2.0923532407491856,0.09923450297882404,HD 17206,0.885,1.21,8,8
HD 17206_0,2.088039959170974,0.09191176834763634,HD 17206,0.885,1.21,8,8
HD 17206_0,2.0869169194202533,0.0969492832201469,HD 17206,0.885,1.21,8,8
HD 17206_0,2.090383745590822,0.09671972403447879,HD 17206,0.885,1.21,8,8
HD 17206_0,2.0858330022281115,0.08715261911148195,HD 17206,0.885,1.21,8,8
HD 17206_0,2.0958841826502623,0.10055132655195842,HD 17206,0.885,1.21,8,8
HD 17206_0,2.089108517399827,0.08643782362502064,HD 17206,0.885,1.21,8,8
HD 17206_0,2.0850839382481627,0.09847147860015719,HD 17206,0.885,1.21,8,8
HD 17206_0,2.085862395290149,0.09333549906068019,HD 17206,0.885,1.21,8,8
HD 17206_0,2.086630564524717,0.08676238531100186,HD 17206,0.885,1.21,8,8
HD 17206_0,2.0869306585350937,0.09012798101502942,HD 17206,0.885,1.21,8,8
HD 17206_0,2.089202925965101,0.09039259876571774,HD 17206,0.885,1.21,8,8
HD 17206_0,2.0889211147027935,0.09220504661203807,HD 17206,0.885,1.21,8,8
HD 17206_0,2.0826538801387215,0.0919982969279557,HD 17206,0.885,1.21,8,8
HD 17206_0,2.089652503692793,0.08453224122711782,HD 17206,0.885,1.21,8,8
HD 17206_0,2.089858749108087,0.08731060562853567,HD 17206,0.885,1.21,8,8
HD 17206_0,2.08407937936539,0.09241130752892471,HD 17206,0.885,1.21,8,8
HD 17206_0,2.082334858964266,0.09125819483809039,HD 17206,0.885,1.21,8,8
HD 17206_0,2.0903306219121927,0.10459092979212661,HD 17206,0.885,1.21,8,8
HD 17206_0,2.089340586939098,0.09067716312089596,HD 17206,0.885,1.21,8,8
HD 17206_0,2.085217569468481,0.09632995325306425,HD 17206,0.885,1.21,8,8
HD 17206_0,2.094372336152118,0.09191705138318766,HD 17206,0.885,1.21,8,8
HD 17206_0,2.0930457035839534,0.08416832013339545,HD 17206,0.885,1.21,8,8
HD 17206_0,2.0868713795426554,0.08888356959363113,HD 17206,0.885,1.21,8,8
HD 17206_0,2.0911236987087163,0.09238660534744197,HD 17206,0.885,1.21,8,8
HD 17206_0,2.0848003270719233,0.08968604195223784,HD 17206,0.885,1.21,8,8
HD 17206_0,2.0902744222065435,0.08978156809338626,HD 17206,0.885,1.21,8,8
HD 17206_0,2.0858093522078534,0.09640915439226794,HD 17206,0.885,1.21,8,8
HD 17206_0,2.092634998899813,0.09130849395581853,HD 17206,0.885,1.21,8,8
HD 17206_0,2.0883502095445943,0.08856848093691308,HD 17206,0.885,1.21,8,8
HD 17206_0,2.0955402325665475,0.08986919182630741,HD 17206,0.885,1.21,8,8
HD 17206_0,2.0929542877988925,0.08706377012491812,HD 17206,0.885,1.21,8,8
HD 17206_0,2.0847828589325004,0.08543337419933858,HD 17206,0.885,1.21,8,8
HD 17206_0,2.088627226339902,0.083981093667541,HD 17206,0.885,1.21,8,8
HD 17206_0,2.0908279206304448,0.08598796814473124,HD 17206,0.885,1.21,8,8
HD 17206_0,2.0915256686353287,0.09141096391281468,HD 17206,0.885,1.21,8,8
HD 17206_0,2.0905722779975866,0.09488812361148555,HD 17206,0.885,1.21,8,8
HD 17206_0,2.0910654399221738,0.08821622418705145,HD 17206,0.885,1.21,8,8
HD 17206_0,2.0897291644031117,0.08749248988463251,HD 17206,0.885,1.21,8,8
HD 17206_0,2.092619359871122,0.09106442752136923,HD 17206,0.885,1.21,8,8
HD 17206_0,2.084136158808183,0.09574920469015875,HD 17206,0.885,1.21,8,8
HD 17206_0,2.0856062360024326,0.10154907616411948,HD 17206,0.885,1.21,8,8
HD 17206_0,2.08923143850534,0.1021914068881235,HD 17206,0.885,1.21,8,8
HD 17206_0,2.0868500396795655,0.09491997404530027,HD 17206,0.885,1.21,8,8
HD 17206_0,2.0855561271994416,0.09729392296872638,HD 17206,0.885,1.21,8,8
HD 17206_0,2.094299235907625,0.0812123421678384,HD 17206,0.885,1.21,8,8
HD 17206_0,2.08740963754344,0.0987054721020667,HD 17206,0.885,1.21,8,8
HD 17206_0,2.0902442507232735,0.09542873739631605,HD 17206,0.885,1.21,8,8
HD 17206_0,2.085995424820455,0.09477477022862874,HD 17206,0.885,1.21,8,8
HD 17206_0,2.094643331865195,0.09647302843205177,HD 17206,0.885,1.21,8,8
HD 17206_0,2.0876809156476366,0.08899528821937823,HD 17206,0.885,1.21,8,8
HD 17206_0,2.0859800510438204,0.07921359890793002,HD 17206,0.885,1.21,8,8
HD 17206_0,2.0890772426284583,0.09713643320723621,HD 17206,0.885,1.21,8,8
HD 17206_0,2.0908642621169307,0.1025319237210038,HD 17206,0.885,1.21,8,8
HD 17206_0,2.08795338805781,0.0941678452369659,HD 17206,0.885,1.21,8,8
HD 17206_0,2.089153274296551,0.09561882630463105,HD 17206,0.885,1.21,8,8
HD 17206_0,2.0859090318596443,0.09389896192024118,HD 17206,0.885,1.21,8,8
HD 128620_0,1.8624248211185683,0.07094043726256871,HD 128620,0.945,1.11,8,5
HD 128620_0,1.8642761895546216,0.06966483393541206,HD 128620,0.945,1.11,8,5
HD 128620_0,1.8624435822668857,0.0791792275641629,HD 128620,0.945,1.11,8,5
HD 128620_0,1.8628418436625813,0.07947497816699947,HD 128620,0.945,1.11,8,5
HD 128620_0,1.8621533824270782,0.08003416962392015,HD 128620,0.945,1.11,8,5
HD 128620_0,1.8630809778183397,0.06681425469307448,HD 128620,0.945,1.11,8,5
HD 128620_0,1.8613821248983837,0.07425933542711925,HD 128620,0.945,1.11,8,5
HD 128620_0,1.8624572658420315,0.07784534981527966,HD 128620,0.945,1.11,8,5
HD 128620_0,1.8626527261093258,0.07686151276612532,HD 128620,0.945,1.11,8,5
HD 128620_0,1.861813810398154,0.07474978001652606,HD 128620,0.945,1.11,8,5
HD 128620_0,1.8616182467865128,0.07916506972361839,HD 128620,0.945,1.11,8,5
HD 128620_0,1.8626179025669483,0.07005737285049785,HD 128620,0.945,1.11,8,5
HD 128620_0,1.8627479369236688,0.07457581531241432,HD 128620,0.945,1.11,8,5
HD 128620_0,1.8641655144636846,0.0722064984867152,HD 128620,0.945,1.11,8,5
HD 128620_0,1.8629825938037177,0.07458083934060512,HD 128620,0.945,1.11,8,5
HD 128620_0,1.863319657246539,0.07066105212349268,HD 128620,0.945,1.11,8,5
HD 128620_0,1.8606031456222625,0.07952552816872567,HD 128620,0.945,1.11,8,5
HD 128620_0,1.8632746972048362,0.07476641930352598,HD 128620,0.945,1.11,8,5
HD 128620_0,1.862498393049695,0.07649918862658647,HD 128620,0.945,1.11,8,5
HD 128620_0,1.8632759192961992,0.06946096544995414,HD 128620,0.945,1.11,8,5
HD 128620_0,1.8625041740160773,0.07779823694765207,HD 128620,0.945,1.11,8,5
HD 128620_0,1.8614817490631168,0.07717747466414823,HD 128620,0.945,1.11,8,5
HD 128620_0,1.8622154165027698,0.07447132979089874,HD 128620,0.945,1.11,8,5
HD 128620_0,1.8635851956644445,0.06682318659547999,HD 128620,0.945,1.11,8,5
HD 128620_0,1.8618199417609191,0.0775881372548992,HD 128620,0.945,1.11,8,5
HD 128620_0,1.8642622156951016,0.06603864602873145,HD 128620,0.945,1.11,8,5
HD 128620_0,1.8642261813123249,0.06511664948857368,HD 128620,0.945,1.11,8,5
HD 128620_0,1.8628176338979454,0.08226852765658661,HD 128620,0.945,1.11,8,5
HD 128620_0,1.8622829026230967,0.08354277245004113,HD 128620,0.945,1.11,8,5
HD 128620_0,1.8630554055905568,0.07395227128281376,HD 128620,0.945,1.11,8,5
HD 128620_0,1.8627998717124754,0.07476085108177444,HD 128620,0.945,1.11,8,5
HD 128620_0,1.8619171149574927,0.07427780762208354,HD 128620,0.945,1.11,8,5
HD 128620_0,1.862872098811635,0.07408241159836945,HD 128620,0.945,1.11,8,5
HD 128620_0,1.8633131313670759,0.07214743428375447,HD 128620,0.945,1.11,8,5
HD 128620_0,1.8614434100378883,0.08054696648988499,HD 128620,0.945,1.11,8,5
HD 128620_0,1.8630388873615646,0.07598032390562515,HD 128620,0.945,1.11,8,5
HD 128620_0,1.8635193368193699,0.07614061254993967,HD 128620,0.945,1.11,8,5
HD 128620_0,1.862821156011979,0.07183536922608037,HD 128620,0.945,1.11,8,5
HD 128620_0,1.862446356689289,0.07679253586383701,HD 128620,0.945,1.11,8,5
HD 128620_0,1.8619987121674415,0.07853633141765841,HD 128620,0.945,1.11,8,5
HD 128620_0,1.8633435861110967,0.08118385378960069,HD 128620,0.945,1.11,8,5
HD 128620_0,1.8623459136828917,0.07301565341696638,HD 128620,0.945,1.11,8,5
HD 128620_0,1.8630982550118291,0.06861157014584252,HD 128620,0.945,1.11,8,5
HD 128620_0,1.862219890959954,0.0784772483276517,HD 128620,0.945,1.11,8,5
HD 128620_0,1.8625261359317682,0.07360605370460896,HD 128620,0.945,1.11,8,5
HD 128620_0,1.862356444870954,0.07606936026174532,HD 128620,0.945,1.11,8,5
HD 128620_0,1.8616541083965188,0.07810936197950956,HD 128620,0.945,1.11,8,5
HD 128620_0,1.8619906892302265,0.07588090279900785,HD 128620,0.945,1.11,8,5
HD 128620_0,1.8631136359475258,0.0721363968127417,HD 128620,0.945,1.11,8,5
HD 128620_0,1.8624916523426607,0.07487563439602123,HD 128620,0.945,1.11,8,5
HD 128620_0,1.862396591008654,0.07606173978434669,HD 128620,0.945,1.11,8,5
HD 128620_0,1.8621349646220637,0.07527883141140637,HD 128620,0.945,1.11,8,5
HD 128620_0,1.8627582944735648,0.0746978365322532,HD 128620,0.945,1.11,8,5
HD 128620_0,1.862329500147815,0.0769413699677616,HD 128620,0.945,1.11,8,5
HD 128620_0,1.8623447750320774,0.07382048569525124,HD 128620,0.945,1.11,8,5
HD 128620_0,1.8628274016567126,0.0804537099532827,HD 128620,0.945,1.11,8,5
HD 128620_0,1.8641088678900228,0.07182801712225131,HD 128620,0.945,1.11,8,5
HD 128620_0,1.8636767746836935,0.07292436408747208,HD 128620,0.945,1.11,8,5
HD 128620_0,1.8630588209116128,0.07900196348303304,HD 128620,0.945,1.11,8,5
HD 128620_0,1.8621024491727112,0.07182104894816072,HD 128620,0.945,1.11,8,5
HD 128620_0,1.8627856241566805,0.06969300936326137,HD 128620,0.945,1.11,8,5
HD 128620_0,1.8632314168122253,0.07258710909767799,HD 128620,0.945,1.11,8,5
HD 128620_0,1.864006449019352,0.06597116272744655,HD 128620,0.945,1.11,8,5
HD 128620_0,1.8629665960004942,0.07878920813044635,HD 128620,0.945,1.11,8,5
HD 128620_0,1.8638942649370984,0.0700494377556045,HD 128620,0.945,1.11,8,5
HD 128620_0,1.8626349680737608,0.07899618172577158,HD 128620,0.945,1.11,8,5
HD 128620_0,1.862884433068526,0.07575281295829808,HD 128620,0.945,1.11,8,5
HD 128620_0,1.8630244833545266,0.0752444971025637,HD 128620,0.945,1.11,8,5
HD 128620_0,1.8622407586499596,0.0748678316442517,HD 128620,0.945,1.11,8,5
HD 128620_0,1.8626518609850142,0.07442345333136814,HD 128620,0.945,1.11,8,5
HD 128620_0,1.8633766129717235,0.07404202914365267,HD 128620,0.945,1.11,8,5
HD 128620_0,1.862640699825971,0.07836873177898473,HD 128620,0.945,1.11,8,5
HD 128620_0,1.8629229264858427,0.07980248444898899,HD 128620,0.945,1.11,8,5
HD 128620_0,1.862889626876191,0.07128264785318984,HD 128620,0.945,1.11,8,5
HD 128620_0,1.863503775823057,0.07963662352228126,HD 128620,0.945,1.11,8,5
HD 128620_0,1.8608701677600066,0.07916226652472941,HD 128620,0.945,1.11,8,5
HD 128620_0,1.8623800906326324,0.07638575302800574,HD 128620,0.945,1.11,8,5
HD 128620_0,1.8625770182062489,0.08041071377700502,HD 128620,0.945,1.11,8,5
HD 128620_0,1.862054512032139,0.07773040902978216,HD 128620,0.945,1.11,8,5
HD 128620_0,1.8625492392444873,0.07893000294392565,HD 128620,0.945,1.11,8,5
HD 128620_0,1.8614850354574195,0.07613924658884236,HD 128620,0.945,1.11,8,5
HD 128620_0,1.8631639039589922,0.07339054334062942,HD 128620,0.945,1.11,8,5
HD 128620_0,1.8617511604014838,0.08411659898293321,HD 128620,0.945,1.11,8,5
HD 128620_0,1.8624830269330395,0.07676906117499106,HD 128620,0.945,1.11,8,5
HD 128620_0,1.8631647602376196,0.0768556161529971,HD 128620,0.945,1.11,8,5
HD 128620_0,1.8632563844140912,0.07359351485983275,HD 128620,0.945,1.11,8,5
HD 128620_0,1.8619145486876467,0.07367518108877132,HD 128620,0.945,1.11,8,5
HD 128620_0,1.8627475258655133,0.07464450381954625,HD 128620,0.945,1.11,8,5
HD 128620_0,1.862424247048055,0.07511953786596895,HD 128620,0.945,1.11,8,5
HD 128620_0,1.8624563273765402,0.07759236958234886,HD 128620,0.945,1.11,8,5
HD 128620_0,1.8617985096577632,0.07659472145786814,HD 128620,0.945,1.11,8,5
HD 128620_0,1.863126420239261,0.07080667720243689,HD 128620,0.945,1.11,8,5
HD 128620_0,1.864174936238981,0.06485445029934284,HD 128620,0.945,1.11,8,5
HD 128620_0,1.8614977179070868,0.08507665541693142,HD 128620,0.945,1.11,8,5
HD 128620_0,1.8640309310572434,0.07257513829313414,HD 128620,0.945,1.11,8,5
HD 128620_0,1.8638816498842958,0.0780623929147568,HD 128620,0.945,1.11,8,5
HD 128620_0,1.8624505535790772,0.0725400887183855,HD 128620,0.945,1.11,8,5
HD 128620_0,1.8618325328231786,0.08100088110690086,HD 128620,0.945,1.11,8,5
HD 128620_0,1.8630111938007459,0.07324139073119747,HD 128620,0.945,1.11,8,5
HD 128620_0,1.8620438127978731,0.07461146535542754,HD 128620,0.945,1.11,8,5
HD 128620_0,1.86233686066118,0.0802668426589592,HD 128620,0.945,1.11,8,5
HD 128620_0,1.8633331126648185,0.07675460901090979,HD 128620,0.945,1.11,8,5
HD 128620_0,1.8614086097149272,0.07610186576179602,HD 128620,0.945,1.11,8,5
HD 128620_0,1.861773169377559,0.08034322445174157,HD 128620,0.945,1.11,8,5
HD 128620_0,1.8613861519276766,0.08214216030459492,HD 128620,0.945,1.11,8,5
HD 128620_0,1.8622302547865661,0.07257894326410015,HD 128620,0.945,1.11,8,5
HD 128620_0,1.8627902064676614,0.0747387411518261,HD 128620,0.945,1.11,8,5
HD 128620_0,1.8622620956870848,0.07582760696357954,HD 128620,0.945,1.11,8,5
HD 128620_0,1.8630206471761963,0.07621855908255626,HD 128620,0.945,1.11,8,5
HD 128620_0,1.8632607726080386,0.06904076287517139,HD 128620,0.945,1.11,8,5
HD 128620_0,1.8633964745029648,0.07642425681953163,HD 128620,0.945,1.11,8,5
HD 128620_0,1.8628191695451648,0.06653844204581928,HD 128620,0.945,1.11,8,5
HD 128620_0,1.860982244875422,0.07730947010440961,HD 128620,0.945,1.11,8,5
HD 128620_0,1.8621094963598344,0.07481248528991293,HD 128620,0.945,1.11,8,5
HD 128620_0,1.8651093492051334,0.07139986894434515,HD 128620,0.945,1.11,8,5
HD 128620_0,1.863938276841835,0.06344313772032359,HD 128620,0.945,1.11,8,5
HD 128620_0,1.863027792875849,0.06804704415716767,HD 128620,0.945,1.11,8,5
HD 128620_0,1.8620231994685845,0.08048819563136392,HD 128620,0.945,1.11,8,5
HD 128620_0,1.8626775205495718,0.07802154908791269,HD 128620,0.945,1.11,8,5
HD 128620_0,1.8618478508802871,0.07744774015035813,HD 128620,0.945,1.11,8,5
HD 128620_0,1.8626345262831931,0.07818627928019989,HD 128620,0.945,1.11,8,5
HD 128620_0,1.8623342287033824,0.0768177794921692,HD 128620,0.945,1.11,8,5
HD 128620_0,1.8626839489104936,0.07679816419315286,HD 128620,0.945,1.11,8,5
HD 128620_0,1.8617026797246208,0.07901039109698094,HD 128620,0.945,1.11,8,5
HD 128620_0,1.8629924210216813,0.07663284861744052,HD 128620,0.945,1.11,8,5
HD 128620_0,1.8626702650516538,0.07728942615782139,HD 128620,0.945,1.11,8,5
HD 128620_0,1.862995225933387,0.0723746415056375,HD 128620,0.945,1.11,8,5
HD 128620_0,1.8632154852445344,0.06469441047457686,HD 128620,0.945,1.11,8,5
HD 128620_0,1.8622156904687253,0.07606622575014678,HD 128620,0.945,1.11,8,5
HD 128620_0,1.8626592463723253,0.07627579000264507,HD 128620,0.945,1.11,8,5
HD 128620_0,1.8636039372889166,0.07411715953494703,HD 128620,0.945,1.11,8,5
HD 128620_0,1.8634095910779045,0.07489204609147923,HD 128620,0.945,1.11,8,5
HD 128620_0,1.8624724048753432,0.07862214606627858,HD 128620,0.945,1.11,8,5
HD 128620_0,1.8624398536455342,0.07472983367806893,HD 128620,0.945,1.11,8,5
HD 128620_0,1.8626102454919267,0.08090657938622349,HD 128620,0.945,1.11,8,5
HD 128620_0,1.862605977604455,0.0681177721969086,HD 128620,0.945,1.11,8,5
HD 128620_0,1.8624166025932507,0.07276380929226554,HD 128620,0.945,1.11,8,5
HD 128620_0,1.8614060981475398,0.08099265839258094,HD 128620,0.945,1.11,8,5
HD 128620_0,1.861746204273646,0.07926142507786323,HD 128620,0.945,1.11,8,5
HD 128620_0,1.8640533979250715,0.07266908739245675,HD 128620,0.945,1.11,8,5
HD 128620_0,1.8640824181888362,0.0684309660822653,HD 128620,0.945,1.11,8,5
HD 128620_0,1.862262927250186,0.07576995606062832,HD 128620,0.945,1.11,8,5
HD 128620_0,1.861553302717324,0.0848358457748752,HD 128620,0.945,1.11,8,5
HD 128620_0,1.8637443236638165,0.06954621655500462,HD 128620,0.945,1.11,8,5
HD 128620_0,1.8643156284051552,0.06797185390910238,HD 128620,0.945,1.11,8,5
HD 128620_0,1.8620495893494449,0.08352243281982756,HD 128620,0.945,1.11,8,5
HD 128620_0,1.862210591790501,0.07698777683610264,HD 128620,0.945,1.11,8,5
HD 128620_0,1.861430492237081,0.0795208104683147,HD 128620,0.945,1.11,8,5
HD 128620_0,1.8626581821987838,0.07002441270864126,HD 128620,0.945,1.11,8,5
HD 128620_0,1.8621254477649396,0.07880220531414615,HD 128620,0.945,1.11,8,5
HD 128620_0,1.86131435028177,0.08314709575453648,HD 128620,0.945,1.11,8,5
HD 128620_0,1.863634971331816,0.06801415480179973,HD 128620,0.945,1.11,8,5
HD 128620_0,1.8627376157118638,0.07592425301762093,HD 128620,0.945,1.11,8,5
HD 128620_0,1.8622813291281046,0.07651751471654303,HD 128620,0.945,1.11,8,5
HD 128620_0,1.8633762359669939,0.07589255209915623,HD 128620,0.945,1.11,8,5
HD 128620_0,1.8623720696859294,0.07584558509286317,HD 128620,0.945,1.11,8,5
HD 128620_0,1.8617369282279201,0.08063947908896059,HD 128620,0.945,1.11,8,5
HD 128620_0,1.861327449582658,0.07741428400382966,HD 128620,0.945,1.11,8,5
HD 128620_0,1.8628801061175977,0.07268440336554928,HD 128620,0.945,1.11,8,5
HD 128620_0,1.8624147123206691,0.07437624779816061,HD 128620,0.945,1.11,8,5
HD 128620_0,1.861803732952641,0.07396951736102857,HD 128620,0.945,1.11,8,5
HD 128620_0,1.8627641963124548,0.0801029646967279,HD 128620,0.945,1.11,8,5
HD 128620_0,1.8631216802116064,0.0706187158842785,HD 128620,0.945,1.11,8,5
HD 128620_0,1.8623282416463591,0.07722662245209248,HD 128620,0.945,1.11,8,5
HD 128620_0,1.8620018113824444,0.07470075838255948,HD 128620,0.945,1.11,8,5
HD 128620_0,1.8624833353784613,0.07473627740486093,HD 128620,0.945,1.11,8,5
HD 128620_0,1.8630858811525606,0.07461055379002066,HD 128620,0.945,1.11,8,5
HD 128620_0,1.8627398492758858,0.07768605055478646,HD 128620,0.945,1.11,8,5
HD 128620_0,1.8615163168163216,0.07979535599134728,HD 128620,0.945,1.11,8,5
HD 128620_0,1.8628542328957516,0.07941459200103128,HD 128620,0.945,1.11,8,5
HD 128620_0,1.8636938970399586,0.07117100752833304,HD 128620,0.945,1.11,8,5
HD 128620_0,1.862346160180346,0.07463761395872107,HD 128620,0.945,1.11,8,5
HD 128620_0,1.8631990239774343,0.08064118495140117,HD 128620,0.945,1.11,8,5
HD 128620_0,1.862452394060407,0.08036794028502069,HD 128620,0.945,1.11,8,5
HD 128620_0,1.8634231359266524,0.07211775624514663,HD 128620,0.945,1.11,8,5
HD 128620_0,1.8626031405080807,0.07660594612483658,HD 128620,0.945,1.11,8,5
HD 128620_0,1.8633844087368063,0.07550208036631188,HD 128620,0.945,1.11,8,5
HD 128620_0,1.8618525996765882,0.0799096903154593,HD 128620,0.945,1.11,8,5
HD 128620_0,1.8621909817918587,0.07185539051057005,HD 128620,0.945,1.11,8,5
HD 128620_0,1.862838646919965,0.07200645573706294,HD 128620,0.945,1.11,8,5
HD 128620_0,1.8628832989449935,0.07263749129112854,HD 128620,0.945,1.11,8,5
HD 128620_0,1.861310579594483,0.08425516825490406,HD 128620,0.945,1.11,8,5
HD 128620_0,1.863205265489137,0.0726498971192068,HD 128620,0.945,1.11,8,5
HD 128620_0,1.8623456147752286,0.07337115374230378,HD 128620,0.945,1.11,8,5
HD 128620_0,1.8625967371980325,0.0709818133381718,HD 128620,0.945,1.11,8,5
HD 128620_0,1.863457868242586,0.07299450087383332,HD 128620,0.945,1.11,8,5
HD 128620_0,1.863693914655608,0.06890859192979165,HD 128620,0.945,1.11,8,5
HD 128620_0,1.8624630336647756,0.07386689098617648,HD 128620,0.945,1.11,8,5
HD 128620_0,1.8621157057823017,0.0774556767982234,HD 128620,0.945,1.11,8,5
HD 128620_0,1.8624887656511808,0.08190398837498519,HD 128620,0.945,1.11,8,5
HD 128620_0,1.8618249097658515,0.08217377110476837,HD 128620,0.945,1.11,8,5
HD 128620_0,1.8630055083035246,0.06744782520862248,HD 128620,0.945,1.11,8,5
HD 128620_0,1.8628481343285148,0.07201593878391384,HD 128620,0.945,1.11,8,5
HD 128620_0,1.8629577657336938,0.07476733019731767,HD 128620,0.945,1.11,8,5
HD 128620_0,1.8632628858826887,0.0747249986098986,HD 128620,0.945,1.11,8,5
HD 128620_0,1.862292200965058,0.07558703132178375,HD 128620,0.945,1.11,8,5
HD 128620_0,1.8616722336537666,0.07817796315212001,HD 128620,0.945,1.11,8,5
HD 128620_0,1.8622821856492588,0.0741349624398295,HD 128620,0.945,1.11,8,5
HD 128620_0,1.8626055840940179,0.07452121651623564,HD 128620,0.945,1.11,8,5
HD 128620_0,1.8619558179146602,0.07955532156730429,HD 128620,0.945,1.11,8,5
HD 128620_0,1.8617576021339173,0.07504101304283543,HD 128620,0.945,1.11,8,5
HD 128620_0,1.8637593978759526,0.06777668769654456,HD 128620,0.945,1.11,8,5
HD 128620_0,1.8633435247682166,0.0761634202622147,HD 128620,0.945,1.11,8,5
HD 128620_0,1.8626884133932813,0.07495952636037848,HD 128620,0.945,1.11,8,5
HD 128620_0,1.862701290726147,0.07539783270579105,HD 128620,0.945,1.11,8,5
HD 128620_0,1.8627655737291258,0.07761906634624874,HD 128620,0.945,1.11,8,5
HD 128620_0,1.8639468548963978,0.06928280194576644,HD 128620,0.945,1.11,8,5
HD 128620_0,1.8633948065800148,0.07081836757317225,HD 128620,0.945,1.11,8,5
HD 128620_0,1.8632954836178568,0.0782242043477203,HD 128620,0.945,1.11,8,5
HD 128620_0,1.862601138880973,0.08039660650826042,HD 128620,0.945,1.11,8,5
HD 128620_0,1.8634823463003507,0.06935501211770033,HD 128620,0.945,1.11,8,5
HD 128620_0,1.8627828142647764,0.07139393204495348,HD 128620,0.945,1.11,8,5
HD 128620_0,1.8622041762649535,0.07464417089109046,HD 128620,0.945,1.11,8,5
HD 128620_0,1.8622778889491796,0.07915006924359332,HD 128620,0.945,1.11,8,5
HD 128620_0,1.8616855142545148,0.07662624026163649,HD 128620,0.945,1.11,8,5
HD 128620_0,1.8637686166457785,0.0776186667692593,HD 128620,0.945,1.11,8,5
HD 128620_0,1.8631219674790245,0.07575428347819514,HD 128620,0.945,1.11,8,5
HD 128620_0,1.8641327744536254,0.07911645832223389,HD 128620,0.945,1.11,8,5
HD 128620_0,1.8620849225759184,0.08139963350936416,HD 128620,0.945,1.11,8,5
HD 128620_0,1.8627139008676117,0.08054716874398936,HD 128620,0.945,1.11,8,5
HD 128620_0,1.8624593194854706,0.0789175143083567,HD 128620,0.945,1.11,8,5
HD 128620_0,1.862648575271457,0.0743278284660429,HD 128620,0.945,1.11,8,5
HD 128620_0,1.8626188950780809,0.0731834921744736,HD 128620,0.945,1.11,8,5
HD 128620_0,1.8613956595322514,0.07842489129428991,HD 128620,0.945,1.11,8,5
HD 128620_0,1.8635486983586875,0.07596689313828299,HD 128620,0.945,1.11,8,5
HD 128620_0,1.8626202827714822,0.07814765576621456,HD 128620,0.945,1.11,8,5
HD 128620_0,1.8633389231272763,0.07699741154434722,HD 128620,0.945,1.11,8,5
HD 128620_0,1.8626442614226821,0.07580914068539345,HD 128620,0.945,1.11,8,5
HD 128620_0,1.8621482585815103,0.07219523785454965,HD 128620,0.945,1.11,8,5
HD 128620_0,1.861059686150302,0.07645919240957512,HD 128620,0.945,1.11,8,5
HD 128620_0,1.8630164427588374,0.07537729882076885,HD 128620,0.945,1.11,8,5
HD 128620_0,1.8620175963688852,0.0802123255247697,HD 128620,0.945,1.11,8,5
HD 128620_0,1.862271057526915,0.07193028271578515,HD 128620,0.945,1.11,8,5
HD 128620_0,1.8621484884743806,0.07304075707434861,HD 128620,0.945,1.11,8,5
HD 128620_0,1.862637040957996,0.08015613086351095,HD 128620,0.945,1.11,8,5
HD 128620_0,1.863523037344899,0.07744212809554277,HD 128620,0.945,1.11,8,5
HD 128620_0,1.8623551637739137,0.07521268937136913,HD 128620,0.945,1.11,8,5
HD 128620_0,1.8610680187357873,0.07347378912518523,HD 128620,0.945,1.11,8,5
HD 128620_0,1.8627611406712274,0.07126149048690066,HD 128620,0.945,1.11,8,5
HD 128620_0,1.863192810438457,0.07196262274764156,HD 128620,0.945,1.11,8,5
HD 128620_0,1.8632190879047204,0.07482767951156791,HD 128620,0.945,1.11,8,5
HD 128620_0,1.8623130044367076,0.07466455922554419,HD 128620,0.945,1.11,8,5
HD 128620_0,1.8628645093694944,0.07412676436131506,HD 128620,0.945,1.11,8,5
HD 128620_0,1.8627332758167137,0.0721616929755413,HD 128620,0.945,1.11,8,5
HD 128620_0,1.8622503464819693,0.07826949123800654,HD 128620,0.945,1.11,8,5
HD 128620_0,1.8627520717872796,0.07756760130371923,HD 128620,0.945,1.11,8,5
HD 128620_0,1.862929803211677,0.0729075636398013,HD 128620,0.945,1.11,8,5
HD 128620_0,1.8627191871972009,0.07512894896847604,HD 128620,0.945,1.11,8,5
HD 128620_0,1.8631132694666275,0.07277170603921713,HD 128620,0.945,1.11,8,5
HD 128620_0,1.862717860883401,0.06891992264680209,HD 128620,0.945,1.11,8,5
HD 128620_0,1.862498589794024,0.07847482039132513,HD 128620,0.945,1.11,8,5
HD 128620_0,1.8626678385355355,0.0746360660860173,HD 128620,0.945,1.11,8,5
HD 128620_0,1.863647447711131,0.07472605349377762,HD 128620,0.945,1.11,8,5
HD 128620_0,1.86264016648733,0.07967212538856303,HD 128620,0.945,1.11,8,5
HD 128620_0,1.8636337675785473,0.06583188984507239,HD 128620,0.945,1.11,8,5
HD 128620_0,1.862350826952187,0.07599487580349291,HD 128620,0.945,1.11,8,5
HD 128620_0,1.862894616811113,0.07647057132032734,HD 128620,0.945,1.11,8,5
HD 128620_0,1.8617112303621148,0.08557236813558233,HD 128620,0.945,1.11,8,5
HD 128620_0,1.8627044809683149,0.07495872780460937,HD 128620,0.945,1.11,8,5
HD 128620_0,1.8622841495267095,0.07235829095752566,HD 128620,0.945,1.11,8,5
HD 128620_0,1.8629011687187012,0.07557790815380973,HD 128620,0.945,1.11,8,5
HD 128620_0,1.8627566538719231,0.07718671396733864,HD 128620,0.945,1.11,8,5
HD 128620_0,1.8616719487283198,0.0793916562157714,HD 128620,0.945,1.11,8,5
HD 128620_0,1.8626102507408695,0.08196016978161151,HD 128620,0.945,1.11,8,5
HD 128620_0,1.86421420524486,0.07005630975872763,HD 128620,0.945,1.11,8,5
HD 128620_0,1.8627275172363666,0.07551472962189093,HD 128620,0.945,1.11,8,5
HD 128620_0,1.8627027706328254,0.07689384952393559,HD 128620,0.945,1.11,8,5
HD 128620_0,1.8634428767027988,0.07876897780661395,HD 128620,0.945,1.11,8,5
HD 128620_0,1.863474475449903,0.07276061510881383,HD 128620,0.945,1.11,8,5
HD 128620_0,1.8625294441042624,0.07632641136698977,HD 128620,0.945,1.11,8,5
HD 128620_0,1.8626636414698146,0.07079754517343051,HD 128620,0.945,1.11,8,5
HD 128620_0,1.8610671273664339,0.076872168363714,HD 128620,0.945,1.11,8,5
HD 128620_0,1.8630830506528822,0.07155852855065284,HD 128620,0.945,1.11,8,5
HD 128620_0,1.8617264944914385,0.07966850988910512,HD 128620,0.945,1.11,8,5
HD 128620_0,1.8635092475418238,0.07422131087840787,HD 128620,0.945,1.11,8,5
HD 128620_0,1.8616678984461645,0.07847886299116417,HD 128620,0.945,1.11,8,5
HD 128620_0,1.8635572935615872,0.07343499577424807,HD 128620,0.945,1.11,8,5
HD 128620_0,1.8623070820639291,0.07254343721913391,HD 128620,0.945,1.11,8,5
HD 128620_0,1.8625106984077662,0.07419956508734656,HD 128620,0.945,1.11,8,5
HD 128620_0,1.862726920664649,0.07348994385537745,HD 128620,0.945,1.11,8,5
HD 128620_0,1.8626720947683062,0.07758998772807264,HD 128620,0.945,1.11,8,5
HD 128620_0,1.8628687424099912,0.07780889027557744,HD 128620,0.945,1.11,8,5
HD 128620_0,1.8616598541414537,0.07329899928606678,HD 128620,0.945,1.11,8,5
HD 128620_0,1.8623719454864034,0.07540147402283258,HD 128620,0.945,1.11,8,5
HD 128620_0,1.8623526783175093,0.07621680883954618,HD 128620,0.945,1.11,8,5
HD 128620_0,1.862436653873211,0.07161653247513912,HD 128620,0.945,1.11,8,5
HD 128620_0,1.8627041511124567,0.07505902195193832,HD 128620,0.945,1.11,8,5
HD 128620_0,1.8623859517488819,0.07740695240284245,HD 128620,0.945,1.11,8,5
HD 128620_0,1.8623109223604983,0.07507018946322211,HD 128620,0.945,1.11,8,5
HD 128620_0,1.8623148798630276,0.07838791824264824,HD 128620,0.945,1.11,8,5
HD 128620_0,1.861978364610196,0.07984012601638606,HD 128620,0.945,1.11,8,5
HD 128620_0,1.861543511260755,0.07886073673046068,HD 128620,0.945,1.11,8,5
HD 128620_0,1.862130609450645,0.07376088633200054,HD 128620,0.945,1.11,8,5
HD 128620_0,1.8617666629744043,0.07878252290146877,HD 128620,0.945,1.11,8,5
HD 128620_0,1.8627858590312856,0.07388865123602145,HD 128620,0.945,1.11,8,5
HD 128620_0,1.8632926622857358,0.08062798145133655,HD 128620,0.945,1.11,8,5
HD 128620_0,1.8628719441172992,0.07063954470784968,HD 128620,0.945,1.11,8,5
HD 128620_0,1.862322388407166,0.07624090157120224,HD 128620,0.945,1.11,8,5
HD 128620_0,1.8623309657027827,0.07582954019291538,HD 128620,0.945,1.11,8,5
HD 128620_0,1.8628403158663107,0.07490810376568917,HD 128620,0.945,1.11,8,5
HD 128620_0,1.8622756868170247,0.07312147725644798,HD 128620,0.945,1.11,8,5
HD 128620_0,1.8622859554676081,0.07638700177267212,HD 128620,0.945,1.11,8,5
HD 128620_0,1.8616188047697317,0.08523175610842826,HD 128620,0.945,1.11,8,5
HD 128620_0,1.8631521911828703,0.07522922349932047,HD 128620,0.945,1.11,8,5
HD 128620_0,1.8636184706946084,0.07606700012407229,HD 128620,0.945,1.11,8,5
HD 128620_0,1.8619203466410548,0.07725028848763163,HD 128620,0.945,1.11,8,5
HD 128620_0,1.8628718447859431,0.0800695612002523,HD 128620,0.945,1.11,8,5
HD 128620_0,1.863141195811,0.07542103203145817,HD 128620,0.945,1.11,8,5
HD 128620_0,1.8630072636162924,0.07691995512647036,HD 128620,0.945,1.11,8,5
HD 128620_0,1.8628051249087003,0.07360803458437451,HD 128620,0.945,1.11,8,5
HD 128620_0,1.8624556399669434,0.07552889753637652,HD 128620,0.945,1.11,8,5
HD 128620_0,1.8623156619809855,0.0777090571212124,HD 128620,0.945,1.11,8,5
HD 128620_0,1.8626441968710017,0.07190508793668932,HD 128620,0.945,1.11,8,5
HD 128620_0,1.8618078754986342,0.07563262919341186,HD 128620,0.945,1.11,8,5
HD 128620_0,1.8622352760505623,0.07641595762565848,HD 128620,0.945,1.11,8,5
HD 128620_0,1.861493657050479,0.0811298711294911,HD 128620,0.945,1.11,8,5
HD 128620_0,1.8629169038016524,0.07041877141788075,HD 128620,0.945,1.11,8,5
HD 128620_0,1.8628197331690226,0.0763090293317063,HD 128620,0.945,1.11,8,5
HD 128620_0,1.863059033711028,0.07716879745050201,HD 128620,0.945,1.11,8,5
HD 128620_0,1.8639967749396,0.07241632956778842,HD 128620,0.945,1.11,8,5
HD 128620_0,1.862776542705568,0.0702418580857747,HD 128620,0.945,1.11,8,5
HD 128620_0,1.8613447067378086,0.07935441942493603,HD 128620,0.945,1.11,8,5
HD 128620_0,1.8630205768251928,0.07079072752698737,HD 128620,0.945,1.11,8,5
HD 128620_0,1.862383751903641,0.07727964041448789,HD 128620,0.945,1.11,8,5
HD 128620_0,1.863303995961415,0.07788516022285964,HD 128620,0.945,1.11,8,5
HD 128620_0,1.8633401102813196,0.07605940265265174,HD 128620,0.945,1.11,8,5
HD 128620_0,1.8624516846718033,0.07209774342338078,HD 128620,0.945,1.11,8,5
HD 128620_0,1.8620520672928316,0.07440191673299044,HD 128620,0.945,1.11,8,5
HD 128620_0,1.8623643262585583,0.07013755720973458,HD 128620,0.945,1.11,8,5
HD 128620_0,1.86226558914145,0.08246993858600978,HD 128620,0.945,1.11,8,5
HD 128620_0,1.8620330134613354,0.07644942725450561,HD 128620,0.945,1.11,8,5
HD 128620_0,1.862930229006136,0.07092067114042558,HD 128620,0.945,1.11,8,5
HD 128620_0,1.8633688120852725,0.0728813419665077,HD 128620,0.945,1.11,8,5
HD 128620_0,1.8613529874188455,0.08414350249058337,HD 128620,0.945,1.11,8,5
HD 128620_0,1.8628539333081222,0.07215549504553523,HD 128620,0.945,1.11,8,5
HD 128620_0,1.8626618142525007,0.07082314111332905,HD 128620,0.945,1.11,8,5
HD 128620_0,1.862537384400502,0.072868211148369,HD 128620,0.945,1.11,8,5
HD 128620_0,1.862295402064905,0.07165878887885091,HD 128620,0.945,1.11,8,5
HD 128620_0,1.862563774811523,0.08089159265184527,HD 128620,0.945,1.11,8,5
HD 128620_0,1.8636949847394237,0.07565926016098297,HD 128620,0.945,1.11,8,5
HD 128620_0,1.8635888995088263,0.0715520750587974,HD 128620,0.945,1.11,8,5
HD 128620_0,1.862414500937944,0.07593314290805384,HD 128620,0.945,1.11,8,5
HD 128620_0,1.8626885250689058,0.07685760346507807,HD 128620,0.945,1.11,8,5
HD 128620_0,1.8634341972683364,0.0753951512842546,HD 128620,0.945,1.11,8,5
HD 128620_0,1.862223543218561,0.07492615107301574,HD 128620,0.945,1.11,8,5
HD 128620_0,1.8615634966316348,0.07660412284711636,HD 128620,0.945,1.11,8,5
HD 128620_0,1.8634509931493064,0.07248050708299211,HD 128620,0.945,1.11,8,5
HD 128620_0,1.863036036461696,0.07562896412823458,HD 128620,0.945,1.11,8,5
HD 128620_0,1.8628780512217475,0.07734951485733885,HD 128620,0.945,1.11,8,5
HD 128620_0,1.860729593578754,0.08259554819139515,HD 128620,0.945,1.11,8,5
HD 128620_0,1.8621257491868206,0.07756669380573035,HD 128620,0.945,1.11,8,5
HD 128620_0,1.863237657317403,0.07426808473679357,HD 128620,0.945,1.11,8,5
HD 128620_0,1.8641017992518403,0.06575820722334834,HD 128620,0.945,1.11,8,5
HD 128620_0,1.8635188894140882,0.0669012405284558,HD 128620,0.945,1.11,8,5
HD 128620_0,1.8618941591572724,0.07656803776991858,HD 128620,0.945,1.11,8,5
HD 128620_0,1.8627009506044523,0.07705927883996672,HD 128620,0.945,1.11,8,5
HD 128620_0,1.8632037447807444,0.08261520051969048,HD 128620,0.945,1.11,8,5
HD 128620_0,1.8626332911985621,0.07341442736121372,HD 128620,0.945,1.11,8,5
HD 128620_0,1.8635641777270529,0.0812985066446411,HD 128620,0.945,1.11,8,5
HD 128620_0,1.8616739778367337,0.07174777729273066,HD 128620,0.945,1.11,8,5
HD 128620_0,1.8628642205503327,0.07790232285903356,HD 128620,0.945,1.11,8,5
HD 128620_0,1.8625807380469837,0.06784407149845462,HD 128620,0.945,1.11,8,5
HD 128620_0,1.8627789962192771,0.07842748976479207,HD 128620,0.945,1.11,8,5
HD 128620_0,1.8635316870295071,0.0770279310666066,HD 128620,0.945,1.11,8,5
HD 128620_0,1.8639562924764552,0.07214355956055997,HD 128620,0.945,1.11,8,5
HD 128620_0,1.8612588907780199,0.07511869180089564,HD 128620,0.945,1.11,8,5
HD 128620_0,1.8621844273336288,0.07472178725229514,HD 128620,0.945,1.11,8,5
HD 128620_0,1.86355647142865,0.076354295472493,HD 128620,0.945,1.11,8,5
HD 128620_0,1.8620363458511617,0.07775862039540041,HD 128620,0.945,1.11,8,5
HD 128620_0,1.8622602929378516,0.07569968143016231,HD 128620,0.945,1.11,8,5
HD 128620_0,1.8634271231913615,0.07098385466996357,HD 128620,0.945,1.11,8,5
HD 128620_0,1.8627008336243016,0.07612898383583891,HD 128620,0.945,1.11,8,5
HD 128620_0,1.8634785552008544,0.06746676941120744,HD 128620,0.945,1.11,8,5
HD 128620_0,1.8632586739933898,0.0772176573744679,HD 128620,0.945,1.11,8,5
HD 128620_0,1.8626116232135743,0.0793657832651307,HD 128620,0.945,1.11,8,5
HD 128620_0,1.8629216667237887,0.06979561148507799,HD 128620,0.945,1.11,8,5
HD 128620_0,1.8613514783984682,0.07741088980938991,HD 128620,0.945,1.11,8,5
HD 128620_0,1.8618851548355333,0.07672457705313936,HD 128620,0.945,1.11,8,5
HD 128620_0,1.8620995492396268,0.07742230521625713,HD 128620,0.945,1.11,8,5
HD 128620_0,1.8630166360270524,0.07373448427340408,HD 128620,0.945,1.11,8,5
HD 128620_0,1.8630478349419362,0.07568632312513568,HD 128620,0.945,1.11,8,5
HD 128620_0,1.8621119627398384,0.07697020468815985,HD 128620,0.945,1.11,8,5
HD 128620_0,1.8634445108961415,0.0763920697658564,HD 128620,0.945,1.11,8,5
HD 128620_0,1.862353790340763,0.07749566129701974,HD 128620,0.945,1.11,8,5
HD 128620_0,1.8631338957173649,0.07135652387296489,HD 128620,0.945,1.11,8,5
HD 128620_0,1.8633576933549267,0.07058198325976309,HD 128620,0.945,1.11,8,5
HD 128620_0,1.8630320565587803,0.0671475343070476,HD 128620,0.945,1.11,8,5
HD 128620_0,1.8624464415262343,0.07604616221879437,HD 128620,0.945,1.11,8,5
HD 128620_0,1.8627484402486814,0.07438361922400855,HD 128620,0.945,1.11,8,5
HD 128620_0,1.8618418150923384,0.07450406752492839,HD 128620,0.945,1.11,8,5
HD 128620_0,1.8634391654600488,0.07277951130517152,HD 128620,0.945,1.11,8,5
HD 128620_0,1.8638558803060334,0.0750330880649834,HD 128620,0.945,1.11,8,5
HD 128620_0,1.8619364612985805,0.07533271828771265,HD 128620,0.945,1.11,8,5
HD 128620_0,1.86176312917229,0.07959403990984733,HD 128620,0.945,1.11,8,5
HD 128620_0,1.8622253852610695,0.07619409444038892,HD 128620,0.945,1.11,8,5
HD 128620_0,1.8636928896465148,0.07170569752022643,HD 128620,0.945,1.11,8,5
HD 128620_0,1.8633836221646995,0.07673278696168787,HD 128620,0.945,1.11,8,5
HD 128620_0,1.8627812671673336,0.07677487577948136,HD 128620,0.945,1.11,8,5
HD 128620_0,1.8624728059407272,0.07216068709318821,HD 128620,0.945,1.11,8,5
HD 128620_0,1.8619518345385093,0.07683981284558258,HD 128620,0.945,1.11,8,5
HD 128620_0,1.8624416606005763,0.07503240686577226,HD 128620,0.945,1.11,8,5
HD 128620_0,1.8619450219937161,0.0715324583744824,HD 128620,0.945,1.11,8,5
HD 128620_0,1.8640004542767914,0.07429500396890656,HD 128620,0.945,1.11,8,5
HD 128620_0,1.8637236042304735,0.07207971801458161,HD 128620,0.945,1.11,8,5
HD 128620_0,1.8622900804081715,0.0699593675197043,HD 128620,0.945,1.11,8,5
HD 128620_0,1.8626674527696434,0.07922577897060548,HD 128620,0.945,1.11,8,5
HD 128620_0,1.8632146579390705,0.07307646342976847,HD 128620,0.945,1.11,8,5
HD 128620_0,1.862972378410123,0.07550752100198255,HD 128620,0.945,1.11,8,5
HD 128620_0,1.862473348894591,0.0827746711165798,HD 128620,0.945,1.11,8,5
HD 128620_0,1.8621219264243523,0.07672663109918278,HD 128620,0.945,1.11,8,5
HD 128620_0,1.8633679883717704,0.07419832445370593,HD 128620,0.945,1.11,8,5
HD 128620_0,1.8631528284957455,0.07242372425771666,HD 128620,0.945,1.11,8,5
HD 128620_0,1.8634876767266237,0.0700625102751523,HD 128620,0.945,1.11,8,5
HD 128620_0,1.8631813411477438,0.07988848113272182,HD 128620,0.945,1.11,8,5
HD 128620_0,1.863649014346368,0.06964934760313637,HD 128620,0.945,1.11,8,5
HD 128620_0,1.8612509930919294,0.08452837251643441,HD 128620,0.945,1.11,8,5
HD 128620_0,1.8627934818254295,0.07690099562283063,HD 128620,0.945,1.11,8,5
HD 128620_0,1.861396321352218,0.07741517157302959,HD 128620,0.945,1.11,8,5
HD 128620_0,1.8625405603390668,0.07612146401310761,HD 128620,0.945,1.11,8,5
HD 128620_0,1.862650488640149,0.07309961860781698,HD 128620,0.945,1.11,8,5
HD 128620_0,1.8625815504510685,0.07471156427100102,HD 128620,0.945,1.11,8,5
HD 128620_0,1.8621231162384033,0.07994602054930447,HD 128620,0.945,1.11,8,5
HD 128620_0,1.8612450970232002,0.08209923027201992,HD 128620,0.945,1.11,8,5
HD 128620_0,1.8636264559010258,0.0659435393648586,HD 128620,0.945,1.11,8,5
HD 128620_0,1.8637494161006136,0.0765955533571472,HD 128620,0.945,1.11,8,5
HD 128620_0,1.86232101029665,0.07433713077116279,HD 128620,0.945,1.11,8,5
HD 128620_0,1.8621852905251641,0.0772744468620748,HD 128620,0.945,1.11,8,5
HD 128620_0,1.8628696421318396,0.07210120471449367,HD 128620,0.945,1.11,8,5
HD 128620_0,1.8622122463815618,0.07228585684183733,HD 128620,0.945,1.11,8,5
HD 128620_0,1.863995672025108,0.06683830905931037,HD 128620,0.945,1.11,8,5
HD 128620_0,1.861810974950321,0.07939057094443806,HD 128620,0.945,1.11,8,5
HD 128620_0,1.8622553887913835,0.07867318086001208,HD 128620,0.945,1.11,8,5
HD 128620_0,1.8624868791870999,0.07778824111457244,HD 128620,0.945,1.11,8,5
HD 128620_0,1.8632937098201567,0.07184970611066097,HD 128620,0.945,1.11,8,5
HD 128620_0,1.8622583967020794,0.0774089730805178,HD 128620,0.945,1.11,8,5
HD 128620_0,1.8628773210473677,0.07213644596450207,HD 128620,0.945,1.11,8,5
HD 128620_0,1.8611763595449626,0.08265942622877434,HD 128620,0.945,1.11,8,5
HD 128620_0,1.8624094607115738,0.07756192092898533,HD 128620,0.945,1.11,8,5
HD 128620_0,1.8629892215602428,0.07008691042878124,HD 128620,0.945,1.11,8,5
HD 128620_0,1.8619908567062593,0.0775042027770526,HD 128620,0.945,1.11,8,5
HD 128620_0,1.862947738185099,0.06923588905054108,HD 128620,0.945,1.11,8,5
HD 128620_0,1.8611066471040962,0.07466759868934804,HD 128620,0.945,1.11,8,5
HD 128620_0,1.8619593267327423,0.07691012537192346,HD 128620,0.945,1.11,8,5
HD 128620_0,1.8624114717801157,0.08369749038912297,HD 128620,0.945,1.11,8,5
HD 128620_0,1.8625671495640947,0.0747487364873777,HD 128620,0.945,1.11,8,5
HD 128620_0,1.861225880461374,0.07493804149280177,HD 128620,0.945,1.11,8,5
HD 128620_0,1.8633730644979574,0.0738778824229022,HD 128620,0.945,1.11,8,5
HD 128620_0,1.8625020495819327,0.08068415982144844,HD 128620,0.945,1.11,8,5
HD 128620_0,1.8625115052746049,0.07674839859574788,HD 128620,0.945,1.11,8,5
HD 128620_0,1.8624733241063836,0.06953700486613923,HD 128620,0.945,1.11,8,5
HD 128620_0,1.8629449366334403,0.0819841618291001,HD 128620,0.945,1.11,8,5
HD 128620_0,1.861980918616394,0.08170933601717331,HD 128620,0.945,1.11,8,5
HD 128620_0,1.8626329243557935,0.07287363137731905,HD 128620,0.945,1.11,8,5
HD 128620_0,1.862610118739121,0.07483262714372448,HD 128620,0.945,1.11,8,5
HD 128620_0,1.8615406809845654,0.07789011355314686,HD 128620,0.945,1.11,8,5
HD 128620_0,1.8629374092582869,0.0726398265075467,HD 128620,0.945,1.11,8,5
HD 128620_0,1.8630849433451802,0.07147831535279336,HD 128620,0.945,1.11,8,5
HD 128620_0,1.8613558777655983,0.07993393509815526,HD 128620,0.945,1.11,8,5
HD 128620_0,1.8623894540493737,0.072300316366862,HD 128620,0.945,1.11,8,5
HD 128620_0,1.8632408178188546,0.07566528035536474,HD 128620,0.945,1.11,8,5
HD 128620_0,1.8611355173893347,0.08261995182184192,HD 128620,0.945,1.11,8,5
HD 128620_0,1.8612318504562593,0.08032564186006366,HD 128620,0.945,1.11,8,5
HD 128620_0,1.8620157697435062,0.0752201675418131,HD 128620,0.945,1.11,8,5
HD 128620_0,1.8627166830318642,0.07467055576265771,HD 128620,0.945,1.11,8,5
HD 128620_0,1.8622998473906083,0.07877710927531605,HD 128620,0.945,1.11,8,5
HD 128620_0,1.8623855977221797,0.08073576635717361,HD 128620,0.945,1.11,8,5
HD 128620_0,1.8633150312566569,0.07434897601638639,HD 128620,0.945,1.11,8,5
HD 128620_0,1.8627031188766856,0.0740374071167691,HD 128620,0.945,1.11,8,5
HD 128620_0,1.8625712077802643,0.07666201222606062,HD 128620,0.945,1.11,8,5
HD 128620_0,1.862536634203227,0.07224685625973395,HD 128620,0.945,1.11,8,5
HD 128620_0,1.8620503426920305,0.07665453297406447,HD 128620,0.945,1.11,8,5
HD 128620_0,1.864616173578509,0.07145203170762279,HD 128620,0.945,1.11,8,5
HD 128620_0,1.8625753785302699,0.08107199339392551,HD 128620,0.945,1.11,8,5
HD 128620_0,1.861648591356403,0.07557246866989727,HD 128620,0.945,1.11,8,5
HD 128620_0,1.8616908978285258,0.0729194549327129,HD 128620,0.945,1.11,8,5
HD 128620_0,1.8638004272870168,0.0735192173888836,HD 128620,0.945,1.11,8,5
HD 128620_0,1.8619236078871084,0.07411525624396377,HD 128620,0.945,1.11,8,5
HD 128620_0,1.863535989186266,0.07175607198980256,HD 128620,0.945,1.11,8,5
HD 128620_0,1.8625282015981321,0.07655266287332194,HD 128620,0.945,1.11,8,5
HD 128620_0,1.8631531136107302,0.0726651729191207,HD 128620,0.945,1.11,8,5
HD 128620_0,1.8629496127406064,0.07580699550437586,HD 128620,0.945,1.11,8,5
HD 128620_0,1.8639686385965435,0.07052674145870165,HD 128620,0.945,1.11,8,5
HD 128620_0,1.8622212737230703,0.0757190103923603,HD 128620,0.945,1.11,8,5
HD 128620_0,1.8641691518922463,0.07302997070826765,HD 128620,0.945,1.11,8,5
HD 128620_0,1.861698015195388,0.08326985464865973,HD 128620,0.945,1.11,8,5
HD 128620_0,1.8622933902408811,0.07392621044354086,HD 128620,0.945,1.11,8,5
HD 128620_0,1.8613246327895665,0.08233421284186422,HD 128620,0.945,1.11,8,5
HD 128620_0,1.8624607805664748,0.07753146429056904,HD 128620,0.945,1.11,8,5
HD 128620_0,1.8622280748381206,0.0727013055784717,HD 128620,0.945,1.11,8,5
HD 128620_0,1.8626760829745594,0.07619758214430414,HD 128620,0.945,1.11,8,5
HD 128620_0,1.862847442565515,0.07483963393043669,HD 128620,0.945,1.11,8,5
HD 128620_0,1.8640415361273062,0.06907062463171978,HD 128620,0.945,1.11,8,5
HD 128620_0,1.8629964377675599,0.08001819431030757,HD 128620,0.945,1.11,8,5
HD 128620_0,1.8621149286060439,0.0799477993608401,HD 128620,0.945,1.11,8,5
HD 128620_0,1.8637704255188794,0.0723689139935761,HD 128620,0.945,1.11,8,5
HD 128620_0,1.862965356741991,0.07627393009420463,HD 128620,0.945,1.11,8,5
HD 128620_0,1.8631323610822679,0.07693364024941449,HD 128620,0.945,1.11,8,5
HD 128620_0,1.8621237121987142,0.07864195483421445,HD 128620,0.945,1.11,8,5
HD 128620_0,1.8625790797817259,0.07945774574272997,HD 128620,0.945,1.11,8,5
HD 128620_0,1.8627575486142092,0.07400370801360001,HD 128620,0.945,1.11,8,5
HD 128620_1,1.3529199719192906,0.013919393706672487,HD 128620,1.198,1.11,8,8
HD 128620_1,1.352535468040855,0.01467292370269632,HD 128620,1.198,1.11,8,8
HD 128620_1,1.3525034357290162,0.012509315370260437,HD 128620,1.198,1.11,8,8
HD 128620_1,1.3525536682979173,0.014258096662646443,HD 128620,1.198,1.11,8,8
HD 128620_1,1.3524579465573816,0.015368587210265105,HD 128620,1.198,1.11,8,8
HD 128620_1,1.352465739523911,0.013895858415521517,HD 128620,1.198,1.11,8,8
HD 128620_1,1.3524228923552406,0.01485832067642957,HD 128620,1.198,1.11,8,8
HD 128620_1,1.352614808009355,0.01573371202392532,HD 128620,1.198,1.11,8,8
HD 128620_1,1.3526565270222612,0.015732790091955568,HD 128620,1.198,1.11,8,8
HD 128620_1,1.3521597405284476,0.015654727835885653,HD 128620,1.198,1.11,8,8
HD 128620_1,1.3526672609641424,0.014759483200253764,HD 128620,1.198,1.11,8,8
HD 128620_1,1.352536015586609,0.014357558086658992,HD 128620,1.198,1.11,8,8
HD 128620_1,1.3523061879084457,0.01602527697357676,HD 128620,1.198,1.11,8,8
HD 128620_1,1.3523514053846133,0.015040931844291271,HD 128620,1.198,1.11,8,8
HD 128620_1,1.352146968535188,0.015107639347260282,HD 128620,1.198,1.11,8,8
HD 128620_1,1.3523348607960484,0.015301225381370867,HD 128620,1.198,1.11,8,8
HD 128620_1,1.3526376864628686,0.014681697161449563,HD 128620,1.198,1.11,8,8
HD 128620_1,1.3523911093190102,0.014512884193459658,HD 128620,1.198,1.11,8,8
HD 128620_1,1.3523290547917044,0.01540369187809573,HD 128620,1.198,1.11,8,8
HD 128620_1,1.3521452926098398,0.014452390276091232,HD 128620,1.198,1.11,8,8
HD 128620_1,1.3521184134351933,0.014935018753040777,HD 128620,1.198,1.11,8,8
HD 128620_1,1.3524557616814055,0.015128576529117555,HD 128620,1.198,1.11,8,8
HD 128620_1,1.352917094806389,0.015838383809106103,HD 128620,1.198,1.11,8,8
HD 128620_1,1.3523121964955702,0.01410420726777624,HD 128620,1.198,1.11,8,8
HD 128620_1,1.3527560883125365,0.01315102048374114,HD 128620,1.198,1.11,8,8
HD 128620_1,1.3524611620156053,0.01400215240043859,HD 128620,1.198,1.11,8,8
HD 128620_1,1.3524840825089977,0.017474657399930295,HD 128620,1.198,1.11,8,8
HD 128620_1,1.352583480238302,0.014786276056586499,HD 128620,1.198,1.11,8,8
HD 128620_1,1.352571071685854,0.013919648547624784,HD 128620,1.198,1.11,8,8
HD 128620_1,1.35278309096314,0.015243096372809005,HD 128620,1.198,1.11,8,8
HD 128620_1,1.3524576323009576,0.01418207083115215,HD 128620,1.198,1.11,8,8
HD 128620_1,1.352696729202949,0.015184130510294092,HD 128620,1.198,1.11,8,8
HD 128620_1,1.3523086565305433,0.01389201912911366,HD 128620,1.198,1.11,8,8
HD 128620_1,1.3528370788368536,0.01398103618007191,HD 128620,1.198,1.11,8,8
HD 128620_1,1.3523441000145415,0.014603273754194438,HD 128620,1.198,1.11,8,8
HD 128620_1,1.352281294292246,0.014895209311228138,HD 128620,1.198,1.11,8,8
HD 128620_1,1.3525986986893463,0.012983725783706958,HD 128620,1.198,1.11,8,8
HD 128620_1,1.3527472429461824,0.0147352001337393,HD 128620,1.198,1.11,8,8
HD 128620_1,1.352688604447501,0.013273261790647159,HD 128620,1.198,1.11,8,8
HD 128620_1,1.3521183741476086,0.01338450398790282,HD 128620,1.198,1.11,8,8
HD 128620_1,1.3524074528822225,0.01527121067436427,HD 128620,1.198,1.11,8,8
HD 128620_1,1.3521733840894454,0.014445629998693128,HD 128620,1.198,1.11,8,8
HD 128620_1,1.3525309052197103,0.01439425385794422,HD 128620,1.198,1.11,8,8
HD 128620_1,1.3525147476443553,0.014898405174482134,HD 128620,1.198,1.11,8,8
HD 128620_1,1.3527443386376243,0.013875759290436069,HD 128620,1.198,1.11,8,8
HD 128620_1,1.3519508144525185,0.014402927930529559,HD 128620,1.198,1.11,8,8
HD 128620_1,1.3525131887448032,0.014177942678336098,HD 128620,1.198,1.11,8,8
HD 128620_1,1.3528688985148578,0.0145646964369189,HD 128620,1.198,1.11,8,8
HD 128620_1,1.3525508186424675,0.014736908546253445,HD 128620,1.198,1.11,8,8
HD 128620_1,1.3523257597378446,0.015491395133037598,HD 128620,1.198,1.11,8,8
HD 128620_1,1.3522164236524297,0.015519075040759526,HD 128620,1.198,1.11,8,8
HD 128620_1,1.3522149715352978,0.012824435398590073,HD 128620,1.198,1.11,8,8
HD 128620_1,1.353020955233491,0.01470010656492059,HD 128620,1.198,1.11,8,8
HD 128620_1,1.3521331652074162,0.014652300618379079,HD 128620,1.198,1.11,8,8
HD 128620_1,1.3525538499124903,0.014143743795935167,HD 128620,1.198,1.11,8,8
HD 128620_1,1.352513904891105,0.014405307726786604,HD 128620,1.198,1.11,8,8
HD 128620_1,1.3527887169857855,0.015091771240990374,HD 128620,1.198,1.11,8,8
HD 128620_1,1.3522985684271387,0.014306145093439119,HD 128620,1.198,1.11,8,8
HD 128620_1,1.352370936506761,0.014144935651558388,HD 128620,1.198,1.11,8,8
HD 128620_1,1.3523533727197279,0.014186339153917746,HD 128620,1.198,1.11,8,8
HD 128620_1,1.3524164046021179,0.015309643022344992,HD 128620,1.198,1.11,8,8
HD 128620_1,1.3526274018198814,0.01311315619800512,HD 128620,1.198,1.11,8,8
HD 128620_1,1.351877225851219,0.014948917927536106,HD 128620,1.198,1.11,8,8
HD 128620_1,1.3526672280906942,0.012861910561321794,HD 128620,1.198,1.11,8,8
HD 128620_1,1.352121770595413,0.014402025099996819,HD 128620,1.198,1.11,8,8
HD 128620_1,1.3523851180683102,0.015712102288117966,HD 128620,1.198,1.11,8,8
HD 128620_1,1.352441175377817,0.015273985885438022,HD 128620,1.198,1.11,8,8
HD 128620_1,1.3525707461528662,0.014216913056710202,HD 128620,1.198,1.11,8,8
HD 128620_1,1.3522787281954463,0.014806796773860573,HD 128620,1.198,1.11,8,8
HD 128620_1,1.352466996626755,0.01406502396829082,HD 128620,1.198,1.11,8,8
HD 128620_1,1.3522751505713526,0.016018073719692494,HD 128620,1.198,1.11,8,8
HD 128620_1,1.353042248334638,0.012106857366252808,HD 128620,1.198,1.11,8,8
HD 128620_1,1.3524638602542127,0.015989357749018822,HD 128620,1.198,1.11,8,8
HD 128620_1,1.3524263028418702,0.012699065583364807,HD 128620,1.198,1.11,8,8
HD 128620_1,1.352781048612558,0.014301721929964751,HD 128620,1.198,1.11,8,8
HD 128620_1,1.3519159155855778,0.01427748002435692,HD 128620,1.198,1.11,8,8
HD 128620_1,1.3525752040366934,0.013724425029686751,HD 128620,1.198,1.11,8,8
HD 128620_1,1.3526612428714873,0.014185010952769986,HD 128620,1.198,1.11,8,8
HD 128620_1,1.352766157486414,0.013728782637924352,HD 128620,1.198,1.11,8,8
HD 128620_1,1.3524153957574025,0.015118214741109711,HD 128620,1.198,1.11,8,8
HD 128620_1,1.352535199806463,0.014192201726926089,HD 128620,1.198,1.11,8,8
HD 128620_1,1.352231008292519,0.014469442089004712,HD 128620,1.198,1.11,8,8
HD 128620_1,1.3526159091505041,0.01478786403263165,HD 128620,1.198,1.11,8,8
HD 128620_1,1.3524227251911833,0.014736405205231276,HD 128620,1.198,1.11,8,8
HD 128620_1,1.352345655170326,0.014340190644591317,HD 128620,1.198,1.11,8,8
HD 128620_1,1.352345497276526,0.01651854357085444,HD 128620,1.198,1.11,8,8
HD 128620_1,1.3523914140984732,0.014849381484246365,HD 128620,1.198,1.11,8,8
HD 128620_1,1.3523399863734293,0.012341071842134097,HD 128620,1.198,1.11,8,8
HD 128620_1,1.3522722863007421,0.015343862234467858,HD 128620,1.198,1.11,8,8
HD 128620_1,1.3522700343962202,0.014371331346164131,HD 128620,1.198,1.11,8,8
HD 128620_1,1.3522406778881906,0.016173089414671087,HD 128620,1.198,1.11,8,8
HD 128620_1,1.3527336524648956,0.014128553534351525,HD 128620,1.198,1.11,8,8
HD 128620_1,1.3525839659665675,0.014511623565807924,HD 128620,1.198,1.11,8,8
HD 128620_1,1.3525127819572902,0.014861737035705503,HD 128620,1.198,1.11,8,8
HD 128620_1,1.3527803604355264,0.014228543602280895,HD 128620,1.198,1.11,8,8
HD 128620_1,1.3521689194288977,0.014182185366067211,HD 128620,1.198,1.11,8,8
HD 128620_1,1.3528456234353117,0.015430012556032229,HD 128620,1.198,1.11,8,8
HD 128620_1,1.352737448705136,0.013715753543661648,HD 128620,1.198,1.11,8,8
HD 128620_1,1.3522713417297292,0.014628825952071423,HD 128620,1.198,1.11,8,8
HD 128620_1,1.3523599526096366,0.013293926925257113,HD 128620,1.198,1.11,8,8
HD 128620_1,1.3524064303512475,0.017071191844756507,HD 128620,1.198,1.11,8,8
HD 128620_1,1.3524390663995642,0.013078211800224783,HD 128620,1.198,1.11,8,8
HD 128620_1,1.3520649378869019,0.015201272294374924,HD 128620,1.198,1.11,8,8
HD 128620_1,1.3525147443114658,0.01457163225405752,HD 128620,1.198,1.11,8,8
HD 128620_1,1.352171807903465,0.014263024421420606,HD 128620,1.198,1.11,8,8
HD 128620_1,1.352871940348811,0.01424915416560966,HD 128620,1.198,1.11,8,8
HD 128620_1,1.3522577655718073,0.015090593149438065,HD 128620,1.198,1.11,8,8
HD 128620_1,1.3523447448033532,0.014472585188664119,HD 128620,1.198,1.11,8,8
HD 128620_1,1.3523941257893688,0.013477841815773115,HD 128620,1.198,1.11,8,8
HD 128620_1,1.3522525584444394,0.015391184747439167,HD 128620,1.198,1.11,8,8
HD 128620_1,1.352574407248945,0.015033080385469511,HD 128620,1.198,1.11,8,8
HD 128620_1,1.352367997811182,0.01442215960486411,HD 128620,1.198,1.11,8,8
HD 128620_1,1.3526877583990649,0.01482865309977792,HD 128620,1.198,1.11,8,8
HD 128620_1,1.352557319826227,0.013706879467792804,HD 128620,1.198,1.11,8,8
HD 128620_1,1.352056514412948,0.01623974153390184,HD 128620,1.198,1.11,8,8
HD 128620_1,1.352222020133361,0.014830444185483495,HD 128620,1.198,1.11,8,8
HD 128620_1,1.352727470364008,0.013805035468025193,HD 128620,1.198,1.11,8,8
HD 128620_1,1.3523145929158427,0.01555290742190395,HD 128620,1.198,1.11,8,8
HD 128620_1,1.3524682942660684,0.015998287610815377,HD 128620,1.198,1.11,8,8
HD 128620_1,1.3523443114508833,0.013587842889121342,HD 128620,1.198,1.11,8,8
HD 128620_1,1.3524488591921815,0.012772293085727495,HD 128620,1.198,1.11,8,8
HD 128620_1,1.3528977932155244,0.013747426800057664,HD 128620,1.198,1.11,8,8
HD 128620_1,1.353233081676709,0.01377408752232322,HD 128620,1.198,1.11,8,8
HD 128620_1,1.3521406149243693,0.014237305103615285,HD 128620,1.198,1.11,8,8
HD 128620_1,1.3526787315731266,0.014023479176129368,HD 128620,1.198,1.11,8,8
HD 128620_1,1.3526261113841356,0.013491668208807333,HD 128620,1.198,1.11,8,8
HD 128620_1,1.352277734194453,0.015354445874630166,HD 128620,1.198,1.11,8,8
HD 128620_1,1.352174025372703,0.014661425421344625,HD 128620,1.198,1.11,8,8
HD 128620_1,1.3521865713539596,0.014045966642037517,HD 128620,1.198,1.11,8,8
HD 128620_1,1.3520765953969893,0.015826269994743278,HD 128620,1.198,1.11,8,8
HD 128620_1,1.3523159746452798,0.01496764011775281,HD 128620,1.198,1.11,8,8
HD 128620_1,1.3520903981688368,0.01500565434843284,HD 128620,1.198,1.11,8,8
HD 128620_1,1.3521971034606548,0.01395293337407774,HD 128620,1.198,1.11,8,8
HD 128620_1,1.3525055338449972,0.013867408320286986,HD 128620,1.198,1.11,8,8
HD 128620_1,1.3525173233813432,0.014213533239888936,HD 128620,1.198,1.11,8,8
HD 128620_1,1.3524192631866445,0.015734831131173917,HD 128620,1.198,1.11,8,8
HD 128620_1,1.3524573667775408,0.014362083653243521,HD 128620,1.198,1.11,8,8
HD 128620_1,1.3521294363147065,0.014668961941830979,HD 128620,1.198,1.11,8,8
HD 128620_1,1.3518606541773521,0.015749138139295456,HD 128620,1.198,1.11,8,8
HD 128620_1,1.3527088719067588,0.01360147419318007,HD 128620,1.198,1.11,8,8
HD 128620_1,1.3523560870168632,0.014082104933620533,HD 128620,1.198,1.11,8,8
HD 128620_1,1.3525769473393536,0.015209521945360082,HD 128620,1.198,1.11,8,8
HD 128620_1,1.35243429565397,0.014872248311243801,HD 128620,1.198,1.11,8,8
HD 128620_1,1.352826051910134,0.01389601312903891,HD 128620,1.198,1.11,8,8
HD 128620_1,1.351961278525228,0.01518458120006299,HD 128620,1.198,1.11,8,8
HD 128620_1,1.352341182649703,0.014762422966246492,HD 128620,1.198,1.11,8,8
HD 128620_1,1.3525459363094767,0.014474047088746582,HD 128620,1.198,1.11,8,8
HD 128620_1,1.3527258161255913,0.014870691972521957,HD 128620,1.198,1.11,8,8
HD 128620_1,1.35236610623805,0.015639176955436533,HD 128620,1.198,1.11,8,8
HD 128620_1,1.3523252111711588,0.013381375852842757,HD 128620,1.198,1.11,8,8
HD 128620_1,1.3519190803891203,0.015177050448533888,HD 128620,1.198,1.11,8,8
HD 128620_1,1.352609042271558,0.014816412757100259,HD 128620,1.198,1.11,8,8
HD 128620_1,1.3521467392201152,0.013893823093796205,HD 128620,1.198,1.11,8,8
HD 128620_1,1.352267442549433,0.015347461892303928,HD 128620,1.198,1.11,8,8
HD 128620_1,1.353007754926387,0.013906439581333006,HD 128620,1.198,1.11,8,8
HD 128620_1,1.3522855524727837,0.016440334875304004,HD 128620,1.198,1.11,8,8
HD 128620_1,1.352380265250576,0.015623789165257614,HD 128620,1.198,1.11,8,8
HD 128620_1,1.3523132760324823,0.014149176159261758,HD 128620,1.198,1.11,8,8
HD 128620_1,1.352268626209851,0.016039611949774574,HD 128620,1.198,1.11,8,8
HD 128620_1,1.3523457811563322,0.014191808115059655,HD 128620,1.198,1.11,8,8
HD 128620_1,1.3519779911712748,0.017167896799680362,HD 128620,1.198,1.11,8,8
HD 128620_1,1.3522826818374543,0.01347872444275871,HD 128620,1.198,1.11,8,8
HD 128620_1,1.352206829868665,0.01438292005878672,HD 128620,1.198,1.11,8,8
HD 128620_1,1.3530395245073041,0.013734875315129635,HD 128620,1.198,1.11,8,8
HD 128620_1,1.3521614581428494,0.014774157218905709,HD 128620,1.198,1.11,8,8
HD 128620_1,1.3527627573571197,0.01513156931090262,HD 128620,1.198,1.11,8,8
HD 128620_1,1.35220817118702,0.015048312495717697,HD 128620,1.198,1.11,8,8
HD 128620_1,1.3524731864828463,0.015545260658009147,HD 128620,1.198,1.11,8,8
HD 128620_1,1.35182436923543,0.014678169411543792,HD 128620,1.198,1.11,8,8
HD 128620_1,1.3522548249964075,0.014117977441145126,HD 128620,1.198,1.11,8,8
HD 128620_1,1.352481255039988,0.015323926530101065,HD 128620,1.198,1.11,8,8
HD 128620_1,1.3521136572545638,0.015488395088494172,HD 128620,1.198,1.11,8,8
HD 128620_1,1.3521282311892524,0.01539274644455316,HD 128620,1.198,1.11,8,8
HD 128620_1,1.3525283357610174,0.013191205994221342,HD 128620,1.198,1.11,8,8
HD 128620_1,1.352683025910685,0.014354266185999331,HD 128620,1.198,1.11,8,8
HD 128620_1,1.3523994769424212,0.014848789716523817,HD 128620,1.198,1.11,8,8
HD 128620_1,1.3522337525898158,0.012584722730341183,HD 128620,1.198,1.11,8,8
HD 128620_1,1.3523324195298776,0.014268093565387682,HD 128620,1.198,1.11,8,8
HD 128620_1,1.3524834824545533,0.015114381529143264,HD 128620,1.198,1.11,8,8
HD 128620_1,1.3527947945132532,0.014131925168429092,HD 128620,1.198,1.11,8,8
HD 128620_1,1.3524443623632205,0.014120579537100298,HD 128620,1.198,1.11,8,8
HD 128620_1,1.3524467158835514,0.017234514395930864,HD 128620,1.198,1.11,8,8
HD 128620_1,1.352029104773219,0.015143287562671961,HD 128620,1.198,1.11,8,8
HD 128620_1,1.3524869551386747,0.014369541670677348,HD 128620,1.198,1.11,8,8
HD 128620_1,1.3519982348807478,0.015410817155264274,HD 128620,1.198,1.11,8,8
HD 128620_1,1.3519110350964996,0.016475402288710514,HD 128620,1.198,1.11,8,8
HD 128620_1,1.3525432320680606,0.014409475360052042,HD 128620,1.198,1.11,8,8
HD 128620_1,1.3523052758834564,0.013705632671245888,HD 128620,1.198,1.11,8,8
HD 128620_1,1.3524007479455815,0.015159757927048512,HD 128620,1.198,1.11,8,8
HD 128620_1,1.3525515139806572,0.013708683112133226,HD 128620,1.198,1.11,8,8
HD 128620_1,1.3526119759886135,0.015076428280883734,HD 128620,1.198,1.11,8,8
HD 128620_1,1.3527383057935691,0.015395091210613679,HD 128620,1.198,1.11,8,8
HD 128620_1,1.3521984444062756,0.015183874796051905,HD 128620,1.198,1.11,8,8
HD 128620_1,1.3523250493103776,0.014091628380004322,HD 128620,1.198,1.11,8,8
HD 128620_1,1.3525746698772643,0.015169177864467047,HD 128620,1.198,1.11,8,8
HD 128620_1,1.3524760976714512,0.014183602282082496,HD 128620,1.198,1.11,8,8
HD 128620_1,1.3524250529348,0.01405217276696672,HD 128620,1.198,1.11,8,8
HD 128620_1,1.3521352885326992,0.014111815165503602,HD 128620,1.198,1.11,8,8
HD 128620_1,1.3522809218134255,0.014085733776180791,HD 128620,1.198,1.11,8,8
HD 128620_1,1.3522247414457313,0.01504248589654267,HD 128620,1.198,1.11,8,8
HD 128620_1,1.3523072644930527,0.013707859200940996,HD 128620,1.198,1.11,8,8
HD 128620_1,1.3522114430197878,0.014679299292239332,HD 128620,1.198,1.11,8,8
HD 128620_1,1.3529304236330024,0.012419847029389634,HD 128620,1.198,1.11,8,8
HD 128620_1,1.3522020169649218,0.01450046841604595,HD 128620,1.198,1.11,8,8
HD 128620_1,1.3529003300980003,0.014180444285567482,HD 128620,1.198,1.11,8,8
HD 128620_1,1.3526038469270338,0.014707338269146253,HD 128620,1.198,1.11,8,8
HD 128620_1,1.3524068801411684,0.0138192744317251,HD 128620,1.198,1.11,8,8
HD 128620_1,1.352701045768801,0.0125042695389266,HD 128620,1.198,1.11,8,8
HD 128620_1,1.3524741482346105,0.014030550402413883,HD 128620,1.198,1.11,8,8
HD 128620_1,1.3528517580683306,0.013070589032404881,HD 128620,1.198,1.11,8,8
HD 128620_1,1.3525608461933365,0.014010794674024864,HD 128620,1.198,1.11,8,8
HD 128620_1,1.3523515420408332,0.015446178377016232,HD 128620,1.198,1.11,8,8
HD 128620_1,1.3520945438917298,0.012564721020863092,HD 128620,1.198,1.11,8,8
HD 128620_1,1.352486096537939,0.01588468853796681,HD 128620,1.198,1.11,8,8
HD 128620_1,1.3525956512452237,0.013087073164086735,HD 128620,1.198,1.11,8,8
HD 128620_1,1.3525865270788857,0.015026310703129186,HD 128620,1.198,1.11,8,8
HD 128620_1,1.3522436974640304,0.01614643851433308,HD 128620,1.198,1.11,8,8
HD 128620_1,1.3526231773664754,0.013109070789395012,HD 128620,1.198,1.11,8,8
HD 128620_1,1.3521180594088829,0.014864278253976567,HD 128620,1.198,1.11,8,8
HD 128620_1,1.3521721544139704,0.015925617915129954,HD 128620,1.198,1.11,8,8
HD 128620_1,1.3523815307506666,0.014690301563557539,HD 128620,1.198,1.11,8,8
HD 128620_1,1.3521438678009114,0.014974739686153772,HD 128620,1.198,1.11,8,8
HD 128620_1,1.352172669416917,0.013521475905564332,HD 128620,1.198,1.11,8,8
HD 128620_1,1.3524316852159246,0.013703403466130385,HD 128620,1.198,1.11,8,8
HD 128620_1,1.3524730146352102,0.013792947239754322,HD 128620,1.198,1.11,8,8
HD 128620_1,1.3522209695080383,0.013838331668651964,HD 128620,1.198,1.11,8,8
HD 128620_1,1.3521693810301931,0.017333439149606597,HD 128620,1.198,1.11,8,8
HD 128620_1,1.3528671503853655,0.014232258364952795,HD 128620,1.198,1.11,8,8
HD 128620_1,1.3526145801984182,0.014080889762916,HD 128620,1.198,1.11,8,8
HD 128620_1,1.3523538154727321,0.013533447003168162,HD 128620,1.198,1.11,8,8
HD 128620_1,1.3523917967725996,0.01363317418851824,HD 128620,1.198,1.11,8,8
HD 128620_1,1.3526996825293938,0.013004301776247978,HD 128620,1.198,1.11,8,8
HD 128620_1,1.3523586101979044,0.015113422162495572,HD 128620,1.198,1.11,8,8
HD 128620_1,1.3526898980328363,0.014305579362511124,HD 128620,1.198,1.11,8,8
HD 128620_1,1.352145130844465,0.014682523572192824,HD 128620,1.198,1.11,8,8
HD 128620_1,1.3523903170761271,0.015612680118139195,HD 128620,1.198,1.11,8,8
HD 128620_1,1.3523616961558675,0.014058964146243625,HD 128620,1.198,1.11,8,8
HD 128620_1,1.352482951679743,0.014006220217344434,HD 128620,1.198,1.11,8,8
HD 128620_1,1.3523496814268654,0.016526965697708233,HD 128620,1.198,1.11,8,8
HD 128620_1,1.3522687652634604,0.014925850275973125,HD 128620,1.198,1.11,8,8
HD 128620_1,1.352556697629547,0.015193580712260282,HD 128620,1.198,1.11,8,8
HD 128620_1,1.3525871414834552,0.014832947841507857,HD 128620,1.198,1.11,8,8
HD 128620_1,1.352515375985187,0.015537706013124902,HD 128620,1.198,1.11,8,8
HD 128620_1,1.3525002901345458,0.014614612596500652,HD 128620,1.198,1.11,8,8
HD 128620_1,1.3523654002071839,0.016823931253349633,HD 128620,1.198,1.11,8,8
HD 128620_1,1.3527679311096366,0.013280550415299078,HD 128620,1.198,1.11,8,8
HD 128620_1,1.3525362956642897,0.014089176166686486,HD 128620,1.198,1.11,8,8
HD 128620_1,1.3526982141608033,0.013275009412124183,HD 128620,1.198,1.11,8,8
HD 128620_1,1.3523439992609592,0.015290760130288418,HD 128620,1.198,1.11,8,8
HD 128620_1,1.3523027880675436,0.015820910207050065,HD 128620,1.198,1.11,8,8
HD 128620_1,1.3527557788936597,0.013849938498390632,HD 128620,1.198,1.11,8,8
HD 128620_1,1.352829363140222,0.014102201234117508,HD 128620,1.198,1.11,8,8
HD 128620_1,1.3526024161967056,0.014424897514930937,HD 128620,1.198,1.11,8,8
HD 128620_1,1.352638991932607,0.014322025421850576,HD 128620,1.198,1.11,8,8
HD 128620_1,1.352530572300012,0.014529448763054016,HD 128620,1.198,1.11,8,8
HD 128620_1,1.352549479940007,0.01414508804925167,HD 128620,1.198,1.11,8,8
HD 128620_1,1.3524471267252638,0.014455481821466075,HD 128620,1.198,1.11,8,8
HD 128620_1,1.352128097483464,0.014811592036685908,HD 128620,1.198,1.11,8,8
HD 128620_1,1.3520910841706129,0.014775771492879404,HD 128620,1.198,1.11,8,8
HD 128620_1,1.3523953312012533,0.015384835756870252,HD 128620,1.198,1.11,8,8
HD 128620_1,1.3522381445132825,0.014853131135253404,HD 128620,1.198,1.11,8,8
HD 128620_1,1.3526685799193658,0.012861800737913815,HD 128620,1.198,1.11,8,8
HD 128620_1,1.3522981915144616,0.01384245789570037,HD 128620,1.198,1.11,8,8
HD 128620_1,1.352201922304409,0.01360382905458674,HD 128620,1.198,1.11,8,8
HD 128620_1,1.3522894951249647,0.015623190129523639,HD 128620,1.198,1.11,8,8
HD 128620_1,1.352459627069487,0.013457031973041367,HD 128620,1.198,1.11,8,8
HD 128620_1,1.3521839988080404,0.014993931091347577,HD 128620,1.198,1.11,8,8
HD 128620_1,1.3528308002054934,0.01259068538624904,HD 128620,1.198,1.11,8,8
HD 128620_1,1.3529047128542802,0.013744741905893467,HD 128620,1.198,1.11,8,8
HD 128620_1,1.3525727660863145,0.014178093449713429,HD 128620,1.198,1.11,8,8
HD 128620_1,1.351914755511279,0.016041905224060304,HD 128620,1.198,1.11,8,8
HD 128620_1,1.352613804511575,0.014116393333713775,HD 128620,1.198,1.11,8,8
HD 128620_1,1.3524528969581842,0.014813048567816244,HD 128620,1.198,1.11,8,8
HD 128620_1,1.3526305650710495,0.014486449605044192,HD 128620,1.198,1.11,8,8
HD 128620_1,1.3523272742805665,0.015004624686355713,HD 128620,1.198,1.11,8,8
HD 128620_1,1.3520076786164146,0.013127258101661182,HD 128620,1.198,1.11,8,8
HD 128620_1,1.3525286913334003,0.013376863396278112,HD 128620,1.198,1.11,8,8
HD 128620_1,1.3521274018011151,0.014885708901245185,HD 128620,1.198,1.11,8,8
HD 128620_1,1.3522125484933831,0.014585043630223438,HD 128620,1.198,1.11,8,8
HD 128620_1,1.3520882225940776,0.01516680362004743,HD 128620,1.198,1.11,8,8
HD 128620_1,1.3520705372201434,0.014339696650029628,HD 128620,1.198,1.11,8,8
HD 128620_1,1.3525823406215463,0.014386939968607055,HD 128620,1.198,1.11,8,8
HD 128620_1,1.3525793296387045,0.014914745504776996,HD 128620,1.198,1.11,8,8
HD 128620_1,1.3521100360449743,0.015497810344910204,HD 128620,1.198,1.11,8,8
HD 128620_1,1.352436188075758,0.014508116231200203,HD 128620,1.198,1.11,8,8
HD 128620_1,1.3521426052898529,0.013588688179831587,HD 128620,1.198,1.11,8,8
HD 128620_1,1.3523167387067512,0.016266341089414493,HD 128620,1.198,1.11,8,8
HD 128620_1,1.35276731525301,0.01365328472439385,HD 128620,1.198,1.11,8,8
HD 128620_1,1.3523752897566301,0.015116223471906207,HD 128620,1.198,1.11,8,8
HD 128620_1,1.3529177140161306,0.013569879638468984,HD 128620,1.198,1.11,8,8
HD 128620_1,1.3523023852181588,0.01470508721503836,HD 128620,1.198,1.11,8,8
HD 128620_1,1.3525327395363314,0.01504145429467259,HD 128620,1.198,1.11,8,8
HD 128620_1,1.352785056427135,0.014754678952811413,HD 128620,1.198,1.11,8,8
HD 128620_1,1.3522009640972705,0.014883709758082245,HD 128620,1.198,1.11,8,8
HD 128620_1,1.3525716156609473,0.014286435960843972,HD 128620,1.198,1.11,8,8
HD 128620_1,1.3521981679168438,0.01417319108924642,HD 128620,1.198,1.11,8,8
HD 128620_1,1.3523655993393433,0.013149723905664185,HD 128620,1.198,1.11,8,8
HD 128620_1,1.352329676974065,0.013860538233712501,HD 128620,1.198,1.11,8,8
HD 128620_1,1.3526192036984108,0.014066533125160409,HD 128620,1.198,1.11,8,8
HD 128620_1,1.3524249004634143,0.015478105321814864,HD 128620,1.198,1.11,8,8
HD 128620_1,1.3524084620019485,0.01481409921424163,HD 128620,1.198,1.11,8,8
HD 128620_1,1.3530236992241684,0.014041262035243888,HD 128620,1.198,1.11,8,8
HD 128620_1,1.352683400622621,0.015027204696730112,HD 128620,1.198,1.11,8,8
HD 128620_1,1.3524097853862016,0.01623931918943778,HD 128620,1.198,1.11,8,8
HD 128620_1,1.3524624841531716,0.013549975285229625,HD 128620,1.198,1.11,8,8
HD 128620_1,1.3525054823959999,0.013389020086698119,HD 128620,1.198,1.11,8,8
HD 128620_1,1.3520802479823353,0.014219737990212727,HD 128620,1.198,1.11,8,8
HD 128620_1,1.3527691619454003,0.013451938076273425,HD 128620,1.198,1.11,8,8
HD 128620_1,1.3526616039286847,0.013675474411993441,HD 128620,1.198,1.11,8,8
HD 128620_1,1.3527740504388235,0.013396148109354198,HD 128620,1.198,1.11,8,8
HD 128620_1,1.3523126628149227,0.015951430108288683,HD 128620,1.198,1.11,8,8
HD 128620_1,1.3522833543035147,0.014444145902539184,HD 128620,1.198,1.11,8,8
HD 128620_1,1.3523055129073327,0.013317955879895756,HD 128620,1.198,1.11,8,8
HD 128620_1,1.351832425564664,0.014212744576721134,HD 128620,1.198,1.11,8,8
HD 128620_1,1.352287140659984,0.014435656808707389,HD 128620,1.198,1.11,8,8
HD 128620_1,1.3527905757771992,0.01377352750304204,HD 128620,1.198,1.11,8,8
HD 128620_1,1.352217056338512,0.015124901917323786,HD 128620,1.198,1.11,8,8
HD 128620_1,1.352672919421789,0.013652013808735045,HD 128620,1.198,1.11,8,8
HD 128620_1,1.352471865233277,0.014052830063038839,HD 128620,1.198,1.11,8,8
HD 128620_1,1.3521508220011393,0.01442847236529465,HD 128620,1.198,1.11,8,8
HD 128620_1,1.3529705062996227,0.014304367150683011,HD 128620,1.198,1.11,8,8
HD 128620_1,1.3522700788730524,0.013641914041686753,HD 128620,1.198,1.11,8,8
HD 128620_1,1.3527295113478655,0.014871627973492556,HD 128620,1.198,1.11,8,8
HD 128620_1,1.3519916936235283,0.014041970564157909,HD 128620,1.198,1.11,8,8
HD 128620_1,1.3520767077625888,0.01573505869346321,HD 128620,1.198,1.11,8,8
HD 128620_1,1.3526323583538336,0.015321452728944068,HD 128620,1.198,1.11,8,8
HD 128620_1,1.3523064932870716,0.014487199379391752,HD 128620,1.198,1.11,8,8
HD 128620_1,1.3520169571846317,0.014656104992099288,HD 128620,1.198,1.11,8,8
HD 128620_1,1.3525752880125481,0.014377537481528042,HD 128620,1.198,1.11,8,8
HD 128620_1,1.3529099909521853,0.013044131422823853,HD 128620,1.198,1.11,8,8
HD 128620_1,1.351978857433722,0.014265172795399315,HD 128620,1.198,1.11,8,8
HD 128620_1,1.35241459651538,0.015086866063357397,HD 128620,1.198,1.11,8,8
HD 128620_1,1.3523031776639316,0.014777314481596178,HD 128620,1.198,1.11,8,8
HD 128620_1,1.3522529850456013,0.015507417186577778,HD 128620,1.198,1.11,8,8
HD 128620_1,1.3520509790913402,0.015480731325414467,HD 128620,1.198,1.11,8,8
HD 128620_1,1.3524028168463862,0.013418343199231806,HD 128620,1.198,1.11,8,8
HD 128620_1,1.3525005784175006,0.014772530966083481,HD 128620,1.198,1.11,8,8
HD 128620_1,1.3526049212443938,0.014063866405283381,HD 128620,1.198,1.11,8,8
HD 128620_1,1.3519405366613397,0.015683930761451387,HD 128620,1.198,1.11,8,8
HD 128620_1,1.3533835278509276,0.013973911985076293,HD 128620,1.198,1.11,8,8
HD 128620_1,1.3529291121259688,0.01395136479500495,HD 128620,1.198,1.11,8,8
HD 128620_1,1.3522635510275451,0.016932476517019304,HD 128620,1.198,1.11,8,8
HD 128620_1,1.3522654303917776,0.015549878933502553,HD 128620,1.198,1.11,8,8
HD 128620_1,1.3523704194681552,0.015128185334343874,HD 128620,1.198,1.11,8,8
HD 128620_1,1.3522878226335964,0.015378362855507637,HD 128620,1.198,1.11,8,8
HD 128620_1,1.352327726595786,0.015477082039099796,HD 128620,1.198,1.11,8,8
HD 128620_1,1.3524384472312998,0.013786071302455287,HD 128620,1.198,1.11,8,8
HD 128620_1,1.3523347358526967,0.015380727131538484,HD 128620,1.198,1.11,8,8
HD 128620_1,1.3520544238537802,0.016717580322186246,HD 128620,1.198,1.11,8,8
HD 128620_1,1.3517357710548343,0.015711913962045045,HD 128620,1.198,1.11,8,8
HD 128620_1,1.352450720622873,0.01604717722478281,HD 128620,1.198,1.11,8,8
HD 128620_1,1.3523953450697777,0.01528550681155136,HD 128620,1.198,1.11,8,8
HD 128620_1,1.3523335075745764,0.013977993637153028,HD 128620,1.198,1.11,8,8
HD 128620_1,1.3521067402281972,0.014932826901518814,HD 128620,1.198,1.11,8,8
HD 128620_1,1.3526584738827876,0.013383048798593407,HD 128620,1.198,1.11,8,8
HD 128620_1,1.3523617973143014,0.014452217978484007,HD 128620,1.198,1.11,8,8
HD 128620_1,1.352377236492755,0.014999053736487203,HD 128620,1.198,1.11,8,8
HD 128620_1,1.3525660975230314,0.014922505481874952,HD 128620,1.198,1.11,8,8
HD 128620_1,1.3521755898700183,0.014286039614550324,HD 128620,1.198,1.11,8,8
HD 128620_1,1.3523341078602653,0.014675996300974884,HD 128620,1.198,1.11,8,8
HD 128620_1,1.351925125888687,0.013971073556633157,HD 128620,1.198,1.11,8,8
HD 128620_1,1.3524532107579232,0.015451248448647995,HD 128620,1.198,1.11,8,8
HD 128620_1,1.3523862921899161,0.013654491722503038,HD 128620,1.198,1.11,8,8
HD 128620_1,1.3523852879211593,0.015503319866397582,HD 128620,1.198,1.11,8,8
HD 128620_1,1.3521386546913134,0.014725605510717686,HD 128620,1.198,1.11,8,8
HD 128620_1,1.351804731549772,0.015547099051270632,HD 128620,1.198,1.11,8,8
HD 128620_1,1.3525636375182744,0.01405975408965295,HD 128620,1.198,1.11,8,8
HD 128620_1,1.3521818424266834,0.015047998994045672,HD 128620,1.198,1.11,8,8
HD 128620_1,1.3525256663937588,0.013727502792913784,HD 128620,1.198,1.11,8,8
HD 128620_1,1.3523693490372997,0.014008646328390618,HD 128620,1.198,1.11,8,8
HD 128620_1,1.3524161632265854,0.014108752999303443,HD 128620,1.198,1.11,8,8
HD 128620_1,1.352034077904067,0.015081623015898148,HD 128620,1.198,1.11,8,8
HD 128620_1,1.3526732587873245,0.014479870591272315,HD 128620,1.198,1.11,8,8
HD 128620_1,1.3526444659032109,0.015399398287038213,HD 128620,1.198,1.11,8,8
HD 128620_1,1.3523462789072063,0.014184625942535454,HD 128620,1.198,1.11,8,8
HD 128620_1,1.3523387495504215,0.015191301601592426,HD 128620,1.198,1.11,8,8
HD 128620_1,1.3522510822134273,0.01367809919727595,HD 128620,1.198,1.11,8,8
HD 128620_1,1.3526670034123325,0.014488064623378132,HD 128620,1.198,1.11,8,8
HD 128620_1,1.3524256682418254,0.01459452136617846,HD 128620,1.198,1.11,8,8
HD 128620_1,1.3527753454145797,0.014400980031938128,HD 128620,1.198,1.11,8,8
HD 128620_1,1.352366842538583,0.01342995949452183,HD 128620,1.198,1.11,8,8
HD 128620_1,1.3521559534292433,0.014721330750500992,HD 128620,1.198,1.11,8,8
HD 128620_1,1.3524911156178523,0.015278979086460384,HD 128620,1.198,1.11,8,8
HD 128620_1,1.3522648987592278,0.015051319220050645,HD 128620,1.198,1.11,8,8
HD 128620_1,1.3526461848838134,0.015287658793961559,HD 128620,1.198,1.11,8,8
HD 128620_1,1.3521381447770127,0.01519766543073744,HD 128620,1.198,1.11,8,8
HD 128620_1,1.3529027346202531,0.014813289183183316,HD 128620,1.198,1.11,8,8
HD 128620_1,1.352373448196077,0.01421327920695424,HD 128620,1.198,1.11,8,8
HD 128620_1,1.3520013440935474,0.01566443094556616,HD 128620,1.198,1.11,8,8
HD 128620_1,1.352398759871873,0.013970375668572822,HD 128620,1.198,1.11,8,8
HD 128620_1,1.352413094058611,0.015043282309650498,HD 128620,1.198,1.11,8,8
HD 128620_1,1.3527001036824458,0.013001594033937077,HD 128620,1.198,1.11,8,8
HD 128620_1,1.3525304038331234,0.014428987978027228,HD 128620,1.198,1.11,8,8
HD 128620_1,1.3529139528280048,0.01278576257250107,HD 128620,1.198,1.11,8,8
HD 128620_1,1.3524519290130477,0.015225243511910734,HD 128620,1.198,1.11,8,8
HD 128620_1,1.3528920038740564,0.01244560591417322,HD 128620,1.198,1.11,8,8
HD 128620_1,1.3522488679714648,0.013294509662730209,HD 128620,1.198,1.11,8,8
HD 128620_1,1.3517842465480876,0.016116956453498477,HD 128620,1.198,1.11,8,8
HD 128620_1,1.3524832075786455,0.016017400461933826,HD 128620,1.198,1.11,8,8
HD 128620_1,1.3524186174890431,0.014471913717194506,HD 128620,1.198,1.11,8,8
HD 128620_1,1.3523212223025514,0.014501625426064365,HD 128620,1.198,1.11,8,8
HD 128620_1,1.3523209650768833,0.014287954096745466,HD 128620,1.198,1.11,8,8
HD 128620_1,1.3523018969584528,0.014159292173527488,HD 128620,1.198,1.11,8,8
HD 128620_1,1.352336792041955,0.016149524986560214,HD 128620,1.198,1.11,8,8
HD 128620_1,1.3527005919690207,0.014683394334309353,HD 128620,1.198,1.11,8,8
HD 128620_1,1.3525250759163892,0.013827232749568813,HD 128620,1.198,1.11,8,8
HD 128620_1,1.3521682353141082,0.01622135445041917,HD 128620,1.198,1.11,8,8
HD 128620_1,1.35249007019162,0.014197966934980544,HD 128620,1.198,1.11,8,8
HD 128620_1,1.3522893040535977,0.015778243472616624,HD 128620,1.198,1.11,8,8
HD 128620_1,1.3524367058726579,0.014160429194803743,HD 128620,1.198,1.11,8,8
HD 128620_1,1.3520370972268518,0.015042752264055272,HD 128620,1.198,1.11,8,8
HD 128620_1,1.3522808416483976,0.01492395795841735,HD 128620,1.198,1.11,8,8
HD 128620_1,1.3520920024055108,0.015000916600556843,HD 128620,1.198,1.11,8,8
HD 128620_1,1.353010904301431,0.013174757737285053,HD 128620,1.198,1.11,8,8
HD 128620_1,1.352555999898964,0.012205014693471544,HD 128620,1.198,1.11,8,8
HD 128620_1,1.352053564523437,0.01427302192602548,HD 128620,1.198,1.11,8,8
HD 128620_1,1.3527279958240077,0.01623353086272202,HD 128620,1.198,1.11,8,8
HD 128620_1,1.3522512172485477,0.01417039784714939,HD 128620,1.198,1.11,8,8
HD 128620_1,1.3523487765897764,0.016159474883220584,HD 128620,1.198,1.11,8,8
HD 128620_1,1.3523985963937943,0.014854966164445923,HD 128620,1.198,1.11,8,8
HD 128620_1,1.3525183011742334,0.01447198545379257,HD 128620,1.198,1.11,8,8
HD 128620_1,1.3520744237785531,0.015802386637475935,HD 128620,1.198,1.11,8,8
HD 128620_1,1.3526032702315165,0.014783501100204429,HD 128620,1.198,1.11,8,8
HD 128620_1,1.352733062484764,0.013908213392912773,HD 128620,1.198,1.11,8,8
HD 128620_1,1.352484234266113,0.014301872677498629,HD 128620,1.198,1.11,8,8
HD 128620_1,1.3522524537905352,0.013688250698004108,HD 128620,1.198,1.11,8,8
HD 128620_1,1.352045888610069,0.016005346810252827,HD 128620,1.198,1.11,8,8
HD 128620_1,1.3524647537918997,0.01390210932685634,HD 128620,1.198,1.11,8,8
HD 128620_1,1.35245258720359,0.013824939717464492,HD 128620,1.198,1.11,8,8
HD 128620_1,1.3526169339230603,0.014549000718634245,HD 128620,1.198,1.11,8,8
HD 128620_1,1.3524241118073466,0.01562694179904857,HD 128620,1.198,1.11,8,8
HD 128620_1,1.352041305976362,0.01552216436519508,HD 128620,1.198,1.11,8,8
HD 128620_1,1.3527247325889964,0.013623811056660563,HD 128620,1.198,1.11,8,8
HD 128620_1,1.3525159871176917,0.01384925294411905,HD 128620,1.198,1.11,8,8
HD 128620_1,1.3525770662662178,0.014580482752535626,HD 128620,1.198,1.11,8,8
HD 128620_1,1.3525289400736606,0.011844657783081011,HD 128620,1.198,1.11,8,8
HD 128620_1,1.3526419288050973,0.015074572148960776,HD 128620,1.198,1.11,8,8
HD 128620_1,1.3517452952430367,0.016091921002961362,HD 128620,1.198,1.11,8,8
HD 128620_1,1.3524640059817774,0.013720249893491066,HD 128620,1.198,1.11,8,8
HD 128620_1,1.352538518860446,0.014932694300960687,HD 128620,1.198,1.11,8,8
HD 128620_1,1.3526040937874644,0.014233863056188394,HD 128620,1.198,1.11,8,8
HD 128620_1,1.3525532663936073,0.016058287888283986,HD 128620,1.198,1.11,8,8
HD 128620_1,1.3527113998581441,0.014140216051241774,HD 128620,1.198,1.11,8,8
HD 128620_1,1.352291863812054,0.012939452743285085,HD 128620,1.198,1.11,8,8
HD 128620_1,1.3523808855269082,0.015868478075971387,HD 128620,1.198,1.11,8,8
HD 128620_1,1.352255996044963,0.015469817394382917,HD 128620,1.198,1.11,8,8
HD 128620_1,1.35245074292125,0.013399804318826106,HD 128620,1.198,1.11,8,8
HD 128620_1,1.3521398350162979,0.014167905241343984,HD 128620,1.198,1.11,8,8
HD 128620_1,1.352961672885817,0.013382035502733437,HD 128620,1.198,1.11,8,8
HD 128620_1,1.3526172742137745,0.013652688414681766,HD 128620,1.198,1.11,8,8
HD 128620_1,1.352446872594265,0.015239890436160319,HD 128620,1.198,1.11,8,8
HD 128620_1,1.3524490400645786,0.01569324181435236,HD 128620,1.198,1.11,8,8
HD 128620_1,1.3526165193277198,0.014087655854898807,HD 128620,1.198,1.11,8,8
HD 128620_1,1.352309409482881,0.01584339811481107,HD 128620,1.198,1.11,8,8
HD 128620_1,1.3523927484728258,0.014893907982390707,HD 128620,1.198,1.11,8,8
HD 128620_1,1.3521562770839548,0.013903278951587971,HD 128620,1.198,1.11,8,8
HD 128620_1,1.3527765021624856,0.014296764034785666,HD 128620,1.198,1.11,8,8
HD 128620_1,1.3525452663870896,0.015144609406476987,HD 128620,1.198,1.11,8,8
HD 128620_1,1.3522406983948885,0.015107047980968779,HD 128620,1.198,1.11,8,8
HD 128620_1,1.3524215319097599,0.01394993281963945,HD 128620,1.198,1.11,8,8
HD 128620_1,1.3522752979914014,0.01303449375436158,HD 128620,1.198,1.11,8,8
HD 128620_1,1.3521666875750205,0.015200838901313104,HD 128620,1.198,1.11,8,8
HD 128620_1,1.3520731043840784,0.015739544038020113,HD 128620,1.198,1.11,8,8
HD 128620_1,1.352495343314249,0.014878157152644613,HD 128620,1.198,1.11,8,8
HD 128620_1,1.3523925843687294,0.014981589861672709,HD 128620,1.198,1.11,8,8
HD 128620_1,1.352045815829617,0.015983448218294432,HD 128620,1.198,1.11,8,8
HD 128620_1,1.3522276794843586,0.014501217088346466,HD 128620,1.198,1.11,8,8
HD 128620_1,1.352180860115331,0.014517622653642287,HD 128620,1.198,1.11,8,8
HD 128620_1,1.3521444727905334,0.014627701424020726,HD 128620,1.198,1.11,8,8
HD 128620_1,1.3524311300557608,0.013825438846997497,HD 128620,1.198,1.11,8,8
HD 128620_1,1.3522163607501496,0.013970575967523017,HD 128620,1.198,1.11,8,8
HD 128620_1,1.3524170653071836,0.015072476704534921,HD 128620,1.198,1.11,8,8
HD 128620_1,1.351966528464924,0.015930618597693617,HD 128620,1.198,1.11,8,8
HD 128620_1,1.35211881240915,0.016524710060332473,HD 128620,1.198,1.11,8,8
HD 128620_1,1.352526957453964,0.01380384700802078,HD 128620,1.198,1.11,8,8
HD 128620_1,1.3523289553140787,0.013867945648654218,HD 128620,1.198,1.11,8,8
HD 128620_1,1.3519586609056788,0.014330130074442955,HD 128620,1.198,1.11,8,8
HD 128620_1,1.352395412754665,0.014758877101816009,HD 128620,1.198,1.11,8,8
HD 128620_1,1.352006483153617,0.014210192594805602,HD 128620,1.198,1.11,8,8
HD 128620_1,1.3522476842788043,0.012787446912222583,HD 128620,1.198,1.11,8,8
HD 128620_1,1.3522635310940885,0.01588609706236923,HD 128620,1.198,1.11,8,8
HD 128620_1,1.3524065546519526,0.014173408582336167,HD 128620,1.198,1.11,8,8
HD 128620_1,1.3527537682664785,0.013017986352868893,HD 128620,1.198,1.11,8,8
HD 128620_1,1.3523951479469392,0.015386020372203008,HD 128620,1.198,1.11,8,8
HD 128620_1,1.3525997431776,0.014001491112138985,HD 128620,1.198,1.11,8,8
HD 128620_1,1.352605844326473,0.014748674990740987,HD 128620,1.198,1.11,8,8
HD 128620_1,1.3524199611107635,0.01311120106198832,HD 128620,1.198,1.11,8,8
HD 128620_1,1.35224506674079,0.013768319927543658,HD 128620,1.198,1.11,8,8
HD 128620_1,1.3527959019343898,0.014042181490671045,HD 128620,1.198,1.11,8,8
HD 128620_1,1.3524753080066874,0.015083902129040355,HD 128620,1.198,1.11,8,8
HD 128620_1,1.3522714280184511,0.015849458883153977,HD 128620,1.198,1.11,8,8
HD 128620_1,1.352465183799142,0.013186051614187379,HD 128620,1.198,1.11,8,8
HD 128620_1,1.3521694161540962,0.01626065711958499,HD 128620,1.198,1.11,8,8
HD 128620_1,1.3524502416558297,0.015807509823799193,HD 128620,1.198,1.11,8,8
HD 128620_1,1.3522336072227472,0.013892899952073323,HD 128620,1.198,1.11,8,8
HD 128620_1,1.3521715824285212,0.01348523755895299,HD 128620,1.198,1.11,8,8
HD 128620_1,1.3523082084269151,0.015857624138142623,HD 128620,1.198,1.11,8,8
HD 128620_1,1.3526539180213282,0.01641630791762437,HD 128620,1.198,1.11,8,8
HD 128620_1,1.3523211712200998,0.012984230502967837,HD 128620,1.198,1.11,8,8
HD 128620_1,1.352473019238685,0.013620782729815515,HD 128620,1.198,1.11,8,8
HD 187691 A_1,3.845160963642816,0.0932526188153718,HD 187691 A,1.018,1.25,8,4
HD 187691 A_1,3.7277156027255653,0.11067867198839361,HD 187691 A,1.018,1.25,8,4
HD 187691 A_1,3.8243287730398294,0.08839066720879349,HD 187691 A,1.018,1.25,8,4
HD 187691 A_1,3.832068717620154,0.0853839373526321,HD 187691 A,1.018,1.25,8,4
HD 187691 A_1,3.828433885546936,0.08920086869255693,HD 187691 A,1.018,1.25,8,4
HD 187691 A_1,3.8170312349449276,0.10552485995242612,HD 187691 A,1.018,1.25,8,4
HD 187691 A_1,3.8867080981536253,0.10679116955429978,HD 187691 A,1.018,1.25,8,4
HD 187691 A_1,3.9236246350396238,0.08752959050473905,HD 187691 A,1.018,1.25,8,4
HD 187691 A_1,3.8268396665135422,0.08608463745619345,HD 187691 A,1.018,1.25,8,4
HD 187691 A_1,3.737681553154743,0.10362462544112372,HD 187691 A,1.018,1.25,8,4
HD 187691 A_1,3.8587937671116865,0.12047097055223693,HD 187691 A,1.018,1.25,8,4
HD 187691 A_1,3.8200958928165134,0.1073826269192934,HD 187691 A,1.018,1.25,8,4
HD 187691 A_1,3.817517856084764,0.09222691869556202,HD 187691 A,1.018,1.25,8,4
HD 187691 A_1,3.8225348823044643,0.10611707877384143,HD 187691 A,1.018,1.25,8,4
HD 187691 A_1,3.86492223347546,0.10146981134593279,HD 187691 A,1.018,1.25,8,4
HD 187691 A_1,3.8582453315431993,0.07111737470047425,HD 187691 A,1.018,1.25,8,4
HD 187691 A_1,3.7729799893644693,0.09743497614460916,HD 187691 A,1.018,1.25,8,4
HD 187691 A_1,3.848633268396656,0.07964917271883676,HD 187691 A,1.018,1.25,8,4
HD 187691 A_1,3.818925210463989,0.09894793867326042,HD 187691 A,1.018,1.25,8,4
HD 187691 A_1,3.7611913960881194,0.07663453309538294,HD 187691 A,1.018,1.25,8,4
HD 187691 A_1,3.8833771606033762,0.11087746746927538,HD 187691 A,1.018,1.25,8,4
HD 187691 A_1,3.781295840956279,0.09577452946456166,HD 187691 A,1.018,1.25,8,4
HD 187691 A_1,3.724207298730033,0.09264046563235777,HD 187691 A,1.018,1.25,8,4
HD 187691 A_1,3.8064852237513485,0.10362068841847279,HD 187691 A,1.018,1.25,8,4
HD 187691 A_1,3.8279189512026335,0.11545804100300605,HD 187691 A,1.018,1.25,8,4
HD 187691 A_1,3.871114812308697,0.07894323269827003,HD 187691 A,1.018,1.25,8,4
HD 187691 A_1,3.9247114421113416,0.08253714010032502,HD 187691 A,1.018,1.25,8,4
HD 187691 A_1,3.837428408706716,0.09709434875452476,HD 187691 A,1.018,1.25,8,4
HD 187691 A_1,3.820194016568785,0.11838771461288061,HD 187691 A,1.018,1.25,8,4
HD 187691 A_1,3.814733412811268,0.10232006852593403,HD 187691 A,1.018,1.25,8,4
HD 187691 A_1,3.8753343573617522,0.08480347925899787,HD 187691 A,1.018,1.25,8,4
HD 187691 A_1,3.814562642523081,0.07497896544722203,HD 187691 A,1.018,1.25,8,4
HD 187691 A_1,3.87195122339393,0.08979405075724134,HD 187691 A,1.018,1.25,8,4
HD 187691 A_1,3.820123025946984,0.10018272666693705,HD 187691 A,1.018,1.25,8,4
HD 187691 A_1,3.7663656471107703,0.0996895040442993,HD 187691 A,1.018,1.25,8,4
HD 187691 A_1,3.8342960493568903,0.07536717811161936,HD 187691 A,1.018,1.25,8,4
HD 187691 A_1,3.802781566674897,0.11061388887119754,HD 187691 A,1.018,1.25,8,4
HD 187691 A_1,3.844964745137049,0.07927975482466404,HD 187691 A,1.018,1.25,8,4
HD 187691 A_1,3.83257319057243,0.08948068978854581,HD 187691 A,1.018,1.25,8,4
HD 187691 A_1,3.825711655417426,0.0969824457401629,HD 187691 A,1.018,1.25,8,4
HD 187691 A_1,3.8408981461500376,0.09307114098709286,HD 187691 A,1.018,1.25,8,4
HD 187691 A_1,3.8702490635106654,0.0804481877983283,HD 187691 A,1.018,1.25,8,4
HD 187691 A_1,3.866969333989483,0.10838082534964323,HD 187691 A,1.018,1.25,8,4
HD 187691 A_1,3.7964416956727516,0.09729238857398156,HD 187691 A,1.018,1.25,8,4
HD 187691 A_1,3.822550809143998,0.10160856229269491,HD 187691 A,1.018,1.25,8,4
HD 187691 A_1,3.8012959667033255,0.11225567679815077,HD 187691 A,1.018,1.25,8,4
HD 187691 A_1,3.828306962442839,0.08917132819664099,HD 187691 A,1.018,1.25,8,4
HD 187691 A_1,3.8542008611173095,0.09831264078326686,HD 187691 A,1.018,1.25,8,4
HD 187691 A_1,3.89118619418568,0.08031516926845975,HD 187691 A,1.018,1.25,8,4
HD 187691 A_1,3.7848166901854254,0.09310581050516223,HD 187691 A,1.018,1.25,8,4
HD 187691 A_1,3.7890338272841353,0.09631422817720012,HD 187691 A,1.018,1.25,8,4
HD 187691 A_1,3.887324263385568,0.06824658420349361,HD 187691 A,1.018,1.25,8,4
HD 187691 A_1,3.8189662489059533,0.10825981234172134,HD 187691 A,1.018,1.25,8,4
HD 187691 A_1,3.9115782635791425,0.09122759079326821,HD 187691 A,1.018,1.25,8,4
HD 187691 A_1,3.817974399464149,0.09451033590946147,HD 187691 A,1.018,1.25,8,4
HD 187691 A_1,3.8336353813364084,0.09032886125685283,HD 187691 A,1.018,1.25,8,4
HD 187691 A_1,3.7980812818337544,0.09862271856094151,HD 187691 A,1.018,1.25,8,4
HD 187691 A_1,3.832016919266716,0.12642604186385675,HD 187691 A,1.018,1.25,8,4
HD 187691 A_1,3.8927713696699837,0.09616208610477839,HD 187691 A,1.018,1.25,8,4
HD 187691 A_1,3.8027188601146134,0.0849599518782241,HD 187691 A,1.018,1.25,8,4
HD 187691 A_1,3.84599929039208,0.08921129129807187,HD 187691 A,1.018,1.25,8,4
HD 187691 A_1,3.9123826166654214,0.08600700404371206,HD 187691 A,1.018,1.25,8,4
HD 187691 A_1,3.9094187424580933,0.07382309125837573,HD 187691 A,1.018,1.25,8,4
HD 187691 A_1,3.8320143765590915,0.0910382112636415,HD 187691 A,1.018,1.25,8,4
HD 187691 A_1,3.9062910861725646,0.11115941517226204,HD 187691 A,1.018,1.25,8,4
HD 187691 A_1,3.844180257688107,0.09512048802264829,HD 187691 A,1.018,1.25,8,4
HD 187691 A_1,3.848337153240835,0.10164456966509973,HD 187691 A,1.018,1.25,8,4
HD 187691 A_1,3.887579952139535,0.11479020383513797,HD 187691 A,1.018,1.25,8,4
HD 187691 A_1,3.8193649858270917,0.0856522427239842,HD 187691 A,1.018,1.25,8,4
HD 187691 A_1,3.8137547730654613,0.10547072029840104,HD 187691 A,1.018,1.25,8,4
HD 187691 A_1,3.8145421602514067,0.10046874317403716,HD 187691 A,1.018,1.25,8,4
HD 187691 A_1,3.896166755983109,0.1087760669099265,HD 187691 A,1.018,1.25,8,4
HD 187691 A_1,3.843474251497122,0.08649375966432588,HD 187691 A,1.018,1.25,8,4
HD 187691 A_1,3.9067228797173112,0.08703720633323177,HD 187691 A,1.018,1.25,8,4
HD 187691 A_1,3.87006261812388,0.08500853113749308,HD 187691 A,1.018,1.25,8,4
HD 187691 A_1,3.847240430741575,0.1034751314306236,HD 187691 A,1.018,1.25,8,4
HD 187691 A_1,3.7541118965538627,0.09876625012030095,HD 187691 A,1.018,1.25,8,4
HD 187691 A_1,3.8256549059588405,0.08820268531294306,HD 187691 A,1.018,1.25,8,4
HD 187691 A_1,3.8329448491494182,0.09835899963405054,HD 187691 A,1.018,1.25,8,4
HD 187691 A_1,3.803852015747463,0.10251396237289043,HD 187691 A,1.018,1.25,8,4
HD 187691 A_1,3.7699989043977262,0.10727546074531763,HD 187691 A,1.018,1.25,8,4
HD 187691 A_1,3.851336037988088,0.10612659623128819,HD 187691 A,1.018,1.25,8,4
HD 187691 A_1,3.8417827692104902,0.09203858652469356,HD 187691 A,1.018,1.25,8,4
HD 187691 A_1,3.7895430714513325,0.08353741369469574,HD 187691 A,1.018,1.25,8,4
HD 187691 A_1,3.8447306570687214,0.10908457756835348,HD 187691 A,1.018,1.25,8,4
HD 187691 A_1,3.8721931306898516,0.0839546420379781,HD 187691 A,1.018,1.25,8,4
HD 187691 A_1,3.840334979490287,0.08215618205502971,HD 187691 A,1.018,1.25,8,4
HD 187691 A_1,3.878873690694119,0.11217784453041388,HD 187691 A,1.018,1.25,8,4
HD 187691 A_1,3.8437356810417667,0.09091159689438655,HD 187691 A,1.018,1.25,8,4
HD 187691 A_1,3.801244726004299,0.10337344325043515,HD 187691 A,1.018,1.25,8,4
HD 187691 A_1,3.920016064831838,0.0906121988358401,HD 187691 A,1.018,1.25,8,4
HD 187691 A_1,3.7914770552363937,0.11176849448229526,HD 187691 A,1.018,1.25,8,4
HD 187691 A_1,3.799136168432936,0.09976408501980868,HD 187691 A,1.018,1.25,8,4
HD 187691 A_1,3.8701649322959994,0.09747094097032945,HD 187691 A,1.018,1.25,8,4
HD 187691 A_1,3.800379532427505,0.09463733180605244,HD 187691 A,1.018,1.25,8,4
HD 187691 A_1,3.806410498356508,0.0852960141874812,HD 187691 A,1.018,1.25,8,4
HD 187691 A_1,3.8983375353253593,0.09227605533751397,HD 187691 A,1.018,1.25,8,4
HD 187691 A_1,3.870182838451248,0.11220700191134947,HD 187691 A,1.018,1.25,8,4
HD 187691 A_1,3.8597899296436142,0.11610368506193353,HD 187691 A,1.018,1.25,8,4
HD 187691 A_1,3.815581445323628,0.08488432827507891,HD 187691 A,1.018,1.25,8,4
HD 187691 A_1,3.799511292124279,0.09323490765917805,HD 187691 A,1.018,1.25,8,4
HD 187691 A_1,3.864052914194042,0.08474101235667397,HD 187691 A,1.018,1.25,8,4
HD 187691 A_1,3.848343514828648,0.09388319125381064,HD 187691 A,1.018,1.25,8,4
HD 187691 A_1,3.8752287829293732,0.08925406735950536,HD 187691 A,1.018,1.25,8,4
HD 187691 A_1,3.8350652488706194,0.11178332464623954,HD 187691 A,1.018,1.25,8,4
HD 187691 A_1,3.8048741389806926,0.10244430337071406,HD 187691 A,1.018,1.25,8,4
HD 187691 A_1,3.7886235309154164,0.08995848715139104,HD 187691 A,1.018,1.25,8,4
HD 187691 A_1,3.864942396945972,0.10591276955425832,HD 187691 A,1.018,1.25,8,4
HD 187691 A_1,3.8941334507964944,0.08736969865082173,HD 187691 A,1.018,1.25,8,4
HD 187691 A_1,3.75396808469159,0.11620334970051431,HD 187691 A,1.018,1.25,8,4
HD 187691 A_1,3.8606931060191454,0.0657741423897597,HD 187691 A,1.018,1.25,8,4
HD 187691 A_1,3.822053780729339,0.09696314113075817,HD 187691 A,1.018,1.25,8,4
HD 187691 A_1,3.8704759694018684,0.08038191816014235,HD 187691 A,1.018,1.25,8,4
HD 187691 A_1,3.821332174118587,0.09787005873967664,HD 187691 A,1.018,1.25,8,4
HD 187691 A_1,3.867684068435839,0.08770496372912372,HD 187691 A,1.018,1.25,8,4
HD 187691 A_1,3.7400725251423372,0.09429595663930104,HD 187691 A,1.018,1.25,8,4
HD 187691 A_1,3.7542450472741007,0.10165978152214561,HD 187691 A,1.018,1.25,8,4
HD 187691 A_1,3.7875413529124446,0.09414493313828748,HD 187691 A,1.018,1.25,8,4
HD 187691 A_1,3.8354717038747053,0.10213401048051449,HD 187691 A,1.018,1.25,8,4
HD 187691 A_1,3.8288829881669777,0.10390998872976112,HD 187691 A,1.018,1.25,8,4
HD 187691 A_1,3.880730542299939,0.10291175544516501,HD 187691 A,1.018,1.25,8,4
HD 187691 A_1,3.777912554047586,0.10333635717685181,HD 187691 A,1.018,1.25,8,4
HD 187691 A_1,3.784475518010366,0.10026298510677514,HD 187691 A,1.018,1.25,8,4
HD 187691 A_1,3.838753403168811,0.10050202334418504,HD 187691 A,1.018,1.25,8,4
HD 187691 A_1,3.8280508056883793,0.10028624684365343,HD 187691 A,1.018,1.25,8,4
HD 187691 A_1,3.728112992416325,0.11804677989262664,HD 187691 A,1.018,1.25,8,4
HD 187691 A_1,3.875734553903011,0.08254243818647794,HD 187691 A,1.018,1.25,8,4
HD 187691 A_1,3.828037055339392,0.0902188067038947,HD 187691 A,1.018,1.25,8,4
HD 187691 A_1,3.8352066045984463,0.09213676637084009,HD 187691 A,1.018,1.25,8,4
HD 187691 A_1,3.8145289190381746,0.11197435210262197,HD 187691 A,1.018,1.25,8,4
HD 187691 A_1,3.822395235302638,0.07915100199421293,HD 187691 A,1.018,1.25,8,4
HD 187691 A_1,3.819435550131429,0.08680565611936061,HD 187691 A,1.018,1.25,8,4
HD 187691 A_1,3.8862277953134026,0.08672533594756204,HD 187691 A,1.018,1.25,8,4
HD 187691 A_1,3.875338317473103,0.09086777799816019,HD 187691 A,1.018,1.25,8,4
HD 187691 A_1,3.755374878126802,0.1022755907175463,HD 187691 A,1.018,1.25,8,4
HD 187691 A_1,3.760816722221477,0.10692703074504137,HD 187691 A,1.018,1.25,8,4
HD 187691 A_1,3.91854571581699,0.09789878685521101,HD 187691 A,1.018,1.25,8,4
HD 187691 A_1,3.890006897680759,0.10716941898639623,HD 187691 A,1.018,1.25,8,4
HD 187691 A_1,3.857984848093823,0.10604760068245708,HD 187691 A,1.018,1.25,8,4
HD 187691 A_1,3.82488559110015,0.0754898395909413,HD 187691 A,1.018,1.25,8,4
HD 187691 A_1,3.851207605948772,0.10261326996465442,HD 187691 A,1.018,1.25,8,4
HD 187691 A_1,3.8807165640690506,0.11126619926834676,HD 187691 A,1.018,1.25,8,4
HD 187691 A_1,3.7714766351906115,0.07606015880503436,HD 187691 A,1.018,1.25,8,4
HD 187691 A_1,3.878901357091802,0.1070291471810908,HD 187691 A,1.018,1.25,8,4
HD 187691 A_1,3.8384959826266143,0.10733338688436793,HD 187691 A,1.018,1.25,8,4
HD 187691 A_1,3.7411458299821634,0.1068384002854118,HD 187691 A,1.018,1.25,8,4
HD 187691 A_1,3.824361685489158,0.11837921319920842,HD 187691 A,1.018,1.25,8,4
HD 187691 A_1,3.8423794400769875,0.08927561611541553,HD 187691 A,1.018,1.25,8,4
HD 187691 A_1,3.8352924830487636,0.09783778115807824,HD 187691 A,1.018,1.25,8,4
HD 187691 A_1,3.7852806201494187,0.09741816911842435,HD 187691 A,1.018,1.25,8,4
HD 187691 A_1,3.7036855032686797,0.12511051734427972,HD 187691 A,1.018,1.25,8,4
HD 187691 A_1,3.813408362873915,0.09623659961218688,HD 187691 A,1.018,1.25,8,4
HD 187691 A_1,3.820129089294353,0.09080749249253378,HD 187691 A,1.018,1.25,8,4
HD 187691 A_1,3.8009200840954698,0.09963835427947215,HD 187691 A,1.018,1.25,8,4
HD 187691 A_1,3.876199405772618,0.09746191506894011,HD 187691 A,1.018,1.25,8,4
HD 187691 A_1,3.870285732882323,0.09682858529404893,HD 187691 A,1.018,1.25,8,4
HD 187691 A_1,3.87120968282299,0.06609936146262108,HD 187691 A,1.018,1.25,8,4
HD 187691 A_1,3.8507006806025927,0.10451911869127087,HD 187691 A,1.018,1.25,8,4
HD 187691 A_1,3.900882887586914,0.08251583197575021,HD 187691 A,1.018,1.25,8,4
HD 187691 A_1,3.8618053468551583,0.12043280059298503,HD 187691 A,1.018,1.25,8,4
HD 187691 A_1,3.7937101474693904,0.09481775572223897,HD 187691 A,1.018,1.25,8,4
HD 187691 A_1,3.8684602025714194,0.08290799163494662,HD 187691 A,1.018,1.25,8,4
HD 187691 A_1,3.830189196729103,0.0721528027269235,HD 187691 A,1.018,1.25,8,4
HD 187691 A_1,3.7849105176159608,0.08824042930793909,HD 187691 A,1.018,1.25,8,4
HD 187691 A_1,3.882911958666186,0.11434903682514369,HD 187691 A,1.018,1.25,8,4
HD 187691 A_1,3.823325183635054,0.10343956754428976,HD 187691 A,1.018,1.25,8,4
HD 187691 A_1,3.896313304570413,0.10211858833917914,HD 187691 A,1.018,1.25,8,4
HD 187691 A_1,3.8718732041817416,0.09110762826350434,HD 187691 A,1.018,1.25,8,4
HD 187691 A_1,3.8270447315035234,0.09047061437158278,HD 187691 A,1.018,1.25,8,4
HD 187691 A_1,3.7894453627464366,0.10950029108901806,HD 187691 A,1.018,1.25,8,4
HD 187691 A_1,3.799361029353008,0.09222677102794946,HD 187691 A,1.018,1.25,8,4
HD 187691 A_1,3.76801812750304,0.1039098116676133,HD 187691 A,1.018,1.25,8,4
HD 187691 A_1,3.81716650521404,0.06512228358086967,HD 187691 A,1.018,1.25,8,4
HD 187691 A_1,3.7763768805213616,0.10447327334511529,HD 187691 A,1.018,1.25,8,4
HD 187691 A_1,3.8119810557166516,0.10575275931377041,HD 187691 A,1.018,1.25,8,4
HD 187691 A_1,3.832070028180033,0.07982441965968796,HD 187691 A,1.018,1.25,8,4
HD 187691 A_1,3.7965906826847693,0.1108906777599694,HD 187691 A,1.018,1.25,8,4
HD 187691 A_1,3.8019829581136935,0.11938053784265493,HD 187691 A,1.018,1.25,8,4
HD 187691 A_1,3.8685025307136724,0.12595314227188995,HD 187691 A,1.018,1.25,8,4
HD 187691 A_1,3.818044255428727,0.09420929175867436,HD 187691 A,1.018,1.25,8,4
HD 187691 A_1,3.7789053885244916,0.09873283603767298,HD 187691 A,1.018,1.25,8,4
HD 187691 A_1,3.756935643194637,0.09115089873829386,HD 187691 A,1.018,1.25,8,4
HD 187691 A_1,3.8486620340430893,0.0880442474900309,HD 187691 A,1.018,1.25,8,4
HD 187691 A_1,3.8972256062988424,0.0978996864477989,HD 187691 A,1.018,1.25,8,4
HD 187691 A_1,3.7244626876837104,0.09792911045592358,HD 187691 A,1.018,1.25,8,4
HD 187691 A_1,3.8061002610981047,0.09742036587532368,HD 187691 A,1.018,1.25,8,4
HD 187691 A_1,3.8392048778591406,0.10091376381416786,HD 187691 A,1.018,1.25,8,4
HD 187691 A_1,3.8375485805975424,0.11216744648966173,HD 187691 A,1.018,1.25,8,4
HD 187691 A_1,3.865044854045238,0.07847616742397973,HD 187691 A,1.018,1.25,8,4
HD 187691 A_1,3.8133767897019517,0.09329400315932601,HD 187691 A,1.018,1.25,8,4
HD 187691 A_1,3.855442313411795,0.09252577121652056,HD 187691 A,1.018,1.25,8,4
HD 187691 A_1,3.8838447184950997,0.09386881825649261,HD 187691 A,1.018,1.25,8,4
HD 187691 A_1,3.822249288335536,0.0959200204542622,HD 187691 A,1.018,1.25,8,4
HD 187691 A_1,3.915465753985812,0.08877985978548719,HD 187691 A,1.018,1.25,8,4
HD 187691 A_1,3.81307179732923,0.10148092526958749,HD 187691 A,1.018,1.25,8,4
HD 187691 A_1,3.8566060754016593,0.09367416208184338,HD 187691 A,1.018,1.25,8,4
HD 187691 A_1,3.8548446368391938,0.09782455338412688,HD 187691 A,1.018,1.25,8,4
HD 187691 A_1,3.8231852503526995,0.10903503993109223,HD 187691 A,1.018,1.25,8,4
HD 187691 A_1,3.912819437016816,0.10128184736081534,HD 187691 A,1.018,1.25,8,4
HD 187691 A_1,3.7535327950330313,0.10896903269124857,HD 187691 A,1.018,1.25,8,4
HD 187691 A_1,3.828128556685687,0.11131216798331672,HD 187691 A,1.018,1.25,8,4
HD 187691 A_1,3.8284699769704473,0.08325826311929499,HD 187691 A,1.018,1.25,8,4
HD 187691 A_1,3.816553106912969,0.07585348948365216,HD 187691 A,1.018,1.25,8,4
HD 187691 A_1,3.7996398598888645,0.12066204721372888,HD 187691 A,1.018,1.25,8,4
HD 187691 A_1,3.859749039136989,0.07608678821549616,HD 187691 A,1.018,1.25,8,4
HD 187691 A_1,3.774898928497623,0.09656853897791545,HD 187691 A,1.018,1.25,8,4
HD 187691 A_1,3.8457336646422684,0.0858956386027564,HD 187691 A,1.018,1.25,8,4
HD 187691 A_1,3.878807920601638,0.09682779161254344,HD 187691 A,1.018,1.25,8,4
HD 187691 A_1,3.8077395597512784,0.10187273281309159,HD 187691 A,1.018,1.25,8,4
HD 187691 A_1,3.7945495991282736,0.0970524939610856,HD 187691 A,1.018,1.25,8,4
HD 187691 A_1,3.7642715088132914,0.10791052071738474,HD 187691 A,1.018,1.25,8,4
HD 187691 A_1,3.801880170174363,0.10991402372950512,HD 187691 A,1.018,1.25,8,4
HD 187691 A_1,3.884696373282446,0.07900645821541971,HD 187691 A,1.018,1.25,8,4
HD 187691 A_1,3.8721138176236276,0.09691144235557607,HD 187691 A,1.018,1.25,8,4
HD 187691 A_1,3.813944501781216,0.10789112692510186,HD 187691 A,1.018,1.25,8,4
HD 187691 A_1,3.8382373541209733,0.07859131337331146,HD 187691 A,1.018,1.25,8,4
HD 187691 A_1,3.80717013794529,0.08446579802987868,HD 187691 A,1.018,1.25,8,4
HD 187691 A_1,3.799281280138864,0.09413428911308708,HD 187691 A,1.018,1.25,8,4
HD 187691 A_1,3.7396389249597854,0.11181084966604243,HD 187691 A,1.018,1.25,8,4
HD 187691 A_1,3.7533580363872256,0.12926738008603308,HD 187691 A,1.018,1.25,8,4
HD 187691 A_1,3.8580016816824267,0.10385761056392974,HD 187691 A,1.018,1.25,8,4
HD 187691 A_1,3.8608404182425033,0.08693436438725725,HD 187691 A,1.018,1.25,8,4
HD 187691 A_1,3.8909801741679497,0.09118463442985662,HD 187691 A,1.018,1.25,8,4
HD 187691 A_1,3.8669582478322937,0.09575613453152007,HD 187691 A,1.018,1.25,8,4
HD 187691 A_1,3.8512787247483287,0.09981540899801826,HD 187691 A,1.018,1.25,8,4
HD 187691 A_1,3.77580804290233,0.10796695044814997,HD 187691 A,1.018,1.25,8,4
HD 187691 A_1,3.831251444125925,0.08666456229460337,HD 187691 A,1.018,1.25,8,4
HD 187691 A_1,3.813543075336689,0.10536298264837701,HD 187691 A,1.018,1.25,8,4
HD 187691 A_1,3.871450499913821,0.0981391398635696,HD 187691 A,1.018,1.25,8,4
HD 187691 A_1,3.7991426614724277,0.11212006682946689,HD 187691 A,1.018,1.25,8,4
HD 187691 A_1,3.8180533031822237,0.09758217478371409,HD 187691 A,1.018,1.25,8,4
HD 187691 A_1,3.8486145694280864,0.09983951949470282,HD 187691 A,1.018,1.25,8,4
HD 187691 A_1,3.7303761342359762,0.10331389775610181,HD 187691 A,1.018,1.25,8,4
HD 187691 A_1,3.896616826758692,0.08419639434348328,HD 187691 A,1.018,1.25,8,4
HD 187691 A_1,3.8080711658774535,0.10231841108211048,HD 187691 A,1.018,1.25,8,4
HD 187691 A_1,3.845428055853792,0.10188841120159861,HD 187691 A,1.018,1.25,8,4
HD 187691 A_1,3.7820200797011734,0.10539811339642072,HD 187691 A,1.018,1.25,8,4
HD 187691 A_1,3.838942018180149,0.0641966005519236,HD 187691 A,1.018,1.25,8,4
HD 187691 A_1,3.759305876950153,0.1086691479821479,HD 187691 A,1.018,1.25,8,4
HD 187691 A_1,3.8127062578348605,0.09706584947280836,HD 187691 A,1.018,1.25,8,4
HD 187691 A_1,3.79699604496149,0.11546950110152975,HD 187691 A,1.018,1.25,8,4
HD 187691 A_1,3.7876262794481454,0.09434792498011506,HD 187691 A,1.018,1.25,8,4
HD 187691 A_1,3.8244418785238268,0.08325439012372816,HD 187691 A,1.018,1.25,8,4
HD 187691 A_1,3.840666676386248,0.10661601698583166,HD 187691 A,1.018,1.25,8,4
HD 187691 A_1,3.856444060048715,0.09581720204849412,HD 187691 A,1.018,1.25,8,4
HD 187691 A_1,3.8915895030706884,0.07909216029118449,HD 187691 A,1.018,1.25,8,4
HD 187691 A_1,3.8587701682971955,0.07609869287445438,HD 187691 A,1.018,1.25,8,4
HD 187691 A_1,3.895715777829982,0.1255217376109724,HD 187691 A,1.018,1.25,8,4
HD 187691 A_1,3.911384339874838,0.10664740463178751,HD 187691 A,1.018,1.25,8,4
HD 187691 A_1,3.769715061839146,0.10120723274543228,HD 187691 A,1.018,1.25,8,4
HD 187691 A_1,3.866195178441439,0.09293065471183623,HD 187691 A,1.018,1.25,8,4
HD 187691 A_1,3.8883331441598252,0.11132193121186548,HD 187691 A,1.018,1.25,8,4
HD 187691 A_1,3.8112182816236286,0.09247039081075871,HD 187691 A,1.018,1.25,8,4
HD 187691 A_1,3.906247283586081,0.10335897404574824,HD 187691 A,1.018,1.25,8,4
HD 187691 A_1,3.87007808497353,0.0962170748729436,HD 187691 A,1.018,1.25,8,4
HD 187691 A_1,3.8358508012170582,0.0660659948894253,HD 187691 A,1.018,1.25,8,4
HD 187691 A_1,3.845134048205399,0.09589323882706016,HD 187691 A,1.018,1.25,8,4
HD 187691 A_1,3.765055410672079,0.11043975742695734,HD 187691 A,1.018,1.25,8,4
HD 187691 A_1,3.886904721663219,0.09697360516433365,HD 187691 A,1.018,1.25,8,4
HD 187691 A_1,3.7813358522265648,0.09216421492916076,HD 187691 A,1.018,1.25,8,4
HD 187691 A_1,3.8494371434233354,0.09176304717949703,HD 187691 A,1.018,1.25,8,4
HD 187691 A_1,3.8166285958052275,0.0935375713640654,HD 187691 A,1.018,1.25,8,4
HD 187691 A_1,3.9037879589653666,0.09167033585048609,HD 187691 A,1.018,1.25,8,4
HD 187691 A_1,3.765441144266093,0.10049682588173266,HD 187691 A,1.018,1.25,8,4
HD 187691 A_1,3.846432689135264,0.08557756750835338,HD 187691 A,1.018,1.25,8,4
HD 187691 A_1,3.8732553399197323,0.14142948582391857,HD 187691 A,1.018,1.25,8,4
HD 187691 A_1,3.8184327584192808,0.10800390631769004,HD 187691 A,1.018,1.25,8,4
HD 187691 A_1,3.8042756444447745,0.09853643883496865,HD 187691 A,1.018,1.25,8,4
HD 187691 A_1,3.879214356797718,0.10763026707327764,HD 187691 A,1.018,1.25,8,4
HD 187691 A_1,3.8602668333832706,0.10538074486762498,HD 187691 A,1.018,1.25,8,4
HD 187691 A_1,3.790417440686417,0.11755013553092601,HD 187691 A,1.018,1.25,8,4
HD 187691 A_1,3.8252193764231035,0.09658681992357686,HD 187691 A,1.018,1.25,8,4
HD 187691 A_1,3.9341167366229404,0.100974655877882,HD 187691 A,1.018,1.25,8,4
HD 187691 A_1,3.8515888825465727,0.08101417510260947,HD 187691 A,1.018,1.25,8,4
HD 187691 A_1,3.8625225914062513,0.07760735319991095,HD 187691 A,1.018,1.25,8,4
HD 187691 A_1,3.91340816901532,0.07411313056977586,HD 187691 A,1.018,1.25,8,4
HD 187691 A_1,3.912203610092915,0.07901625598788689,HD 187691 A,1.018,1.25,8,4
HD 187691 A_1,3.9034117316938266,0.07392606018583714,HD 187691 A,1.018,1.25,8,4
HD 187691 A_1,3.8254883013067262,0.10416751384687185,HD 187691 A,1.018,1.25,8,4
HD 187691 A_1,3.8677573980776376,0.11856656654763217,HD 187691 A,1.018,1.25,8,4
HD 187691 A_1,3.903361429319366,0.09470430488879605,HD 187691 A,1.018,1.25,8,4
HD 187691 A_1,3.82837140459879,0.11435911282701451,HD 187691 A,1.018,1.25,8,4
HD 187691 A_1,3.8292467668230192,0.0926231588658689,HD 187691 A,1.018,1.25,8,4
HD 187691 A_1,3.87453166923986,0.10267638515585176,HD 187691 A,1.018,1.25,8,4
HD 187691 A_1,3.8896649403113517,0.11325429296546197,HD 187691 A,1.018,1.25,8,4
HD 187691 A_1,3.8200259936136347,0.09880761525189284,HD 187691 A,1.018,1.25,8,4
HD 187691 A_1,3.777469607156923,0.08090615394398205,HD 187691 A,1.018,1.25,8,4
HD 187691 A_1,3.819309215555187,0.0918106367877965,HD 187691 A,1.018,1.25,8,4
HD 187691 A_1,3.843324892052112,0.09852119470253781,HD 187691 A,1.018,1.25,8,4
HD 187691 A_1,3.8399438023396955,0.1209070217269061,HD 187691 A,1.018,1.25,8,4
HD 187691 A_1,3.864704161394508,0.10449085381334842,HD 187691 A,1.018,1.25,8,4
HD 187691 A_1,3.8804227855608437,0.10110091250905226,HD 187691 A,1.018,1.25,8,4
HD 187691 A_1,3.7849097754818612,0.10569576668534102,HD 187691 A,1.018,1.25,8,4
HD 187691 A_1,3.85139128226756,0.08857334163730364,HD 187691 A,1.018,1.25,8,4
HD 187691 A_1,3.836046539290691,0.1040801277861389,HD 187691 A,1.018,1.25,8,4
HD 187691 A_1,3.8760884195361007,0.08819240130814655,HD 187691 A,1.018,1.25,8,4
HD 187691 A_1,3.8067237413707073,0.09975868508484734,HD 187691 A,1.018,1.25,8,4
HD 187691 A_1,3.805926510889794,0.09803272390517301,HD 187691 A,1.018,1.25,8,4
HD 187691 A_1,3.8126407926126373,0.0891998092086807,HD 187691 A,1.018,1.25,8,4
HD 187691 A_1,3.890444579961356,0.09885736711422373,HD 187691 A,1.018,1.25,8,4
HD 187691 A_1,3.828013812856949,0.08887304718269036,HD 187691 A,1.018,1.25,8,4
HD 187691 A_1,3.886788352740864,0.09046436465284352,HD 187691 A,1.018,1.25,8,4
HD 187691 A_1,3.808813481257892,0.08800327820701367,HD 187691 A,1.018,1.25,8,4
HD 187691 A_1,3.8767359740591556,0.08991091684876346,HD 187691 A,1.018,1.25,8,4
HD 187691 A_1,3.8529743201391295,0.0826479367271186,HD 187691 A,1.018,1.25,8,4
HD 187691 A_1,3.8269174825875583,0.09188990423902767,HD 187691 A,1.018,1.25,8,4
HD 187691 A_1,3.850198115578806,0.10469253943570223,HD 187691 A,1.018,1.25,8,4
HD 187691 A_1,3.779751517083336,0.10643478587096299,HD 187691 A,1.018,1.25,8,4
HD 187691 A_1,3.836955204021232,0.09567509661269974,HD 187691 A,1.018,1.25,8,4
HD 187691 A_1,3.832347196820429,0.10065303685041932,HD 187691 A,1.018,1.25,8,4
HD 187691 A_1,3.9494528542885967,0.10368559638011988,HD 187691 A,1.018,1.25,8,4
HD 187691 A_1,3.9000421230248903,0.0832989702172638,HD 187691 A,1.018,1.25,8,4
HD 187691 A_1,3.8613668376660772,0.09320601484594976,HD 187691 A,1.018,1.25,8,4
HD 187691 A_1,3.811595873631405,0.1031743501088293,HD 187691 A,1.018,1.25,8,4
HD 187691 A_1,3.746678350543157,0.10556368403733535,HD 187691 A,1.018,1.25,8,4
HD 187691 A_1,3.9197820740185465,0.11297551663177018,HD 187691 A,1.018,1.25,8,4
HD 187691 A_1,3.9220710778241474,0.09241364809096667,HD 187691 A,1.018,1.25,8,4
HD 187691 A_1,3.81821670987418,0.1046292309721223,HD 187691 A,1.018,1.25,8,4
HD 187691 A_1,3.8304858024009634,0.09026131436966559,HD 187691 A,1.018,1.25,8,4
HD 187691 A_1,3.850644042705145,0.08477929148493196,HD 187691 A,1.018,1.25,8,4
HD 187691 A_1,3.8208344794415017,0.08668427200154592,HD 187691 A,1.018,1.25,8,4
HD 187691 A_1,3.895200161969681,0.09768773498512902,HD 187691 A,1.018,1.25,8,4
HD 187691 A_1,3.8638991702907024,0.07684926388493628,HD 187691 A,1.018,1.25,8,4
HD 187691 A_1,3.9145269793327833,0.09636759181542913,HD 187691 A,1.018,1.25,8,4
HD 187691 A_1,3.7820661667766813,0.09991558806341169,HD 187691 A,1.018,1.25,8,4
HD 187691 A_1,3.9015704130911506,0.09839474834824015,HD 187691 A,1.018,1.25,8,4
HD 187691 A_1,3.7860692888136125,0.08753352513354572,HD 187691 A,1.018,1.25,8,4
HD 187691 A_1,3.8814050141606384,0.08628332229508794,HD 187691 A,1.018,1.25,8,4
HD 187691 A_1,3.8133621901877075,0.09190933711036957,HD 187691 A,1.018,1.25,8,4
HD 187691 A_1,3.776512738705663,0.09315916053301836,HD 187691 A,1.018,1.25,8,4
HD 187691 A_1,3.871398497726855,0.08124774135821272,HD 187691 A,1.018,1.25,8,4
HD 187691 A_1,3.8403212168907612,0.09643995894404588,HD 187691 A,1.018,1.25,8,4
HD 187691 A_1,3.8768728711444993,0.07775017884096691,HD 187691 A,1.018,1.25,8,4
HD 187691 A_1,3.803972358660622,0.0910283887095326,HD 187691 A,1.018,1.25,8,4
HD 187691 A_1,3.738711760239702,0.08990813044011645,HD 187691 A,1.018,1.25,8,4
HD 187691 A_1,3.877389072276772,0.09998473353416888,HD 187691 A,1.018,1.25,8,4
HD 187691 A_1,3.7844995660717435,0.11050705812097704,HD 187691 A,1.018,1.25,8,4
HD 187691 A_1,3.8385805815403597,0.06905283558488168,HD 187691 A,1.018,1.25,8,4
HD 187691 A_1,3.7841130608051015,0.1167386317968747,HD 187691 A,1.018,1.25,8,4
HD 187691 A_1,3.8704781199566347,0.0656530014888453,HD 187691 A,1.018,1.25,8,4
HD 187691 A_1,3.8218935513298518,0.10528421257170222,HD 187691 A,1.018,1.25,8,4
HD 187691 A_1,3.7867314465143695,0.11644569193026895,HD 187691 A,1.018,1.25,8,4
HD 187691 A_1,3.736726559161334,0.08642793239973075,HD 187691 A,1.018,1.25,8,4
HD 187691 A_1,3.8110423293492994,0.10807993025472476,HD 187691 A,1.018,1.25,8,4
HD 187691 A_1,3.793977620667156,0.08635427508993038,HD 187691 A,1.018,1.25,8,4
HD 187691 A_1,3.8349062657838204,0.10560123920501462,HD 187691 A,1.018,1.25,8,4
HD 187691 A_1,3.8480610187522206,0.0990437697441888,HD 187691 A,1.018,1.25,8,4
HD 187691 A_1,3.858487230846805,0.09823570483398861,HD 187691 A,1.018,1.25,8,4
HD 187691 A_1,3.753278871868704,0.09860764350366552,HD 187691 A,1.018,1.25,8,4
HD 187691 A_1,3.808284465896575,0.08062195619912722,HD 187691 A,1.018,1.25,8,4
HD 187691 A_1,3.6942041462045427,0.1022990875436778,HD 187691 A,1.018,1.25,8,4
HD 187691 A_1,3.791767538944411,0.12521831147061607,HD 187691 A,1.018,1.25,8,4
HD 187691 A_1,3.7781519283706877,0.10009789274239997,HD 187691 A,1.018,1.25,8,4
HD 187691 A_1,3.833614276276325,0.11096849298585539,HD 187691 A,1.018,1.25,8,4
HD 187691 A_1,3.8588965100568218,0.1164456961176359,HD 187691 A,1.018,1.25,8,4
HD 187691 A_1,3.863524486100529,0.09254588829792042,HD 187691 A,1.018,1.25,8,4
HD 187691 A_1,3.806062873569391,0.11609122100273572,HD 187691 A,1.018,1.25,8,4
HD 187691 A_1,3.8866762331964884,0.09513441820062936,HD 187691 A,1.018,1.25,8,4
HD 187691 A_1,3.8155410338661944,0.0896893169983607,HD 187691 A,1.018,1.25,8,4
HD 187691 A_1,3.8656951247847045,0.09255883348051344,HD 187691 A,1.018,1.25,8,4
HD 187691 A_1,3.7501156009980696,0.10789879509883311,HD 187691 A,1.018,1.25,8,4
HD 187691 A_1,3.8535163750897006,0.07920355157384708,HD 187691 A,1.018,1.25,8,4
HD 187691 A_1,3.8702661894245693,0.08428353241089932,HD 187691 A,1.018,1.25,8,4
HD 187691 A_1,3.921622069721225,0.09321566671494433,HD 187691 A,1.018,1.25,8,4
HD 187691 A_1,3.8409032508835725,0.11391879984455155,HD 187691 A,1.018,1.25,8,4
HD 187691 A_1,3.828878106456608,0.10289470274935196,HD 187691 A,1.018,1.25,8,4
HD 187691 A_1,3.765986232465738,0.10728973210377053,HD 187691 A,1.018,1.25,8,4
HD 187691 A_1,3.8723888866348304,0.09546505756155692,HD 187691 A,1.018,1.25,8,4
HD 187691 A_1,3.772767686474556,0.1193230998094317,HD 187691 A,1.018,1.25,8,4
HD 187691 A_1,3.9105205519495714,0.1000351965583953,HD 187691 A,1.018,1.25,8,4
HD 187691 A_1,3.891027642412756,0.11625311634350272,HD 187691 A,1.018,1.25,8,4
HD 187691 A_1,3.8061306824428636,0.09550337996092245,HD 187691 A,1.018,1.25,8,4
HD 187691 A_1,3.8024045231647183,0.10854422706310393,HD 187691 A,1.018,1.25,8,4
HD 187691 A_1,3.8431460183537687,0.10780059662653425,HD 187691 A,1.018,1.25,8,4
HD 187691 A_1,3.8115675145504,0.10747040586719027,HD 187691 A,1.018,1.25,8,4
HD 187691 A_1,3.765285174713521,0.10884149223387918,HD 187691 A,1.018,1.25,8,4
HD 187691 A_1,3.8369895121578677,0.07472745375392496,HD 187691 A,1.018,1.25,8,4
HD 187691 A_1,3.847307191409337,0.10059081148670322,HD 187691 A,1.018,1.25,8,4
HD 187691 A_1,3.7858145568043957,0.09663219409703587,HD 187691 A,1.018,1.25,8,4
HD 187691 A_1,3.856170422504042,0.12066240691834143,HD 187691 A,1.018,1.25,8,4
HD 187691 A_1,3.86958025488049,0.12375247434265481,HD 187691 A,1.018,1.25,8,4
HD 187691 A_1,3.8205075433995197,0.09494815461100034,HD 187691 A,1.018,1.25,8,4
HD 187691 A_1,3.8609436555953778,0.09359549850778462,HD 187691 A,1.018,1.25,8,4
HD 187691 A_1,3.8654052756713675,0.10618879184931487,HD 187691 A,1.018,1.25,8,4
HD 187691 A_1,3.849266610416234,0.09734912369944657,HD 187691 A,1.018,1.25,8,4
HD 187691 A_1,3.789340085456516,0.11458240172875056,HD 187691 A,1.018,1.25,8,4
HD 187691 A_1,3.8721143336908663,0.10898815853789093,HD 187691 A,1.018,1.25,8,4
HD 187691 A_1,3.8626314337783496,0.09824002643790505,HD 187691 A,1.018,1.25,8,4
HD 187691 A_1,3.752145282223898,0.09722466822941492,HD 187691 A,1.018,1.25,8,4
HD 187691 A_1,3.900600980443821,0.09732063296324114,HD 187691 A,1.018,1.25,8,4
HD 187691 A_1,3.8592488560791316,0.08728725017537792,HD 187691 A,1.018,1.25,8,4
HD 187691 A_1,3.8720243452458516,0.08035657442832231,HD 187691 A,1.018,1.25,8,4
HD 187691 A_1,3.8420914527105214,0.0975513412074277,HD 187691 A,1.018,1.25,8,4
HD 187691 A_1,3.82004758003197,0.08479136718200875,HD 187691 A,1.018,1.25,8,4
HD 187691 A_1,3.899668864107064,0.08242659554455894,HD 187691 A,1.018,1.25,8,4
HD 187691 A_1,3.8724710580095647,0.084057529605468,HD 187691 A,1.018,1.25,8,4
HD 187691 A_1,3.834700965135355,0.098219768711582,HD 187691 A,1.018,1.25,8,4
HD 187691 A_1,3.9165881408704064,0.10042703816379925,HD 187691 A,1.018,1.25,8,4
HD 187691 A_1,3.832171677297816,0.10385292400365367,HD 187691 A,1.018,1.25,8,4
HD 187691 A_1,3.907426530917239,0.07768473028929127,HD 187691 A,1.018,1.25,8,4
HD 187691 A_1,3.876242876744613,0.0911501824892845,HD 187691 A,1.018,1.25,8,4
HD 187691 A_1,3.842611078251329,0.11680715215556559,HD 187691 A,1.018,1.25,8,4
HD 187691 A_1,3.8628370819844666,0.08333384159394276,HD 187691 A,1.018,1.25,8,4
HD 187691 A_1,3.8454408738851655,0.08726197013451858,HD 187691 A,1.018,1.25,8,4
HD 187691 A_1,3.7348088441217153,0.09481054504609368,HD 187691 A,1.018,1.25,8,4
HD 187691 A_1,3.8839893187869303,0.0847824602963921,HD 187691 A,1.018,1.25,8,4
HD 187691 A_1,3.8876273913403434,0.08366237687891684,HD 187691 A,1.018,1.25,8,4
HD 187691 A_1,3.8756792229693118,0.08138466918890765,HD 187691 A,1.018,1.25,8,4
HD 187691 A_1,3.822564559356058,0.10559018477618334,HD 187691 A,1.018,1.25,8,4
HD 187691 A_1,3.802715568482145,0.08831384418696503,HD 187691 A,1.018,1.25,8,4
HD 187691 A_1,3.761209306185617,0.1191854509891109,HD 187691 A,1.018,1.25,8,4
HD 187691 A_1,3.798449654043052,0.09623807590389084,HD 187691 A,1.018,1.25,8,4
HD 187691 A_1,3.829019253349099,0.09607756874290586,HD 187691 A,1.018,1.25,8,4
HD 187691 A_1,3.821452427154577,0.10590818189798949,HD 187691 A,1.018,1.25,8,4
HD 187691 A_1,3.7675741333534467,0.09674148622310796,HD 187691 A,1.018,1.25,8,4
HD 187691 A_1,3.758901490844955,0.09687453261906973,HD 187691 A,1.018,1.25,8,4
HD 187691 A_1,3.8759207751438964,0.07529778878593943,HD 187691 A,1.018,1.25,8,4
HD 187691 A_1,3.7750186703091924,0.10269403342317367,HD 187691 A,1.018,1.25,8,4
HD 187691 A_1,3.850426310936052,0.11592204317833465,HD 187691 A,1.018,1.25,8,4
HD 187691 A_1,3.8936418729029123,0.0894383689590654,HD 187691 A,1.018,1.25,8,4
HD 187691 A_1,3.845588058690886,0.09437752791679029,HD 187691 A,1.018,1.25,8,4
HD 187691 A_1,3.8764600280238697,0.0996196408833393,HD 187691 A,1.018,1.25,8,4
HD 187691 A_1,3.862154330678683,0.0706868081822705,HD 187691 A,1.018,1.25,8,4
HD 187691 A_1,3.8547113547216947,0.08713076508650318,HD 187691 A,1.018,1.25,8,4
HD 187691 A_1,3.8497231122739013,0.11615172880718297,HD 187691 A,1.018,1.25,8,4
HD 187691 A_1,3.8224432571510247,0.08226030559948092,HD 187691 A,1.018,1.25,8,4
HD 187691 A_1,3.739956207985208,0.0971915040694613,HD 187691 A,1.018,1.25,8,4
HD 187691 A_1,3.884465344064013,0.10026139602034684,HD 187691 A,1.018,1.25,8,4
HD 187691 A_1,3.8446615903452797,0.1069405869391243,HD 187691 A,1.018,1.25,8,4
HD 187691 A_1,3.8215507656070304,0.09688627125073465,HD 187691 A,1.018,1.25,8,4
HD 187691 A_1,3.7816151198408083,0.08655510718182062,HD 187691 A,1.018,1.25,8,4
HD 187691 A_1,3.826215191241854,0.09790162229348554,HD 187691 A,1.018,1.25,8,4
HD 187691 A_1,3.796240905859206,0.11076969506387263,HD 187691 A,1.018,1.25,8,4
HD 187691 A_1,3.9106357622508847,0.08672487271680904,HD 187691 A,1.018,1.25,8,4
HD 187691 A_1,3.841242101677445,0.10105698057639864,HD 187691 A,1.018,1.25,8,4
HD 187691 A_1,3.7726748175147633,0.09544253880972664,HD 187691 A,1.018,1.25,8,4
HD 187691 A_1,3.806069598768044,0.10839577787957536,HD 187691 A,1.018,1.25,8,4
HD 187691 A_1,3.7542534845001683,0.12640118656385757,HD 187691 A,1.018,1.25,8,4
HD 187691 A_1,3.7920828356373217,0.10216966958312776,HD 187691 A,1.018,1.25,8,4
HD 187691 A_1,3.8729150761888596,0.10438584863586808,HD 187691 A,1.018,1.25,8,4
HD 187691 A_1,3.8054577073137534,0.11562821554727981,HD 187691 A,1.018,1.25,8,4
HD 187691 A_1,3.881779023076727,0.07851499276103463,HD 187691 A,1.018,1.25,8,4
HD 187691 A_1,3.862398699755373,0.09397507204153732,HD 187691 A,1.018,1.25,8,4
HD 187691 A_1,3.82035679067614,0.11165459353408597,HD 187691 A,1.018,1.25,8,4
HD 187691 A_1,3.871693271552601,0.1059179655010658,HD 187691 A,1.018,1.25,8,4
HD 187691 A_1,3.8302604716011692,0.08226852124744984,HD 187691 A,1.018,1.25,8,4
HD 187691 A_1,3.79350265311935,0.09959257409627936,HD 187691 A,1.018,1.25,8,4
HD 187691 A_1,3.8199445171626056,0.0932630342501714,HD 187691 A,1.018,1.25,8,4
HD 187691 A_1,3.8651221076233018,0.09556375755054781,HD 187691 A,1.018,1.25,8,4
HD 187691 A_1,3.8443954543286987,0.08273401768211892,HD 187691 A,1.018,1.25,8,4
HD 187691 A_1,3.8784945851094585,0.08917468417134145,HD 187691 A,1.018,1.25,8,4
HD 187691 A_1,3.861738744216996,0.09972923274066163,HD 187691 A,1.018,1.25,8,4
HD 187691 A_1,3.8083927676787086,0.10180554192868434,HD 187691 A,1.018,1.25,8,4
HD 187691 A_1,3.8492901740876606,0.09446191814420386,HD 187691 A,1.018,1.25,8,4
HD 187691 A_1,3.846018161653996,0.08954949224170725,HD 187691 A,1.018,1.25,8,4
HD 187691 A_1,3.889191620123308,0.0740718513498556,HD 187691 A,1.018,1.25,8,4
HD 187691 A_1,3.8519197711030286,0.11222174409672676,HD 187691 A,1.018,1.25,8,4
HD 187691 A_1,3.873823774024602,0.07341791737492802,HD 187691 A,1.018,1.25,8,4
HD 187691 A_1,3.811123672831661,0.10265727636675626,HD 187691 A,1.018,1.25,8,4
HD 187691 A_1,3.8291274633886845,0.08354931001512295,HD 187691 A,1.018,1.25,8,4
HD 187691 A_1,3.8093928529019725,0.08409211554169738,HD 187691 A,1.018,1.25,8,4
HD 187691 A_1,3.846888631153211,0.10257503114381139,HD 187691 A,1.018,1.25,8,4
HD 187691 A_1,3.829785883439645,0.07983643515260327,HD 187691 A,1.018,1.25,8,4
HD 187691 A_1,3.7512770056100404,0.11496383645251201,HD 187691 A,1.018,1.25,8,4
HD 187691 A_1,3.8317405025288904,0.09025253888253466,HD 187691 A,1.018,1.25,8,4
HD 187691 A_1,3.857177728965977,0.1160909388573967,HD 187691 A,1.018,1.25,8,4
HD 187691 A_1,3.8343987064789458,0.09109549139685595,HD 187691 A,1.018,1.25,8,4
HD 187691 A_1,3.76648759075417,0.09900107855675584,HD 187691 A,1.018,1.25,8,4
HD 187691 A_1,3.8139402572292127,0.1208650484648045,HD 187691 A,1.018,1.25,8,4
HD 187691 A_1,3.8808116568388824,0.08122740863191509,HD 187691 A,1.018,1.25,8,4
HD 187691 A_1,3.8030767459519534,0.11086962889660619,HD 187691 A,1.018,1.25,8,4
HD 187691 A_1,3.834955482979765,0.08599830021605646,HD 187691 A,1.018,1.25,8,4
HD 187691 A_1,3.8978716584611925,0.0941476407416515,HD 187691 A,1.018,1.25,8,4
HD 187691 A_1,3.843184291004402,0.0785271287655038,HD 187691 A,1.018,1.25,8,4
HD 187691 A_1,3.809054238993704,0.10635336316223029,HD 187691 A,1.018,1.25,8,4
HD 187691 A_1,3.8664930260942345,0.07807168235820343,HD 187691 A,1.018,1.25,8,4
HD 187691 A_1,3.8799544745270835,0.08321362029378374,HD 187691 A,1.018,1.25,8,4
HD 187691 A_1,3.879559643266416,0.08788003900601847,HD 187691 A,1.018,1.25,8,4
HD 187691 A_1,3.8342550754901805,0.0906839123170625,HD 187691 A,1.018,1.25,8,4
HD 187691 A_1,3.7715052488557825,0.09204209112933723,HD 187691 A,1.018,1.25,8,4
HD 187691 A_1,3.7897570197902786,0.10670188572371672,HD 187691 A,1.018,1.25,8,4
HD 187691 A_1,3.846098067491947,0.08270437469979285,HD 187691 A,1.018,1.25,8,4
HD 187691 A_1,3.7325730867638733,0.11971350506317428,HD 187691 A,1.018,1.25,8,4
HD 187691 A_1,3.8488374470474884,0.09676404189536326,HD 187691 A,1.018,1.25,8,4
HD 187691 A_1,3.8322992305148533,0.10374838226284358,HD 187691 A,1.018,1.25,8,4
HD 187691 A_1,3.8645945839030116,0.09584318733958773,HD 187691 A,1.018,1.25,8,4
HD 187691 A_1,3.807568236048971,0.10180349847989559,HD 187691 A,1.018,1.25,8,4
HD 187691 A_1,3.8560668676369816,0.10281100082614464,HD 187691 A,1.018,1.25,8,4
HD 187691 A_1,3.7909182952115383,0.12342424257775436,HD 187691 A,1.018,1.25,8,4
HD 187691 A_1,3.831050898284873,0.12559010606694282,HD 187691 A,1.018,1.25,8,4
HD 187691 A_1,3.825832199048128,0.09381197022840868,HD 187691 A,1.018,1.25,8,4
HD 187691 A_1,3.7742635100673727,0.11349665494522858,HD 187691 A,1.018,1.25,8,4
HD 187691 A_1,3.8022994294034627,0.10515601887515962,HD 187691 A,1.018,1.25,8,4
HD 187691 A_1,3.834690635148006,0.09155211003074824,HD 187691 A,1.018,1.25,8,4
HD 187691 A_1,3.8213460520298947,0.10072556919633875,HD 187691 A,1.018,1.25,8,4
HD 187691 A_1,3.751059774468042,0.11795065882885704,HD 187691 A,1.018,1.25,8,4
HD 187691 A_1,3.8366359154555965,0.08376427947840007,HD 187691 A,1.018,1.25,8,4
HD 187691 A_1,3.8749598061798696,0.08650759051617057,HD 187691 A,1.018,1.25,8,4
HD 187691 A_1,3.83532427857734,0.10351916406871559,HD 187691 A,1.018,1.25,8,4
HD 187691 A_1,3.856389388926559,0.1276465863796035,HD 187691 A,1.018,1.25,8,4
HD 34411_1,1.8783242247276486,0.040186446864392746,HD 34411,0.897,1.08,8,3
HD 34411_1,1.8829381325712202,0.020876120270760957,HD 34411,0.897,1.08,8,3
HD 34411_1,1.8654167941604198,0.006579760897622255,HD 34411,0.897,1.08,8,3
HD 34411_1,1.6532178663694168,0.09526546593937187,HD 34411,0.897,1.08,8,3
HD 34411_1,1.8964236160965797,0.04003458392212122,HD 34411,0.897,1.08,8,3
HD 34411_1,1.8680532928452016,0.038530218846707834,HD 34411,0.897,1.08,8,3
HD 34411_1,1.6170849432088188,0.07533352830433,HD 34411,0.897,1.08,8,3
HD 34411_1,1.8484601642790757,0.0757839144566174,HD 34411,0.897,1.08,8,3
HD 34411_1,1.8676774309678046,0.04680940958396264,HD 34411,0.897,1.08,8,3
HD 34411_1,1.8928576480888177,0.009268323207840858,HD 34411,0.897,1.08,8,3
HD 34411_1,1.8661661677166994,0.039996001253689795,HD 34411,0.897,1.08,8,3
HD 34411_1,1.6514330415643161,0.04685112279307004,HD 34411,0.897,1.08,8,3
HD 34411_1,1.7863193448934633,0.07883891155585682,HD 34411,0.897,1.08,8,3
HD 34411_1,1.677601781116631,0.0619650673077101,HD 34411,0.897,1.08,8,3
HD 34411_1,1.8494720715355102,0.04339914383334942,HD 34411,0.897,1.08,8,3
HD 34411_1,1.870517197333342,0.06399799242672788,HD 34411,0.897,1.08,8,3
HD 34411_1,1.888212928769158,0.033848795878685924,HD 34411,0.897,1.08,8,3
HD 34411_1,1.8065764355709628,0.12010125932033554,HD 34411,0.897,1.08,8,3
HD 34411_1,1.8637071981906252,0.04290291091184406,HD 34411,0.897,1.08,8,3
HD 34411_1,1.8639152836361184,0.031668193054430735,HD 34411,0.897,1.08,8,3
HD 34411_1,1.619194112268741,0.06252592433915605,HD 34411,0.897,1.08,8,3
HD 34411_1,1.7966663328507448,0.3163145420753828,HD 34411,0.897,1.08,8,3
HD 34411_1,1.809090175244325,0.11952893302513495,HD 34411,0.897,1.08,8,3
HD 34411_1,1.6381209440014335,0.027361554981807663,HD 34411,0.897,1.08,8,3
HD 34411_1,1.839557597058076,0.054542658748224906,HD 34411,0.897,1.08,8,3
HD 34411_1,1.8650339679741756,0.15770315895206272,HD 34411,0.897,1.08,8,3
HD 34411_1,1.855515491049124,0.0806326076949066,HD 34411,0.897,1.08,8,3
HD 34411_1,1.824464547768297,0.11873350219227945,HD 34411,0.897,1.08,8,3
HD 34411_1,1.7477751871741,0.32621901377932694,HD 34411,0.897,1.08,8,3
HD 34411_1,1.886152043726524,0.0284969946417615,HD 34411,0.897,1.08,8,3
HD 34411_1,1.8500571546911946,0.051953448253614476,HD 34411,0.897,1.08,8,3
HD 34411_1,1.85084103446844,0.14221717736039058,HD 34411,0.897,1.08,8,3
HD 34411_1,1.74181844396004,0.03799108679880902,HD 34411,0.897,1.08,8,3
HD 34411_1,1.8626712453392418,0.042013793654915796,HD 34411,0.897,1.08,8,3
HD 34411_1,1.8753247569986335,0.03739963196296461,HD 34411,0.897,1.08,8,3
HD 34411_1,1.8956121705780693,0.01110984484270158,HD 34411,0.897,1.08,8,3
HD 34411_1,1.9154174152722945,0.014488744501277361,HD 34411,0.897,1.08,8,3
HD 34411_1,1.824509244678067,0.08970665166020197,HD 34411,0.897,1.08,8,3
HD 34411_1,1.7706115998164338,0.15187284084926864,HD 34411,0.897,1.08,8,3
HD 34411_1,1.867482992628608,0.07671066942232593,HD 34411,0.897,1.08,8,3
HD 34411_1,1.8856655758640817,0.015100507586921365,HD 34411,0.897,1.08,8,3
HD 34411_1,1.8505989178930067,0.033789644379089476,HD 34411,0.897,1.08,8,3
HD 34411_1,1.8540971704424256,0.036144447927942594,HD 34411,0.897,1.08,8,3
HD 34411_1,1.8383839541703237,0.04543605008865875,HD 34411,0.897,1.08,8,3
HD 34411_1,1.8356730384326934,0.05460360282145825,HD 34411,0.897,1.08,8,3
HD 34411_1,1.838549112026064,0.07270304802071223,HD 34411,0.897,1.08,8,3
HD 34411_1,1.8596498978388927,0.004972412580859786,HD 34411,0.897,1.08,8,3
HD 34411_1,1.8982006180754976,0.04129037206768933,HD 34411,0.897,1.08,8,3
HD 34411_1,1.8522912903196047,0.024004337393805936,HD 34411,0.897,1.08,8,3
HD 34411_1,1.8852557472589047,0.14271428213439213,HD 34411,0.897,1.08,8,3
HD 34411_1,1.6622712572277543,0.023633990691017733,HD 34411,0.897,1.08,8,3
HD 34411_1,1.8739754503868287,0.03421315060034419,HD 34411,0.897,1.08,8,3
HD 34411_1,1.848662758620763,0.011327600922515304,HD 34411,0.897,1.08,8,3
HD 34411_1,1.8411718930506011,0.19752953469192114,HD 34411,0.897,1.08,8,3
HD 34411_1,1.8539774331232892,0.0272312235663155,HD 34411,0.897,1.08,8,3
HD 34411_1,1.8915816218476396,0.03557261560499077,HD 34411,0.897,1.08,8,3
HD 34411_1,1.8560089391841725,0.0287876388982021,HD 34411,0.897,1.08,8,3
HD 34411_1,1.7658350272651289,0.2437886133267626,HD 34411,0.897,1.08,8,3
HD 34411_1,1.6428426731686514,0.05108554184376634,HD 34411,0.897,1.08,8,3
HD 34411_1,1.6582488280732595,0.0885956726358266,HD 34411,0.897,1.08,8,3
HD 34411_1,1.864920360628852,0.036399544373639514,HD 34411,0.897,1.08,8,3
HD 34411_1,1.615810601197542,0.047253249185676825,HD 34411,0.897,1.08,8,3
HD 34411_1,1.8069432542860588,0.06374831036649298,HD 34411,0.897,1.08,8,3
HD 34411_1,1.8500211488724485,0.08273788459783675,HD 34411,0.897,1.08,8,3
HD 34411_1,1.8375406062083195,0.2670927764596705,HD 34411,0.897,1.08,8,3
HD 34411_1,1.8427808411224917,0.10668408887309673,HD 34411,0.897,1.08,8,3
HD 34411_1,1.8606807977584492,0.006317590906711034,HD 34411,0.897,1.08,8,3
HD 34411_1,1.8892658167839997,0.061175704800398245,HD 34411,0.897,1.08,8,3
HD 34411_1,1.8528794280096852,0.09334712912119209,HD 34411,0.897,1.08,8,3
HD 34411_1,1.8354563416624734,0.07182222972961957,HD 34411,0.897,1.08,8,3
HD 34411_1,1.8584182692244706,0.20999627495118453,HD 34411,0.897,1.08,8,3
HD 34411_1,1.815057086307877,0.05753625380315824,HD 34411,0.897,1.08,8,3
HD 34411_1,1.7614485813004168,0.3346849304618051,HD 34411,0.897,1.08,8,3
HD 34411_1,1.8748902476274836,0.007237607240971597,HD 34411,0.897,1.08,8,3
HD 34411_1,1.6641154670126381,0.04612970417815663,HD 34411,0.897,1.08,8,3
HD 34411_1,1.9056131895808457,0.059085952821035403,HD 34411,0.897,1.08,8,3
HD 34411_1,1.8821295296669875,0.02188633081147217,HD 34411,0.897,1.08,8,3
HD 34411_1,1.8444429861490645,0.09323795114444199,HD 34411,0.897,1.08,8,3
HD 34411_1,1.8750897505001383,0.013314817673421624,HD 34411,0.897,1.08,8,3
HD 34411_1,1.8919901716785301,0.0178723718979002,HD 34411,0.897,1.08,8,3
HD 34411_1,3.0001175175315273,0.3406418990868435,HD 34411,0.897,1.08,8,3
HD 34411_1,1.8387178249114358,0.08553546965922317,HD 34411,0.897,1.08,8,3
HD 34411_1,1.8593594046220945,0.12902651722077269,HD 34411,0.897,1.08,8,3
HD 34411_1,1.835550131284746,0.05764990132170121,HD 34411,0.897,1.08,8,3
HD 34411_1,1.873929714607198,0.05036243658167716,HD 34411,0.897,1.08,8,3
HD 34411_1,1.8547921529501221,0.01682568520858525,HD 34411,0.897,1.08,8,3
HD 34411_1,1.86413140008057,0.04175347848369987,HD 34411,0.897,1.08,8,3
HD 34411_1,1.8923644800502843,0.037002285818395535,HD 34411,0.897,1.08,8,3
HD 34411_1,1.9291806124850186,0.26393718251472703,HD 34411,0.897,1.08,8,3
HD 34411_1,1.8358679932145832,0.005945393177085562,HD 34411,0.897,1.08,8,3
HD 34411_1,1.880415841356265,0.07737761384083261,HD 34411,0.897,1.08,8,3
HD 34411_1,1.8320767109037719,0.1430928786503718,HD 34411,0.897,1.08,8,3
HD 34411_1,1.810807570178536,0.33253643007228273,HD 34411,0.897,1.08,8,3
HD 34411_1,1.907655231500742,0.08654971833914608,HD 34411,0.897,1.08,8,3
HD 34411_1,1.89369546514787,0.23513824674551234,HD 34411,0.897,1.08,8,3
HD 34411_1,1.8129229210423223,0.2376815708768243,HD 34411,0.897,1.08,8,3
HD 34411_1,1.836646468878366,0.09184581301021846,HD 34411,0.897,1.08,8,3
HD 34411_1,1.8566424456481503,0.03254210890470352,HD 34411,0.897,1.08,8,3
HD 34411_1,1.8346363758390936,0.09714399718512459,HD 34411,0.897,1.08,8,3
HD 34411_1,1.8700399185784813,0.011453528280734787,HD 34411,0.897,1.08,8,3
HD 34411_1,1.7010081819590586,0.1074722330535077,HD 34411,0.897,1.08,8,3
HD 34411_1,1.8355458939713694,0.08640630466668314,HD 34411,0.897,1.08,8,3
HD 34411_1,1.863812209792588,0.027264160663588534,HD 34411,0.897,1.08,8,3
HD 34411_1,1.8629064735689969,0.09122905846110402,HD 34411,0.897,1.08,8,3
HD 34411_1,1.8697721375853305,0.026827139404926887,HD 34411,0.897,1.08,8,3
HD 34411_1,1.7841673864521117,0.2686279676753167,HD 34411,0.897,1.08,8,3
HD 34411_1,1.8710942849055507,0.018685604472753983,HD 34411,0.897,1.08,8,3
HD 34411_1,1.6532178663694168,0.09526546593937187,HD 34411,0.897,1.08,8,3
HD 34411_1,1.9046158477907833,0.02520555955811457,HD 34411,0.897,1.08,8,3
HD 34411_1,1.8824624652769342,0.022482370409417328,HD 34411,0.897,1.08,8,3
HD 34411_1,1.8121644353037996,0.14308084955034261,HD 34411,0.897,1.08,8,3
HD 34411_1,1.8135647923421763,0.17174604390171377,HD 34411,0.897,1.08,8,3
HD 34411_1,1.9053083746409003,0.07526110799815974,HD 34411,0.897,1.08,8,3
HD 34411_1,1.8619293460800876,0.19505841856443423,HD 34411,0.897,1.08,8,3
HD 34411_1,1.8551977530034487,0.006875955078038905,HD 34411,0.897,1.08,8,3
HD 34411_1,1.828900305336187,0.04619122468079187,HD 34411,0.897,1.08,8,3
HD 34411_1,1.8758207448666024,0.037593951326371305,HD 34411,0.897,1.08,8,3
HD 34411_1,1.866106185491096,0.06216088378148171,HD 34411,0.897,1.08,8,3
HD 34411_1,1.8758789708946,0.051249506277145765,HD 34411,0.897,1.08,8,3
HD 34411_1,1.8469930615406078,0.05466456950718626,HD 34411,0.897,1.08,8,3
HD 34411_1,1.84082678163075,0.05094047169127002,HD 34411,0.897,1.08,8,3
HD 34411_1,1.6437920511744188,0.2276104629642648,HD 34411,0.897,1.08,8,3
HD 34411_1,1.867052165600436,0.12906463489268474,HD 34411,0.897,1.08,8,3
HD 34411_1,1.8851007219222777,0.018623114042697436,HD 34411,0.897,1.08,8,3
HD 34411_1,1.864390987680431,0.010149703636425374,HD 34411,0.897,1.08,8,3
HD 34411_1,1.905620459621268,0.03120778755184437,HD 34411,0.897,1.08,8,3
HD 34411_1,1.841499918686927,0.06360523759748694,HD 34411,0.897,1.08,8,3
HD 34411_1,1.8519625393933883,0.02949635536722512,HD 34411,0.897,1.08,8,3
HD 34411_1,1.8522026600956567,0.0019072855693990295,HD 34411,0.897,1.08,8,3
HD 34411_1,1.8394165176209851,0.06595160528531571,HD 34411,0.897,1.08,8,3
HD 34411_1,1.8581917158520769,0.059628912903470443,HD 34411,0.897,1.08,8,3
HD 34411_1,1.7281827281269997,0.09838240868144905,HD 34411,0.897,1.08,8,3
HD 34411_1,1.8597666207774892,0.06233330691642046,HD 34411,0.897,1.08,8,3
HD 34411_1,1.8414137869574065,0.013454262209413113,HD 34411,0.897,1.08,8,3
HD 34411_1,1.8534515302053096,0.3101650836312867,HD 34411,0.897,1.08,8,3
HD 34411_1,1.649891040629475,0.1729940232298532,HD 34411,0.897,1.08,8,3
HD 34411_1,1.8721788817116685,0.04007528805523529,HD 34411,0.897,1.08,8,3
HD 34411_1,1.8444842516979778,0.020700141593549548,HD 34411,0.897,1.08,8,3
HD 34411_1,1.8394755415092696,0.13738724378428135,HD 34411,0.897,1.08,8,3
HD 34411_1,1.8818811881406232,0.07800949783057093,HD 34411,0.897,1.08,8,3
HD 34411_1,1.8640568315645036,0.030172460339125722,HD 34411,0.897,1.08,8,3
HD 34411_1,1.8278314778181053,0.06842359299680564,HD 34411,0.897,1.08,8,3
HD 34411_1,1.897035199994638,0.02553452341941697,HD 34411,0.897,1.08,8,3
HD 34411_1,1.8391906735724546,0.08884052428107973,HD 34411,0.897,1.08,8,3
HD 34411_1,1.8215747814745131,0.138082327850136,HD 34411,0.897,1.08,8,3
HD 34411_1,1.62456177283407,0.05580786366715088,HD 34411,0.897,1.08,8,3
HD 34411_1,1.8954770801397671,0.038618465356721296,HD 34411,0.897,1.08,8,3
HD 34411_1,1.8697154906006073,0.03296869654652324,HD 34411,0.897,1.08,8,3
HD 34411_1,1.8628512357640183,0.04713315614907107,HD 34411,0.897,1.08,8,3
HD 34411_1,1.8894879309226116,0.030358356527680135,HD 34411,0.897,1.08,8,3
HD 34411_1,1.8155160739521694,0.049257721452715106,HD 34411,0.897,1.08,8,3
HD 34411_1,1.8512244445501966,0.1814678751052662,HD 34411,0.897,1.08,8,3
HD 34411_1,1.8823609233980918,0.23462233654585035,HD 34411,0.897,1.08,8,3
HD 34411_1,1.8625344265959451,0.17798806075106355,HD 34411,0.897,1.08,8,3
HD 34411_1,1.8644434258153126,0.00470034738990955,HD 34411,0.897,1.08,8,3
HD 34411_1,1.8610821119072936,0.030807493067063773,HD 34411,0.897,1.08,8,3
HD 34411_1,2.033016252554839,0.22769859735302878,HD 34411,0.897,1.08,8,3
HD 34411_1,1.8369316514731648,0.06010177730191599,HD 34411,0.897,1.08,8,3
HD 34411_1,1.8338184724306341,0.05426345106695216,HD 34411,0.897,1.08,8,3
HD 34411_1,1.8484436036725331,0.07506819909565636,HD 34411,0.897,1.08,8,3
HD 34411_1,1.823197452552856,0.07429274885510602,HD 34411,0.897,1.08,8,3
HD 34411_1,1.8489215204697624,0.05151166296572088,HD 34411,0.897,1.08,8,3
HD 34411_1,1.8354165040338768,0.07043663018617724,HD 34411,0.897,1.08,8,3
HD 34411_1,1.755892303900956,0.2689140400347135,HD 34411,0.897,1.08,8,3
HD 34411_1,1.8437819488324525,0.10676201699220597,HD 34411,0.897,1.08,8,3
HD 34411_1,1.9003598479919395,0.04252401917008017,HD 34411,0.897,1.08,8,3
HD 34411_1,1.9178632290787387,0.07812520480033242,HD 34411,0.897,1.08,8,3
HD 34411_1,1.8704818846050046,0.01234322796455676,HD 34411,0.897,1.08,8,3
HD 34411_1,1.7198838726296501,0.1035095064985247,HD 34411,0.897,1.08,8,3
HD 34411_1,1.8769817207968607,0.036903227346878606,HD 34411,0.897,1.08,8,3
HD 34411_1,1.664969256921379,0.06518341489345326,HD 34411,0.897,1.08,8,3
HD 34411_1,1.8894985596367841,0.003983843816691882,HD 34411,0.897,1.08,8,3
HD 34411_1,1.8550123967675691,0.20151575815145825,HD 34411,0.897,1.08,8,3
HD 34411_1,1.7764019325638352,0.21989722103842585,HD 34411,0.897,1.08,8,3
HD 34411_1,1.7071177850021717,0.32786485727590425,HD 34411,0.897,1.08,8,3
HD 34411_1,1.873459737038509,0.03254607698946023,HD 34411,0.897,1.08,8,3
HD 34411_1,1.7708491998809817,0.25586552434670407,HD 34411,0.897,1.08,8,3
HD 34411_1,1.8423649581244166,0.07378419384809107,HD 34411,0.897,1.08,8,3
HD 34411_1,1.8739160726942996,0.28965825764293385,HD 34411,0.897,1.08,8,3
HD 34411_1,1.77497946534025,0.26920413652244324,HD 34411,0.897,1.08,8,3
HD 34411_1,1.8345233428929737,0.07006202553300692,HD 34411,0.897,1.08,8,3
HD 34411_1,1.8778560991779876,0.013759293089389928,HD 34411,0.897,1.08,8,3
HD 34411_1,1.874883824639298,0.03746184959553227,HD 34411,0.897,1.08,8,3
HD 34411_1,1.8156732133330469,0.07641488336886487,HD 34411,0.897,1.08,8,3
HD 34411_1,1.8623985260235536,0.01991765495193161,HD 34411,0.897,1.08,8,3
HD 34411_1,1.8986907684475147,0.3465838372822283,HD 34411,0.897,1.08,8,3
HD 34411_1,1.8444241695946115,0.03522231667630549,HD 34411,0.897,1.08,8,3
HD 34411_1,1.6607487381586103,0.04261549961898656,HD 34411,0.897,1.08,8,3
HD 34411_1,1.8505802902691728,0.07542079664522798,HD 34411,0.897,1.08,8,3
HD 34411_1,1.6872774981736243,0.04635577839976754,HD 34411,0.897,1.08,8,3
HD 34411_1,1.8455474334973816,0.03660412306323474,HD 34411,0.897,1.08,8,3
HD 34411_1,2.540622733710014,0.3054723319840559,HD 34411,0.897,1.08,8,3
HD 34411_1,1.9056896807375878,0.05637591701281886,HD 34411,0.897,1.08,8,3
HD 34411_1,1.850008626964144,0.049025488932144166,HD 34411,0.897,1.08,8,3
HD 34411_1,1.6444897812852723,0.06669286489524055,HD 34411,0.897,1.08,8,3
HD 34411_1,1.8331992623530804,0.10562364015919797,HD 34411,0.897,1.08,8,3
HD 34411_1,1.64648288502292,0.22020786019273986,HD 34411,0.897,1.08,8,3
HD 34411_1,1.9019360571089279,0.002125282269624034,HD 34411,0.897,1.08,8,3
HD 34411_1,1.6984214119794254,0.19529064634834215,HD 34411,0.897,1.08,8,3
HD 34411_1,1.8788980058565028,0.038746779156884154,HD 34411,0.897,1.08,8,3
HD 34411_1,1.6460948917811555,0.10181202337146866,HD 34411,0.897,1.08,8,3
HD 34411_1,1.8648899408093664,0.016753385567093593,HD 34411,0.897,1.08,8,3
HD 34411_1,1.870631725617114,0.028914953663726962,HD 34411,0.897,1.08,8,3
HD 34411_1,1.8609503761752806,0.06493173800865921,HD 34411,0.897,1.08,8,3
HD 34411_1,1.8833402354662945,0.052542225107871716,HD 34411,0.897,1.08,8,3
HD 34411_1,1.81639551007011,0.04809247894339239,HD 34411,0.897,1.08,8,3
HD 34411_1,1.860314878924681,0.050934945665097056,HD 34411,0.897,1.08,8,3
HD 34411_1,1.6406918274818731,0.17628355855081154,HD 34411,0.897,1.08,8,3
HD 34411_1,1.884678688019232,0.3863391902812156,HD 34411,0.897,1.08,8,3
HD 34411_1,1.8862810501185074,0.03175217061447008,HD 34411,0.897,1.08,8,3
HD 34411_1,1.6312723495283823,0.05929881563421979,HD 34411,0.897,1.08,8,3
HD 34411_1,1.639007603927991,0.04222922202720893,HD 34411,0.897,1.08,8,3
HD 34411_1,1.844696586429213,0.07739416540698074,HD 34411,0.897,1.08,8,3
HD 34411_1,1.8899283532183428,0.016081804609676315,HD 34411,0.897,1.08,8,3
HD 34411_1,1.8541401254970937,0.0699982863721086,HD 34411,0.897,1.08,8,3
HD 34411_1,1.8832051271175747,0.004939538762480114,HD 34411,0.897,1.08,8,3
HD 34411_1,1.8380708322005952,0.06436248312099788,HD 34411,0.897,1.08,8,3
HD 34411_1,1.6532298695223266,0.12527151504394823,HD 34411,0.897,1.08,8,3
HD 34411_1,1.673710049046682,0.09135832773511837,HD 34411,0.897,1.08,8,3
HD 34411_1,1.8908620140940042,0.042375392792933245,HD 34411,0.897,1.08,8,3
HD 34411_1,1.846963020387822,0.057626112228589974,HD 34411,0.897,1.08,8,3
HD 34411_1,1.7188839140117933,0.15256932542388224,HD 34411,0.897,1.08,8,3
HD 34411_1,1.8670834731753814,0.08064945737622564,HD 34411,0.897,1.08,8,3
HD 34411_1,1.8468962519051915,0.07482545240380048,HD 34411,0.897,1.08,8,3
HD 34411_1,1.8247543013729934,0.058419690808389726,HD 34411,0.897,1.08,8,3
HD 34411_1,1.85353322602916,0.08027264062014983,HD 34411,0.897,1.08,8,3
HD 34411_1,1.8880672084766614,0.0013128039432571056,HD 34411,0.897,1.08,8,3
HD 34411_1,1.8829941822270102,0.35471674484456267,HD 34411,0.897,1.08,8,3
HD 34411_1,1.8558867775631345,0.010224745560078137,HD 34411,0.897,1.08,8,3
HD 34411_1,2.6144601523531237,0.30612905093713727,HD 34411,0.897,1.08,8,3
HD 34411_1,1.8643712709772813,0.04167411829243447,HD 34411,0.897,1.08,8,3
HD 34411_1,1.847976714043774,0.0408485210337166,HD 34411,0.897,1.08,8,3
HD 34411_1,1.8770974809434728,0.06863879542998527,HD 34411,0.897,1.08,8,3
HD 34411_1,1.8548962490542893,0.07656962494003318,HD 34411,0.897,1.08,8,3
HD 34411_1,1.8386982924330182,0.06126235275769833,HD 34411,0.897,1.08,8,3
HD 34411_1,1.8453056106876358,0.04862517371320807,HD 34411,0.897,1.08,8,3
HD 34411_1,1.873321571116412,0.024951295897220005,HD 34411,0.897,1.08,8,3
HD 34411_1,1.824736072262979,0.07331871542065366,HD 34411,0.897,1.08,8,3
HD 34411_1,1.8722307960198572,0.16314683475590872,HD 34411,0.897,1.08,8,3
HD 34411_1,1.900825999528622,0.07593049804185716,HD 34411,0.897,1.08,8,3
HD 34411_1,1.8362733294914033,0.1288272881275125,HD 34411,0.897,1.08,8,3
HD 34411_1,1.835929179283782,0.09315626997991644,HD 34411,0.897,1.08,8,3
HD 34411_1,1.8633173995141126,0.024082928479421672,HD 34411,0.897,1.08,8,3
HD 34411_1,1.8267963693043276,0.08668492797853444,HD 34411,0.897,1.08,8,3
HD 34411_1,1.8926646564840666,0.18369624655761782,HD 34411,0.897,1.08,8,3
HD 34411_1,1.8706227290349995,0.035764040489199345,HD 34411,0.897,1.08,8,3
HD 34411_1,1.8725866513669305,0.033487835063054784,HD 34411,0.897,1.08,8,3
HD 34411_1,1.820417911417909,0.06040294711350333,HD 34411,0.897,1.08,8,3
HD 34411_1,1.7984499491839796,0.10106219408858558,HD 34411,0.897,1.08,8,3
HD 34411_1,1.829757729031918,0.16854167136475057,HD 34411,0.897,1.08,8,3
HD 34411_1,1.8535544040332501,0.018470184487626787,HD 34411,0.897,1.08,8,3
HD 34411_1,1.8143373315932039,0.08103298927413682,HD 34411,0.897,1.08,8,3
HD 34411_1,1.850427736447279,0.040014619722092686,HD 34411,0.897,1.08,8,3
HD 34411_1,1.902871745448762,0.04385012958537807,HD 34411,0.897,1.08,8,3
HD 34411_1,1.879189314976723,0.010470683892101101,HD 34411,0.897,1.08,8,3
HD 34411_1,1.8871854829011803,0.04111407068749631,HD 34411,0.897,1.08,8,3
HD 34411_1,1.594458691501549,0.06873928743045088,HD 34411,0.897,1.08,8,3
HD 34411_1,1.8581838882136084,0.10709980318870631,HD 34411,0.897,1.08,8,3
HD 34411_1,1.8675292722040164,0.018808173672160686,HD 34411,0.897,1.08,8,3
HD 34411_1,1.8939155772438385,0.2286287249331338,HD 34411,0.897,1.08,8,3
HD 34411_1,1.8545520525730248,0.015476098873238815,HD 34411,0.897,1.08,8,3
HD 34411_1,1.8681136649614973,0.044578373792740926,HD 34411,0.897,1.08,8,3
HD 34411_1,1.857006607229919,0.05845490711351795,HD 34411,0.897,1.08,8,3
HD 34411_1,1.8268967930963367,0.06238992049749867,HD 34411,0.897,1.08,8,3
HD 34411_1,1.8590040895721789,0.021657770207287933,HD 34411,0.897,1.08,8,3
HD 34411_1,1.8583586792285032,0.03609632242388161,HD 34411,0.897,1.08,8,3
HD 34411_1,1.8505917494051103,0.037244484854844634,HD 34411,0.897,1.08,8,3
HD 34411_1,1.8679532808294987,0.014371959667672584,HD 34411,0.897,1.08,8,3
HD 34411_1,1.869668876792936,0.06458479331191175,HD 34411,0.897,1.08,8,3
HD 34411_1,1.8676844374438568,0.06738764231921446,HD 34411,0.897,1.08,8,3
HD 34411_1,1.6382454835859437,0.18629807220116895,HD 34411,0.897,1.08,8,3
HD 34411_1,1.8609371458954829,0.11354280059705296,HD 34411,0.897,1.08,8,3
HD 34411_1,1.8772869848298825,0.012128069728249202,HD 34411,0.897,1.08,8,3
HD 34411_1,1.8550550739350755,0.10551337517397728,HD 34411,0.897,1.08,8,3
HD 34411_1,1.8896990608608288,0.009678798971332316,HD 34411,0.897,1.08,8,3
HD 34411_1,1.8183674200643762,0.10963717019649,HD 34411,0.897,1.08,8,3
HD 34411_1,1.8595876196778367,0.00025321118479188637,HD 34411,0.897,1.08,8,3
HD 34411_1,1.8374367694374671,0.08196352403653866,HD 34411,0.897,1.08,8,3
HD 34411_1,1.8737742250883538,0.05717448338233602,HD 34411,0.897,1.08,8,3
HD 34411_1,1.8243963435992354,0.05834807615930371,HD 34411,0.897,1.08,8,3
HD 34411_1,1.8618543579450682,0.20730785830757692,HD 34411,0.897,1.08,8,3
HD 34411_1,1.8396804889571807,0.058099933322465415,HD 34411,0.897,1.08,8,3
HD 34411_1,1.8345351287109666,0.09297124539221378,HD 34411,0.897,1.08,8,3
HD 34411_1,1.867540744470279,0.008390787694449398,HD 34411,0.897,1.08,8,3
HD 34411_1,1.8573190099463126,0.06753082920869284,HD 34411,0.897,1.08,8,3
HD 34411_1,1.8561390584670374,0.045683079157997825,HD 34411,0.897,1.08,8,3
HD 34411_1,1.8777444050054886,0.08647047163905358,HD 34411,0.897,1.08,8,3
HD 34411_1,1.8866688188540879,0.0380317390443647,HD 34411,0.897,1.08,8,3
HD 34411_1,1.8424056243463756,0.06757330492823671,HD 34411,0.897,1.08,8,3
HD 34411_1,1.815380752959229,0.0722416981868443,HD 34411,0.897,1.08,8,3
HD 34411_1,1.8177550090136565,0.0425851312409737,HD 34411,0.897,1.08,8,3
HD 34411_1,1.8492334869940998,0.031113443700692557,HD 34411,0.897,1.08,8,3
HD 34411_1,1.861043263040175,0.020552860249001548,HD 34411,0.897,1.08,8,3
HD 34411_1,1.8400176895968938,0.06459015189846753,HD 34411,0.897,1.08,8,3
HD 34411_1,1.855769626902594,0.01980941648007223,HD 34411,0.897,1.08,8,3
HD 34411_1,1.8729304935676552,0.030767332459145428,HD 34411,0.897,1.08,8,3
HD 34411_1,1.8382604940606597,0.04575122749322484,HD 34411,0.897,1.08,8,3
HD 34411_1,1.650586429734284,0.01002349034100148,HD 34411,0.897,1.08,8,3
HD 34411_1,1.8560613001390853,0.04685085525177789,HD 34411,0.897,1.08,8,3
HD 34411_1,1.8272885998628972,0.15282719732763034,HD 34411,0.897,1.08,8,3
HD 34411_1,1.858907662417894,0.060199227045633866,HD 34411,0.897,1.08,8,3
HD 34411_1,1.8927298092171791,0.03147363382252022,HD 34411,0.897,1.08,8,3
HD 34411_1,1.889655236586462,0.007705667176793277,HD 34411,0.897,1.08,8,3
HD 34411_1,1.8319516068078974,0.050678702289925506,HD 34411,0.897,1.08,8,3
HD 34411_1,1.8353773983483233,0.067880783139397,HD 34411,0.897,1.08,8,3
HD 34411_1,1.8097904309348736,0.14305393509845477,HD 34411,0.897,1.08,8,3
HD 34411_1,1.877108675787362,0.028306598002604023,HD 34411,0.897,1.08,8,3
HD 34411_1,1.8388685911625449,0.0697881248542802,HD 34411,0.897,1.08,8,3
HD 34411_1,1.8176623222847013,0.05433158256793136,HD 34411,0.897,1.08,8,3
HD 34411_1,1.8655936421934458,0.07070327587683975,HD 34411,0.897,1.08,8,3
HD 34411_1,1.7428880499561052,0.21499685002197544,HD 34411,0.897,1.08,8,3
HD 34411_1,1.8456372204298228,0.014264623952035246,HD 34411,0.897,1.08,8,3
HD 34411_1,1.8477837644163317,0.02875756519271566,HD 34411,0.897,1.08,8,3
HD 34411_1,1.7439997442753583,0.32014257924548617,HD 34411,0.897,1.08,8,3
HD 34411_1,1.8565740550494623,0.06417633312906952,HD 34411,0.897,1.08,8,3
HD 34411_1,1.8348935855771948,0.0683128974172805,HD 34411,0.897,1.08,8,3
HD 34411_1,1.8406418867209964,0.06879843649545697,HD 34411,0.897,1.08,8,3
HD 34411_1,1.8575591206381636,0.017087485948939343,HD 34411,0.897,1.08,8,3
HD 34411_1,1.8472288920730622,0.021915696394093614,HD 34411,0.897,1.08,8,3
HD 34411_1,1.8475768117048532,0.020402359689154506,HD 34411,0.897,1.08,8,3
HD 34411_1,1.8898933681744887,0.03355697356433486,HD 34411,0.897,1.08,8,3
HD 34411_1,1.8330108351221568,0.06282110204707692,HD 34411,0.897,1.08,8,3
HD 34411_1,1.8721711232696319,0.027601691404523704,HD 34411,0.897,1.08,8,3
HD 34411_1,1.835547811144802,0.06956217586132288,HD 34411,0.897,1.08,8,3
HD 34411_1,1.8502258697653142,0.03254974871660728,HD 34411,0.897,1.08,8,3
HD 34411_1,1.9042343814740015,0.0609653183300501,HD 34411,0.897,1.08,8,3
HD 34411_1,1.9603784097213908,0.1607897546175832,HD 34411,0.897,1.08,8,3
HD 34411_1,1.8958157399512183,0.003802468271217465,HD 34411,0.897,1.08,8,3
HD 34411_1,1.8428293671594234,0.05540815096186997,HD 34411,0.897,1.08,8,3
HD 34411_1,1.8408994635521307,0.05660830166901332,HD 34411,0.897,1.08,8,3
HD 34411_1,1.864420230241547,0.031349752652929046,HD 34411,0.897,1.08,8,3
HD 34411_1,1.8806568042816438,0.0862034503416533,HD 34411,0.897,1.08,8,3
HD 34411_1,1.8486882759721992,0.008004550095833028,HD 34411,0.897,1.08,8,3
HD 34411_1,1.8459796920567835,0.06497683623490028,HD 34411,0.897,1.08,8,3
HD 34411_1,1.882351563710875,0.029503620414876766,HD 34411,0.897,1.08,8,3
HD 34411_1,1.8414005527684845,0.042762498512087625,HD 34411,0.897,1.08,8,3
HD 34411_1,1.844468861280458,0.07902537635648356,HD 34411,0.897,1.08,8,3
HD 34411_1,1.8648363877529066,0.18071966335280276,HD 34411,0.897,1.08,8,3
HD 34411_1,1.8753334904502847,0.03626872026606275,HD 34411,0.897,1.08,8,3
HD 34411_1,1.8897615784753177,0.059382156660753346,HD 34411,0.897,1.08,8,3
HD 34411_1,1.8609368095374106,0.04830028185048779,HD 34411,0.897,1.08,8,3
HD 34411_1,1.6344714668813736,0.10946241928836373,HD 34411,0.897,1.08,8,3
HD 34411_1,1.881219290143835,0.029936751714721283,HD 34411,0.897,1.08,8,3
HD 34411_1,1.8757060662701472,0.0179934171856641,HD 34411,0.897,1.08,8,3
HD 34411_1,1.8460115957017598,0.051399737368429316,HD 34411,0.897,1.08,8,3
HD 34411_1,1.873272515319228,0.039369067715497766,HD 34411,0.897,1.08,8,3
HD 34411_1,1.8190738157943676,0.06109560174322995,HD 34411,0.897,1.08,8,3
HD 34411_1,1.8254897543483553,0.06340488494583812,HD 34411,0.897,1.08,8,3
HD 34411_1,1.861553135670465,0.028436885116712718,HD 34411,0.897,1.08,8,3
HD 34411_1,1.8829866397258224,0.015235423714963003,HD 34411,0.897,1.08,8,3
HD 34411_1,1.8338722543594523,0.10043545521890634,HD 34411,0.897,1.08,8,3
HD 34411_1,1.8792593804204005,0.026614500083562947,HD 34411,0.897,1.08,8,3
HD 34411_1,1.6023103321608925,0.08418771774346322,HD 34411,0.897,1.08,8,3
HD 34411_1,1.602567103179501,0.1280289833476063,HD 34411,0.897,1.08,8,3
HD 34411_1,1.872443705995074,0.0023235599461163825,HD 34411,0.897,1.08,8,3
HD 34411_1,1.8353901857274588,0.10222075943816802,HD 34411,0.897,1.08,8,3
HD 34411_1,1.9151972073094288,0.014082102680353703,HD 34411,0.897,1.08,8,3
HD 34411_1,1.865891252049932,0.03018123601715892,HD 34411,0.897,1.08,8,3
HD 34411_1,1.8447125727384914,0.03918956396542543,HD 34411,0.897,1.08,8,3
HD 34411_1,1.823195851396738,0.1285161133589391,HD 34411,0.897,1.08,8,3
HD 34411_1,1.894495389077861,0.022497722368311008,HD 34411,0.897,1.08,8,3
HD 34411_1,1.8264079816900918,0.06204196588206572,HD 34411,0.897,1.08,8,3
HD 34411_1,1.9473584772592378,0.32938917670981893,HD 34411,0.897,1.08,8,3
HD 34411_1,1.8173046521187501,0.2716411711447539,HD 34411,0.897,1.08,8,3
HD 34411_1,1.863658813346999,0.018579342224419433,HD 34411,0.897,1.08,8,3
HD 34411_1,1.8566377518910897,0.03229135010466462,HD 34411,0.897,1.08,8,3
HD 34411_1,1.6575946670933586,0.029322590261740326,HD 34411,0.897,1.08,8,3
HD 34411_1,1.8613960587408696,0.03107058219915388,HD 34411,0.897,1.08,8,3
HD 34411_1,1.8826067173828067,0.032246916108012405,HD 34411,0.897,1.08,8,3
HD 34411_1,1.8892378210812484,0.012010229943070952,HD 34411,0.897,1.08,8,3
HD 34411_1,1.8170285974607072,0.13605171161273355,HD 34411,0.897,1.08,8,3
HD 34411_1,1.896174794328126,0.12959353386820938,HD 34411,0.897,1.08,8,3
HD 34411_1,1.617187433329873,0.11677351723553717,HD 34411,0.897,1.08,8,3
HD 34411_1,1.8378454297923597,0.0776683095018689,HD 34411,0.897,1.08,8,3
HD 34411_1,1.836130304056581,0.0027240046720318793,HD 34411,0.897,1.08,8,3
HD 34411_1,1.8827833516286212,0.05421579198074625,HD 34411,0.897,1.08,8,3
HD 34411_1,1.8404957980503116,0.04352795394154012,HD 34411,0.897,1.08,8,3
HD 34411_1,1.883997340614042,0.01883768137688613,HD 34411,0.897,1.08,8,3
HD 34411_1,1.8370778047748622,0.057563367186587,HD 34411,0.897,1.08,8,3
HD 34411_1,1.818641797193441,0.06394126978903514,HD 34411,0.897,1.08,8,3
HD 34411_1,1.8749404300750327,0.024287373226847472,HD 34411,0.897,1.08,8,3
HD 34411_1,1.639126635501792,0.09360131924507564,HD 34411,0.897,1.08,8,3
HD 34411_1,1.8665397365628236,0.1107020278707445,HD 34411,0.897,1.08,8,3
HD 34411_1,1.7062796521297325,0.1248929323327014,HD 34411,0.897,1.08,8,3
HD 34411_1,1.878346075683762,0.03460982754928259,HD 34411,0.897,1.08,8,3
HD 34411_1,1.880002009593101,0.04399643942478531,HD 34411,0.897,1.08,8,3
HD 34411_1,1.857974057822178,0.036121312043068066,HD 34411,0.897,1.08,8,3
HD 34411_1,1.8678040870542105,0.01901542798613262,HD 34411,0.897,1.08,8,3
HD 34411_1,1.8224419844107305,0.1207695311314681,HD 34411,0.897,1.08,8,3
HD 34411_1,1.861593056179509,0.02480866578197223,HD 34411,0.897,1.08,8,3
HD 34411_1,1.860114869980355,0.03677796200959379,HD 34411,0.897,1.08,8,3
HD 34411_1,1.6189770125275749,0.10135883683105171,HD 34411,0.897,1.08,8,3
HD 34411_1,1.6502316653098479,0.17441914455229007,HD 34411,0.897,1.08,8,3
HD 34411_1,1.8260222338499241,0.07763800286878297,HD 34411,0.897,1.08,8,3
HD 34411_1,1.8610747644520675,0.04622022681540434,HD 34411,0.897,1.08,8,3
HD 34411_1,1.847424928924269,0.06194822394776209,HD 34411,0.897,1.08,8,3
HD 34411_1,1.8936899036955483,0.03423064144334668,HD 34411,0.897,1.08,8,3
HD 34411_1,1.86737644853067,0.016927117152941158,HD 34411,0.897,1.08,8,3
HD 34411_1,1.8952915366443095,0.03167969979910359,HD 34411,0.897,1.08,8,3
HD 34411_1,1.8679430366693779,0.04153450661944525,HD 34411,0.897,1.08,8,3
HD 34411_1,1.9002904486059542,0.18118685548298694,HD 34411,0.897,1.08,8,3
HD 34411_1,1.8911262230134918,0.016315523119266588,HD 34411,0.897,1.08,8,3
HD 34411_1,1.8196558014912896,0.3049322055320763,HD 34411,0.897,1.08,8,3
HD 34411_1,1.6539167446385952,0.018126982084928397,HD 34411,0.897,1.08,8,3
HD 34411_1,1.687973377283218,0.14846252187069647,HD 34411,0.897,1.08,8,3
HD 34411_1,1.817974297781166,0.16263607523033724,HD 34411,0.897,1.08,8,3
HD 34411_1,1.822448399722204,0.07147157856247038,HD 34411,0.897,1.08,8,3
HD 34411_1,1.892198906075552,0.011200809706309565,HD 34411,0.897,1.08,8,3
HD 34411_1,1.8686674620859904,0.015686435832712717,HD 34411,0.897,1.08,8,3
HD 34411_1,2.9182136708536692,0.3217745186496822,HD 34411,0.897,1.08,8,3
HD 34411_1,1.8762431439550227,0.21466397391216735,HD 34411,0.897,1.08,8,3
HD 34411_1,1.8262597091808626,0.1144641498417295,HD 34411,0.897,1.08,8,3
HD 34411_1,1.8397184891582767,0.10039669429996537,HD 34411,0.897,1.08,8,3
HD 34411_1,1.8737468953249465,0.0020419895258781268,HD 34411,0.897,1.08,8,3
HD 34411_1,1.8574780745640564,0.07815782764753403,HD 34411,0.897,1.08,8,3
HD 34411_1,1.8716916888893191,0.03943837936215343,HD 34411,0.897,1.08,8,3
HD 34411_1,1.884303522248827,0.021328338307055165,HD 34411,0.897,1.08,8,3
HD 34411_1,1.8894351713581319,0.10305411485567986,HD 34411,0.897,1.08,8,3
HD 34411_1,1.8939790297859844,0.03420827435778084,HD 34411,0.897,1.08,8,3
HD 34411_1,1.8243460287781046,0.1250848200780814,HD 34411,0.897,1.08,8,3
HD 34411_1,1.9377647926459578,0.20782193500452928,HD 34411,0.897,1.08,8,3
HD 34411_1,1.8571908970490676,0.23272255450013668,HD 34411,0.897,1.08,8,3
HD 34411_1,1.8586760603442738,0.0343054812584681,HD 34411,0.897,1.08,8,3
HD 34411_1,1.7962663110321504,0.2243411363168903,HD 34411,0.897,1.08,8,3
HD 34411_1,1.8549575452977756,0.35115712398782206,HD 34411,0.897,1.08,8,3
HD 34411_1,1.8336725598174004,0.0650687707141388,HD 34411,0.897,1.08,8,3
HD 34411_1,1.6449296873761392,0.046886263391172,HD 34411,0.897,1.08,8,3
HD 34411_1,1.9164489524536037,0.048783728925345,HD 34411,0.897,1.08,8,3
HD 34411_1,1.8240444492806995,0.05781346516278241,HD 34411,0.897,1.08,8,3
HD 34411_1,1.8329558805448976,0.05771677034313535,HD 34411,0.897,1.08,8,3
HD 34411_1,1.8967836982434154,0.020714188638374896,HD 34411,0.897,1.08,8,3
HD 34411_1,1.887950443594507,0.006406239977792187,HD 34411,0.897,1.08,8,3
HD 34411_1,1.8318341235030418,0.08415010699935961,HD 34411,0.897,1.08,8,3
HD 34411_1,1.8832401538574615,0.2505992176225994,HD 34411,0.897,1.08,8,3
HD 34411_1,1.628384994335439,0.07785747920994782,HD 34411,0.897,1.08,8,3
HD 34411_1,1.879987536246967,0.027905161957068506,HD 34411,0.897,1.08,8,3
HD 34411_1,1.8403484700624926,0.026489964943352026,HD 34411,0.897,1.08,8,3
HD 34411_1,1.662286477397208,0.037277290960448496,HD 34411,0.897,1.08,8,3
HD 34411_1,1.7311605837504174,0.08977321262747931,HD 34411,0.897,1.08,8,3
HD 34411_1,1.8478551581702904,0.08125353031850291,HD 34411,0.897,1.08,8,3
HD 34411_1,1.856084769370521,0.06102990155319415,HD 34411,0.897,1.08,8,3
HD 34411_1,1.7023975559254216,0.2271490167276864,HD 34411,0.897,1.08,8,3
HD 34411_1,1.8866070451153498,0.044847588662419065,HD 34411,0.897,1.08,8,3
HD 34411_1,1.8436318929263305,0.06131930971248889,HD 34411,0.897,1.08,8,3
HD 34411_1,1.7160963450974742,0.1657845572471204,HD 34411,0.897,1.08,8,3
HD 34411_1,1.8486703018737785,0.09041370576982724,HD 34411,0.897,1.08,8,3
HD 34411_1,1.8547403895404642,4.015357491824953e-05,HD 34411,0.897,1.08,8,3
HD 34411_1,1.9422956302254368,0.18577777767507678,HD 34411,0.897,1.08,8,3
HD 34411_1,1.8544892235397616,0.048025026716457545,HD 34411,0.897,1.08,8,3
HD 34411_1,1.8550145115473633,0.0263928723063867,HD 34411,0.897,1.08,8,3
HD 34411_1,1.8455945471402952,0.03769168936318662,HD 34411,0.897,1.08,8,3
HD 34411_1,1.8377927315049454,0.1460985466086994,HD 34411,0.897,1.08,8,3
HD 34411_1,1.8394272666132476,0.11096881035845806,HD 34411,0.897,1.08,8,3
HD 34411_1,1.875069423285082,0.029363833565237238,HD 34411,0.897,1.08,8,3
HD 34411_1,1.8994642599463392,0.09389972785778469,HD 34411,0.897,1.08,8,3
HD 34411_1,1.8141422252553994,0.14825706414762246,HD 34411,0.897,1.08,8,3
HD 34411_1,1.8577742357804268,0.03327037541741362,HD 34411,0.897,1.08,8,3
HD 34411_1,1.86828656711827,0.014231746980742595,HD 34411,0.897,1.08,8,3
HD 34411_1,1.7264863877089078,0.20532264994026972,HD 34411,0.897,1.08,8,3
HD 34411_1,1.8644819457976924,0.03416949584898853,HD 34411,0.897,1.08,8,3
HD 34411_1,1.8260233350628388,0.05250436445369561,HD 34411,0.897,1.08,8,3
HD 34411_1,1.8265116253048956,0.13724536343416166,HD 34411,0.897,1.08,8,3
HD 34411_1,1.8801147550538573,0.04765455057509384,HD 34411,0.897,1.08,8,3
HD 34411_1,1.8645446062505404,0.14666101503093681,HD 34411,0.897,1.08,8,3
HD 34411_1,1.8516295283029023,0.03585919039156694,HD 34411,0.897,1.08,8,3
HD 34411_1,1.8354378909872782,0.10422815538967521,HD 34411,0.897,1.08,8,3
HD 34411_1,1.6548590264484673,0.06414023821731785,HD 34411,0.897,1.08,8,3
HD 34411_1,1.885259875244284,0.03990261861794159,HD 34411,0.897,1.08,8,3
HD 34411_1,1.5964569017956953,0.20377440140640982,HD 34411,0.897,1.08,8,3
HD 34411_1,1.7135859402925464,0.10883036349633929,HD 34411,0.897,1.08,8,3
HD 34411_1,1.6181401574611296,0.045646924129720004,HD 34411,0.897,1.08,8,3
HD 34411_1,1.8191986341471877,0.08574841498088324,HD 34411,0.897,1.08,8,3
HD 34411_1,1.8773012998277034,0.014488072044144313,HD 34411,0.897,1.08,8,3
HD 34411_1,1.8549330440675376,0.0665098200462935,HD 34411,0.897,1.08,8,3
HD 34411_1,1.7808284543189963,0.08816747911501385,HD 34411,0.897,1.08,8,3
HD 34411_1,1.8611657616099206,0.04743281390299023,HD 34411,0.897,1.08,8,3
HD 34411_1,1.7950233097480592,0.1900619152351813,HD 34411,0.897,1.08,8,3
HD 34411_1,1.905655011047065,0.001111262803682983,HD 34411,0.897,1.08,8,3
HD 34411_1,1.8729916154316628,0.25177398348536595,HD 34411,0.897,1.08,8,3
HD 34411_1,1.8401114112202648,0.07329701153317393,HD 34411,0.897,1.08,8,3
HD 34411_1,1.8225441457315927,0.09140933967181633,HD 34411,0.897,1.08,8,3
HD 34411_1,1.7121276456237258,0.06527426563907066,HD 34411,0.897,1.08,8,3
HD 34411_1,1.8901786238814853,0.17729310920893102,HD 34411,0.897,1.08,8,3
HD 34411_1,1.8538400634154495,0.08377752348741122,HD 34411,0.897,1.08,8,3
HD 34411_1,1.6110620383813523,0.04852831345168924,HD 34411,0.897,1.08,8,3
HD 34411_1,1.625955405558744,0.15714592184486523,HD 34411,0.897,1.08,8,3
HD 34411_1,1.834196768555845,0.22086098869186963,HD 34411,0.897,1.08,8,3
HD 34411_1,1.8739754503868287,0.03421315060034419,HD 34411,0.897,1.08,8,3
HD 34411_1,1.8165516398403827,0.16139230311884395,HD 34411,0.897,1.08,8,3
HD 34411_1,1.8332628508901854,0.26517556127148123,HD 34411,0.897,1.08,8,3
HD 34411_1,1.9643719513678544,0.20406055418729313,HD 34411,0.897,1.08,8,3
HD 34411_1,1.8545306304733045,0.08654659726847516,HD 34411,0.897,1.08,8,3
HD 34411_1,1.8563200788420713,0.03698880044710537,HD 34411,0.897,1.08,8,3
HD 34411_1,1.736840107390831,0.1797383026642632,HD 34411,0.897,1.08,8,3
HD 34411_1,1.8009398748977483,0.07926523945260794,HD 34411,0.897,1.08,8,3
HD 34411_1,1.920210339635329,0.13964071582280588,HD 34411,0.897,1.08,8,3
HD 34411_1,1.8775287979974629,0.03164189755675713,HD 34411,0.897,1.08,8,3
HD 34411_1,1.832013698349317,0.10041619154689775,HD 34411,0.897,1.08,8,3
HD 34411_1,1.9024115145285307,0.011924058823436834,HD 34411,0.897,1.08,8,3
HD 34411_1,1.8135647923421763,0.17174604390171377,HD 34411,0.897,1.08,8,3
HD 46588 A_0,2.527696710869266,0.08788522039541757,HD 46588 A,1.375,1.18,8,8
HD 46588 A_0,2.5386495826889894,0.09702930890462656,HD 46588 A,1.375,1.18,8,8
HD 46588 A_0,2.5303885731189686,0.09050998694510556,HD 46588 A,1.375,1.18,8,8
HD 46588 A_0,2.53671734501524,0.08224504855162572,HD 46588 A,1.375,1.18,8,8
HD 46588 A_0,2.523027520249649,0.10755623015239904,HD 46588 A,1.375,1.18,8,8
HD 46588 A_0,2.5361018084012907,0.09548020999169496,HD 46588 A,1.375,1.18,8,8
HD 46588 A_0,2.536268314748934,0.09885174144576492,HD 46588 A,1.375,1.18,8,8
HD 46588 A_0,2.5403143890274014,0.09547765016588027,HD 46588 A,1.375,1.18,8,8
HD 46588 A_0,2.532874769979492,0.09373427631966515,HD 46588 A,1.375,1.18,8,8
HD 46588 A_0,2.5400092732529993,0.1023272530748951,HD 46588 A,1.375,1.18,8,8
HD 46588 A_0,2.5389109591819627,0.09555963058633396,HD 46588 A,1.375,1.18,8,8
HD 46588 A_0,2.540750071818007,0.10137405930540916,HD 46588 A,1.375,1.18,8,8
HD 46588 A_0,2.5320414852129596,0.11123412495999412,HD 46588 A,1.375,1.18,8,8
HD 46588 A_0,2.5343458312488236,0.10210994446014199,HD 46588 A,1.375,1.18,8,8
HD 46588 A_0,2.5303744520544793,0.10182517283775251,HD 46588 A,1.375,1.18,8,8
HD 46588 A_0,2.5317233651961812,0.08510150826865776,HD 46588 A,1.375,1.18,8,8
HD 46588 A_0,2.5415086523014745,0.09351390463942356,HD 46588 A,1.375,1.18,8,8
HD 46588 A_0,2.5376817701634575,0.09464601138879482,HD 46588 A,1.375,1.18,8,8
HD 46588 A_0,2.520935775260946,0.09902430110991473,HD 46588 A,1.375,1.18,8,8
HD 46588 A_0,2.5291888140021355,0.08687783862997463,HD 46588 A,1.375,1.18,8,8
HD 46588 A_0,2.52815155893797,0.09377292527593901,HD 46588 A,1.375,1.18,8,8
HD 46588 A_0,2.5262965907439052,0.10087593876707308,HD 46588 A,1.375,1.18,8,8
HD 46588 A_0,2.5414225070246608,0.0912556828316401,HD 46588 A,1.375,1.18,8,8
HD 46588 A_0,2.533292115367543,0.10402783779772617,HD 46588 A,1.375,1.18,8,8
HD 46588 A_0,2.517992272346136,0.08518331694487008,HD 46588 A,1.375,1.18,8,8
HD 46588 A_0,2.537237708662626,0.10759499510610782,HD 46588 A,1.375,1.18,8,8
HD 46588 A_0,2.5522619855186353,0.08503022240050434,HD 46588 A,1.375,1.18,8,8
HD 46588 A_0,2.5371181248530723,0.09482833408323095,HD 46588 A,1.375,1.18,8,8
HD 46588 A_0,2.5346287519287936,0.09844993585178477,HD 46588 A,1.375,1.18,8,8
HD 46588 A_0,2.5437963752362895,0.10601308872086611,HD 46588 A,1.375,1.18,8,8
HD 46588 A_0,2.5328165361136326,0.098733638346564,HD 46588 A,1.375,1.18,8,8
HD 46588 A_0,2.547612502220671,0.11339581152763806,HD 46588 A,1.375,1.18,8,8
HD 46588 A_0,2.5372230455363898,0.10419558333213907,HD 46588 A,1.375,1.18,8,8
HD 46588 A_0,2.5312169785023957,0.09505364144158446,HD 46588 A,1.375,1.18,8,8
HD 46588 A_0,2.5462660656688025,0.08872069182666446,HD 46588 A,1.375,1.18,8,8
HD 46588 A_0,2.534595527311613,0.0944209482797093,HD 46588 A,1.375,1.18,8,8
HD 46588 A_0,2.5309488320626516,0.09479101043720725,HD 46588 A,1.375,1.18,8,8
HD 46588 A_0,2.5319381449618255,0.10693089465738165,HD 46588 A,1.375,1.18,8,8
HD 46588 A_0,2.5251764591557153,0.09744334682641465,HD 46588 A,1.375,1.18,8,8
HD 46588 A_0,2.5234834359079477,0.09628476279950218,HD 46588 A,1.375,1.18,8,8
HD 46588 A_0,2.5305759697690564,0.09600139938742994,HD 46588 A,1.375,1.18,8,8
HD 46588 A_0,2.5317368304304013,0.08927777771310935,HD 46588 A,1.375,1.18,8,8
HD 46588 A_0,2.5251209071038097,0.08847727006963334,HD 46588 A,1.375,1.18,8,8
HD 46588 A_0,2.5247298846162947,0.10014766456320111,HD 46588 A,1.375,1.18,8,8
HD 46588 A_0,2.5491098652224156,0.09534515794614681,HD 46588 A,1.375,1.18,8,8
HD 46588 A_0,2.5350550087878023,0.10267651080924424,HD 46588 A,1.375,1.18,8,8
HD 46588 A_0,2.534387866821099,0.09338860948180407,HD 46588 A,1.375,1.18,8,8
HD 46588 A_0,2.533261073890166,0.10051054513612545,HD 46588 A,1.375,1.18,8,8
HD 46588 A_0,2.5264745650929195,0.10119857133741463,HD 46588 A,1.375,1.18,8,8
HD 46588 A_0,2.5274725554323116,0.09845155147626979,HD 46588 A,1.375,1.18,8,8
HD 46588 A_0,2.535723044506209,0.10653228428067887,HD 46588 A,1.375,1.18,8,8
HD 46588 A_0,2.5272845412827345,0.10435291845494146,HD 46588 A,1.375,1.18,8,8
HD 46588 A_0,2.5371802648794377,0.09656761775750727,HD 46588 A,1.375,1.18,8,8
HD 46588 A_0,2.5364234381989323,0.08906055837271033,HD 46588 A,1.375,1.18,8,8
HD 46588 A_0,2.5436385048979746,0.08811000806242861,HD 46588 A,1.375,1.18,8,8
HD 46588 A_0,2.5340420676086444,0.0884485059559487,HD 46588 A,1.375,1.18,8,8
HD 46588 A_0,2.5384457039373034,0.09248770559882019,HD 46588 A,1.375,1.18,8,8
HD 46588 A_0,2.526957507773776,0.10592780132111443,HD 46588 A,1.375,1.18,8,8
HD 46588 A_0,2.530702018832771,0.09518083799032039,HD 46588 A,1.375,1.18,8,8
HD 46588 A_0,2.5369700814106135,0.09903198641616456,HD 46588 A,1.375,1.18,8,8
HD 46588 A_0,2.528205089948393,0.09293006259762489,HD 46588 A,1.375,1.18,8,8
HD 46588 A_0,2.5376056372242135,0.0998533339770904,HD 46588 A,1.375,1.18,8,8
HD 46588 A_0,2.526311011773816,0.09415486457319644,HD 46588 A,1.375,1.18,8,8
HD 46588 A_0,2.536628720305592,0.1121284198401434,HD 46588 A,1.375,1.18,8,8
HD 46588 A_0,2.5299709400810433,0.10181338069894288,HD 46588 A,1.375,1.18,8,8
HD 46588 A_0,2.5334124192266816,0.10026918098946903,HD 46588 A,1.375,1.18,8,8
HD 46588 A_0,2.5255034832551773,0.09787751507826702,HD 46588 A,1.375,1.18,8,8
HD 46588 A_0,2.5311341567845416,0.09930429949106229,HD 46588 A,1.375,1.18,8,8
HD 46588 A_0,2.5347177215635126,0.08995327258521844,HD 46588 A,1.375,1.18,8,8
HD 46588 A_0,2.538226278267082,0.09581795649918665,HD 46588 A,1.375,1.18,8,8
HD 46588 A_0,2.528796136761051,0.10523701252414829,HD 46588 A,1.375,1.18,8,8
HD 46588 A_0,2.5316351888352076,0.09766531427583765,HD 46588 A,1.375,1.18,8,8
HD 46588 A_0,2.537586112306719,0.09918894520537505,HD 46588 A,1.375,1.18,8,8
HD 46588 A_0,2.540752526005466,0.09103890463468489,HD 46588 A,1.375,1.18,8,8
HD 46588 A_0,2.5339775443999466,0.09698062397461273,HD 46588 A,1.375,1.18,8,8
HD 46588 A_0,2.5288090120752162,0.10345364445709913,HD 46588 A,1.375,1.18,8,8
HD 46588 A_0,2.537193055402046,0.10442729730214294,HD 46588 A,1.375,1.18,8,8
HD 46588 A_0,2.5276643817466335,0.1032357484307306,HD 46588 A,1.375,1.18,8,8
HD 46588 A_0,2.527003922143903,0.10509289528823881,HD 46588 A,1.375,1.18,8,8
HD 46588 A_0,2.5288791343898973,0.10006442942905568,HD 46588 A,1.375,1.18,8,8
HD 46588 A_0,2.5389883893744245,0.10398959984538529,HD 46588 A,1.375,1.18,8,8
HD 46588 A_0,2.5372595933279323,0.09964895970295223,HD 46588 A,1.375,1.18,8,8
HD 46588 A_0,2.525141380738324,0.09492945106373829,HD 46588 A,1.375,1.18,8,8
HD 46588 A_0,2.549429303572561,0.08989651027686514,HD 46588 A,1.375,1.18,8,8
HD 46588 A_0,2.537285844003384,0.08563931540615506,HD 46588 A,1.375,1.18,8,8
HD 46588 A_0,2.5295315771445086,0.10121874662679778,HD 46588 A,1.375,1.18,8,8
HD 46588 A_0,2.5368296220389484,0.09938653884597529,HD 46588 A,1.375,1.18,8,8
HD 46588 A_0,2.537838374423227,0.10112915688614202,HD 46588 A,1.375,1.18,8,8
HD 46588 A_0,2.5348224640567225,0.10207482557637025,HD 46588 A,1.375,1.18,8,8
HD 46588 A_0,2.5280507189864903,0.10273736426725624,HD 46588 A,1.375,1.18,8,8
HD 46588 A_0,2.5347594107904943,0.10408053962244557,HD 46588 A,1.375,1.18,8,8
HD 46588 A_0,2.5349444388286346,0.10119959480125071,HD 46588 A,1.375,1.18,8,8
HD 46588 A_0,2.5319714942449054,0.10571870046350387,HD 46588 A,1.375,1.18,8,8
HD 46588 A_0,2.5420629621370434,0.09859185602293488,HD 46588 A,1.375,1.18,8,8
HD 46588 A_0,2.523789587690368,0.09904170098142469,HD 46588 A,1.375,1.18,8,8
HD 46588 A_0,2.542605772669842,0.106097108487279,HD 46588 A,1.375,1.18,8,8
HD 46588 A_0,2.5472332817100614,0.09274002028994238,HD 46588 A,1.375,1.18,8,8
HD 46588 A_0,2.5410726637082477,0.0955117597830092,HD 46588 A,1.375,1.18,8,8
HD 46588 A_0,2.5275092563291928,0.10066851266292993,HD 46588 A,1.375,1.18,8,8
HD 46588 A_0,2.533958161074389,0.09797758646432105,HD 46588 A,1.375,1.18,8,8
HD 46588 A_0,2.53384389986509,0.10126900215885373,HD 46588 A,1.375,1.18,8,8
HD 46588 A_0,2.5221799425479565,0.10601233256340531,HD 46588 A,1.375,1.18,8,8
HD 46588 A_0,2.5307611721338295,0.11449328978708817,HD 46588 A,1.375,1.18,8,8
HD 46588 A_0,2.538112995589694,0.09525566418755611,HD 46588 A,1.375,1.18,8,8
HD 46588 A_0,2.5250669665421346,0.08394665783653105,HD 46588 A,1.375,1.18,8,8
HD 46588 A_0,2.5346611187108894,0.09458240368108849,HD 46588 A,1.375,1.18,8,8
HD 46588 A_0,2.543330327077621,0.08331455045454036,HD 46588 A,1.375,1.18,8,8
HD 46588 A_0,2.5364465415761113,0.10419478084785797,HD 46588 A,1.375,1.18,8,8
HD 46588 A_0,2.5312639331762643,0.09941453885382383,HD 46588 A,1.375,1.18,8,8
HD 46588 A_0,2.5395078206996926,0.10105603797172213,HD 46588 A,1.375,1.18,8,8
HD 46588 A_0,2.5402154623972453,0.11208794416390758,HD 46588 A,1.375,1.18,8,8
HD 46588 A_0,2.5398370344202443,0.09970053657313503,HD 46588 A,1.375,1.18,8,8
HD 46588 A_0,2.541697573146887,0.1032281079678593,HD 46588 A,1.375,1.18,8,8
HD 46588 A_0,2.52441272280357,0.1042208509655044,HD 46588 A,1.375,1.18,8,8
HD 46588 A_0,2.5296513602880264,0.10461264232150784,HD 46588 A,1.375,1.18,8,8
HD 46588 A_0,2.5294515415493373,0.09236455025957438,HD 46588 A,1.375,1.18,8,8
HD 46588 A_0,2.523915424602964,0.10648781688268921,HD 46588 A,1.375,1.18,8,8
HD 46588 A_0,2.527632971344871,0.09999598602244338,HD 46588 A,1.375,1.18,8,8
HD 46588 A_0,2.541268210221412,0.11071548348120946,HD 46588 A,1.375,1.18,8,8
HD 46588 A_0,2.543993249124641,0.09447185359286124,HD 46588 A,1.375,1.18,8,8
HD 46588 A_0,2.5349465234148036,0.1086904062930995,HD 46588 A,1.375,1.18,8,8
HD 46588 A_0,2.5420101674713487,0.11258419179663676,HD 46588 A,1.375,1.18,8,8
HD 46588 A_0,2.536748692570597,0.0969813415061847,HD 46588 A,1.375,1.18,8,8
HD 46588 A_0,2.5309966489554556,0.10058172130633022,HD 46588 A,1.375,1.18,8,8
HD 46588 A_0,2.529344362553494,0.10252693910169958,HD 46588 A,1.375,1.18,8,8
HD 46588 A_0,2.5336955997328414,0.09619843904035862,HD 46588 A,1.375,1.18,8,8
HD 46588 A_0,2.5412481027589937,0.10111592803832337,HD 46588 A,1.375,1.18,8,8
HD 46588 A_0,2.5211731656792473,0.09145268351710227,HD 46588 A,1.375,1.18,8,8
HD 46588 A_0,2.541083057797153,0.1057825093440147,HD 46588 A,1.375,1.18,8,8
HD 46588 A_0,2.540837834842526,0.10172787756577226,HD 46588 A,1.375,1.18,8,8
HD 46588 A_0,2.530236965168222,0.09045396269918779,HD 46588 A,1.375,1.18,8,8
HD 46588 A_0,2.5318249657190264,0.08956640298874073,HD 46588 A,1.375,1.18,8,8
HD 46588 A_0,2.5361267614065524,0.09670913033142738,HD 46588 A,1.375,1.18,8,8
HD 46588 A_0,2.535381113151649,0.09993022145316538,HD 46588 A,1.375,1.18,8,8
HD 46588 A_0,2.5335683086248793,0.10206566363720052,HD 46588 A,1.375,1.18,8,8
HD 46588 A_0,2.5335368688688678,0.0949783707051634,HD 46588 A,1.375,1.18,8,8
HD 46588 A_0,2.528280240356455,0.09536079742455605,HD 46588 A,1.375,1.18,8,8
HD 46588 A_0,2.526970177900978,0.09466755657030719,HD 46588 A,1.375,1.18,8,8
HD 46588 A_0,2.525557209657497,0.0948365385923218,HD 46588 A,1.375,1.18,8,8
HD 46588 A_0,2.5407499561579607,0.0966808281432978,HD 46588 A,1.375,1.18,8,8
HD 46588 A_0,2.538957828496196,0.10019860014168093,HD 46588 A,1.375,1.18,8,8
HD 46588 A_0,2.5271496354061487,0.08564606325290766,HD 46588 A,1.375,1.18,8,8
HD 46588 A_0,2.529177300347919,0.10050706637947285,HD 46588 A,1.375,1.18,8,8
HD 46588 A_0,2.533619367974901,0.09385069641034327,HD 46588 A,1.375,1.18,8,8
HD 46588 A_0,2.524726312955783,0.09250487209210351,HD 46588 A,1.375,1.18,8,8
HD 46588 A_0,2.5255024627374394,0.09922445336694768,HD 46588 A,1.375,1.18,8,8
HD 46588 A_0,2.532522797158334,0.08487003238760576,HD 46588 A,1.375,1.18,8,8
HD 46588 A_0,2.5425801380066035,0.09722267056740364,HD 46588 A,1.375,1.18,8,8
HD 46588 A_0,2.5400161258863228,0.09418232102844049,HD 46588 A,1.375,1.18,8,8
HD 46588 A_0,2.532205345034203,0.10004658250174572,HD 46588 A,1.375,1.18,8,8
HD 46588 A_0,2.5388446270775753,0.09594424098405056,HD 46588 A,1.375,1.18,8,8
HD 46588 A_0,2.533726252360707,0.10253610530200961,HD 46588 A,1.375,1.18,8,8
HD 46588 A_0,2.537888970769723,0.089013006980342,HD 46588 A,1.375,1.18,8,8
HD 46588 A_0,2.5273347900727208,0.09885951133708977,HD 46588 A,1.375,1.18,8,8
HD 46588 A_0,2.5308711776002064,0.08866428406239649,HD 46588 A,1.375,1.18,8,8
HD 46588 A_0,2.5437706044557133,0.10347328373660841,HD 46588 A,1.375,1.18,8,8
HD 46588 A_0,2.542883999136993,0.09797654136599644,HD 46588 A,1.375,1.18,8,8
HD 46588 A_0,2.538936850456301,0.09704424073751398,HD 46588 A,1.375,1.18,8,8
HD 46588 A_0,2.5343028919457886,0.09651379523781353,HD 46588 A,1.375,1.18,8,8
HD 46588 A_0,2.5315994115870835,0.10700367323881198,HD 46588 A,1.375,1.18,8,8
HD 46588 A_0,2.5247978307228323,0.10094733105716773,HD 46588 A,1.375,1.18,8,8
HD 46588 A_0,2.54221541484065,0.0985533533328451,HD 46588 A,1.375,1.18,8,8
HD 46588 A_0,2.533926161326922,0.09774728988225545,HD 46588 A,1.375,1.18,8,8
HD 46588 A_0,2.5309873242443013,0.10186163382852978,HD 46588 A,1.375,1.18,8,8
HD 46588 A_0,2.5282248461960837,0.0931881970595118,HD 46588 A,1.375,1.18,8,8
HD 46588 A_0,2.534100949755758,0.10107505778732209,HD 46588 A,1.375,1.18,8,8
HD 46588 A_0,2.5271484850795742,0.09252196723718376,HD 46588 A,1.375,1.18,8,8
HD 46588 A_0,2.5376317250816474,0.10256552225088963,HD 46588 A,1.375,1.18,8,8
HD 46588 A_0,2.532657066304549,0.10072699581844574,HD 46588 A,1.375,1.18,8,8
HD 46588 A_0,2.5284718053384223,0.1026088085460984,HD 46588 A,1.375,1.18,8,8
HD 46588 A_0,2.5237870559648776,0.09180547267139098,HD 46588 A,1.375,1.18,8,8
HD 46588 A_0,2.5335118844379774,0.09311507836165049,HD 46588 A,1.375,1.18,8,8
HD 46588 A_0,2.5158230158058936,0.08283142314507472,HD 46588 A,1.375,1.18,8,8
HD 46588 A_0,2.5420125109374596,0.10359897700937343,HD 46588 A,1.375,1.18,8,8
HD 46588 A_0,2.5364149029081604,0.09304215394804646,HD 46588 A,1.375,1.18,8,8
HD 46588 A_0,2.536928252035002,0.10820577674536888,HD 46588 A,1.375,1.18,8,8
HD 46588 A_0,2.5218115713248763,0.10392075173915655,HD 46588 A,1.375,1.18,8,8
HD 46588 A_0,2.5299931641579465,0.09275030042818609,HD 46588 A,1.375,1.18,8,8
HD 46588 A_0,2.5327969823866328,0.09270819826781249,HD 46588 A,1.375,1.18,8,8
HD 46588 A_0,2.528901566690044,0.10864914065252007,HD 46588 A,1.375,1.18,8,8
HD 46588 A_0,2.527720536145247,0.10753688558841623,HD 46588 A,1.375,1.18,8,8
HD 46588 A_0,2.533532973788037,0.09598713905607628,HD 46588 A,1.375,1.18,8,8
HD 46588 A_0,2.533561616816307,0.09701240713291857,HD 46588 A,1.375,1.18,8,8
HD 46588 A_0,2.534630634134047,0.10907905176848127,HD 46588 A,1.375,1.18,8,8
HD 46588 A_0,2.520474649180464,0.09978693425407786,HD 46588 A,1.375,1.18,8,8
HD 46588 A_0,2.533482366697133,0.10213652912111866,HD 46588 A,1.375,1.18,8,8
HD 46588 A_0,2.538713531255939,0.10307909988070639,HD 46588 A,1.375,1.18,8,8
HD 46588 A_0,2.5311964573122503,0.1028140526259439,HD 46588 A,1.375,1.18,8,8
HD 46588 A_0,2.5410578022130585,0.08437776009606619,HD 46588 A,1.375,1.18,8,8
HD 46588 A_0,2.536874121655881,0.10071493781007143,HD 46588 A,1.375,1.18,8,8
HD 46588 A_0,2.5240568288271117,0.10525917537613742,HD 46588 A,1.375,1.18,8,8
HD 46588 A_0,2.5267189048163954,0.09022465898722531,HD 46588 A,1.375,1.18,8,8
HD 46588 A_0,2.5286483422639923,0.10350673569661593,HD 46588 A,1.375,1.18,8,8
HD 46588 A_0,2.522797683799025,0.10252694070619871,HD 46588 A,1.375,1.18,8,8
HD 46588 A_0,2.538684949716444,0.09787315831798218,HD 46588 A,1.375,1.18,8,8
HD 46588 A_0,2.530132810185,0.08654080750966855,HD 46588 A,1.375,1.18,8,8
HD 46588 A_0,2.518645883155853,0.09359683553735651,HD 46588 A,1.375,1.18,8,8
HD 46588 A_0,2.5317377785949473,0.10093210949360286,HD 46588 A,1.375,1.18,8,8
HD 46588 A_0,2.5288191226441015,0.08733183957979712,HD 46588 A,1.375,1.18,8,8
HD 46588 A_0,2.5285410059462547,0.09999428779009734,HD 46588 A,1.375,1.18,8,8
HD 46588 A_0,2.531170641926166,0.09792087919885874,HD 46588 A,1.375,1.18,8,8
HD 46588 A_0,2.5415032751992506,0.0930936878722081,HD 46588 A,1.375,1.18,8,8
HD 46588 A_0,2.538695735416315,0.09750751155777744,HD 46588 A,1.375,1.18,8,8
HD 46588 A_0,2.5241699483731135,0.09008031580282254,HD 46588 A,1.375,1.18,8,8
HD 46588 A_0,2.537436892521021,0.10026731921019841,HD 46588 A,1.375,1.18,8,8
HD 46588 A_0,2.526196936061845,0.10531418120568081,HD 46588 A,1.375,1.18,8,8
HD 46588 A_0,2.5315797305581835,0.10557789309811069,HD 46588 A,1.375,1.18,8,8
HD 46588 A_0,2.528990823497361,0.09249314410280529,HD 46588 A,1.375,1.18,8,8
HD 46588 A_0,2.544467258395855,0.10708939385881239,HD 46588 A,1.375,1.18,8,8
HD 46588 A_0,2.5418794640065387,0.09917709961716252,HD 46588 A,1.375,1.18,8,8
HD 46588 A_0,2.526480998351964,0.10061687988152544,HD 46588 A,1.375,1.18,8,8
HD 46588 A_0,2.526013818648471,0.09265566314625572,HD 46588 A,1.375,1.18,8,8
HD 46588 A_0,2.5485026550766774,0.09882647604153427,HD 46588 A,1.375,1.18,8,8
HD 46588 A_0,2.5333370317132604,0.09623196897612081,HD 46588 A,1.375,1.18,8,8
HD 46588 A_0,2.534631220575932,0.10141377350926048,HD 46588 A,1.375,1.18,8,8
HD 46588 A_0,2.537803897968115,0.09350718899586496,HD 46588 A,1.375,1.18,8,8
HD 46588 A_0,2.538319446707629,0.09824929716283293,HD 46588 A,1.375,1.18,8,8
HD 46588 A_0,2.543880396178011,0.09608587295978727,HD 46588 A,1.375,1.18,8,8
HD 46588 A_0,2.5209465046724433,0.09125214120915644,HD 46588 A,1.375,1.18,8,8
HD 46588 A_0,2.527156549942536,0.09091111475471764,HD 46588 A,1.375,1.18,8,8
HD 46588 A_0,2.5348822257891976,0.09365342756930554,HD 46588 A,1.375,1.18,8,8
HD 46588 A_0,2.5416552072195664,0.08629250561915654,HD 46588 A,1.375,1.18,8,8
HD 46588 A_0,2.530210096759105,0.09324676041672086,HD 46588 A,1.375,1.18,8,8
HD 46588 A_0,2.5252139414878476,0.09591927032408543,HD 46588 A,1.375,1.18,8,8
HD 46588 A_0,2.548697319407085,0.09376379258357088,HD 46588 A,1.375,1.18,8,8
HD 46588 A_0,2.5368451962628384,0.10671825246896263,HD 46588 A,1.375,1.18,8,8
HD 46588 A_0,2.519931029437608,0.09394414018350619,HD 46588 A,1.375,1.18,8,8
HD 46588 A_0,2.5290339303453777,0.11239779008947193,HD 46588 A,1.375,1.18,8,8
HD 46588 A_0,2.5229133678323516,0.10183504815872146,HD 46588 A,1.375,1.18,8,8
HD 46588 A_0,2.5405704749545164,0.09881219151827297,HD 46588 A,1.375,1.18,8,8
HD 46588 A_0,2.534308803928539,0.11191867924595063,HD 46588 A,1.375,1.18,8,8
HD 46588 A_0,2.5336554708818517,0.0893770359940244,HD 46588 A,1.375,1.18,8,8
HD 46588 A_0,2.5421245178520384,0.10882846484297982,HD 46588 A,1.375,1.18,8,8
HD 46588 A_0,2.5385993377908354,0.09290314419278022,HD 46588 A,1.375,1.18,8,8
HD 46588 A_0,2.5320551748475415,0.09567692108060924,HD 46588 A,1.375,1.18,8,8
HD 46588 A_0,2.537072156984178,0.09865633368870098,HD 46588 A,1.375,1.18,8,8
HD 46588 A_0,2.5392605295143356,0.10217808367171087,HD 46588 A,1.375,1.18,8,8
HD 46588 A_0,2.520156352330718,0.09944347237530783,HD 46588 A,1.375,1.18,8,8
HD 46588 A_0,2.5345699754541036,0.0992327270688771,HD 46588 A,1.375,1.18,8,8
HD 46588 A_0,2.5305877110989687,0.09904307274015896,HD 46588 A,1.375,1.18,8,8
HD 46588 A_0,2.535707968416983,0.10905405217181331,HD 46588 A,1.375,1.18,8,8
HD 46588 A_0,2.529316375296436,0.10179532042346295,HD 46588 A,1.375,1.18,8,8
HD 46588 A_0,2.539453685246295,0.10442194347309214,HD 46588 A,1.375,1.18,8,8
HD 46588 A_0,2.5307952623570835,0.10575100484185372,HD 46588 A,1.375,1.18,8,8
HD 46588 A_0,2.5366892437130826,0.11041728342404386,HD 46588 A,1.375,1.18,8,8
HD 46588 A_0,2.533745744768193,0.10473040374738998,HD 46588 A,1.375,1.18,8,8
HD 46588 A_0,2.5321147804444766,0.09824868585184465,HD 46588 A,1.375,1.18,8,8
HD 46588 A_0,2.546693721976234,0.09919744836455079,HD 46588 A,1.375,1.18,8,8
HD 46588 A_0,2.5419132028573705,0.09238918831356208,HD 46588 A,1.375,1.18,8,8
HD 46588 A_0,2.5275315902257884,0.1075592573314864,HD 46588 A,1.375,1.18,8,8
HD 46588 A_0,2.550852848797913,0.10250205444483819,HD 46588 A,1.375,1.18,8,8
HD 46588 A_0,2.5299550652079352,0.09928304335852191,HD 46588 A,1.375,1.18,8,8
HD 46588 A_0,2.534779662715557,0.09632125168924349,HD 46588 A,1.375,1.18,8,8
HD 46588 A_0,2.5262705775058065,0.10644625139252126,HD 46588 A,1.375,1.18,8,8
HD 46588 A_0,2.529482648661844,0.09867598095247287,HD 46588 A,1.375,1.18,8,8
HD 46588 A_0,2.525084008676516,0.09814518225826523,HD 46588 A,1.375,1.18,8,8
HD 46588 A_0,2.532823814684716,0.09084189473801668,HD 46588 A,1.375,1.18,8,8
HD 46588 A_0,2.535279855360264,0.09795183825514765,HD 46588 A,1.375,1.18,8,8
HD 46588 A_0,2.5243319733030822,0.09726616543319588,HD 46588 A,1.375,1.18,8,8
HD 46588 A_0,2.5318748313497936,0.09428691418288758,HD 46588 A,1.375,1.18,8,8
HD 46588 A_0,2.531860829739902,0.09215477926887676,HD 46588 A,1.375,1.18,8,8
HD 46588 A_0,2.527821909981002,0.08052883467890445,HD 46588 A,1.375,1.18,8,8
HD 46588 A_0,2.534702092729503,0.08616471721349157,HD 46588 A,1.375,1.18,8,8
HD 46588 A_0,2.528287018798289,0.09988309210730632,HD 46588 A,1.375,1.18,8,8
HD 46588 A_0,2.542163777953318,0.10029618891166342,HD 46588 A,1.375,1.18,8,8
HD 46588 A_0,2.524992151600718,0.08641654348081197,HD 46588 A,1.375,1.18,8,8
HD 46588 A_0,2.540311481999171,0.09759365012004576,HD 46588 A,1.375,1.18,8,8
HD 46588 A_0,2.530531982690106,0.09938445103976673,HD 46588 A,1.375,1.18,8,8
HD 46588 A_0,2.534436685953252,0.09940674676739526,HD 46588 A,1.375,1.18,8,8
HD 46588 A_0,2.5359921365441185,0.10384501672588889,HD 46588 A,1.375,1.18,8,8
HD 46588 A_0,2.5280997948333384,0.10282593859565682,HD 46588 A,1.375,1.18,8,8
HD 46588 A_0,2.525547870454569,0.11389112541355073,HD 46588 A,1.375,1.18,8,8
HD 46588 A_0,2.5421635600772476,0.10128659070305412,HD 46588 A,1.375,1.18,8,8
HD 46588 A_0,2.534915832795283,0.09596159674207884,HD 46588 A,1.375,1.18,8,8
HD 46588 A_0,2.5304218865771304,0.0998116861702707,HD 46588 A,1.375,1.18,8,8
HD 46588 A_0,2.530274992210121,0.09991589162502848,HD 46588 A,1.375,1.18,8,8
HD 46588 A_0,2.531838906761531,0.08914927825673807,HD 46588 A,1.375,1.18,8,8
HD 46588 A_0,2.527323228253387,0.09813645491327275,HD 46588 A,1.375,1.18,8,8
HD 46588 A_0,2.5249545509115183,0.09409867478145506,HD 46588 A,1.375,1.18,8,8
HD 46588 A_0,2.5275918776303516,0.09752882718884541,HD 46588 A,1.375,1.18,8,8
HD 46588 A_0,2.5397785052962893,0.09276243141454892,HD 46588 A,1.375,1.18,8,8
HD 46588 A_0,2.533407377274085,0.09399964703295041,HD 46588 A,1.375,1.18,8,8
HD 46588 A_0,2.5257091804484686,0.09867540509912075,HD 46588 A,1.375,1.18,8,8
HD 46588 A_0,2.533470674334164,0.09870298891798435,HD 46588 A,1.375,1.18,8,8
HD 46588 A_0,2.5281941725964567,0.09560482888714568,HD 46588 A,1.375,1.18,8,8
HD 46588 A_0,2.532078516033053,0.10329277391527757,HD 46588 A,1.375,1.18,8,8
HD 46588 A_0,2.535657884730771,0.1085083771287762,HD 46588 A,1.375,1.18,8,8
HD 46588 A_0,2.5262100937395218,0.1094773536429765,HD 46588 A,1.375,1.18,8,8
HD 46588 A_0,2.525310583319462,0.11133422737306259,HD 46588 A,1.375,1.18,8,8
HD 46588 A_0,2.5269785162205385,0.0956269677543893,HD 46588 A,1.375,1.18,8,8
HD 46588 A_0,2.5401392509561616,0.09873893082149772,HD 46588 A,1.375,1.18,8,8
HD 46588 A_0,2.543331221581287,0.09894027507312039,HD 46588 A,1.375,1.18,8,8
HD 46588 A_0,2.532634191160198,0.10458341511346397,HD 46588 A,1.375,1.18,8,8
HD 46588 A_0,2.5306782712840934,0.09724605902168523,HD 46588 A,1.375,1.18,8,8
HD 46588 A_0,2.5322503784611143,0.0922605940478587,HD 46588 A,1.375,1.18,8,8
HD 46588 A_0,2.521184436049335,0.10519317186939449,HD 46588 A,1.375,1.18,8,8
HD 46588 A_0,2.5284428011773357,0.09798366183875915,HD 46588 A,1.375,1.18,8,8
HD 46588 A_0,2.5367165643282137,0.10324614576301895,HD 46588 A,1.375,1.18,8,8
HD 46588 A_0,2.535079067172095,0.10182764354406845,HD 46588 A,1.375,1.18,8,8
HD 46588 A_0,2.535418200181276,0.10376741717122426,HD 46588 A,1.375,1.18,8,8
HD 46588 A_0,2.536308333006091,0.10291082198479623,HD 46588 A,1.375,1.18,8,8
HD 46588 A_0,2.536790794477901,0.10428089028515282,HD 46588 A,1.375,1.18,8,8
HD 46588 A_0,2.5384941201698066,0.09892607596836121,HD 46588 A,1.375,1.18,8,8
HD 46588 A_0,2.539265976781611,0.10610145720137953,HD 46588 A,1.375,1.18,8,8
HD 46588 A_0,2.5317475664412794,0.09726516320844288,HD 46588 A,1.375,1.18,8,8
HD 46588 A_0,2.529234216487361,0.10739100994511595,HD 46588 A,1.375,1.18,8,8
HD 46588 A_0,2.534086562541358,0.10367889518289396,HD 46588 A,1.375,1.18,8,8
HD 46588 A_0,2.539159194434453,0.10038355041127871,HD 46588 A,1.375,1.18,8,8
HD 46588 A_0,2.53409485258171,0.0899470065682032,HD 46588 A,1.375,1.18,8,8
HD 46588 A_0,2.527957634862308,0.09862809444269924,HD 46588 A,1.375,1.18,8,8
HD 46588 A_0,2.5260135083430146,0.09871990604674966,HD 46588 A,1.375,1.18,8,8
HD 46588 A_0,2.5283705804181724,0.109135061587625,HD 46588 A,1.375,1.18,8,8
HD 46588 A_0,2.5435588272641785,0.10448535844925437,HD 46588 A,1.375,1.18,8,8
HD 46588 A_0,2.540792358227532,0.09795264885936415,HD 46588 A,1.375,1.18,8,8
HD 46588 A_0,2.535764837737528,0.10588193789536304,HD 46588 A,1.375,1.18,8,8
HD 46588 A_0,2.5316735229597542,0.10854667274264211,HD 46588 A,1.375,1.18,8,8
HD 46588 A_0,2.5346722776261887,0.08693954980315671,HD 46588 A,1.375,1.18,8,8
HD 46588 A_0,2.5433455903689266,0.10145892529898666,HD 46588 A,1.375,1.18,8,8
HD 46588 A_0,2.5284494573780365,0.09578936131181845,HD 46588 A,1.375,1.18,8,8
HD 46588 A_0,2.5362217615075235,0.09755384393621915,HD 46588 A,1.375,1.18,8,8
HD 46588 A_0,2.537034001631613,0.0905727860764889,HD 46588 A,1.375,1.18,8,8
HD 46588 A_0,2.5254039929856322,0.09856114516121091,HD 46588 A,1.375,1.18,8,8
HD 46588 A_0,2.527471643556543,0.09132983929140513,HD 46588 A,1.375,1.18,8,8
HD 46588 A_0,2.53043827852013,0.08181939868230838,HD 46588 A,1.375,1.18,8,8
HD 46588 A_0,2.5278865585652377,0.09853817379998445,HD 46588 A,1.375,1.18,8,8
HD 46588 A_0,2.5417454664417165,0.08586027280110661,HD 46588 A,1.375,1.18,8,8
HD 46588 A_0,2.5238353573611656,0.1033049401089851,HD 46588 A,1.375,1.18,8,8
HD 46588 A_0,2.528051257023931,0.09776805515896297,HD 46588 A,1.375,1.18,8,8
HD 46588 A_0,2.530906203510704,0.09832797380817236,HD 46588 A,1.375,1.18,8,8
HD 46588 A_0,2.5359710993846876,0.1069355225948053,HD 46588 A,1.375,1.18,8,8
HD 46588 A_0,2.524127246187239,0.09335639856116099,HD 46588 A,1.375,1.18,8,8
HD 46588 A_0,2.5288149037589243,0.1105974791251662,HD 46588 A,1.375,1.18,8,8
HD 46588 A_0,2.5256622774564,0.09552434578970169,HD 46588 A,1.375,1.18,8,8
HD 46588 A_0,2.5269287610442785,0.09870028591658858,HD 46588 A,1.375,1.18,8,8
HD 46588 A_0,2.545352569042579,0.10452869517162872,HD 46588 A,1.375,1.18,8,8
HD 46588 A_0,2.5457643315503073,0.0981862483021756,HD 46588 A,1.375,1.18,8,8
HD 46588 A_0,2.5248664521135074,0.10256290656228953,HD 46588 A,1.375,1.18,8,8
HD 46588 A_0,2.5364228276473146,0.09960157156080071,HD 46588 A,1.375,1.18,8,8
HD 46588 A_0,2.528637148135736,0.09972689520054542,HD 46588 A,1.375,1.18,8,8
HD 46588 A_0,2.5382748105623705,0.09521931488899577,HD 46588 A,1.375,1.18,8,8
HD 46588 A_0,2.5276940122080553,0.09294678741592427,HD 46588 A,1.375,1.18,8,8
HD 46588 A_0,2.529992370338872,0.09577998297393134,HD 46588 A,1.375,1.18,8,8
HD 46588 A_0,2.541595260064239,0.10652546172931414,HD 46588 A,1.375,1.18,8,8
HD 46588 A_0,2.536395622479489,0.09766984528117607,HD 46588 A,1.375,1.18,8,8
HD 46588 A_0,2.544945183623118,0.1019590887944329,HD 46588 A,1.375,1.18,8,8
HD 46588 A_0,2.53251805261465,0.10349361516967132,HD 46588 A,1.375,1.18,8,8
HD 46588 A_0,2.533423646038175,0.09327212006386423,HD 46588 A,1.375,1.18,8,8
HD 46588 A_0,2.5242545001266086,0.09966915276760199,HD 46588 A,1.375,1.18,8,8
HD 46588 A_0,2.5351816033804466,0.0901560026144056,HD 46588 A,1.375,1.18,8,8
HD 46588 A_0,2.5373637114972043,0.08733962598533039,HD 46588 A,1.375,1.18,8,8
HD 46588 A_0,2.531457518693372,0.09352346254167244,HD 46588 A,1.375,1.18,8,8
HD 46588 A_0,2.5254959823452054,0.09501680441511563,HD 46588 A,1.375,1.18,8,8
HD 46588 A_0,2.5406716243384166,0.09160823571764432,HD 46588 A,1.375,1.18,8,8
HD 46588 A_0,2.5353766170322545,0.08613708771220524,HD 46588 A,1.375,1.18,8,8
HD 46588 A_0,2.5269539286829974,0.09091263746925886,HD 46588 A,1.375,1.18,8,8
HD 46588 A_0,2.531420674307447,0.09930840099407787,HD 46588 A,1.375,1.18,8,8
HD 46588 A_0,2.536292821588231,0.09091449645906695,HD 46588 A,1.375,1.18,8,8
HD 46588 A_0,2.532838302162522,0.1034042007129842,HD 46588 A,1.375,1.18,8,8
HD 46588 A_0,2.535247340047668,0.10831936147367104,HD 46588 A,1.375,1.18,8,8
HD 46588 A_0,2.530187166351523,0.09306988855404104,HD 46588 A,1.375,1.18,8,8
HD 46588 A_0,2.5299105993444995,0.10109247841796895,HD 46588 A,1.375,1.18,8,8
HD 46588 A_0,2.5350458951171135,0.10980282531079012,HD 46588 A,1.375,1.18,8,8
HD 46588 A_0,2.531035219219133,0.08604639682607299,HD 46588 A,1.375,1.18,8,8
HD 46588 A_0,2.526269121224656,0.09656337434692014,HD 46588 A,1.375,1.18,8,8
HD 46588 A_0,2.528415518320821,0.11082206338417414,HD 46588 A,1.375,1.18,8,8
HD 46588 A_0,2.52329508515467,0.09406680003475121,HD 46588 A,1.375,1.18,8,8
HD 46588 A_0,2.530552858949532,0.09429034736616244,HD 46588 A,1.375,1.18,8,8
HD 46588 A_0,2.524894191055195,0.09873608267168647,HD 46588 A,1.375,1.18,8,8
HD 46588 A_0,2.5386011828161164,0.09779490249678856,HD 46588 A,1.375,1.18,8,8
HD 46588 A_0,2.5347408046316398,0.09317253429198527,HD 46588 A,1.375,1.18,8,8
HD 46588 A_0,2.53184905130467,0.1045189263518173,HD 46588 A,1.375,1.18,8,8
HD 46588 A_0,2.5395794263848765,0.10035124815910033,HD 46588 A,1.375,1.18,8,8
HD 46588 A_0,2.5276359561619084,0.07464498460892555,HD 46588 A,1.375,1.18,8,8
HD 46588 A_0,2.534370708225628,0.09051169399400993,HD 46588 A,1.375,1.18,8,8
HD 46588 A_0,2.546575539057626,0.10001070803755452,HD 46588 A,1.375,1.18,8,8
HD 46588 A_0,2.5386284049613783,0.08202770244621807,HD 46588 A,1.375,1.18,8,8
HD 46588 A_0,2.527259602143471,0.09432306707051673,HD 46588 A,1.375,1.18,8,8
HD 46588 A_0,2.531877598376041,0.09737223397017704,HD 46588 A,1.375,1.18,8,8
HD 46588 A_0,2.5218114757588097,0.09753965704723935,HD 46588 A,1.375,1.18,8,8
HD 46588 A_0,2.530792511518285,0.09296820549041575,HD 46588 A,1.375,1.18,8,8
HD 46588 A_0,2.533349198325899,0.099767277365545,HD 46588 A,1.375,1.18,8,8
HD 46588 A_0,2.5356551945178767,0.08992969532546778,HD 46588 A,1.375,1.18,8,8
HD 46588 A_0,2.5211790387521824,0.10154822253861903,HD 46588 A,1.375,1.18,8,8
HD 46588 A_0,2.532893307062286,0.09349030478143212,HD 46588 A,1.375,1.18,8,8
HD 46588 A_0,2.533974259622778,0.11083694895302318,HD 46588 A,1.375,1.18,8,8
HD 46588 A_0,2.5399815538157386,0.09842720120731777,HD 46588 A,1.375,1.18,8,8
HD 46588 A_0,2.534906568822827,0.0961432415877218,HD 46588 A,1.375,1.18,8,8
HD 46588 A_0,2.528053258652109,0.10105486631985902,HD 46588 A,1.375,1.18,8,8
HD 46588 A_0,2.545585856939165,0.09504426178902833,HD 46588 A,1.375,1.18,8,8
HD 46588 A_0,2.5408203639271907,0.09468914134931095,HD 46588 A,1.375,1.18,8,8
HD 46588 A_0,2.5359491898123068,0.09387075269499079,HD 46588 A,1.375,1.18,8,8
HD 46588 A_0,2.529140867021872,0.09340628823151535,HD 46588 A,1.375,1.18,8,8
HD 46588 A_0,2.5257692498695734,0.12054810897879814,HD 46588 A,1.375,1.18,8,8
HD 46588 A_0,2.524073643419602,0.0934708962219029,HD 46588 A,1.375,1.18,8,8
HD 46588 A_0,2.5434506535678083,0.10611824196697103,HD 46588 A,1.375,1.18,8,8
HD 46588 A_0,2.527562280445328,0.09948672193977144,HD 46588 A,1.375,1.18,8,8
HD 46588 A_0,2.5309221983034793,0.09890468533881373,HD 46588 A,1.375,1.18,8,8
HD 46588 A_0,2.528570284543216,0.10824015936166227,HD 46588 A,1.375,1.18,8,8
HD 46588 A_0,2.5435379494423818,0.09199975219385845,HD 46588 A,1.375,1.18,8,8
HD 46588 A_0,2.5316288537663083,0.09634685238381673,HD 46588 A,1.375,1.18,8,8
HD 46588 A_0,2.5205108012308064,0.1022606245302807,HD 46588 A,1.375,1.18,8,8
HD 46588 A_0,2.534955954636448,0.10350857168467434,HD 46588 A,1.375,1.18,8,8
HD 46588 A_0,2.5342235862635936,0.0889292645292352,HD 46588 A,1.375,1.18,8,8
HD 46588 A_0,2.54162549706734,0.08990308799697141,HD 46588 A,1.375,1.18,8,8
HD 46588 A_0,2.5319774013262717,0.10009484663152783,HD 46588 A,1.375,1.18,8,8
HD 46588 A_0,2.534360934083247,0.09758347680277368,HD 46588 A,1.375,1.18,8,8
HD 46588 A_0,2.5342230933272005,0.08152518401870723,HD 46588 A,1.375,1.18,8,8
HD 46588 A_0,2.5441228512967,0.10088307799628586,HD 46588 A,1.375,1.18,8,8
HD 46588 A_0,2.5404136200486036,0.09078315190205714,HD 46588 A,1.375,1.18,8,8
HD 46588 A_0,2.5340010558492474,0.08878078633824743,HD 46588 A,1.375,1.18,8,8
HD 46588 A_0,2.529511401413085,0.10960014624238613,HD 46588 A,1.375,1.18,8,8
HD 46588 A_0,2.516944806332524,0.095368510878179,HD 46588 A,1.375,1.18,8,8
HD 46588 A_0,2.531120874006754,0.09270710468923103,HD 46588 A,1.375,1.18,8,8
HD 46588 A_0,2.5273935161894445,0.09426687075580363,HD 46588 A,1.375,1.18,8,8
HD 46588 A_0,2.5243059619025443,0.09740593426212306,HD 46588 A,1.375,1.18,8,8
HD 46588 A_0,2.536371767211731,0.08961483745329345,HD 46588 A,1.375,1.18,8,8
HD 46588 A_0,2.530371971448185,0.09534819372016812,HD 46588 A,1.375,1.18,8,8
HD 46588 A_0,2.5312903136587157,0.09016366278636508,HD 46588 A,1.375,1.18,8,8
HD 46588 A_0,2.5390747992546445,0.09855141818656082,HD 46588 A,1.375,1.18,8,8
HD 46588 A_0,2.537552421088837,0.09501439089749183,HD 46588 A,1.375,1.18,8,8
HD 46588 A_0,2.535307145009402,0.10090603611275017,HD 46588 A,1.375,1.18,8,8
HD 46588 A_0,2.533299935363604,0.09626281791567029,HD 46588 A,1.375,1.18,8,8
HD 46588 A_0,2.5276849310545044,0.09335375523627096,HD 46588 A,1.375,1.18,8,8
HD 46588 A_0,2.53595086478593,0.10559287297416792,HD 46588 A,1.375,1.18,8,8
HD 46588 A_0,2.5365159713954726,0.09715381485148852,HD 46588 A,1.375,1.18,8,8
HD 46588 A_0,2.5411158041345048,0.09036651183474544,HD 46588 A,1.375,1.18,8,8
HD 46588 A_0,2.540243528233168,0.09362370001640255,HD 46588 A,1.375,1.18,8,8
HD 46588 A_0,2.5284406013382927,0.10221962011821868,HD 46588 A,1.375,1.18,8,8
HD 46588 A_0,2.5246671764524984,0.09952405517857091,HD 46588 A,1.375,1.18,8,8
HD 46588 A_0,2.5352319921211124,0.09941471109598775,HD 46588 A,1.375,1.18,8,8
HD 46588 A_0,2.545171054904773,0.0916126138027586,HD 46588 A,1.375,1.18,8,8
HD 46588 A_0,2.5418232744535967,0.09759676697329693,HD 46588 A,1.375,1.18,8,8
HD 46588 A_0,2.525243491940112,0.09424416749825855,HD 46588 A,1.375,1.18,8,8
HD 46588 A_0,2.5254198773326797,0.10458364639459995,HD 46588 A,1.375,1.18,8,8
HD 46588 A_0,2.537713149262951,0.09937145505410717,HD 46588 A,1.375,1.18,8,8
HD 46588 A_0,2.5330709829289315,0.09617626156254948,HD 46588 A,1.375,1.18,8,8
HD 46588 A_0,2.5384648333508286,0.10209523662464781,HD 46588 A,1.375,1.18,8,8
HD 46588 A_0,2.5205859813513083,0.08560260399264058,HD 46588 A,1.375,1.18,8,8
HD 46588 A_0,2.52920422508702,0.09735003658122485,HD 46588 A,1.375,1.18,8,8
HD 46588 A_0,2.538513887385255,0.0977560735923713,HD 46588 A,1.375,1.18,8,8
HD 46588 A_0,2.5356629362072503,0.09567711656599984,HD 46588 A,1.375,1.18,8,8
HD 46588 A_0,2.5367562955023706,0.1004455187681762,HD 46588 A,1.375,1.18,8,8
HD 46588 A_0,2.5281079100509327,0.09837019337337172,HD 46588 A,1.375,1.18,8,8
HD 46588 A_0,2.5323007393692967,0.0993469844112886,HD 46588 A,1.375,1.18,8,8
HD 46588 A_0,2.5333997364835033,0.08833436581705219,HD 46588 A,1.375,1.18,8,8
HD 46588 A_0,2.534610226556484,0.10485793950435077,HD 46588 A,1.375,1.18,8,8
HD 46588 A_0,2.537958355960171,0.10734862274862352,HD 46588 A,1.375,1.18,8,8
HD 46588 A_0,2.533735407100419,0.10461176708761592,HD 46588 A,1.375,1.18,8,8
HD 46588 A_0,2.525654152001961,0.09403611820363182,HD 46588 A,1.375,1.18,8,8
HD 46588 A_0,2.5310921317950097,0.09874952227392964,HD 46588 A,1.375,1.18,8,8
HD 46588 A_0,2.537295686193307,0.1088104905724769,HD 46588 A,1.375,1.18,8,8
HD 46588 A_0,2.54255038954155,0.08045191502697878,HD 46588 A,1.375,1.18,8,8
HD 46588 A_0,2.5333788173242677,0.10024760592773879,HD 46588 A,1.375,1.18,8,8
HD 46588 A_0,2.5457474360945227,0.10297984597066617,HD 46588 A,1.375,1.18,8,8
HD 46588 A_0,2.527066004154699,0.1020202968271281,HD 46588 A,1.375,1.18,8,8
HD 46588 A_0,2.528325603356973,0.1071834765752447,HD 46588 A,1.375,1.18,8,8
HD 46588 A_0,2.532304298405777,0.09656625615470416,HD 46588 A,1.375,1.18,8,8
HD 46588 A_0,2.533722739731219,0.09696043486286579,HD 46588 A,1.375,1.18,8,8
HD 46588 A_0,2.5374003724640906,0.10398221501779131,HD 46588 A,1.375,1.18,8,8
HD 46588 A_0,2.523185585771741,0.09520199164406189,HD 46588 A,1.375,1.18,8,8
HD 46588 A_0,2.5253913193320474,0.10958144273299213,HD 46588 A,1.375,1.18,8,8
HD 46588 A_0,2.529329239075256,0.11204662763102279,HD 46588 A,1.375,1.18,8,8
HD 46588 A_0,2.5369059030826224,0.09943947809636705,HD 46588 A,1.375,1.18,8,8
HD 46588 A_0,2.540403227809741,0.09460721370411067,HD 46588 A,1.375,1.18,8,8
HD 46588 A_0,2.5288849000668505,0.11329434029661987,HD 46588 A,1.375,1.18,8,8
HD 46588 A_0,2.535117697534746,0.08350702125074586,HD 46588 A,1.375,1.18,8,8
HD 46588 A_0,2.5359177980275454,0.09006333951701377,HD 46588 A,1.375,1.18,8,8
HD 46588 A_0,2.5310427274606,0.09567842593451333,HD 46588 A,1.375,1.18,8,8
HD 46588 A_0,2.5348480485877487,0.08703519173362886,HD 46588 A,1.375,1.18,8,8
HD 46588 A_0,2.5476869785010936,0.08780726161788642,HD 46588 A,1.375,1.18,8,8
HD 46588 A_0,2.528718873476603,0.10352033829063564,HD 46588 A,1.375,1.18,8,8
HD 46588 A_0,2.5200939650070384,0.09747025581991532,HD 46588 A,1.375,1.18,8,8
HD 46588 A_0,2.52670671042412,0.0935381315924396,HD 46588 A,1.375,1.18,8,8
HD 46588 A_0,2.5215971214187682,0.09018827107399964,HD 46588 A,1.375,1.18,8,8
HD 46588 A_0,2.534388698976564,0.10325759755581615,HD 46588 A,1.375,1.18,8,8
HD 46588 A_0,2.5411138594040525,0.09985652644211622,HD 46588 A,1.375,1.18,8,8
HD 46588 A_0,2.5263635498567893,0.09246463008032223,HD 46588 A,1.375,1.18,8,8
HD 46588 A_0,2.5256426893032975,0.09373265960221998,HD 46588 A,1.375,1.18,8,8
HD 46588 A_0,2.537108409308752,0.10410872606252335,HD 46588 A,1.375,1.18,8,8
HD 46588 A_0,2.523362372466856,0.10018109026313132,HD 46588 A,1.375,1.18,8,8
HD 46588 A_0,2.53787192627397,0.09382610431660833,HD 46588 A,1.375,1.18,8,8
HD 46588 A_0,2.5375264619478064,0.11679931673875815,HD 46588 A,1.375,1.18,8,8
HD 46588 A_0,2.5379533519287647,0.11099588323849247,HD 46588 A,1.375,1.18,8,8
HD 46588 A_0,2.5351499418972696,0.10711660132348656,HD 46588 A,1.375,1.18,8,8
HD 46588 A_0,2.521346502129268,0.09684426853122943,HD 46588 A,1.375,1.18,8,8
HD 46588 A_0,2.5210836801910332,0.10340159426085571,HD 46588 A,1.375,1.18,8,8
HD 46588 A_0,2.5362233824003377,0.10399614293570973,HD 46588 A,1.375,1.18,8,8
HD 46588 A_0,2.5258341686710972,0.11365781917155593,HD 46588 A,1.375,1.18,8,8
HD 46588 A_0,2.528939420377832,0.09549322336812753,HD 46588 A,1.375,1.18,8,8
HD 46588 A_0,2.5372130378490625,0.1033165937280314,HD 46588 A,1.375,1.18,8,8
HD 46588 A_0,2.5347044591858072,0.09065862838433712,HD 46588 A,1.375,1.18,8,8
HD 46588 A_0,2.5383787778994282,0.09036103696182032,HD 46588 A,1.375,1.18,8,8
HD 46588 A_0,2.531471160158949,0.09763730498938598,HD 46588 A,1.375,1.18,8,8
HD 46588 A_0,2.5277105866186202,0.09604699700460848,HD 46588 A,1.375,1.18,8,8
HD 46588 A_0,2.5287926575104582,0.09254823880317785,HD 46588 A,1.375,1.18,8,8
HD 46588 A_0,2.5245585304572478,0.09745985346541788,HD 46588 A,1.375,1.18,8,8
HD 46588 A_0,2.5382087339489643,0.08417347751151473,HD 46588 A,1.375,1.18,8,8
HD 46588 A_0,2.536999629140691,0.09326141122626874,HD 46588 A,1.375,1.18,8,8
HD 46588 A_0,2.527435294120573,0.08812153336475181,HD 46588 A,1.375,1.18,8,8
HD 46588 A_0,2.5318405920336016,0.10674987625706885,HD 46588 A,1.375,1.18,8,8
HD 17051_0,1.8969914653920108,0.025974887144717344,HD 17051,0.8,1.14,8,5
HD 17051_0,1.915642025317605,0.15537946807551928,HD 17051,0.8,1.14,8,5
HD 17051_0,1.8808281613627478,0.01705060910992806,HD 17051,0.8,1.14,8,5
HD 17051_0,1.906037994269089,0.025693577180812163,HD 17051,0.8,1.14,8,5
HD 17051_0,1.9033341702143314,0.044082133104673224,HD 17051,0.8,1.14,8,5
HD 17051_0,1.8772457863014285,0.01874488264190441,HD 17051,0.8,1.14,8,5
HD 17051_0,1.9015500485623464,0.04040520688377121,HD 17051,0.8,1.14,8,5
HD 17051_0,1.911513702130373,0.062261146398716556,HD 17051,0.8,1.14,8,5
HD 17051_0,1.8779087926034395,0.03812629931498915,HD 17051,0.8,1.14,8,5
HD 17051_0,1.8874358289223956,0.0007283340420803572,HD 17051,0.8,1.14,8,5
HD 17051_0,1.9295511197228823,0.01081700707184069,HD 17051,0.8,1.14,8,5
HD 17051_0,1.8802891884743238,0.010582442301934447,HD 17051,0.8,1.14,8,5
HD 17051_0,1.8743811143467344,0.08642634153488168,HD 17051,0.8,1.14,8,5
HD 17051_0,1.8958491228687033,0.0027317319549589464,HD 17051,0.8,1.14,8,5
HD 17051_0,1.878469700025566,0.024051573792870647,HD 17051,0.8,1.14,8,5
HD 17051_0,1.9158781118034256,0.07619699592853336,HD 17051,0.8,1.14,8,5
HD 17051_0,1.8715821851308962,0.06586116911316153,HD 17051,0.8,1.14,8,5
HD 17051_0,1.882522967125648,0.021788130920962885,HD 17051,0.8,1.14,8,5
HD 17051_0,1.8878982767084769,0.06306903669320074,HD 17051,0.8,1.14,8,5
HD 17051_0,1.9026686505773092,0.0005974641695569195,HD 17051,0.8,1.14,8,5
HD 17051_0,1.8797821016540457,0.08485828628622001,HD 17051,0.8,1.14,8,5
HD 17051_0,1.902982692141798,0.05623302822817161,HD 17051,0.8,1.14,8,5
HD 17051_0,1.8875115628389851,0.02369514427288514,HD 17051,0.8,1.14,8,5
HD 17051_0,1.9004715246627484,0.009617547186123978,HD 17051,0.8,1.14,8,5
HD 17051_0,1.8808130179839708,0.050429650049854634,HD 17051,0.8,1.14,8,5
HD 17051_0,1.8958491177076249,0.004062640875254146,HD 17051,0.8,1.14,8,5
HD 17051_0,1.9080754130580653,0.01730262390402597,HD 17051,0.8,1.14,8,5
HD 17051_0,1.9108800122010279,0.05832802575600728,HD 17051,0.8,1.14,8,5
HD 17051_0,1.9050267374441996,0.051112222407614594,HD 17051,0.8,1.14,8,5
HD 17051_0,1.8837742190598197,0.07238144238998598,HD 17051,0.8,1.14,8,5
HD 17051_0,1.94988957089865,0.07017791764890985,HD 17051,0.8,1.14,8,5
HD 17051_0,1.9165160414818496,0.03280202968172788,HD 17051,0.8,1.14,8,5
HD 17051_0,1.9171782428122397,0.0516795593015194,HD 17051,0.8,1.14,8,5
HD 17051_0,1.8955000921702558,0.022911881021745597,HD 17051,0.8,1.14,8,5
HD 17051_0,1.882044242760566,0.015950801121242524,HD 17051,0.8,1.14,8,5
HD 17051_0,1.8910268032606397,0.07331361202742505,HD 17051,0.8,1.14,8,5
HD 17051_0,1.9261520867593187,0.013246811912743545,HD 17051,0.8,1.14,8,5
HD 17051_0,1.8895486022244934,0.06795478517421928,HD 17051,0.8,1.14,8,5
HD 17051_0,1.8997932934101756,0.041792773841792356,HD 17051,0.8,1.14,8,5
HD 17051_0,1.928018309846113,0.011706229039491325,HD 17051,0.8,1.14,8,5
HD 17051_0,1.9115138967142618,0.04466645547250518,HD 17051,0.8,1.14,8,5
HD 17051_0,1.8771841920645302,0.005808492896654813,HD 17051,0.8,1.14,8,5
HD 17051_0,1.9056227593374713,0.026374261456716088,HD 17051,0.8,1.14,8,5
HD 17051_0,1.8727984865939582,0.09105113288971908,HD 17051,0.8,1.14,8,5
HD 17051_0,1.901869288638578,0.05233162693808771,HD 17051,0.8,1.14,8,5
HD 17051_0,1.8867526811400408,0.03054849536350478,HD 17051,0.8,1.14,8,5
HD 17051_0,1.8920784193782603,0.0670984896225946,HD 17051,0.8,1.14,8,5
HD 17051_0,1.8801995018258326,0.011080249564943948,HD 17051,0.8,1.14,8,5
HD 17051_0,1.903005269003338,0.05457453925110394,HD 17051,0.8,1.14,8,5
HD 17051_0,1.8948979782074236,0.0007360100585419027,HD 17051,0.8,1.14,8,5
HD 17051_0,1.9130411081426066,0.010826523911144838,HD 17051,0.8,1.14,8,5
HD 17051_0,1.8921812987157187,0.03049624249134575,HD 17051,0.8,1.14,8,5
HD 17051_0,1.8649528773190653,0.0054161780571535395,HD 17051,0.8,1.14,8,5
HD 17051_0,1.905611804185596,0.006685277365339165,HD 17051,0.8,1.14,8,5
HD 17051_0,1.8799194062485363,0.009556972282176668,HD 17051,0.8,1.14,8,5
HD 17051_0,1.9137925994079834,0.0003223270647647464,HD 17051,0.8,1.14,8,5
HD 17051_0,1.9033759131264099,0.03532112793935532,HD 17051,0.8,1.14,8,5
HD 17051_0,1.8863932593353376,0.05615580981083703,HD 17051,0.8,1.14,8,5
HD 17051_0,1.9010736748959594,0.1075128021175222,HD 17051,0.8,1.14,8,5
HD 17051_0,1.8805740386638354,0.017260967141932572,HD 17051,0.8,1.14,8,5
HD 17051_0,1.904109781357661,0.03624877914405878,HD 17051,0.8,1.14,8,5
HD 17051_0,1.894435930596977,0.07454822242447845,HD 17051,0.8,1.14,8,5
HD 17051_0,1.92272272803625,0.013095792909437798,HD 17051,0.8,1.14,8,5
HD 17051_0,1.8986882616183074,0.025198987293304612,HD 17051,0.8,1.14,8,5
HD 17051_0,1.9144217803183488,0.10192547578862296,HD 17051,0.8,1.14,8,5
HD 17051_0,1.8679167212642747,0.04281908798043799,HD 17051,0.8,1.14,8,5
HD 17051_0,1.9159086957287836,0.08004862361076903,HD 17051,0.8,1.14,8,5
HD 17051_0,1.8998013701643024,0.0476141546762999,HD 17051,0.8,1.14,8,5
HD 17051_0,1.896873465452227,0.056632508837104314,HD 17051,0.8,1.14,8,5
HD 17051_0,1.8742551365170743,0.03573967759997175,HD 17051,0.8,1.14,8,5
HD 17051_0,1.9029732002399216,0.032285149942519506,HD 17051,0.8,1.14,8,5
HD 17051_0,1.8761570939395351,0.06700410108441288,HD 17051,0.8,1.14,8,5
HD 17051_0,1.9240739984536244,0.08320344879177291,HD 17051,0.8,1.14,8,5
HD 17051_0,1.8888379835026892,0.03593461805498922,HD 17051,0.8,1.14,8,5
HD 17051_0,1.9145415971782325,0.00766107852768276,HD 17051,0.8,1.14,8,5
HD 17051_0,1.9181602028728844,0.010651834453194509,HD 17051,0.8,1.14,8,5
HD 17051_0,1.8892757490386012,0.024959757546875863,HD 17051,0.8,1.14,8,5
HD 17051_0,1.902665961762049,0.07288420887357844,HD 17051,0.8,1.14,8,5
HD 17051_0,1.8895855596125484,0.02223280029341277,HD 17051,0.8,1.14,8,5
HD 17051_0,1.9160608887698896,0.10018185049933906,HD 17051,0.8,1.14,8,5
HD 17051_0,1.8739777648200888,0.0004070775334799534,HD 17051,0.8,1.14,8,5
HD 17051_0,1.8876506270431206,0.0006728387521709808,HD 17051,0.8,1.14,8,5
HD 17051_0,1.9144527576144206,0.03156874672678102,HD 17051,0.8,1.14,8,5
HD 17051_0,1.905276972721246,0.06744343420984142,HD 17051,0.8,1.14,8,5
HD 17051_0,1.886525668247032,0.02532589956498879,HD 17051,0.8,1.14,8,5
HD 17051_0,1.8977609748312423,0.06933723012443405,HD 17051,0.8,1.14,8,5
HD 17051_0,1.8834579976751369,0.000998248195432031,HD 17051,0.8,1.14,8,5
HD 17051_0,1.8921216606040385,0.026360291514813235,HD 17051,0.8,1.14,8,5
HD 17051_0,1.886846519592877,0.021706338074406917,HD 17051,0.8,1.14,8,5
HD 17051_0,1.8905481970907019,0.023244898078914843,HD 17051,0.8,1.14,8,5
HD 17051_0,1.9093923187476767,0.03171327557588462,HD 17051,0.8,1.14,8,5
HD 17051_0,1.8925048111508973,0.018222281348722183,HD 17051,0.8,1.14,8,5
HD 17051_0,1.9146471190112926,0.042428997549244105,HD 17051,0.8,1.14,8,5
HD 17051_0,1.8997183827908641,0.03242527616671896,HD 17051,0.8,1.14,8,5
HD 17051_0,1.8945392721522059,0.044117631167769095,HD 17051,0.8,1.14,8,5
HD 17051_0,1.920208309008316,0.0008643612101352505,HD 17051,0.8,1.14,8,5
HD 17051_0,1.8940774054230836,0.01643863147623996,HD 17051,0.8,1.14,8,5
HD 17051_0,1.903980834824908,0.10483301315766543,HD 17051,0.8,1.14,8,5
HD 17051_0,1.902634302634618,0.026743209388110117,HD 17051,0.8,1.14,8,5
HD 17051_0,1.913646920245455,0.07371974829338061,HD 17051,0.8,1.14,8,5
HD 17051_0,1.8888757732019021,0.010001944642440799,HD 17051,0.8,1.14,8,5
HD 17051_0,1.9134504916666504,0.029102426631745695,HD 17051,0.8,1.14,8,5
HD 17051_0,1.885083078154746,0.09707947394425773,HD 17051,0.8,1.14,8,5
HD 17051_0,1.8852950764529361,0.09128429200712394,HD 17051,0.8,1.14,8,5
HD 17051_0,1.9182845075354624,0.042197056523652826,HD 17051,0.8,1.14,8,5
HD 17051_0,1.8647774379272157,0.02910970533195422,HD 17051,0.8,1.14,8,5
HD 17051_0,1.9042498955869895,0.033323582486172884,HD 17051,0.8,1.14,8,5
HD 17051_0,1.9349723857003327,0.023148543081138145,HD 17051,0.8,1.14,8,5
HD 17051_0,1.883635225231305,0.013276941322338247,HD 17051,0.8,1.14,8,5
HD 17051_0,1.9146389573423463,0.01731238030750311,HD 17051,0.8,1.14,8,5
HD 17051_0,1.8881141792323195,0.06930043291336652,HD 17051,0.8,1.14,8,5
HD 17051_0,1.924708508274394,0.029782506706552685,HD 17051,0.8,1.14,8,5
HD 17051_0,1.918792083724353,0.08426195223181808,HD 17051,0.8,1.14,8,5
HD 17051_0,1.8764730156793523,0.03690430519542123,HD 17051,0.8,1.14,8,5
HD 17051_0,1.8838389555860349,0.046601828060865255,HD 17051,0.8,1.14,8,5
HD 17051_0,1.8916898053525588,0.029031332320010133,HD 17051,0.8,1.14,8,5
HD 17051_0,1.8844366591449657,0.05800069529884708,HD 17051,0.8,1.14,8,5
HD 17051_0,1.8767907205737266,0.028587053689795736,HD 17051,0.8,1.14,8,5
HD 17051_0,1.8944038888659191,0.04809520821380057,HD 17051,0.8,1.14,8,5
HD 17051_0,1.9015397047508975,0.0801488614073306,HD 17051,0.8,1.14,8,5
HD 17051_0,1.8737257542862027,0.03047405524196727,HD 17051,0.8,1.14,8,5
HD 17051_0,1.9128077356425501,0.07743201715069645,HD 17051,0.8,1.14,8,5
HD 17051_0,1.909753474777519,0.053317280849841504,HD 17051,0.8,1.14,8,5
HD 17051_0,1.9064118648611117,0.06877926946221502,HD 17051,0.8,1.14,8,5
HD 17051_0,1.8865313873208476,0.03489786808459087,HD 17051,0.8,1.14,8,5
HD 17051_0,1.9114858571077389,0.047438673223898435,HD 17051,0.8,1.14,8,5
HD 17051_0,1.9064297824546435,0.11191573052314735,HD 17051,0.8,1.14,8,5
HD 17051_0,1.8891572031533974,0.07536336460500917,HD 17051,0.8,1.14,8,5
HD 17051_0,1.8996582921469605,0.025481547488079046,HD 17051,0.8,1.14,8,5
HD 17051_0,1.877130523482257,0.048688876671840034,HD 17051,0.8,1.14,8,5
HD 17051_0,1.873875943386632,0.04776373441567402,HD 17051,0.8,1.14,8,5
HD 17051_0,1.8897963093556358,0.03110912654678813,HD 17051,0.8,1.14,8,5
HD 17051_0,1.9398549223853057,0.055781688473562734,HD 17051,0.8,1.14,8,5
HD 17051_0,1.9344413992329377,0.14812697914345743,HD 17051,0.8,1.14,8,5
HD 17051_0,1.9090352231096965,0.0987137353468768,HD 17051,0.8,1.14,8,5
HD 17051_0,1.8945257392773165,0.016833378886676208,HD 17051,0.8,1.14,8,5
HD 17051_0,1.8837279526086221,0.01577563527709448,HD 17051,0.8,1.14,8,5
HD 17051_0,1.8909208882904867,0.019768868436718084,HD 17051,0.8,1.14,8,5
HD 17051_0,1.8740517058531796,0.02680091221669363,HD 17051,0.8,1.14,8,5
HD 17051_0,1.9019846401170686,0.050649871495369994,HD 17051,0.8,1.14,8,5
HD 17051_0,1.9252036872246805,0.11365638244723124,HD 17051,0.8,1.14,8,5
HD 17051_0,1.879438917253139,0.05813106397122656,HD 17051,0.8,1.14,8,5
HD 17051_0,1.8949090410350313,0.02584465435644306,HD 17051,0.8,1.14,8,5
HD 17051_0,1.8877680402128052,0.049784936553619055,HD 17051,0.8,1.14,8,5
HD 17051_0,1.9277295104275205,0.00788639648779198,HD 17051,0.8,1.14,8,5
HD 17051_0,1.9551262126018467,0.05410669104678422,HD 17051,0.8,1.14,8,5
HD 17051_0,1.89055869054603,0.07939432227000465,HD 17051,0.8,1.14,8,5
HD 17051_0,1.884767426181585,0.019736967890989165,HD 17051,0.8,1.14,8,5
HD 17051_0,1.9044489202347163,0.05373834667368902,HD 17051,0.8,1.14,8,5
HD 17051_0,1.886666499778087,0.034260301097698884,HD 17051,0.8,1.14,8,5
HD 17051_0,1.9076624610888893,0.05781707559180457,HD 17051,0.8,1.14,8,5
HD 17051_0,1.8944058603195992,0.03739155706961825,HD 17051,0.8,1.14,8,5
HD 17051_0,1.882131065282855,0.014818246886686415,HD 17051,0.8,1.14,8,5
HD 17051_0,1.9074597651643703,0.04377782933721231,HD 17051,0.8,1.14,8,5
HD 17051_0,1.8988371692874033,0.02301233517800829,HD 17051,0.8,1.14,8,5
HD 17051_0,1.8838115583395756,0.03053264251754243,HD 17051,0.8,1.14,8,5
HD 17051_0,1.9261254014005997,0.06039954560039683,HD 17051,0.8,1.14,8,5
HD 17051_0,1.88533815669578,0.02647087251163994,HD 17051,0.8,1.14,8,5
HD 17051_0,1.9343138874618364,0.039109983753490174,HD 17051,0.8,1.14,8,5
HD 17051_0,1.894449011612799,0.04672862416740549,HD 17051,0.8,1.14,8,5
HD 17051_0,1.9198209361688425,0.026321427985764916,HD 17051,0.8,1.14,8,5
HD 17051_0,1.874460486462206,0.11810910483021314,HD 17051,0.8,1.14,8,5
HD 17051_0,1.8981403650654265,0.05675103216667863,HD 17051,0.8,1.14,8,5
HD 17051_0,1.8934051061433976,0.06895342738410594,HD 17051,0.8,1.14,8,5
HD 17051_0,1.9239821366734149,0.10098502570483206,HD 17051,0.8,1.14,8,5
HD 17051_0,1.8970829239065872,0.039994825305484635,HD 17051,0.8,1.14,8,5
HD 17051_0,1.9028292481031792,0.09116263140983766,HD 17051,0.8,1.14,8,5
HD 17051_0,1.8881761782192745,0.043247631872299026,HD 17051,0.8,1.14,8,5
HD 17051_0,1.8883008666009955,0.017459180761562262,HD 17051,0.8,1.14,8,5
HD 17051_0,1.8933717911446346,0.0389814719909104,HD 17051,0.8,1.14,8,5
HD 17051_0,1.9569518822960144,0.12546542930186455,HD 17051,0.8,1.14,8,5
HD 17051_0,1.88677883624952,0.03536128147400888,HD 17051,0.8,1.14,8,5
HD 17051_0,1.9318205538589828,0.023846655965846387,HD 17051,0.8,1.14,8,5
HD 17051_0,1.8879532752598616,0.0432379494920752,HD 17051,0.8,1.14,8,5
HD 17051_0,1.8946436603882235,0.0020275016463806653,HD 17051,0.8,1.14,8,5
HD 17051_0,1.8951276396073564,0.02904253518154919,HD 17051,0.8,1.14,8,5
HD 17051_0,1.8981259565995845,0.049734042309827586,HD 17051,0.8,1.14,8,5
HD 17051_0,1.9195626136732131,0.10420427611624081,HD 17051,0.8,1.14,8,5
HD 17051_0,1.9157480234589288,0.03475677579444496,HD 17051,0.8,1.14,8,5
HD 17051_0,1.9020664508638487,0.055412456126364966,HD 17051,0.8,1.14,8,5
HD 17051_0,1.9173209193875418,0.03522439733372235,HD 17051,0.8,1.14,8,5
HD 17051_0,1.8900734644379913,0.04371916066225032,HD 17051,0.8,1.14,8,5
HD 17051_0,1.8844249416779852,0.03803474892793968,HD 17051,0.8,1.14,8,5
HD 17051_0,1.893921014948131,0.12335646953604228,HD 17051,0.8,1.14,8,5
HD 17051_0,1.8775993976323724,0.014165350711202977,HD 17051,0.8,1.14,8,5
HD 17051_0,1.890218569455983,0.04776383978613957,HD 17051,0.8,1.14,8,5
HD 17051_0,1.9110379326139975,0.009618249015974637,HD 17051,0.8,1.14,8,5
HD 17051_0,1.8564969426794,0.003690435206934673,HD 17051,0.8,1.14,8,5
HD 17051_0,1.9057845548266443,0.045164808814969676,HD 17051,0.8,1.14,8,5
HD 17051_0,1.9502861754233767,0.04127404420301968,HD 17051,0.8,1.14,8,5
HD 17051_0,1.8909404109315764,0.023929516202970076,HD 17051,0.8,1.14,8,5
HD 17051_0,1.8851232888645233,0.035002846036481516,HD 17051,0.8,1.14,8,5
HD 17051_0,1.909082544337283,0.007067614971581094,HD 17051,0.8,1.14,8,5
HD 17051_0,1.8779306002413867,0.00019969377474633732,HD 17051,0.8,1.14,8,5
HD 17051_0,1.8889110604022512,0.05749031337923791,HD 17051,0.8,1.14,8,5
HD 17051_0,1.8952821321399533,0.09926006166410363,HD 17051,0.8,1.14,8,5
HD 17051_0,1.8753553056514376,0.1107677704970507,HD 17051,0.8,1.14,8,5
HD 17051_0,1.8776587159900835,0.05700878986193471,HD 17051,0.8,1.14,8,5
HD 17051_0,1.9107492652293803,0.053852618568792573,HD 17051,0.8,1.14,8,5
HD 17051_0,1.883569037016894,0.040866697930664185,HD 17051,0.8,1.14,8,5
HD 17051_0,1.9460411047657846,0.007805708824732548,HD 17051,0.8,1.14,8,5
HD 17051_0,1.880796271126072,0.018275657919871742,HD 17051,0.8,1.14,8,5
HD 17051_0,1.8730348695611985,0.03383307329953041,HD 17051,0.8,1.14,8,5
HD 17051_0,1.9006844746198057,0.03990707875707404,HD 17051,0.8,1.14,8,5
HD 17051_0,1.8976531508586836,0.04761442991768163,HD 17051,0.8,1.14,8,5
HD 17051_0,1.891786783226164,0.029024718928225862,HD 17051,0.8,1.14,8,5
HD 17051_0,1.904805253588503,0.01588719996059433,HD 17051,0.8,1.14,8,5
HD 17051_0,1.865373550727572,0.005368941246154359,HD 17051,0.8,1.14,8,5
HD 17051_0,1.8822109891969183,0.016631094762655185,HD 17051,0.8,1.14,8,5
HD 17051_0,1.905309527189219,0.03706041758348354,HD 17051,0.8,1.14,8,5
HD 17051_0,1.8853552131720481,0.007618983921319565,HD 17051,0.8,1.14,8,5
HD 17051_0,1.8889942117808742,0.004009457227897813,HD 17051,0.8,1.14,8,5
HD 17051_0,1.8772195814409078,0.06990190871101579,HD 17051,0.8,1.14,8,5
HD 17051_0,1.8975094242720378,0.06310329333491421,HD 17051,0.8,1.14,8,5
HD 17051_0,1.9196435053438359,0.06600488917599383,HD 17051,0.8,1.14,8,5
HD 17051_0,1.9110485389354752,0.0004929242427576044,HD 17051,0.8,1.14,8,5
HD 17051_0,1.8803434667530785,0.05677363577129009,HD 17051,0.8,1.14,8,5
HD 17051_0,1.8620856079275048,0.030959007207219412,HD 17051,0.8,1.14,8,5
HD 17051_0,1.9113236649494245,0.0773981622523244,HD 17051,0.8,1.14,8,5
HD 17051_0,1.9048085700087112,0.06359615308068756,HD 17051,0.8,1.14,8,5
HD 17051_0,1.9339736264040088,0.04487614748913092,HD 17051,0.8,1.14,8,5
HD 17051_0,1.8906342091712216,0.10093162992298738,HD 17051,0.8,1.14,8,5
HD 17051_0,1.8890598843938526,0.007928865771809096,HD 17051,0.8,1.14,8,5
HD 17051_0,1.9121283025818119,0.07647563872042458,HD 17051,0.8,1.14,8,5
HD 17051_0,1.8989283028670338,0.057085441431262554,HD 17051,0.8,1.14,8,5
HD 17051_0,1.8961433903089764,0.06255103716919569,HD 17051,0.8,1.14,8,5
HD 17051_0,1.9070276519906981,0.15633743363290895,HD 17051,0.8,1.14,8,5
HD 17051_0,1.90185171183489,0.002356478533262589,HD 17051,0.8,1.14,8,5
HD 17051_0,1.885374908899792,0.042397593429570654,HD 17051,0.8,1.14,8,5
HD 17051_0,1.8894210312434663,0.04409146455905203,HD 17051,0.8,1.14,8,5
HD 17051_0,1.884832855543733,0.04390538447784603,HD 17051,0.8,1.14,8,5
HD 17051_0,1.907950119564563,0.0995303401192476,HD 17051,0.8,1.14,8,5
HD 17051_0,1.9008269743200457,0.05812596639583603,HD 17051,0.8,1.14,8,5
HD 17051_0,1.8917502738102363,0.11293109308039183,HD 17051,0.8,1.14,8,5
HD 17051_0,1.88709074409926,0.02297543950827459,HD 17051,0.8,1.14,8,5
HD 17051_0,1.888461977675861,0.04710899451185702,HD 17051,0.8,1.14,8,5
HD 17051_0,1.896398688121355,0.045663441306569685,HD 17051,0.8,1.14,8,5
HD 17051_0,1.8918517559836292,0.11978983641326141,HD 17051,0.8,1.14,8,5
HD 17051_0,1.8929246881864927,0.03144999973232937,HD 17051,0.8,1.14,8,5
HD 17051_0,1.929305747538467,0.04613553438248723,HD 17051,0.8,1.14,8,5
HD 17051_0,1.9007004362790827,0.02893821278856179,HD 17051,0.8,1.14,8,5
HD 17051_0,1.8861102180034797,0.05263055477778627,HD 17051,0.8,1.14,8,5
HD 17051_0,1.8939702197957926,0.04595806314993505,HD 17051,0.8,1.14,8,5
HD 17051_0,1.8867274976162343,0.07972194519973094,HD 17051,0.8,1.14,8,5
HD 17051_0,1.8892904483860173,0.030208614273336435,HD 17051,0.8,1.14,8,5
HD 17051_0,1.8629945523813385,0.029524281105308026,HD 17051,0.8,1.14,8,5
HD 17051_0,1.8954192361210012,0.04131980325165634,HD 17051,0.8,1.14,8,5
HD 17051_0,1.9150147723859705,0.017779648984618323,HD 17051,0.8,1.14,8,5
HD 17051_0,1.8829039297450392,0.04374501410532076,HD 17051,0.8,1.14,8,5
HD 17051_0,1.9033363002149535,0.06715497663249961,HD 17051,0.8,1.14,8,5
HD 17051_0,1.878294574504553,0.01568059053232404,HD 17051,0.8,1.14,8,5
HD 17051_0,1.9014419272862984,0.04347454806790616,HD 17051,0.8,1.14,8,5
HD 17051_0,1.8935016817060266,0.020310867299325852,HD 17051,0.8,1.14,8,5
HD 17051_0,1.8846256258556306,0.036714769910760184,HD 17051,0.8,1.14,8,5
HD 17051_0,1.899719653358271,0.0048562418989415755,HD 17051,0.8,1.14,8,5
HD 17051_0,1.8733162318633132,0.040084746589551766,HD 17051,0.8,1.14,8,5
HD 17051_0,1.9032945434524222,0.04219839605152622,HD 17051,0.8,1.14,8,5
HD 17051_0,1.9545252824064112,0.05033779944491307,HD 17051,0.8,1.14,8,5
HD 17051_0,1.9218990139565444,0.10375014601267935,HD 17051,0.8,1.14,8,5
HD 17051_0,1.8719898571261366,0.0469978642155999,HD 17051,0.8,1.14,8,5
HD 17051_0,1.88876779451727,0.02036647800359174,HD 17051,0.8,1.14,8,5
HD 17051_0,1.8931670511565293,0.00035027089699530417,HD 17051,0.8,1.14,8,5
HD 17051_0,1.8875193066011329,0.01699571484407863,HD 17051,0.8,1.14,8,5
HD 17051_0,1.907205373840727,0.07310781210784312,HD 17051,0.8,1.14,8,5
HD 17051_0,1.8966983023831234,0.034868009096155075,HD 17051,0.8,1.14,8,5
HD 17051_0,1.898440002703976,0.03852754338766897,HD 17051,0.8,1.14,8,5
HD 17051_0,1.9130326511934634,0.08860285498938829,HD 17051,0.8,1.14,8,5
HD 17051_0,1.9243524317343499,0.047338750582507076,HD 17051,0.8,1.14,8,5
HD 17051_0,1.8779745353884942,0.017623441401270513,HD 17051,0.8,1.14,8,5
HD 17051_0,1.9039411472961858,0.03193027496353609,HD 17051,0.8,1.14,8,5
HD 17051_0,1.8815560125817625,0.056936083484841055,HD 17051,0.8,1.14,8,5
HD 17051_0,1.8875728527463034,0.001958573796433237,HD 17051,0.8,1.14,8,5
HD 17051_0,1.8742989624515598,0.026166232039291824,HD 17051,0.8,1.14,8,5
HD 17051_0,1.9122354042556338,0.0036452341229333894,HD 17051,0.8,1.14,8,5
HD 17051_0,1.8911807751304794,0.034089555881210404,HD 17051,0.8,1.14,8,5
HD 17051_0,1.8909554514873288,0.06360787645582985,HD 17051,0.8,1.14,8,5
HD 17051_0,1.9007438856212202,0.03331688273004533,HD 17051,0.8,1.14,8,5
HD 17051_0,1.8879417268245926,0.039865220501527535,HD 17051,0.8,1.14,8,5
HD 17051_0,1.889183634140606,0.0784794722464609,HD 17051,0.8,1.14,8,5
HD 17051_0,1.8894919359471083,0.03857811170792731,HD 17051,0.8,1.14,8,5
HD 17051_0,1.9124437957674625,0.015516901913654825,HD 17051,0.8,1.14,8,5
HD 17051_0,1.8798222058767897,0.01915682972871665,HD 17051,0.8,1.14,8,5
HD 17051_0,1.882996046295686,0.051017566160115685,HD 17051,0.8,1.14,8,5
HD 17051_0,1.8996723768753383,0.05332928776327239,HD 17051,0.8,1.14,8,5
HD 17051_0,1.9029546910753476,0.02072064386986265,HD 17051,0.8,1.14,8,5
HD 17051_0,1.8925232852145588,0.05697354170074728,HD 17051,0.8,1.14,8,5
HD 17051_0,1.89784230614945,0.010825312503255215,HD 17051,0.8,1.14,8,5
HD 17051_0,1.8901398793544666,0.07959134312775137,HD 17051,0.8,1.14,8,5
HD 17051_0,1.890348394619293,0.04424173027899723,HD 17051,0.8,1.14,8,5
HD 17051_0,1.9131626948468796,0.06979095030630082,HD 17051,0.8,1.14,8,5
HD 17051_0,1.8966977664514184,0.02389162635329127,HD 17051,0.8,1.14,8,5
HD 17051_0,1.8778762641854112,0.0358240127527384,HD 17051,0.8,1.14,8,5
HD 17051_0,1.899368043302152,0.05555873181439877,HD 17051,0.8,1.14,8,5
HD 17051_0,1.8775676905926562,0.0342054458235541,HD 17051,0.8,1.14,8,5
HD 17051_0,1.9093387113808222,0.023789533933574317,HD 17051,0.8,1.14,8,5
HD 17051_0,1.8786187719490455,0.018933127600660953,HD 17051,0.8,1.14,8,5
HD 17051_0,1.8946220356531212,0.04748437065343669,HD 17051,0.8,1.14,8,5
HD 17051_0,1.9008302034574354,0.07926362099770762,HD 17051,0.8,1.14,8,5
HD 17051_0,1.9182925240077806,0.0017567669586684015,HD 17051,0.8,1.14,8,5
HD 17051_0,1.9375079448163692,0.06154648927841727,HD 17051,0.8,1.14,8,5
HD 17051_0,1.9496606654909432,0.08017005742384192,HD 17051,0.8,1.14,8,5
HD 17051_0,1.9034944914344276,0.018216769634868134,HD 17051,0.8,1.14,8,5
HD 17051_0,1.92448921479141,0.09838068804767494,HD 17051,0.8,1.14,8,5
HD 17051_0,1.866611110219727,0.013456811709630562,HD 17051,0.8,1.14,8,5
HD 17051_0,1.880018064054146,0.027571889817656535,HD 17051,0.8,1.14,8,5
HD 17051_0,1.8952146716278286,0.03680390578915044,HD 17051,0.8,1.14,8,5
HD 17051_0,1.9360916248524107,0.07892680279131112,HD 17051,0.8,1.14,8,5
HD 17051_0,1.9076198316600164,0.03597051988561969,HD 17051,0.8,1.14,8,5
HD 17051_0,1.8871862125383623,0.02867189783380727,HD 17051,0.8,1.14,8,5
HD 17051_0,1.8904879634217144,0.01492765762602366,HD 17051,0.8,1.14,8,5
HD 17051_0,1.8793785762675268,0.006176880203039567,HD 17051,0.8,1.14,8,5
HD 17051_0,1.8935219471644467,0.045508438984447216,HD 17051,0.8,1.14,8,5
HD 17051_0,1.9152864249515522,0.07869252138789691,HD 17051,0.8,1.14,8,5
HD 17051_0,1.8723688725901424,0.05568064617003582,HD 17051,0.8,1.14,8,5
HD 17051_0,1.9121122883862307,0.06299530628747335,HD 17051,0.8,1.14,8,5
HD 17051_0,1.8881536159800971,0.08558341679348419,HD 17051,0.8,1.14,8,5
HD 17051_0,1.9073555597722307,0.004454277207848245,HD 17051,0.8,1.14,8,5
HD 17051_0,1.889069079849864,0.14845419195793114,HD 17051,0.8,1.14,8,5
HD 17051_0,1.8962820463809864,0.02374744464097353,HD 17051,0.8,1.14,8,5
HD 17051_0,1.8932024323760208,0.05716684643594852,HD 17051,0.8,1.14,8,5
HD 17051_0,1.900390419139273,0.05626038600771147,HD 17051,0.8,1.14,8,5
HD 17051_0,1.8812069006152712,0.026735187304249355,HD 17051,0.8,1.14,8,5
HD 17051_0,1.9159575679455545,0.06588079942971159,HD 17051,0.8,1.14,8,5
HD 17051_0,1.9139309692621775,0.06151797386524601,HD 17051,0.8,1.14,8,5
HD 17051_0,1.9007285021160616,0.030970291955508905,HD 17051,0.8,1.14,8,5
HD 17051_0,1.90754598726514,0.0313827699368944,HD 17051,0.8,1.14,8,5
HD 17051_0,1.9065102495660255,0.09750228887104825,HD 17051,0.8,1.14,8,5
HD 17051_0,1.8925753080872059,0.08658754905171669,HD 17051,0.8,1.14,8,5
HD 17051_0,1.8996741807049,0.004571253503793185,HD 17051,0.8,1.14,8,5
HD 17051_0,1.8880954249482205,0.002796492808832575,HD 17051,0.8,1.14,8,5
HD 17051_0,1.9063289651582933,0.024846448184511444,HD 17051,0.8,1.14,8,5
HD 17051_0,1.923339264708369,0.036657058218495034,HD 17051,0.8,1.14,8,5
HD 17051_0,1.9083413930862327,0.022727407771620058,HD 17051,0.8,1.14,8,5
HD 17051_0,1.8856476223838396,0.045447756571704225,HD 17051,0.8,1.14,8,5
HD 17051_0,1.889301218584605,0.02707612119192082,HD 17051,0.8,1.14,8,5
HD 17051_0,1.8824932317047802,0.033019525155314165,HD 17051,0.8,1.14,8,5
HD 17051_0,1.9334537787674797,0.1925172787280346,HD 17051,0.8,1.14,8,5
HD 17051_0,1.9128791239279157,0.06807214372095392,HD 17051,0.8,1.14,8,5
HD 17051_0,1.885261418140371,0.0754545476727018,HD 17051,0.8,1.14,8,5
HD 17051_0,1.86140425257189,0.09527415537207695,HD 17051,0.8,1.14,8,5
HD 17051_0,1.9058689628165595,0.04056273844580026,HD 17051,0.8,1.14,8,5
HD 17051_0,1.8965427575714016,0.041090186323199426,HD 17051,0.8,1.14,8,5
HD 17051_0,1.8745920920496222,0.03357532988522666,HD 17051,0.8,1.14,8,5
HD 17051_0,1.8924629100153938,0.009728305315594966,HD 17051,0.8,1.14,8,5
HD 17051_0,1.921997555299537,0.08711224034894166,HD 17051,0.8,1.14,8,5
HD 17051_0,1.8849182753681186,0.04479214729765585,HD 17051,0.8,1.14,8,5
HD 17051_0,1.8969408553842202,0.0020651121945279675,HD 17051,0.8,1.14,8,5
HD 17051_0,1.9251217202827609,0.08967609338346821,HD 17051,0.8,1.14,8,5
HD 17051_0,1.8952205263233792,0.019376678371056635,HD 17051,0.8,1.14,8,5
HD 17051_0,1.8881320004200974,0.037845835991859714,HD 17051,0.8,1.14,8,5
HD 17051_0,1.9124483390522462,0.053691836151273306,HD 17051,0.8,1.14,8,5
HD 17051_0,1.9150775231199026,0.045689687254520384,HD 17051,0.8,1.14,8,5
HD 17051_0,1.8639033914577883,0.020390990312329965,HD 17051,0.8,1.14,8,5
HD 17051_0,1.8764904890614145,0.0050743207091981865,HD 17051,0.8,1.14,8,5
HD 17051_0,1.8850026823734816,0.029578185495184543,HD 17051,0.8,1.14,8,5
HD 17051_0,1.8817794256085945,0.03197937235595071,HD 17051,0.8,1.14,8,5
HD 17051_0,1.892892622307168,0.030273518987315423,HD 17051,0.8,1.14,8,5
HD 17051_0,1.8643534137933169,0.03161963899564829,HD 17051,0.8,1.14,8,5
HD 17051_0,1.8935475860259494,0.03975413776236011,HD 17051,0.8,1.14,8,5
HD 17051_0,1.894197658521814,0.024425988773290563,HD 17051,0.8,1.14,8,5
HD 17051_0,1.9099744784422,0.08533730129000926,HD 17051,0.8,1.14,8,5
HD 17051_0,1.8847015659241424,0.01778260852146263,HD 17051,0.8,1.14,8,5
HD 17051_0,1.8825659879029017,0.048995303633349974,HD 17051,0.8,1.14,8,5
HD 17051_0,1.8744689329116453,3.105940882299624e-05,HD 17051,0.8,1.14,8,5
HD 17051_0,1.885540966339518,0.024527224812192952,HD 17051,0.8,1.14,8,5
HD 17051_0,1.90034620095641,0.06528501911441532,HD 17051,0.8,1.14,8,5
HD 17051_0,1.9651065802041772,0.033530301725873055,HD 17051,0.8,1.14,8,5
HD 17051_0,1.8831567310149615,0.00018640204682672523,HD 17051,0.8,1.14,8,5
HD 17051_0,1.8939637182726634,0.010089141558339888,HD 17051,0.8,1.14,8,5
HD 17051_0,1.8888674131821226,0.03176794280989088,HD 17051,0.8,1.14,8,5
HD 17051_0,1.8935522700015035,0.13678714245320905,HD 17051,0.8,1.14,8,5
HD 17051_0,1.885873257659086,0.0974288547813148,HD 17051,0.8,1.14,8,5
HD 17051_0,1.8983584809831684,0.034750526250388616,HD 17051,0.8,1.14,8,5
HD 17051_0,1.953013082556717,0.10156136361812906,HD 17051,0.8,1.14,8,5
HD 17051_0,1.8861978923834013,0.0545585797994787,HD 17051,0.8,1.14,8,5
HD 17051_0,1.876750816401536,0.03526312667668839,HD 17051,0.8,1.14,8,5
HD 17051_0,1.8948573802030348,0.019053132977630546,HD 17051,0.8,1.14,8,5
HD 17051_0,1.8791465490142651,0.02424018868974296,HD 17051,0.8,1.14,8,5
HD 17051_0,1.8870316120327932,0.022330080483525267,HD 17051,0.8,1.14,8,5
HD 17051_0,1.9537665429736455,0.19377181297239154,HD 17051,0.8,1.14,8,5
HD 17051_0,1.872978067529267,0.01734847147370023,HD 17051,0.8,1.14,8,5
HD 17051_0,1.8930016529111533,0.07124957749975201,HD 17051,0.8,1.14,8,5
HD 17051_0,1.8880973204134104,0.02535159861001352,HD 17051,0.8,1.14,8,5
HD 17051_0,1.875559007698929,0.04751107711107622,HD 17051,0.8,1.14,8,5
HD 17051_0,1.875061001967267,0.018509177817996575,HD 17051,0.8,1.14,8,5
HD 17051_0,1.9089588558419763,0.013642713678599247,HD 17051,0.8,1.14,8,5
HD 17051_0,1.905638630856038,0.09591574609967868,HD 17051,0.8,1.14,8,5
HD 17051_0,1.8841812716593487,0.05296747243912493,HD 17051,0.8,1.14,8,5
HD 17051_0,1.8959074073719675,0.06997485792069123,HD 17051,0.8,1.14,8,5
HD 17051_0,1.9139858171921411,0.07155088798161399,HD 17051,0.8,1.14,8,5
HD 17051_0,1.8931158306032168,0.03399173497543916,HD 17051,0.8,1.14,8,5
HD 17051_0,1.8897708672812759,0.010551270139718946,HD 17051,0.8,1.14,8,5
HD 17051_0,1.9040906549747465,0.07220837550667358,HD 17051,0.8,1.14,8,5
HD 17051_0,1.898293562458619,0.057118887901613784,HD 17051,0.8,1.14,8,5
HD 17051_0,1.9032687436082127,0.014441770654671206,HD 17051,0.8,1.14,8,5
HD 17051_0,1.893119499242787,0.023237029647459526,HD 17051,0.8,1.14,8,5
HD 17051_0,1.9181743014063277,0.039108297613480184,HD 17051,0.8,1.14,8,5
HD 17051_0,1.8895825214403408,0.019159226269556878,HD 17051,0.8,1.14,8,5
HD 17051_0,1.8912486475820192,0.07677691554210886,HD 17051,0.8,1.14,8,5
HD 17051_0,1.8813320274263898,0.010956551479033051,HD 17051,0.8,1.14,8,5
HD 17051_0,1.877076459297901,0.05418222772511749,HD 17051,0.8,1.14,8,5
HD 17051_0,1.9368073624195454,0.13664493328275595,HD 17051,0.8,1.14,8,5
HD 17051_0,1.854977526039985,0.030518975449837657,HD 17051,0.8,1.14,8,5
HD 17051_0,1.8927263491924,0.0177004967296725,HD 17051,0.8,1.14,8,5
HD 17051_0,1.8807221281497097,0.04218131670341511,HD 17051,0.8,1.14,8,5
HD 17051_0,1.8801819096140346,0.023894189561346785,HD 17051,0.8,1.14,8,5
HD 17051_0,1.8870039267760461,0.005175395589796718,HD 17051,0.8,1.14,8,5
HD 17051_0,1.9101265172185669,0.008045354811728363,HD 17051,0.8,1.14,8,5
HD 17051_0,1.8885496137038955,0.1406245259503364,HD 17051,0.8,1.14,8,5
HD 17051_0,1.8877708657006353,0.0620634929019165,HD 17051,0.8,1.14,8,5
HD 17051_0,1.8997331606046877,0.13141539249636974,HD 17051,0.8,1.14,8,5
HD 17051_0,1.8950212779670774,3.351175552186031e-06,HD 17051,0.8,1.14,8,5
HD 17051_0,1.9047504271395783,0.11449580632516307,HD 17051,0.8,1.14,8,5
HD 17051_0,1.887019961227608,0.03836062045053325,HD 17051,0.8,1.14,8,5
HD 17051_0,1.8939238158357983,0.013642748728874016,HD 17051,0.8,1.14,8,5
HD 17051_0,1.8891969809953755,0.02456580949665338,HD 17051,0.8,1.14,8,5
HD 17051_0,1.87291009340988,0.10401810583235019,HD 17051,0.8,1.14,8,5
HD 17051_0,1.896915154400938,0.02571099989576067,HD 17051,0.8,1.14,8,5
HD 17051_0,1.8747635350652656,0.048060622803858505,HD 17051,0.8,1.14,8,5
HD 17051_0,1.8835796854327707,0.003917286143057981,HD 17051,0.8,1.14,8,5
HD 17051_0,1.8935051147630264,0.05273744630229186,HD 17051,0.8,1.14,8,5
HD 17051_0,1.8816355695221239,0.011484546832137468,HD 17051,0.8,1.14,8,5
HD 17051_0,1.8739955129522623,0.018527324772494094,HD 17051,0.8,1.14,8,5
HD 17051_0,1.892409454716717,0.02206485422960867,HD 17051,0.8,1.14,8,5
HD 17051_0,1.8894392387448555,0.010236453240413158,HD 17051,0.8,1.14,8,5
HD 17051_0,1.9003314023945705,0.03803645889796996,HD 17051,0.8,1.14,8,5
HD 17051_0,1.890916416173675,0.030621127088261813,HD 17051,0.8,1.14,8,5
HD 17051_0,1.8970139837276538,0.027409772467376737,HD 17051,0.8,1.14,8,5
HD 17051_0,1.8460873318145263,0.018059481273440984,HD 17051,0.8,1.14,8,5
HD 17051_0,1.8882219421727324,0.03171673896965016,HD 17051,0.8,1.14,8,5
HD 17051_0,1.892566720548151,0.04690157982639254,HD 17051,0.8,1.14,8,5
HD 17051_0,1.898770412530121,0.056484758754814006,HD 17051,0.8,1.14,8,5
HD 17051_0,1.8868898506071747,0.052198515634526155,HD 17051,0.8,1.14,8,5
HD 17051_0,1.9190137974147123,0.03701856171346488,HD 17051,0.8,1.14,8,5
HD 17051_0,1.9184493462650496,0.030167987999435927,HD 17051,0.8,1.14,8,5
HD 17051_0,1.9039611288371183,0.12820433984244767,HD 17051,0.8,1.14,8,5
HD 17051_0,1.8965482281863755,0.04946181980396508,HD 17051,0.8,1.14,8,5
HD 17051_0,1.8975460283384247,0.04296279286991569,HD 17051,0.8,1.14,8,5
HD 17051_0,1.8759739330724878,0.059992230853202565,HD 17051,0.8,1.14,8,5
HD 17051_0,1.8970302046536716,0.0057362710612475585,HD 17051,0.8,1.14,8,5
HD 17051_0,1.8840828922253519,0.03440984594674422,HD 17051,0.8,1.14,8,5
HD 17051_0,1.9246491846432372,0.02635933960086568,HD 17051,0.8,1.14,8,5
HD 17051_0,1.889539207648998,0.07331019081767694,HD 17051,0.8,1.14,8,5
HD 17051_0,1.9249177386078893,0.008006413666536719,HD 17051,0.8,1.14,8,5
HD 17051_0,1.9099211303930375,0.09469773723064176,HD 17051,0.8,1.14,8,5
HD 17051_0,1.9309949731359835,0.018151794412215448,HD 17051,0.8,1.14,8,5
HD 17051_0,1.8828466312297159,0.04757150401567518,HD 17051,0.8,1.14,8,5
HD 17051_0,1.8842746136554114,0.06555097464618767,HD 17051,0.8,1.14,8,5
HD 17051_0,1.8952252122561837,0.0011261986200070337,HD 17051,0.8,1.14,8,5
HD 17051_0,1.8889584520227254,0.018750201670002412,HD 17051,0.8,1.14,8,5
HD 17051_0,1.8843582693353707,0.03694602748948228,HD 17051,0.8,1.14,8,5
HD 17051_0,1.8894652118246567,0.08609984614678137,HD 17051,0.8,1.14,8,5
HD 17051_0,1.8626643710028625,0.04957862463652626,HD 17051,0.8,1.14,8,5
HD 17051_0,1.8977057868773384,0.032132237205825864,HD 17051,0.8,1.14,8,5
HD 17051_0,1.8895021448300495,0.027348720530115396,HD 17051,0.8,1.14,8,5
HD 17051_0,1.888194712544137,0.03706876019090709,HD 17051,0.8,1.14,8,5
HD 17051_0,1.8849105350755373,0.04567181505486548,HD 17051,0.8,1.14,8,5
HD 17051_0,1.8921793524722073,0.013052212648405517,HD 17051,0.8,1.14,8,5
HD 17051_0,1.8803343960509988,0.02662492048709309,HD 17051,0.8,1.14,8,5
HD 17051_0,1.9076466922785784,0.044057261713209624,HD 17051,0.8,1.14,8,5
HD 17051_0,1.8953364437632065,0.039125983775785037,HD 17051,0.8,1.14,8,5
HD 17051_0,1.8938274660793917,0.09524066009129091,HD 17051,0.8,1.14,8,5
HD 17051_0,1.8920168164209996,0.05691288537302218,HD 17051,0.8,1.14,8,5
HD 17051_0,1.8736289241888682,0.05735485988891706,HD 17051,0.8,1.14,8,5
HD 17051_0,1.8899675147109611,0.02857560924816832,HD 17051,0.8,1.14,8,5
HD 17051_0,1.8930698022792005,0.03915396439804001,HD 17051,0.8,1.14,8,5
HD 17051_0,1.8840844742520237,0.029069346082669825,HD 17051,0.8,1.14,8,5
HD 17051_0,1.9092744696642334,0.06925353144077889,HD 17051,0.8,1.14,8,5
HD 17051_0,1.8925541304818367,0.031039017270889174,HD 17051,0.8,1.14,8,5
HD 17051_0,1.8875114206613672,0.04499514789368534,HD 17051,0.8,1.14,8,5
HD 17051_0,1.9110433017455069,0.05483066204799154,HD 17051,0.8,1.14,8,5
HD 17051_0,1.8920354646018465,0.0813274236401761,HD 17051,0.8,1.14,8,5
HD 17051_0,1.896059207596602,0.001308320506078195,HD 17051,0.8,1.14,8,5
HD 17051_0,1.909817150775537,0.028564204397168686,HD 17051,0.8,1.14,8,5
HD 17051_0,1.9144409551281445,0.04115649328882343,HD 17051,0.8,1.14,8,5
HD 17051_0,1.904227803395685,0.07479992913019613,HD 17051,0.8,1.14,8,5
HD 17051_0,1.9286409433576994,0.049380602167300544,HD 17051,0.8,1.14,8,5
HD 17051_0,1.8954369320870923,0.040159164096138095,HD 17051,0.8,1.14,8,5
HD 17051_0,1.8790063508309807,0.03284935172989771,HD 17051,0.8,1.14,8,5
HD 17051_0,1.8885275097320497,0.039098668213172094,HD 17051,0.8,1.14,8,5
HD 17051_0,1.8857206128927828,0.0038736965181868643,HD 17051,0.8,1.14,8,5
HD 17051_0,1.898362915054019,0.07547276172016769,HD 17051,0.8,1.14,8,5
HD 17051_0,1.8812819188645966,0.05278841708455988,HD 17051,0.8,1.14,8,5
HD 17051_0,1.8830694066298574,0.03469145788059351,HD 17051,0.8,1.14,8,5
HD 17051_0,1.9013291898392395,0.05305864741540013,HD 17051,0.8,1.14,8,5
HD 17051_0,1.8988914030903057,0.040278599726242315,HD 17051,0.8,1.14,8,5
HD 17051_0,1.9039578935460595,0.028701095703464498,HD 17051,0.8,1.14,8,5
HD 17051_0,1.8895110585001735,0.03551334388130507,HD 17051,0.8,1.14,8,5
HD 17051_0,1.925891279021116,0.021988845088787283,HD 17051,0.8,1.14,8,5
HD 17051_0,1.8917524575144422,0.04430214352061772,HD 17051,0.8,1.14,8,5
HD 17051_0,1.9194038950848802,0.07656224590237967,HD 17051,0.8,1.14,8,5
HD 17051_0,1.9095120993427779,0.03319786770100787,HD 17051,0.8,1.14,8,5
HD 17051_0,1.9314932205378341,0.008361295306901452,HD 17051,0.8,1.14,8,5
HD 17051_0,1.9109110580976991,0.005437971697486117,HD 17051,0.8,1.14,8,5
HD 17051_0,1.8732924191056206,0.01561100532027114,HD 17051,0.8,1.14,8,5
HD 17051_0,1.8931712745265141,0.05152707577011408,HD 17051,0.8,1.14,8,5
HD 17051_0,1.8973363824670815,0.04320756716806068,HD 17051,0.8,1.14,8,5
HD 17051_0,1.8921868946363705,0.06052886730551914,HD 17051,0.8,1.14,8,5
HD 17051_0,1.9083202366016336,0.008094438701862487,HD 17051,0.8,1.14,8,5
HD 17051_0,1.914231990420361,0.04150024881486247,HD 17051,0.8,1.14,8,5
HD 20807_1,1.8575961606108957,0.07214546467610052,HD 20807,0.954,1.07,8,5
HD 20807_1,1.8528017164244726,0.0872283974490577,HD 20807,0.954,1.07,8,5
HD 20807_1,1.8516224240133765,0.0950141096388621,HD 20807,0.954,1.07,8,5
HD 20807_1,1.8450833536617028,0.049861034377373895,HD 20807,0.954,1.07,8,5
HD 20807_1,1.8575950561639838,0.09743287221756415,HD 20807,0.954,1.07,8,5
HD 20807_1,1.851026119579994,0.05588239782307914,HD 20807,0.954,1.07,8,5
HD 20807_1,1.8636598172932983,0.07524146186417767,HD 20807,0.954,1.07,8,5
HD 20807_1,1.851189889836733,0.0685429920383155,HD 20807,0.954,1.07,8,5
HD 20807_1,1.854439656941537,0.07081372917563149,HD 20807,0.954,1.07,8,5
HD 20807_1,1.8498470253086066,0.05799837299774263,HD 20807,0.954,1.07,8,5
HD 20807_1,1.8390963633857236,0.054576357382545834,HD 20807,0.954,1.07,8,5
HD 20807_1,1.8498843261925506,0.06225305326483613,HD 20807,0.954,1.07,8,5
HD 20807_1,1.8536695989753054,0.07343678028009282,HD 20807,0.954,1.07,8,5
HD 20807_1,1.8481944313273146,0.0969774683808317,HD 20807,0.954,1.07,8,5
HD 20807_1,1.8560097844671695,0.08041258138285423,HD 20807,0.954,1.07,8,5
HD 20807_1,1.8557700230982421,0.08652902383002906,HD 20807,0.954,1.07,8,5
HD 20807_1,1.8509074994844004,0.07874434295345141,HD 20807,0.954,1.07,8,5
HD 20807_1,1.8474940124459827,0.09554262266563278,HD 20807,0.954,1.07,8,5
HD 20807_1,1.8552708266615607,0.09949424819519735,HD 20807,0.954,1.07,8,5
HD 20807_1,1.8485982088262143,0.03902554205895053,HD 20807,0.954,1.07,8,5
HD 20807_1,1.8440286991684511,0.06185251316321455,HD 20807,0.954,1.07,8,5
HD 20807_1,1.8534925319863622,0.07081286030340385,HD 20807,0.954,1.07,8,5
HD 20807_1,1.8551755900559557,0.0618043486760958,HD 20807,0.954,1.07,8,5
HD 20807_1,1.8415346629736247,0.08788818245300563,HD 20807,0.954,1.07,8,5
HD 20807_1,1.8570989500079398,0.05569449445243512,HD 20807,0.954,1.07,8,5
HD 20807_1,1.8525003110334182,0.05824480749161033,HD 20807,0.954,1.07,8,5
HD 20807_1,1.8585169280456348,0.09257142752644171,HD 20807,0.954,1.07,8,5
HD 20807_1,1.8476336613267021,0.07059397501893995,HD 20807,0.954,1.07,8,5
HD 20807_1,1.8556499342954755,0.08381042383730399,HD 20807,0.954,1.07,8,5
HD 20807_1,1.8593285417367285,0.0814636329375875,HD 20807,0.954,1.07,8,5
HD 20807_1,1.8631022641000283,0.09664111457670674,HD 20807,0.954,1.07,8,5
HD 20807_1,1.8557713865716305,0.07630773714591602,HD 20807,0.954,1.07,8,5
HD 20807_1,1.8541115609645469,0.061139045370292286,HD 20807,0.954,1.07,8,5
HD 20807_1,1.8591317701857166,0.12886051739221197,HD 20807,0.954,1.07,8,5
HD 20807_1,1.8451497281199336,0.039979080561932355,HD 20807,0.954,1.07,8,5
HD 20807_1,1.8528144567938805,0.08992973139776353,HD 20807,0.954,1.07,8,5
HD 20807_1,1.8510049574903786,0.07673712494457939,HD 20807,0.954,1.07,8,5
HD 20807_1,1.8457386463014192,0.049189327450892724,HD 20807,0.954,1.07,8,5
HD 20807_1,1.8499118158452486,0.0558294665234909,HD 20807,0.954,1.07,8,5
HD 20807_1,1.8637056474730946,0.10486090387285771,HD 20807,0.954,1.07,8,5
HD 20807_1,1.8570801591214214,0.07776411919546483,HD 20807,0.954,1.07,8,5
HD 20807_1,1.860827384370725,0.10755058826591915,HD 20807,0.954,1.07,8,5
HD 20807_1,1.848633287234233,0.07897836386917485,HD 20807,0.954,1.07,8,5
HD 20807_1,1.854188442835661,0.08017545872372368,HD 20807,0.954,1.07,8,5
HD 20807_1,1.8584322646188167,0.08992244069504468,HD 20807,0.954,1.07,8,5
HD 20807_1,1.8627747185894712,0.09117851829434515,HD 20807,0.954,1.07,8,5
HD 20807_1,1.845802697231577,0.07362468159135092,HD 20807,0.954,1.07,8,5
HD 20807_1,1.8464627438509325,0.09649830651419572,HD 20807,0.954,1.07,8,5
HD 20807_1,1.8430297151086077,0.09645705465661128,HD 20807,0.954,1.07,8,5
HD 20807_1,1.8415435279367116,0.06492804298196495,HD 20807,0.954,1.07,8,5
HD 20807_1,1.8483074590042656,0.08051861117445219,HD 20807,0.954,1.07,8,5
HD 20807_1,1.8512510366955597,0.06002892013804265,HD 20807,0.954,1.07,8,5
HD 20807_1,1.8565563729456647,0.07443729472233217,HD 20807,0.954,1.07,8,5
HD 20807_1,1.8516053455119394,0.06106234942165958,HD 20807,0.954,1.07,8,5
HD 20807_1,1.858209233309672,0.07423706752136391,HD 20807,0.954,1.07,8,5
HD 20807_1,1.8416461725960092,0.08097518431664205,HD 20807,0.954,1.07,8,5
HD 20807_1,1.8460338438401793,0.07783422174107021,HD 20807,0.954,1.07,8,5
HD 20807_1,1.8416346938286705,0.07952527609351188,HD 20807,0.954,1.07,8,5
HD 20807_1,1.840518970102883,0.08551277226271446,HD 20807,0.954,1.07,8,5
HD 20807_1,1.852948586213094,0.06870173659019552,HD 20807,0.954,1.07,8,5
HD 20807_1,1.8480100356040599,0.0759846555573684,HD 20807,0.954,1.07,8,5
HD 20807_1,1.8584717233718802,0.08002001089295878,HD 20807,0.954,1.07,8,5
HD 20807_1,1.8515618849607653,0.09520927360938176,HD 20807,0.954,1.07,8,5
HD 20807_1,1.8563073313490819,0.058270167971350095,HD 20807,0.954,1.07,8,5
HD 20807_1,1.8497931363103464,0.04279395823701234,HD 20807,0.954,1.07,8,5
HD 20807_1,1.8460570008533637,0.05834229443964487,HD 20807,0.954,1.07,8,5
HD 20807_1,1.8444046220585184,0.07217914542503283,HD 20807,0.954,1.07,8,5
HD 20807_1,1.8538380329620872,0.08458159908528304,HD 20807,0.954,1.07,8,5
HD 20807_1,1.8637593674315835,0.09335086341941586,HD 20807,0.954,1.07,8,5
HD 20807_1,1.8531550541304929,0.06891702033581867,HD 20807,0.954,1.07,8,5
HD 20807_1,1.8523969150370336,0.0793927180091533,HD 20807,0.954,1.07,8,5
HD 20807_1,1.8515347857681241,0.07707559611613585,HD 20807,0.954,1.07,8,5
HD 20807_1,1.8559967478949717,0.10070768023687643,HD 20807,0.954,1.07,8,5
HD 20807_1,1.8524413121452386,0.09306059439814143,HD 20807,0.954,1.07,8,5
HD 20807_1,1.84308426084087,0.07547369189854813,HD 20807,0.954,1.07,8,5
HD 20807_1,1.8429192336606777,0.07272276438107525,HD 20807,0.954,1.07,8,5
HD 20807_1,1.8535366323196119,0.04261391662051228,HD 20807,0.954,1.07,8,5
HD 20807_1,1.847108895726411,0.05973283922839791,HD 20807,0.954,1.07,8,5
HD 20807_1,1.8592394074094665,0.08380018884592352,HD 20807,0.954,1.07,8,5
HD 20807_1,1.8525448330868635,0.08764692196224105,HD 20807,0.954,1.07,8,5
HD 20807_1,1.8468044894812552,0.06558248098846986,HD 20807,0.954,1.07,8,5
HD 20807_1,1.86332137662424,0.058523899169200796,HD 20807,0.954,1.07,8,5
HD 20807_1,1.8437226995525473,0.06694310183146164,HD 20807,0.954,1.07,8,5
HD 20807_1,1.8519681004941928,0.050105866943967826,HD 20807,0.954,1.07,8,5
HD 20807_1,1.8425382267687687,0.06470635478628577,HD 20807,0.954,1.07,8,5
HD 20807_1,1.8432448493634779,0.07616420748884749,HD 20807,0.954,1.07,8,5
HD 20807_1,1.859150246180976,0.06458096847429438,HD 20807,0.954,1.07,8,5
HD 20807_1,1.8516809885349839,0.06947247860608213,HD 20807,0.954,1.07,8,5
HD 20807_1,1.8607983224937725,0.0779419143803876,HD 20807,0.954,1.07,8,5
HD 20807_1,1.856178423980256,0.08899752551056272,HD 20807,0.954,1.07,8,5
HD 20807_1,1.8475539748064889,0.07580634084810584,HD 20807,0.954,1.07,8,5
HD 20807_1,1.8435993235564883,0.05915125594368141,HD 20807,0.954,1.07,8,5
HD 20807_1,1.8426620898403514,0.09215538425493902,HD 20807,0.954,1.07,8,5
HD 20807_1,1.8522692168449593,0.08182872953791799,HD 20807,0.954,1.07,8,5
HD 20807_1,1.837282334140714,0.06295564802207095,HD 20807,0.954,1.07,8,5
HD 20807_1,1.8564205325215208,0.08227028650617099,HD 20807,0.954,1.07,8,5
HD 20807_1,1.8557575579859944,0.06771333493718973,HD 20807,0.954,1.07,8,5
HD 20807_1,1.8414362196715353,0.05990593177072602,HD 20807,0.954,1.07,8,5
HD 20807_1,1.8547630554180206,0.07016118228781171,HD 20807,0.954,1.07,8,5
HD 20807_1,1.840788921657874,0.052829706241708636,HD 20807,0.954,1.07,8,5
HD 20807_1,1.864094639457939,0.0789988115337211,HD 20807,0.954,1.07,8,5
HD 20807_1,1.854894264703339,0.07207100564542948,HD 20807,0.954,1.07,8,5
HD 20807_1,1.8491923036523923,0.07679226918053,HD 20807,0.954,1.07,8,5
HD 20807_1,1.8571656911264043,0.0929613539348145,HD 20807,0.954,1.07,8,5
HD 20807_1,1.8546237005732515,0.08219472427403135,HD 20807,0.954,1.07,8,5
HD 20807_1,1.85367902704066,0.07087765370605056,HD 20807,0.954,1.07,8,5
HD 20807_1,1.8542352771914128,0.07222056099214375,HD 20807,0.954,1.07,8,5
HD 20807_1,1.840243271166296,0.07714227884267966,HD 20807,0.954,1.07,8,5
HD 20807_1,1.8405022314698236,0.08121654516002352,HD 20807,0.954,1.07,8,5
HD 20807_1,1.8467984233274777,0.07071375787082702,HD 20807,0.954,1.07,8,5
HD 20807_1,1.8478182735078115,0.07653924260172057,HD 20807,0.954,1.07,8,5
HD 20807_1,1.8473749286971044,0.07422791501164998,HD 20807,0.954,1.07,8,5
HD 20807_1,1.8420405083534186,0.07220073220488202,HD 20807,0.954,1.07,8,5
HD 20807_1,1.8629241330823063,0.10141077911052886,HD 20807,0.954,1.07,8,5
HD 20807_1,1.860641714320958,0.09118454201544354,HD 20807,0.954,1.07,8,5
HD 20807_1,1.8419020000797377,0.06181081738458112,HD 20807,0.954,1.07,8,5
HD 20807_1,1.8616225896770726,0.08724359601789555,HD 20807,0.954,1.07,8,5
HD 20807_1,1.844558848788668,0.05993506877941378,HD 20807,0.954,1.07,8,5
HD 20807_1,1.845493858116311,0.08453069645545758,HD 20807,0.954,1.07,8,5
HD 20807_1,1.8445549219697417,0.06271308907891927,HD 20807,0.954,1.07,8,5
HD 20807_1,1.8488918515313943,0.06227352237608565,HD 20807,0.954,1.07,8,5
HD 20807_1,1.8534524120572609,0.10236979158076387,HD 20807,0.954,1.07,8,5
HD 20807_1,1.8555662425549577,0.10909040984369008,HD 20807,0.954,1.07,8,5
HD 20807_1,1.851860096338643,0.06595654649881001,HD 20807,0.954,1.07,8,5
HD 20807_1,1.8549520049022743,0.0701174546725202,HD 20807,0.954,1.07,8,5
HD 20807_1,1.850512881266301,0.06624586550590392,HD 20807,0.954,1.07,8,5
HD 20807_1,1.8519830656331508,0.06774471926847875,HD 20807,0.954,1.07,8,5
HD 20807_1,1.852960954089994,0.10695073717662304,HD 20807,0.954,1.07,8,5
HD 20807_1,1.8538265808756806,0.07674000167583625,HD 20807,0.954,1.07,8,5
HD 20807_1,1.841819341416056,0.0811848798755616,HD 20807,0.954,1.07,8,5
HD 20807_1,1.844813957090213,0.09180725022293999,HD 20807,0.954,1.07,8,5
HD 20807_1,1.8627870553054722,0.08224137024940008,HD 20807,0.954,1.07,8,5
HD 20807_1,1.8476916911958563,0.06456733999556857,HD 20807,0.954,1.07,8,5
HD 20807_1,1.8502687512667946,0.10022148719262938,HD 20807,0.954,1.07,8,5
HD 20807_1,1.844108488744293,0.06728510481636672,HD 20807,0.954,1.07,8,5
HD 20807_1,1.8528370162739791,0.057708022039234974,HD 20807,0.954,1.07,8,5
HD 20807_1,1.854420674184748,0.0874309626249002,HD 20807,0.954,1.07,8,5
HD 20807_1,1.8469166263005494,0.05816023603685937,HD 20807,0.954,1.07,8,5
HD 20807_1,1.8499438830357415,0.06571210003571469,HD 20807,0.954,1.07,8,5
HD 20807_1,1.8557589022599286,0.08708366610768814,HD 20807,0.954,1.07,8,5
HD 20807_1,1.8645807724846895,0.07714894727034487,HD 20807,0.954,1.07,8,5
HD 20807_1,1.8576118439848681,0.09104065846351833,HD 20807,0.954,1.07,8,5
HD 20807_1,1.8542867506115297,0.09613877267617578,HD 20807,0.954,1.07,8,5
HD 20807_1,1.8449755522457076,0.04467766969284727,HD 20807,0.954,1.07,8,5
HD 20807_1,1.854389371241477,0.08800311659454077,HD 20807,0.954,1.07,8,5
HD 20807_1,1.8505369846281874,0.059294187750442075,HD 20807,0.954,1.07,8,5
HD 20807_1,1.8506880979424623,0.06706342556799415,HD 20807,0.954,1.07,8,5
HD 20807_1,1.8482383624957177,0.08884824338772522,HD 20807,0.954,1.07,8,5
HD 20807_1,1.8536806821353495,0.06986667694836166,HD 20807,0.954,1.07,8,5
HD 20807_1,1.847489182859903,0.08862370321888793,HD 20807,0.954,1.07,8,5
HD 20807_1,1.8514173567084093,0.06711443022763075,HD 20807,0.954,1.07,8,5
HD 20807_1,1.8512632283089725,0.07390889848598782,HD 20807,0.954,1.07,8,5
HD 20807_1,1.8543662032506232,0.054472235494263915,HD 20807,0.954,1.07,8,5
HD 20807_1,1.8501173668584538,0.07129564468804832,HD 20807,0.954,1.07,8,5
HD 20807_1,1.8545330933488018,0.07986916608666637,HD 20807,0.954,1.07,8,5
HD 20807_1,1.8569372606331827,0.07900263641744883,HD 20807,0.954,1.07,8,5
HD 20807_1,1.8500798178777893,0.06918699206482723,HD 20807,0.954,1.07,8,5
HD 20807_1,1.8408020099427747,0.050646327819716355,HD 20807,0.954,1.07,8,5
HD 20807_1,1.8495210476840127,0.0553493953256914,HD 20807,0.954,1.07,8,5
HD 20807_1,1.8607188496134184,0.0642027197599738,HD 20807,0.954,1.07,8,5
HD 20807_1,1.8534542224997683,0.08813187008867789,HD 20807,0.954,1.07,8,5
HD 20807_1,1.845831691426245,0.05325233457839226,HD 20807,0.954,1.07,8,5
HD 20807_1,1.8466354298038343,0.06620197642502207,HD 20807,0.954,1.07,8,5
HD 20807_1,1.846286313189926,0.07474419162014996,HD 20807,0.954,1.07,8,5
HD 20807_1,1.8571876309718658,0.07726477614341655,HD 20807,0.954,1.07,8,5
HD 20807_1,1.8512848197468164,0.0773750784573543,HD 20807,0.954,1.07,8,5
HD 20807_1,1.8565609064602877,0.07006558878517631,HD 20807,0.954,1.07,8,5
HD 20807_1,1.8539431708788192,0.08744437560140325,HD 20807,0.954,1.07,8,5
HD 20807_1,1.8684187586091316,0.06413411932884122,HD 20807,0.954,1.07,8,5
HD 20807_1,1.8605044692154666,0.06534796640556002,HD 20807,0.954,1.07,8,5
HD 20807_1,1.8586526678922086,0.08869321835222485,HD 20807,0.954,1.07,8,5
HD 20807_1,1.8311231883214933,0.07509171277716792,HD 20807,0.954,1.07,8,5
HD 20807_1,1.852853608518701,0.08980811063751225,HD 20807,0.954,1.07,8,5
HD 20807_1,1.8471931624386009,0.07721633442657852,HD 20807,0.954,1.07,8,5
HD 20807_1,1.8442062428972752,0.06311526329286829,HD 20807,0.954,1.07,8,5
HD 20807_1,1.8481853294030421,0.05208456732177074,HD 20807,0.954,1.07,8,5
HD 20807_1,1.8583078702803542,0.09983517402107898,HD 20807,0.954,1.07,8,5
HD 20807_1,1.8606832474373884,0.08772627667295306,HD 20807,0.954,1.07,8,5
HD 20807_1,1.8446420143779962,0.07099679388325925,HD 20807,0.954,1.07,8,5
HD 20807_1,1.843431323893867,0.06064595818631927,HD 20807,0.954,1.07,8,5
HD 20807_1,1.8534907033898107,0.08672660980810842,HD 20807,0.954,1.07,8,5
HD 20807_1,1.8466277353155902,0.07366222880065049,HD 20807,0.954,1.07,8,5
HD 20807_1,1.8360585614329648,0.052867292594098156,HD 20807,0.954,1.07,8,5
HD 20807_1,1.8447293769249928,0.0629691660850455,HD 20807,0.954,1.07,8,5
HD 20807_1,1.8509277696612825,0.07122248880871339,HD 20807,0.954,1.07,8,5
HD 20807_1,1.8528328680502346,0.058410118516873874,HD 20807,0.954,1.07,8,5
HD 20807_1,1.8475584617679643,0.06851079558701693,HD 20807,0.954,1.07,8,5
HD 20807_1,1.8559451286212294,0.08413078542835811,HD 20807,0.954,1.07,8,5
HD 20807_1,1.8541507928696386,0.07078073134283044,HD 20807,0.954,1.07,8,5
HD 20807_1,1.8627124573332288,0.10603799271886995,HD 20807,0.954,1.07,8,5
HD 20807_1,1.851133713833909,0.08576593967553778,HD 20807,0.954,1.07,8,5
HD 20807_1,1.856851890188258,0.09608281079429357,HD 20807,0.954,1.07,8,5
HD 20807_1,1.8534906324302896,0.0740213037646624,HD 20807,0.954,1.07,8,5
HD 20807_1,1.8424872494781273,0.07064471819210141,HD 20807,0.954,1.07,8,5
HD 20807_1,1.848180314806433,0.09231028187903809,HD 20807,0.954,1.07,8,5
HD 20807_1,1.8496539357852175,0.08791735032320462,HD 20807,0.954,1.07,8,5
HD 20807_1,1.846594991423885,0.09221696924365926,HD 20807,0.954,1.07,8,5
HD 20807_1,1.8498724207503998,0.06530445750571018,HD 20807,0.954,1.07,8,5
HD 20807_1,1.8488876685455482,0.06914149588109667,HD 20807,0.954,1.07,8,5
HD 20807_1,1.8515962255880924,0.09635364474969284,HD 20807,0.954,1.07,8,5
HD 20807_1,1.8486321503860828,0.07311992766480883,HD 20807,0.954,1.07,8,5
HD 20807_1,1.8484108544163163,0.06744171299770166,HD 20807,0.954,1.07,8,5
HD 20807_1,1.8418918409903173,0.07470145079744149,HD 20807,0.954,1.07,8,5
HD 20807_1,1.8562470714125123,0.10402934108626237,HD 20807,0.954,1.07,8,5
HD 20807_1,1.8386812083107915,0.07416926277650723,HD 20807,0.954,1.07,8,5
HD 20807_1,1.846090688738478,0.05817797122921635,HD 20807,0.954,1.07,8,5
HD 20807_1,1.8604893397754376,0.10215930858128694,HD 20807,0.954,1.07,8,5
HD 20807_1,1.8412101056403976,0.06961668123155089,HD 20807,0.954,1.07,8,5
HD 20807_1,1.8437422723354537,0.06697104579760553,HD 20807,0.954,1.07,8,5
HD 20807_1,1.8477013140861032,0.06191367369602092,HD 20807,0.954,1.07,8,5
HD 20807_1,1.850352618781007,0.07495528716048235,HD 20807,0.954,1.07,8,5
HD 20807_1,1.858110528078112,0.04793617998806895,HD 20807,0.954,1.07,8,5
HD 20807_1,1.8375961146289976,0.08252300885089367,HD 20807,0.954,1.07,8,5
HD 20807_1,1.8419020000797377,0.06181081738458112,HD 20807,0.954,1.07,8,5
HD 20807_1,1.8462675604661103,0.07338026281792309,HD 20807,0.954,1.07,8,5
HD 20807_1,1.8429309018030107,0.07840813392536991,HD 20807,0.954,1.07,8,5
HD 20807_1,1.8680223229131776,0.08752746740701264,HD 20807,0.954,1.07,8,5
HD 20807_1,1.8511290655133295,0.09674221875179044,HD 20807,0.954,1.07,8,5
HD 20807_1,1.839631129723488,0.06416498126027792,HD 20807,0.954,1.07,8,5
HD 20807_1,1.8500476750994967,0.09323394617783609,HD 20807,0.954,1.07,8,5
HD 20807_1,1.8495331973154019,0.09660848183694172,HD 20807,0.954,1.07,8,5
HD 20807_1,1.8547596524202177,0.0884420939918085,HD 20807,0.954,1.07,8,5
HD 20807_1,1.8544165107398514,0.055619207038505196,HD 20807,0.954,1.07,8,5
HD 20807_1,1.857002299572505,0.11622688497744027,HD 20807,0.954,1.07,8,5
HD 20807_1,1.8557374249006966,0.08638888564051128,HD 20807,0.954,1.07,8,5
HD 20807_1,1.8605169572576914,0.06412722323217791,HD 20807,0.954,1.07,8,5
HD 20807_1,1.8497095390061435,0.08014425078127548,HD 20807,0.954,1.07,8,5
HD 20807_1,1.8424540354974668,0.06452639543025021,HD 20807,0.954,1.07,8,5
HD 20807_1,1.8605339786975545,0.09599343265857324,HD 20807,0.954,1.07,8,5
HD 20807_1,1.8403643901527351,0.06706724447567525,HD 20807,0.954,1.07,8,5
HD 20807_1,1.8391959716045647,0.07070430612363551,HD 20807,0.954,1.07,8,5
HD 20807_1,1.8364630088223668,0.057900439883093194,HD 20807,0.954,1.07,8,5
HD 20807_1,1.848216200192718,0.07208354630252432,HD 20807,0.954,1.07,8,5
HD 20807_1,1.839265704328022,0.06380716928159376,HD 20807,0.954,1.07,8,5
HD 20807_1,1.8533664616642362,0.07384774030209458,HD 20807,0.954,1.07,8,5
HD 20807_1,1.855198760331101,0.0952849310012254,HD 20807,0.954,1.07,8,5
HD 20807_1,1.857411175522378,0.09899001811410568,HD 20807,0.954,1.07,8,5
HD 20807_1,1.858367269318389,0.09229176989948318,HD 20807,0.954,1.07,8,5
HD 20807_1,1.8438299109795206,0.10125035421222031,HD 20807,0.954,1.07,8,5
HD 20807_1,1.862613411013492,0.07336700110208731,HD 20807,0.954,1.07,8,5
HD 20807_1,1.8463091091733,0.08607487501184846,HD 20807,0.954,1.07,8,5
HD 20807_1,1.8484834647582369,0.07562398952011842,HD 20807,0.954,1.07,8,5
HD 20807_1,1.8438699851160116,0.06852576147124614,HD 20807,0.954,1.07,8,5
HD 20807_1,1.8499824497411668,0.07073366248858813,HD 20807,0.954,1.07,8,5
HD 20807_1,1.8593464968875673,0.053281019072690054,HD 20807,0.954,1.07,8,5
HD 20807_1,1.8523732637237678,0.07504552807338616,HD 20807,0.954,1.07,8,5
HD 20807_1,1.8533376574538436,0.07475843374856013,HD 20807,0.954,1.07,8,5
HD 20807_1,1.8591923485300035,0.07854269975447453,HD 20807,0.954,1.07,8,5
HD 20807_1,1.8462776957423601,0.0665733208439858,HD 20807,0.954,1.07,8,5
HD 20807_1,1.8524436088669236,0.06176153321505145,HD 20807,0.954,1.07,8,5
HD 20807_1,1.8482047002857935,0.06729368216222316,HD 20807,0.954,1.07,8,5
HD 20807_1,1.862274538651057,0.09645532859225203,HD 20807,0.954,1.07,8,5
HD 20807_1,1.8568063044964196,0.054911424859426586,HD 20807,0.954,1.07,8,5
HD 20807_1,1.8586923310573702,0.06428503262074094,HD 20807,0.954,1.07,8,5
HD 20807_1,1.8633509414584453,0.07027729068630989,HD 20807,0.954,1.07,8,5
HD 20807_1,1.8505073612706084,0.07734243851069006,HD 20807,0.954,1.07,8,5
HD 20807_1,1.8462143527533226,0.0685473012389123,HD 20807,0.954,1.07,8,5
HD 20807_1,1.8531699942326156,0.08974214020330992,HD 20807,0.954,1.07,8,5
HD 20807_1,1.8513143554618718,0.08626729344239681,HD 20807,0.954,1.07,8,5
HD 20807_1,1.856136862911458,0.07392193012878323,HD 20807,0.954,1.07,8,5
HD 20807_1,1.854534585036202,0.05816147154844936,HD 20807,0.954,1.07,8,5
HD 20807_1,1.8587124206629573,0.05656754167582658,HD 20807,0.954,1.07,8,5
HD 20807_1,1.849273214789894,0.0807513153101775,HD 20807,0.954,1.07,8,5
HD 20807_1,1.8516252589390756,0.06936566296282283,HD 20807,0.954,1.07,8,5
HD 20807_1,1.8513230318183616,0.07387249970243498,HD 20807,0.954,1.07,8,5
HD 20807_1,1.8512705354047925,0.08831127697199155,HD 20807,0.954,1.07,8,5
HD 20807_1,1.8539919796947386,0.07424612867367009,HD 20807,0.954,1.07,8,5
HD 20807_1,1.8451615588587522,0.08887494610567565,HD 20807,0.954,1.07,8,5
HD 20807_1,1.8512575353010918,0.07736445965650389,HD 20807,0.954,1.07,8,5
HD 20807_1,1.8585565916166604,0.08912311463215129,HD 20807,0.954,1.07,8,5
HD 20807_1,1.8544383297555742,0.0706581609020477,HD 20807,0.954,1.07,8,5
HD 20807_1,1.8443956805870245,0.05543178854886756,HD 20807,0.954,1.07,8,5
HD 20807_1,1.8543931814856376,0.07367349489196603,HD 20807,0.954,1.07,8,5
HD 20807_1,1.846796605551166,0.06572603229290737,HD 20807,0.954,1.07,8,5
HD 20807_1,1.8513460789489207,0.07396053439751515,HD 20807,0.954,1.07,8,5
HD 20807_1,1.8643767281484915,0.06129297288933863,HD 20807,0.954,1.07,8,5
HD 20807_1,1.8404209487190757,0.06672455117690888,HD 20807,0.954,1.07,8,5
HD 20807_1,1.8450178250637024,0.07627768127273282,HD 20807,0.954,1.07,8,5
HD 20807_1,1.864061349938561,0.06186205972587991,HD 20807,0.954,1.07,8,5
HD 20807_1,1.8520078315750659,0.08587857930146138,HD 20807,0.954,1.07,8,5
HD 20807_1,1.8507399832804776,0.08967615469784546,HD 20807,0.954,1.07,8,5
HD 20807_1,1.8436601465883953,0.0839034294868331,HD 20807,0.954,1.07,8,5
HD 20807_1,1.8518839651109658,0.061121870505958645,HD 20807,0.954,1.07,8,5
HD 20807_1,1.8489342135867992,0.10046160062669848,HD 20807,0.954,1.07,8,5
HD 20807_1,1.8462199360650973,0.08104996715054322,HD 20807,0.954,1.07,8,5
HD 20807_1,1.8587620649799466,0.08930872694345496,HD 20807,0.954,1.07,8,5
HD 20807_1,1.8410769671930942,0.08445778640249821,HD 20807,0.954,1.07,8,5
HD 20807_1,1.8414051373682518,0.06899863954630112,HD 20807,0.954,1.07,8,5
HD 20807_1,1.8429685874111612,0.07743528099510558,HD 20807,0.954,1.07,8,5
HD 20807_1,1.8454750013815253,0.09539727180114692,HD 20807,0.954,1.07,8,5
HD 20807_1,1.8460815562153816,0.07167643099777526,HD 20807,0.954,1.07,8,5
HD 20807_1,1.8530739679460355,0.08116695300493566,HD 20807,0.954,1.07,8,5
HD 20807_1,1.853977934917693,0.07479220691907817,HD 20807,0.954,1.07,8,5
HD 20807_1,1.8522410685820978,0.08811389453501026,HD 20807,0.954,1.07,8,5
HD 20807_1,1.8482873038809668,0.07685348660572403,HD 20807,0.954,1.07,8,5
HD 20807_1,1.8571656691231377,0.06946636434093963,HD 20807,0.954,1.07,8,5
HD 20807_1,1.8529419421152324,0.08063358773970225,HD 20807,0.954,1.07,8,5
HD 20807_1,1.846024717965152,0.07878536721224184,HD 20807,0.954,1.07,8,5
HD 20807_1,1.8587207891624011,0.07046665129686336,HD 20807,0.954,1.07,8,5
HD 20807_1,1.8570727857143465,0.06923541494276318,HD 20807,0.954,1.07,8,5
HD 20807_1,1.8503996890613792,0.06484896433754654,HD 20807,0.954,1.07,8,5
HD 20807_1,1.8549509283279533,0.08586969794588858,HD 20807,0.954,1.07,8,5
HD 20807_1,1.8481351199774476,0.08722559039452908,HD 20807,0.954,1.07,8,5
HD 20807_1,1.8490951781442058,0.06218436432851513,HD 20807,0.954,1.07,8,5
HD 20807_1,1.8490339533056068,0.0707422071989626,HD 20807,0.954,1.07,8,5
HD 20807_1,1.8505547386646215,0.06014050407078261,HD 20807,0.954,1.07,8,5
HD 20807_1,1.8595594257542696,0.10322064719544898,HD 20807,0.954,1.07,8,5
HD 20807_1,1.855309039077809,0.08784573059856743,HD 20807,0.954,1.07,8,5
HD 20807_1,1.8464134446645064,0.07658726369310298,HD 20807,0.954,1.07,8,5
HD 20807_1,1.852562996425162,0.054019210239680586,HD 20807,0.954,1.07,8,5
HD 20807_1,1.8560037331303254,0.07640573944591779,HD 20807,0.954,1.07,8,5
HD 20807_1,1.8419918465974097,0.06893655718238345,HD 20807,0.954,1.07,8,5
HD 20807_1,1.848652592315184,0.05663830277014235,HD 20807,0.954,1.07,8,5
HD 20807_1,1.8388706764851646,0.09454399157727414,HD 20807,0.954,1.07,8,5
HD 20807_1,1.8441826881964964,0.05955655987907659,HD 20807,0.954,1.07,8,5
HD 20807_1,1.8505524821110033,0.04917851223586371,HD 20807,0.954,1.07,8,5
HD 20807_1,1.8473280408019768,0.07154739754819335,HD 20807,0.954,1.07,8,5
HD 20807_1,1.8461325506804056,0.05187481806596898,HD 20807,0.954,1.07,8,5
HD 20807_1,1.8639331578066067,0.09400030523171106,HD 20807,0.954,1.07,8,5
HD 20807_1,1.8544964420490966,0.07134910911462815,HD 20807,0.954,1.07,8,5
HD 20807_1,1.8492426234320236,0.06421859476344927,HD 20807,0.954,1.07,8,5
HD 20807_1,1.8513855356335749,0.07792434946298803,HD 20807,0.954,1.07,8,5
HD 20807_1,1.8541324954392842,0.0814259952576397,HD 20807,0.954,1.07,8,5
HD 20807_1,1.8562807278610942,0.058679320700782536,HD 20807,0.954,1.07,8,5
HD 20807_1,1.847070219007535,0.0769867945441523,HD 20807,0.954,1.07,8,5
HD 20807_1,1.8509969049777617,0.05353750820179491,HD 20807,0.954,1.07,8,5
HD 20807_1,1.846190558040934,0.07706120687784634,HD 20807,0.954,1.07,8,5
HD 20807_1,1.8490081041400481,0.06361412817675496,HD 20807,0.954,1.07,8,5
HD 20807_1,1.843586567495938,0.07550797807279887,HD 20807,0.954,1.07,8,5
HD 20807_1,1.8615251628330274,0.10606142166448274,HD 20807,0.954,1.07,8,5
HD 20807_1,1.8634702211343905,0.07544695290893533,HD 20807,0.954,1.07,8,5
HD 20807_1,1.8483818795992535,0.0868271911855722,HD 20807,0.954,1.07,8,5
HD 20807_1,1.85852844781139,0.08770467608149111,HD 20807,0.954,1.07,8,5
HD 20807_1,1.8474923066104254,0.08189578232697126,HD 20807,0.954,1.07,8,5
HD 20807_1,1.843765049216425,0.04821717149963836,HD 20807,0.954,1.07,8,5
HD 20807_1,1.8518509302855248,0.08333653600487256,HD 20807,0.954,1.07,8,5
HD 20807_1,1.8416445788095341,0.08417287865587514,HD 20807,0.954,1.07,8,5
HD 20807_1,1.8461743997137101,0.07182628109865356,HD 20807,0.954,1.07,8,5
HD 20807_1,1.8489711745854793,0.06531171777103294,HD 20807,0.954,1.07,8,5
HD 20807_1,1.8528500956970997,0.05660624266783292,HD 20807,0.954,1.07,8,5
HD 20807_1,1.8386485656923914,0.08522217185939383,HD 20807,0.954,1.07,8,5
HD 20807_1,1.8479471503235345,0.09167363190616434,HD 20807,0.954,1.07,8,5
HD 20807_1,1.851479774720495,0.07396330709767318,HD 20807,0.954,1.07,8,5
HD 20807_1,1.8522163245742793,0.07645858018409397,HD 20807,0.954,1.07,8,5
HD 20807_1,1.838665062335968,0.07069529410625844,HD 20807,0.954,1.07,8,5
HD 20807_1,1.8447222943237593,0.08454647826505991,HD 20807,0.954,1.07,8,5
HD 20807_1,1.8561815662144812,0.07911503932116566,HD 20807,0.954,1.07,8,5
HD 20807_1,1.8488751426204917,0.07922423322503828,HD 20807,0.954,1.07,8,5
HD 20807_1,1.8524864595921826,0.07910428085936769,HD 20807,0.954,1.07,8,5
HD 20807_1,1.856256703317295,0.10858630268340456,HD 20807,0.954,1.07,8,5
HD 20807_1,1.8530504843908069,0.09352365737202376,HD 20807,0.954,1.07,8,5
HD 20807_1,1.853218000516902,0.06321587951809732,HD 20807,0.954,1.07,8,5
HD 20807_1,1.8502337745534303,0.07228457425044761,HD 20807,0.954,1.07,8,5
HD 20807_1,1.8374226325938114,0.06192901385594664,HD 20807,0.954,1.07,8,5
HD 20807_1,1.8514376260824006,0.09985355209225985,HD 20807,0.954,1.07,8,5
HD 20807_1,1.837082726738462,0.07291216349377193,HD 20807,0.954,1.07,8,5
HD 20807_1,1.867820733400443,0.055088600962294246,HD 20807,0.954,1.07,8,5
HD 20807_1,1.8453980679375568,0.06938031543319456,HD 20807,0.954,1.07,8,5
HD 20807_1,1.8375759400261493,0.061153082106407915,HD 20807,0.954,1.07,8,5
HD 20807_1,1.8380266711843354,0.04375475417890087,HD 20807,0.954,1.07,8,5
HD 20807_1,1.8406177334984422,0.05089705920850078,HD 20807,0.954,1.07,8,5
HD 20807_1,1.8534718857444643,0.06993181961277173,HD 20807,0.954,1.07,8,5
HD 20807_1,1.8541706160413731,0.07965800642906726,HD 20807,0.954,1.07,8,5
HD 20807_1,1.8526366087691646,0.08611352623568586,HD 20807,0.954,1.07,8,5
HD 20807_1,1.8371508681911675,0.07430350750616327,HD 20807,0.954,1.07,8,5
HD 20807_1,1.8445779265363376,0.0806816550070694,HD 20807,0.954,1.07,8,5
HD 20807_1,1.8485289695493239,0.07683804690920831,HD 20807,0.954,1.07,8,5
HD 20807_1,1.8483943567219778,0.09259902530157872,HD 20807,0.954,1.07,8,5
HD 20807_1,1.855069481455074,0.10264539685070356,HD 20807,0.954,1.07,8,5
HD 20807_1,1.8478825870379836,0.07657134741062865,HD 20807,0.954,1.07,8,5
HD 20807_1,1.8550925509993856,0.07416626103337566,HD 20807,0.954,1.07,8,5
HD 20807_1,1.8467367366627936,0.07291906322459374,HD 20807,0.954,1.07,8,5
HD 20807_1,1.8551095316512591,0.0740335757860022,HD 20807,0.954,1.07,8,5
HD 20807_1,1.8514600058366293,0.07056174095187873,HD 20807,0.954,1.07,8,5
HD 20807_1,1.8568047720430947,0.07326415781552797,HD 20807,0.954,1.07,8,5
HD 20807_1,1.8629229139342012,0.07330730542947374,HD 20807,0.954,1.07,8,5
HD 20807_1,1.854370165915009,0.06984859603063948,HD 20807,0.954,1.07,8,5
HD 20807_1,1.8529071570161484,0.08221646905108618,HD 20807,0.954,1.07,8,5
HD 20807_1,1.848556933016576,0.09961065911421142,HD 20807,0.954,1.07,8,5
HD 20807_1,1.8547932247013639,0.06744037175317273,HD 20807,0.954,1.07,8,5
HD 20807_1,1.8611919587130126,0.06238815290871189,HD 20807,0.954,1.07,8,5
HD 20807_1,1.8645166606249441,0.08018571857826631,HD 20807,0.954,1.07,8,5
HD 20807_1,1.852853608518701,0.08980811063751225,HD 20807,0.954,1.07,8,5
HD 20807_1,1.8479039812266198,0.05111798617239745,HD 20807,0.954,1.07,8,5
HD 20807_1,1.8440077897537728,0.08959858589389832,HD 20807,0.954,1.07,8,5
HD 20807_1,1.8388993932376119,0.07485164669364708,HD 20807,0.954,1.07,8,5
HD 20807_1,1.8420797588556796,0.06154649466402313,HD 20807,0.954,1.07,8,5
HD 20807_1,1.8499427768342858,0.08051984352553193,HD 20807,0.954,1.07,8,5
HD 20807_1,1.8411307336109926,0.087241406057311,HD 20807,0.954,1.07,8,5
HD 20807_1,1.8533078936391612,0.08210568006076441,HD 20807,0.954,1.07,8,5
HD 20807_1,1.8598378887711238,0.07143369264210123,HD 20807,0.954,1.07,8,5
HD 20807_1,1.8489481171164128,0.09548091500685989,HD 20807,0.954,1.07,8,5
HD 20807_1,1.84539123899284,0.11581110698071098,HD 20807,0.954,1.07,8,5
HD 20807_1,1.8558344246413094,0.061212408527791355,HD 20807,0.954,1.07,8,5
HD 20807_1,1.8638468328808364,0.08264822088529518,HD 20807,0.954,1.07,8,5
HD 20807_1,1.8456100754649052,0.05384404796700212,HD 20807,0.954,1.07,8,5
HD 20807_1,1.8579085782980438,0.06335570496962993,HD 20807,0.954,1.07,8,5
HD 20807_1,1.8597178180053762,0.09652369645517359,HD 20807,0.954,1.07,8,5
HD 20807_1,1.8572411100024877,0.07575909403956471,HD 20807,0.954,1.07,8,5
HD 20807_1,1.8563380239976832,0.0909640725864966,HD 20807,0.954,1.07,8,5
HD 20807_1,1.860589246997973,0.08556074778225431,HD 20807,0.954,1.07,8,5
HD 20807_1,1.8416621463232883,0.0798009052811792,HD 20807,0.954,1.07,8,5
HD 20807_1,1.856058055279241,0.0519205142053165,HD 20807,0.954,1.07,8,5
HD 20807_1,1.8418789132177604,0.06456386317750888,HD 20807,0.954,1.07,8,5
HD 20807_1,1.8574166458700463,0.07546080034181482,HD 20807,0.954,1.07,8,5
HD 20807_1,1.845884932353147,0.07717343531798095,HD 20807,0.954,1.07,8,5
HD 20807_1,1.84263234325997,0.06558546230106935,HD 20807,0.954,1.07,8,5
HD 20807_1,1.84003970718375,0.050141193703911735,HD 20807,0.954,1.07,8,5
HD 20807_1,1.8374056202537785,0.05814984058429161,HD 20807,0.954,1.07,8,5
HD 20807_1,1.8480025578044583,0.05986367744454085,HD 20807,0.954,1.07,8,5
HD 20807_1,1.8521019794905005,0.06266886307165605,HD 20807,0.954,1.07,8,5
HD 20807_1,1.8487520730180789,0.09817102109203915,HD 20807,0.954,1.07,8,5
HD 20807_1,1.8432431314992048,0.04780867087759147,HD 20807,0.954,1.07,8,5
HD 20807_1,1.8506140288592154,0.08377289590054575,HD 20807,0.954,1.07,8,5
HD 20807_1,1.8480619643337715,0.06624324254411752,HD 20807,0.954,1.07,8,5
HD 20807_1,1.8504939609303952,0.0700638047115727,HD 20807,0.954,1.07,8,5
HD 20807_1,1.8519860478909875,0.08425031763824982,HD 20807,0.954,1.07,8,5
HD 20807_1,1.8423517352858976,0.09574179944841454,HD 20807,0.954,1.07,8,5
HD 20807_1,1.8450594820329198,0.0639433885604591,HD 20807,0.954,1.07,8,5
HD 20807_1,1.8513560508513978,0.09160450004606582,HD 20807,0.954,1.07,8,5
HD 20807_1,1.8539599592233404,0.07440916044465187,HD 20807,0.954,1.07,8,5
HD 20807_1,1.8491757835220395,0.06863069757106023,HD 20807,0.954,1.07,8,5
HD 20807_1,1.8494417675734074,0.06883497002172437,HD 20807,0.954,1.07,8,5
HD 20807_1,1.8543556697738852,0.08281600798894888,HD 20807,0.954,1.07,8,5
HD 20807_1,1.851656384292956,0.059130530505053056,HD 20807,0.954,1.07,8,5
HD 20807_1,1.8494544733950975,0.08424560091257585,HD 20807,0.954,1.07,8,5
HD 20807_1,1.8496797867630976,0.07664188878124095,HD 20807,0.954,1.07,8,5
HD 20807_1,1.8498653579728013,0.07195718747875443,HD 20807,0.954,1.07,8,5
HD 20807_1,1.8545118226219781,0.0702214344473628,HD 20807,0.954,1.07,8,5
HD 20807_1,1.8480292661157558,0.09970034145636256,HD 20807,0.954,1.07,8,5
HD 20807_1,1.841662541771343,0.08473257049982091,HD 20807,0.954,1.07,8,5
HD 20807_1,1.8444353457803542,0.060748503171903195,HD 20807,0.954,1.07,8,5
HD 20807_1,1.8458826810446363,0.07744811091085832,HD 20807,0.954,1.07,8,5
HD 20807_1,1.8572502711687653,0.08764269301595569,HD 20807,0.954,1.07,8,5
HD 20807_1,1.8430337519518836,0.0962653650306819,HD 20807,0.954,1.07,8,5
HD 20807_1,1.8400300780230774,0.060045677434236853,HD 20807,0.954,1.07,8,5
HD 20807_1,1.8611808881742897,0.09572952496785253,HD 20807,0.954,1.07,8,5
HD 20807_1,1.8550332234650895,0.07070945441002904,HD 20807,0.954,1.07,8,5
HD 20807_1,1.8398130765836613,0.05992232707410601,HD 20807,0.954,1.07,8,5
HD 20807_1,1.8502057787002522,0.07271415885949893,HD 20807,0.954,1.07,8,5
HD 20807_1,1.847859793707873,0.054214913027924874,HD 20807,0.954,1.07,8,5
HD 20807_1,1.8553639159965483,0.08973149349169066,HD 20807,0.954,1.07,8,5
HD 20807_1,1.8515080428949517,0.08196643004895687,HD 20807,0.954,1.07,8,5
HD 20807_1,1.8583032414463783,0.06219872663824229,HD 20807,0.954,1.07,8,5
HD 20807_1,1.8436922227741084,0.07120392569965456,HD 20807,0.954,1.07,8,5
HD 20807_1,1.8539135425805533,0.09892182963062945,HD 20807,0.954,1.07,8,5
HD 20807_1,1.8423982910352323,0.07142921366907692,HD 20807,0.954,1.07,8,5
HD 20807_1,1.8542073013332998,0.0849210690944715,HD 20807,0.954,1.07,8,5
HD 20807_1,1.8546515046812575,0.06796603701664158,HD 20807,0.954,1.07,8,5
HD 20807_1,1.8517690314124269,0.08201557456969616,HD 20807,0.954,1.07,8,5
HD 20807_1,1.835083911050536,0.06006235781858149,HD 20807,0.954,1.07,8,5
HD 20807_1,1.8552721663052694,0.0933965440459005,HD 20807,0.954,1.07,8,5
HD 20807_1,1.8513927278153102,0.08613744962746352,HD 20807,0.954,1.07,8,5
HD 20807_1,1.8585232629420538,0.08289508790123802,HD 20807,0.954,1.07,8,5
HD 20807_1,1.8464846211337984,0.03842830991607016,HD 20807,0.954,1.07,8,5
HD 20807_1,1.8501201663339404,0.07138958838473794,HD 20807,0.954,1.07,8,5
HD 20807_1,1.847909683065557,0.06277135821360211,HD 20807,0.954,1.07,8,5
HD 20807_1,1.8590344961339915,0.07770611280561669,HD 20807,0.954,1.07,8,5
HD 20807_1,1.850206775957847,0.07522173564310082,HD 20807,0.954,1.07,8,5
HD 20807_1,1.8555061941330822,0.04718915174752859,HD 20807,0.954,1.07,8,5
HD 20807_1,1.848686410868882,0.05863176590706265,HD 20807,0.954,1.07,8,5
HD 20807_1,1.8383738754259584,0.07656494484860235,HD 20807,0.954,1.07,8,5
HD 20807_1,1.8467568088547381,0.06521583927971603,HD 20807,0.954,1.07,8,5
HD 20807_1,1.8510556339522732,0.06853822908796793,HD 20807,0.954,1.07,8,5
HD 20807_1,1.8630823756905663,0.05213559443962505,HD 20807,0.954,1.07,8,5
HD 20807_1,1.8562415448291882,0.08998646999900159,HD 20807,0.954,1.07,8,5
HD 20807_1,1.8541513250523616,0.09766530161708556,HD 20807,0.954,1.07,8,5
HD 20807_1,1.8558221097601744,0.0758798534180801,HD 20807,0.954,1.07,8,5
HD 20807_1,1.8422075083233647,0.06951894367048428,HD 20807,0.954,1.07,8,5
HD 20807_1,1.8449638594127533,0.07358284152392973,HD 20807,0.954,1.07,8,5
HD 20807_1,1.8491485504606007,0.06827360769850531,HD 20807,0.954,1.07,8,5
HD 20807_1,1.8558618259026152,0.09448157216631532,HD 20807,0.954,1.07,8,5
HD 20807_1,1.8577193222461448,0.07896048811500375,HD 20807,0.954,1.07,8,5
HD 20807_1,1.8519043175971077,0.06213439878042899,HD 20807,0.954,1.07,8,5
HD 20807_1,1.8378308482561794,0.07667874796026983,HD 20807,0.954,1.07,8,5
HD 20807_1,1.837451042063501,0.07712084114967527,HD 20807,0.954,1.07,8,5
HD 20807_1,1.8532776622468066,0.08763168845813844,HD 20807,0.954,1.07,8,5
HD 20807_1,1.8442634186801279,0.056098383667910395,HD 20807,0.954,1.07,8,5
HD 20807_1,1.851047879864893,0.06251022709613079,HD 20807,0.954,1.07,8,5
HD 20807_1,1.8506386673630248,0.07391488629945128,HD 20807,0.954,1.07,8,5
HD 20807_1,1.8540697823268324,0.06682137285952333,HD 20807,0.954,1.07,8,5
HD 20807_1,1.8489722474479393,0.08778865316708266,HD 20807,0.954,1.07,8,5
HD 20807_1,1.849485369185222,0.08756320745148612,HD 20807,0.954,1.07,8,5
HD 20807_1,1.864246922318269,0.09283934196312335,HD 20807,0.954,1.07,8,5
HD 20807_1,1.8423992611366327,0.07569190243177687,HD 20807,0.954,1.07,8,5
HD 20807_1,1.8552856467172174,0.06684845151589294,HD 20807,0.954,1.07,8,5
HD 20807_1,1.8477188314316462,0.10910382611844179,HD 20807,0.954,1.07,8,5
HD 20807_1,1.8375400007913465,0.0531160676864604,HD 20807,0.954,1.07,8,5
HD 20807_1,1.8462474270989921,0.07898564329623177,HD 20807,0.954,1.07,8,5
HD 20807_1,1.8464762643593353,0.08428007708009198,HD 20807,0.954,1.07,8,5
HD 20807_1,1.8644618793788157,0.11429681234950068,HD 20807,0.954,1.07,8,5
HD 20807_1,1.8531137280502763,0.07934640183598013,HD 20807,0.954,1.07,8,5
HD 20807_1,1.8530930706586355,0.0703561135488579,HD 20807,0.954,1.07,8,5
HD 20807_1,1.8439124865130347,0.0664414982476622,HD 20807,0.954,1.07,8,5
HD 20807_1,1.8509479180491963,0.0690644579335033,HD 20807,0.954,1.07,8,5
HD 20807_1,1.8445084994497387,0.055910363079000644,HD 20807,0.954,1.07,8,5
HD 20807_1,1.849247783104687,0.07275664071677686,HD 20807,0.954,1.07,8,5
HD 20807_1,1.8520087048883964,0.08194659256263057,HD 20807,0.954,1.07,8,5
HD 20807_1,1.8470171090068008,0.08639555308384282,HD 20807,0.954,1.07,8,5
HD 20807_1,1.8578991004387067,0.07950818738522987,HD 20807,0.954,1.07,8,5
HD 128621_4,1.2458356150865866,0.05484500260112159,HD 128621,1.179,0.94,8,8
HD 128621_4,1.2458853728631345,0.05518330894328407,HD 128621,1.179,0.94,8,8
HD 128621_4,1.2463455712326927,0.056062170792230255,HD 128621,1.179,0.94,8,8
HD 128621_4,1.246482531267047,0.05501015108821822,HD 128621,1.179,0.94,8,8
HD 128621_4,1.246030388220888,0.0546757906272582,HD 128621,1.179,0.94,8,8
HD 128621_4,1.2460286588185447,0.05470387554978897,HD 128621,1.179,0.94,8,8
HD 128621_4,1.2462554030642545,0.057738736793211565,HD 128621,1.179,0.94,8,8
HD 128621_4,1.245895169454046,0.055649090466650675,HD 128621,1.179,0.94,8,8
HD 128621_4,1.246198022087341,0.05411225199209662,HD 128621,1.179,0.94,8,8
HD 128621_4,1.2460069450959876,0.05675466824544821,HD 128621,1.179,0.94,8,8
HD 128621_4,1.246523248260544,0.05479874852452262,HD 128621,1.179,0.94,8,8
HD 128621_4,1.2456573843963352,0.05491673329976835,HD 128621,1.179,0.94,8,8
HD 128621_4,1.246043149494342,0.05654241374972775,HD 128621,1.179,0.94,8,8
HD 128621_4,1.2460199541596226,0.05435979536975097,HD 128621,1.179,0.94,8,8
HD 128621_4,1.2457566438034047,0.05743391602158725,HD 128621,1.179,0.94,8,8
HD 128621_4,1.2458135678428435,0.056584245147021976,HD 128621,1.179,0.94,8,8
HD 128621_4,1.245592423573166,0.05529099871104573,HD 128621,1.179,0.94,8,8
HD 128621_4,1.245447225987924,0.05407883989776753,HD 128621,1.179,0.94,8,8
HD 128621_4,1.2455307036371792,0.05395106880394805,HD 128621,1.179,0.94,8,8
HD 128621_4,1.2463953961534493,0.05358972273882307,HD 128621,1.179,0.94,8,8
HD 128621_4,1.24606284470053,0.05781526624242534,HD 128621,1.179,0.94,8,8
HD 128621_4,1.2456012008461603,0.05718383172669889,HD 128621,1.179,0.94,8,8
HD 128621_4,1.2457872786283188,0.05407244279093318,HD 128621,1.179,0.94,8,8
HD 128621_4,1.2461142144595603,0.05597658560410414,HD 128621,1.179,0.94,8,8
HD 128621_4,1.2454553931367363,0.054907280990120926,HD 128621,1.179,0.94,8,8
HD 128621_4,1.245600541688283,0.05385752615262616,HD 128621,1.179,0.94,8,8
HD 128621_4,1.2455479822667115,0.054787441262983794,HD 128621,1.179,0.94,8,8
HD 128621_4,1.2459876149362856,0.05668041076465455,HD 128621,1.179,0.94,8,8
HD 128621_4,1.2458411413800674,0.055961878228254526,HD 128621,1.179,0.94,8,8
HD 128621_4,1.2456598320069991,0.05554017074941703,HD 128621,1.179,0.94,8,8
HD 128621_4,1.2465936764062653,0.055218422377861655,HD 128621,1.179,0.94,8,8
HD 128621_4,1.245730149030913,0.057014543166735966,HD 128621,1.179,0.94,8,8
HD 128621_4,1.2464258635150645,0.05587714778907328,HD 128621,1.179,0.94,8,8
HD 128621_4,1.245586559058722,0.056561889927782605,HD 128621,1.179,0.94,8,8
HD 128621_4,1.2459719114578138,0.055219986143339686,HD 128621,1.179,0.94,8,8
HD 128621_4,1.245740286613439,0.054942757583343944,HD 128621,1.179,0.94,8,8
HD 128621_4,1.245749618364456,0.056641506546169146,HD 128621,1.179,0.94,8,8
HD 128621_4,1.246058233824409,0.05612752718169426,HD 128621,1.179,0.94,8,8
HD 128621_4,1.2459904432505784,0.05715718715488969,HD 128621,1.179,0.94,8,8
HD 128621_4,1.2464651436333742,0.05588190928659157,HD 128621,1.179,0.94,8,8
HD 128621_4,1.2460425812915108,0.057884210942019065,HD 128621,1.179,0.94,8,8
HD 128621_4,1.2462628158684057,0.055353003742940346,HD 128621,1.179,0.94,8,8
HD 128621_4,1.2456158870670626,0.056320965794369654,HD 128621,1.179,0.94,8,8
HD 128621_4,1.2457499481410357,0.05537137059602608,HD 128621,1.179,0.94,8,8
HD 128621_4,1.2463796143485546,0.0562632408246222,HD 128621,1.179,0.94,8,8
HD 128621_4,1.2458075340200947,0.05590499102303233,HD 128621,1.179,0.94,8,8
HD 128621_4,1.2458891906279774,0.055917940820358066,HD 128621,1.179,0.94,8,8
HD 128621_4,1.2462111600085284,0.055054398526620585,HD 128621,1.179,0.94,8,8
HD 128621_4,1.245539312056324,0.0550537695701745,HD 128621,1.179,0.94,8,8
HD 128621_4,1.2457620677239551,0.05653805468624204,HD 128621,1.179,0.94,8,8
HD 128621_4,1.245763086175927,0.05526888925719586,HD 128621,1.179,0.94,8,8
HD 128621_4,1.2459411167239856,0.05632853580640264,HD 128621,1.179,0.94,8,8
HD 128621_4,1.2463773208855653,0.05465873704910618,HD 128621,1.179,0.94,8,8
HD 128621_4,1.2459535897549212,0.05549670023097161,HD 128621,1.179,0.94,8,8
HD 128621_4,1.2463973565571995,0.055261869711089484,HD 128621,1.179,0.94,8,8
HD 128621_4,1.246006579016073,0.054581893270588204,HD 128621,1.179,0.94,8,8
HD 128621_4,1.2460413679382008,0.05692933158165185,HD 128621,1.179,0.94,8,8
HD 128621_4,1.2457405660126897,0.056255367585068765,HD 128621,1.179,0.94,8,8
HD 128621_4,1.2458685857102318,0.054719251440728714,HD 128621,1.179,0.94,8,8
HD 128621_4,1.24569064002436,0.054881691484763497,HD 128621,1.179,0.94,8,8
HD 128621_4,1.2461150550986522,0.05522804055159777,HD 128621,1.179,0.94,8,8
HD 128621_4,1.2459607961049717,0.056112750922015946,HD 128621,1.179,0.94,8,8
HD 128621_4,1.2453569216216807,0.05776701138630124,HD 128621,1.179,0.94,8,8
HD 128621_4,1.2464703755616673,0.054016064260890034,HD 128621,1.179,0.94,8,8
HD 128621_4,1.2463304177694716,0.058119236570458505,HD 128621,1.179,0.94,8,8
HD 128621_4,1.2458436581131156,0.05525778518777535,HD 128621,1.179,0.94,8,8
HD 128621_4,1.2455396421492109,0.056241074093845676,HD 128621,1.179,0.94,8,8
HD 128621_4,1.2460196683000335,0.05483018722964626,HD 128621,1.179,0.94,8,8
HD 128621_4,1.246169431802262,0.05496579556052306,HD 128621,1.179,0.94,8,8
HD 128621_4,1.2462001186416702,0.055620159577230974,HD 128621,1.179,0.94,8,8
HD 128621_4,1.2458178872631542,0.055496479655296985,HD 128621,1.179,0.94,8,8
HD 128621_4,1.246294753840713,0.05572379843972897,HD 128621,1.179,0.94,8,8
HD 128621_4,1.2455844321578469,0.05624174991467918,HD 128621,1.179,0.94,8,8
HD 128621_4,1.2461455256262204,0.055902423097409,HD 128621,1.179,0.94,8,8
HD 128621_4,1.2460084954429136,0.05635617184102468,HD 128621,1.179,0.94,8,8
HD 128621_4,1.2457836449255943,0.055209011876179936,HD 128621,1.179,0.94,8,8
HD 128621_4,1.2460837499696154,0.054484739832072346,HD 128621,1.179,0.94,8,8
HD 128621_4,1.2463613087669405,0.05519664071610854,HD 128621,1.179,0.94,8,8
HD 128621_4,1.246201648790639,0.05687329979630643,HD 128621,1.179,0.94,8,8
HD 128621_4,1.2461462091394737,0.055636377883469784,HD 128621,1.179,0.94,8,8
HD 128621_4,1.24650658576063,0.05701675162778509,HD 128621,1.179,0.94,8,8
HD 128621_4,1.246155836416565,0.05587748530954327,HD 128621,1.179,0.94,8,8
HD 128621_4,1.2462526209137437,0.05485012799434379,HD 128621,1.179,0.94,8,8
HD 128621_4,1.246605962171289,0.05648554058304132,HD 128621,1.179,0.94,8,8
HD 128621_4,1.2461171482478177,0.05465876294792272,HD 128621,1.179,0.94,8,8
HD 128621_4,1.2461645247735356,0.054222233682171356,HD 128621,1.179,0.94,8,8
HD 128621_4,1.2457360595405198,0.05454875783613106,HD 128621,1.179,0.94,8,8
HD 128621_4,1.2460884052130632,0.05604531330989093,HD 128621,1.179,0.94,8,8
HD 128621_4,1.2456677335786337,0.05719660584174987,HD 128621,1.179,0.94,8,8
HD 128621_4,1.2460827302946416,0.05720599646408537,HD 128621,1.179,0.94,8,8
HD 128621_4,1.2458475612618956,0.055091037464808985,HD 128621,1.179,0.94,8,8
HD 128621_4,1.2458395007814762,0.05480025617144805,HD 128621,1.179,0.94,8,8
HD 128621_4,1.2459887717779243,0.05568966036704438,HD 128621,1.179,0.94,8,8
HD 128621_4,1.246064357605304,0.05636607642923204,HD 128621,1.179,0.94,8,8
HD 128621_4,1.2458313637905696,0.0553630503480869,HD 128621,1.179,0.94,8,8
HD 128621_4,1.245796784819508,0.0547557596669308,HD 128621,1.179,0.94,8,8
HD 128621_4,1.2463681703019884,0.05539284212228488,HD 128621,1.179,0.94,8,8
HD 128621_4,1.2457198481719356,0.056080302765370744,HD 128621,1.179,0.94,8,8
HD 128621_4,1.2453683609832236,0.056856233253541666,HD 128621,1.179,0.94,8,8
HD 128621_4,1.2456663446288958,0.05556271669245319,HD 128621,1.179,0.94,8,8
HD 128621_4,1.2455693008493023,0.05576992511928197,HD 128621,1.179,0.94,8,8
HD 128621_4,1.2459739133533654,0.05454234116547522,HD 128621,1.179,0.94,8,8
HD 128621_4,1.2464399794574006,0.055276366359325396,HD 128621,1.179,0.94,8,8
HD 128621_4,1.2458288375215794,0.05514266821911627,HD 128621,1.179,0.94,8,8
HD 128621_4,1.2462219266811563,0.05660277732942257,HD 128621,1.179,0.94,8,8
HD 128621_4,1.246014291397205,0.05317216078743244,HD 128621,1.179,0.94,8,8
HD 128621_4,1.2458736907102819,0.05398427943736824,HD 128621,1.179,0.94,8,8
HD 128621_4,1.246047693792343,0.0549066672433802,HD 128621,1.179,0.94,8,8
HD 128621_4,1.2465831921143393,0.05613167368827606,HD 128621,1.179,0.94,8,8
HD 128621_4,1.2460960616510617,0.05611225060818422,HD 128621,1.179,0.94,8,8
HD 128621_4,1.2461746911249532,0.05637771853223984,HD 128621,1.179,0.94,8,8
HD 128621_4,1.2462314482243062,0.05632918098812144,HD 128621,1.179,0.94,8,8
HD 128621_4,1.245817485407983,0.05476455209178258,HD 128621,1.179,0.94,8,8
HD 128621_4,1.246617753811648,0.05736641669503214,HD 128621,1.179,0.94,8,8
HD 128621_4,1.2456224343997695,0.05660278322971811,HD 128621,1.179,0.94,8,8
HD 128621_4,1.2462313951420039,0.05740308205535446,HD 128621,1.179,0.94,8,8
HD 128621_4,1.246261263923724,0.0552719622814626,HD 128621,1.179,0.94,8,8
HD 128621_4,1.2456852054593641,0.05600123264274324,HD 128621,1.179,0.94,8,8
HD 128621_4,1.2460166032610083,0.05636999018677186,HD 128621,1.179,0.94,8,8
HD 128621_4,1.2459115757049724,0.05555870828339323,HD 128621,1.179,0.94,8,8
HD 128621_4,1.2462334360658012,0.057705855108049785,HD 128621,1.179,0.94,8,8
HD 128621_4,1.2465180773813092,0.05558186650073698,HD 128621,1.179,0.94,8,8
HD 128621_4,1.2460168291662843,0.05571563569010876,HD 128621,1.179,0.94,8,8
HD 128621_4,1.2457319545012562,0.05401885923367516,HD 128621,1.179,0.94,8,8
HD 128621_4,1.2458542856229802,0.05313652776567041,HD 128621,1.179,0.94,8,8
HD 128621_4,1.2456322195794918,0.054532207478598306,HD 128621,1.179,0.94,8,8
HD 128621_4,1.2458164975494876,0.055577716333446055,HD 128621,1.179,0.94,8,8
HD 128621_4,1.24638629002424,0.05377797090155055,HD 128621,1.179,0.94,8,8
HD 128621_4,1.246193329961392,0.05680321138983554,HD 128621,1.179,0.94,8,8
HD 128621_4,1.2456967546165716,0.055651063789008644,HD 128621,1.179,0.94,8,8
HD 128621_4,1.2455997185540668,0.05522508700817583,HD 128621,1.179,0.94,8,8
HD 128621_4,1.2458323813826921,0.05515022517836327,HD 128621,1.179,0.94,8,8
HD 128621_4,1.2457329524969531,0.05666238993265439,HD 128621,1.179,0.94,8,8
HD 128621_4,1.2460059137490047,0.05634787726930761,HD 128621,1.179,0.94,8,8
HD 128621_4,1.245782784095527,0.05503643440251012,HD 128621,1.179,0.94,8,8
HD 128621_4,1.2456746715412133,0.05530889540261959,HD 128621,1.179,0.94,8,8
HD 128621_4,1.2458507762940059,0.05647367201978277,HD 128621,1.179,0.94,8,8
HD 128621_4,1.2462783622453848,0.054729186236888674,HD 128621,1.179,0.94,8,8
HD 128621_4,1.2459271524544073,0.05554181139956009,HD 128621,1.179,0.94,8,8
HD 128621_4,1.2459149305604276,0.055561635959658046,HD 128621,1.179,0.94,8,8
HD 128621_4,1.2459775092159713,0.05394053397952067,HD 128621,1.179,0.94,8,8
HD 128621_4,1.2457965226905567,0.05604699192887142,HD 128621,1.179,0.94,8,8
HD 128621_4,1.2456200704739393,0.05539892429257673,HD 128621,1.179,0.94,8,8
HD 128621_4,1.2456874679637913,0.055292647102379563,HD 128621,1.179,0.94,8,8
HD 128621_4,1.2456588486960245,0.053937596473192934,HD 128621,1.179,0.94,8,8
HD 128621_4,1.2457299142327196,0.05521642277266669,HD 128621,1.179,0.94,8,8
HD 128621_4,1.2465838958919404,0.05536821647090711,HD 128621,1.179,0.94,8,8
HD 128621_4,1.2463606054143181,0.05766081128930578,HD 128621,1.179,0.94,8,8
HD 128621_4,1.24532800750517,0.05418141416449962,HD 128621,1.179,0.94,8,8
HD 128621_4,1.2463284860029604,0.05580047208963635,HD 128621,1.179,0.94,8,8
HD 128621_4,1.2460535040588938,0.05553250206767417,HD 128621,1.179,0.94,8,8
HD 128621_4,1.2461859795309,0.05627471836490376,HD 128621,1.179,0.94,8,8
HD 128621_4,1.2455757848167879,0.057454314440872366,HD 128621,1.179,0.94,8,8
HD 128621_4,1.2454004097646805,0.05622834720901611,HD 128621,1.179,0.94,8,8
HD 128621_4,1.246376506688077,0.05546838116506795,HD 128621,1.179,0.94,8,8
HD 128621_4,1.2458155464837568,0.055710290252649175,HD 128621,1.179,0.94,8,8
HD 128621_4,1.2460253286703733,0.055167029485257514,HD 128621,1.179,0.94,8,8
HD 128621_4,1.2459377351199843,0.056576014688887497,HD 128621,1.179,0.94,8,8
HD 128621_4,1.245848199739213,0.055776660234078825,HD 128621,1.179,0.94,8,8
HD 128621_4,1.246530234100151,0.054559534753500984,HD 128621,1.179,0.94,8,8
HD 128621_4,1.246003642465505,0.05557699733980868,HD 128621,1.179,0.94,8,8
HD 128621_4,1.2459666301661239,0.05712998659097546,HD 128621,1.179,0.94,8,8
HD 128621_4,1.246351029545966,0.054489352593587,HD 128621,1.179,0.94,8,8
HD 128621_4,1.2461222261512968,0.05461031953271561,HD 128621,1.179,0.94,8,8
HD 128621_4,1.2458565966489425,0.05612419905655553,HD 128621,1.179,0.94,8,8
HD 128621_4,1.2454342904865698,0.056772307390103575,HD 128621,1.179,0.94,8,8
HD 128621_4,1.2455998782276103,0.056759665982881305,HD 128621,1.179,0.94,8,8
HD 128621_4,1.2459134742480815,0.05525032550937901,HD 128621,1.179,0.94,8,8
HD 128621_4,1.245738510645666,0.055478879118201645,HD 128621,1.179,0.94,8,8
HD 128621_4,1.2463614384525399,0.05566036898163769,HD 128621,1.179,0.94,8,8
HD 128621_4,1.2459798978395795,0.055736482361089336,HD 128621,1.179,0.94,8,8
HD 128621_4,1.2460271242536844,0.05665579213097419,HD 128621,1.179,0.94,8,8
HD 128621_4,1.2460820955807856,0.05737027289893948,HD 128621,1.179,0.94,8,8
HD 128621_4,1.2461675635037377,0.054004975202952145,HD 128621,1.179,0.94,8,8
HD 128621_4,1.2457015665145892,0.053695948956296036,HD 128621,1.179,0.94,8,8
HD 128621_4,1.2460285031019167,0.05874610943254515,HD 128621,1.179,0.94,8,8
HD 128621_4,1.2461615888844064,0.055115167257980845,HD 128621,1.179,0.94,8,8
HD 128621_4,1.2458235698849607,0.05543177025840844,HD 128621,1.179,0.94,8,8
HD 128621_4,1.2464071501427336,0.056857337309700946,HD 128621,1.179,0.94,8,8
HD 128621_4,1.2462805536701695,0.05409084611384091,HD 128621,1.179,0.94,8,8
HD 128621_4,1.2460813113573281,0.056275178069437964,HD 128621,1.179,0.94,8,8
HD 128621_4,1.2468478672518728,0.05478922496069264,HD 128621,1.179,0.94,8,8
HD 128621_4,1.2461140275334874,0.05719887112640229,HD 128621,1.179,0.94,8,8
HD 128621_4,1.2459957991451915,0.054862304776543025,HD 128621,1.179,0.94,8,8
HD 128621_4,1.2461452740893375,0.053848001875305695,HD 128621,1.179,0.94,8,8
HD 128621_4,1.245955371646465,0.055683714690155484,HD 128621,1.179,0.94,8,8
HD 128621_4,1.245659463415969,0.055420628361781306,HD 128621,1.179,0.94,8,8
HD 128621_4,1.2461613396823694,0.0558924605299517,HD 128621,1.179,0.94,8,8
HD 128621_4,1.246225120461147,0.05563511387489128,HD 128621,1.179,0.94,8,8
HD 128621_4,1.2460311117793559,0.05637426580164007,HD 128621,1.179,0.94,8,8
HD 128621_4,1.2460073485213485,0.055389686246088775,HD 128621,1.179,0.94,8,8
HD 128621_4,1.2459489588964403,0.056706436478655614,HD 128621,1.179,0.94,8,8
HD 128621_4,1.2455848578418236,0.0540011575328479,HD 128621,1.179,0.94,8,8
HD 128621_4,1.2461370865775676,0.05600940378448739,HD 128621,1.179,0.94,8,8
HD 128621_4,1.2456133165530456,0.05578425576374314,HD 128621,1.179,0.94,8,8
HD 128621_4,1.2464900766568034,0.055152095601641665,HD 128621,1.179,0.94,8,8
HD 128621_4,1.2459331287234787,0.05651777631894135,HD 128621,1.179,0.94,8,8
HD 128621_4,1.245702263991502,0.05578775893148339,HD 128621,1.179,0.94,8,8
HD 128621_4,1.2462748202170024,0.05617608085031816,HD 128621,1.179,0.94,8,8
HD 128621_4,1.2461829221891816,0.05807806322761179,HD 128621,1.179,0.94,8,8
HD 128621_4,1.2457488804389307,0.054943127212478356,HD 128621,1.179,0.94,8,8
HD 128621_4,1.2462363767002127,0.05554077992114008,HD 128621,1.179,0.94,8,8
HD 128621_4,1.2458949543294675,0.054492514000512055,HD 128621,1.179,0.94,8,8
HD 128621_4,1.2459425708340532,0.05466091566687439,HD 128621,1.179,0.94,8,8
HD 128621_4,1.2458831347796235,0.056289749870743866,HD 128621,1.179,0.94,8,8
HD 128621_4,1.2459355985840603,0.05807391379615944,HD 128621,1.179,0.94,8,8
HD 128621_4,1.2459978302236623,0.05408077828831702,HD 128621,1.179,0.94,8,8
HD 128621_4,1.2461552268149587,0.055847438412412936,HD 128621,1.179,0.94,8,8
HD 128621_4,1.2458055804268096,0.05678151315475522,HD 128621,1.179,0.94,8,8
HD 128621_4,1.2455681386459014,0.05505803004546598,HD 128621,1.179,0.94,8,8
HD 128621_4,1.2459875360935506,0.05622434395787886,HD 128621,1.179,0.94,8,8
HD 128621_4,1.2463281212692743,0.053571330120657096,HD 128621,1.179,0.94,8,8
HD 128621_4,1.2461133919428409,0.057153801432369734,HD 128621,1.179,0.94,8,8
HD 128621_4,1.2463197631931762,0.05687654757083962,HD 128621,1.179,0.94,8,8
HD 128621_4,1.2458272652082254,0.05589582126485972,HD 128621,1.179,0.94,8,8
HD 128621_4,1.2455416587557102,0.055581608824360404,HD 128621,1.179,0.94,8,8
HD 128621_4,1.2457455037682592,0.054975562213274876,HD 128621,1.179,0.94,8,8
HD 128621_4,1.2457529372631244,0.0546751235799557,HD 128621,1.179,0.94,8,8
HD 128621_4,1.2461021424061889,0.05685477408022288,HD 128621,1.179,0.94,8,8
HD 128621_4,1.2456209762578891,0.05558122230046452,HD 128621,1.179,0.94,8,8
HD 128621_4,1.2458249362751177,0.054369482442063403,HD 128621,1.179,0.94,8,8
HD 128621_4,1.2460423936107907,0.055744834262035525,HD 128621,1.179,0.94,8,8
HD 128621_4,1.2464026930832544,0.0560690864823242,HD 128621,1.179,0.94,8,8
HD 128621_4,1.246005786238484,0.056125765515471195,HD 128621,1.179,0.94,8,8
HD 128621_4,1.24667894697095,0.05508454316740443,HD 128621,1.179,0.94,8,8
HD 128621_4,1.245579657669006,0.05765541268674834,HD 128621,1.179,0.94,8,8
HD 128621_4,1.2464470732385664,0.0546010892236375,HD 128621,1.179,0.94,8,8
HD 128621_4,1.2463576406840682,0.05333078728008877,HD 128621,1.179,0.94,8,8
HD 128621_4,1.2455117347472517,0.05601214948370101,HD 128621,1.179,0.94,8,8
HD 128621_4,1.245953045386937,0.0560877463827207,HD 128621,1.179,0.94,8,8
HD 128621_4,1.2464091086622358,0.05447521851932595,HD 128621,1.179,0.94,8,8
HD 128621_4,1.2458100053307168,0.055527238264269495,HD 128621,1.179,0.94,8,8
HD 128621_4,1.2460036413386184,0.05657070845298811,HD 128621,1.179,0.94,8,8
HD 128621_4,1.245964243293422,0.05585604622499437,HD 128621,1.179,0.94,8,8
HD 128621_4,1.2462477544293697,0.0555918266461263,HD 128621,1.179,0.94,8,8
HD 128621_4,1.2460267712608029,0.055992586281633804,HD 128621,1.179,0.94,8,8
HD 128621_4,1.2457234113819526,0.05572473903617634,HD 128621,1.179,0.94,8,8
HD 128621_4,1.246230367515909,0.05511940695550966,HD 128621,1.179,0.94,8,8
HD 128621_4,1.245717420904336,0.05483620634210875,HD 128621,1.179,0.94,8,8
HD 128621_4,1.245698381205231,0.05431641346498638,HD 128621,1.179,0.94,8,8
HD 128621_4,1.2463106755502993,0.05441867838236389,HD 128621,1.179,0.94,8,8
HD 128621_4,1.245769450918485,0.0564228376094853,HD 128621,1.179,0.94,8,8
HD 128621_4,1.2460394397181676,0.0564397197974259,HD 128621,1.179,0.94,8,8
HD 128621_4,1.2461692742965291,0.05683984690808014,HD 128621,1.179,0.94,8,8
HD 128621_4,1.246003190121419,0.05614907239523562,HD 128621,1.179,0.94,8,8
HD 128621_4,1.2460721945103261,0.056392869380758014,HD 128621,1.179,0.94,8,8
HD 128621_4,1.2466861120121462,0.056479714179157606,HD 128621,1.179,0.94,8,8
HD 128621_4,1.2467044517271397,0.05672028156760026,HD 128621,1.179,0.94,8,8
HD 128621_4,1.2455467154194368,0.0548712221200358,HD 128621,1.179,0.94,8,8
HD 128621_4,1.2462335921553978,0.05405393314372925,HD 128621,1.179,0.94,8,8
HD 128621_4,1.2456770719440984,0.05629942183046615,HD 128621,1.179,0.94,8,8
HD 128621_4,1.2459881573223088,0.055255749318839704,HD 128621,1.179,0.94,8,8
HD 128621_4,1.2458203005967659,0.055942857506375704,HD 128621,1.179,0.94,8,8
HD 128621_4,1.2461238554974419,0.05506244017209323,HD 128621,1.179,0.94,8,8
HD 128621_4,1.2459730523655967,0.05420786802578252,HD 128621,1.179,0.94,8,8
HD 128621_4,1.246264068152557,0.056032615665164015,HD 128621,1.179,0.94,8,8
HD 128621_4,1.2459922924953004,0.055887360906494356,HD 128621,1.179,0.94,8,8
HD 128621_4,1.246169289746467,0.054306584818659416,HD 128621,1.179,0.94,8,8
HD 128621_4,1.2460305124375548,0.05625487358659991,HD 128621,1.179,0.94,8,8
HD 128621_4,1.246191941422459,0.05468564330680373,HD 128621,1.179,0.94,8,8
HD 128621_4,1.246180691302662,0.05423983223722463,HD 128621,1.179,0.94,8,8
HD 128621_4,1.2464944948057672,0.055943192256583105,HD 128621,1.179,0.94,8,8
HD 128621_4,1.246198485049609,0.05523822396070548,HD 128621,1.179,0.94,8,8
HD 128621_4,1.2461880738730184,0.055188389680909,HD 128621,1.179,0.94,8,8
HD 128621_4,1.2460966720469435,0.05572498962449911,HD 128621,1.179,0.94,8,8
HD 128621_4,1.245520721893119,0.05690814643186159,HD 128621,1.179,0.94,8,8
HD 128621_4,1.2457516301139993,0.05523417156536545,HD 128621,1.179,0.94,8,8
HD 128621_4,1.246052157307444,0.05424678567894422,HD 128621,1.179,0.94,8,8
HD 128621_4,1.2463034644845767,0.05506551597721936,HD 128621,1.179,0.94,8,8
HD 128621_4,1.2460528938945443,0.05603854394983843,HD 128621,1.179,0.94,8,8
HD 128621_4,1.2458245081020514,0.05401474225473873,HD 128621,1.179,0.94,8,8
HD 128621_4,1.2458597956963333,0.055625450433280765,HD 128621,1.179,0.94,8,8
HD 128621_4,1.245787894371225,0.056906311977995984,HD 128621,1.179,0.94,8,8
HD 128621_4,1.2461957864779607,0.056852956435172027,HD 128621,1.179,0.94,8,8
HD 128621_4,1.24596185369368,0.05638973137360952,HD 128621,1.179,0.94,8,8
HD 128621_4,1.2457448784534821,0.05481449817976362,HD 128621,1.179,0.94,8,8
HD 128621_4,1.2460236395283302,0.056026027911695545,HD 128621,1.179,0.94,8,8
HD 128621_4,1.2465254820200864,0.05642725745132098,HD 128621,1.179,0.94,8,8
HD 128621_4,1.2457854133576713,0.05491424628382921,HD 128621,1.179,0.94,8,8
HD 128621_4,1.246246824621156,0.055676879703124856,HD 128621,1.179,0.94,8,8
HD 128621_4,1.2457752273129543,0.056415983628125554,HD 128621,1.179,0.94,8,8
HD 128621_4,1.246895292176276,0.055559440773181354,HD 128621,1.179,0.94,8,8
HD 128621_4,1.2457466691120969,0.0574891478636327,HD 128621,1.179,0.94,8,8
HD 128621_4,1.2461612238378486,0.05533012338559858,HD 128621,1.179,0.94,8,8
HD 128621_4,1.2458953132898565,0.05485867550490717,HD 128621,1.179,0.94,8,8
HD 128621_4,1.246113425917138,0.05598343735264483,HD 128621,1.179,0.94,8,8
HD 128621_4,1.2460860451511657,0.05502531388899972,HD 128621,1.179,0.94,8,8
HD 128621_4,1.2461144028042008,0.05496339350974208,HD 128621,1.179,0.94,8,8
HD 128621_4,1.2459780432749616,0.05573924753849956,HD 128621,1.179,0.94,8,8
HD 128621_4,1.2457254474448058,0.05403004452371848,HD 128621,1.179,0.94,8,8
HD 128621_4,1.2461770049349072,0.05727869617708036,HD 128621,1.179,0.94,8,8
HD 128621_4,1.245651062088922,0.057399214774144745,HD 128621,1.179,0.94,8,8
HD 128621_4,1.2459300676019311,0.05571924176644889,HD 128621,1.179,0.94,8,8
HD 128621_4,1.2459167965275686,0.05592563551819127,HD 128621,1.179,0.94,8,8
HD 128621_4,1.2458345714680827,0.05510239388426391,HD 128621,1.179,0.94,8,8
HD 128621_4,1.245727334530858,0.0565789011816206,HD 128621,1.179,0.94,8,8
HD 128621_4,1.2459500020821699,0.055462431751148886,HD 128621,1.179,0.94,8,8
HD 128621_4,1.2454995929976096,0.05606924357768913,HD 128621,1.179,0.94,8,8
HD 128621_4,1.245192086841286,0.056754133488148485,HD 128621,1.179,0.94,8,8
HD 128621_4,1.2463207169378503,0.056610349505959556,HD 128621,1.179,0.94,8,8
HD 128621_4,1.2465754306431358,0.057636166858867896,HD 128621,1.179,0.94,8,8
HD 128621_4,1.245750520309986,0.05483488019219644,HD 128621,1.179,0.94,8,8
HD 128621_4,1.2457242486146083,0.05543760831848634,HD 128621,1.179,0.94,8,8
HD 128621_4,1.2463163029569573,0.055116914658833074,HD 128621,1.179,0.94,8,8
HD 128621_4,1.2457762237102805,0.055768848677494105,HD 128621,1.179,0.94,8,8
HD 128621_4,1.2457443083961834,0.055786563338242716,HD 128621,1.179,0.94,8,8
HD 128621_4,1.2453316526735956,0.05389385739367729,HD 128621,1.179,0.94,8,8
HD 128621_4,1.24566744992658,0.055736685553233974,HD 128621,1.179,0.94,8,8
HD 128621_4,1.2461921897044135,0.055892587311614984,HD 128621,1.179,0.94,8,8
HD 128621_4,1.2456959102260496,0.0562079913238797,HD 128621,1.179,0.94,8,8
HD 128621_4,1.2454517662972775,0.055456475647307914,HD 128621,1.179,0.94,8,8
HD 128621_4,1.245843998683904,0.05650833316670133,HD 128621,1.179,0.94,8,8
HD 128621_4,1.2458307905528268,0.055119501522545175,HD 128621,1.179,0.94,8,8
HD 128621_4,1.2457412817926927,0.0527872908339007,HD 128621,1.179,0.94,8,8
HD 128621_4,1.2458625258944676,0.05661134755406363,HD 128621,1.179,0.94,8,8
HD 128621_4,1.2456687471897603,0.05477272246199771,HD 128621,1.179,0.94,8,8
HD 128621_4,1.245932853689493,0.05532330766297836,HD 128621,1.179,0.94,8,8
HD 128621_4,1.2463971498936843,0.054978018114921014,HD 128621,1.179,0.94,8,8
HD 128621_4,1.2462515805956789,0.05537373508744937,HD 128621,1.179,0.94,8,8
HD 128621_4,1.2458268241471644,0.05466073877636825,HD 128621,1.179,0.94,8,8
HD 128621_4,1.245827970310562,0.056269497305337285,HD 128621,1.179,0.94,8,8
HD 128621_4,1.245208350585521,0.05591963820804796,HD 128621,1.179,0.94,8,8
HD 128621_4,1.2463019084298366,0.05572592290112696,HD 128621,1.179,0.94,8,8
HD 128621_4,1.2455906727430128,0.05450836930090788,HD 128621,1.179,0.94,8,8
HD 128621_4,1.2461480209271487,0.054560747078108374,HD 128621,1.179,0.94,8,8
HD 128621_4,1.2458601011570472,0.05648777332048733,HD 128621,1.179,0.94,8,8
HD 128621_4,1.2461762795076314,0.05550644724507692,HD 128621,1.179,0.94,8,8
HD 128621_4,1.245687153771458,0.05623870960711693,HD 128621,1.179,0.94,8,8
HD 128621_4,1.2462106297293323,0.056015140748563626,HD 128621,1.179,0.94,8,8
HD 128621_4,1.2458360269698157,0.055605733496818535,HD 128621,1.179,0.94,8,8
HD 128621_4,1.2458219491178786,0.057082943883056486,HD 128621,1.179,0.94,8,8
HD 128621_4,1.2462425877896162,0.05471710637604352,HD 128621,1.179,0.94,8,8
HD 128621_4,1.2462535342577776,0.055217579503340004,HD 128621,1.179,0.94,8,8
HD 128621_4,1.2455048159079394,0.05680991336669972,HD 128621,1.179,0.94,8,8
HD 128621_4,1.2454650010165087,0.05662464329738606,HD 128621,1.179,0.94,8,8
HD 128621_4,1.245787160237895,0.05398386992432584,HD 128621,1.179,0.94,8,8
HD 128621_4,1.2458984428958886,0.054235413699711,HD 128621,1.179,0.94,8,8
HD 128621_4,1.246189395061061,0.0556182586450303,HD 128621,1.179,0.94,8,8
HD 128621_4,1.2457775084099085,0.056378025325764865,HD 128621,1.179,0.94,8,8
HD 128621_4,1.2454673019468105,0.055911304078848645,HD 128621,1.179,0.94,8,8
HD 128621_4,1.2457566382836183,0.05509133360894056,HD 128621,1.179,0.94,8,8
HD 128621_4,1.2454863871958708,0.05516495435019548,HD 128621,1.179,0.94,8,8
HD 128621_4,1.2461238548917744,0.055908994022434384,HD 128621,1.179,0.94,8,8
HD 128621_4,1.2461210316130589,0.05475791374674475,HD 128621,1.179,0.94,8,8
HD 128621_4,1.2458340541872392,0.05426535917708319,HD 128621,1.179,0.94,8,8
HD 128621_4,1.2460646455371684,0.05482550641601742,HD 128621,1.179,0.94,8,8
HD 128621_4,1.2462227145978249,0.054820212585080436,HD 128621,1.179,0.94,8,8
HD 128621_4,1.2463289004234732,0.056376411709505324,HD 128621,1.179,0.94,8,8
HD 128621_4,1.2456552889326151,0.05447076281175439,HD 128621,1.179,0.94,8,8
HD 128621_4,1.2465422590800581,0.054715106423405706,HD 128621,1.179,0.94,8,8
HD 128621_4,1.2454387239525908,0.05630220495072122,HD 128621,1.179,0.94,8,8
HD 128621_4,1.245782323768423,0.056326375400856214,HD 128621,1.179,0.94,8,8
HD 128621_4,1.246004063533124,0.056057753418405326,HD 128621,1.179,0.94,8,8
HD 128621_4,1.2460515435448605,0.05504576416168477,HD 128621,1.179,0.94,8,8
HD 128621_4,1.2455375735108412,0.055727014026561564,HD 128621,1.179,0.94,8,8
HD 128621_4,1.245929345574799,0.05388259644703557,HD 128621,1.179,0.94,8,8
HD 128621_4,1.2457953661114514,0.054256134340528825,HD 128621,1.179,0.94,8,8
HD 128621_4,1.2457835948800604,0.05471576178184628,HD 128621,1.179,0.94,8,8
HD 128621_4,1.2457448458316924,0.055516486032690056,HD 128621,1.179,0.94,8,8
HD 128621_4,1.2463658840532326,0.05611965875325269,HD 128621,1.179,0.94,8,8
HD 128621_4,1.245727955880814,0.055749376184926994,HD 128621,1.179,0.94,8,8
HD 128621_4,1.2462899695668173,0.054960431997387794,HD 128621,1.179,0.94,8,8
HD 128621_4,1.246082721396092,0.05431985980150445,HD 128621,1.179,0.94,8,8
HD 128621_4,1.245825595675038,0.056595325129568816,HD 128621,1.179,0.94,8,8
HD 128621_4,1.2462515917749832,0.0549046798066964,HD 128621,1.179,0.94,8,8
HD 128621_4,1.2457877947833524,0.056012637045067995,HD 128621,1.179,0.94,8,8
HD 128621_4,1.2458772894986094,0.05675792361279596,HD 128621,1.179,0.94,8,8
HD 128621_4,1.2459383705328377,0.056588472211163636,HD 128621,1.179,0.94,8,8
HD 128621_4,1.2456154635509442,0.05438827000216858,HD 128621,1.179,0.94,8,8
HD 128621_4,1.2462695490960065,0.05577137884931985,HD 128621,1.179,0.94,8,8
HD 128621_4,1.2459688078142503,0.055081245730814785,HD 128621,1.179,0.94,8,8
HD 128621_4,1.2460234006587472,0.05671324479290414,HD 128621,1.179,0.94,8,8
HD 128621_4,1.245995680113862,0.05586511402295126,HD 128621,1.179,0.94,8,8
HD 128621_4,1.2453135180389951,0.05660982966410056,HD 128621,1.179,0.94,8,8
HD 128621_4,1.246045138365302,0.05659198953475145,HD 128621,1.179,0.94,8,8
HD 128621_4,1.2461175135291287,0.05714835524993799,HD 128621,1.179,0.94,8,8
HD 128621_4,1.2458887874528402,0.0549905414256039,HD 128621,1.179,0.94,8,8
HD 128621_4,1.2464165468209507,0.0557075991750247,HD 128621,1.179,0.94,8,8
HD 128621_4,1.245944754901054,0.05638774996191693,HD 128621,1.179,0.94,8,8
HD 128621_4,1.245444340411957,0.055276543663664676,HD 128621,1.179,0.94,8,8
HD 128621_4,1.2461346905262667,0.05514624490674313,HD 128621,1.179,0.94,8,8
HD 128621_4,1.2461538861685517,0.055604142079877,HD 128621,1.179,0.94,8,8
HD 128621_4,1.2457210293874066,0.05636023328049926,HD 128621,1.179,0.94,8,8
HD 128621_4,1.2460274489273282,0.05452563706094771,HD 128621,1.179,0.94,8,8
HD 128621_4,1.2454173741051862,0.05512100520168031,HD 128621,1.179,0.94,8,8
HD 128621_4,1.2461032424603462,0.05476446532740771,HD 128621,1.179,0.94,8,8
HD 128621_4,1.2459877923724239,0.055203290682794434,HD 128621,1.179,0.94,8,8
HD 128621_4,1.2462530052834546,0.054281354127675714,HD 128621,1.179,0.94,8,8
HD 128621_4,1.2462782969320465,0.05528014094820125,HD 128621,1.179,0.94,8,8
HD 128621_4,1.2454978367971927,0.05527699483449514,HD 128621,1.179,0.94,8,8
HD 128621_4,1.2455747322608333,0.055763987392483956,HD 128621,1.179,0.94,8,8
HD 128621_4,1.2461993951436572,0.055644627485721986,HD 128621,1.179,0.94,8,8
HD 128621_4,1.2459571237486369,0.055738037299636646,HD 128621,1.179,0.94,8,8
HD 128621_4,1.2456107614393084,0.05492565294211821,HD 128621,1.179,0.94,8,8
HD 128621_4,1.2460418229223504,0.056281020842128326,HD 128621,1.179,0.94,8,8
HD 128621_4,1.2461328930029103,0.055747849877658254,HD 128621,1.179,0.94,8,8
HD 128621_4,1.2460276403028074,0.054368223274872916,HD 128621,1.179,0.94,8,8
HD 128621_4,1.2455111323851817,0.056418255668705036,HD 128621,1.179,0.94,8,8
HD 128621_4,1.2458284663597408,0.056337735629151314,HD 128621,1.179,0.94,8,8
HD 128621_4,1.2460691419736858,0.05483778068633712,HD 128621,1.179,0.94,8,8
HD 128621_4,1.2459663160731935,0.05415138496310965,HD 128621,1.179,0.94,8,8
HD 128621_4,1.2461662498464103,0.05783041533488113,HD 128621,1.179,0.94,8,8
HD 128621_4,1.2460728601963895,0.05425088233019676,HD 128621,1.179,0.94,8,8
HD 128621_4,1.2451760563734502,0.053440770923504355,HD 128621,1.179,0.94,8,8
HD 128621_4,1.2460360104221406,0.05439158669131442,HD 128621,1.179,0.94,8,8
HD 128621_4,1.2461840222293445,0.05349433079677609,HD 128621,1.179,0.94,8,8
HD 128621_4,1.2458998656121776,0.05668144609367294,HD 128621,1.179,0.94,8,8
HD 128621_4,1.2458299854220254,0.05611292475558569,HD 128621,1.179,0.94,8,8
HD 128621_4,1.246278711066817,0.055625296354055574,HD 128621,1.179,0.94,8,8
HD 128621_4,1.2462167957949803,0.052465286624435614,HD 128621,1.179,0.94,8,8
HD 128621_4,1.2461716331990709,0.05424312055339498,HD 128621,1.179,0.94,8,8
HD 128621_4,1.2463876997332417,0.055823828155720324,HD 128621,1.179,0.94,8,8
HD 128621_4,1.2458358624053958,0.05443987302546936,HD 128621,1.179,0.94,8,8
HD 128621_4,1.2459181907465164,0.05462730498979518,HD 128621,1.179,0.94,8,8
HD 128621_4,1.2459748385028795,0.05720080891882634,HD 128621,1.179,0.94,8,8
HD 128621_4,1.2462037902443739,0.05483521941871904,HD 128621,1.179,0.94,8,8
HD 128621_4,1.245573829535225,0.056379917538096916,HD 128621,1.179,0.94,8,8
HD 128621_4,1.245846864161849,0.05426501023351969,HD 128621,1.179,0.94,8,8
HD 128621_4,1.2458402507937065,0.05787443634060061,HD 128621,1.179,0.94,8,8
HD 128621_4,1.2457134777134058,0.0571020981647334,HD 128621,1.179,0.94,8,8
HD 128621_4,1.2456576875069814,0.05597995025226122,HD 128621,1.179,0.94,8,8
HD 128621_4,1.2462157417289739,0.0551002486585086,HD 128621,1.179,0.94,8,8
HD 128621_4,1.246093524485756,0.054923894914002555,HD 128621,1.179,0.94,8,8
HD 128621_4,1.2463149987562527,0.05499080953459297,HD 128621,1.179,0.94,8,8
HD 128621_4,1.246007487839329,0.05467341580253186,HD 128621,1.179,0.94,8,8
HD 128621_4,1.2457576975700095,0.056169135835143866,HD 128621,1.179,0.94,8,8
HD 128621_4,1.245694305791886,0.0571764979207635,HD 128621,1.179,0.94,8,8
HD 128621_4,1.2457109538894913,0.05393882572458898,HD 128621,1.179,0.94,8,8
HD 128621_4,1.2459183951415345,0.05441328528151243,HD 128621,1.179,0.94,8,8
HD 128621_4,1.2464091479068085,0.05565091111548791,HD 128621,1.179,0.94,8,8
HD 128621_4,1.2464505406870303,0.05669043323826304,HD 128621,1.179,0.94,8,8
HD 128621_4,1.2457784675093384,0.054597857523789005,HD 128621,1.179,0.94,8,8
HD 128621_4,1.2458204632428214,0.05770018231309431,HD 128621,1.179,0.94,8,8
HD 128621_4,1.2461501488469684,0.056942527200160714,HD 128621,1.179,0.94,8,8
HD 128621_4,1.2466014637290388,0.05562749137002681,HD 128621,1.179,0.94,8,8
HD 128621_4,1.2457900819526797,0.05507683147787846,HD 128621,1.179,0.94,8,8
HD 128621_4,1.2457889767016026,0.05615090433496195,HD 128621,1.179,0.94,8,8
HD 128621_4,1.245576070660244,0.0562014310597735,HD 128621,1.179,0.94,8,8
HD 128621_4,1.2457940115041766,0.055068116256792005,HD 128621,1.179,0.94,8,8
HD 128621_4,1.2462589227952863,0.056879187510078505,HD 128621,1.179,0.94,8,8
HD 128621_4,1.2458639972293946,0.056783268761582864,HD 128621,1.179,0.94,8,8
HD 128621_4,1.2455643501210294,0.05502837591562118,HD 128621,1.179,0.94,8,8
HD 128621_4,1.2464734174145893,0.056290588269693735,HD 128621,1.179,0.94,8,8
HD 128621_4,1.2456142190763853,0.0560867483303943,HD 128621,1.179,0.94,8,8
HD 128621_4,1.2455963968009771,0.05721755006590989,HD 128621,1.179,0.94,8,8
HD 128621_4,1.2463893205069132,0.05403750806017672,HD 128621,1.179,0.94,8,8
HD 128621_4,1.2457927504446955,0.05617121787479881,HD 128621,1.179,0.94,8,8
HD 128621_4,1.2456459592733151,0.05446820356911988,HD 128621,1.179,0.94,8,8
HD 128621_4,1.245928097360541,0.05407468097040493,HD 128621,1.179,0.94,8,8
HD 128621_4,1.2463156022802044,0.0567915891593522,HD 128621,1.179,0.94,8,8
HD 128621_4,1.2458888323090305,0.05463073219420862,HD 128621,1.179,0.94,8,8
HD 128621_4,1.246120956726014,0.0558288377937778,HD 128621,1.179,0.94,8,8
HD 128621_4,1.2459180905727856,0.05609937194771793,HD 128621,1.179,0.94,8,8
HD 128621_4,1.2460013546721547,0.055342018896635925,HD 128621,1.179,0.94,8,8
HD 128621_4,1.2458625009555224,0.05467317759885316,HD 128621,1.179,0.94,8,8
HD 128621_4,1.2456366586292948,0.05586399607982519,HD 128621,1.179,0.94,8,8
HD 128621_4,1.246694687174188,0.05705049875832673,HD 128621,1.179,0.94,8,8
HD 128621_4,1.2457630481996291,0.056920820854266696,HD 128621,1.179,0.94,8,8
HD 128621_4,1.2455451770936599,0.05754542479085278,HD 128621,1.179,0.94,8,8
HD 128621_4,1.24597031175798,0.055543428643997084,HD 128621,1.179,0.94,8,8
HD 128621_4,1.2461216786574123,0.055105385956822975,HD 128621,1.179,0.94,8,8
HD 128621_4,1.2464753351574454,0.05686339650210773,HD 128621,1.179,0.94,8,8
HD 128621_4,1.2455674581922773,0.056770909741028774,HD 128621,1.179,0.94,8,8
HD 128621_4,1.2460312817469206,0.0556595372333009,HD 128621,1.179,0.94,8,8
HD 128621_4,1.2457441345300007,0.05680388246998624,HD 128621,1.179,0.94,8,8
HD 128621_4,1.2462365214372042,0.05613127582562159,HD 128621,1.179,0.94,8,8
HD 128621_4,1.2458122189198795,0.05687909726056684,HD 128621,1.179,0.94,8,8
HD 128621_4,1.245542223777839,0.055345441559139806,HD 128621,1.179,0.94,8,8
HD 128621_4,1.2461246646037054,0.05405487141994157,HD 128621,1.179,0.94,8,8
HD 128621_4,1.2460975445820965,0.05712425114391622,HD 128621,1.179,0.94,8,8
HD 128621_4,1.2464317476411975,0.05424710367657753,HD 128621,1.179,0.94,8,8
HD 128621_4,1.2459173645661978,0.056791812156745246,HD 128621,1.179,0.94,8,8
HD 128621_4,1.2455897122342157,0.054997885120302493,HD 128621,1.179,0.94,8,8
HD 128621_4,1.2462695742924388,0.05568770389700634,HD 128621,1.179,0.94,8,8
HD 128621_4,1.2460354516945036,0.05494787460339064,HD 128621,1.179,0.94,8,8
HD 128621_4,1.2461541059927,0.05482619936875321,HD 128621,1.179,0.94,8,8
HD 128621_4,1.2459640860333798,0.055526866900891945,HD 128621,1.179,0.94,8,8
HD 128621_4,1.2459389192790835,0.05407784113862071,HD 128621,1.179,0.94,8,8
HD 128621_4,1.2460473252425837,0.05605207691388838,HD 128621,1.179,0.94,8,8
HD 128621_4,1.2452418579545008,0.054199922649887836,HD 128621,1.179,0.94,8,8
HD 128621_4,1.2461822829950648,0.0551434260822806,HD 128621,1.179,0.94,8,8
HD 128621_4,1.2460862880842067,0.055766760204838,HD 128621,1.179,0.94,8,8
HD 128621_4,1.2462412411127486,0.05501504474601145,HD 128621,1.179,0.94,8,8
HD 128621_4,1.2461797757549595,0.055405850659973194,HD 128621,1.179,0.94,8,8
HD 128621_4,1.2458637054094444,0.05628437233430763,HD 128621,1.179,0.94,8,8
HD 128621_4,1.2458392180603621,0.055063175180111036,HD 128621,1.179,0.94,8,8
HD 128621_4,1.246431907400792,0.05611548536820493,HD 128621,1.179,0.94,8,8
HD 128621_4,1.2457351922791973,0.0550383381004887,HD 128621,1.179,0.94,8,8
HD 128621_4,1.246422283990476,0.05503138683381364,HD 128621,1.179,0.94,8,8
HD 128621_4,1.2457212056578706,0.05544518964057908,HD 128621,1.179,0.94,8,8
HD 128621_4,1.2456286640949032,0.05496945859572977,HD 128621,1.179,0.94,8,8
HD 128621_4,1.245698758882271,0.05597586791516559,HD 128621,1.179,0.94,8,8
HD 128621_4,1.2456291799536594,0.05671371421864261,HD 128621,1.179,0.94,8,8
HD 128621_4,1.2459645074433348,0.055681442112199095,HD 128621,1.179,0.94,8,8
HD 128621_4,1.245850800876135,0.05556491952986352,HD 128621,1.179,0.94,8,8
HD 128621_4,1.2461594923731523,0.055350808166825805,HD 128621,1.179,0.94,8,8
HD 128621_4,1.2458283733585,0.055695817670908934,HD 128621,1.179,0.94,8,8
HD 128621_4,1.2460094649321278,0.05543982970279075,HD 128621,1.179,0.94,8,8
HD 128621_4,1.2457680123876234,0.05707820160716383,HD 128621,1.179,0.94,8,8
HD 128621_4,1.2464420318988494,0.05800802658129169,HD 128621,1.179,0.94,8,8
HD 101501_7,0.8495345413992341,0.010329395928445728,HD 101501,0.887,0.94,8,3
HD 101501_7,0.8557659717222608,0.008493913026377576,HD 101501,0.887,0.94,8,3
HD 101501_7,0.8560150228724036,0.027799918764071292,HD 101501,0.887,0.94,8,3
HD 101501_7,0.8496969821827871,0.06464124848941191,HD 101501,0.887,0.94,8,3
HD 101501_7,0.8644739194232396,0.1415125432004482,HD 101501,0.887,0.94,8,3
HD 101501_7,0.8328034111885774,0.014138733227845592,HD 101501,0.887,0.94,8,3
HD 101501_7,0.8653659199407945,0.019833535207887137,HD 101501,0.887,0.94,8,3
HD 101501_7,0.8555838781019937,0.05104633228303769,HD 101501,0.887,0.94,8,3
HD 101501_7,0.8556534000931628,0.12597023949031746,HD 101501,0.887,0.94,8,3
HD 101501_7,0.8575612573427531,0.055330705998281694,HD 101501,0.887,0.94,8,3
HD 101501_7,0.8295852472788501,0.09912425155007881,HD 101501,0.887,0.94,8,3
HD 101501_7,0.8795477796377961,0.02445125020717849,HD 101501,0.887,0.94,8,3
HD 101501_7,0.857031629013604,0.18780573198614098,HD 101501,0.887,0.94,8,3
HD 101501_7,0.8580585203905763,0.0011341918296881408,HD 101501,0.887,0.94,8,3
HD 101501_7,0.8728768213456045,0.1926571985615551,HD 101501,0.887,0.94,8,3
HD 101501_7,0.8720485249550732,0.05627948797290042,HD 101501,0.887,0.94,8,3
HD 101501_7,0.8609829849266438,0.05348826349228934,HD 101501,0.887,0.94,8,3
HD 101501_7,0.8513400848934717,0.03064079457217417,HD 101501,0.887,0.94,8,3
HD 101501_7,0.8616904572876097,0.00018695056731093257,HD 101501,0.887,0.94,8,3
HD 101501_7,0.8579514867458398,0.008352136511084213,HD 101501,0.887,0.94,8,3
HD 101501_7,0.8544149902339426,0.04407078691377757,HD 101501,0.887,0.94,8,3
HD 101501_7,0.8462123813523952,0.04993938825686829,HD 101501,0.887,0.94,8,3
HD 101501_7,0.8566598494997529,0.02731885739836723,HD 101501,0.887,0.94,8,3
HD 101501_7,0.836422483233448,0.11490701817570942,HD 101501,0.887,0.94,8,3
HD 101501_7,0.8546127282490332,0.019290881709323433,HD 101501,0.887,0.94,8,3
HD 101501_7,0.8622423489777548,0.04313857391153927,HD 101501,0.887,0.94,8,3
HD 101501_7,0.8426673697947251,0.08032409931925087,HD 101501,0.887,0.94,8,3
HD 101501_7,0.8579148478942311,0.03704159538326328,HD 101501,0.887,0.94,8,3
HD 101501_7,0.8389490921314091,0.18314168276349058,HD 101501,0.887,0.94,8,3
HD 101501_7,0.8513179189761294,0.007161160079332166,HD 101501,0.887,0.94,8,3
HD 101501_7,0.8575949413842331,0.02977176115949262,HD 101501,0.887,0.94,8,3
HD 101501_7,0.8606961702780358,0.06101229327925484,HD 101501,0.887,0.94,8,3
HD 101501_7,0.849342127023056,0.012932000231523846,HD 101501,0.887,0.94,8,3
HD 101501_7,0.8600392332658139,0.06306626234036679,HD 101501,0.887,0.94,8,3
HD 101501_7,0.8833185081831026,0.14266077284851802,HD 101501,0.887,0.94,8,3
HD 101501_7,0.8464941951555426,0.08042778131349632,HD 101501,0.887,0.94,8,3
HD 101501_7,0.8564160413871844,0.016979275217858955,HD 101501,0.887,0.94,8,3
HD 101501_7,0.854980024087843,0.007601541606363366,HD 101501,0.887,0.94,8,3
HD 101501_7,0.857849945304291,0.10933786003387416,HD 101501,0.887,0.94,8,3
HD 101501_7,0.8564397236269586,0.003137053878278423,HD 101501,0.887,0.94,8,3
HD 101501_7,0.8599072058482526,0.04519431328830097,HD 101501,0.887,0.94,8,3
HD 101501_7,0.8605242105046869,0.0406412503505951,HD 101501,0.887,0.94,8,3
HD 101501_7,0.8613507727870218,0.0009406862063151972,HD 101501,0.887,0.94,8,3
HD 101501_7,0.8621787864655032,0.05972634956157165,HD 101501,0.887,0.94,8,3
HD 101501_7,0.8852787146158924,0.004799894586386995,HD 101501,0.887,0.94,8,3
HD 101501_7,0.8517523113494725,0.03346306927634324,HD 101501,0.887,0.94,8,3
HD 101501_7,0.853640637792541,0.01234755112862425,HD 101501,0.887,0.94,8,3
HD 101501_7,0.8428400785393515,0.05946223898998266,HD 101501,0.887,0.94,8,3
HD 101501_7,0.8528418985446962,0.01756632104833128,HD 101501,0.887,0.94,8,3
HD 101501_7,0.8745060348123398,0.06435733171047087,HD 101501,0.887,0.94,8,3
HD 101501_7,0.8595907106887245,0.011221501438590697,HD 101501,0.887,0.94,8,3
HD 101501_7,0.8537502797794204,0.028937620883356708,HD 101501,0.887,0.94,8,3
HD 101501_7,0.8443458427866063,0.00668662666077155,HD 101501,0.887,0.94,8,3
HD 101501_7,0.8511568271647991,0.03308000442356569,HD 101501,0.887,0.94,8,3
HD 101501_7,0.8532141268347969,0.035641526762279455,HD 101501,0.887,0.94,8,3
HD 101501_7,0.857940496608899,0.04760587542608868,HD 101501,0.887,0.94,8,3
HD 101501_7,0.8365827604215803,0.268856908643644,HD 101501,0.887,0.94,8,3
HD 101501_7,0.8477838136359758,0.03802468227073459,HD 101501,0.887,0.94,8,3
HD 101501_7,0.8565602301583415,0.00131380908970552,HD 101501,0.887,0.94,8,3
HD 101501_7,0.8539412422872457,0.004575182257563572,HD 101501,0.887,0.94,8,3
HD 101501_7,0.8568727654491698,0.03413364384215728,HD 101501,0.887,0.94,8,3
HD 101501_7,0.8435075867666724,0.06722331619881514,HD 101501,0.887,0.94,8,3
HD 101501_7,0.8634177430690612,0.0914760074937308,HD 101501,0.887,0.94,8,3
HD 101501_7,0.8756516219086445,0.10301385575100826,HD 101501,0.887,0.94,8,3
HD 101501_7,0.863981577066365,0.08676066825794979,HD 101501,0.887,0.94,8,3
HD 101501_7,0.849825134685252,0.04084501735675138,HD 101501,0.887,0.94,8,3
HD 101501_7,0.8594042311396799,0.05800737095621232,HD 101501,0.887,0.94,8,3
HD 101501_7,0.8531523889725294,0.015137529354359379,HD 101501,0.887,0.94,8,3
HD 101501_7,0.8394882164737745,0.15954889375772824,HD 101501,0.887,0.94,8,3
HD 101501_7,0.8714965173224338,0.19054621440115474,HD 101501,0.887,0.94,8,3
HD 101501_7,0.8416027932672023,0.07516895209661119,HD 101501,0.887,0.94,8,3
HD 101501_7,0.8813217966575838,0.11373046210487704,HD 101501,0.887,0.94,8,3
HD 101501_7,0.8587598155640064,0.05643569587251284,HD 101501,0.887,0.94,8,3
HD 101501_7,0.8517391745756284,0.042151612412764744,HD 101501,0.887,0.94,8,3
HD 101501_7,0.8514204912552741,0.003997608818352559,HD 101501,0.887,0.94,8,3
HD 101501_7,0.8528021128839661,0.07670120516648249,HD 101501,0.887,0.94,8,3
HD 101501_7,0.8643248723202921,0.028464200615730108,HD 101501,0.887,0.94,8,3
HD 101501_7,0.8572558523579549,0.003641119080250943,HD 101501,0.887,0.94,8,3
HD 101501_7,0.8609376064329647,0.06930032435931466,HD 101501,0.887,0.94,8,3
HD 101501_7,0.8235716942661249,0.2699779615810514,HD 101501,0.887,0.94,8,3
HD 101501_7,0.8591115243843821,0.3367741543260294,HD 101501,0.887,0.94,8,3
HD 101501_7,0.8468438331402355,0.05321205988397977,HD 101501,0.887,0.94,8,3
HD 101501_7,0.8593381965476309,0.027037793260984794,HD 101501,0.887,0.94,8,3
HD 101501_7,0.8538604076756301,0.013336578507288636,HD 101501,0.887,0.94,8,3
HD 101501_7,0.8448506794919132,0.0865935754864679,HD 101501,0.887,0.94,8,3
HD 101501_7,0.8545513299352553,8.764615122480723e-05,HD 101501,0.887,0.94,8,3
HD 101501_7,0.8644968531985142,0.2421167421585662,HD 101501,0.887,0.94,8,3
HD 101501_7,0.8534396262251687,0.04223385978690917,HD 101501,0.887,0.94,8,3
HD 101501_7,0.8572033363652627,0.03241878627971337,HD 101501,0.887,0.94,8,3
HD 101501_7,0.8507116481939363,0.012293553711919373,HD 101501,0.887,0.94,8,3
HD 101501_7,0.8576674538205187,0.03484745890677299,HD 101501,0.887,0.94,8,3
HD 101501_7,0.8766362327679401,0.037088874516277084,HD 101501,0.887,0.94,8,3
HD 101501_7,0.8525325670299044,0.017492286122017874,HD 101501,0.887,0.94,8,3
HD 101501_7,0.8615051201696061,0.17039805173473072,HD 101501,0.887,0.94,8,3
HD 101501_7,0.8668243577779546,0.08898843592250723,HD 101501,0.887,0.94,8,3
HD 101501_7,0.8385286069905615,0.009163840296132231,HD 101501,0.887,0.94,8,3
HD 101501_7,0.8608477298142355,0.06940241928847461,HD 101501,0.887,0.94,8,3
HD 101501_7,0.8693272204824932,0.09861414505109366,HD 101501,0.887,0.94,8,3
HD 101501_7,0.8579113171825867,0.03911065569583461,HD 101501,0.887,0.94,8,3
HD 101501_7,0.8592688985597593,0.00042034485728977087,HD 101501,0.887,0.94,8,3
HD 101501_7,0.8567954390904333,0.030131836406430912,HD 101501,0.887,0.94,8,3
HD 101501_7,0.8557101273333998,0.003061688847197319,HD 101501,0.887,0.94,8,3
HD 101501_7,0.8421933464395414,0.06072965837834428,HD 101501,0.887,0.94,8,3
HD 101501_7,0.8531571248599171,0.026239070284783478,HD 101501,0.887,0.94,8,3
HD 101501_7,0.8299992039879498,0.10690333100392214,HD 101501,0.887,0.94,8,3
HD 101501_7,0.8507740588943186,0.0048591957341943375,HD 101501,0.887,0.94,8,3
HD 101501_7,0.8543517972412441,0.010182643620197697,HD 101501,0.887,0.94,8,3
HD 101501_7,0.8536161748511558,0.05966020628209752,HD 101501,0.887,0.94,8,3
HD 101501_7,0.8571222850393669,0.00489529021995147,HD 101501,0.887,0.94,8,3
HD 101501_7,0.8458575184089827,0.08518835830935312,HD 101501,0.887,0.94,8,3
HD 101501_7,0.8609152410534366,0.0511055835234904,HD 101501,0.887,0.94,8,3
HD 101501_7,0.8387592670673704,0.09203431459449637,HD 101501,0.887,0.94,8,3
HD 101501_7,0.8532613552521378,0.03316469309852421,HD 101501,0.887,0.94,8,3
HD 101501_7,0.8558919609910287,0.1444494751658613,HD 101501,0.887,0.94,8,3
HD 101501_7,0.853366832062363,0.020989578458395663,HD 101501,0.887,0.94,8,3
HD 101501_7,0.8582180129808699,0.007768564250089073,HD 101501,0.887,0.94,8,3
HD 101501_7,0.858683562607798,0.05342478909275519,HD 101501,0.887,0.94,8,3
HD 101501_7,0.8611635628986646,0.06354809777517682,HD 101501,0.887,0.94,8,3
HD 101501_7,0.8527116257672267,0.168146534814597,HD 101501,0.887,0.94,8,3
HD 101501_7,0.8526127054262632,0.23252917968007258,HD 101501,0.887,0.94,8,3
HD 101501_7,0.8624018559930543,0.02729768370901985,HD 101501,0.887,0.94,8,3
HD 101501_7,0.8552945874660767,0.015533280763298851,HD 101501,0.887,0.94,8,3
HD 101501_7,0.838900093548905,0.06393190281847799,HD 101501,0.887,0.94,8,3
HD 101501_7,0.8525132957202965,0.00464820235612606,HD 101501,0.887,0.94,8,3
HD 101501_7,0.848790456007953,0.0939987446703094,HD 101501,0.887,0.94,8,3
HD 101501_7,0.8958220807301174,0.3215009465348743,HD 101501,0.887,0.94,8,3
HD 101501_7,0.8591734152041698,0.0691860124214784,HD 101501,0.887,0.94,8,3
HD 101501_7,0.862869868518511,0.26147058491180436,HD 101501,0.887,0.94,8,3
HD 101501_7,0.835953828845167,0.07160702303347131,HD 101501,0.887,0.94,8,3
HD 101501_7,0.8553497458782704,0.012868451430198923,HD 101501,0.887,0.94,8,3
HD 101501_7,0.8626458222489523,0.010827660637313493,HD 101501,0.887,0.94,8,3
HD 101501_7,0.8571618716388192,0.02253025995861994,HD 101501,0.887,0.94,8,3
HD 101501_7,0.86096649536284,0.03491848981749299,HD 101501,0.887,0.94,8,3
HD 101501_7,0.8623985269686064,0.0737456431906335,HD 101501,0.887,0.94,8,3
HD 101501_7,0.8921158771343352,0.3048208489565949,HD 101501,0.887,0.94,8,3
HD 101501_7,0.8704274353068249,0.2097023739065844,HD 101501,0.887,0.94,8,3
HD 101501_7,0.8525097034514503,0.01779649592449617,HD 101501,0.887,0.94,8,3
HD 101501_7,0.8552607861977288,0.031308882754240666,HD 101501,0.887,0.94,8,3
HD 101501_7,0.8714345313305707,0.1682821540277556,HD 101501,0.887,0.94,8,3
HD 101501_7,0.8562442167933386,0.01627977460095283,HD 101501,0.887,0.94,8,3
HD 101501_7,0.8594203559953585,0.03825302638668493,HD 101501,0.887,0.94,8,3
HD 101501_7,0.8474193330221971,0.06658984427536194,HD 101501,0.887,0.94,8,3
HD 101501_7,0.877538037961174,0.1355917465108159,HD 101501,0.887,0.94,8,3
HD 101501_7,0.8348686019196222,0.27177242637598414,HD 101501,0.887,0.94,8,3
HD 101501_7,0.8681551954600664,0.05343265652291252,HD 101501,0.887,0.94,8,3
HD 101501_7,0.8515340373787,0.007299128124721763,HD 101501,0.887,0.94,8,3
HD 101501_7,0.8384744916119462,0.11220931481912871,HD 101501,0.887,0.94,8,3
HD 101501_7,0.8513063919688382,0.07479675611663511,HD 101501,0.887,0.94,8,3
HD 101501_7,0.8891976868115715,0.18845281212957998,HD 101501,0.887,0.94,8,3
HD 101501_7,0.8284762118556793,0.014037473537957347,HD 101501,0.887,0.94,8,3
HD 101501_7,0.8360853080736027,0.022907122728002854,HD 101501,0.887,0.94,8,3
HD 101501_7,0.8740980567748696,0.20490018211334338,HD 101501,0.887,0.94,8,3
HD 101501_7,0.8392818668941533,0.036885120670024835,HD 101501,0.887,0.94,8,3
HD 101501_7,0.8620800898056148,0.06622243490965998,HD 101501,0.887,0.94,8,3
HD 101501_7,0.8552323290536598,0.034975844249853824,HD 101501,0.887,0.94,8,3
HD 101501_7,0.8511334569700002,0.022491435820885527,HD 101501,0.887,0.94,8,3
HD 101501_7,0.8529187968309349,0.024169855127381287,HD 101501,0.887,0.94,8,3
HD 101501_7,0.8798606420980889,0.026035896780347064,HD 101501,0.887,0.94,8,3
HD 101501_7,0.8303864632715413,0.09013530629042192,HD 101501,0.887,0.94,8,3
HD 101501_7,0.8775531623394092,0.0909342163549526,HD 101501,0.887,0.94,8,3
HD 101501_7,0.8357578212749297,0.012649692131096645,HD 101501,0.887,0.94,8,3
HD 101501_7,0.8392202585878465,0.17440604739262205,HD 101501,0.887,0.94,8,3
HD 101501_7,0.854520841773679,0.0010440957948534557,HD 101501,0.887,0.94,8,3
HD 101501_7,0.8557516006148382,0.0018500440581581123,HD 101501,0.887,0.94,8,3
HD 101501_7,0.8398794392198892,0.19355949711178577,HD 101501,0.887,0.94,8,3
HD 101501_7,0.8443936457325769,0.06553017528156749,HD 101501,0.887,0.94,8,3
HD 101501_7,0.8515147312730487,0.007491905544474313,HD 101501,0.887,0.94,8,3
HD 101501_7,0.8465847204072215,0.04167098601380792,HD 101501,0.887,0.94,8,3
HD 101501_7,0.862054998028485,0.24144311863258922,HD 101501,0.887,0.94,8,3
HD 101501_7,0.858117893441515,0.010210429348088024,HD 101501,0.887,0.94,8,3
HD 101501_7,0.8588694823786442,0.08730700567990281,HD 101501,0.887,0.94,8,3
HD 101501_7,0.8561120981511049,0.14063076251986795,HD 101501,0.887,0.94,8,3
HD 101501_7,0.8488340123105691,0.06462467761108001,HD 101501,0.887,0.94,8,3
HD 101501_7,0.8396957929824069,0.05399579720017762,HD 101501,0.887,0.94,8,3
HD 101501_7,0.8539687091315518,0.012890908560517224,HD 101501,0.887,0.94,8,3
HD 101501_7,0.8476492291476524,0.009533333479222694,HD 101501,0.887,0.94,8,3
HD 101501_7,0.8535609805428518,0.01137217521048543,HD 101501,0.887,0.94,8,3
HD 101501_7,0.8610726113520093,0.015694122238970334,HD 101501,0.887,0.94,8,3
HD 101501_7,0.8705707246431872,0.09237365261723544,HD 101501,0.887,0.94,8,3
HD 101501_7,0.8447217456511049,0.028504353456532714,HD 101501,0.887,0.94,8,3
HD 101501_7,0.8521373970467155,0.040344973323806516,HD 101501,0.887,0.94,8,3
HD 101501_7,0.8604377242395157,0.00847779666223649,HD 101501,0.887,0.94,8,3
HD 101501_7,0.8628222420990176,0.07048834036698581,HD 101501,0.887,0.94,8,3
HD 101501_7,0.8551117735358493,0.021911504218053202,HD 101501,0.887,0.94,8,3
HD 101501_7,0.8574061397757817,0.03894502107466212,HD 101501,0.887,0.94,8,3
HD 101501_7,0.8541197933925337,0.014861808744154454,HD 101501,0.887,0.94,8,3
HD 101501_7,0.8544790317027925,0.023296242532940208,HD 101501,0.887,0.94,8,3
HD 101501_7,0.8548332140383292,0.0074319172043199955,HD 101501,0.887,0.94,8,3
HD 101501_7,0.8543714106734223,0.05371589427455014,HD 101501,0.887,0.94,8,3
HD 101501_7,0.8536255157796061,0.07269202996254316,HD 101501,0.887,0.94,8,3
HD 101501_7,0.8530310425089361,0.017436577201609724,HD 101501,0.887,0.94,8,3
HD 101501_7,0.863888702263523,0.12598428428791858,HD 101501,0.887,0.94,8,3
HD 101501_7,0.8541345822156516,0.0017475863375595452,HD 101501,0.887,0.94,8,3
HD 101501_7,0.8538036648824046,0.060520752494956476,HD 101501,0.887,0.94,8,3
HD 101501_7,0.8517551309661419,0.13239165530666694,HD 101501,0.887,0.94,8,3
HD 101501_7,0.880527435580805,0.0633576939205498,HD 101501,0.887,0.94,8,3
HD 101501_7,0.8532530459634493,0.005740702241309686,HD 101501,0.887,0.94,8,3
HD 101501_7,0.8365205374196809,0.12534747485115927,HD 101501,0.887,0.94,8,3
HD 101501_7,0.8516473319542033,0.0070238240576983605,HD 101501,0.887,0.94,8,3
HD 101501_7,0.8667107443671763,0.0205241949572534,HD 101501,0.887,0.94,8,3
HD 101501_7,0.8569517406864408,0.008605217775563702,HD 101501,0.887,0.94,8,3
HD 101501_7,0.8565959947201931,0.026694139052272338,HD 101501,0.887,0.94,8,3
HD 101501_7,0.8543624920771026,0.002438794752118806,HD 101501,0.887,0.94,8,3
HD 101501_7,0.8563521262501832,0.164070768559257,HD 101501,0.887,0.94,8,3
HD 101501_7,0.8521607863517978,0.014397572882252439,HD 101501,0.887,0.94,8,3
HD 101501_7,0.8581915094860754,0.139463685129545,HD 101501,0.887,0.94,8,3
HD 101501_7,0.8582828200123082,0.027043099835168262,HD 101501,0.887,0.94,8,3
HD 101501_7,0.8709557490959006,0.11053579807102792,HD 101501,0.887,0.94,8,3
HD 101501_7,0.8600506508502997,0.04545660980394836,HD 101501,0.887,0.94,8,3
HD 101501_7,0.8493961597166659,0.061570597837565626,HD 101501,0.887,0.94,8,3
HD 101501_7,0.8562599253533838,0.03217397806712001,HD 101501,0.887,0.94,8,3
HD 101501_7,0.8687855493164099,0.10787814618102559,HD 101501,0.887,0.94,8,3
HD 101501_7,0.8533233751827598,0.029410689452970394,HD 101501,0.887,0.94,8,3
HD 101501_7,0.8524584076880507,0.0487130749301178,HD 101501,0.887,0.94,8,3
HD 101501_7,0.8474140263904948,0.014887333985274517,HD 101501,0.887,0.94,8,3
HD 101501_7,0.8502311348289472,0.05310899304429592,HD 101501,0.887,0.94,8,3
HD 101501_7,0.8542688584879431,0.18452527248181394,HD 101501,0.887,0.94,8,3
HD 101501_7,0.8539901412748593,0.005093929973246293,HD 101501,0.887,0.94,8,3
HD 101501_7,0.8524878419128017,0.07059558704677035,HD 101501,0.887,0.94,8,3
HD 101501_7,0.8537900299393338,0.019916886468921133,HD 101501,0.887,0.94,8,3
HD 101501_7,0.8502065929757598,0.0004714796329228013,HD 101501,0.887,0.94,8,3
HD 101501_7,0.8588949969205921,0.0002040795047747873,HD 101501,0.887,0.94,8,3
HD 101501_7,0.8538102616181725,0.04112294636856076,HD 101501,0.887,0.94,8,3
HD 101501_7,0.8513964079012807,0.014115096948629896,HD 101501,0.887,0.94,8,3
HD 101501_7,0.8459955737558432,0.046421950230106396,HD 101501,0.887,0.94,8,3
HD 101501_7,0.8834354093549961,0.28229749341275523,HD 101501,0.887,0.94,8,3
HD 101501_7,0.8408125454772127,0.015573886685270953,HD 101501,0.887,0.94,8,3
HD 101501_7,0.8741061664436348,0.04777502269740608,HD 101501,0.887,0.94,8,3
HD 101501_7,0.8552956615615667,0.014200338799742444,HD 101501,0.887,0.94,8,3
HD 101501_7,0.8648234930143432,0.015825231776249934,HD 101501,0.887,0.94,8,3
HD 101501_7,0.8580609259296486,0.021621455999777585,HD 101501,0.887,0.94,8,3
HD 101501_7,0.8581321203470921,0.024757249814473005,HD 101501,0.887,0.94,8,3
HD 101501_7,0.8408120412193499,0.11093516627408043,HD 101501,0.887,0.94,8,3
HD 101501_7,0.857934042935036,0.036871841093999,HD 101501,0.887,0.94,8,3
HD 101501_7,0.8516452948489963,0.02018962464023767,HD 101501,0.887,0.94,8,3
HD 101501_7,0.8466256488301238,0.06680190278768754,HD 101501,0.887,0.94,8,3
HD 101501_7,0.8631093882702706,0.1037278565037661,HD 101501,0.887,0.94,8,3
HD 101501_7,0.8540449378796537,0.024006522291840443,HD 101501,0.887,0.94,8,3
HD 101501_7,0.8529533303990899,0.03139645197624855,HD 101501,0.887,0.94,8,3
HD 101501_7,0.8570730772085885,0.010785445085810483,HD 101501,0.887,0.94,8,3
HD 101501_7,0.8790890019076255,0.0055860529506633,HD 101501,0.887,0.94,8,3
HD 101501_7,0.8546567678495366,0.01739916142698821,HD 101501,0.887,0.94,8,3
HD 101501_7,0.8619447803496498,0.013268471463112254,HD 101501,0.887,0.94,8,3
HD 101501_7,0.8662156646830359,0.007337884751235368,HD 101501,0.887,0.94,8,3
HD 101501_7,0.8814912339503589,0.034000639055163415,HD 101501,0.887,0.94,8,3
HD 101501_7,0.8361034318040333,0.01252295692713632,HD 101501,0.887,0.94,8,3
HD 101501_7,0.8300372799424731,0.17850879014142784,HD 101501,0.887,0.94,8,3
HD 101501_7,0.8744855680017983,0.09806898060525504,HD 101501,0.887,0.94,8,3
HD 101501_7,0.8498769498302617,0.24218826524968232,HD 101501,0.887,0.94,8,3
HD 101501_7,0.850973115583931,0.045391482153624096,HD 101501,0.887,0.94,8,3
HD 101501_7,0.8562886455836768,0.016615638908237168,HD 101501,0.887,0.94,8,3
HD 101501_7,0.8687722122287836,0.11893382819436484,HD 101501,0.887,0.94,8,3
HD 101501_7,0.8564650141599564,0.035630763255796935,HD 101501,0.887,0.94,8,3
HD 101501_7,0.8688951549725049,0.1520969115055792,HD 101501,0.887,0.94,8,3
HD 101501_7,0.8523023240204569,0.0012052090268622568,HD 101501,0.887,0.94,8,3
HD 101501_7,0.874662937040595,0.10529510017547007,HD 101501,0.887,0.94,8,3
HD 101501_7,0.8580137882792068,0.03649832999944792,HD 101501,0.887,0.94,8,3
HD 101501_7,0.8527990336842389,0.012343023629265973,HD 101501,0.887,0.94,8,3
HD 101501_7,0.8511205414075645,0.02673896197524562,HD 101501,0.887,0.94,8,3
HD 101501_7,0.8475347307137274,0.0552471859358134,HD 101501,0.887,0.94,8,3
HD 101501_7,0.8549583553729168,0.02197874692164057,HD 101501,0.887,0.94,8,3
HD 101501_7,0.8583174870723984,0.15001068409012447,HD 101501,0.887,0.94,8,3
HD 101501_7,0.8604249354752799,0.018038125733806587,HD 101501,0.887,0.94,8,3
HD 101501_7,0.8560343057348614,0.02803348073709155,HD 101501,0.887,0.94,8,3
HD 101501_7,0.8547719442962164,0.0035674697037913275,HD 101501,0.887,0.94,8,3
HD 101501_7,0.8546087351593356,0.10820312633202872,HD 101501,0.887,0.94,8,3
HD 101501_7,0.8717169290797957,0.3025288983990106,HD 101501,0.887,0.94,8,3
HD 101501_7,0.8541020904497371,0.025833554664849434,HD 101501,0.887,0.94,8,3
HD 101501_7,0.8550998769007803,0.014812579105084397,HD 101501,0.887,0.94,8,3
HD 101501_7,0.8571381927635914,0.01263507812213973,HD 101501,0.887,0.94,8,3
HD 101501_7,0.8735782946631074,0.049615082741745815,HD 101501,0.887,0.94,8,3
HD 101501_7,0.8568308335265712,0.04224938700152526,HD 101501,0.887,0.94,8,3
HD 101501_7,0.8508807616164757,0.020760230619340597,HD 101501,0.887,0.94,8,3
HD 101501_7,0.8534722172752433,0.031530927472383986,HD 101501,0.887,0.94,8,3
HD 101501_7,0.8427936764961074,0.04828997493396092,HD 101501,0.887,0.94,8,3
HD 101501_7,0.8542450808204285,0.020676633443682806,HD 101501,0.887,0.94,8,3
HD 101501_7,0.8595520011078223,0.03495606920632574,HD 101501,0.887,0.94,8,3
HD 101501_7,0.8703054395546302,0.050161235022717486,HD 101501,0.887,0.94,8,3
HD 101501_7,0.8520047314661411,0.04559652373047966,HD 101501,0.887,0.94,8,3
HD 101501_7,0.8543507981311008,0.03935412808153644,HD 101501,0.887,0.94,8,3
HD 101501_7,0.8360324947318113,0.024720924389695136,HD 101501,0.887,0.94,8,3
HD 101501_7,0.834756743635349,0.14343999545713454,HD 101501,0.887,0.94,8,3
HD 101501_7,0.8557193373586532,0.0026217248118506065,HD 101501,0.887,0.94,8,3
HD 101501_7,0.8632175596229287,0.049609722399495876,HD 101501,0.887,0.94,8,3
HD 101501_7,0.8580488136681711,0.009110944387053255,HD 101501,0.887,0.94,8,3
HD 101501_7,0.8645929611588349,0.0779694604607648,HD 101501,0.887,0.94,8,3
HD 101501_7,0.8431033005993017,0.05345545674279002,HD 101501,0.887,0.94,8,3
HD 101501_7,0.8203748858912442,0.310750414838346,HD 101501,0.887,0.94,8,3
HD 101501_7,0.8551142647270584,0.0011559339098314268,HD 101501,0.887,0.94,8,3
HD 101501_7,0.8594842389092101,0.03397545600489709,HD 101501,0.887,0.94,8,3
HD 101501_7,0.8547911133831586,0.01677498680735136,HD 101501,0.887,0.94,8,3
HD 101501_7,0.8568117041066904,0.023401108720494883,HD 101501,0.887,0.94,8,3
HD 101501_7,0.8564828222449147,0.06821357753147037,HD 101501,0.887,0.94,8,3
HD 101501_7,0.8601283489935315,0.01974400278513122,HD 101501,0.887,0.94,8,3
HD 101501_7,0.8570583044101993,0.11072135597305797,HD 101501,0.887,0.94,8,3
HD 101501_7,0.8557643389030479,0.0029528119348078185,HD 101501,0.887,0.94,8,3
HD 101501_7,0.8540182185481835,0.03539679947410514,HD 101501,0.887,0.94,8,3
HD 101501_7,0.8461057305767042,0.03561477331851204,HD 101501,0.887,0.94,8,3
HD 101501_7,0.8760359904669656,0.011874078434046514,HD 101501,0.887,0.94,8,3
HD 101501_7,0.8739645886215212,0.16904690352506968,HD 101501,0.887,0.94,8,3
HD 101501_7,0.8389212534403552,0.026664537224198682,HD 101501,0.887,0.94,8,3
HD 101501_7,0.8547220616753923,0.004081398901811688,HD 101501,0.887,0.94,8,3
HD 101501_7,0.8307457719493716,0.0026615666631655197,HD 101501,0.887,0.94,8,3
HD 101501_7,0.8493452828806018,0.03429555901675728,HD 101501,0.887,0.94,8,3
HD 101501_7,0.8552010992357114,0.008212472849561444,HD 101501,0.887,0.94,8,3
HD 101501_7,0.853175348139585,0.031249084072731567,HD 101501,0.887,0.94,8,3
HD 101501_7,0.8414377211750528,0.06517390007126407,HD 101501,0.887,0.94,8,3
HD 101501_7,0.8499347900891786,0.023822147074469127,HD 101501,0.887,0.94,8,3
HD 101501_7,0.8320245430662456,0.10706797940148262,HD 101501,0.887,0.94,8,3
HD 101501_7,0.8559539462364034,0.0010739883006243428,HD 101501,0.887,0.94,8,3
HD 101501_7,0.8576478864883342,0.02649595725178812,HD 101501,0.887,0.94,8,3
HD 101501_7,0.8220194113455306,0.2932232825814962,HD 101501,0.887,0.94,8,3
HD 101501_7,0.838377599966072,0.11021943700492243,HD 101501,0.887,0.94,8,3
HD 101501_7,0.8689431631325635,0.12303846688022599,HD 101501,0.887,0.94,8,3
HD 101501_7,0.8567458446969939,0.021310534507492283,HD 101501,0.887,0.94,8,3
HD 101501_7,0.8530446457779449,0.09017947225364673,HD 101501,0.887,0.94,8,3
HD 101501_7,0.8585657139262712,0.05728829053315504,HD 101501,0.887,0.94,8,3
HD 101501_7,0.8781075451775864,0.12332533939949482,HD 101501,0.887,0.94,8,3
HD 101501_7,0.8404636555926004,0.22482315197629493,HD 101501,0.887,0.94,8,3
HD 101501_7,0.8593986401050318,0.029848801190989656,HD 101501,0.887,0.94,8,3
HD 101501_7,0.8635339738097978,0.037185448642407304,HD 101501,0.887,0.94,8,3
HD 101501_7,0.8595861101608755,0.0812115963433121,HD 101501,0.887,0.94,8,3
HD 101501_7,0.852965824345898,0.0044729827514803245,HD 101501,0.887,0.94,8,3
HD 101501_7,0.8392324066006931,0.11827086355974478,HD 101501,0.887,0.94,8,3
HD 101501_7,0.8400849988730722,0.14134685500397295,HD 101501,0.887,0.94,8,3
HD 101501_7,0.8574154644486625,0.000751344832624914,HD 101501,0.887,0.94,8,3
HD 101501_7,0.8427709408054143,0.22935215158141734,HD 101501,0.887,0.94,8,3
HD 101501_7,0.8625263131812976,0.05915017489936712,HD 101501,0.887,0.94,8,3
HD 101501_7,0.8549537981230008,0.025952534388243846,HD 101501,0.887,0.94,8,3
HD 101501_7,0.854592627627832,0.009175796932309004,HD 101501,0.887,0.94,8,3
HD 101501_7,0.8595169769237571,0.054511490598752835,HD 101501,0.887,0.94,8,3
HD 101501_7,0.8559101673471368,0.0042461777562597764,HD 101501,0.887,0.94,8,3
HD 101501_7,0.8564142169310357,0.010569827054850822,HD 101501,0.887,0.94,8,3
HD 101501_7,0.8950012470929533,0.31287875437075063,HD 101501,0.887,0.94,8,3
HD 101501_7,0.8606777977236186,0.009016572969954936,HD 101501,0.887,0.94,8,3
HD 101501_7,0.8620806126096473,0.03562159105523366,HD 101501,0.887,0.94,8,3
HD 101501_7,0.8478759129662843,0.047791789122891476,HD 101501,0.887,0.94,8,3
HD 101501_7,0.8543054893097672,0.01541452959188419,HD 101501,0.887,0.94,8,3
HD 101501_7,0.854735611747823,0.0019901693791372407,HD 101501,0.887,0.94,8,3
HD 101501_7,0.8521689814069258,0.019312489536555216,HD 101501,0.887,0.94,8,3
HD 101501_7,0.8580972003885482,0.03686669002276663,HD 101501,0.887,0.94,8,3
HD 101501_7,0.8578131848524894,0.12182703757285046,HD 101501,0.887,0.94,8,3
HD 101501_7,0.856209324573892,0.0012215760566789413,HD 101501,0.887,0.94,8,3
HD 101501_7,0.8551965196560367,0.009638515511923625,HD 101501,0.887,0.94,8,3
HD 101501_7,0.8536518591369424,0.009767642238405308,HD 101501,0.887,0.94,8,3
HD 101501_7,0.8536015585218597,0.01793748556923442,HD 101501,0.887,0.94,8,3
HD 101501_7,0.8856393770632436,0.06795438761383371,HD 101501,0.887,0.94,8,3
HD 101501_7,0.8566672342211007,0.00979544344029562,HD 101501,0.887,0.94,8,3
HD 101501_7,0.8632901307385469,0.06708668524061673,HD 101501,0.887,0.94,8,3
HD 101501_7,0.8551457374562053,0.001966561838751624,HD 101501,0.887,0.94,8,3
HD 101501_7,0.8733181156231328,0.13115223130142062,HD 101501,0.887,0.94,8,3
HD 101501_7,0.8456165811414917,0.021810955488133308,HD 101501,0.887,0.94,8,3
HD 101501_7,0.8547092230670418,0.02131862249680469,HD 101501,0.887,0.94,8,3
HD 101501_7,0.8291827327025877,0.22474458236039774,HD 101501,0.887,0.94,8,3
HD 101501_7,0.839770071791226,0.0780743461918568,HD 101501,0.887,0.94,8,3
HD 101501_7,0.8577350041619152,0.012360049951242104,HD 101501,0.887,0.94,8,3
HD 101501_7,0.826441536244651,0.2981779520774416,HD 101501,0.887,0.94,8,3
HD 101501_7,0.8578230692408135,0.03737805411845159,HD 101501,0.887,0.94,8,3
HD 101501_7,0.837750649014955,0.03517029268295699,HD 101501,0.887,0.94,8,3
HD 101501_7,0.8580877679487494,0.015813653340900673,HD 101501,0.887,0.94,8,3
HD 101501_7,0.8611448874276181,0.04171676413851565,HD 101501,0.887,0.94,8,3
HD 101501_7,0.8475986924283792,0.1680667682772972,HD 101501,0.887,0.94,8,3
HD 101501_7,0.84626866911168,0.0033280630169308933,HD 101501,0.887,0.94,8,3
HD 101501_7,0.8596819820298477,0.04692459789382624,HD 101501,0.887,0.94,8,3
HD 101501_7,0.8465304813012039,0.03825417338933039,HD 101501,0.887,0.94,8,3
HD 101501_7,0.851106261524587,0.005117809638527969,HD 101501,0.887,0.94,8,3
HD 101501_7,0.8610641367435735,0.0549621276336547,HD 101501,0.887,0.94,8,3
HD 101501_7,0.8600922170187267,0.037796909139489354,HD 101501,0.887,0.94,8,3
HD 101501_7,0.8492562989763938,0.000631515966344115,HD 101501,0.887,0.94,8,3
HD 101501_7,0.8567999727171767,0.004714419524283294,HD 101501,0.887,0.94,8,3
HD 101501_7,0.8291805278829653,0.016217270608444245,HD 101501,0.887,0.94,8,3
HD 101501_7,0.8335094850325342,0.0448007692573999,HD 101501,0.887,0.94,8,3
HD 101501_7,0.8740742916262815,0.10239060911877243,HD 101501,0.887,0.94,8,3
HD 101501_7,0.8455628440677883,0.053570212119694594,HD 101501,0.887,0.94,8,3
HD 101501_7,0.8482978731370121,0.024110743681467914,HD 101501,0.887,0.94,8,3
HD 101501_7,0.8818535051348124,0.017118770433845396,HD 101501,0.887,0.94,8,3
HD 101501_7,0.8586359367702161,0.0018423751960437718,HD 101501,0.887,0.94,8,3
HD 101501_7,0.8576801397960847,0.028676588749356302,HD 101501,0.887,0.94,8,3
HD 101501_7,0.8546691405870419,0.006294776548149673,HD 101501,0.887,0.94,8,3
HD 101501_7,0.8389312693804964,0.03818497097164608,HD 101501,0.887,0.94,8,3
HD 101501_7,0.8554691915656822,0.012778683220515244,HD 101501,0.887,0.94,8,3
HD 101501_7,0.8401019807621547,0.075316747699009,HD 101501,0.887,0.94,8,3
HD 101501_7,0.8530721166078885,0.005519693147187685,HD 101501,0.887,0.94,8,3
HD 101501_7,0.8559806900562565,0.002712529814921205,HD 101501,0.887,0.94,8,3
HD 101501_7,0.8588372387021735,0.0017578958022582414,HD 101501,0.887,0.94,8,3
HD 101501_7,0.8714446471436514,0.1294931647546473,HD 101501,0.887,0.94,8,3
HD 101501_7,0.8286465696211698,0.13053430152059073,HD 101501,0.887,0.94,8,3
HD 101501_7,0.8557513452701273,0.017686898030880145,HD 101501,0.887,0.94,8,3
HD 101501_7,0.851706816047915,0.01705051645894759,HD 101501,0.887,0.94,8,3
HD 101501_7,0.8427102548439008,0.08222518547322512,HD 101501,0.887,0.94,8,3
HD 101501_7,0.8705962071303066,0.04262719662143904,HD 101501,0.887,0.94,8,3
HD 101501_7,0.8523942138512153,0.015480371346862157,HD 101501,0.887,0.94,8,3
HD 101501_7,0.8751092912532787,0.028988257685023163,HD 101501,0.887,0.94,8,3
HD 101501_7,0.8677617930876937,0.15652926832101682,HD 101501,0.887,0.94,8,3
HD 101501_7,0.8681990256300328,0.1713976856420583,HD 101501,0.887,0.94,8,3
HD 101501_7,0.8556631934396755,0.039944892786523536,HD 101501,0.887,0.94,8,3
HD 101501_7,0.8594864848192314,0.19208258661472324,HD 101501,0.887,0.94,8,3
HD 101501_7,0.8668087753796957,0.10674965836424634,HD 101501,0.887,0.94,8,3
HD 101501_7,0.8580302272162265,0.03285833021329223,HD 101501,0.887,0.94,8,3
HD 101501_7,0.8381996530470198,0.06435278368916436,HD 101501,0.887,0.94,8,3
HD 101501_7,0.8529138846333562,0.04051056829453179,HD 101501,0.887,0.94,8,3
HD 101501_7,0.8538852549400747,0.024834144651865068,HD 101501,0.887,0.94,8,3
HD 101501_7,0.8389663682099826,0.07969777710979092,HD 101501,0.887,0.94,8,3
HD 101501_7,0.850664772599342,0.05995661944071215,HD 101501,0.887,0.94,8,3
HD 101501_7,0.8520893256636329,0.0891583415449721,HD 101501,0.887,0.94,8,3
HD 101501_7,0.8402390694159928,0.05300547381384861,HD 101501,0.887,0.94,8,3
HD 101501_7,0.8518017981606041,0.17434954415822684,HD 101501,0.887,0.94,8,3
HD 101501_7,0.8628048092387327,0.06424567047772808,HD 101501,0.887,0.94,8,3
HD 101501_7,0.8748271074574179,0.08161627070224803,HD 101501,0.887,0.94,8,3
HD 101501_7,0.8587786362856127,0.01000041044993211,HD 101501,0.887,0.94,8,3
HD 101501_7,0.8420178896909907,0.010421332820238667,HD 101501,0.887,0.94,8,3
HD 101501_7,0.8817591014947691,0.3073509885024136,HD 101501,0.887,0.94,8,3
HD 101501_7,0.8261075181721224,0.21532883171264533,HD 101501,0.887,0.94,8,3
HD 101501_7,0.8549431747760061,0.011352719054279809,HD 101501,0.887,0.94,8,3
HD 101501_7,0.8667225025019407,0.18142299946610285,HD 101501,0.887,0.94,8,3
HD 101501_7,0.8655677003297587,0.059727337563505276,HD 101501,0.887,0.94,8,3
HD 101501_7,0.855095541923068,0.0610410447690968,HD 101501,0.887,0.94,8,3
HD 101501_7,0.8481649306772509,0.209222263527831,HD 101501,0.887,0.94,8,3
HD 101501_7,0.8557763788635195,0.005284458372159781,HD 101501,0.887,0.94,8,3
HD 101501_7,0.866567042138507,0.07960061057292878,HD 101501,0.887,0.94,8,3
HD 101501_7,0.8789941122896009,0.03902789337991622,HD 101501,0.887,0.94,8,3
HD 101501_7,0.8602992410967258,0.057825829371726326,HD 101501,0.887,0.94,8,3
HD 101501_7,0.8340528564924897,0.08814165661110646,HD 101501,0.887,0.94,8,3
HD 101501_7,0.8656407334018247,0.13642327168276575,HD 101501,0.887,0.94,8,3
HD 101501_7,0.8478550475838295,0.0837535654201989,HD 101501,0.887,0.94,8,3
HD 101501_7,0.8358320328297272,0.3048031499122893,HD 101501,0.887,0.94,8,3
HD 101501_7,0.8340798357348683,0.0044915024269878145,HD 101501,0.887,0.94,8,3
HD 101501_7,0.841493446146253,0.00280061350469416,HD 101501,0.887,0.94,8,3
HD 101501_7,0.851682006633424,0.011870669528052505,HD 101501,0.887,0.94,8,3
HD 101501_7,0.8481649306772509,0.209222263527831,HD 101501,0.887,0.94,8,3
HD 101501_7,0.8529646700695503,0.04922778096222377,HD 101501,0.887,0.94,8,3
HD 101501_7,0.8757721376982972,0.08832511443192766,HD 101501,0.887,0.94,8,3
HD 101501_7,0.8631935358812531,0.09443386294812771,HD 101501,0.887,0.94,8,3
HD 101501_7,0.8549139720394222,0.015653578032453635,HD 101501,0.887,0.94,8,3
HD 101501_7,0.8528538128127484,0.02335483131106217,HD 101501,0.887,0.94,8,3
HD 101501_7,0.8589321273016023,0.03012691190803621,HD 101501,0.887,0.94,8,3
HD 101501_7,0.8692943448951771,0.14281368523774993,HD 101501,0.887,0.94,8,3
HD 101501_7,0.8511451043679726,0.1698194956211581,HD 101501,0.887,0.94,8,3
HD 101501_7,0.8334108408074602,0.006022224275270659,HD 101501,0.887,0.94,8,3
HD 101501_7,0.8742429582135526,0.09498556514880986,HD 101501,0.887,0.94,8,3
HD 101501_7,0.8524395752835131,0.03370072237929124,HD 101501,0.887,0.94,8,3
HD 101501_7,0.8595531411863787,0.042180032421534286,HD 101501,0.887,0.94,8,3
HD 101501_7,0.8586045123104666,0.06062271218196135,HD 101501,0.887,0.94,8,3
HD 101501_7,0.852817754643705,0.013730398861982669,HD 101501,0.887,0.94,8,3
HD 101501_7,0.8477599899094964,0.006794172202609184,HD 101501,0.887,0.94,8,3
HD 101501_7,0.8566596926615033,0.011158362112593335,HD 101501,0.887,0.94,8,3
HD 101501_7,0.8629172701029111,0.05157994886708982,HD 101501,0.887,0.94,8,3
HD 101501_7,0.8471983610257734,0.2043373967610404,HD 101501,0.887,0.94,8,3
HD 101501_7,0.8529917397614435,0.02129701568381973,HD 101501,0.887,0.94,8,3
HD 101501_7,0.8482302261506943,0.02492999699993639,HD 101501,0.887,0.94,8,3
HD 101501_7,0.8555722200969905,0.007926698384156662,HD 101501,0.887,0.94,8,3
HD 101501_7,0.8560585037173062,0.0024131967636577337,HD 101501,0.887,0.94,8,3
HD 101501_7,0.8568096656250527,0.013669743525027629,HD 101501,0.887,0.94,8,3
HD 101501_7,0.8598380672114391,0.25067560136936207,HD 101501,0.887,0.94,8,3
HD 101501_7,0.8492291848567577,0.04393493629315773,HD 101501,0.887,0.94,8,3
HD 101501_7,0.8672654957185134,0.08766661729453452,HD 101501,0.887,0.94,8,3
HD 101501_7,0.8366184773551073,0.22149755285038353,HD 101501,0.887,0.94,8,3
HD 101501_7,0.8516371032005281,0.03038225964138315,HD 101501,0.887,0.94,8,3
HD 101501_7,0.8620186680876971,0.04035755770646723,HD 101501,0.887,0.94,8,3
HD 101501_7,0.863859502608336,0.02385563610301429,HD 101501,0.887,0.94,8,3
HD 101501_7,0.85447961014571,0.03912418306617971,HD 101501,0.887,0.94,8,3
HD 101501_7,0.8916156475029563,0.12364993669205622,HD 101501,0.887,0.94,8,3
HD 101501_7,0.8571796132873166,0.014120844243106822,HD 101501,0.887,0.94,8,3
HD 101501_7,0.8565599524746778,0.08528342535304079,HD 101501,0.887,0.94,8,3
HD 101501_7,0.8968873529251726,0.38643622221517043,HD 101501,0.887,0.94,8,3
HD 101501_7,0.9001718414801297,0.3446255124608022,HD 101501,0.887,0.94,8,3
HD 101501_7,0.8532413932891862,0.08179614336890295,HD 101501,0.887,0.94,8,3
HD 101501_7,0.8376211509858844,0.19594574809627407,HD 101501,0.887,0.94,8,3
HD 101501_7,0.8520201129100089,0.05359552318857517,HD 101501,0.887,0.94,8,3
HD 101501_7,0.8676119774760283,0.08952482494856673,HD 101501,0.887,0.94,8,3
HD 101501_7,0.8564493569008713,0.011104666242510393,HD 101501,0.887,0.94,8,3
HD 101501_7,0.8316819817708562,0.20448047551954812,HD 101501,0.887,0.94,8,3
HD 101501_7,0.8572422486119153,0.09512967555559917,HD 101501,0.887,0.94,8,3
HD 101501_7,0.8478440510602163,0.01629615140612973,HD 101501,0.887,0.94,8,3
HD 101501_7,0.848758453929098,0.08134141762011074,HD 101501,0.887,0.94,8,3
HD 101501_7,0.8569577428961977,0.025337753625651292,HD 101501,0.887,0.94,8,3
HD 101501_7,0.8515265720679969,0.0016267415478316465,HD 101501,0.887,0.94,8,3
HD 101501_7,0.8594221685152256,0.026819062558934813,HD 101501,0.887,0.94,8,3
HD 101501_7,0.8567899926752128,0.010215906532511095,HD 101501,0.887,0.94,8,3
HD 101501_7,0.8565688441069127,0.016209362165787465,HD 101501,0.887,0.94,8,3
HD 101501_7,0.8462231994681532,0.007344292554145013,HD 101501,0.887,0.94,8,3
HD 101501_7,0.8505897871117618,0.035999505281892705,HD 101501,0.887,0.94,8,3
HD 101501_7,0.8581940061617722,0.015820251280680698,HD 101501,0.887,0.94,8,3
HD 101501_7,0.8459293738170581,0.009906501491050025,HD 101501,0.887,0.94,8,3
HD 101501_7,0.8560362444271292,0.012505131684753298,HD 101501,0.887,0.94,8,3
HD 101501_7,0.8527124374236554,0.002994207716905846,HD 101501,0.887,0.94,8,3
HD 101501_7,0.8505217527218166,0.2601474097011579,HD 101501,0.887,0.94,8,3
HD 101501_7,0.851692471237741,0.01212174521015335,HD 101501,0.887,0.94,8,3
HD 101501_7,0.85501027987231,0.013095962955512179,HD 101501,0.887,0.94,8,3
HD 101501_7,0.8544203420928119,0.011988984959537142,HD 101501,0.887,0.94,8,3
HD 101501_7,0.8733465638599629,0.18043748263079934,HD 101501,0.887,0.94,8,3
HD 101501_7,0.8553676609398705,0.012911911568751822,HD 101501,0.887,0.94,8,3
HD 101501_7,0.851007249346941,0.000710251146719164,HD 101501,0.887,0.94,8,3
HD 101501_7,0.8415297935059017,0.06991735520346636,HD 101501,0.887,0.94,8,3
HD 101501_7,0.8588653251042091,0.2608343437021163,HD 101501,0.887,0.94,8,3
HD 101501_7,0.8560438161647684,0.0002906121887249341,HD 101501,0.887,0.94,8,3
HD 101501_7,0.8698948478339035,0.11712688664906076,HD 101501,0.887,0.94,8,3
HD 101501_7,0.8556588308302345,0.023621557189807,HD 101501,0.887,0.94,8,3
HD 101501_7,0.8371302967241936,0.03378674730951079,HD 101501,0.887,0.94,8,3
HD 101501_7,0.8618973245674083,0.010972408251995192,HD 101501,0.887,0.94,8,3
HD 10780_0,0.8110139050615628,0.1371291604079663,HD 10780,1.077,0.9,8,6
HD 10780_0,0.8113503532347428,0.1020027433620974,HD 10780,1.077,0.9,8,6
HD 10780_0,0.81657241900018,0.1439659969621161,HD 10780,1.077,0.9,8,6
HD 10780_0,0.810920998449435,0.1012528496997107,HD 10780,1.077,0.9,8,6
HD 10780_0,0.8115497790044781,0.09896600045616336,HD 10780,1.077,0.9,8,6
HD 10780_0,0.8130985006491858,0.1426769717530941,HD 10780,1.077,0.9,8,6
HD 10780_0,0.8154782288499085,0.09070136546354865,HD 10780,1.077,0.9,8,6
HD 10780_0,0.8110830353497108,0.12450628188057991,HD 10780,1.077,0.9,8,6
HD 10780_0,0.8093216489472851,0.11862140548754402,HD 10780,1.077,0.9,8,6
HD 10780_0,0.8125574147367144,0.09378227233240714,HD 10780,1.077,0.9,8,6
HD 10780_0,0.8129965303251968,0.111260435251904,HD 10780,1.077,0.9,8,6
HD 10780_0,0.8158770209124174,0.08905959026458957,HD 10780,1.077,0.9,8,6
HD 10780_0,0.811456488575257,0.11361472435496822,HD 10780,1.077,0.9,8,6
HD 10780_0,0.8151367149445464,0.09233294583610281,HD 10780,1.077,0.9,8,6
HD 10780_0,0.8132068416852042,0.13730448853206956,HD 10780,1.077,0.9,8,6
HD 10780_0,0.8110323842722557,0.11050449494365919,HD 10780,1.077,0.9,8,6
HD 10780_0,0.8119455170616895,0.10143346539368486,HD 10780,1.077,0.9,8,6
HD 10780_0,0.8108918720389873,0.11324145404882333,HD 10780,1.077,0.9,8,6
HD 10780_0,0.8133273820920163,0.11258199480133535,HD 10780,1.077,0.9,8,6
HD 10780_0,0.812024569629615,0.10920834554244352,HD 10780,1.077,0.9,8,6
HD 10780_0,0.8127831948216875,0.11496270332061574,HD 10780,1.077,0.9,8,6
HD 10780_0,0.8126530886476391,0.10062640974445848,HD 10780,1.077,0.9,8,6
HD 10780_0,0.8104494615537196,0.11319853203160418,HD 10780,1.077,0.9,8,6
HD 10780_0,0.8086997022577752,0.11087772823130429,HD 10780,1.077,0.9,8,6
HD 10780_0,0.8142453073335737,0.11007683904998362,HD 10780,1.077,0.9,8,6
HD 10780_0,0.8138029106153922,0.08406010375368528,HD 10780,1.077,0.9,8,6
HD 10780_0,0.8135094257935367,0.10931294307887053,HD 10780,1.077,0.9,8,6
HD 10780_0,0.8124011595476183,0.10276840512141437,HD 10780,1.077,0.9,8,6
HD 10780_0,0.8106364317856165,0.11419162713728241,HD 10780,1.077,0.9,8,6
HD 10780_0,0.8102025436624932,0.1160928665786377,HD 10780,1.077,0.9,8,6
HD 10780_0,0.8089084171490171,0.11963189825497128,HD 10780,1.077,0.9,8,6
HD 10780_0,0.8124243461556357,0.08779802355558726,HD 10780,1.077,0.9,8,6
HD 10780_0,0.8149616826699871,0.08704707890692612,HD 10780,1.077,0.9,8,6
HD 10780_0,0.8092696283716497,0.09989128611010627,HD 10780,1.077,0.9,8,6
HD 10780_0,0.8145518274133796,0.10032193684461879,HD 10780,1.077,0.9,8,6
HD 10780_0,0.8145878128117231,0.11102663156310445,HD 10780,1.077,0.9,8,6
HD 10780_0,0.8172255794681004,0.09568027106835446,HD 10780,1.077,0.9,8,6
HD 10780_0,0.8115743585990954,0.11100720356975546,HD 10780,1.077,0.9,8,6
HD 10780_0,0.8115413981241802,0.11408103164598438,HD 10780,1.077,0.9,8,6
HD 10780_0,0.8106693503145352,0.10782328888758122,HD 10780,1.077,0.9,8,6
HD 10780_0,0.8117524212889364,0.12816768325381261,HD 10780,1.077,0.9,8,6
HD 10780_0,0.8143942475935517,0.1371837248419298,HD 10780,1.077,0.9,8,6
HD 10780_0,0.8138206197183366,0.12877552108891688,HD 10780,1.077,0.9,8,6
HD 10780_0,0.8123308463666239,0.139857639049777,HD 10780,1.077,0.9,8,6
HD 10780_0,0.8141057893069853,0.0897671868373894,HD 10780,1.077,0.9,8,6
HD 10780_0,0.8116087512873082,0.10331084983297979,HD 10780,1.077,0.9,8,6
HD 10780_0,0.8122426319604985,0.0800701946597952,HD 10780,1.077,0.9,8,6
HD 10780_0,0.8128165393946971,0.09892925250578949,HD 10780,1.077,0.9,8,6
HD 10780_0,0.8114495458011335,0.12866773884039587,HD 10780,1.077,0.9,8,6
HD 10780_0,0.8100635907291961,0.10772273673968394,HD 10780,1.077,0.9,8,6
HD 10780_0,0.8095090557657136,0.10435785795358898,HD 10780,1.077,0.9,8,6
HD 10780_0,0.8099546456579225,0.12472286534788896,HD 10780,1.077,0.9,8,6
HD 10780_0,0.8096195439532792,0.11475621753582531,HD 10780,1.077,0.9,8,6
HD 10780_0,0.8099793091034856,0.1374976965877562,HD 10780,1.077,0.9,8,6
HD 10780_0,0.8140397709979853,0.09495684660890585,HD 10780,1.077,0.9,8,6
HD 10780_0,0.8136751286304706,0.09533811877191573,HD 10780,1.077,0.9,8,6
HD 10780_0,0.8145889251427981,0.09488241752162058,HD 10780,1.077,0.9,8,6
HD 10780_0,0.8106043883588897,0.1207198318333526,HD 10780,1.077,0.9,8,6
HD 10780_0,0.8076847618349504,0.11019575373877823,HD 10780,1.077,0.9,8,6
HD 10780_0,0.8136182029196884,0.11183779652699694,HD 10780,1.077,0.9,8,6
HD 10780_0,0.8124539205530377,0.12922041581027885,HD 10780,1.077,0.9,8,6
HD 10780_0,0.8115358517755311,0.10315478938165207,HD 10780,1.077,0.9,8,6
HD 10780_0,0.8080217992217406,0.11508497430142182,HD 10780,1.077,0.9,8,6
HD 10780_0,0.8114647088976386,0.10889040389259717,HD 10780,1.077,0.9,8,6
HD 10780_0,0.8161823264912029,0.11949493077297821,HD 10780,1.077,0.9,8,6
HD 10780_0,0.8095584616753763,0.13608691450259636,HD 10780,1.077,0.9,8,6
HD 10780_0,0.8150547434423799,0.12149039371442581,HD 10780,1.077,0.9,8,6
HD 10780_0,0.81024919572078,0.11398537225271875,HD 10780,1.077,0.9,8,6
HD 10780_0,0.8091365553070098,0.13707134202462265,HD 10780,1.077,0.9,8,6
HD 10780_0,0.8120033819364686,0.13269316356479818,HD 10780,1.077,0.9,8,6
HD 10780_0,0.8080456330412791,0.1193256089946857,HD 10780,1.077,0.9,8,6
HD 10780_0,0.8096912983757951,0.08830882671972809,HD 10780,1.077,0.9,8,6
HD 10780_0,0.8099277279281275,0.11171980320337782,HD 10780,1.077,0.9,8,6
HD 10780_0,0.813143885563407,0.11510971667858456,HD 10780,1.077,0.9,8,6
HD 10780_0,0.8118031910576503,0.13134474792542905,HD 10780,1.077,0.9,8,6
HD 10780_0,0.8176226339358968,0.1185307433044013,HD 10780,1.077,0.9,8,6
HD 10780_0,0.8117229017895669,0.11213613606991282,HD 10780,1.077,0.9,8,6
HD 10780_0,0.8104685467068747,0.10675326325830374,HD 10780,1.077,0.9,8,6
HD 10780_0,0.8109576249427823,0.10865938203061491,HD 10780,1.077,0.9,8,6
HD 10780_0,0.8100460348702513,0.133860555853218,HD 10780,1.077,0.9,8,6
HD 10780_0,0.8091668825626837,0.11309361736211351,HD 10780,1.077,0.9,8,6
HD 10780_0,0.8092583283022564,0.10742153958134533,HD 10780,1.077,0.9,8,6
HD 10780_0,0.8105317162837234,0.12383865654639695,HD 10780,1.077,0.9,8,6
HD 10780_0,0.8134170062173289,0.10256055141017464,HD 10780,1.077,0.9,8,6
HD 10780_0,0.812234134943741,0.10811671266771616,HD 10780,1.077,0.9,8,6
HD 10780_0,0.8091064438559818,0.10320042465395368,HD 10780,1.077,0.9,8,6
HD 10780_0,0.8083568192351578,0.11778277225614561,HD 10780,1.077,0.9,8,6
HD 10780_0,0.8130760992825357,0.11808698972061898,HD 10780,1.077,0.9,8,6
HD 10780_0,0.812023650117229,0.13198747305261294,HD 10780,1.077,0.9,8,6
HD 10780_0,0.8100967566995524,0.11098448991194687,HD 10780,1.077,0.9,8,6
HD 10780_0,0.8131571568106154,0.10780990955693195,HD 10780,1.077,0.9,8,6
HD 10780_0,0.8099148885680447,0.10442281137462518,HD 10780,1.077,0.9,8,6
HD 10780_0,0.8110620271242243,0.09425818859794118,HD 10780,1.077,0.9,8,6
HD 10780_0,0.8116016751193561,0.10038853155224656,HD 10780,1.077,0.9,8,6
HD 10780_0,0.8078400485525861,0.13065853546914835,HD 10780,1.077,0.9,8,6
HD 10780_0,0.8173171632593093,0.10334984945124599,HD 10780,1.077,0.9,8,6
HD 10780_0,0.8102121807797172,0.10051178239775821,HD 10780,1.077,0.9,8,6
HD 10780_0,0.8110080100500202,0.11494703397034224,HD 10780,1.077,0.9,8,6
HD 10780_0,0.8117400949390234,0.10075270559934067,HD 10780,1.077,0.9,8,6
HD 10780_0,0.8123392914618767,0.12517049470864458,HD 10780,1.077,0.9,8,6
HD 10780_0,0.8076909516692627,0.13530133291918384,HD 10780,1.077,0.9,8,6
HD 10780_0,0.8123723328688957,0.13446067138852913,HD 10780,1.077,0.9,8,6
HD 10780_0,0.8121163377207464,0.10067214056242527,HD 10780,1.077,0.9,8,6
HD 10780_0,0.8096669645835224,0.11557022900902832,HD 10780,1.077,0.9,8,6
HD 10780_0,0.8139651631736503,0.12448415199988198,HD 10780,1.077,0.9,8,6
HD 10780_0,0.8113578673761259,0.1245019082101785,HD 10780,1.077,0.9,8,6
HD 10780_0,0.810819643591376,0.11785853166097489,HD 10780,1.077,0.9,8,6
HD 10780_0,0.8099503211397144,0.12770186084630986,HD 10780,1.077,0.9,8,6
HD 10780_0,0.8106956949028956,0.10417728455254305,HD 10780,1.077,0.9,8,6
HD 10780_0,0.8111225405023611,0.11534596335686047,HD 10780,1.077,0.9,8,6
HD 10780_0,0.8127885488972514,0.13121764551526185,HD 10780,1.077,0.9,8,6
HD 10780_0,0.8130201054052822,0.10033385531974942,HD 10780,1.077,0.9,8,6
HD 10780_0,0.8110012592341752,0.11038279686463923,HD 10780,1.077,0.9,8,6
HD 10780_0,0.8129791678385161,0.12292517239115458,HD 10780,1.077,0.9,8,6
HD 10780_0,0.8129261121495337,0.11889425735007096,HD 10780,1.077,0.9,8,6
HD 10780_0,0.8096356067881137,0.10080491325876018,HD 10780,1.077,0.9,8,6
HD 10780_0,0.8128844737960419,0.11569544121516973,HD 10780,1.077,0.9,8,6
HD 10780_0,0.810686595457835,0.11308934280106095,HD 10780,1.077,0.9,8,6
HD 10780_0,0.8114382234321443,0.1289343560744464,HD 10780,1.077,0.9,8,6
HD 10780_0,0.8115718796613025,0.08958267943616852,HD 10780,1.077,0.9,8,6
HD 10780_0,0.809182006809539,0.12305956453301892,HD 10780,1.077,0.9,8,6
HD 10780_0,0.809678168570365,0.11612447877031369,HD 10780,1.077,0.9,8,6
HD 10780_0,0.8123504184481095,0.1414559277205583,HD 10780,1.077,0.9,8,6
HD 10780_0,0.8091148570895488,0.10412283524857144,HD 10780,1.077,0.9,8,6
HD 10780_0,0.8110058982451563,0.09794231783152829,HD 10780,1.077,0.9,8,6
HD 10780_0,0.810960931705827,0.09954261195985795,HD 10780,1.077,0.9,8,6
HD 10780_0,0.8122191418559588,0.09568119946541505,HD 10780,1.077,0.9,8,6
HD 10780_0,0.8088298066818519,0.13484876234708337,HD 10780,1.077,0.9,8,6
HD 10780_0,0.8139194886855048,0.0973365987417711,HD 10780,1.077,0.9,8,6
HD 10780_0,0.8114372417090765,0.15009348006738538,HD 10780,1.077,0.9,8,6
HD 10780_0,0.8081534184070843,0.11616485830067319,HD 10780,1.077,0.9,8,6
HD 10780_0,0.8117114323939711,0.09766918276067274,HD 10780,1.077,0.9,8,6
HD 10780_0,0.8143998559260907,0.10553258643460212,HD 10780,1.077,0.9,8,6
HD 10780_0,0.8148902573036483,0.14249252526044393,HD 10780,1.077,0.9,8,6
HD 10780_0,0.8113067876094177,0.10097805661225578,HD 10780,1.077,0.9,8,6
HD 10780_0,0.8143554285059437,0.09640380398621462,HD 10780,1.077,0.9,8,6
HD 10780_0,0.8117365906433648,0.1129977484484728,HD 10780,1.077,0.9,8,6
HD 10780_0,0.8094101458886896,0.10209166319283576,HD 10780,1.077,0.9,8,6
HD 10780_0,0.81309821506876,0.12291440423155525,HD 10780,1.077,0.9,8,6
HD 10780_0,0.8088970351380883,0.10828769650438524,HD 10780,1.077,0.9,8,6
HD 10780_0,0.814011027378473,0.11546843015882088,HD 10780,1.077,0.9,8,6
HD 10780_0,0.8083068116977592,0.1082488418792422,HD 10780,1.077,0.9,8,6
HD 10780_0,0.812497670592825,0.11169678520368466,HD 10780,1.077,0.9,8,6
HD 10780_0,0.8104760265573906,0.11433977497460149,HD 10780,1.077,0.9,8,6
HD 10780_0,0.8112247100881093,0.10485789751227106,HD 10780,1.077,0.9,8,6
HD 10780_0,0.8110788902277954,0.0780520315656438,HD 10780,1.077,0.9,8,6
HD 10780_0,0.8110596495813122,0.12451726401604807,HD 10780,1.077,0.9,8,6
HD 10780_0,0.8127047422705944,0.11156661686287268,HD 10780,1.077,0.9,8,6
HD 10780_0,0.8089103653892956,0.10909618825345657,HD 10780,1.077,0.9,8,6
HD 10780_0,0.8094021586318141,0.1165251844695558,HD 10780,1.077,0.9,8,6
HD 10780_0,0.8110646662864075,0.10594615915848532,HD 10780,1.077,0.9,8,6
HD 10780_0,0.8127788445022344,0.06789221551798971,HD 10780,1.077,0.9,8,6
HD 10780_0,0.8115593664414654,0.09940012719292488,HD 10780,1.077,0.9,8,6
HD 10780_0,0.8098605953123004,0.11334214190077695,HD 10780,1.077,0.9,8,6
HD 10780_0,0.8137748137561283,0.08446043209287313,HD 10780,1.077,0.9,8,6
HD 10780_0,0.8133525315029453,0.11333823259494809,HD 10780,1.077,0.9,8,6
HD 10780_0,0.8131167373733335,0.12871855274064692,HD 10780,1.077,0.9,8,6
HD 10780_0,0.8118279681918258,0.13108048490409924,HD 10780,1.077,0.9,8,6
HD 10780_0,0.8117308001962854,0.09833310978322451,HD 10780,1.077,0.9,8,6
HD 10780_0,0.8156021004212882,0.12888783439819299,HD 10780,1.077,0.9,8,6
HD 10780_0,0.8143872706386509,0.11097781329068727,HD 10780,1.077,0.9,8,6
HD 10780_0,0.8104311626341979,0.13163707163709218,HD 10780,1.077,0.9,8,6
HD 10780_0,0.8129876492929088,0.1293303314889019,HD 10780,1.077,0.9,8,6
HD 10780_0,0.81056623445323,0.10395143011097048,HD 10780,1.077,0.9,8,6
HD 10780_0,0.811984029432459,0.11391878927097758,HD 10780,1.077,0.9,8,6
HD 10780_0,0.8121574660985846,0.08604979419712182,HD 10780,1.077,0.9,8,6
HD 10780_0,0.8138669305552172,0.1045796630611276,HD 10780,1.077,0.9,8,6
HD 10780_0,0.8085168286387823,0.11454637536499263,HD 10780,1.077,0.9,8,6
HD 10780_0,0.8128992154007805,0.12624123632755535,HD 10780,1.077,0.9,8,6
HD 10780_0,0.8145981653897815,0.10798061730527334,HD 10780,1.077,0.9,8,6
HD 10780_0,0.8124067993902294,0.11682666050996778,HD 10780,1.077,0.9,8,6
HD 10780_0,0.8110885316269936,0.10973496720731621,HD 10780,1.077,0.9,8,6
HD 10780_0,0.8096731127270461,0.1473604376999786,HD 10780,1.077,0.9,8,6
HD 10780_0,0.8086546297226307,0.1371028122810303,HD 10780,1.077,0.9,8,6
HD 10780_0,0.8123630227105709,0.12760672522837296,HD 10780,1.077,0.9,8,6
HD 10780_0,0.8149702318824092,0.117298220395781,HD 10780,1.077,0.9,8,6
HD 10780_0,0.8125587610473691,0.10181330044869252,HD 10780,1.077,0.9,8,6
HD 10780_0,0.8111886962200333,0.11991221318113802,HD 10780,1.077,0.9,8,6
HD 10780_0,0.8088320154332808,0.10570839673218925,HD 10780,1.077,0.9,8,6
HD 10780_0,0.8129819114407911,0.1196805072674381,HD 10780,1.077,0.9,8,6
HD 10780_0,0.8148012154076409,0.09546939100789836,HD 10780,1.077,0.9,8,6
HD 10780_0,0.8079605019803887,0.1133030626168046,HD 10780,1.077,0.9,8,6
HD 10780_0,0.8104054695598628,0.14450299849845316,HD 10780,1.077,0.9,8,6
HD 10780_0,0.8099613983131135,0.10694803007442977,HD 10780,1.077,0.9,8,6
HD 10780_0,0.8112375968580273,0.11835874388928408,HD 10780,1.077,0.9,8,6
HD 10780_0,0.8125299961722128,0.10952453162522886,HD 10780,1.077,0.9,8,6
HD 10780_0,0.810574163303289,0.1185485146210704,HD 10780,1.077,0.9,8,6
HD 10780_0,0.809577864067596,0.10176195161332806,HD 10780,1.077,0.9,8,6
HD 10780_0,0.8117982805561114,0.10093685521070628,HD 10780,1.077,0.9,8,6
HD 10780_0,0.8111608540257279,0.12576038371597253,HD 10780,1.077,0.9,8,6
HD 10780_0,0.8100754351329805,0.12804540607231976,HD 10780,1.077,0.9,8,6
HD 10780_0,0.8118684985371398,0.10649539261319509,HD 10780,1.077,0.9,8,6
HD 10780_0,0.8141986044805786,0.10272307150095872,HD 10780,1.077,0.9,8,6
HD 10780_0,0.8115336393634403,0.10656366806077414,HD 10780,1.077,0.9,8,6
HD 10780_0,0.810832713656573,0.11171053721609654,HD 10780,1.077,0.9,8,6
HD 10780_0,0.8111442133492148,0.11303143983728701,HD 10780,1.077,0.9,8,6
HD 10780_0,0.8130184017855026,0.12287944603483505,HD 10780,1.077,0.9,8,6
HD 10780_0,0.812947411645293,0.11786618421398067,HD 10780,1.077,0.9,8,6
HD 10780_0,0.8177396790687307,0.10746199968849028,HD 10780,1.077,0.9,8,6
HD 10780_0,0.809016434564757,0.10988985735435068,HD 10780,1.077,0.9,8,6
HD 10780_0,0.8103922821361857,0.11020056164395861,HD 10780,1.077,0.9,8,6
HD 10780_0,0.8165353806994117,0.13802536376660843,HD 10780,1.077,0.9,8,6
HD 10780_0,0.8115503499103743,0.10709648873204468,HD 10780,1.077,0.9,8,6
HD 10780_0,0.8130836314590418,0.1120986934175341,HD 10780,1.077,0.9,8,6
HD 10780_0,0.8088986019851349,0.11050323189460069,HD 10780,1.077,0.9,8,6
HD 10780_0,0.8096995492236598,0.10497521441118202,HD 10780,1.077,0.9,8,6
HD 10780_0,0.8117431030155957,0.106787645406735,HD 10780,1.077,0.9,8,6
HD 10780_0,0.8092477924433772,0.12336041518429294,HD 10780,1.077,0.9,8,6
HD 10780_0,0.8120225865962746,0.11229710417264581,HD 10780,1.077,0.9,8,6
HD 10780_0,0.8084264422813172,0.11486898179110192,HD 10780,1.077,0.9,8,6
HD 10780_0,0.8107706557245686,0.13316228633992389,HD 10780,1.077,0.9,8,6
HD 10780_0,0.8117428115423181,0.09426243768705977,HD 10780,1.077,0.9,8,6
HD 10780_0,0.809864493084659,0.11051865597229214,HD 10780,1.077,0.9,8,6
HD 10780_0,0.8135091023804766,0.11563477510476801,HD 10780,1.077,0.9,8,6
HD 10780_0,0.8085311806364017,0.12110785862737755,HD 10780,1.077,0.9,8,6
HD 10780_0,0.8154915918107396,0.12571603711899018,HD 10780,1.077,0.9,8,6
HD 10780_0,0.8114326509310964,0.09873570730269313,HD 10780,1.077,0.9,8,6
HD 10780_0,0.8142933201409033,0.12602203686514246,HD 10780,1.077,0.9,8,6
HD 10780_0,0.8106147622157132,0.12294752344125116,HD 10780,1.077,0.9,8,6
HD 10780_0,0.8095902925799909,0.14440192880357033,HD 10780,1.077,0.9,8,6
HD 10780_0,0.8100708279509629,0.1356053670356003,HD 10780,1.077,0.9,8,6
HD 10780_0,0.8128599927630675,0.12029099057568451,HD 10780,1.077,0.9,8,6
HD 10780_0,0.8100838581137789,0.11516954590008695,HD 10780,1.077,0.9,8,6
HD 10780_0,0.8111607418289172,0.12768561745913257,HD 10780,1.077,0.9,8,6
HD 10780_0,0.8150772995634991,0.10292249236477914,HD 10780,1.077,0.9,8,6
HD 10780_0,0.8146191410104328,0.09683568044190966,HD 10780,1.077,0.9,8,6
HD 10780_0,0.8154319227251913,0.09756326242983455,HD 10780,1.077,0.9,8,6
HD 10780_0,0.8108535843846763,0.11453210216183347,HD 10780,1.077,0.9,8,6
HD 10780_0,0.8110518651489752,0.12701598216564233,HD 10780,1.077,0.9,8,6
HD 10780_0,0.8091957038204942,0.11088239171817964,HD 10780,1.077,0.9,8,6
HD 10780_0,0.8097378314824615,0.11478220130373464,HD 10780,1.077,0.9,8,6
HD 10780_0,0.8118904840092397,0.1120907231577552,HD 10780,1.077,0.9,8,6
HD 10780_0,0.8106981560045405,0.08274816359133526,HD 10780,1.077,0.9,8,6
HD 10780_0,0.8124173331424991,0.10175123116326648,HD 10780,1.077,0.9,8,6
HD 10780_0,0.811617350207964,0.12691073584032678,HD 10780,1.077,0.9,8,6
HD 10780_0,0.812590379137085,0.1242850513033037,HD 10780,1.077,0.9,8,6
HD 10780_0,0.8124706727600443,0.09116972039573118,HD 10780,1.077,0.9,8,6
HD 10780_0,0.809884605407614,0.140958204509739,HD 10780,1.077,0.9,8,6
HD 10780_0,0.8120931849163299,0.092594341778063,HD 10780,1.077,0.9,8,6
HD 10780_0,0.8094688544488856,0.10601416449090217,HD 10780,1.077,0.9,8,6
HD 10780_0,0.8111283473208206,0.11546727776399429,HD 10780,1.077,0.9,8,6
HD 10780_0,0.8137265196765321,0.11440003400193707,HD 10780,1.077,0.9,8,6
HD 10780_0,0.8117055187013611,0.08841040382940844,HD 10780,1.077,0.9,8,6
HD 10780_0,0.8117463101496524,0.11300637186101346,HD 10780,1.077,0.9,8,6
HD 10780_0,0.8112712788700771,0.12325132612823336,HD 10780,1.077,0.9,8,6
HD 10780_0,0.8152318147803326,0.11535219884824488,HD 10780,1.077,0.9,8,6
HD 10780_0,0.813696308382395,0.1125566656403888,HD 10780,1.077,0.9,8,6
HD 10780_0,0.8097436188046263,0.13177732433377926,HD 10780,1.077,0.9,8,6
HD 10780_0,0.8098216431470997,0.11540614605551432,HD 10780,1.077,0.9,8,6
HD 10780_0,0.8100885002654601,0.08905359103727178,HD 10780,1.077,0.9,8,6
HD 10780_0,0.8135503242951382,0.11630147079534113,HD 10780,1.077,0.9,8,6
HD 10780_0,0.8136500815153861,0.11965207505749262,HD 10780,1.077,0.9,8,6
HD 10780_0,0.814749216644431,0.09475206652102797,HD 10780,1.077,0.9,8,6
HD 10780_0,0.8118367170481028,0.12268839212045227,HD 10780,1.077,0.9,8,6
HD 10780_0,0.809648750730348,0.09843608817382529,HD 10780,1.077,0.9,8,6
HD 10780_0,0.8114040728106248,0.11380747534498409,HD 10780,1.077,0.9,8,6
HD 10780_0,0.8142393170130197,0.12462937742675628,HD 10780,1.077,0.9,8,6
HD 10780_0,0.812695467969886,0.14615009606675308,HD 10780,1.077,0.9,8,6
HD 10780_0,0.8144628151599408,0.12086297517827921,HD 10780,1.077,0.9,8,6
HD 10780_0,0.8114559904148839,0.10425743987574382,HD 10780,1.077,0.9,8,6
HD 10780_0,0.8141523005826037,0.12688949008099437,HD 10780,1.077,0.9,8,6
HD 10780_0,0.8133390660788934,0.11998848464702158,HD 10780,1.077,0.9,8,6
HD 10780_0,0.8118632279721907,0.13909556665067996,HD 10780,1.077,0.9,8,6
HD 10780_0,0.8104452105183533,0.11026521584117807,HD 10780,1.077,0.9,8,6
HD 10780_0,0.8146407724014538,0.14278007120890204,HD 10780,1.077,0.9,8,6
HD 10780_0,0.8089999005505116,0.11658314308755995,HD 10780,1.077,0.9,8,6
HD 10780_0,0.810241926611144,0.10101584848543785,HD 10780,1.077,0.9,8,6
HD 10780_0,0.8109066712444242,0.12733509745540514,HD 10780,1.077,0.9,8,6
HD 10780_0,0.8154587058858859,0.09741915719827841,HD 10780,1.077,0.9,8,6
HD 10780_0,0.8127229159779751,0.08260194523076136,HD 10780,1.077,0.9,8,6
HD 10780_0,0.8138780793614124,0.11299870271137565,HD 10780,1.077,0.9,8,6
HD 10780_0,0.8108461059745293,0.09235305047040786,HD 10780,1.077,0.9,8,6
HD 10780_0,0.8169277850155962,0.08775923869435759,HD 10780,1.077,0.9,8,6
HD 10780_0,0.8099254312857258,0.1082207083137919,HD 10780,1.077,0.9,8,6
HD 10780_0,0.8114726794260324,0.12471988931874345,HD 10780,1.077,0.9,8,6
HD 10780_0,0.8093530118180614,0.129330491327306,HD 10780,1.077,0.9,8,6
HD 10780_0,0.8111367986272264,0.10050896161148602,HD 10780,1.077,0.9,8,6
HD 10780_0,0.8138602106003971,0.13486855929795424,HD 10780,1.077,0.9,8,6
HD 10780_0,0.8143680754968415,0.13566491844677597,HD 10780,1.077,0.9,8,6
HD 10780_0,0.808562474998183,0.15255831837510483,HD 10780,1.077,0.9,8,6
HD 10780_0,0.8115078288745904,0.10463489631870834,HD 10780,1.077,0.9,8,6
HD 10780_0,0.8102043080110805,0.10134214468784043,HD 10780,1.077,0.9,8,6
HD 10780_0,0.8095088476684767,0.10795622483691947,HD 10780,1.077,0.9,8,6
HD 10780_0,0.811878952940984,0.10617534838739705,HD 10780,1.077,0.9,8,6
HD 10780_0,0.8095852977444589,0.12456933939395216,HD 10780,1.077,0.9,8,6
HD 10780_0,0.8155610264462175,0.0942752972253443,HD 10780,1.077,0.9,8,6
HD 10780_0,0.81565496570615,0.13726168805574895,HD 10780,1.077,0.9,8,6
HD 10780_0,0.8143810698659979,0.09583245245045084,HD 10780,1.077,0.9,8,6
HD 10780_0,0.8146577015062082,0.12234645209920134,HD 10780,1.077,0.9,8,6
HD 10780_0,0.812947811820744,0.11035073007884844,HD 10780,1.077,0.9,8,6
HD 10780_0,0.8126041133450084,0.14721455042587797,HD 10780,1.077,0.9,8,6
HD 10780_0,0.8119577953763253,0.12661962541097033,HD 10780,1.077,0.9,8,6
HD 10780_0,0.8104036214470114,0.13563224997087076,HD 10780,1.077,0.9,8,6
HD 10780_0,0.8083385334067219,0.11810948503881603,HD 10780,1.077,0.9,8,6
HD 10780_0,0.8098322028346909,0.12223904302860888,HD 10780,1.077,0.9,8,6
HD 10780_0,0.815468506524887,0.12426645662743233,HD 10780,1.077,0.9,8,6
HD 10780_0,0.8137546506434168,0.11035921805079554,HD 10780,1.077,0.9,8,6
HD 10780_0,0.8095858855691809,0.09936929752380133,HD 10780,1.077,0.9,8,6
HD 10780_0,0.8101188097093805,0.10816887194968737,HD 10780,1.077,0.9,8,6
HD 10780_0,0.813811687843729,0.128705835467975,HD 10780,1.077,0.9,8,6
HD 10780_0,0.8101037827711407,0.09578517394212316,HD 10780,1.077,0.9,8,6
HD 10780_0,0.8123744403619659,0.09843280505563066,HD 10780,1.077,0.9,8,6
HD 10780_0,0.8116030846644724,0.08585282107585361,HD 10780,1.077,0.9,8,6
HD 10780_0,0.8131320412969574,0.10609271351756487,HD 10780,1.077,0.9,8,6
HD 10780_0,0.8127908025977651,0.1366005172538008,HD 10780,1.077,0.9,8,6
HD 10780_0,0.8104282021692645,0.12400552307474011,HD 10780,1.077,0.9,8,6
HD 10780_0,0.8124557832743912,0.09114296029659971,HD 10780,1.077,0.9,8,6
HD 10780_0,0.8150018049573456,0.09882022769090891,HD 10780,1.077,0.9,8,6
HD 10780_0,0.8120607935821992,0.12671155069486398,HD 10780,1.077,0.9,8,6
HD 10780_0,0.8124273012575133,0.13549787422313644,HD 10780,1.077,0.9,8,6
HD 10780_0,0.8097346954794709,0.10739385189102417,HD 10780,1.077,0.9,8,6
HD 10780_0,0.8168809157225125,0.10535269354779431,HD 10780,1.077,0.9,8,6
HD 10780_0,0.8125064188354659,0.11976310567137738,HD 10780,1.077,0.9,8,6
HD 10780_0,0.8088257393064238,0.11401756330682615,HD 10780,1.077,0.9,8,6
HD 10780_0,0.8102180789415139,0.1045424651341263,HD 10780,1.077,0.9,8,6
HD 10780_0,0.8125203304201942,0.13461108131774227,HD 10780,1.077,0.9,8,6
HD 10780_0,0.8120694302751487,0.1255664770607261,HD 10780,1.077,0.9,8,6
HD 10780_0,0.8101041711504479,0.11775529844891375,HD 10780,1.077,0.9,8,6
HD 10780_0,0.8128247052258499,0.10712056722421336,HD 10780,1.077,0.9,8,6
HD 10780_0,0.8114009491645063,0.09724766258874225,HD 10780,1.077,0.9,8,6
HD 10780_0,0.8141461729826088,0.120340667349839,HD 10780,1.077,0.9,8,6
HD 10780_0,0.8122211623248267,0.09585527887942052,HD 10780,1.077,0.9,8,6
HD 10780_0,0.808807206455477,0.10218988759465492,HD 10780,1.077,0.9,8,6
HD 10780_0,0.8123818115949666,0.09510086994612556,HD 10780,1.077,0.9,8,6
HD 10780_0,0.8133383658808613,0.09263494894599233,HD 10780,1.077,0.9,8,6
HD 10780_0,0.8109896644909655,0.14702892156630878,HD 10780,1.077,0.9,8,6
HD 10780_0,0.8099328529040479,0.09439765633050846,HD 10780,1.077,0.9,8,6
HD 10780_0,0.8100112651208412,0.11393173424825036,HD 10780,1.077,0.9,8,6
HD 10780_0,0.8104773865010269,0.10474588430088361,HD 10780,1.077,0.9,8,6
HD 10780_0,0.8107741693705057,0.1104563537960214,HD 10780,1.077,0.9,8,6
HD 10780_0,0.812713280585605,0.12090449811459027,HD 10780,1.077,0.9,8,6
HD 10780_0,0.8126242339222056,0.13701033407533927,HD 10780,1.077,0.9,8,6
HD 10780_0,0.8085017381624547,0.10210777304271683,HD 10780,1.077,0.9,8,6
HD 10780_0,0.8132047665470878,0.09939963323082537,HD 10780,1.077,0.9,8,6
HD 10780_0,0.813944637062419,0.10828925473871025,HD 10780,1.077,0.9,8,6
HD 10780_0,0.8102332870409469,0.11668209790876545,HD 10780,1.077,0.9,8,6
HD 10780_0,0.8080795682637653,0.1166236416223583,HD 10780,1.077,0.9,8,6
HD 10780_0,0.8109980805850608,0.1326081401025634,HD 10780,1.077,0.9,8,6
HD 10780_0,0.814149787327884,0.10810397153240256,HD 10780,1.077,0.9,8,6
HD 10780_0,0.8112475160139276,0.10434374616653905,HD 10780,1.077,0.9,8,6
HD 10780_0,0.8106430209870858,0.08286915184903731,HD 10780,1.077,0.9,8,6
HD 10780_0,0.8102050016491167,0.12417767439109298,HD 10780,1.077,0.9,8,6
HD 10780_0,0.8109756363349737,0.10965697112024846,HD 10780,1.077,0.9,8,6
HD 10780_0,0.8159445737413843,0.10704870371405846,HD 10780,1.077,0.9,8,6
HD 10780_0,0.8097657741676231,0.10958230437337582,HD 10780,1.077,0.9,8,6
HD 10780_0,0.8111085014667447,0.12050213840969945,HD 10780,1.077,0.9,8,6
HD 10780_0,0.8125545044981928,0.1036074770552802,HD 10780,1.077,0.9,8,6
HD 10780_0,0.8104835607010624,0.13128190530096673,HD 10780,1.077,0.9,8,6
HD 10780_0,0.8156200853078975,0.11169867365796024,HD 10780,1.077,0.9,8,6
HD 10780_0,0.8122517216702678,0.09609714437878848,HD 10780,1.077,0.9,8,6
HD 10780_0,0.8095571838340213,0.10678595979871307,HD 10780,1.077,0.9,8,6
HD 10780_0,0.8121267286622802,0.1343747780296249,HD 10780,1.077,0.9,8,6
HD 10780_0,0.8136583686636348,0.12686289879038581,HD 10780,1.077,0.9,8,6
HD 10780_0,0.8074073522525073,0.13228842140767222,HD 10780,1.077,0.9,8,6
HD 10780_0,0.8091594965042319,0.1334635953204285,HD 10780,1.077,0.9,8,6
HD 10780_0,0.8112190030112096,0.12249207968879346,HD 10780,1.077,0.9,8,6
HD 10780_0,0.8100348932239685,0.1140736631804246,HD 10780,1.077,0.9,8,6
HD 10780_0,0.8084331439899229,0.11239180226378181,HD 10780,1.077,0.9,8,6
HD 10780_0,0.8138467625008468,0.10074766337884644,HD 10780,1.077,0.9,8,6
HD 10780_0,0.8125661290801758,0.11834929255677996,HD 10780,1.077,0.9,8,6
HD 10780_0,0.8114965293300239,0.09197148407548772,HD 10780,1.077,0.9,8,6
HD 10780_0,0.8139157359062403,0.11745122813237704,HD 10780,1.077,0.9,8,6
HD 10780_0,0.8088030125638551,0.1058479697486783,HD 10780,1.077,0.9,8,6
HD 10780_0,0.811149753115734,0.12519640179922795,HD 10780,1.077,0.9,8,6
HD 10780_0,0.8126321382073197,0.12549570483532327,HD 10780,1.077,0.9,8,6
HD 10780_0,0.8102904776583133,0.11344687627838793,HD 10780,1.077,0.9,8,6
HD 10780_0,0.8122204683895249,0.09121409911696089,HD 10780,1.077,0.9,8,6
HD 10780_0,0.8117616641591662,0.07848151077799974,HD 10780,1.077,0.9,8,6
HD 10780_0,0.8106356135679682,0.1413665185033811,HD 10780,1.077,0.9,8,6
HD 10780_0,0.8103245956348486,0.11684658715765883,HD 10780,1.077,0.9,8,6
HD 10780_0,0.8157281981041542,0.10714998718298101,HD 10780,1.077,0.9,8,6
HD 10780_0,0.812126076276525,0.0997048040624301,HD 10780,1.077,0.9,8,6
HD 10780_0,0.8142078892999898,0.11319446850731553,HD 10780,1.077,0.9,8,6
HD 10780_0,0.8136254368078468,0.11446304628381904,HD 10780,1.077,0.9,8,6
HD 10780_0,0.8108291825489299,0.11700112219777566,HD 10780,1.077,0.9,8,6
HD 10780_0,0.8103379020260756,0.12161723438171908,HD 10780,1.077,0.9,8,6
HD 10780_0,0.8113259657705105,0.10335001517516153,HD 10780,1.077,0.9,8,6
HD 10780_0,0.8107745614843926,0.08813046896669294,HD 10780,1.077,0.9,8,6
HD 10780_0,0.8128549338943732,0.11815963992119531,HD 10780,1.077,0.9,8,6
HD 10780_0,0.8137922022988099,0.12147978682031502,HD 10780,1.077,0.9,8,6
HD 10780_0,0.8098958875496857,0.12384081351419952,HD 10780,1.077,0.9,8,6
HD 10780_0,0.8128834118351105,0.10348608808409239,HD 10780,1.077,0.9,8,6
HD 10780_0,0.8131106768456248,0.10812207286202118,HD 10780,1.077,0.9,8,6
HD 10780_0,0.8081133519937804,0.10625328002063532,HD 10780,1.077,0.9,8,6
HD 10780_0,0.8110592359303938,0.11030207025878772,HD 10780,1.077,0.9,8,6
HD 10780_0,0.8114598985519114,0.11515289387809965,HD 10780,1.077,0.9,8,6
HD 10780_0,0.8107731860007257,0.1104995235940831,HD 10780,1.077,0.9,8,6
HD 10780_0,0.8126215908812372,0.11256491152333895,HD 10780,1.077,0.9,8,6
HD 10780_0,0.8099158386205929,0.11908084907877306,HD 10780,1.077,0.9,8,6
HD 10780_0,0.8102347341344672,0.07896951300138093,HD 10780,1.077,0.9,8,6
HD 10780_0,0.8116230367833567,0.11951439856547169,HD 10780,1.077,0.9,8,6
HD 10780_0,0.8088719207437853,0.12184221415497923,HD 10780,1.077,0.9,8,6
HD 10780_0,0.8136220234240412,0.10630942700176554,HD 10780,1.077,0.9,8,6
HD 10780_0,0.8125301927768821,0.13315432923600315,HD 10780,1.077,0.9,8,6
HD 10780_0,0.8139108882716227,0.09585839415873658,HD 10780,1.077,0.9,8,6
HD 10780_0,0.8140507443829681,0.12847711013821683,HD 10780,1.077,0.9,8,6
HD 10780_0,0.8102523874553652,0.10788917782629251,HD 10780,1.077,0.9,8,6
HD 10780_0,0.8155249503552744,0.11249783907647418,HD 10780,1.077,0.9,8,6
HD 10780_0,0.816147829003314,0.10008644168259474,HD 10780,1.077,0.9,8,6
HD 10780_0,0.8137538871039363,0.11938921074568558,HD 10780,1.077,0.9,8,6
HD 10780_0,0.8109422897911567,0.11677722994664676,HD 10780,1.077,0.9,8,6
HD 10780_0,0.8108242552559486,0.0994816585297271,HD 10780,1.077,0.9,8,6
HD 10780_0,0.8080709653462096,0.12268009243992534,HD 10780,1.077,0.9,8,6
HD 10780_0,0.8091758086866406,0.12294653543821142,HD 10780,1.077,0.9,8,6
HD 10780_0,0.8114298993181654,0.1025880748145642,HD 10780,1.077,0.9,8,6
HD 10780_0,0.8107120037352276,0.10216550426871798,HD 10780,1.077,0.9,8,6
HD 10780_0,0.8097404158700846,0.11576906386721193,HD 10780,1.077,0.9,8,6
HD 10780_0,0.8140734118710711,0.0969220507798198,HD 10780,1.077,0.9,8,6
HD 10780_0,0.8112012605435313,0.11135365607516429,HD 10780,1.077,0.9,8,6
HD 10780_0,0.814666910463375,0.13255083508408547,HD 10780,1.077,0.9,8,6
HD 10780_0,0.8124976571448378,0.09299649161089305,HD 10780,1.077,0.9,8,6
HD 10780_0,0.8085859524427607,0.1269912289979929,HD 10780,1.077,0.9,8,6
HD 10780_0,0.8144973024591019,0.12664051366651222,HD 10780,1.077,0.9,8,6
HD 10780_0,0.8127454094006095,0.1286070873459123,HD 10780,1.077,0.9,8,6
HD 10780_0,0.8098197036397353,0.10744378376831358,HD 10780,1.077,0.9,8,6
HD 10780_0,0.8121574647466013,0.1081968291224634,HD 10780,1.077,0.9,8,6
HD 10780_0,0.8092344555228712,0.10294621452455975,HD 10780,1.077,0.9,8,6
HD 10780_0,0.8086961874139796,0.11518129969641418,HD 10780,1.077,0.9,8,6
HD 10780_0,0.8096725746923388,0.11447853500035352,HD 10780,1.077,0.9,8,6
HD 10780_0,0.8112297950428798,0.10812689443121273,HD 10780,1.077,0.9,8,6
HD 10780_0,0.8098148656166804,0.10513540117073546,HD 10780,1.077,0.9,8,6
HD 10780_0,0.807898049565381,0.10357545676598309,HD 10780,1.077,0.9,8,6
HD 10780_0,0.8163690386842453,0.10785064904244823,HD 10780,1.077,0.9,8,6
HD 10780_0,0.812447211574026,0.10807692028191626,HD 10780,1.077,0.9,8,6
HD 10780_0,0.813439460853701,0.1265880253418888,HD 10780,1.077,0.9,8,6
HD 10780_0,0.8087710388419604,0.092686232869554,HD 10780,1.077,0.9,8,6
HD 10780_0,0.8092162167257926,0.1068760870743988,HD 10780,1.077,0.9,8,6
HD 10780_0,0.8098249395840112,0.11739658754694728,HD 10780,1.077,0.9,8,6
HD 10780_0,0.8112212675246844,0.12483660805392367,HD 10780,1.077,0.9,8,6
HD 10780_0,0.8109485872580147,0.1199581105940971,HD 10780,1.077,0.9,8,6
HD 10780_0,0.8120477965762644,0.11965185860208147,HD 10780,1.077,0.9,8,6
HD 10780_0,0.8117970854838631,0.07766861673125589,HD 10780,1.077,0.9,8,6
HD 10780_0,0.8124858979344154,0.11723873523099687,HD 10780,1.077,0.9,8,6
HD 10780_0,0.8085118035865154,0.13489319177210451,HD 10780,1.077,0.9,8,6
HD 10780_0,0.8133398341603433,0.1208565837646231,HD 10780,1.077,0.9,8,6
HD 10780_0,0.8110834682433221,0.10260461274560011,HD 10780,1.077,0.9,8,6
HD 10780_0,0.8142913651180539,0.11490690072029063,HD 10780,1.077,0.9,8,6
HD 10780_0,0.8134128305690217,0.10219223782770064,HD 10780,1.077,0.9,8,6
HD 10780_0,0.8137196155278019,0.10719139526003073,HD 10780,1.077,0.9,8,6
HD 10780_0,0.8142200738825417,0.11572389030332488,HD 10780,1.077,0.9,8,6
HD 10780_0,0.8117201982296532,0.14195573280421944,HD 10780,1.077,0.9,8,6
HD 10780_0,0.8126755815490369,0.12270396882053555,HD 10780,1.077,0.9,8,6
HD 10780_0,0.8094612532541237,0.14557937849678815,HD 10780,1.077,0.9,8,6
HD 10780_0,0.8073229861481692,0.11750496661654394,HD 10780,1.077,0.9,8,6
HD 10780_0,0.814859423765894,0.12206193485905811,HD 10780,1.077,0.9,8,6
HD 10780_0,0.809592379721414,0.10774245759296656,HD 10780,1.077,0.9,8,6
HD 10780_0,0.8105627848976115,0.12282926573685327,HD 10780,1.077,0.9,8,6
HD 10780_0,0.8128336710259014,0.1281857044292058,HD 10780,1.077,0.9,8,6
HD 10780_0,0.811043921037001,0.1400503991309091,HD 10780,1.077,0.9,8,6
HD 10780_0,0.8106376685690422,0.11203870870326892,HD 10780,1.077,0.9,8,6
HD 10780_0,0.8131464945241232,0.10875952483520201,HD 10780,1.077,0.9,8,6
HD 10780_0,0.8112655666018593,0.10706604124137437,HD 10780,1.077,0.9,8,6
HD 10780_0,0.8126609818432822,0.11716683739069564,HD 10780,1.077,0.9,8,6
HD 10780_0,0.8110666078372856,0.12001633309749035,HD 10780,1.077,0.9,8,6
HD 10780_0,0.8120224327916439,0.11261107440847844,HD 10780,1.077,0.9,8,6
HD 10780_0,0.8136643435898314,0.10601188472320384,HD 10780,1.077,0.9,8,6
HD 10780_0,0.8112436754252018,0.11140637758304063,HD 10780,1.077,0.9,8,6
HD 10780_0,0.81668970791818,0.1281818527150263,HD 10780,1.077,0.9,8,6
HD 10780_0,0.8112087267852863,0.10074510738829072,HD 10780,1.077,0.9,8,6
HD 10780_0,0.8105385058597158,0.11466190384194497,HD 10780,1.077,0.9,8,6
HD 10780_0,0.8130066538674696,0.1247870490626328,HD 10780,1.077,0.9,8,6
HD 10780_0,0.8094384451745462,0.10416758389213082,HD 10780,1.077,0.9,8,6
HD 10780_0,0.8118623186013069,0.09732764187471266,HD 10780,1.077,0.9,8,6
HD 10780_0,0.8115464230146451,0.11185493382093564,HD 10780,1.077,0.9,8,6
HD 10780_0,0.8135842692665586,0.13254000709853667,HD 10780,1.077,0.9,8,6
HD 10780_0,0.812334053520236,0.09436735650380006,HD 10780,1.077,0.9,8,6
HD 10780_0,0.8149290401801161,0.10502888742218179,HD 10780,1.077,0.9,8,6
HD 10780_0,0.8085038634683783,0.12185488182841026,HD 10780,1.077,0.9,8,6
HD 10780_0,0.8085251823391761,0.11040146902484156,HD 10780,1.077,0.9,8,6
HD 10780_0,0.8115506499771644,0.10599864165494016,HD 10780,1.077,0.9,8,6
HD 10780_0,0.8118838496852823,0.13451298354727229,HD 10780,1.077,0.9,8,6
HD 10780_0,0.807858170595915,0.13259362039931114,HD 10780,1.077,0.9,8,6
HD 10780_0,0.8098383516932738,0.11124022212366319,HD 10780,1.077,0.9,8,6
HD 10780_0,0.8110262499656105,0.11254575545648642,HD 10780,1.077,0.9,8,6
HD 10780_0,0.8101298236598539,0.1046430468331422,HD 10780,1.077,0.9,8,6
HD 10780_0,0.8129905604956319,0.10984828924910447,HD 10780,1.077,0.9,8,6
HD 10780_0,0.8099632017512026,0.11974876817003487,HD 10780,1.077,0.9,8,6
HD 10780_0,0.8144311420447465,0.11339798777715447,HD 10780,1.077,0.9,8,6
HD 10780_0,0.813928779287266,0.11587888853662774,HD 10780,1.077,0.9,8,6
HD 10780_0,0.8152838383625332,0.10154999390931808,HD 10780,1.077,0.9,8,6
HD 10780_0,0.809920352673309,0.10782029540927776,HD 10780,1.077,0.9,8,6
HD 10780_0,0.8077626773687634,0.11960135063159717,HD 10780,1.077,0.9,8,6
HD 10780_0,0.8142515731035016,0.11813904597092914,HD 10780,1.077,0.9,8,6
HD 10780_0,0.809620044361466,0.11652416675169228,HD 10780,1.077,0.9,8,6
HD 10780_0,0.8107100579889708,0.11224455832223429,HD 10780,1.077,0.9,8,6
HD 10780_0,0.8125295287208434,0.11505924141943062,HD 10780,1.077,0.9,8,6
HD 10780_0,0.8108483356863424,0.12276158020294688,HD 10780,1.077,0.9,8,6
HD 10780_0,0.8101116778148186,0.09824413597495957,HD 10780,1.077,0.9,8,6
HD 10780_0,0.8118756994753812,0.13259842630947366,HD 10780,1.077,0.9,8,6
HD 10780_0,0.8091719687078304,0.1244683602493398,HD 10780,1.077,0.9,8,6
HD 10780_0,0.8124115131421614,0.12783749708547343,HD 10780,1.077,0.9,8,6
HD 10780_0,0.808553647214663,0.13203343639682322,HD 10780,1.077,0.9,8,6
HD 10780_0,0.8120235360193904,0.09556128978928514,HD 10780,1.077,0.9,8,6
HD 10780_0,0.8131143750973986,0.1375442584876509,HD 10780,1.077,0.9,8,6
HD 10780_0,0.8142215450223248,0.10381822042988062,HD 10780,1.077,0.9,8,6
HD 10780_0,0.810244330060696,0.12278713238842495,HD 10780,1.077,0.9,8,6
HD 10780_0,0.810837337308471,0.11579275568704606,HD 10780,1.077,0.9,8,6
HD 10780_0,0.8107185760686242,0.12196046574611939,HD 10780,1.077,0.9,8,6
HD 10780_0,0.8092047436467011,0.12246851360027272,HD 10780,1.077,0.9,8,6
HD 10780_0,0.8128427868380211,0.14576750098267613,HD 10780,1.077,0.9,8,6
HD 209100_5,0.5950600316890317,0.06986737688124904,HD 209100,0.931,0.72,8,8
HD 209100_5,0.5944742430374925,0.0772139061604988,HD 209100,0.931,0.72,8,8
HD 209100_5,0.5954023704607749,0.0782319845554672,HD 209100,0.931,0.72,8,8
HD 209100_5,0.5955791119009527,0.06888263597271672,HD 209100,0.931,0.72,8,8
HD 209100_5,0.594902322481391,0.07709977855054571,HD 209100,0.931,0.72,8,8
HD 209100_5,0.5954098976373191,0.07061217416221655,HD 209100,0.931,0.72,8,8
HD 209100_5,0.5954485772309364,0.06869464448380143,HD 209100,0.931,0.72,8,8
HD 209100_5,0.5945888595619832,0.0791074155936936,HD 209100,0.931,0.72,8,8
HD 209100_5,0.5948383612203865,0.06471776357117558,HD 209100,0.931,0.72,8,8
HD 209100_5,0.5953172355503867,0.0772786024292203,HD 209100,0.931,0.72,8,8
HD 209100_5,0.5951816067845975,0.07658218481411869,HD 209100,0.931,0.72,8,8
HD 209100_5,0.5952586950348193,0.0680117177333627,HD 209100,0.931,0.72,8,8
HD 209100_5,0.5955072129210791,0.06336486925251415,HD 209100,0.931,0.72,8,8
HD 209100_5,0.5949758092080029,0.07651734305414046,HD 209100,0.931,0.72,8,8
HD 209100_5,0.5945842390706212,0.07342264648924643,HD 209100,0.931,0.72,8,8
HD 209100_5,0.5947057220325987,0.07830585440273978,HD 209100,0.931,0.72,8,8
HD 209100_5,0.595394658822002,0.07026667688847012,HD 209100,0.931,0.72,8,8
HD 209100_5,0.5951609388291814,0.08252447653022325,HD 209100,0.931,0.72,8,8
HD 209100_5,0.5952628714862276,0.07462252119545723,HD 209100,0.931,0.72,8,8
HD 209100_5,0.5946307568302475,0.0719283665856432,HD 209100,0.931,0.72,8,8
HD 209100_5,0.5951668483704272,0.06334703202521146,HD 209100,0.931,0.72,8,8
HD 209100_5,0.5957604141070293,0.06717666977798002,HD 209100,0.931,0.72,8,8
HD 209100_5,0.5953927415592828,0.07045732421548559,HD 209100,0.931,0.72,8,8
HD 209100_5,0.5953116479132233,0.07572776842593679,HD 209100,0.931,0.72,8,8
HD 209100_5,0.5951429200698093,0.06498495458144121,HD 209100,0.931,0.72,8,8
HD 209100_5,0.5953616750520344,0.08086473318459161,HD 209100,0.931,0.72,8,8
HD 209100_5,0.5952558122631625,0.07244970242354301,HD 209100,0.931,0.72,8,8
HD 209100_5,0.5956951632241912,0.07250439730179793,HD 209100,0.931,0.72,8,8
HD 209100_5,0.5951498085373369,0.06930218072577707,HD 209100,0.931,0.72,8,8
HD 209100_5,0.5952870502967117,0.07344932130031114,HD 209100,0.931,0.72,8,8
HD 209100_5,0.5952881021741531,0.07662073438054909,HD 209100,0.931,0.72,8,8
HD 209100_5,0.595130421842746,0.07204317322791258,HD 209100,0.931,0.72,8,8
HD 209100_5,0.5951550517085873,0.06854095007688413,HD 209100,0.931,0.72,8,8
HD 209100_5,0.5948783282484009,0.07599372787255745,HD 209100,0.931,0.72,8,8
HD 209100_5,0.5952305585521411,0.07681701224694823,HD 209100,0.931,0.72,8,8
HD 209100_5,0.5952638829266941,0.06521036746644489,HD 209100,0.931,0.72,8,8
HD 209100_5,0.5955760989846057,0.08267702123894806,HD 209100,0.931,0.72,8,8
HD 209100_5,0.5956579675101531,0.08206774195506072,HD 209100,0.931,0.72,8,8
HD 209100_5,0.5956308201340202,0.0695458260240299,HD 209100,0.931,0.72,8,8
HD 209100_5,0.5950673476661305,0.07551998487695698,HD 209100,0.931,0.72,8,8
HD 209100_5,0.5950399522847046,0.06347578676259905,HD 209100,0.931,0.72,8,8
HD 209100_5,0.595548577952326,0.07564232169125269,HD 209100,0.931,0.72,8,8
HD 209100_5,0.5947052962961127,0.07377686393167088,HD 209100,0.931,0.72,8,8
HD 209100_5,0.5949286955865982,0.08019939966387024,HD 209100,0.931,0.72,8,8
HD 209100_5,0.5953500443562711,0.06994818852474644,HD 209100,0.931,0.72,8,8
HD 209100_5,0.5950506473374805,0.07332956180521526,HD 209100,0.931,0.72,8,8
HD 209100_5,0.5947660511875423,0.06725178221801284,HD 209100,0.931,0.72,8,8
HD 209100_5,0.5952733852175078,0.07287123096698318,HD 209100,0.931,0.72,8,8
HD 209100_5,0.5952256929912068,0.0570400796082418,HD 209100,0.931,0.72,8,8
HD 209100_5,0.5950668053374347,0.0709518884868613,HD 209100,0.931,0.72,8,8
HD 209100_5,0.5953336081336568,0.06751716714013618,HD 209100,0.931,0.72,8,8
HD 209100_5,0.5951909079935092,0.07871966146234231,HD 209100,0.931,0.72,8,8
HD 209100_5,0.5955320579605308,0.07218171085346375,HD 209100,0.931,0.72,8,8
HD 209100_5,0.5951549041726856,0.08199904315073406,HD 209100,0.931,0.72,8,8
HD 209100_5,0.5943251838652609,0.0767563660918957,HD 209100,0.931,0.72,8,8
HD 209100_5,0.5947740939471411,0.07360852924225975,HD 209100,0.931,0.72,8,8
HD 209100_5,0.5950139578251252,0.07927067392236188,HD 209100,0.931,0.72,8,8
HD 209100_5,0.5954943070494745,0.07875140852535834,HD 209100,0.931,0.72,8,8
HD 209100_5,0.595580394201594,0.07793543695954823,HD 209100,0.931,0.72,8,8
HD 209100_5,0.5958565097675927,0.07477073152380347,HD 209100,0.931,0.72,8,8
HD 209100_5,0.5950459699498624,0.07485174213778062,HD 209100,0.931,0.72,8,8
HD 209100_5,0.5957749895723373,0.08450413430143504,HD 209100,0.931,0.72,8,8
HD 209100_5,0.5948943719665852,0.07918128336375951,HD 209100,0.931,0.72,8,8
HD 209100_5,0.5954956242855468,0.07397862479737931,HD 209100,0.931,0.72,8,8
HD 209100_5,0.595432558771257,0.06609697347004381,HD 209100,0.931,0.72,8,8
HD 209100_5,0.5954679072451375,0.068911207945458,HD 209100,0.931,0.72,8,8
HD 209100_5,0.5950832322076983,0.07524733100869949,HD 209100,0.931,0.72,8,8
HD 209100_5,0.5948057069812348,0.07327932795796356,HD 209100,0.931,0.72,8,8
HD 209100_5,0.594903598905363,0.06265071208055913,HD 209100,0.931,0.72,8,8
HD 209100_5,0.5954840068149385,0.07667952669164908,HD 209100,0.931,0.72,8,8
HD 209100_5,0.5949957284255111,0.0644402312106621,HD 209100,0.931,0.72,8,8
HD 209100_5,0.5947117633357223,0.0702411073318931,HD 209100,0.931,0.72,8,8
HD 209100_5,0.5951049328861413,0.07534164606806118,HD 209100,0.931,0.72,8,8
HD 209100_5,0.5954707588975817,0.0777726600927636,HD 209100,0.931,0.72,8,8
HD 209100_5,0.5948912195944983,0.07361827647812162,HD 209100,0.931,0.72,8,8
HD 209100_5,0.5950802196729713,0.06721526502999868,HD 209100,0.931,0.72,8,8
HD 209100_5,0.5955518726979031,0.07630571763677971,HD 209100,0.931,0.72,8,8
HD 209100_5,0.5952696870108003,0.07345734829472088,HD 209100,0.931,0.72,8,8
HD 209100_5,0.5958121341288504,0.06725324633446406,HD 209100,0.931,0.72,8,8
HD 209100_5,0.5952800039163112,0.07095192599849949,HD 209100,0.931,0.72,8,8
HD 209100_5,0.5946712327353605,0.07803149945941672,HD 209100,0.931,0.72,8,8
HD 209100_5,0.5949857245185929,0.06778421063513203,HD 209100,0.931,0.72,8,8
HD 209100_5,0.5950295220243981,0.0741042287779828,HD 209100,0.931,0.72,8,8
HD 209100_5,0.595380002160596,0.07227034634342469,HD 209100,0.931,0.72,8,8
HD 209100_5,0.5951530730596569,0.06557170714601404,HD 209100,0.931,0.72,8,8
HD 209100_5,0.595278352128649,0.06418769709959954,HD 209100,0.931,0.72,8,8
HD 209100_5,0.5952607792089185,0.07471915306232217,HD 209100,0.931,0.72,8,8
HD 209100_5,0.5954782438702446,0.0660285147960791,HD 209100,0.931,0.72,8,8
HD 209100_5,0.5951952347477864,0.07612420734738554,HD 209100,0.931,0.72,8,8
HD 209100_5,0.5952218949176147,0.0671876292459218,HD 209100,0.931,0.72,8,8
HD 209100_5,0.595628334841891,0.0704977590519552,HD 209100,0.931,0.72,8,8
HD 209100_5,0.5947165709714007,0.07684671764949046,HD 209100,0.931,0.72,8,8
HD 209100_5,0.5951995266291383,0.08273496508084914,HD 209100,0.931,0.72,8,8
HD 209100_5,0.5950916236014788,0.06791819750035145,HD 209100,0.931,0.72,8,8
HD 209100_5,0.5955124737976069,0.06346930158658229,HD 209100,0.931,0.72,8,8
HD 209100_5,0.5949839888823714,0.08887458807133784,HD 209100,0.931,0.72,8,8
HD 209100_5,0.5950343646639298,0.07155931730612448,HD 209100,0.931,0.72,8,8
HD 209100_5,0.5955674193692195,0.06495026258354768,HD 209100,0.931,0.72,8,8
HD 209100_5,0.5950900394948877,0.06980003479952608,HD 209100,0.931,0.72,8,8
HD 209100_5,0.5944724505189627,0.07551430557240164,HD 209100,0.931,0.72,8,8
HD 209100_5,0.5946907492833767,0.07600491160109032,HD 209100,0.931,0.72,8,8
HD 209100_5,0.5945719287906521,0.0701877906605941,HD 209100,0.931,0.72,8,8
HD 209100_5,0.5956080314285754,0.06861417849650757,HD 209100,0.931,0.72,8,8
HD 209100_5,0.5952437665307415,0.0821569361415517,HD 209100,0.931,0.72,8,8
HD 209100_5,0.5951300278231819,0.06665442075150889,HD 209100,0.931,0.72,8,8
HD 209100_5,0.5952752081388062,0.07003423084991384,HD 209100,0.931,0.72,8,8
HD 209100_5,0.5950724777161329,0.07311528378304141,HD 209100,0.931,0.72,8,8
HD 209100_5,0.5952316015215833,0.06194534900962845,HD 209100,0.931,0.72,8,8
HD 209100_5,0.5950237039894806,0.0680024820986869,HD 209100,0.931,0.72,8,8
HD 209100_5,0.595689257312935,0.0723202347855342,HD 209100,0.931,0.72,8,8
HD 209100_5,0.5950213653156566,0.08572292949256426,HD 209100,0.931,0.72,8,8
HD 209100_5,0.5951792358592777,0.07937397395854824,HD 209100,0.931,0.72,8,8
HD 209100_5,0.5952196516567871,0.07981137977722469,HD 209100,0.931,0.72,8,8
HD 209100_5,0.5954056467021115,0.06770910546222705,HD 209100,0.931,0.72,8,8
HD 209100_5,0.5946347249095808,0.07052700113103465,HD 209100,0.931,0.72,8,8
HD 209100_5,0.5952744163775264,0.07119544507934567,HD 209100,0.931,0.72,8,8
HD 209100_5,0.5953602488152931,0.07737965907312541,HD 209100,0.931,0.72,8,8
HD 209100_5,0.5951931321738336,0.07692676948923625,HD 209100,0.931,0.72,8,8
HD 209100_5,0.5951675344936953,0.07437879172547494,HD 209100,0.931,0.72,8,8
HD 209100_5,0.5951218838183379,0.07183622581408897,HD 209100,0.931,0.72,8,8
HD 209100_5,0.5952728537334224,0.07848311216674217,HD 209100,0.931,0.72,8,8
HD 209100_5,0.5956748600404258,0.07135154372493109,HD 209100,0.931,0.72,8,8
HD 209100_5,0.5949561208550321,0.06792744126455472,HD 209100,0.931,0.72,8,8
HD 209100_5,0.5951614267420414,0.06911337471285472,HD 209100,0.931,0.72,8,8
HD 209100_5,0.5958078666636001,0.06891072079461835,HD 209100,0.931,0.72,8,8
HD 209100_5,0.5955479147395305,0.07392677009524518,HD 209100,0.931,0.72,8,8
HD 209100_5,0.5951972178931016,0.061850614965399196,HD 209100,0.931,0.72,8,8
HD 209100_5,0.5951226777710376,0.06493403545882036,HD 209100,0.931,0.72,8,8
HD 209100_5,0.5956002390638099,0.06959262273771165,HD 209100,0.931,0.72,8,8
HD 209100_5,0.5954949111170664,0.0764150650017717,HD 209100,0.931,0.72,8,8
HD 209100_5,0.5952268708614021,0.07198583631213343,HD 209100,0.931,0.72,8,8
HD 209100_5,0.5945287431837699,0.0744055609336994,HD 209100,0.931,0.72,8,8
HD 209100_5,0.5958453773337364,0.0726682889385374,HD 209100,0.931,0.72,8,8
HD 209100_5,0.59473109287908,0.07193072044603858,HD 209100,0.931,0.72,8,8
HD 209100_5,0.5951250222697202,0.07632821409711615,HD 209100,0.931,0.72,8,8
HD 209100_5,0.5947105294793653,0.06491424768031225,HD 209100,0.931,0.72,8,8
HD 209100_5,0.5950770747560169,0.07237319165333454,HD 209100,0.931,0.72,8,8
HD 209100_5,0.5952429172987436,0.07223504886979946,HD 209100,0.931,0.72,8,8
HD 209100_5,0.5950371277741509,0.07961687950052113,HD 209100,0.931,0.72,8,8
HD 209100_5,0.5951812031404496,0.06874125335049654,HD 209100,0.931,0.72,8,8
HD 209100_5,0.5958731750267254,0.08259749328071674,HD 209100,0.931,0.72,8,8
HD 209100_5,0.5950248058986396,0.0773009181119704,HD 209100,0.931,0.72,8,8
HD 209100_5,0.5953466989788,0.07040941292261746,HD 209100,0.931,0.72,8,8
HD 209100_5,0.5960944254081357,0.06376376973174361,HD 209100,0.931,0.72,8,8
HD 209100_5,0.5954043185273351,0.07383029943692344,HD 209100,0.931,0.72,8,8
HD 209100_5,0.5951087240424164,0.07846238688289864,HD 209100,0.931,0.72,8,8
HD 209100_5,0.5952765258220817,0.07272672054910528,HD 209100,0.931,0.72,8,8
HD 209100_5,0.5951948450184678,0.07974614616254817,HD 209100,0.931,0.72,8,8
HD 209100_5,0.5953003371116383,0.07409617748697658,HD 209100,0.931,0.72,8,8
HD 209100_5,0.5950515478251076,0.06818206775677194,HD 209100,0.931,0.72,8,8
HD 209100_5,0.5948775367540948,0.08113107430412503,HD 209100,0.931,0.72,8,8
HD 209100_5,0.595390817314364,0.07237689815361427,HD 209100,0.931,0.72,8,8
HD 209100_5,0.595055752390575,0.07613592268280422,HD 209100,0.931,0.72,8,8
HD 209100_5,0.5948406792353751,0.07600903681446772,HD 209100,0.931,0.72,8,8
HD 209100_5,0.5951886163173922,0.0721089964233912,HD 209100,0.931,0.72,8,8
HD 209100_5,0.5945301487712611,0.07733506408574105,HD 209100,0.931,0.72,8,8
HD 209100_5,0.5953649449309989,0.06768739764924407,HD 209100,0.931,0.72,8,8
HD 209100_5,0.595348594475005,0.07449240047604588,HD 209100,0.931,0.72,8,8
HD 209100_5,0.5950983736524325,0.07146759674031901,HD 209100,0.931,0.72,8,8
HD 209100_5,0.595178017164764,0.07626343146713181,HD 209100,0.931,0.72,8,8
HD 209100_5,0.5957451693730944,0.07571295404163772,HD 209100,0.931,0.72,8,8
HD 209100_5,0.5946912538811245,0.07051945818278967,HD 209100,0.931,0.72,8,8
HD 209100_5,0.5957401725717018,0.05849805895964154,HD 209100,0.931,0.72,8,8
HD 209100_5,0.5954427995224664,0.07150385215569281,HD 209100,0.931,0.72,8,8
HD 209100_5,0.5954266901525115,0.07714015566331717,HD 209100,0.931,0.72,8,8
HD 209100_5,0.5951787556461239,0.07661381582603807,HD 209100,0.931,0.72,8,8
HD 209100_5,0.5955188384995844,0.07124342909946133,HD 209100,0.931,0.72,8,8
HD 209100_5,0.5949244368582972,0.06510819078100555,HD 209100,0.931,0.72,8,8
HD 209100_5,0.5952725115723282,0.07360341397151568,HD 209100,0.931,0.72,8,8
HD 209100_5,0.5952545787049998,0.07109285331755605,HD 209100,0.931,0.72,8,8
HD 209100_5,0.5951826761761498,0.07832043724503501,HD 209100,0.931,0.72,8,8
HD 209100_5,0.5947718058176886,0.07427269952485202,HD 209100,0.931,0.72,8,8
HD 209100_5,0.5956646713774073,0.07770272119252201,HD 209100,0.931,0.72,8,8
HD 209100_5,0.5948930180660573,0.07426778557761732,HD 209100,0.931,0.72,8,8
HD 209100_5,0.5949546751228141,0.07567881104404216,HD 209100,0.931,0.72,8,8
HD 209100_5,0.5945509662483285,0.07896267418888675,HD 209100,0.931,0.72,8,8
HD 209100_5,0.5949606020611127,0.07465268332892457,HD 209100,0.931,0.72,8,8
HD 209100_5,0.5949045313958575,0.07776709457715504,HD 209100,0.931,0.72,8,8
HD 209100_5,0.5952063508909223,0.06755617094352545,HD 209100,0.931,0.72,8,8
HD 209100_5,0.5952149644484827,0.0677849723936696,HD 209100,0.931,0.72,8,8
HD 209100_5,0.594882051536836,0.05949369484290531,HD 209100,0.931,0.72,8,8
HD 209100_5,0.5944885426495532,0.06388212516290483,HD 209100,0.931,0.72,8,8
HD 209100_5,0.5954426146217852,0.07936327755892766,HD 209100,0.931,0.72,8,8
HD 209100_5,0.5951064926185298,0.07410287286558959,HD 209100,0.931,0.72,8,8
HD 209100_5,0.5950843053503381,0.0726583583728357,HD 209100,0.931,0.72,8,8
HD 209100_5,0.5952610297550577,0.06522330242056674,HD 209100,0.931,0.72,8,8
HD 209100_5,0.5950713649713165,0.06974504066737923,HD 209100,0.931,0.72,8,8
HD 209100_5,0.5959573268944388,0.06578384976622607,HD 209100,0.931,0.72,8,8
HD 209100_5,0.594885087184795,0.07956066937509834,HD 209100,0.931,0.72,8,8
HD 209100_5,0.5952137948472799,0.0642366377741947,HD 209100,0.931,0.72,8,8
HD 209100_5,0.5954637932650318,0.07601480670199444,HD 209100,0.931,0.72,8,8
HD 209100_5,0.595489933870777,0.08074075612545002,HD 209100,0.931,0.72,8,8
HD 209100_5,0.5943130171565864,0.07323076403583045,HD 209100,0.931,0.72,8,8
HD 209100_5,0.5952966433580137,0.07569774522842558,HD 209100,0.931,0.72,8,8
HD 209100_5,0.5955478100433677,0.08072261600626905,HD 209100,0.931,0.72,8,8
HD 209100_5,0.5956449928075934,0.0721009194026826,HD 209100,0.931,0.72,8,8
HD 209100_5,0.5954130094109795,0.07073039146563752,HD 209100,0.931,0.72,8,8
HD 209100_5,0.5948137569577572,0.06506567308366247,HD 209100,0.931,0.72,8,8
HD 209100_5,0.5956241664236795,0.08163787123186611,HD 209100,0.931,0.72,8,8
HD 209100_5,0.5952797241867823,0.07453208582058828,HD 209100,0.931,0.72,8,8
HD 209100_5,0.5952473735082243,0.07647747162093055,HD 209100,0.931,0.72,8,8
HD 209100_5,0.5954133804163713,0.07299547539029419,HD 209100,0.931,0.72,8,8
HD 209100_5,0.5951394710783788,0.06732810259454085,HD 209100,0.931,0.72,8,8
HD 209100_5,0.5948116877878218,0.07097889339727169,HD 209100,0.931,0.72,8,8
HD 209100_5,0.5956617881446333,0.0747534733040342,HD 209100,0.931,0.72,8,8
HD 209100_5,0.5959241199145666,0.06291585568917313,HD 209100,0.931,0.72,8,8
HD 209100_5,0.5954071302376767,0.08551802829173731,HD 209100,0.931,0.72,8,8
HD 209100_5,0.5951853617720502,0.07777251359206876,HD 209100,0.931,0.72,8,8
HD 209100_5,0.5948828264026805,0.07069380019136326,HD 209100,0.931,0.72,8,8
HD 209100_5,0.5950806783881228,0.06883501233608047,HD 209100,0.931,0.72,8,8
HD 209100_5,0.5948616087764336,0.07134103346936058,HD 209100,0.931,0.72,8,8
HD 209100_5,0.5950502380412714,0.07469291022985614,HD 209100,0.931,0.72,8,8
HD 209100_5,0.5953851792175948,0.0793280130902524,HD 209100,0.931,0.72,8,8
HD 209100_5,0.5955105240848365,0.07525301369248213,HD 209100,0.931,0.72,8,8
HD 209100_5,0.5954313814984611,0.07422416856068102,HD 209100,0.931,0.72,8,8
HD 209100_5,0.5949998462379067,0.06804237706513278,HD 209100,0.931,0.72,8,8
HD 209100_5,0.5948346028588152,0.059017501194935,HD 209100,0.931,0.72,8,8
HD 209100_5,0.595150774198548,0.07794850303345564,HD 209100,0.931,0.72,8,8
HD 209100_5,0.5948193745118405,0.07300661488979064,HD 209100,0.931,0.72,8,8
HD 209100_5,0.5951969663071581,0.07683244802413719,HD 209100,0.931,0.72,8,8
HD 209100_5,0.595773492214296,0.07339185528660219,HD 209100,0.931,0.72,8,8
HD 209100_5,0.5954228906728484,0.06914347410719289,HD 209100,0.931,0.72,8,8
HD 209100_5,0.5956489897027085,0.07552234176816455,HD 209100,0.931,0.72,8,8
HD 209100_5,0.5952010500133682,0.08478744085176716,HD 209100,0.931,0.72,8,8
HD 209100_5,0.5950255603468277,0.07654363586907562,HD 209100,0.931,0.72,8,8
HD 209100_5,0.5951893451617644,0.0659850918282571,HD 209100,0.931,0.72,8,8
HD 209100_5,0.5952835082781205,0.06706513271761166,HD 209100,0.931,0.72,8,8
HD 209100_5,0.5954864370917798,0.06472965504904886,HD 209100,0.931,0.72,8,8
HD 209100_5,0.5952468166790181,0.07725354860843017,HD 209100,0.931,0.72,8,8
HD 209100_5,0.5949620098863999,0.07730852072433773,HD 209100,0.931,0.72,8,8
HD 209100_5,0.5951762063646235,0.07643266742023984,HD 209100,0.931,0.72,8,8
HD 209100_5,0.5956977639624521,0.0775500095275394,HD 209100,0.931,0.72,8,8
HD 209100_5,0.5953943905806238,0.0791813043753099,HD 209100,0.931,0.72,8,8
HD 209100_5,0.5950431954727056,0.08238985693393669,HD 209100,0.931,0.72,8,8
HD 209100_5,0.595250827066976,0.06436494985169666,HD 209100,0.931,0.72,8,8
HD 209100_5,0.5949928959576675,0.07223970855014979,HD 209100,0.931,0.72,8,8
HD 209100_5,0.5948015193204833,0.07869170672267348,HD 209100,0.931,0.72,8,8
HD 209100_5,0.5954070564477821,0.08029208253119435,HD 209100,0.931,0.72,8,8
HD 209100_5,0.5951852209505052,0.06906889594046707,HD 209100,0.931,0.72,8,8
HD 209100_5,0.5950625174630818,0.07191424582278107,HD 209100,0.931,0.72,8,8
HD 209100_5,0.595400451141988,0.07389856871314386,HD 209100,0.931,0.72,8,8
HD 209100_5,0.5950244092749981,0.07327582660600751,HD 209100,0.931,0.72,8,8
HD 209100_5,0.5955067619996078,0.07194935646934206,HD 209100,0.931,0.72,8,8
HD 209100_5,0.5953877087817042,0.06414911413023135,HD 209100,0.931,0.72,8,8
HD 209100_5,0.5953143519247955,0.06929290801596989,HD 209100,0.931,0.72,8,8
HD 209100_5,0.5953523819791623,0.0685123383189413,HD 209100,0.931,0.72,8,8
HD 209100_5,0.594847581584459,0.06724465077122152,HD 209100,0.931,0.72,8,8
HD 209100_5,0.5952761961638261,0.06242685159139233,HD 209100,0.931,0.72,8,8
HD 209100_5,0.5951896919518903,0.07635096841784203,HD 209100,0.931,0.72,8,8
HD 209100_5,0.5953876630534973,0.07105735176371061,HD 209100,0.931,0.72,8,8
HD 209100_5,0.5953009573573381,0.07352092045501749,HD 209100,0.931,0.72,8,8
HD 209100_5,0.5955176062625305,0.06517319254175549,HD 209100,0.931,0.72,8,8
HD 209100_5,0.5953185049764249,0.07528411495616115,HD 209100,0.931,0.72,8,8
HD 209100_5,0.5947404893988171,0.07497996463411842,HD 209100,0.931,0.72,8,8
HD 209100_5,0.5951890384899496,0.07309291072110798,HD 209100,0.931,0.72,8,8
HD 209100_5,0.595261994750318,0.07528805463257086,HD 209100,0.931,0.72,8,8
HD 209100_5,0.5952374622305536,0.07072774573275599,HD 209100,0.931,0.72,8,8
HD 209100_5,0.5957447285302437,0.08106211554002982,HD 209100,0.931,0.72,8,8
HD 209100_5,0.5952205275855625,0.07461137382706028,HD 209100,0.931,0.72,8,8
HD 209100_5,0.5952372155230403,0.07797342286382686,HD 209100,0.931,0.72,8,8
HD 209100_5,0.5955643530203754,0.06806968810828319,HD 209100,0.931,0.72,8,8
HD 209100_5,0.5953722650754213,0.06802374041808572,HD 209100,0.931,0.72,8,8
HD 209100_5,0.5949416835542674,0.06280208044610118,HD 209100,0.931,0.72,8,8
HD 209100_5,0.5948218369773747,0.07154841505449863,HD 209100,0.931,0.72,8,8
HD 209100_5,0.5958025794718218,0.07918364431494057,HD 209100,0.931,0.72,8,8
HD 209100_5,0.5954469238458437,0.06788503654775468,HD 209100,0.931,0.72,8,8
HD 209100_5,0.5956994169391802,0.07170944862686054,HD 209100,0.931,0.72,8,8
HD 209100_5,0.5954018170632284,0.07262667423815283,HD 209100,0.931,0.72,8,8
HD 209100_5,0.5958148464593304,0.06478186988289546,HD 209100,0.931,0.72,8,8
HD 209100_5,0.595290377646181,0.07446498479085288,HD 209100,0.931,0.72,8,8
HD 209100_5,0.5954176004792072,0.07290885102218014,HD 209100,0.931,0.72,8,8
HD 209100_5,0.5950884678218581,0.07223769242485298,HD 209100,0.931,0.72,8,8
HD 209100_5,0.5950535768414905,0.06419876254323709,HD 209100,0.931,0.72,8,8
HD 209100_5,0.5949010893348223,0.0609145010011139,HD 209100,0.931,0.72,8,8
HD 209100_5,0.5955569672324422,0.06923022156677731,HD 209100,0.931,0.72,8,8
HD 209100_5,0.595330392464993,0.075928718893019,HD 209100,0.931,0.72,8,8
HD 209100_5,0.5949506850335458,0.07424906660940354,HD 209100,0.931,0.72,8,8
HD 209100_5,0.5957029529181022,0.07555791897378521,HD 209100,0.931,0.72,8,8
HD 209100_5,0.594754415440302,0.07645208991952827,HD 209100,0.931,0.72,8,8
HD 209100_5,0.5951634008839983,0.07647248414402093,HD 209100,0.931,0.72,8,8
HD 209100_5,0.5946138714163325,0.07853616723637524,HD 209100,0.931,0.72,8,8
HD 209100_5,0.5952377914551588,0.0704461732286391,HD 209100,0.931,0.72,8,8
HD 209100_5,0.5954100570683952,0.08354236595673191,HD 209100,0.931,0.72,8,8
HD 209100_5,0.59547122333371,0.07110738397797477,HD 209100,0.931,0.72,8,8
HD 209100_5,0.5954631492112721,0.07124296769377529,HD 209100,0.931,0.72,8,8
HD 209100_5,0.5948003695385514,0.06754852464178734,HD 209100,0.931,0.72,8,8
HD 209100_5,0.5953971312889945,0.06423431836081128,HD 209100,0.931,0.72,8,8
HD 209100_5,0.594946413965545,0.07382022800174451,HD 209100,0.931,0.72,8,8
HD 209100_5,0.5952542002332689,0.0756816854334268,HD 209100,0.931,0.72,8,8
HD 209100_5,0.5950796115429663,0.07840590113616791,HD 209100,0.931,0.72,8,8
HD 209100_5,0.5949098727789395,0.07186703005067753,HD 209100,0.931,0.72,8,8
HD 209100_5,0.5958853861112624,0.06861710376751168,HD 209100,0.931,0.72,8,8
HD 209100_5,0.5955131679904019,0.07158916942691133,HD 209100,0.931,0.72,8,8
HD 209100_5,0.5948728666579198,0.0669442488906164,HD 209100,0.931,0.72,8,8
HD 209100_5,0.5954096049784684,0.06994423369888499,HD 209100,0.931,0.72,8,8
HD 209100_5,0.5956627506462031,0.08565183243901343,HD 209100,0.931,0.72,8,8
HD 209100_5,0.5947331340365952,0.07885781774715328,HD 209100,0.931,0.72,8,8
HD 209100_5,0.5950485579574072,0.07627813609141733,HD 209100,0.931,0.72,8,8
HD 209100_5,0.5955563730735384,0.07407982699934099,HD 209100,0.931,0.72,8,8
HD 209100_5,0.595469055583103,0.07535740197594037,HD 209100,0.931,0.72,8,8
HD 209100_5,0.595431647205024,0.07486789192099051,HD 209100,0.931,0.72,8,8
HD 209100_5,0.5954099306592361,0.07408817141482085,HD 209100,0.931,0.72,8,8
HD 209100_5,0.595776153392113,0.06492955194203,HD 209100,0.931,0.72,8,8
HD 209100_5,0.5955404639129189,0.08353762209099327,HD 209100,0.931,0.72,8,8
HD 209100_5,0.5948357700595912,0.06693557631928547,HD 209100,0.931,0.72,8,8
HD 209100_5,0.5948992970381749,0.07186789490952755,HD 209100,0.931,0.72,8,8
HD 209100_5,0.594813715207423,0.0678133137071068,HD 209100,0.931,0.72,8,8
HD 209100_5,0.5950409622382141,0.06565624959908276,HD 209100,0.931,0.72,8,8
HD 209100_5,0.5955989886082671,0.0774995522114366,HD 209100,0.931,0.72,8,8
HD 209100_5,0.5954781758737369,0.06946717018057519,HD 209100,0.931,0.72,8,8
HD 209100_5,0.5950366433612929,0.07693160050747741,HD 209100,0.931,0.72,8,8
HD 209100_5,0.5952883161410166,0.08081315932183497,HD 209100,0.931,0.72,8,8
HD 209100_5,0.595227497914924,0.07849404111000373,HD 209100,0.931,0.72,8,8
HD 209100_5,0.5955546281978994,0.06611623577836509,HD 209100,0.931,0.72,8,8
HD 209100_5,0.5952655260588777,0.06867711779078117,HD 209100,0.931,0.72,8,8
HD 209100_5,0.5952220937963163,0.07540036782714077,HD 209100,0.931,0.72,8,8
HD 209100_5,0.5957225467785774,0.06800384770621648,HD 209100,0.931,0.72,8,8
HD 209100_5,0.5951887061727956,0.07816934653379942,HD 209100,0.931,0.72,8,8
HD 209100_5,0.5953126797509608,0.08216261038840532,HD 209100,0.931,0.72,8,8
HD 209100_5,0.5954766652497528,0.06789559392328713,HD 209100,0.931,0.72,8,8
HD 209100_5,0.5945700792902895,0.07398900130334092,HD 209100,0.931,0.72,8,8
HD 209100_5,0.5951350230847982,0.07683857236234715,HD 209100,0.931,0.72,8,8
HD 209100_5,0.5957011595374536,0.08018549907372453,HD 209100,0.931,0.72,8,8
HD 209100_5,0.5950258053514875,0.06771775015900743,HD 209100,0.931,0.72,8,8
HD 209100_5,0.5947031204496714,0.08063262018540066,HD 209100,0.931,0.72,8,8
HD 209100_5,0.5950469401359234,0.06603589096352414,HD 209100,0.931,0.72,8,8
HD 209100_5,0.5946297246222549,0.07818654589307167,HD 209100,0.931,0.72,8,8
HD 209100_5,0.5954999940947662,0.07483469574105066,HD 209100,0.931,0.72,8,8
HD 209100_5,0.5954102109381413,0.07240551575824462,HD 209100,0.931,0.72,8,8
HD 209100_5,0.5948699912780869,0.06520825413967309,HD 209100,0.931,0.72,8,8
HD 209100_5,0.5950785348209405,0.07650820501860477,HD 209100,0.931,0.72,8,8
HD 209100_5,0.5954091711962007,0.07764584122659486,HD 209100,0.931,0.72,8,8
HD 209100_5,0.5948961716654999,0.07994178398726932,HD 209100,0.931,0.72,8,8
HD 209100_5,0.5949469999360861,0.07104210717997159,HD 209100,0.931,0.72,8,8
HD 209100_5,0.5953426597652829,0.06907626838393888,HD 209100,0.931,0.72,8,8
HD 209100_5,0.5950441372373385,0.07393369784734499,HD 209100,0.931,0.72,8,8
HD 209100_5,0.5955963886028421,0.07757796723261091,HD 209100,0.931,0.72,8,8
HD 209100_5,0.5953537563543007,0.08335482271874199,HD 209100,0.931,0.72,8,8
HD 209100_5,0.595827560964293,0.07076589321040212,HD 209100,0.931,0.72,8,8
HD 209100_5,0.5952527603092961,0.07607864824603526,HD 209100,0.931,0.72,8,8
HD 209100_5,0.5953479783305261,0.07864893237821369,HD 209100,0.931,0.72,8,8
HD 209100_5,0.594911650480438,0.07468009453544688,HD 209100,0.931,0.72,8,8
HD 209100_5,0.5951151559957819,0.07487344404035505,HD 209100,0.931,0.72,8,8
HD 209100_5,0.5950235702686844,0.06807007831537654,HD 209100,0.931,0.72,8,8
HD 209100_5,0.5957709356552311,0.07595481494374651,HD 209100,0.931,0.72,8,8
HD 209100_5,0.5957399615330214,0.06908010186369518,HD 209100,0.931,0.72,8,8
HD 209100_5,0.5949048726553685,0.07421321938556538,HD 209100,0.931,0.72,8,8
HD 209100_5,0.5956475978034752,0.07108226656674153,HD 209100,0.931,0.72,8,8
HD 209100_5,0.5948846549400973,0.07624192649661321,HD 209100,0.931,0.72,8,8
HD 209100_5,0.5946737744160988,0.0719152003662275,HD 209100,0.931,0.72,8,8
HD 209100_5,0.5950868887293417,0.06965939069220278,HD 209100,0.931,0.72,8,8
HD 209100_5,0.5955496738578837,0.06856271997786179,HD 209100,0.931,0.72,8,8
HD 209100_5,0.5947835842662655,0.06865672574938202,HD 209100,0.931,0.72,8,8
HD 209100_5,0.595354773424033,0.07233468091334297,HD 209100,0.931,0.72,8,8
HD 209100_5,0.5954909354321103,0.0745939319011506,HD 209100,0.931,0.72,8,8
HD 209100_5,0.5953648722989914,0.0781430211434622,HD 209100,0.931,0.72,8,8
HD 209100_5,0.5948968212093414,0.07640183602816861,HD 209100,0.931,0.72,8,8
HD 209100_5,0.5949979444829279,0.07319311831384939,HD 209100,0.931,0.72,8,8
HD 209100_5,0.5946859489178318,0.0775724668017225,HD 209100,0.931,0.72,8,8
HD 209100_5,0.5952641270882354,0.07355519183586949,HD 209100,0.931,0.72,8,8
HD 209100_5,0.5949518013822483,0.07360020418840316,HD 209100,0.931,0.72,8,8
HD 209100_5,0.5952125966202338,0.07418686223456751,HD 209100,0.931,0.72,8,8
HD 209100_5,0.5953670372872565,0.0893649680186672,HD 209100,0.931,0.72,8,8
HD 209100_5,0.5946791044774945,0.06879018347943719,HD 209100,0.931,0.72,8,8
HD 209100_5,0.5951105542582267,0.07372643815543162,HD 209100,0.931,0.72,8,8
HD 209100_5,0.5951867019285592,0.0666157153818449,HD 209100,0.931,0.72,8,8
HD 209100_5,0.5958465780518533,0.07018978338944279,HD 209100,0.931,0.72,8,8
HD 209100_5,0.5951773162111338,0.06514468034289987,HD 209100,0.931,0.72,8,8
HD 209100_5,0.595265956172199,0.07522327029212883,HD 209100,0.931,0.72,8,8
HD 209100_5,0.5950045178034893,0.07029204630521407,HD 209100,0.931,0.72,8,8
HD 209100_5,0.5954673173991286,0.07413142644320385,HD 209100,0.931,0.72,8,8
HD 209100_5,0.5952514668582862,0.06794096812510668,HD 209100,0.931,0.72,8,8
HD 209100_5,0.5954027697591193,0.07448929300819536,HD 209100,0.931,0.72,8,8
HD 209100_5,0.5950178258183019,0.07583872140657383,HD 209100,0.931,0.72,8,8
HD 209100_5,0.5950093995953649,0.07260721208014459,HD 209100,0.931,0.72,8,8
HD 209100_5,0.5949384594078829,0.07301443413701492,HD 209100,0.931,0.72,8,8
HD 209100_5,0.5949795345454165,0.06760053253528994,HD 209100,0.931,0.72,8,8
HD 209100_5,0.5947985255891349,0.07911776575141494,HD 209100,0.931,0.72,8,8
HD 209100_5,0.595164165897634,0.06698856808481206,HD 209100,0.931,0.72,8,8
HD 209100_5,0.5956238955747128,0.06827637081329571,HD 209100,0.931,0.72,8,8
HD 209100_5,0.5954794195442445,0.07118018736567533,HD 209100,0.931,0.72,8,8
HD 209100_5,0.5958905161944705,0.07365267921580916,HD 209100,0.931,0.72,8,8
HD 209100_5,0.5948095671703891,0.06681335331527198,HD 209100,0.931,0.72,8,8
HD 209100_5,0.5949928258240659,0.07801623831743681,HD 209100,0.931,0.72,8,8
HD 209100_5,0.5954289250574781,0.0700229656454784,HD 209100,0.931,0.72,8,8
HD 209100_5,0.5951754985832073,0.06893994098446954,HD 209100,0.931,0.72,8,8
HD 209100_5,0.5955324366149664,0.06733121779750552,HD 209100,0.931,0.72,8,8
HD 209100_5,0.5950970846833904,0.07635831973953038,HD 209100,0.931,0.72,8,8
HD 209100_5,0.5944555765188395,0.07636792288872363,HD 209100,0.931,0.72,8,8
HD 209100_5,0.595285549206432,0.0712079675568658,HD 209100,0.931,0.72,8,8
HD 209100_5,0.5952145829935443,0.08487306846915857,HD 209100,0.931,0.72,8,8
HD 209100_5,0.5954223507988945,0.07670719130441014,HD 209100,0.931,0.72,8,8
HD 209100_5,0.5953818959826223,0.07554702670662057,HD 209100,0.931,0.72,8,8
HD 209100_5,0.5951512299387662,0.08429246660104099,HD 209100,0.931,0.72,8,8
HD 209100_5,0.594840060008491,0.06635753829720017,HD 209100,0.931,0.72,8,8
HD 209100_5,0.5960036372310651,0.07132357481686206,HD 209100,0.931,0.72,8,8
HD 209100_5,0.5946424430442376,0.08258607614476392,HD 209100,0.931,0.72,8,8
HD 209100_5,0.5948941027398992,0.07051269944595288,HD 209100,0.931,0.72,8,8
HD 209100_5,0.594814710170302,0.07418131181642798,HD 209100,0.931,0.72,8,8
HD 209100_5,0.5948156418351518,0.0684888932423315,HD 209100,0.931,0.72,8,8
HD 209100_5,0.594786249659341,0.08101375704401105,HD 209100,0.931,0.72,8,8
HD 209100_5,0.5952833498450242,0.07254338872403443,HD 209100,0.931,0.72,8,8
HD 209100_5,0.5950869134701311,0.07443117948800644,HD 209100,0.931,0.72,8,8
HD 209100_5,0.5952801697366326,0.07788071392321283,HD 209100,0.931,0.72,8,8
HD 209100_5,0.5953866176679464,0.07139506792498132,HD 209100,0.931,0.72,8,8
HD 209100_5,0.5951489993796287,0.07874097608096417,HD 209100,0.931,0.72,8,8
HD 209100_5,0.5951552189299124,0.07134129311180813,HD 209100,0.931,0.72,8,8
HD 209100_5,0.5948681511757372,0.07721869061675225,HD 209100,0.931,0.72,8,8
HD 209100_5,0.5949314244523058,0.07339043757993337,HD 209100,0.931,0.72,8,8
HD 209100_5,0.5952051131947317,0.07997680978549108,HD 209100,0.931,0.72,8,8
HD 209100_5,0.5953239254887774,0.07431651409900478,HD 209100,0.931,0.72,8,8
HD 209100_5,0.5951006260471677,0.07227650395628528,HD 209100,0.931,0.72,8,8
HD 209100_5,0.5949325975967344,0.07112799171836595,HD 209100,0.931,0.72,8,8
HD 209100_5,0.5946868846866291,0.06867893230196995,HD 209100,0.931,0.72,8,8
HD 209100_5,0.5950328963164319,0.067784978604275,HD 209100,0.931,0.72,8,8
HD 209100_5,0.5955104107635935,0.07294653391656623,HD 209100,0.931,0.72,8,8
HD 209100_5,0.5950404463288088,0.07500997789115328,HD 209100,0.931,0.72,8,8
HD 209100_5,0.5950951914065067,0.07848807492532485,HD 209100,0.931,0.72,8,8
HD 209100_5,0.5960437845122672,0.07050490523651791,HD 209100,0.931,0.72,8,8
HD 209100_5,0.595087783215457,0.07985475268018946,HD 209100,0.931,0.72,8,8
HD 209100_5,0.5951577661483364,0.06376390062952661,HD 209100,0.931,0.72,8,8
HD 209100_5,0.5949874070043127,0.06612406760620318,HD 209100,0.931,0.72,8,8
HD 209100_5,0.5955062971630385,0.06896018773687046,HD 209100,0.931,0.72,8,8
HD 209100_5,0.5958552375455769,0.07461019368715005,HD 209100,0.931,0.72,8,8
HD 209100_5,0.5952770829046795,0.07375304455638541,HD 209100,0.931,0.72,8,8
HD 209100_5,0.5952297056614789,0.06909626958941822,HD 209100,0.931,0.72,8,8
HD 209100_5,0.5950998405129363,0.07012832831022663,HD 209100,0.931,0.72,8,8
HD 209100_5,0.5953731913421776,0.07448846180244574,HD 209100,0.931,0.72,8,8
HD 209100_5,0.5950140744634946,0.07513309784137598,HD 209100,0.931,0.72,8,8
HD 209100_5,0.5953847237137945,0.0720127300641746,HD 209100,0.931,0.72,8,8
HD 209100_5,0.5950172258408957,0.06833188652936056,HD 209100,0.931,0.72,8,8
HD 209100_5,0.5954061346761427,0.06927212241767183,HD 209100,0.931,0.72,8,8
HD 209100_5,0.5949690558315083,0.06654385147594173,HD 209100,0.931,0.72,8,8
HD 209100_5,0.5953524829987904,0.06211071322369795,HD 209100,0.931,0.72,8,8
HD 209100_5,0.5957420841985049,0.08713045275491067,HD 209100,0.931,0.72,8,8
HD 209100_5,0.595826743197879,0.07529058070013564,HD 209100,0.931,0.72,8,8
HD 209100_5,0.5954391491621788,0.07297238346171639,HD 209100,0.931,0.72,8,8
HD 209100_5,0.5953613041133664,0.06128188641440332,HD 209100,0.931,0.72,8,8
HD 209100_5,0.5953447442307734,0.07275361221158282,HD 209100,0.931,0.72,8,8
HD 209100_5,0.5960264031919256,0.07558529266912865,HD 209100,0.931,0.72,8,8
HD 209100_5,0.5955337495786943,0.06981212933993716,HD 209100,0.931,0.72,8,8
HD 209100_5,0.5946669549987995,0.0841314905851427,HD 209100,0.931,0.72,8,8
HD 209100_5,0.5954106445719851,0.07392958060424472,HD 209100,0.931,0.72,8,8
HD 209100_5,0.594847337635453,0.06878170213229283,HD 209100,0.931,0.72,8,8
HD 209100_5,0.5950019294887331,0.06414053155578112,HD 209100,0.931,0.72,8,8
HD 209100_5,0.59522901283041,0.06442575172908016,HD 209100,0.931,0.72,8,8
HD 209100_5,0.5952847131514496,0.07094192473496837,HD 209100,0.931,0.72,8,8
HD 209100_5,0.5955587499709627,0.06728336947781907,HD 209100,0.931,0.72,8,8
HD 209100_5,0.5953624040929019,0.0637559426483945,HD 209100,0.931,0.72,8,8
HD 209100_5,0.594849275067419,0.07530429265822147,HD 209100,0.931,0.72,8,8
HD 209100_5,0.5952926337343788,0.07260671423472478,HD 209100,0.931,0.72,8,8
HD 209100_5,0.5953440630639113,0.076858070243525,HD 209100,0.931,0.72,8,8
HD 209100_5,0.5957589902049927,0.0825890235429976,HD 209100,0.931,0.72,8,8
HD 209100_5,0.5950960895491825,0.07358219374160152,HD 209100,0.931,0.72,8,8
HD 209100_5,0.5948501524057708,0.07159166573367287,HD 209100,0.931,0.72,8,8
HD 209100_5,0.5951897988439,0.07143256195177046,HD 209100,0.931,0.72,8,8
HD 209100_5,0.5947131580577892,0.07979404338841302,HD 209100,0.931,0.72,8,8
HD 209100_5,0.5952173851732779,0.0767838434351384,HD 209100,0.931,0.72,8,8
HD 209100_5,0.5950243963546695,0.07411933089465063,HD 209100,0.931,0.72,8,8
HD 209100_5,0.5949148297222364,0.0768097917664841,HD 209100,0.931,0.72,8,8
HD 209100_5,0.5948106284725275,0.07691352956395134,HD 209100,0.931,0.72,8,8
HD 209100_5,0.5951984228884476,0.07265262297593014,HD 209100,0.931,0.72,8,8
HD 209100_5,0.5952529085851052,0.08175109314388669,HD 209100,0.931,0.72,8,8
HD 209100_5,0.5953400136692556,0.0755831030849409,HD 209100,0.931,0.72,8,8
HD 209100_5,0.5952372224249682,0.0751502972230316,HD 209100,0.931,0.72,8,8
HD 209100_5,0.5945418270364632,0.06855024203140138,HD 209100,0.931,0.72,8,8
HD 209100_5,0.5946696971932803,0.0791393301534304,HD 209100,0.931,0.72,8,8
HD 209100_5,0.5954122359089209,0.0753277786139897,HD 209100,0.931,0.72,8,8
HD 209100_5,0.5945346730752881,0.0634323395037231,HD 209100,0.931,0.72,8,8
HD 209100_5,0.5952209498170611,0.06560309078720838,HD 209100,0.931,0.72,8,8
HD 209100_5,0.5959151404836225,0.06975079512867874,HD 209100,0.931,0.72,8,8
HD 209100_5,0.5951588355345191,0.07541364137807657,HD 209100,0.931,0.72,8,8
HD 209100_5,0.5953530835453125,0.06504087622198591,HD 209100,0.931,0.72,8,8
HD 209100_5,0.5952026849049518,0.08164333675868005,HD 209100,0.931,0.72,8,8
HD 209100_5,0.5948141514892962,0.07718614224500375,HD 209100,0.931,0.72,8,8
HD 209100_5,0.5950396460739213,0.07084446502769103,HD 209100,0.931,0.72,8,8
HD 209100_5,0.5948100556857947,0.06855785623073417,HD 209100,0.931,0.72,8,8
HD 209100_5,0.5946889967319614,0.07379235745492672,HD 209100,0.931,0.72,8,8
HD 209100_5,0.5954936691585032,0.07090410857640964,HD 209100,0.931,0.72,8,8
HD 209100_5,0.5951614592760666,0.07602778892678037,HD 209100,0.931,0.72,8,8
HD 209100_5,0.5957661844280713,0.0789228115417818,HD 209100,0.931,0.72,8,8
HD 209100_5,0.5951518305346365,0.07863605878822101,HD 209100,0.931,0.72,8,8
HD 209100_5,0.5957570830660802,0.06599193285510738,HD 209100,0.931,0.72,8,8
HD 209100_5,0.5951830469474133,0.06763694145022703,HD 209100,0.931,0.72,8,8
HD 209100_5,0.595194886301782,0.06665846953181778,HD 209100,0.931,0.72,8,8
HD 209100_5,0.5951714940222824,0.0707260603838472,HD 209100,0.931,0.72,8,8
HD 209100_5,0.5953962923165652,0.07945296654938344,HD 209100,0.931,0.72,8,8
HD 209100_5,0.5952057022148576,0.07738833346917301,HD 209100,0.931,0.72,8,8
HD 209100_5,0.5956309644975007,0.07557980087851722,HD 209100,0.931,0.72,8,8
HD 209100_5,0.5951870221109095,0.07852581732806285,HD 209100,0.931,0.72,8,8
HD 209100_5,0.5951913751888119,0.06750757978060794,HD 209100,0.931,0.72,8,8
HD 209100_5,0.5950457436637865,0.07766989024276448,HD 209100,0.931,0.72,8,8
HD 209100_5,0.5951857120291635,0.06804523619735725,HD 209100,0.931,0.72,8,8
HD 209100_5,0.5952525107743619,0.06604872476250881,HD 209100,0.931,0.72,8,8
HD 209100_5,0.5948883190938844,0.06107856534976278,HD 209100,0.931,0.72,8,8
HD 209100_5,0.5953840312056313,0.0674198335210301,HD 209100,0.931,0.72,8,8
HD 209100_5,0.5953035427765164,0.07311673831145124,HD 209100,0.931,0.72,8,8
HD 209100_5,0.5954729389708856,0.06567961515077685,HD 209100,0.931,0.72,8,8
HD 209100_5,0.5953941417463134,0.06895539329289035,HD 209100,0.931,0.72,8,8
HD 209100_5,0.595232605441578,0.07557840853729882,HD 209100,0.931,0.72,8,8
HD 10361_1,0.7578530220214585,0.012959002280000522,HD 10361,1.303,0.77,8,7
HD 10361_1,0.757478322013263,0.012083024805166494,HD 10361,1.303,0.77,8,7
HD 10361_1,0.7554486871301407,0.006078683284799186,HD 10361,1.303,0.77,8,7
HD 10361_1,0.755567790221973,0.004898688753830446,HD 10361,1.303,0.77,8,7
HD 10361_1,0.7538195335622339,0.015279135214524793,HD 10361,1.303,0.77,8,7
HD 10361_1,0.755117905821583,0.007487163626059615,HD 10361,1.303,0.77,8,7
HD 10361_1,0.7553405348574729,0.04166822572943928,HD 10361,1.303,0.77,8,7
HD 10361_1,0.7543034363927403,0.006656487074849039,HD 10361,1.303,0.77,8,7
HD 10361_1,0.758038138224119,0.0022372270717432403,HD 10361,1.303,0.77,8,7
HD 10361_1,0.7573803933433018,0.029267624514059,HD 10361,1.303,0.77,8,7
HD 10361_1,0.7551229092590807,0.000931338920936762,HD 10361,1.303,0.77,8,7
HD 10361_1,0.7564444092010693,0.02648344056294261,HD 10361,1.303,0.77,8,7
HD 10361_1,0.7573257585805445,0.04206648924252985,HD 10361,1.303,0.77,8,7
HD 10361_1,0.7554720900403079,0.0005150404737807192,HD 10361,1.303,0.77,8,7
HD 10361_1,0.756560007643541,0.016742345281706282,HD 10361,1.303,0.77,8,7
HD 10361_1,0.7525959811438551,0.009922261491423333,HD 10361,1.303,0.77,8,7
HD 10361_1,0.7562981792743989,0.013168612526982738,HD 10361,1.303,0.77,8,7
HD 10361_1,0.7575003563576189,0.00029380524790671714,HD 10361,1.303,0.77,8,7
HD 10361_1,0.7591669340624597,0.027908086032595786,HD 10361,1.303,0.77,8,7
HD 10361_1,0.7562059935122187,0.0054211218190811546,HD 10361,1.303,0.77,8,7
HD 10361_1,0.7578885726859822,0.02013555389177442,HD 10361,1.303,0.77,8,7
HD 10361_1,0.7581608085212199,0.01711634186487693,HD 10361,1.303,0.77,8,7
HD 10361_1,0.7549216699506043,0.019409628664662913,HD 10361,1.303,0.77,8,7
HD 10361_1,0.7549136693348748,0.023431726068625557,HD 10361,1.303,0.77,8,7
HD 10361_1,0.7579488602940383,0.011423555182267033,HD 10361,1.303,0.77,8,7
HD 10361_1,0.7536092062317928,0.008083321964155935,HD 10361,1.303,0.77,8,7
HD 10361_1,0.7525023713986209,0.010092171326892104,HD 10361,1.303,0.77,8,7
HD 10361_1,0.7540053785797997,0.033580743030038454,HD 10361,1.303,0.77,8,7
HD 10361_1,0.7563162027607524,0.0293490036002904,HD 10361,1.303,0.77,8,7
HD 10361_1,0.7552667734993246,0.0011190814857285386,HD 10361,1.303,0.77,8,7
HD 10361_1,0.7600335437249944,0.03349673233988876,HD 10361,1.303,0.77,8,7
HD 10361_1,0.7585089380444789,0.031961892070610814,HD 10361,1.303,0.77,8,7
HD 10361_1,0.7563175727271475,9.669252654002382e-05,HD 10361,1.303,0.77,8,7
HD 10361_1,0.7555732996014474,0.007940141651019,HD 10361,1.303,0.77,8,7
HD 10361_1,0.7573409881222459,0.011842160791898669,HD 10361,1.303,0.77,8,7
HD 10361_1,0.7583596233243478,0.00683390167144508,HD 10361,1.303,0.77,8,7
HD 10361_1,0.757366992822273,0.013427567774454799,HD 10361,1.303,0.77,8,7
HD 10361_1,0.7571247628537712,0.014785104845856946,HD 10361,1.303,0.77,8,7
HD 10361_1,0.7589744612225402,0.03727175308333165,HD 10361,1.303,0.77,8,7
HD 10361_1,0.7548330150699839,0.010327119811768403,HD 10361,1.303,0.77,8,7
HD 10361_1,0.759814200119076,0.028374653316200274,HD 10361,1.303,0.77,8,7
HD 10361_1,0.7585714910074666,0.026590851232759036,HD 10361,1.303,0.77,8,7
HD 10361_1,0.755344545606683,0.03260439765911706,HD 10361,1.303,0.77,8,7
HD 10361_1,0.7552856837854491,0.004683741184905457,HD 10361,1.303,0.77,8,7
HD 10361_1,0.7583791641940028,0.0029570715566921285,HD 10361,1.303,0.77,8,7
HD 10361_1,0.7556072432591264,0.005653897704125349,HD 10361,1.303,0.77,8,7
HD 10361_1,0.7563185667639739,0.004811591258445818,HD 10361,1.303,0.77,8,7
HD 10361_1,0.7556531231751786,0.019404760603877944,HD 10361,1.303,0.77,8,7
HD 10361_1,0.7557244295311827,0.00119513649751924,HD 10361,1.303,0.77,8,7
HD 10361_1,0.7546794661899835,0.009739677149548834,HD 10361,1.303,0.77,8,7
HD 10361_1,0.7576118640995707,0.018852800218893788,HD 10361,1.303,0.77,8,7
HD 10361_1,0.7543603583052927,0.028627651293196943,HD 10361,1.303,0.77,8,7
HD 10361_1,0.7570957104376246,0.018183013944804788,HD 10361,1.303,0.77,8,7
HD 10361_1,0.754861525832475,0.01405106127561448,HD 10361,1.303,0.77,8,7
HD 10361_1,0.7545445354432333,0.015578216012445554,HD 10361,1.303,0.77,8,7
HD 10361_1,0.7581557649687316,0.010733813298210118,HD 10361,1.303,0.77,8,7
HD 10361_1,0.7536161940801397,0.01708529911363827,HD 10361,1.303,0.77,8,7
HD 10361_1,0.758055241368718,0.03875802905907928,HD 10361,1.303,0.77,8,7
HD 10361_1,0.7553161398611055,0.0017623767851161487,HD 10361,1.303,0.77,8,7
HD 10361_1,0.7573112931649577,0.022810515945455093,HD 10361,1.303,0.77,8,7
HD 10361_1,0.7595425840033792,0.007493761224285007,HD 10361,1.303,0.77,8,7
HD 10361_1,0.7567341426225331,0.027447327486168148,HD 10361,1.303,0.77,8,7
HD 10361_1,0.7575065469613115,1.612593993900735e-06,HD 10361,1.303,0.77,8,7
HD 10361_1,0.7595702249924217,0.010951884647776071,HD 10361,1.303,0.77,8,7
HD 10361_1,0.7565499246677397,0.0064807471693791585,HD 10361,1.303,0.77,8,7
HD 10361_1,0.7550095435420395,0.03949155623662721,HD 10361,1.303,0.77,8,7
HD 10361_1,0.7563870467104143,0.0028433172168529364,HD 10361,1.303,0.77,8,7
HD 10361_1,0.7556726784099631,0.01131623694543453,HD 10361,1.303,0.77,8,7
HD 10361_1,0.7539375873160505,0.007671100833194406,HD 10361,1.303,0.77,8,7
HD 10361_1,0.7562518694238973,0.02082720845841497,HD 10361,1.303,0.77,8,7
HD 10361_1,0.755195225722668,0.04788903260719711,HD 10361,1.303,0.77,8,7
HD 10361_1,0.7577927382392005,0.032568319164189896,HD 10361,1.303,0.77,8,7
HD 10361_1,0.7561554490517693,0.006880238112493147,HD 10361,1.303,0.77,8,7
HD 10361_1,0.7559230229527532,0.017062860390541442,HD 10361,1.303,0.77,8,7
HD 10361_1,0.7584322887599684,0.018427492028993176,HD 10361,1.303,0.77,8,7
HD 10361_1,0.7543947978077533,0.006564881881787965,HD 10361,1.303,0.77,8,7
HD 10361_1,0.7561641366580429,0.0077693410074172985,HD 10361,1.303,0.77,8,7
HD 10361_1,0.7561982063816688,0.009508818070902161,HD 10361,1.303,0.77,8,7
HD 10361_1,0.7567497592782594,0.014782559572482768,HD 10361,1.303,0.77,8,7
HD 10361_1,0.7549139662595494,0.02736446577055185,HD 10361,1.303,0.77,8,7
HD 10361_1,0.7582379295291944,0.022143857581170122,HD 10361,1.303,0.77,8,7
HD 10361_1,0.7611208708234707,0.02085309840297974,HD 10361,1.303,0.77,8,7
HD 10361_1,0.7562126117850836,0.011236231280126144,HD 10361,1.303,0.77,8,7
HD 10361_1,0.7586795745353457,0.015864344975185563,HD 10361,1.303,0.77,8,7
HD 10361_1,0.757674683666297,0.0039236800852772025,HD 10361,1.303,0.77,8,7
HD 10361_1,0.7581774326782454,0.004611449024262013,HD 10361,1.303,0.77,8,7
HD 10361_1,0.7533654609265528,0.005555282676577509,HD 10361,1.303,0.77,8,7
HD 10361_1,0.7549143056593832,0.0003608638679527404,HD 10361,1.303,0.77,8,7
HD 10361_1,0.7583996257597,0.014439866851998374,HD 10361,1.303,0.77,8,7
HD 10361_1,0.7532664926244628,0.016860850299311052,HD 10361,1.303,0.77,8,7
HD 10361_1,0.7513264359950041,0.0063577536244849115,HD 10361,1.303,0.77,8,7
HD 10361_1,0.7572003594063641,0.0010732017673123623,HD 10361,1.303,0.77,8,7
HD 10361_1,0.7605310898782063,0.0216971124827474,HD 10361,1.303,0.77,8,7
HD 10361_1,0.7579435824732731,0.0052112172293213525,HD 10361,1.303,0.77,8,7
HD 10361_1,0.7593463436118811,0.014269469793291661,HD 10361,1.303,0.77,8,7
HD 10361_1,0.7548402173243585,0.009981924966932489,HD 10361,1.303,0.77,8,7
HD 10361_1,0.7546660032522455,0.0010066411746011503,HD 10361,1.303,0.77,8,7
HD 10361_1,0.7566245305995183,0.006521915455736845,HD 10361,1.303,0.77,8,7
HD 10361_1,0.7590394936692412,0.010858061575528988,HD 10361,1.303,0.77,8,7
HD 10361_1,0.7565894854331414,0.013031727619078086,HD 10361,1.303,0.77,8,7
HD 10361_1,0.7583661707963152,0.02841414347835387,HD 10361,1.303,0.77,8,7
HD 10361_1,0.7580151834021079,0.017096926562100115,HD 10361,1.303,0.77,8,7
HD 10361_1,0.7550665228558112,0.011628425224694244,HD 10361,1.303,0.77,8,7
HD 10361_1,0.7537712043193006,0.0007583072111840353,HD 10361,1.303,0.77,8,7
HD 10361_1,0.7567868643766803,0.0030041061310133385,HD 10361,1.303,0.77,8,7
HD 10361_1,0.7571665195862083,0.0015254788796181702,HD 10361,1.303,0.77,8,7
HD 10361_1,0.7557222817601151,0.010981269601074999,HD 10361,1.303,0.77,8,7
HD 10361_1,0.7578714890417819,0.01533161139898064,HD 10361,1.303,0.77,8,7
HD 10361_1,0.7537440437939863,0.004407780211992351,HD 10361,1.303,0.77,8,7
HD 10361_1,0.752343183322373,0.0098806909180025,HD 10361,1.303,0.77,8,7
HD 10361_1,0.7590250578875103,0.005228124355665442,HD 10361,1.303,0.77,8,7
HD 10361_1,0.7583176780856606,0.018725107040280485,HD 10361,1.303,0.77,8,7
HD 10361_1,0.7588878007789747,0.01055425372507379,HD 10361,1.303,0.77,8,7
HD 10361_1,0.7540863076034281,0.012190481708301266,HD 10361,1.303,0.77,8,7
HD 10361_1,0.759274677548495,0.024462561606647927,HD 10361,1.303,0.77,8,7
HD 10361_1,0.7547031850905156,0.019400499623010894,HD 10361,1.303,0.77,8,7
HD 10361_1,0.7566064810447601,0.007325952398812365,HD 10361,1.303,0.77,8,7
HD 10361_1,0.7561154628165535,0.021095276537000482,HD 10361,1.303,0.77,8,7
HD 10361_1,0.7546298252338256,0.0012426438510293354,HD 10361,1.303,0.77,8,7
HD 10361_1,0.7582690494068263,0.012483095508744917,HD 10361,1.303,0.77,8,7
HD 10361_1,0.7605061874645447,0.03747525511783637,HD 10361,1.303,0.77,8,7
HD 10361_1,0.755061755311096,0.0018433462550915512,HD 10361,1.303,0.77,8,7
HD 10361_1,0.7563187012368275,0.010685919247622399,HD 10361,1.303,0.77,8,7
HD 10361_1,0.7598625027216686,0.021880117556428092,HD 10361,1.303,0.77,8,7
HD 10361_1,0.7555420028823702,0.0018797023481105617,HD 10361,1.303,0.77,8,7
HD 10361_1,0.7579648111099498,0.005506864807424669,HD 10361,1.303,0.77,8,7
HD 10361_1,0.7547551445841638,0.014734454177584662,HD 10361,1.303,0.77,8,7
HD 10361_1,0.756304584259382,0.018360449765816942,HD 10361,1.303,0.77,8,7
HD 10361_1,0.7544235068906625,0.00590424230518051,HD 10361,1.303,0.77,8,7
HD 10361_1,0.7581241863471337,0.01853591663612355,HD 10361,1.303,0.77,8,7
HD 10361_1,0.7530090109150958,0.03602145366630186,HD 10361,1.303,0.77,8,7
HD 10361_1,0.7551710220413355,0.008960324368696253,HD 10361,1.303,0.77,8,7
HD 10361_1,0.7584353590860324,0.0028894336533676498,HD 10361,1.303,0.77,8,7
HD 10361_1,0.7560224596139037,0.0007115034128461102,HD 10361,1.303,0.77,8,7
HD 10361_1,0.7563611712866039,0.03472909843388351,HD 10361,1.303,0.77,8,7
HD 10361_1,0.7529062329291873,0.0013935465724248773,HD 10361,1.303,0.77,8,7
HD 10361_1,0.7528952105056756,0.0025919769272738126,HD 10361,1.303,0.77,8,7
HD 10361_1,0.7554247428076404,0.029233651244857314,HD 10361,1.303,0.77,8,7
HD 10361_1,0.756649014018757,0.020534431040760723,HD 10361,1.303,0.77,8,7
HD 10361_1,0.7560869155925387,0.04598758240720577,HD 10361,1.303,0.77,8,7
HD 10361_1,0.7594257484203025,0.028443140582889017,HD 10361,1.303,0.77,8,7
HD 10361_1,0.759858934811104,0.02687249743119346,HD 10361,1.303,0.77,8,7
HD 10361_1,0.7568806126644722,0.015893822454242774,HD 10361,1.303,0.77,8,7
HD 10361_1,0.753881271899908,0.05379549244754929,HD 10361,1.303,0.77,8,7
HD 10361_1,0.7599805370149205,0.03099465969449028,HD 10361,1.303,0.77,8,7
HD 10361_1,0.7518024239835546,0.013546604465837837,HD 10361,1.303,0.77,8,7
HD 10361_1,0.7539699236160297,0.009904089609600977,HD 10361,1.303,0.77,8,7
HD 10361_1,0.757266487346558,0.024960247324070203,HD 10361,1.303,0.77,8,7
HD 10361_1,0.7551854425585526,0.009278465535554467,HD 10361,1.303,0.77,8,7
HD 10361_1,0.7543276622648926,0.008640646726402976,HD 10361,1.303,0.77,8,7
HD 10361_1,0.7523078241391711,0.0230741800507901,HD 10361,1.303,0.77,8,7
HD 10361_1,0.7563673891093973,0.00029793815249984183,HD 10361,1.303,0.77,8,7
HD 10361_1,0.7585137349288739,0.010489306247735085,HD 10361,1.303,0.77,8,7
HD 10361_1,0.7586371745575504,0.0008907771899990292,HD 10361,1.303,0.77,8,7
HD 10361_1,0.7537019047234987,0.008440035575896331,HD 10361,1.303,0.77,8,7
HD 10361_1,0.7576507781741735,0.00039937737536143054,HD 10361,1.303,0.77,8,7
HD 10361_1,0.7538722485411566,0.011842939765546415,HD 10361,1.303,0.77,8,7
HD 10361_1,0.7547398586937996,0.010396306006634475,HD 10361,1.303,0.77,8,7
HD 10361_1,0.7580969022929479,0.019852111150454436,HD 10361,1.303,0.77,8,7
HD 10361_1,0.7568021741027193,0.006904396616115279,HD 10361,1.303,0.77,8,7
HD 10361_1,0.7559857442631561,0.006394090114626478,HD 10361,1.303,0.77,8,7
HD 10361_1,0.7588142250013986,0.030357750757246928,HD 10361,1.303,0.77,8,7
HD 10361_1,0.7545251672761341,0.004302740816517488,HD 10361,1.303,0.77,8,7
HD 10361_1,0.7589581244964976,0.004657557097218901,HD 10361,1.303,0.77,8,7
HD 10361_1,0.7549494260521513,0.012234775113579857,HD 10361,1.303,0.77,8,7
HD 10361_1,0.7579671773191029,0.010549285646544867,HD 10361,1.303,0.77,8,7
HD 10361_1,0.7538983538493851,0.01986912521982536,HD 10361,1.303,0.77,8,7
HD 10361_1,0.7561034451899744,0.022235988590672655,HD 10361,1.303,0.77,8,7
HD 10361_1,0.7552621336846896,0.02024031187962627,HD 10361,1.303,0.77,8,7
HD 10361_1,0.7519643511554721,0.012669631615035724,HD 10361,1.303,0.77,8,7
HD 10361_1,0.7592394731952082,0.008710922994906011,HD 10361,1.303,0.77,8,7
HD 10361_1,0.7584458457103955,0.001492418986708731,HD 10361,1.303,0.77,8,7
HD 10361_1,0.7571593625433074,0.016178738326440806,HD 10361,1.303,0.77,8,7
HD 10361_1,0.7548058664551227,0.007800125802292073,HD 10361,1.303,0.77,8,7
HD 10361_1,0.7552146505161025,0.007427814714665112,HD 10361,1.303,0.77,8,7
HD 10361_1,0.7559071489899845,0.032544972917139266,HD 10361,1.303,0.77,8,7
HD 10361_1,0.7576724109886205,0.021354548656084764,HD 10361,1.303,0.77,8,7
HD 10361_1,0.7559211488263904,0.01075005480447591,HD 10361,1.303,0.77,8,7
HD 10361_1,0.756161712425753,2.669796335879812e-05,HD 10361,1.303,0.77,8,7
HD 10361_1,0.7588975737133786,0.007346614693238735,HD 10361,1.303,0.77,8,7
HD 10361_1,0.7592459468199341,0.039562754870312695,HD 10361,1.303,0.77,8,7
HD 10361_1,0.7568729316991573,0.010304696053913877,HD 10361,1.303,0.77,8,7
HD 10361_1,0.7559518393729765,0.03699748400147785,HD 10361,1.303,0.77,8,7
HD 10361_1,0.7571733683752963,0.015773255563614627,HD 10361,1.303,0.77,8,7
HD 10361_1,0.7564980805185922,0.05732515790732435,HD 10361,1.303,0.77,8,7
HD 10361_1,0.757769865984276,0.012650009935412224,HD 10361,1.303,0.77,8,7
HD 10361_1,0.7593011760419515,0.00436297927917404,HD 10361,1.303,0.77,8,7
HD 10361_1,0.7570124609657639,0.0053091215541656925,HD 10361,1.303,0.77,8,7
HD 10361_1,0.7551249338062663,0.009280968869650576,HD 10361,1.303,0.77,8,7
HD 10361_1,0.7575887896748892,0.012470284146839468,HD 10361,1.303,0.77,8,7
HD 10361_1,0.7552489726889953,0.009833878870825498,HD 10361,1.303,0.77,8,7
HD 10361_1,0.7563176768715829,0.002510760547098606,HD 10361,1.303,0.77,8,7
HD 10361_1,0.755221634938192,0.008852508130563444,HD 10361,1.303,0.77,8,7
HD 10361_1,0.7547816143701456,0.01599337513261974,HD 10361,1.303,0.77,8,7
HD 10361_1,0.7556158408120881,0.028744313123556478,HD 10361,1.303,0.77,8,7
HD 10361_1,0.7539839225100067,0.006576655943238233,HD 10361,1.303,0.77,8,7
HD 10361_1,0.7566370945684434,0.03346492806418405,HD 10361,1.303,0.77,8,7
HD 10361_1,0.7583999894632554,0.012172765960645118,HD 10361,1.303,0.77,8,7
HD 10361_1,0.7570514190273316,0.0003243751855207602,HD 10361,1.303,0.77,8,7
HD 10361_1,0.7571982788529361,0.01372196154230534,HD 10361,1.303,0.77,8,7
HD 10361_1,0.7555673380874888,0.004355697386772335,HD 10361,1.303,0.77,8,7
HD 10361_1,0.7569935882054438,0.002479513007418881,HD 10361,1.303,0.77,8,7
HD 10361_1,0.7533016780030339,0.00014660061079131104,HD 10361,1.303,0.77,8,7
HD 10361_1,0.758791924618022,0.03552984670467598,HD 10361,1.303,0.77,8,7
HD 10361_1,0.7591032527311055,0.016486526058436042,HD 10361,1.303,0.77,8,7
HD 10361_1,0.7550736709342041,0.005068383115914395,HD 10361,1.303,0.77,8,7
HD 10361_1,0.7538322842033532,0.032854491043257605,HD 10361,1.303,0.77,8,7
HD 10361_1,0.7561838082946429,0.00020203539277745616,HD 10361,1.303,0.77,8,7
HD 10361_1,0.7557429590074697,0.028598687260325346,HD 10361,1.303,0.77,8,7
HD 10361_1,0.7591047764328198,0.027818118366178132,HD 10361,1.303,0.77,8,7
HD 10361_1,0.7550839232430858,0.010222599486239051,HD 10361,1.303,0.77,8,7
HD 10361_1,0.7557806922699618,0.008785725404158071,HD 10361,1.303,0.77,8,7
HD 10361_1,0.7580755726070384,8.672343061332487e-05,HD 10361,1.303,0.77,8,7
HD 10361_1,0.7569584687909968,0.00585512180593621,HD 10361,1.303,0.77,8,7
HD 10361_1,0.7520819224568863,0.009729429097902649,HD 10361,1.303,0.77,8,7
HD 10361_1,0.7573530988037593,0.007006557088445851,HD 10361,1.303,0.77,8,7
HD 10361_1,0.7583227827894136,0.0504330562081492,HD 10361,1.303,0.77,8,7
HD 10361_1,0.7544192527113162,0.00203098670218373,HD 10361,1.303,0.77,8,7
HD 10361_1,0.7579357061039064,0.0001780410973132823,HD 10361,1.303,0.77,8,7
HD 10361_1,0.7571366818032854,0.006510486997104711,HD 10361,1.303,0.77,8,7
HD 10361_1,0.7553712107258232,0.0004974514769459058,HD 10361,1.303,0.77,8,7
HD 10361_1,0.7541626731052843,0.019557252412687947,HD 10361,1.303,0.77,8,7
HD 10361_1,0.755506020439506,0.0001106134283328199,HD 10361,1.303,0.77,8,7
HD 10361_1,0.7560542472690562,0.00015247246387286597,HD 10361,1.303,0.77,8,7
HD 10361_1,0.7566687571535842,0.018505262153703753,HD 10361,1.303,0.77,8,7
HD 10361_1,0.7588468852568544,0.032957304842957856,HD 10361,1.303,0.77,8,7
HD 10361_1,0.7566026780551521,0.005204997873277755,HD 10361,1.303,0.77,8,7
HD 10361_1,0.7549426128964014,0.0020861722831167252,HD 10361,1.303,0.77,8,7
HD 10361_1,0.7587029479830083,0.011858963236149227,HD 10361,1.303,0.77,8,7
HD 10361_1,0.7542089902512784,0.04049057168387881,HD 10361,1.303,0.77,8,7
HD 10361_1,0.7564991421393483,0.03588787555195899,HD 10361,1.303,0.77,8,7
HD 10361_1,0.757415773668956,0.026634879704886504,HD 10361,1.303,0.77,8,7
HD 10361_1,0.7552698253330222,0.0003977509930663673,HD 10361,1.303,0.77,8,7
HD 10361_1,0.756230955325971,0.006975229433855279,HD 10361,1.303,0.77,8,7
HD 10361_1,0.7568367813936576,0.00020575809397642116,HD 10361,1.303,0.77,8,7
HD 10361_1,0.7580312940775197,0.018525397742139897,HD 10361,1.303,0.77,8,7
HD 10361_1,0.7539813215730156,0.009402501445516088,HD 10361,1.303,0.77,8,7
HD 10361_1,0.7559722448772105,0.016284181291122947,HD 10361,1.303,0.77,8,7
HD 10361_1,0.7569306342465428,0.020996401841750896,HD 10361,1.303,0.77,8,7
HD 10361_1,0.7565856453386495,0.01707415136424243,HD 10361,1.303,0.77,8,7
HD 10361_1,0.7554152755729909,0.015926369026762408,HD 10361,1.303,0.77,8,7
HD 10361_1,0.7576257175503235,0.017994578207121803,HD 10361,1.303,0.77,8,7
HD 10361_1,0.7547753588864088,0.023881283993829924,HD 10361,1.303,0.77,8,7
HD 10361_1,0.7583583438493348,0.005187127138705849,HD 10361,1.303,0.77,8,7
HD 10361_1,0.7522999500739386,0.024955396835738795,HD 10361,1.303,0.77,8,7
HD 10361_1,0.7570680942281589,0.017531680951708258,HD 10361,1.303,0.77,8,7
HD 10361_1,0.7542519936377436,0.00454240815263348,HD 10361,1.303,0.77,8,7
HD 10361_1,0.753768702985036,0.006014728745744061,HD 10361,1.303,0.77,8,7
HD 10361_1,0.7548885059331114,0.004728777929373044,HD 10361,1.303,0.77,8,7
HD 10361_1,0.7551029010506519,0.003586115328935371,HD 10361,1.303,0.77,8,7
HD 10361_1,0.7523193108234745,0.0015355192578955013,HD 10361,1.303,0.77,8,7
HD 10361_1,0.7542474881375799,0.03713376174046305,HD 10361,1.303,0.77,8,7
HD 10361_1,0.7578226013385584,0.0005009449993087969,HD 10361,1.303,0.77,8,7
HD 10361_1,0.7559134244870567,0.0135670354059643,HD 10361,1.303,0.77,8,7
HD 10361_1,0.7551055871015834,0.0008216023648915235,HD 10361,1.303,0.77,8,7
HD 10361_1,0.7554083814660968,0.03798448849246111,HD 10361,1.303,0.77,8,7
HD 10361_1,0.7563627793941278,0.019048766970652515,HD 10361,1.303,0.77,8,7
HD 10361_1,0.7564867614773304,0.006580934109731942,HD 10361,1.303,0.77,8,7
HD 10361_1,0.7614386313617824,0.005489243093158982,HD 10361,1.303,0.77,8,7
HD 10361_1,0.7560783526847543,0.02882460129870371,HD 10361,1.303,0.77,8,7
HD 10361_1,0.7587323530198262,0.019670308783364173,HD 10361,1.303,0.77,8,7
HD 10361_1,0.7574155632896861,0.027814480967821447,HD 10361,1.303,0.77,8,7
HD 10361_1,0.7529622881117313,0.006936732524051635,HD 10361,1.303,0.77,8,7
HD 10361_1,0.7529463582755125,0.028417588278519666,HD 10361,1.303,0.77,8,7
HD 10361_1,0.7560756704278631,0.017308788174932088,HD 10361,1.303,0.77,8,7
HD 10361_1,0.7558241532774025,0.015624393853002693,HD 10361,1.303,0.77,8,7
HD 10361_1,0.7578424899922205,0.0026317537779855602,HD 10361,1.303,0.77,8,7
HD 10361_1,0.7582525397007647,0.02032457704911103,HD 10361,1.303,0.77,8,7
HD 10361_1,0.7555973073671503,0.0022282148888560973,HD 10361,1.303,0.77,8,7
HD 10361_1,0.7564414634308924,0.005510053202933379,HD 10361,1.303,0.77,8,7
HD 10361_1,0.7551575598869493,0.0034058584230170427,HD 10361,1.303,0.77,8,7
HD 10361_1,0.7585319561052738,0.00811879164928256,HD 10361,1.303,0.77,8,7
HD 10361_1,0.7569650804239845,0.010410482008807054,HD 10361,1.303,0.77,8,7
HD 10361_1,0.7574874544224321,0.014709632557863265,HD 10361,1.303,0.77,8,7
HD 10361_1,0.7545758899553805,0.038406279939264,HD 10361,1.303,0.77,8,7
HD 10361_1,0.7574484757763076,0.0034708586022619003,HD 10361,1.303,0.77,8,7
HD 10361_1,0.7552272005690885,0.034327234688849045,HD 10361,1.303,0.77,8,7
HD 10361_1,0.7593368255920325,0.03471567584195435,HD 10361,1.303,0.77,8,7
HD 10361_1,0.7542415299915992,0.005488762603067881,HD 10361,1.303,0.77,8,7
HD 10361_1,0.7567651905877218,0.01951237409514486,HD 10361,1.303,0.77,8,7
HD 10361_1,0.7563963805609032,0.007543876840644037,HD 10361,1.303,0.77,8,7
HD 10361_1,0.7588718887376347,0.00483147685903805,HD 10361,1.303,0.77,8,7
HD 10361_1,0.7559345945212308,0.012664531936381463,HD 10361,1.303,0.77,8,7
HD 10361_1,0.753633034496033,0.008277886393293783,HD 10361,1.303,0.77,8,7
HD 10361_1,0.7583248695298623,0.009911835182142125,HD 10361,1.303,0.77,8,7
HD 10361_1,0.755935637974193,0.009009382597636603,HD 10361,1.303,0.77,8,7
HD 10361_1,0.7557017372909431,0.009041979903206529,HD 10361,1.303,0.77,8,7
HD 10361_1,0.7542896153910617,0.003014485938116949,HD 10361,1.303,0.77,8,7
HD 10361_1,0.7557989960794149,0.00930643156864052,HD 10361,1.303,0.77,8,7
HD 10361_1,0.757850842887535,0.011576921718132923,HD 10361,1.303,0.77,8,7
HD 10361_1,0.7555574006134963,0.001990438847875607,HD 10361,1.303,0.77,8,7
HD 10361_1,0.7566637532552788,0.022702751008676303,HD 10361,1.303,0.77,8,7
HD 10361_1,0.757581285709249,0.016934380918618847,HD 10361,1.303,0.77,8,7
HD 10361_1,0.7559019240723623,0.02900883755958529,HD 10361,1.303,0.77,8,7
HD 10361_1,0.7575382031253837,0.004427635498925912,HD 10361,1.303,0.77,8,7
HD 10361_1,0.7574559510534634,0.0009692477214766678,HD 10361,1.303,0.77,8,7
HD 10361_1,0.7579911137445484,0.013029895220187843,HD 10361,1.303,0.77,8,7
HD 10361_1,0.7555708532119715,0.005069747567449343,HD 10361,1.303,0.77,8,7
HD 10361_1,0.7557303349581185,0.0002857536124865549,HD 10361,1.303,0.77,8,7
HD 10361_1,0.7581497247780773,0.02474759845245743,HD 10361,1.303,0.77,8,7
HD 10361_1,0.753700687706681,0.0033746707531624003,HD 10361,1.303,0.77,8,7
HD 10361_1,0.7566108481685724,0.005746909629869748,HD 10361,1.303,0.77,8,7
HD 10361_1,0.7571975704661719,0.005775126911271005,HD 10361,1.303,0.77,8,7
HD 10361_1,0.7576930913006523,0.010529510609539685,HD 10361,1.303,0.77,8,7
HD 10361_1,0.7550310459789885,0.003039562223380988,HD 10361,1.303,0.77,8,7
HD 10361_1,0.7598668746269089,0.0163888967613013,HD 10361,1.303,0.77,8,7
HD 10361_1,0.7564303338903611,0.004642968673927644,HD 10361,1.303,0.77,8,7
HD 10361_1,0.7576215494451659,0.027606073521491057,HD 10361,1.303,0.77,8,7
HD 10361_1,0.7601617474606615,0.00044267751780763254,HD 10361,1.303,0.77,8,7
HD 10361_1,0.7586249029319517,0.018728747956680565,HD 10361,1.303,0.77,8,7
HD 10361_1,0.7610217379120233,0.02393478944922046,HD 10361,1.303,0.77,8,7
HD 10361_1,0.7562349645327491,0.03195254987860175,HD 10361,1.303,0.77,8,7
HD 10361_1,0.754572950492024,0.00492701707918612,HD 10361,1.303,0.77,8,7
HD 10361_1,0.7501323630983071,0.002663641998712004,HD 10361,1.303,0.77,8,7
HD 10361_1,0.7588216994902811,0.00039063653493059264,HD 10361,1.303,0.77,8,7
HD 10361_1,0.7559474705434979,0.00786456896783183,HD 10361,1.303,0.77,8,7
HD 10361_1,0.7572443693923238,0.02856923854036291,HD 10361,1.303,0.77,8,7
HD 10361_1,0.7584428331055579,0.002669989739311058,HD 10361,1.303,0.77,8,7
HD 10361_1,0.7531956916496316,0.021572423007774337,HD 10361,1.303,0.77,8,7
HD 10361_1,0.7562131103495939,0.010573400183855565,HD 10361,1.303,0.77,8,7
HD 10361_1,0.752216786470542,0.028326286264263322,HD 10361,1.303,0.77,8,7
HD 10361_1,0.758218729957592,0.0243784395253016,HD 10361,1.303,0.77,8,7
HD 10361_1,0.7556627278389829,0.002553896307621671,HD 10361,1.303,0.77,8,7
HD 10361_1,0.757617803618337,0.009316793884209171,HD 10361,1.303,0.77,8,7
HD 10361_1,0.7549147222410775,0.05419451403642449,HD 10361,1.303,0.77,8,7
HD 10361_1,0.7568729316991573,0.010304696053913877,HD 10361,1.303,0.77,8,7
HD 10361_1,0.7533698039064244,0.003183984742924379,HD 10361,1.303,0.77,8,7
HD 10361_1,0.7560847061331611,0.006369825317073006,HD 10361,1.303,0.77,8,7
HD 10361_1,0.7564644222262755,0.0022278853433712123,HD 10361,1.303,0.77,8,7
HD 10361_1,0.7582919802370522,0.02413213173166153,HD 10361,1.303,0.77,8,7
HD 10361_1,0.7558165524768102,0.009749286204351748,HD 10361,1.303,0.77,8,7
HD 10361_1,0.7548534938137327,0.00019999936820819838,HD 10361,1.303,0.77,8,7
HD 10361_1,0.7547092785584026,0.020644712008883577,HD 10361,1.303,0.77,8,7
HD 10361_1,0.7562581098484874,0.014608955188043936,HD 10361,1.303,0.77,8,7
HD 10361_1,0.7596274951498592,0.03594507818655443,HD 10361,1.303,0.77,8,7
HD 10361_1,0.7534520060847152,0.020224397576212312,HD 10361,1.303,0.77,8,7
HD 10361_1,0.7591077748361136,0.027122719571711182,HD 10361,1.303,0.77,8,7
HD 10361_1,0.7573403197653518,0.025772380914076423,HD 10361,1.303,0.77,8,7
HD 10361_1,0.7567129635344635,0.008602041658328917,HD 10361,1.303,0.77,8,7
HD 10361_1,0.7574961763055056,0.008727424487534299,HD 10361,1.303,0.77,8,7
HD 10361_1,0.7573930662701118,0.0028995793549526742,HD 10361,1.303,0.77,8,7
HD 10361_1,0.757257197540015,0.008326854999660543,HD 10361,1.303,0.77,8,7
HD 10361_1,0.7571419818562322,0.006194990308404035,HD 10361,1.303,0.77,8,7
HD 10361_1,0.7579977415522678,0.0003852415563041353,HD 10361,1.303,0.77,8,7
HD 10361_1,0.7572665156983,0.008514216172374845,HD 10361,1.303,0.77,8,7
HD 10361_1,0.7507974786271079,0.006604178156911247,HD 10361,1.303,0.77,8,7
HD 10361_1,0.7536388583354878,0.002558272061561182,HD 10361,1.303,0.77,8,7
HD 10361_1,0.7565795448326811,0.013559604606703364,HD 10361,1.303,0.77,8,7
HD 10361_1,0.7552900467433583,0.005823029049031318,HD 10361,1.303,0.77,8,7
HD 10361_1,0.7554783669252078,0.010153269801523661,HD 10361,1.303,0.77,8,7
HD 10361_1,0.7558640452579816,0.010505603146368697,HD 10361,1.303,0.77,8,7
HD 10361_1,0.7551488745159325,0.0255625630512031,HD 10361,1.303,0.77,8,7
HD 10361_1,0.7556830491412083,0.015152275726009468,HD 10361,1.303,0.77,8,7
HD 10361_1,0.7539400155944209,0.005654776057287154,HD 10361,1.303,0.77,8,7
HD 10361_1,0.7590478644114381,0.04539440916638612,HD 10361,1.303,0.77,8,7
HD 10361_1,0.756201639434971,0.0010610295299770195,HD 10361,1.303,0.77,8,7
HD 10361_1,0.7578080926457768,0.006607619923307975,HD 10361,1.303,0.77,8,7
HD 10361_1,0.7576683844503039,0.012840340267850938,HD 10361,1.303,0.77,8,7
HD 10361_1,0.7573200648851856,0.02431384683474249,HD 10361,1.303,0.77,8,7
HD 10361_1,0.7600690389321009,0.0019127052554634677,HD 10361,1.303,0.77,8,7
HD 10361_1,0.7561627825639203,0.0016263212785713344,HD 10361,1.303,0.77,8,7
HD 10361_1,0.7558023063337324,0.02240109682672807,HD 10361,1.303,0.77,8,7
HD 10361_1,0.7548569832740408,0.0033803716554866117,HD 10361,1.303,0.77,8,7
HD 10361_1,0.7566723630561593,0.028557477560196554,HD 10361,1.303,0.77,8,7
HD 10361_1,0.7575481250357976,0.027053127098077705,HD 10361,1.303,0.77,8,7
HD 10361_1,0.7582775581132285,0.033553530825372414,HD 10361,1.303,0.77,8,7
HD 10361_1,0.7515707789799347,0.01427298475716073,HD 10361,1.303,0.77,8,7
HD 10361_1,0.7568381432579547,0.004093466699869663,HD 10361,1.303,0.77,8,7
HD 10361_1,0.7601700614988702,0.010842106145183538,HD 10361,1.303,0.77,8,7
HD 10361_1,0.7579268382066761,0.011455732866613224,HD 10361,1.303,0.77,8,7
HD 10361_1,0.7573738186348598,0.04619304992149619,HD 10361,1.303,0.77,8,7
HD 10361_1,0.7571164597495694,0.0015492640379550131,HD 10361,1.303,0.77,8,7
HD 10361_1,0.7572250769715289,0.0007307847181376639,HD 10361,1.303,0.77,8,7
HD 10361_1,0.7546982796954895,0.01796777521930368,HD 10361,1.303,0.77,8,7
HD 10361_1,0.7534431282720998,0.01616644378179454,HD 10361,1.303,0.77,8,7
HD 10361_1,0.758466378972473,0.04291719508009384,HD 10361,1.303,0.77,8,7
HD 10361_1,0.7543309592165738,0.016463429115759404,HD 10361,1.303,0.77,8,7
HD 10361_1,0.7558325533667511,0.02107893592758467,HD 10361,1.303,0.77,8,7
HD 10361_1,0.7556196529227895,0.02142141603886217,HD 10361,1.303,0.77,8,7
HD 10361_1,0.7545133068496808,0.007082952688287984,HD 10361,1.303,0.77,8,7
HD 10361_1,0.7571274373413566,0.0038735683745603254,HD 10361,1.303,0.77,8,7
HD 10361_1,0.7580400302015734,0.02009605963814757,HD 10361,1.303,0.77,8,7
HD 10361_1,0.75572130882506,0.008510688976850958,HD 10361,1.303,0.77,8,7
HD 10361_1,0.7578095436351426,0.02198309418512922,HD 10361,1.303,0.77,8,7
HD 10361_1,0.7555857667353659,0.025255384857380506,HD 10361,1.303,0.77,8,7
HD 10361_1,0.7561496227877595,0.026488797061571947,HD 10361,1.303,0.77,8,7
HD 10361_1,0.760620422135223,0.04109105455569752,HD 10361,1.303,0.77,8,7
HD 10361_1,0.7559262419709127,0.011346092632269895,HD 10361,1.303,0.77,8,7
HD 10361_1,0.75411114613827,0.012192971398888449,HD 10361,1.303,0.77,8,7
HD 10361_1,0.7564591278640592,0.015384400932212463,HD 10361,1.303,0.77,8,7
HD 10361_1,0.7559104514806788,0.0011677002931605746,HD 10361,1.303,0.77,8,7
HD 10361_1,0.7530750634840161,0.01671971459437897,HD 10361,1.303,0.77,8,7
HD 10361_1,0.7581608562479122,0.01277413796911053,HD 10361,1.303,0.77,8,7
HD 10361_1,0.755676051365874,0.0027757267555130923,HD 10361,1.303,0.77,8,7
HD 10361_1,0.7556696199780372,0.0012390410466978116,HD 10361,1.303,0.77,8,7
HD 10361_1,0.7549091717306746,0.012745762427444934,HD 10361,1.303,0.77,8,7
HD 10361_1,0.7570768963105196,0.013741889270337836,HD 10361,1.303,0.77,8,7
HD 10361_1,0.7579766056076824,0.0009112505729693132,HD 10361,1.303,0.77,8,7
HD 10361_1,0.7576744959427948,0.006102208637863076,HD 10361,1.303,0.77,8,7
HD 10361_1,0.7551189948130882,0.004084725229827814,HD 10361,1.303,0.77,8,7
HD 10361_1,0.7590163222589399,0.016856304071895204,HD 10361,1.303,0.77,8,7
HD 10361_1,0.7604735005909189,0.024263954508062187,HD 10361,1.303,0.77,8,7
HD 10361_1,0.7575467887871684,0.0025478448414383266,HD 10361,1.303,0.77,8,7
HD 10361_1,0.7522818172681249,0.009546390866454727,HD 10361,1.303,0.77,8,7
HD 10361_1,0.7535273170370368,9.181888518697365e-05,HD 10361,1.303,0.77,8,7
HD 10361_1,0.7571729724225147,0.0035969248058070015,HD 10361,1.303,0.77,8,7
HD 10361_1,0.7581109451278062,0.0017840217121971938,HD 10361,1.303,0.77,8,7
HD 10361_1,0.7555887651664196,0.02605557025969404,HD 10361,1.303,0.77,8,7
HD 10361_1,0.7587116538558597,0.0015565460344346754,HD 10361,1.303,0.77,8,7
HD 10361_1,0.7573272304858469,0.023941497482587736,HD 10361,1.303,0.77,8,7
HD 10361_1,0.7571037734965169,0.001908210679504761,HD 10361,1.303,0.77,8,7
HD 10361_1,0.7577192952664946,0.02237832099118231,HD 10361,1.303,0.77,8,7
HD 10361_1,0.7613035747621866,0.03863719578335174,HD 10361,1.303,0.77,8,7
HD 10361_1,0.7552353343080325,0.005546745100040672,HD 10361,1.303,0.77,8,7
HD 10361_1,0.7549267290061629,0.005369296938703582,HD 10361,1.303,0.77,8,7
HD 10361_1,0.7559016440212813,0.01856667380767299,HD 10361,1.303,0.77,8,7
HD 10361_1,0.7543407471596002,0.05631689097970208,HD 10361,1.303,0.77,8,7
HD 10361_1,0.7507286526256249,0.009066510130764436,HD 10361,1.303,0.77,8,7
HD 10361_1,0.7599442275688808,0.030321427121741146,HD 10361,1.303,0.77,8,7
HD 10361_1,0.7563548726777334,0.013344664135943781,HD 10361,1.303,0.77,8,7
HD 10361_1,0.7591285832673422,0.04032897761068131,HD 10361,1.303,0.77,8,7
HD 10361_1,0.757669837130799,0.007506905321546922,HD 10361,1.303,0.77,8,7
HD 10361_1,0.7503985358054756,0.005085465784986549,HD 10361,1.303,0.77,8,7
HD 10361_1,0.7577331018748072,0.009345972722184065,HD 10361,1.303,0.77,8,7
HD 10361_1,0.7532248039095341,0.016200441739523178,HD 10361,1.303,0.77,8,7
HD 10361_1,0.7550804859213781,0.008567677782436521,HD 10361,1.303,0.77,8,7
HD 10361_1,0.7579788918622533,0.008823552603115134,HD 10361,1.303,0.77,8,7
HD 10361_1,0.7574058120469397,0.01777535895951209,HD 10361,1.303,0.77,8,7
HD 10361_1,0.756220093907273,0.016960939795889314,HD 10361,1.303,0.77,8,7
HD 10361_1,0.756458980881908,0.014708539785037878,HD 10361,1.303,0.77,8,7
HD 10361_1,0.7579732276357676,0.044827453108005996,HD 10361,1.303,0.77,8,7
HD 10361_1,0.7556417964613064,0.023879387225121007,HD 10361,1.303,0.77,8,7
HD 10361_1,0.757877557105709,0.004835571492748935,HD 10361,1.303,0.77,8,7
HD 10361_1,0.7555025416376442,0.0009794483937375412,HD 10361,1.303,0.77,8,7
HD 10361_1,0.7552366940509005,0.008564286369235837,HD 10361,1.303,0.77,8,7
HD 10361_1,0.7567717531391929,0.018483347234640898,HD 10361,1.303,0.77,8,7
HD 10361_1,0.7575017367543135,0.016130285511599816,HD 10361,1.303,0.77,8,7
HD 10361_1,0.7559801011907086,0.018614020655366104,HD 10361,1.303,0.77,8,7
HD 10361_1,0.7575431046664707,0.007616600812552969,HD 10361,1.303,0.77,8,7
HD 10361_1,0.7557441256322193,0.007798283156567222,HD 10361,1.303,0.77,8,7
HD 10361_1,0.7524080684357504,0.002100993083815743,HD 10361,1.303,0.77,8,7
HD 10361_1,0.7533151905663361,0.013717669919282437,HD 10361,1.303,0.77,8,7
HD 10361_1,0.76019820255711,0.015315754527219243,HD 10361,1.303,0.77,8,7
HD 10361_1,0.7594892714435832,0.018076560722993254,HD 10361,1.303,0.77,8,7
HD 10361_1,0.7573389842274957,0.002687979463607255,HD 10361,1.303,0.77,8,7
HD 10361_1,0.7577396595940636,0.012519492059110392,HD 10361,1.303,0.77,8,7
HD 10361_1,0.7562500493933558,0.0069927476806084,HD 10361,1.303,0.77,8,7
HD 10361_1,0.7543657820109905,0.013288525407254417,HD 10361,1.303,0.77,8,7
HD 10361_1,0.7591138970860317,0.005332044648624137,HD 10361,1.303,0.77,8,7
HD 10361_1,0.7552041942112464,0.0011856710067328392,HD 10361,1.303,0.77,8,7
HD 10361_1,0.7580646678441003,0.03219417895861583,HD 10361,1.303,0.77,8,7
HD 10361_1,0.7526491239049673,0.0034717813667639215,HD 10361,1.303,0.77,8,7
HD 10361_1,0.758325783531807,0.0074151041037849325,HD 10361,1.303,0.77,8,7
HD 10361_1,0.7575331128861105,0.019126749882749552,HD 10361,1.303,0.77,8,7
HD 10361_1,0.7565884209054358,0.009199276107020505,HD 10361,1.303,0.77,8,7
HD 10361_1,0.7583356477100631,0.056774970950886613,HD 10361,1.303,0.77,8,7
HD 10361_1,0.754008615378115,0.023333307437159216,HD 10361,1.303,0.77,8,7
HD 10361_1,0.7604112136225184,0.008515894465833406,HD 10361,1.303,0.77,8,7
HD 10361_1,0.7536532335009607,0.004056184366449249,HD 10361,1.303,0.77,8,7
HD 10361_1,0.7574676993701523,0.007298446593499841,HD 10361,1.303,0.77,8,7
HD 10361_1,0.75602897062116,0.005147699195650904,HD 10361,1.303,0.77,8,7
HD 10361_1,0.7565125219029285,0.021943532093860622,HD 10361,1.303,0.77,8,7
HD 10361_1,0.7571588144268696,0.004644187772784372,HD 10361,1.303,0.77,8,7
HD 10361_1,0.7580163029431174,0.007429829713615614,HD 10361,1.303,0.77,8,7
HD 10361_1,0.7553776283929986,0.02712380115960926,HD 10361,1.303,0.77,8,7
HD 10361_1,0.756112185489746,0.03385764583685538,HD 10361,1.303,0.77,8,7
HD 10361_1,0.7589048244864559,0.0026570820648063624,HD 10361,1.303,0.77,8,7
HD 10361_1,0.757937741006079,0.02490643813247671,HD 10361,1.303,0.77,8,7
HD 10361_1,0.756309995189659,0.0012177218129189647,HD 10361,1.303,0.77,8,7
HD 10361_1,0.7554230211550342,0.0005350558393761658,HD 10361,1.303,0.77,8,7
HD 10361_1,0.7525095846635101,0.0001323562961901975,HD 10361,1.303,0.77,8,7
HD 10361_1,0.759511843775578,0.022142508772630222,HD 10361,1.303,0.77,8,7
HD 10361_1,0.7546156903964131,0.00504351853127668,HD 10361,1.303,0.77,8,7
HD 10361_1,0.7555840691816226,0.012634457245979917,HD 10361,1.303,0.77,8,7
HD 10361_1,0.7583984957294604,0.031047661339384094,HD 10361,1.303,0.77,8,7
HD 10361_1,0.7579403714770119,0.014339798583830962,HD 10361,1.303,0.77,8,7
HD 10361_1,0.7578444282325204,0.04883458925851477,HD 10361,1.303,0.77,8,7
HD 10361_1,0.7552380091430992,0.00895180425021919,HD 10361,1.303,0.77,8,7
HD 10361_1,0.7583428244654248,0.015216857554830647,HD 10361,1.303,0.77,8,7
HD 10361_1,0.7582935902024667,0.0022028376506034,HD 10361,1.303,0.77,8,7
HD 10361_1,0.7561167603713217,0.0049465475267470565,HD 10361,1.303,0.77,8,7
HD 10361_1,0.7563091541842427,0.019744842900946,HD 10361,1.303,0.77,8,7
HD 10361_1,0.7588067147618837,0.01743898830965901,HD 10361,1.303,0.77,8,7
HD 10361_1,0.7568893768815685,0.021956849610350847,HD 10361,1.303,0.77,8,7
HD 10361_1,0.7598540421792624,0.0068341734118004364,HD 10361,1.303,0.77,8,7
HD 10361_1,0.7569973313216074,0.006763361030923213,HD 10361,1.303,0.77,8,7
HD 10361_1,0.7550237506902674,0.00968287038350387,HD 10361,1.303,0.77,8,7
HD 10361_1,0.7577105020252447,0.019235641708444943,HD 10361,1.303,0.77,8,7
HD 10361_1,0.7583431384333552,0.017863973472828823,HD 10361,1.303,0.77,8,7
HD 10361_1,0.757848969391007,0.010540437368618804,HD 10361,1.303,0.77,8,7
HD 10361_1,0.7534095987273902,0.011420755153261498,HD 10361,1.303,0.77,8,7
HD 10361_1,0.7568755305680727,0.01680992797021861,HD 10361,1.303,0.77,8,7
HD 10361_1,0.7587007236009609,0.01823524955315993,HD 10361,1.303,0.77,8,7
HD 10361_1,0.7575280586510797,0.022838537743665746,HD 10361,1.303,0.77,8,7
HD 10361_1,0.7586319580696099,0.021222500311452588,HD 10361,1.303,0.77,8,7
HD 10361_1,0.7556469640317921,0.023329800966689223,HD 10361,1.303,0.77,8,7
HD 10361_1,0.7570044565651707,0.014417703727911041,HD 10361,1.303,0.77,8,7
HD 10361_1,0.7553449505998495,0.009963734205132852,HD 10361,1.303,0.77,8,7
HD 10361_1,0.7596085014939659,0.023509554329519983,HD 10361,1.303,0.77,8,7
HD 10361_1,0.761238453821361,0.022381106263017023,HD 10361,1.303,0.77,8,7
