PlanetID,StarName,SMA_AU,ecc,Rp_REarth,Mp_MEarth,d_pc,M_sol,L_sol,Sep,PA,3dDist,PhaseFunc,PlanetContrast,tReq_s,tReq_hr,Cp_e_s,Cb_e_s,Csp_e_s,DetStatus_Ideal,DetStatus_ETC_3hr,DetStatus_ETC_12hr,DetStatus_ETC_24hr,DetStatus,NDet,NObs,LastObs
HD 142860_0,HD 142860,0.405,0.081,2.385,6.459,11.254,1.25,3.039,,,0.432647,0.036004,7.520638600779662e-10,inf,inf,0.0,inf,inf,0,0,0,0,0,0,1,2035.0
HD 142860_2,HD 142860,3.184,0.073,1.146,0.989,11.254,1.25,3.039,,,3.137289,0.489767,4.503864553858018e-11,inf,inf,0.0,inf,inf,0,0,0,0,0,0,1,2035.0
HD 142860_3,HD 142860,0.465,0.068,1.963,1.786,11.254,1.25,3.039,,,0.448867,0.456699,6.0037977849673825e-09,inf,inf,0.0,inf,inf,0,0,0,0,0,0,1,2035.0
HD 142860_5,HD 142860,0.92,0.074,2.443,8.017,11.254,1.25,3.039,0.061553,171.593326,0.852826,0.077624,4.944440726794452e-10,213.53572772340317,0.05931547992316755,0.6146403701478599,1.0266287647076355,0.0048678246664198635,1,1,1,1,1,1,1,2035.0
HD 142860_6,HD 142860,0.627,0.092,3.102,5.436,11.254,1.25,3.039,,,0.683736,0.013926,1.5336171896535586e-10,inf,inf,0.0,inf,inf,0,0,0,0,0,0,1,2035.0
HD 30652_0,HD 30652,0.357,0.032,0.524,0.119,8.068,1.25,2.71,,,0.365625,0.127961,1.9543568336978538e-10,inf,inf,0.0,inf,inf,0,0,0,0,0,0,1,2035.00274
HD 30652_1,HD 30652,3.379,0.099,2.314,9.159,8.068,1.25,2.71,,,3.373807,0.062634,2.3459249596821392e-11,inf,inf,0.0,inf,inf,0,0,0,0,0,0,1,2035.00274
HD 30652_2,HD 30652,1.418,0.081,1.563,7.047,8.068,1.25,2.71,,,1.445627,0.039208,3.92354833672723e-11,inf,inf,0.0,inf,inf,0,0,0,0,0,0,1,2035.00274
HD 30652_3,HD 30652,3.27,0.133,2.129,5.731,8.068,1.25,2.71,,,3.338083,0.229225,6.984265033971411e-11,inf,inf,0.0,inf,inf,0,0,0,0,0,0,1,2035.00274
HD 30652_4,HD 30652,2.754,0.119,2.49,10.16,8.068,1.25,2.71,,,3.074987,0.071549,2.2973713260105044e-11,inf,inf,0.0,inf,inf,0,0,0,0,0,0,1,2035.00274
HD 22484_0,HD 22484,0.838,0.146,1.142,1.607,13.92,1.14,3.068,,,0.82237,0.380818,4.79479479612343e-10,inf,inf,0.0,inf,inf,0,0,0,0,0,0,1,2035.005479
HD 22484_1,HD 22484,1.12,0.109,1.996,7.679,13.92,1.14,3.068,0.068912,140.959757,1.1856,0.071022,1.3580964220550964e-10,2586.7431267225543,0.7185397574229317,0.1321358622379751,0.7644080002644912,0.0031196862367989004,1,1,1,1,1,1,1,2035.005479
HD 22484_2,HD 22484,0.469,0.117,1.765,3.166,13.92,1.14,3.068,,,0.504336,0.050543,4.4571292921994e-10,inf,inf,0.0,inf,inf,0,0,0,0,0,0,1,2035.005479
HD 22484_5,HD 22484,4.456,0.081,0.516,0.034,13.92,1.14,3.068,,,4.137663,0.021204,2.416247938953878e-13,inf,inf,0.0,inf,inf,0,0,0,0,0,0,1,2035.005479
HD 22484_7,HD 22484,3.201,0.074,0.943,1.501,13.92,1.14,3.068,,,2.977818,0.342381,2.758620851087627e-11,inf,inf,0.0,inf,inf,0,0,0,0,0,0,1,2035.005479
HD 128167_0,HD 128167,1.283,0.14,1.15,1.29,15.756,1.39,3.182,0.060285,272.746349,1.106751,0.504977,3.82675087444938e-10,506.4060574753338,0.14066834929870384,0.31321687511952023,0.6970663168564945,0.0026707416807455883,1,1,1,1,1,1,1,2035.008219
HD 128167_2,HD 128167,3.433,0.063,1.328,2.483,15.756,1.39,3.182,,,3.265706,0.123025,1.058932731995132e-11,inf,inf,0.0,inf,inf,0,0,0,0,0,0,1,2035.008219
HD 128167_3,HD 128167,4.878,0.117,2.132,5.678,15.756,1.39,3.182,,,5.402613,0.34073,3.127612664272281e-11,inf,inf,0.0,inf,inf,0,0,0,0,0,0,1,2035.008219
HD 128167_4,HD 128167,1.323,0.044,1.923,2.477,15.756,1.39,3.182,,,1.374824,0.056098,8.618957127653539e-11,inf,inf,0.0,inf,inf,0,0,0,0,0,0,1,2035.008219
HD 142373_0,HD 142373,1.268,0.168,0.757,0.148,15.898,1.08,3.136,0.065657,50.981833,1.480966,0.760182,1.4120726101967647e-10,3841.368799605132,1.0670468887792033,0.09915021933989944,0.6501744657502658,0.002358129340037398,1,1,1,1,1,1,1,2035.010959
HD 142373_1,HD 142373,1.76,0.092,0.868,0.535,15.898,1.08,3.136,,,1.623932,0.157206,2.793946854462918e-11,inf,inf,0.0,inf,inf,0,0,0,0,0,0,1,2035.010959
HD 142373_2,HD 142373,0.834,0.129,2.923,6.259,15.898,1.08,3.136,,,0.729161,0.395392,4.517276240412954e-09,inf,inf,0.0,inf,inf,0,0,0,0,0,0,1,2035.010959
HD 142373_4,HD 142373,1.161,0.006,1.265,2.536,15.898,1.08,3.136,0.072509,267.280046,1.154264,0.33616,3.6540055345090096e-10,502.49189039551237,0.1395810806654201,0.29964647047809845,0.6188032633956136,0.0021489879910063835,1,1,1,1,1,1,1,2035.010959
HD 142373_6,HD 142373,4.705,0.105,0.947,0.923,15.898,1.08,3.136,,,4.972352,0.35739,8.36989624796797e-12,inf,inf,0.0,inf,inf,0,0,0,0,0,0,1,2035.010959
HD 142373_7,HD 142373,1.878,0.051,2.611,6.816,15.898,1.08,3.136,0.095347,355.526178,1.826648,0.671025,8.056377992435813e-10,94.71400704462522,0.026309446401284783,0.824850549521582,0.4901215109686966,0.0012911096414936032,1,1,1,1,1,1,1,2035.010959
HD 142373_8,HD 142373,3.092,0.053,1.805,7.326,15.898,1.08,3.136,0.179437,107.614889,3.097194,0.538987,1.241708609223835e-10,1271.5351703384479,0.3532042139829022,0.14758302488398017,0.41680232662455385,0.0008023150791993181,1,1,1,1,1,1,1,2035.010959
HD 134083_0,HD 134083,0.116,0.07,1.9,7.058,19.536,1.33,3.255,,,0.109549,0.781009,1.619143293412573e-07,inf,inf,0.0,inf,inf,0,0,0,0,0,0,1,2035.013699
HD 134083_1,HD 134083,0.36,0.097,1.358,2.746,19.536,1.33,3.255,,,0.362146,0.710756,5.854736801470269e-09,inf,inf,0.0,inf,inf,0,0,0,0,0,0,1,2035.013699
HD 134083_3,HD 134083,0.749,0.13,0.881,0.684,19.536,1.33,3.255,,,0.845255,0.075785,5.2111717277282015e-11,inf,inf,0.0,inf,inf,0,0,0,0,0,0,1,2035.013699
HD 134083_4,HD 134083,0.959,0.114,0.591,0.338,19.536,1.33,3.255,,,1.058106,0.080873,1.981348818513005e-11,inf,inf,0.0,inf,inf,0,0,0,0,0,0,1,2035.013699
HD 23249_0,HD 23249,2.38,0.039,0.804,0.586,9.089,0.87,2.941,,,2.454617,0.741009,5.248330947314573e-11,inf,inf,0.0,inf,inf,0,0,0,0,0,0,1,2035.016438
HD 23249_1,HD 23249,2.348,0.031,1.487,3.029,9.089,0.87,2.941,,,2.317957,0.035053,1.0412788630531742e-11,inf,inf,0.0,inf,inf,0,0,0,0,0,0,1,2035.016438
HD 38393_0,HD 38393,0.205,0.072,1.088,1.383,8.905,1.23,2.344,,,0.19305,0.566221,1.4319206257172489e-08,inf,inf,0.0,inf,inf,0,0,0,0,0,0,1,2035.019178
HD 38393_1,HD 38393,3.39,0.099,0.656,0.073,8.905,1.23,2.344,,,3.695019,0.169218,4.043418137956943e-12,inf,inf,0.0,inf,inf,0,0,0,0,0,0,1,2035.019178
HD 38393_3,HD 38393,0.355,0.086,1.549,2.098,8.905,1.23,2.344,,,0.337609,0.759401,1.3481876041263173e-08,inf,inf,0.0,inf,inf,0,0,0,0,0,0,1,2035.019178
HD 38393_4,HD 38393,4.373,0.052,1.208,1.876,8.905,1.23,2.344,,,4.168474,0.051022,3.559220152566855e-12,inf,inf,0.0,inf,inf,0,0,0,0,0,0,1,2035.019178
HD 693_0,HD 693,1.045,0.058,1.136,2.579,18.886,1.18,2.997,,,0.999517,0.101349,8.476526720451199e-11,inf,inf,0.0,inf,inf,0,0,0,0,0,0,1,2035.021918
HD 693_1,HD 693,0.139,0.106,2.768,7.407,18.886,1.18,2.997,,,0.152861,0.089447,1.9947405390078544e-08,inf,inf,0.0,inf,inf,0,0,0,0,0,0,1,2035.021918
HD 693_3,HD 693,1.448,0.069,1.975,3.042,18.886,1.18,2.997,0.061912,237.240332,1.547902,0.73119,6.563017633144024e-10,455.4075651631092,0.126502101434197,0.30830971088012754,0.5735789496507779,0.001847492566040812,1,1,1,1,1,1,1,2035.021918
HD 693_4,HD 693,1.744,0.105,1.392,2.348,18.886,1.18,2.997,0.083605,128.321977,1.574394,0.249796,1.0978678939759812e-10,4533.9068302433325,1.2594185639564812,0.07925967502454133,0.4941398322243757,0.0013178984498647972,1,1,1,1,1,1,1,2035.021918
HD 693_5,HD 693,2.909,0.1,1.423,2.794,18.886,1.18,2.997,,,3.015943,0.013511,2.2256881322594466e-12,inf,inf,0.0,inf,inf,0,0,0,0,0,0,1,2035.021918
HD 693_6,HD 693,2.914,0.024,0.574,0.316,18.886,1.18,2.997,,,2.98287,0.846365,2.506704115789648e-11,inf,inf,0.0,inf,inf,0,0,0,0,0,0,1,2035.021918
HD 693_7,HD 693,3.93,0.01,2.298,5.004,18.886,1.18,2.997,,,3.969294,0.031078,6.650054022793778e-12,inf,inf,0.0,inf,inf,0,0,0,0,0,0,1,2035.021918
HD 17206_0,HD 17206,1.742,0.09,0.885,1.25,14.276,1.21,2.617,,,1.786736,0.179113,2.9727190453859336e-11,inf,inf,0.0,inf,inf,0,0,0,0,0,0,1,2035.024658
HD 17206_1,HD 17206,0.879,0.039,2.253,5.781,14.276,1.21,2.617,,,0.91328,0.013639,6.563684955098745e-11,inf,inf,0.0,inf,inf,0,0,0,0,0,0,1,2035.024658
HD 17206_2,HD 17206,0.485,0.035,0.762,0.888,14.276,1.21,2.617,,,0.470057,0.005168,9.803077593652868e-12,inf,inf,0.0,inf,inf,0,0,0,0,0,0,1,2035.024658
HD 210302_0,HD 210302,0.937,0.087,1.293,2.482,18.458,1.25,2.918,,,0.954436,0.503574,6.101276005220982e-10,inf,inf,0.0,inf,inf,0,0,0,0,0,0,1,2035.027397
HD 210302_1,HD 210302,0.316,0.034,0.672,0.291,18.458,1.25,2.918,,,0.306249,0.007279,2.326479823435873e-11,inf,inf,0.0,inf,inf,0,0,0,0,0,0,1,2035.027397
HD 210302_2,HD 210302,0.162,0.125,0.82,0.565,18.458,1.25,2.918,,,0.142052,0.070792,1.4075668709016217e-09,inf,inf,0.0,inf,inf,0,0,0,0,0,0,1,2035.027397
HD 210302_3,HD 210302,0.925,0.123,2.909,15.97,18.458,1.25,2.918,,,1.000176,0.016229,1.1852051416210568e-10,inf,inf,0.0,inf,inf,0,0,0,0,0,0,1,2035.027397
HD 210302_4,HD 210302,1.629,0.122,1.727,5.061,18.458,1.25,2.918,,,1.440418,0.902798,1.007382435326468e-09,inf,inf,0.0,inf,inf,0,0,0,0,0,0,1,2035.027397
HD 128620_0,HD 128620,1.567,0.074,0.945,0.738,1.332,1.11,1.521,,,1.455128,0.006319,1.9478893001607413e-12,inf,inf,0.0,inf,inf,0,0,0,0,0,0,1,2035.030137
HD 128620_1,HD 128620,1.266,0.016,1.198,6.221,1.332,1.11,1.521,0.760463,96.47025,1.273126,0.684182,3.702747041464908e-10,2.02307095526082,0.0005619641542391167,30.998670869295708,8.668587585131624,0.05581421680257977,1,1,1,1,1,1,1,2035.030137
HD 43386_0,HD 43386,2.541,0.037,0.504,0.177,19.588,1.33,2.957,,,2.632955,0.000594,1.469121677527874e-14,inf,inf,0.0,inf,inf,0,0,0,0,0,0,1,2035.032877
HD 43386_1,HD 43386,1.141,0.101,1.584,2.873,19.588,1.33,2.957,,,1.236788,0.141035,1.2796680880160935e-10,inf,inf,0.0,inf,inf,0,0,0,0,0,0,1,2035.032877
HD 43386_3,HD 43386,0.289,0.045,1.072,0.429,19.588,1.33,2.957,,,0.28739,0.863971,9.85455544065577e-09,inf,inf,0.0,inf,inf,0,0,0,0,0,0,1,2035.032877
HD 19373_0,HD 19373,0.74,0.034,3.212,9.93,10.577,1.08,2.23,0.060711,152.276262,0.738628,0.59568,1.0296619556682117e-08,4.91933071671743,0.0013664807546437305,10.790934318799241,0.8993503346751798,0.004019301799536824,1,1,1,1,1,1,1,2035.035616
HD 19373_2,HD 19373,0.724,0.048,1.483,3.085,10.577,1.08,2.23,0.068786,171.480982,0.694189,0.258385,9.431572488579661e-10,80.2798449798825,0.02229995693885625,1.1028172501698177,0.888520186749636,0.003947100813366532,1,1,1,1,1,1,1,2035.035616
HD 19373_3,HD 19373,0.676,0.061,1.037,1.075,10.577,1.08,2.23,,,0.64393,0.882823,1.8852170007754137e-09,inf,inf,0.0,inf,inf,0,0,0,0,0,0,1,2035.035616
HD 19373_6,HD 19373,0.114,0.04,2.433,8.086,10.577,1.08,2.23,,,0.116592,0.865264,2.1594075408103156e-07,inf,inf,0.0,inf,inf,0,0,0,0,0,0,1,2035.035616
HD 19373_7,HD 19373,2.87,0.048,1.622,2.945,10.577,1.08,2.23,,,2.98249,0.229034,4.877365650663986e-11,inf,inf,0.0,inf,inf,0,0,0,0,0,0,1,2035.035616
HD 16895 A_0,HD 16895 A,3.595,0.047,2.816,7.544,11.15,1.21,2.246,,,3.744134,0.113502,4.7043396335619456e-11,inf,inf,0.0,inf,inf,0,0,0,0,0,0,1,2035.038356
HD 16895 A_4,HD 16895 A,4.424,0.091,1.274,1.913,11.15,1.21,2.246,,,4.202529,0.061864,3.2170919621771216e-12,inf,inf,0.0,inf,inf,0,0,0,0,0,0,1,2035.038356
HD 16895 A_5,HD 16895 A,1.554,0.05,3.144,9.969,11.15,1.21,2.246,0.094992,95.733005,1.529049,0.047057,1.1907181612287517e-10,966.8203307547556,0.2685612029874321,0.19880682015731965,0.577647699923017,0.001874617567855739,1,1,1,1,1,1,1,2035.038356
HD 16895 A_6,HD 16895 A,0.108,0.029,0.508,0.042,11.15,1.21,2.246,,,0.109469,0.142136,2.647997378089621e-09,inf,inf,0.0,inf,inf,0,0,0,0,0,0,1,2035.038356
HD 84737_0,HD 84737,0.596,0.087,1.352,1.551,18.823,1.08,2.795,,,0.624646,0.004942,1.4317002576124991e-11,inf,inf,0.0,inf,inf,0,0,0,0,0,0,1,2035.041096
HD 84737_1,HD 84737,3.025,0.071,1.189,1.926,18.823,1.08,2.795,,,2.826395,0.778704,7.472974369718436e-11,inf,inf,0.0,inf,inf,0,0,0,0,0,0,1,2035.041096
HD 84737_2,HD 84737,1.078,0.014,1.079,0.698,18.823,1.08,2.795,,,1.071511,0.024516,1.871104151402317e-11,inf,inf,0.0,inf,inf,0,0,0,0,0,0,1,2035.041096
HD 84737_3,HD 84737,3.774,0.025,0.833,0.848,18.823,1.08,2.795,,,3.686831,0.290024,1.1250812006951119e-11,inf,inf,0.0,inf,inf,0,0,0,0,0,0,1,2035.041096
HD 84737_4,HD 84737,0.254,0.074,3.133,13.741,18.823,1.08,2.795,,,0.235227,0.695311,8.702131655097281e-08,inf,inf,0.0,inf,inf,0,0,0,0,0,0,1,2035.041096
HD 84737_5,HD 84737,2.993,0.205,0.508,0.086,18.823,1.08,2.795,,,3.123123,0.379236,6.205332564331719e-12,inf,inf,0.0,inf,inf,0,0,0,0,0,0,1,2035.041096
HD 187691 A_0,HD 187691 A,3.127,0.076,1.475,4.454,19.488,1.25,2.835,,,3.053369,0.174714,2.7211533515459882e-11,inf,inf,0.0,inf,inf,0,0,0,0,0,0,1,2035.043836
HD 187691 A_1,HD 187691 A,2.61,0.091,1.018,1.386,19.488,1.25,2.835,,,2.608429,0.03606,4.203676014512143e-12,inf,inf,0.0,inf,inf,0,0,0,0,0,0,1,2035.043836
HD 187691 A_2,HD 187691 A,3.249,0.037,0.764,1.364,19.488,1.25,2.835,,,3.367534,0.872771,3.1122799707968537e-11,inf,inf,0.0,inf,inf,0,0,0,0,0,0,1,2035.043836
HD 187691 A_3,HD 187691 A,2.018,0.038,2.654,10.557,19.488,1.25,2.835,,,2.086694,0.016744,1.75862163288059e-11,inf,inf,0.0,inf,inf,0,0,0,0,0,0,1,2035.043836
HD 43042_0,HD 43042,4.095,0.078,0.558,0.185,21.776,1.29,2.936,,,3.821043,0.197966,3.2924211517394773e-12,inf,inf,0.0,inf,inf,0,0,0,0,0,0,1,2035.046575
HD 43042_1,HD 43042,0.434,0.11,0.533,0.05,21.776,1.29,2.936,,,0.400387,0.556194,6.292393708977736e-10,inf,inf,0.0,inf,inf,0,0,0,0,0,0,1,2035.046575
HD 43042_3,HD 43042,0.724,0.14,0.733,0.758,21.776,1.29,2.936,,,0.824532,0.902485,5.34238717471208e-10,inf,inf,0.0,inf,inf,0,0,0,0,0,0,1,2035.046575
HD 212330 A_0,HD 212330 A,1.747,0.031,3.281,9.208,20.34,1.02,2.726,0.084334,145.355482,1.698355,0.253853,6.185759345214281e-10,390.6234075629596,0.1085065021008221,0.3032395430454736,0.4295035608286071,0.0008869899738930063,1,1,1,1,1,1,1,2035.049315
HD 141004_0,HD 141004,2.629,0.092,2.901,8.518,11.916,1.09,2.004,0.191307,153.237193,2.502485,0.560222,5.106647958270014e-10,109.1193973637944,0.03031094371216511,0.7222384013808474,0.43929054521875394,0.0009522365364939854,1,1,1,1,1,1,1,2035.052055
HD 141004_1,HD 141004,0.651,0.071,0.654,0.168,11.916,1.09,2.004,,,0.656727,0.260319,1.6434290253885118e-10,inf,inf,0.0,inf,inf,0,0,0,0,0,0,1,2035.052055
HD 141004_2,HD 141004,4.426,0.098,1.019,2.941,11.916,1.09,2.004,,,4.198056,0.495616,2.2084390418473445e-11,inf,inf,0.0,inf,inf,0,0,0,0,0,0,1,2035.052055
HD 141004_3,HD 141004,4.115,0.06,0.578,0.125,11.916,1.09,2.004,,,4.261654,0.068537,6.74527369952748e-13,inf,inf,0.0,inf,inf,0,0,0,0,0,0,1,2035.052055
HD 141004_4,HD 141004,3.163,0.091,1.732,4.206,11.916,1.09,2.004,,,3.384998,0.524624,8.344959608365512e-11,inf,inf,0.0,inf,inf,0,0,0,0,0,0,1,2035.052055
HD 4614 A_0,HD 4614 A,4.718,0.051,1.358,3.151,5.01,1.14,1.252,,,4.955087,0.122406,7.68691235999488e-12,inf,inf,0.0,inf,inf,0,0,0,0,0,0,1,2035.054795
HD 4614 A_1,HD 4614 A,0.651,0.133,0.728,0.235,5.01,1.14,1.252,0.098038,198.545968,0.736141,0.812754,6.155739474630282e-10,39.71402827816379,0.011031674521712163,1.8279803764310112,0.8796827430571629,0.0038881845220833785,1,1,1,1,1,1,1,2035.054795
HD 4614 A_2,HD 4614 A,2.584,0.017,1.361,2.842,5.01,1.14,1.252,0.412783,320.5628,2.627124,0.68671,1.4339624038589539e-10,222.50480682337013,0.06180689078426948,0.5039447161669135,0.6480447245500015,0.00234393106536897,1,1,1,1,1,1,1,2035.054795
HD 58855_0,HD 58855,3.917,0.055,2.746,11.124,20.402,1.16,2.445,0.119453,237.90951,4.073151,0.833562,2.617912100391048e-10,1124.7268597783557,0.3124241277162099,0.1489780305306607,0.36026127523529916,0.000425374736604287,1,1,1,1,1,1,1,2035.057534
HD 58855_3,HD 58855,0.12,0.023,0.846,0.314,20.402,1.16,2.445,,,0.12084,0.119241,2.914924575330848e-09,inf,inf,0.0,inf,inf,0,0,0,0,0,0,1,2035.057534
HD 58855_4,HD 58855,1.787,0.062,0.53,0.101,20.402,1.16,2.445,,,1.808734,0.99404,5.232088138413457e-11,inf,inf,0.0,inf,inf,0,0,0,0,0,0,1,2035.057534
HD 58855_5,HD 58855,2.753,0.078,0.74,0.361,20.402,1.16,2.445,,,2.917501,0.876246,3.353460397875545e-11,inf,inf,0.0,inf,inf,0,0,0,0,0,0,1,2035.057534
HD 58855_6,HD 58855,3.408,0.008,0.67,0.197,20.402,1.16,2.445,,,3.413368,0.042853,9.19302549762333e-13,inf,inf,0.0,inf,inf,0,0,0,0,0,0,1,2035.057534
HD 58855_7,HD 58855,0.511,0.017,1.169,2.72,20.402,1.16,2.445,,,0.503705,0.202743,8.0012016179342e-10,inf,inf,0.0,inf,inf,0,0,0,0,0,0,1,2035.057534
HD 58855_8,HD 58855,3.679,0.02,1.665,3.725,20.402,1.16,2.445,,,3.703266,0.053392,4.599940630090684e-12,inf,inf,0.0,inf,inf,0,0,0,0,0,0,1,2035.057534
HD 7570_0,HD 7570,3.031,0.054,1.134,3.652,15.261,1.14,2.004,,,2.983836,0.967578,9.15000740483352e-11,inf,inf,0.0,inf,inf,0,0,0,0,0,0,1,2035.060274
HD 7570_1,HD 7570,0.15,0.071,0.941,0.218,15.261,1.14,2.004,,,0.158677,0.034254,1.0290579152283937e-09,inf,inf,0.0,inf,inf,0,0,0,0,0,0,1,2035.060274
HD 7570_2,HD 7570,1.977,0.063,1.73,3.716,15.261,1.14,2.004,,,1.977852,0.096092,4.8400383956624113e-11,inf,inf,0.0,inf,inf,0,0,0,0,0,0,1,2035.060274
HD 7570_3,HD 7570,3.034,0.079,1.364,1.913,15.261,1.14,2.004,,,3.264854,0.660499,7.798917248817873e-11,inf,inf,0.0,inf,inf,0,0,0,0,0,0,1,2035.060274
HD 7570_4,HD 7570,0.569,0.099,0.726,0.483,15.261,1.14,2.004,,,0.625302,0.234033,2.1914070016247838e-10,inf,inf,0.0,inf,inf,0,0,0,0,0,0,1,2035.060274
HD 84117_2,HD 84117,0.48,0.183,0.807,0.707,14.951,1.14,1.977,,,0.467986,0.04116,7.68045856365133e-11,inf,inf,0.0,inf,inf,0,0,0,0,0,0,1,2035.063014
HD 84117_3,HD 84117,2.469,0.127,0.583,0.157,14.951,1.14,1.977,,,2.601376,0.044784,1.713400443573302e-12,inf,inf,0.0,inf,inf,0,0,0,0,0,0,1,2035.063014
HD 84117_5,HD 84117,2.421,0.095,0.605,0.239,14.951,1.14,1.977,,,2.649936,0.516681,1.7925880280904752e-11,inf,inf,0.0,inf,inf,0,0,0,0,0,0,1,2035.063014
HD 190248_1,HD 190248,1.11,0.055,1.408,3.629,6.099,0.94,1.25,0.109264,156.574539,1.154544,0.839368,8.105346974889832e-10,26.54323649689365,0.007373121249137125,2.3586401243439523,0.6547775573880033,0.002388816617622314,1,1,1,1,1,1,1,2035.065753
HD 190248_2,HD 190248,3.754,0.072,1.017,1.24,6.099,0.94,1.25,,,3.993856,0.106884,5.329515735208047e-12,inf,inf,0.0,inf,inf,0,0,0,0,0,0,1,2035.065753
HD 190248_3,HD 190248,1.406,0.139,0.51,0.568,6.099,0.94,1.25,,,1.574129,0.001559,1.1008613579076717e-13,inf,inf,0.0,inf,inf,0,0,0,0,0,0,1,2035.065753
HD 34411_0,HD 34411,0.295,0.082,3.192,8.429,12.562,1.08,1.732,,,0.286191,0.213886,2.2631870809567676e-08,inf,inf,0.0,inf,inf,0,0,0,0,0,0,1,2035.068493
HD 34411_1,HD 34411,1.539,0.078,0.897,0.713,12.562,1.08,1.732,0.100676,107.419664,1.497445,0.609817,1.3731284793222455e-10,1522.1269003890259,0.4228130278858405,0.1356044251623969,0.43432842686166245,0.000919155747446709,1,1,1,1,1,1,1,2035.068493
HD 34411_3,HD 34411,1.691,0.074,0.798,0.808,12.562,1.08,1.732,0.122063,109.550467,1.576445,0.480917,1.0347876755811755e-10,2215.1213997402233,0.6153114999278398,0.10715582319424412,0.41063904855288647,0.0007612265587215358,1,1,1,1,1,1,1,2035.068493
HD 203608_0,HD 203608,2.203,0.092,1.79,3.488,9.258,1.14,1.466,0.195915,47.649507,2.011691,0.552258,3.584396724423453e-10,143.0502131166645,0.03973617031018459,0.6064554566772359,0.4670774836506838,0.001137482792706851,1,1,1,1,1,1,1,2035.071233
HD 203608_1,HD 203608,2.342,0.1,0.502,0.104,9.258,1.14,1.466,,,2.517583,0.954253,3.08959711517337e-11,inf,inf,0.0,inf,inf,0,0,0,0,0,0,1,2035.071233
HD 203608_2,HD 203608,2.74,0.062,1.086,1.189,9.258,1.14,1.466,0.156418,129.857374,2.851379,0.877581,1.0874520265807407e-10,965.8982627545537,0.26830507298737605,0.1815771284669027,0.46708949560805063,0.0011375628724226302,1,1,1,1,1,1,1,2035.071233
HD 203608_5,HD 203608,4.293,0.038,0.929,0.698,9.258,1.14,1.466,,,4.360766,0.099818,4.058770603139827e-12,inf,inf,0.0,inf,inf,0,0,0,0,0,0,1,2035.071233
HD 203608_6,HD 203608,0.526,0.072,0.985,0.486,9.258,1.14,1.466,,,0.491016,0.645917,1.362407961004928e-09,inf,inf,0.0,inf,inf,0,0,0,0,0,0,1,2035.071233
HD 160691_0,HD 160691,1.46,0.051,0.67,0.675,15.604,1.0,1.899,,,1.525619,0.282517,2.687959141208628e-11,inf,inf,0.0,inf,inf,0,0,0,0,0,0,1,2035.073973
HD 160691_1,HD 160691,0.274,0.085,0.88,0.645,15.604,1.0,1.899,,,0.251361,0.574968,5.2018902229036805e-09,inf,inf,0.0,inf,inf,0,0,0,0,0,0,1,2035.073973
HD 160691_2,HD 160691,0.346,0.144,0.58,0.053,15.604,1.0,1.899,,,0.32733,0.49345,1.1070679705292341e-09,inf,inf,0.0,inf,inf,0,0,0,0,0,0,1,2035.073973
HD 160691_3,HD 160691,0.123,0.058,0.556,0.091,15.604,1.0,1.899,,,0.129721,0.896455,1.0423980629073503e-08,inf,inf,0.0,inf,inf,0,0,0,0,0,0,1,2035.073973
HD 160691_4,HD 160691,2.415,0.073,1.777,2.687,15.604,1.0,1.899,0.150969,90.543675,2.31495,0.316008,1.2292584868685425e-10,2818.535131321991,0.7829264253672197,0.08958031722036265,0.37130382037562026,0.0004989917042064277,1,1,1,1,1,1,1,2035.073973
HD 160691_6,HD 160691,2.937,0.058,2.424,6.338,15.604,1.0,1.899,,,3.078793,0.013444,4.594852805660085e-12,inf,inf,0.0,inf,inf,0,0,0,0,0,0,1,2035.073973
HD 160691_7,HD 160691,3.23,0.098,2.375,5.354,15.604,1.0,1.899,,,2.915221,0.073174,3.2150283680704286e-11,inf,inf,0.0,inf,inf,0,0,0,0,0,0,1,2035.073973
HD 114710_0,HD 114710,1.415,0.117,0.681,0.147,9.197,1.11,1.357,,,1.554161,0.572765,7.060477248094005e-11,inf,inf,0.0,inf,inf,0,0,0,0,0,0,1,2035.076712
HD 114710_1,HD 114710,0.314,0.116,0.63,1.142,9.197,1.11,1.357,,,0.280366,0.874584,2.707072721365782e-09,inf,inf,0.0,inf,inf,0,0,0,0,0,0,1,2035.076712
HD 114710_2,HD 114710,2.258,0.018,0.683,0.173,9.197,1.11,1.357,,,2.21752,0.091858,5.9266144112932154e-12,inf,inf,0.0,inf,inf,0,0,0,0,0,0,1,2035.076712
HD 114710_4,HD 114710,0.861,0.053,0.898,0.439,9.197,1.11,1.357,0.090126,42.303831,0.815913,0.37984,2.803870094040598e-10,317.86531793787026,0.0882959216494084,0.3933084758751922,0.608804677078583,0.0020823307488928456,1,1,1,1,1,1,1,2035.076712
HD 114710_5,HD 114710,0.124,0.109,3.108,17.681,9.197,1.11,1.357,,,0.116059,0.958627,3.628290160494662e-07,inf,inf,0.0,inf,inf,0,0,0,0,0,0,1,2035.076712
HD 1581_1,HD 1581,1.541,0.046,2.633,10.663,8.607,1.11,1.262,0.130006,227.28384,1.498888,0.728544,1.1783353186246872e-09,31.536234921220988,0.00876006525589472,1.9316329759923005,0.4697165300061363,0.0011550764350765344,1,1,1,1,1,1,1,2035.079452
HD 1581_2,HD 1581,0.181,0.101,0.988,1.538,8.607,1.11,1.262,,,0.166148,0.006285,1.3220912153132515e-10,inf,inf,0.0,inf,inf,0,0,0,0,0,0,1,2035.079452
HD 1581_3,HD 1581,1.491,0.126,2.76,10.6,8.607,1.11,1.262,,,1.663185,0.024466,5.205546134601801e-11,inf,inf,0.0,inf,inf,0,0,0,0,0,0,1,2035.079452
HD 1581_4,HD 1581,0.208,0.109,2.378,6.033,8.607,1.11,1.262,,,0.211921,0.101696,5.759494791780267e-09,inf,inf,0.0,inf,inf,0,0,0,0,0,0,1,2035.079452
HD 90839_0,HD 90839,3.665,0.022,0.781,0.186,12.945,1.18,1.605,,,3.608088,0.018731,6.971586398181624e-13,inf,inf,0.0,inf,inf,0,0,0,0,0,0,1,2035.082192
HD 90839_1,HD 90839,0.191,0.094,1.403,2.751,12.945,1.18,1.605,,,0.176277,0.162314,6.172476419107694e-09,inf,inf,0.0,inf,inf,0,0,0,0,0,0,1,2035.082192
HD 90839_2,HD 90839,3.378,0.112,1.125,1.619,12.945,1.18,1.605,,,3.312936,0.83692,6.896219921212548e-11,inf,inf,0.0,inf,inf,0,0,0,0,0,0,1,2035.082192
HD 90839_5,HD 90839,0.15,0.051,2.273,4.226,12.945,1.18,1.605,,,0.156414,0.201319,2.1820717491191855e-08,inf,inf,0.0,inf,inf,0,0,0,0,0,0,1,2035.082192
HD 33262 A_0,HD 33262 A,4.098,0.155,0.949,0.422,11.693,1.14,1.466,,,4.599798,0.170209,4.993125478861959e-12,inf,inf,0.0,inf,inf,0,0,0,0,0,0,1,2035.084932
HD 33262 A_1,HD 33262 A,3.3,0.062,1.368,1.583,11.693,1.14,1.466,,,3.448647,0.007715,8.344207669788832e-13,inf,inf,0.0,inf,inf,0,0,0,0,0,0,1,2035.084932
HD 33262 A_2,HD 33262 A,3.337,0.087,0.965,0.502,11.693,1.14,1.466,,,3.51598,0.133229,6.843856889387351e-12,inf,inf,0.0,inf,inf,0,0,0,0,0,0,1,2035.084932
HD 33262 A_4,HD 33262 A,1.015,0.091,2.255,9.306,11.693,1.14,1.466,,,0.97343,0.92334,2.9296450167665897e-09,inf,inf,0.0,inf,inf,0,0,0,0,0,0,1,2035.084932
HD 33262 A_5,HD 33262 A,0.358,0.206,1.487,2.029,11.693,1.14,1.466,,,0.423384,0.12548,9.993788714319512e-10,inf,inf,0.0,inf,inf,0,0,0,0,0,0,1,2035.084932
HD 33262 A_6,HD 33262 A,0.874,0.139,0.646,0.257,11.693,1.14,1.466,,,0.873606,0.063789,2.1381897741760816e-11,inf,inf,0.0,inf,inf,0,0,0,0,0,0,1,2035.084932
HD 33262 A_8,HD 33262 A,0.199,0.101,2.893,13.631,11.693,1.14,1.466,,,0.217154,0.014449,1.5766502730674972e-09,inf,inf,0.0,inf,inf,0,0,0,0,0,0,1,2035.084932
HD 109358_0,HD 109358,0.599,0.064,0.661,0.193,8.473,1.08,1.151,0.069141,227.604207,0.623544,0.341883,3.003141839885411e-10,445.5348216276338,0.12375967267434272,0.34491522989651163,0.7330195043429151,0.0029104295973217263,1,1,1,1,1,1,1,2035.087671
HD 109358_1,HD 109358,0.313,0.024,1.946,4.835,8.473,1.08,1.151,,,0.315814,0.327117,8.06418865463144e-09,inf,inf,0.0,inf,inf,0,0,0,0,0,0,1,2035.087671
HD 109358_3,HD 109358,0.172,0.066,1.409,1.609,8.473,1.08,1.151,,,0.18024,0.046651,2.140580605140945e-09,inf,inf,0.0,inf,inf,0,0,0,0,0,0,1,2035.087671
HD 109358_4,HD 109358,1.488,0.078,0.58,0.237,8.473,1.08,1.151,,,1.429324,0.577911,6.592816849487399e-11,inf,inf,0.0,inf,inf,0,0,0,0,0,0,1,2035.087671
HD 109358_5,HD 109358,3.968,0.05,3.285,25.806,8.473,1.08,1.151,,,4.021014,0.091972,3.8408210692122065e-11,inf,inf,0.0,inf,inf,0,0,0,0,0,0,1,2035.087671
HD 95128_1,HD 95128,2.285,0.074,0.586,0.282,13.887,1.07,1.577,,,2.381798,0.375462,1.5333672968080368e-11,inf,inf,0.0,inf,inf,0,0,0,0,0,0,1,2035.090411
HD 95128_2,HD 95128,4.586,0.035,0.538,0.083,13.887,1.07,1.577,,,4.677826,0.041073,2.473209448032442e-13,inf,inf,0.0,inf,inf,0,0,0,0,0,0,1,2035.090411
HD 95128_3,HD 95128,0.343,0.031,2.771,10.086,13.887,1.07,1.577,,,0.353603,0.062303,2.338465979075325e-09,inf,inf,0.0,inf,inf,0,0,0,0,0,0,1,2035.090411
HD 95128_4,HD 95128,2.15,0.173,1.218,6.511,13.887,1.07,1.577,,,2.514512,0.116864,1.76044730525469e-11,inf,inf,0.0,inf,inf,0,0,0,0,0,0,1,2035.090411
HD 95128_5,HD 95128,0.6,0.105,2.299,8.137,13.887,1.07,1.577,,,0.628863,0.379544,3.514331163828957e-09,inf,inf,0.0,inf,inf,0,0,0,0,0,0,1,2035.090411
HD 95128_6,HD 95128,0.335,0.024,2.419,8.582,13.887,1.07,1.577,,,0.339144,0.074693,2.942794103688558e-09,inf,inf,0.0,inf,inf,0,0,0,0,0,0,1,2035.090411
HD 95128_7,HD 95128,0.847,0.089,1.394,3.129,13.887,1.07,1.577,,,0.837404,0.068232,1.124785981430198e-10,inf,inf,0.0,inf,inf,0,0,0,0,0,0,1,2035.090411
HD 95128_8,HD 95128,0.588,0.034,2.182,8.46,13.887,1.07,1.577,,,0.601017,0.548617,4.83930960947603e-09,inf,inf,0.0,inf,inf,0,0,0,0,0,0,1,2035.090411
HD 143761_0,HD 143761,2.268,0.052,0.622,0.131,17.511,0.97,1.812,,,2.325042,0.787661,4.682481675700178e-11,inf,inf,0.0,inf,inf,0,0,0,0,0,0,1,2035.093151
HD 143761_3,HD 143761,0.463,0.017,0.834,0.619,17.511,0.97,1.812,,,0.469655,0.126633,2.2885484356974846e-10,inf,inf,0.0,inf,inf,0,0,0,0,0,0,1,2035.093151
HD 143761_4,HD 143761,1.096,0.157,0.808,0.895,17.511,0.97,1.812,,,1.208182,0.665913,1.7501398435494545e-10,inf,inf,0.0,inf,inf,0,0,0,0,0,0,1,2035.093151
HD 143761_5,HD 143761,0.834,0.096,1.155,1.684,17.511,0.97,1.812,,,0.912421,0.010869,1.143476983942975e-11,inf,inf,0.0,inf,inf,0,0,0,0,0,0,1,2035.093151
HD 143761_7,HD 143761,2.609,0.089,2.154,12.289,17.511,0.97,1.812,,,2.555132,0.186929,8.023027606803439e-11,inf,inf,0.0,inf,inf,0,0,0,0,0,0,1,2035.093151
HD 46588 A_0,HD 46588 A,1.961,0.092,1.375,5.123,18.202,1.18,1.826,,,1.833151,0.248014,9.616578520644608e-11,inf,inf,0.0,inf,inf,0,0,0,0,0,0,1,2035.09589
HD 46588 A_2,HD 46588 A,0.149,0.051,1.651,3.767,18.202,1.18,1.826,,,0.156474,0.866369,5.790186256205366e-08,inf,inf,0.0,inf,inf,0,0,0,0,0,0,1,2035.09589
HD 46588 A_4,HD 46588 A,0.634,0.042,1.252,1.899,18.202,1.18,1.826,,,0.608542,0.791122,2.2956978459488143e-09,inf,inf,0.0,inf,inf,0,0,0,0,0,0,1,2035.09589
HD 46588 A_5,HD 46588 A,0.119,0.052,0.593,0.101,18.202,1.18,1.826,,,0.122511,0.325734,5.411876789759873e-09,inf,inf,0.0,inf,inf,0,0,0,0,0,0,1,2035.09589
HD 46588 A_6,HD 46588 A,0.647,0.045,2.121,5.747,18.202,1.18,1.826,,,0.672957,0.846707,4.179675668670409e-09,inf,inf,0.0,inf,inf,0,0,0,0,0,0,1,2035.09589
HD 46588 A_7,HD 46588 A,1.085,0.088,1.256,5.584,18.202,1.18,1.826,,,1.023382,0.565923,6.122211018370645e-10,inf,inf,0.0,inf,inf,0,0,0,0,0,0,1,2035.09589
HD 46588 A_8,HD 46588 A,2.008,0.017,0.521,0.08,18.202,1.18,1.826,,,2.030361,0.039283,1.834277965603056e-12,inf,inf,0.0,inf,inf,0,0,0,0,0,0,1,2035.09589
HD 17051_0,HD 17051,1.593,0.055,0.8,0.166,17.357,1.14,1.737,,,1.669275,0.541329,6.60702040231757e-11,inf,inf,0.0,inf,inf,0,0,0,0,0,0,1,2035.09863
HD 17051_1,HD 17051,2.146,0.107,1.035,0.971,17.357,1.14,1.737,,,2.300806,0.26711,2.7448609627951504e-11,inf,inf,0.0,inf,inf,0,0,0,0,0,0,1,2035.09863
HD 17051_2,HD 17051,4.311,0.108,1.302,2.591,17.357,1.14,1.737,,,4.348216,0.51467,2.929197456555412e-11,inf,inf,0.0,inf,inf,0,0,0,0,0,0,1,2035.09863
HD 165499_0,HD 165499,3.777,0.071,0.637,0.161,17.753,1.08,1.731,,,3.566927,0.151356,4.3686032201786954e-12,inf,inf,0.0,inf,inf,0,0,0,0,0,0,1,2035.10137
HD 165499_1,HD 165499,0.192,0.04,0.654,0.106,17.753,1.08,1.731,,,0.199505,0.007925,5.5760137099171044e-11,inf,inf,0.0,inf,inf,0,0,0,0,0,0,1,2035.10137
HD 165499_3,HD 165499,0.221,0.065,0.75,0.229,17.753,1.08,1.731,,,0.215363,0.008384,6.288425606021255e-11,inf,inf,0.0,inf,inf,0,0,0,0,0,0,1,2035.10137
HD 165499_4,HD 165499,1.569,0.062,3.377,24.497,17.753,1.08,1.731,,,1.477677,0.018932,6.635174045783647e-11,inf,inf,0.0,inf,inf,0,0,0,0,0,0,1,2035.10137
HD 10700_0,HD 10700,1.625,0.099,0.563,0.087,3.652,0.94,0.506,,,1.703058,0.446833,3.3831266271820566e-11,inf,inf,0.0,inf,inf,0,0,0,0,0,0,1,2035.10411
HD 86728 A_0,HD 86728 A,0.138,0.113,0.53,0.078,14.926,1.0,1.378,,,0.127616,0.083858,6.925426029752279e-10,inf,inf,0.0,inf,inf,0,0,0,0,0,0,1,2035.106849
HD 86728 A_1,HD 86728 A,1.194,0.049,0.519,0.144,14.926,1.0,1.378,,,1.250739,0.035174,3.6358346331981048e-12,inf,inf,0.0,inf,inf,0,0,0,0,0,0,1,2035.106849
HD 86728 A_2,HD 86728 A,1.586,0.024,0.736,0.367,14.926,1.0,1.378,,,1.569948,0.092332,1.0488964008825425e-11,inf,inf,0.0,inf,inf,0,0,0,0,0,0,1,2035.106849
HD 86728 A_3,HD 86728 A,0.34,0.077,0.971,1.901,14.926,1.0,1.378,,,0.361352,0.13017,6.392540771172387e-10,inf,inf,0.0,inf,inf,0,0,0,0,0,0,1,2035.106849
HD 86728 A_4,HD 86728 A,3.143,0.15,2.985,16.709,14.926,1.0,1.378,0.104979,272.730787,2.676938,0.831142,6.260162079914607e-10,304.0490775663677,0.08445807710176881,0.3366449903343287,0.366509837939619,0.00046703182129975246,1,1,1,1,1,1,1,2035.106849
HD 86728 A_5,HD 86728 A,0.238,0.132,1.155,6.008,14.926,1.0,1.378,,,0.268464,0.218098,2.3428455597111002e-09,inf,inf,0.0,inf,inf,0,0,0,0,0,0,1,2035.106849
HD 86728 A_6,HD 86728 A,2.84,0.137,2.462,3.621,14.926,1.0,1.378,0.097827,215.755687,2.649606,0.852322,4.350977438797362e-10,577.1549746293414,0.16032082628592817,0.2266355565319735,0.3781890164372691,0.0005448930112840865,1,1,1,1,1,1,1,2035.106849
HD 20794_0,HD 20794,4.322,0.17,2.962,5.742,6.041,0.97,0.654,,,4.535975,0.020739,4.458848400652687e-12,inf,inf,0.0,inf,inf,0,0,0,0,0,0,1,2035.109589
HD 20794_1,HD 20794,2.398,0.095,1.302,2.525,6.041,0.97,0.654,,,2.274808,0.028646,6.6717622459237056e-12,inf,inf,0.0,inf,inf,0,0,0,0,0,0,1,2035.109589
HD 115617_0,HD 115617,1.956,0.004,0.732,1.017,8.534,0.97,0.825,,,1.961658,0.241474,2.1892382731999528e-11,inf,inf,0.0,inf,inf,0,0,0,0,0,0,1,2035.112329
HD 115617_1,HD 115617,0.76,0.09,2.931,6.157,8.534,0.97,0.825,0.085333,249.120274,0.782247,0.472301,3.6077447475913353e-09,17.836150860960217,0.004954486350266727,3.174361716570974,0.49351084509826076,0.001313705202357364,1,1,1,1,1,1,1,2035.112329
HD 115617_2,HD 115617,0.621,0.047,0.562,0.059,8.534,0.97,0.825,,,0.616337,0.017997,8.657240801705032e-12,inf,inf,0.0,inf,inf,0,0,0,0,0,0,1,2035.112329
HD 115617_3,HD 115617,0.199,0.073,3.38,12.207,8.534,0.97,0.825,,,0.21266,0.826334,1.2985621527953912e-07,inf,inf,0.0,inf,inf,0,0,0,0,0,0,1,2035.112329
HD 115617_4,HD 115617,2.599,0.104,0.763,0.174,8.534,0.97,0.825,,,2.79906,0.616785,3.158595733264632e-11,inf,inf,0.0,inf,inf,0,0,0,0,0,0,1,2035.112329
HD 115617_5,HD 115617,2.098,0.045,1.487,3.177,8.534,0.97,0.825,0.170119,52.289102,2.015214,0.72834,3.250906724556217e-10,310.5343132706027,0.08625953146405631,0.34332322286439615,0.40351733282843516,0.0007137484538918605,1,1,1,1,1,1,1,2035.112329
HD 115617_6,HD 115617,3.003,0.084,0.942,0.936,8.534,0.97,0.825,,,3.083614,0.010483,6.671135677530942e-13,inf,inf,0.0,inf,inf,0,0,0,0,0,0,1,2035.112329
HD 53705_0,HD 53705,0.273,0.081,1.735,2.717,17.059,1.04,1.49,,,0.275829,0.121351,3.6312133102355512e-09,inf,inf,0.0,inf,inf,0,0,0,0,0,0,1,2035.115068
HD 53705_1,HD 53705,2.604,0.083,3.306,16.05,17.059,1.04,1.49,0.134807,221.765567,2.532985,0.134563,1.679571387222908e-10,3205.3779719356194,0.8903827699821165,0.08088686747302404,0.346748288496719,0.00033528815834708603,1,1,1,1,1,1,1,2035.115068
HD 53705_2,HD 53705,1.597,0.089,2.478,13.971,17.059,1.04,1.49,0.080995,160.634096,1.584075,0.099818,1.9935364421822237e-10,4306.5523283097955,1.19626453564161,0.07477425788390354,0.41398492734247394,0.0007835324173187852,1,1,1,1,1,1,1,2035.115068
HD 53705_3,HD 53705,0.715,0.026,1.359,2.038,17.059,1.04,1.49,,,0.704918,0.123179,2.931071779535429e-10,inf,inf,0.0,inf,inf,0,0,0,0,0,0,1,2035.115068
HD 53705_4,HD 53705,0.527,0.092,2.437,10.745,17.059,1.04,1.49,,,0.478644,0.751092,1.2253530528444143e-08,inf,inf,0.0,inf,inf,0,0,0,0,0,0,1,2035.115068
HD 55575_0,HD 55575,1.084,0.09,0.727,0.186,16.852,1.14,1.463,,,1.036145,0.588844,1.8191005869685351e-10,inf,inf,0.0,inf,inf,0,0,0,0,0,0,1,2035.117808
HD 55575_1,HD 55575,0.133,0.053,0.578,0.677,16.852,1.14,1.463,,,0.1263,0.702353,1.0724688778840042e-08,inf,inf,0.0,inf,inf,0,0,0,0,0,0,1,2035.117808
HD 20630_1,HD 20630,0.648,0.142,1.547,4.726,9.276,0.98,0.857,,,0.56862,0.162058,8.136337890207118e-10,inf,inf,0.0,inf,inf,0,0,0,0,0,0,1,2035.120548
HD 20630_5,HD 20630,1.387,0.083,0.621,0.63,9.276,0.98,0.857,,,1.275856,0.256287,3.6669357854130485e-11,inf,inf,0.0,inf,inf,0,0,0,0,0,0,1,2035.120548
HD 102365_0,HD 102365,1.154,0.024,2.235,11.472,9.319,1.02,0.844,0.109807,214.51138,1.127502,0.143884,3.045379720618588e-10,479.3486478565061,0.1331524021823628,0.2596079508182424,0.3994785723746751,0.0006868233842001266,1,1,1,1,1,1,1,2035.123288
HD 102365_1,HD 102365,4.021,0.031,1.113,0.834,9.319,1.02,0.844,,,4.145578,0.055443,2.4715604851031754e-12,inf,inf,0.0,inf,inf,0,0,0,0,0,0,1,2035.123288
HD 102365_2,HD 102365,0.113,0.031,0.976,0.303,9.319,1.02,0.844,,,0.116429,0.882412,4.003632289776339e-08,inf,inf,0.0,inf,inf,0,0,0,0,0,0,1,2035.123288
HD 39091_1,HD 39091,3.12,0.028,1.191,1.952,18.287,1.08,1.533,,,3.173871,0.075231,7.26247890163538e-12,inf,inf,0.0,inf,inf,0,0,0,0,0,0,1,2035.126027
HD 39091_2,HD 39091,2.865,0.029,0.677,0.089,18.287,1.08,1.533,,,2.787011,0.003808,1.6912595299968602e-13,inf,inf,0.0,inf,inf,0,0,0,0,0,0,1,2035.126027
HD 39091_3,HD 39091,3.55,0.072,1.069,0.919,18.287,1.08,1.533,,,3.619011,0.485703,2.943726598161075e-11,inf,inf,0.0,inf,inf,0,0,0,0,0,0,1,2035.126027
HD 39091_4,HD 39091,4.534,0.027,1.234,1.811,18.287,1.08,1.533,,,4.533934,0.673499,3.1488211172276176e-11,inf,inf,0.0,inf,inf,0,0,0,0,0,0,1,2035.126027
HD 39091_5,HD 39091,1.437,0.051,1.31,1.974,18.287,1.08,1.533,0.080784,249.947863,1.497016,0.479983,2.5064299811040536e-10,3365.513263419672,0.9348647953943533,0.08455173234745332,0.4047163376610886,0.0007217418194428835,1,1,1,1,1,1,1,2035.126027
HD 39091_6,HD 39091,0.67,0.012,2.604,6.457,18.287,1.08,1.533,,,0.664306,0.161131,2.128411125269897e-09,inf,inf,0.0,inf,inf,0,0,0,0,0,0,1,2035.126027
HD 20807_0,HD 20807,0.337,0.072,1.793,3.234,12.039,1.07,1.017,,,0.345681,0.039441,6.928161100109981e-10,inf,inf,0.0,inf,inf,0,0,0,0,0,0,1,2035.128767
HD 20807_1,HD 20807,1.546,0.069,0.954,0.846,12.039,1.07,1.017,0.103513,222.576291,1.622046,0.680646,1.8532483496236894e-10,1836.6699436718832,0.510186095464412,0.1143709596873155,0.3754252527001054,0.000526467919702995,1,1,1,1,1,1,1,2035.128767
HD 20807_2,HD 20807,2.979,0.055,2.038,8.298,12.039,1.07,1.017,,,3.022235,0.053014,1.5521018548628295e-11,inf,inf,0.0,inf,inf,0,0,0,0,0,0,1,2035.128767
HD 131156 A_0,HD 131156 A,0.922,0.01,2.426,6.027,6.754,0.96,0.553,0.133136,202.260317,0.91855,0.338368,1.5967095759748382e-09,30.223271739227055,0.008395353260896405,1.970897378562993,0.4250065294568539,0.0008570097647479854,1,1,1,1,1,1,1,2035.131507
HD 131156 A_1,HD 131156 A,1.097,0.147,1.932,4.971,6.754,0.96,0.553,0.093747,353.203099,1.180585,0.863922,1.62808743439076e-09,35.21196778006357,0.009781102161128768,1.781556941745321,0.4992124740162449,0.001351716061810592,1,1,1,1,1,1,1,2035.131507
HD 65907 A_0,HD 65907 A,0.584,0.099,0.585,0.122,16.172,1.11,1.29,,,0.530695,0.806233,6.858384477604272e-10,inf,inf,0.0,inf,inf,0,0,0,0,0,0,1,2035.134247
HD 65907 A_1,HD 65907 A,1.316,0.075,0.982,3.131,16.172,1.11,1.29,,,1.406452,0.049327,1.5918454761331166e-11,inf,inf,0.0,inf,inf,0,0,0,0,0,0,1,2035.134247
HD 65907 A_2,HD 65907 A,1.009,0.058,1.202,5.136,16.172,1.11,1.29,,,0.951303,0.507577,5.261485253369447e-10,inf,inf,0.0,inf,inf,0,0,0,0,0,0,1,2035.134247
HD 147513_0,HD 147513,1.541,0.04,0.645,0.152,12.892,1.07,1.001,,,1.602292,0.454063,4.964178450057854e-11,inf,inf,0.0,inf,inf,0,0,0,0,0,0,1,2035.136986
HD 147513_1,HD 147513,1.513,0.099,0.537,0.038,12.892,1.07,1.001,,,1.656618,0.526147,4.000698838868355e-11,inf,inf,0.0,inf,inf,0,0,0,0,0,0,1,2035.136986
HD 147513_2,HD 147513,4.633,0.075,1.379,7.403,12.892,1.07,1.001,,,4.323631,0.409173,2.5213687840255e-11,inf,inf,0.0,inf,inf,0,0,0,0,0,0,1,2035.136986
HD 147513_4,HD 147513,0.196,0.111,0.74,0.096,12.892,1.07,1.001,,,0.187103,0.967361,1.1800743601309435e-08,inf,inf,0.0,inf,inf,0,0,0,0,0,0,1,2035.136986
HD 147513_5,HD 147513,4.52,0.075,0.624,0.254,12.892,1.07,1.001,,,4.653085,0.47385,4.621166651128109e-12,inf,inf,0.0,inf,inf,0,0,0,0,0,0,1,2035.136986
HD 147513_6,HD 147513,1.743,0.075,1.796,2.912,12.892,1.07,1.001,0.099438,153.284711,1.612898,0.672757,5.71875028335233e-10,361.9428472865576,0.10053967980182156,0.30298733004726275,0.3750120088105622,0.0005237129604393738,1,1,1,1,1,1,1,2035.136986
HD 147513_7,HD 147513,2.47,0.028,0.667,0.174,12.892,1.07,1.001,,,2.403416,0.5088,1.8833849854562058e-11,inf,inf,0.0,inf,inf,0,0,0,0,0,0,1,2035.136986
HD 146233_0,HD 146233,0.356,0.047,2.679,8.19,14.137,1.02,1.094,,,0.36872,0.499327,1.940956688680908e-08,inf,inf,0.0,inf,inf,0,0,0,0,0,0,1,2035.139726
HD 146233_1,HD 146233,0.206,0.044,2.032,3.376,14.137,1.02,1.094,,,0.198802,0.615897,4.6562540187134e-08,inf,inf,0.0,inf,inf,0,0,0,0,0,0,1,2035.139726
HD 146233_4,HD 146233,0.539,0.141,1.433,3.682,14.137,1.02,1.094,,,0.601802,0.68858,2.9244290826387356e-09,inf,inf,0.0,inf,inf,0,0,0,0,0,0,1,2035.139726
HD 30495_0,HD 30495,1.934,0.08,0.989,1.288,13.24,1.04,0.966,0.096138,317.001186,2.085371,0.828034,1.3004292516977732e-10,6052.0436402717405,1.6811232334088169,0.05971864179304298,0.37893128536233395,0.0005498414707845189,1,1,1,1,1,1,1,2035.142466
HD 30495_2,HD 30495,0.416,0.06,1.179,0.557,13.24,1.04,0.966,,,0.431786,0.006333,2.7917630803792405e-11,inf,inf,0.0,inf,inf,0,0,0,0,0,0,1,2035.142466
HD 30495_3,HD 30495,1.848,0.089,0.623,0.48,13.24,1.04,0.966,,,1.788163,0.773898,6.678580411159887e-11,inf,inf,0.0,inf,inf,0,0,0,0,0,0,1,2035.142466
HD 50692_0,HD 50692,3.95,0.04,2.831,10.297,17.405,1.08,1.293,0.183918,114.241321,4.01098,0.684861,2.2770949501934784e-10,2419.872255283858,0.6721867375788495,0.09349276356489544,0.3379921619885614,0.0002769139816260353,1,1,1,1,1,1,1,2035.145205
HD 50692_1,HD 50692,0.28,0.064,0.734,0.092,17.405,1.08,1.293,,,0.297019,0.364884,9.739760692448712e-10,inf,inf,0.0,inf,inf,0,0,0,0,0,0,1,2035.145205
HD 50692_2,HD 50692,0.513,0.081,1.798,3.652,17.405,1.08,1.293,,,0.5453,0.141088,8.791010298352433e-10,inf,inf,0.0,inf,inf,0,0,0,0,0,0,1,2035.145205
HD 50692_3,HD 50692,0.925,0.032,2.849,9.197,17.405,1.08,1.293,,,0.919704,0.055757,3.794166300413898e-10,inf,inf,0.0,inf,inf,0,0,0,0,0,0,1,2035.145205
HD 190360_0,HD 190360,0.922,0.17,1.79,3.759,16.003,0.96,1.165,,,0.991392,0.834459,1.7810629760994779e-09,inf,inf,0.0,inf,inf,0,0,0,0,0,0,1,2035.147945
HD 190360_1,HD 190360,3.764,0.081,1.071,1.582,16.003,0.96,1.165,,,3.629986,0.259205,1.6737380795195805e-11,inf,inf,0.0,inf,inf,0,0,0,0,0,0,1,2035.147945
HD 190360_3,HD 190360,3.632,0.139,2.733,10.267,16.003,0.96,1.165,,,3.973937,0.041598,1.69850345963848e-11,inf,inf,0.0,inf,inf,0,0,0,0,0,0,1,2035.147945
HD 190360_4,HD 190360,1.735,0.021,0.534,0.045,16.003,0.96,1.165,,,1.770956,0.234962,1.0228689149891461e-11,inf,inf,0.0,inf,inf,0,0,0,0,0,0,1,2035.147945
HD 190360_5,HD 190360,0.581,0.08,1.934,2.88,16.003,0.96,1.165,,,0.536052,0.027282,2.9884216490692295e-10,inf,inf,0.0,inf,inf,0,0,0,0,0,0,1,2035.147945
HD 136352_0,HD 136352,1.127,0.083,0.501,0.05,14.739,1.02,1.029,,,1.219156,0.426369,5.2495325422186873e-11,inf,inf,0.0,inf,inf,0,0,0,0,0,0,1,2035.150685
HD 136352_2,HD 136352,0.995,0.082,1.549,3.519,14.739,1.02,1.029,,,0.913474,0.942275,2.108131118206784e-09,inf,inf,0.0,inf,inf,0,0,0,0,0,0,1,2035.150685
HD 136352_3,HD 136352,3.774,0.069,2.041,4.78,14.739,1.02,1.029,,,3.816297,0.434051,8.443555975382926e-11,inf,inf,0.0,inf,inf,0,0,0,0,0,0,1,2035.150685
HD 136352_4,HD 136352,1.831,0.068,0.826,0.342,14.739,1.02,1.029,,,1.92762,0.182111,2.3409460949538773e-11,inf,inf,0.0,inf,inf,0,0,0,0,0,0,1,2035.150685
HD 128621_0,HD 128621,0.181,0.076,0.591,0.281,1.332,0.94,0.503,0.112519,192.401713,0.174356,0.110094,9.015962322693729e-10,2.77031971244296,0.0007695332534563777,20.235344522702796,2.9140263032511253,0.01745047492337646,1,1,1,1,1,1,1,2035.153425
HD 128621_1,HD 128621,3.969,0.152,0.756,0.624,1.332,0.94,0.503,,,3.747176,0.325727,8.608438161758886e-12,inf,inf,0.0,inf,inf,0,0,0,0,0,0,1,2035.153425
HD 128621_3,HD 128621,4.377,0.084,0.667,0.424,1.332,0.94,0.503,,,4.659851,0.011773,1.8067766220070315e-13,inf,inf,0.0,inf,inf,0,0,0,0,0,0,1,2035.153425
HD 128621_4,HD 128621,1.135,0.055,1.179,1.502,1.332,0.94,0.503,0.857401,344.528484,1.186787,0.200265,1.0789633121742822e-10,38.37931019347383,0.010660919498187175,2.6099520556728355,2.7154563218704313,0.016126675047505167,1,1,1,1,1,1,1,2035.153425
HD 101501_3,HD 101501,0.112,0.069,1.262,2.497,9.576,0.94,0.609,,,0.114239,0.857482,6.946241438326881e-08,inf,inf,0.0,inf,inf,0,0,0,0,0,0,1,2035.156164
HD 101501_7,HD 101501,0.888,0.054,0.887,0.333,9.576,0.94,0.609,,,0.933639,0.113298,6.602552762654145e-11,inf,inf,0.0,inf,inf,0,0,0,0,0,0,1,2035.156164
HD 20766_0,HD 20766,1.336,0.161,1.674,3.092,12.045,1.01,0.794,0.100531,238.837027,1.289146,0.180863,1.6703782780738765e-10,3563.076770741704,0.9897435474282511,0.07798770030100442,0.3635628704344503,0.0004473853712652945,1,1,1,1,1,1,1,2035.158904
HD 20766_1,HD 20766,0.327,0.097,2.659,6.922,12.045,1.01,0.794,,,0.325148,0.201181,7.73519827129192e-09,inf,inf,0.0,inf,inf,0,0,0,0,0,0,1,2035.158904
HD 20766_4,HD 20766,1.915,0.031,0.912,0.441,12.045,1.01,0.794,0.102531,34.152997,1.869942,0.794913,1.237976115435032e-10,6259.398898482848,1.7387219162452356,0.05758910250336039,0.36477220947081684,0.0004554476315077381,1,1,1,1,1,1,1,2035.158904
HD 72905_1,HD 72905,0.661,0.069,0.5,0.051,14.439,1.08,0.973,,,0.647253,0.033971,1.5147595655065874e-11,inf,inf,0.0,inf,inf,0,0,0,0,0,0,1,2035.161644
HD 72905_3,HD 72905,0.899,0.099,2.776,19.234,14.439,1.08,0.973,,,0.810596,0.55163,4.024618251017008e-09,inf,inf,0.0,inf,inf,0,0,0,0,0,0,1,2035.161644
HD 72905_4,HD 72905,0.923,0.214,1.407,2.24,14.439,1.08,0.973,,,0.947977,0.722457,1.0939453568713562e-09,inf,inf,0.0,inf,inf,0,0,0,0,0,0,1,2035.161644
HD 72905_5,HD 72905,3.175,0.086,0.525,0.068,14.439,1.08,0.973,,,2.991122,0.062546,1.1672077667573007e-12,inf,inf,0.0,inf,inf,0,0,0,0,0,0,1,2035.161644
HD 156274 A_3,HD 156274 A,4.433,0.138,1.608,3.519,8.791,0.9,0.452,,,4.875653,0.212562,1.647919456689356e-11,inf,inf,0.0,inf,inf,0,0,0,0,0,0,1,2035.164384
HD 4391_0,HD 4391,0.363,0.182,1.471,1.692,15.049,0.98,0.923,,,0.315947,0.964031,1.390928794859454e-08,inf,inf,0.0,inf,inf,0,0,0,0,0,0,1,2035.167123
HD 4391_1,HD 4391,1.544,0.114,0.614,0.159,15.049,0.98,0.923,,,1.547593,0.831269,7.546474020077904e-11,inf,inf,0.0,inf,inf,0,0,0,0,0,0,1,2035.167123
HD 4391_2,HD 4391,0.361,0.058,0.863,0.256,15.049,0.98,0.923,,,0.377406,0.633112,2.7798206443346055e-09,inf,inf,0.0,inf,inf,0,0,0,0,0,0,1,2035.167123
HD 4391_3,HD 4391,0.102,0.064,0.942,1.344,15.049,0.98,0.923,,,0.105685,0.344342,1.934989982217285e-08,inf,inf,0.0,inf,inf,0,0,0,0,0,0,1,2035.167123
HD 4391_4,HD 4391,0.526,0.038,2.712,11.881,15.049,0.98,0.923,,,0.50921,0.261719,5.304811520301755e-09,inf,inf,0.0,inf,inf,0,0,0,0,0,0,1,2035.167123
HD 10780_0,HD 10780,0.841,0.11,1.077,1.181,10.041,0.9,0.516,0.082773,70.879663,0.811569,0.335894,3.1541490311896775e-10,1950.4596605682575,0.5417943501578493,0.11394708749235895,0.40191830235681136,0.0007030882507477017,1,1,1,1,1,1,1,2035.169863
HD 10780_3,HD 10780,2.25,0.098,1.348,1.367,10.041,0.9,0.516,0.16757,280.381336,2.160575,0.691672,1.6016470155918626e-10,3713.24783056352,1.031457730712089,0.07429017553545451,0.34357858904845334,0.00031415682869198136,1,1,1,1,1,1,1,2035.169863
HD 10780_4,HD 10780,2.669,0.102,2.513,12.001,10.041,0.9,0.516,0.232953,145.708018,2.432457,0.230737,1.7553198579805953e-10,3077.460656792044,0.8548501824422344,0.08238385845073358,0.3435784079281928,0.0003141556212235777,1,1,1,1,1,1,1,2035.169863
HD 140538 A_0,HD 140538 A,2.088,0.047,0.685,0.069,14.793,0.94,0.834,,,2.162553,0.966786,8.145366892715194e-11,inf,inf,0.0,inf,inf,0,0,0,0,0,0,1,2035.172603
HD 140538 A_1,HD 140538 A,0.512,0.053,2.798,18.338,14.793,0.94,0.834,,,0.516948,0.00321,5.5080332380410014e-11,inf,inf,0.0,inf,inf,0,0,0,0,0,0,1,2035.172603
HD 140538 A_2,HD 140538 A,4.137,0.053,0.916,0.304,14.793,0.94,0.834,,,4.097006,0.5073,1.8488454026762076e-11,inf,inf,0.0,inf,inf,0,0,0,0,0,0,1,2035.172603
HD 165341 A_0,HD 165341 A,3.482,0.036,1.359,2.775,5.113,0.88,0.532,,,3.432775,0.004828,4.624940897792645e-13,inf,inf,0.0,inf,inf,0,0,0,0,0,0,1,2035.175342
HD 165341 A_2,HD 165341 A,0.277,0.022,2.947,13.11,5.113,0.88,0.532,,,0.282319,0.327281,2.0308700308261806e-08,inf,inf,0.0,inf,inf,0,0,0,0,0,0,1,2035.175342
HD 165341 A_3,HD 165341 A,0.642,0.027,1.615,1.833,5.113,0.88,0.532,,,0.65464,0.991424,2.8671667724877982e-09,inf,inf,0.0,inf,inf,0,0,0,0,0,0,1,2035.175342
HD 166_0,HD 166,1.592,0.09,1.08,2.182,13.766,0.94,0.647,0.109383,143.663762,1.686921,0.531573,1.513463742421275e-10,9884.691745659527,2.7457477071276464,0.043011573211189785,0.32969951715589774,0.00022162968274161088,1,1,1,1,1,1,1,2035.178082
HD 166_1,HD 166,0.635,0.021,0.515,0.062,13.766,0.94,0.647,,,0.621808,0.720249,3.15412487174162e-10,inf,inf,0.0,inf,inf,0,0,0,0,0,0,1,2035.178082
HD 26965 A_1,HD 26965 A,0.482,0.058,1.38,2.403,5.01,0.86,0.41,0.084771,51.795817,0.478231,0.597859,3.819212279975174e-09,12.845962515095604,0.0035683229208598897,4.337928144043449,0.5952953304736103,0.001992268438193028,1,1,1,1,1,1,1,2035.180822
HD 26965 A_2,HD 26965 A,0.345,0.049,0.5,0.06,5.01,0.86,0.41,,,0.332066,0.611091,1.0277145030769288e-09,inf,inf,0.0,inf,inf,0,0,0,0,0,0,1,2035.180822
HD 185144_1,HD 185144,0.747,0.07,0.5,0.019,5.764,0.87,0.434,,,0.761957,0.010312,2.5369129216742533e-12,inf,inf,0.0,inf,inf,0,0,0,0,0,0,1,2035.183562
HD 185144_3,HD 185144,0.688,0.135,2.317,4.389,5.764,0.87,0.434,0.073584,232.173799,0.728862,0.832501,5.111440671959273e-09,13.680674332787735,0.00380018731466326,4.0961419172330436,0.588286575887523,0.001945543407619112,1,1,1,1,1,1,1,2035.183562
HD 209100_0,HD 209100,2.433,0.127,0.524,0.078,3.638,0.72,0.222,,,2.262333,0.718215,2.5646148057585376e-11,inf,inf,0.0,inf,inf,0,0,0,0,0,0,1,2035.186301
HD 209100_1,HD 209100,1.218,0.094,0.54,0.224,3.638,0.72,0.222,0.199231,3.377592,1.233743,0.83265,1.0385976751455293e-10,1898.4127214166224,0.5273368670601729,0.11668114871127903,0.4097045128702137,0.0007549963208370506,1,1,1,1,1,1,1,2035.186301
HD 209100_2,HD 209100,0.989,0.073,1.925,7.679,3.638,0.72,0.222,0.266196,179.386585,1.054178,0.526473,9.074160162489501e-10,66.90591201462773,0.018584975559618813,1.025106234273257,0.40970451279835196,0.0007549963203579721,1,1,1,1,1,1,1,2035.186301
HD 209100_4,HD 209100,3.542,0.022,2.632,11.464,3.638,0.72,0.222,0.878147,302.20885,3.492667,0.542477,1.6761467927365978e-10,815.9456103949676,0.22665155844304655,0.18981861550635507,0.40970451279835196,0.0007549963203579721,1,1,1,1,1,1,1,2035.186301
HD 209100_5,HD 209100,0.635,0.076,0.931,0.965,3.638,0.72,0.222,0.168717,276.276021,0.607123,0.274264,4.12896690579337e-10,201.55711856255323,0.05598808848959812,0.45979254249287393,0.4097053314756274,0.0007550017782064752,1,1,1,1,1,1,1,2035.186301
HD 209100_6,HD 209100,1.701,0.082,0.885,1.719,3.638,0.72,0.222,,,1.694648,0.002789,5.477636571133965e-13,inf,inf,0.0,inf,inf,0,0,0,0,0,0,1,2035.186301
HD 209100_8,HD 209100,2.097,0.099,2.488,10.973,3.638,0.72,0.222,0.358033,295.985346,1.914544,0.776656,9.68154939582848e-10,61.453980721512565,0.017070550200420156,1.0955533677094482,0.40970451279835196,0.0007549963203579721,1,1,1,1,1,1,1,2035.186301
HD 209100_9,HD 209100,0.782,0.071,2.297,6.298,3.638,0.72,0.222,0.189136,192.733582,0.766706,0.135562,6.686460140093767e-10,101.0422664933716,0.028067296248158777,0.7499226613641006,0.409704514012691,0.0007549963284535657,1,1,1,1,1,1,1,2035.186301
HD 209100_10,HD 209100,0.182,0.056,2.026,7.17,3.638,0.72,0.222,,,0.185714,0.193307,1.8859244362304634e-08,inf,inf,0.0,inf,inf,0,0,0,0,0,0,1,2035.186301
HD 209100_11,HD 209100,0.917,0.107,1.174,2.417,3.638,0.72,0.222,0.225303,268.710268,0.834535,0.227816,3.1562483579161337e-10,296.56048035162456,0.0823779112087846,0.3556477266607314,0.40970451279836795,0.0007549963203580788,1,1,1,1,1,1,1,2035.186301
HD 201091_1,HD 201091,1.051,0.108,0.699,0.293,3.497,0.68,0.142,,,1.158121,0.40435,9.590701544092326e-11,inf,inf,0.0,inf,inf,0,0,0,0,0,0,1,2035.189041
HD 201091_2,HD 201091,2.964,0.153,0.94,0.359,3.497,0.68,0.142,,,2.567211,0.011182,1.3757947597962136e-12,inf,inf,0.0,inf,inf,0,0,0,0,0,0,1,2035.189041
HD 201091_4,HD 201091,2.241,0.067,3.013,8.159,3.497,0.68,0.142,,,2.359545,0.010139,1.028437356595499e-11,inf,inf,0.0,inf,inf,0,0,0,0,0,0,1,2035.189041
HD 155885_0,HD 155885,0.424,0.016,1.08,0.365,5.948,0.85,0.332,0.066766,284.759261,0.419654,0.513545,2.282422813657559e-09,71.52965198114784,0.019869347772541065,1.0296142594381077,0.5177602277938848,0.0014753677536615247,1,1,1,1,1,1,1,2035.191781
HD 155885_1,HD 155885,0.125,0.137,2.355,7.262,5.948,0.85,0.332,,,0.112077,0.377991,9.473878166581578e-08,inf,inf,0.0,inf,inf,0,0,0,0,0,0,1,2035.191781
HD 155885_4,HD 155885,2.293,0.052,0.991,0.685,5.948,0.85,0.332,0.286709,285.141701,2.388638,0.759237,1.0167939711364811e-10,3728.703208645493,1.0357508912904148,0.07690928020919063,0.37224928580519256,0.0005052948070702432,1,1,1,1,1,1,1,2035.191781
HD 155886_1,HD 155886,0.511,0.064,0.698,0.549,5.952,0.85,0.327,0.075525,112.32137,0.485284,0.462629,5.415748339683688e-10,388.19403223858944,0.1078316756218304,0.3179141528216782,0.4821955478873229,0.0012382698876177785,1,1,1,1,1,1,1,2035.194521
HD 155886_2,HD 155886,0.232,0.069,1.589,4.704,5.952,0.85,0.327,,,0.228345,0.339775,1.2174959755464361e-08,inf,inf,0.0,inf,inf,0,0,0,0,0,0,1,2035.194521
HD 155886_3,HD 155886,1.253,0.044,2.915,7.774,5.952,0.85,0.327,0.182185,146.160717,1.290175,0.093887,3.642089999274429e-10,402.63340517747474,0.11184261254929855,0.28303079133907294,0.37509373460551904,0.0005242577990724194,1,1,1,1,1,1,1,2035.194521
HD 155886_4,HD 155886,0.305,0.028,0.94,0.937,5.952,0.85,0.327,,,0.296526,0.379661,2.760906695506267e-09,inf,inf,0.0,inf,inf,0,0,0,0,0,0,1,2035.194521
HD 155886_5,HD 155886,0.201,0.128,1.339,2.779,5.952,0.85,0.327,,,0.175291,0.637939,2.4168918197110294e-08,inf,inf,0.0,inf,inf,0,0,0,0,0,0,1,2035.194521
HD 155886_6,HD 155886,0.316,0.044,0.948,1.735,5.952,0.85,0.327,,,0.314019,0.395678,2.4002994641545996e-09,inf,inf,0.0,inf,inf,0,0,0,0,0,0,1,2035.194521
HD 155886_7,HD 155886,0.59,0.079,3.352,16.163,5.952,0.85,0.327,0.088928,200.145665,0.551171,0.518674,1.2594757272082613e-08,6.436177431010288,0.0017878270641695244,8.037117958340202,0.447499744786469,0.0010069645336120855,1,1,1,1,1,1,1,2035.194521
HD 155886_8,HD 155886,3.879,0.087,2.635,16.445,5.952,0.85,0.327,,,4.130486,0.206854,4.9620275535562504e-11,inf,inf,0.0,inf,inf,0,0,0,0,0,0,1,2035.194521
HD 10476_0,HD 10476,0.171,0.07,0.738,0.088,7.644,0.85,0.454,,,0.18295,0.495084,4.60246242341489e-09,inf,inf,0.0,inf,inf,0,0,0,0,0,0,1,2035.19726
HD 201092_1,HD 201092,2.708,0.059,2.37,8.514,3.496,0.63,0.078,0.7376,4.42199,2.575984,0.369426,2.1324472700792767e-10,4155.19329152992,1.1542203587583113,0.06843762355269463,0.3285499697104085,0.00021396603310501602,1,1,1,1,1,1,1,2035.2
HD 165341 B_1,HD 165341 B,1.256,0.089,0.5,0.053,5.122,0.78,0.164,,,1.259879,0.052453,5.319007630109508e-12,inf,inf,0.0,inf,inf,0,0,0,0,0,0,1,2035.20274
HD 165341 B_2,HD 165341 B,4.082,0.042,1.247,0.85,5.122,0.78,0.164,,,4.216952,0.029604,1.859207491015978e-12,inf,inf,0.0,inf,inf,0,0,0,0,0,0,1,2035.20274
HD 165341 B_3,HD 165341 B,0.1,0.077,0.528,0.124,5.122,0.78,0.164,,,0.101564,0.918287,1.935483910791487e-08,inf,inf,0.0,inf,inf,0,0,0,0,0,0,1,2035.20274
HD 165341 B_4,HD 165341 B,0.76,0.117,1.137,2.374,5.122,0.78,0.164,,,0.802217,0.018667,2.536741782203784e-11,inf,inf,0.0,inf,inf,0,0,0,0,0,0,1,2035.20274
HD 131977_0,HD 131977,2.114,0.033,1.305,3.47,5.886,0.72,0.223,0.297749,324.474058,2.114635,0.643888,1.7167212330045578e-10,3721.476559453169,1.0337434887369914,0.07379696097378055,0.33951130403382745,0.0002870415952611424,1,1,1,1,1,1,1,2035.205479
HD 219134_0,HD 219134,1.298,0.068,3.021,11.197,6.542,0.75,0.266,0.134928,317.355307,1.210033,0.05598,1.8035760614044086e-10,2722.3020935368695,0.7561950259824638,0.08864766823967817,0.34762660496307846,0.00034114360145614896,1,1,1,1,1,1,1,2035.208219
HD 219134_1,HD 219134,0.107,0.06,0.589,0.114,6.542,0.75,0.266,,,0.102498,0.670365,1.4252393072452654e-08,inf,inf,0.0,inf,inf,0,0,0,0,0,0,1,2035.208219
HD 219134_2,HD 219134,0.475,0.085,1.279,2.244,6.542,0.75,0.266,0.071811,26.695864,0.489738,0.517786,2.5747888872314494e-09,87.23788676688179,0.02423274632413383,0.8513334051638839,0.43894049421559167,0.0009499028631395703,1,1,1,1,1,1,1,2035.208219
HD 219134_3,HD 219134,2.999,0.067,1.913,4.52,6.542,0.75,0.266,,,2.896642,0.261336,6.801217958030364e-11,inf,inf,0.0,inf,inf,0,0,0,0,0,0,1,2035.208219
HD 219134_4,HD 219134,0.285,0.083,1.716,4.805,6.542,0.75,0.266,,,0.285459,0.330397,8.574918213353724e-09,inf,inf,0.0,inf,inf,0,0,0,0,0,0,1,2035.208219
HD 219134_5,HD 219134,1.823,0.052,1.09,4.144,6.542,0.75,0.266,0.189908,295.81883,1.86105,0.772959,1.9908828998295461e-10,2169.2428572725225,0.6025674603534785,0.10063573939940905,0.34746280640030874,0.00034005161103768417,1,1,1,1,1,1,1,2035.208219
HD 219134_7,HD 219134,0.986,0.056,2.277,3.449,6.542,0.75,0.266,0.132972,209.083739,0.986034,0.114942,5.814020575994561e-10,382.94773860095523,0.10637437183359867,0.2844298915229093,0.3477826393409111,0.00034218383064169976,1,1,1,1,1,1,1,2035.208219
HD 88230_0,HD 88230,1.858,0.024,1.413,3.961,4.871,0.63,0.103,0.267844,126.534154,1.842577,0.766384,2.6320073861170966e-10,6491.7149633586005,1.8032541564885,0.05281140001530672,0.31657544082394645,0.00013413584052860236,1,1,1,1,1,1,1,2035.210959
HD 88230_1,HD 88230,0.369,0.102,2.613,14.391,4.871,0.63,0.103,0.075702,110.010494,0.384703,0.169462,4.962729350518709e-09,104.37713683256531,0.02899364912015703,0.7023732069812251,0.34847499227112144,0.0003467995168431019,1,1,1,1,1,1,1,2035.210959
HD 88230_2,HD 88230,0.941,0.058,0.511,0.079,4.871,0.63,0.103,0.06035,140.015026,0.976498,0.947048,1.66975131556544e-10,45315.46760125534,12.587629889237594,0.020324405335790375,0.3548320514551445,0.00038917991140325584,1,0,0,1,1,1,1,2035.210959
HD 88230_3,HD 88230,1.397,0.055,1.541,3.057,4.871,0.63,0.103,0.235429,197.301078,1.450302,0.678574,4.682392202097563e-10,2284.313855448993,0.6345316265136092,0.09383164335152669,0.3165754408239465,0.00013413584052860252,1,1,1,1,1,1,1,2035.210959
HD 88230_4,HD 88230,0.683,0.12,0.831,0.221,4.871,0.63,0.103,0.124181,273.851251,0.682906,0.130271,1.437874687438713e-10,22315.520612267286,6.198755725629802,0.027516488464024196,0.3168928202966878,0.0001362517036802113,1,0,1,1,1,1,1,2035.210959
HD 88230_5,HD 88230,2.552,0.09,1.594,2.912,4.871,0.63,0.103,0.49171,351.165958,2.702739,0.591918,1.3069233535815923e-10,24338.796278299335,6.760776743972038,0.02628980674744016,0.31657544082394645,0.00013413584052860236,1,0,1,1,1,1,1,2035.210959
HD 88230_6,HD 88230,2.842,0.103,0.661,0.567,4.871,0.63,0.103,,,2.982553,0.020625,7.753396134819794e-13,inf,inf,0.0,inf,inf,0,0,0,0,0,0,1,2035.210959
HD 4628_0,HD 4628,0.299,0.054,1.741,4.304,7.435,0.78,0.3,,,0.311156,0.253815,7.162555465447022e-09,inf,inf,0.0,inf,inf,0,0,0,0,0,0,1,2035.213699
HD 4628_1,HD 4628,4.258,0.031,1.273,1.784,7.435,0.78,0.3,,,4.235654,0.016136,8.934821308760317e-13,inf,inf,0.0,inf,inf,0,0,0,0,0,0,1,2035.213699
HD 4628_4,HD 4628,4.069,0.034,0.981,0.876,7.435,0.78,0.3,,,4.205505,0.285317,1.1431626341780144e-11,inf,inf,0.0,inf,inf,0,0,0,0,0,0,1,2035.213699
HD 4628_5,HD 4628,3.681,0.025,0.897,0.617,7.435,0.78,0.3,,,3.593239,0.289747,1.221496849705261e-11,inf,inf,0.0,inf,inf,0,0,0,0,0,0,1,2035.213699
HD 4628_6,HD 4628,1.476,0.055,1.942,4.324,7.435,0.78,0.3,0.19282,250.727347,1.437156,0.31814,3.75069076052604e-10,963.2392733268817,0.2675664648130227,0.15927006839519336,0.3393134788125499,0.0002857227604526252,1,1,1,1,1,1,1,2035.213699
HD 192310_0,HD 192310,1.267,0.07,0.641,0.14,8.812,0.77,0.404,,,1.191348,0.000306,5.463841513784566e-14,inf,inf,0.0,inf,inf,0,0,0,0,0,0,1,2035.216438
HD 192310_1,HD 192310,1.472,0.082,2.73,7.674,8.812,0.77,0.404,0.136774,278.697275,1.569275,0.076083,1.4741429991945534e-10,5251.747647132614,1.4588187908701704,0.061160612152175366,0.3393246052442499,0.00028579693666395863,1,1,1,1,1,1,1,2035.216438
HD 192310_2,HD 192310,0.631,0.109,2.544,13.411,8.812,0.77,0.404,,,0.575989,0.577106,8.473457053329708e-09,inf,inf,0.0,inf,inf,0,0,0,0,0,0,1,2035.216438
HD 192310_3,HD 192310,0.091,0.084,2.458,12.572,8.812,0.77,0.404,,,0.08454,0.334212,1.8907570008804652e-07,inf,inf,0.0,inf,inf,0,0,0,0,0,0,1,2035.216438
HD 10360_0,HD 10360,0.111,0.132,2.009,6.936,8.189,0.78,0.345,,,0.107042,0.545988,1.1336318531779532e-07,inf,inf,0.0,inf,inf,0,0,0,0,0,0,1,2035.219178
HD 10360_1,HD 10360,0.559,0.036,0.525,0.063,8.189,0.78,0.345,0.069788,97.610245,0.576176,0.374082,2.5404162743834904e-10,5066.535821630837,1.4073710615641213,0.06839788678919141,0.41230691943496833,0.0007723456979354148,1,1,1,1,1,1,1,2035.219178
HD 10360_2,HD 10360,3.873,0.13,2.182,7.34,8.189,0.78,0.345,,,3.403071,0.295658,7.385059437468638e-11,inf,inf,0.0,inf,inf,0,0,0,0,0,0,1,2035.219178
HD 10360_4,HD 10360,0.185,0.028,3.239,14.497,8.189,0.78,0.345,,,0.185029,0.182695,2.7922644600419424e-08,inf,inf,0.0,inf,inf,0,0,0,0,0,0,1,2035.219178
HD 10360_5,HD 10360,2.33,0.067,0.679,0.17,8.189,0.78,0.345,,,2.484197,0.535379,2.2197406359063562e-11,inf,inf,0.0,inf,inf,0,0,0,0,0,0,1,2035.219178
HD 156026_0,HD 156026,3.18,0.093,3.171,14.895,5.954,0.68,0.158,0.54448,177.330698,3.322252,0.437069,1.928150467512264e-10,7557.054508672305,2.0991818079645292,0.049058333929040326,0.3219020356969237,0.00016964647301511736,1,1,1,1,1,1,1,2035.221918
HD 156026_1,HD 156026,0.564,0.081,0.509,0.042,5.954,0.68,0.158,,,0.590802,0.005172,2.6454802288136834e-12,inf,inf,0.0,inf,inf,0,0,0,0,0,0,1,2035.221918
HD 156026_2,HD 156026,0.423,0.044,0.607,0.379,5.954,0.68,0.158,,,0.4415,0.008289,7.814494704064339e-12,inf,inf,0.0,inf,inf,0,0,0,0,0,0,1,2035.221918
HD 156026_3,HD 156026,1.001,0.06,2.318,7.224,5.954,0.68,0.158,0.172524,42.036817,1.050062,0.40371,1.4022034243427868e-09,266.68161811967553,0.07407822725546542,0.3518461310755747,0.32190206280403333,0.00016964665372918124,1,1,1,1,1,1,1,2035.221918
HD 156026_5,HD 156026,1.693,0.124,2.972,9.407,5.954,0.68,0.158,0.288126,215.195773,1.882731,0.538552,7.350347672270019e-10,714.9529980382786,0.19859805501063293,0.18670674400805648,0.3219020356969237,0.00016964647301511736,1,1,1,1,1,1,1,2035.221918
HD 149661_2,HD 149661,2.991,0.073,1.285,2.935,9.894,0.87,0.462,,,3.11463,0.383899,3.875338667396095e-11,inf,inf,0.0,inf,inf,0,0,0,0,0,0,1,2035.224658
HD 149661_3,HD 149661,2.364,0.065,0.7,0.315,9.894,0.87,0.462,,,2.405342,0.032993,1.7584957366724155e-12,inf,inf,0.0,inf,inf,0,0,0,0,0,0,1,2035.224658
HD 149661_5,HD 149661,3.155,0.051,2.936,7.428,9.894,0.87,0.462,0.298641,326.495786,3.007788,0.46809,3.65626299345836e-10,1045.537147419331,0.2904269853942586,0.15146165651334512,0.3379539178196582,0.0002766590205000139,1,1,1,1,1,1,1,2035.224658
HD 10361_1,HD 10361,0.761,0.025,1.303,2.715,8.197,0.77,0.304,,,0.743518,0.049096,9.79005216507838e-11,inf,inf,0.0,inf,inf,0,0,0,0,0,0,1,2035.227397
HD 10361_2,HD 10361,0.985,0.066,0.785,0.596,8.197,0.77,0.304,0.110013,245.85962,0.937329,0.507487,2.556390616618287e-10,2753.003134345594,0.764723092873776,0.0872239083095339,0.3399906317681225,0.00029023711348977584,1,1,1,1,1,1,1,2035.227397
HD 10361_3,HD 10361,1.525,0.07,0.586,0.784,8.197,0.77,0.304,,,1.629675,0.590538,6.785614971647325e-11,inf,inf,0.0,inf,inf,0,0,0,0,0,0,1,2035.227397
HD 10361_4,HD 10361,4.037,0.084,0.501,0.084,8.197,0.77,0.304,,,3.942857,0.440221,4.9242479130696214e-12,inf,inf,0.0,inf,inf,0,0,0,0,0,0,1,2035.227397
HD 3651 A_0,HD 3651 A,0.818,0.09,1.086,0.195,11.108,0.86,0.532,,,0.775067,0.723371,1.0740645083762746e-09,inf,inf,0.0,inf,inf,0,0,0,0,0,0,1,2035.230137
HD 3651 A_3,HD 3651 A,0.106,0.12,3.284,8.237,11.108,0.86,0.532,,,0.093584,0.397852,2.292415589541394e-07,inf,inf,0.0,inf,inf,0,0,0,0,0,0,1,2035.230137
HD 3651 A_5,HD 3651 A,0.552,0.025,0.534,0.148,11.108,0.86,0.532,,,0.538297,0.323902,2.589897223246061e-10,inf,inf,0.0,inf,inf,0,0,0,0,0,0,1,2035.230137
HD 100623 A_0,HD 100623 A,4.014,0.105,2.503,8.448,9.559,0.88,0.37,0.418938,116.787779,4.283153,0.525821,1.4427400801657897e-10,7439.240988626689,2.06645583017408,0.05014602941089785,0.3312275790176131,0.00023181676181971352,1,1,1,1,1,1,1,2035.232877
HD 100623 A_2,HD 100623 A,0.102,0.086,0.559,0.245,9.559,0.88,0.37,,,0.110101,0.591157,9.12031570794143e-09,inf,inf,0.0,inf,inf,0,0,0,0,0,0,1,2035.232877
HD 100623 A_3,HD 100623 A,4.384,0.075,1.441,2.214,9.559,0.88,0.37,,,4.687701,0.923772,6.111001891393515e-11,inf,inf,0.0,inf,inf,0,0,0,0,0,0,1,2035.232877
HD 100623 A_4,HD 100623 A,2.524,0.072,0.66,0.613,9.559,0.88,0.37,,,2.494018,0.111901,4.377493888687555e-12,inf,inf,0.0,inf,inf,0,0,0,0,0,0,1,2035.232877
HD 100623 A_5,HD 100623 A,4.18,0.038,0.734,0.337,9.559,0.88,0.37,,,4.151977,0.454235,8.959722596215355e-12,inf,inf,0.0,inf,inf,0,0,0,0,0,0,1,2035.232877
HD 100623 A_6,HD 100623 A,0.362,0.165,0.555,0.359,9.559,0.88,0.37,,,0.315091,0.671418,1.3185107088444238e-09,inf,inf,0.0,inf,inf,0,0,0,0,0,0,1,2035.232877
HD 100623 A_7,HD 100623 A,4.073,0.068,1.365,1.972,9.559,0.88,0.37,,,3.805949,0.031739,3.3393312308779353e-12,inf,inf,0.0,inf,inf,0,0,0,0,0,0,1,2035.232877
HD 216803_1,HD 216803,3.539,0.087,2.035,5.879,7.601,0.72,0.196,0.464116,155.689579,3.798659,0.524438,1.0727696241352696e-10,29801.66844205287,8.278241233903575,0.023747711375112474,0.3185980460843817,0.00014761987559817064,1,0,1,1,1,1,1,2035.235616
HD 216803_3,HD 216803,0.104,0.044,0.893,0.284,7.601,0.72,0.196,,,0.103042,0.070962,3.605452478289665e-09,inf,inf,0.0,inf,inf,0,0,0,0,0,0,1,2035.235616
HD 216803_4,HD 216803,2.738,0.038,2.631,12.08,7.601,0.72,0.196,0.178723,358.458536,2.800608,0.885414,5.824752417817459e-10,1346.0310274329104,0.37389750762025287,0.12742801020979694,0.31859805023096777,0.00014761990324207755,1,1,1,1,1,1,1,2035.235616
HD 216803_5,HD 216803,0.109,0.06,0.686,0.431,7.601,0.72,0.196,,,0.114319,0.281742,5.703921961044523e-09,inf,inf,0.0,inf,inf,0,0,0,0,0,0,1,2035.235616
HD 216803_6,HD 216803,0.431,0.071,1.431,2.693,7.601,0.72,0.196,,,0.452704,0.494003,3.348143673343536e-09,inf,inf,0.0,inf,inf,0,0,0,0,0,0,1,2035.235616
HD 32147_1,HD 32147,0.121,0.122,1.044,1.526,8.844,0.75,0.29,,,0.130122,0.167845,6.701695794209463e-09,inf,inf,0.0,inf,inf,0,0,0,0,0,0,1,2035.238356
HD 32147_2,HD 32147,3.272,0.062,1.942,2.786,8.844,0.75,0.29,,,3.471313,0.507804,9.512026802695853e-11,inf,inf,0.0,inf,inf,0,0,0,0,0,0,1,2035.238356
HD 17925_0,HD 17925,1.472,0.037,0.676,0.068,10.361,0.82,0.401,,,1.526463,0.119657,1.5662350692709793e-11,inf,inf,0.0,inf,inf,0,0,0,0,0,0,1,2035.241096
HD 17925_2,HD 17925,0.735,0.099,0.938,0.945,10.361,0.82,0.401,0.074092,236.601245,0.78232,0.300516,3.110613235519865e-10,4305.1727674125505,1.195881324281264,0.07165201659165232,0.3781486846752346,0.0005446241328705233,1,1,1,1,1,1,1,2035.241096
HD 17925_3,HD 17925,0.561,0.086,1.065,2.041,10.361,0.82,0.401,,,0.609012,0.712502,1.6439153170283932e-09,inf,inf,0.0,inf,inf,0,0,0,0,0,0,1,2035.241096
HD 17925_4,HD 17925,0.848,0.062,1.424,1.901,10.361,0.82,0.401,0.081575,237.858623,0.896952,0.404162,6.540225725578956e-10,902.9533517865938,0.25082037549627606,0.16957667776644222,0.36016963201007124,0.00042476378176943406,1,1,1,1,1,1,1,2035.241096
HD 17925_6,HD 17925,3.618,0.076,0.719,0.216,10.361,0.82,0.401,,,3.653423,0.333034,8.117596722876582e-12,inf,inf,0.0,inf,inf,0,0,0,0,0,0,1,2035.241096
HD 37394_0,HD 37394,1.839,0.051,0.552,0.164,12.27,0.88,0.478,,,1.865897,0.658938,3.5142977992493014e-11,inf,inf,0.0,inf,inf,0,0,0,0,0,0,1,2035.243836
HD 37394_1,HD 37394,0.501,0.058,1.934,5.969,12.27,0.88,0.478,,,0.513811,0.478433,3.1348732281839486e-09,inf,inf,0.0,inf,inf,0,0,0,0,0,0,1,2035.243836
HD 37394_3,HD 37394,1.245,0.044,1.502,2.038,12.27,0.88,0.478,0.101092,335.466236,1.270224,0.522647,4.98341462034877e-10,1548.373331502146,0.43010370319504054,0.120318544345595,0.3370193882533913,0.00027042882339156757,1,1,1,1,1,1,1,2035.243836
HD 37394_5,HD 37394,0.152,0.102,1.111,1.488,12.27,0.88,0.478,,,0.157127,0.06792,2.032304381977132e-09,inf,inf,0.0,inf,inf,0,0,0,0,0,0,1,2035.243836
HD 37394_9,HD 37394,0.863,0.077,0.726,0.552,12.27,0.88,0.478,,,0.867775,0.143751,8.467216147493101e-11,inf,inf,0.0,inf,inf,0,0,0,0,0,0,1,2035.243836
HD 37394_10,HD 37394,0.093,0.059,3.205,15.21,12.27,0.88,0.478,,,0.087963,0.525781,4.1775961998402734e-07,inf,inf,0.0,inf,inf,0,0,0,0,0,0,1,2035.243836
HD 37394_11,HD 37394,1.171,0.065,2.415,5.91,12.27,0.88,0.478,0.101165,3.037823,1.245826,0.3103,8.035956714429741e-10,658.0108971231526,0.1827808047564313,0.19892010827451262,0.33240884318798836,0.0002396918562888815,1,1,1,1,1,1,1,2035.243836
HD 37394_15,HD 37394,0.222,0.142,1.093,0.563,12.27,0.88,0.478,,,0.25064,0.577378,7.168952322379521e-09,inf,inf,0.0,inf,inf,0,0,0,0,0,0,1,2035.243836
HD 37394_16,HD 37394,2.623,0.055,2.621,9.008,12.27,0.88,0.478,0.210752,66.869535,2.541392,0.345124,3.095781218298315e-10,2754.0954357423175,0.7650265099284215,0.0853771793183589,0.3242289152845924,0.0001851590035995755,1,1,1,1,1,1,1,2035.243836
HD 95735_0,HD 95735,0.673,0.041,0.901,1.876,2.546,0.44,0.02,,,0.70003,0.041022,4.843721874428036e-11,inf,inf,0.0,inf,inf,0,0,0,0,0,0,1,2035.246575
HD 95735_2,HD 95735,0.392,0.078,0.638,0.252,2.546,0.44,0.02,0.133195,94.694861,0.369033,0.527833,1.0472293638911791e-09,2352.6669581977644,0.653518599499379,0.09086055490619606,0.3055139760248227,6.039274186777741e-05,1,1,1,1,1,1,1,2035.246575
HD 95735_3,HD 95735,0.164,0.146,0.847,1.655,2.546,0.44,0.02,0.06957,216.376855,0.184087,0.171264,2.9985068115042816e-09,838.9495667902673,0.23304154633062982,0.16946141291392486,0.32219261663792015,0.00017158367928842697,1,1,1,1,1,1,1,2035.246575
HD 95735_4,HD 95735,2.481,0.023,1.454,2.402,2.546,0.44,0.02,0.785056,42.275757,2.499626,0.678429,1.6777995043846378e-10,68641.47529757577,19.067076471548827,0.015134263691822743,0.3054756786342448,6.0137425930591304e-05,1,0,0,1,1,1,1,2035.246575
HD 95735_6,HD 95735,0.163,0.047,1.008,2.764,2.546,0.44,0.02,,,0.156549,0.953778,2.6176715525479178e-08,inf,inf,0.0,inf,inf,0,0,0,0,0,0,1,2035.246575
HD 217987_0,HD 217987,3.278,0.032,3.1,17.272,3.287,0.49,0.036,0.952372,188.359279,3.275063,0.190819,1.1069452772120801e-10,132033.64961323878,36.67601378145522,0.010858142096600677,0.30626432131490483,6.539504380165811e-05,1,0,0,0,1,1,1,2035.249315
HD 217987_1,HD 217987,0.104,0.158,2.049,6.333,3.287,0.49,0.036,,,0.120422,0.3995,7.866394971029225e-08,inf,inf,0.0,inf,inf,0,0,0,0,0,0,1,2035.249315
HD 202560_0,HD 202560,0.846,0.075,1.59,2.013,3.97,0.59,0.083,0.121528,332.765722,0.782753,0.832937,2.3436725532427457e-09,229.61612134465724,0.06378225592907145,0.3871364420934541,0.3151789604197345,0.0001248259711671889,1,1,1,1,1,1,1,2035.252055
HD 202560_1,HD 202560,0.552,0.052,0.674,0.125,3.97,0.59,0.083,0.136607,268.262549,0.547937,0.349765,4.1175960900594837e-10,3813.1055816077123,1.0591959948910312,0.07029511395191268,0.31418409832433414,0.00011819355719785341,1,1,1,1,1,1,1,2035.252055
HD 202560_3,HD 202560,0.867,0.117,1.589,3.604,3.97,0.59,0.083,0.227432,36.798321,0.964289,0.490051,9.001935482177847e-10,922.0280777743479,0.25611891049287444,0.15848616071270538,0.31414132836545816,0.00011790842413868022,1,1,1,1,1,1,1,2035.252055
HD 202560_4,HD 202560,2.302,0.14,0.558,0.251,3.97,0.59,0.083,,,2.194055,0.111543,5.129261999051298e-12,inf,inf,0.0,inf,inf,0,0,0,0,0,0,1,2035.252055
HD 202560_5,HD 202560,3.244,0.082,0.847,0.372,3.97,0.59,0.083,,,3.479237,0.07978,3.172820321700358e-12,inf,inf,0.0,inf,inf,0,0,0,0,0,0,1,2035.252055
HD 202560_6,HD 202560,0.414,0.085,0.785,0.225,3.97,0.59,0.083,0.096811,171.891103,0.389064,0.203179,5.745489331968561e-10,2623.8964026533777,0.7288601118481605,0.08760675112480756,0.32329403982993854,0.00017892650056854968,1,1,1,1,1,1,1,2035.252055
HD 201091_1,HD 201091,1.051,0.108,0.699,0.293,3.497,0.68,0.142,0.3128,241.03166,1.13648,0.465642,1.1469100699147908e-10,3487.7671659241373,0.9688242127567048,0.07910028431196552,0.36551657860591275,0.00046041009240837736,1,1,1,1,1,1,2,2035.27565
HD 201091_2,HD 201091,2.964,0.153,0.94,0.359,3.497,0.68,0.142,,,2.54693,0.01776,2.220089441887501e-12,inf,inf,0.0,inf,inf,0,0,0,0,0,0,2,2035.27565
HD 201091_4,HD 201091,2.241,0.067,3.013,8.159,3.497,0.68,0.142,,,2.346881,0.013999,1.4353098728361645e-11,inf,inf,0.0,inf,inf,0,0,0,0,0,0,2,2035.27565
HD 165341 B_1,HD 165341 B,1.256,0.089,0.5,0.053,5.122,0.78,0.164,,,1.297818,0.058522,5.592587083375308e-12,inf,inf,0.0,inf,inf,0,0,0,0,0,0,2,2035.292832
HD 165341 B_2,HD 165341 B,4.082,0.042,1.247,0.85,5.122,0.78,0.164,,,4.222916,0.034654,2.1702447756521626e-12,inf,inf,0.0,inf,inf,0,0,0,0,0,0,2,2035.292832
HD 165341 B_3,HD 165341 B,0.1,0.077,0.528,0.124,5.122,0.78,0.164,,,0.099474,0.02845,6.251137014462569e-10,inf,inf,0.0,inf,inf,0,0,0,0,0,0,2,2035.292832
HD 165341 B_4,HD 165341 B,0.76,0.117,1.137,2.374,5.122,0.78,0.164,0.138786,82.930564,0.738032,0.185632,2.9804717992706017e-10,2489.380296009162,0.6914945266692117,0.0908183690865005,0.32809838560687243,0.0002109554724147755,1,1,1,1,1,1,2,2035.292832
HD 10700_0,HD 10700,1.625,0.099,0.563,0.087,3.652,0.94,0.506,,,1.763218,0.343703,2.4277474846134485e-11,inf,inf,0.0,inf,inf,0,0,0,0,0,0,2,2035.295572
HD 20794_0,HD 20794,4.322,0.17,2.962,5.742,6.041,0.97,0.654,,,4.427497,0.025919,5.8487839255621786e-12,inf,inf,0.0,inf,inf,0,0,0,0,0,0,2,2035.33757
HD 20794_1,HD 20794,2.398,0.095,1.302,2.525,6.041,0.97,0.654,,,2.357732,0.072876,1.5799860233345608e-11,inf,inf,0.0,inf,inf,0,0,0,0,0,0,2,2035.33757
HD 156274 A_3,HD 156274 A,4.433,0.138,1.608,3.519,8.791,0.9,0.452,,,4.916991,0.175731,1.339575791375717e-11,inf,inf,0.0,inf,inf,0,0,0,0,0,0,2,2035.343788
HD 88230_0,HD 88230,1.858,0.024,1.413,3.961,4.871,0.63,0.103,0.281076,103.376213,1.854542,0.731781,2.480847288710137e-10,7238.141803647845,2.010594945457735,0.049811751054895,0.31657544082394645,0.00013413584052860236,1,1,1,1,1,2,2,2035.350175
HD 88230_1,HD 88230,0.369,0.102,2.613,14.391,4.871,0.63,0.103,0.06802,301.807941,0.362013,0.287223,9.498857248674587e-09,46.16155092644529,0.01282265303512369,1.3381546912517122,0.34876927412120606,0.0003487613958436665,1,1,1,1,1,2,2,2035.350175
HD 88230_2,HD 88230,0.941,0.058,0.511,0.079,4.871,0.63,0.103,0.110785,41.930764,0.938893,0.834257,1.5910716459888261e-10,19378.45752919996,5.3829048692222115,0.02967990816576011,0.3182856377202094,0.00014553715317035525,1,0,1,1,1,2,2,2035.350175
HD 88230_3,HD 88230,1.397,0.055,1.541,3.057,4.871,0.63,0.103,0.262648,174.889815,1.423937,0.556884,3.9863007807506783e-10,3036.935471453593,0.8435931865148869,0.07999653703322661,0.31657544082394645,0.00013413584052860236,1,1,1,1,1,2,2,2035.350175
HD 88230_4,HD 88230,0.683,0.12,0.831,0.221,4.871,0.63,0.103,0.079427,246.253207,0.603567,0.815664,1.152541678988498e-09,886.8367534376878,0.24634354262157993,0.1686666092176799,0.3461159593960804,0.0003310726310094956,1,1,1,1,1,2,2,2035.350175
HD 88230_5,HD 88230,2.552,0.09,1.594,2.912,4.871,0.63,0.103,0.504411,343.032139,2.672882,0.540425,1.2200360519112902e-10,27790.31484696114,7.71953190193365,0.024542667157425025,0.31657544082394645,0.00013413584052860236,1,0,1,1,1,2,2,2035.350175
HD 88230_6,HD 88230,2.842,0.103,0.661,0.567,4.871,0.63,0.103,,,3.016363,0.017876,6.570097561965394e-13,inf,inf,0.0,inf,inf,0,0,0,0,0,0,2,2035.350175
HD 101501_3,HD 101501,0.112,0.069,1.262,2.497,9.576,0.94,0.609,,,0.105491,0.102192,9.708260373501496e-09,inf,inf,0.0,inf,inf,0,0,0,0,0,0,2,2035.375698
HD 101501_7,HD 101501,0.888,0.054,0.887,0.333,9.576,0.94,0.609,,,0.87371,0.864547,5.753113071695618e-10,inf,inf,0.0,inf,inf,0,0,0,0,0,0,2,2035.375698
HD 32147_1,HD 32147,0.121,0.122,1.044,1.526,8.844,0.75,0.29,,,0.125078,0.073303,3.1676462142365612e-09,inf,inf,0.0,inf,inf,0,0,0,0,0,0,2,2035.379243
HD 32147_2,HD 32147,3.272,0.062,1.942,2.786,8.844,0.75,0.29,0.353425,307.427936,3.465221,0.560924,1.0544027248886268e-10,20338.776379184743,5.649660105329096,0.029206936016789937,0.3241778010514222,0.0001848182420451071,1,0,1,1,1,1,2,2035.379243
HD 165341 A_0,HD 165341 A,3.482,0.036,1.359,2.775,5.113,0.88,0.532,,,3.455373,0.001783,1.6855485255043446e-13,inf,inf,0.0,inf,inf,0,0,0,0,0,0,2,2035.381982
HD 165341 A_2,HD 165341 A,0.277,0.022,2.947,13.11,5.113,0.88,0.532,,,0.27177,0.014183,9.497678236753706e-10,inf,inf,0.0,inf,inf,0,0,0,0,0,0,2,2035.381982
HD 165341 A_3,HD 165341 A,0.642,0.027,1.615,1.833,5.113,0.88,0.532,,,0.624666,0.029291,9.303141845197125e-11,inf,inf,0.0,inf,inf,0,0,0,0,0,0,2,2035.381982
HD 10476_0,HD 10476,0.171,0.07,0.738,0.088,7.644,0.85,0.454,,,0.159861,0.060579,7.375839043686991e-10,inf,inf,0.0,inf,inf,0,0,0,0,0,0,2,2035.384722
HD 202560_0,HD 202560,0.846,0.075,1.59,2.013,3.97,0.59,0.083,0.203914,310.671372,0.803344,0.32993,8.813598514125173e-10,960.1405219896754,0.2667057005526876,0.1546827042322961,0.31414132837144787,0.00011790842417861163,1,1,1,1,1,2,2,2035.389553
HD 202560_1,HD 202560,0.552,0.052,0.674,0.125,3.97,0.59,0.083,0.144124,177.510213,0.580426,0.39595,4.1540842452669075e-10,3710.631211234451,1.0307308920095697,0.07135427203994218,0.31415380323930786,0.00011799158996434515,1,1,1,1,1,2,2,2035.389553
HD 202560_3,HD 202560,0.867,0.117,1.589,3.604,3.97,0.59,0.083,0.223149,356.69062,0.918245,0.454579,9.208740140652318e-10,888.737154386302,0.24687143177397278,0.16203143640424794,0.3141413283654618,0.00011790842413870464,1,1,1,1,1,2,2,2035.389553
HD 202560_4,HD 202560,2.302,0.14,0.558,0.251,3.97,0.59,0.083,,,2.135287,0.116146,5.6389758713211606e-12,inf,inf,0.0,inf,inf,0,0,0,0,0,0,2,2035.389553
HD 202560_5,HD 202560,3.244,0.082,0.847,0.372,3.97,0.59,0.083,,,3.491028,0.083187,3.2860101219723393e-12,inf,inf,0.0,inf,inf,0,0,0,0,0,0,2,2035.389553
HD 202560_6,HD 202560,0.414,0.085,0.785,0.225,3.97,0.59,0.083,0.103155,12.558949,0.423636,0.467345,1.114658744627577e-09,779.0320076026618,0.21639777988962827,0.176517186302373,0.31883947109376226,0.00014922937566070753,1,1,1,1,1,2,2,2035.389553
HD 20630_1,HD 20630,0.648,0.142,1.547,4.726,9.276,0.98,0.857,0.074026,276.089429,0.737097,0.526714,1.5737263283102004e-09,70.71332502919408,0.019642590285887246,1.053928308842028,0.5488485881538622,0.0016826234893947071,1,1,1,1,1,1,2,2035.398343
HD 20630_5,HD 20630,1.387,0.083,0.621,0.63,9.276,0.98,0.857,,,1.36532,0.482998,6.034699894857071e-11,inf,inf,0.0,inf,inf,0,0,0,0,0,0,2,2035.398343
HD 88230_0,HD 88230,1.858,0.024,1.413,3.961,4.871,0.63,0.103,0.303547,94.440402,1.860748,0.700418,2.3587111927669653e-10,7947.970899019866,2.207769694172185,0.04737816347277541,0.31657544082394645,0.00013413584052860236,1,1,1,1,1,3,3,2035.420897
HD 88230_1,HD 88230,0.369,0.102,2.613,14.391,4.871,0.63,0.103,,,0.333252,0.918007,3.582604501888613e-08,inf,inf,0.0,inf,inf,0,0,0,0,0,2,3,2035.420897
HD 88230_2,HD 88230,0.941,0.058,0.511,0.079,4.871,0.63,0.103,0.154979,30.225625,0.918235,0.642235,1.2805844734052837e-10,26337.921534896854,7.316089315249126,0.025234889696209028,0.3165764730309671,0.00013414272190873973,1,0,1,1,1,3,3,2035.420897
HD 88230_3,HD 88230,1.397,0.055,1.541,3.057,4.871,0.63,0.103,0.271689,164.902967,1.408296,0.480915,3.5193866765253307e-10,3801.6337652631587,1.0560093792397662,0.07065376479558771,0.31657544082394645,0.00013413584052860236,1,1,1,1,1,3,3,2035.420897
HD 88230_4,HD 88230,0.683,0.12,0.831,0.221,4.871,0.63,0.103,,,0.609514,0.960787,1.3312387991410123e-09,inf,inf,0.0,inf,inf,0,0,0,0,0,2,3,2035.420897
HD 88230_5,HD 88230,2.552,0.09,1.594,2.912,4.871,0.63,0.103,0.511992,339.757509,2.656306,0.51239,1.17122644209086e-10,30071.193943563172,8.353109428767548,0.023561039741187444,0.31657544082394645,0.00013413584052860236,1,0,1,1,1,3,3,2035.420897
HD 88230_6,HD 88230,2.842,0.103,0.661,0.567,4.871,0.63,0.103,,,3.032195,0.01748,6.35750381849061e-13,inf,inf,0.0,inf,inf,0,0,0,0,0,0,3,2035.420897
HD 155885_0,HD 155885,0.424,0.016,1.08,0.365,5.948,0.85,0.332,,,0.4275,0.999586,4.281033229592006e-09,inf,inf,0.0,inf,inf,0,0,0,0,0,1,2,2035.43277
HD 155885_1,HD 155885,0.125,0.137,2.355,7.262,5.948,0.85,0.332,,,0.113815,0.456342,1.1090986206694249e-07,inf,inf,0.0,inf,inf,0,0,0,0,0,0,2,2035.43277
HD 155885_4,HD 155885,2.293,0.052,0.991,0.685,5.948,0.85,0.332,,,2.408355,0.636811,8.389305430526648e-11,inf,inf,0.0,inf,inf,0,0,0,0,0,1,2,2035.43277
HD 155886_1,HD 155886,0.511,0.064,0.698,0.549,5.952,0.85,0.327,0.083612,245.290276,0.543659,0.16572,1.5457502540070515e-10,2806.8036477628757,0.7796676799341321,0.09809585956516378,0.45016698031202024,0.0010247461037824275,1,1,1,1,1,2,2,2035.43551
HD 155886_2,HD 155886,0.232,0.069,1.589,4.704,5.952,0.85,0.327,,,0.227518,0.314547,1.1353058980268169e-08,inf,inf,0.0,inf,inf,0,0,0,0,0,0,2,2035.43551
HD 155886_3,HD 155886,1.253,0.044,2.915,7.774,5.952,0.85,0.327,0.135453,75.080396,1.30769,0.034947,1.319602011608356e-10,2308.4641243477663,0.6412400345410462,0.10055699568313574,0.3751849836818149,0.0005248661262477252,1,1,1,1,1,2,2,2035.43551
HD 155886_4,HD 155886,0.305,0.028,0.94,0.937,5.952,0.85,0.327,,,0.309571,0.780369,5.206676918811081e-09,inf,inf,0.0,inf,inf,0,0,0,0,0,0,2,2035.43551
HD 155886_5,HD 155886,0.201,0.128,1.339,2.779,5.952,0.85,0.327,,,0.226223,0.049732,1.1312510901614473e-09,inf,inf,0.0,inf,inf,0,0,0,0,0,0,2,2035.43551
HD 155886_6,HD 155886,0.316,0.044,0.948,1.735,5.952,0.85,0.327,,,0.329662,0.209845,1.1550333915279702e-09,inf,inf,0.0,inf,inf,0,0,0,0,0,0,2,2035.43551
HD 155886_7,HD 155886,0.59,0.079,3.352,16.163,5.952,0.85,0.327,0.096777,12.288793,0.629385,0.172347,3.209513444747396e-09,25.878763944232468,0.007188545540064574,2.2339750525744724,0.40176141445205893,0.0007020423313826853,1,1,1,1,1,2,2,2035.43551
HD 155886_8,HD 155886,3.879,0.087,2.635,16.445,5.952,0.85,0.327,,,4.088127,0.228034,5.5840195049949735e-11,inf,inf,0.0,inf,inf,0,0,0,0,0,0,2,2035.43551
HD 3651 A_0,HD 3651 A,0.818,0.09,1.086,0.195,11.108,0.86,0.532,0.072097,40.471828,0.879633,0.501365,5.779613801516069e-10,1124.5985963441085,0.31238849898447457,0.15466486085179326,0.3938764663860927,0.0006494760109429105,1,1,1,1,1,1,2,2035.43825
HD 3651 A_3,HD 3651 A,0.106,0.12,3.284,8.237,11.108,0.86,0.532,,,0.114069,0.527548,2.0459975080466392e-07,inf,inf,0.0,inf,inf,0,0,0,0,0,0,2,2035.43825
HD 3651 A_5,HD 3651 A,0.552,0.025,0.534,0.148,11.108,0.86,0.532,,,0.56577,0.232129,1.6802036577524975e-10,inf,inf,0.0,inf,inf,0,0,0,0,0,0,2,2035.43825
HD 140538 A_0,HD 140538 A,2.088,0.047,0.685,0.069,14.793,0.94,0.834,,,2.184727,0.794246,6.556542915020251e-11,inf,inf,0.0,inf,inf,0,0,0,0,0,0,2,2035.450518
HD 140538 A_1,HD 140538 A,0.512,0.053,2.798,18.338,14.793,0.94,0.834,,,0.538523,0.37181,5.879796066291486e-09,inf,inf,0.0,inf,inf,0,0,0,0,0,0,2,2035.450518
HD 140538 A_2,HD 140538 A,4.137,0.053,0.916,0.304,14.793,0.94,0.834,,,4.054112,0.618243,2.3011059927810107e-11,inf,inf,0.0,inf,inf,0,0,0,0,0,0,2,2035.450518
HD 209100_0,HD 209100,2.433,0.127,0.524,0.078,3.638,0.72,0.222,,,2.374231,0.486636,1.5777520971570985e-11,inf,inf,0.0,inf,inf,0,0,0,0,0,0,2,2035.453257
HD 209100_1,HD 209100,1.218,0.094,0.54,0.224,3.638,0.72,0.222,,,1.322163,0.503802,5.4717193027720116e-11,inf,inf,0.0,inf,inf,0,0,0,0,0,1,2,2035.453257
HD 209100_2,HD 209100,0.989,0.073,1.925,7.679,3.638,0.72,0.222,0.185319,83.158059,0.968888,0.748947,1.5281373357699998e-09,35.42751037582166,0.009840975104394906,1.7137751503510257,0.40970451413327913,0.0007549963292574865,1,1,1,1,1,2,2,2035.453257
HD 209100_4,HD 209100,3.542,0.022,2.632,11.464,3.638,0.72,0.222,0.803259,293.505218,3.480843,0.645197,2.0070981141593497e-10,604.4896463588956,0.16791379065524878,0.22729544822733788,0.40970451279835196,0.0007549963203579721,1,1,1,1,1,2,2,2035.453257
HD 209100_5,HD 209100,0.635,0.076,0.931,0.965,3.638,0.72,0.222,0.176411,102.788614,0.654679,0.345351,4.4712610528442544e-10,178.24344319843965,0.04951206755512212,0.5001519309354626,0.40970454040034304,0.0007549965043712462,1,1,1,1,1,2,2,2035.453257
HD 209100_6,HD 209100,1.701,0.082,0.885,1.719,3.638,0.72,0.222,,,1.610449,0.008247,1.7931059947619292e-12,inf,inf,0.0,inf,inf,0,0,0,0,0,0,2,2035.453257
HD 209100_8,HD 209100,2.097,0.099,2.488,10.973,3.638,0.72,0.222,0.264104,245.882308,1.985234,0.895694,1.038444857052398e-09,56.397507867456596,0.01566597440762683,1.1724612004418618,0.40970451279835196,0.0007549963203579721,1,1,1,1,1,2,2,2035.453257
HD 209100_9,HD 209100,0.782,0.071,2.297,6.298,3.638,0.72,0.222,0.203334,52.274658,0.747044,0.272807,1.4173578015557252e-09,38.66145520350902,0.01073929311208584,1.5933288646037915,0.40970451281775244,0.0007549963204873086,1,1,1,1,1,2,2,2035.453257
HD 209100_10,HD 209100,0.182,0.056,2.026,7.17,3.638,0.72,0.222,,,0.190408,0.224423,2.082876892253889e-08,inf,inf,0.0,inf,inf,0,0,0,0,0,0,2,2035.453257
HD 209100_11,HD 209100,0.917,0.107,1.174,2.417,3.638,0.72,0.222,0.188191,159.494989,0.882134,0.71768,8.898908253637884e-10,69.41019574674473,0.019280609929651315,0.9962848817211386,0.40970452412114383,0.0007549963958432515,1,1,1,1,1,2,2,2035.453257
HD 72905_1,HD 72905,0.661,0.069,0.5,0.051,14.439,1.08,0.973,,,0.661239,0.722707,3.0877025649002547e-10,inf,inf,0.0,inf,inf,0,0,0,0,0,0,2,2035.455997
HD 72905_3,HD 72905,0.899,0.099,2.776,19.234,14.439,1.08,0.973,,,0.965956,0.037133,1.9077664075464229e-10,inf,inf,0.0,inf,inf,0,0,0,0,0,0,2,2035.455997
HD 72905_4,HD 72905,0.923,0.214,1.407,2.24,14.439,1.08,0.973,,,1.10304,0.054198,6.061481971522534e-11,inf,inf,0.0,inf,inf,0,0,0,0,0,0,2,2035.455997
HD 72905_5,HD 72905,3.175,0.086,0.525,0.068,14.439,1.08,0.973,,,3.073001,0.167131,2.9549417645073377e-12,inf,inf,0.0,inf,inf,0,0,0,0,0,0,2,2035.455997
HD 4391_0,HD 4391,0.363,0.182,1.471,1.692,15.049,0.98,0.923,,,0.364808,0.034477,3.7312170421194864e-10,inf,inf,0.0,inf,inf,0,0,0,0,0,0,2,2035.460814
HD 4391_1,HD 4391,1.544,0.114,0.614,0.159,15.049,0.98,0.923,,,1.397631,0.358765,3.9933827932702315e-11,inf,inf,0.0,inf,inf,0,0,0,0,0,0,2,2035.460814
HD 4391_2,HD 4391,0.361,0.058,0.863,0.256,15.049,0.98,0.923,,,0.34106,0.042974,2.3104594751645033e-10,inf,inf,0.0,inf,inf,0,0,0,0,0,0,2,2035.460814
HD 4391_3,HD 4391,0.102,0.064,0.942,1.344,15.049,0.98,0.923,,,0.101875,0.132193,7.994443626707618e-09,inf,inf,0.0,inf,inf,0,0,0,0,0,0,2,2035.460814
HD 4391_4,HD 4391,0.526,0.038,2.712,11.881,15.049,0.98,0.923,,,0.535679,0.927268,1.6983366172139146e-08,inf,inf,0.0,inf,inf,0,0,0,0,0,0,2,2035.460814
HD 136352_0,HD 136352,1.127,0.083,0.501,0.05,14.739,1.02,1.029,,,1.109038,0.076056,1.1315960671914253e-11,inf,inf,0.0,inf,inf,0,0,0,0,0,0,2,2035.463553
HD 136352_2,HD 136352,0.995,0.082,1.549,3.519,14.739,1.02,1.029,0.067931,172.590129,1.036658,0.217559,3.7793677250485734e-10,2196.64384700237,0.6101788463895472,0.10954454420117775,0.4267519051193522,0.0008686456024979735,1,1,1,1,1,1,2,2035.463553
HD 136352_3,HD 136352,3.774,0.069,2.041,4.78,14.739,1.02,1.029,,,3.746144,0.488811,9.868272000127516e-11,inf,inf,0.0,inf,inf,0,0,0,0,0,0,2,2035.463553
HD 136352_4,HD 136352,1.831,0.068,0.826,0.342,14.739,1.02,1.029,,,1.844869,0.36232,5.0846499688651835e-11,inf,inf,0.0,inf,inf,0,0,0,0,0,0,2,2035.463553
HD 26965 A_1,HD 26965 A,0.482,0.058,1.38,2.403,5.01,0.86,0.41,0.093771,102.765979,0.507469,0.14111,8.005508681407317e-10,77.27602112119247,0.021465561422553465,0.97756482188903,0.529341036638157,0.0015525731459566728,1,1,1,1,1,2,2,2035.466293
HD 26965 A_2,HD 26965 A,0.345,0.049,0.5,0.06,5.01,0.86,0.41,0.067477,169.114347,0.340872,0.284798,4.545369249992828e-10,332.4177152249645,0.09233825422915681,0.405740001696213,0.7085721706139864,0.002747447372462202,1,1,1,1,1,1,2,2035.466293
HD 146233_0,HD 146233,0.356,0.047,2.679,8.19,14.137,1.02,1.094,,,0.340422,0.279238,1.2733975829277015e-08,inf,inf,0.0,inf,inf,0,0,0,0,0,0,2,2035.469033
HD 146233_1,HD 146233,0.206,0.044,2.032,3.376,14.137,1.02,1.094,,,0.214502,0.045377,2.946745434996489e-09,inf,inf,0.0,inf,inf,0,0,0,0,0,0,2,2035.469033
HD 146233_4,HD 146233,0.539,0.141,1.433,3.682,14.137,1.02,1.094,,,0.541224,0.25073,1.316578497570281e-09,inf,inf,0.0,inf,inf,0,0,0,0,0,0,2,2035.469033
HD 33262 A_0,HD 33262 A,4.098,0.155,0.949,0.422,11.693,1.14,1.466,,,4.686911,0.097803,2.7634135245137897e-12,inf,inf,0.0,inf,inf,0,0,0,0,0,0,2,2035.471772
HD 33262 A_1,HD 33262 A,3.3,0.062,1.368,1.583,11.693,1.14,1.466,,,3.378717,0.005101,5.748261359135234e-13,inf,inf,0.0,inf,inf,0,0,0,0,0,0,2,2035.471772
HD 33262 A_2,HD 33262 A,3.337,0.087,0.965,0.502,11.693,1.14,1.466,,,3.590786,0.137004,6.747596753378033e-12,inf,inf,0.0,inf,inf,0,0,0,0,0,0,2,2035.471772
HD 33262 A_4,HD 33262 A,1.015,0.091,2.255,9.306,11.693,1.14,1.466,,,1.100633,0.013481,3.34587740507644e-11,inf,inf,0.0,inf,inf,0,0,0,0,0,0,2,2035.471772
HD 33262 A_5,HD 33262 A,0.358,0.206,1.487,2.029,11.693,1.14,1.466,,,0.431483,0.233516,1.7906596753623061e-09,inf,inf,0.0,inf,inf,0,0,0,0,0,0,2,2035.471772
HD 33262 A_6,HD 33262 A,0.874,0.139,0.646,0.257,11.693,1.14,1.466,,,0.903061,0.878229,2.754911262198516e-10,inf,inf,0.0,inf,inf,0,0,0,0,0,0,2,2035.471772
HD 33262 A_8,HD 33262 A,0.199,0.101,2.893,13.631,11.693,1.14,1.466,,,0.199542,0.705744,9.120698445127063e-08,inf,inf,0.0,inf,inf,0,0,0,0,0,0,2,2035.471772
HD 185144_1,HD 185144,0.747,0.07,0.5,0.019,5.764,0.87,0.434,,,0.764574,0.945327,2.3096489902122906e-10,inf,inf,0.0,inf,inf,0,0,0,0,0,0,2,2035.474512
HD 185144_3,HD 185144,0.688,0.135,2.317,4.389,5.764,0.87,0.434,0.107125,81.6561,0.683829,0.137967,9.62340898341313e-10,70.29393978817194,0.019526094385603317,0.9963739789681849,0.42775765719130615,0.0008753506163110001,1,1,1,1,1,2,2,2035.474512
HD 10700_0,HD 10700,1.625,0.099,0.563,0.087,3.652,0.94,0.506,,,1.78583,0.25086,1.727362469854664e-11,inf,inf,0.0,inf,inf,0,0,0,0,0,0,3,2035.486623
HD 90839_0,HD 90839,3.665,0.022,0.781,0.186,12.945,1.18,1.605,,,3.634891,0.000921,3.379304919287935e-14,inf,inf,0.0,inf,inf,0,0,0,0,0,0,2,2035.489363
HD 90839_1,HD 90839,0.191,0.094,1.403,2.751,12.945,1.18,1.605,,,0.186984,0.749338,2.5325821703226927e-08,inf,inf,0.0,inf,inf,0,0,0,0,0,0,2,2035.489363
HD 90839_2,HD 90839,3.378,0.112,1.125,1.619,12.945,1.18,1.605,,,3.479774,0.70763,5.285148487299246e-11,inf,inf,0.0,inf,inf,0,0,0,0,0,0,2,2035.489363
HD 90839_5,HD 90839,0.15,0.051,2.273,4.226,12.945,1.18,1.605,,,0.145224,0.620575,7.802893351835609e-08,inf,inf,0.0,inf,inf,0,0,0,0,0,0,2,2035.489363
HD 65907 A_0,HD 65907 A,0.584,0.099,0.585,0.122,16.172,1.11,1.29,,,0.539167,0.774792,6.38541938649418e-10,inf,inf,0.0,inf,inf,0,0,0,0,0,0,2,2035.492102
HD 65907 A_1,HD 65907 A,1.316,0.075,0.982,3.131,16.172,1.11,1.29,0.064697,88.627441,1.280301,0.669545,2.607497285601899e-10,4948.447758916819,1.3745688219213386,0.07152965779471063,0.4406081721006191,0.0009610207157064197,1,1,1,1,1,1,2,2035.492102
HD 65907 A_2,HD 65907 A,1.009,0.058,1.202,5.136,16.172,1.11,1.29,0.063283,172.112088,1.056881,0.173906,1.4605210588835845e-10,17106.292977979276,4.751748049438688,0.037682422040359015,0.44194552321980585,0.0009699363898343314,1,0,1,1,1,1,2,2035.492102
HD 10360_0,HD 10360,0.111,0.132,2.009,6.936,8.189,0.78,0.345,,,0.122321,0.297691,4.733268617618125e-08,inf,inf,0.0,inf,inf,0,0,0,0,0,0,2,2035.494842
HD 10360_1,HD 10360,0.559,0.036,0.525,0.063,8.189,0.78,0.345,,,0.550224,0.588477,4.3822450021937114e-10,inf,inf,0.0,inf,inf,0,0,0,0,0,1,2,2035.494842
HD 10360_2,HD 10360,3.873,0.13,2.182,7.34,8.189,0.78,0.345,0.414722,312.195185,3.455753,0.419462,1.0160467261676681e-10,10507.385431790219,2.918718175497283,0.04214622608094992,0.3379539178196582,0.0002766590205000139,1,1,1,1,1,1,2,2035.494842
HD 10360_4,HD 10360,0.185,0.028,3.239,14.497,8.189,0.78,0.345,,,0.187011,0.068551,1.0256188286410653e-08,inf,inf,0.0,inf,inf,0,0,0,0,0,0,2,2035.494842
HD 10360_5,HD 10360,2.33,0.067,0.679,0.17,8.189,0.78,0.345,,,2.46214,0.702017,2.963025149591393e-11,inf,inf,0.0,inf,inf,0,0,0,0,0,0,2,2035.494842
HD 88230_0,HD 88230,1.858,0.024,1.413,3.961,4.871,0.63,0.103,0.314611,84.032316,1.86739,0.657988,2.2000884324256953e-10,9049.75370551695,2.5138204737547083,0.04420800762741258,0.31657544082394645,0.00013413584052860236,1,1,1,1,1,4,4,2035.497582
HD 88230_1,HD 88230,0.369,0.102,2.613,14.391,4.871,0.63,0.103,0.07085,111.238169,0.387284,0.145684,4.209698516027913e-09,134.89613870430173,0.037471149640083815,0.5817405569506076,0.34991233569022745,0.000356381806303809,1,1,1,1,1,3,4,2035.497582
HD 88230_2,HD 88230,0.941,0.058,0.511,0.079,4.871,0.63,0.103,,,0.899486,0.399573,8.302896462530256e-11,inf,inf,0.0,inf,inf,0,0,0,0,0,3,4,2035.497582
HD 88230_3,HD 88230,1.397,0.055,1.541,3.057,4.871,0.63,0.103,0.282153,156.542234,1.390586,0.394433,2.9604968296487675e-10,5215.330428896389,1.4487028969156637,0.05944525320999891,0.31657544082394645,0.00013413584052860236,1,1,1,1,1,4,4,2035.497582
HD 88230_4,HD 88230,0.683,0.12,0.831,0.221,4.871,0.63,0.103,0.116058,97.21452,0.652911,0.647483,7.818362176695741e-10,1079.8824184124728,0.2999673384479091,0.1450729949138397,0.3187275460016268,0.00014848320837980444,1,1,1,1,1,3,4,2035.497582
HD 88230_5,HD 88230,2.552,0.09,1.594,2.912,4.871,0.63,0.103,0.514747,334.915815,2.6374,0.480889,1.1150366777675309e-10,33072.92094286555,9.18692248412932,0.022430889434908032,0.31657544082394645,0.00013413584052860236,1,0,1,1,1,4,4,2035.497582
HD 88230_6,HD 88230,2.842,0.103,0.661,0.567,4.871,0.63,0.103,,,3.048249,0.017753,6.389165526898972e-13,inf,inf,0.0,inf,inf,0,0,0,0,0,0,4,2035.497582
HD 190360_0,HD 190360,0.922,0.17,1.79,3.759,16.003,0.96,1.165,,,0.800791,0.044919,1.4694668262914482e-10,inf,inf,0.0,inf,inf,0,0,0,0,0,0,2,2035.501299
HD 190360_1,HD 190360,3.764,0.081,1.071,1.582,16.003,0.96,1.165,,,3.718488,0.220626,1.3576212924871275e-11,inf,inf,0.0,inf,inf,0,0,0,0,0,0,2,2035.501299
HD 190360_3,HD 190360,3.632,0.139,2.733,10.267,16.003,0.96,1.165,,,4.064258,0.095719,3.7365857971871487e-11,inf,inf,0.0,inf,inf,0,0,0,0,0,0,2,2035.501299
HD 190360_4,HD 190360,1.735,0.021,0.534,0.045,16.003,0.96,1.165,,,1.761126,0.127006,5.590884832847901e-12,inf,inf,0.0,inf,inf,0,0,0,0,0,0,2,2035.501299
HD 190360_5,HD 190360,0.581,0.08,1.934,2.88,16.003,0.96,1.165,,,0.586426,0.115923,1.0610296910055035e-09,inf,inf,0.0,inf,inf,0,0,0,0,0,0,2,2035.501299
HD 55575_0,HD 55575,1.084,0.09,0.727,0.186,16.852,1.14,1.463,0.063958,71.083156,1.180824,0.613879,1.4601911590321802e-10,17903.136612398503,4.973093503444028,0.03706150847274996,0.44680730020774284,0.0010023482364205781,1,0,1,1,1,1,2,2035.504039
HD 55575_1,HD 55575,0.133,0.053,0.578,0.677,16.852,1.14,1.463,,,0.137332,0.022457,2.9002466516244834e-10,inf,inf,0.0,inf,inf,0,0,0,0,0,0,2,2035.504039
HD 95128_1,HD 95128,2.285,0.074,0.586,0.282,13.887,1.07,1.577,,,2.450171,0.106504,4.1102094730343e-12,inf,inf,0.0,inf,inf,0,0,0,0,0,0,2,2035.510444
HD 95128_2,HD 95128,4.586,0.035,0.538,0.083,13.887,1.07,1.577,,,4.709774,0.013817,8.207289382829247e-14,inf,inf,0.0,inf,inf,0,0,0,0,0,0,2,2035.510444
HD 95128_3,HD 95128,0.343,0.031,2.771,10.086,13.887,1.07,1.577,,,0.347936,0.350438,1.3585255490138463e-08,inf,inf,0.0,inf,inf,0,0,0,0,0,0,2,2035.510444
HD 95128_4,HD 95128,2.15,0.173,1.218,6.511,13.887,1.07,1.577,,,2.363709,0.01128,1.9229073463705496e-12,inf,inf,0.0,inf,inf,0,0,0,0,0,0,2,2035.510444
HD 95128_5,HD 95128,0.6,0.105,2.299,8.137,13.887,1.07,1.577,,,0.647608,0.465703,4.066092883741714e-09,inf,inf,0.0,inf,inf,0,0,0,0,0,0,2,2035.510444
HD 95128_6,HD 95128,0.335,0.024,2.419,8.582,13.887,1.07,1.577,,,0.328524,0.265759,1.115845194585083e-08,inf,inf,0.0,inf,inf,0,0,0,0,0,0,2,2035.510444
HD 95128_7,HD 95128,0.847,0.089,1.394,3.129,13.887,1.07,1.577,,,0.892357,0.677452,9.83452392226014e-10,inf,inf,0.0,inf,inf,0,0,0,0,0,0,2,2035.510444
HD 95128_8,HD 95128,0.588,0.034,2.182,8.46,13.887,1.07,1.577,,,0.597289,0.633014,5.653688231220091e-09,inf,inf,0.0,inf,inf,0,0,0,0,0,0,2,2035.510444
HD 156274 A_3,HD 156274 A,4.433,0.138,1.608,3.519,8.791,0.9,0.452,,,4.952866,0.143082,1.0749472383445205e-11,inf,inf,0.0,inf,inf,0,0,0,0,0,0,3,2035.523193
HD 17051_0,HD 17051,1.593,0.055,0.8,0.166,17.357,1.14,1.737,,,1.649134,0.964141,1.205670313666187e-10,inf,inf,0.0,inf,inf,0,0,0,0,0,0,2,2035.536151
HD 17051_1,HD 17051,2.146,0.107,1.035,0.971,17.357,1.14,1.737,,,2.375569,0.046546,4.486834333016262e-12,inf,inf,0.0,inf,inf,0,0,0,0,0,0,2,2035.536151
HD 17051_2,HD 17051,4.311,0.108,1.302,2.591,17.357,1.14,1.737,,,4.195421,0.349593,2.1372443775712496e-11,inf,inf,0.0,inf,inf,0,0,0,0,0,0,2,2035.536151
HD 46588 A_0,HD 46588 A,1.961,0.092,1.375,5.123,18.202,1.18,1.826,,,2.02188,0.209216,6.668443353543855e-11,inf,inf,0.0,inf,inf,0,0,0,0,0,0,2,2035.542354
HD 46588 A_2,HD 46588 A,0.149,0.051,1.651,3.767,18.202,1.18,1.826,,,0.143199,2e-06,1.7664739947534964e-13,inf,inf,0.0,inf,inf,0,0,0,0,0,0,2,2035.542354
HD 46588 A_4,HD 46588 A,0.634,0.042,1.252,1.899,18.202,1.18,1.826,,,0.61141,0.677988,1.9489872269933604e-09,inf,inf,0.0,inf,inf,0,0,0,0,0,0,2,2035.542354
HD 46588 A_5,HD 46588 A,0.119,0.052,0.593,0.101,18.202,1.18,1.826,,,0.113835,0.312123,6.006394985198424e-09,inf,inf,0.0,inf,inf,0,0,0,0,0,0,2,2035.542354
HD 46588 A_6,HD 46588 A,0.647,0.045,2.121,5.747,18.202,1.18,1.826,,,0.676061,0.685258,3.3517097613378906e-09,inf,inf,0.0,inf,inf,0,0,0,0,0,0,2,2035.542354
HD 46588 A_7,HD 46588 A,1.085,0.088,1.256,5.584,18.202,1.18,1.826,,,1.175422,0.0144,1.1808578504279077e-11,inf,inf,0.0,inf,inf,0,0,0,0,0,0,2,2035.542354
HD 46588 A_8,HD 46588 A,2.008,0.017,0.521,0.08,18.202,1.18,1.826,,,1.996174,0.164359,7.939627588659519e-12,inf,inf,0.0,inf,inf,0,0,0,0,0,0,2,2035.542354
HD 84117_2,HD 84117,0.48,0.183,0.807,0.707,14.951,1.14,1.977,,,0.540891,0.30864,4.3112978676631047e-10,inf,inf,0.0,inf,inf,0,0,0,0,0,0,2,2035.545132
HD 84117_3,HD 84117,2.469,0.127,0.583,0.157,14.951,1.14,1.977,,,2.348139,0.002536,1.1907552759670644e-13,inf,inf,0.0,inf,inf,0,0,0,0,0,0,2,2035.545132
HD 84117_5,HD 84117,2.421,0.095,0.605,0.239,14.951,1.14,1.977,,,2.565777,0.622241,2.3027631280050064e-11,inf,inf,0.0,inf,inf,0,0,0,0,0,0,2,2035.545132
HD 38393_0,HD 38393,0.205,0.072,1.088,1.383,8.905,1.23,2.344,,,0.201508,0.600801,1.3945008220235754e-08,inf,inf,0.0,inf,inf,0,0,0,0,0,0,2,2035.547872
HD 38393_1,HD 38393,3.39,0.099,0.656,0.073,8.905,1.23,2.344,,,3.723651,0.055999,1.3175944090188697e-12,inf,inf,0.0,inf,inf,0,0,0,0,0,0,2,2035.547872
HD 38393_3,HD 38393,0.355,0.086,1.549,2.098,8.905,1.23,2.344,,,0.330027,0.423951,7.876323477942739e-09,inf,inf,0.0,inf,inf,0,0,0,0,0,0,2,2035.547872
HD 38393_4,HD 38393,4.373,0.052,1.208,1.876,8.905,1.23,2.344,,,4.145695,0.006664,4.700145329799405e-13,inf,inf,0.0,inf,inf,0,0,0,0,0,0,2,2035.547872
HD 7570_0,HD 7570,3.031,0.054,1.134,3.652,15.261,1.14,2.004,,,2.89926,0.904268,9.057496642496716e-11,inf,inf,0.0,inf,inf,0,0,0,0,0,0,2,2035.550612
HD 7570_1,HD 7570,0.15,0.071,0.941,0.218,15.261,1.14,2.004,,,0.160575,0.105504,3.0950207644429405e-09,inf,inf,0.0,inf,inf,0,0,0,0,0,0,2,2035.550612
HD 7570_2,HD 7570,1.977,0.063,1.73,3.716,15.261,1.14,2.004,0.098038,114.141473,1.860142,0.684521,3.898031372227265e-10,406.8891896557915,0.11302477490438652,0.2936422572109596,0.42207920527113535,0.0008374942701765283,1,1,1,1,1,1,2,2035.550612
HD 7570_3,HD 7570,3.034,0.079,1.364,1.913,15.261,1.14,2.004,,,3.191054,0.73372,9.068836353099003e-11,inf,inf,0.0,inf,inf,0,0,0,0,0,0,2,2035.550612
HD 7570_4,HD 7570,0.569,0.099,0.726,0.483,15.261,1.14,2.004,,,0.582962,0.122357,1.3181763515225415e-10,inf,inf,0.0,inf,inf,0,0,0,0,0,0,2,2035.550612
HD 165499_0,HD 165499,3.777,0.071,0.637,0.161,17.753,1.08,1.731,,,3.653378,0.042667,1.1739156305001317e-12,inf,inf,0.0,inf,inf,0,0,0,0,0,0,2,2035.553351
HD 165499_1,HD 165499,0.192,0.04,0.654,0.106,17.753,1.08,1.731,,,0.186395,0.697057,5.618427808975888e-09,inf,inf,0.0,inf,inf,0,0,0,0,0,0,2,2035.553351
HD 165499_3,HD 165499,0.221,0.065,0.75,0.229,17.753,1.08,1.731,,,0.229575,0.857255,5.658328650127179e-09,inf,inf,0.0,inf,inf,0,0,0,0,0,0,2,2035.553351
HD 165499_4,HD 165499,1.569,0.062,3.377,24.497,17.753,1.08,1.731,0.079212,345.453875,1.59969,0.628944,1.8808578119645287e-09,104.40059987490176,0.029000166631917155,0.7422946225734803,0.4315975109498987,0.0009009496413682836,1,1,1,1,1,1,2,2035.553351
HD 131156 A_0,HD 131156 A,0.922,0.01,2.426,6.027,6.754,0.96,0.553,0.133445,26.752492,0.924413,0.300162,1.3985078897226187e-09,35.333618817118015,0.009814894115866115,1.7278641590921344,0.42494732496460674,0.000856615068133004,1,1,1,1,1,2,2,2035.563717
HD 131156 A_1,HD 131156 A,1.097,0.147,1.932,4.971,6.754,0.96,0.553,0.172719,251.14281,1.179052,0.23642,4.4670018530559574e-10,152.31038634372814,0.042308440651035596,0.5639722080732021,0.42458094930311935,0.0008541725637230882,1,1,1,1,1,2,2,2035.563717
HD 20794_0,HD 20794,4.322,0.17,2.962,5.742,6.041,0.97,0.654,,,4.313313,0.035792,8.51006196758292e-12,inf,inf,0.0,inf,inf,0,0,0,0,0,0,3,2035.566457
HD 20794_1,HD 20794,2.398,0.095,1.302,2.525,6.041,0.97,0.654,,,2.444021,0.159198,3.212087748037365e-11,inf,inf,0.0,inf,inf,0,0,0,0,0,0,3,2035.566457
HD 10476_0,HD 10476,0.171,0.07,0.738,0.088,7.644,0.85,0.454,,,0.178544,0.875181,8.54245212115103e-09,inf,inf,0.0,inf,inf,0,0,0,0,0,0,3,2035.56994
HD 109358_0,HD 109358,0.599,0.064,0.661,0.193,8.473,1.08,1.151,0.068949,195.890474,0.602938,0.420628,3.951702385830922e-10,323.51921096894773,0.08986644749137437,0.4240687257244169,0.7601830311740149,0.0030915197761957254,1,1,1,1,1,2,2,2035.576714
HD 109358_1,HD 109358,0.313,0.024,1.946,4.835,8.473,1.08,1.151,,,0.311699,0.115995,2.935542168001129e-09,inf,inf,0.0,inf,inf,0,0,0,0,0,0,2,2035.576714
HD 109358_3,HD 109358,0.172,0.066,1.409,1.609,8.473,1.08,1.151,,,0.183032,0.012551,5.584751657754148e-10,inf,inf,0.0,inf,inf,0,0,0,0,0,0,2,2035.576714
HD 109358_4,HD 109358,1.488,0.078,0.58,0.237,8.473,1.08,1.151,,,1.595772,0.541312,4.954244579924671e-11,inf,inf,0.0,inf,inf,0,0,0,0,0,0,2,2035.576714
HD 109358_5,HD 109358,3.968,0.05,3.285,25.806,8.473,1.08,1.151,,,3.941854,0.024579,1.0680949734065498e-11,inf,inf,0.0,inf,inf,0,0,0,0,0,0,2,2035.576714
HD 143761_0,HD 143761,2.268,0.052,0.622,0.131,17.511,0.97,1.812,,,2.22435,0.331286,2.151768386686283e-11,inf,inf,0.0,inf,inf,0,0,0,0,0,0,2,2035.582742
HD 143761_3,HD 143761,0.463,0.017,0.834,0.619,17.511,0.97,1.812,,,0.457363,0.554482,1.056661028894987e-09,inf,inf,0.0,inf,inf,0,0,0,0,0,0,2,2035.582742
HD 143761_4,HD 143761,1.096,0.157,0.808,0.895,17.511,0.97,1.812,,,0.950423,0.101268,4.300894420903775e-11,inf,inf,0.0,inf,inf,0,0,0,0,0,0,2,2035.582742
HD 143761_5,HD 143761,0.834,0.096,1.155,1.684,17.511,0.97,1.812,,,0.771529,0.671505,9.88029283991635e-10,inf,inf,0.0,inf,inf,0,0,0,0,0,0,2,2035.582742
HD 143761_7,HD 143761,2.609,0.089,2.154,12.289,17.511,0.97,1.812,,,2.715695,0.027622,1.0494861411476592e-11,inf,inf,0.0,inf,inf,0,0,0,0,0,0,2,2035.582742
HD 10780_0,HD 10780,0.841,0.11,1.077,1.181,10.041,0.9,0.516,0.084913,267.523763,0.881764,0.216141,1.7193420611514373e-10,5241.071882908628,1.4558533008079522,0.06530779593026588,0.3889002515293285,0.0006163012452311492,1,1,1,1,1,2,2,2035.585482
HD 10780_3,HD 10780,2.25,0.098,1.348,1.367,10.041,0.9,0.516,,,2.043978,0.255662,6.614851455915975e-11,inf,inf,0.0,inf,inf,0,0,0,0,0,1,2,2035.585482
HD 10780_4,HD 10780,2.669,0.102,2.513,12.001,10.041,0.9,0.516,,,2.552282,0.13154,9.089302483948378e-11,inf,inf,0.0,inf,inf,0,0,0,0,0,1,2,2035.585482
HD 30652_0,HD 30652,0.357,0.032,0.524,0.119,8.068,1.25,2.71,,,0.368155,0.025361,3.8203082992216945e-11,inf,inf,0.0,inf,inf,0,0,0,0,0,0,2,2035.588222
HD 30652_1,HD 30652,3.379,0.099,2.314,9.159,8.068,1.25,2.71,,,3.575466,0.002002,6.676982730642259e-13,inf,inf,0.0,inf,inf,0,0,0,0,0,0,2,2035.588222
HD 30652_2,HD 30652,1.418,0.081,1.563,7.047,8.068,1.25,2.71,0.148109,115.640297,1.334354,0.605743,7.114726423628083e-10,19.715982483979687,0.005476661801105468,3.084531912509446,0.7435481122616845,0.002980620316780189,1,1,1,1,1,1,2,2035.588222
HD 30652_3,HD 30652,3.27,0.133,2.129,5.731,8.068,1.25,2.71,,,3.585874,0.373853,9.871064744233156e-11,inf,inf,0.0,inf,inf,0,0,0,0,0,0,2,2035.588222
HD 30652_4,HD 30652,2.754,0.119,2.49,10.16,8.068,1.25,2.71,,,3.023512,0.243799,8.096964367034398e-11,inf,inf,0.0,inf,inf,0,0,0,0,0,0,2,2035.588222
HD 165341 A_0,HD 165341 A,3.482,0.036,1.359,2.775,5.113,0.88,0.532,,,3.479031,0.002161,2.0153719742823529e-13,inf,inf,0.0,inf,inf,0,0,0,0,0,0,3,2035.590962
HD 165341 A_2,HD 165341 A,0.277,0.022,2.947,13.11,5.113,0.88,0.532,,,0.277678,0.927429,5.948934639538851e-08,inf,inf,0.0,inf,inf,0,0,0,0,0,0,3,2035.590962
HD 165341 A_3,HD 165341 A,0.642,0.027,1.615,1.833,5.113,0.88,0.532,0.124667,26.299181,0.654943,0.427425,1.234954740751228e-09,29.941390283928772,0.008317052856646882,2.0187699256759135,0.4714770752326933,0.001166813403253581,1,1,1,1,1,1,3,2035.590962
HD 101501_3,HD 101501,0.112,0.069,1.262,2.497,9.576,0.94,0.609,,,0.119466,0.225197,1.6681090828810894e-08,inf,inf,0.0,inf,inf,0,0,0,0,0,0,3,2035.595231
HD 101501_7,HD 101501,0.888,0.054,0.887,0.333,9.576,0.94,0.609,0.082638,167.702154,0.84385,0.527433,3.762579294259521e-10,894.3544411736588,0.24843178921490522,0.18419297226864134,0.43429282028274924,0.000918918370253954,1,1,1,1,1,1,3,2035.595231
HD 17206_0,HD 17206,1.742,0.09,0.885,1.25,14.276,1.21,2.617,,,1.585361,0.446487,9.412387996574909e-11,inf,inf,0.0,inf,inf,0,0,0,0,0,0,2,2035.60217
HD 17206_1,HD 17206,0.879,0.039,2.253,5.781,14.276,1.21,2.617,0.056599,74.395181,0.885148,0.351805,1.8023172050231002e-09,57.43402992643725,0.015953897201788126,1.3129931954731957,0.7072588992128134,0.002738692229787715,1,1,1,1,1,1,2,2035.60217
HD 17206_2,HD 17206,0.485,0.035,0.762,0.888,14.276,1.21,2.617,,,0.479773,0.11525,2.0985222711992204e-10,inf,inf,0.0,inf,inf,0,0,0,0,0,0,2,2035.60217
HD 102365_0,HD 102365,1.154,0.024,2.235,11.472,9.319,1.02,0.844,0.129544,65.323955,1.180597,0.419472,8.097731211693321e-10,106.80365253090778,0.029667681258585495,0.7110232281930317,0.3908735783018294,0.0006294567570478218,1,1,1,1,1,2,2,2035.623984
HD 102365_1,HD 102365,4.021,0.031,1.113,0.834,9.319,1.02,0.844,,,4.13498,0.043413,1.94524006810305e-12,inf,inf,0.0,inf,inf,0,0,0,0,0,0,2,2035.623984
HD 102365_2,HD 102365,0.113,0.031,0.976,0.303,9.319,1.02,0.844,,,0.11397,0.582924,2.7601663608787216e-08,inf,inf,0.0,inf,inf,0,0,0,0,0,0,2,2035.623984
HD 155886_1,HD 155886,0.511,0.064,0.698,0.549,5.952,0.85,0.327,0.0781,64.718862,0.478362,0.508425,6.125352323417466e-10,347.2370564711031,0.09645473790863975,0.3443903895441828,0.4954872588930415,0.0013268812943225694,1,1,1,1,1,3,3,2035.633746
HD 155886_2,HD 155886,0.232,0.069,1.589,4.704,5.952,0.85,0.327,,,0.224934,0.101811,3.759626346098281e-09,inf,inf,0.0,inf,inf,0,0,0,0,0,0,3,2035.633746
HD 155886_3,HD 155886,1.253,0.044,2.915,7.774,5.952,0.85,0.327,0.189406,23.487674,1.286565,0.115629,4.510717709412914e-10,288.5746177061546,0.08015961602948739,0.3511939486713475,0.3750937240884755,0.0005242577289587961,1,1,1,1,1,3,3,2035.633746
HD 155886_4,HD 155886,0.305,0.028,0.94,0.937,5.952,0.85,0.327,,,0.312522,0.549426,3.5969054628328134e-09,inf,inf,0.0,inf,inf,0,0,0,0,0,0,3,2035.633746
HD 155886_5,HD 155886,0.201,0.128,1.339,2.779,5.952,0.85,0.327,,,0.226663,0.070644,1.600705583415662e-09,inf,inf,0.0,inf,inf,0,0,0,0,0,0,3,2035.633746
HD 155886_6,HD 155886,0.316,0.044,0.948,1.735,5.952,0.85,0.327,,,0.3299,0.200109,1.0998597846942519e-09,inf,inf,0.0,inf,inf,0,0,0,0,0,0,3,2035.633746
HD 155886_7,HD 155886,0.59,0.079,3.352,16.163,5.952,0.85,0.327,0.085148,248.118599,0.577192,0.582029,1.2887620658964752e-08,6.298992096120332,0.0017497200267000924,8.204422263884297,0.44865669851244466,0.0010146775584519234,1,1,1,1,1,3,3,2035.633746
HD 155886_8,HD 155886,3.879,0.087,2.635,16.445,5.952,0.85,0.327,,,4.048148,0.248209,6.198701326464024e-11,inf,inf,0.0,inf,inf,0,0,0,0,0,0,3,2035.633746
HD 43386_0,HD 43386,2.541,0.037,0.504,0.177,19.588,1.33,2.957,,,2.604118,0.137547,3.476053624337862e-12,inf,inf,0.0,inf,inf,0,0,0,0,0,0,2,2035.636567
HD 43386_1,HD 43386,1.141,0.101,1.584,2.873,19.588,1.33,2.957,,,1.028558,0.692261,9.08184966718922e-10,inf,inf,0.0,inf,inf,0,0,0,0,0,0,2,2035.636567
HD 43386_3,HD 43386,0.289,0.045,1.072,0.429,19.588,1.33,2.957,,,0.289474,0.018227,2.0491588106039946e-10,inf,inf,0.0,inf,inf,0,0,0,0,0,0,2,2035.636567
HD 128621_0,HD 128621,0.181,0.076,0.591,0.281,1.332,0.94,0.503,0.062717,114.094916,0.167269,0.013471,1.1986866389997383e-10,208.63501829752275,0.057954171749311875,1.496248660358308,7.548414577402467,0.04834639675105208,1,1,1,1,1,2,2,2035.639306
HD 128621_1,HD 128621,3.969,0.152,0.756,0.624,1.332,0.94,0.503,,,3.97414,0.451704,1.0613185938676254e-11,inf,inf,0.0,inf,inf,0,0,0,0,0,0,2,2035.639306
HD 128621_3,HD 128621,4.377,0.084,0.667,0.424,1.332,0.94,0.503,,,4.716855,0.003403,5.097309995349136e-14,inf,inf,0.0,inf,inf,0,0,0,0,0,0,2,2035.639306
HD 128621_4,HD 128621,1.135,0.055,1.179,1.502,1.332,0.94,0.503,0.823381,205.321388,1.122456,0.211245,1.2723148423725467e-10,30.009259534634808,0.008335905426287447,3.0776429176839937,2.7154563218704313,0.016126675047505167,1,1,1,1,1,2,2,2035.639306
HD 17925_0,HD 17925,1.472,0.037,0.676,0.068,10.361,0.82,0.401,,,1.489822,0.177201,2.4349543626927644e-11,inf,inf,0.0,inf,inf,0,0,0,0,0,0,2,2035.642046
HD 17925_2,HD 17925,0.735,0.099,0.938,0.945,10.361,0.82,0.401,0.068835,58.661244,0.671429,0.228391,3.209418071687325e-10,6651.816934956185,1.847726926376718,0.05774895996822786,0.39226047337914993,0.0006387027242299589,1,1,1,1,1,2,2,2035.642046
HD 17925_3,HD 17925,0.561,0.086,1.065,2.041,10.361,0.82,0.401,,,0.591225,0.364761,8.929914367488757e-10,inf,inf,0.0,inf,inf,0,0,0,0,0,0,2,2035.642046
HD 17925_4,HD 17925,0.848,0.062,1.424,1.901,10.361,0.82,0.401,0.079243,62.44983,0.806348,0.405116,8.111664942179359e-10,765.4031383886652,0.21261198288574032,0.1904475648982798,0.3758965720019328,0.0005296100483818447,1,1,1,1,1,2,2,2035.642046
HD 17925_6,HD 17925,3.618,0.076,0.719,0.216,10.361,0.82,0.401,,,3.738495,0.228707,5.323832208649836e-12,inf,inf,0.0,inf,inf,0,0,0,0,0,0,2,2035.642046
HD 210302_0,HD 210302,0.937,0.087,1.293,2.482,18.458,1.25,2.918,,,1.018396,0.289055,3.0760785856981446e-10,inf,inf,0.0,inf,inf,0,0,0,0,0,0,2,2035.644786
HD 210302_1,HD 210302,0.316,0.034,0.672,0.291,18.458,1.25,2.918,,,0.311967,0.107067,3.2976971375131727e-10,inf,inf,0.0,inf,inf,0,0,0,0,0,0,2,2035.644786
HD 210302_2,HD 210302,0.162,0.125,0.82,0.565,18.458,1.25,2.918,,,0.173649,0.365599,4.864462318659935e-09,inf,inf,0.0,inf,inf,0,0,0,0,0,0,2,2035.644786
HD 210302_3,HD 210302,0.925,0.123,2.909,15.97,18.458,1.25,2.918,,,0.853593,0.200527,2.0105675132376824e-09,inf,inf,0.0,inf,inf,0,0,0,0,0,0,2,2035.644786
HD 210302_4,HD 210302,1.629,0.122,1.727,5.061,18.458,1.25,2.918,,,1.696777,0.056975,4.581556116927104e-11,inf,inf,0.0,inf,inf,0,0,0,0,0,0,2,2035.644786
HD 187691 A_0,HD 187691 A,3.127,0.076,1.475,4.454,19.488,1.25,2.835,,,3.229937,0.156287,2.1752935274873355e-11,inf,inf,0.0,inf,inf,0,0,0,0,0,0,2,2035.647526
HD 187691 A_1,HD 187691 A,2.61,0.091,1.018,1.386,19.488,1.25,2.835,,,2.402935,0.392701,5.394338110093016e-11,inf,inf,0.0,inf,inf,0,0,0,0,0,0,2,2035.647526
HD 187691 A_2,HD 187691 A,3.249,0.037,0.764,1.364,19.488,1.25,2.835,,,3.352614,0.703894,2.5324587909710217e-11,inf,inf,0.0,inf,inf,0,0,0,0,0,0,2,2035.647526
HD 187691 A_3,HD 187691 A,2.018,0.038,2.654,10.557,19.488,1.25,2.835,0.095659,250.321352,1.991681,0.517427,5.965489943319501e-10,260.50594912718,0.07236276364643889,0.38680807111890175,0.4084961009989392,0.0007469402416952202,1,1,1,1,1,1,2,2035.647526
HD 43042_0,HD 43042,4.095,0.078,0.558,0.185,21.776,1.29,2.936,,,3.77571,0.409531,6.975545939817724e-12,inf,inf,0.0,inf,inf,0,0,0,0,0,0,2,2035.656286
HD 43042_1,HD 43042,0.434,0.11,0.533,0.05,21.776,1.29,2.936,,,0.457303,0.167916,1.4562410248752134e-10,inf,inf,0.0,inf,inf,0,0,0,0,0,0,2,2035.656286
HD 43042_3,HD 43042,0.724,0.14,0.733,0.758,21.776,1.29,2.936,,,0.792582,0.702644,4.5014941583481417e-10,inf,inf,0.0,inf,inf,0,0,0,0,0,0,2,2035.656286
HD 134083_0,HD 134083,0.116,0.07,1.9,7.058,19.536,1.33,3.255,,,0.107926,0.465774,9.948729640127664e-08,inf,inf,0.0,inf,inf,0,0,0,0,0,0,2,2035.662466
HD 134083_1,HD 134083,0.36,0.097,1.358,2.746,19.536,1.33,3.255,,,0.370986,0.184178,1.4456981311595503e-09,inf,inf,0.0,inf,inf,0,0,0,0,0,0,2,2035.662466
HD 134083_3,HD 134083,0.749,0.13,0.881,0.684,19.536,1.33,3.255,,,0.822596,0.307666,2.2337569508172057e-10,inf,inf,0.0,inf,inf,0,0,0,0,0,0,2,2035.662466
HD 134083_4,HD 134083,0.959,0.114,0.591,0.338,19.536,1.33,3.255,,,1.041438,0.08829,2.232848151709347e-11,inf,inf,0.0,inf,inf,0,0,0,0,0,0,2,2035.662466
HD 128620_0,HD 128620,1.567,0.074,0.945,0.738,1.332,1.11,1.521,0.656488,3.254836,1.655526,0.868066,2.0672891312653674e-10,4.251671674819687,0.0011810199096721353,17.306388925939697,8.668587585131624,0.05581421680257977,1,1,1,1,1,1,2,2035.665746
HD 128620_1,HD 128620,1.266,0.016,1.198,6.221,1.332,1.11,1.521,,,1.263154,0.115485,6.349047981526808e-11,inf,inf,0.0,inf,inf,0,0,0,0,0,1,2,2035.665746
HD 114710_0,HD 114710,1.415,0.117,0.681,0.147,9.197,1.11,1.357,,,1.251725,0.030109,5.72180320977817e-12,inf,inf,0.0,inf,inf,0,0,0,0,0,0,2,2035.676666
HD 114710_1,HD 114710,0.314,0.116,0.63,1.142,9.197,1.11,1.357,,,0.349639,0.002006,3.99154539282042e-12,inf,inf,0.0,inf,inf,0,0,0,0,0,0,2,2035.676666
HD 114710_2,HD 114710,2.258,0.018,0.683,0.173,9.197,1.11,1.357,,,2.239504,0.003916,2.47743559607461e-13,inf,inf,0.0,inf,inf,0,0,0,0,0,0,2,2035.676666
HD 114710_4,HD 114710,0.861,0.053,0.898,0.439,9.197,1.11,1.357,,,0.845308,0.069296,4.7656149402332236e-11,inf,inf,0.0,inf,inf,0,0,0,0,0,1,2,2035.676666
HD 114710_5,HD 114710,0.124,0.109,3.108,17.681,9.197,1.11,1.357,,,0.136163,0.266182,7.319261629097061e-08,inf,inf,0.0,inf,inf,0,0,0,0,0,0,2,2035.676666
HD 10700_0,HD 10700,1.625,0.099,0.563,0.087,3.652,0.94,0.506,,,1.766657,0.181456,1.2767330358745839e-11,inf,inf,0.0,inf,inf,0,0,0,0,0,0,4,2035.679406
HD 84737_0,HD 84737,0.596,0.087,1.352,1.551,18.823,1.08,2.795,,,0.560043,0.929153,3.3489144264346545e-09,inf,inf,0.0,inf,inf,0,0,0,0,0,0,2,2035.683304
HD 84737_1,HD 84737,3.025,0.071,1.189,1.926,18.823,1.08,2.795,,,2.833063,0.276216,2.638294108760452e-11,inf,inf,0.0,inf,inf,0,0,0,0,0,0,2,2035.683304
HD 84737_2,HD 84737,1.078,0.014,1.079,0.698,18.823,1.08,2.795,,,1.09123,0.555329,4.086583424469284e-10,inf,inf,0.0,inf,inf,0,0,0,0,0,0,2,2035.683304
HD 84737_3,HD 84737,3.774,0.025,0.833,0.848,18.823,1.08,2.795,,,3.721119,0.086682,3.300954807412489e-12,inf,inf,0.0,inf,inf,0,0,0,0,0,0,2,2035.683304
HD 84737_4,HD 84737,0.254,0.074,3.133,13.741,18.823,1.08,2.795,,,0.251117,0.522724,5.740412523226756e-08,inf,inf,0.0,inf,inf,0,0,0,0,0,0,2,2035.683304
HD 84737_5,HD 84737,2.993,0.205,0.508,0.086,18.823,1.08,2.795,,,3.489792,0.559169,7.327865550193896e-12,inf,inf,0.0,inf,inf,0,0,0,0,0,0,2,2035.683304
HD 190248_1,HD 190248,1.11,0.055,1.408,3.629,6.099,0.94,1.25,,,1.075433,0.024826,2.7630096252752387e-11,inf,inf,0.0,inf,inf,0,0,0,0,0,1,2,2035.694269
HD 190248_2,HD 190248,3.754,0.072,1.017,1.24,6.099,0.94,1.25,,,4.024265,0.26099,1.2817732592122039e-11,inf,inf,0.0,inf,inf,0,0,0,0,0,0,2,2035.694269
HD 190248_3,HD 190248,1.406,0.139,0.51,0.568,6.099,0.94,1.25,,,1.409574,0.370752,3.2656856569528186e-11,inf,inf,0.0,inf,inf,0,0,0,0,0,0,2,2035.694269
HD 1581_1,HD 1581,1.541,0.046,2.633,10.663,8.607,1.11,1.262,,,1.611631,0.046319,6.480067307750751e-11,inf,inf,0.0,inf,inf,0,0,0,0,0,1,2,2035.702351
HD 1581_2,HD 1581,0.181,0.101,0.988,1.538,8.607,1.11,1.262,,,0.198325,0.991902,1.4643793618137886e-08,inf,inf,0.0,inf,inf,0,0,0,0,0,0,2,2035.702351
HD 1581_3,HD 1581,1.491,0.126,2.76,10.6,8.607,1.11,1.262,0.155054,305.526209,1.323556,0.379405,1.2746713718160823e-09,27.966864642553247,0.0077685735118203465,2.136019999237545,0.4680474328407544,0.0011439491206406552,1,1,1,1,1,1,2,2035.702351
HD 1581_4,HD 1581,0.208,0.109,2.378,6.033,8.607,1.11,1.262,,,0.200739,0.062588,3.950491331341421e-09,inf,inf,0.0,inf,inf,0,0,0,0,0,0,2,2035.702351
HD 156274 A_3,HD 156274 A,4.433,0.138,1.608,3.519,8.791,0.9,0.452,,,4.983436,0.114098,8.467115037919465e-12,inf,inf,0.0,inf,inf,0,0,0,0,0,0,4,2035.705091
HD 140538 A_0,HD 140538 A,2.088,0.047,0.685,0.069,14.793,0.94,0.834,,,2.179618,0.517754,4.294145965937644e-11,inf,inf,0.0,inf,inf,0,0,0,0,0,0,3,2035.728433
HD 140538 A_1,HD 140538 A,0.512,0.053,2.798,18.338,14.793,0.94,0.834,,,0.504872,0.957119,1.722081561602678e-08,inf,inf,0.0,inf,inf,0,0,0,0,0,0,3,2035.728433
HD 140538 A_2,HD 140538 A,4.137,0.053,0.916,0.304,14.793,0.94,0.834,,,4.014282,0.726317,2.7572716832369377e-11,inf,inf,0.0,inf,inf,0,0,0,0,0,0,3,2035.728433
HD 202560_0,HD 202560,0.846,0.075,1.59,2.013,3.97,0.59,0.083,,,0.908305,0.017452,3.646790098760706e-11,inf,inf,0.0,inf,inf,0,0,0,0,0,2,3,2035.738011
HD 202560_1,HD 202560,0.552,0.052,0.674,0.125,3.97,0.59,0.083,0.137731,300.785967,0.53308,0.303557,3.7755874721790193e-10,4498.080411799886,1.2494667810555238,0.06421164884484847,0.3142190740365019,0.00011842672861230532,1,1,1,1,1,3,3,2035.738011
HD 202560_3,HD 202560,0.867,0.117,1.589,3.604,3.97,0.59,0.083,0.189145,227.114162,0.766017,0.180252,5.247007666554121e-10,2362.566197720021,0.6562683882555614,0.09175534314189886,0.3141413298338231,0.00011790843392777983,1,1,1,1,1,3,3,2035.738011
HD 202560_4,HD 202560,2.302,0.14,0.558,0.251,3.97,0.59,0.083,,,2.017914,0.169297,9.20343641318442e-12,inf,inf,0.0,inf,inf,0,0,0,0,0,0,3,2035.738011
HD 202560_5,HD 202560,3.244,0.082,0.847,0.372,3.97,0.59,0.083,,,3.5083,0.099678,3.898758111188485e-12,inf,inf,0.0,inf,inf,0,0,0,0,0,0,3,2035.738011
HD 202560_6,HD 202560,0.414,0.085,0.785,0.225,3.97,0.59,0.083,0.098133,12.77063,0.424505,0.467071,1.1094520055359314e-09,783.7196204672013,0.21769989457422256,0.1758528121468113,0.3187403244811001,0.00014856839824296008,1,1,1,1,1,3,3,2035.738011
HD 115617_0,HD 115617,1.956,0.004,0.732,1.017,8.534,0.97,0.825,,,1.951436,0.160676,1.472015564753299e-11,inf,inf,0.0,inf,inf,0,0,0,0,0,0,2,2035.745339
HD 115617_1,HD 115617,0.76,0.09,2.931,6.157,8.534,0.97,0.825,0.067998,249.740977,0.758056,0.672736,5.47200529542245e-09,14.387031133823259,0.003996397537173128,3.9173836708824186,0.5883142419211612,0.0019457278478433669,1,1,1,1,1,2,2,2035.745339
HD 115617_2,HD 115617,0.621,0.047,0.562,0.059,8.534,0.97,0.825,0.072141,122.426592,0.593999,0.208451,1.0795622152512467e-10,6781.773646109413,1.8838260128081703,0.07133052904209919,0.6043071387158551,0.002052347159807993,1,1,1,1,1,1,2,2035.745339
HD 115617_3,HD 115617,0.199,0.073,3.38,12.207,8.534,0.97,0.825,,,0.211427,0.800633,1.2728901064598044e-07,inf,inf,0.0,inf,inf,0,0,0,0,0,0,2,2035.745339
HD 115617_4,HD 115617,2.599,0.104,0.763,0.174,8.534,0.97,0.825,,,2.867494,0.967963,4.723221485275716e-11,inf,inf,0.0,inf,inf,0,0,0,0,0,0,2,2035.745339
HD 115617_5,HD 115617,2.098,0.045,1.487,3.177,8.534,0.97,0.825,0.235945,331.936824,2.035166,0.349093,1.527756877420798e-10,1046.8034440392976,0.29077873445536045,0.16290743159934995,0.40351724765810065,0.0007137478860896302,1,1,1,1,1,2,2,2035.745339
HD 115617_6,HD 115617,3.003,0.084,0.942,0.936,8.534,0.97,0.825,,,3.22067,0.037048,2.1612678083996892e-12,inf,inf,0.0,inf,inf,0,0,0,0,0,0,2,2035.745339
HD 72905_1,HD 72905,0.661,0.069,0.5,0.051,14.439,1.08,0.973,,,0.684111,0.272144,1.086262957210644e-10,inf,inf,0.0,inf,inf,0,0,0,0,0,0,3,2035.748079
HD 72905_3,HD 72905,0.899,0.099,2.776,19.234,14.439,1.08,0.973,,,0.918129,0.554575,3.1538294526669286e-09,inf,inf,0.0,inf,inf,0,0,0,0,0,0,3,2035.748079
HD 72905_4,HD 72905,0.923,0.214,1.407,2.24,14.439,1.08,0.973,,,0.759849,0.201259,4.743289437713745e-10,inf,inf,0.0,inf,inf,0,0,0,0,0,0,3,2035.748079
HD 72905_5,HD 72905,3.175,0.086,0.525,0.068,14.439,1.08,0.973,,,3.164214,0.316971,5.285723299008831e-12,inf,inf,0.0,inf,inf,0,0,0,0,0,0,3,2035.748079
HD 20766_0,HD 20766,1.336,0.161,1.674,3.092,12.045,1.01,0.794,0.101037,61.118775,1.29602,0.510769,4.667357287088542e-10,605.8457091014847,0.1682904747504124,0.2169773100939493,0.36499218454935134,0.00045691413203130163,1,1,1,1,1,2,2,2035.750818
HD 20766_1,HD 20766,0.327,0.097,2.659,6.922,12.045,1.01,0.794,,,0.354347,0.75631,2.4484444521452318e-08,inf,inf,0.0,inf,inf,0,0,0,0,0,0,2,2035.750818
HD 20766_4,HD 20766,1.915,0.031,0.912,0.441,12.045,1.01,0.794,,,1.87126,0.103304,1.6065627988751312e-11,inf,inf,0.0,inf,inf,0,0,0,0,0,1,2,2035.750818
HD 4391_0,HD 4391,0.363,0.182,1.471,1.692,15.049,0.98,0.923,,,0.42632,0.076186,6.037364675090376e-10,inf,inf,0.0,inf,inf,0,0,0,0,0,0,3,2035.754504
HD 4391_1,HD 4391,1.544,0.114,0.614,0.159,15.049,0.98,0.923,,,1.387764,0.029115,3.2870396429961308e-12,inf,inf,0.0,inf,inf,0,0,0,0,0,0,3,2035.754504
HD 4391_2,HD 4391,0.361,0.058,0.863,0.256,15.049,0.98,0.923,,,0.367876,0.524757,2.4249850527910554e-09,inf,inf,0.0,inf,inf,0,0,0,0,0,0,3,2035.754504
HD 4391_3,HD 4391,0.102,0.064,0.942,1.344,15.049,0.98,0.923,,,0.097983,0.031711,2.073151825512373e-09,inf,inf,0.0,inf,inf,0,0,0,0,0,0,3,2035.754504
HD 4391_4,HD 4391,0.526,0.038,2.712,11.881,15.049,0.98,0.923,,,0.54458,0.498811,8.83975989675452e-09,inf,inf,0.0,inf,inf,0,0,0,0,0,0,3,2035.754504
HD 10476_0,HD 10476,0.171,0.07,0.738,0.088,7.644,0.85,0.454,,,0.1694,0.017673,1.9163369996917538e-10,inf,inf,0.0,inf,inf,0,0,0,0,0,0,4,2035.757243
HD 23249_0,HD 23249,2.38,0.039,0.804,0.586,9.089,0.87,2.941,,,2.461108,0.332069,2.3395513873127713e-11,inf,inf,0.0,inf,inf,0,0,0,0,0,0,2,2035.759983
HD 23249_1,HD 23249,2.348,0.031,1.487,3.029,9.089,0.87,2.941,,,2.275558,0.019325,5.956655429517328e-12,inf,inf,0.0,inf,inf,0,0,0,0,0,0,2,2035.759983
HD 26965 A_1,HD 26965 A,0.482,0.058,1.38,2.403,5.01,0.86,0.41,0.064215,158.600174,0.506821,0.036651,2.0846151593968276e-10,1383.8091052052223,0.3843914181125617,0.17905923684082486,0.7156045448825402,0.0027943298675858937,1,1,1,1,1,3,3,2035.772494
HD 26965 A_2,HD 26965 A,0.345,0.049,0.5,0.06,5.01,0.86,0.41,0.071209,31.429841,0.358482,0.173964,2.510381292394642e-10,922.4505138682971,0.25623625385230475,0.22340724378844595,0.7092050016538133,0.0027516662460610472,1,1,1,1,1,2,3,2035.772494
HD 20807_0,HD 20807,0.337,0.072,1.793,3.234,12.039,1.07,1.017,,,0.320541,0.767625,1.568186841644219e-08,inf,inf,0.0,inf,inf,0,0,0,0,0,0,2,2035.775234
HD 20807_1,HD 20807,1.546,0.069,0.954,0.846,12.039,1.07,1.017,,,1.44038,0.015601,5.386837244959194e-12,inf,inf,0.0,inf,inf,0,0,0,0,0,1,2,2035.775234
HD 20807_2,HD 20807,2.979,0.055,2.038,8.298,12.039,1.07,1.017,,,3.12179,0.013567,3.722808529632144e-12,inf,inf,0.0,inf,inf,0,0,0,0,0,0,2,2035.775234
HD 20794_0,HD 20794,4.322,0.17,2.962,5.742,6.041,0.97,0.654,,,4.196729,0.05205,1.3072795083393845e-11,inf,inf,0.0,inf,inf,0,0,0,0,0,0,4,2035.794438
HD 20794_1,HD 20794,2.398,0.095,1.302,2.525,6.041,0.97,0.654,,,2.521009,0.28182,5.344213940511313e-11,inf,inf,0.0,inf,inf,0,0,0,0,0,0,4,2035.794438
HD 30495_0,HD 30495,1.934,0.08,0.989,1.288,13.24,1.04,0.966,,,1.913281,0.220917,4.1217063882654813e-11,inf,inf,0.0,inf,inf,0,0,0,0,0,1,2,2035.797178
HD 30495_2,HD 30495,0.416,0.06,1.179,0.557,13.24,1.04,0.966,,,0.403607,0.824549,4.160024494014239e-09,inf,inf,0.0,inf,inf,0,0,0,0,0,0,2,2035.797178
HD 30495_3,HD 30495,1.848,0.089,0.623,0.48,13.24,1.04,0.966,,,2.00371,0.123027,8.455615240009319e-12,inf,inf,0.0,inf,inf,0,0,0,0,0,0,2,2035.797178
HD 146233_0,HD 146233,0.356,0.047,2.679,8.19,14.137,1.02,1.094,,,0.372692,0.174904,6.6545913234623315e-09,inf,inf,0.0,inf,inf,0,0,0,0,0,0,3,2035.799918
HD 146233_1,HD 146233,0.206,0.044,2.032,3.376,14.137,1.02,1.094,,,0.196936,0.861533,6.637328319382355e-08,inf,inf,0.0,inf,inf,0,0,0,0,0,0,3,2035.799918
HD 146233_4,HD 146233,0.539,0.141,1.433,3.682,14.137,1.02,1.094,,,0.474355,0.011834,8.089201501829842e-11,inf,inf,0.0,inf,inf,0,0,0,0,0,0,3,2035.799918
HD 147513_0,HD 147513,1.541,0.04,0.645,0.152,12.892,1.07,1.001,,,1.508185,0.476847,5.884158214171774e-11,inf,inf,0.0,inf,inf,0,0,0,0,0,0,2,2035.806919
HD 147513_1,HD 147513,1.513,0.099,0.537,0.038,12.892,1.07,1.001,,,1.460201,0.276899,2.7099981263453724e-11,inf,inf,0.0,inf,inf,0,0,0,0,0,0,2,2035.806919
HD 147513_2,HD 147513,4.633,0.075,1.379,7.403,12.892,1.07,1.001,,,4.285526,0.586398,3.677998875454414e-11,inf,inf,0.0,inf,inf,0,0,0,0,0,0,2,2035.806919
HD 147513_4,HD 147513,0.196,0.111,0.74,0.096,12.892,1.07,1.001,,,0.190392,0.96195,1.1332790687654722e-08,inf,inf,0.0,inf,inf,0,0,0,0,0,0,2,2035.806919
HD 147513_5,HD 147513,4.52,0.075,0.624,0.254,12.892,1.07,1.001,,,4.505186,0.268663,2.79495546269926e-12,inf,inf,0.0,inf,inf,0,0,0,0,0,0,2,2035.806919
HD 147513_6,HD 147513,1.743,0.075,1.796,2.912,12.892,1.07,1.001,,,1.803228,0.108994,7.412347732682318e-11,inf,inf,0.0,inf,inf,0,0,0,0,0,1,2,2035.806919
HD 147513_7,HD 147513,2.47,0.028,0.667,0.174,12.892,1.07,1.001,,,2.425769,0.990661,3.599777876064567e-11,inf,inf,0.0,inf,inf,0,0,0,0,0,0,2,2035.806919
HD 185144_1,HD 185144,0.747,0.07,0.5,0.019,5.764,0.87,0.434,,,0.731114,0.000872,2.3308339365268243e-13,inf,inf,0.0,inf,inf,0,0,0,0,0,0,3,2035.809659
HD 185144_3,HD 185144,0.688,0.135,2.317,4.389,5.764,0.87,0.434,0.061797,219.120034,0.739761,0.863305,5.1455279315865496e-09,15.513231066730192,0.0043092308518694975,3.688431978534487,0.6186438903739326,0.0021479255041951767,1,1,1,1,1,3,3,2035.809659
HD 128621_0,HD 128621,0.181,0.076,0.591,0.281,1.332,0.94,0.503,0.084213,342.455588,0.192406,0.837941,5.635025273074453e-09,0.4751238245632999,0.0001319788401564722,108.1538266450222,5.266922278580657,0.03313644809224001,1,1,1,1,1,3,3,2035.829508
HD 128621_1,HD 128621,3.969,0.152,0.756,0.624,1.332,0.94,0.503,,,4.061125,0.496985,1.1182249506369979e-11,inf,inf,0.0,inf,inf,0,0,0,0,0,0,3,2035.829508
HD 128621_3,HD 128621,4.377,0.084,0.667,0.424,1.332,0.94,0.503,,,4.730928,0.002891,4.304014093761547e-14,inf,inf,0.0,inf,inf,0,0,0,0,0,0,3,2035.829508
HD 128621_4,HD 128621,1.135,0.055,1.179,1.502,1.332,0.94,0.503,0.764972,155.487898,1.076928,0.507339,3.319488270105915e-10,8.167840244602852,0.002268844512389681,8.029534583183716,2.7154563218704313,0.016126675047505167,1,1,1,1,1,3,3,2035.829508
HD 20630_1,HD 20630,0.648,0.142,1.547,4.726,9.276,0.98,0.857,0.069008,329.812045,0.678688,0.455195,1.6042089706398192e-09,74.6366600759099,0.02073240557664164,1.0188252846241932,0.5620269513929903,0.001770479244322228,1,1,1,1,1,2,3,2035.835041
HD 20630_5,HD 20630,1.387,0.083,0.621,0.63,9.276,0.98,0.857,,,1.500554,0.46967,4.8581227418997824e-11,inf,inf,0.0,inf,inf,0,0,0,0,0,0,3,2035.835041
HD 3651 A_0,HD 3651 A,0.818,0.09,1.086,0.195,11.108,0.86,0.532,0.057605,229.669206,0.756843,0.142931,2.2256787321410567e-10,10971.267425911941,3.047574284975539,0.045388850441134145,0.4096386995330877,0.0007545575652562104,1,0,1,1,1,2,3,2035.848378
HD 3651 A_3,HD 3651 A,0.106,0.12,3.284,8.237,11.108,0.86,0.532,,,0.108291,0.786743,3.3855012047911326e-07,inf,inf,0.0,inf,inf,0,0,0,0,0,0,3,2035.848378
HD 3651 A_5,HD 3651 A,0.552,0.025,0.534,0.148,11.108,0.86,0.532,,,0.564055,0.093219,6.788528410875209e-11,inf,inf,0.0,inf,inf,0,0,0,0,0,0,3,2035.848378
HD 190360_0,HD 190360,0.922,0.17,1.79,3.759,16.003,0.96,1.165,0.06847,305.834518,1.078089,0.313886,5.66537556964411e-10,1285.915377814836,0.3571987160596766,0.14684614357652126,0.41820886372524424,0.0008116919932039208,1,1,1,1,1,1,3,2035.854653
HD 190360_1,HD 190360,3.764,0.081,1.071,1.582,16.003,0.96,1.165,,,3.808993,0.193768,1.1363602246454858e-11,inf,inf,0.0,inf,inf,0,0,0,0,0,0,3,2035.854653
HD 190360_3,HD 190360,3.632,0.139,2.733,10.267,16.003,0.96,1.165,,,4.119335,0.174444,6.628869659157221e-11,inf,inf,0.0,inf,inf,0,0,0,0,0,0,3,2035.854653
HD 190360_4,HD 190360,1.735,0.021,0.534,0.045,16.003,0.96,1.165,,,1.729702,0.158457,7.231136742551796e-12,inf,inf,0.0,inf,inf,0,0,0,0,0,0,3,2035.854653
HD 190360_5,HD 190360,0.581,0.08,1.934,2.88,16.003,0.96,1.165,,,0.626958,0.651401,5.216205907276135e-09,inf,inf,0.0,inf,inf,0,0,0,0,0,0,3,2035.854653
HD 33262 A_0,HD 33262 A,4.098,0.155,0.949,0.422,11.693,1.14,1.466,,,4.72915,0.049699,1.379278446623821e-12,inf,inf,0.0,inf,inf,0,0,0,0,0,0,3,2035.857393
HD 33262 A_1,HD 33262 A,3.3,0.062,1.368,1.583,11.693,1.14,1.466,,,3.293469,0.027949,3.3145843920085398e-12,inf,inf,0.0,inf,inf,0,0,0,0,0,0,3,2035.857393
HD 33262 A_2,HD 33262 A,3.337,0.087,0.965,0.502,11.693,1.14,1.466,,,3.625401,0.161335,7.794907753829485e-12,inf,inf,0.0,inf,inf,0,0,0,0,0,0,3,2035.857393
HD 33262 A_4,HD 33262 A,1.015,0.091,2.255,9.306,11.693,1.14,1.466,0.067522,170.91051,0.924731,0.597918,2.1021956465294007e-09,46.51756881524631,0.012921546893123975,1.4847704996355986,0.6078861436696243,0.002076207192833122,1,1,1,1,1,1,3,2035.857393
HD 33262 A_5,HD 33262 A,0.358,0.206,1.487,2.029,11.693,1.14,1.466,,,0.427505,0.386405,3.018446575988502e-09,inf,inf,0.0,inf,inf,0,0,0,0,0,0,3,2035.857393
HD 33262 A_6,HD 33262 A,0.874,0.139,0.646,0.257,11.693,1.14,1.466,,,0.881019,0.074496,2.4552415078214703e-11,inf,inf,0.0,inf,inf,0,0,0,0,0,0,3,2035.857393
HD 33262 A_8,HD 33262 A,0.199,0.101,2.893,13.631,11.693,1.14,1.466,,,0.184992,0.246558,3.707327150197046e-08,inf,inf,0.0,inf,inf,0,0,0,0,0,0,3,2035.857393
HD 10700_0,HD 10700,1.625,0.099,0.563,0.087,3.652,0.94,0.506,,,1.709446,0.143677,1.0797115031458431e-11,inf,inf,0.0,inf,inf,0,0,0,0,0,0,5,2035.870457
HD 128167_0,HD 128167,1.283,0.14,1.15,1.29,15.756,1.39,3.182,0.069131,76.523521,1.379709,0.719245,3.5071968336609593e-10,593.4283425925856,0.16484120627571824,0.2855696652288676,0.6978163495001755,0.002675741898370129,1,1,1,1,1,2,2,2035.87733
HD 128167_2,HD 128167,3.433,0.063,1.328,2.483,15.756,1.39,3.182,,,3.465322,0.524824,4.0119623448187415e-11,inf,inf,0.0,inf,inf,0,0,0,0,0,0,2,2035.87733
HD 128167_3,HD 128167,4.878,0.117,2.132,5.678,15.756,1.39,3.182,,,5.208601,0.582406,5.751666942111101e-11,inf,inf,0.0,inf,inf,0,0,0,0,0,0,2,2035.87733
HD 128167_4,HD 128167,1.323,0.044,1.923,2.477,15.756,1.39,3.182,,,1.275655,0.852531,1.5213955604048042e-09,inf,inf,0.0,inf,inf,0,0,0,0,0,0,2,2035.87733
HD 156274 A_3,HD 156274 A,4.433,0.138,1.608,3.519,8.791,0.9,0.452,,,5.007685,0.089394,6.569766709937646e-12,inf,inf,0.0,inf,inf,0,0,0,0,0,0,5,2035.884496
HD 203608_0,HD 203608,2.203,0.092,1.79,3.488,9.258,1.14,1.466,,,2.29845,0.102944,5.118322089819121e-11,inf,inf,0.0,inf,inf,0,0,0,0,0,1,2,2035.887236
HD 203608_1,HD 203608,2.342,0.1,0.502,0.104,9.258,1.14,1.466,,,2.197065,0.280955,1.1944213728769722e-11,inf,inf,0.0,inf,inf,0,0,0,0,0,0,2,2035.887236
HD 203608_2,HD 203608,2.74,0.062,1.086,1.189,9.258,1.14,1.466,,,2.660973,0.247751,3.5250703973939895e-11,inf,inf,0.0,inf,inf,0,0,0,0,0,1,2,2035.887236
HD 203608_5,HD 203608,4.293,0.038,0.929,0.698,9.258,1.14,1.466,,,4.432751,0.01306,5.139311578315839e-13,inf,inf,0.0,inf,inf,0,0,0,0,0,0,2,2035.887236
HD 203608_6,HD 203608,0.526,0.072,0.985,0.486,9.258,1.14,1.466,,,0.52338,0.053038,9.846337563657635e-11,inf,inf,0.0,inf,inf,0,0,0,0,0,0,2,2035.887236
HD 90839_0,HD 90839,3.665,0.022,0.781,0.186,12.945,1.18,1.605,,,3.66606,0.002637,9.508592645360926e-14,inf,inf,0.0,inf,inf,0,0,0,0,0,0,3,2035.894653
HD 90839_1,HD 90839,0.191,0.094,1.403,2.751,12.945,1.18,1.605,,,0.20855,0.337928,9.181167307593978e-09,inf,inf,0.0,inf,inf,0,0,0,0,0,0,3,2035.894653
HD 90839_2,HD 90839,3.378,0.112,1.125,1.619,12.945,1.18,1.605,,,3.620577,0.531454,3.666600849320577e-11,inf,inf,0.0,inf,inf,0,0,0,0,0,0,3,2035.894653
HD 90839_5,HD 90839,0.15,0.051,2.273,4.226,12.945,1.18,1.605,,,0.155037,0.129331,1.4268253706203642e-08,inf,inf,0.0,inf,inf,0,0,0,0,0,0,3,2035.894653
HD 202560_0,HD 202560,0.846,0.075,1.59,2.013,3.97,0.59,0.083,0.221437,132.516287,0.891399,0.232069,5.035089879893632e-10,2515.754114080137,0.6988205872444825,0.08856841463176289,0.31414132836546993,0.00011790842413875867,1,1,1,1,1,3,4,2035.904277
HD 202560_1,HD 202560,0.552,0.052,0.674,0.125,3.97,0.59,0.083,0.141435,190.055541,0.578912,0.400454,4.223345143525795e-10,3603.9500940158614,1.0010972483377394,0.07251119147457655,0.3141551875070184,0.0001180008184157485,1,1,1,1,1,4,4,2035.904277
HD 202560_3,HD 202560,0.867,0.117,1.589,3.604,3.97,0.59,0.083,0.205219,156.588549,0.828942,0.236875,5.888172602166248e-10,1914.0282128293961,0.5316745035637211,0.10339100782757511,0.31414132836749076,0.00011790842415223086,1,1,1,1,1,4,4,2035.904277
HD 202560_4,HD 202560,2.302,0.14,0.558,0.251,3.97,0.59,0.083,,,1.98802,0.219735,1.2307323285790296e-11,inf,inf,0.0,inf,inf,0,0,0,0,0,0,4,2035.904277
HD 202560_5,HD 202560,3.244,0.082,0.847,0.372,3.97,0.59,0.083,,,3.509984,0.111699,4.36475331567465e-12,inf,inf,0.0,inf,inf,0,0,0,0,0,0,4,2035.904277
HD 202560_6,HD 202560,0.414,0.085,0.785,0.225,3.97,0.59,0.083,0.103793,218.543526,0.413788,0.201374,5.034277805649671e-10,3123.5160184062397,0.8676433384461777,0.07910462762402422,0.31970873521266635,0.00015502446978673482,1,1,1,1,1,4,4,2035.904277
HD 16895 A_0,HD 16895 A,3.595,0.047,2.816,7.544,11.15,1.21,2.246,,,3.631039,0.223835,9.864278066729427e-11,inf,inf,0.0,inf,inf,0,0,0,0,0,0,2,2035.916321
HD 16895 A_4,HD 16895 A,4.424,0.091,1.274,1.913,11.15,1.21,2.246,,,4.45787,0.000956,4.41730186871948e-14,inf,inf,0.0,inf,inf,0,0,0,0,0,0,2,2035.916321
HD 16895 A_5,HD 16895 A,1.554,0.05,3.144,9.969,11.15,1.21,2.246,0.110657,290.689246,1.586304,0.695465,1.6350582437846788e-09,19.908007990309308,0.0055300022195303635,2.894876016671006,0.5098841226343686,0.0014228603859314163,1,1,1,1,1,2,2,2035.916321
HD 16895 A_6,HD 16895 A,0.108,0.029,0.508,0.042,11.15,1.21,2.246,,,0.107893,0.275459,5.282792921094406e-09,inf,inf,0.0,inf,inf,0,0,0,0,0,0,2,2035.916321
HD 95128_1,HD 95128,2.285,0.074,0.586,0.282,13.887,1.07,1.577,,,2.431576,0.01226,4.804155231497857e-13,inf,inf,0.0,inf,inf,0,0,0,0,0,0,3,2035.930476
HD 95128_2,HD 95128,4.586,0.035,0.538,0.083,13.887,1.07,1.577,,,4.732546,0.003783,2.2253644251096455e-14,inf,inf,0.0,inf,inf,0,0,0,0,0,0,3,2035.930476
HD 95128_3,HD 95128,0.343,0.031,2.771,10.086,13.887,1.07,1.577,,,0.337389,0.782541,3.226263935736895e-08,inf,inf,0.0,inf,inf,0,0,0,0,0,0,3,2035.930476
HD 95128_4,HD 95128,2.15,0.173,1.218,6.511,13.887,1.07,1.577,,,2.066466,0.011507,2.5665940524749173e-12,inf,inf,0.0,inf,inf,0,0,0,0,0,0,3,2035.930476
HD 95128_5,HD 95128,0.6,0.105,2.299,8.137,13.887,1.07,1.577,,,0.659346,0.535262,4.50851317653593e-09,inf,inf,0.0,inf,inf,0,0,0,0,0,0,3,2035.930476
HD 95128_6,HD 95128,0.335,0.024,2.419,8.582,13.887,1.07,1.577,,,0.329814,0.676527,2.8183674674332688e-08,inf,inf,0.0,inf,inf,0,0,0,0,0,0,3,2035.930476
HD 95128_7,HD 95128,0.847,0.089,1.394,3.129,13.887,1.07,1.577,,,0.789085,0.086591,1.6075945326734233e-10,inf,inf,0.0,inf,inf,0,0,0,0,0,0,3,2035.930476
HD 95128_8,HD 95128,0.588,0.034,2.182,8.46,13.887,1.07,1.577,,,0.593061,0.705531,6.391540427820594e-09,inf,inf,0.0,inf,inf,0,0,0,0,0,0,3,2035.930476
HD 165341 A_0,HD 165341 A,3.482,0.036,1.359,2.775,5.113,0.88,0.532,,,3.517282,0.012145,1.1081944103519356e-12,inf,inf,0.0,inf,inf,0,0,0,0,0,0,4,2035.933216
HD 165341 A_2,HD 165341 A,0.277,0.022,2.947,13.11,5.113,0.88,0.532,,,0.283006,0.696732,4.3024477280463665e-08,inf,inf,0.0,inf,inf,0,0,0,0,0,0,4,2035.933216
HD 165341 A_3,HD 165341 A,0.642,0.027,1.615,1.833,5.113,0.88,0.532,,,0.624678,0.02458,7.806733767875072e-11,inf,inf,0.0,inf,inf,0,0,0,0,0,1,4,2035.933216
HD 22484_0,HD 22484,0.838,0.146,1.142,1.607,13.92,1.14,3.068,,,0.740737,0.696968,1.081612837149654e-09,inf,inf,0.0,inf,inf,0,0,0,0,0,0,2,2035.937456
HD 22484_1,HD 22484,1.12,0.109,1.996,7.679,13.92,1.14,3.068,0.071899,156.258379,1.068729,0.459311,1.0809055087998606e-09,63.82996168469451,0.01773054491241514,1.2188150611207704,0.7157892842453369,0.0027955614633378718,1,1,1,1,1,2,2,2035.937456
HD 22484_2,HD 22484,0.469,0.117,1.765,3.166,13.92,1.14,3.068,,,0.521103,0.018109,1.4957817017751224e-10,inf,inf,0.0,inf,inf,0,0,0,0,0,0,2,2035.937456
HD 22484_5,HD 22484,4.456,0.081,0.516,0.034,13.92,1.14,3.068,,,4.104625,0.068508,7.932763002872893e-13,inf,inf,0.0,inf,inf,0,0,0,0,0,0,2,2035.937456
HD 22484_7,HD 22484,3.201,0.074,0.943,1.501,13.92,1.14,3.068,,,3.041031,0.635817,4.912127720622209e-11,inf,inf,0.0,inf,inf,0,0,0,0,0,0,2,2035.937456
HD 10476_0,HD 10476,0.171,0.07,0.738,0.088,7.644,0.85,0.454,,,0.167185,0.755565,8.41110075355305e-09,inf,inf,0.0,inf,inf,0,0,0,0,0,0,5,2035.942462
HD 109358_0,HD 109358,0.599,0.064,0.661,0.193,8.473,1.08,1.151,0.075217,254.436356,0.6341,0.280342,2.381245141226528e-10,636.8508544036468,0.1769030151121241,0.278417434120622,0.7238869296056998,0.0028495457657402913,1,1,1,1,1,3,3,2035.945201
HD 109358_1,HD 109358,0.313,0.024,1.946,4.835,8.473,1.08,1.151,,,0.319439,0.656302,1.5814264865102387e-08,inf,inf,0.0,inf,inf,0,0,0,0,0,0,3,2035.945201
HD 109358_3,HD 109358,0.172,0.066,1.409,1.609,8.473,1.08,1.151,,,0.169188,0.441072,2.2969219288700393e-08,inf,inf,0.0,inf,inf,0,0,0,0,0,0,3,2035.945201
HD 109358_4,HD 109358,1.488,0.078,0.58,0.237,8.473,1.08,1.151,,,1.563981,0.184888,1.7616385050024413e-11,inf,inf,0.0,inf,inf,0,0,0,0,0,0,3,2035.945201
HD 109358_5,HD 109358,3.968,0.05,3.285,25.806,8.473,1.08,1.151,,,3.883322,0.005886,2.6355828809976237e-12,inf,inf,0.0,inf,inf,0,0,0,0,0,0,3,2035.945201
HD 131156 A_0,HD 131156 A,0.922,0.01,2.426,6.027,6.754,0.96,0.553,0.136818,237.657329,0.923975,0.32707,1.5253266156370596e-09,31.863917487966145,0.008851088191101707,1.8845623338624604,0.42494691372511967,0.0008566123265364237,1,1,1,1,1,3,3,2035.949353
HD 131156 A_1,HD 131156 A,1.097,0.147,1.932,4.971,6.754,0.96,0.553,0.124951,98.232617,0.93659,0.119069,3.565301107476083e-10,225.95410642919143,0.06276502956366428,0.43185552387698173,0.4279760428522745,0.0008768065207174557,1,1,1,1,1,3,3,2035.949353
HD 53705_0,HD 53705,0.273,0.081,1.735,2.717,17.059,1.04,1.49,,,0.275636,0.123765,3.708634567457785e-09,inf,inf,0.0,inf,inf,0,0,0,0,0,0,2,2035.954871
HD 53705_1,HD 53705,2.604,0.083,3.306,16.05,17.059,1.04,1.49,0.161018,150.293566,2.775689,0.223814,2.326397711748192e-10,1731.704407659603,0.4810290021276675,0.11420327707797943,0.3465335363587113,0.0003338564774270345,1,1,1,1,1,2,2,2035.954871
HD 53705_2,HD 53705,1.597,0.089,2.478,13.971,17.059,1.04,1.49,0.08271,335.362835,1.567768,0.557999,1.137724537910376e-09,206.6681487550051,0.05740781909861253,0.4490194909668867,0.4012494913583396,0.0006986295107578898,1,1,1,1,1,2,2,2035.954871
HD 53705_3,HD 53705,0.715,0.026,1.359,2.038,17.059,1.04,1.49,,,0.717029,0.51145,1.1762371784945746e-09,inf,inf,0.0,inf,inf,0,0,0,0,0,0,2,2035.954871
HD 53705_4,HD 53705,0.527,0.092,2.437,10.745,17.059,1.04,1.49,,,0.525057,0.286285,3.881312852011024e-09,inf,inf,0.0,inf,inf,0,0,0,0,0,0,2,2035.954871
HD 10780_0,HD 10780,0.841,0.11,1.077,1.181,10.041,0.9,0.516,0.083472,78.534083,0.797072,0.388506,3.782101581976154e-10,1496.8064703492562,0.41577957509701563,0.13314929368015924,0.40758996713818313,0.0007408993492901802,1,1,1,1,1,3,3,2035.961702
HD 10780_3,HD 10780,2.25,0.098,1.348,1.367,10.041,0.9,0.516,,,2.044469,0.032443,8.390037557974655e-12,inf,inf,0.0,inf,inf,0,0,0,0,0,1,3,2035.961702
HD 10780_4,HD 10780,2.669,0.102,2.513,12.001,10.041,0.9,0.516,,,2.69096,0.106319,6.608819103129526e-11,inf,inf,0.0,inf,inf,0,0,0,0,0,1,3,2035.961702
HD 17051_0,HD 17051,1.593,0.055,0.8,0.166,17.357,1.14,1.737,,,1.532238,0.289344,4.1914284018586715e-11,inf,inf,0.0,inf,inf,0,0,0,0,0,0,3,2035.973672
HD 17051_1,HD 17051,2.146,0.107,1.035,0.971,17.357,1.14,1.737,,,2.293114,0.007412,7.668384375394593e-13,inf,inf,0.0,inf,inf,0,0,0,0,0,0,3,2035.973672
HD 17051_2,HD 17051,4.311,0.108,1.302,2.591,17.357,1.14,1.737,,,4.050487,0.199893,1.3110695018630939e-11,inf,inf,0.0,inf,inf,0,0,0,0,0,0,3,2035.973672
HD 39091_1,HD 39091,3.12,0.028,1.191,1.952,18.287,1.08,1.533,,,3.090836,0.095949,9.766834080846447e-12,inf,inf,0.0,inf,inf,0,0,0,0,0,0,2,2035.977797
HD 39091_2,HD 39091,2.865,0.029,0.677,0.089,18.287,1.08,1.533,,,2.860617,0.275957,1.1633201993036139e-11,inf,inf,0.0,inf,inf,0,0,0,0,0,0,2,2035.977797
HD 39091_3,HD 39091,3.55,0.072,1.069,0.919,18.287,1.08,1.533,,,3.774233,0.791233,4.4091302512143715e-11,inf,inf,0.0,inf,inf,0,0,0,0,0,0,2,2035.977797
HD 39091_4,HD 39091,4.534,0.027,1.234,1.811,18.287,1.08,1.533,,,4.600184,0.355443,1.6142898430222522e-11,inf,inf,0.0,inf,inf,0,0,0,0,0,0,2,2035.977797
HD 39091_5,HD 39091,1.437,0.051,1.31,1.974,18.287,1.08,1.533,0.071877,60.674151,1.383982,0.172472,1.0537540064047717e-10,22330.16764360461,6.202824345445725,0.03202597931654511,0.42019176705871425,0.0008249113487603874,1,0,1,1,1,2,2,2035.977797
HD 39091_6,HD 39091,0.67,0.012,2.604,6.457,18.287,1.08,1.533,,,0.670618,0.682931,8.851943820225018e-09,inf,inf,0.0,inf,inf,0,0,0,0,0,0,2,2035.977797
HD 34411_0,HD 34411,0.295,0.082,3.192,8.429,12.562,1.08,1.732,,,0.277863,0.222274,2.4950377195836227e-08,inf,inf,0.0,inf,inf,0,0,0,0,0,0,2,2035.982786
HD 34411_1,HD 34411,1.539,0.078,0.897,0.713,12.562,1.08,1.732,,,1.594583,0.060079,1.1930074719837483e-11,inf,inf,0.0,inf,inf,0,0,0,0,0,1,2,2035.982786
HD 34411_3,HD 34411,1.691,0.074,0.798,0.808,12.562,1.08,1.732,,,1.781587,0.274841,4.630267962769859e-11,inf,inf,0.0,inf,inf,0,0,0,0,0,1,2,2035.982786
HD 142860_0,HD 142860,0.405,0.081,2.385,6.459,11.254,1.25,3.039,,,0.384567,0.086225,2.279602482456876e-09,inf,inf,0.0,inf,inf,0,0,0,0,0,0,2,2035.9863
HD 142860_2,HD 142860,3.184,0.073,1.146,0.989,11.254,1.25,3.039,,,3.377791,0.323499,2.5663254590254155e-11,inf,inf,0.0,inf,inf,0,0,0,0,0,0,2,2035.9863
HD 142860_3,HD 142860,0.465,0.068,1.963,1.786,11.254,1.25,3.039,,,0.481751,0.167014,1.9060721310779156e-09,inf,inf,0.0,inf,inf,0,0,0,0,0,0,2,2035.9863
HD 142860_5,HD 142860,0.92,0.074,2.443,8.017,11.254,1.25,3.039,,,0.935113,0.051299,2.717828978513556e-10,inf,inf,0.0,inf,inf,0,0,0,0,0,1,2,2035.9863
HD 142860_6,HD 142860,0.627,0.092,3.102,5.436,11.254,1.25,3.039,,,0.652622,0.267478,3.2331253773638913e-09,inf,inf,0.0,inf,inf,0,0,0,0,0,0,2,2035.9863
HD 46588 A_0,HD 46588 A,1.961,0.092,1.375,5.123,18.202,1.18,1.826,,,2.138315,0.276118,7.86852144183598e-11,inf,inf,0.0,inf,inf,0,0,0,0,0,0,3,2035.98904
HD 46588 A_2,HD 46588 A,0.149,0.051,1.651,3.767,18.202,1.18,1.826,,,0.152604,0.957165,6.725539781261225e-08,inf,inf,0.0,inf,inf,0,0,0,0,0,0,3,2035.98904
HD 46588 A_4,HD 46588 A,0.634,0.042,1.252,1.899,18.202,1.18,1.826,,,0.615711,0.54956,1.5578049442184125e-09,inf,inf,0.0,inf,inf,0,0,0,0,0,0,3,2035.98904
HD 46588 A_5,HD 46588 A,0.119,0.052,0.593,0.101,18.202,1.18,1.826,,,0.115815,0.311923,5.799066969730689e-09,inf,inf,0.0,inf,inf,0,0,0,0,0,0,3,2035.98904
HD 46588 A_6,HD 46588 A,0.647,0.045,2.121,5.747,18.202,1.18,1.826,,,0.6744,0.487416,2.3957927954818007e-09,inf,inf,0.0,inf,inf,0,0,0,0,0,0,3,2035.98904
HD 46588 A_7,HD 46588 A,1.085,0.088,1.256,5.584,18.202,1.18,1.826,,,0.989987,0.973675,1.1255924497543962e-09,inf,inf,0.0,inf,inf,0,0,0,0,0,0,3,2035.98904
HD 46588 A_8,HD 46588 A,2.008,0.017,0.521,0.08,18.202,1.18,1.826,,,1.97416,0.563004,2.7806821775207923e-11,inf,inf,0.0,inf,inf,0,0,0,0,0,0,3,2035.98904
HD 86728 A_0,HD 86728 A,0.138,0.113,0.53,0.078,14.926,1.0,1.378,,,0.152603,0.945519,5.460761283381251e-09,inf,inf,0.0,inf,inf,0,0,0,0,0,0,2,2036.002268
HD 86728 A_1,HD 86728 A,1.194,0.049,0.519,0.144,14.926,1.0,1.378,,,1.160023,0.389321,4.6783124641080283e-11,inf,inf,0.0,inf,inf,0,0,0,0,0,0,2,2036.002268
HD 86728 A_2,HD 86728 A,1.586,0.024,0.736,0.367,14.926,1.0,1.378,,,1.591879,0.667817,7.378869044563224e-11,inf,inf,0.0,inf,inf,0,0,0,0,0,0,2,2036.002268
HD 86728 A_3,HD 86728 A,0.34,0.077,0.971,1.901,14.926,1.0,1.378,,,0.322923,0.467385,2.874070085801538e-09,inf,inf,0.0,inf,inf,0,0,0,0,0,0,2,2036.002268
HD 86728 A_4,HD 86728 A,3.143,0.15,2.985,16.709,14.926,1.0,1.378,0.187921,216.96723,2.891392,0.269516,1.7400344580075042e-10,2154.1450460678752,0.5983736239077431,0.10207830504197238,0.3556706596572786,0.0003947706327508167,1,1,1,1,1,2,2,2036.002268
HD 86728 A_5,HD 86728 A,0.238,0.132,1.155,6.008,14.926,1.0,1.378,,,0.22726,0.003091,4.6333010052972946e-11,inf,inf,0.0,inf,inf,0,0,0,0,0,0,2,2036.002268
HD 86728 A_6,HD 86728 A,2.84,0.137,2.462,3.621,14.926,1.0,1.378,0.194352,144.103656,3.076615,0.457864,1.7335490426780142e-10,2164.0878852774426,0.6011355236881785,0.1018143650032761,0.355670659337179,0.0003947706306168193,1,1,1,1,1,2,2,2036.002268
HD 140538 A_0,HD 140538 A,2.088,0.047,0.685,0.069,14.793,0.94,0.834,,,2.148442,0.250104,2.134946153948679e-11,inf,inf,0.0,inf,inf,0,0,0,0,0,0,4,2036.006348
HD 140538 A_1,HD 140538 A,0.512,0.053,2.798,18.338,14.793,0.94,0.834,,,0.487357,0.167196,3.228353027884467e-09,inf,inf,0.0,inf,inf,0,0,0,0,0,0,4,2036.006348
HD 140538 A_2,HD 140538 A,4.137,0.053,0.916,0.304,14.793,0.94,0.834,,,3.979362,0.822531,3.177565134266696e-11,inf,inf,0.0,inf,inf,0,0,0,0,0,0,4,2036.006348
HD 142373_0,HD 142373,1.268,0.168,0.757,0.148,15.898,1.08,3.136,,,1.278614,0.208421,5.19389057575559e-11,inf,inf,0.0,inf,inf,0,0,0,0,0,1,2,2036.009707
HD 142373_1,HD 142373,1.76,0.092,0.868,0.535,15.898,1.08,3.136,,,1.87217,0.488236,6.528679271073505e-11,inf,inf,0.0,inf,inf,0,0,0,0,0,0,2,2036.009707
HD 142373_2,HD 142373,0.834,0.129,2.923,6.259,15.898,1.08,3.136,,,0.896075,0.074868,5.663709201585105e-10,inf,inf,0.0,inf,inf,0,0,0,0,0,0,2,2036.009707
HD 142373_4,HD 142373,1.161,0.006,1.265,2.536,15.898,1.08,3.136,,,1.159358,0.78597,8.468460304019827e-10,inf,inf,0.0,inf,inf,0,0,0,0,0,1,2,2036.009707
HD 142373_6,HD 142373,4.705,0.105,0.947,0.923,15.898,1.08,3.136,,,4.680027,0.121875,3.2219591266506757e-12,inf,inf,0.0,inf,inf,0,0,0,0,0,0,2,2036.009707
HD 142373_7,HD 142373,1.878,0.051,2.611,6.816,15.898,1.08,3.136,0.116626,182.475756,1.883047,0.212334,2.398875851447112e-10,470.13803774659175,0.13059389937405327,0.2689785330186135,0.4248449734681789,0.0008559327248234851,1,1,1,1,1,2,2,2036.009707
HD 142373_8,HD 142373,3.092,0.053,1.805,7.326,15.898,1.08,3.136,0.11577,13.660359,2.939155,0.813865,2.0820225905525673e-10,593.4477009002804,0.16484658358341123,0.23324689312812363,0.4252137087239903,0.0008583909598622278,1,1,1,1,1,2,2,2036.009707
HD 101501_3,HD 101501,0.112,0.069,1.262,2.497,9.576,0.94,0.609,,,0.112156,0.898202,7.548858291639446e-08,inf,inf,0.0,inf,inf,0,0,0,0,0,0,4,2036.012447
HD 101501_7,HD 101501,0.888,0.054,0.887,0.333,9.576,0.94,0.609,,,0.934359,0.098979,5.759238839156399e-11,inf,inf,0.0,inf,inf,0,0,0,0,0,1,4,2036.012447
HD 693_0,HD 693,1.045,0.058,1.136,2.579,18.886,1.18,2.997,,,0.995625,0.133593,1.1260767582158393e-10,inf,inf,0.0,inf,inf,0,0,0,0,0,0,2,2036.021377
HD 693_1,HD 693,0.139,0.106,2.768,7.407,18.886,1.18,2.997,,,0.150546,3.9e-05,9.077765843493265e-12,inf,inf,0.0,inf,inf,0,0,0,0,0,0,2,2036.021377
HD 693_3,HD 693,1.448,0.069,1.975,3.042,18.886,1.18,2.997,,,1.381329,0.041959,4.729252890509323e-11,inf,inf,0.0,inf,inf,0,0,0,0,0,1,2,2036.021377
HD 693_4,HD 693,1.744,0.105,1.392,2.348,18.886,1.18,2.997,0.092927,310.48006,1.906585,0.395203,1.1844032804764756e-10,2714.1471536264294,0.7539297648962304,0.09681110052850198,0.42047719305484926,0.0008268141887346209,1,1,1,1,1,2,2,2036.021377
HD 693_5,HD 693,2.909,0.1,1.423,2.794,18.886,1.18,2.997,,,2.658022,0.083385,1.768454754612325e-11,inf,inf,0.0,inf,inf,0,0,0,0,0,0,2,2036.021377
HD 693_6,HD 693,2.914,0.024,0.574,0.316,18.886,1.18,2.997,,,2.917103,0.764576,2.367726051419434e-11,inf,inf,0.0,inf,inf,0,0,0,0,0,0,2,2036.021377
HD 693_7,HD 693,3.93,0.01,2.298,5.004,18.886,1.18,2.997,,,3.954879,0.162146,3.4949074986302576e-11,inf,inf,0.0,inf,inf,0,0,0,0,0,0,2,2036.021377
HD 20794_0,HD 20794,4.322,0.17,2.962,5.742,6.041,0.97,0.654,,,4.079341,0.077199,2.0521005539464925e-11,inf,inf,0.0,inf,inf,0,0,0,0,0,0,5,2036.024116
HD 20794_1,HD 20794,2.398,0.095,1.302,2.525,6.041,0.97,0.654,,,2.580632,0.428257,7.750194499722686e-11,inf,inf,0.0,inf,inf,0,0,0,0,0,0,5,2036.024116
HD 136352_0,HD 136352,1.127,0.083,0.501,0.05,14.739,1.02,1.029,,,1.145693,0.702982,9.800796634794527e-11,inf,inf,0.0,inf,inf,0,0,0,0,0,0,3,2036.026856
HD 136352_2,HD 136352,0.995,0.082,1.549,3.519,14.739,1.02,1.029,,,0.932559,0.554298,1.1898795055214702e-09,inf,inf,0.0,inf,inf,0,0,0,0,0,1,3,2036.026856
HD 136352_3,HD 136352,3.774,0.069,2.041,4.78,14.739,1.02,1.029,0.221577,225.64637,3.625518,0.558173,1.2030898473140504e-10,6465.334272285039,1.7959261867458443,0.054911561196736604,0.34233640482274663,0.0003058756005206036,1,1,1,1,1,1,3,2036.026856
HD 136352_4,HD 136352,1.831,0.068,0.826,0.342,14.739,1.02,1.029,0.100035,247.946983,1.708604,0.632642,1.0350809323794118e-10,11442.878386079847,3.178577329466624,0.04162537431636156,0.36089066335301256,0.00042957065738904283,1,0,1,1,1,1,3,2036.026856
HD 219134_0,HD 219134,1.298,0.068,3.021,11.197,6.542,0.75,0.266,0.152764,145.381908,1.384774,0.752538,1.8512662111552208e-09,73.27465333603193,0.02035407037111998,0.9210126499914693,0.3474742327976031,0.00034012778701964636,1,1,1,1,1,2,2,2036.029596
HD 219134_1,HD 219134,0.107,0.06,0.589,0.114,6.542,0.75,0.266,,,0.112616,0.164387,2.8951776318852057e-09,inf,inf,0.0,inf,inf,0,0,0,0,0,0,2,2036.029596
HD 219134_2,HD 219134,0.475,0.085,1.279,2.244,6.542,0.75,0.266,,,0.51476,0.752935,3.3889664544761384e-09,inf,inf,0.0,inf,inf,0,0,0,0,0,1,2,2036.029596
HD 219134_3,HD 219134,2.999,0.067,1.913,4.52,6.542,0.75,0.266,0.372875,164.951394,3.064419,0.684407,1.5914599463688313e-10,3194.0002472636484,0.887222290906569,0.08112145377687179,0.3474628061996503,0.0003400516096999615,1,1,1,1,1,1,2,2036.029596
HD 219134_4,HD 219134,0.285,0.083,1.716,4.805,6.542,0.75,0.266,,,0.265954,0.258188,7.719775404786929e-09,inf,inf,0.0,inf,inf,0,0,0,0,0,0,2,2036.029596
HD 219134_5,HD 219134,1.823,0.052,1.09,4.144,6.542,0.75,0.266,,,1.728966,0.158497,4.729916412004173e-11,inf,inf,0.0,inf,inf,0,0,0,0,0,1,2,2036.029596
HD 219134_7,HD 219134,0.986,0.056,2.277,3.449,6.542,0.75,0.266,0.156545,305.146596,1.040998,0.242535,1.1006623476307022e-09,145.4793644613856,0.04041093457260711,0.5497219097971237,0.34746569384945913,0.0003400708606986869,1,1,1,1,1,2,2,2036.029596
HD 84117_2,HD 84117,0.48,0.183,0.807,0.707,14.951,1.14,1.977,,,0.4088,0.299361,7.320638269461691e-10,inf,inf,0.0,inf,inf,0,0,0,0,0,0,3,2036.032335
HD 84117_3,HD 84117,2.469,0.127,0.583,0.157,14.951,1.14,1.977,,,2.164918,0.135339,7.476163351753862e-12,inf,inf,0.0,inf,inf,0,0,0,0,0,0,3,2036.032335
HD 84117_5,HD 84117,2.421,0.095,0.605,0.239,14.951,1.14,1.977,,,2.382784,0.535859,2.2993776121873778e-11,inf,inf,0.0,inf,inf,0,0,0,0,0,0,3,2036.032335
HD 19373_0,HD 19373,0.74,0.034,3.212,9.93,10.577,1.08,2.23,,,0.723647,0.029084,5.237580758275477e-10,inf,inf,0.0,inf,inf,0,0,0,0,0,1,2,2036.035299
HD 19373_2,HD 19373,0.724,0.048,1.483,3.085,10.577,1.08,2.23,,,0.721782,0.094875,3.2034052703372033e-10,inf,inf,0.0,inf,inf,0,0,0,0,0,1,2,2036.035299
HD 19373_3,HD 19373,0.676,0.061,1.037,1.075,10.577,1.08,2.23,,,0.635556,0.56331,1.2348247913043291e-09,inf,inf,0.0,inf,inf,0,0,0,0,0,0,2,2036.035299
HD 19373_6,HD 19373,0.114,0.04,2.433,8.086,10.577,1.08,2.23,,,0.116999,0.846843,2.098760108808543e-07,inf,inf,0.0,inf,inf,0,0,0,0,0,0,2,2036.035299
HD 19373_7,HD 19373,2.87,0.048,1.622,2.945,10.577,1.08,2.23,0.268349,123.912911,2.978017,0.500162,1.0683174175930435e-10,760.5336010559813,0.21125933362666147,0.21439354574529706,0.49765882553755975,0.001341358405286024,1,1,1,1,1,1,2,2036.035299
HD 72905_1,HD 72905,0.661,0.069,0.5,0.051,14.439,1.08,0.973,,,0.627638,0.279683,1.3262828944819784e-10,inf,inf,0.0,inf,inf,0,0,0,0,0,0,4,2036.039133
HD 72905_3,HD 72905,0.899,0.099,2.776,19.234,14.439,1.08,0.973,,,0.825143,0.333875,2.3507704308824584e-09,inf,inf,0.0,inf,inf,0,0,0,0,0,0,4,2036.039133
HD 72905_4,HD 72905,0.923,0.214,1.407,2.24,14.439,1.08,0.973,,,0.981254,0.639139,9.032582793057052e-10,inf,inf,0.0,inf,inf,0,0,0,0,0,0,4,2036.039133
HD 72905_5,HD 72905,3.175,0.086,0.525,0.068,14.439,1.08,0.973,,,3.253831,0.491773,7.75518422853961e-12,inf,inf,0.0,inf,inf,0,0,0,0,0,0,4,2036.039133
HD 4391_0,HD 4391,0.363,0.182,1.471,1.692,15.049,0.98,0.923,,,0.320559,0.936472,1.3125711427295925e-08,inf,inf,0.0,inf,inf,0,0,0,0,0,0,4,2036.048194
HD 4391_1,HD 4391,1.544,0.114,0.614,0.159,15.049,0.98,0.923,,,1.530049,0.042452,3.942812463856502e-12,inf,inf,0.0,inf,inf,0,0,0,0,0,0,4,2036.048194
HD 4391_2,HD 4391,0.361,0.058,0.863,0.256,15.049,0.98,0.923,,,0.375438,0.584215,2.5920945562756354e-09,inf,inf,0.0,inf,inf,0,0,0,0,0,0,4,2036.048194
HD 4391_3,HD 4391,0.102,0.064,0.942,1.344,15.049,0.98,0.923,,,0.095663,0.029432,2.018559084946102e-09,inf,inf,0.0,inf,inf,0,0,0,0,0,0,4,2036.048194
HD 4391_4,HD 4391,0.526,0.038,2.712,11.881,15.049,0.98,0.923,,,0.520584,0.021408,4.1516392612008744e-10,inf,inf,0.0,inf,inf,0,0,0,0,0,0,4,2036.048194
HD 212330 A_0,HD 212330 A,1.747,0.031,3.281,9.208,20.34,1.02,2.726,0.081162,330.502485,1.784387,0.557086,1.2297335692318133e-09,148.05582879631993,0.04112661911008887,0.5817545004183028,0.4407159609206966,0.00096173930784027,1,1,1,1,1,2,2,2036.050934
HD 141004_0,HD 141004,2.629,0.092,2.901,8.518,11.916,1.09,2.004,,,2.437321,0.000797,7.661940461382409e-13,inf,inf,0.0,inf,inf,0,0,0,0,0,1,2,2036.053673
HD 141004_1,HD 141004,0.651,0.071,0.654,0.168,11.916,1.09,2.004,,,0.654227,0.236207,1.5026241335959446e-10,inf,inf,0.0,inf,inf,0,0,0,0,0,0,2,2036.053673
HD 141004_2,HD 141004,4.426,0.098,1.019,2.941,11.916,1.09,2.004,,,4.006061,0.15939,7.799445118511806e-12,inf,inf,0.0,inf,inf,0,0,0,0,0,0,2,2036.053673
HD 141004_3,HD 141004,4.115,0.06,0.578,0.125,11.916,1.09,2.004,,,4.080566,0.252678,2.7124210476287794e-12,inf,inf,0.0,inf,inf,0,0,0,0,0,0,2,2036.053673
HD 141004_4,HD 141004,3.163,0.091,1.732,4.206,11.916,1.09,2.004,,,3.429687,0.47974,7.433440334831299e-11,inf,inf,0.0,inf,inf,0,0,0,0,0,0,2,2036.053673
HD 4614 A_0,HD 4614 A,4.718,0.051,1.358,3.151,5.01,1.14,1.252,,,4.885738,0.059203,3.824184597776528e-12,inf,inf,0.0,inf,inf,0,0,0,0,0,0,2,2036.056413
HD 4614 A_1,HD 4614 A,0.651,0.133,0.728,0.235,5.01,1.14,1.252,0.10434,189.670558,0.737572,0.752378,5.676362330316747e-10,38.144805023960686,0.010595779173322413,1.801412979948073,0.7244657680599772,0.002853404688768807,1,1,1,1,1,2,2,2036.056413
HD 4614 A_2,HD 4614 A,2.584,0.017,1.361,2.842,5.01,1.14,1.252,,,2.591218,0.348784,7.486414335606013e-11,inf,inf,0.0,inf,inf,0,0,0,0,0,1,2,2036.056413
HD 58855_0,HD 58855,3.917,0.055,2.746,11.124,20.402,1.16,2.445,0.087974,141.14271,4.131868,0.897516,2.7392219242411623e-10,1285.296930012997,0.35702692500361033,0.14270682786117003,0.3909742349480033,0.0006301278013556478,1,1,1,1,1,2,2,2036.059153
HD 58855_3,HD 58855,0.12,0.023,0.846,0.314,20.402,1.16,2.445,,,0.117267,0.770982,2.001330672864172e-08,inf,inf,0.0,inf,inf,0,0,0,0,0,0,2,2036.059153
HD 58855_4,HD 58855,1.787,0.062,0.53,0.101,20.402,1.16,2.445,,,1.745696,0.000581,3.280653531378225e-14,inf,inf,0.0,inf,inf,0,0,0,0,0,0,2,2036.059153
HD 58855_5,HD 58855,2.753,0.078,0.74,0.361,20.402,1.16,2.445,,,2.632312,0.549745,2.5844973786369724e-11,inf,inf,0.0,inf,inf,0,0,0,0,0,0,2,2036.059153
HD 58855_6,HD 58855,3.408,0.008,0.67,0.197,20.402,1.16,2.445,,,3.386955,0.194903,4.246578570775138e-12,inf,inf,0.0,inf,inf,0,0,0,0,0,0,2,2036.059153
HD 58855_7,HD 58855,0.511,0.017,1.169,2.72,20.402,1.16,2.445,,,0.50535,0.104375,4.092356873574018e-10,inf,inf,0.0,inf,inf,0,0,0,0,0,0,2,2036.059153
HD 58855_8,HD 58855,3.679,0.02,1.665,3.725,20.402,1.16,2.445,,,3.635812,0.381855,3.413059826984492e-11,inf,inf,0.0,inf,inf,0,0,0,0,0,0,2,2036.059153
HD 10700_0,HD 10700,1.625,0.099,0.563,0.087,3.652,0.94,0.506,,,1.625723,0.143575,1.1929369839087078e-11,inf,inf,0.0,inf,inf,0,0,0,0,0,0,6,2036.061893
HD 156274 A_3,HD 156274 A,4.433,0.138,1.608,3.519,8.791,0.9,0.452,,,5.025997,0.068262,4.980239786385353e-12,inf,inf,0.0,inf,inf,0,0,0,0,0,0,6,2036.064632
HD 160691_0,HD 160691,1.46,0.051,0.67,0.675,15.604,1.0,1.899,,,1.41803,0.613512,6.756520233401511e-11,inf,inf,0.0,inf,inf,0,0,0,0,0,0,2,2036.072056
HD 160691_1,HD 160691,0.274,0.085,0.88,0.645,15.604,1.0,1.899,,,0.251353,0.651814,5.897484637758225e-09,inf,inf,0.0,inf,inf,0,0,0,0,0,0,2,2036.072056
HD 160691_2,HD 160691,0.346,0.144,0.58,0.053,15.604,1.0,1.899,,,0.353368,0.759496,1.4620969303070616e-09,inf,inf,0.0,inf,inf,0,0,0,0,0,0,2,2036.072056
HD 160691_3,HD 160691,0.123,0.058,0.556,0.091,15.604,1.0,1.899,,,0.122573,0.24118,3.141084068785786e-09,inf,inf,0.0,inf,inf,0,0,0,0,0,0,2,2036.072056
HD 160691_4,HD 160691,2.415,0.073,1.777,2.687,15.604,1.0,1.899,,,2.294279,0.004846,1.919245755771652e-12,inf,inf,0.0,inf,inf,0,0,0,0,0,1,2,2036.072056
HD 160691_6,HD 160691,2.937,0.058,2.424,6.338,15.604,1.0,1.899,0.181014,147.363136,2.896856,0.296169,1.1433432258604381e-10,3124.9524793837027,0.8680423553843618,0.0846215691716778,0.37127823686197114,0.0004988211474487666,1,1,1,1,1,1,2,2036.072056
HD 160691_7,HD 160691,3.23,0.098,2.375,5.354,15.604,1.0,1.899,,,3.135941,0.009454,3.5895711516050203e-12,inf,inf,0.0,inf,inf,0,0,0,0,0,0,2,2036.072056
HD 143761_0,HD 143761,2.268,0.052,0.622,0.131,17.511,0.97,1.812,,,2.154205,0.034659,2.4001296989160917e-12,inf,inf,0.0,inf,inf,0,0,0,0,0,0,3,2036.074796
HD 143761_3,HD 143761,0.463,0.017,0.834,0.619,17.511,0.97,1.812,,,0.467363,0.153653,2.8041569134339113e-10,inf,inf,0.0,inf,inf,0,0,0,0,0,0,3,2036.074796
HD 143761_4,HD 143761,1.096,0.157,0.808,0.895,17.511,0.97,1.812,,,1.268067,0.322802,7.701443924344745e-11,inf,inf,0.0,inf,inf,0,0,0,0,0,0,3,2036.074796
HD 143761_5,HD 143761,0.834,0.096,1.155,1.684,17.511,0.97,1.812,,,0.849232,0.244092,2.964328789648142e-10,inf,inf,0.0,inf,inf,0,0,0,0,0,0,3,2036.074796
HD 143761_7,HD 143761,2.609,0.089,2.154,12.289,17.511,0.97,1.812,,,2.821591,0.004909,1.7279088748743867e-12,inf,inf,0.0,inf,inf,0,0,0,0,0,0,3,2036.074796
HD 38393_0,HD 38393,0.205,0.072,1.088,1.383,8.905,1.23,2.344,,,0.21975,0.018135,3.5395293449780536e-10,inf,inf,0.0,inf,inf,0,0,0,0,0,0,3,2036.077536
HD 38393_1,HD 38393,3.39,0.099,0.656,0.073,8.905,1.23,2.344,,,3.657119,0.015355,3.745564332445035e-13,inf,inf,0.0,inf,inf,0,0,0,0,0,0,3,2036.077536
HD 38393_3,HD 38393,0.355,0.086,1.549,2.098,8.905,1.23,2.344,,,0.369475,0.044576,6.607523929811815e-10,inf,inf,0.0,inf,inf,0,0,0,0,0,0,3,2036.077536
HD 38393_4,HD 38393,4.373,0.052,1.208,1.876,8.905,1.23,2.344,,,4.163283,0.001903,1.3307335049073517e-13,inf,inf,0.0,inf,inf,0,0,0,0,0,0,3,2036.077536
HD 10361_1,HD 10361,0.761,0.025,1.303,2.715,8.197,0.77,0.304,,,0.743626,0.020136,4.0140214488642843e-11,inf,inf,0.0,inf,inf,0,0,0,0,0,0,2,2036.080275
HD 10361_2,HD 10361,0.985,0.066,0.785,0.596,8.197,0.77,0.304,,,1.024706,0.023945,1.0092404076540356e-11,inf,inf,0.0,inf,inf,0,0,0,0,0,1,2,2036.080275
HD 10361_3,HD 10361,1.525,0.07,0.586,0.784,8.197,0.77,0.304,,,1.459464,0.086988,1.246283828790447e-11,inf,inf,0.0,inf,inf,0,0,0,0,0,0,2,2036.080275
HD 10361_4,HD 10361,4.037,0.084,0.501,0.084,8.197,0.77,0.304,,,4.136562,0.166666,1.6937912187234144e-12,inf,inf,0.0,inf,inf,0,0,0,0,0,0,2,2036.080275
HD 65907 A_0,HD 65907 A,0.584,0.099,0.585,0.122,16.172,1.11,1.29,,,0.605119,0.10965,7.174253399678937e-11,inf,inf,0.0,inf,inf,0,0,0,0,0,0,3,2036.083015
HD 65907 A_1,HD 65907 A,1.316,0.075,0.982,3.131,16.172,1.11,1.29,,,1.312478,0.153445,5.686404143728636e-11,inf,inf,0.0,inf,inf,0,0,0,0,0,1,3,2036.083015
HD 65907 A_2,HD 65907 A,1.009,0.058,1.202,5.136,16.172,1.11,1.29,,,0.950649,0.51302,5.325227383985994e-10,inf,inf,0.0,inf,inf,0,0,0,0,0,1,3,2036.083015
HD 185144_1,HD 185144,0.747,0.07,0.5,0.019,5.764,0.87,0.434,0.094975,247.976419,0.785428,0.751776,1.740519298939898e-10,1045.0955359249963,0.2903043155347212,0.1722679143114832,0.4594470905887394,0.001086613505627222,1,1,1,1,1,1,4,2036.11131
HD 185144_3,HD 185144,0.688,0.135,2.317,4.389,5.764,0.87,0.434,0.090298,72.609123,0.660052,0.07599,5.689157631821434e-10,171.02328062873065,0.04750646684131407,0.543457910140392,0.48710514565292423,0.001271000539388454,1,1,1,1,1,4,4,2036.11131
HD 146233_0,HD 146233,0.356,0.047,2.679,8.19,14.137,1.02,1.094,,,0.340612,0.670654,3.054944166650368e-08,inf,inf,0.0,inf,inf,0,0,0,0,0,0,4,2036.12693
HD 146233_1,HD 146233,0.206,0.044,2.032,3.376,14.137,1.02,1.094,,,0.215025,0.01562,1.0094391286272024e-09,inf,inf,0.0,inf,inf,0,0,0,0,0,0,4,2036.12693
HD 146233_4,HD 146233,0.539,0.141,1.433,3.682,14.137,1.02,1.094,,,0.478367,0.124991,8.401389779458027e-10,inf,inf,0.0,inf,inf,0,0,0,0,0,0,4,2036.12693
HD 10476_0,HD 10476,0.171,0.07,0.738,0.088,7.644,0.85,0.454,,,0.180132,0.217146,2.082305012978421e-09,inf,inf,0.0,inf,inf,0,0,0,0,0,0,6,2036.12967
HD 190248_1,HD 190248,1.11,0.055,1.408,3.629,6.099,0.94,1.25,0.158895,206.140519,1.17088,0.667394,6.266111074688145e-10,33.159209972447414,0.009210891659013171,1.9442117503491996,0.6136086870147125,0.0021143574818003755,1,1,1,1,1,2,3,2036.135114
HD 190248_2,HD 190248,3.754,0.072,1.017,1.24,6.099,0.94,1.25,,,4.007153,0.408878,2.025263711243697e-11,inf,inf,0.0,inf,inf,0,0,0,0,0,0,3,2036.135114
HD 190248_3,HD 190248,1.406,0.139,0.51,0.568,6.099,0.94,1.25,0.093781,95.893782,1.213977,0.89381,1.0614285270991144e-10,637.921279646398,0.1772003554573328,0.2886692480656231,0.789300036365607,0.003285633144139673,1,1,1,1,1,1,3,2036.135114
HD 165341 A_0,HD 165341 A,3.482,0.036,1.359,2.775,5.113,0.88,0.532,,,3.538642,0.027973,2.5216811636409883e-12,inf,inf,0.0,inf,inf,0,0,0,0,0,0,5,2036.138235
HD 165341 A_2,HD 165341 A,0.277,0.022,2.947,13.11,5.113,0.88,0.532,,,0.275422,0.002851,1.8589971312423005e-10,inf,inf,0.0,inf,inf,0,0,0,0,0,0,5,2036.138235
HD 165341 A_3,HD 165341 A,0.642,0.027,1.615,1.833,5.113,0.88,0.532,0.125841,24.960847,0.654848,0.423025,1.2225963053355672e-09,30.29029101144458,0.008413969725401272,1.9991588068136674,0.4713972477628399,0.0011662812201212254,1,1,1,1,1,2,5,2036.138235
HD 209100_0,HD 209100,2.433,0.127,0.524,0.078,3.638,0.72,0.222,,,2.642491,0.093749,2.453704673614549e-12,inf,inf,0.0,inf,inf,0,0,0,0,0,0,3,2036.142169
HD 209100_1,HD 209100,1.218,0.094,0.54,0.224,3.638,0.72,0.222,,,1.151641,0.045494,6.512606412481846e-12,inf,inf,0.0,inf,inf,0,0,0,0,0,1,3,2036.142169
HD 209100_2,HD 209100,0.989,0.073,1.925,7.679,3.638,0.72,0.222,0.272572,217.39589,1.049194,0.179431,3.1220794010737644e-10,300.29050618824726,0.08341402949673535,0.35276683254032554,0.40970451279835196,0.0007549963203579721,1,1,1,1,1,3,3,2036.142169
HD 209100_4,HD 209100,3.542,0.022,2.632,11.464,3.638,0.72,0.222,0.543154,257.710084,3.464515,0.842688,2.646226776248169e-10,387.247760625075,0.10756882239585416,0.29963996831127127,0.40970451279835196,0.0007549963203579721,1,1,1,1,1,3,3,2036.142169
HD 209100_5,HD 209100,0.635,0.076,0.931,0.965,3.638,0.72,0.222,0.166235,57.673707,0.682056,0.599869,7.155539210483864e-10,93.24008277720121,0.025900022993667,0.7960380821313344,0.4097059365998239,0.0007550058123677852,1,1,1,1,1,3,3,2036.142169
HD 209100_6,HD 209100,1.701,0.082,0.885,1.719,3.638,0.72,0.222,0.322356,119.054346,1.616338,0.733912,1.584194753937293e-10,899.3382146888368,0.24981617074689913,0.17920481537880387,0.40970451279835196,0.0007549963203579721,1,1,1,1,1,1,3,2036.142169
HD 209100_8,HD 209100,2.097,0.099,2.488,10.973,3.638,0.72,0.222,0.565773,162.670107,2.220547,0.520623,4.824483602052597e-10,156.97533433012043,0.043604259536144566,0.5463025106291005,0.40970451279835196,0.0007549963203579721,1,1,1,1,1,3,3,2036.142169
HD 209100_9,HD 209100,0.782,0.071,2.297,6.298,3.638,0.72,0.222,0.155031,109.705219,0.727084,0.06925,3.798121635492627e-10,229.86643393127278,0.06385178720313132,0.4207898530098818,0.40971365535994464,0.0007550572707685902,1,1,1,1,1,3,3,2036.142169
HD 209100_10,HD 209100,0.182,0.056,2.026,7.17,3.638,0.72,0.222,,,0.173526,0.430539,4.811207969353087e-08,inf,inf,0.0,inf,inf,0,0,0,0,0,0,3,2036.142169
HD 209100_11,HD 209100,0.917,0.107,1.174,2.417,3.638,0.72,0.222,0.211221,295.947011,0.871102,0.111617,1.4192737195128723e-10,1095.9312615702552,0.304425350436182,0.15963588069891474,0.4097045128036355,0.000754996320393196,1,1,1,1,1,3,3,2036.142169
HD 50692_0,HD 50692,3.95,0.04,2.831,10.297,17.405,1.08,1.293,,,4.097573,0.291385,9.283121092622744e-11,inf,inf,0.0,inf,inf,0,0,0,0,0,1,2,2036.145168
HD 50692_1,HD 50692,0.28,0.064,0.734,0.092,17.405,1.08,1.293,,,0.297244,0.383906,1.0231999932659232e-09,inf,inf,0.0,inf,inf,0,0,0,0,0,0,2,2036.145168
HD 50692_2,HD 50692,0.513,0.081,1.798,3.652,17.405,1.08,1.293,,,0.552139,0.516623,3.1397494112017583e-09,inf,inf,0.0,inf,inf,0,0,0,0,0,0,2,2036.145168
HD 50692_3,HD 50692,0.925,0.032,2.849,9.197,17.405,1.08,1.293,,,0.947549,0.002105,1.3491687081560116e-11,inf,inf,0.0,inf,inf,0,0,0,0,0,0,2,2036.145168
HD 55575_0,HD 55575,1.084,0.09,0.727,0.186,16.852,1.14,1.463,,,1.0271,0.522622,1.64308124666319e-10,inf,inf,0.0,inf,inf,0,0,0,0,0,1,3,2036.157197
HD 55575_1,HD 55575,0.133,0.053,0.578,0.677,16.852,1.14,1.463,,,0.139764,0.218573,2.7254394191901765e-09,inf,inf,0.0,inf,inf,0,0,0,0,0,0,3,2036.157197
HD 192310_0,HD 192310,1.267,0.07,0.641,0.14,8.812,0.77,0.404,0.079762,7.146126,1.355576,0.86648,1.1946978209277047e-10,13698.350040170722,3.8050972333807564,0.03948059145932229,0.39084704686381266,0.0006292798807943768,1,0,1,1,1,1,2,2036.175556
HD 192310_1,HD 192310,1.472,0.082,2.73,7.674,8.812,0.77,0.404,0.121666,99.750055,1.368743,0.681353,1.7353227873089292e-09,103.24199767066122,0.028678332686294782,0.7039912433436116,0.3402267614576345,0.0002918113114198556,1,1,1,1,1,2,2,2036.175556
HD 192310_2,HD 192310,0.631,0.109,2.544,13.411,8.812,0.77,0.404,0.077366,113.728581,0.691403,0.378317,3.855029259958872e-09,53.22243213590743,0.014784008926640953,1.2215407859856289,0.3991788457786955,0.0006848252068935958,1,1,1,1,1,1,2,2036.175556
HD 192310_3,HD 192310,0.091,0.084,2.458,12.572,8.812,0.77,0.404,,,0.086678,0.520533,2.801359071545815e-07,inf,inf,0.0,inf,inf,0,0,0,0,0,0,2,2036.175556
HD 166_0,HD 166,1.592,0.09,1.08,2.182,13.766,0.94,0.647,,,1.499946,0.211493,7.616301724217644e-11,inf,inf,0.0,inf,inf,0,0,0,0,0,1,2,2036.178296
HD 166_1,HD 166,0.635,0.021,0.515,0.062,13.766,0.94,0.647,,,0.62447,0.45311,1.9673853459599248e-10,inf,inf,0.0,inf,inf,0,0,0,0,0,0,2,2036.178296
HD 102365_0,HD 102365,1.154,0.024,2.235,11.472,9.319,1.02,0.844,0.12228,265.071802,1.130703,0.29472,6.202629051703263e-10,155.9511960507997,0.043319776680777695,0.5415965440961641,0.3919049588589675,0.0006363326274287423,1,1,1,1,1,3,3,2036.184954
HD 102365_1,HD 102365,4.021,0.031,1.113,0.834,9.319,1.02,0.844,,,4.103491,0.060077,2.7333785081640846e-12,inf,inf,0.0,inf,inf,0,0,0,0,0,0,3,2036.184954
HD 102365_2,HD 102365,0.113,0.031,0.976,0.303,9.319,1.02,0.844,,,0.116454,0.824371,3.738668547450304e-08,inf,inf,0.0,inf,inf,0,0,0,0,0,0,3,2036.184954
HD 3651 A_0,HD 3651 A,0.818,0.09,1.086,0.195,11.108,0.86,0.532,0.064804,52.406351,0.861978,0.628774,7.548305470971076e-10,987.6336689502979,0.2743426858195272,0.16919968253843004,0.4072917461048273,0.0007389112090678081,1,1,1,1,1,3,4,2036.188644
HD 3651 A_3,HD 3651 A,0.106,0.12,3.284,8.237,11.108,0.86,0.532,,,0.09456,0.806207,4.5499540979814587e-07,inf,inf,0.0,inf,inf,0,0,0,0,0,0,4,2036.188644
HD 3651 A_5,HD 3651 A,0.552,0.025,0.534,0.148,11.108,0.86,0.532,,,0.546975,0.022202,1.719391420708091e-11,inf,inf,0.0,inf,inf,0,0,0,0,0,0,4,2036.188644
HD 201092_1,HD 201092,2.708,0.059,2.37,8.514,3.496,0.63,0.078,,,2.574921,0.080015,4.6225071161415956e-11,inf,inf,0.0,inf,inf,0,0,0,0,0,1,2,2036.199878
HD 131977_0,HD 131977,2.114,0.033,1.305,3.47,5.886,0.72,0.223,,,2.183135,0.213895,5.350576149165857e-11,inf,inf,0.0,inf,inf,0,0,0,0,0,1,2,2036.204378
HD 115617_0,HD 115617,1.956,0.004,0.732,1.017,8.534,0.97,0.825,,,1.948215,0.280221,2.5756984961378664e-11,inf,inf,0.0,inf,inf,0,0,0,0,0,0,3,2036.207118
HD 115617_1,HD 115617,0.76,0.09,2.931,6.157,8.534,0.97,0.825,0.082867,61.832981,0.702085,0.453088,4.296425021707528e-09,16.276628799678505,0.004521285777688473,3.4800842251252515,0.5428519987780358,0.0016426462268891982,1,1,1,1,1,3,3,2036.207118
HD 115617_2,HD 115617,0.621,0.047,0.562,0.059,8.534,0.97,0.825,,,0.591874,0.063303,3.3020461296706765e-11,inf,inf,0.0,inf,inf,0,0,0,0,0,1,3,2036.207118
HD 115617_3,HD 115617,0.199,0.073,3.38,12.207,8.534,0.97,0.825,,,0.202415,0.536006,9.297483199582505e-08,inf,inf,0.0,inf,inf,0,0,0,0,0,0,3,2036.207118
HD 115617_4,HD 115617,2.599,0.104,0.763,0.174,8.534,0.97,0.825,,,2.798699,0.955454,4.8942075239150346e-11,inf,inf,0.0,inf,inf,0,0,0,0,0,0,3,2036.207118
HD 115617_5,HD 115617,2.098,0.045,1.487,3.177,8.534,0.97,0.825,,,2.118814,0.10426,4.2096501617555854e-11,inf,inf,0.0,inf,inf,0,0,0,0,0,2,3,2036.207118
HD 115617_6,HD 115617,3.003,0.084,0.942,0.936,8.534,0.97,0.825,,,3.255195,0.125442,7.163588299413895e-12,inf,inf,0.0,inf,inf,0,0,0,0,0,0,3,2036.207118
HD 4628_0,HD 4628,0.299,0.054,1.741,4.304,7.435,0.78,0.3,,,0.283015,0.148609,5.0690990782119766e-09,inf,inf,0.0,inf,inf,0,0,0,0,0,0,2,2036.212941
HD 4628_1,HD 4628,4.258,0.031,1.273,1.784,7.435,0.78,0.3,,,4.162357,0.007866,4.5100865270695526e-13,inf,inf,0.0,inf,inf,0,0,0,0,0,0,2,2036.212941
HD 4628_4,HD 4628,4.069,0.034,0.981,0.876,7.435,0.78,0.3,,,4.163416,0.28374,1.1599422927607224e-11,inf,inf,0.0,inf,inf,0,0,0,0,0,0,2,2036.212941
HD 4628_5,HD 4628,3.681,0.025,0.897,0.617,7.435,0.78,0.3,,,3.600204,0.038294,1.6081240595819782e-12,inf,inf,0.0,inf,inf,0,0,0,0,0,0,2,2036.212941
HD 4628_6,HD 4628,1.476,0.055,1.942,4.324,7.435,0.78,0.3,0.203337,76.165298,1.524488,0.436359,4.57189933556254e-10,692.258528278791,0.1922940356329975,0.1943697377456796,0.3393134786138068,0.00028572275912767096,1,1,1,1,1,2,2,2036.212941
HD 149661_2,HD 149661,2.991,0.073,1.285,2.935,9.894,0.87,0.462,,,2.881721,0.090418,1.0662479441741243e-11,inf,inf,0.0,inf,inf,0,0,0,0,0,0,2,2036.221108
HD 149661_3,HD 149661,2.364,0.065,0.7,0.315,9.894,0.87,0.462,,,2.513602,0.08982,4.3838780592527985e-12,inf,inf,0.0,inf,inf,0,0,0,0,0,0,2,2036.221108
HD 149661_5,HD 149661,3.155,0.051,2.936,7.428,9.894,0.87,0.462,,,3.141672,0.056443,4.040984308834677e-11,inf,inf,0.0,inf,inf,0,0,0,0,0,1,2,2036.221108
HD 156026_0,HD 156026,3.18,0.093,3.171,14.895,5.954,0.68,0.158,0.363052,147.481967,3.468923,0.812558,3.287916873763657e-10,2843.2407095207404,0.7897890859779835,0.08360542616297752,0.3219020356969237,0.00016964647301511736,1,1,1,1,1,2,2,2036.223847
HD 156026_1,HD 156026,0.564,0.081,0.509,0.042,5.954,0.68,0.158,,,0.599959,0.009717,4.820330763548762e-12,inf,inf,0.0,inf,inf,0,0,0,0,0,0,2,2036.223847
HD 156026_2,HD 156026,0.423,0.044,0.607,0.379,5.954,0.68,0.158,,,0.441498,0.008254,7.781528798694257e-12,inf,inf,0.0,inf,inf,0,0,0,0,0,0,2,2036.223847
HD 156026_3,HD 156026,1.001,0.06,2.318,7.224,5.954,0.68,0.158,0.120634,102.374166,0.993755,0.769657,2.9847655417455275e-09,101.08594122207656,0.02807942811724349,0.7067607173550533,0.32371574865065994,0.00018173789270669205,1,1,1,1,1,2,2,2036.223847
HD 156026_5,HD 156026,1.693,0.124,2.972,9.407,5.954,0.68,0.158,0.272195,91.437708,1.657793,0.432595,7.615138333241511e-10,675.5186579116315,0.18764407164211988,0.19332437659675694,0.3219020356969237,0.00016964647301511736,1,1,1,1,1,2,2,2036.223847
HD 10361_1,HD 10361,0.761,0.025,1.303,2.715,8.197,0.77,0.304,0.095969,16.442826,0.762514,0.280306,5.31447409818666e-10,899.6120618753757,0.2498922394098266,0.16927225594619885,0.3566374469049119,0.0004012158810683719,1,1,1,1,1,1,3,2036.226587
HD 10361_2,HD 10361,0.985,0.066,0.785,0.596,8.197,0.77,0.304,,,0.974948,0.193097,8.990809027395675e-11,inf,inf,0.0,inf,inf,0,0,0,0,0,1,3,2036.226587
HD 10361_3,HD 10361,1.525,0.07,0.586,0.784,8.197,0.77,0.304,,,1.429196,0.092849,1.387196562537659e-11,inf,inf,0.0,inf,inf,0,0,0,0,0,0,3,2036.226587
HD 10361_4,HD 10361,4.037,0.084,0.501,0.084,8.197,0.77,0.304,,,4.167392,0.13429,1.3446389884376115e-12,inf,inf,0.0,inf,inf,0,0,0,0,0,0,3,2036.226587
HD 100623 A_0,HD 100623 A,4.014,0.105,2.503,8.448,9.559,0.88,0.37,,,4.00725,0.192257,6.026516638923106e-11,inf,inf,0.0,inf,inf,0,0,0,0,0,1,2,2036.232851
HD 100623 A_2,HD 100623 A,0.102,0.086,0.559,0.245,9.559,0.88,0.37,,,0.096829,0.234151,4.670630212441706e-09,inf,inf,0.0,inf,inf,0,0,0,0,0,0,2,2036.232851
HD 100623 A_3,HD 100623 A,4.384,0.075,1.441,2.214,9.559,0.88,0.37,,,4.705921,0.95296,6.255363135325084e-11,inf,inf,0.0,inf,inf,0,0,0,0,0,0,2,2036.232851
HD 100623 A_4,HD 100623 A,2.524,0.072,0.66,0.613,9.559,0.88,0.37,,,2.69674,0.178642,5.977190384795186e-12,inf,inf,0.0,inf,inf,0,0,0,0,0,0,2,2036.232851
HD 100623 A_5,HD 100623 A,4.18,0.038,0.734,0.337,9.559,0.88,0.37,,,4.057552,0.691243,1.4276632516072893e-11,inf,inf,0.0,inf,inf,0,0,0,0,0,0,2,2036.232851
HD 100623 A_6,HD 100623 A,0.362,0.165,0.555,0.359,9.559,0.88,0.37,,,0.413174,0.007196,8.21820412595896e-12,inf,inf,0.0,inf,inf,0,0,0,0,0,0,2,2036.232851
HD 100623 A_7,HD 100623 A,4.073,0.068,1.365,1.972,9.559,0.88,0.37,,,3.829838,0.274678,2.8540141359754574e-11,inf,inf,0.0,inf,inf,0,0,0,0,0,0,2,2036.232851
HD 216803_1,HD 216803,3.539,0.087,2.035,5.879,7.601,0.72,0.196,,,3.612255,0.369574,8.360228801687406e-11,inf,inf,0.0,inf,inf,0,0,0,0,0,1,2,2036.235591
HD 216803_3,HD 216803,0.104,0.044,0.893,0.284,7.601,0.72,0.196,,,0.10306,0.070309,3.5710174645038675e-09,inf,inf,0.0,inf,inf,0,0,0,0,0,0,2,2036.235591
HD 216803_4,HD 216803,2.738,0.038,2.631,12.08,7.601,0.72,0.196,0.37426,357.418036,2.839686,0.297488,1.9035512528845995e-10,9967.962749184286,2.7688785414400794,0.04212217655762513,0.3185980460843817,0.00014761987559817064,1,1,1,1,1,2,2,2036.235591
HD 216803_5,HD 216803,0.109,0.06,0.686,0.431,7.601,0.72,0.196,,,0.107527,0.107448,2.458786023744973e-09,inf,inf,0.0,inf,inf,0,0,0,0,0,0,2,2036.235591
HD 216803_6,HD 216803,0.431,0.071,1.431,2.693,7.601,0.72,0.196,,,0.452323,0.498695,3.385639803676264e-09,inf,inf,0.0,inf,inf,0,0,0,0,0,0,2,2036.235591
HD 43386_0,HD 43386,2.541,0.037,0.504,0.177,19.588,1.33,2.957,,,2.509983,0.666248,1.8123860261350897e-11,inf,inf,0.0,inf,inf,0,0,0,0,0,0,3,2036.240257
HD 43386_1,HD 43386,1.141,0.101,1.584,2.873,19.588,1.33,2.957,,,1.25332,0.019304,1.7056538760217513e-11,inf,inf,0.0,inf,inf,0,0,0,0,0,0,3,2036.240257
HD 43386_3,HD 43386,0.289,0.045,1.072,0.429,19.588,1.33,2.957,,,0.291961,0.734915,8.122091393447796e-09,inf,inf,0.0,inf,inf,0,0,0,0,0,0,3,2036.240257
HD 37394_0,HD 37394,1.839,0.051,0.552,0.164,12.27,0.88,0.478,,,1.760343,0.006307,3.779364913543213e-13,inf,inf,0.0,inf,inf,0,0,0,0,0,0,2,2036.242996
HD 37394_1,HD 37394,0.501,0.058,1.934,5.969,12.27,0.88,0.478,,,0.473091,0.057132,4.415652378767747e-10,inf,inf,0.0,inf,inf,0,0,0,0,0,0,2,2036.242996
HD 37394_3,HD 37394,1.245,0.044,1.502,2.038,12.27,0.88,0.478,,,1.190255,0.000686,7.445855267497036e-13,inf,inf,0.0,inf,inf,0,0,0,0,0,1,2,2036.242996
HD 37394_5,HD 37394,0.152,0.102,1.111,1.488,12.27,0.88,0.478,,,0.166232,0.235531,6.296724932403618e-09,inf,inf,0.0,inf,inf,0,0,0,0,0,0,2,2036.242996
HD 37394_9,HD 37394,0.863,0.077,0.726,0.552,12.27,0.88,0.478,,,0.922166,0.025168,1.3127121711688702e-11,inf,inf,0.0,inf,inf,0,0,0,0,0,0,2,2036.242996
HD 37394_10,HD 37394,0.093,0.059,3.205,15.21,12.27,0.88,0.478,,,0.096837,0.763134,5.003096535841099e-07,inf,inf,0.0,inf,inf,0,0,0,0,0,0,2,2036.242996
HD 37394_11,HD 37394,1.171,0.065,2.415,5.91,12.27,0.88,0.478,0.090425,88.696655,1.156285,0.177292,5.330036106967666e-10,1514.422699129806,0.4206729719805017,0.12314372268014334,0.34537430370297295,0.00032612825972211216,1,1,1,1,1,2,2,2036.242996
HD 37394_15,HD 37394,0.222,0.142,1.093,0.563,12.27,0.88,0.478,,,0.250745,0.577339,7.162449813638071e-09,inf,inf,0.0,inf,inf,0,0,0,0,0,0,2,2036.242996
HD 37394_16,HD 37394,2.623,0.055,2.621,9.008,12.27,0.88,0.478,,,2.495558,0.001671,1.5544197277549264e-12,inf,inf,0.0,inf,inf,0,0,0,0,0,1,2,2036.242996
HD 156274 A_3,HD 156274 A,4.433,0.138,1.608,3.519,8.791,0.9,0.452,,,5.03821,0.050496,3.666275148626819e-12,inf,inf,0.0,inf,inf,0,0,0,0,0,0,7,2036.245736
HD 95735_0,HD 95735,0.673,0.041,0.901,1.876,2.546,0.44,0.02,,,0.687247,0.024993,3.0618540834385715e-11,inf,inf,0.0,inf,inf,0,0,0,0,0,0,2,2036.248476
HD 95735_2,HD 95735,0.392,0.078,0.638,0.252,2.546,0.44,0.02,0.09422,255.007451,0.417359,0.824811,1.27940993292352e-09,1945.3614652852186,0.5403781848014496,0.10168522394481606,0.3088079782620585,8.235275678268261e-05,1,1,1,1,1,2,2,2036.248476
HD 95735_3,HD 95735,0.164,0.146,0.847,1.655,2.546,0.44,0.02,0.064697,205.943158,0.185353,0.16094,2.779388594386539e-09,960.2429999812077,0.2667341666614466,0.15627045596493389,0.3222637978160766,0.00017205822047613656,1,1,1,1,1,2,2,2036.248476
HD 95735_4,HD 95735,2.481,0.023,1.454,2.402,2.546,0.44,0.02,,,2.442495,0.140511,3.639384057815474e-11,inf,inf,0.0,inf,inf,0,0,0,0,0,1,2,2036.248476
HD 95735_6,HD 95735,0.163,0.047,1.008,2.764,2.546,0.44,0.02,,,0.161287,0.63945,1.6533760545281477e-08,inf,inf,0.0,inf,inf,0,0,0,0,0,0,2,2036.248476
HD 217987_0,HD 217987,3.278,0.032,3.1,17.272,3.287,0.49,0.036,0.981173,145.04786,3.346132,0.197735,1.0988551064940886e-10,133954.55286664295,37.209598018511926,0.01077880148486724,0.30626432131490483,6.539504380165811e-05,1,0,0,0,1,2,2,2036.251215
HD 217987_1,HD 217987,0.104,0.158,2.049,6.333,3.287,0.49,0.036,,,0.116978,0.607255,1.2671492568130214e-07,inf,inf,0.0,inf,inf,0,0,0,0,0,0,2,2036.251215
HD 20794_0,HD 20794,4.322,0.17,2.962,5.742,6.041,0.97,0.654,,,3.965422,0.113771,3.200511947500371e-11,inf,inf,0.0,inf,inf,0,0,0,0,0,0,6,2036.253955
HD 20794_1,HD 20794,2.398,0.095,1.302,2.525,6.041,0.97,0.654,0.388858,299.562077,2.616467,0.579802,1.0207269134658427e-10,1080.6254173402192,0.3001737270389498,0.16946928028231734,0.46258048555543263,0.0011075028054051768,1,1,1,1,1,1,6,2036.253955
HD 10700_0,HD 10700,1.625,0.099,0.563,0.087,3.652,0.94,0.506,,,1.536204,0.195413,1.8183927727370396e-11,inf,inf,0.0,inf,inf,0,0,0,0,0,0,7,2036.256695
HD 210302_0,HD 210302,0.937,0.087,1.293,2.482,18.458,1.25,2.918,,,0.944415,0.157413,1.9478886395043585e-10,inf,inf,0.0,inf,inf,0,0,0,0,0,0,3,2036.261324
HD 210302_1,HD 210302,0.316,0.034,0.672,0.291,18.458,1.25,2.918,,,0.320027,0.4185,1.2248780020877991e-09,inf,inf,0.0,inf,inf,0,0,0,0,0,0,3,2036.261324
HD 210302_2,HD 210302,0.162,0.125,0.82,0.565,18.458,1.25,2.918,,,0.170259,0.841486,1.1646693019152697e-08,inf,inf,0.0,inf,inf,0,0,0,0,0,0,3,2036.261324
HD 210302_3,HD 210302,0.925,0.123,2.909,15.97,18.458,1.25,2.918,,,0.837427,0.875132,9.11645013446094e-09,inf,inf,0.0,inf,inf,0,0,0,0,0,0,3,2036.261324
HD 210302_4,HD 210302,1.629,0.122,1.727,5.061,18.458,1.25,2.918,,,1.784708,0.112983,8.212199733931579e-11,inf,inf,0.0,inf,inf,0,0,0,0,0,0,3,2036.261324
HD 43042_0,HD 43042,4.095,0.078,0.558,0.185,21.776,1.29,2.936,,,3.830306,0.639561,1.0585321435986773e-11,inf,inf,0.0,inf,inf,0,0,0,0,0,0,3,2036.265996
HD 43042_1,HD 43042,0.434,0.11,0.533,0.05,21.776,1.29,2.936,,,0.440677,0.132837,1.2405863691668695e-10,inf,inf,0.0,inf,inf,0,0,0,0,0,0,3,2036.265996
HD 43042_3,HD 43042,0.724,0.14,0.733,0.758,21.776,1.29,2.936,,,0.723507,0.35111,2.69939631693771e-10,inf,inf,0.0,inf,inf,0,0,0,0,0,0,3,2036.265996
HD 201091_1,HD 201091,1.051,0.108,0.699,0.293,3.497,0.68,0.142,,,1.142828,0.243043,5.920004273668116e-11,inf,inf,0.0,inf,inf,0,0,0,0,0,1,3,2036.274588
HD 201091_2,HD 201091,2.964,0.153,0.94,0.359,3.497,0.68,0.142,,,2.640939,0.428496,4.981827282184799e-11,inf,inf,0.0,inf,inf,0,0,0,0,0,0,3,2036.274588
HD 201091_4,HD 201091,2.241,0.067,3.013,8.159,3.497,0.68,0.142,0.595925,175.039208,2.1377,0.441866,5.460620796084078e-10,255.9259011109638,0.07109052808637883,0.37707971626721676,0.36551657860591275,0.00046041009240837736,1,1,1,1,1,1,3,2036.274588
HD 165341 B_1,HD 165341 B,1.256,0.089,0.5,0.053,5.122,0.78,0.164,,,1.162472,0.615098,7.326555700074593e-11,inf,inf,0.0,inf,inf,0,0,0,0,0,0,3,2036.277328
HD 165341 B_2,HD 165341 B,4.082,0.042,1.247,0.85,5.122,0.78,0.164,,,4.253361,0.15265,9.423506483673136e-12,inf,inf,0.0,inf,inf,0,0,0,0,0,0,3,2036.277328
HD 165341 B_3,HD 165341 B,0.1,0.077,0.528,0.124,5.122,0.78,0.164,,,0.094697,0.467531,1.1335070995014645e-08,inf,inf,0.0,inf,inf,0,0,0,0,0,0,3,2036.277328
HD 165341 B_4,HD 165341 B,0.76,0.117,1.137,2.374,5.122,0.78,0.164,0.068177,276.92591,0.700926,0.878697,1.5641427112751682e-09,347.19848831299527,0.09644402453138758,0.31434483553350295,0.3856876343791821,0.0005948837975635062,1,1,1,1,1,2,3,2036.277328
HD 140538 A_0,HD 140538 A,2.088,0.047,0.685,0.069,14.793,0.94,0.834,,,2.098995,0.071361,6.381975555355454e-12,inf,inf,0.0,inf,inf,0,0,0,0,0,0,5,2036.284262
HD 140538 A_1,HD 140538 A,0.512,0.053,2.798,18.338,14.793,0.94,0.834,,,0.526134,0.018613,3.083791987429086e-10,inf,inf,0.0,inf,inf,0,0,0,0,0,0,5,2036.284262
HD 140538 A_2,HD 140538 A,4.137,0.053,0.916,0.304,14.793,0.94,0.834,,,3.951062,0.896783,3.514218495057468e-11,inf,inf,0.0,inf,inf,0,0,0,0,0,0,5,2036.284262
HD 90839_0,HD 90839,3.665,0.022,0.781,0.186,12.945,1.18,1.605,,,3.696816,0.029008,1.0284779948508465e-12,inf,inf,0.0,inf,inf,0,0,0,0,0,0,4,2036.299944
HD 90839_1,HD 90839,0.191,0.094,1.403,2.751,12.945,1.18,1.605,,,0.195245,0.053609,1.6617847977568048e-09,inf,inf,0.0,inf,inf,0,0,0,0,0,0,4,2036.299944
HD 90839_2,HD 90839,3.378,0.112,1.125,1.619,12.945,1.18,1.605,,,3.716178,0.358753,2.3493959512259675e-11,inf,inf,0.0,inf,inf,0,0,0,0,0,0,4,2036.299944
HD 90839_5,HD 90839,0.15,0.051,2.273,4.226,12.945,1.18,1.605,,,0.145652,0.648615,8.107582590541356e-08,inf,inf,0.0,inf,inf,0,0,0,0,0,0,4,2036.299944
HD 134083_0,HD 134083,0.116,0.07,1.9,7.058,19.536,1.33,3.255,,,0.108662,0.185871,3.916494976948437e-08,inf,inf,0.0,inf,inf,0,0,0,0,0,0,3,2036.311232
HD 134083_1,HD 134083,0.36,0.097,1.358,2.746,19.536,1.33,3.255,,,0.348725,0.557119,4.949217560355855e-09,inf,inf,0.0,inf,inf,0,0,0,0,0,0,3,2036.311232
HD 134083_3,HD 134083,0.749,0.13,0.881,0.684,19.536,1.33,3.255,,,0.74233,0.706922,6.302411648179341e-10,inf,inf,0.0,inf,inf,0,0,0,0,0,0,3,2036.311232
HD 134083_4,HD 134083,0.959,0.114,0.591,0.338,19.536,1.33,3.255,,,0.917368,0.38437,1.2527858816926288e-10,inf,inf,0.0,inf,inf,0,0,0,0,0,0,3,2036.311232
HD 10476_0,HD 10476,0.171,0.07,0.738,0.088,7.644,0.85,0.454,,,0.159194,0.21868,2.6849287240915147e-09,inf,inf,0.0,inf,inf,0,0,0,0,0,0,7,2036.314888
HD 84737_0,HD 84737,0.596,0.087,1.352,1.551,18.823,1.08,2.795,,,0.643911,0.060973,1.6624369629252684e-10,inf,inf,0.0,inf,inf,0,0,0,0,0,0,3,2036.325512
HD 84737_1,HD 84737,3.025,0.071,1.189,1.926,18.823,1.08,2.795,,,2.967312,0.02372,2.065225613460549e-12,inf,inf,0.0,inf,inf,0,0,0,0,0,0,3,2036.325512
HD 84737_2,HD 84737,1.078,0.014,1.079,0.698,18.823,1.08,2.795,,,1.06298,0.370282,2.8716107909974545e-10,inf,inf,0.0,inf,inf,0,0,0,0,0,0,3,2036.325512
HD 84737_3,HD 84737,3.774,0.025,0.833,0.848,18.823,1.08,2.795,,,3.772241,0.012212,4.5253029525223967e-13,inf,inf,0.0,inf,inf,0,0,0,0,0,0,3,2036.325512
HD 84737_4,HD 84737,0.254,0.074,3.133,13.741,18.823,1.08,2.795,,,0.271451,0.111077,1.043911539844892e-08,inf,inf,0.0,inf,inf,0,0,0,0,0,0,3,2036.325512
HD 84737_5,HD 84737,2.993,0.205,0.508,0.086,18.823,1.08,2.795,,,3.605741,0.645759,7.92712125831705e-12,inf,inf,0.0,inf,inf,0,0,0,0,0,0,3,2036.325512
HD 72905_1,HD 72905,0.661,0.069,0.5,0.051,14.439,1.08,0.973,,,0.70473,0.643485,2.4203711085864974e-10,inf,inf,0.0,inf,inf,0,0,0,0,0,0,5,2036.330187
HD 72905_3,HD 72905,0.899,0.099,2.776,19.234,14.439,1.08,0.973,,,0.982787,0.062918,3.122796930190655e-10,inf,inf,0.0,inf,inf,0,0,0,0,0,0,5,2036.330187
HD 72905_4,HD 72905,0.923,0.214,1.407,2.24,14.439,1.08,0.973,,,1.090853,0.03777,4.319125038156575e-11,inf,inf,0.0,inf,inf,0,0,0,0,0,0,5,2036.330187
HD 72905_5,HD 72905,3.175,0.086,0.525,0.068,14.439,1.08,0.973,,,3.332912,0.667788,1.0037089848258212e-11,inf,inf,0.0,inf,inf,0,0,0,0,0,0,5,2036.330187
HD 26965 A_1,HD 26965 A,0.482,0.058,1.38,2.403,5.01,0.86,0.41,0.069062,310.143832,0.454183,0.728731,5.161262078696401e-09,12.493900007873844,0.0034705277799649565,4.537125290186248,0.7116208834236947,0.002767772124526924,1,1,1,1,1,4,4,2036.337599
HD 26965 A_2,HD 26965 A,0.345,0.049,0.5,0.06,5.01,0.86,0.41,0.071052,170.68878,0.340541,0.290148,4.6397659843716154e-10,321.6501697129959,0.08934726936472108,0.41399849588612503,0.7086572683296126,0.0027480146905663767,1,1,1,1,1,3,4,2036.337599
HD 4391_0,HD 4391,0.363,0.182,1.471,1.692,15.049,0.98,0.923,,,0.359294,0.047266,5.273470463404609e-10,inf,inf,0.0,inf,inf,0,0,0,0,0,0,5,2036.341884
HD 4391_1,HD 4391,1.544,0.114,0.614,0.159,15.049,0.98,0.923,,,1.674503,0.277133,2.1489795320638486e-11,inf,inf,0.0,inf,inf,0,0,0,0,0,0,5,2036.341884
HD 4391_2,HD 4391,0.361,0.058,0.863,0.256,15.049,0.98,0.923,,,0.340316,0.039655,2.1413826885230225e-10,inf,inf,0.0,inf,inf,0,0,0,0,0,0,5,2036.341884
HD 4391_3,HD 4391,0.102,0.064,0.942,1.344,15.049,0.98,0.923,,,0.096065,0.137883,9.377774391693221e-09,inf,inf,0.0,inf,inf,0,0,0,0,0,0,5,2036.341884
HD 4391_4,HD 4391,0.526,0.038,2.712,11.881,15.049,0.98,0.923,,,0.506582,0.134862,2.7619556034686348e-09,inf,inf,0.0,inf,inf,0,0,0,0,0,0,5,2036.341884
HD 95128_1,HD 95128,2.285,0.074,0.586,0.282,13.887,1.07,1.577,,,2.333743,0.01868,7.94608461742487e-13,inf,inf,0.0,inf,inf,0,0,0,0,0,0,4,2036.350509
HD 95128_2,HD 95128,4.586,0.035,0.538,0.083,13.887,1.07,1.577,,,4.744678,0.002836,1.6600255408221368e-14,inf,inf,0.0,inf,inf,0,0,0,0,0,0,4,2036.350509
HD 95128_3,HD 95128,0.343,0.031,2.771,10.086,13.887,1.07,1.577,,,0.332381,0.723721,3.0743630898060616e-08,inf,inf,0.0,inf,inf,0,0,0,0,0,0,4,2036.350509
HD 95128_4,HD 95128,2.15,0.173,1.218,6.511,13.887,1.07,1.577,,,1.803653,0.27468,8.042139680642269e-11,inf,inf,0.0,inf,inf,0,0,0,0,0,0,4,2036.350509
HD 95128_5,HD 95128,0.6,0.105,2.299,8.137,13.887,1.07,1.577,,,0.66298,0.579693,4.829370532822588e-09,inf,inf,0.0,inf,inf,0,0,0,0,0,0,4,2036.350509
HD 95128_6,HD 95128,0.335,0.024,2.419,8.582,13.887,1.07,1.577,,,0.340594,0.418641,1.6353810432485207e-08,inf,inf,0.0,inf,inf,0,0,0,0,0,0,4,2036.350509
HD 95128_7,HD 95128,0.847,0.089,1.394,3.129,13.887,1.07,1.577,0.062434,296.394115,0.919917,0.503845,6.882588341878528e-10,454.86475150683685,0.12635131986301024,0.30094431708392,0.5386040617349596,0.0016143266466020225,1,1,1,1,1,1,4,2036.350509
HD 95128_8,HD 95128,0.588,0.034,2.182,8.46,13.887,1.07,1.577,,,0.588538,0.758776,6.979956029576842e-09,inf,inf,0.0,inf,inf,0,0,0,0,0,0,4,2036.350509
HD 128620_0,HD 128620,1.567,0.074,0.945,0.738,1.332,1.11,1.521,,,1.573988,0.33367,8.790921862663834e-11,inf,inf,0.0,inf,inf,0,0,0,0,0,1,3,2036.357519
HD 128620_1,HD 128620,1.266,0.016,1.198,6.221,1.332,1.11,1.521,0.794273,103.252052,1.270926,0.646341,3.510078472649442e-10,2.159737998161654,0.0005999272217115705,29.385882002089314,8.668587585131624,0.05581421680257977,1,1,1,1,1,2,3,2036.357519
HD 202560_0,HD 202560,0.846,0.075,1.59,2.013,3.97,0.59,0.083,0.190462,315.048914,0.792022,0.483926,1.3299613917775084e-09,494.1325362070596,0.13725903783529433,0.23291336889369502,0.31414132859987653,0.00011790842570146935,1,1,1,1,1,4,5,2036.360953
HD 202560_1,HD 202560,0.552,0.052,0.674,0.125,3.97,0.59,0.083,0.140212,239.066301,0.561486,0.381486,4.2769113025397e-10,3542.8651297851857,0.9841292027181071,0.07319988396550255,0.31416829241677846,0.0001180881844808157,1,1,1,1,1,5,5,2036.360953
HD 202560_3,HD 202560,0.867,0.117,1.589,3.604,3.97,0.59,0.083,0.225749,20.839656,0.950709,0.485538,9.175658226513831e-10,893.5081551821017,0.24819670977280603,0.1615097269103236,0.31414132836545866,0.00011790842413868367,1,1,1,1,1,5,5,2036.360953
HD 202560_4,HD 202560,2.302,0.14,0.558,0.251,3.97,0.59,0.083,,,2.019601,0.418248,2.2699146358219438e-11,inf,inf,0.0,inf,inf,0,0,0,0,0,0,5,2036.360953
HD 202560_5,HD 202560,3.244,0.082,0.847,0.372,3.97,0.59,0.083,,,3.492694,0.159743,6.3040657922595256e-12,inf,inf,0.0,inf,inf,0,0,0,0,0,0,5,2036.360953
HD 202560_6,HD 202560,0.414,0.085,0.785,0.225,3.97,0.59,0.083,0.093868,92.629868,0.384011,0.359034,1.0421678682785726e-09,920.3240784271485,0.25564557734087456,0.16028843244374635,0.3222418664128602,0.00017191201112136027,1,1,1,1,1,5,5,2036.360953
HD 155886_1,HD 155886,0.511,0.064,0.698,0.549,5.952,0.85,0.327,0.084654,131.189481,0.492735,0.414739,4.709403785504408e-10,453.2200999223691,0.12589447220065808,0.28592923886321736,0.4696552631913333,0.0011546679896445148,1,1,1,1,1,4,4,2036.363693
HD 155886_2,HD 155886,0.232,0.069,1.589,4.704,5.952,0.85,0.327,,,0.22206,0.056575,2.1436051855218e-09,inf,inf,0.0,inf,inf,0,0,0,0,0,0,4,2036.363693
HD 155886_3,HD 155886,1.253,0.044,2.915,7.774,5.952,0.85,0.327,0.179161,204.391802,1.216955,0.59187,2.5805949114965817e-09,29.01757903592491,0.008060438621090254,2.0046078777152028,0.375093740455538,0.0005242578380725458,1,1,1,1,1,4,4,2036.363693
HD 155886_4,HD 155886,0.305,0.028,0.94,0.937,5.952,0.85,0.327,,,0.312226,0.583094,3.824562217868748e-09,inf,inf,0.0,inf,inf,0,0,0,0,0,0,4,2036.363693
HD 155886_5,HD 155886,0.201,0.128,1.339,2.779,5.952,0.85,0.327,,,0.177962,0.894791,3.288999899479048e-08,inf,inf,0.0,inf,inf,0,0,0,0,0,0,4,2036.363693
HD 155886_6,HD 155886,0.316,0.044,0.948,1.735,5.952,0.85,0.327,,,0.319036,0.34405,2.021978407085017e-09,inf,inf,0.0,inf,inf,0,0,0,0,0,0,4,2036.363693
HD 155886_7,HD 155886,0.59,0.079,3.352,16.163,5.952,0.85,0.327,0.08954,54.489997,0.604941,0.124096,2.5014857608250994e-09,37.50656659501293,0.010418490720836924,1.6482210354556945,0.4311683221330769,0.0008980883825894717,1,1,1,1,1,4,4,2036.363693
HD 155886_8,HD 155886,3.879,0.087,2.635,16.445,5.952,0.85,0.327,,,3.873308,0.341743,9.322495315229973e-11,inf,inf,0.0,inf,inf,0,0,0,0,0,0,4,2036.363693
HD 32147_1,HD 32147,0.121,0.122,1.044,1.526,8.844,0.75,0.29,,,0.110111,0.015394,8.583662987799586e-10,inf,inf,0.0,inf,inf,0,0,0,0,0,0,3,2036.379033
HD 32147_2,HD 32147,3.272,0.062,1.942,2.786,8.844,0.75,0.29,0.212469,254.217599,3.347378,0.841148,1.6944445527761547e-10,8337.083337200665,2.3158564825557404,0.04670644699094807,0.32417780105147265,0.0001848182420454436,1,1,1,1,1,2,3,2036.379033
HD 17206_0,HD 17206,1.742,0.09,0.885,1.25,14.276,1.21,2.617,,,1.854675,0.299959,4.62033073942887e-11,inf,inf,0.0,inf,inf,0,0,0,0,0,0,3,2036.383792
HD 17206_1,HD 17206,0.879,0.039,2.253,5.781,14.276,1.21,2.617,0.055669,62.88958,0.893933,0.235298,1.1818673703081509e-09,104.77862253195524,0.02910517292554312,0.8550409876532832,0.7075015154693355,0.0027403096714978623,1,1,1,1,1,2,3,2036.383792
HD 17206_2,HD 17206,0.485,0.035,0.762,0.888,14.276,1.21,2.617,,,0.495447,0.80898,1.381304258678647e-09,inf,inf,0.0,inf,inf,0,0,0,0,0,0,3,2036.383792
HD 165499_0,HD 165499,3.777,0.071,0.637,0.161,17.753,1.08,1.731,,,3.852235,0.0007,1.7313334029578315e-14,inf,inf,0.0,inf,inf,0,0,0,0,0,0,3,2036.405806
HD 165499_1,HD 165499,0.192,0.04,0.654,0.106,17.753,1.08,1.731,,,0.197086,0.077286,5.571905836492083e-10,inf,inf,0.0,inf,inf,0,0,0,0,0,0,3,2036.405806
HD 165499_3,HD 165499,0.221,0.065,0.75,0.229,17.753,1.08,1.731,,,0.211837,0.01683,1.304719370523491e-10,inf,inf,0.0,inf,inf,0,0,0,0,0,0,3,2036.405806
HD 165499_4,HD 165499,1.569,0.062,3.377,24.497,17.753,1.08,1.731,0.093047,170.441245,1.579405,0.31092,9.538440723162244e-10,218.0826279163449,0.06057850775454025,0.430344931280758,0.3938120983348983,0.0006490468906016142,1,1,1,1,1,2,3,2036.405806
HD 131156 A_0,HD 131156 A,0.922,0.01,2.426,6.027,6.754,0.96,0.553,0.134123,48.978891,0.920657,0.307712,1.4454088448546654e-09,33.989727588743456,0.009441590996873183,1.784879722264123,0.4249795153135166,0.0008568296704590698,1,1,1,1,1,4,4,2036.408546
HD 131156 A_1,HD 131156 A,1.097,0.147,1.932,4.971,6.754,0.96,0.553,0.106621,307.387013,1.236852,0.808153,1.3875730695313972e-09,37.29245209205406,0.010359014470015018,1.6572138430474626,0.4329269971588362,0.0009098128827612004,1,1,1,1,1,4,4,2036.408546
HD 17051_0,HD 17051,1.593,0.055,0.8,0.166,17.357,1.14,1.737,,,1.527792,0.001523,2.2186862153302413e-13,inf,inf,0.0,inf,inf,0,0,0,0,0,0,4,2036.411285
HD 17051_1,HD 17051,2.146,0.107,1.035,0.971,17.357,1.14,1.737,,,2.096734,0.105027,1.2995889132333355e-11,inf,inf,0.0,inf,inf,0,0,0,0,0,0,4,2036.411285
HD 17051_2,HD 17051,4.311,0.108,1.302,2.591,17.357,1.14,1.737,,,3.932749,0.088868,6.182967742218225e-12,inf,inf,0.0,inf,inf,0,0,0,0,0,0,4,2036.411285
HD 1581_1,HD 1581,1.541,0.046,2.633,10.663,8.607,1.11,1.262,0.174046,352.568866,1.491666,0.466036,7.610749684405624e-10,52.0613506747482,0.014461486298541167,1.2842509662514154,0.4680240667733286,0.0011437933468578163,1,1,1,1,1,2,3,2036.414025
HD 1581_2,HD 1581,0.181,0.101,0.988,1.538,8.607,1.11,1.262,,,0.176191,0.393422,7.359228357789018e-09,inf,inf,0.0,inf,inf,0,0,0,0,0,0,3,2036.414025
HD 1581_3,HD 1581,1.491,0.126,2.76,10.6,8.607,1.11,1.262,0.184369,130.35554,1.612201,0.378468,8.56979575460677e-10,44.527478128142505,0.012368743924484029,1.4545679608990214,0.46802299526502544,0.001143786203469129,1,1,1,1,1,2,3,2036.414025
HD 1581_4,HD 1581,0.208,0.109,2.378,6.033,8.607,1.11,1.262,,,0.1896,0.083597,5.9148232851718465e-09,inf,inf,0.0,inf,inf,0,0,0,0,0,0,3,2036.414025
HD 165341 A_0,HD 165341 A,3.482,0.036,1.359,2.775,5.113,0.88,0.532,,,3.564327,0.066224,5.8840863467009866e-12,inf,inf,0.0,inf,inf,0,0,0,0,0,0,6,2036.416765
HD 165341 A_2,HD 165341 A,0.277,0.022,2.947,13.11,5.113,0.88,0.532,,,0.282142,0.299889,1.8632324817639036e-08,inf,inf,0.0,inf,inf,0,0,0,0,0,0,6,2036.416765
HD 165341 A_3,HD 165341 A,0.642,0.027,1.615,1.833,5.113,0.88,0.532,0.116375,205.808764,0.628967,0.234555,7.348294892517314e-10,57.43829216691011,0.01595508115747503,1.192274686134019,0.4739636410411552,0.001183390508643327,1,1,1,1,1,3,6,2036.416765
HD 20766_0,HD 20766,1.336,0.161,1.674,3.092,12.045,1.01,0.794,,,1.498787,0.080304,5.486925345975132e-11,inf,inf,0.0,inf,inf,0,0,0,0,0,2,3,2036.419505
HD 20766_1,HD 20766,0.327,0.097,2.659,6.922,12.045,1.01,0.794,,,0.295287,0.002425,1.1306494531411273e-10,inf,inf,0.0,inf,inf,0,0,0,0,0,0,3,2036.419505
HD 20766_4,HD 20766,1.915,0.031,0.912,0.441,12.045,1.01,0.794,,,1.95617,0.029521,4.20109356087294e-12,inf,inf,0.0,inf,inf,0,0,0,0,0,1,3,2036.419505
HD 156274 A_3,HD 156274 A,4.433,0.138,1.608,3.519,8.791,0.9,0.452,,,5.044116,0.036093,2.614389822364668e-12,inf,inf,0.0,inf,inf,0,0,0,0,0,0,8,2036.425141
HD 155885_0,HD 155885,0.424,0.016,1.08,0.365,5.948,0.85,0.332,0.062108,283.847039,0.41722,0.118198,5.314708528118701e-10,794.8469777501463,0.22079082715281842,0.21336474324800253,0.523287441968251,0.0015122158481573,1,1,1,1,1,2,3,2036.431294
HD 155885_1,HD 155885,0.125,0.137,2.355,7.262,5.948,0.85,0.332,,,0.110469,0.012172,3.1402671272716963e-09,inf,inf,0.0,inf,inf,0,0,0,0,0,0,3,2036.431294
HD 155885_4,HD 155885,2.293,0.052,0.991,0.685,5.948,0.85,0.332,,,2.31955,0.089764,1.2748230440708397e-11,inf,inf,0.0,inf,inf,0,0,0,0,0,1,3,2036.431294
HD 37394_0,HD 37394,1.839,0.051,0.552,0.164,12.27,0.88,0.478,,,1.791822,0.055444,3.206538652729213e-12,inf,inf,0.0,inf,inf,0,0,0,0,0,0,3,2036.434034
HD 37394_1,HD 37394,0.501,0.058,1.934,5.969,12.27,0.88,0.478,,,0.529361,0.746756,4.609780780484974e-09,inf,inf,0.0,inf,inf,0,0,0,0,0,0,3,2036.434034
HD 37394_3,HD 37394,1.245,0.044,1.502,2.038,12.27,0.88,0.478,,,1.207164,0.034614,3.6542785770748395e-11,inf,inf,0.0,inf,inf,0,0,0,0,0,1,3,2036.434034
HD 37394_5,HD 37394,0.152,0.102,1.111,1.488,12.27,0.88,0.478,,,0.164844,0.18418,5.007150931748178e-09,inf,inf,0.0,inf,inf,0,0,0,0,0,0,3,2036.434034
HD 37394_9,HD 37394,0.863,0.077,0.726,0.552,12.27,0.88,0.478,,,0.90733,0.170978,9.211994157353351e-11,inf,inf,0.0,inf,inf,0,0,0,0,0,0,3,2036.434034
HD 37394_10,HD 37394,0.093,0.059,3.205,15.21,12.27,0.88,0.478,,,0.093852,0.002361,1.6476019656783825e-09,inf,inf,0.0,inf,inf,0,0,0,0,0,0,3,2036.434034
HD 37394_11,HD 37394,1.171,0.065,2.415,5.91,12.27,0.88,0.478,0.099575,40.076053,1.218937,0.221889,6.002644732375989e-10,1113.962533619776,0.30943403711660444,0.1455816196513665,0.3361633943667473,0.000264722197480608,1,1,1,1,1,3,3,2036.434034
HD 37394_15,HD 37394,0.222,0.142,1.093,0.563,12.27,0.88,0.478,,,0.205751,0.312881,5.76486013012141e-09,inf,inf,0.0,inf,inf,0,0,0,0,0,0,3,2036.434034
HD 37394_16,HD 37394,2.623,0.055,2.621,9.008,12.27,0.88,0.478,,,2.518939,0.002904,2.6515130470356444e-12,inf,inf,0.0,inf,inf,0,0,0,0,0,1,3,2036.434034
HD 46588 A_0,HD 46588 A,1.961,0.092,1.375,5.123,18.202,1.18,1.826,0.11533,355.622296,2.081139,0.387455,1.1656274174618643e-10,5613.015113472871,1.5591708648535754,0.06044273720297768,0.35713197596043095,0.0004045127414384987,1,1,1,1,1,1,4,2036.436773
HD 46588 A_2,HD 46588 A,0.149,0.051,1.651,3.767,18.202,1.18,1.826,,,0.148465,0.055055,4.087171206951499e-09,inf,inf,0.0,inf,inf,0,0,0,0,0,0,4,2036.436773
HD 46588 A_4,HD 46588 A,0.634,0.042,1.252,1.899,18.202,1.18,1.826,,,0.620819,0.427302,1.1913977395640143e-09,inf,inf,0.0,inf,inf,0,0,0,0,0,0,4,2036.436773
HD 46588 A_5,HD 46588 A,0.119,0.052,0.593,0.101,18.202,1.18,1.826,,,0.123512,0.323743,5.291989175236364e-09,inf,inf,0.0,inf,inf,0,0,0,0,0,0,4,2036.436773
HD 46588 A_6,HD 46588 A,0.647,0.045,2.121,5.747,18.202,1.18,1.826,,,0.668501,0.301703,1.509243096740018e-09,inf,inf,0.0,inf,inf,0,0,0,0,0,0,4,2036.436773
HD 46588 A_7,HD 46588 A,1.085,0.088,1.256,5.584,18.202,1.18,1.826,,,1.169325,0.004794,3.972282274910553e-12,inf,inf,0.0,inf,inf,0,0,0,0,0,0,4,2036.436773
HD 46588 A_8,HD 46588 A,2.008,0.017,0.521,0.08,18.202,1.18,1.826,,,1.988383,0.777417,3.7849325431521496e-11,inf,inf,0.0,inf,inf,0,0,0,0,0,0,4,2036.436773
HD 10700_0,HD 10700,1.625,0.099,0.563,0.087,3.652,0.94,0.506,,,1.475505,0.308228,3.109017242273584e-11,inf,inf,0.0,inf,inf,0,0,0,0,0,0,8,2036.447746
HD 101501_3,HD 101501,0.112,0.069,1.262,2.497,9.576,0.94,0.609,,,0.119638,0.39273,2.900738219831043e-08,inf,inf,0.0,inf,inf,0,0,0,0,0,0,5,2036.450486
HD 101501_7,HD 101501,0.888,0.054,0.887,0.333,9.576,0.94,0.609,0.081829,172.431573,0.842697,0.567985,4.062969680038458e-10,839.55099948992,0.23320861096942222,0.19287617027656245,0.44370900141890757,0.0009816929111616764,1,1,1,1,1,2,5,2036.450486
HD 146233_0,HD 146233,0.356,0.047,2.679,8.19,14.137,1.02,1.094,,,0.369126,0.044935,1.7428414145003374e-09,inf,inf,0.0,inf,inf,0,0,0,0,0,0,5,2036.453942
HD 146233_1,HD 146233,0.206,0.044,2.032,3.376,14.137,1.02,1.094,,,0.197131,0.887635,6.82490234461134e-08,inf,inf,0.0,inf,inf,0,0,0,0,0,0,5,2036.453942
HD 146233_4,HD 146233,0.539,0.141,1.433,3.682,14.137,1.02,1.094,,,0.552,0.642403,3.242827264324387e-09,inf,inf,0.0,inf,inf,0,0,0,0,0,0,5,2036.453942
HD 190360_0,HD 190360,0.922,0.17,1.79,3.759,16.003,0.96,1.165,,,0.877741,0.004248,1.156617011398498e-11,inf,inf,0.0,inf,inf,0,0,0,0,0,1,4,2036.48335
HD 190360_1,HD 190360,3.764,0.081,1.071,1.582,16.003,0.96,1.165,,,3.951407,0.17316,9.436226083341118e-12,inf,inf,0.0,inf,inf,0,0,0,0,0,0,4,2036.48335
HD 190360_3,HD 190360,3.632,0.139,2.733,10.267,16.003,0.96,1.165,0.253462,274.383034,4.123858,0.370479,1.4047344796221825e-10,5578.540366102616,1.5495945461396154,0.059146550107411835,0.33868652457098336,0.00028154306550884833,1,1,1,1,1,1,4,2036.48335
HD 190360_4,HD 190360,1.735,0.021,0.534,0.045,16.003,0.96,1.165,,,1.700141,0.512206,2.4194290620351656e-11,inf,inf,0.0,inf,inf,0,0,0,0,0,0,4,2036.48335
HD 190360_5,HD 190360,0.581,0.08,1.934,2.88,16.003,0.96,1.165,,,0.541776,0.010883,1.1670499067418533e-10,inf,inf,0.0,inf,inf,0,0,0,0,0,0,4,2036.48335
HD 17925_0,HD 17925,1.472,0.037,0.676,0.068,10.361,0.82,0.401,,,1.435909,0.556925,8.238269947875171e-11,inf,inf,0.0,inf,inf,0,0,0,0,0,0,3,2036.48609
HD 17925_2,HD 17925,0.735,0.099,0.938,0.945,10.361,0.82,0.401,,,0.693115,0.001964,2.589717906794056e-12,inf,inf,0.0,inf,inf,0,0,0,0,0,2,3,2036.48609
HD 17925_3,HD 17925,0.561,0.086,1.065,2.041,10.361,0.82,0.401,,,0.540039,0.041247,1.2102708227398073e-10,inf,inf,0.0,inf,inf,0,0,0,0,0,0,3,2036.48609
HD 17925_4,HD 17925,0.848,0.062,1.424,1.901,10.361,0.82,0.401,0.078574,65.268305,0.81141,0.486104,9.612219502738761e-10,614.6359443798384,0.17073220677217735,0.2183815816943335,0.3796396955822577,0.0005545642055840105,1,1,1,1,1,3,3,2036.48609
HD 17925_6,HD 17925,3.618,0.076,0.719,0.216,10.361,0.82,0.401,,,3.865072,0.092285,2.0098030988451363e-12,inf,inf,0.0,inf,inf,0,0,0,0,0,0,3,2036.48609
HD 10360_0,HD 10360,0.111,0.132,2.009,6.936,8.189,0.78,0.345,,,0.106724,0.1153,2.4082369904318128e-08,inf,inf,0.0,inf,inf,0,0,0,0,0,0,3,2036.494677
HD 10360_1,HD 10360,0.559,0.036,0.525,0.063,8.189,0.78,0.345,,,0.564294,0.913937,6.470709362080938e-10,inf,inf,0.0,inf,inf,0,0,0,0,0,1,3,2036.494677
HD 10360_2,HD 10360,3.873,0.13,2.182,7.34,8.189,0.78,0.345,0.275957,285.1016,3.77595,0.833405,1.6908685863490518e-10,4082.371644943959,1.1339921235955441,0.07000273992119113,0.3379539178196582,0.0002766590205000139,1,1,1,1,1,2,3,2036.494677
HD 10360_4,HD 10360,0.185,0.028,3.239,14.497,8.189,0.78,0.345,,,0.189551,0.002873,4.184015089404851e-10,inf,inf,0.0,inf,inf,0,0,0,0,0,0,3,2036.494677
HD 10360_5,HD 10360,2.33,0.067,0.679,0.17,8.189,0.78,0.345,,,2.251332,0.665363,3.358866230412322e-11,inf,inf,0.0,inf,inf,0,0,0,0,0,0,3,2036.494677
HD 7570_0,HD 7570,3.031,0.054,1.134,3.652,15.261,1.14,2.004,,,2.899005,0.22377,2.2417626454511398e-11,inf,inf,0.0,inf,inf,0,0,0,0,0,0,3,2036.497416
HD 7570_1,HD 7570,0.15,0.071,0.941,0.218,15.261,1.14,2.004,,,0.151752,0.022842,7.502704696249129e-10,inf,inf,0.0,inf,inf,0,0,0,0,0,0,3,2036.497416
HD 7570_2,HD 7570,1.977,0.063,1.73,3.716,15.261,1.14,2.004,0.137351,308.173822,2.029968,0.329201,1.5741036677149775e-10,1474.1287435648612,0.4094802065457948,0.1308086551930263,0.3834642375638151,0.0005800611521277263,1,1,1,1,1,2,3,2036.497416
HD 7570_3,HD 7570,3.034,0.079,1.364,1.913,15.261,1.14,2.004,,,2.924002,0.462635,6.81040926195966e-11,inf,inf,0.0,inf,inf,0,0,0,0,0,0,3,2036.497416
HD 7570_4,HD 7570,0.569,0.099,0.726,0.483,15.261,1.14,2.004,,,0.521249,0.533811,7.193195536886915e-10,inf,inf,0.0,inf,inf,0,0,0,0,0,0,3,2036.497416
HD 88230_0,HD 88230,1.858,0.024,1.413,3.961,4.871,0.63,0.103,,,1.895327,0.075537,2.4518023152194227e-11,inf,inf,0.0,inf,inf,0,0,0,0,0,4,5,2036.500156
HD 88230_1,HD 88230,0.369,0.102,2.613,14.391,4.871,0.63,0.103,0.068197,296.426111,0.347682,0.499761,1.791825976626895e-08,25.653436417396506,0.007125954560387919,2.2156274790957995,0.35442687029530207,0.0003864787036709731,1,1,1,1,1,4,5,2036.500156
HD 88230_2,HD 88230,0.941,0.058,0.511,0.079,4.871,0.63,0.103,0.112216,42.356787,0.938899,0.834299,1.5911326027274743e-10,19378.452855142532,5.382903570872926,0.02968003563214703,0.3182883178830598,0.0001455550209226909,1,0,1,1,1,4,5,2036.500156
HD 88230_3,HD 88230,1.397,0.055,1.541,3.057,4.871,0.63,0.103,0.285914,331.168422,1.403041,0.2824,2.0821501185397152e-10,10049.067210405592,2.791407558445998,0.041814058829176486,0.31657544082394645,0.00013413584052860236,1,1,1,1,1,5,5,2036.500156
HD 88230_4,HD 88230,0.683,0.12,0.831,0.221,4.871,0.63,0.103,,,0.756273,0.001593,1.4339975394744797e-12,inf,inf,0.0,inf,inf,0,0,0,0,0,3,5,2036.500156
HD 88230_5,HD 88230,2.552,0.09,1.594,2.912,4.871,0.63,0.103,,,2.37632,0.109023,3.113893467663997e-11,inf,inf,0.0,inf,inf,0,0,0,0,0,4,5,2036.500156
HD 88230_6,HD 88230,2.842,0.103,0.661,0.567,4.871,0.63,0.103,,,3.13078,0.105623,3.6034551120358653e-12,inf,inf,0.0,inf,inf,0,0,0,0,0,0,5,2036.500156
HD 10476_0,HD 10476,0.171,0.07,0.738,0.088,7.644,0.85,0.454,,,0.182735,0.617044,5.749767566424499e-09,inf,inf,0.0,inf,inf,0,0,0,0,0,0,8,2036.502896
HD 23249_0,HD 23249,2.38,0.039,0.804,0.586,9.089,0.87,2.941,,,2.37004,0.055337,4.204066629053343e-12,inf,inf,0.0,inf,inf,0,0,0,0,0,0,3,2036.505635
HD 23249_1,HD 23249,2.348,0.031,1.487,3.029,9.089,0.87,2.941,0.242469,290.779651,2.331326,0.463406,1.3608581555418228e-10,270.66793569377813,0.07518553769271615,0.4376666440609874,0.6191826541565527,0.0021515172627459772,1,1,1,1,1,1,3,2036.505635
HD 33262 A_0,HD 33262 A,4.098,0.155,0.949,0.422,11.693,1.14,1.466,,,4.695993,0.010479,2.949466579616332e-13,inf,inf,0.0,inf,inf,0,0,0,0,0,0,4,2036.508375
HD 33262 A_1,HD 33262 A,3.3,0.062,1.368,1.583,11.693,1.14,1.466,,,3.156353,0.214287,2.766867442812972e-11,inf,inf,0.0,inf,inf,0,0,0,0,0,0,4,2036.508375
HD 33262 A_2,HD 33262 A,3.337,0.087,0.965,0.502,11.693,1.14,1.466,,,3.585089,0.247544,1.2230556522035763e-11,inf,inf,0.0,inf,inf,0,0,0,0,0,0,4,2036.508375
HD 33262 A_4,HD 33262 A,1.015,0.091,2.255,9.306,11.693,1.14,1.466,,,1.074943,0.000824,2.144532381330719e-12,inf,inf,0.0,inf,inf,0,0,0,0,0,1,4,2036.508375
HD 33262 A_5,HD 33262 A,0.358,0.206,1.487,2.029,11.693,1.14,1.466,,,0.402349,0.048283,4.258043581064459e-10,inf,inf,0.0,inf,inf,0,0,0,0,0,0,4,2036.508375
HD 33262 A_6,HD 33262 A,0.874,0.139,0.646,0.257,11.693,1.14,1.466,,,0.776262,0.014889,6.320903721266651e-12,inf,inf,0.0,inf,inf,0,0,0,0,0,0,4,2036.508375
HD 33262 A_8,HD 33262 A,0.199,0.101,2.893,13.631,11.693,1.14,1.466,,,0.203778,0.010192,1.2629455939363371e-09,inf,inf,0.0,inf,inf,0,0,0,0,0,0,4,2036.508375
HD 84117_2,HD 84117,0.48,0.183,0.807,0.707,14.951,1.14,1.977,,,0.566548,0.111901,1.4247418438706067e-10,inf,inf,0.0,inf,inf,0,0,0,0,0,0,4,2036.514454
HD 84117_3,HD 84117,2.469,0.127,0.583,0.157,14.951,1.14,1.977,,,2.229141,0.644025,3.355567089520941e-11,inf,inf,0.0,inf,inf,0,0,0,0,0,0,4,2036.514454
HD 84117_5,HD 84117,2.421,0.095,0.605,0.239,14.951,1.14,1.977,,,2.218812,0.287891,1.4246757410997037e-11,inf,inf,0.0,inf,inf,0,0,0,0,0,0,4,2036.514454
HD 20807_0,HD 20807,0.337,0.072,1.793,3.234,12.039,1.07,1.017,,,0.314924,0.669904,1.4178051189603937e-08,inf,inf,0.0,inf,inf,0,0,0,0,0,0,3,2036.519973
HD 20807_1,HD 20807,1.546,0.069,0.954,0.846,12.039,1.07,1.017,0.093072,343.978989,1.626863,0.760174,2.0575454264150166e-10,1770.8820153663473,0.49191167093509647,0.12002501458155518,0.3997742730060825,0.0006887947217428426,1,1,1,1,1,2,3,2036.519973
HD 20807_2,HD 20807,2.979,0.055,2.038,8.298,12.039,1.07,1.017,,,3.131065,0.10404,2.83796446586776e-11,inf,inf,0.0,inf,inf,0,0,0,0,0,0,3,2036.519973
HD 114710_0,HD 114710,1.415,0.117,0.681,0.147,9.197,1.11,1.357,,,1.580458,0.761114,9.072625293155696e-11,inf,inf,0.0,inf,inf,0,0,0,0,0,0,3,2036.522713
HD 114710_1,HD 114710,0.314,0.116,0.63,1.142,9.197,1.11,1.357,,,0.344394,0.014702,3.015844642013411e-11,inf,inf,0.0,inf,inf,0,0,0,0,0,0,3,2036.522713
HD 114710_2,HD 114710,2.258,0.018,0.683,0.173,9.197,1.11,1.357,,,2.295414,0.476375,2.8684775703070267e-11,inf,inf,0.0,inf,inf,0,0,0,0,0,0,3,2036.522713
HD 114710_4,HD 114710,0.861,0.053,0.898,0.439,9.197,1.11,1.357,0.077731,69.745878,0.820389,0.180204,1.315733908942782e-10,1252.6811704397965,0.34796699178883234,0.1795326040661813,0.6379809352866977,0.002276839136946944,1,1,1,1,1,2,3,2036.522713
HD 114710_5,HD 114710,0.124,0.109,3.108,17.681,9.197,1.11,1.357,,,0.136617,0.045794,1.2508392695818109e-08,inf,inf,0.0,inf,inf,0,0,0,0,0,0,3,2036.522713
HD 192310_0,HD 192310,1.267,0.07,0.641,0.14,8.812,0.77,0.404,,,1.28568,0.217645,3.3360368193591956e-11,inf,inf,0.0,inf,inf,0,0,0,0,0,1,3,2036.530565
HD 192310_1,HD 192310,1.472,0.082,2.73,7.674,8.812,0.77,0.404,0.146793,18.292128,1.485099,0.565623,1.223681178522889e-09,159.34140335824432,0.04426150093284564,0.5115006123888446,0.33928129078837,0.0002855081736247593,1,1,1,1,1,3,3,2036.530565
HD 192310_2,HD 192310,0.631,0.109,2.544,13.411,8.812,0.77,0.404,,,0.620905,0.098021,1.238525443233047e-09,inf,inf,0.0,inf,inf,0,0,0,0,0,1,3,2036.530565
HD 192310_3,HD 192310,0.091,0.084,2.458,12.572,8.812,0.77,0.404,,,0.094282,0.155217,7.060362106927179e-08,inf,inf,0.0,inf,inf,0,0,0,0,0,0,3,2036.530565
HD 185144_1,HD 185144,0.747,0.07,0.5,0.019,5.764,0.87,0.434,,,0.747455,0.001022,2.612718431147174e-13,inf,inf,0.0,inf,inf,0,0,0,0,0,1,5,2036.53625
HD 185144_3,HD 185144,0.688,0.135,2.317,4.389,5.764,0.87,0.434,0.097191,127.977592,0.780621,0.751596,4.023023788049361e-09,13.778689822925662,0.0038274138397015726,3.9698840371971653,0.46176996077733085,0.0011020993068844983,1,1,1,1,1,5,5,2036.53625
HD 141004_0,HD 141004,2.629,0.092,2.901,8.518,11.916,1.09,2.004,,,2.601753,0.026789,2.25913425972462e-11,inf,inf,0.0,inf,inf,0,0,0,0,0,1,3,2036.551767
HD 141004_1,HD 141004,0.651,0.071,0.654,0.168,11.916,1.09,2.004,,,0.651405,0.210349,1.34974734166846e-10,inf,inf,0.0,inf,inf,0,0,0,0,0,0,3,2036.551767
HD 141004_2,HD 141004,4.426,0.098,1.019,2.941,11.916,1.09,2.004,,,3.996238,0.064132,3.1536102064246896e-12,inf,inf,0.0,inf,inf,0,0,0,0,0,0,3,2036.551767
HD 141004_3,HD 141004,4.115,0.06,0.578,0.125,11.916,1.09,2.004,,,3.988219,0.412504,4.635538347396216e-12,inf,inf,0.0,inf,inf,0,0,0,0,0,0,3,2036.551767
HD 141004_4,HD 141004,3.163,0.091,1.732,4.206,11.916,1.09,2.004,,,3.335573,0.390845,6.40260781191404e-11,inf,inf,0.0,inf,inf,0,0,0,0,0,0,3,2036.551767
HD 10361_1,HD 10361,0.761,0.025,1.303,2.715,8.197,0.77,0.304,0.081366,214.081119,0.767984,0.596584,1.115041241838088e-09,326.12022594694014,0.09058895165192782,0.32483342448267094,0.377340065940628,0.0005392333413064792,1,1,1,1,1,2,4,2036.555568
HD 10361_2,HD 10361,0.985,0.066,0.785,0.596,8.197,0.77,0.304,,,0.929209,0.908986,4.659259246776045e-10,inf,inf,0.0,inf,inf,0,0,0,0,0,1,4,2036.555568
HD 10361_3,HD 10361,1.525,0.07,0.586,0.784,8.197,0.77,0.304,,,1.435464,0.273952,4.057266612374662e-11,inf,inf,0.0,inf,inf,0,0,0,0,0,0,4,2036.555568
HD 10361_4,HD 10361,4.037,0.084,0.501,0.084,8.197,0.77,0.304,,,4.231158,0.076724,7.452480321454266e-13,inf,inf,0.0,inf,inf,0,0,0,0,0,0,4,2036.555568
HD 140538 A_0,HD 140538 A,2.088,0.047,0.685,0.069,14.793,0.94,0.834,,,2.04504,0.00547,5.153254368736307e-13,inf,inf,0.0,inf,inf,0,0,0,0,0,0,6,2036.562177
HD 140538 A_1,HD 140538 A,0.512,0.053,2.798,18.338,14.793,0.94,0.834,,,0.53489,0.552889,8.862553342067658e-09,inf,inf,0.0,inf,inf,0,0,0,0,0,0,6,2036.562177
HD 140538 A_2,HD 140538 A,4.137,0.053,0.916,0.304,14.793,0.94,0.834,,,3.930831,0.939057,3.717852550013415e-11,inf,inf,0.0,inf,inf,0,0,0,0,0,0,6,2036.562177
HD 143761_0,HD 143761,2.268,0.052,0.622,0.131,17.511,0.97,1.812,,,2.175398,0.010125,6.875474558648253e-13,inf,inf,0.0,inf,inf,0,0,0,0,0,0,4,2036.564917
HD 143761_3,HD 143761,0.463,0.017,0.834,0.619,17.511,0.97,1.812,,,0.460236,0.479666,9.02711135251816e-10,inf,inf,0.0,inf,inf,0,0,0,0,0,0,4,2036.564917
HD 143761_4,HD 143761,1.096,0.157,0.808,0.895,17.511,0.97,1.812,,,0.953545,0.626052,2.6414816976862484e-10,inf,inf,0.0,inf,inf,0,0,0,0,0,0,4,2036.564917
HD 143761_5,HD 143761,0.834,0.096,1.155,1.684,17.511,0.97,1.812,,,0.892056,0.039342,4.330104127475018e-11,inf,inf,0.0,inf,inf,0,0,0,0,0,0,4,2036.564917
HD 143761_7,HD 143761,2.609,0.089,2.154,12.289,17.511,0.97,1.812,,,2.834082,0.043774,1.5271301794287586e-11,inf,inf,0.0,inf,inf,0,0,0,0,0,0,4,2036.564917
HD 30652_0,HD 30652,0.357,0.032,0.524,0.119,8.068,1.25,2.71,,,0.363729,0.013524,2.0870792524779197e-11,inf,inf,0.0,inf,inf,0,0,0,0,0,0,3,2036.574236
HD 30652_1,HD 30652,3.379,0.099,2.314,9.159,8.068,1.25,2.71,,,3.712353,0.037843,1.1706732869333315e-11,inf,inf,0.0,inf,inf,0,0,0,0,0,0,3,2036.574236
HD 30652_2,HD 30652,1.418,0.081,1.563,7.047,8.068,1.25,2.71,,,1.41728,0.022071,2.2978268067722336e-11,inf,inf,0.0,inf,inf,0,0,0,0,0,1,3,2036.574236
HD 30652_3,HD 30652,3.27,0.133,2.129,5.731,8.068,1.25,2.71,0.409008,114.257267,3.687379,0.575414,1.4368074261666833e-10,165.02691540973075,0.04584080983603632,0.6415527585099047,0.7431757821524085,0.002978138116051683,1,1,1,1,1,1,3,2036.574236
HD 30652_4,HD 30652,2.754,0.119,2.49,10.16,8.068,1.25,2.71,0.220319,333.156759,2.592756,0.775865,3.504108485759913e-10,46.52190834590464,0.012922752318306845,1.556458931220772,0.7431757821531576,0.0029781381160566764,1,1,1,1,1,1,3,2036.574236
HD 147513_0,HD 147513,1.541,0.04,0.645,0.152,12.892,1.07,1.001,,,1.547778,0.121929,1.4285743545372584e-11,inf,inf,0.0,inf,inf,0,0,0,0,0,0,3,2036.576976
HD 147513_1,HD 147513,1.513,0.099,0.537,0.038,12.892,1.07,1.001,,,1.52785,0.348366,3.1142142310472877e-11,inf,inf,0.0,inf,inf,0,0,0,0,0,0,3,2036.576976
HD 147513_2,HD 147513,4.633,0.075,1.379,7.403,12.892,1.07,1.001,,,4.334655,0.717461,4.3986171184762494e-11,inf,inf,0.0,inf,inf,0,0,0,0,0,0,3,2036.576976
HD 147513_4,HD 147513,0.196,0.111,0.74,0.096,12.892,1.07,1.001,,,0.174558,0.563571,7.898621309330058e-09,inf,inf,0.0,inf,inf,0,0,0,0,0,0,3,2036.576976
HD 147513_5,HD 147513,4.52,0.075,0.624,0.254,12.892,1.07,1.001,,,4.335189,0.093813,1.0539920742265775e-12,inf,inf,0.0,inf,inf,0,0,0,0,0,0,3,2036.576976
HD 147513_6,HD 147513,1.743,0.075,1.796,2.912,12.892,1.07,1.001,0.138663,290.435147,1.818429,0.214874,1.436971951601615e-10,3146.9935770533757,0.8741648825148266,0.08272186063060248,0.35625916709543015,0.0003986940156718268,1,1,1,1,1,2,3,2036.576976
HD 147513_7,HD 147513,2.47,0.028,0.667,0.174,12.892,1.07,1.001,,,2.508876,0.487454,1.6558635795072217e-11,inf,inf,0.0,inf,inf,0,0,0,0,0,0,3,2036.576976
HD 160691_0,HD 160691,1.46,0.051,0.67,0.675,15.604,1.0,1.899,,,1.529027,0.666573,6.313762083402009e-11,inf,inf,0.0,inf,inf,0,0,0,0,0,0,3,2036.579716
HD 160691_1,HD 160691,0.274,0.085,0.88,0.645,15.604,1.0,1.899,,,0.297259,0.098162,6.350157685358104e-10,inf,inf,0.0,inf,inf,0,0,0,0,0,0,3,2036.579716
HD 160691_2,HD 160691,0.346,0.144,0.58,0.053,15.604,1.0,1.899,,,0.353027,0.188414,3.634140482559162e-10,inf,inf,0.0,inf,inf,0,0,0,0,0,0,3,2036.579716
HD 160691_3,HD 160691,0.123,0.058,0.556,0.091,15.604,1.0,1.899,,,0.129439,0.855282,9.98857222330303e-09,inf,inf,0.0,inf,inf,0,0,0,0,0,0,3,2036.579716
HD 160691_4,HD 160691,2.415,0.073,1.777,2.687,15.604,1.0,1.899,,,2.435181,0.166836,5.864848687950857e-11,inf,inf,0.0,inf,inf,0,0,0,0,0,1,3,2036.579716
HD 160691_6,HD 160691,2.937,0.058,2.424,6.338,15.604,1.0,1.899,0.152218,135.279073,2.804487,0.635621,2.6180757773942666e-10,754.3985058690074,0.20955514051916874,0.19116846629228346,0.37129236285855144,0.0004989153207593021,1,1,1,1,1,2,3,2036.579716
HD 160691_7,HD 160691,3.23,0.098,2.375,5.354,15.604,1.0,1.899,,,3.30806,0.081549,2.782559510637669e-11,inf,inf,0.0,inf,inf,0,0,0,0,0,0,3,2036.579716
HD 38393_0,HD 38393,0.205,0.072,1.088,1.383,8.905,1.23,2.344,,,0.202849,0.186931,4.281632007796733e-09,inf,inf,0.0,inf,inf,0,0,0,0,0,0,4,2036.604907
HD 38393_1,HD 38393,3.39,0.099,0.656,0.073,8.905,1.23,2.344,,,3.509553,0.020456,5.418293286634519e-13,inf,inf,0.0,inf,inf,0,0,0,0,0,0,4,2036.604907
HD 38393_3,HD 38393,0.355,0.086,1.549,2.098,8.905,1.23,2.344,,,0.383968,0.124724,1.711859049028916e-09,inf,inf,0.0,inf,inf,0,0,0,0,0,0,4,2036.604907
HD 38393_4,HD 38393,4.373,0.052,1.208,1.876,8.905,1.23,2.344,,,4.217294,0.022101,1.5062149761343778e-12,inf,inf,0.0,inf,inf,0,0,0,0,0,0,4,2036.604907
HD 30495_0,HD 30495,1.934,0.08,0.989,1.288,13.24,1.04,0.966,,,1.810503,0.094012,1.9588026680273234e-11,inf,inf,0.0,inf,inf,0,0,0,0,0,1,3,2036.618202
HD 30495_2,HD 30495,0.416,0.06,1.179,0.557,13.24,1.04,0.966,,,0.391809,0.974778,5.218603427805657e-09,inf,inf,0.0,inf,inf,0,0,0,0,0,0,3,2036.618202
HD 30495_3,HD 30495,1.848,0.089,0.623,0.48,13.24,1.04,0.966,,,1.835261,0.084699,6.93900248874723e-12,inf,inf,0.0,inf,inf,0,0,0,0,0,0,3,2036.618202
HD 58855_0,HD 58855,3.917,0.055,2.746,11.124,20.402,1.16,2.445,0.145477,113.90383,4.101917,0.741817,2.297211621265381e-10,1312.5195254829575,0.36458875707859933,0.1356864594435255,0.35725209516552453,0.0004053135361391228,1,1,1,1,1,3,3,2036.620942
HD 58855_3,HD 58855,0.12,0.023,0.846,0.314,20.402,1.16,2.445,,,0.122076,0.050504,1.2097350493152784e-09,inf,inf,0.0,inf,inf,0,0,0,0,0,0,3,2036.620942
HD 58855_4,HD 58855,1.787,0.062,0.53,0.101,20.402,1.16,2.445,,,1.889289,0.215221,1.0382633423819805e-11,inf,inf,0.0,inf,inf,0,0,0,0,0,0,3,2036.620942
HD 58855_5,HD 58855,2.753,0.078,0.74,0.361,20.402,1.16,2.445,,,2.539017,0.134265,6.784564087687132e-12,inf,inf,0.0,inf,inf,0,0,0,0,0,0,3,2036.620942
HD 58855_6,HD 58855,3.408,0.008,0.67,0.197,20.402,1.16,2.445,,,3.380824,0.408827,8.939946960425308e-12,inf,inf,0.0,inf,inf,0,0,0,0,0,0,3,2036.620942
HD 58855_7,HD 58855,0.511,0.017,1.169,2.72,20.402,1.16,2.445,,,0.519607,0.132126,4.900052662951608e-10,inf,inf,0.0,inf,inf,0,0,0,0,0,0,3,2036.620942
HD 58855_8,HD 58855,3.679,0.02,1.665,3.725,20.402,1.16,2.445,,,3.61112,0.670005,6.070747427136704e-11,inf,inf,0.0,inf,inf,0,0,0,0,0,0,3,2036.620942
HD 72905_1,HD 72905,0.661,0.069,0.5,0.051,14.439,1.08,0.973,,,0.615755,0.024068,1.1858169312797347e-11,inf,inf,0.0,inf,inf,0,0,0,0,0,0,6,2036.623682
HD 72905_3,HD 72905,0.899,0.099,2.776,19.234,14.439,1.08,0.973,,,0.881236,0.708898,4.376067410798487e-09,inf,inf,0.0,inf,inf,0,0,0,0,0,0,6,2036.623682
HD 72905_4,HD 72905,0.923,0.214,1.407,2.24,14.439,1.08,0.973,,,0.740599,0.30649,7.603765916588399e-10,inf,inf,0.0,inf,inf,0,0,0,0,0,0,6,2036.623682
HD 72905_5,HD 72905,3.175,0.086,0.525,0.068,14.439,1.08,0.973,,,3.394905,0.823013,1.192252691793624e-11,inf,inf,0.0,inf,inf,0,0,0,0,0,0,6,2036.623682
HD 142860_0,HD 142860,0.405,0.081,2.385,6.459,11.254,1.25,3.039,,,0.427628,0.012263,2.6219454287814797e-10,inf,inf,0.0,inf,inf,0,0,0,0,0,0,3,2036.626421
HD 142860_2,HD 142860,3.184,0.073,1.146,0.989,11.254,1.25,3.039,,,3.413648,0.222112,1.7251981209455284e-11,inf,inf,0.0,inf,inf,0,0,0,0,0,0,3,2036.626421
HD 142860_3,HD 142860,0.465,0.068,1.963,1.786,11.254,1.25,3.039,,,0.492112,0.073412,8.029144873197551e-10,inf,inf,0.0,inf,inf,0,0,0,0,0,0,3,2036.626421
HD 142860_5,HD 142860,0.92,0.074,2.443,8.017,11.254,1.25,3.039,,,0.862953,0.013671,8.50482865742267e-11,inf,inf,0.0,inf,inf,0,0,0,0,0,1,3,2036.626421
HD 142860_6,HD 142860,0.627,0.092,3.102,5.436,11.254,1.25,3.039,,,0.591086,0.400033,5.894575127442164e-09,inf,inf,0.0,inf,inf,0,0,0,0,0,0,3,2036.626421
HD 4391_0,HD 4391,0.363,0.182,1.471,1.692,15.049,0.98,0.923,,,0.427495,0.063292,4.988071112870783e-10,inf,inf,0.0,inf,inf,0,0,0,0,0,0,6,2036.635574
HD 4391_1,HD 4391,1.544,0.114,0.614,0.159,15.049,0.98,0.923,,,1.718635,0.6471,4.7634266008988095e-11,inf,inf,0.0,inf,inf,0,0,0,0,0,0,6,2036.635574
HD 4391_2,HD 4391,0.361,0.058,0.863,0.256,15.049,0.98,0.923,,,0.37061,0.579211,2.637282125822825e-09,inf,inf,0.0,inf,inf,0,0,0,0,0,0,6,2036.635574
HD 4391_3,HD 4391,0.102,0.064,0.942,1.344,15.049,0.98,0.923,,,0.098979,0.390717,2.5031673249324906e-08,inf,inf,0.0,inf,inf,0,0,0,0,0,0,6,2036.635574
HD 4391_4,HD 4391,0.526,0.038,2.712,11.881,15.049,0.98,0.923,,,0.529718,0.845655,1.5839157955291336e-08,inf,inf,0.0,inf,inf,0,0,0,0,0,0,6,2036.635574
HD 155885_0,HD 155885,0.424,0.016,1.08,0.365,5.948,0.85,0.332,,,0.426809,0.996133,4.280082073842755e-09,inf,inf,0.0,inf,inf,0,0,0,0,0,2,4,2036.638314
HD 155885_1,HD 155885,0.125,0.137,2.355,7.262,5.948,0.85,0.332,,,0.125806,0.826696,1.6444553670639342e-07,inf,inf,0.0,inf,inf,0,0,0,0,0,0,4,2036.638314
HD 155885_4,HD 155885,2.293,0.052,0.991,0.685,5.948,0.85,0.332,,,2.278737,0.046279,6.810021414104625e-12,inf,inf,0.0,inf,inf,0,0,0,0,0,1,4,2036.638314
HD 187691 A_0,HD 187691 A,3.127,0.076,1.475,4.454,19.488,1.25,2.835,,,3.364031,0.274671,3.524337070834756e-11,inf,inf,0.0,inf,inf,0,0,0,0,0,0,3,2036.646754
HD 187691 A_1,HD 187691 A,2.61,0.091,1.018,1.386,19.488,1.25,2.835,0.073264,92.195971,2.543014,0.839502,1.0296373598964476e-10,8936.033816943082,2.482231615817523,0.055195893804463346,0.48611764884208614,0.0012644172273162,1,1,1,1,1,1,3,2036.646754
HD 187691 A_2,HD 187691 A,3.249,0.037,0.764,1.364,19.488,1.25,2.835,,,3.23205,0.193256,7.481351550418989e-12,inf,inf,0.0,inf,inf,0,0,0,0,0,0,3,2036.646754
HD 187691 A_3,HD 187691 A,2.018,0.038,2.654,10.557,19.488,1.25,2.835,0.097305,77.118561,1.997524,0.40698,4.66472667191894e-10,357.4911351240357,0.09930309309000991,0.31099876479279315,0.3944939377737704,0.0006535924868607619,1,1,1,1,1,2,3,2036.646754
HD 109358_0,HD 109358,0.599,0.064,0.661,0.193,8.473,1.08,1.151,0.067616,37.210599,0.577974,0.267045,2.7302292247774904e-10,658.4342805092265,0.1828984112525629,0.28079689373032246,0.77208298370501,0.0031708527930690263,1,1,1,1,1,4,4,2036.649494
HD 109358_1,HD 109358,0.313,0.024,1.946,4.835,8.473,1.08,1.151,,,0.319026,0.917416,2.2163383750917407e-08,inf,inf,0.0,inf,inf,0,0,0,0,0,0,4,2036.649494
HD 109358_3,HD 109358,0.172,0.066,1.409,1.609,8.473,1.08,1.151,,,0.160661,0.894934,5.1682472736461787e-08,inf,inf,0.0,inf,inf,0,0,0,0,0,0,4,2036.649494
HD 109358_4,HD 109358,1.488,0.078,0.58,0.237,8.473,1.08,1.151,,,1.378311,0.331562,4.067637386651567e-11,inf,inf,0.0,inf,inf,0,0,0,0,0,0,4,2036.649494
HD 109358_5,HD 109358,3.968,0.05,3.285,25.806,8.473,1.08,1.151,,,3.796612,0.011617,5.441740147369472e-12,inf,inf,0.0,inf,inf,0,0,0,0,0,0,4,2036.649494
HD 209100_0,HD 209100,2.433,0.127,0.524,0.078,3.638,0.72,0.222,,,2.737003,0.00826,2.0151944293024159e-13,inf,inf,0.0,inf,inf,0,0,0,0,0,0,4,2036.652234
HD 209100_1,HD 209100,1.218,0.094,0.54,0.224,3.638,0.72,0.222,0.197679,48.223012,1.180389,0.821834,1.1198711016733961e-10,1662.0534283873785,0.4616815078853829,0.12575417093258412,0.40970451296757127,0.0007549963214861008,1,1,1,1,1,2,4,2036.652234
HD 209100_2,HD 209100,0.989,0.073,1.925,7.679,3.638,0.72,0.222,0.207047,69.156408,0.954054,0.696552,1.465769945673906e-09,37.1325369403966,0.01031459359455461,1.6477295222623447,0.4097045128183389,0.0007549963204912187,1,1,1,1,1,4,4,2036.652234
HD 209100_4,HD 209100,3.542,0.022,2.632,11.464,3.638,0.72,0.222,0.503438,212.80031,3.467809,0.866615,2.716193049836129e-10,371.68586443406076,0.10324607345390577,0.30754555110413,0.40970451279835196,0.0007549963203579721,1,1,1,1,1,4,4,2036.652234
HD 209100_5,HD 209100,0.635,0.076,0.931,0.965,3.638,0.72,0.222,0.181657,98.021339,0.657762,0.366442,4.699954457247184e-10,165.83302809680526,0.04606473002689035,0.5257778285479653,0.4097045382091065,0.0007549964897630025,1,1,1,1,1,4,4,2036.652234
HD 209100_6,HD 209100,1.701,0.082,0.885,1.719,3.638,0.72,0.222,0.199787,322.380713,1.777074,0.916841,1.6372376467823419e-10,859.6450223675906,0.2387902839909974,0.184042597428267,0.4097045128197604,0.0007549963205006951,1,1,1,1,1,2,4,2036.652234
HD 209100_8,HD 209100,2.097,0.099,2.488,10.973,3.638,0.72,0.222,0.606181,141.170498,2.303422,0.185628,1.598615905575757e-10,884.0530995587486,0.24557030543298572,0.18102490314261077,0.40970451279835196,0.0007549963203579721,1,1,1,1,1,4,4,2036.652234
HD 209100_9,HD 209100,0.782,0.071,2.297,6.298,3.638,0.72,0.222,0.215516,247.698644,0.827431,0.498913,2.112894039471794e-09,24.15112125763783,0.006708644793788286,2.3784008735583835,0.4097045127989405,0.0007549963203618957,1,1,1,1,1,4,4,2036.652234
HD 209100_10,HD 209100,0.182,0.056,2.026,7.17,3.638,0.72,0.222,,,0.189133,0.210411,1.9792552150630394e-08,inf,inf,0.0,inf,inf,0,0,0,0,0,0,4,2036.652234
HD 209100_11,HD 209100,0.917,0.107,1.174,2.417,3.638,0.72,0.222,0.25691,100.508673,0.974482,0.500513,5.085611522152563e-10,146.26522387435986,0.04062922885398885,0.5741238163647701,0.40970451279835196,0.0007549963203579721,1,1,1,1,1,4,4,2036.652234
HD 693_0,HD 693,1.045,0.058,1.136,2.579,18.886,1.18,2.997,,,1.101163,0.096776,6.668680731176474e-11,inf,inf,0.0,inf,inf,0,0,0,0,0,0,3,2036.66878
HD 693_1,HD 693,0.139,0.106,2.768,7.407,18.886,1.18,2.997,,,0.129806,0.951925,2.9439255520383084e-07,inf,inf,0.0,inf,inf,0,0,0,0,0,0,3,2036.66878
HD 693_3,HD 693,1.448,0.069,1.975,3.042,18.886,1.18,2.997,,,1.546447,0.768714,6.912807366446565e-10,inf,inf,0.0,inf,inf,0,0,0,0,0,1,3,2036.66878
HD 693_4,HD 693,1.744,0.105,1.392,2.348,18.886,1.18,2.997,,,1.794501,0.004269,1.4441762738390032e-12,inf,inf,0.0,inf,inf,0,0,0,0,0,2,3,2036.66878
HD 693_5,HD 693,2.909,0.1,1.423,2.794,18.886,1.18,2.997,0.124663,22.408166,2.647684,0.574048,1.2269817543406924e-10,2107.062289374255,0.5852950803817376,0.10772182754060365,0.3904374288142578,0.0006265490937973447,1,1,1,1,1,1,3,2036.66878
HD 693_6,HD 693,2.914,0.024,0.574,0.316,18.886,1.18,2.997,,,2.86136,0.27724,8.923302337168752e-12,inf,inf,0.0,inf,inf,0,0,0,0,0,0,3,2036.66878
HD 693_7,HD 693,3.93,0.01,2.298,5.004,18.886,1.18,2.997,,,3.934724,0.364676,7.940970899560177e-11,inf,inf,0.0,inf,inf,0,0,0,0,0,0,3,2036.66878
HD 90839_0,HD 90839,3.665,0.022,0.781,0.186,12.945,1.18,1.605,,,3.722563,0.1056,3.692394903756606e-12,inf,inf,0.0,inf,inf,0,0,0,0,0,0,5,2036.705235
HD 90839_1,HD 90839,0.191,0.094,1.403,2.751,12.945,1.18,1.605,,,0.173089,0.340355,1.3424244107234523e-08,inf,inf,0.0,inf,inf,0,0,0,0,0,0,5,2036.705235
HD 90839_2,HD 90839,3.378,0.112,1.125,1.619,12.945,1.18,1.605,,,3.755596,0.215208,1.3799226929480399e-11,inf,inf,0.0,inf,inf,0,0,0,0,0,0,5,2036.705235
HD 90839_5,HD 90839,0.15,0.051,2.273,4.226,12.945,1.18,1.605,,,0.154649,0.115308,1.2785050230631872e-08,inf,inf,0.0,inf,inf,0,0,0,0,0,0,5,2036.705235
HD 202560_0,HD 202560,0.846,0.075,1.59,2.013,3.97,0.59,0.083,,,0.903708,0.005915,1.2485685574190555e-11,inf,inf,0.0,inf,inf,0,0,0,0,0,4,6,2036.710781
HD 202560_1,HD 202560,0.552,0.052,0.674,0.125,3.97,0.59,0.083,0.123331,8.978155,0.5248,0.243926,3.1303985185637366e-10,6408.164497793286,1.7800456938314682,0.053001088549359705,0.3142813350342669,0.00011884180193073867,1,1,1,1,1,6,6,2036.710781
HD 202560_3,HD 202560,0.867,0.117,1.589,3.604,3.97,0.59,0.083,0.189581,260.238041,0.774923,0.216534,6.159104450408254e-10,1777.2554286124443,0.4936820635034568,0.10786920393015482,0.3141413285819504,0.00011790842558196158,1,1,1,1,1,6,6,2036.710781
HD 202560_4,HD 202560,2.302,0.14,0.558,0.251,3.97,0.59,0.083,,,2.138722,0.550368,2.663491109489593e-11,inf,inf,0.0,inf,inf,0,0,0,0,0,0,6,2036.710781
HD 202560_5,HD 202560,3.244,0.082,0.847,0.372,3.97,0.59,0.083,,,3.45857,0.212481,8.551607179320332e-12,inf,inf,0.0,inf,inf,0,0,0,0,0,0,6,2036.710781
HD 202560_6,HD 202560,0.414,0.085,0.785,0.225,3.97,0.59,0.083,0.098701,91.71617,0.385071,0.367153,1.059876742324565e-09,893.5960372942251,0.2482211214706181,0.1631313471615544,0.3221532733752276,0.00017132139087047644,1,1,1,1,1,6,6,2036.710781
HD 22484_0,HD 22484,0.838,0.146,1.142,1.607,13.92,1.14,3.068,,,0.794604,0.359852,4.85298656654074e-10,inf,inf,0.0,inf,inf,0,0,0,0,0,0,3,2036.714638
HD 22484_1,HD 22484,1.12,0.109,1.996,7.679,13.92,1.14,3.068,0.059811,319.158447,1.047315,0.635747,1.5579233443537416e-09,54.901268144507924,0.015250352262363312,1.3908084542022707,0.7759400892629085,0.003196566830121682,1,1,1,1,1,3,3,2036.714638
HD 22484_2,HD 22484,0.469,0.117,1.765,3.166,13.92,1.14,3.068,,,0.415018,0.820988,1.0691420454215836e-08,inf,inf,0.0,inf,inf,0,0,0,0,0,0,3,2036.714638
HD 22484_5,HD 22484,4.456,0.081,0.516,0.034,13.92,1.14,3.068,,,4.211366,0.23141,2.5454761241936172e-12,inf,inf,0.0,inf,inf,0,0,0,0,0,0,3,2036.714638
HD 22484_7,HD 22484,3.201,0.074,0.943,1.501,13.92,1.14,3.068,,,3.245056,0.556699,3.7770720306007304e-11,inf,inf,0.0,inf,inf,0,0,0,0,0,0,3,2036.714638
HD 65907 A_0,HD 65907 A,0.584,0.099,0.585,0.122,16.172,1.11,1.29,,,0.564493,0.49716,3.737920242967236e-10,inf,inf,0.0,inf,inf,0,0,0,0,0,0,4,2036.729513
HD 65907 A_1,HD 65907 A,1.316,0.075,0.982,3.131,16.172,1.11,1.29,,,1.361925,0.234774,8.080010003921105e-11,inf,inf,0.0,inf,inf,0,0,0,0,0,1,4,2036.729513
HD 65907 A_2,HD 65907 A,1.009,0.058,1.202,5.136,16.172,1.11,1.29,0.064136,77.345488,1.035485,0.252999,2.2134810528785157e-10,6958.046850388376,1.9327907917745488,0.059770268271368956,0.44105952877254745,0.0009640297601859421,1,1,1,1,1,2,4,2036.729513
HD 20630_1,HD 20630,0.648,0.142,1.547,4.726,9.276,0.98,0.857,,,0.556372,0.156334,8.198358752026624e-10,inf,inf,0.0,inf,inf,0,0,0,0,0,2,4,2036.733384
HD 20630_5,HD 20630,1.387,0.083,0.621,0.63,9.276,0.98,0.857,,,1.272569,0.228795,3.290517460185448e-11,inf,inf,0.0,inf,inf,0,0,0,0,0,0,4,2036.733384
HD 39091_1,HD 39091,3.12,0.028,1.191,1.952,18.287,1.08,1.533,,,3.035855,0.323003,3.40809444413984e-11,inf,inf,0.0,inf,inf,0,0,0,0,0,0,3,2036.770663
HD 39091_2,HD 39091,2.865,0.029,0.677,0.089,18.287,1.08,1.533,,,2.934983,0.832033,3.3320125515376615e-11,inf,inf,0.0,inf,inf,0,0,0,0,0,0,3,2036.770663
HD 39091_3,HD 39091,3.55,0.072,1.069,0.919,18.287,1.08,1.533,,,3.799275,0.832704,4.579264706647336e-11,inf,inf,0.0,inf,inf,0,0,0,0,0,0,3,2036.770663
HD 39091_4,HD 39091,4.534,0.027,1.234,1.811,18.287,1.08,1.533,,,4.642932,0.134735,6.007004361145622e-12,inf,inf,0.0,inf,inf,0,0,0,0,0,0,3,2036.770663
HD 39091_5,HD 39091,1.437,0.051,1.31,1.974,18.287,1.08,1.533,0.074856,253.650712,1.498988,0.474979,2.4737782232873954e-10,3415.9401837537453,0.9488722732649293,0.08379210607092004,0.40391821993826815,0.0007164210346240802,1,1,1,1,1,3,3,2036.770663
HD 39091_6,HD 39091,0.67,0.012,2.604,6.457,18.287,1.08,1.533,,,0.669801,0.071874,9.33890178786154e-10,inf,inf,0.0,inf,inf,0,0,0,0,0,0,3,2036.770663
HD 17925_0,HD 17925,1.472,0.037,0.676,0.068,10.361,0.82,0.401,,,1.483165,0.337614,4.6809567696268204e-11,inf,inf,0.0,inf,inf,0,0,0,0,0,0,4,2036.775709
HD 17925_2,HD 17925,0.735,0.099,0.938,0.945,10.361,0.82,0.401,,,0.804106,0.871362,8.537280630520794e-10,inf,inf,0.0,inf,inf,0,0,0,0,0,2,4,2036.775709
HD 17925_3,HD 17925,0.561,0.086,1.065,2.041,10.361,0.82,0.401,,,0.552906,0.581728,1.6284041987785268e-09,inf,inf,0.0,inf,inf,0,0,0,0,0,0,4,2036.775709
HD 17925_4,HD 17925,0.848,0.062,1.424,1.901,10.361,0.82,0.401,,,0.839754,0.013591,2.5091229334240882e-11,inf,inf,0.0,inf,inf,0,0,0,0,0,3,4,2036.775709
HD 17925_6,HD 17925,3.618,0.076,0.719,0.216,10.361,0.82,0.401,,,3.885672,0.068993,1.4866598289834703e-12,inf,inf,0.0,inf,inf,0,0,0,0,0,0,4,2036.775709
HD 146233_0,HD 146233,0.356,0.047,2.679,8.19,14.137,1.02,1.094,,,0.347703,0.890698,3.893482788073823e-08,inf,inf,0.0,inf,inf,0,0,0,0,0,0,6,2036.780955
HD 146233_1,HD 146233,0.206,0.044,2.032,3.376,14.137,1.02,1.094,,,0.21469,0.013309,8.627445723521183e-10,inf,inf,0.0,inf,inf,0,0,0,0,0,0,6,2036.780955
HD 146233_4,HD 146233,0.539,0.141,1.433,3.682,14.137,1.02,1.094,,,0.607872,0.933151,3.884385236463909e-09,inf,inf,0.0,inf,inf,0,0,0,0,0,0,6,2036.780955
HD 136352_0,HD 136352,1.127,0.083,0.501,0.05,14.739,1.02,1.029,,,1.049851,0.081952,1.360685082764804e-11,inf,inf,0.0,inf,inf,0,0,0,0,0,0,4,2036.7885
HD 136352_2,HD 136352,0.995,0.082,1.549,3.519,14.739,1.02,1.029,,,1.038343,0.018441,3.193191947691013e-11,inf,inf,0.0,inf,inf,0,0,0,0,0,1,4,2036.7885
HD 136352_3,HD 136352,3.774,0.069,2.041,4.78,14.739,1.02,1.029,0.225289,177.584249,3.522764,0.539434,1.2315174598578805e-10,6193.557300339556,1.7204325834276544,0.05619180762592832,0.34233640482277605,0.00030587560052079953,1,1,1,1,1,2,4,2036.7885
HD 136352_4,HD 136352,1.831,0.068,0.826,0.342,14.739,1.02,1.029,,,1.864641,0.16749,2.300905868073311e-11,inf,inf,0.0,inf,inf,0,0,0,0,0,1,4,2036.7885
HD 203608_0,HD 203608,2.203,0.092,1.79,3.488,9.258,1.14,1.466,,,2.361829,0.18608,8.761937491791265e-11,inf,inf,0.0,inf,inf,0,0,0,0,0,1,3,2036.808108
HD 203608_1,HD 203608,2.342,0.1,0.502,0.104,9.258,1.14,1.466,,,2.211886,0.024167,1.0136839376626735e-12,inf,inf,0.0,inf,inf,0,0,0,0,0,0,3,2036.808108
HD 203608_2,HD 203608,2.74,0.062,1.086,1.189,9.258,1.14,1.466,,,2.580497,0.000104,1.579194833986369e-14,inf,inf,0.0,inf,inf,0,0,0,0,0,1,3,2036.808108
HD 203608_5,HD 203608,4.293,0.038,0.929,0.698,9.258,1.14,1.466,,,4.4548,0.006672,2.5997903586686756e-13,inf,inf,0.0,inf,inf,0,0,0,0,0,0,3,2036.808108
HD 203608_6,HD 203608,0.526,0.072,0.985,0.486,9.258,1.14,1.466,,,0.515196,0.777505,1.4896362156331905e-09,inf,inf,0.0,inf,inf,0,0,0,0,0,0,3,2036.808108
HD 128621_0,HD 128621,0.181,0.076,0.591,0.281,1.332,0.94,0.503,0.064923,86.251694,0.167367,0.019924,1.770729021300076e-10,66.69263181980662,0.018525731061057395,2.7117521228217685,7.157508919307806,0.04574035903042099,1,1,1,1,1,4,4,2036.826558
HD 128621_1,HD 128621,3.969,0.152,0.756,0.624,1.332,0.94,0.503,,,4.429899,0.659665,1.2474245826893579e-11,inf,inf,0.0,inf,inf,0,0,0,0,0,0,4,2036.826558
HD 128621_3,HD 128621,4.377,0.084,0.667,0.424,1.332,0.94,0.503,,,4.723825,0.026093,3.8966112050174495e-13,inf,inf,0.0,inf,inf,0,0,0,0,0,0,4,2036.826558
HD 128621_4,HD 128621,1.135,0.055,1.179,1.502,1.332,0.94,0.503,,,1.140909,0.151995,8.860795360323222e-11,inf,inf,0.0,inf,inf,0,0,0,0,0,3,4,2036.826558
HD 55575_0,HD 55575,1.084,0.09,0.727,0.186,16.852,1.14,1.463,,,1.07165,0.023967,6.9215459384945666e-12,inf,inf,0.0,inf,inf,0,0,0,0,0,1,4,2036.839121
HD 55575_1,HD 55575,0.133,0.053,0.578,0.677,16.852,1.14,1.463,,,0.138079,0.027964,3.572489517421288e-10,inf,inf,0.0,inf,inf,0,0,0,0,0,0,4,2036.839121
HD 140538 A_0,HD 140538 A,2.088,0.047,0.685,0.069,14.793,0.94,0.834,,,2.003571,0.004581,4.4965243402791195e-13,inf,inf,0.0,inf,inf,0,0,0,0,0,0,7,2036.841861
HD 140538 A_1,HD 140538 A,0.512,0.053,2.798,18.338,14.793,0.94,0.834,,,0.49633,0.87049,1.620587181521207e-08,inf,inf,0.0,inf,inf,0,0,0,0,0,0,7,2036.841861
HD 140538 A_2,HD 140538 A,4.137,0.053,0.916,0.304,14.793,0.94,0.834,,,3.919701,0.941724,3.749614921088042e-11,inf,inf,0.0,inf,inf,0,0,0,0,0,0,7,2036.841861
HD 43386_0,HD 43386,2.541,0.037,0.504,0.177,19.588,1.33,2.957,,,2.447697,0.973659,2.7851443727885463e-11,inf,inf,0.0,inf,inf,0,0,0,0,0,0,4,2036.844601
HD 43386_1,HD 43386,1.141,0.101,1.584,2.873,19.588,1.33,2.957,,,1.058213,0.878008,1.0882151616255438e-09,inf,inf,0.0,inf,inf,0,0,0,0,0,0,4,2036.844601
HD 43386_3,HD 43386,0.289,0.045,1.072,0.429,19.588,1.33,2.957,,,0.285286,0.051205,5.926926858006453e-10,inf,inf,0.0,inf,inf,0,0,0,0,0,0,4,2036.844601
HD 17051_0,HD 17051,1.593,0.055,0.8,0.166,17.357,1.14,1.737,,,1.644441,0.321221,4.0398665368091575e-11,inf,inf,0.0,inf,inf,0,0,0,0,0,0,5,2036.848806
HD 17051_1,HD 17051,2.146,0.107,1.035,0.971,17.357,1.14,1.737,,,1.930561,0.558537,8.152219253231583e-11,inf,inf,0.0,inf,inf,0,0,0,0,0,0,5,2036.848806
HD 17051_2,HD 17051,4.311,0.108,1.302,2.591,17.357,1.14,1.737,,,3.860988,0.02821,2.0363583668261985e-12,inf,inf,0.0,inf,inf,0,0,0,0,0,0,5,2036.848806
HD 190248_1,HD 190248,1.11,0.055,1.408,3.629,6.099,0.94,1.25,,,1.068152,0.022629,2.5529107623507924e-11,inf,inf,0.0,inf,inf,0,0,0,0,0,2,4,2036.871848
HD 190248_2,HD 190248,3.754,0.072,1.017,1.24,6.099,0.94,1.25,,,3.912987,0.687526,3.571348070553843e-11,inf,inf,0.0,inf,inf,0,0,0,0,0,0,4,2036.871848
HD 190248_3,HD 190248,1.406,0.139,0.51,0.568,6.099,0.94,1.25,,,1.595226,0.000277,1.903849991631647e-14,inf,inf,0.0,inf,inf,0,0,0,0,0,1,4,2036.871848
HD 37394_0,HD 37394,1.839,0.051,0.552,0.164,12.27,0.88,0.478,,,1.885134,0.456207,2.383677175732546e-11,inf,inf,0.0,inf,inf,0,0,0,0,0,0,4,2036.874588
HD 37394_1,HD 37394,0.501,0.058,1.934,5.969,12.27,0.88,0.478,,,0.521914,0.668463,4.245067716923754e-09,inf,inf,0.0,inf,inf,0,0,0,0,0,0,4,2036.874588
HD 37394_3,HD 37394,1.245,0.044,1.502,2.038,12.27,0.88,0.478,,,1.293694,0.847281,7.788325372333849e-10,inf,inf,0.0,inf,inf,0,0,0,0,0,1,4,2036.874588
HD 37394_5,HD 37394,0.152,0.102,1.111,1.488,12.27,0.88,0.478,,,0.165189,0.194818,5.274271739930455e-09,inf,inf,0.0,inf,inf,0,0,0,0,0,0,4,2036.874588
HD 37394_9,HD 37394,0.863,0.077,0.726,0.552,12.27,0.88,0.478,0.066042,113.77612,0.8308,0.346769,2.2283862298128304e-10,14057.786254706425,3.9049406263073405,0.038193250561479083,0.3763202433828599,0.0005324345242546919,1,0,1,1,1,1,4,2036.874588
HD 37394_10,HD 37394,0.093,0.059,3.205,15.21,12.27,0.88,0.478,,,0.097872,0.594777,3.8173279896590476e-07,inf,inf,0.0,inf,inf,0,0,0,0,0,0,4,2036.874588
HD 37394_11,HD 37394,1.171,0.065,2.415,5.91,12.27,0.88,0.478,0.095222,293.56,1.208613,0.472196,1.2993251732460913e-09,330.2662165564592,0.09174061571012755,0.3104195261293048,0.33903438889800686,0.0002838621610223383,1,1,1,1,1,4,4,2036.874588
HD 37394_15,HD 37394,0.222,0.142,1.093,0.563,12.27,0.88,0.478,,,0.200401,0.263374,5.115237282077816e-09,inf,inf,0.0,inf,inf,0,0,0,0,0,0,4,2036.874588
HD 37394_16,HD 37394,2.623,0.055,2.621,9.008,12.27,0.88,0.478,,,2.597389,0.062918,5.40303042090832e-11,inf,inf,0.0,inf,inf,0,0,0,0,0,1,4,2036.874588
HD 43042_0,HD 43042,4.095,0.078,0.558,0.185,21.776,1.29,2.936,,,3.963954,0.764079,1.1807829858904157e-11,inf,inf,0.0,inf,inf,0,0,0,0,0,0,4,2036.877328
HD 43042_1,HD 43042,0.434,0.11,0.533,0.05,21.776,1.29,2.936,,,0.418434,0.551921,5.717059634366249e-10,inf,inf,0.0,inf,inf,0,0,0,0,0,0,4,2036.877328
HD 43042_3,HD 43042,0.724,0.14,0.733,0.758,21.776,1.29,2.936,,,0.647388,0.059259,5.690321250304678e-11,inf,inf,0.0,inf,inf,0,0,0,0,0,0,4,2036.877328
HD 128167_0,HD 128167,1.283,0.14,1.15,1.29,15.756,1.39,3.182,0.093051,91.980058,1.462425,0.239002,1.0373209339795066e-10,2205.3266111062326,0.6125907253072869,0.12019417202028301,0.5248863940335422,0.0015228755285925737,1,1,1,1,1,3,3,2036.880068
HD 128167_2,HD 128167,3.433,0.063,1.328,2.483,15.756,1.39,3.182,,,3.639808,0.845926,5.861458732460743e-11,inf,inf,0.0,inf,inf,0,0,0,0,0,0,3,2036.880068
HD 128167_3,HD 128167,4.878,0.117,2.132,5.678,15.756,1.39,3.182,,,4.849426,0.841121,9.582692424267086e-11,inf,inf,0.0,inf,inf,0,0,0,0,0,0,3,2036.880068
HD 128167_4,HD 128167,1.323,0.044,1.923,2.477,15.756,1.39,3.182,0.079296,221.436609,1.284161,0.530025,9.333746918034178e-10,91.18913763874352,0.025330316010762088,0.915666815036147,0.6441929405928349,0.002318252505654526,1,1,1,1,1,1,3,2036.880068
HD 210302_0,HD 210302,0.937,0.087,1.293,2.482,18.458,1.25,2.918,,,0.85604,0.315721,4.755176598723402e-10,inf,inf,0.0,inf,inf,0,0,0,0,0,0,4,2036.882807
HD 210302_1,HD 210302,0.316,0.034,0.672,0.291,18.458,1.25,2.918,,,0.324716,0.708785,2.015017919333296e-09,inf,inf,0.0,inf,inf,0,0,0,0,0,0,4,2036.882807
HD 210302_2,HD 210302,0.162,0.125,0.82,0.565,18.458,1.25,2.918,,,0.141851,0.056648,1.1295289586356934e-09,inf,inf,0.0,inf,inf,0,0,0,0,0,0,4,2036.882807
HD 210302_3,HD 210302,0.925,0.123,2.909,15.97,18.458,1.25,2.918,,,0.981646,0.434985,3.2976978293507426e-09,inf,inf,0.0,inf,inf,0,0,0,0,0,0,4,2036.882807
HD 210302_4,HD 210302,1.629,0.122,1.727,5.061,18.458,1.25,2.918,,,1.441296,0.903084,1.0064734489528994e-09,inf,inf,0.0,inf,inf,0,0,0,0,0,0,4,2036.882807
HD 101501_3,HD 101501,0.112,0.069,1.262,2.497,9.576,0.94,0.609,,,0.117573,0.085673,6.552053000377921e-09,inf,inf,0.0,inf,inf,0,0,0,0,0,0,6,2036.885547
HD 101501_7,HD 101501,0.888,0.054,0.887,0.333,9.576,0.94,0.609,,,0.933496,0.115985,6.761210101152388e-11,inf,inf,0.0,inf,inf,0,0,0,0,0,2,6,2036.885547
HD 20807_0,HD 20807,0.337,0.072,1.793,3.234,12.039,1.07,1.017,,,0.316444,0.711161,1.4906969540643067e-08,inf,inf,0.0,inf,inf,0,0,0,0,0,0,4,2036.901699
HD 20807_1,HD 20807,1.546,0.069,0.954,0.846,12.039,1.07,1.017,0.089202,239.480478,1.639537,0.782808,2.0861763073154702e-10,1837.0413741661598,0.510289270601711,0.11894506776226242,0.4104096252533813,0.0007596970700581678,1,1,1,1,1,3,4,2036.901699
HD 20807_2,HD 20807,2.979,0.055,2.038,8.298,12.039,1.07,1.017,,,3.087934,0.241562,6.774561195055678e-11,inf,inf,0.0,inf,inf,0,0,0,0,0,0,4,2036.901699
HD 16895 A_0,HD 16895 A,3.595,0.047,2.816,7.544,11.15,1.21,2.246,0.299487,137.854268,3.473662,0.482692,2.324306226184827e-10,230.42074862104354,0.06400576350584543,0.4458703465264948,0.48860316458150965,0.00128098733224569,1,1,1,1,1,1,3,2036.905244
HD 16895 A_4,HD 16895 A,4.424,0.091,1.274,1.913,11.15,1.21,2.246,,,4.710527,0.01461,6.04703712368198e-13,inf,inf,0.0,inf,inf,0,0,0,0,0,0,3,2036.905244
HD 16895 A_5,HD 16895 A,1.554,0.05,3.144,9.969,11.15,1.21,2.246,,,1.558153,0.026643,6.492315614121282e-11,inf,inf,0.0,inf,inf,0,0,0,0,0,2,3,2036.905244
HD 16895 A_6,HD 16895 A,0.108,0.029,0.508,0.042,11.15,1.21,2.246,,,0.109678,0.069398,1.2879592942023545e-09,inf,inf,0.0,inf,inf,0,0,0,0,0,0,3,2036.905244
HD 72905_1,HD 72905,0.661,0.069,0.5,0.051,14.439,1.08,0.973,,,0.701426,0.936745,3.55669169498909e-10,inf,inf,0.0,inf,inf,0,0,0,0,0,0,7,2036.914736
HD 72905_3,HD 72905,0.899,0.099,2.776,19.234,14.439,1.08,0.973,,,0.853945,0.171565,1.127854401945815e-09,inf,inf,0.0,inf,inf,0,0,0,0,0,0,7,2036.914736
HD 72905_4,HD 72905,0.923,0.214,1.407,2.24,14.439,1.08,0.973,0.05804,160.124127,1.009579,0.563791,7.52691435311049e-10,818.5799552373212,0.2273833208992559,0.19441642309261345,0.4363102805105857,0.0009323681051061971,1,1,1,1,1,1,7,2036.914736
HD 72905_5,HD 72905,3.175,0.086,0.525,0.068,14.439,1.08,0.973,,,3.433994,0.934381,1.3229453440968484e-11,inf,inf,0.0,inf,inf,0,0,0,0,0,0,7,2036.914736
HD 192310_0,HD 192310,1.267,0.07,0.641,0.14,8.812,0.77,0.404,,,1.180744,0.002116,3.8457625525678295e-13,inf,inf,0.0,inf,inf,0,0,0,0,0,1,4,2036.917476
HD 192310_1,HD 192310,1.472,0.082,2.73,7.674,8.812,0.77,0.404,0.172696,329.176659,1.586464,0.217926,4.1314294944308415e-10,826.5867590221268,0.2296074330617019,0.1745353037748188,0.33927405166690117,0.0002854599128149669,1,1,1,1,1,4,4,2036.917476
HD 192310_2,HD 192310,0.631,0.109,2.544,13.411,8.812,0.77,0.404,,,0.582455,0.606291,8.705431402521474e-09,inf,inf,0.0,inf,inf,0,0,0,0,0,1,4,2036.917476
HD 192310_3,HD 192310,0.091,0.084,2.458,12.572,8.812,0.77,0.404,,,0.08974,0.702845,3.528805966366404e-07,inf,inf,0.0,inf,inf,0,0,0,0,0,0,4,2036.917476
HD 4391_0,HD 4391,0.363,0.182,1.471,1.692,15.049,0.98,0.923,,,0.325477,0.901895,1.2261958082874578e-08,inf,inf,0.0,inf,inf,0,0,0,0,0,0,7,2036.929265
HD 4391_1,HD 4391,1.544,0.114,0.614,0.159,15.049,0.98,0.923,,,1.639752,0.894269,7.231493395990571e-11,inf,inf,0.0,inf,inf,0,0,0,0,0,0,7,2036.929265
HD 4391_2,HD 4391,0.361,0.058,0.863,0.256,15.049,0.98,0.923,,,0.373175,0.531493,2.3868558903044317e-09,inf,inf,0.0,inf,inf,0,0,0,0,0,0,7,2036.929265
HD 4391_3,HD 4391,0.102,0.064,0.942,1.344,15.049,0.98,0.923,,,0.103012,0.680186,4.023199264014436e-08,inf,inf,0.0,inf,inf,0,0,0,0,0,0,7,2036.929265
HD 4391_4,HD 4391,0.526,0.038,2.712,11.881,15.049,0.98,0.923,,,0.545944,0.657354,1.1591282632990423e-08,inf,inf,0.0,inf,inf,0,0,0,0,0,0,7,2036.929265
HD 4628_0,HD 4628,0.299,0.054,1.741,4.304,7.435,0.78,0.3,,,0.285514,0.007333,2.4576319174227406e-10,inf,inf,0.0,inf,inf,0,0,0,0,0,0,3,2036.932731
HD 4628_1,HD 4628,4.258,0.031,1.273,1.784,7.435,0.78,0.3,,,4.131641,0.047934,2.7894684610677838e-12,inf,inf,0.0,inf,inf,0,0,0,0,0,0,3,2036.932731
HD 4628_4,HD 4628,4.069,0.034,0.981,0.876,7.435,0.78,0.3,,,4.106208,0.291305,1.2242824836540374e-11,inf,inf,0.0,inf,inf,0,0,0,0,0,0,3,2036.932731
HD 4628_5,HD 4628,3.681,0.025,0.897,0.617,7.435,0.78,0.3,,,3.63721,0.002154,8.860929940016539e-14,inf,inf,0.0,inf,inf,0,0,0,0,0,0,3,2036.932731
HD 4628_6,HD 4628,1.476,0.055,1.942,4.324,7.435,0.78,0.3,,,1.394989,0.021843,2.7331548319122276e-11,inf,inf,0.0,inf,inf,0,0,0,0,0,2,3,2036.932731
HD 10361_1,HD 10361,0.761,0.025,1.303,2.715,8.197,0.77,0.304,0.084376,26.361659,0.757853,0.189229,3.631962830104939e-10,1849.968734798573,0.5138802041107147,0.11236766326555721,0.3639640461941853,0.00045005987633019466,1,1,1,1,1,3,5,2036.953042
HD 10361_2,HD 10361,0.985,0.066,0.785,0.596,8.197,0.77,0.304,,,1.045595,0.056938,2.3049581541457373e-11,inf,inf,0.0,inf,inf,0,0,0,0,0,1,5,2036.953042
HD 10361_3,HD 10361,1.525,0.07,0.586,0.784,8.197,0.77,0.304,,,1.546188,0.612074,7.813088236299149e-11,inf,inf,0.0,inf,inf,0,0,0,0,0,0,5,2036.953042
HD 10361_4,HD 10361,4.037,0.084,0.501,0.084,8.197,0.77,0.304,,,4.295176,0.032204,3.0355573250600523e-13,inf,inf,0.0,inf,inf,0,0,0,0,0,0,5,2036.953042
HD 53705_0,HD 53705,0.273,0.081,1.735,2.717,17.059,1.04,1.49,,,0.291842,0.008717,2.3301447003142574e-10,inf,inf,0.0,inf,inf,0,0,0,0,0,0,3,2036.955781
HD 53705_1,HD 53705,2.604,0.083,3.306,16.05,17.059,1.04,1.49,0.151058,76.372442,2.759813,0.492481,5.178080226586085e-10,457.90123219338506,0.12719478672038473,0.2533830957731459,0.3465378924571153,0.0003338855180830613,1,1,1,1,1,3,3,2036.955781
HD 53705_2,HD 53705,1.597,0.089,2.478,13.971,17.059,1.04,1.49,0.097697,161.18511,1.64444,0.255154,4.728616183012892e-10,672.2675127966041,0.1867409757768345,0.20493699061721457,0.3711143769108674,0.0004977287477747419,1,1,1,1,1,3,3,2036.955781
HD 53705_3,HD 53705,0.715,0.026,1.359,2.038,17.059,1.04,1.49,,,0.697221,0.121712,2.960462149736744e-10,inf,inf,0.0,inf,inf,0,0,0,0,0,0,3,2036.955781
HD 53705_4,HD 53705,0.527,0.092,2.437,10.745,17.059,1.04,1.49,,,0.489905,0.627607,9.773653141918859e-09,inf,inf,0.0,inf,inf,0,0,0,0,0,0,3,2036.955781
HD 26965 A_1,HD 26965 A,0.482,0.058,1.38,2.403,5.01,0.86,0.41,0.094798,75.711809,0.491092,0.406465,2.4623386697964495e-09,18.504193559753027,0.005140053766598063,3.0819079130450135,0.5049078654609181,0.001389685338108414,1,1,1,1,1,5,5,2036.958869
HD 26965 A_2,HD 26965 A,0.345,0.049,0.5,0.06,5.01,0.86,0.41,,,0.329002,0.563036,9.646148092624735e-10,inf,inf,0.0,inf,inf,0,0,0,0,0,3,5,2036.958869
HD 10780_0,HD 10780,0.841,0.11,1.077,1.181,10.041,0.9,0.516,,,0.914577,0.103465,7.650374661226222e-11,inf,inf,0.0,inf,inf,0,0,0,0,0,3,4,2036.961609
HD 10780_3,HD 10780,2.25,0.098,1.348,1.367,10.041,0.9,0.516,,,2.376469,0.174156,3.333333817431575e-11,inf,inf,0.0,inf,inf,0,0,0,0,0,1,4,2036.961609
HD 10780_4,HD 10780,2.669,0.102,2.513,12.001,10.041,0.9,0.516,0.285801,4.491561,2.935589,0.22976,1.2000879623987657e-10,6161.6509833143455,1.7115697175873181,0.056444521124395804,0.3435784079281927,0.0003141556212235774,1,1,1,1,1,2,4,2036.961609
HD 134083_0,HD 134083,0.116,0.07,1.9,7.058,19.536,1.33,3.255,,,0.117812,0.001886,3.37983582232202e-10,inf,inf,0.0,inf,inf,0,0,0,0,0,0,4,2036.964348
HD 134083_1,HD 134083,0.36,0.097,1.358,2.746,19.536,1.33,3.255,,,0.378246,0.256545,1.9371725258478223e-09,inf,inf,0.0,inf,inf,0,0,0,0,0,0,4,2036.964348
HD 134083_3,HD 134083,0.749,0.13,0.881,0.684,19.536,1.33,3.255,,,0.659511,0.800766,9.044632579637612e-10,inf,inf,0.0,inf,inf,0,0,0,0,0,0,4,2036.964348
HD 134083_4,HD 134083,0.959,0.114,0.591,0.338,19.536,1.33,3.255,,,0.85161,0.719861,2.722586896820436e-10,inf,inf,0.0,inf,inf,0,0,0,0,0,0,4,2036.964348
HD 155886_1,HD 155886,0.511,0.064,0.698,0.549,5.952,0.85,0.327,0.087421,289.819709,0.5353,0.19529,1.878901843811657e-10,1932.0500681399487,0.5366805744833191,0.12009884601293842,0.4466850913970064,0.0010015335110156683,1,1,1,1,1,5,5,2036.967088
HD 155886_2,HD 155886,0.232,0.069,1.589,4.704,5.952,0.85,0.327,,,0.223186,0.072945,2.7360475408398796e-09,inf,inf,0.0,inf,inf,0,0,0,0,0,0,5,2036.967088
HD 155886_3,HD 155886,1.253,0.044,2.915,7.774,5.952,0.85,0.327,0.144521,71.15741,1.307351,0.036036,1.3614185544260398e-10,2179.059804056622,0.6052943900157283,0.10385111769165212,0.3751668025039366,0.0005247449183952032,1,1,1,1,1,5,5,2036.967088
HD 155886_4,HD 155886,0.305,0.028,0.94,0.937,5.952,0.85,0.327,,,0.30758,0.018489,1.249622685724095e-10,inf,inf,0.0,inf,inf,0,0,0,0,0,0,5,2036.967088
HD 155886_5,HD 155886,0.201,0.128,1.339,2.779,5.952,0.85,0.327,,,0.180695,0.271949,9.695930548504408e-09,inf,inf,0.0,inf,inf,0,0,0,0,0,0,5,2036.967088
HD 155886_6,HD 155886,0.316,0.044,0.948,1.735,5.952,0.85,0.327,,,0.327665,0.243502,1.3566814078870556e-09,inf,inf,0.0,inf,inf,0,0,0,0,0,0,5,2036.967088
HD 155886_7,HD 155886,0.59,0.079,3.352,16.163,5.952,0.85,0.327,0.105339,342.632847,0.636397,0.279043,5.082576368199104e-09,14.937025641957451,0.004149173789432625,3.6319887115584177,0.3892181007512307,0.0006184202400438305,1,1,1,1,1,5,5,2036.967088
HD 155886_8,HD 155886,3.879,0.087,2.635,16.445,5.952,0.85,0.327,0.608106,127.695443,3.721826,0.430925,1.273168247067664e-10,2326.470885976123,0.6462419127711453,0.10011094697681582,0.37509372284975473,0.0005242577207006576,1,1,1,1,1,1,5,2036.967088
HD 84737_0,HD 84737,0.596,0.087,1.352,1.551,18.823,1.08,2.795,,,0.544751,0.614806,2.342084893766334e-09,inf,inf,0.0,inf,inf,0,0,0,0,0,0,4,2036.969828
HD 84737_1,HD 84737,3.025,0.071,1.189,1.926,18.823,1.08,2.795,,,3.131876,0.000527,4.1166340670602804e-14,inf,inf,0.0,inf,inf,0,0,0,0,0,0,4,2036.969828
HD 84737_2,HD 84737,1.078,0.014,1.079,0.698,18.823,1.08,2.795,,,1.089498,0.081712,6.032234248105831e-11,inf,inf,0.0,inf,inf,0,0,0,0,0,0,4,2036.969828
HD 84737_3,HD 84737,3.774,0.025,0.833,0.848,18.823,1.08,2.795,,,3.823442,0.008305,2.995537143357665e-13,inf,inf,0.0,inf,inf,0,0,0,0,0,0,4,2036.969828
HD 84737_4,HD 84737,0.254,0.074,3.133,13.741,18.823,1.08,2.795,,,0.263738,0.070159,6.98493549183685e-09,inf,inf,0.0,inf,inf,0,0,0,0,0,0,4,2036.969828
HD 84737_5,HD 84737,2.993,0.205,0.508,0.086,18.823,1.08,2.795,,,3.447243,0.619266,8.317008222852566e-12,inf,inf,0.0,inf,inf,0,0,0,0,0,0,4,2036.969828
HD 17206_0,HD 17206,1.742,0.09,0.885,1.25,14.276,1.21,2.617,,,1.843217,0.166285,2.5932663280178375e-11,inf,inf,0.0,inf,inf,0,0,0,0,0,0,4,2036.972567
HD 17206_1,HD 17206,0.879,0.039,2.253,5.781,14.276,1.21,2.617,,,0.852054,0.85712,4.738803758604838e-09,inf,inf,0.0,inf,inf,0,0,0,0,0,2,4,2036.972567
HD 17206_2,HD 17206,0.485,0.035,0.762,0.888,14.276,1.21,2.617,,,0.487598,0.545862,9.62285792387037e-10,inf,inf,0.0,inf,inf,0,0,0,0,0,0,4,2036.972567
HD 34411_0,HD 34411,0.295,0.082,3.192,8.429,12.562,1.08,1.732,,,0.314876,0.409006,3.575199029521054e-08,inf,inf,0.0,inf,inf,0,0,0,0,0,0,3,2036.98201
HD 34411_1,HD 34411,1.539,0.078,0.897,0.713,12.562,1.08,1.732,0.091907,97.727042,1.468751,0.725951,1.6991199848895332e-10,1387.1576387619255,0.38532156632275705,0.15260366752166377,0.5040050570349592,0.0013836666152686873,1,1,1,1,1,2,3,2036.98201
HD 34411_3,HD 34411,1.691,0.074,0.798,0.808,12.562,1.08,1.732,,,1.629018,0.210049,4.2326036067347136e-11,inf,inf,0.0,inf,inf,0,0,0,0,0,1,3,2036.98201
HD 84117_2,HD 84117,0.48,0.183,0.807,0.707,14.951,1.14,1.977,,,0.392991,0.7553,1.9986126986198843e-09,inf,inf,0.0,inf,inf,0,0,0,0,0,0,5,2036.996573
HD 84117_3,HD 84117,2.469,0.127,0.583,0.157,14.951,1.14,1.977,,,2.471452,0.964663,4.0889277928253666e-11,inf,inf,0.0,inf,inf,0,0,0,0,0,0,5,2036.996573
HD 84117_5,HD 84117,2.421,0.095,0.605,0.239,14.951,1.14,1.977,,,2.213727,0.116651,5.799231547937576e-12,inf,inf,0.0,inf,inf,0,0,0,0,0,0,5,2036.996573
HD 86728 A_0,HD 86728 A,0.138,0.113,0.53,0.078,14.926,1.0,1.378,,,0.122433,1.1e-05,9.648163251777802e-14,inf,inf,0.0,inf,inf,0,0,0,0,0,0,3,2037.000427
HD 86728 A_1,HD 86728 A,1.194,0.049,0.519,0.144,14.926,1.0,1.378,,,1.145499,0.791678,9.756057272550213e-11,inf,inf,0.0,inf,inf,0,0,0,0,0,0,3,2037.000427
HD 86728 A_2,HD 86728 A,1.586,0.024,0.736,0.367,14.926,1.0,1.378,,,1.582017,0.080177,8.969737668805792e-12,inf,inf,0.0,inf,inf,0,0,0,0,0,0,3,2037.000427
HD 86728 A_3,HD 86728 A,0.34,0.077,0.971,1.901,14.926,1.0,1.378,,,0.32884,0.378243,2.242972915713309e-09,inf,inf,0.0,inf,inf,0,0,0,0,0,0,3,2037.000427
HD 86728 A_4,HD 86728 A,3.143,0.15,2.985,16.709,14.926,1.0,1.378,,,3.394476,0.024126,1.130109038528101e-11,inf,inf,0.0,inf,inf,0,0,0,0,0,2,3,2037.000427
HD 86728 A_5,HD 86728 A,0.238,0.132,1.155,6.008,14.926,1.0,1.378,,,0.236309,0.975614,1.3526389451502561e-08,inf,inf,0.0,inf,inf,0,0,0,0,0,0,3,2037.000427
HD 86728 A_6,HD 86728 A,2.84,0.137,2.462,3.621,14.926,1.0,1.378,,,3.216903,0.092718,3.210957374828519e-11,inf,inf,0.0,inf,inf,0,0,0,0,0,2,3,2037.000427
HD 33262 A_0,HD 33262 A,4.098,0.155,0.949,0.422,11.693,1.14,1.466,,,4.58468,0.003328,9.827333680312053e-14,inf,inf,0.0,inf,inf,0,0,0,0,0,0,5,2037.00459
HD 33262 A_1,HD 33262 A,3.3,0.062,1.368,1.583,11.693,1.14,1.466,,,3.09971,0.512768,6.865028826388123e-11,inf,inf,0.0,inf,inf,0,0,0,0,0,0,5,2037.00459
HD 33262 A_2,HD 33262 A,3.337,0.087,0.965,0.502,11.693,1.14,1.466,,,3.478577,0.347849,1.8255011009653355e-11,inf,inf,0.0,inf,inf,0,0,0,0,0,0,5,2037.00459
HD 33262 A_4,HD 33262 A,1.015,0.091,2.255,9.306,11.693,1.14,1.466,,,0.975504,0.91522,2.8915446413487375e-09,inf,inf,0.0,inf,inf,0,0,0,0,0,1,5,2037.00459
HD 33262 A_5,HD 33262 A,0.358,0.206,1.487,2.029,11.693,1.14,1.466,,,0.322909,0.899788,1.231979589211023e-08,inf,inf,0.0,inf,inf,0,0,0,0,0,0,5,2037.00459
HD 33262 A_6,HD 33262 A,0.874,0.139,0.646,0.257,11.693,1.14,1.466,,,0.900408,0.874247,2.7586052640361267e-10,inf,inf,0.0,inf,inf,0,0,0,0,0,0,5,2037.00459
HD 33262 A_8,HD 33262 A,0.199,0.101,2.893,13.631,11.693,1.14,1.466,,,0.20629,0.00515,6.227338248163535e-10,inf,inf,0.0,inf,inf,0,0,0,0,0,0,5,2037.00459
HD 142373_0,HD 142373,1.268,0.168,0.757,0.148,15.898,1.08,3.136,,,1.065473,0.10503,3.769270620525407e-11,inf,inf,0.0,inf,inf,0,0,0,0,0,1,3,2037.008456
HD 142373_1,HD 142373,1.76,0.092,0.868,0.535,15.898,1.08,3.136,,,1.718181,0.349819,5.553813178017305e-11,inf,inf,0.0,inf,inf,0,0,0,0,0,0,3,2037.008456
HD 142373_2,HD 142373,0.834,0.129,2.923,6.259,15.898,1.08,3.136,,,0.882632,0.808009,6.300173488380278e-09,inf,inf,0.0,inf,inf,0,0,0,0,0,0,3,2037.008456
HD 142373_4,HD 142373,1.161,0.006,1.265,2.536,15.898,1.08,3.136,,,1.166147,0.731907,7.794403393858421e-10,inf,inf,0.0,inf,inf,0,0,0,0,0,1,3,2037.008456
HD 142373_6,HD 142373,4.705,0.105,0.947,0.923,15.898,1.08,3.136,,,4.38106,0.014418,4.349477114999923e-13,inf,inf,0.0,inf,inf,0,0,0,0,0,0,3,2037.008456
HD 142373_7,HD 142373,1.878,0.051,2.611,6.816,15.898,1.08,3.136,0.103796,11.025834,1.935663,0.106974,1.1437511634437812e-10,1799.4822003057554,0.4998561667515987,0.12439026926539637,0.4421424079908861,0.0009712489549748664,1,1,1,1,1,3,3,2037.008456
HD 142373_8,HD 142373,3.092,0.053,1.805,7.326,15.898,1.08,3.136,,,2.988979,0.335163,8.290642901428323e-11,inf,inf,0.0,inf,inf,0,0,0,0,0,2,3,2037.008456
HD 95735_0,HD 95735,0.673,0.041,0.901,1.876,2.546,0.44,0.02,,,0.69704,0.004908,5.8450012742428076e-12,inf,inf,0.0,inf,inf,0,0,0,0,0,0,3,2037.011196
HD 95735_2,HD 95735,0.392,0.078,0.638,0.252,2.546,0.44,0.02,,,0.409576,0.951892,1.533178880855728e-09,inf,inf,0.0,inf,inf,0,0,0,0,0,2,3,2037.011196
HD 95735_3,HD 95735,0.164,0.146,0.847,1.655,2.546,0.44,0.02,,,0.141182,0.57146,1.7010325285751977e-08,inf,inf,0.0,inf,inf,0,0,0,0,0,2,3,2037.011196
HD 95735_4,HD 95735,2.481,0.023,1.454,2.402,2.546,0.44,0.02,,,2.423937,0.003568,9.382962967102054e-13,inf,inf,0.0,inf,inf,0,0,0,0,0,1,3,2037.011196
HD 95735_6,HD 95735,0.163,0.047,1.008,2.764,2.546,0.44,0.02,,,0.156612,0.605812,1.6613263644239835e-08,inf,inf,0.0,inf,inf,0,0,0,0,0,0,3,2037.011196
HD 128621_0,HD 128621,0.181,0.076,0.591,0.281,1.332,0.94,0.503,0.074315,326.59503,0.193531,0.872061,5.796496624017414e-09,0.522443510729777,0.00014512319742493806,99.85141243737893,6.452216267876653,0.04103840802087998,1,1,1,1,1,5,5,2037.016759
HD 128621_1,HD 128621,3.969,0.152,0.756,0.624,1.332,0.94,0.503,,,4.476669,0.674018,1.248073570108145e-11,inf,inf,0.0,inf,inf,0,0,0,0,0,0,5,2037.016759
HD 128621_3,HD 128621,4.377,0.084,0.667,0.424,1.332,0.94,0.503,,,4.707139,0.039237,5.901197922541805e-13,inf,inf,0.0,inf,inf,0,0,0,0,0,0,5,2037.016759
HD 128621_4,HD 128621,1.135,0.055,1.179,1.502,1.332,0.94,0.503,0.803379,171.977644,1.08672,0.408041,2.6218959344205046e-10,11.037534804395776,0.0030659818901099378,6.342172805183766,2.7154563218704313,0.016126675047505167,1,1,1,1,1,4,5,2037.016759
HD 219134_0,HD 219134,1.298,0.068,3.021,11.197,6.542,0.75,0.266,0.166106,294.034747,1.214635,0.120868,3.86473729066023e-10,706.9015808824291,0.1963615502451192,0.1936923615903405,0.34746337171764247,0.00034005537981990905,1,1,1,1,1,3,3,2037.021918
HD 219134_1,HD 219134,0.107,0.06,0.589,0.114,6.542,0.75,0.266,,,0.106293,0.021337,4.218289548623706e-10,inf,inf,0.0,inf,inf,0,0,0,0,0,0,3,2037.021918
HD 219134_2,HD 219134,0.475,0.085,1.279,2.244,6.542,0.75,0.266,,,0.442818,0.108532,6.601254651703198e-10,inf,inf,0.0,inf,inf,0,0,0,0,0,1,3,2037.021918
HD 219134_3,HD 219134,2.999,0.067,1.913,4.52,6.542,0.75,0.266,0.208918,81.943858,3.193851,0.909031,1.945929160459467e-10,2247.862738672075,0.6244063162977986,0.09864103380283902,0.3474628062001005,0.00034005160970296245,1,1,1,1,1,2,3,2037.021918
HD 219134_4,HD 219134,0.285,0.083,1.716,4.805,6.542,0.75,0.266,,,0.307852,0.396206,8.841335043673734e-09,inf,inf,0.0,inf,inf,0,0,0,0,0,0,3,2037.021918
HD 219134_5,HD 219134,1.823,0.052,1.09,4.144,6.542,0.75,0.266,,,1.872321,0.20507,5.2185069774411885e-11,inf,inf,0.0,inf,inf,0,0,0,0,0,1,3,2037.021918
HD 219134_7,HD 219134,0.986,0.056,2.277,3.449,6.542,0.75,0.266,0.159735,339.882563,1.023538,0.419626,1.9698536473695455e-09,67.56291988619421,0.018767477746165058,0.9819021674494253,0.34746887625313216,0.0003400920767231739,1,1,1,1,1,3,3,2037.021918
HD 19373_0,HD 19373,0.74,0.034,3.212,9.93,10.577,1.08,2.23,,,0.765157,0.716099,1.153467574088948e-08,inf,inf,0.0,inf,inf,0,0,0,0,0,1,3,2037.034981
HD 19373_2,HD 19373,0.724,0.048,1.483,3.085,10.577,1.08,2.23,,,0.757414,0.685253,2.101151179057686e-09,inf,inf,0.0,inf,inf,0,0,0,0,0,1,3,2037.034981
HD 19373_3,HD 19373,0.676,0.061,1.037,1.075,10.577,1.08,2.23,,,0.655969,0.167841,3.453795109080228e-10,inf,inf,0.0,inf,inf,0,0,0,0,0,0,3,2037.034981
HD 19373_6,HD 19373,0.114,0.04,2.433,8.086,10.577,1.08,2.23,,,0.117366,0.82095,2.02186882558614e-07,inf,inf,0.0,inf,inf,0,0,0,0,0,0,3,2037.034981
HD 19373_7,HD 19373,2.87,0.048,1.622,2.945,10.577,1.08,2.23,0.243628,42.362552,2.812911,0.539211,1.2908950010536457e-10,554.159126441979,0.1539330906783275,0.25879654826984655,0.49765882553755975,0.001341358405286024,1,1,1,1,1,2,3,2037.034981
HD 128620_0,HD 128620,1.567,0.074,0.945,0.738,1.332,1.11,1.521,,,1.486834,0.087189,2.5742877339521652e-11,inf,inf,0.0,inf,inf,0,0,0,0,0,1,4,2037.042443
HD 128620_1,HD 128620,1.266,0.016,1.198,6.221,1.332,1.11,1.521,,,1.260868,0.094513,5.2149301881030826e-11,inf,inf,0.0,inf,inf,0,0,0,0,0,2,4,2037.042443
HD 212330 A_0,HD 212330 A,1.747,0.031,3.281,9.208,20.34,1.02,2.726,,,1.731002,0.030752,7.213418411080485e-11,inf,inf,0.0,inf,inf,0,0,0,0,0,2,3,2037.045183
HD 4614 A_0,HD 4614 A,4.718,0.051,1.358,3.151,5.01,1.14,1.252,,,4.750657,0.068398,4.672941714294384e-12,inf,inf,0.0,inf,inf,0,0,0,0,0,0,3,2037.047985
HD 4614 A_1,HD 4614 A,0.651,0.133,0.728,0.235,5.01,1.14,1.252,0.11205,181.681849,0.737139,0.722438,5.456876286275265e-10,38.670400012502945,0.010741777781250818,1.7636218424976324,0.6907832143133661,0.002628854330458066,1,1,1,1,1,3,3,2037.047985
HD 4614 A_2,HD 4614 A,2.584,0.017,1.361,2.842,5.01,1.14,1.252,,,2.540388,0.072922,1.6284837179312835e-11,inf,inf,0.0,inf,inf,0,0,0,0,0,1,3,2037.047985
HD 131156 A_0,HD 131156 A,0.922,0.01,2.426,6.027,6.754,0.96,0.553,0.13559,154.680068,0.913447,0.342121,1.6325071371038538e-09,29.47644589559735,0.008187901637665931,2.0133276229291486,0.42506750660950166,0.0008574162790989704,1,1,1,1,1,5,5,2037.054455
HD 131156 A_1,HD 131156 A,1.097,0.147,1.932,4.971,6.754,0.96,0.553,0.098484,122.128756,0.944066,0.038713,1.1408969646082257e-10,1988.8067184646593,0.5524463106846276,0.12454551477798291,0.5013270252347141,0.0013658130699337194,1,1,1,1,1,5,5,2037.054455
HD 143761_0,HD 143761,2.268,0.052,0.622,0.131,17.511,0.97,1.812,,,2.268994,0.191524,1.195513579799919e-11,inf,inf,0.0,inf,inf,0,0,0,0,0,0,5,2037.057195
HD 143761_3,HD 143761,0.463,0.017,0.834,0.619,17.511,0.97,1.812,,,0.46418,0.212095,3.924000067682074e-10,inf,inf,0.0,inf,inf,0,0,0,0,0,0,5,2037.057195
HD 143761_4,HD 143761,1.096,0.157,0.808,0.895,17.511,0.97,1.812,,,1.206476,0.086837,2.2886829045843516e-11,inf,inf,0.0,inf,inf,0,0,0,0,0,0,5,2037.057195
HD 143761_5,HD 143761,0.834,0.096,1.155,1.684,17.511,0.97,1.812,,,0.753993,0.895364,1.3793981275188128e-09,inf,inf,0.0,inf,inf,0,0,0,0,0,0,5,2037.057195
HD 143761_7,HD 143761,2.609,0.089,2.154,12.289,17.511,0.97,1.812,,,2.749263,0.207895,7.707238145762684e-11,inf,inf,0.0,inf,inf,0,0,0,0,0,0,5,2037.057195
HD 217987_0,HD 217987,3.278,0.032,3.1,17.272,3.287,0.49,0.036,,,3.378814,0.244912,1.3348285864824063e-10,inf,inf,0.0,inf,inf,0,0,0,0,0,2,3,2037.059934
HD 217987_1,HD 217987,0.104,0.158,2.049,6.333,3.287,0.49,0.036,,,0.104303,0.728691,1.9125538361248697e-07,inf,inf,0.0,inf,inf,0,0,0,0,0,0,3,2037.059934
HD 95735_0,HD 95735,0.673,0.041,0.901,1.876,2.546,0.44,0.02,,,0.688477,0.020537,2.5069351709901482e-11,inf,inf,0.0,inf,inf,0,0,0,0,0,0,4,2037.074306
HD 95735_2,HD 95735,0.392,0.078,0.638,0.252,2.546,0.44,0.02,0.109488,96.658742,0.378618,0.758771,1.4301530338407012e-09,1533.9910899645392,0.4261086361012609,0.11635586448359334,0.3074771902662458,7.348083681059798e-05,1,1,1,1,1,3,4,2037.074306
HD 95735_3,HD 95735,0.164,0.146,0.847,1.655,2.546,0.44,0.02,0.066696,129.714739,0.177592,0.157172,2.956745823610101e-09,982.8422144019198,0.2730117262227555,0.15426442753474653,0.32303534270013373,0.0001772018530365175,1,1,1,1,1,3,4,2037.074306
HD 95735_4,HD 95735,2.481,0.023,1.454,2.402,2.546,0.44,0.02,,,2.424073,0.001877,4.935508376490261e-13,inf,inf,0.0,inf,inf,0,0,0,0,0,1,4,2037.074306
HD 95735_6,HD 95735,0.163,0.047,1.008,2.764,2.546,0.44,0.02,,,0.170338,0.002837,6.575997697693873e-11,inf,inf,0.0,inf,inf,0,0,0,0,0,0,4,2037.074306
HD 7570_0,HD 7570,3.031,0.054,1.134,3.652,15.261,1.14,2.004,,,3.005813,0.019729,1.838517093230983e-12,inf,inf,0.0,inf,inf,0,0,0,0,0,0,4,2037.096793
HD 7570_1,HD 7570,0.15,0.071,0.941,0.218,15.261,1.14,2.004,,,0.157548,0.023709,7.22506544345316e-10,inf,inf,0.0,inf,inf,0,0,0,0,0,0,4,2037.096793
HD 7570_2,HD 7570,1.977,0.063,1.73,3.716,15.261,1.14,2.004,,,2.097905,0.005265,2.35727090733001e-12,inf,inf,0.0,inf,inf,0,0,0,0,0,2,4,2037.096793
HD 7570_3,HD 7570,3.034,0.079,1.364,1.913,15.261,1.14,2.004,,,2.803999,0.183815,2.9424825942139324e-11,inf,inf,0.0,inf,inf,0,0,0,0,0,0,4,2037.096793
HD 7570_4,HD 7570,0.569,0.099,0.726,0.483,15.261,1.14,2.004,,,0.62065,0.178198,1.693684228416769e-10,inf,inf,0.0,inf,inf,0,0,0,0,0,0,4,2037.096793
HD 95128_1,HD 95128,2.285,0.074,0.586,0.282,13.887,1.07,1.577,,,2.130096,0.486907,2.4862122196934397e-11,inf,inf,0.0,inf,inf,0,0,0,0,0,0,5,2037.099533
HD 95128_2,HD 95128,4.586,0.035,0.538,0.083,13.887,1.07,1.577,,,4.737957,0.024027,1.410308781342966e-13,inf,inf,0.0,inf,inf,0,0,0,0,0,0,5,2037.099533
HD 95128_3,HD 95128,0.343,0.031,2.771,10.086,13.887,1.07,1.577,,,0.335967,0.822116,3.41818027514964e-08,inf,inf,0.0,inf,inf,0,0,0,0,0,0,5,2037.099533
HD 95128_4,HD 95128,2.15,0.173,1.218,6.511,13.887,1.07,1.577,0.061897,20.75577,2.088254,0.912389,1.9927982539956893e-10,3661.284852404391,1.017023570112331,0.09238713027203124,0.5360371691553348,0.0015972140294045248,1,1,1,1,1,1,5,2037.099533
HD 95128_5,HD 95128,0.6,0.105,2.299,8.137,13.887,1.07,1.577,,,0.572761,0.310397,3.464691882187749e-09,inf,inf,0.0,inf,inf,0,0,0,0,0,0,5,2037.099533
HD 95128_6,HD 95128,0.335,0.024,2.419,8.582,13.887,1.07,1.577,,,0.340003,0.450053,1.7642078863662952e-08,inf,inf,0.0,inf,inf,0,0,0,0,0,0,5,2037.099533
HD 95128_7,HD 95128,0.847,0.089,1.394,3.129,13.887,1.07,1.577,0.065525,290.063196,0.919133,0.515785,7.057703405593083e-10,448.1499895174022,0.1244861081992784,0.303770420008976,0.5390107764322387,0.0016170380779172173,1,1,1,1,1,2,5,2037.099533
HD 95128_8,HD 95128,0.588,0.034,2.182,8.46,13.887,1.07,1.577,,,0.568472,0.333399,3.287266742488022e-09,inf,inf,0.0,inf,inf,0,0,0,0,0,0,5,2037.099533
HD 166_0,HD 166,1.592,0.09,1.08,2.182,13.766,0.94,0.647,0.085821,153.432519,1.722208,0.740495,2.022781185553048e-10,7242.349365456659,2.0117637126268497,0.05210671263712917,0.34832860680940864,0.00034582361376501666,1,1,1,1,1,2,3,2037.103915
HD 166_1,HD 166,0.635,0.021,0.515,0.062,13.766,0.94,0.647,,,0.64138,0.01992,8.198978521238928e-12,inf,inf,0.0,inf,inf,0,0,0,0,0,0,3,2037.103915
HD 146233_0,HD 146233,0.356,0.047,2.679,8.19,14.137,1.02,1.094,,,0.360811,0.010844,4.4021769124849405e-10,inf,inf,0.0,inf,inf,0,0,0,0,0,0,7,2037.107967
HD 146233_1,HD 146233,0.206,0.044,2.032,3.376,14.137,1.02,1.094,,,0.197728,0.877829,6.708817912160743e-08,inf,inf,0.0,inf,inf,0,0,0,0,0,0,7,2037.107967
HD 146233_4,HD 146233,0.539,0.141,1.433,3.682,14.137,1.02,1.094,,,0.606399,0.738569,3.089365118860371e-09,inf,inf,0.0,inf,inf,0,0,0,0,0,0,7,2037.107967
HD 90839_0,HD 90839,3.665,0.022,0.781,0.186,12.945,1.18,1.605,,,3.739626,0.242731,8.410011031621386e-12,inf,inf,0.0,inf,inf,0,0,0,0,0,0,6,2037.110707
HD 90839_1,HD 90839,0.191,0.094,1.403,2.751,12.945,1.18,1.605,,,0.193336,0.716116,2.2638815724948334e-08,inf,inf,0.0,inf,inf,0,0,0,0,0,0,6,2037.110707
HD 90839_2,HD 90839,3.378,0.112,1.125,1.619,12.945,1.18,1.605,,,3.734806,0.111322,7.2176897345734156e-12,inf,inf,0.0,inf,inf,0,0,0,0,0,0,6,2037.110707
HD 90839_5,HD 90839,0.15,0.051,2.273,4.226,12.945,1.18,1.605,,,0.146244,0.683055,8.46914971611541e-08,inf,inf,0.0,inf,inf,0,0,0,0,0,0,6,2037.110707
HD 140538 A_0,HD 140538 A,2.088,0.047,0.685,0.069,14.793,0.94,0.834,,,1.989999,0.075453,7.50729364727242e-12,inf,inf,0.0,inf,inf,0,0,0,0,0,0,8,2037.119776
HD 140538 A_1,HD 140538 A,0.512,0.053,2.798,18.338,14.793,0.94,0.834,,,0.492888,0.065065,1.2282977909763886e-09,inf,inf,0.0,inf,inf,0,0,0,0,0,0,8,2037.119776
HD 140538 A_2,HD 140538 A,4.137,0.053,0.916,0.304,14.793,0.94,0.834,,,3.918415,0.90363,3.600299522610164e-11,inf,inf,0.0,inf,inf,0,0,0,0,0,0,8,2037.119776
HD 38393_0,HD 38393,0.205,0.072,1.088,1.383,8.905,1.23,2.344,,,0.19155,0.913951,2.3476405996436203e-08,inf,inf,0.0,inf,inf,0,0,0,0,0,0,5,2037.132279
HD 38393_1,HD 38393,3.39,0.099,0.656,0.073,8.905,1.23,2.344,,,3.31658,0.094318,2.797359549897175e-12,inf,inf,0.0,inf,inf,0,0,0,0,0,0,5,2037.132279
HD 38393_3,HD 38393,0.355,0.086,1.549,2.098,8.905,1.23,2.344,,,0.349106,0.627883,1.0424890708651838e-08,inf,inf,0.0,inf,inf,0,0,0,0,0,0,5,2037.132279
HD 38393_4,HD 38393,4.373,0.052,1.208,1.876,8.905,1.23,2.344,,,4.296889,0.09577,6.2874063018556525e-12,inf,inf,0.0,inf,inf,0,0,0,0,0,0,5,2037.132279
HD 10361_1,HD 10361,0.761,0.025,1.303,2.715,8.197,0.77,0.304,,,0.779465,0.811469,1.4723190817570865e-09,inf,inf,0.0,inf,inf,0,0,0,0,0,3,6,2037.135019
HD 10361_2,HD 10361,0.985,0.066,0.785,0.596,8.197,0.77,0.304,,,1.038844,0.009292,3.810702300881858e-12,inf,inf,0.0,inf,inf,0,0,0,0,0,1,6,2037.135019
HD 10361_3,HD 10361,1.525,0.07,0.586,0.784,8.197,0.77,0.304,,,1.59515,0.661406,7.932469315713843e-11,inf,inf,0.0,inf,inf,0,0,0,0,0,0,6,2037.135019
HD 10361_4,HD 10361,4.037,0.084,0.501,0.084,8.197,0.77,0.304,,,4.318875,0.019455,1.8137982863563697e-13,inf,inf,0.0,inf,inf,0,0,0,0,0,0,6,2037.135019
HD 50692_0,HD 50692,3.95,0.04,2.831,10.297,17.405,1.08,1.293,,,4.093261,0.055877,1.7839234877931546e-11,inf,inf,0.0,inf,inf,0,0,0,0,0,1,3,2037.145131
HD 50692_1,HD 50692,0.28,0.064,0.734,0.092,17.405,1.08,1.293,,,0.297437,0.403194,1.073210823221773e-09,inf,inf,0.0,inf,inf,0,0,0,0,0,0,3,2037.145131
HD 50692_2,HD 50692,0.513,0.081,1.798,3.652,17.405,1.08,1.293,,,0.520425,0.851541,5.8251637567852295e-09,inf,inf,0.0,inf,inf,0,0,0,0,0,0,3,2037.145131
HD 50692_3,HD 50692,0.925,0.032,2.849,9.197,17.405,1.08,1.293,,,0.953086,0.165865,1.0510050378466254e-09,inf,inf,0.0,inf,inf,0,0,0,0,0,0,3,2037.145131
HD 20766_0,HD 20766,1.336,0.161,1.674,3.092,12.045,1.01,0.794,0.078461,100.937766,1.18363,0.652202,7.145293271757294e-10,414.47371416162565,0.11513158726711824,0.28773306789400793,0.41231375881398447,0.0007723912937955223,1,1,1,1,1,3,4,2037.151885
HD 20766_1,HD 20766,0.327,0.097,2.659,6.922,12.045,1.01,0.794,,,0.297967,0.043171,1.976524421870692e-09,inf,inf,0.0,inf,inf,0,0,0,0,0,0,4,2037.151885
HD 20766_4,HD 20766,1.915,0.031,0.912,0.441,12.045,1.01,0.794,,,1.952176,0.677182,9.676452446452067e-11,inf,inf,0.0,inf,inf,0,0,0,0,0,1,4,2037.151885
HD 165341 B_1,HD 165341 B,1.256,0.089,0.5,0.053,5.122,0.78,0.164,,,1.36566,0.20198,1.7431832750425796e-11,inf,inf,0.0,inf,inf,0,0,0,0,0,0,4,2037.155091
HD 165341 B_2,HD 165341 B,4.082,0.042,1.247,0.85,5.122,0.78,0.164,,,4.223553,0.364568,2.282458566741004e-11,inf,inf,0.0,inf,inf,0,0,0,0,0,0,4,2037.155091
HD 165341 B_3,HD 165341 B,0.1,0.077,0.528,0.124,5.122,0.78,0.164,,,0.107699,0.614088,1.1510505532252749e-08,inf,inf,0.0,inf,inf,0,0,0,0,0,0,4,2037.155091
HD 165341 B_4,HD 165341 B,0.76,0.117,1.137,2.374,5.122,0.78,0.164,0.154243,255.635275,0.791785,0.300796,4.1960383463836444e-10,1336.8025306421098,0.3713340362894749,0.12951053739336885,0.3280253720596391,0.00021046871543321972,1,1,1,1,1,3,4,2037.155091
HD 165341 A_0,HD 165341 A,3.482,0.036,1.359,2.775,5.113,0.88,0.532,,,3.604854,0.277976,2.4146434312157747e-11,inf,inf,0.0,inf,inf,0,0,0,0,0,0,7,2037.16014
HD 165341 A_2,HD 165341 A,0.277,0.022,2.947,13.11,5.113,0.88,0.532,,,0.281701,0.929385,5.792429324982002e-08,inf,inf,0.0,inf,inf,0,0,0,0,0,0,7,2037.16014
HD 165341 A_3,HD 165341 A,0.642,0.027,1.615,1.833,5.113,0.88,0.532,0.09673,32.515519,0.6419,0.081219,2.44300037068209e-10,312.1267894646186,0.08670188596239405,0.37468738087607784,0.5189052968041777,0.0014830015470634777,1,1,1,1,1,4,7,2037.16014
HD 201092_1,HD 201092,2.708,0.059,2.37,8.514,3.496,0.63,0.078,,,2.727456,0.101525,5.227499355322384e-11,inf,inf,0.0,inf,inf,0,0,0,0,0,1,3,2037.165509
HD 3651 A_0,HD 3651 A,0.818,0.09,1.086,0.195,11.108,0.86,0.532,0.071885,354.951409,0.882421,0.151263,1.7327229610602974e-10,10603.855531173225,2.9455154253258957,0.04541887646480596,0.39629969668533577,0.0006656308796045311,1,1,1,1,1,4,5,2037.183704
HD 3651 A_3,HD 3651 A,0.106,0.12,3.284,8.237,11.108,0.86,0.532,,,0.101155,0.972835,4.797792105730303e-07,inf,inf,0.0,inf,inf,0,0,0,0,0,0,5,2037.183704
HD 3651 A_5,HD 3651 A,0.552,0.025,0.534,0.148,11.108,0.86,0.532,,,0.564822,0.126426,9.181731918014061e-11,inf,inf,0.0,inf,inf,0,0,0,0,0,0,5,2037.183704
HD 102365_0,HD 102365,1.154,0.024,2.235,11.472,9.319,1.02,0.844,0.115025,327.045252,1.158578,0.558554,1.1196396344200333e-09,72.25327517906106,0.02007035421640585,0.9592277656842129,0.3975054087765919,0.0006736689602129053,1,1,1,1,1,4,4,2037.186444
HD 102365_1,HD 102365,4.021,0.031,1.113,0.834,9.319,1.02,0.844,,,4.013854,0.197521,9.392626436801522e-12,inf,inf,0.0,inf,inf,0,0,0,0,0,0,4,2037.186444
HD 102365_2,HD 102365,0.113,0.031,0.976,0.303,9.319,1.02,0.844,,,0.111448,0.243373,1.2051198390882938e-08,inf,inf,0.0,inf,inf,0,0,0,0,0,0,4,2037.186444
HD 190360_0,HD 190360,0.922,0.17,1.79,3.759,16.003,0.96,1.165,,,0.772236,0.463201,1.6294245261437653e-09,inf,inf,0.0,inf,inf,0,0,0,0,0,1,5,2037.190129
HD 190360_1,HD 190360,3.764,0.081,1.071,1.582,16.003,0.96,1.165,,,4.050496,0.185542,9.622316489674089e-12,inf,inf,0.0,inf,inf,0,0,0,0,0,0,5,2037.190129
HD 190360_3,HD 190360,3.632,0.139,2.733,10.267,16.003,0.96,1.165,0.203867,273.322228,3.987827,0.651487,2.641624474366215e-10,1795.673738276611,0.4987982606323919,0.11076266109309396,0.33868652457534276,0.00028154306553791075,1,1,1,1,1,2,5,2037.190129
HD 190360_4,HD 190360,1.735,0.021,0.534,0.045,16.003,0.96,1.165,,,1.75672,0.405501,1.794012013166989e-11,inf,inf,0.0,inf,inf,0,0,0,0,0,0,5,2037.190129
HD 190360_5,HD 190360,0.581,0.08,1.934,2.88,16.003,0.96,1.165,,,0.627177,0.761876,6.096587484306305e-09,inf,inf,0.0,inf,inf,0,0,0,0,0,0,5,2037.190129
HD 131977_0,HD 131977,2.114,0.033,1.305,3.47,5.886,0.72,0.223,,,2.09544,0.106771,2.899089530060139e-11,inf,inf,0.0,inf,inf,0,0,0,0,0,1,3,2037.203276
HD 115617_0,HD 115617,1.956,0.004,0.732,1.017,8.534,0.97,0.825,,,1.961564,0.501416,4.5463442046435354e-11,inf,inf,0.0,inf,inf,0,0,0,0,0,0,4,2037.206016
HD 115617_1,HD 115617,0.76,0.09,2.931,6.157,8.534,0.97,0.825,0.092369,242.246159,0.818273,0.163474,1.1411864642116217e-09,70.86552079157426,0.019684866886548403,1.0192116812707974,0.4830168202313776,0.0012437450365781432,1,1,1,1,1,4,4,2037.206016
HD 115617_2,HD 115617,0.621,0.047,0.562,0.059,8.534,0.97,0.825,,,0.591823,0.084824,4.425377791523699e-11,inf,inf,0.0,inf,inf,0,0,0,0,0,1,4,2037.206016
HD 115617_3,HD 115617,0.199,0.073,3.38,12.207,8.534,0.97,0.825,,,0.193513,0.269565,5.1159055207732014e-08,inf,inf,0.0,inf,inf,0,0,0,0,0,0,4,2037.206016
HD 115617_4,HD 115617,2.599,0.104,0.763,0.174,8.534,0.97,0.825,,,2.439728,0.234007,1.577359964827847e-11,inf,inf,0.0,inf,inf,0,0,0,0,0,0,4,2037.206016
HD 115617_5,HD 115617,2.098,0.045,1.487,3.177,8.534,0.97,0.825,,,2.17509,0.204359,7.829830021799306e-11,inf,inf,0.0,inf,inf,0,0,0,0,0,2,4,2037.206016
HD 115617_6,HD 115617,3.003,0.084,0.942,0.936,8.534,0.97,0.825,,,3.119559,0.568568,3.5353933415950487e-11,inf,inf,0.0,inf,inf,0,0,0,0,0,0,4,2037.206016
HD 149661_2,HD 149661,2.991,0.073,1.285,2.935,9.894,0.87,0.462,,,2.775461,0.092584,1.1769847524194653e-11,inf,inf,0.0,inf,inf,0,0,0,0,0,0,3,2037.220297
HD 149661_3,HD 149661,2.364,0.065,0.7,0.315,9.894,0.87,0.462,,,2.330232,0.733258,4.1642418164390454e-11,inf,inf,0.0,inf,inf,0,0,0,0,0,0,3,2037.220297
HD 149661_5,HD 149661,3.155,0.051,2.936,7.428,9.894,0.87,0.462,,,3.285057,0.007909,5.178680894224205e-12,inf,inf,0.0,inf,inf,0,0,0,0,0,1,3,2037.220297
HD 4391_0,HD 4391,0.363,0.182,1.471,1.692,15.049,0.98,0.923,,,0.353877,0.062742,7.216014660879274e-10,inf,inf,0.0,inf,inf,0,0,0,0,0,0,8,2037.223037
HD 4391_1,HD 4391,1.544,0.114,0.614,0.159,15.049,0.98,0.923,,,1.481013,0.679408,6.734866127688994e-11,inf,inf,0.0,inf,inf,0,0,0,0,0,0,8,2037.223037
HD 4391_2,HD 4391,0.361,0.058,0.863,0.256,15.049,0.98,0.923,,,0.340062,0.041066,2.2208797220859047e-10,inf,inf,0.0,inf,inf,0,0,0,0,0,0,8,2037.223037
HD 4391_3,HD 4391,0.102,0.064,0.942,1.344,15.049,0.98,0.923,,,0.106467,0.843722,4.6718404898156446e-08,inf,inf,0.0,inf,inf,0,0,0,0,0,0,8,2037.223037
HD 4391_4,HD 4391,0.526,0.038,2.712,11.881,15.049,0.98,0.923,,,0.527015,0.064414,1.2188748358507754e-09,inf,inf,0.0,inf,inf,0,0,0,0,0,0,8,2037.223037
HD 156026_0,HD 156026,3.18,0.093,3.171,14.895,5.954,0.68,0.158,0.279583,63.433413,3.419649,0.892839,3.717626647440909e-10,2290.2882095602217,0.6361911693222838,0.09438029746797122,0.3219020356969237,0.00016964647301511736,1,1,1,1,1,3,3,2037.225777
HD 156026_1,HD 156026,0.564,0.081,0.509,0.042,5.954,0.68,0.158,,,0.606269,0.026054,1.265628219011977e-11,inf,inf,0.0,inf,inf,0,0,0,0,0,0,3,2037.225777
HD 156026_2,HD 156026,0.423,0.044,0.607,0.379,5.954,0.68,0.158,,,0.441495,0.008219,7.748783337958678e-12,inf,inf,0.0,inf,inf,0,0,0,0,0,0,3,2037.225777
HD 156026_3,HD 156026,1.001,0.06,2.318,7.224,5.954,0.68,0.158,0.139763,186.716938,0.94374,0.599152,2.57634460188694e-09,116.69295862456562,0.032414710729046003,0.6333582321413169,0.3219551848862803,0.0001700008009441611,1,1,1,1,1,3,3,2037.225777
HD 156026_5,HD 156026,1.693,0.124,2.972,9.407,5.954,0.68,0.158,0.255179,287.461728,1.615381,0.157752,2.9246924613326057e-10,3527.1552727217436,0.9797653535338177,0.0741888839405961,0.3219020356969237,0.00016964647301511736,1,1,1,1,1,3,3,2037.225777
HD 100623 A_0,HD 100623 A,4.014,0.105,2.503,8.448,9.559,0.88,0.37,,,3.717834,0.016687,6.076679078042109e-12,inf,inf,0.0,inf,inf,0,0,0,0,0,1,3,2037.232826
HD 100623 A_2,HD 100623 A,0.102,0.086,0.559,0.245,9.559,0.88,0.37,,,0.104899,0.369497,6.279962428994931e-09,inf,inf,0.0,inf,inf,0,0,0,0,0,0,3,2037.232826
HD 100623 A_3,HD 100623 A,4.384,0.075,1.441,2.214,9.559,0.88,0.37,,,4.611153,0.743026,5.0798665179324155e-11,inf,inf,0.0,inf,inf,0,0,0,0,0,0,3,2037.232826
HD 100623 A_4,HD 100623 A,2.524,0.072,0.66,0.613,9.559,0.88,0.37,,,2.611556,0.506631,1.8075230861151776e-11,inf,inf,0.0,inf,inf,0,0,0,0,0,0,3,2037.232826
HD 100623 A_5,HD 100623 A,4.18,0.038,0.734,0.337,9.559,0.88,0.37,,,4.021207,0.734453,1.5444516338545873e-11,inf,inf,0.0,inf,inf,0,0,0,0,0,0,3,2037.232826
HD 100623 A_6,HD 100623 A,0.362,0.165,0.555,0.359,9.559,0.88,0.37,,,0.385283,0.148684,1.9528499451263389e-10,inf,inf,0.0,inf,inf,0,0,0,0,0,0,3,2037.232826
HD 100623 A_7,HD 100623 A,4.073,0.068,1.365,1.972,9.559,0.88,0.37,,,3.985182,0.696103,6.679916902265185e-11,inf,inf,0.0,inf,inf,0,0,0,0,0,0,3,2037.232826
HD 216803_1,HD 216803,3.539,0.087,2.035,5.879,7.601,0.72,0.196,,,3.3723,0.200383,5.2009461231862663e-11,inf,inf,0.0,inf,inf,0,0,0,0,0,1,3,2037.235566
HD 216803_3,HD 216803,0.104,0.044,0.893,0.284,7.601,0.72,0.196,,,0.103078,0.069661,3.536874424479566e-09,inf,inf,0.0,inf,inf,0,0,0,0,0,0,3,2037.235566
HD 216803_4,HD 216803,2.738,0.038,2.631,12.08,7.601,0.72,0.196,,,2.759668,0.007193,4.873339804267948e-12,inf,inf,0.0,inf,inf,0,0,0,0,0,2,3,2037.235566
HD 216803_5,HD 216803,0.109,0.06,0.686,0.431,7.601,0.72,0.196,,,0.102486,0.195338,4.920563285779642e-09,inf,inf,0.0,inf,inf,0,0,0,0,0,0,3,2037.235566
HD 216803_6,HD 216803,0.431,0.071,1.431,2.693,7.601,0.72,0.196,,,0.451935,0.50336,3.423179360103443e-09,inf,inf,0.0,inf,inf,0,0,0,0,0,0,3,2037.235566
HD 114710_0,HD 114710,1.415,0.117,0.681,0.147,9.197,1.11,1.357,,,1.258238,0.023778,4.472062449707765e-12,inf,inf,0.0,inf,inf,0,0,0,0,0,0,4,2037.238305
HD 114710_1,HD 114710,0.314,0.116,0.63,1.142,9.197,1.11,1.357,,,0.288244,0.669822,1.9615002895961214e-09,inf,inf,0.0,inf,inf,0,0,0,0,0,0,4,2037.238305
HD 114710_2,HD 114710,2.258,0.018,0.683,0.173,9.197,1.11,1.357,,,2.280873,0.970772,5.920244008218609e-11,inf,inf,0.0,inf,inf,0,0,0,0,0,0,4,2037.238305
HD 114710_4,HD 114710,0.861,0.053,0.898,0.439,9.197,1.11,1.357,,,0.830832,0.106818,7.604367652559176e-11,inf,inf,0.0,inf,inf,0,0,0,0,0,2,4,2037.238305
HD 114710_5,HD 114710,0.124,0.109,3.108,17.681,9.197,1.11,1.357,,,0.135276,0.021783,6.068564163512118e-09,inf,inf,0.0,inf,inf,0,0,0,0,0,0,4,2037.238305
HD 20794_0,HD 20794,4.322,0.17,2.962,5.742,6.041,0.97,0.654,0.585462,127.165035,3.614475,0.444086,1.503640117661776e-10,560.0714377640825,0.1555753993789118,0.24976457778062752,0.46258048555543263,0.0011075028054051768,1,1,1,1,1,1,7,2037.253169
HD 20794_1,HD 20794,2.398,0.095,1.302,2.525,6.041,0.97,0.654,0.262301,188.138227,2.467459,0.79872,1.581083537968067e-10,517.8245538866946,0.14384015385741517,0.26195509641972536,0.46258048555543263,0.0011075028054051768,1,1,1,1,1,2,7,2037.253169
HD 142860_0,HD 142860,0.405,0.081,2.385,6.459,11.254,1.25,3.039,,,0.431235,0.449599,9.45291377806652e-09,inf,inf,0.0,inf,inf,0,0,0,0,0,0,4,2037.262037
HD 142860_2,HD 142860,3.184,0.073,1.146,0.989,11.254,1.25,3.039,,,3.329375,0.171408,1.399619715601404e-11,inf,inf,0.0,inf,inf,0,0,0,0,0,0,4,2037.262037
HD 142860_3,HD 142860,0.465,0.068,1.963,1.786,11.254,1.25,3.039,,,0.45011,0.439817,5.749989970078011e-09,inf,inf,0.0,inf,inf,0,0,0,0,0,0,4,2037.262037
HD 142860_5,HD 142860,0.92,0.074,2.443,8.017,11.254,1.25,3.039,0.076317,190.966336,0.869457,0.476614,2.9208793437882336e-09,11.733935774175656,0.003259426603937682,4.9608337811842205,0.9322340942090501,0.00423852686309596,1,1,1,1,1,2,4,2037.262037
HD 142860_6,HD 142860,0.627,0.092,3.102,5.436,11.254,1.25,3.039,,,0.680905,0.06182,6.864544484348412e-10,inf,inf,0.0,inf,inf,0,0,0,0,0,0,4,2037.262037
HD 37394_0,HD 37394,1.839,0.051,0.552,0.164,12.27,0.88,0.478,,,1.931432,0.886212,4.411111296852916e-11,inf,inf,0.0,inf,inf,0,0,0,0,0,0,5,2037.264776
HD 37394_1,HD 37394,0.501,0.058,1.934,5.969,12.27,0.88,0.478,,,0.517603,0.606465,3.91577682527173e-09,inf,inf,0.0,inf,inf,0,0,0,0,0,0,5,2037.264776
HD 37394_3,HD 37394,1.245,0.044,1.502,2.038,12.27,0.88,0.478,0.082081,157.582234,1.268877,0.670879,6.410395399692962e-10,1228.753982652191,0.34132055073671974,0.1405056146811727,0.354369368101874,0.0003860953557147859,1,1,1,1,1,2,5,2037.264776
HD 37394_5,HD 37394,0.152,0.102,1.111,1.488,12.27,0.88,0.478,,,0.149666,0.03862,1.2736683174170694e-09,inf,inf,0.0,inf,inf,0,0,0,0,0,0,5,2037.264776
HD 37394_9,HD 37394,0.863,0.077,0.726,0.552,12.27,0.88,0.478,,,0.914737,0.13008,6.89545015091263e-11,inf,inf,0.0,inf,inf,0,0,0,0,0,1,5,2037.264776
HD 37394_10,HD 37394,0.093,0.059,3.205,15.21,12.27,0.88,0.478,,,0.097963,0.57436,3.6794409898648383e-07,inf,inf,0.0,inf,inf,0,0,0,0,0,0,5,2037.264776
HD 37394_11,HD 37394,1.171,0.065,2.415,5.91,12.27,0.88,0.478,0.090271,186.028201,1.096889,0.337921,1.1289132000949355e-09,437.62530306038684,0.12156258418344079,0.26051820523327224,0.34558817715066104,0.0003275540827066994,1,1,1,1,1,5,5,2037.264776
HD 37394_15,HD 37394,0.222,0.142,1.093,0.563,12.27,0.88,0.478,,,0.245803,0.446226,5.760692308537669e-09,inf,inf,0.0,inf,inf,0,0,0,0,0,0,5,2037.264776
HD 37394_16,HD 37394,2.623,0.055,2.621,9.008,12.27,0.88,0.478,0.216737,246.812827,2.673846,0.228374,1.8506021077608035e-10,7052.311411678905,1.958975392133029,0.05108198087231509,0.3242289152826089,0.00018515900358635193,1,1,1,1,1,2,5,2037.264776
HD 1581_1,HD 1581,1.541,0.046,2.633,10.663,8.607,1.11,1.262,0.175962,172.569985,1.584891,0.204638,2.9603286206336966e-10,188.94680758239264,0.0524852243284424,0.5014871490638473,0.4680230462220804,0.0011437865431828285,1,1,1,1,1,3,4,2037.272541
HD 1581_2,HD 1581,0.181,0.101,0.988,1.538,8.607,1.11,1.262,,,0.163708,0.000279,6.039530103279178e-12,inf,inf,0.0,inf,inf,0,0,0,0,0,0,4,2037.272541
HD 1581_3,HD 1581,1.491,0.126,2.76,10.6,8.607,1.11,1.262,0.133972,317.123496,1.405124,0.107424,3.20222327301555e-10,173.2507718314589,0.04812521439762747,0.5319242468146829,0.4682599654942676,0.0011453660049974101,1,1,1,1,1,3,4,2037.272541
HD 1581_4,HD 1581,0.208,0.109,2.378,6.033,8.607,1.11,1.262,,,0.224852,0.656998,3.305188451668359e-08,inf,inf,0.0,inf,inf,0,0,0,0,0,0,4,2037.272541
HD 201091_1,HD 201091,1.051,0.108,0.699,0.293,3.497,0.68,0.142,,,0.99671,0.155727,4.9868645300839525e-11,inf,inf,0.0,inf,inf,0,0,0,0,0,1,4,2037.275281
HD 201091_2,HD 201091,2.964,0.153,0.94,0.359,3.497,0.68,0.142,,,3.081996,0.912713,7.791627604956962e-11,inf,inf,0.0,inf,inf,0,0,0,0,0,0,4,2037.275281
HD 201091_4,HD 201091,2.241,0.067,3.013,8.159,3.497,0.68,0.142,0.341957,43.678813,2.139811,0.848164,1.0461000781358472e-09,102.26689188525002,0.028407469968125005,0.7217899697861371,0.36551657860591275,0.00046041009240837736,1,1,1,1,1,2,4,2037.275281
HD 203608_0,HD 203608,2.203,0.092,1.79,3.488,9.258,1.14,1.466,0.23392,172.419977,2.195949,0.444346,2.420322217601997e-10,254.73245886375375,0.0707590163510427,0.41107658464509894,0.46707748342410566,0.0011374827911963304,1,1,1,1,1,2,4,2037.281035
HD 203608_1,HD 203608,2.342,0.1,0.502,0.104,9.258,1.14,1.466,,,2.413055,0.269906,9.512248996405062e-12,inf,inf,0.0,inf,inf,0,0,0,0,0,0,4,2037.281035
HD 203608_2,HD 203608,2.74,0.062,1.086,1.189,9.258,1.14,1.466,,,2.660577,0.062841,8.943821811753756e-12,inf,inf,0.0,inf,inf,0,0,0,0,0,1,4,2037.281035
HD 203608_5,HD 203608,4.293,0.038,0.929,0.698,9.258,1.14,1.466,,,4.438285,0.028277,1.1099798787743692e-12,inf,inf,0.0,inf,inf,0,0,0,0,0,0,4,2037.281035
HD 203608_6,HD 203608,0.526,0.072,0.985,0.486,9.258,1.14,1.466,,,0.501971,0.151936,3.0663748806532906e-10,inf,inf,0.0,inf,inf,0,0,0,0,0,0,4,2037.281035
HD 17051_0,HD 17051,1.593,0.055,0.8,0.166,17.357,1.14,1.737,,,1.671987,0.951121,1.1570964594610798e-10,inf,inf,0.0,inf,inf,0,0,0,0,0,0,6,2037.286327
HD 17051_1,HD 17051,2.146,0.107,1.035,0.971,17.357,1.14,1.737,,,1.968206,0.925227,1.2992661754078214e-10,inf,inf,0.0,inf,inf,0,0,0,0,0,0,6,2037.286327
HD 17051_2,HD 17051,4.311,0.108,1.302,2.591,17.357,1.14,1.737,,,3.848114,0.009217,6.69752294570756e-13,inf,inf,0.0,inf,inf,0,0,0,0,0,0,6,2037.286327
HD 192310_0,HD 192310,1.267,0.07,0.641,0.14,8.812,0.77,0.404,,,1.245677,0.49333,8.055154330369401e-11,inf,inf,0.0,inf,inf,0,0,0,0,0,1,5,2037.299881
HD 192310_1,HD 192310,1.472,0.082,2.73,7.674,8.812,0.77,0.404,0.134485,269.843386,1.558285,0.069363,1.3629685213396762e-10,6119.825516259681,1.6999515322943557,0.056323378655226325,0.3393808131907414,0.0002861716563072352,1,1,1,1,1,5,5,2037.299881
HD 192310_2,HD 192310,0.631,0.109,2.544,13.411,8.812,0.77,0.404,0.082128,118.544131,0.696248,0.3324,3.340161236940963e-09,62.55786485424736,0.01737718468173538,1.0728843309562568,0.39666236949401684,0.0006680486983290714,1,1,1,1,1,2,5,2037.299881
HD 192310_3,HD 192310,0.091,0.084,2.458,12.572,8.812,0.77,0.404,,,0.085954,0.027621,1.5116641060344487e-08,inf,inf,0.0,inf,inf,0,0,0,0,0,0,5,2037.299881
HD 185144_1,HD 185144,0.747,0.07,0.5,0.019,5.764,0.87,0.434,,,0.78439,0.080436,1.867187690534615e-11,inf,inf,0.0,inf,inf,0,0,0,0,0,1,6,2037.317354
HD 185144_3,HD 185144,0.688,0.135,2.317,4.389,5.764,0.87,0.434,0.10092,80.603817,0.677256,0.118836,8.450655528430013e-10,85.68098113556438,0.02380027253765677,0.8620109422818816,0.43722696792456933,0.0009384793545327548,1,1,1,1,1,6,6,2037.317354
HD 131156 A_0,HD 131156 A,0.922,0.01,2.426,6.027,6.754,0.96,0.553,0.135712,47.260748,0.921365,0.306107,1.4356615017795038e-09,34.260981259943584,0.009516939238873218,1.7730210972234248,0.42497316587451656,0.0008567873408657364,1,1,1,1,1,6,6,2037.323652
HD 131156 A_1,HD 131156 A,1.097,0.147,1.932,4.971,6.754,0.96,0.553,0.127911,52.234953,1.055076,0.659139,1.5552748577960816e-09,31.557704125922342,0.008766028923867318,1.9007971552106928,0.4260961338626065,0.0008642737941196689,1,1,1,1,1,6,6,2037.323652
HD 165499_0,HD 165499,3.777,0.071,0.637,0.161,17.753,1.08,1.731,,,4.014367,0.05403,1.2312011121865665e-12,inf,inf,0.0,inf,inf,0,0,0,0,0,0,4,2037.347301
HD 165499_1,HD 165499,0.192,0.04,0.654,0.106,17.753,1.08,1.731,,,0.192929,0.219453,1.651049786184553e-09,inf,inf,0.0,inf,inf,0,0,0,0,0,0,4,2037.347301
HD 165499_3,HD 165499,0.221,0.065,0.75,0.229,17.753,1.08,1.731,,,0.224833,0.916986,6.3106288917960535e-09,inf,inf,0.0,inf,inf,0,0,0,0,0,0,4,2037.347301
HD 165499_4,HD 165499,1.569,0.062,3.377,24.497,17.753,1.08,1.731,0.082583,347.011061,1.569469,0.451001,1.4011604742718837e-09,131.88332195188198,0.036634256097745,0.6151300306724543,0.40322488014245517,0.0007117987693186602,1,1,1,1,1,3,4,2037.347301
HD 95735_0,HD 95735,0.673,0.041,0.901,1.876,2.546,0.44,0.02,0.128752,52.497217,0.645459,0.875805,1.2163654233345053e-09,1828.5882463810583,0.5079411795502939,0.10487351020559416,0.305561426799621,6.0709080366432684e-05,1,1,1,1,1,1,5,2037.364813
HD 95735_2,HD 95735,0.392,0.078,0.638,0.252,2.546,0.44,0.02,0.081514,257.47964,0.415501,0.866833,1.3566425099547549e-09,2060.1031707809066,0.572250880772474,0.0991163865456713,0.3138878942152783,0.00011621886313748097,1,1,1,1,1,4,5,2037.364813
HD 95735_3,HD 95735,0.164,0.146,0.847,1.655,2.546,0.44,0.02,0.064401,155.764124,0.185764,0.128989,2.2177566450190804e-09,1568.899306102865,0.4358053628063514,0.11725845130062222,0.3229304413536078,0.00017650251072634464,1,1,1,1,1,4,5,2037.364813
HD 95735_4,HD 95735,2.481,0.023,1.454,2.402,2.546,0.44,0.02,,,2.428135,0.000457,1.1981811378133878e-13,inf,inf,0.0,inf,inf,0,0,0,0,0,1,5,2037.364813
HD 95735_6,HD 95735,0.163,0.047,1.008,2.764,2.546,0.44,0.02,,,0.170621,0.019665,4.5435055909074844e-10,inf,inf,0.0,inf,inf,0,0,0,0,0,0,5,2037.364813
HD 209100_0,HD 209100,2.433,0.127,0.524,0.078,3.638,0.72,0.222,,,2.662815,0.007876,2.0301034491683833e-13,inf,inf,0.0,inf,inf,0,0,0,0,0,0,5,2037.378132
HD 209100_1,HD 209100,1.218,0.094,0.54,0.224,3.638,0.72,0.222,,,1.296395,0.09458,1.0684585335860967e-11,inf,inf,0.0,inf,inf,0,0,0,0,0,2,5,2037.378132
HD 209100_2,HD 209100,0.989,0.073,1.925,7.679,3.638,0.72,0.222,0.290694,204.270102,1.059844,0.294401,5.020126868888923e-10,148.69169937478102,0.04130324982632806,0.5675006940345867,0.40970451279835196,0.0007549963203579721,1,1,1,1,1,5,5,2037.378132
HD 209100_4,HD 209100,3.542,0.022,2.632,11.464,3.638,0.72,0.222,0.734137,166.893588,3.493673,0.703269,2.1717102580052746e-10,531.401528391935,0.1476115356644264,0.24593441501897526,0.40970451279835196,0.0007549963203579721,1,1,1,1,1,5,5,2037.378132
HD 209100_5,HD 209100,0.635,0.076,0.931,0.965,3.638,0.72,0.222,0.150126,31.389673,0.682228,0.662846,7.902774269532547e-10,82.3179820380439,0.02286610612167886,0.874251291632861,0.40972003508248617,0.0007550998022522004,1,1,1,1,1,5,5,2037.378132
HD 209100_6,HD 209100,1.701,0.082,0.885,1.719,3.638,0.72,0.222,,,1.813459,0.165535,2.838601429369566e-11,inf,inf,0.0,inf,inf,0,0,0,0,0,2,5,2037.378132
HD 209100_8,HD 209100,2.097,0.099,2.488,10.973,3.638,0.72,0.222,,,2.196565,0.0134,1.2689849132415578e-11,inf,inf,0.0,inf,inf,0,0,0,0,0,4,5,2037.378132
HD 209100_9,HD 209100,0.782,0.071,2.297,6.298,3.638,0.72,0.222,0.185674,283.537419,0.837495,0.67484,2.7896756534626993e-09,17.738372741042177,0.004927325761400605,3.1245913292079828,0.40970451965558286,0.000754996366072845,1,1,1,1,1,5,5,2037.378132
HD 209100_10,HD 209100,0.182,0.056,2.026,7.17,3.638,0.72,0.222,,,0.192095,0.270369,2.4654369664730657e-08,inf,inf,0.0,inf,inf,0,0,0,0,0,0,5,2037.378132
HD 209100_11,HD 209100,0.917,0.107,1.174,2.417,3.638,0.72,0.222,0.204867,226.331846,0.822329,0.536874,7.660477193068288e-10,83.91559843919957,0.023309888455333213,0.8616119012727224,0.40970451280390163,0.0007549963203949701,1,1,1,1,1,5,5,2037.378132
HD 109358_0,HD 109358,0.599,0.064,0.661,0.193,8.473,1.08,1.151,0.069102,179.85363,0.592069,0.450038,4.3846628451765814e-10,296.25977748351,0.08229438263430833,0.4502477945394932,0.7724564619025117,0.0031733426477190373,1,1,1,1,1,5,5,2037.380872
HD 109358_1,HD 109358,0.313,0.024,1.946,4.835,8.473,1.08,1.151,,,0.305766,0.041483,1.0909697210083979e-09,inf,inf,0.0,inf,inf,0,0,0,0,0,0,5,2037.380872
HD 109358_3,HD 109358,0.172,0.066,1.409,1.609,8.473,1.08,1.151,,,0.181157,0.050516,2.2945179843569437e-09,inf,inf,0.0,inf,inf,0,0,0,0,0,0,5,2037.380872
HD 109358_4,HD 109358,1.488,0.078,0.58,0.237,8.473,1.08,1.151,,,1.601997,0.483514,4.3909332448635954e-11,inf,inf,0.0,inf,inf,0,0,0,0,0,0,5,2037.380872
HD 109358_5,HD 109358,3.968,0.05,3.285,25.806,8.473,1.08,1.151,,,3.770731,0.116831,5.548158232415484e-11,inf,inf,0.0,inf,inf,0,0,0,0,0,0,5,2037.380872
HD 65907 A_0,HD 65907 A,0.584,0.099,0.585,0.122,16.172,1.11,1.29,,,0.624504,0.039254,2.411372340859525e-11,inf,inf,0.0,inf,inf,0,0,0,0,0,0,5,2037.383612
HD 65907 A_1,HD 65907 A,1.316,0.075,0.982,3.131,16.172,1.11,1.29,0.077926,285.874465,1.257803,0.422001,1.7027719410919575e-10,6583.829781761256,1.8288416060447932,0.059873852866670164,0.4175158011549287,0.0008070715760684837,1,1,1,1,1,2,5,2037.383612
HD 65907 A_2,HD 65907 A,1.009,0.058,1.202,5.136,16.172,1.11,1.29,0.062997,181.208779,1.0491,0.188447,1.606202400488914e-10,13923.043856988183,3.8675121824967174,0.04180993678390759,0.4418179501639415,0.0009690859027952359,1,0,1,1,1,3,5,2037.383612
HD 32147_1,HD 32147,0.121,0.122,1.044,1.526,8.844,0.75,0.29,,,0.109184,0.021681,1.2295226385704924e-09,inf,inf,0.0,inf,inf,0,0,0,0,0,0,4,2037.386352
HD 32147_2,HD 32147,3.272,0.062,1.942,2.786,8.844,0.75,0.29,0.285061,176.791202,3.165942,0.687008,1.54710695624023e-10,9823.895266545422,2.728859796262617,0.04280322051282371,0.3241778010514222,0.0001848182420451071,1,1,1,1,1,3,4,2037.386352
HD 30495_0,HD 30495,1.934,0.08,0.989,1.288,13.24,1.04,0.966,0.09077,33.665379,2.056394,0.817598,1.3204813760682086e-10,5754.599037606794,1.598499732668554,0.06112208823655917,0.3760075191267995,0.0005303496958809561,1,1,1,1,1,2,4,2037.389091
HD 30495_2,HD 30495,0.416,0.06,1.179,0.557,13.24,1.04,0.966,,,0.397001,0.9572,4.991338740445875e-09,inf,inf,0.0,inf,inf,0,0,0,0,0,0,4,2037.389091
HD 30495_3,HD 30495,1.848,0.089,0.623,0.48,13.24,1.04,0.966,,,1.713416,0.881995,8.289998305362657e-11,inf,inf,0.0,inf,inf,0,0,0,0,0,0,4,2037.389091
HD 39091_1,HD 39091,3.12,0.028,1.191,1.952,18.287,1.08,1.533,,,3.042713,0.588073,6.176985939082048e-11,inf,inf,0.0,inf,inf,0,0,0,0,0,0,4,2037.392296
HD 39091_2,HD 39091,2.865,0.029,0.677,0.089,18.287,1.08,1.533,,,2.9456,0.97557,3.878719404045313e-11,inf,inf,0.0,inf,inf,0,0,0,0,0,0,4,2037.392296
HD 39091_3,HD 39091,3.55,0.072,1.069,0.919,18.287,1.08,1.533,,,3.729109,0.671979,3.83576377748803e-11,inf,inf,0.0,inf,inf,0,0,0,0,0,0,4,2037.392296
HD 39091_4,HD 39091,4.534,0.027,1.234,1.811,18.287,1.08,1.533,,,4.656167,0.039914,1.769415843668312e-12,inf,inf,0.0,inf,inf,0,0,0,0,0,0,4,2037.392296
HD 39091_5,HD 39091,1.437,0.051,1.31,1.974,18.287,1.08,1.533,0.077418,118.140178,1.365268,0.278884,1.7509350847654358e-10,7440.351076841141,2.066764188011428,0.055898345836208445,0.4139888045340666,0.0007835582652627368,1,1,1,1,1,4,4,2037.392296
HD 39091_6,HD 39091,0.67,0.012,2.604,6.457,18.287,1.08,1.533,,,0.677154,0.147327,1.8729176846531484e-09,inf,inf,0.0,inf,inf,0,0,0,0,0,0,4,2037.392296
HD 128621_0,HD 128621,0.181,0.076,0.591,0.281,1.332,0.94,0.503,0.130861,25.978871,0.179071,0.363245,2.820115998575615e-09,0.7782881330964401,0.00021619114808234447,65.5766495139651,2.7266175090439924,0.016201082961995576,1,1,1,1,1,6,6,2037.395035
HD 128621_1,HD 128621,3.969,0.152,0.756,0.624,1.332,0.94,0.503,,,4.542722,0.686213,1.2339709707892802e-11,inf,inf,0.0,inf,inf,0,0,0,0,0,0,6,2037.395035
HD 128621_3,HD 128621,4.377,0.084,0.667,0.424,1.332,0.94,0.503,,,4.660369,0.078385,1.2026691230271384e-12,inf,inf,0.0,inf,inf,0,0,0,0,0,0,6,2037.395035
HD 128621_4,HD 128621,1.135,0.055,1.179,1.502,1.332,0.94,0.503,0.768464,43.969015,1.118839,0.547004,3.315901183854611e-10,8.178898564422532,0.0022719162678951476,8.020870590539484,2.7154563218704313,0.016126675047505167,1,1,1,1,1,5,6,2037.395035
HD 72905_1,HD 72905,0.661,0.069,0.5,0.051,14.439,1.08,0.973,,,0.706265,0.830799,3.1113567759409805e-10,inf,inf,0.0,inf,inf,0,0,0,0,0,0,8,2037.400311
HD 72905_3,HD 72905,0.899,0.099,2.776,19.234,14.439,1.08,0.973,,,0.91139,0.585421,3.378666875153189e-09,inf,inf,0.0,inf,inf,0,0,0,0,0,0,8,2037.400311
HD 72905_4,HD 72905,0.923,0.214,1.407,2.24,14.439,1.08,0.973,,,0.826619,0.055053,1.096357681707328e-10,inf,inf,0.0,inf,inf,0,0,0,0,0,1,8,2037.400311
HD 72905_5,HD 72905,3.175,0.086,0.525,0.068,14.439,1.08,0.973,,,3.442906,0.979664,1.379887923413915e-11,inf,inf,0.0,inf,inf,0,0,0,0,0,0,8,2037.400311
HD 146233_0,HD 146233,0.356,0.047,2.679,8.19,14.137,1.02,1.094,,,0.357888,0.82609,3.408445325918398e-08,inf,inf,0.0,inf,inf,0,0,0,0,0,0,8,2037.434979
HD 146233_1,HD 146233,0.206,0.044,2.032,3.376,14.137,1.02,1.094,,,0.214019,0.016113,1.0511044651663152e-09,inf,inf,0.0,inf,inf,0,0,0,0,0,0,8,2037.434979
HD 146233_4,HD 146233,0.539,0.141,1.433,3.682,14.137,1.02,1.094,,,0.548367,0.290673,1.4868138660088242e-09,inf,inf,0.0,inf,inf,0,0,0,0,0,0,8,2037.434979
HD 46588 A_0,HD 46588 A,1.961,0.092,1.375,5.123,18.202,1.18,1.826,0.103575,203.600862,1.787796,0.304631,1.2418778811637152e-10,5763.556083463249,1.6009878009620135,0.06095555383534363,0.37452307947695934,0.0005204534315486882,1,1,1,1,1,2,5,2037.437719
HD 46588 A_2,HD 46588 A,0.149,0.051,1.651,3.767,18.202,1.18,1.826,,,0.153522,0.292848,2.033168210415536e-08,inf,inf,0.0,inf,inf,0,0,0,0,0,0,5,2037.437719
HD 46588 A_4,HD 46588 A,0.634,0.042,1.252,1.899,18.202,1.18,1.826,,,0.607421,0.8647,2.5184836220505648e-09,inf,inf,0.0,inf,inf,0,0,0,0,0,0,5,2037.437719
HD 46588 A_5,HD 46588 A,0.119,0.052,0.593,0.101,18.202,1.18,1.826,,,0.112966,0.308868,6.035579403173586e-09,inf,inf,0.0,inf,inf,0,0,0,0,0,0,5,2037.437719
HD 46588 A_6,HD 46588 A,0.647,0.045,2.121,5.747,18.202,1.18,1.826,,,0.675545,0.560294,2.744672585855943e-09,inf,inf,0.0,inf,inf,0,0,0,0,0,0,5,2037.437719
HD 46588 A_7,HD 46588 A,1.085,0.088,1.256,5.584,18.202,1.18,1.826,,,1.157181,0.015725,1.3304785183891556e-11,inf,inf,0.0,inf,inf,0,0,0,0,0,0,5,2037.437719
HD 46588 A_8,HD 46588 A,2.008,0.017,0.521,0.08,18.202,1.18,1.826,,,2.041448,0.076292,3.5237719227146393e-12,inf,inf,0.0,inf,inf,0,0,0,0,0,0,5,2037.437719
HD 43386_0,HD 43386,2.541,0.037,0.504,0.177,19.588,1.33,2.957,,,2.489567,0.433694,1.1992009125603016e-11,inf,inf,0.0,inf,inf,0,0,0,0,0,0,5,2037.448291
HD 43386_1,HD 43386,1.141,0.101,1.584,2.873,19.588,1.33,2.957,,,1.197538,0.022477,2.1753360379211297e-11,inf,inf,0.0,inf,inf,0,0,0,0,0,0,5,2037.448291
HD 43386_3,HD 43386,0.289,0.045,1.072,0.429,19.588,1.33,2.957,,,0.295781,0.583333,6.281414210393201e-09,inf,inf,0.0,inf,inf,0,0,0,0,0,0,5,2037.448291
HD 155885_0,HD 155885,0.424,0.016,1.08,0.365,5.948,0.85,0.332,0.071041,102.353246,0.429656,0.295257,1.251872505791308e-09,135.91946615798614,0.03775540726610726,0.6419408605231479,0.5008840368579931,0.001362859814088913,1,1,1,1,1,3,5,2037.454646
HD 155885_1,HD 155885,0.125,0.137,2.355,7.262,5.948,0.85,0.332,,,0.126541,0.840882,1.6532931817451846e-07,inf,inf,0.0,inf,inf,0,0,0,0,0,0,5,2037.454646
HD 155885_4,HD 155885,2.293,0.052,0.991,0.685,5.948,0.85,0.332,,,2.173856,0.138737,2.2433040748196552e-11,inf,inf,0.0,inf,inf,0,0,0,0,0,1,5,2037.454646
HD 165341 B_1,HD 165341 B,1.256,0.089,0.5,0.053,5.122,0.78,0.164,,,1.322382,0.563082,5.1829597468420235e-11,inf,inf,0.0,inf,inf,0,0,0,0,0,0,5,2037.464361
HD 165341 B_2,HD 165341 B,4.082,0.042,1.247,0.85,5.122,0.78,0.164,,,4.201315,0.457821,2.896715469881472e-11,inf,inf,0.0,inf,inf,0,0,0,0,0,0,5,2037.464361
HD 165341 B_3,HD 165341 B,0.1,0.077,0.528,0.124,5.122,0.78,0.164,,,0.093788,0.368749,9.114344494493641e-09,inf,inf,0.0,inf,inf,0,0,0,0,0,0,5,2037.464361
HD 165341 B_4,HD 165341 B,0.76,0.117,1.137,2.374,5.122,0.78,0.164,,,0.794795,0.027844,3.854856352701256e-11,inf,inf,0.0,inf,inf,0,0,0,0,0,3,5,2037.464361
HD 84117_2,HD 84117,0.48,0.183,0.807,0.707,14.951,1.14,1.977,,,0.562112,0.030792,3.982607565786068e-11,inf,inf,0.0,inf,inf,0,0,0,0,0,0,6,2037.478691
HD 84117_3,HD 84117,2.469,0.127,0.583,0.157,14.951,1.14,1.977,,,2.694514,0.772558,2.754916931106996e-11,inf,inf,0.0,inf,inf,0,0,0,0,0,0,6,2037.478691
HD 84117_5,HD 84117,2.421,0.095,0.605,0.239,14.951,1.14,1.977,,,2.372555,0.127458,5.516484361122171e-12,inf,inf,0.0,inf,inf,0,0,0,0,0,0,6,2037.478691
HD 43042_0,HD 43042,4.095,0.078,0.558,0.185,21.776,1.29,2.936,,,4.129681,0.727299,1.0355443821680889e-11,inf,inf,0.0,inf,inf,0,0,0,0,0,0,5,2037.487038
HD 43042_1,HD 43042,0.434,0.11,0.533,0.05,21.776,1.29,2.936,,,0.472716,0.012459,1.0111736557253407e-11,inf,inf,0.0,inf,inf,0,0,0,0,0,0,5,2037.487038
HD 43042_3,HD 43042,0.724,0.14,0.733,0.758,21.776,1.29,2.936,,,0.624446,0.014176,1.4631461434045134e-11,inf,inf,0.0,inf,inf,0,0,0,0,0,0,5,2037.487038
HD 10360_0,HD 10360,0.111,0.132,2.009,6.936,8.189,0.78,0.345,,,0.0964,0.218445,5.592211722804264e-08,inf,inf,0.0,inf,inf,0,0,0,0,0,0,4,2037.494511
HD 10360_1,HD 10360,0.559,0.036,0.525,0.063,8.189,0.78,0.345,,,0.575566,0.912931,6.212898942488965e-10,inf,inf,0.0,inf,inf,0,0,0,0,0,1,4,2037.494511
HD 10360_2,HD 10360,3.873,0.13,2.182,7.34,8.189,0.78,0.345,0.192216,200.813765,4.122892,0.930556,1.5835983866638247e-10,4664.376943367753,1.295660262046598,0.06509903181829262,0.3379539181272181,0.00027665902255041315,1,1,1,1,1,3,4,2037.494511
HD 10360_4,HD 10360,0.185,0.028,3.239,14.497,8.189,0.78,0.345,,,0.190105,0.012477,1.8064756185911796e-09,inf,inf,0.0,inf,inf,0,0,0,0,0,0,4,2037.494511
HD 10360_5,HD 10360,2.33,0.067,0.679,0.17,8.189,0.78,0.345,,,2.20235,0.050537,2.665939313743058e-12,inf,inf,0.0,inf,inf,0,0,0,0,0,0,4,2037.494511
HD 210302_0,HD 210302,0.937,0.087,1.293,2.482,18.458,1.25,2.918,,,0.93012,0.520946,6.646070017936083e-10,inf,inf,0.0,inf,inf,0,0,0,0,0,0,5,2037.499346
HD 210302_1,HD 210302,0.316,0.034,0.672,0.291,18.458,1.25,2.918,,,0.326666,0.942397,2.647267153372442e-09,inf,inf,0.0,inf,inf,0,0,0,0,0,0,5,2037.499346
HD 210302_2,HD 210302,0.162,0.125,0.82,0.565,18.458,1.25,2.918,,,0.175914,0.430183,5.577350585534796e-09,inf,inf,0.0,inf,inf,0,0,0,0,0,0,5,2037.499346
HD 210302_3,HD 210302,0.925,0.123,2.909,15.97,18.458,1.25,2.918,,,1.035869,0.057395,3.907577175454215e-10,inf,inf,0.0,inf,inf,0,0,0,0,0,0,5,2037.499346
HD 210302_4,HD 210302,1.629,0.122,1.727,5.061,18.458,1.25,2.918,,,1.694076,0.059139,4.7707541729835864e-11,inf,inf,0.0,inf,inf,0,0,0,0,0,0,5,2037.499346
HD 88230_0,HD 88230,1.858,0.024,1.413,3.961,4.871,0.63,0.103,,,1.82095,0.256883,9.032991049750095e-11,inf,inf,0.0,inf,inf,0,0,0,0,0,4,6,2037.502086
HD 88230_1,HD 88230,0.369,0.102,2.613,14.391,4.871,0.63,0.103,,,0.400578,0.044138,1.192165924602982e-09,inf,inf,0.0,inf,inf,0,0,0,0,0,4,6,2037.502086
HD 88230_2,HD 88230,0.941,0.058,0.511,0.079,4.871,0.63,0.103,0.068304,150.606828,0.978393,0.939799,1.6505560621888464e-10,37859.31610050944,10.516476694585954,0.02213842436627695,0.35145047330834805,0.0003666360570912795,1,0,1,1,1,5,6,2037.502086
HD 88230_3,HD 88230,1.397,0.055,1.541,3.057,4.871,0.63,0.103,0.281457,165.952799,1.408254,0.480705,3.518070361345338e-10,3804.2148373928703,1.0567263437202417,0.07062739166999893,0.31657544082394645,0.00013413584052860236,1,1,1,1,1,6,6,2037.502086
HD 88230_4,HD 88230,0.683,0.12,0.831,0.221,4.871,0.63,0.103,,,0.601184,0.900024,1.2818415856914571e-09,inf,inf,0.0,inf,inf,0,0,0,0,0,3,6,2037.502086
HD 88230_5,HD 88230,2.552,0.09,1.594,2.912,4.871,0.63,0.103,,,2.367374,0.102732,2.9564264993237494e-11,inf,inf,0.0,inf,inf,0,0,0,0,0,4,6,2037.502086
HD 88230_6,HD 88230,2.842,0.103,0.661,0.567,4.871,0.63,0.103,,,2.96672,0.429525,1.631936452841666e-11,inf,inf,0.0,inf,inf,0,0,0,0,0,0,6,2037.502086
HD 3651 A_0,HD 3651 A,0.818,0.09,1.086,0.195,11.108,0.86,0.532,0.064266,204.880566,0.744564,0.316297,5.089077578142005e-10,1864.3061923754676,0.5178628312154077,0.11740712651059027,0.40605480790313386,0.0007306649543898518,1,1,1,1,1,5,6,2037.504825
HD 3651 A_3,HD 3651 A,0.106,0.12,3.284,8.237,11.108,0.86,0.532,,,0.118705,0.165383,5.922901568407633e-08,inf,inf,0.0,inf,inf,0,0,0,0,0,0,6,2037.504825
HD 3651 A_5,HD 3651 A,0.552,0.025,0.534,0.148,11.108,0.86,0.532,,,0.545218,0.036857,2.8727206532815674e-11,inf,inf,0.0,inf,inf,0,0,0,0,0,0,6,2037.504825
HD 23249_0,HD 23249,2.38,0.039,0.804,0.586,9.089,0.87,2.941,,,2.288712,0.203446,1.6574207326197297e-11,inf,inf,0.0,inf,inf,0,0,0,0,0,0,4,2037.507565
HD 23249_1,HD 23249,2.348,0.031,1.487,3.029,9.089,0.87,2.941,0.07702,118.700682,2.419429,0.961839,2.6226090408042624e-10,234.20459718685393,0.06505683255190386,0.6013810813508389,1.1201735375705622,0.005491456485506042,1,1,1,1,1,2,4,2037.507565
HD 90839_0,HD 90839,3.665,0.022,0.781,0.186,12.945,1.18,1.605,,,3.74563,0.431525,1.4903384911924197e-11,inf,inf,0.0,inf,inf,0,0,0,0,0,0,7,2037.515997
HD 90839_1,HD 90839,0.191,0.094,1.403,2.751,12.945,1.18,1.605,,,0.208842,0.239735,6.495175040208519e-09,inf,inf,0.0,inf,inf,0,0,0,0,0,0,7,2037.515997
HD 90839_2,HD 90839,3.378,0.112,1.125,1.619,12.945,1.18,1.605,,,3.655901,0.048673,3.2934782433053692e-12,inf,inf,0.0,inf,inf,0,0,0,0,0,0,7,2037.515997
HD 90839_5,HD 90839,0.15,0.051,2.273,4.226,12.945,1.18,1.605,,,0.154108,0.098659,1.1015990439830505e-08,inf,inf,0.0,inf,inf,0,0,0,0,0,0,7,2037.515997
HD 147513_0,HD 147513,1.541,0.04,0.645,0.152,12.892,1.07,1.001,,,1.535057,0.605811,7.216094781156405e-11,inf,inf,0.0,inf,inf,0,0,0,0,0,0,4,2037.520881
HD 147513_1,HD 147513,1.513,0.099,0.537,0.038,12.892,1.07,1.001,,,1.504461,0.335535,3.093499724407269e-11,inf,inf,0.0,inf,inf,0,0,0,0,0,0,4,2037.520881
HD 147513_2,HD 147513,4.633,0.075,1.379,7.403,12.892,1.07,1.001,,,4.50204,0.681435,3.872867507049532e-11,inf,inf,0.0,inf,inf,0,0,0,0,0,0,4,2037.520881
HD 147513_4,HD 147513,0.196,0.111,0.74,0.096,12.892,1.07,1.001,,,0.193328,0.005837,6.669834656864866e-11,inf,inf,0.0,inf,inf,0,0,0,0,0,0,4,2037.520881
HD 147513_5,HD 147513,4.52,0.075,0.624,0.254,12.892,1.07,1.001,,,4.197813,0.013141,1.5746690420445123e-13,inf,inf,0.0,inf,inf,0,0,0,0,0,0,4,2037.520881
HD 147513_6,HD 147513,1.743,0.075,1.796,2.912,12.892,1.07,1.001,0.121069,123.58119,1.633899,0.530504,4.39435627342219e-10,492.16574838257833,0.13671270788404954,0.24535427087814757,0.3592074943920437,0.00041834953098258385,1,1,1,1,1,3,4,2037.520881
HD 147513_7,HD 147513,2.47,0.028,0.667,0.174,12.892,1.07,1.001,,,2.528294,0.00689,2.3046647685407497e-13,inf,inf,0.0,inf,inf,0,0,0,0,0,0,4,2037.520881
HD 115617_0,HD 115617,1.956,0.004,0.732,1.017,8.534,0.97,0.825,,,1.963813,0.387821,3.5083261423834736e-11,inf,inf,0.0,inf,inf,0,0,0,0,0,0,5,2037.528067
HD 115617_1,HD 115617,0.76,0.09,2.931,6.157,8.534,0.97,0.825,0.085648,65.986865,0.711992,0.321736,2.9665633994544537e-09,23.61276183339438,0.006559100509276217,2.5057345259395434,0.5198779433676989,0.0014894858574869515,1,1,1,1,1,5,5,2037.528067
HD 115617_2,HD 115617,0.621,0.047,0.562,0.059,8.534,0.97,0.825,,,0.638542,0.210743,9.444752522869138e-11,inf,inf,0.0,inf,inf,0,0,0,0,0,1,5,2037.528067
HD 115617_3,HD 115617,0.199,0.073,3.38,12.207,8.534,0.97,0.825,,,0.211124,0.67493,1.0761242808545577e-07,inf,inf,0.0,inf,inf,0,0,0,0,0,0,5,2037.528067
HD 115617_4,HD 115617,2.599,0.104,0.763,0.174,8.534,0.97,0.825,,,2.352608,0.057096,4.1389884397705415e-12,inf,inf,0.0,inf,inf,0,0,0,0,0,0,5,2037.528067
HD 115617_5,HD 115617,2.098,0.045,1.487,3.177,8.534,0.97,0.825,0.246957,137.11645,2.127382,0.404244,1.619068010935439e-10,947.1898149835436,0.26310828193987323,0.1727290391757364,0.40351724765810054,0.0007137478860896293,1,1,1,1,1,3,5,2037.528067
HD 115617_6,HD 115617,3.003,0.084,0.942,0.936,8.534,0.97,0.825,,,3.029774,0.741696,4.8893071191891065e-11,inf,inf,0.0,inf,inf,0,0,0,0,0,0,5,2037.528067
HD 185144_1,HD 185144,0.747,0.07,0.5,0.019,5.764,0.87,0.434,,,0.769257,0.916039,2.210925543711394e-10,inf,inf,0.0,inf,inf,0,0,0,0,0,1,7,2037.539553
HD 185144_3,HD 185144,0.688,0.135,2.317,4.389,5.764,0.87,0.434,0.110006,269.54738,0.644183,0.418268,3.287647841656826e-09,16.083188814750972,0.004467552448541937,3.4242780966688042,0.4244108774392342,0.0008530387512971872,1,1,1,1,1,7,7,2037.539553
HD 190360_0,HD 190360,0.922,0.17,1.79,3.759,16.003,0.96,1.165,,,1.029886,0.091788,1.8154076874131203e-10,inf,inf,0.0,inf,inf,0,0,0,0,0,1,6,2037.543483
HD 190360_1,HD 190360,3.764,0.081,1.071,1.582,16.003,0.96,1.165,,,4.068073,0.204083,1.049261614514832e-11,inf,inf,0.0,inf,inf,0,0,0,0,0,0,6,2037.543483
HD 190360_3,HD 190360,3.632,0.139,2.733,10.267,16.003,0.96,1.165,0.153378,275.789572,3.870413,0.795644,3.424859050636245e-10,1173.5109278924526,0.32597525774790354,0.1416323271166135,0.33868884735633226,0.00028155855074450757,1,1,1,1,1,3,6,2037.543483
HD 190360_4,HD 190360,1.735,0.021,0.534,0.045,16.003,0.96,1.165,,,1.771435,0.20613,8.96871422111103e-12,inf,inf,0.0,inf,inf,0,0,0,0,0,0,6,2037.543483
HD 190360_5,HD 190360,0.581,0.08,1.934,2.88,16.003,0.96,1.165,,,0.588187,0.790786,7.1946666888423945e-09,inf,inf,0.0,inf,inf,0,0,0,0,0,0,6,2037.543483
HD 143761_0,HD 143761,2.268,0.052,0.622,0.131,17.511,0.97,1.812,,,2.358632,0.608145,3.513054824900144e-11,inf,inf,0.0,inf,inf,0,0,0,0,0,0,6,2037.546786
HD 143761_3,HD 143761,0.463,0.017,0.834,0.619,17.511,0.97,1.812,,,0.463564,0.381481,7.076616557522038e-10,inf,inf,0.0,inf,inf,0,0,0,0,0,0,6,2037.546786
HD 143761_4,HD 143761,1.096,0.157,0.808,0.895,17.511,0.97,1.812,,,1.109886,0.845434,2.6329496107480617e-10,inf,inf,0.0,inf,inf,0,0,0,0,0,0,6,2037.546786
HD 143761_5,HD 143761,0.834,0.096,1.155,1.684,17.511,0.97,1.812,,,0.889609,0.079664,8.816284805345511e-11,inf,inf,0.0,inf,inf,0,0,0,0,0,0,6,2037.546786
HD 143761_7,HD 143761,2.609,0.089,2.154,12.289,17.511,0.97,1.812,0.142001,1.689371,2.596806,0.535219,2.2240274342778086e-10,1539.2355607514662,0.42756543354207394,0.12331094391282382,0.3541143363501372,0.0003843951440365407,1,1,1,1,1,1,6,2037.546786
HD 141004_0,HD 141004,2.629,0.092,2.901,8.518,11.916,1.09,2.004,0.215857,332.826942,2.865201,0.574172,3.992556742381163e-10,153.45546192601617,0.04262651720167116,0.5668464881409796,0.4392905432596878,0.0009522365234335445,1,1,1,1,1,2,4,2037.551231
HD 141004_1,HD 141004,0.651,0.071,0.654,0.168,11.916,1.09,2.004,,,0.647625,0.177938,1.155142357554593e-10,inf,inf,0.0,inf,inf,0,0,0,0,0,0,4,2037.551231
HD 141004_2,HD 141004,4.426,0.098,1.019,2.941,11.916,1.09,2.004,,,4.157564,0.018803,8.542353785560347e-13,inf,inf,0.0,inf,inf,0,0,0,0,0,0,4,2037.551231
HD 141004_3,HD 141004,4.115,0.06,0.578,0.125,11.916,1.09,2.004,,,3.873372,0.74591,8.88664708766303e-12,inf,inf,0.0,inf,inf,0,0,0,0,0,0,4,2037.551231
HD 141004_4,HD 141004,3.163,0.091,1.732,4.206,11.916,1.09,2.004,,,3.020973,0.194776,3.889865071294329e-11,inf,inf,0.0,inf,inf,0,0,0,0,0,0,4,2037.551231
HD 17925_0,HD 17925,1.472,0.037,0.676,0.068,10.361,0.82,0.401,,,1.498014,0.154851,2.1046279297548242e-11,inf,inf,0.0,inf,inf,0,0,0,0,0,0,5,2037.56259
HD 17925_2,HD 17925,0.735,0.099,0.938,0.945,10.361,0.82,0.401,,,0.769139,0.97506,1.044167006140763e-09,inf,inf,0.0,inf,inf,0,0,0,0,0,2,5,2037.56259
HD 17925_3,HD 17925,0.561,0.086,1.065,2.041,10.361,0.82,0.401,,,0.609092,0.719633,1.6599300193933498e-09,inf,inf,0.0,inf,inf,0,0,0,0,0,0,5,2037.56259
HD 17925_4,HD 17925,0.848,0.062,1.424,1.901,10.361,0.82,0.401,,,0.813073,0.003602,7.094412065726715e-12,inf,inf,0.0,inf,inf,0,0,0,0,0,3,5,2037.56259
HD 17925_6,HD 17925,3.618,0.076,0.719,0.216,10.361,0.82,0.401,,,3.873912,0.050361,1.0917842800099172e-12,inf,inf,0.0,inf,inf,0,0,0,0,0,0,5,2037.56259
HD 30652_0,HD 30652,0.357,0.032,0.524,0.119,8.068,1.25,2.71,,,0.347245,0.647406,1.0962310803405599e-09,inf,inf,0.0,inf,inf,0,0,0,0,0,0,4,2037.57395
HD 30652_1,HD 30652,3.379,0.099,2.314,9.159,8.068,1.25,2.71,0.433886,351.477049,3.520887,0.374158,1.286749225425009e-10,195.8257059447795,0.05439602942910541,0.5746073439654561,0.7431757821524085,0.002978138116051683,1,1,1,1,1,1,4,2037.57395
HD 30652_2,HD 30652,1.418,0.081,1.563,7.047,8.068,1.25,2.71,0.162047,338.50843,1.522212,0.596943,5.387592309357774e-10,27.22148743881593,0.007561524288559981,2.3657111555634507,0.743179742312377,0.0029781645171181393,1,1,1,1,1,2,4,2037.57395
HD 30652_3,HD 30652,3.27,0.133,2.129,5.731,8.068,1.25,2.71,0.377985,49.83101,3.352663,0.554552,1.6750029056868632e-10,130.7520077913705,0.03632000216426958,0.7477828184206026,0.7431757821524085,0.002978138116051683,1,1,1,1,1,2,4,2037.57395
HD 30652_4,HD 30652,2.754,0.119,2.49,10.16,8.068,1.25,2.71,0.309015,213.890967,2.494453,0.322332,1.5727786531533443e-10,143.94720060625215,0.03998533350173671,0.7015976055085121,0.7431757821524085,0.002978138116051683,1,1,1,1,1,2,4,2037.57395
HD 160691_0,HD 160691,1.46,0.051,0.67,0.675,15.604,1.0,1.899,,,1.385549,0.179629,2.0720601690823328e-11,inf,inf,0.0,inf,inf,0,0,0,0,0,0,4,2037.579169
HD 160691_1,HD 160691,0.274,0.085,0.88,0.645,15.604,1.0,1.899,,,0.295486,0.086867,5.687107905065957e-10,inf,inf,0.0,inf,inf,0,0,0,0,0,0,4,2037.579169
HD 160691_2,HD 160691,0.346,0.144,0.58,0.053,15.604,1.0,1.899,,,0.329064,0.059844,1.3285135134988556e-10,inf,inf,0.0,inf,inf,0,0,0,0,0,0,4,2037.579169
HD 160691_3,HD 160691,0.123,0.058,0.556,0.091,15.604,1.0,1.899,,,0.120403,0.122201,1.6493967867937111e-09,inf,inf,0.0,inf,inf,0,0,0,0,0,0,4,2037.579169
HD 160691_4,HD 160691,2.415,0.073,1.777,2.687,15.604,1.0,1.899,0.074981,255.453356,2.589704,0.916283,2.84811622800836e-10,1682.7782039961294,0.46743838999892484,0.1372514090418114,0.5063929191915422,0.0013995856963125739,1,1,1,1,1,2,4,2037.579169
HD 160691_6,HD 160691,2.937,0.058,2.424,6.338,15.604,1.0,1.899,0.099212,7.811966,2.800242,0.853991,3.528199329714542e-10,570.9634034957155,0.15860094541547654,0.23280584542796878,0.3984687484783008,0.0006800912248909648,1,1,1,1,1,3,4,2037.579169
HD 160691_7,HD 160691,3.23,0.098,2.375,5.354,15.604,1.0,1.899,0.217245,5.84358,3.531897,0.472465,1.414248847437949e-10,2111.78603476585,0.5866072318794029,0.10520495898636933,0.37127823306439306,0.0004988211221315797,1,1,1,1,1,1,4,2037.579169
HD 55575_0,HD 55575,1.084,0.09,0.727,0.186,16.852,1.14,1.463,,,1.181292,0.7151,1.6996094757750606e-10,inf,inf,0.0,inf,inf,0,0,0,0,0,1,5,2037.581909
HD 55575_1,HD 55575,0.133,0.053,0.578,0.677,16.852,1.14,1.463,,,0.14,0.167212,2.0779908125724307e-09,inf,inf,0.0,inf,inf,0,0,0,0,0,0,5,2037.581909
HD 20630_1,HD 20630,0.648,0.142,1.547,4.726,9.276,0.98,0.857,0.072126,232.311969,0.725514,0.463258,1.4286806434574287e-09,77.42754900206165,0.021507652500572683,0.9816690549597515,0.5408789515786242,0.0016294925788931203,1,1,1,1,1,3,5,2037.584649
HD 20630_5,HD 20630,1.387,0.083,0.621,0.63,9.276,0.98,0.857,,,1.500152,0.409176,4.2346615826823056e-11,inf,inf,0.0,inf,inf,0,0,0,0,0,0,5,2037.584649
HD 166_0,HD 166,1.592,0.09,1.08,2.182,13.766,0.94,0.647,,,1.546664,0.08899,3.0140416203067244e-11,inf,inf,0.0,inf,inf,0,0,0,0,0,2,4,2037.602137
HD 166_1,HD 166,0.635,0.021,0.515,0.062,13.766,0.94,0.647,,,0.644285,0.008283,3.3786374849095607e-12,inf,inf,0.0,inf,inf,0,0,0,0,0,0,4,2037.602137
HD 84737_0,HD 84737,0.596,0.087,1.352,1.551,18.823,1.08,2.795,,,0.647167,0.213104,5.751980823854369e-10,inf,inf,0.0,inf,inf,0,0,0,0,0,0,5,2037.612036
HD 84737_1,HD 84737,3.025,0.071,1.189,1.926,18.823,1.08,2.795,,,3.230561,0.068005,4.99541654246185e-12,inf,inf,0.0,inf,inf,0,0,0,0,0,0,5,2037.612036
HD 84737_2,HD 84737,1.078,0.014,1.079,0.698,18.823,1.08,2.795,,,1.074434,0.892886,6.777651529758617e-10,inf,inf,0.0,inf,inf,0,0,0,0,0,0,5,2037.612036
HD 84737_3,HD 84737,3.774,0.025,0.833,0.848,18.823,1.08,2.795,,,3.858649,0.060173,2.1310329734267656e-12,inf,inf,0.0,inf,inf,0,0,0,0,0,0,5,2037.612036
HD 84737_4,HD 84737,0.254,0.074,3.133,13.741,18.823,1.08,2.795,,,0.239752,0.452559,5.4522163282842233e-08,inf,inf,0.0,inf,inf,0,0,0,0,0,0,5,2037.612036
HD 84737_5,HD 84737,2.993,0.205,0.508,0.086,18.823,1.08,2.795,,,3.04814,0.462769,7.949290029049524e-12,inf,inf,0.0,inf,inf,0,0,0,0,0,0,5,2037.612036
HD 134083_0,HD 134083,0.116,0.07,1.9,7.058,19.536,1.33,3.255,,,0.122885,0.071545,1.178754425131353e-08,inf,inf,0.0,inf,inf,0,0,0,0,0,0,5,2037.614776
HD 134083_1,HD 134083,0.36,0.097,1.358,2.746,19.536,1.33,3.255,,,0.342656,0.470776,4.331622384217654e-09,inf,inf,0.0,inf,inf,0,0,0,0,0,0,5,2037.614776
HD 134083_3,HD 134083,0.749,0.13,0.881,0.684,19.536,1.33,3.255,,,0.67583,0.255855,2.752000923105348e-10,inf,inf,0.0,inf,inf,0,0,0,0,0,0,5,2037.614776
HD 134083_4,HD 134083,0.959,0.114,0.591,0.338,19.536,1.33,3.255,,,0.956037,0.319283,9.581669892221267e-11,inf,inf,0.0,inf,inf,0,0,0,0,0,0,5,2037.614776
HD 58855_0,HD 58855,3.917,0.055,2.746,11.124,20.402,1.16,2.445,0.191664,90.383962,3.956805,0.328546,1.093414911585369e-10,4791.613964744329,1.3310038790956469,0.06583511431381887,0.3572176293712728,0.00040508376417744467,1,1,1,1,1,4,4,2037.619806
HD 58855_3,HD 58855,0.12,0.023,0.846,0.314,20.402,1.16,2.445,,,0.117241,0.754841,1.9602843860024126e-08,inf,inf,0.0,inf,inf,0,0,0,0,0,0,4,2037.619806
HD 58855_4,HD 58855,1.787,0.062,0.53,0.101,20.402,1.16,2.445,,,1.707627,0.691888,4.0857332110206074e-11,inf,inf,0.0,inf,inf,0,0,0,0,0,0,4,2037.619806
HD 58855_5,HD 58855,2.753,0.078,0.74,0.361,20.402,1.16,2.445,,,2.733617,0.032895,1.4339924637600025e-12,inf,inf,0.0,inf,inf,0,0,0,0,0,0,4,2037.619806
HD 58855_6,HD 58855,3.408,0.008,0.67,0.197,20.402,1.16,2.445,,,3.393301,0.758961,1.6474595666143212e-11,inf,inf,0.0,inf,inf,0,0,0,0,0,0,4,2037.619806
HD 58855_7,HD 58855,0.511,0.017,1.169,2.72,20.402,1.16,2.445,,,0.519522,0.256274,9.50733113227867e-10,inf,inf,0.0,inf,inf,0,0,0,0,0,0,4,2037.619806
HD 58855_8,HD 58855,3.679,0.02,1.665,3.725,20.402,1.16,2.445,,,3.617473,0.928653,8.384773323396485e-11,inf,inf,0.0,inf,inf,0,0,0,0,0,0,4,2037.619806
HD 192310_0,HD 192310,1.267,0.07,0.641,0.14,8.812,0.77,0.404,,,1.340462,0.992247,1.399129137520123e-10,inf,inf,0.0,inf,inf,0,0,0,0,0,1,6,2037.622545
HD 192310_1,HD 192310,1.472,0.082,2.73,7.674,8.812,0.77,0.404,0.14626,204.952707,1.450812,0.116849,2.648824240718228e-10,1815.295935344219,0.5042488709289498,0.11016553169263067,0.33930344636455934,0.0002856558774660213,1,1,1,1,1,6,6,2037.622545
HD 192310_2,HD 192310,0.631,0.109,2.544,13.411,8.812,0.77,0.404,0.056763,268.073926,0.585449,0.161284,2.2921748395003887e-09,168.90276448301822,0.04691743457861617,0.5248201514852993,0.42448402950371567,0.0008535264317270636,1,1,1,1,1,3,6,2037.622545
HD 192310_3,HD 192310,0.091,0.084,2.458,12.572,8.812,0.77,0.404,,,0.098498,0.640282,2.6684278670649787e-07,inf,inf,0.0,inf,inf,0,0,0,0,0,0,6,2037.622545
HD 187691 A_0,HD 187691 A,3.127,0.076,1.475,4.454,19.488,1.25,2.835,,,3.196449,0.478399,6.798897628824557e-11,inf,inf,0.0,inf,inf,0,0,0,0,0,0,4,2037.645983
HD 187691 A_1,HD 187691 A,2.61,0.091,1.018,1.386,19.488,1.25,2.835,,,2.839766,0.133246,1.3105325622766478e-11,inf,inf,0.0,inf,inf,0,0,0,0,0,1,4,2037.645983
HD 187691 A_2,HD 187691 A,3.249,0.037,0.764,1.364,19.488,1.25,2.835,,,3.131225,0.016217,6.688650178124587e-13,inf,inf,0.0,inf,inf,0,0,0,0,0,0,4,2037.645983
HD 187691 A_3,HD 187691 A,2.018,0.038,2.654,10.557,19.488,1.25,2.835,,,2.083333,0.025052,2.639791625441794e-11,inf,inf,0.0,inf,inf,0,0,0,0,0,2,4,2037.645983
HD 38393_0,HD 38393,0.205,0.072,1.088,1.383,8.905,1.23,2.344,,,0.213701,0.200298,4.133687480151224e-09,inf,inf,0.0,inf,inf,0,0,0,0,0,0,6,2037.659651
HD 38393_1,HD 38393,3.39,0.099,0.656,0.073,8.905,1.23,2.344,,,3.140104,0.309725,1.024764579096927e-11,inf,inf,0.0,inf,inf,0,0,0,0,0,0,6,2037.659651
HD 38393_3,HD 38393,0.355,0.086,1.549,2.098,8.905,1.23,2.344,,,0.325262,0.59734,1.1425144834048074e-08,inf,inf,0.0,inf,inf,0,0,0,0,0,0,6,2037.659651
HD 38393_4,HD 38393,4.373,0.052,1.208,1.876,8.905,1.23,2.344,,,4.387416,0.235171,1.4808743375800847e-11,inf,inf,0.0,inf,inf,0,0,0,0,0,0,6,2037.659651
HD 693_0,HD 693,1.045,0.058,1.136,2.579,18.886,1.18,2.997,,,1.098782,0.074733,5.172104639007288e-11,inf,inf,0.0,inf,inf,0,0,0,0,0,0,4,2037.668239
HD 693_1,HD 693,0.139,0.106,2.768,7.407,18.886,1.18,2.997,,,0.145495,0.376922,9.278305057545428e-08,inf,inf,0.0,inf,inf,0,0,0,0,0,0,4,2037.668239
HD 693_3,HD 693,1.448,0.069,1.975,3.042,18.886,1.18,2.997,,,1.395315,0.057291,6.328568160860507e-11,inf,inf,0.0,inf,inf,0,0,0,0,0,1,4,2037.668239
HD 693_4,HD 693,1.744,0.105,1.392,2.348,18.886,1.18,2.997,,,1.697572,0.943806,3.5679489630475836e-10,inf,inf,0.0,inf,inf,0,0,0,0,0,2,4,2037.668239
HD 693_5,HD 693,2.909,0.1,1.423,2.794,18.886,1.18,2.997,,,2.997778,0.937549,1.5632080726845417e-10,inf,inf,0.0,inf,inf,0,0,0,0,0,1,4,2037.668239
HD 693_6,HD 693,2.914,0.024,0.574,0.316,18.886,1.18,2.997,,,2.859784,0.000629,2.0256283344674468e-14,inf,inf,0.0,inf,inf,0,0,0,0,0,0,4,2037.668239
HD 693_7,HD 693,3.93,0.01,2.298,5.004,18.886,1.18,2.997,0.155121,51.542433,3.902989,0.732893,1.621962584761019e-10,1225.9790554523286,0.34054973762564683,0.14631702270147684,0.3888622389914439,0.0006160478283119183,1,1,1,1,1,1,4,2037.668239
HD 95735_0,HD 95735,0.673,0.041,0.901,1.876,2.546,0.44,0.02,0.256086,264.823635,0.69375,0.154871,1.8619059163536828e-10,56360.65166227584,15.655736572854401,0.01674258186014318,0.3054756786342448,6.0137425930591304e-05,1,0,0,1,1,2,6,2037.674499
HD 95735_2,HD 95735,0.392,0.078,0.638,0.252,2.546,0.44,0.02,0.161322,267.496368,0.421547,0.393367,5.981092935777142e-10,6253.556219368277,1.7370989498245215,0.05300029738958244,0.3054757911702038,6.0138176170317937e-05,1,1,1,1,1,5,6,2037.674499
HD 95735_3,HD 95735,0.164,0.146,0.847,1.655,2.546,0.44,0.02,0.065959,129.267305,0.17737,0.158179,2.9831321865584243e-09,968.7124975070386,0.2690868048630663,0.1556034195828667,0.3230371358878813,0.00017721380762150107,1,1,1,1,1,5,6,2037.674499
HD 95735_4,HD 95735,2.481,0.023,1.454,2.402,2.546,0.44,0.02,,,2.438204,0.010013,2.6027382357404193e-12,inf,inf,0.0,inf,inf,0,0,0,0,0,1,6,2037.674499
HD 95735_6,HD 95735,0.163,0.047,1.008,2.764,2.546,0.44,0.02,,,0.16901,0.004205,9.902176737496886e-11,inf,inf,0.0,inf,inf,0,0,0,0,0,0,6,2037.674499
HD 22484_0,HD 22484,0.838,0.146,1.142,1.607,13.92,1.14,3.068,,,0.960186,0.001144,1.0568188722924847e-12,inf,inf,0.0,inf,inf,0,0,0,0,0,0,4,2037.677239
HD 22484_1,HD 22484,1.12,0.109,1.996,7.679,13.92,1.14,3.068,0.083578,340.332198,1.146106,0.203214,4.158344511915339e-10,223.81495401114915,0.06217082055865254,0.5073094647816774,0.6668698553396547,0.002469431937299991,1,1,1,1,1,4,4,2037.677239
HD 22484_2,HD 22484,0.469,0.117,1.765,3.166,13.92,1.14,3.068,,,0.466237,0.223123,2.30231188055879e-09,inf,inf,0.0,inf,inf,0,0,0,0,0,0,4,2037.677239
HD 22484_5,HD 22484,4.456,0.081,0.516,0.034,13.92,1.14,3.068,,,4.442738,0.545324,5.389969963538994e-12,inf,inf,0.0,inf,inf,0,0,0,0,0,0,4,2037.677239
HD 22484_7,HD 22484,3.201,0.074,0.943,1.501,13.92,1.14,3.068,,,3.426832,0.27329,1.6627143580894116e-11,inf,inf,0.0,inf,inf,0,0,0,0,0,0,4,2037.677239
HD 102365_0,HD 102365,1.154,0.024,2.235,11.472,9.319,1.02,0.844,0.10651,177.091557,1.135822,0.115649,2.412039897386744e-10,722.8256748963096,0.20078490969341933,0.2031124326728003,0.40507846875530185,0.0007241560267376383,1,1,1,1,1,5,5,2037.684401
HD 102365_1,HD 102365,4.021,0.031,1.113,0.834,9.319,1.02,0.844,,,3.966518,0.327992,1.5971349996108446e-11,inf,inf,0.0,inf,inf,0,0,0,0,0,0,5,2037.684401
HD 102365_2,HD 102365,0.113,0.031,0.976,0.303,9.319,1.02,0.844,,,0.109835,0.06008,3.063022967297762e-09,inf,inf,0.0,inf,inf,0,0,0,0,0,0,5,2037.684401
HD 37394_0,HD 37394,1.839,0.051,0.552,0.164,12.27,0.88,0.478,,,1.903626,0.876121,4.489214605627402e-11,inf,inf,0.0,inf,inf,0,0,0,0,0,0,6,2037.699186
HD 37394_1,HD 37394,0.501,0.058,1.934,5.969,12.27,0.88,0.478,,,0.491802,0.258411,1.848141304011103e-09,inf,inf,0.0,inf,inf,0,0,0,0,0,0,6,2037.699186
HD 37394_3,HD 37394,1.245,0.044,1.502,2.038,12.27,0.88,0.478,,,1.1908,0.002804,3.041762945918526e-12,inf,inf,0.0,inf,inf,0,0,0,0,0,2,6,2037.699186
HD 37394_5,HD 37394,0.152,0.102,1.111,1.488,12.27,0.88,0.478,,,0.159366,0.087881,2.556232097493428e-09,inf,inf,0.0,inf,inf,0,0,0,0,0,0,6,2037.699186
HD 37394_9,HD 37394,0.863,0.077,0.726,0.552,12.27,0.88,0.478,0.063741,120.405462,0.818573,0.449788,2.977393768386897e-10,9297.754270978981,2.5827095197163836,0.04753429324514498,0.378430804624117,0.0005465049325297391,1,1,1,1,1,2,6,2037.699186
HD 37394_10,HD 37394,0.093,0.059,3.205,15.21,12.27,0.88,0.478,,,0.088546,0.063818,5.0040305601982284e-08,inf,inf,0.0,inf,inf,0,0,0,0,0,0,6,2037.699186
HD 37394_11,HD 37394,1.171,0.065,2.415,5.91,12.27,0.88,0.478,0.092817,59.900028,1.193351,0.19168,5.410171901162994e-10,1393.0774501477583,0.3869659583743773,0.12841387184442407,0.3402838818395794,0.00029219211396615534,1,1,1,1,1,6,6,2037.699186
HD 37394_15,HD 37394,0.222,0.142,1.093,0.563,12.27,0.88,0.478,,,0.252676,0.528452,6.456151255473617e-09,inf,inf,0.0,inf,inf,0,0,0,0,0,0,6,2037.699186
HD 37394_16,HD 37394,2.623,0.055,2.621,9.008,12.27,0.88,0.478,0.210087,240.50504,2.739813,0.51185,3.9503909008138024e-10,1787.5067850734065,0.4965296625203907,0.10898195062297107,0.3242289152833655,0.00018515900359139572,1,1,1,1,1,3,6,2037.699186
HD 202560_0,HD 202560,0.846,0.075,1.59,2.013,3.97,0.59,0.083,,,0.901219,0.004,8.49053884161337e-12,inf,inf,0.0,inf,inf,0,0,0,0,0,4,7,2037.709923
HD 202560_1,HD 202560,0.552,0.052,0.674,0.125,3.97,0.59,0.083,0.133353,61.3655,0.540709,0.261255,3.1583951912048744e-10,6236.491967088214,1.732358879746726,0.05377663477275528,0.3142069583645985,0.00011834595746628253,1,1,1,1,1,7,7,2037.709923
HD 202560_3,HD 202560,0.867,0.117,1.589,3.604,3.97,0.59,0.083,0.197463,282.55853,0.794593,0.259958,7.032714502908209e-10,1408.864136838997,0.3913511491219436,0.12335620787429334,0.3141413283840657,0.00011790842426273064,1,1,1,1,1,7,7,2037.709923
HD 202560_4,HD 202560,2.302,0.14,0.558,0.251,3.97,0.59,0.083,,,2.538525,0.522964,1.79645191277759e-11,inf,inf,0.0,inf,inf,0,0,0,0,0,0,7,2037.709923
HD 202560_5,HD 202560,3.244,0.082,0.847,0.372,3.97,0.59,0.083,,,3.282653,0.433318,1.9358745207521726e-11,inf,inf,0.0,inf,inf,0,0,0,0,0,0,7,2037.709923
HD 202560_6,HD 202560,0.414,0.085,0.785,0.225,3.97,0.59,0.083,0.095488,135.634958,0.379651,0.250771,7.44731092597471e-10,1664.380276059982,0.4623278544611061,0.11341488170295765,0.3234458406070141,0.0001799385057490532,1,1,1,1,1,7,7,2037.709923
HD 203608_0,HD 203608,2.203,0.092,1.79,3.488,9.258,1.14,1.466,0.175587,117.323442,2.036642,0.673071,4.2621429274699206e-10,112.70968561923426,0.03130824600534285,0.7177464919140186,0.46707756736120914,0.00113748335077702,1,1,1,1,1,3,5,2037.714236
HD 203608_1,HD 203608,2.342,0.1,0.502,0.104,9.258,1.14,1.466,,,2.547625,0.644287,2.037107767139136e-11,inf,inf,0.0,inf,inf,0,0,0,0,0,0,5,2037.714236
HD 203608_2,HD 203608,2.74,0.062,1.086,1.189,9.258,1.14,1.466,,,2.767174,0.289972,3.815191188177551e-11,inf,inf,0.0,inf,inf,0,0,0,0,0,1,5,2037.714236
HD 203608_5,HD 203608,4.293,0.038,0.929,0.698,9.258,1.14,1.466,,,4.40792,0.077776,3.095204042137568e-12,inf,inf,0.0,inf,inf,0,0,0,0,0,0,5,2037.714236
HD 203608_6,HD 203608,0.526,0.072,0.985,0.486,9.258,1.14,1.466,,,0.549077,0.046014,7.761535118523478e-11,inf,inf,0.0,inf,inf,0,0,0,0,0,0,5,2037.714236
HD 16895 A_0,HD 16895 A,3.595,0.047,2.816,7.544,11.15,1.21,2.246,0.260384,81.201727,3.426725,0.617468,3.0553055564484614e-10,153.56199120975282,0.04265610866937578,0.5855059446869925,0.48860316458150965,0.00128098733224569,1,1,1,1,1,2,4,2037.716976
HD 16895 A_4,HD 16895 A,4.424,0.091,1.274,1.913,11.15,1.21,2.246,,,4.816877,0.103697,4.104690017923563e-12,inf,inf,0.0,inf,inf,0,0,0,0,0,0,4,2037.716976
HD 16895 A_5,HD 16895 A,1.554,0.05,3.144,9.969,11.15,1.21,2.246,0.096891,280.279502,1.576198,0.74178,1.7663811428684992e-09,19.004295386584182,0.005278970940717828,3.037147177165933,0.54036621232234,0.0016260743171845585,1,1,1,1,1,3,4,2037.716976
HD 16895 A_6,HD 16895 A,0.108,0.029,0.508,0.042,11.15,1.21,2.246,,,0.104929,0.988948,2.0053118705192862e-08,inf,inf,0.0,inf,inf,0,0,0,0,0,0,4,2037.716976
HD 101501_3,HD 101501,0.112,0.069,1.262,2.497,9.576,0.94,0.609,,,0.104331,0.370719,3.6005512287047344e-08,inf,inf,0.0,inf,inf,0,0,0,0,0,0,7,2037.719716
HD 101501_7,HD 101501,0.888,0.054,0.887,0.333,9.576,0.94,0.609,,,0.935633,0.066106,3.836013064669516e-11,inf,inf,0.0,inf,inf,0,0,0,0,0,2,7,2037.719716
HD 185144_1,HD 185144,0.747,0.07,0.5,0.019,5.764,0.87,0.434,0.117606,75.913445,0.697165,0.445633,1.3095121794429793e-10,1406.802970363918,0.39077860287886607,0.13912039242350122,0.41566344049676385,0.0007947225050140514,1,1,1,1,1,2,8,2037.722455
HD 185144_3,HD 185144,0.688,0.135,2.317,4.389,5.764,0.87,0.434,0.079344,142.644944,0.777574,0.849359,4.582023620353188e-09,15.199134932237802,0.004221981925621612,3.7276542852132453,0.5824569467451174,0.001906679213336409,1,1,1,1,1,8,8,2037.722455
HD 17051_0,HD 17051,1.593,0.055,0.8,0.166,17.357,1.14,1.737,,,1.56612,0.535143,7.420266785706947e-11,inf,inf,0.0,inf,inf,0,0,0,0,0,0,7,2037.725195
HD 17051_1,HD 17051,2.146,0.107,1.035,0.971,17.357,1.14,1.737,,,2.166618,0.572619,6.635776070562296e-11,inf,inf,0.0,inf,inf,0,0,0,0,0,0,7,2037.725195
HD 17051_2,HD 17051,4.311,0.108,1.302,2.591,17.357,1.14,1.737,,,3.896818,0.015523,1.0999793248997542e-12,inf,inf,0.0,inf,inf,0,0,0,0,0,0,7,2037.725195
HD 10360_0,HD 10360,0.111,0.132,2.009,6.936,8.189,0.78,0.345,,,0.125174,0.513497,7.796538532771638e-08,inf,inf,0.0,inf,inf,0,0,0,0,0,0,5,2037.727935
HD 10360_1,HD 10360,0.559,0.036,0.525,0.063,8.189,0.78,0.345,,,0.543453,0.004656,3.554291271778712e-12,inf,inf,0.0,inf,inf,0,0,0,0,0,1,5,2037.727935
HD 10360_2,HD 10360,3.873,0.13,2.182,7.34,8.189,0.78,0.345,0.232144,185.009628,4.188703,0.902931,1.4886811069129284e-10,5180.406674019546,1.4390018538943183,0.06149843210508785,0.3379539178196589,0.00027665902050001825,1,1,1,1,1,4,5,2037.727935
HD 10360_4,HD 10360,0.185,0.028,3.239,14.497,8.189,0.78,0.345,,,0.181329,0.581185,9.248822029816454e-08,inf,inf,0.0,inf,inf,0,0,0,0,0,0,5,2037.727935
HD 10360_5,HD 10360,2.33,0.067,0.679,0.17,8.189,0.78,0.345,,,2.245017,0.022507,1.1426178345322478e-12,inf,inf,0.0,inf,inf,0,0,0,0,0,0,5,2037.727935
HD 17206_0,HD 17206,1.742,0.09,0.885,1.25,14.276,1.21,2.617,,,1.585809,0.465207,9.801486737809059e-11,inf,inf,0.0,inf,inf,0,0,0,0,0,0,5,2037.732272
HD 17206_1,HD 17206,0.879,0.039,2.253,5.781,14.276,1.21,2.617,,,0.854127,0.82694,4.549776884949343e-09,inf,inf,0.0,inf,inf,0,0,0,0,0,2,5,2037.732272
HD 17206_2,HD 17206,0.485,0.035,0.762,0.888,14.276,1.21,2.617,,,0.486279,0.257875,4.5707091384216453e-10,inf,inf,0.0,inf,inf,0,0,0,0,0,0,5,2037.732272
HD 136352_0,HD 136352,1.127,0.083,0.501,0.05,14.739,1.02,1.029,,,1.154444,0.134651,1.8489140137494414e-11,inf,inf,0.0,inf,inf,0,0,0,0,0,0,5,2037.740556
HD 136352_2,HD 136352,0.995,0.082,1.549,3.519,14.739,1.02,1.029,,,1.050522,0.006159,1.0419389749358269e-11,inf,inf,0.0,inf,inf,0,0,0,0,0,1,5,2037.740556
HD 136352_3,HD 136352,3.774,0.069,2.041,4.78,14.739,1.02,1.029,,,3.561463,0.355491,7.94037485775596e-11,inf,inf,0.0,inf,inf,0,0,0,0,0,2,5,2037.740556
HD 136352_4,HD 136352,1.831,0.068,0.826,0.342,14.739,1.02,1.029,,,1.896368,0.249204,3.3098545375241645e-11,inf,inf,0.0,inf,inf,0,0,0,0,0,1,5,2037.740556
HD 209100_0,HD 209100,2.433,0.127,0.524,0.078,3.638,0.72,0.222,,,2.535697,0.065277,1.855437345186776e-12,inf,inf,0.0,inf,inf,0,0,0,0,0,0,6,2037.758825
HD 209100_1,HD 209100,1.218,0.094,0.54,0.224,3.638,0.72,0.222,,,1.139459,0.06267,9.164234521539128e-12,inf,inf,0.0,inf,inf,0,0,0,0,0,2,6,2037.758825
HD 209100_2,HD 209100,0.989,0.073,1.925,7.679,3.638,0.72,0.222,0.184223,89.514698,0.97369,0.759992,1.5354151431366552e-09,35.253973102197754,0.009792770306166043,1.7208457674410036,0.40970451594249446,0.0007549963413189222,1,1,1,1,1,6,6,2037.758825
HD 209100_4,HD 209100,3.542,0.022,2.632,11.464,3.638,0.72,0.222,0.869834,153.946616,3.514461,0.563328,1.7190502720554545e-10,781.9836075966915,0.21721766877685875,0.1946771326461775,0.40970451279835196,0.0007549963203579721,1,1,1,1,1,6,6,2037.758825
HD 209100_5,HD 209100,0.635,0.076,0.931,0.965,3.638,0.72,0.222,0.154468,142.796389,0.615921,0.145535,2.1288467888064457e-10,568.9374456106664,0.15803817933629621,0.23585564564505818,0.4097136116941499,0.0007550569796632917,1,1,1,1,1,6,6,2037.758825
HD 209100_6,HD 209100,1.701,0.082,0.885,1.719,3.638,0.72,0.222,,,1.708871,0.006285,1.2137527342423504e-12,inf,inf,0.0,inf,inf,0,0,0,0,0,2,6,2037.758825
HD 209100_8,HD 209100,2.097,0.099,2.488,10.973,3.638,0.72,0.222,,,2.064453,0.031423,3.368870068275825e-11,inf,inf,0.0,inf,inf,0,0,0,0,0,4,6,2037.758825
HD 209100_9,HD 209100,0.782,0.071,2.297,6.298,3.638,0.72,0.222,0.157785,119.956057,0.728323,0.063512,3.4715777356021096e-10,263.9098308872592,0.073308286357572,0.3839002383587958,0.40972215218419683,0.0007551139162636047,1,1,1,1,1,6,6,2037.758825
HD 209100_10,HD 209100,0.182,0.056,2.026,7.17,3.638,0.72,0.222,,,0.187792,0.201123,1.919017340948418e-08,inf,inf,0.0,inf,inf,0,0,0,0,0,0,6,2037.758825
HD 209100_11,HD 209100,0.917,0.107,1.174,2.417,3.638,0.72,0.222,0.279677,82.518023,1.001366,0.368141,3.542452239184815e-10,247.77275074850084,0.06882576409680578,0.40025992001687133,0.40970451279835196,0.0007549963203579721,1,1,1,1,1,6,6,2037.758825
HD 201092_1,HD 201092,2.708,0.059,2.37,8.514,3.496,0.63,0.078,0.799331,189.879654,2.820174,0.235181,1.1326293924788257e-10,13554.666808517994,3.7651852245883317,0.03635044782113187,0.3285499697104085,0.00021396603310501602,1,0,1,1,1,2,4,2037.766756
HD 26965 A_1,HD 26965 A,0.482,0.058,1.38,2.403,5.01,0.86,0.41,0.062098,327.931345,0.455323,0.775884,5.467739371280015e-09,13.874552468205058,0.003854042352279183,4.150220718010748,0.7268058570289476,0.002869005281895277,1,1,1,1,1,6,6,2037.770549
HD 26965 A_2,HD 26965 A,0.345,0.049,0.5,0.06,5.01,0.86,0.41,0.076699,342.7144,0.343367,0.424261,6.673161215532348e-10,185.36525132062062,0.051490347589061285,0.5860493239176201,0.7118029348820388,0.002768985800915885,1,1,1,1,1,4,6,2037.770549
HD 95128_1,HD 95128,2.285,0.074,0.586,0.282,13.887,1.07,1.577,,,2.187722,0.908953,4.399943529451507e-11,inf,inf,0.0,inf,inf,0,0,0,0,0,0,6,2037.77984
HD 95128_2,HD 95128,4.586,0.035,0.538,0.083,13.887,1.07,1.577,,,4.701769,0.097599,5.817166578656956e-13,inf,inf,0.0,inf,inf,0,0,0,0,0,0,6,2037.77984
HD 95128_3,HD 95128,0.343,0.031,2.771,10.086,13.887,1.07,1.577,,,0.350699,0.02364,9.02069085108914e-10,inf,inf,0.0,inf,inf,0,0,0,0,0,0,6,2037.77984
HD 95128_4,HD 95128,2.15,0.173,1.218,6.511,13.887,1.07,1.577,,,2.487535,0.326411,5.0243068832725423e-11,inf,inf,0.0,inf,inf,0,0,0,0,0,1,6,2037.77984
HD 95128_5,HD 95128,0.6,0.105,2.299,8.137,13.887,1.07,1.577,,,0.632216,0.393819,3.6079398641097907e-09,inf,inf,0.0,inf,inf,0,0,0,0,0,0,6,2037.77984
HD 95128_6,HD 95128,0.335,0.024,2.419,8.582,13.887,1.07,1.577,,,0.327085,0.410442,1.738529846374944e-08,inf,inf,0.0,inf,inf,0,0,0,0,0,0,6,2037.77984
HD 95128_7,HD 95128,0.847,0.089,1.394,3.129,13.887,1.07,1.577,,,0.895793,0.666663,9.603787815674447e-10,inf,inf,0.0,inf,inf,0,0,0,0,0,2,6,2037.77984
HD 95128_8,HD 95128,0.588,0.034,2.182,8.46,13.887,1.07,1.577,,,0.60772,0.179605,1.5495228425910137e-09,inf,inf,0.0,inf,inf,0,0,0,0,0,0,6,2037.77984
HD 3651 A_0,HD 3651 A,0.818,0.09,1.086,0.195,11.108,0.86,0.532,0.063454,59.251755,0.861448,0.631782,7.593754591543531e-10,988.7161299346084,0.2746433694262801,0.1691323914528287,0.40752918052709003,0.000740494105216226,1,1,1,1,1,6,7,2037.783447
HD 3651 A_3,HD 3651 A,0.106,0.12,3.284,8.237,11.108,0.86,0.532,,,0.093771,0.362846,2.082391501800093e-07,inf,inf,0.0,inf,inf,0,0,0,0,0,0,7,2037.783447
HD 3651 A_5,HD 3651 A,0.552,0.025,0.534,0.148,11.108,0.86,0.532,,,0.54846,0.932515,7.182533507238639e-10,inf,inf,0.0,inf,inf,0,0,0,0,0,0,7,2037.783447
HD 7570_0,HD 7570,3.031,0.054,1.134,3.652,15.261,1.14,2.004,,,3.142437,0.004808,4.099298241241029e-13,inf,inf,0.0,inf,inf,0,0,0,0,0,0,5,2037.818088
HD 7570_1,HD 7570,0.15,0.071,0.941,0.218,15.261,1.14,2.004,,,0.150948,0.026996,8.961729362344381e-10,inf,inf,0.0,inf,inf,0,0,0,0,0,0,5,2037.818088
HD 7570_2,HD 7570,1.977,0.063,1.73,3.716,15.261,1.14,2.004,0.122918,129.818531,1.932132,0.223956,1.182063706145958e-10,2514.5052731175188,0.6984736869770886,0.09698451600879486,0.38482494864320904,0.0005891325593236863,1,1,1,1,1,3,5,2037.818088
HD 7570_3,HD 7570,3.034,0.079,1.364,1.913,15.261,1.14,2.004,,,2.851245,0.056015,8.672158386842222e-12,inf,inf,0.0,inf,inf,0,0,0,0,0,0,5,2037.818088
HD 7570_4,HD 7570,0.569,0.099,0.726,0.483,15.261,1.14,2.004,,,0.609305,0.398339,3.928333052067351e-10,inf,inf,0.0,inf,inf,0,0,0,0,0,0,5,2037.818088
HD 147513_0,HD 147513,1.541,0.04,0.645,0.152,12.892,1.07,1.001,,,1.48502,0.292665,3.724954641692656e-11,inf,inf,0.0,inf,inf,0,0,0,0,0,0,5,2037.820828
HD 147513_1,HD 147513,1.513,0.099,0.537,0.038,12.892,1.07,1.001,,,1.375417,0.165704,1.8278399209263774e-11,inf,inf,0.0,inf,inf,0,0,0,0,0,0,5,2037.820828
HD 147513_2,HD 147513,4.633,0.075,1.379,7.403,12.892,1.07,1.001,,,4.568486,0.631716,3.4866185215610294e-11,inf,inf,0.0,inf,inf,0,0,0,0,0,0,5,2037.820828
HD 147513_4,HD 147513,0.196,0.111,0.74,0.096,12.892,1.07,1.001,,,0.193804,0.934111,1.0620806276028953e-08,inf,inf,0.0,inf,inf,0,0,0,0,0,0,5,2037.820828
HD 147513_5,HD 147513,4.52,0.075,0.624,0.254,12.892,1.07,1.001,,,4.182605,0.010674,1.2883587707425598e-13,inf,inf,0.0,inf,inf,0,0,0,0,0,0,5,2037.820828
HD 147513_6,HD 147513,1.743,0.075,1.796,2.912,12.892,1.07,1.001,0.134397,81.454788,1.729075,0.228976,1.6936341316530467e-10,2370.0478495611437,0.6583466248780955,0.09685519871513737,0.35650479802042717,0.0004003315551718071,1,1,1,1,1,4,5,2037.820828
HD 147513_7,HD 147513,2.47,0.028,0.667,0.174,12.892,1.07,1.001,,,2.503751,0.000496,1.6928908964182305e-14,inf,inf,0.0,inf,inf,0,0,0,0,0,0,5,2037.820828
HD 19373_0,HD 19373,0.74,0.034,3.212,9.93,10.577,1.08,2.23,,,0.729684,0.049418,8.752818464868218e-10,inf,inf,0.0,inf,inf,0,0,0,0,0,1,4,2037.846993
HD 19373_2,HD 19373,0.724,0.048,1.483,3.085,10.577,1.08,2.23,,,0.710012,0.056371,1.96695338741361e-10,inf,inf,0.0,inf,inf,0,0,0,0,0,1,4,2037.846993
HD 19373_3,HD 19373,0.676,0.061,1.037,1.075,10.577,1.08,2.23,0.067127,345.297263,0.703135,0.356607,6.386721588042121e-10,137.04207881137407,0.03806724411427057,0.768982065311659,0.8827520414126978,0.003908646511120278,1,1,1,1,1,1,4,2037.846993
HD 19373_6,HD 19373,0.114,0.04,2.433,8.086,10.577,1.08,2.23,,,0.116189,0.874922,2.198665600886547e-07,inf,inf,0.0,inf,inf,0,0,0,0,0,0,4,2037.846993
HD 19373_7,HD 19373,2.87,0.048,1.622,2.945,10.577,1.08,2.23,,,2.732247,0.28481,7.227031173575864e-11,inf,inf,0.0,inf,inf,0,0,0,0,0,2,4,2037.846993
HD 128167_0,HD 128167,1.283,0.14,1.15,1.29,15.756,1.39,3.182,,,1.355063,0.011815,5.972845219604878e-12,inf,inf,0.0,inf,inf,0,0,0,0,0,3,4,2037.871097
HD 128167_2,HD 128167,3.433,0.063,1.328,2.483,15.756,1.39,3.182,,,3.584676,0.571936,4.085804427167254e-11,inf,inf,0.0,inf,inf,0,0,0,0,0,0,4,2037.871097
HD 128167_3,HD 128167,4.878,0.117,2.132,5.678,15.756,1.39,3.182,0.163182,226.806959,4.483251,0.844491,1.125689518044549e-10,1248.7495542593974,0.3468748761831659,0.15170246081605043,0.43374669537090044,0.0009152775375082953,1,1,1,1,1,1,4,2037.871097
HD 128167_4,HD 128167,1.323,0.044,1.923,2.477,15.756,1.39,3.182,,,1.361799,0.034263,5.365361565231318e-11,inf,inf,0.0,inf,inf,0,0,0,0,0,1,4,2037.871097
HD 190248_1,HD 190248,1.11,0.055,1.408,3.629,6.099,0.94,1.25,0.157519,41.786143,1.051747,0.174423,2.0296552493233406e-10,152.83414583255114,0.04245392939793087,0.6321504237156439,0.6135886314212157,0.00211422377784373,1,1,1,1,1,3,5,2037.873836
HD 190248_2,HD 190248,3.754,0.072,1.017,1.24,6.099,0.94,1.25,,,3.700866,0.917567,5.328329245156209e-11,inf,inf,0.0,inf,inf,0,0,0,0,0,0,5,2037.873836
HD 190248_3,HD 190248,1.406,0.139,0.51,0.568,6.099,0.94,1.25,0.107143,88.40822,1.217671,0.854662,1.0087902109341064e-10,538.4267352849673,0.14956298202360202,0.2939783989010714,0.6526309993520208,0.0023745062307157653,1,1,1,1,1,2,5,2037.873836
HD 190360_0,HD 190360,0.922,0.17,1.79,3.759,16.003,0.96,1.165,,,0.955569,0.907151,2.0841105252714293e-09,inf,inf,0.0,inf,inf,0,0,0,0,0,1,7,2037.896837
HD 190360_1,HD 190360,3.764,0.081,1.071,1.582,16.003,0.96,1.165,,,4.062638,0.230224,1.1868285900811106e-11,inf,inf,0.0,inf,inf,0,0,0,0,0,0,7,2037.896837
HD 190360_3,HD 190360,3.632,0.139,2.733,10.267,16.003,0.96,1.165,0.095571,273.091426,3.728099,0.919556,4.266202220724773e-10,1036.4349423667475,0.2878985951018743,0.1560962266526214,0.3591067773310225,0.000417678083909109,1,1,1,1,1,4,7,2037.896837
HD 190360_4,HD 190360,1.735,0.021,0.534,0.045,16.003,0.96,1.165,,,1.756566,0.122197,5.407164336979264e-12,inf,inf,0.0,inf,inf,0,0,0,0,0,0,7,2037.896837
HD 190360_5,HD 190360,0.581,0.08,1.934,2.88,16.003,0.96,1.165,,,0.536587,0.135649,1.4829300394438601e-09,inf,inf,0.0,inf,inf,0,0,0,0,0,0,7,2037.896837
HD 20807_0,HD 20807,0.337,0.072,1.793,3.234,12.039,1.07,1.017,,,0.354632,0.41738,6.966097921000974e-09,inf,inf,0.0,inf,inf,0,0,0,0,0,0,5,2037.901232
HD 20807_1,HD 20807,1.546,0.069,0.954,0.846,12.039,1.07,1.017,,,1.473376,0.105822,3.4921074121264116e-11,inf,inf,0.0,inf,inf,0,0,0,0,0,3,5,2037.901232
HD 20807_2,HD 20807,2.979,0.055,2.038,8.298,12.039,1.07,1.017,0.152174,68.468136,2.896177,0.801443,2.55512039781768e-10,913.209236946506,0.25366923248514056,0.16920700056884472,0.3642006432561639,0.00045163719007671875,1,1,1,1,1,1,5,2037.901232
HD 4628_0,HD 4628,0.299,0.054,1.741,4.304,7.435,0.78,0.3,,,0.29118,0.632352,2.0377070056714696e-08,inf,inf,0.0,inf,inf,0,0,0,0,0,0,4,2037.903972
HD 4628_1,HD 4628,4.258,0.031,1.273,1.784,7.435,0.78,0.3,,,4.13353,0.228948,1.3311264145640656e-11,inf,inf,0.0,inf,inf,0,0,0,0,0,0,4,2037.903972
HD 4628_4,HD 4628,4.069,0.034,0.981,0.876,7.435,0.78,0.3,,,4.016954,0.311282,1.367024066703752e-11,inf,inf,0.0,inf,inf,0,0,0,0,0,0,4,2037.903972
HD 4628_5,HD 4628,3.681,0.025,0.897,0.617,7.435,0.78,0.3,,,3.705499,0.035641,1.412872133781958e-12,inf,inf,0.0,inf,inf,0,0,0,0,0,0,4,2037.903972
HD 4628_6,HD 4628,1.476,0.055,1.942,4.324,7.435,0.78,0.3,0.094431,108.312073,1.556978,0.894727,8.987231375822795e-10,296.97334701991196,0.08249259639441998,0.33849542915465036,0.35588561245410455,0.00039620365139632265,1,1,1,1,1,3,4,2037.903972
HD 17925_0,HD 17925,1.472,0.037,0.676,0.068,10.361,0.82,0.401,,,1.441252,0.381634,5.6035127757386576e-11,inf,inf,0.0,inf,inf,0,0,0,0,0,0,6,2037.906712
HD 17925_2,HD 17925,0.735,0.099,0.938,0.945,10.361,0.82,0.401,,,0.71055,0.014855,1.8639351673315764e-11,inf,inf,0.0,inf,inf,0,0,0,0,0,2,6,2037.906712
HD 17925_3,HD 17925,0.561,0.086,1.065,2.041,10.361,0.82,0.401,,,0.558423,0.110593,3.0348978461787314e-10,inf,inf,0.0,inf,inf,0,0,0,0,0,0,6,2037.906712
HD 17925_4,HD 17925,0.848,0.062,1.424,1.901,10.361,0.82,0.401,0.06822,227.702761,0.899967,0.67225,1.080569782808606e-09,587.076805299765,0.16307689036104586,0.22615773427398317,0.3864352088404053,0.0005998676273049943,1,1,1,1,1,4,6,2037.906712
HD 17925_6,HD 17925,3.618,0.076,0.719,0.216,10.361,0.82,0.401,,,3.838335,0.060663,1.339600233063145e-12,inf,inf,0.0,inf,inf,0,0,0,0,0,0,6,2037.906712
HD 10780_0,HD 10780,0.841,0.11,1.077,1.181,10.041,0.9,0.516,,,0.929396,0.102977,7.373427974837904e-11,inf,inf,0.0,inf,inf,0,0,0,0,0,3,5,2037.910431
HD 10780_3,HD 10780,2.25,0.098,1.348,1.367,10.041,0.9,0.516,0.13345,56.628426,2.434207,0.857011,1.5634248842648953e-10,4066.6454725571593,1.1296237423769888,0.07071070952328973,0.3438475328929127,0.000315949787655044,1,1,1,1,1,2,5,2037.910431
HD 10780_4,HD 10780,2.669,0.102,2.513,12.001,10.041,0.9,0.516,0.267124,309.091611,2.818994,0.50124,2.839139304503403e-10,1313.0577769274944,0.3647382713687484,0.1334388004460026,0.3435784079281927,0.0003141556212235774,1,1,1,1,1,3,5,2037.910431
HD 90839_0,HD 90839,3.665,0.022,0.781,0.186,12.945,1.18,1.605,,,3.73977,0.645165,2.2351616028690493e-11,inf,inf,0.0,inf,inf,0,0,0,0,0,0,8,2037.921288
HD 90839_1,HD 90839,0.191,0.094,1.403,2.751,12.945,1.18,1.605,,,0.188963,0.052559,1.7393708906093647e-09,inf,inf,0.0,inf,inf,0,0,0,0,0,0,8,2037.921288
HD 90839_2,HD 90839,3.378,0.112,1.125,1.619,12.945,1.18,1.605,,,3.527517,0.021842,1.5874614735592616e-12,inf,inf,0.0,inf,inf,0,0,0,0,0,0,8,2037.921288
HD 90839_5,HD 90839,0.15,0.051,2.273,4.226,12.945,1.18,1.605,,,0.146714,0.70721,8.71253512527152e-08,inf,inf,0.0,inf,inf,0,0,0,0,0,0,8,2037.921288
HD 34411_0,HD 34411,0.295,0.082,3.192,8.429,12.562,1.08,1.732,,,0.301258,0.438869,4.19090656967925e-08,inf,inf,0.0,inf,inf,0,0,0,0,0,0,4,2037.924028
HD 34411_1,HD 34411,1.539,0.078,0.897,0.713,12.562,1.08,1.732,,,1.626925,0.029121,5.554960121906507e-12,inf,inf,0.0,inf,inf,0,0,0,0,0,2,4,2037.924028
HD 34411_3,HD 34411,1.691,0.074,0.798,0.808,12.562,1.08,1.732,,,1.728853,0.477656,8.54550423183637e-11,inf,inf,0.0,inf,inf,0,0,0,0,0,1,4,2037.924028
HD 115617_0,HD 115617,1.956,0.004,0.732,1.017,8.534,0.97,0.825,,,1.961122,0.227723,2.0656945136074067e-11,inf,inf,0.0,inf,inf,0,0,0,0,0,0,6,2037.93231
HD 115617_1,HD 115617,0.76,0.09,2.931,6.157,8.534,0.97,0.825,0.063365,231.458213,0.828164,0.049398,3.366529558403102e-10,773.6712945768769,0.21490869293802137,0.22951270346012737,0.5990525016338005,0.0020173162459276293,1,1,1,1,1,6,6,2037.93231
HD 115617_2,HD 115617,0.621,0.047,0.562,0.059,8.534,0.97,0.825,,,0.649662,0.772428,3.344244365047276e-10,inf,inf,0.0,inf,inf,0,0,0,0,0,1,6,2037.93231
HD 115617_3,HD 115617,0.199,0.073,3.38,12.207,8.534,0.97,0.825,,,0.188125,0.123743,2.484872915388798e-08,inf,inf,0.0,inf,inf,0,0,0,0,0,0,6,2037.93231
HD 115617_4,HD 115617,2.599,0.104,0.763,0.174,8.534,0.97,0.825,,,2.33651,0.00011,8.113868327238227e-15,inf,inf,0.0,inf,inf,0,0,0,0,0,0,6,2037.93231
HD 115617_5,HD 115617,2.098,0.045,1.487,3.177,8.534,0.97,0.825,0.193803,94.856197,2.051905,0.671678,2.891736742104032e-10,369.9120294472492,0.10275334151312478,0.3067794942124383,0.4035172481441366,0.0007137478893298698,1,1,1,1,1,4,6,2037.93231
HD 115617_6,HD 115617,3.003,0.084,0.942,0.936,8.534,0.97,0.825,,,2.909446,0.891857,6.375527714530164e-11,inf,inf,0.0,inf,inf,0,0,0,0,0,0,6,2037.93231
HD 39091_1,HD 39091,3.12,0.028,1.191,1.952,18.287,1.08,1.533,,,3.084545,0.716717,7.325424543359117e-11,inf,inf,0.0,inf,inf,0,0,0,0,0,0,5,2037.945435
HD 39091_2,HD 39091,2.865,0.029,0.677,0.089,18.287,1.08,1.533,,,2.911756,0.696395,2.8335015763780408e-11,inf,inf,0.0,inf,inf,0,0,0,0,0,0,5,2037.945435
HD 39091_3,HD 39091,3.55,0.072,1.069,0.919,18.287,1.08,1.533,,,3.61441,0.446272,2.711636086519231e-11,inf,inf,0.0,inf,inf,0,0,0,0,0,0,5,2037.945435
HD 39091_4,HD 39091,4.534,0.027,1.234,1.811,18.287,1.08,1.533,,,4.650938,0.006096,2.7083970183245645e-13,inf,inf,0.0,inf,inf,0,0,0,0,0,0,5,2037.945435
HD 39091_5,HD 39091,1.437,0.051,1.31,1.974,18.287,1.08,1.533,0.077808,346.06067,1.463971,0.216617,1.182796571411841e-10,13948.579461957772,3.874605406099381,0.0398519948284743,0.4049501230526592,0.0007233003887200204,1,0,1,1,1,5,5,2037.945435
HD 39091_6,HD 39091,0.67,0.012,2.604,6.457,18.287,1.08,1.533,,,0.67793,0.214356,2.7188121719473118e-09,inf,inf,0.0,inf,inf,0,0,0,0,0,0,5,2037.945435
HD 209100_0,HD 209100,2.433,0.127,0.524,0.078,3.638,0.72,0.222,,,2.456597,0.132088,4.0001353695529774e-12,inf,inf,0.0,inf,inf,0,0,0,0,0,0,7,2037.950477
HD 209100_1,HD 209100,1.218,0.094,0.54,0.224,3.638,0.72,0.222,,,1.103521,0.313605,4.88940378968839e-11,inf,inf,0.0,inf,inf,0,0,0,0,0,2,7,2037.950477
HD 209100_2,HD 209100,0.989,0.073,1.925,7.679,3.638,0.72,0.222,0.251374,28.373269,0.919342,0.383738,8.696383621954367e-10,70.75203240947872,0.01965334233596631,0.9816398859374353,0.40970451279835196,0.0007549963203579721,1,1,1,1,1,7,7,2037.950477
HD 209100_4,HD 209100,3.542,0.022,2.632,11.464,3.638,0.72,0.222,0.917937,148.567585,3.525985,0.489097,1.4827885004883147e-10,1004.7513203483736,0.27909758898565934,0.16792195816439215,0.40970451279835196,0.0007549963203579721,1,1,1,1,1,7,7,2037.950477
HD 209100_5,HD 209100,0.635,0.076,0.931,0.965,3.638,0.72,0.222,0.154811,44.573996,0.683245,0.635852,7.558380823448341e-10,86.9835993998478,0.024162110944402168,0.8385833888954637,0.4097096660236436,0.0007550306751932499,1,1,1,1,1,7,7,2037.950477
HD 209100_6,HD 209100,1.701,0.082,0.885,1.719,3.638,0.72,0.222,,,1.645309,0.000481,1.0027291737362335e-13,inf,inf,0.0,inf,inf,0,0,0,0,0,2,7,2037.950477
HD 209100_8,HD 209100,2.097,0.099,2.488,10.973,3.638,0.72,0.222,,,1.996539,0.082379,9.442910391594174e-11,inf,inf,0.0,inf,inf,0,0,0,0,0,4,7,2037.950477
HD 209100_9,HD 209100,0.782,0.071,2.297,6.298,3.638,0.72,0.222,0.210946,33.078174,0.767453,0.417703,2.056269507103633e-09,24.943926578056328,0.006928868493904536,2.312457401541867,0.40970451280625286,0.0007549963204106448,1,1,1,1,1,7,7,2037.950477
HD 209100_10,HD 209100,0.182,0.056,2.026,7.17,3.638,0.72,0.222,,,0.182931,0.191596,1.9265495058670772e-08,inf,inf,0.0,inf,inf,0,0,0,0,0,0,7,2037.950477
HD 209100_11,HD 209100,0.917,0.107,1.174,2.417,3.638,0.72,0.222,0.234951,36.786758,1.002108,0.117582,1.1297583774147496e-10,1622.7960400726,0.4507766777979444,0.12746646889036986,0.40970451279835196,0.0007549963203579723,1,1,1,1,1,7,7,2037.950477
HD 53705_0,HD 53705,0.273,0.081,1.735,2.717,17.059,1.04,1.49,,,0.294541,0.027782,7.29041608208081e-10,inf,inf,0.0,inf,inf,0,0,0,0,0,0,4,2037.954488
HD 53705_1,HD 53705,2.604,0.083,3.306,16.05,17.059,1.04,1.49,0.134705,344.77944,2.462681,0.489327,6.461323523068375e-10,331.33304380847,0.0920369566134639,0.31214651405688315,0.3466649935523252,0.00033473285871779394,1,1,1,1,1,4,4,2037.954488
HD 53705_2,HD 53705,1.597,0.089,2.478,13.971,17.059,1.04,1.49,0.07967,339.243055,1.577531,0.598724,1.2056968092951343e-09,198.84259591425686,0.055234054420626906,0.46350262604671827,0.4081888052709451,0.0007448916035085931,1,1,1,1,1,4,4,2037.954488
HD 53705_3,HD 53705,0.715,0.026,1.359,2.038,17.059,1.04,1.49,,,0.72704,0.336833,7.534650029780022e-10,inf,inf,0.0,inf,inf,0,0,0,0,0,0,4,2037.954488
HD 53705_4,HD 53705,0.527,0.092,2.437,10.745,17.059,1.04,1.49,,,0.572489,0.061686,7.034671654456616e-10,inf,inf,0.0,inf,inf,0,0,0,0,0,0,4,2037.954488
HD 212330 A_0,HD 212330 A,1.747,0.031,3.281,9.208,20.34,1.02,2.726,,,1.732212,0.946922,2.218090188909509e-09,inf,inf,0.0,inf,inf,0,0,0,0,0,2,4,2037.957227
HD 84117_2,HD 84117,0.48,0.183,0.807,0.707,14.951,1.14,1.977,,,0.424395,0.922227,2.0925364126625023e-09,inf,inf,0.0,inf,inf,0,0,0,0,0,0,7,2037.96081
HD 84117_3,HD 84117,2.469,0.127,0.583,0.157,14.951,1.14,1.977,,,2.782499,0.416667,1.3933404570686824e-11,inf,inf,0.0,inf,inf,0,0,0,0,0,0,7,2037.96081
HD 84117_5,HD 84117,2.421,0.095,0.605,0.239,14.951,1.14,1.977,,,2.556553,0.267632,9.976024623796043e-12,inf,inf,0.0,inf,inf,0,0,0,0,0,0,7,2037.96081
HD 155886_1,HD 155886,0.511,0.064,0.698,0.549,5.952,0.85,0.327,0.077636,114.048647,0.485225,0.463016,5.421592453055274e-10,387.7712246045031,0.10771422905680642,0.3181571017452419,0.4823033825147561,0.0012389887851339998,1,1,1,1,1,6,6,2037.966694
HD 155886_2,HD 155886,0.232,0.069,1.589,4.704,5.952,0.85,0.327,,,0.220381,0.114071,4.388226069293367e-09,inf,inf,0.0,inf,inf,0,0,0,0,0,0,6,2037.966694
HD 155886_3,HD 155886,1.253,0.044,2.915,7.774,5.952,0.85,0.327,0.199423,188.263161,1.233267,0.444041,1.8851773544332376e-09,41.808197760503354,0.011613388266806487,1.4709035487190367,0.37509372288455317,0.0005242577209326469,1,1,1,1,1,6,6,2037.966694
HD 155886_4,HD 155886,0.305,0.028,0.94,0.937,5.952,0.85,0.327,,,0.300964,0.826183,5.832147113619808e-09,inf,inf,0.0,inf,inf,0,0,0,0,0,0,6,2037.966694
HD 155886_5,HD 155886,0.201,0.128,1.339,2.779,5.952,0.85,0.327,,,0.21072,0.003318,8.698849701441402e-11,inf,inf,0.0,inf,inf,0,0,0,0,0,0,6,2037.966694
HD 155886_6,HD 155886,0.316,0.044,0.948,1.735,5.952,0.85,0.327,,,0.328163,0.187778,1.0430387717481956e-09,inf,inf,0.0,inf,inf,0,0,0,0,0,0,6,2037.966694
HD 155886_7,HD 155886,0.59,0.079,3.352,16.163,5.952,0.85,0.327,0.108087,329.234771,0.634786,0.317159,5.806194257047632e-09,12.91370025476495,0.003587138959656931,4.150175804112143,0.38910592975993025,0.0006176724334351608,1,1,1,1,1,6,6,2037.966694
HD 155886_8,HD 155886,3.879,0.087,2.635,16.445,5.952,0.85,0.327,0.555545,77.306986,3.554196,0.526371,1.7053212590322548e-10,1388.7593602704821,0.3857664889640228,0.1340857774241094,0.37509372284975473,0.0005242577207006576,1,1,1,1,1,2,6,2037.966694
HD 33262 A_0,HD 33262 A,4.098,0.155,0.949,0.422,11.693,1.14,1.466,,,4.182493,0.035057,1.2438732542457516e-12,inf,inf,0.0,inf,inf,0,0,0,0,0,0,6,2037.985736
HD 33262 A_1,HD 33262 A,3.3,0.062,1.368,1.583,11.693,1.14,1.466,0.089667,92.845653,3.181951,0.947617,1.20395187663953e-10,2390.229628034044,0.663952674453901,0.11114929113277155,0.48760764173721793,0.0012743505132837454,1,1,1,1,1,1,6,2037.985736
HD 33262 A_2,HD 33262 A,3.337,0.087,0.965,0.502,11.693,1.14,1.466,,,3.179581,0.548071,3.4426377333829164e-11,inf,inf,0.0,inf,inf,0,0,0,0,0,0,6,2037.985736
HD 33262 A_4,HD 33262 A,1.015,0.091,2.255,9.306,11.693,1.14,1.466,,,0.989034,0.855056,2.6280563258722042e-09,inf,inf,0.0,inf,inf,0,0,0,0,0,1,6,2037.985736
HD 33262 A_5,HD 33262 A,0.358,0.206,1.487,2.029,11.693,1.14,1.466,,,0.285527,0.493932,8.64964377775063e-09,inf,inf,0.0,inf,inf,0,0,0,0,0,0,6,2037.985736
HD 33262 A_6,HD 33262 A,0.874,0.139,0.646,0.257,11.693,1.14,1.466,,,0.753711,0.070442,3.1721423338662266e-11,inf,inf,0.0,inf,inf,0,0,0,0,0,0,6,2037.985736
HD 33262 A_8,HD 33262 A,0.199,0.101,2.893,13.631,11.693,1.14,1.466,,,0.218862,0.042898,4.608335619758936e-09,inf,inf,0.0,inf,inf,0,0,0,0,0,0,6,2037.985736
HD 10360_0,HD 10360,0.111,0.132,2.009,6.936,8.189,0.78,0.345,,,0.10791,0.55816,1.1403351196163345e-07,inf,inf,0.0,inf,inf,0,0,0,0,0,0,6,2037.990783
HD 10360_1,HD 10360,0.559,0.036,0.525,0.063,8.189,0.78,0.345,,,0.5782,0.806109,5.436072463281618e-10,inf,inf,0.0,inf,inf,0,0,0,0,0,1,6,2037.990783
HD 10360_2,HD 10360,3.873,0.13,2.182,7.34,8.189,0.78,0.345,0.283418,172.111959,4.252366,0.855747,1.36895963388503e-10,6022.308702684602,1.6728635285235007,0.05669931922452489,0.3379539178196582,0.0002766590205000139,1,1,1,1,1,5,6,2037.990783
HD 10360_4,HD 10360,0.185,0.028,3.239,14.497,8.189,0.78,0.345,,,0.18001,0.849039,1.3710125587223975e-07,inf,inf,0.0,inf,inf,0,0,0,0,0,0,6,2037.990783
HD 10360_5,HD 10360,2.33,0.067,0.679,0.17,8.189,0.78,0.345,,,2.305799,0.024504,1.1792700422263017e-12,inf,inf,0.0,inf,inf,0,0,0,0,0,0,6,2037.990783
HD 86728 A_0,HD 86728 A,0.138,0.113,0.53,0.078,14.926,1.0,1.378,,,0.150802,0.881202,5.211552158569168e-09,inf,inf,0.0,inf,inf,0,0,0,0,0,0,4,2037.999956
HD 86728 A_1,HD 86728 A,1.194,0.049,0.519,0.144,14.926,1.0,1.378,,,1.222501,0.263038,2.845999141692917e-11,inf,inf,0.0,inf,inf,0,0,0,0,0,0,4,2037.999956
HD 86728 A_2,HD 86728 A,1.586,0.024,0.736,0.367,14.926,1.0,1.378,,,1.591842,0.667871,7.37981022332968e-11,inf,inf,0.0,inf,inf,0,0,0,0,0,0,4,2037.999956
HD 86728 A_3,HD 86728 A,0.34,0.077,0.971,1.901,14.926,1.0,1.378,,,0.336572,0.283092,1.6024848104611486e-09,inf,inf,0.0,inf,inf,0,0,0,0,0,0,4,2037.999956
HD 86728 A_4,HD 86728 A,3.143,0.15,2.985,16.709,14.926,1.0,1.378,,,3.614439,0.040226,1.661932018648895e-11,inf,inf,0.0,inf,inf,0,0,0,0,0,2,4,2037.999956
HD 86728 A_5,HD 86728 A,0.238,0.132,1.155,6.008,14.926,1.0,1.378,,,0.264278,0.114663,1.2710650226725217e-09,inf,inf,0.0,inf,inf,0,0,0,0,0,0,4,2037.999956
HD 86728 A_6,HD 86728 A,2.84,0.137,2.462,3.621,14.926,1.0,1.378,,,2.882575,0.025142,1.0843667035388469e-11,inf,inf,0.0,inf,inf,0,0,0,0,0,2,4,2037.999956
HD 142373_0,HD 142373,1.268,0.168,0.757,0.148,15.898,1.08,3.136,,,1.379606,0.793642,1.6988082377529098e-10,inf,inf,0.0,inf,inf,0,0,0,0,0,1,4,2038.007204
HD 142373_1,HD 142373,1.76,0.092,0.868,0.535,15.898,1.08,3.136,,,1.775016,0.291701,4.3392925046045106e-11,inf,inf,0.0,inf,inf,0,0,0,0,0,0,4,2038.007204
HD 142373_2,HD 142373,0.834,0.129,2.923,6.259,15.898,1.08,3.136,,,0.735071,0.123297,1.386082664884139e-09,inf,inf,0.0,inf,inf,0,0,0,0,0,0,4,2038.007204
HD 142373_4,HD 142373,1.161,0.006,1.265,2.536,15.898,1.08,3.136,0.072476,88.38575,1.1676,0.275092,2.922291897959122e-10,719.532164383207,0.19987004566200195,0.24211304994845437,0.6154103790253237,0.0021263687618711174,1,1,1,1,1,2,4,2038.007204
HD 142373_6,HD 142373,4.705,0.105,0.947,0.923,15.898,1.08,3.136,,,4.216782,0.016946,5.518236959395161e-13,inf,inf,0.0,inf,inf,0,0,0,0,0,0,4,2038.007204
HD 142373_7,HD 142373,1.878,0.051,2.611,6.816,15.898,1.08,3.136,0.062415,205.805561,1.788952,0.853911,1.0688732312538389e-09,138.77449449177087,0.038548470692158575,0.6895252337845524,0.6561999494412208,0.0023982992313104313,1,1,1,1,1,4,4,2038.007204
HD 142373_8,HD 142373,3.092,0.053,1.805,7.326,15.898,1.08,3.136,,,3.174063,0.041334,9.066811129709699e-12,inf,inf,0.0,inf,inf,0,0,0,0,0,2,4,2038.007204
HD 65907 A_0,HD 65907 A,0.584,0.099,0.585,0.122,16.172,1.11,1.29,,,0.554662,0.597506,4.653042723342425e-10,inf,inf,0.0,inf,inf,0,0,0,0,0,0,6,2038.013671
HD 65907 A_1,HD 65907 A,1.316,0.075,0.982,3.131,16.172,1.11,1.29,,,1.404138,0.058237,1.885595160418397e-11,inf,inf,0.0,inf,inf,0,0,0,0,0,2,6,2038.013671
HD 65907 A_2,HD 65907 A,1.009,0.058,1.202,5.136,16.172,1.11,1.29,,,0.950917,0.510527,5.296365874525589e-10,inf,inf,0.0,inf,inf,0,0,0,0,0,3,6,2038.013671
HD 142860_0,HD 142860,0.405,0.081,2.385,6.459,11.254,1.25,3.039,,,0.422869,0.00371,8.111798333694613e-11,inf,inf,0.0,inf,inf,0,0,0,0,0,0,5,2038.01957
HD 142860_2,HD 142860,3.184,0.073,1.146,0.989,11.254,1.25,3.039,,,3.127161,0.199438,1.845922122893494e-11,inf,inf,0.0,inf,inf,0,0,0,0,0,0,5,2038.01957
HD 142860_3,HD 142860,0.465,0.068,1.963,1.786,11.254,1.25,3.039,,,0.496507,0.057141,6.139489443354681e-10,inf,inf,0.0,inf,inf,0,0,0,0,0,0,5,2038.01957
HD 142860_5,HD 142860,0.92,0.074,2.443,8.017,11.254,1.25,3.039,0.064139,192.543328,0.883063,0.631168,3.74977237869019e-09,10.589531910239117,0.002941536641733088,5.476713640529201,1.0052249159184943,0.004725132341158922,1,1,1,1,1,3,5,2038.01957
HD 142860_6,HD 142860,0.627,0.092,3.102,5.436,11.254,1.25,3.039,,,0.639094,0.078281,9.866993246119496e-10,inf,inf,0.0,inf,inf,0,0,0,0,0,0,5,2038.01957
HD 219134_0,HD 219134,1.298,0.068,3.021,11.197,6.542,0.75,0.266,0.205332,96.063712,1.359365,0.423724,1.0817048017582127e-09,146.2513494458382,0.04062537484606617,0.5476281900417056,0.34746280621084474,0.0003400516097745908,1,1,1,1,1,4,4,2038.022309
HD 219134_1,HD 219134,0.107,0.06,0.589,0.114,6.542,0.75,0.266,,,0.106688,0.021598,4.23837689136656e-10,inf,inf,0.0,inf,inf,0,0,0,0,0,0,4,2038.022309
HD 219134_2,HD 219134,0.475,0.085,1.279,2.244,6.542,0.75,0.266,0.076049,238.315429,0.480524,0.369659,1.9093749440321474e-09,120.34346488462721,0.03342874024572978,0.6697397680411522,0.43179948975770227,0.000902296166753641,1,1,1,1,1,2,4,2038.022309
HD 219134_3,HD 219134,2.999,0.067,1.913,4.52,6.542,0.75,0.266,0.431978,20.64692,3.147414,0.581355,1.281480311650287e-10,4744.123292693246,1.3178120257481238,0.06534010279610647,0.3474628061996503,0.0003400516096999615,1,1,1,1,1,3,4,2038.022309
HD 219134_4,HD 219134,0.285,0.083,1.716,4.805,6.542,0.75,0.266,,,0.283845,0.325083,8.533236149613228e-09,inf,inf,0.0,inf,inf,0,0,0,0,0,0,4,2038.022309
HD 219134_5,HD 219134,1.823,0.052,1.09,4.144,6.542,0.75,0.266,0.196899,299.943908,1.866218,0.778036,1.99287551363237e-10,2166.4911224917214,0.6018030895810337,0.10070767153905404,0.3474628065139638,0.0003400516117953842,1,1,1,1,1,2,4,2038.022309
HD 219134_7,HD 219134,0.986,0.056,2.277,3.449,6.542,0.75,0.266,0.133828,17.474925,0.988034,0.576904,2.906292146194529e-09,42.724703354312524,0.0118679731539757,1.426415407588119,0.3476670412776426,0.0003414131768865763,1,1,1,1,1,4,4,2038.022309
HD 131977_0,HD 131977,2.114,0.033,1.305,3.47,5.886,0.72,0.223,0.336424,54.529051,2.045359,0.455846,1.2990892587481878e-10,6213.178909386104,1.725883030385029,0.05587712513244045,0.33951130403382745,0.0002870415952611424,1,1,1,1,1,2,4,2038.035052
HD 3651 A_0,HD 3651 A,0.818,0.09,1.086,0.195,11.108,0.86,0.532,,,0.862231,0.078232,9.386038163386236e-11,inf,inf,0.0,inf,inf,0,0,0,0,0,6,8,2038.038781
HD 3651 A_3,HD 3651 A,0.106,0.12,3.284,8.237,11.108,0.86,0.532,,,0.094419,0.792374,4.485294164807079e-07,inf,inf,0.0,inf,inf,0,0,0,0,0,0,8,2038.038781
HD 3651 A_5,HD 3651 A,0.552,0.025,0.534,0.148,11.108,0.86,0.532,,,0.561795,0.043134,3.1664671061849166e-11,inf,inf,0.0,inf,inf,0,0,0,0,0,0,8,2038.038781
HD 165499_0,HD 165499,3.777,0.071,0.637,0.161,17.753,1.08,1.731,,,4.043986,0.213821,4.8013295868495536e-12,inf,inf,0.0,inf,inf,0,0,0,0,0,0,5,2038.041521
HD 165499_1,HD 165499,0.192,0.04,0.654,0.106,17.753,1.08,1.731,,,0.188386,0.588964,4.647356201250425e-09,inf,inf,0.0,inf,inf,0,0,0,0,0,0,5,2038.041521
HD 165499_3,HD 165499,0.221,0.065,0.75,0.229,17.753,1.08,1.731,,,0.219694,0.879463,6.338826675829066e-09,inf,inf,0.0,inf,inf,0,0,0,0,0,0,5,2038.041521
HD 165499_4,HD 165499,1.569,0.062,3.377,24.497,17.753,1.08,1.731,0.065878,180.55307,1.646866,0.749031,2.1134836047699216e-09,117.82576182150387,0.032729378283751075,0.6901321838411214,0.45500842079366083,0.0010570223736600316,1,1,1,1,1,4,5,2038.041521
HD 128620_0,HD 128620,1.567,0.074,0.945,0.738,1.332,1.11,1.521,,,1.635999,0.647893,1.580003176618823e-10,inf,inf,0.0,inf,inf,0,0,0,0,0,1,5,2038.044261
HD 128620_1,HD 128620,1.266,0.016,1.198,6.221,1.332,1.11,1.521,0.812176,352.393613,1.285804,0.635729,3.37301324601886e-10,2.268329957167845,0.0006300916547688459,28.238474900057223,8.668587585131624,0.05581421680257977,1,1,1,1,1,3,5,2038.044261
HD 4614 A_0,HD 4614 A,4.718,0.051,1.358,3.151,5.01,1.14,1.252,,,4.597437,0.168577,1.2297571768977287e-11,inf,inf,0.0,inf,inf,0,0,0,0,0,0,4,2038.047776
HD 4614 A_1,HD 4614 A,0.651,0.133,0.728,0.235,5.01,1.14,1.252,0.120113,177.404196,0.734218,0.653863,4.978278128068379e-10,41.57528211352699,0.011548689475979718,1.6499266636726748,0.6595979111109952,0.0024209523091089273,1,1,1,1,1,4,4,2038.047776
HD 4614 A_2,HD 4614 A,2.584,0.017,1.361,2.842,5.01,1.14,1.252,,,2.581486,0.332082,7.181778644738028e-11,inf,inf,0.0,inf,inf,0,0,0,0,0,1,4,2038.047776
HD 43386_0,HD 43386,2.541,0.037,0.504,0.177,19.588,1.33,2.957,,,2.586267,0.037179,9.525806419995147e-13,inf,inf,0.0,inf,inf,0,0,0,0,0,0,6,2038.051981
HD 43386_1,HD 43386,1.141,0.101,1.584,2.873,19.588,1.33,2.957,,,1.155073,0.482614,5.020455885909554e-10,inf,inf,0.0,inf,inf,0,0,0,0,0,0,6,2038.051981
HD 43386_3,HD 43386,0.289,0.045,1.072,0.429,19.588,1.33,2.957,,,0.281113,0.130252,1.5527581309239147e-09,inf,inf,0.0,inf,inf,0,0,0,0,0,0,6,2038.051981
HD 217987_0,HD 217987,3.278,0.032,3.1,17.272,3.287,0.49,0.036,,,3.372973,0.338702,1.8524016711710114e-10,inf,inf,0.0,inf,inf,0,0,0,0,0,2,4,2038.059401
HD 217987_1,HD 217987,0.104,0.158,2.049,6.333,3.287,0.49,0.036,,,0.08869,0.377985,1.3721324438781047e-07,inf,inf,0.0,inf,inf,0,0,0,0,0,0,4,2038.059401
HD 155885_0,HD 155885,0.424,0.016,1.08,0.365,5.948,0.85,0.332,0.071585,105.426352,0.430277,0.394563,1.6680973278454854e-09,92.32304311897633,0.0256452897552712,0.8462554366709526,0.5028959584671228,0.001376272624816444,1,1,1,1,1,4,6,2038.064129
HD 155885_1,HD 155885,0.125,0.137,2.355,7.262,5.948,0.85,0.332,,,0.109458,0.018972,4.985380211617643e-09,inf,inf,0.0,inf,inf,0,0,0,0,0,0,6,2038.064129
HD 155885_4,HD 155885,2.293,0.052,0.991,0.685,5.948,0.85,0.332,,,2.231001,0.556551,8.544009557440067e-11,inf,inf,0.0,inf,inf,0,0,0,0,0,1,6,2038.064129
HD 43042_0,HD 43042,4.095,0.078,0.558,0.185,21.776,1.29,2.936,,,4.280559,0.579383,7.678101094033716e-12,inf,inf,0.0,inf,inf,0,0,0,0,0,0,6,2038.096748
HD 43042_1,HD 43042,0.434,0.11,0.533,0.05,21.776,1.29,2.936,,,0.388038,0.934262,1.1253040464499917e-09,inf,inf,0.0,inf,inf,0,0,0,0,0,0,6,2038.096748
HD 43042_3,HD 43042,0.724,0.14,0.733,0.758,21.776,1.29,2.936,,,0.675381,0.193075,1.7034880893007273e-10,inf,inf,0.0,inf,inf,0,0,0,0,0,0,6,2038.096748
HD 165341 A_0,HD 165341 A,3.482,0.036,1.359,2.775,5.113,0.88,0.532,,,3.58321,0.704327,6.192280212170922e-11,inf,inf,0.0,inf,inf,0,0,0,0,0,0,8,2038.107624
HD 165341 A_2,HD 165341 A,0.277,0.022,2.947,13.11,5.113,0.88,0.532,,,0.283094,0.600219,3.704166906254808e-08,inf,inf,0.0,inf,inf,0,0,0,0,0,0,8,2038.107624
HD 165341 A_3,HD 165341 A,0.642,0.027,1.615,1.833,5.113,0.88,0.532,0.093885,204.957891,0.624914,0.057062,1.8109529554496089e-10,615.5295951205603,0.17098044308904453,0.2609061443999715,0.591816281165047,0.0019690747761359397,1,1,1,1,1,5,8,2038.107624
HD 37394_0,HD 37394,1.839,0.051,0.552,0.164,12.27,0.88,0.478,,,1.819927,0.387837,2.17425748220937e-11,inf,inf,0.0,inf,inf,0,0,0,0,0,0,7,2038.113048
HD 37394_1,HD 37394,0.501,0.058,1.934,5.969,12.27,0.88,0.478,,,0.477552,0.100036,7.587896754178083e-10,inf,inf,0.0,inf,inf,0,0,0,0,0,0,7,2038.113048
HD 37394_3,HD 37394,1.245,0.044,1.502,2.038,12.27,0.88,0.478,0.102791,337.346197,1.249904,0.313826,3.090411290074832e-10,3414.280664270067,0.9484112956305741,0.07661040567222636,0.3321541626526918,0.00023799398605357146,1,1,1,1,1,3,7,2038.113048
HD 37394_5,HD 37394,0.152,0.102,1.111,1.488,12.27,0.88,0.478,,,0.154023,0.785187,2.445112512889619e-08,inf,inf,0.0,inf,inf,0,0,0,0,0,0,7,2038.113048
HD 37394_9,HD 37394,0.863,0.077,0.726,0.552,12.27,0.88,0.478,,,0.916352,0.121243,6.404353797405094e-11,inf,inf,0.0,inf,inf,0,0,0,0,0,2,7,2038.113048
HD 37394_10,HD 37394,0.093,0.059,3.205,15.21,12.27,0.88,0.478,,,0.09493,0.011055,7.541883084410026e-09,inf,inf,0.0,inf,inf,0,0,0,0,0,0,7,2038.113048
HD 37394_11,HD 37394,1.171,0.065,2.415,5.91,12.27,0.88,0.478,0.095444,324.071159,1.235612,0.418242,1.1011169057716305e-09,407.948181271866,0.113318939242185,0.26933251728322083,0.334570999768557,0.0002541062334926724,1,1,1,1,1,7,7,2038.113048
HD 37394_15,HD 37394,0.222,0.142,1.093,0.563,12.27,0.88,0.478,,,0.230318,0.495892,7.291637308507205e-09,inf,inf,0.0,inf,inf,0,0,0,0,0,0,7,2038.113048
HD 37394_16,HD 37394,2.623,0.055,2.621,9.008,12.27,0.88,0.478,0.151203,231.230787,2.766794,0.790305,5.981085438021993e-10,909.8550680474004,0.2527375189020557,0.16179223820924554,0.3242383625191316,0.0001852219851631698,1,1,1,1,1,4,7,2038.113048
HD 210302_0,HD 210302,0.937,0.087,1.293,2.482,18.458,1.25,2.918,,,1.016613,0.333995,3.566807462331069e-10,inf,inf,0.0,inf,inf,0,0,0,0,0,0,6,2038.115884
HD 210302_1,HD 210302,0.316,0.034,0.672,0.291,18.458,1.25,2.918,,,0.322946,0.797373,2.2917763458365706e-09,inf,inf,0.0,inf,inf,0,0,0,0,0,0,6,2038.115884
HD 210302_2,HD 210302,0.162,0.125,0.82,0.565,18.458,1.25,2.918,,,0.16741,0.792997,1.1352366537881708e-08,inf,inf,0.0,inf,inf,0,0,0,0,0,0,6,2038.115884
HD 210302_3,HD 210302,0.925,0.123,2.909,15.97,18.458,1.25,2.918,,,0.928318,0.039926,3.3846367336092566e-10,inf,inf,0.0,inf,inf,0,0,0,0,0,0,6,2038.115884
HD 210302_4,HD 210302,1.629,0.122,1.727,5.061,18.458,1.25,2.918,,,1.786384,0.109883,7.971892952298689e-11,inf,inf,0.0,inf,inf,0,0,0,0,0,0,6,2038.115884
HD 10361_1,HD 10361,0.761,0.025,1.303,2.715,8.197,0.77,0.304,0.092837,200.042203,0.758787,0.364042,6.970045648339313e-10,579.5560477196294,0.16098779103323038,0.2212268362470431,0.35753897209005836,0.00040722604896934806,1,1,1,1,1,4,7,2038.127013
HD 10361_2,HD 10361,0.985,0.066,0.785,0.596,8.197,0.77,0.304,,,1.049919,0.022117,8.879911799665464e-12,inf,inf,0.0,inf,inf,0,0,0,0,0,1,7,2038.127013
HD 10361_3,HD 10361,1.525,0.07,0.586,0.784,8.197,0.77,0.304,,,1.487095,0.104885,1.4473750029428116e-11,inf,inf,0.0,inf,inf,0,0,0,0,0,0,7,2038.127013
HD 10361_4,HD 10361,4.037,0.084,0.501,0.084,8.197,0.77,0.304,,,4.375899,1e-06,8.853267481028287e-18,inf,inf,0.0,inf,inf,0,0,0,0,0,0,7,2038.127013
HD 50692_0,HD 50692,3.95,0.04,2.831,10.297,17.405,1.08,1.293,,,4.000394,0.007167,2.395451506041323e-12,inf,inf,0.0,inf,inf,0,0,0,0,0,1,4,2038.145094
HD 50692_1,HD 50692,0.28,0.064,0.734,0.092,17.405,1.08,1.293,,,0.297598,0.422714,1.1239493237957022e-09,inf,inf,0.0,inf,inf,0,0,0,0,0,0,4,2038.145094
HD 50692_2,HD 50692,0.513,0.081,1.798,3.652,17.405,1.08,1.293,,,0.479096,0.565123,4.561591498676861e-09,inf,inf,0.0,inf,inf,0,0,0,0,0,0,4,2038.145094
HD 50692_3,HD 50692,0.925,0.032,2.849,9.197,17.405,1.08,1.293,,,0.931288,0.681336,4.52175201571151e-09,inf,inf,0.0,inf,inf,0,0,0,0,0,0,4,2038.145094
HD 109358_0,HD 109358,0.599,0.064,0.661,0.193,8.473,1.08,1.151,0.07565,274.30469,0.637287,0.239954,2.0178619387744298e-10,864.8872074006204,0.24024644650017232,0.23430214564909843,0.7275370700094176,0.00287388003509841,1,1,1,1,1,6,6,2038.147834
HD 109358_1,HD 109358,0.313,0.024,1.946,4.835,8.473,1.08,1.151,,,0.320438,0.915017,2.1910909659663007e-08,inf,inf,0.0,inf,inf,0,0,0,0,0,0,6,2038.147834
HD 109358_3,HD 109358,0.172,0.066,1.409,1.609,8.473,1.08,1.151,,,0.174683,0.224181,1.095149556954463e-08,inf,inf,0.0,inf,inf,0,0,0,0,0,0,6,2038.147834
HD 109358_4,HD 109358,1.488,0.078,0.58,0.237,8.473,1.08,1.151,,,1.394421,0.097482,1.1684456238993174e-11,inf,inf,0.0,inf,inf,0,0,0,0,0,0,6,2038.147834
HD 109358_5,HD 109358,3.968,0.05,3.285,25.806,8.473,1.08,1.151,0.446421,227.208158,3.825564,0.403372,1.8610461395831123e-10,397.094740062506,0.11030409446180722,0.3084966392215246,0.46227475289804676,0.001105464587689271,1,1,1,1,1,1,6,2038.147834
HD 20766_0,HD 20766,1.336,0.161,1.674,3.092,12.045,1.01,0.794,0.101687,251.997863,1.360985,0.124737,1.0336169959202183e-10,8832.563842108879,2.4534899561413552,0.047995904362523885,0.3653791234170646,0.0004594937244827231,1,1,1,1,1,4,5,2038.151389
HD 20766_1,HD 20766,0.327,0.097,2.659,6.922,12.045,1.01,0.794,,,0.341853,0.464898,1.6170631770392226e-08,inf,inf,0.0,inf,inf,0,0,0,0,0,0,5,2038.151389
HD 20766_4,HD 20766,1.915,0.031,0.912,0.441,12.045,1.01,0.794,,,1.856424,0.328994,5.198559772159133e-11,inf,inf,0.0,inf,inf,0,0,0,0,0,1,5,2038.151389
HD 17051_0,HD 17051,1.593,0.055,0.8,0.166,17.357,1.14,1.737,,,1.50849,0.008848,1.3224167322618881e-12,inf,inf,0.0,inf,inf,0,0,0,0,0,0,8,2038.162716
HD 17051_1,HD 17051,2.146,0.107,1.035,0.971,17.357,1.14,1.737,,,2.336314,0.182276,1.8165988789568566e-11,inf,inf,0.0,inf,inf,0,0,0,0,0,0,8,2038.162716
HD 17051_2,HD 17051,4.311,0.108,1.302,2.591,17.357,1.14,1.737,,,3.997738,0.05239,3.5274568393506e-12,inf,inf,0.0,inf,inf,0,0,0,0,0,0,8,2038.162716
HD 156026_0,HD 156026,3.18,0.093,3.171,14.895,5.954,0.68,0.158,0.476917,16.34267,3.216535,0.591603,2.7842586660585517e-10,3836.5969185145627,1.0657213662540452,0.07083303270908849,0.3219020356969237,0.00016964647301511736,1,1,1,1,1,4,4,2038.165456
HD 156026_1,HD 156026,0.564,0.081,0.509,0.042,5.954,0.68,0.158,0.095149,146.855132,0.601904,0.259034,1.276655749724955e-10,21273.395746710306,5.909276596308419,0.028801677989279222,0.3302618429363165,0.00022537852127773594,1,0,1,1,1,1,4,2038.165456
HD 156026_2,HD 156026,0.423,0.044,0.607,0.379,5.954,0.68,0.158,,,0.428909,0.077694,7.761001028251438e-11,inf,inf,0.0,inf,inf,0,0,0,0,0,0,4,2038.165456
HD 156026_3,HD 156026,1.001,0.06,2.318,7.224,5.954,0.68,0.158,0.134478,251.844311,0.978738,0.081325,3.2513450645487944e-10,3117.2546689509613,0.8659040747086004,0.07945062287629003,0.322037540917749,0.00017054984115395254,1,1,1,1,1,4,4,2038.165456
HD 156026_5,HD 156026,1.693,0.124,2.972,9.407,5.954,0.68,0.158,0.265572,185.490901,1.901169,0.639415,8.558514917753293e-10,559.7991689797284,0.15549976916103567,0.21724012971336193,0.3219020356969237,0.00016964647301511736,1,1,1,1,1,4,4,2038.165456
HD 38393_0,HD 38393,0.205,0.072,1.088,1.383,8.905,1.23,2.344,,,0.216259,0.013102,2.6403508289402636e-10,inf,inf,0.0,inf,inf,0,0,0,0,0,0,7,2038.187023
HD 38393_1,HD 38393,3.39,0.099,0.656,0.073,8.905,1.23,2.344,,,3.05558,0.64839,2.265609437944828e-11,inf,inf,0.0,inf,inf,0,0,0,0,0,0,7,2038.187023
HD 38393_3,HD 38393,0.355,0.086,1.549,2.098,8.905,1.23,2.344,,,0.36175,0.069501,1.0746844077910976e-09,inf,inf,0.0,inf,inf,0,0,0,0,0,0,7,2038.187023
HD 38393_4,HD 38393,4.373,0.052,1.208,1.876,8.905,1.23,2.344,,,4.473948,0.425561,2.5770999793009982e-11,inf,inf,0.0,inf,inf,0,0,0,0,0,0,7,2038.187023
HD 46588 A_0,HD 46588 A,1.961,0.092,1.375,5.123,18.202,1.18,1.826,,,2.070702,0.220571,6.702766798791379e-11,inf,inf,0.0,inf,inf,0,0,0,0,0,2,6,2038.199251
HD 46588 A_2,HD 46588 A,0.149,0.051,1.651,3.767,18.202,1.18,1.826,,,0.141494,0.069988,5.720406003179585e-09,inf,inf,0.0,inf,inf,0,0,0,0,0,0,6,2038.199251
HD 46588 A_4,HD 46588 A,0.634,0.042,1.252,1.899,18.202,1.18,1.826,,,0.65297,0.031216,7.867553123487644e-11,inf,inf,0.0,inf,inf,0,0,0,0,0,0,6,2038.199251
HD 46588 A_5,HD 46588 A,0.119,0.052,0.593,0.101,18.202,1.18,1.826,,,0.112818,0.309265,6.059154503333826e-09,inf,inf,0.0,inf,inf,0,0,0,0,0,0,6,2038.199251
HD 46588 A_6,HD 46588 A,0.647,0.045,2.121,5.747,18.202,1.18,1.826,,,0.619897,0.027222,1.5836937844880481e-10,inf,inf,0.0,inf,inf,0,0,0,0,0,0,6,2038.199251
HD 46588 A_7,HD 46588 A,1.085,0.088,1.256,5.584,18.202,1.18,1.826,,,1.01469,0.640556,7.048821879893436e-10,inf,inf,0.0,inf,inf,0,0,0,0,0,0,6,2038.199251
HD 46588 A_8,HD 46588 A,2.008,0.017,0.521,0.08,18.202,1.18,1.826,,,1.993297,0.189063,9.159394801566583e-12,inf,inf,0.0,inf,inf,0,0,0,0,0,0,6,2038.199251
HD 20807_0,HD 20807,0.337,0.072,1.793,3.234,12.039,1.07,1.017,,,0.313,0.434462,9.30846085088692e-09,inf,inf,0.0,inf,inf,0,0,0,0,0,0,6,2038.204876
HD 20807_1,HD 20807,1.546,0.069,0.954,0.846,12.039,1.07,1.017,0.120921,8.539451,1.576804,0.516966,1.4895153569212642e-10,2487.667947694327,0.6910188743595352,0.09538515109700631,0.36599079505945953,0.00046357153543202253,1,1,1,1,1,4,6,2038.204876
HD 20807_2,HD 20807,2.979,0.055,2.038,8.298,12.039,1.07,1.017,0.115022,30.08211,2.847822,0.887347,2.9258788184085316e-10,796.593760524625,0.22127604459017364,0.18453423440997516,0.36887832452512465,0.0004828217318697902,1,1,1,1,1,2,6,2038.204876
HD 1581_1,HD 1581,1.541,0.046,2.633,10.663,8.607,1.11,1.262,0.174804,355.222988,1.495861,0.429848,6.980452043011444e-10,58.04238308677771,0.016122884190771587,1.179302448180175,0.4680234908213144,0.0011437895071777218,1,1,1,1,1,4,5,2038.207769
HD 1581_2,HD 1581,0.181,0.101,0.988,1.538,8.607,1.11,1.262,,,0.181243,0.226737,4.008119790518873e-09,inf,inf,0.0,inf,inf,0,0,0,0,0,0,5,2038.207769
HD 1581_3,HD 1581,1.491,0.126,2.76,10.6,8.607,1.11,1.262,0.187076,126.380688,1.64089,0.280847,6.138907137083759e-10,68.07475096365015,0.018909653045458375,1.0428864537466571,0.4680229902180244,0.001143786169822455,1,1,1,1,1,4,5,2038.207769
HD 1581_4,HD 1581,0.208,0.109,2.378,6.033,8.607,1.11,1.262,,,0.185545,0.168322,1.2435636614914456e-08,inf,inf,0.0,inf,inf,0,0,0,0,0,0,5,2038.207769
HD 131156 A_0,HD 131156 A,0.922,0.01,2.426,6.027,6.754,0.96,0.553,0.136136,50.956192,0.920371,0.308385,1.4494725135581238e-09,33.877853937184106,0.009410514982551141,1.789824441962751,0.42498212798208773,0.0008568470882495442,1,1,1,1,1,7,7,2038.212027
HD 131156 A_1,HD 131156 A,1.097,0.147,1.932,4.971,6.754,0.96,0.553,,,0.949656,0.030037,8.748175549608791e-11,inf,inf,0.0,inf,inf,0,0,0,0,0,6,7,2038.212027
HD 149661_2,HD 149661,2.991,0.073,1.285,2.935,9.894,0.87,0.462,,,2.943661,0.438791,4.958932777914089e-11,inf,inf,0.0,inf,inf,0,0,0,0,0,0,4,2038.219487
HD 149661_3,HD 149661,2.364,0.065,0.7,0.315,9.894,0.87,0.462,,,2.219492,0.57224,3.582192927044013e-11,inf,inf,0.0,inf,inf,0,0,0,0,0,0,4,2038.219487
HD 149661_5,HD 149661,3.155,0.051,2.936,7.428,9.894,0.87,0.462,0.311845,148.503784,3.305186,0.162036,1.0481499534896555e-10,9924.08755619609,2.756690987832247,0.0434380758422639,0.3379539178196582,0.0002766590205000139,1,1,1,1,1,2,4,2038.219487
HD 219134_0,HD 219134,1.298,0.068,3.021,11.197,6.542,0.75,0.266,0.191217,69.532211,1.301975,0.174111,4.845298835112185e-10,484.8388339062054,0.13467745386283483,0.2446336055470141,0.3474628073155145,0.00034005161713905553,1,1,1,1,1,5,5,2038.22422
HD 219134_1,HD 219134,0.107,0.06,0.589,0.114,6.542,0.75,0.266,,,0.108587,0.031761,6.016535149281123e-10,inf,inf,0.0,inf,inf,0,0,0,0,0,0,5,2038.22422
HD 219134_2,HD 219134,0.475,0.085,1.279,2.244,6.542,0.75,0.266,0.070319,32.675032,0.484756,0.469979,2.3853459740447046e-09,93.34217897066195,0.025928383047406096,0.8083319342866285,0.43627732599686453,0.000932148408348056,1,1,1,1,1,3,5,2038.22422
HD 219134_3,HD 219134,2.999,0.067,1.913,4.52,6.542,0.75,0.266,0.455287,15.142493,3.117142,0.482411,1.0841301866598331e-10,6469.350406898468,1.7970417796940188,0.05528225952926535,0.3474628061996503,0.0003400516096999615,1,1,1,1,1,4,5,2038.22422
HD 219134_4,HD 219134,0.285,0.083,1.716,4.805,6.542,0.75,0.266,,,0.302743,0.384243,8.866264712339922e-09,inf,inf,0.0,inf,inf,0,0,0,0,0,0,5,2038.22422
HD 219134_5,HD 219134,1.823,0.052,1.09,4.144,6.542,0.75,0.266,0.213756,268.305065,1.826099,0.698934,1.8697903713581982e-10,2412.091507023653,0.6700254186176814,0.09481709670421685,0.34746280619979203,0.00034005160970090604,1,1,1,1,1,3,5,2038.22422
HD 219134_7,HD 219134,0.986,0.056,2.277,3.449,6.542,0.75,0.266,0.161646,321.179829,1.035859,0.323363,1.4820708743767927e-09,97.18821381385955,0.02699672605940543,0.7406961635592396,0.3474650082760229,0.0003400662902091117,1,1,1,1,1,5,5,2038.22422
HD 114710_0,HD 114710,1.415,0.117,0.681,0.147,9.197,1.11,1.357,,,1.566875,0.63683,7.723326123005986e-11,inf,inf,0.0,inf,inf,0,0,0,0,0,0,5,2038.22696
HD 114710_1,HD 114710,0.314,0.116,0.63,1.142,9.197,1.11,1.357,,,0.304882,0.362764,9.49535457956657e-10,inf,inf,0.0,inf,inf,0,0,0,0,0,0,5,2038.22696
HD 114710_2,HD 114710,2.258,0.018,0.683,0.173,9.197,1.11,1.357,,,2.218413,0.131423,8.472496455984543e-12,inf,inf,0.0,inf,inf,0,0,0,0,0,0,5,2038.22696
HD 114710_4,HD 114710,0.861,0.053,0.898,0.439,9.197,1.11,1.357,0.06771,347.979372,0.841967,0.69042,4.785937631307826e-10,212.15017686538727,0.058930604684829795,0.5500130753061327,0.7577454559235185,0.0030752692745257488,1,1,1,1,1,3,5,2038.22696
HD 114710_5,HD 114710,0.124,0.109,3.108,17.681,9.197,1.11,1.357,,,0.116497,0.958509,3.600594492962965e-07,inf,inf,0.0,inf,inf,0,0,0,0,0,0,5,2038.22696
HD 16895 A_0,HD 16895 A,3.595,0.047,2.816,7.544,11.15,1.21,2.246,0.279185,44.591473,3.459101,0.572998,2.782438217587601e-10,176.02309666980344,0.04889530463050096,0.5334792415914783,0.48860316458150965,0.00128098733224569,1,1,1,1,1,3,5,2038.231927
HD 16895 A_4,HD 16895 A,4.424,0.091,1.274,1.913,11.15,1.21,2.246,,,4.823151,0.214868,8.483107852485035e-12,inf,inf,0.0,inf,inf,0,0,0,0,0,0,5,2038.231927
HD 16895 A_5,HD 16895 A,1.554,0.05,3.144,9.969,11.15,1.21,2.246,0.131655,151.504621,1.476326,0.39528,1.0729283140327047e-09,30.97360986647385,0.008603780518464959,1.97462592547393,0.49003014210842255,0.0012905005157584429,1,1,1,1,1,4,5,2038.231927
HD 16895 A_6,HD 16895 A,0.108,0.029,0.508,0.042,11.15,1.21,2.246,,,0.105799,0.786853,1.5693713184808652e-08,inf,inf,0.0,inf,inf,0,0,0,0,0,0,5,2038.231927
HD 100623 A_0,HD 100623 A,4.014,0.105,2.503,8.448,9.559,0.88,0.37,,,3.592609,0.01058,4.1261270731452186e-12,inf,inf,0.0,inf,inf,0,0,0,0,0,1,4,2038.234667
HD 100623 A_2,HD 100623 A,0.102,0.086,0.559,0.245,9.559,0.88,0.37,,,0.106916,0.57842,9.46349320773117e-09,inf,inf,0.0,inf,inf,0,0,0,0,0,0,4,2038.234667
HD 100623 A_3,HD 100623 A,4.384,0.075,1.441,2.214,9.559,0.88,0.37,,,4.42967,0.414255,3.068967593792017e-11,inf,inf,0.0,inf,inf,0,0,0,0,0,0,4,2038.234667
HD 100623 A_4,HD 100623 A,2.524,0.072,0.66,0.613,9.559,0.88,0.37,,,2.371753,0.565578,2.4464926365422893e-11,inf,inf,0.0,inf,inf,0,0,0,0,0,0,4,2038.234667
HD 100623 A_5,HD 100623 A,4.18,0.038,0.734,0.337,9.559,0.88,0.37,,,4.062693,0.53338,1.0988339209452692e-11,inf,inf,0.0,inf,inf,0,0,0,0,0,0,4,2038.234667
HD 100623 A_6,HD 100623 A,0.362,0.165,0.555,0.359,9.559,0.88,0.37,,,0.303657,0.905244,1.9140939875039843e-09,inf,inf,0.0,inf,inf,0,0,0,0,0,0,4,2038.234667
HD 100623 A_7,HD 100623 A,4.073,0.068,1.365,1.972,9.559,0.88,0.37,,,4.17932,0.972206,8.48283660148864e-11,inf,inf,0.0,inf,inf,0,0,0,0,0,0,4,2038.234667
HD 165341 B_1,HD 165341 B,1.256,0.089,0.5,0.053,5.122,0.78,0.164,,,1.194327,0.099814,1.1263301513895871e-11,inf,inf,0.0,inf,inf,0,0,0,0,0,0,6,2038.237406
HD 165341 B_2,HD 165341 B,4.082,0.042,1.247,0.85,5.122,0.78,0.164,,,4.126076,0.697686,4.576843084548425e-11,inf,inf,0.0,inf,inf,0,0,0,0,0,0,6,2038.237406
HD 165341 B_3,HD 165341 B,0.1,0.077,0.528,0.124,5.122,0.78,0.164,,,0.10712,0.425831,8.068362392359693e-09,inf,inf,0.0,inf,inf,0,0,0,0,0,0,6,2038.237406
HD 165341 B_4,HD 165341 B,0.76,0.117,1.137,2.374,5.122,0.78,0.164,,,0.779024,0.054913,7.913276907790593e-11,inf,inf,0.0,inf,inf,0,0,0,0,0,3,6,2038.237406
HD 216803_1,HD 216803,3.539,0.087,2.035,5.879,7.601,0.72,0.196,,,3.233798,0.124614,3.517344581582049e-11,inf,inf,0.0,inf,inf,0,0,0,0,0,1,4,2038.240146
HD 216803_3,HD 216803,0.104,0.044,0.893,0.284,7.601,0.72,0.196,,,0.100306,0.281559,1.509660022041153e-08,inf,inf,0.0,inf,inf,0,0,0,0,0,0,4,2038.240146
HD 216803_4,HD 216803,2.738,0.038,2.631,12.08,7.601,0.72,0.196,,,2.65109,0.051719,3.796977361351461e-11,inf,inf,0.0,inf,inf,0,0,0,0,0,2,4,2038.240146
HD 216803_5,HD 216803,0.109,0.06,0.686,0.431,7.601,0.72,0.196,,,0.10312,0.328023,8.161661496438015e-09,inf,inf,0.0,inf,inf,0,0,0,0,0,0,4,2038.240146
HD 216803_6,HD 216803,0.431,0.071,1.431,2.693,7.601,0.72,0.196,,,0.449586,0.529455,3.6383747660547353e-09,inf,inf,0.0,inf,inf,0,0,0,0,0,0,4,2038.240146
HD 187691 A_0,HD 187691 A,3.127,0.076,1.475,4.454,19.488,1.25,2.835,,,3.018348,0.527706,8.410800486749226e-11,inf,inf,0.0,inf,inf,0,0,0,0,0,0,5,2038.249322
HD 187691 A_1,HD 187691 A,2.61,0.091,1.018,1.386,19.488,1.25,2.835,,,2.796214,0.008357,8.477198372316299e-13,inf,inf,0.0,inf,inf,0,0,0,0,0,1,5,2038.249322
HD 187691 A_2,HD 187691 A,3.249,0.037,0.764,1.364,19.488,1.25,2.835,,,3.146426,0.076223,3.113541664677405e-12,inf,inf,0.0,inf,inf,0,0,0,0,0,0,5,2038.249322
HD 187691 A_3,HD 187691 A,2.018,0.038,2.654,10.557,19.488,1.25,2.835,0.092491,251.352956,1.985037,0.570964,6.626864668247724e-10,234.79305589460478,0.06522029330405688,0.4188630487768587,0.4216583093258288,0.0008346882972078178,1,1,1,1,1,3,5,2038.249322
HD 23249_0,HD 23249,2.38,0.039,0.804,0.586,9.089,0.87,2.941,,,2.36439,0.677701,5.17327433436349e-11,inf,inf,0.0,inf,inf,0,0,0,0,0,0,5,2038.252062
HD 23249_1,HD 23249,2.348,0.031,1.487,3.029,9.089,0.87,2.941,0.256068,111.383249,2.388075,0.389581,1.0903311108709478e-10,386.77734440456504,0.10743815122349029,0.35088908484081816,0.6191826541565527,0.0021515172627459772,1,1,1,1,1,3,5,2038.252062
HD 20794_0,HD 20794,4.322,0.17,2.962,5.742,6.041,0.97,0.654,0.366206,77.284865,3.696331,0.82713,2.677926728888002e-10,224.9831815328518,0.06249532820356995,0.4445545110148029,0.46258048555543263,0.0011075028054051768,1,1,1,1,1,2,8,2038.254801
HD 20794_1,HD 20794,2.398,0.095,1.302,2.525,6.041,0.97,0.654,,,2.1722,0.097829,2.4987722049304365e-11,inf,inf,0.0,inf,inf,0,0,0,0,0,2,8,2038.254801
HD 84737_0,HD 84737,0.596,0.087,1.352,1.551,18.823,1.08,2.795,,,0.550174,0.251606,9.396839113630012e-10,inf,inf,0.0,inf,inf,0,0,0,0,0,0,6,2038.257541
HD 84737_1,HD 84737,3.025,0.071,1.189,1.926,18.823,1.08,2.795,,,3.217895,0.325046,2.4065143819156203e-11,inf,inf,0.0,inf,inf,0,0,0,0,0,0,6,2038.257541
HD 84737_2,HD 84737,1.078,0.014,1.079,0.698,18.823,1.08,2.795,,,1.072697,0.018792,1.4310428949974056e-11,inf,inf,0.0,inf,inf,0,0,0,0,0,0,6,2038.257541
HD 84737_3,HD 84737,3.774,0.025,0.833,0.848,18.823,1.08,2.795,,,3.867841,0.215482,7.595018391818421e-12,inf,inf,0.0,inf,inf,0,0,0,0,0,0,6,2038.257541
HD 84737_4,HD 84737,0.254,0.074,3.133,13.741,18.823,1.08,2.795,,,0.243167,0.681513,7.98157761876183e-08,inf,inf,0.0,inf,inf,0,0,0,0,0,0,6,2038.257541
HD 84737_5,HD 84737,2.993,0.205,0.508,0.086,18.823,1.08,2.795,,,2.560199,0.211266,5.144171946922998e-12,inf,inf,0.0,inf,inf,0,0,0,0,0,0,6,2038.257541
HD 134083_0,HD 134083,0.116,0.07,1.9,7.058,19.536,1.33,3.255,,,0.124095,0.210254,3.396880176496287e-08,inf,inf,0.0,inf,inf,0,0,0,0,0,0,6,2038.263542
HD 134083_1,HD 134083,0.36,0.097,1.358,2.746,19.536,1.33,3.255,,,0.386461,0.37037,2.6790378447763338e-09,inf,inf,0.0,inf,inf,0,0,0,0,0,0,6,2038.263542
HD 134083_3,HD 134083,0.749,0.13,0.881,0.684,19.536,1.33,3.255,,,0.764734,0.028035,2.3551021113488702e-11,inf,inf,0.0,inf,inf,0,0,0,0,0,0,6,2038.263542
HD 134083_4,HD 134083,0.959,0.114,0.591,0.338,19.536,1.33,3.255,,,1.059999,0.077476,1.89133725646856e-11,inf,inf,0.0,inf,inf,0,0,0,0,0,0,6,2038.263542
HD 201091_1,HD 201091,1.051,0.108,0.699,0.293,3.497,0.68,0.142,0.271356,130.83037,0.954902,0.411897,1.4370506154504913e-10,2324.8549907303395,0.6457930529806498,0.09899892203488163,0.36551657860591275,0.00046041009240837736,1,1,1,1,1,2,5,2038.274218
HD 201091_2,HD 201091,2.964,0.153,0.94,0.359,3.497,0.68,0.142,,,3.384465,0.816579,5.780650704047367e-11,inf,inf,0.0,inf,inf,0,0,0,0,0,0,5,2038.274218
HD 201091_4,HD 201091,2.241,0.067,3.013,8.159,3.497,0.68,0.142,0.635051,351.934751,2.348727,0.163799,1.6768388272112118e-10,1760.257298842541,0.48896036078959476,0.11579548126204339,0.36551657860591275,0.00046041009240837736,1,1,1,1,1,3,5,2038.274218
HD 128621_0,HD 128621,0.181,0.076,0.591,0.281,1.332,0.94,0.503,0.136688,212.177268,0.182545,0.328568,2.4547408635399176e-09,0.8961986213000697,0.0002489440614722416,57.274187796351384,2.722099123884973,0.01617096039426878,1,1,1,1,1,7,7,2038.305785
HD 128621_1,HD 128621,3.969,0.152,0.756,0.624,1.332,0.94,0.503,,,4.546038,0.632331,1.1354216854172824e-11,inf,inf,0.0,inf,inf,0,0,0,0,0,0,7,2038.305785
HD 128621_3,HD 128621,4.377,0.084,0.667,0.424,1.332,0.94,0.503,,,4.48596,0.261483,4.32998093800856e-12,inf,inf,0.0,inf,inf,0,0,0,0,0,0,7,2038.305785
HD 128621_4,HD 128621,1.135,0.055,1.179,1.502,1.332,0.94,0.503,0.775676,160.520642,1.07904,0.481337,3.137039389659347e-10,8.770090117733451,0.0024361361438148474,7.588227321083255,2.7154563218704313,0.016126675047505167,1,1,1,1,1,6,7,2038.305785
HD 20630_1,HD 20630,0.648,0.142,1.547,4.726,9.276,0.98,0.857,,,0.557361,0.154712,8.084546309601139e-10,inf,inf,0.0,inf,inf,0,0,0,0,0,3,6,2038.308524
HD 20630_5,HD 20630,1.387,0.083,0.621,0.63,9.276,0.98,0.857,,,1.274201,0.18416,2.6417883417009273e-11,inf,inf,0.0,inf,inf,0,0,0,0,0,0,6,2038.308524
HD 7570_0,HD 7570,3.031,0.054,1.134,3.652,15.261,1.14,2.004,,,3.190644,0.07326,6.058919985546105e-12,inf,inf,0.0,inf,inf,0,0,0,0,0,0,6,2038.311264
HD 7570_1,HD 7570,0.15,0.071,0.941,0.218,15.261,1.14,2.004,,,0.153095,0.018248,5.888943916650831e-10,inf,inf,0.0,inf,inf,0,0,0,0,0,0,6,2038.311264
HD 7570_2,HD 7570,1.977,0.063,1.73,3.716,15.261,1.14,2.004,,,1.852602,0.884104,5.075629943944488e-10,inf,inf,0.0,inf,inf,0,0,0,0,0,3,6,2038.311264
HD 7570_3,HD 7570,3.034,0.079,1.364,1.913,15.261,1.14,2.004,,,2.982848,0.092888,1.3139786954933194e-11,inf,inf,0.0,inf,inf,0,0,0,0,0,0,6,2038.311264
HD 7570_4,HD 7570,0.569,0.099,0.726,0.483,15.261,1.14,2.004,,,0.61754,0.164118,1.575613866512496e-10,inf,inf,0.0,inf,inf,0,0,0,0,0,0,6,2038.311264
HD 55575_0,HD 55575,1.084,0.09,0.727,0.186,16.852,1.14,1.463,,,1.049904,0.680541,2.047632104142131e-10,inf,inf,0.0,inf,inf,0,0,0,0,0,1,6,2038.314004
HD 55575_1,HD 55575,0.133,0.053,0.578,0.677,16.852,1.14,1.463,,,0.139522,0.062084,7.768388320456835e-10,inf,inf,0.0,inf,inf,0,0,0,0,0,0,6,2038.314004
HD 693_0,HD 693,1.045,0.058,1.136,2.579,18.886,1.18,2.997,,,1.044546,0.963589,7.379273536501688e-10,inf,inf,0.0,inf,inf,0,0,0,0,0,0,5,2038.316743
HD 693_1,HD 693,0.139,0.106,2.768,7.407,18.886,1.18,2.997,,,0.136198,0.094329,2.6498286642210357e-08,inf,inf,0.0,inf,inf,0,0,0,0,0,0,5,2038.316743
HD 693_3,HD 693,1.448,0.069,1.975,3.042,18.886,1.18,2.997,,,1.542426,0.79589,7.19455348894701e-10,inf,inf,0.0,inf,inf,0,0,0,0,0,1,5,2038.316743
HD 693_4,HD 693,1.744,0.105,1.392,2.348,18.886,1.18,2.997,,,1.927117,0.202075,5.927725325565142e-11,inf,inf,0.0,inf,inf,0,0,0,0,0,2,5,2038.316743
HD 693_5,HD 693,2.909,0.1,1.423,2.794,18.886,1.18,2.997,,,3.174278,0.549111,8.165681729969938e-11,inf,inf,0.0,inf,inf,0,0,0,0,0,1,5,2038.316743
HD 693_6,HD 693,2.914,0.024,0.574,0.316,18.886,1.18,2.997,,,2.914814,0.06452,2.0011820760149483e-12,inf,inf,0.0,inf,inf,0,0,0,0,0,0,5,2038.316743
HD 693_7,HD 693,3.93,0.01,2.298,5.004,18.886,1.18,2.997,0.121763,3.603358,3.891827,0.833616,1.8554695684892672e-10,1037.0325380383551,0.2880645938995431,0.1617697056626491,0.39166065663507654,0.000634703945936136,1,1,1,1,1,2,5,2038.316743
HD 147513_0,HD 147513,1.541,0.04,0.645,0.152,12.892,1.07,1.001,,,1.531544,0.09444,1.130082323600613e-11,inf,inf,0.0,inf,inf,0,0,0,0,0,0,6,2038.348295
HD 147513_1,HD 147513,1.513,0.099,0.537,0.038,12.892,1.07,1.001,,,1.513466,0.329455,3.0013999579950477e-11,inf,inf,0.0,inf,inf,0,0,0,0,0,0,6,2038.348295
HD 147513_2,HD 147513,4.633,0.075,1.379,7.403,12.892,1.07,1.001,,,4.68745,0.522022,2.736796403695129e-11,inf,inf,0.0,inf,inf,0,0,0,0,0,0,6,2038.348295
HD 147513_4,HD 147513,0.196,0.111,0.74,0.096,12.892,1.07,1.001,,,0.176351,0.218962,3.0067548380686175e-09,inf,inf,0.0,inf,inf,0,0,0,0,0,0,6,2038.348295
HD 147513_5,HD 147513,4.52,0.075,0.624,0.254,12.892,1.07,1.001,,,4.19496,0.026816,3.2175911817985453e-13,inf,inf,0.0,inf,inf,0,0,0,0,0,0,6,2038.348295
HD 147513_6,HD 147513,1.743,0.075,1.796,2.912,12.892,1.07,1.001,,,1.869859,0.063287,4.002732089372155e-11,inf,inf,0.0,inf,inf,0,0,0,0,0,4,6,2038.348295
HD 147513_7,HD 147513,2.47,0.028,0.667,0.174,12.892,1.07,1.001,,,2.444887,0.092251,3.299922654006067e-12,inf,inf,0.0,inf,inf,0,0,0,0,0,0,6,2038.348295
HD 22484_0,HD 22484,0.838,0.146,1.142,1.607,13.92,1.14,3.068,,,0.956944,0.000281,2.6141822441098283e-13,inf,inf,0.0,inf,inf,0,0,0,0,0,0,5,2038.35853
HD 22484_1,HD 22484,1.12,0.109,1.996,7.679,13.92,1.14,3.068,,,1.197701,0.049884,9.347239309892077e-11,inf,inf,0.0,inf,inf,0,0,0,0,0,4,5,2038.35853
HD 22484_2,HD 22484,0.469,0.117,1.765,3.166,13.92,1.14,3.068,,,0.523722,0.018079,1.4784682479396278e-10,inf,inf,0.0,inf,inf,0,0,0,0,0,0,5,2038.35853
HD 22484_5,HD 22484,4.456,0.081,0.516,0.034,13.92,1.14,3.068,,,4.61022,0.741106,6.802516456808265e-12,inf,inf,0.0,inf,inf,0,0,0,0,0,0,5,2038.35853
HD 22484_7,HD 22484,3.201,0.074,0.943,1.501,13.92,1.14,3.068,,,3.415534,0.136633,8.367943256524996e-12,inf,inf,0.0,inf,inf,0,0,0,0,0,0,5,2038.35853
HD 155885_0,HD 155885,0.424,0.016,1.08,0.365,5.948,0.85,0.332,0.071411,102.600046,0.430271,0.393393,1.6631949233361918e-09,92.6409055602031,0.025733584877834195,0.8441067821135755,0.5028230013045615,0.0013757862437327021,1,1,1,1,1,5,7,2038.364022
HD 155885_1,HD 155885,0.125,0.137,2.355,7.262,5.948,0.85,0.332,,,0.120642,0.699388,1.512857874700877e-07,inf,inf,0.0,inf,inf,0,0,0,0,0,0,7,2038.364022
HD 155885_4,HD 155885,2.293,0.052,0.991,0.685,5.948,0.85,0.332,0.275166,5.65356,2.288359,0.746788,1.0896970970266838e-10,3286.436455406537,0.9128990153907047,0.08240977642948402,0.37224928580519256,0.0005052948070702432,1,1,1,1,1,2,7,2038.364022
HD 34411_0,HD 34411,0.295,0.082,3.192,8.429,12.562,1.08,1.732,,,0.312174,0.420956,3.743648828834889e-08,inf,inf,0.0,inf,inf,0,0,0,0,0,0,5,2038.372567
HD 34411_1,HD 34411,1.539,0.078,0.897,0.713,12.562,1.08,1.732,,,1.632118,0.125002,2.3693346193485927e-11,inf,inf,0.0,inf,inf,0,0,0,0,0,2,5,2038.372567
HD 34411_3,HD 34411,1.691,0.074,0.798,0.808,12.562,1.08,1.732,,,1.816134,0.080935,1.3121348733740585e-11,inf,inf,0.0,inf,inf,0,0,0,0,0,1,5,2038.372567
HD 209100_0,HD 209100,2.433,0.127,0.524,0.078,3.638,0.72,0.222,,,2.274275,0.410201,1.4494091761950714e-11,inf,inf,0.0,inf,inf,0,0,0,0,0,0,8,2038.376375
HD 209100_1,HD 209100,1.218,0.094,0.54,0.224,3.638,0.72,0.222,0.209506,355.446867,1.243437,0.819298,1.006070559449172e-10,2004.6636365408676,0.556851010150241,0.11317547554006774,0.4097045128020709,0.0007549963203827648,1,1,1,1,1,3,8,2038.376375
HD 209100_2,HD 209100,0.989,0.073,1.925,7.679,3.638,0.72,0.222,0.237769,237.893501,1.026946,0.092805,1.6855273783260557e-10,814.0011569608259,0.2261114324891183,0.1900876187040706,0.40970451279835224,0.0007549963203579741,1,1,1,1,1,8,8,2038.376375
HD 209100_4,HD 209100,3.542,0.022,2.632,11.464,3.638,0.72,0.222,,,3.5524,0.331328,9.89599001843119e-11,inf,inf,0.0,inf,inf,0,0,0,0,0,7,8,2038.376375
HD 209100_5,HD 209100,0.635,0.076,0.931,0.965,3.638,0.72,0.222,0.167518,129.217794,0.626635,0.189993,2.684942446598181e-10,388.8164264151433,0.10800456289309537,0.2988738390021488,0.4097055353480906,0.0007550031373562301,1,1,1,1,1,8,8,2038.376375
HD 209100_6,HD 209100,1.701,0.082,0.885,1.719,3.638,0.72,0.222,,,1.561832,0.183665,4.246063813703462e-11,inf,inf,0.0,inf,inf,0,0,0,0,0,2,8,2038.376375
HD 209100_8,HD 209100,2.097,0.099,2.488,10.973,3.638,0.72,0.222,0.512851,327.124542,1.896175,0.387846,4.928899303777326e-10,152.26699726136883,0.04229638812815801,0.5580935369621389,0.40970451279835196,0.0007549963203579721,1,1,1,1,1,5,8,2038.376375
HD 209100_9,HD 209100,0.782,0.071,2.297,6.298,3.638,0.72,0.222,0.216242,217.940015,0.796294,0.26904,1.2302299304975174e-09,45.83555423498852,0.012732098398607922,1.3852423237178182,0.4097045127985746,0.0007549963203594566,1,1,1,1,1,8,8,2038.376375
HD 209100_10,HD 209100,0.182,0.056,2.026,7.17,3.638,0.72,0.222,,,0.189419,0.386217,3.6220397277397606e-08,inf,inf,0.0,inf,inf,0,0,0,0,0,0,8,2038.376375
HD 209100_11,HD 209100,0.917,0.107,1.174,2.417,3.638,0.72,0.222,0.215783,239.410806,0.818907,0.44333,6.378725130032301e-10,107.12499915628001,0.029756944210077782,0.7183338045275071,0.4097045127984993,0.0007549963203589545,1,1,1,1,1,8,8,2038.376375
HD 190248_1,HD 190248,1.11,0.055,1.408,3.629,6.099,0.94,1.25,0.18956,233.531629,1.155432,0.329048,3.172568395772963e-10,79.51283823604365,0.022086899510012126,0.9960825581413771,0.6135841693018048,0.0021141940303809914,1,1,1,1,1,4,6,2038.384544
HD 190248_2,HD 190248,3.754,0.072,1.017,1.24,6.099,0.94,1.25,,,3.592949,0.846801,5.217220723789206e-11,inf,inf,0.0,inf,inf,0,0,0,0,0,0,6,2038.384544
HD 190248_3,HD 190248,1.406,0.139,0.51,0.568,6.099,0.94,1.25,,,1.522818,0.019626,1.4811248858442238e-12,inf,inf,0.0,inf,inf,0,0,0,0,0,2,6,2038.384544
HD 32147_1,HD 32147,0.121,0.122,1.044,1.526,8.844,0.75,0.29,,,0.107423,0.329271,1.9290112349266692e-08,inf,inf,0.0,inf,inf,0,0,0,0,0,0,5,2038.387284
HD 32147_2,HD 32147,3.272,0.062,1.942,2.786,8.844,0.75,0.29,,,3.069397,0.242713,5.8150160622820986e-11,inf,inf,0.0,inf,inf,0,0,0,0,0,3,5,2038.387284
HD 30495_0,HD 30495,1.934,0.08,0.989,1.288,13.24,1.04,0.966,,,1.929967,0.262143,4.806675572222182e-11,inf,inf,0.0,inf,inf,0,0,0,0,0,2,5,2038.390023
HD 30495_2,HD 30495,0.416,0.06,1.179,0.557,13.24,1.04,0.966,,,0.42507,0.336887,1.5323604462708123e-09,inf,inf,0.0,inf,inf,0,0,0,0,0,0,5,2038.390023
HD 30495_3,HD 30495,1.848,0.089,0.623,0.48,13.24,1.04,0.966,,,2.012418,0.065263,4.446804598902174e-12,inf,inf,0.0,inf,inf,0,0,0,0,0,0,5,2038.390023
HD 156026_0,HD 156026,3.18,0.093,3.171,14.895,5.954,0.68,0.158,0.504619,11.657927,3.152161,0.480597,2.355157708611158e-10,5212.996424612037,1.4480545623922325,0.059919748969918155,0.3219020356969237,0.00016964647301511736,1,1,1,1,1,5,5,2038.404491
HD 156026_1,HD 156026,0.564,0.081,0.509,0.042,5.954,0.68,0.158,0.087565,335.788741,0.536163,0.192383,1.1949318641946071e-10,29957.148438229087,8.321430121730302,0.02470109296655734,0.34516397771242424,0.00032472608645178747,1,0,1,1,1,2,5,2038.404491
HD 156026_2,HD 156026,0.423,0.044,0.607,0.379,5.954,0.68,0.158,,,0.404432,0.873879,9.817991690773219e-10,inf,inf,0.0,inf,inf,0,0,0,0,0,0,5,2038.404491
HD 156026_3,HD 156026,1.001,0.06,2.318,7.224,5.954,0.68,0.158,0.149243,197.207738,0.941285,0.513841,2.221048679746754e-09,141.12010709950826,0.039200029749863405,0.5503295336183245,0.3219113392022185,0.00016970849638374912,1,1,1,1,1,5,5,2038.404491
HD 156026_5,HD 156026,1.693,0.124,2.972,9.407,5.954,0.68,0.158,0.251178,153.290062,1.862068,0.654854,9.137125791540811e-10,504.86046431079495,0.14023901786410972,0.23182881611783449,0.3219020356969237,0.00016964647301511736,1,1,1,1,1,5,5,2038.404491
HD 160691_0,HD 160691,1.46,0.051,0.67,0.675,15.604,1.0,1.899,,,1.534028,0.544529,5.124189917747177e-11,inf,inf,0.0,inf,inf,0,0,0,0,0,0,5,2038.425198
HD 160691_1,HD 160691,0.274,0.085,0.88,0.645,15.604,1.0,1.899,,,0.28381,0.125272,8.890138529486565e-10,inf,inf,0.0,inf,inf,0,0,0,0,0,0,5,2038.425198
HD 160691_2,HD 160691,0.346,0.144,0.58,0.053,15.604,1.0,1.899,,,0.377434,0.409483,6.909670793610849e-10,inf,inf,0.0,inf,inf,0,0,0,0,0,0,5,2038.425198
HD 160691_3,HD 160691,0.123,0.058,0.556,0.091,15.604,1.0,1.899,,,0.130128,0.992437,1.1468053024241372e-08,inf,inf,0.0,inf,inf,0,0,0,0,0,0,5,2038.425198
HD 160691_4,HD 160691,2.415,0.073,1.777,2.687,15.604,1.0,1.899,0.113968,96.742991,2.429667,0.701215,2.4761989610684114e-10,882.3253982319709,0.2450903883977697,0.1745505025778559,0.3738388052673109,0.0005158916034843652,1,1,1,1,1,3,5,2038.425198
HD 160691_6,HD 160691,2.937,0.058,2.424,6.338,15.604,1.0,1.899,0.189746,329.974409,2.961873,0.330442,1.2202619181968436e-10,2772.3266868083697,0.7700907463356582,0.09040030352743166,0.37127823418641104,0.0004988211296116996,1,1,1,1,1,4,5,2038.425198
HD 160691_7,HD 160691,3.23,0.098,2.375,5.354,15.604,1.0,1.899,0.125029,345.948458,3.502911,0.860159,2.6175354923364414e-10,801.0523704018675,0.2225145473338521,0.1848470266577069,0.37352713363065054,0.0005138137925732961,1,1,1,1,1,2,5,2038.425198
HD 219134_0,HD 219134,1.298,0.068,3.021,11.197,6.542,0.75,0.266,0.129993,23.987285,1.237757,0.045357,1.3966071022345035e-10,4378.817083935302,1.2163380788709173,0.06827796901050402,0.34781128255539806,0.00034237478540494605,1,1,1,1,1,6,6,2038.43572
HD 219134_1,HD 219134,0.107,0.06,0.589,0.114,6.542,0.75,0.266,,,0.112904,0.50911,8.92083566941378e-09,inf,inf,0.0,inf,inf,0,0,0,0,0,0,6,2038.43572
HD 219134_2,HD 219134,0.475,0.085,1.279,2.244,6.542,0.75,0.266,0.064748,210.444043,0.457098,0.177029,1.0105229323685332e-09,387.6628231903375,0.10768411755287154,0.3087474046260326,0.44503434453424723,0.0009905285319306073,1,1,1,1,1,4,6,2038.43572
HD 219134_3,HD 219134,2.999,0.067,1.913,4.52,6.542,0.75,0.266,,,3.079854,0.379223,8.729953057663049e-11,inf,inf,0.0,inf,inf,0,0,0,0,0,4,6,2038.43572
HD 219134_4,HD 219134,0.285,0.083,1.716,4.805,6.542,0.75,0.266,,,0.306264,0.390592,8.806689102835847e-09,inf,inf,0.0,inf,inf,0,0,0,0,0,0,6,2038.43572
HD 219134_5,HD 219134,1.823,0.052,1.09,4.144,6.542,0.75,0.266,0.255079,243.42087,1.782638,0.531191,1.491179192969626e-10,3611.6292144681147,1.003230337352254,0.07581849245226027,0.3474628061996503,0.0003400516096999615,1,1,1,1,1,4,6,2038.43572
HD 219134_7,HD 219134,0.986,0.056,2.277,3.449,6.542,0.75,0.266,0.143571,265.914646,1.029214,0.129086,5.993036570564324e-10,359.8727592145825,0.09996465533738404,0.29602699137149435,0.34753051479737307,0.0003405030003514463,1,1,1,1,1,6,6,2038.43572
HD 84117_2,HD 84117,0.48,0.183,0.807,0.707,14.951,1.14,1.977,,,0.533616,0.006368,9.139144062678999e-12,inf,inf,0.0,inf,inf,0,0,0,0,0,0,8,2038.442928
HD 84117_3,HD 84117,2.469,0.127,0.583,0.157,14.951,1.14,1.977,,,2.703406,0.131153,4.646146838063401e-12,inf,inf,0.0,inf,inf,0,0,0,0,0,0,8,2038.442928
HD 84117_5,HD 84117,2.421,0.095,0.605,0.239,14.951,1.14,1.977,,,2.648584,0.461782,1.6037548092009723e-11,inf,inf,0.0,inf,inf,0,0,0,0,0,0,8,2038.442928
HD 115617_0,HD 115617,1.956,0.004,0.732,1.017,8.534,0.97,0.825,,,1.951949,0.157678,1.4437813493453522e-11,inf,inf,0.0,inf,inf,0,0,0,0,0,0,7,2038.488608
HD 115617_1,HD 115617,0.76,0.09,2.931,6.157,8.534,0.97,0.825,0.088887,247.807333,0.791482,0.394702,2.945048013010344e-09,21.64739809675882,0.006013166137988561,2.6655578519985146,0.4733725240754835,0.0011794497288721826,1,1,1,1,1,7,7,2038.488608
HD 115617_2,HD 115617,0.621,0.047,0.562,0.059,8.534,0.97,0.825,0.077134,299.979744,0.646021,0.387004,1.6944867115522497e-10,2085.3815596493287,0.5792726554581469,0.12877724667708804,0.5700617544449619,0.0018240445980020382,1,1,1,1,1,2,7,2038.488608
HD 115617_3,HD 115617,0.199,0.073,3.38,12.207,8.534,0.97,0.825,,,0.186224,0.03572,7.320188384275918e-09,inf,inf,0.0,inf,inf,0,0,0,0,0,0,7,2038.488608
HD 115617_4,HD 115617,2.599,0.104,0.763,0.174,8.534,0.97,0.825,,,2.48414,0.063754,4.145122705978008e-12,inf,inf,0.0,inf,inf,0,0,0,0,0,0,7,2038.488608
HD 115617_5,HD 115617,2.098,0.045,1.487,3.177,8.534,0.97,0.825,0.20067,7.934632,2.004229,0.611112,2.7576439111570907e-10,397.6635687936033,0.11046210244266759,0.2930013695650159,0.4035172476875444,0.0007137478862859216,1,1,1,1,1,5,7,2038.488608
HD 115617_6,HD 115617,3.003,0.084,0.942,0.936,8.534,0.97,0.825,,,2.780526,0.807055,6.316709098452275e-11,inf,inf,0.0,inf,inf,0,0,0,0,0,0,7,2038.488608
HD 17206_0,HD 17206,1.742,0.09,0.885,1.25,14.276,1.21,2.617,,,1.861009,0.290752,4.448092633193561e-11,inf,inf,0.0,inf,inf,0,0,0,0,0,0,6,2038.496086
HD 17206_1,HD 17206,0.879,0.039,2.253,5.781,14.276,1.21,2.617,,,0.857333,0.777619,4.246482212736928e-09,inf,inf,0.0,inf,inf,0,0,0,0,0,2,6,2038.496086
HD 17206_2,HD 17206,0.485,0.035,0.762,0.888,14.276,1.21,2.617,,,0.483626,0.417524,7.481827082010875e-10,inf,inf,0.0,inf,inf,0,0,0,0,0,0,6,2038.496086
HD 165499_0,HD 165499,3.777,0.071,0.637,0.161,17.753,1.08,1.731,,,4.015428,0.38213,8.703209568733987e-12,inf,inf,0.0,inf,inf,0,0,0,0,0,0,6,2038.499455
HD 165499_1,HD 165499,0.192,0.04,0.654,0.106,17.753,1.08,1.731,,,0.199657,0.003769,2.648009754572906e-11,inf,inf,0.0,inf,inf,0,0,0,0,0,0,6,2038.499455
HD 165499_3,HD 165499,0.221,0.065,0.75,0.229,17.753,1.08,1.731,,,0.217026,0.008545,6.311365473284045e-11,inf,inf,0.0,inf,inf,0,0,0,0,0,0,6,2038.499455
HD 165499_4,HD 165499,1.569,0.062,3.377,24.497,17.753,1.08,1.731,0.063464,164.282037,1.51572,0.064032,2.1329211267299298e-10,5720.029160371498,1.5888969889920828,0.0674255242503061,0.4567448803242604,0.0010685987705306955,1,1,1,1,1,5,6,2038.499455
HD 88230_0,HD 88230,1.858,0.024,1.413,3.961,4.871,0.63,0.103,0.270884,108.992106,1.851134,0.745337,2.536118313404937e-10,6949.844785325786,1.9305124403682739,0.05091016819374697,0.31657544082394645,0.00013413584052860236,1,1,1,1,1,5,7,2038.502195
HD 88230_1,HD 88230,0.369,0.102,2.613,14.391,4.871,0.63,0.103,,,0.335326,0.773007,2.9795291441694552e-08,inf,inf,0.0,inf,inf,0,0,0,0,0,4,7,2038.502195
HD 88230_2,HD 88230,0.941,0.058,0.511,0.079,4.871,0.63,0.103,0.166449,187.086404,0.99554,0.645422,1.0948333105568551e-10,35287.77657830631,9.802160160640641,0.021693219172880505,0.3165754967110235,0.0001341362131091158,1,0,1,1,1,6,7,2038.502195
HD 88230_3,HD 88230,1.397,0.055,1.541,3.057,4.871,0.63,0.103,0.276634,342.531812,1.38474,0.209542,1.5860637066788356e-10,16853.449138287935,4.681513649524426,0.031841397156440354,0.31657544082394645,0.00013413584052860236,1,0,1,1,1,7,7,2038.502195
HD 88230_4,HD 88230,0.683,0.12,0.831,0.221,4.871,0.63,0.103,,,0.751832,0.067852,6.178929854048458e-11,inf,inf,0.0,inf,inf,0,0,0,0,0,3,7,2038.502195
HD 88230_5,HD 88230,2.552,0.09,1.594,2.912,4.871,0.63,0.103,0.513612,118.260397,2.624552,0.469039,1.0982358154552328e-10,34060.351869398095,9.461208852610582,0.022092932920897788,0.31657544082394645,0.00013413584052860236,1,0,1,1,1,5,7,2038.502195
HD 88230_6,HD 88230,2.842,0.103,0.661,0.567,4.871,0.63,0.103,,,2.674474,0.842996,3.941086233033369e-11,inf,inf,0.0,inf,inf,0,0,0,0,0,0,7,2038.502195
HD 192310_0,HD 192310,1.267,0.07,0.641,0.14,8.812,0.77,0.404,,,1.184789,0.000309,5.569633643867072e-14,inf,inf,0.0,inf,inf,0,0,0,0,0,1,7,2038.506321
HD 192310_1,HD 192310,1.472,0.082,2.73,7.674,8.812,0.77,0.404,0.143036,30.034392,1.463085,0.61725,1.3758585838870089e-09,136.7395215784408,0.03798320043845577,0.5712185878460395,0.3393178143496093,0.0002857516640330213,1,1,1,1,1,7,7,2038.506321
HD 192310_2,HD 192310,0.631,0.109,2.544,13.411,8.812,0.77,0.404,0.071945,91.886514,0.669587,0.503952,5.475322360892476e-09,39.42428728970775,0.010951190913807708,1.5699074829767992,0.41303754270667575,0.0007772165197467976,1,1,1,1,1,4,7,2038.506321
HD 192310_3,HD 192310,0.091,0.084,2.458,12.572,8.812,0.77,0.404,,,0.083679,0.071368,4.1210566095203405e-08,inf,inf,0.0,inf,inf,0,0,0,0,0,0,7,2038.506321
HD 128620_0,HD 128620,1.567,0.074,0.945,0.738,1.332,1.11,1.521,,,1.471317,0.016363,4.933622931005289e-12,inf,inf,0.0,inf,inf,0,0,0,0,0,1,6,2038.515486
HD 128620_1,HD 128620,1.266,0.016,1.198,6.221,1.332,1.11,1.521,,,1.251145,0.040191,2.2521898604950512e-11,inf,inf,0.0,inf,inf,0,0,0,0,0,3,6,2038.515486
HD 166_0,HD 166,1.592,0.09,1.08,2.182,13.766,0.94,0.647,0.096809,311.214975,1.611939,0.647423,2.0187833302972351e-10,6621.867706579812,1.83940769627217,0.05405127106472004,0.3402028299555194,0.00029165176807242215,1,1,1,1,1,3,5,2038.520907
HD 166_1,HD 166,0.635,0.021,0.515,0.062,13.766,0.94,0.647,,,0.645554,0.192937,7.838994017932053e-11,inf,inf,0.0,inf,inf,0,0,0,0,0,0,5,2038.520907
HD 4614 A_0,HD 4614 A,4.718,0.051,1.358,3.151,5.01,1.14,1.252,,,4.537384,0.259809,1.9457863732806026e-11,inf,inf,0.0,inf,inf,0,0,0,0,0,0,5,2038.527019
HD 4614 A_1,HD 4614 A,0.651,0.133,0.728,0.235,5.01,1.14,1.252,0.110982,184.646603,0.736789,0.709863,5.366989282054516e-10,39.04996418364587,0.010847212273234964,1.7450390426347167,0.6815084936545869,0.002567022859399538,1,1,1,1,1,5,5,2038.527019
HD 4614 A_2,HD 4614 A,2.584,0.017,1.361,2.842,5.01,1.14,1.252,0.464744,3.744103,2.612717,0.573735,1.21130115511142e-10,290.6896345642944,0.080747120712304,0.4257646261673877,0.6480447245500015,0.00234393106536897,1,1,1,1,1,2,5,2038.527019
HD 155885_0,HD 155885,0.424,0.016,1.08,0.365,5.948,0.85,0.332,,,0.417223,0.094522,4.250079390199686e-10,inf,inf,0.0,inf,inf,0,0,0,0,0,5,8,2038.535149
HD 155885_1,HD 155885,0.125,0.137,2.355,7.262,5.948,0.85,0.332,,,0.126993,0.095915,1.8724432872008503e-08,inf,inf,0.0,inf,inf,0,0,0,0,0,0,8,2038.535149
HD 155885_4,HD 155885,2.293,0.052,0.991,0.685,5.948,0.85,0.332,0.244378,343.643784,2.321929,0.805939,1.1422499165517267e-10,3023.3470507260463,0.8398186252016795,0.08627839929704534,0.37224928580519256,0.0005052948070702432,1,1,1,1,1,3,8,2038.535149
HD 19373_0,HD 19373,0.74,0.034,3.212,9.93,10.577,1.08,2.23,,,0.716148,0.032849,6.040149807517224e-10,inf,inf,0.0,inf,inf,0,0,0,0,0,1,5,2038.538456
HD 19373_2,HD 19373,0.724,0.048,1.483,3.085,10.577,1.08,2.23,,,0.68934,0.100171,3.708055600666258e-10,inf,inf,0.0,inf,inf,0,0,0,0,0,1,5,2038.538456
HD 19373_3,HD 19373,0.676,0.061,1.037,1.075,10.577,1.08,2.23,,,0.701904,0.013227,2.3772464878551485e-11,inf,inf,0.0,inf,inf,0,0,0,0,0,1,5,2038.538456
HD 19373_6,HD 19373,0.114,0.04,2.433,8.086,10.577,1.08,2.23,,,0.109455,0.178621,5.058090908264549e-08,inf,inf,0.0,inf,inf,0,0,0,0,0,0,5,2038.538456
HD 19373_7,HD 19373,2.87,0.048,1.622,2.945,10.577,1.08,2.23,,,2.790811,0.136873,3.3289055811801864e-11,inf,inf,0.0,inf,inf,0,0,0,0,0,2,5,2038.538456
HD 143761_0,HD 143761,2.268,0.052,0.622,0.131,17.511,0.97,1.812,,,2.328213,0.80108,4.7492890330812155e-11,inf,inf,0.0,inf,inf,0,0,0,0,0,0,7,2038.544597
HD 143761_3,HD 143761,0.463,0.017,0.834,0.619,17.511,0.97,1.812,,,0.468695,0.222891,4.0446772911499297e-10,inf,inf,0.0,inf,inf,0,0,0,0,0,0,7,2038.544597
HD 143761_4,HD 143761,1.096,0.157,0.808,0.895,17.511,0.97,1.812,0.066851,184.167449,1.233004,0.582728,1.4704710669280843e-10,12417.95212581671,3.449431146060197,0.04573713132409186,0.46813696097591684,0.0011445459748750716,1,0,1,1,1,1,7,2038.544597
HD 143761_5,HD 143761,0.834,0.096,1.155,1.684,17.511,0.97,1.812,,,0.763249,0.838297,1.260345637359689e-09,inf,inf,0.0,inf,inf,0,0,0,0,0,0,7,2038.544597
HD 143761_7,HD 143761,2.609,0.089,2.154,12.289,17.511,0.97,1.812,0.076668,218.35629,2.376982,0.844928,4.1904045734720594e-10,964.0317172864995,0.2677865881351388,0.1766663832146769,0.436541867631985,0.0009339120192488591,1,1,1,1,1,2,7,2038.544597
HD 141004_0,HD 141004,2.629,0.092,2.901,8.518,11.916,1.09,2.004,,,2.714278,0.977602,7.574820448426879e-10,inf,inf,0.0,inf,inf,0,0,0,0,0,2,5,2038.547337
HD 141004_1,HD 141004,0.651,0.071,0.654,0.168,11.916,1.09,2.004,,,0.641914,0.133732,8.83682780600332e-11,inf,inf,0.0,inf,inf,0,0,0,0,0,0,5,2038.547337
HD 141004_2,HD 141004,4.426,0.098,1.019,2.941,11.916,1.09,2.004,,,4.44997,0.093073,3.691018090324473e-12,inf,inf,0.0,inf,inf,0,0,0,0,0,0,5,2038.547337
HD 141004_3,HD 141004,4.115,0.06,0.578,0.125,11.916,1.09,2.004,,,3.914491,0.764445,8.917127729953941e-12,inf,inf,0.0,inf,inf,0,0,0,0,0,0,5,2038.547337
HD 141004_4,HD 141004,3.163,0.091,1.732,4.206,11.916,1.09,2.004,,,2.881149,0.173033,3.79917463209166e-11,inf,inf,0.0,inf,inf,0,0,0,0,0,0,5,2038.547337
HD 95735_0,HD 95735,0.673,0.041,0.901,1.876,2.546,0.44,0.02,,,0.698314,0.075055,8.905808439691315e-11,inf,inf,0.0,inf,inf,0,0,0,0,0,2,7,2038.550077
HD 95735_2,HD 95735,0.392,0.078,0.638,0.252,2.546,0.44,0.02,0.096156,97.052077,0.380692,0.797213,1.4862848439032902e-09,1529.8689590105303,0.4249635997251473,0.11685465102238665,0.30946802109378274,8.675304232751079e-05,1,1,1,1,1,6,7,2038.550077
HD 95735_3,HD 95735,0.164,0.146,0.847,1.655,2.546,0.44,0.02,0.065065,203.08778,0.186229,0.153409,2.6244507788372878e-09,1067.342745082861,0.29648409585635027,0.14675368350177395,0.32233658776680907,0.00017254348681435284,1,1,1,1,1,6,7,2038.550077
HD 95735_4,HD 95735,2.481,0.023,1.454,2.402,2.546,0.44,0.02,,,2.48632,0.234091,5.851362577351841e-11,inf,inf,0.0,inf,inf,0,0,0,0,0,1,7,2038.550077
HD 95735_6,HD 95735,0.163,0.047,1.008,2.764,2.546,0.44,0.02,,,0.170387,0.037462,8.679264878534581e-10,inf,inf,0.0,inf,inf,0,0,0,0,0,0,7,2038.550077
HD 30652_0,HD 30652,0.357,0.032,0.524,0.119,8.068,1.25,2.71,,,0.352253,0.768072,1.263833156934335e-09,inf,inf,0.0,inf,inf,0,0,0,0,0,0,5,2038.573663
HD 30652_1,HD 30652,3.379,0.099,2.314,9.159,8.068,1.25,2.71,0.132747,332.699491,3.161732,0.948394,4.044658938070203e-10,40.7095260997149,0.01130820169436525,1.7255500466372464,0.7478272235597665,0.0030091477254340694,1,1,1,1,1,2,5,2038.573663
HD 30652_2,HD 30652,1.418,0.081,1.563,7.047,8.068,1.25,2.71,0.150709,126.623968,1.322735,0.523876,6.261728735592199e-10,22.819012250615472,0.006338614514059853,2.731731983293708,0.7432426241020164,0.0029785837290490684,1,1,1,1,1,3,5,2038.573663
HD 30652_3,HD 30652,3.27,0.133,2.129,5.731,8.068,1.25,2.71,0.354798,341.017936,2.890081,0.246108,1.0003665159615966e-10,293.0244225039613,0.08139567291776703,0.4465162331739434,0.7431757821524085,0.002978138116051683,1,1,1,1,1,3,5,2038.573663
HD 30652_4,HD 30652,2.754,0.119,2.49,10.16,8.068,1.25,2.71,,,2.95111,0.03182,1.1093019239610893e-11,inf,inf,0.0,inf,inf,0,0,0,0,0,2,5,2038.573663
HD 10780_0,HD 10780,0.841,0.11,1.077,1.181,10.041,0.9,0.516,,,0.915281,0.102578,7.573160283788226e-11,inf,inf,0.0,inf,inf,0,0,0,0,0,3,6,2038.589391
HD 10780_3,HD 10780,2.25,0.098,1.348,1.367,10.041,0.9,0.516,0.138221,289.39075,2.213194,0.814188,1.7967661140918555e-10,3128.0493627916385,0.8689026007754551,0.08165868402999564,0.3437099163716669,0.0003150323441800721,1,1,1,1,1,3,6,2038.589391
HD 10780_4,HD 10780,2.669,0.102,2.513,12.001,10.041,0.9,0.516,0.221688,252.539727,2.579903,0.614156,4.153378034448661e-10,696.0418919542883,0.1933449699873023,0.19467022474996004,0.3435784079282185,0.00031415562122374897,1,1,1,1,1,4,6,2038.589391
HD 101501_3,HD 101501,0.112,0.069,1.262,2.497,9.576,0.94,0.609,,,0.11847,0.590691,4.449369301834725e-08,inf,inf,0.0,inf,inf,0,0,0,0,0,0,8,2038.592674
HD 101501_7,HD 101501,0.888,0.054,0.887,0.333,9.576,0.94,0.609,,,0.935201,0.079326,4.607397388118322e-11,inf,inf,0.0,inf,inf,0,0,0,0,0,2,8,2038.592674
HD 33262 A_0,HD 33262 A,4.098,0.155,0.949,0.422,11.693,1.14,1.466,,,3.86687,0.148127,6.148706475743493e-12,inf,inf,0.0,inf,inf,0,0,0,0,0,0,7,2038.599759
HD 33262 A_1,HD 33262 A,3.3,0.062,1.368,1.583,11.693,1.14,1.466,,,3.317032,0.746591,8.728644469920307e-11,inf,inf,0.0,inf,inf,0,0,0,0,0,1,7,2038.599759
HD 33262 A_2,HD 33262 A,3.337,0.087,0.965,0.502,11.693,1.14,1.466,,,3.057382,0.541153,3.6763380512101414e-11,inf,inf,0.0,inf,inf,0,0,0,0,0,0,7,2038.599759
HD 33262 A_4,HD 33262 A,1.015,0.091,2.255,9.306,11.693,1.14,1.466,0.070419,177.404387,0.976447,0.126447,3.9872611934623404e-10,453.8128072482709,0.12605911312451967,0.3105892610872214,0.5811911235109711,0.0018982403917754335,1,1,1,1,1,2,7,2038.599759
HD 33262 A_5,HD 33262 A,0.358,0.206,1.487,2.029,11.693,1.14,1.466,,,0.297585,0.743481,1.198590021904868e-08,inf,inf,0.0,inf,inf,0,0,0,0,0,0,7,2038.599759
HD 33262 A_6,HD 33262 A,0.874,0.139,0.646,0.257,11.693,1.14,1.466,,,0.835801,0.690376,2.5282137840978147e-10,inf,inf,0.0,inf,inf,0,0,0,0,0,0,7,2038.599759
HD 33262 A_8,HD 33262 A,0.199,0.101,2.893,13.631,11.693,1.14,1.466,,,0.181586,0.389681,6.081237856426747e-08,inf,inf,0.0,inf,inf,0,0,0,0,0,0,7,2038.599759
HD 212330 A_0,HD 212330 A,1.747,0.031,3.281,9.208,20.34,1.02,2.726,0.088303,316.897751,1.800925,0.215438,4.668716967085268e-10,571.0844783686963,0.15863457732463787,0.2369234320643789,0.416922931121102,0.0008031191091763059,1,1,1,1,1,3,5,2038.605781
HD 39091_1,HD 39091,3.12,0.028,1.191,1.952,18.287,1.08,1.533,,,3.151546,0.61409,6.012452045207687e-11,inf,inf,0.0,inf,inf,0,0,0,0,0,0,6,2038.609534
HD 39091_2,HD 39091,2.865,0.029,0.677,0.089,18.287,1.08,1.533,,,2.841021,0.226003,9.659215505412026e-12,inf,inf,0.0,inf,inf,0,0,0,0,0,0,6,2038.609534
HD 39091_3,HD 39091,3.55,0.072,1.069,0.919,18.287,1.08,1.533,,,3.451204,0.184705,1.2309588493250662e-11,inf,inf,0.0,inf,inf,0,0,0,0,0,0,6,2038.609534
HD 39091_4,HD 39091,4.534,0.027,1.234,1.811,18.287,1.08,1.533,,,4.624464,0.00017,7.658077789337563e-15,inf,inf,0.0,inf,inf,0,0,0,0,0,0,6,2038.609534
HD 39091_5,HD 39091,1.437,0.051,1.31,1.974,18.287,1.08,1.533,0.073316,214.349119,1.461681,0.508229,2.783793450752612e-10,3059.8542354235697,0.8499595098398804,0.08984219307450206,0.4123709314308511,0.0007727724445746331,1,1,1,1,1,6,6,2038.609534
HD 39091_6,HD 39091,0.67,0.012,2.604,6.457,18.287,1.08,1.533,,,0.670929,0.677701,8.776002102003158e-09,inf,inf,0.0,inf,inf,0,0,0,0,0,0,6,2038.609534
HD 136352_0,HD 136352,1.127,0.083,0.501,0.05,14.739,1.02,1.029,,,1.217537,0.55874,6.897618273818102e-11,inf,inf,0.0,inf,inf,0,0,0,0,0,0,6,2038.618638
HD 136352_2,HD 136352,0.995,0.082,1.549,3.519,14.739,1.02,1.029,,,1.07503,0.001216,1.9645350401828137e-12,inf,inf,0.0,inf,inf,0,0,0,0,0,1,6,2038.618638
HD 136352_3,HD 136352,3.774,0.069,2.041,4.78,14.739,1.02,1.029,,,3.730859,0.196989,4.0095363110038694e-11,inf,inf,0.0,inf,inf,0,0,0,0,0,2,6,2038.618638
HD 136352_4,HD 136352,1.831,0.068,0.826,0.342,14.739,1.02,1.029,,,1.708895,0.58335,9.541087848708956e-11,inf,inf,0.0,inf,inf,0,0,0,0,0,1,6,2038.618638
HD 58855_0,HD 58855,3.917,0.055,2.746,11.124,20.402,1.16,2.445,,,3.778118,0.047828,1.7458741933004624e-11,inf,inf,0.0,inf,inf,0,0,0,0,0,4,5,2038.621378
HD 58855_3,HD 58855,0.12,0.023,0.846,0.314,20.402,1.16,2.445,,,0.121282,0.264309,6.414242045671542e-09,inf,inf,0.0,inf,inf,0,0,0,0,0,0,5,2038.621378
HD 58855_4,HD 58855,1.787,0.062,0.53,0.101,20.402,1.16,2.445,,,1.848673,0.04884,2.4607885709733777e-12,inf,inf,0.0,inf,inf,0,0,0,0,0,0,5,2038.621378
HD 58855_5,HD 58855,2.753,0.078,0.74,0.361,20.402,1.16,2.445,,,2.961746,0.494655,1.8369461289038483e-11,inf,inf,0.0,inf,inf,0,0,0,0,0,0,5,2038.621378
HD 58855_6,HD 58855,3.408,0.008,0.67,0.197,20.402,1.16,2.445,,,3.421263,0.605119,1.2921337737222774e-11,inf,inf,0.0,inf,inf,0,0,0,0,0,0,5,2038.621378
HD 58855_7,HD 58855,0.511,0.017,1.169,2.72,20.402,1.16,2.445,,,0.51872,0.392163,1.4593645263077519e-09,inf,inf,0.0,inf,inf,0,0,0,0,0,0,5,2038.621378
HD 58855_8,HD 58855,3.679,0.02,1.665,3.725,20.402,1.16,2.445,,,3.677481,0.56198,4.909848740630595e-11,inf,inf,0.0,inf,inf,0,0,0,0,0,0,5,2038.621378
HD 203608_0,HD 203608,2.203,0.092,1.79,3.488,9.258,1.14,1.466,0.230748,353.705464,2.168896,0.21468,1.1987027615997456e-10,794.2919654608517,0.2206366570724588,0.20355554422687994,0.4670774834241097,0.0011374827911963573,1,1,1,1,1,4,6,2038.624118
HD 203608_1,HD 203608,2.342,0.1,0.502,0.104,9.258,1.14,1.466,,,2.454787,0.871819,2.9689615128085655e-11,inf,inf,0.0,inf,inf,0,0,0,0,0,0,6,2038.624118
HD 203608_2,HD 203608,2.74,0.062,1.086,1.189,9.258,1.14,1.466,0.118011,303.619451,2.908694,0.930498,1.1080316075888065e-10,1010.2102706739969,0.2806139640761102,0.17792675978766284,0.47334526401306376,0.0011792679951227176,1,1,1,1,1,2,6,2038.624118
HD 203608_5,HD 203608,4.293,0.038,0.929,0.698,9.258,1.14,1.466,,,4.310312,0.30988,1.2896922366919958e-11,inf,inf,0.0,inf,inf,0,0,0,0,0,0,6,2038.624118
HD 203608_6,HD 203608,0.526,0.072,0.985,0.486,9.258,1.14,1.466,,,0.497375,0.743679,1.5287624831602513e-09,inf,inf,0.0,inf,inf,0,0,0,0,0,0,6,2038.624118
HD 1581_1,HD 1581,1.541,0.046,2.633,10.663,8.607,1.11,1.262,0.113912,250.185084,1.483813,0.806563,1.331163156269946e-09,28.909696027666694,0.008030471118796303,2.0929201302937015,0.491389528153688,0.001299563089393546,1,1,1,1,1,5,6,2038.626858
HD 1581_2,HD 1581,0.181,0.101,0.988,1.538,8.607,1.11,1.262,,,0.199274,0.940671,1.3755512411728965e-08,inf,inf,0.0,inf,inf,0,0,0,0,0,0,6,2038.626858
HD 1581_3,HD 1581,1.491,0.126,2.76,10.6,8.607,1.11,1.262,,,1.632394,0.00697,1.5395009571514234e-11,inf,inf,0.0,inf,inf,0,0,0,0,0,4,6,2038.626858
HD 1581_4,HD 1581,0.208,0.109,2.378,6.033,8.607,1.11,1.262,,,0.219972,0.704232,3.7017663914121037e-08,inf,inf,0.0,inf,inf,0,0,0,0,0,0,6,2038.626858
HD 202560_0,HD 202560,0.846,0.075,1.59,2.013,3.97,0.59,0.083,,,0.876889,0.009051,2.029284135702459e-11,inf,inf,0.0,inf,inf,0,0,0,0,0,4,8,2038.630983
HD 202560_1,HD 202560,0.552,0.052,0.674,0.125,3.97,0.59,0.083,0.147942,156.894757,0.579589,0.378012,3.9773506707052944e-10,4013.377728964936,1.1148271469347044,0.06834197131883255,0.31415282445093545,0.00011798506470852901,1,1,1,1,1,8,8,2038.630983
HD 202560_3,HD 202560,0.867,0.117,1.589,3.604,3.97,0.59,0.083,0.220225,328.986603,0.868719,0.388411,8.791074615423206e-10,961.257663792151,0.26701601772004196,0.15457504679325484,0.3141413283655057,0.00011790842413899686,1,1,1,1,1,8,8,2038.630983
HD 202560_4,HD 202560,2.302,0.14,0.558,0.251,3.97,0.59,0.083,,,2.601367,0.282771,9.24992620693969e-12,inf,inf,0.0,inf,inf,0,0,0,0,0,0,8,2038.630983
HD 202560_5,HD 202560,3.244,0.082,0.847,0.372,3.97,0.59,0.083,,,3.087324,0.641441,3.2397624213617336e-11,inf,inf,0.0,inf,inf,0,0,0,0,0,0,8,2038.630983
HD 202560_6,HD 202560,0.414,0.085,0.785,0.225,3.97,0.59,0.083,0.112268,268.766538,0.440604,0.27189,5.994976536151437e-10,2131.1494641928493,0.5919859622757915,0.09754151372281306,0.3162274829738303,0.00013181612152782774,1,1,1,1,1,8,8,2038.630983
HD 46588 A_0,HD 46588 A,1.961,0.092,1.375,5.123,18.202,1.18,1.826,,,2.139995,0.308413,8.775029653986735e-11,inf,inf,0.0,inf,inf,0,0,0,0,0,2,7,2038.652564
HD 46588 A_2,HD 46588 A,0.149,0.051,1.651,3.767,18.202,1.18,1.826,,,0.155812,0.53978,3.6382215470826374e-08,inf,inf,0.0,inf,inf,0,0,0,0,0,0,7,2038.652564
HD 46588 A_4,HD 46588 A,0.634,0.042,1.252,1.899,18.202,1.18,1.826,,,0.655596,0.020307,5.077189348336631e-11,inf,inf,0.0,inf,inf,0,0,0,0,0,0,7,2038.652564
HD 46588 A_5,HD 46588 A,0.119,0.052,0.593,0.101,18.202,1.18,1.826,,,0.113361,0.309056,5.997241574171556e-09,inf,inf,0.0,inf,inf,0,0,0,0,0,0,7,2038.652564
HD 46588 A_6,HD 46588 A,0.647,0.045,2.121,5.747,18.202,1.18,1.826,,,0.617892,0.081666,4.781880778322171e-10,inf,inf,0.0,inf,inf,0,0,0,0,0,0,7,2038.652564
HD 46588 A_7,HD 46588 A,1.085,0.088,1.256,5.584,18.202,1.18,1.826,,,1.177374,0.010189,8.327491676228752e-12,inf,inf,0.0,inf,inf,0,0,0,0,0,0,7,2038.652564
HD 46588 A_8,HD 46588 A,2.008,0.017,0.521,0.08,18.202,1.18,1.826,,,1.973873,0.605084,2.98938229335172e-11,inf,inf,0.0,inf,inf,0,0,0,0,0,0,7,2038.652564
HD 43386_0,HD 43386,2.541,0.037,0.504,0.177,19.588,1.33,2.957,,,2.634997,0.003855,9.516177223454826e-14,inf,inf,0.0,inf,inf,0,0,0,0,0,0,7,2038.655671
HD 43386_1,HD 43386,1.141,0.101,1.584,2.873,19.588,1.33,2.957,,,1.098774,0.202852,2.3319785283319526e-10,inf,inf,0.0,inf,inf,0,0,0,0,0,0,7,2038.655671
HD 43386_3,HD 43386,0.289,0.045,1.072,0.429,19.588,1.33,2.957,,,0.29913,0.41294,4.347574538991593e-09,inf,inf,0.0,inf,inf,0,0,0,0,0,0,7,2038.655671
HD 86728 A_0,HD 86728 A,0.138,0.113,0.53,0.078,14.926,1.0,1.378,,,0.146088,0.688302,4.337683305451657e-09,inf,inf,0.0,inf,inf,0,0,0,0,0,0,5,2038.666608
HD 86728 A_1,HD 86728 A,1.194,0.049,0.519,0.144,14.926,1.0,1.378,,,1.173834,0.281862,3.3077922644768146e-11,inf,inf,0.0,inf,inf,0,0,0,0,0,0,5,2038.666608
HD 86728 A_2,HD 86728 A,1.586,0.024,0.736,0.367,14.926,1.0,1.378,,,1.616493,0.172266,1.8458824587949982e-11,inf,inf,0.0,inf,inf,0,0,0,0,0,0,5,2038.666608
HD 86728 A_3,HD 86728 A,0.34,0.077,0.971,1.901,14.926,1.0,1.378,,,0.36309,0.114527,5.570564251245127e-10,inf,inf,0.0,inf,inf,0,0,0,0,0,0,5,2038.666608
HD 86728 A_4,HD 86728 A,3.143,0.15,2.985,16.709,14.926,1.0,1.378,,,3.517543,0.151045,6.588921641804951e-11,inf,inf,0.0,inf,inf,0,0,0,0,0,2,5,2038.666608
HD 86728 A_5,HD 86728 A,0.238,0.132,1.155,6.008,14.926,1.0,1.378,,,0.22133,0.012375,1.9558266892385626e-10,inf,inf,0.0,inf,inf,0,0,0,0,0,0,5,2038.666608
HD 86728 A_6,HD 86728 A,2.84,0.137,2.462,3.621,14.926,1.0,1.378,0.160341,327.274699,2.558954,0.183394,1.0037057195223599e-10,5966.237123994682,1.657288089998523,0.05837970191137009,0.3556714373658103,0.0003947758174743611,1,1,1,1,1,3,5,2038.666608
HD 102365_0,HD 102365,1.154,0.024,2.235,11.472,9.319,1.02,0.844,0.115404,249.878767,1.127862,0.242454,5.128382976687559e-10,206.40292248674396,0.057334145135206654,0.4463062747545807,0.3926547848986567,0.0006413314676933369,1,1,1,1,1,6,6,2038.683727
HD 102365_1,HD 102365,4.021,0.031,1.113,0.834,9.319,1.02,0.844,,,3.902428,0.640105,3.2201638133080886e-11,inf,inf,0.0,inf,inf,0,0,0,0,0,0,6,2038.683727
HD 102365_2,HD 102365,0.113,0.031,0.976,0.303,9.319,1.02,0.844,,,0.112661,0.195513,9.473919199054207e-09,inf,inf,0.0,inf,inf,0,0,0,0,0,0,6,2038.683727
HD 65907 A_0,HD 65907 A,0.584,0.099,0.585,0.122,16.172,1.11,1.29,,,0.639209,0.009868,5.786469378303695e-12,inf,inf,0.0,inf,inf,0,0,0,0,0,0,7,2038.691676
HD 65907 A_1,HD 65907 A,1.316,0.075,0.982,3.131,16.172,1.11,1.29,,,1.223561,0.751032,3.202393931159062e-10,inf,inf,0.0,inf,inf,0,0,0,0,0,2,7,2038.691676
HD 65907 A_2,HD 65907 A,1.009,0.058,1.202,5.136,16.172,1.11,1.29,0.067017,62.337824,1.022068,0.291648,2.6190502662391813e-10,5149.989005567272,1.4305525015464644,0.07007921508890039,0.44128484920575023,0.000965531896407294,1,1,1,1,1,4,7,2038.691676
HD 43042_0,HD 43042,4.095,0.078,0.558,0.185,21.776,1.29,2.936,,,4.381917,0.397912,5.032086025677068e-12,inf,inf,0.0,inf,inf,0,0,0,0,0,0,7,2038.706458
HD 43042_1,HD 43042,0.434,0.11,0.533,0.05,21.776,1.29,2.936,,,0.480956,0.015981,1.2530022731733562e-11,inf,inf,0.0,inf,inf,0,0,0,0,0,0,7,2038.706458
HD 43042_3,HD 43042,0.724,0.14,0.733,0.758,21.776,1.29,2.936,,,0.753541,0.561852,3.9821543076511984e-10,inf,inf,0.0,inf,inf,0,0,0,0,0,0,7,2038.706458
HD 142373_0,HD 142373,1.268,0.168,0.757,0.148,15.898,1.08,3.136,,,1.231053,0.142765,3.837948410804977e-11,inf,inf,0.0,inf,inf,0,0,0,0,0,1,5,2038.709198
HD 142373_1,HD 142373,1.76,0.092,0.868,0.535,15.898,1.08,3.136,,,1.911487,0.668768,8.578639214704519e-11,inf,inf,0.0,inf,inf,0,0,0,0,0,0,5,2038.709198
HD 142373_2,HD 142373,0.834,0.129,2.923,6.259,15.898,1.08,3.136,,,0.726955,0.234384,2.694064679671031e-09,inf,inf,0.0,inf,inf,0,0,0,0,0,0,5,2038.709198
HD 142373_4,HD 142373,1.161,0.006,1.265,2.536,15.898,1.08,3.136,0.072923,253.503885,1.154166,0.169716,1.845095346234356e-10,1982.4529495170896,0.5506813748658582,0.13965655668816135,0.639094603303009,0.0022842635903890197,1,1,1,1,1,3,5,2038.709198
HD 142373_6,HD 142373,4.705,0.105,0.947,0.923,15.898,1.08,3.136,,,4.240495,0.0985,3.1718055643598234e-12,inf,inf,0.0,inf,inf,0,0,0,0,0,0,5,2038.709198
HD 142373_7,HD 142373,1.878,0.051,2.611,6.816,15.898,1.08,3.136,,,1.932924,0.054007,5.7907254757205904e-11,inf,inf,0.0,inf,inf,0,0,0,0,0,4,5,2038.709198
HD 142373_8,HD 142373,3.092,0.053,1.805,7.326,15.898,1.08,3.136,,,3.251311,0.038984,8.149846304820666e-12,inf,inf,0.0,inf,inf,0,0,0,0,0,2,5,2038.709198
HD 95128_1,HD 95128,2.285,0.074,0.586,0.282,13.887,1.07,1.577,,,2.436906,0.173021,6.7501327280721835e-12,inf,inf,0.0,inf,inf,0,0,0,0,0,0,7,2038.713571
HD 95128_2,HD 95128,4.586,0.035,0.538,0.083,13.887,1.07,1.577,,,4.617532,0.321318,1.985664594546438e-12,inf,inf,0.0,inf,inf,0,0,0,0,0,0,7,2038.713571
HD 95128_3,HD 95128,0.343,0.031,2.771,10.086,13.887,1.07,1.577,,,0.339281,0.219866,8.963820802420335e-09,inf,inf,0.0,inf,inf,0,0,0,0,0,0,7,2038.713571
HD 95128_4,HD 95128,2.15,0.173,1.218,6.511,13.887,1.07,1.577,,,2.266025,0.002795,5.183902243968526e-13,inf,inf,0.0,inf,inf,0,0,0,0,0,1,7,2038.713571
HD 95128_5,HD 95128,0.6,0.105,2.299,8.137,13.887,1.07,1.577,,,0.603236,0.281214,2.8297974653339267e-09,inf,inf,0.0,inf,inf,0,0,0,0,0,0,7,2038.713571
HD 95128_6,HD 95128,0.335,0.024,2.419,8.582,13.887,1.07,1.577,,,0.327567,0.339902,1.4355047873463782e-08,inf,inf,0.0,inf,inf,0,0,0,0,0,0,7,2038.713571
HD 95128_7,HD 95128,0.847,0.089,1.394,3.129,13.887,1.07,1.577,0.061825,256.807137,0.912458,0.263617,3.660152726189258e-10,1161.6539588891912,0.32268165524699755,0.17315276127152138,0.5347037518571452,0.001588324580749928,1,1,1,1,1,3,7,2038.713571
HD 95128_8,HD 95128,0.588,0.034,2.182,8.46,13.887,1.07,1.577,,,0.598274,0.046139,4.1072723232660533e-10,inf,inf,0.0,inf,inf,0,0,0,0,0,0,7,2038.713571
HD 38393_0,HD 38393,0.205,0.072,1.088,1.383,8.905,1.23,2.344,,,0.192319,0.614804,1.5666337063109296e-08,inf,inf,0.0,inf,inf,0,0,0,0,0,0,8,2038.716311
HD 38393_1,HD 38393,3.39,0.099,0.656,0.073,8.905,1.23,2.344,,,3.107159,0.882382,2.9817111066124165e-11,inf,inf,0.0,inf,inf,0,0,0,0,0,0,8,2038.716311
HD 38393_3,HD 38393,0.355,0.086,1.549,2.098,8.905,1.23,2.344,,,0.385529,0.07372,1.0036381253699237e-09,inf,inf,0.0,inf,inf,0,0,0,0,0,0,8,2038.716311
HD 38393_4,HD 38393,4.373,0.052,1.208,1.876,8.905,1.23,2.344,,,4.543983,0.635264,3.729338900785322e-11,inf,inf,0.0,inf,inf,0,0,0,0,0,0,8,2038.716311
HD 165341 B_1,HD 165341 B,1.256,0.089,0.5,0.053,5.122,0.78,0.164,,,1.363165,0.179813,1.5575592111674764e-11,inf,inf,0.0,inf,inf,0,0,0,0,0,0,7,2038.723389
HD 165341 B_2,HD 165341 B,4.082,0.042,1.247,0.85,5.122,0.78,0.164,,,4.070749,0.820146,5.527426084891488e-11,inf,inf,0.0,inf,inf,0,0,0,0,0,0,7,2038.723389
HD 165341 B_3,HD 165341 B,0.1,0.077,0.528,0.124,5.122,0.78,0.164,,,0.093068,0.276284,6.9349190901630155e-09,inf,inf,0.0,inf,inf,0,0,0,0,0,0,7,2038.723389
HD 165341 B_4,HD 165341 B,0.76,0.117,1.137,2.374,5.122,0.78,0.164,0.140561,251.840471,0.829713,0.108882,1.383193169218391e-10,10178.38912373122,2.827330312147561,0.042248582076269,0.3280714967114099,0.00021077621311169163,1,1,1,1,1,4,7,2038.723389
HD 210302_0,HD 210302,0.937,0.087,1.293,2.482,18.458,1.25,2.918,,,0.967267,0.165476,1.9520593572437869e-10,inf,inf,0.0,inf,inf,0,0,0,0,0,0,7,2038.732423
HD 210302_1,HD 210302,0.316,0.034,0.672,0.291,18.458,1.25,2.918,,,0.315377,0.412111,1.2420122643987367e-09,inf,inf,0.0,inf,inf,0,0,0,0,0,0,7,2038.732423
HD 210302_2,HD 210302,0.162,0.125,0.82,0.565,18.458,1.25,2.918,,,0.146293,0.011215,2.102414430207217e-10,inf,inf,0.0,inf,inf,0,0,0,0,0,0,7,2038.732423
HD 210302_3,HD 210302,0.925,0.123,2.909,15.97,18.458,1.25,2.918,,,0.811553,0.603123,6.689891738889114e-09,inf,inf,0.0,inf,inf,0,0,0,0,0,0,7,2038.732423
HD 210302_4,HD 210302,1.629,0.122,1.727,5.061,18.458,1.25,2.918,,,1.443755,0.902982,1.0029345873091494e-09,inf,inf,0.0,inf,inf,0,0,0,0,0,0,7,2038.732423
HD 20766_0,HD 20766,1.336,0.161,1.674,3.092,12.045,1.01,0.794,0.093088,80.885892,1.232782,0.596912,6.028475897294462e-10,462.3422200803247,0.12842839446675686,0.2626346875834094,0.3880291118634982,0.0006104936474589471,1,1,1,1,1,5,6,2038.752263
HD 20766_1,HD 20766,0.327,0.097,2.659,6.922,12.045,1.01,0.794,,,0.357696,0.995614,3.163086325243805e-08,inf,inf,0.0,inf,inf,0,0,0,0,0,0,6,2038.752263
HD 20766_4,HD 20766,1.915,0.031,0.912,0.441,12.045,1.01,0.794,,,1.91797,0.003549,5.253603434165296e-13,inf,inf,0.0,inf,inf,0,0,0,0,0,1,6,2038.752263
HD 190360_0,HD 190360,0.922,0.17,1.79,3.759,16.003,0.96,1.165,,,0.992684,0.831175,1.7694418318214936e-09,inf,inf,0.0,inf,inf,0,0,0,0,0,1,8,2038.76252
HD 190360_1,HD 190360,3.764,0.081,1.071,1.582,16.003,0.96,1.165,,,3.956788,0.322118,1.750586919721971e-11,inf,inf,0.0,inf,inf,0,0,0,0,0,0,8,2038.76252
HD 190360_3,HD 190360,3.632,0.139,2.733,10.267,16.003,0.96,1.165,0.079409,95.289763,3.346895,0.933091,5.371284963381948e-10,973.4360646749897,0.2703989068541638,0.16879387398357787,0.39678145356348854,0.0006688425921255493,1,1,1,1,1,5,8,2038.76252
HD 190360_4,HD 190360,1.735,0.021,0.534,0.045,16.003,0.96,1.165,,,1.698959,0.481996,2.2799008575702194e-11,inf,inf,0.0,inf,inf,0,0,0,0,0,0,8,2038.76252
HD 190360_5,HD 190360,0.581,0.08,1.934,2.88,16.003,0.96,1.165,,,0.536316,0.025374,2.7767016950149197e-10,inf,inf,0.0,inf,inf,0,0,0,0,0,0,8,2038.76252
HD 30495_0,HD 30495,1.934,0.08,0.989,1.288,13.24,1.04,0.966,,,1.807704,0.033896,7.084441962708081e-12,inf,inf,0.0,inf,inf,0,0,0,0,0,2,6,2038.765842
HD 30495_2,HD 30495,0.416,0.06,1.179,0.557,13.24,1.04,0.966,,,0.399597,0.426875,2.1971222715329195e-09,inf,inf,0.0,inf,inf,0,0,0,0,0,0,6,2038.765842
HD 30495_3,HD 30495,1.848,0.089,0.623,0.48,13.24,1.04,0.966,,,1.954966,0.014919,1.077135092577153e-12,inf,inf,0.0,inf,inf,0,0,0,0,0,0,6,2038.765842
HD 201092_1,HD 201092,2.708,0.059,2.37,8.514,3.496,0.63,0.078,0.734025,144.012883,2.861951,0.573578,2.682283084492747e-10,2742.520234373143,0.7618111762147619,0.08608374916130805,0.3285499697104085,0.00021396603310501602,1,1,1,1,1,3,5,2038.768582
HD 26965 A_1,HD 26965 A,0.482,0.058,1.38,2.403,5.01,0.86,0.41,0.09175,67.837598,0.48765,0.458882,2.8192616708660906e-09,16.205164307455654,0.004501434529848793,3.4759399530582016,0.519807068695772,0.0014890133596741051,1,1,1,1,1,7,7,2038.771322
HD 26965 A_2,HD 26965 A,0.345,0.049,0.5,0.06,5.01,0.86,0.41,0.061443,118.511664,0.356538,0.112004,1.6339457011405668e-10,2735.7788859801867,0.7599385794389407,0.125120982459192,0.7264640259298883,0.002866726407901548,1,1,1,1,1,5,7,2038.771322
HD 128621_0,HD 128621,0.181,0.076,0.591,0.281,1.332,0.94,0.503,0.138723,206.150912,0.179814,0.245602,1.8910506912091445e-09,1.1842021733993893,0.000328945048166497,43.94654443043558,2.7275975117945896,0.016207616313666223,1,1,1,1,1,8,8,2038.782287
HD 128621_1,HD 128621,3.969,0.152,0.756,0.624,1.332,0.94,0.503,,,4.460227,0.563719,1.051543529502456e-11,inf,inf,0.0,inf,inf,0,0,0,0,0,0,8,2038.782287
HD 128621_3,HD 128621,4.377,0.084,0.667,0.424,1.332,0.94,0.503,,,4.372473,0.410726,7.158986070467743e-12,inf,inf,0.0,inf,inf,0,0,0,0,0,0,8,2038.782287
HD 128621_4,HD 128621,1.135,0.055,1.179,1.502,1.332,0.94,0.503,0.871124,8.312195,1.161978,0.335432,1.885190028722165e-10,17.154181297523657,0.004765050360423238,4.560174765081783,2.7154563218704313,0.016126675047505167,1,1,1,1,1,7,8,2038.782287
HD 20630_1,HD 20630,0.648,0.142,1.547,4.726,9.276,0.98,0.857,,,0.560748,0.154958,7.99987054438897e-10,inf,inf,0.0,inf,inf,0,0,0,0,0,3,7,2038.824675
HD 20630_5,HD 20630,1.387,0.083,0.621,0.63,9.276,0.98,0.857,,,1.41988,0.536777,6.201111492421665e-11,inf,inf,0.0,inf,inf,0,0,0,0,0,0,7,2038.824675
HD 115617_0,HD 115617,1.956,0.004,0.732,1.017,8.534,0.97,0.825,,,1.948378,0.228188,2.0970816461962212e-11,inf,inf,0.0,inf,inf,0,0,0,0,0,0,8,2038.840796
HD 115617_1,HD 115617,0.76,0.09,2.931,6.157,8.534,0.97,0.825,0.078574,66.926756,0.729054,0.179246,1.5762847680924779e-09,53.10737057127351,0.01475204738090931,1.300876502476418,0.5331244285985138,0.0015777957590257183,1,1,1,1,1,8,8,2038.840796
HD 115617_2,HD 115617,0.621,0.047,0.562,0.059,8.534,0.97,0.825,,,0.631231,0.958862,4.3973919136535893e-10,inf,inf,0.0,inf,inf,0,0,0,0,0,2,8,2038.840796
HD 115617_3,HD 115617,0.199,0.073,3.38,12.207,8.534,0.97,0.825,,,0.184533,0.033074,6.902735743225577e-09,inf,inf,0.0,inf,inf,0,0,0,0,0,0,8,2038.840796
HD 115617_4,HD 115617,2.599,0.104,0.763,0.174,8.534,0.97,0.825,,,2.623487,0.238588,1.3908324703248441e-11,inf,inf,0.0,inf,inf,0,0,0,0,0,0,8,2038.840796
HD 115617_5,HD 115617,2.098,0.045,1.487,3.177,8.534,0.97,0.825,0.236325,332.796695,2.036577,0.34201,1.494683031632887e-10,1086.8362829752502,0.30189896749312506,0.15938435992025546,0.4035172476581006,0.0007137478860896301,1,1,1,1,1,6,8,2038.840796
HD 115617_6,HD 115617,3.003,0.084,0.942,0.936,8.534,0.97,0.825,,,2.750905,0.58687,4.69279933410419e-11,inf,inf,0.0,inf,inf,0,0,0,0,0,0,8,2038.840796
HD 10360_0,HD 10360,0.111,0.132,2.009,6.936,8.189,0.78,0.345,,,0.113824,0.611303,1.1224991183460222e-07,inf,inf,0.0,inf,inf,0,0,0,0,0,0,7,2038.870069
HD 10360_1,HD 10360,0.559,0.036,0.525,0.063,8.189,0.78,0.345,,,0.566886,0.944536,6.626345228667668e-10,inf,inf,0.0,inf,inf,0,0,0,0,0,1,7,2038.870069
HD 10360_2,HD 10360,3.873,0.13,2.182,7.34,8.189,0.78,0.345,,,4.371277,0.624537,9.45470879372652e-11,inf,inf,0.0,inf,inf,0,0,0,0,0,5,7,2038.870069
HD 10360_4,HD 10360,0.185,0.028,3.239,14.497,8.189,0.78,0.345,,,0.183162,0.651911,1.0167680780411558e-07,inf,inf,0.0,inf,inf,0,0,0,0,0,0,7,2038.870069
HD 10360_5,HD 10360,2.33,0.067,0.679,0.17,8.189,0.78,0.345,,,2.474073,0.30264,1.2650700159624988e-11,inf,inf,0.0,inf,inf,0,0,0,0,0,0,7,2038.870069
HD 128167_0,HD 128167,1.283,0.14,1.15,1.29,15.756,1.39,3.182,,,1.154639,0.062963,4.383827891944149e-11,inf,inf,0.0,inf,inf,0,0,0,0,0,3,5,2038.872809
HD 128167_2,HD 128167,3.433,0.063,1.328,2.483,15.756,1.39,3.182,,,3.353684,0.128351,1.047576484266472e-11,inf,inf,0.0,inf,inf,0,0,0,0,0,0,5,2038.872809
HD 128167_3,HD 128167,4.878,0.117,2.132,5.678,15.756,1.39,3.182,,,4.307693,0.485517,7.010103272986213e-11,inf,inf,0.0,inf,inf,0,0,0,0,0,1,5,2038.872809
HD 128167_4,HD 128167,1.323,0.044,1.923,2.477,15.756,1.39,3.182,,,1.373739,0.062213,9.573550864427388e-11,inf,inf,0.0,inf,inf,0,0,0,0,0,1,5,2038.872809
HD 84737_0,HD 84737,0.596,0.087,1.352,1.551,18.823,1.08,2.795,,,0.63546,0.456459,1.2778661885908197e-09,inf,inf,0.0,inf,inf,0,0,0,0,0,0,7,2038.899749
HD 84737_1,HD 84737,3.025,0.071,1.189,1.926,18.823,1.08,2.795,,,3.099431,0.730663,5.830961460924066e-11,inf,inf,0.0,inf,inf,0,0,0,0,0,0,7,2038.899749
HD 84737_2,HD 84737,1.078,0.014,1.079,0.698,18.823,1.08,2.795,,,1.090575,0.597251,4.400362807322179e-10,inf,inf,0.0,inf,inf,0,0,0,0,0,0,7,2038.899749
HD 84737_3,HD 84737,3.774,0.025,0.833,0.848,18.823,1.08,2.795,,,3.848355,0.472325,1.681694380865637e-11,inf,inf,0.0,inf,inf,0,0,0,0,0,0,7,2038.899749
HD 84737_4,HD 84737,0.254,0.074,3.133,13.741,18.823,1.08,2.795,,,0.267062,0.20113,1.9528786737553837e-08,inf,inf,0.0,inf,inf,0,0,0,0,0,0,7,2038.899749
HD 84737_5,HD 84737,2.993,0.205,0.508,0.086,18.823,1.08,2.795,,,2.392939,0.089546,2.4958322765294804e-12,inf,inf,0.0,inf,inf,0,0,0,0,0,0,7,2038.899749
HD 4628_0,HD 4628,0.299,0.054,1.741,4.304,7.435,0.78,0.3,,,0.314007,0.418142,1.1586508989064037e-08,inf,inf,0.0,inf,inf,0,0,0,0,0,0,5,2038.903215
HD 4628_1,HD 4628,4.258,0.031,1.273,1.784,7.435,0.78,0.3,,,4.185135,0.553345,3.1383574307326375e-11,inf,inf,0.0,inf,inf,0,0,0,0,0,0,5,2038.903215
HD 4628_4,HD 4628,4.069,0.034,0.981,0.876,7.435,0.78,0.3,,,3.947197,0.336366,1.5298549386149434e-11,inf,inf,0.0,inf,inf,0,0,0,0,0,0,5,2038.903215
HD 4628_5,HD 4628,3.681,0.025,0.897,0.617,7.435,0.78,0.3,,,3.760514,0.25296,9.736522989544952e-12,inf,inf,0.0,inf,inf,0,0,0,0,0,0,5,2038.903215
HD 4628_6,HD 4628,1.476,0.055,1.942,4.324,7.435,0.78,0.3,,,1.395508,0.008753,1.0944472592696629e-11,inf,inf,0.0,inf,inf,0,0,0,0,0,3,5,2038.903215
HD 156026_0,HD 156026,3.18,0.093,3.171,14.895,5.954,0.68,0.158,0.502162,359.858418,3.021251,0.252864,1.3488666680207936e-10,14838.854336060092,4.121903982238915,0.03431760409593659,0.3219020356969237,0.00016964647301511736,1,0,1,1,1,6,6,2038.905954
HD 156026_1,HD 156026,0.564,0.081,0.509,0.042,5.954,0.68,0.158,,,0.541804,0.140453,8.543160350148997e-11,inf,inf,0.0,inf,inf,0,0,0,0,0,2,6,2038.905954
HD 156026_2,HD 156026,0.423,0.044,0.607,0.379,5.954,0.68,0.158,,,0.441565,0.016011,1.509051198094403e-11,inf,inf,0.0,inf,inf,0,0,0,0,0,0,6,2038.905954
HD 156026_3,HD 156026,1.001,0.06,2.318,7.224,5.954,0.68,0.158,0.17745,36.405203,1.055768,0.330943,1.1370724692062149e-09,364.94766409232886,0.10137435113675802,0.28560186558392736,0.3219020474751601,0.00016964655153669337,1,1,1,1,1,6,6,2038.905954
HD 156026_5,HD 156026,1.693,0.124,2.972,9.407,5.954,0.68,0.158,0.271665,90.007915,1.652275,0.424388,7.520641637460601e-10,689.3790313300502,0.1914941753694584,0.19092503413134732,0.3219020356969237,0.00016964647301511736,1,1,1,1,1,6,6,2038.905954
HD 17925_0,HD 17925,1.472,0.037,0.676,0.068,10.361,0.82,0.401,,,1.507412,0.224845,3.0179512866216625e-11,inf,inf,0.0,inf,inf,0,0,0,0,0,0,7,2038.908694
HD 17925_2,HD 17925,0.735,0.099,0.938,0.945,10.361,0.82,0.401,,,0.79101,0.973965,9.861142655664995e-10,inf,inf,0.0,inf,inf,0,0,0,0,0,2,7,2038.908694
HD 17925_3,HD 17925,0.561,0.086,1.065,2.041,10.361,0.82,0.401,,,0.599236,0.470699,1.1217381097549094e-09,inf,inf,0.0,inf,inf,0,0,0,0,0,0,7,2038.908694
HD 17925_4,HD 17925,0.848,0.062,1.424,1.901,10.361,0.82,0.401,,,0.871008,0.961803,1.6505056552575992e-09,inf,inf,0.0,inf,inf,0,0,0,0,0,4,7,2038.908694
HD 17925_6,HD 17925,3.618,0.076,0.719,0.216,10.361,0.82,0.401,,,3.653916,0.180029,4.386975302698096e-12,inf,inf,0.0,inf,inf,0,0,0,0,0,0,7,2038.908694
HD 134083_0,HD 134083,0.116,0.07,1.9,7.058,19.536,1.33,3.255,,,0.12348,0.423414,6.908938856060921e-08,inf,inf,0.0,inf,inf,0,0,0,0,0,0,7,2038.912309
HD 134083_1,HD 134083,0.36,0.097,1.358,2.746,19.536,1.33,3.255,,,0.33198,0.288242,2.8254499936148055e-09,inf,inf,0.0,inf,inf,0,0,0,0,0,0,7,2038.912309
HD 134083_3,HD 134083,0.749,0.13,0.881,0.684,19.536,1.33,3.255,,,0.834265,0.035588,2.511998709504673e-11,inf,inf,0.0,inf,inf,0,0,0,0,0,0,7,2038.912309
HD 134083_4,HD 134083,0.959,0.114,0.591,0.338,19.536,1.33,3.255,,,1.038213,0.092807,2.3616953431893733e-11,inf,inf,0.0,inf,inf,0,0,0,0,0,0,7,2038.912309
HD 128620_0,HD 128620,1.567,0.074,0.945,0.738,1.332,1.11,1.521,,,1.490602,0.099353,2.9186238257838677e-11,inf,inf,0.0,inf,inf,0,0,0,0,0,1,7,2038.916849
HD 128620_1,HD 128620,1.266,0.016,1.198,6.221,1.332,1.11,1.521,0.94307,132.238259,1.257599,0.377748,2.0951422088318024e-10,4.176178859576904,0.0011600496832158066,17.540514459684115,8.668587585131624,0.05581421680257977,1,1,1,1,1,4,7,2038.916849
HD 37394_0,HD 37394,1.839,0.051,0.552,0.164,12.27,0.88,0.478,,,1.765949,0.011427,6.803650930604478e-13,inf,inf,0.0,inf,inf,0,0,0,0,0,0,8,2038.943348
HD 37394_1,HD 37394,0.501,0.058,1.934,5.969,12.27,0.88,0.478,,,0.478289,0.079202,5.989116886704405e-10,inf,inf,0.0,inf,inf,0,0,0,0,0,0,8,2038.943348
HD 37394_3,HD 37394,1.245,0.044,1.502,2.038,12.27,0.88,0.478,0.091747,154.772725,1.224375,0.224314,2.3020098466271626e-10,6128.043467092073,1.7022342964144648,0.05598868096434162,0.33562959987343244,0.0002611635675251756,1,1,1,1,1,4,8,2038.943348
HD 37394_5,HD 37394,0.152,0.102,1.111,1.488,12.27,0.88,0.478,,,0.166418,0.508258,1.3557525481251534e-08,inf,inf,0.0,inf,inf,0,0,0,0,0,0,8,2038.943348
HD 37394_9,HD 37394,0.863,0.077,0.726,0.552,12.27,0.88,0.478,,,0.922094,0.089617,4.6750313819909675e-11,inf,inf,0.0,inf,inf,0,0,0,0,0,2,8,2038.943348
HD 37394_10,HD 37394,0.093,0.059,3.205,15.21,12.27,0.88,0.478,,,0.097104,0.727264,4.741729287427337e-07,inf,inf,0.0,inf,inf,0,0,0,0,0,0,8,2038.943348
HD 37394_11,HD 37394,1.171,0.065,2.415,5.91,12.27,0.88,0.478,0.089536,91.521912,1.156409,0.177291,5.328844404262904e-10,1514.7818516365442,0.4207727365657067,0.12312492947675262,0.3453612192781603,0.00032604103022336147,1,1,1,1,1,8,8,2038.943348
HD 37394_15,HD 37394,0.222,0.142,1.093,0.563,12.27,0.88,0.478,,,0.226248,0.292675,4.459759025374045e-09,inf,inf,0.0,inf,inf,0,0,0,0,0,0,8,2038.943348
HD 37394_16,HD 37394,2.623,0.055,2.621,9.008,12.27,0.88,0.478,0.092982,96.432259,2.69853,0.917461,7.299142439805482e-10,859.3921398792714,0.23872003885535317,0.17116520956099937,0.34259157285636554,0.0003075767207447295,1,1,1,1,1,5,8,2038.943348
HD 20807_0,HD 20807,0.337,0.072,1.793,3.234,12.039,1.07,1.017,,,0.316302,0.270584,5.676913243678712e-09,inf,inf,0.0,inf,inf,0,0,0,0,0,0,7,2038.949615
HD 20807_1,HD 20807,1.546,0.069,0.954,0.846,12.039,1.07,1.017,0.125532,213.432348,1.593304,0.530921,1.4982050164155782e-10,2460.8842668273173,0.6835789630075881,0.09595912113294573,0.3659654577389315,0.000463402619961836,1,1,1,1,1,5,7,2038.949615
HD 20807_2,HD 20807,2.979,0.055,2.038,8.298,12.039,1.07,1.017,0.202583,307.987588,2.82514,0.614825,2.0599672159050643e-10,1285.3787189756858,0.35704964415991275,0.13846214085438538,0.3641936456658592,0.0004515905394746874,1,1,1,1,1,3,7,2038.949615
HD 53705_0,HD 53705,0.273,0.081,1.735,2.717,17.059,1.04,1.49,,,0.284631,0.19272,5.415631028016768e-09,inf,inf,0.0,inf,inf,0,0,0,0,0,0,5,2038.953194
HD 53705_1,HD 53705,2.604,0.083,3.306,16.05,17.059,1.04,1.49,0.135251,249.085426,2.45134,0.16176,2.155778264095362e-10,2048.8382728750894,0.5691217424653026,0.10383418095674046,0.3467442219783302,0.0003352610482244938,1,1,1,1,1,5,5,2038.953194
HD 53705_2,HD 53705,1.597,0.089,2.478,13.971,17.059,1.04,1.49,0.096282,160.727125,1.636316,0.229435,4.294305760693376e-10,803.0295401839467,0.2230637611622074,0.1846407397123551,0.3738606406482263,0.0005160371726904676,1,1,1,1,1,5,5,2038.953194
HD 53705_3,HD 53705,0.715,0.026,1.359,2.038,17.059,1.04,1.49,,,0.724123,0.579716,1.3072427543713093e-09,inf,inf,0.0,inf,inf,0,0,0,0,0,0,5,2038.953194
HD 53705_4,HD 53705,0.527,0.092,2.437,10.745,17.059,1.04,1.49,,,0.52369,0.29582,4.031544458767509e-09,inf,inf,0.0,inf,inf,0,0,0,0,0,0,5,2038.953194
HD 693_0,HD 693,1.045,0.058,1.136,2.579,18.886,1.18,2.997,,,0.997889,0.113696,9.540218232510935e-11,inf,inf,0.0,inf,inf,0,0,0,0,0,0,6,2038.964147
HD 693_1,HD 693,0.139,0.106,2.768,7.407,18.886,1.18,2.997,,,0.145647,0.37114,9.116993407787452e-08,inf,inf,0.0,inf,inf,0,0,0,0,0,0,6,2038.964147
HD 693_3,HD 693,1.448,0.069,1.975,3.042,18.886,1.18,2.997,0.060799,81.011311,1.351666,0.099914,1.176103287015062e-10,10480.267132753537,2.9111853146537605,0.055760621605051984,0.5735026037391212,0.0018469835932964345,1,1,1,1,1,2,6,2038.964147
HD 693_4,HD 693,1.744,0.105,1.392,2.348,18.886,1.18,2.997,,,1.700603,0.014602,5.500298567697689e-12,inf,inf,0.0,inf,inf,0,0,0,0,0,2,6,2038.964147
HD 693_5,HD 693,2.909,0.1,1.423,2.794,18.886,1.18,2.997,,,3.178199,0.178884,2.6535713779985328e-11,inf,inf,0.0,inf,inf,0,0,0,0,0,1,6,2038.964147
HD 693_6,HD 693,2.914,0.024,0.574,0.316,18.886,1.18,2.997,,,2.968393,0.398364,1.1913846413160818e-11,inf,inf,0.0,inf,inf,0,0,0,0,0,0,6,2038.964147
HD 693_7,HD 693,3.93,0.01,2.298,5.004,18.886,1.18,2.997,0.1444,312.87268,3.892856,0.732842,1.6303019768030012e-10,1215.667180089143,0.3376853278025397,0.14703424848085006,0.3888634397329845,0.0006160558332555225,1,1,1,1,1,3,6,2038.964147
HD 155886_1,HD 155886,0.511,0.064,0.698,0.549,5.952,0.85,0.327,0.082554,273.655731,0.540659,0.17546,1.6548174441302134e-10,2459.3314161615135,0.6831476156004204,0.10531391272453651,0.4488120137383533,0.0010157129932913144,1,1,1,1,1,7,7,2038.966887
HD 155886_2,HD 155886,0.232,0.069,1.589,4.704,5.952,0.85,0.327,,,0.244102,0.846598,2.654576344676576e-08,inf,inf,0.0,inf,inf,0,0,0,0,0,0,7,2038.966887
HD 155886_3,HD 155886,1.253,0.044,2.915,7.774,5.952,0.85,0.327,0.189062,335.965124,1.224399,0.534918,2.3040124986355103e-09,33.02544600661911,0.009173735001838643,1.7939388847618023,0.3750937240069115,0.0005242577284150357,1,1,1,1,1,7,7,2038.966887
HD 155886_4,HD 155886,0.305,0.028,0.94,0.937,5.952,0.85,0.327,,,0.310845,0.065693,4.3472077308882185e-10,inf,inf,0.0,inf,inf,0,0,0,0,0,0,7,2038.966887
HD 155886_5,HD 155886,0.201,0.128,1.339,2.779,5.952,0.85,0.327,,,0.226727,0.083179,1.883651071249356e-09,inf,inf,0.0,inf,inf,0,0,0,0,0,0,7,2038.966887
HD 155886_6,HD 155886,0.316,0.044,0.948,1.735,5.952,0.85,0.327,,,0.315191,0.261136,1.572366296879076e-09,inf,inf,0.0,inf,inf,0,0,0,0,0,0,7,2038.966887
HD 155886_7,HD 155886,0.59,0.079,3.352,16.163,5.952,0.85,0.327,0.102804,321.188261,0.631485,0.359123,6.643345540281564e-09,11.20474956674004,0.0031124304352055667,4.733847246678732,0.3904484305907061,0.0006266224389736665,1,1,1,1,1,7,7,2038.966887
HD 155886_8,HD 155886,3.879,0.087,2.635,16.445,5.952,0.85,0.327,0.589793,23.618792,3.59182,0.46017,1.45977321267276e-10,1823.8148052579206,0.5066152236827557,0.11478167857627498,0.37509372284975473,0.0005242577207006576,1,1,1,1,1,3,7,2038.966887
HD 142860_0,HD 142860,0.405,0.081,2.385,6.459,11.254,1.25,3.039,,,0.400505,0.00823,2.0059876869905297e-10,inf,inf,0.0,inf,inf,0,0,0,0,0,0,6,2038.970253
HD 142860_2,HD 142860,3.184,0.073,1.146,0.989,11.254,1.25,3.039,,,2.952381,0.390707,4.057053040099377e-11,inf,inf,0.0,inf,inf,0,0,0,0,0,0,6,2038.970253
HD 142860_3,HD 142860,0.465,0.068,1.963,1.786,11.254,1.25,3.039,,,0.444001,0.527505,7.087463557740053e-09,inf,inf,0.0,inf,inf,0,0,0,0,0,0,6,2038.970253
HD 142860_5,HD 142860,0.92,0.074,2.443,8.017,11.254,1.25,3.039,,,0.856773,0.035381,2.2329468618299545e-10,inf,inf,0.0,inf,inf,0,0,0,0,0,3,6,2038.970253
HD 142860_6,HD 142860,0.627,0.092,3.102,5.436,11.254,1.25,3.039,,,0.677145,0.009492,1.0657617421554159e-10,inf,inf,0.0,inf,inf,0,0,0,0,0,0,6,2038.970253
HD 7570_0,HD 7570,3.031,0.054,1.134,3.652,15.261,1.14,2.004,,,3.167891,0.364877,3.0611997869443946e-11,inf,inf,0.0,inf,inf,0,0,0,0,0,0,7,2038.975025
HD 7570_1,HD 7570,0.15,0.071,0.941,0.218,15.261,1.14,2.004,,,0.148594,0.046722,1.6005583545645615e-09,inf,inf,0.0,inf,inf,0,0,0,0,0,0,7,2038.975025
HD 7570_2,HD 7570,1.977,0.063,1.73,3.716,15.261,1.14,2.004,0.123327,311.504695,1.994338,0.484201,2.3987176464332295e-10,734.8188641332966,0.20411635114813795,0.19698933741421357,0.3846849691144556,0.0005881993624653299,1,1,1,1,1,4,7,2038.975025
HD 7570_3,HD 7570,3.034,0.079,1.364,1.913,15.261,1.14,2.004,,,3.172254,0.27547,3.4453028450065085e-11,inf,inf,0.0,inf,inf,0,0,0,0,0,0,7,2038.975025
HD 7570_4,HD 7570,0.569,0.099,0.726,0.483,15.261,1.14,2.004,,,0.572385,0.542976,6.067750428818964e-10,inf,inf,0.0,inf,inf,0,0,0,0,0,0,7,2038.975025
HD 23249_0,HD 23249,2.38,0.039,0.804,0.586,9.089,0.87,2.941,,,2.459062,0.720013,5.081202705025591e-11,inf,inf,0.0,inf,inf,0,0,0,0,0,0,6,2039.007774
HD 23249_1,HD 23249,2.348,0.031,1.487,3.029,9.089,0.87,2.941,,,2.303976,0.011169,3.3581505343109624e-12,inf,inf,0.0,inf,inf,0,0,0,0,0,3,6,2039.007774
HD 190248_1,HD 190248,1.11,0.055,1.408,3.629,6.099,0.94,1.25,0.170786,52.657623,1.062656,0.317236,3.6160775176019207e-10,66.85128821599534,0.018569802282220927,1.1308602941078558,0.6135844841264483,0.002114196129211948,1,1,1,1,1,5,7,2039.010514
HD 190248_2,HD 190248,3.754,0.072,1.017,1.24,6.099,0.94,1.25,,,3.502689,0.591667,3.835604628988064e-11,inf,inf,0.0,inf,inf,0,0,0,0,0,0,7,2039.010514
HD 190248_3,HD 190248,1.406,0.139,0.51,0.568,6.099,0.94,1.25,,,1.490925,0.181289,1.427336875233043e-11,inf,inf,0.0,inf,inf,0,0,0,0,0,2,7,2039.010514
HD 192310_0,HD 192310,1.267,0.07,0.641,0.14,8.812,0.77,0.404,0.106959,171.374434,1.282858,0.732123,1.1271285907881138e-10,9923.410050014236,2.756502791670621,0.043965524861587744,0.3463962596878656,0.0003329412996213962,1,1,1,1,1,2,8,2039.033932
HD 192310_1,HD 192310,1.472,0.082,2.73,7.674,8.812,0.77,0.404,0.169684,317.082513,1.592214,0.166987,3.142905930440943e-10,1316.749115245254,0.36576364312368165,0.13251671645660523,0.3392741486869928,0.0002854605596155779,1,1,1,1,1,8,8,2039.033932
HD 192310_2,HD 192310,0.631,0.109,2.544,13.411,8.812,0.77,0.404,0.075355,111.841181,0.690252,0.387303,3.959767190311937e-09,51.751193449588584,0.014375331513774606,1.2497996845896788,0.3998762333218226,0.0006894744571811098,1,1,1,1,1,5,8,2039.033932
HD 192310_3,HD 192310,0.091,0.084,2.458,12.572,8.812,0.77,0.404,,,0.08404,0.053209,3.046161127171718e-08,inf,inf,0.0,inf,inf,0,0,0,0,0,0,8,2039.033932
HD 131977_0,HD 131977,2.114,0.033,1.305,3.47,5.886,0.72,0.223,0.324991,302.501496,2.13933,0.578545,1.5070999723583626e-10,4720.741716310364,1.3113171434195454,0.06481373208706433,0.33951130403382745,0.0002870415952611424,1,1,1,1,1,3,5,2039.036672
HD 141004_0,HD 141004,2.629,0.092,2.901,8.518,11.916,1.09,2.004,0.172981,153.900045,2.533032,0.645681,5.74454349091212e-10,93.33640214624624,0.02592677837395729,0.8098177253472545,0.4392906151601679,0.0009522370027700783,1,1,1,1,1,3,6,2039.045431
HD 141004_1,HD 141004,0.651,0.071,0.654,0.168,11.916,1.09,2.004,,,0.639111,0.114139,7.608481435755449e-11,inf,inf,0.0,inf,inf,0,0,0,0,0,0,6,2039.045431
HD 141004_2,HD 141004,4.426,0.098,1.019,2.941,11.916,1.09,2.004,,,4.59437,0.180429,6.712620120977855e-12,inf,inf,0.0,inf,inf,0,0,0,0,0,0,6,2039.045431
HD 141004_3,HD 141004,4.115,0.06,0.578,0.125,11.916,1.09,2.004,,,3.988082,0.628794,7.0665911178385355e-12,inf,inf,0.0,inf,inf,0,0,0,0,0,0,6,2039.045431
HD 141004_4,HD 141004,3.163,0.091,1.732,4.206,11.916,1.09,2.004,,,2.96958,0.259676,5.367042167752158e-11,inf,inf,0.0,inf,inf,0,0,0,0,0,0,6,2039.045431
HD 217987_0,HD 217987,3.278,0.032,3.1,17.272,3.287,0.49,0.036,0.983055,33.984646,3.319554,0.435304,2.4579695084074356e-10,27857.773053238114,7.738270292566143,0.024110522218222432,0.30626432131490483,6.539504380165811e-05,1,0,1,1,1,3,5,2039.058867
HD 217987_1,HD 217987,0.104,0.158,2.049,6.333,3.287,0.49,0.036,,,0.094168,0.062383,2.0087249658141073e-08,inf,inf,0.0,inf,inf,0,0,0,0,0,0,5,2039.058867
HD 30495_0,HD 30495,1.934,0.08,0.989,1.288,13.24,1.04,0.966,,,1.780937,0.024785,5.3370485231221975e-12,inf,inf,0.0,inf,inf,0,0,0,0,0,2,7,2039.061607
HD 30495_2,HD 30495,0.416,0.06,1.179,0.557,13.24,1.04,0.966,,,0.418002,0.088341,4.155326569973068e-10,inf,inf,0.0,inf,inf,0,0,0,0,0,0,7,2039.061607
HD 30495_3,HD 30495,1.848,0.089,0.623,0.48,13.24,1.04,0.966,,,1.843926,0.074722,6.06426807721869e-12,inf,inf,0.0,inf,inf,0,0,0,0,0,0,7,2039.061607
HD 19373_0,HD 19373,0.74,0.034,3.212,9.93,10.577,1.08,2.23,,,0.727275,0.039576,7.05608034166046e-10,inf,inf,0.0,inf,inf,0,0,0,0,0,1,6,2039.083344
HD 19373_2,HD 19373,0.724,0.048,1.483,3.085,10.577,1.08,2.23,,,0.695446,0.047555,1.7295791153782203e-10,inf,inf,0.0,inf,inf,0,0,0,0,0,1,6,2039.083344
HD 19373_3,HD 19373,0.676,0.061,1.037,1.075,10.577,1.08,2.23,,,0.698151,0.013996,2.542529230916883e-11,inf,inf,0.0,inf,inf,0,0,0,0,0,1,6,2039.083344
HD 19373_6,HD 19373,0.114,0.04,2.433,8.086,10.577,1.08,2.23,,,0.114495,0.047318,1.2245591550906432e-08,inf,inf,0.0,inf,inf,0,0,0,0,0,0,6,2039.083344
HD 19373_7,HD 19373,2.87,0.048,1.622,2.945,10.577,1.08,2.23,,,2.887535,0.132261,3.004830486744869e-11,inf,inf,0.0,inf,inf,0,0,0,0,0,2,6,2039.083344
HD 86728 A_0,HD 86728 A,0.138,0.113,0.53,0.078,14.926,1.0,1.378,,,0.122412,2.1e-05,1.871277217940583e-13,inf,inf,0.0,inf,inf,0,0,0,0,0,0,6,2039.090795
HD 86728 A_1,HD 86728 A,1.194,0.049,0.519,0.144,14.926,1.0,1.378,,,1.252362,0.052705,5.43380857533327e-12,inf,inf,0.0,inf,inf,0,0,0,0,0,0,6,2039.090795
HD 86728 A_2,HD 86728 A,1.586,0.024,0.736,0.367,14.926,1.0,1.378,,,1.571281,0.089875,1.0192613874780865e-11,inf,inf,0.0,inf,inf,0,0,0,0,0,0,6,2039.090795
HD 86728 A_3,HD 86728 A,0.34,0.077,0.971,1.901,14.926,1.0,1.378,,,0.345825,0.28224,1.5133043718825603e-09,inf,inf,0.0,inf,inf,0,0,0,0,0,0,6,2039.090795
HD 86728 A_4,HD 86728 A,3.143,0.15,2.985,16.709,14.926,1.0,1.378,0.224833,42.249846,3.361378,0.291416,1.3920863189649584e-10,3191.8415321453676,0.8866226478181577,0.08201747849629228,0.3556706592835782,0.0003947706302594808,1,1,1,1,1,3,6,2039.090795
HD 86728 A_5,HD 86728 A,0.238,0.132,1.155,6.008,14.926,1.0,1.378,,,0.232249,0.977858,1.4035686094324757e-08,inf,inf,0.0,inf,inf,0,0,0,0,0,0,6,2039.090795
HD 86728 A_6,HD 86728 A,2.84,0.137,2.462,3.621,14.926,1.0,1.378,0.156552,303.803406,2.454182,0.475079,2.8268168014548317e-10,947.6217136809544,0.2632282538002651,0.16393893656907618,0.3556737225175243,0.00039479105181912144,1,1,1,1,1,4,6,2039.090795
HD 50692_0,HD 50692,3.95,0.04,2.831,10.297,17.405,1.08,1.293,,,3.878666,0.074421,2.6461341137426385e-11,inf,inf,0.0,inf,inf,0,0,0,0,0,1,5,2039.095742
HD 50692_1,HD 50692,0.28,0.064,0.734,0.092,17.405,1.08,1.293,,,0.273348,0.725579,2.2867219298056873e-09,inf,inf,0.0,inf,inf,0,0,0,0,0,0,5,2039.095742
HD 50692_2,HD 50692,0.513,0.081,1.798,3.652,17.405,1.08,1.293,,,0.509542,0.020808,1.4848479877487256e-10,inf,inf,0.0,inf,inf,0,0,0,0,0,0,5,2039.095742
HD 50692_3,HD 50692,0.925,0.032,2.849,9.197,17.405,1.08,1.293,,,0.911237,0.967529,6.70679346075361e-09,inf,inf,0.0,inf,inf,0,0,0,0,0,0,5,2039.095742
HD 10361_1,HD 10361,0.761,0.025,1.303,2.715,8.197,0.77,0.304,,,0.745331,0.030474,6.047177943675227e-11,inf,inf,0.0,inf,inf,0,0,0,0,0,4,8,2039.125857
HD 10361_2,HD 10361,0.985,0.066,0.785,0.596,8.197,0.77,0.304,,,1.036153,0.116343,4.795982138275964e-11,inf,inf,0.0,inf,inf,0,0,0,0,0,1,8,2039.125857
HD 10361_3,HD 10361,1.525,0.07,0.586,0.784,8.197,0.77,0.304,,,1.554497,0.625797,7.903097213174096e-11,inf,inf,0.0,inf,inf,0,0,0,0,0,0,8,2039.125857
HD 10361_4,HD 10361,4.037,0.084,0.501,0.084,8.197,0.77,0.304,,,4.303819,0.020567,1.9308710384399639e-13,inf,inf,0.0,inf,inf,0,0,0,0,0,0,8,2039.125857
HD 109358_0,HD 109358,0.599,0.064,0.661,0.193,8.473,1.08,1.151,0.071484,194.407421,0.602002,0.423488,3.9909705222808774e-10,320.5396663462582,0.08903879620729394,0.42671625508659944,0.7613482442554346,0.0030992878634051894,1,1,1,1,1,7,7,2039.146466
HD 109358_1,HD 109358,0.313,0.024,1.946,4.835,8.473,1.08,1.151,,,0.320359,0.811433,1.9440133820552917e-08,inf,inf,0.0,inf,inf,0,0,0,0,0,0,7,2039.146466
HD 109358_3,HD 109358,0.172,0.066,1.409,1.609,8.473,1.08,1.151,,,0.16885,0.384258,2.0090763840153877e-08,inf,inf,0.0,inf,inf,0,0,0,0,0,0,7,2039.146466
HD 109358_4,HD 109358,1.488,0.078,0.58,0.237,8.473,1.08,1.151,,,1.60313,0.464152,4.2091442781571533e-11,inf,inf,0.0,inf,inf,0,0,0,0,0,0,7,2039.146466
HD 109358_5,HD 109358,3.968,0.05,3.285,25.806,8.473,1.08,1.151,0.275799,204.834615,3.975815,0.839956,3.5879493550923215e-10,146.88159166946883,0.04080044213040801,0.5935307604097578,0.46227475289804676,0.001105464587689271,1,1,1,1,1,2,7,2039.146466
HD 165341 B_1,HD 165341 B,1.256,0.089,0.5,0.053,5.122,0.78,0.164,,,1.288113,0.665326,6.45427012340464e-11,inf,inf,0.0,inf,inf,0,0,0,0,0,0,8,2039.149205
HD 165341 B_2,HD 165341 B,4.082,0.042,1.247,0.85,5.122,0.78,0.164,,,4.022454,0.882168,6.089043387698258e-11,inf,inf,0.0,inf,inf,0,0,0,0,0,0,8,2039.149205
HD 165341 B_3,HD 165341 B,0.1,0.077,0.528,0.124,5.122,0.78,0.164,,,0.094174,0.005977,1.465164754898935e-10,inf,inf,0.0,inf,inf,0,0,0,0,0,0,8,2039.149205
HD 165341 B_4,HD 165341 B,0.76,0.117,1.137,2.374,5.122,0.78,0.164,0.098741,69.863126,0.676704,0.718959,1.3730545886888152e-09,241.39016829237792,0.06705282452566054,0.3828360688313541,0.33916430473250475,0.00028472826658565756,1,1,1,1,1,5,8,2039.149205
HD 30652_0,HD 30652,0.357,0.032,0.524,0.119,8.068,1.25,2.71,,,0.357153,0.518503,8.299297574345173e-10,inf,inf,0.0,inf,inf,0,0,0,0,0,0,6,2039.156938
HD 30652_1,HD 30652,3.379,0.099,2.314,9.159,8.068,1.25,2.71,0.185247,188.905946,3.047899,0.892537,4.0960791066898986e-10,38.26845235035639,0.010630125652876776,1.8072152558581207,0.7431758986655267,0.002978138892805804,1,1,1,1,1,3,6,2039.156938
HD 30652_2,HD 30652,1.418,0.081,1.563,7.047,8.068,1.25,2.71,0.178216,328.236129,1.531462,0.474324,4.229356455833791e-10,36.69108743172706,0.010191968731035296,1.8672368079594788,0.7431758424943089,0.0029781385183310187,1,1,1,1,1,4,6,2039.156938
HD 30652_3,HD 30652,3.27,0.133,2.129,5.731,8.068,1.25,2.71,,,2.852893,0.121355,5.062231757168856e-11,inf,inf,0.0,inf,inf,0,0,0,0,0,3,6,2039.156938
HD 30652_4,HD 30652,2.754,0.119,2.49,10.16,8.068,1.25,2.71,,,3.07972,0.08351,2.6731962278192242e-11,inf,inf,0.0,inf,inf,0,0,0,0,0,2,6,2039.156938
HD 114710_0,HD 114710,1.415,0.117,0.681,0.147,9.197,1.11,1.357,,,1.350516,0.403425,6.585863260150512e-11,inf,inf,0.0,inf,inf,0,0,0,0,0,0,6,2039.180338
HD 114710_1,HD 114710,0.314,0.116,0.63,1.142,9.197,1.11,1.357,,,0.350257,0.001343,2.66254898576411e-12,inf,inf,0.0,inf,inf,0,0,0,0,0,0,6,2039.180338
HD 114710_2,HD 114710,2.258,0.018,0.683,0.173,9.197,1.11,1.357,,,2.261369,0.055385,3.4361833450438156e-12,inf,inf,0.0,inf,inf,0,0,0,0,0,0,6,2039.180338
HD 114710_4,HD 114710,0.861,0.053,0.898,0.439,9.197,1.11,1.357,0.099596,244.733546,0.902694,0.45083,2.71878757704371e-10,292.0403553130846,0.08112232092030128,0.4001652047715641,0.5533671143604391,0.001712746997438553,1,1,1,1,1,4,6,2039.180338
HD 114710_5,HD 114710,0.124,0.109,3.108,17.681,9.197,1.11,1.357,,,0.11779,0.078555,2.8864671415992282e-08,inf,inf,0.0,inf,inf,0,0,0,0,0,0,6,2039.180338
HD 131156 A_0,HD 131156 A,0.922,0.01,2.426,6.027,6.754,0.96,0.553,0.133055,14.220626,0.92629,0.297327,1.379693160585849e-09,35.90060745154205,0.00997239095876168,1.7050545668125967,0.42493223081798054,0.0008565144404888293,1,1,1,1,1,8,8,2039.21136
HD 131156 A_1,HD 131156 A,1.097,0.147,1.932,4.971,6.754,0.96,0.553,0.124041,226.018395,1.075109,0.067059,1.5238822206163527e-10,880.6091228197531,0.2446136452277092,0.18471458952182135,0.42779243872986006,0.0008755824932346927,1,1,1,1,1,7,8,2039.21136
HD 203608_0,HD 203608,2.203,0.092,1.79,3.488,9.258,1.14,1.466,,,2.374289,0.075901,3.536540876067791e-11,inf,inf,0.0,inf,inf,0,0,0,0,0,4,7,2039.217593
HD 203608_1,HD 203608,2.342,0.1,0.502,0.104,9.258,1.14,1.466,,,2.207021,0.307066,1.2936739568586554e-11,inf,inf,0.0,inf,inf,0,0,0,0,0,0,7,2039.217593
HD 203608_2,HD 203608,2.74,0.062,1.086,1.189,9.258,1.14,1.466,0.117016,129.968017,2.868635,0.929748,1.1382745549170471e-10,968.9889339582166,0.2691635927661713,0.18241345392434943,0.4742413375103571,0.0011852418184380065,1,1,1,1,1,3,7,2039.217593
HD 203608_5,HD 203608,4.293,0.038,0.929,0.698,9.258,1.14,1.466,,,4.238102,0.543624,2.3402711192528397e-11,inf,inf,0.0,inf,inf,0,0,0,0,0,0,7,2039.217593
HD 203608_6,HD 203608,0.526,0.072,0.985,0.486,9.258,1.14,1.466,0.058368,167.509197,0.561825,0.280731,4.522836224837646e-10,383.63185493537065,0.10656440414871407,0.39231548710809744,0.8082256531513307,0.0034118039227111637,1,1,1,1,1,1,7,2039.217593
HD 149661_2,HD 149661,2.991,0.073,1.285,2.935,9.894,0.87,0.462,,,3.160697,0.737584,7.230225662915305e-11,inf,inf,0.0,inf,inf,0,0,0,0,0,0,5,2039.220333
HD 149661_3,HD 149661,2.364,0.065,0.7,0.315,9.894,0.87,0.462,,,2.427556,0.020432,1.069153230833134e-12,inf,inf,0.0,inf,inf,0,0,0,0,0,0,5,2039.220333
HD 149661_5,HD 149661,3.155,0.051,2.936,7.428,9.894,0.87,0.462,0.280339,127.776217,3.185205,0.627492,4.370547100454955e-10,776.6075625267605,0.21572432292410013,0.18095352894441166,0.3379539178196582,0.0002766590205000139,1,1,1,1,1,3,5,2039.220333
HD 16895 A_0,HD 16895 A,3.595,0.047,2.816,7.544,11.15,1.21,2.246,0.326569,348.990223,3.611582,0.318006,1.4165736614935911e-10,504.6906477941339,0.14019184660948164,0.2718718422147503,0.48860316458150965,0.00128098733224569,1,1,1,1,1,4,6,2039.231809
HD 16895 A_4,HD 16895 A,4.424,0.091,1.274,1.913,11.15,1.21,2.246,,,4.699035,0.540621,2.2486463167763048e-11,inf,inf,0.0,inf,inf,0,0,0,0,0,0,6,2039.231809
HD 16895 A_5,HD 16895 A,1.554,0.05,3.144,9.969,11.15,1.21,2.246,0.143286,316.653241,1.624632,0.40207,9.012027463989773e-10,37.6321763189856,0.010453382310829333,1.6807636708729834,0.48875892777259505,0.0012820257535195926,1,1,1,1,1,5,6,2039.231809
HD 16895 A_6,HD 16895 A,0.108,0.029,0.508,0.042,11.15,1.21,2.246,,,0.110178,0.066796,1.2284550221172212e-09,inf,inf,0.0,inf,inf,0,0,0,0,0,0,6,2039.231809
HD 100623 A_0,HD 100623 A,4.014,0.105,2.503,8.448,9.559,0.88,0.37,,,3.728796,0.194191,7.030242326492576e-11,inf,inf,0.0,inf,inf,0,0,0,0,0,1,5,2039.234641
HD 100623 A_2,HD 100623 A,0.102,0.086,0.559,0.245,9.559,0.88,0.37,,,0.095045,0.104385,2.1610501187765157e-09,inf,inf,0.0,inf,inf,0,0,0,0,0,0,5,2039.234641
HD 100623 A_3,HD 100623 A,4.384,0.075,1.441,2.214,9.559,0.88,0.37,,,4.222998,0.12937,1.0545281016396117e-11,inf,inf,0.0,inf,inf,0,0,0,0,0,0,5,2039.234641
HD 100623 A_4,HD 100623 A,2.524,0.072,0.66,0.613,9.559,0.88,0.37,,,2.424489,0.159675,6.609763271405104e-12,inf,inf,0.0,inf,inf,0,0,0,0,0,0,5,2039.234641
HD 100623 A_5,HD 100623 A,4.18,0.038,0.734,0.337,9.559,0.88,0.37,,,4.159546,0.272263,5.350822454149311e-12,inf,inf,0.0,inf,inf,0,0,0,0,0,0,5,2039.234641
HD 100623 A_6,HD 100623 A,0.362,0.165,0.555,0.359,9.559,0.88,0.37,,,0.399865,0.030382,3.7046462247927785e-11,inf,inf,0.0,inf,inf,0,0,0,0,0,0,5,2039.234641
HD 100623 A_7,HD 100623 A,4.073,0.068,1.365,1.972,9.559,0.88,0.37,,,4.317301,0.88419,7.22961155166433e-11,inf,inf,0.0,inf,inf,0,0,0,0,0,0,5,2039.234641
HD 216803_1,HD 216803,3.539,0.087,2.035,5.879,7.601,0.72,0.196,,,3.311191,0.190097,5.117761556344989e-11,inf,inf,0.0,inf,inf,0,0,0,0,0,1,5,2039.23911
HD 216803_3,HD 216803,0.104,0.044,0.893,0.284,7.601,0.72,0.196,,,0.100811,0.216515,1.1493129094082968e-08,inf,inf,0.0,inf,inf,0,0,0,0,0,0,5,2039.23911
HD 216803_4,HD 216803,2.738,0.038,2.631,12.08,7.601,0.72,0.196,0.299039,176.492364,2.654364,0.593516,4.3465727319628e-10,2200.3144130572377,0.611198448071455,0.09610585178617487,0.3185980460843817,0.00014761987559817064,1,1,1,1,1,3,5,2039.23911
HD 216803_5,HD 216803,0.109,0.06,0.686,0.431,7.601,0.72,0.196,,,0.110718,0.622818,1.3442706233838128e-08,inf,inf,0.0,inf,inf,0,0,0,0,0,0,5,2039.23911
HD 216803_6,HD 216803,0.431,0.071,1.431,2.693,7.601,0.72,0.196,,,0.449601,0.529291,3.6369924788039293e-09,inf,inf,0.0,inf,inf,0,0,0,0,0,0,5,2039.23911
HD 187691 A_0,HD 187691 A,3.127,0.076,1.475,4.454,19.488,1.25,2.835,,,2.896802,0.325445,5.63149075937664e-11,inf,inf,0.0,inf,inf,0,0,0,0,0,0,6,2039.24185
HD 187691 A_1,HD 187691 A,2.61,0.091,1.018,1.386,19.488,1.25,2.835,,,2.449495,0.236068,3.120643563924737e-11,inf,inf,0.0,inf,inf,0,0,0,0,0,1,6,2039.24185
HD 187691 A_2,HD 187691 A,3.249,0.037,0.764,1.364,19.488,1.25,2.835,,,3.271137,0.523484,1.9783722278460186e-11,inf,inf,0.0,inf,inf,0,0,0,0,0,0,6,2039.24185
HD 187691 A_3,HD 187691 A,2.018,0.038,2.654,10.557,19.488,1.25,2.835,0.096914,73.871102,2.00326,0.366378,4.175339406930576e-10,420.20192443714086,0.11672275678809468,0.2799231850370037,0.3918610641976821,0.0006360399963535061,1,1,1,1,1,4,6,2039.24185
HD 33262 A_0,HD 33262 A,4.098,0.155,0.949,0.422,11.693,1.14,1.466,,,3.580935,0.423533,2.050038476682344e-11,inf,inf,0.0,inf,inf,0,0,0,0,0,0,8,2039.248029
HD 33262 A_1,HD 33262 A,3.3,0.062,1.368,1.583,11.693,1.14,1.466,,,3.44544,0.386642,4.189703495457007e-11,inf,inf,0.0,inf,inf,0,0,0,0,0,1,8,2039.248029
HD 33262 A_2,HD 33262 A,3.337,0.087,0.965,0.502,11.693,1.14,1.466,,,3.083146,0.385379,2.5745054026362624e-11,inf,inf,0.0,inf,inf,0,0,0,0,0,0,8,2039.248029
HD 33262 A_4,HD 33262 A,1.015,0.091,2.255,9.306,11.693,1.14,1.466,0.064155,347.341498,1.107257,0.050407,1.2361051493909143e-10,4939.538523349105,1.3720940342636403,0.08452661691624962,0.6136284438865883,0.002114489194279549,1,1,1,1,1,3,8,2039.248029
HD 33262 A_5,HD 33262 A,0.358,0.206,1.487,2.029,11.693,1.14,1.466,,,0.394395,0.688368,6.318027566350584e-09,inf,inf,0.0,inf,inf,0,0,0,0,0,0,8,2039.248029
HD 33262 A_6,HD 33262 A,0.874,0.139,0.646,0.257,11.693,1.14,1.466,,,0.944593,0.895403,2.567216148550437e-10,inf,inf,0.0,inf,inf,0,0,0,0,0,0,8,2039.248029
HD 33262 A_8,HD 33262 A,0.199,0.101,2.893,13.631,11.693,1.14,1.466,,,0.202827,0.012933,1.6176450297689536e-09,inf,inf,0.0,inf,inf,0,0,0,0,0,0,8,2039.248029
HD 43386_0,HD 43386,2.541,0.037,0.504,0.177,19.588,1.33,2.957,,,2.58965,0.206419,5.275011386508119e-12,inf,inf,0.0,inf,inf,0,0,0,0,0,0,8,2039.259361
HD 43386_1,HD 43386,1.141,0.101,1.584,2.873,19.588,1.33,2.957,,,1.236252,0.143279,1.3011596310346943e-10,inf,inf,0.0,inf,inf,0,0,0,0,0,0,8,2039.259361
HD 43386_3,HD 43386,0.289,0.045,1.072,0.429,19.588,1.33,2.957,,,0.277929,0.263824,3.2175662417758946e-09,inf,inf,0.0,inf,inf,0,0,0,0,0,0,8,2039.259361
HD 201091_1,HD 201091,1.051,0.108,0.699,0.293,3.497,0.68,0.142,0.297111,223.071422,1.106237,0.508213,1.3211457638349319e-10,2699.905354641054,0.7499737096225151,0.09108910452654947,0.36551657860591275,0.00046041009240837736,1,1,1,1,1,3,6,2039.273156
HD 201091_2,HD 201091,2.964,0.153,0.94,0.359,3.497,0.68,0.142,,,3.362111,0.436752,3.133060293534553e-11,inf,inf,0.0,inf,inf,0,0,0,0,0,0,6,2039.273156
HD 201091_4,HD 201091,2.241,0.067,3.013,8.159,3.497,0.68,0.142,,,2.357472,0.01064,1.0811432790987104e-11,inf,inf,0.0,inf,inf,0,0,0,0,0,3,6,2039.273156
HD 17206_0,HD 17206,1.742,0.09,0.885,1.25,14.276,1.21,2.617,,,1.753145,0.1946,3.354710569265497e-11,inf,inf,0.0,inf,inf,0,0,0,0,0,0,7,2039.280447
HD 17206_1,HD 17206,0.879,0.039,2.253,5.781,14.276,1.21,2.617,,,0.866234,0.635891,3.4015229873872784e-09,inf,inf,0.0,inf,inf,0,0,0,0,0,2,7,2039.280447
HD 17206_2,HD 17206,0.485,0.035,0.762,0.888,14.276,1.21,2.617,,,0.481714,0.152292,2.750709003812027e-10,inf,inf,0.0,inf,inf,0,0,0,0,0,0,7,2039.280447
HD 55575_0,HD 55575,1.084,0.09,0.727,0.186,16.852,1.14,1.463,,,1.020132,0.468016,1.4915740547342196e-10,inf,inf,0.0,inf,inf,0,0,0,0,0,1,7,2039.313737
HD 55575_1,HD 55575,0.133,0.053,0.578,0.677,16.852,1.14,1.463,,,0.129828,0.113224,1.6361846922836842e-09,inf,inf,0.0,inf,inf,0,0,0,0,0,0,7,2039.313737
HD 43042_0,HD 43042,4.095,0.078,0.558,0.185,21.776,1.29,2.936,,,4.41423,0.236179,2.9432007291687724e-12,inf,inf,0.0,inf,inf,0,0,0,0,0,0,8,2039.316476
HD 43042_1,HD 43042,0.434,0.11,0.533,0.05,21.776,1.29,2.936,,,0.397817,0.601268,6.890496601135468e-10,inf,inf,0.0,inf,inf,0,0,0,0,0,0,8,2039.316476
HD 43042_3,HD 43042,0.724,0.14,0.733,0.758,21.776,1.29,2.936,,,0.810539,0.850577,5.210452495090066e-10,inf,inf,0.0,inf,inf,0,0,0,0,0,0,8,2039.316476
HD 34411_0,HD 34411,0.295,0.082,3.192,8.429,12.562,1.08,1.732,,,0.272551,0.330201,3.852430985637345e-08,inf,inf,0.0,inf,inf,0,0,0,0,0,0,6,2039.344394
HD 34411_1,HD 34411,1.539,0.078,0.897,0.713,12.562,1.08,1.732,,,1.472067,0.388676,9.056197493443238e-11,inf,inf,0.0,inf,inf,0,0,0,0,0,2,6,2039.344394
HD 34411_3,HD 34411,1.691,0.074,0.798,0.808,12.562,1.08,1.732,0.115799,104.385274,1.570757,0.544541,1.1801892371005215e-10,1801.29482705801,0.5003596741827806,0.12080556128227853,0.4145687366961665,0.0007874244796767359,1,1,1,1,1,2,6,2039.344394
HD 147513_0,HD 147513,1.541,0.04,0.645,0.152,12.892,1.07,1.001,,,1.539824,0.622134,7.364713196561398e-11,inf,inf,0.0,inf,inf,0,0,0,0,0,0,7,2039.347133
HD 147513_1,HD 147513,1.513,0.099,0.537,0.038,12.892,1.07,1.001,,,1.490139,0.316544,2.9747699346086304e-11,inf,inf,0.0,inf,inf,0,0,0,0,0,0,7,2039.347133
HD 147513_2,HD 147513,4.633,0.075,1.379,7.403,12.892,1.07,1.001,,,4.879122,0.306644,1.483811623029527e-11,inf,inf,0.0,inf,inf,0,0,0,0,0,0,7,2039.347133
HD 147513_4,HD 147513,0.196,0.111,0.74,0.096,12.892,1.07,1.001,,,0.17538,0.658154,9.13796788536679e-09,inf,inf,0.0,inf,inf,0,0,0,0,0,0,7,2039.347133
HD 147513_5,HD 147513,4.52,0.075,0.624,0.254,12.892,1.07,1.001,,,4.338428,0.178932,2.0073173836319226e-12,inf,inf,0.0,inf,inf,0,0,0,0,0,0,7,2039.347133
HD 147513_6,HD 147513,1.743,0.075,1.796,2.912,12.892,1.07,1.001,0.09741,210.588692,1.637027,0.688268,5.67939810490813e-10,367.9855852384113,0.10221821812178092,0.30008076762423497,0.3760714371779283,0.0005307758162218144,1,1,1,1,1,5,7,2039.347133
HD 147513_7,HD 147513,2.47,0.028,0.667,0.174,12.892,1.07,1.001,,,2.409738,0.917545,3.378604774815681e-11,inf,inf,0.0,inf,inf,0,0,0,0,0,0,7,2039.347133
HD 102365_0,HD 102365,1.154,0.024,2.235,11.472,9.319,1.02,0.844,0.123838,54.93861,1.181649,0.472083,9.097138917854102e-10,92.00653537212648,0.0255573709367018,0.7950118957879163,0.39172998079268373,0.0006351661069868506,1,1,1,1,1,7,7,2039.349873
HD 102365_1,HD 102365,4.021,0.031,1.113,0.834,9.319,1.02,0.844,,,3.899554,0.763116,3.8446537078245184e-11,inf,inf,0.0,inf,inf,0,0,0,0,0,0,7,2039.349873
HD 102365_2,HD 102365,0.113,0.031,0.976,0.303,9.319,1.02,0.844,,,0.112892,0.432556,2.0874411476258463e-08,inf,inf,0.0,inf,inf,0,0,0,0,0,0,7,2039.349873
HD 210302_0,HD 210302,0.937,0.087,1.293,2.482,18.458,1.25,2.918,,,0.862843,0.257804,3.821872556207978e-10,inf,inf,0.0,inf,inf,0,0,0,0,0,0,8,2039.352613
HD 210302_1,HD 210302,0.316,0.034,0.672,0.291,18.458,1.25,2.918,,,0.309157,0.140406,4.403528803079697e-10,inf,inf,0.0,inf,inf,0,0,0,0,0,0,8,2039.352613
HD 210302_2,HD 210302,0.162,0.125,0.82,0.565,18.458,1.25,2.918,,,0.179333,0.553585,6.906200353825497e-09,inf,inf,0.0,inf,inf,0,0,0,0,0,0,8,2039.352613
HD 210302_3,HD 210302,0.925,0.123,2.909,15.97,18.458,1.25,2.918,,,0.909814,0.729199,6.435578112222388e-09,inf,inf,0.0,inf,inf,0,0,0,0,0,0,8,2039.352613
HD 210302_4,HD 210302,1.629,0.122,1.727,5.061,18.458,1.25,2.918,,,1.690562,0.062036,5.0253095865462445e-11,inf,inf,0.0,inf,inf,0,0,0,0,0,0,8,2039.352613
HD 143761_0,HD 143761,2.268,0.052,0.622,0.131,17.511,0.97,1.812,,,2.172277,0.107591,7.327304717192586e-12,inf,inf,0.0,inf,inf,0,0,0,0,0,0,8,2039.355352
HD 143761_3,HD 143761,0.463,0.017,0.834,0.619,17.511,0.97,1.812,,,0.456381,0.465098,8.901462931215622e-10,inf,inf,0.0,inf,inf,0,0,0,0,0,0,8,2039.355352
HD 143761_4,HD 143761,1.096,0.157,0.808,0.895,17.511,0.97,1.812,,,1.184429,0.062819,1.7178849184094707e-11,inf,inf,0.0,inf,inf,0,0,0,0,0,1,8,2039.355352
HD 143761_5,HD 143761,0.834,0.096,1.155,1.684,17.511,0.97,1.812,,,0.754831,0.902786,1.3877473954530693e-09,inf,inf,0.0,inf,inf,0,0,0,0,0,0,8,2039.355352
HD 143761_7,HD 143761,2.609,0.089,2.154,12.289,17.511,0.97,1.812,,,2.549791,0.195804,8.439189257391364e-11,inf,inf,0.0,inf,inf,0,0,0,0,0,2,8,2039.355352
HD 30495_0,HD 30495,1.934,0.08,0.989,1.288,13.24,1.04,0.966,,,1.838292,0.164414,3.3228754562563456e-11,inf,inf,0.0,inf,inf,0,0,0,0,0,2,8,2039.358092
HD 30495_2,HD 30495,0.416,0.06,1.179,0.557,13.24,1.04,0.966,,,0.434909,0.001426,6.197520748192341e-12,inf,inf,0.0,inf,inf,0,0,0,0,0,0,8,2039.358092
HD 30495_3,HD 30495,1.848,0.089,0.623,0.48,13.24,1.04,0.966,,,1.729067,0.331833,3.0627385687118796e-11,inf,inf,0.0,inf,inf,0,0,0,0,0,0,8,2039.358092
HD 165499_0,HD 165499,3.777,0.071,0.637,0.161,17.753,1.08,1.731,,,3.872216,0.765963,1.8759441054300367e-11,inf,inf,0.0,inf,inf,0,0,0,0,0,0,7,2039.360832
HD 165499_1,HD 165499,0.192,0.04,0.654,0.106,17.753,1.08,1.731,,,0.186601,0.676865,5.443663027564114e-09,inf,inf,0.0,inf,inf,0,0,0,0,0,0,7,2039.360832
HD 165499_3,HD 165499,0.221,0.065,0.75,0.229,17.753,1.08,1.731,,,0.233722,0.688744,4.386208151107372e-09,inf,inf,0.0,inf,inf,0,0,0,0,0,0,7,2039.360832
HD 165499_4,HD 165499,1.569,0.062,3.377,24.497,17.753,1.08,1.731,0.074075,344.8813,1.607807,0.67813,2.0075241525008455e-09,105.29939312823845,0.02924983142451068,0.742767486629957,0.44272519911956104,0.0009751342291660329,1,1,1,1,1,6,7,2039.360832
HD 22484_0,HD 22484,0.838,0.146,1.142,1.607,13.92,1.14,3.068,,,0.775893,0.616693,8.722734652813075e-10,inf,inf,0.0,inf,inf,0,0,0,0,0,0,6,2039.363572
HD 22484_1,HD 22484,1.12,0.109,1.996,7.679,13.92,1.14,3.068,0.076926,145.726719,1.134608,0.196673,4.106474815539603e-10,235.59505017751923,0.06544306949375533,0.49385617242246,0.6772823848004859,0.002538848800372198,1,1,1,1,1,5,6,2039.363572
HD 22484_2,HD 22484,0.469,0.117,1.765,3.166,13.92,1.14,3.068,,,0.449301,0.516017,5.7335155541240385e-09,inf,inf,0.0,inf,inf,0,0,0,0,0,0,6,2039.363572
HD 22484_5,HD 22484,4.456,0.081,0.516,0.034,13.92,1.14,3.068,,,4.780937,0.852345,7.274814356802067e-12,inf,inf,0.0,inf,inf,0,0,0,0,0,0,6,2039.363572
HD 22484_7,HD 22484,3.201,0.074,0.943,1.501,13.92,1.14,3.068,,,3.200612,0.104035,7.2559398378108e-12,inf,inf,0.0,inf,inf,0,0,0,0,0,0,6,2039.363572
HD 39091_1,HD 39091,3.12,0.028,1.191,1.952,18.287,1.08,1.533,,,3.202872,0.324647,3.077508908970013e-11,inf,inf,0.0,inf,inf,0,0,0,0,0,0,7,2039.366311
HD 39091_2,HD 39091,2.865,0.029,0.677,0.089,18.287,1.08,1.533,,,2.784258,0.004173,1.8570949638005876e-13,inf,inf,0.0,inf,inf,0,0,0,0,0,0,7,2039.366311
HD 39091_3,HD 39091,3.55,0.072,1.069,0.919,18.287,1.08,1.533,,,3.314233,0.033917,2.4510484922514596e-12,inf,inf,0.0,inf,inf,0,0,0,0,0,0,7,2039.366311
HD 39091_4,HD 39091,4.534,0.027,1.234,1.811,18.287,1.08,1.533,,,4.573337,0.018064,8.300541992789018e-13,inf,inf,0.0,inf,inf,0,0,0,0,0,0,7,2039.366311
HD 39091_5,HD 39091,1.437,0.051,1.31,1.974,18.287,1.08,1.533,,,1.400266,0.165806,9.896028543668309e-11,inf,inf,0.0,inf,inf,0,0,0,0,0,6,7,2039.366311
HD 39091_6,HD 39091,0.67,0.012,2.604,6.457,18.287,1.08,1.533,,,0.666178,0.111816,1.4687104103031023e-09,inf,inf,0.0,inf,inf,0,0,0,0,0,0,7,2039.366311
HD 20630_1,HD 20630,0.648,0.142,1.547,4.726,9.276,0.98,0.857,,,0.556258,0.16368,8.587118148826141e-10,inf,inf,0.0,inf,inf,0,0,0,0,0,3,8,2039.380552
HD 20630_5,HD 20630,1.387,0.083,0.621,0.63,9.276,0.98,0.857,,,1.474867,0.311292,3.3330459773207294e-11,inf,inf,0.0,inf,inf,0,0,0,0,0,0,8,2039.380552
HD 32147_1,HD 32147,0.121,0.122,1.044,1.526,8.844,0.75,0.29,,,0.120725,0.874684,4.0572721205150714e-08,inf,inf,0.0,inf,inf,0,0,0,0,0,0,6,2039.387074
HD 32147_2,HD 32147,3.272,0.062,1.942,2.786,8.844,0.75,0.29,,,3.149267,0.031027,7.061273778612375e-12,inf,inf,0.0,inf,inf,0,0,0,0,0,3,6,2039.387074
HD 142373_0,HD 142373,1.268,0.168,0.757,0.148,15.898,1.08,3.136,,,1.357254,0.766099,1.6943079782740257e-10,inf,inf,0.0,inf,inf,0,0,0,0,0,1,6,2039.409316
HD 142373_1,HD 142373,1.76,0.092,0.868,0.535,15.898,1.08,3.136,,,1.65438,0.221018,3.784794041640378e-11,inf,inf,0.0,inf,inf,0,0,0,0,0,0,6,2039.409316
HD 142373_2,HD 142373,0.834,0.129,2.923,6.259,15.898,1.08,3.136,,,0.729077,0.393506,4.4967662505118184e-09,inf,inf,0.0,inf,inf,0,0,0,0,0,0,6,2039.409316
HD 142373_4,HD 142373,1.161,0.006,1.265,2.536,15.898,1.08,3.136,,,1.166318,0.718563,7.650057817997394e-10,inf,inf,0.0,inf,inf,0,0,0,0,0,3,6,2039.409316
HD 142373_6,HD 142373,4.705,0.105,0.947,0.923,15.898,1.08,3.136,,,4.374386,0.283621,8.582338320590836e-12,inf,inf,0.0,inf,inf,0,0,0,0,0,0,6,2039.409316
HD 142373_7,HD 142373,1.878,0.051,2.611,6.816,15.898,1.08,3.136,,,1.948705,0.064967,6.853518162144691e-11,inf,inf,0.0,inf,inf,0,0,0,0,0,4,6,2039.409316
HD 142373_8,HD 142373,3.092,0.053,1.805,7.326,15.898,1.08,3.136,,,3.230528,0.166902,3.534218255728285e-11,inf,inf,0.0,inf,inf,0,0,0,0,0,2,6,2039.409316
HD 160691_0,HD 160691,1.46,0.051,0.67,0.675,15.604,1.0,1.899,,,1.389348,0.299035,3.430603606390627e-11,inf,inf,0.0,inf,inf,0,0,0,0,0,0,6,2039.424651
HD 160691_1,HD 160691,0.274,0.085,0.88,0.645,15.604,1.0,1.899,,,0.275619,0.181437,1.365270692739337e-09,inf,inf,0.0,inf,inf,0,0,0,0,0,0,6,2039.424651
HD 160691_2,HD 160691,0.346,0.144,0.58,0.053,15.604,1.0,1.899,,,0.357359,0.220032,4.141711986436096e-10,inf,inf,0.0,inf,inf,0,0,0,0,0,0,6,2039.424651
HD 160691_3,HD 160691,0.123,0.058,0.556,0.091,15.604,1.0,1.899,,,0.12403,0.338774,4.309079415828781e-09,inf,inf,0.0,inf,inf,0,0,0,0,0,0,6,2039.424651
HD 160691_4,HD 160691,2.415,0.073,1.777,2.687,15.604,1.0,1.899,,,2.239562,0.00951,3.952392011915703e-12,inf,inf,0.0,inf,inf,0,0,0,0,0,3,6,2039.424651
HD 160691_6,HD 160691,2.937,0.058,2.424,6.338,15.604,1.0,1.899,,,3.103178,0.020187,6.79124819431236e-12,inf,inf,0.0,inf,inf,0,0,0,0,0,4,6,2039.424651
HD 160691_7,HD 160691,3.23,0.098,2.375,5.354,15.604,1.0,1.899,0.101996,217.976943,3.231932,0.876178,3.1321317684206714e-10,651.4468748153631,0.18095746522648976,0.21219723352581793,0.3862048994042496,0.0005983322310639568,1,1,1,1,1,3,6,2039.424651
HD 156026_0,HD 156026,3.18,0.093,3.171,14.895,5.954,0.68,0.158,,,2.919514,0.083002,4.74156340496916e-11,inf,inf,0.0,inf,inf,0,0,0,0,0,6,7,2039.427391
HD 156026_1,HD 156026,0.564,0.081,0.509,0.042,5.954,0.68,0.158,0.086732,334.51226,0.537629,0.177416,1.0959656909796131e-10,36087.51732446026,10.02431036790563,0.022496819200698112,0.3462619356439484,0.00033204580599528207,1,0,1,1,1,3,7,2039.427391
HD 156026_2,HD 156026,0.423,0.044,0.607,0.379,5.954,0.68,0.158,,,0.406484,0.697191,7.754029468717677e-10,inf,inf,0.0,inf,inf,0,0,0,0,0,0,7,2039.427391
HD 156026_3,HD 156026,1.001,0.06,2.318,7.224,5.954,0.68,0.158,0.145318,240.876088,0.965631,0.127876,5.252141003259409e-10,1312.677634771113,0.36463267632530916,0.1298684771167747,0.3219179107709964,0.00016975230684226867,1,1,1,1,1,7,7,2039.427391
HD 156026_5,HD 156026,1.693,0.124,2.972,9.407,5.954,0.68,0.158,0.215738,15.645116,1.48317,0.104817,2.3051856124496965e-10,5483.629083309009,1.5232303009191692,0.05829895118961376,0.3219020356971142,0.00016964647301638712,1,1,1,1,1,7,7,2039.427391
HD 219134_0,HD 219134,1.298,0.068,3.021,11.197,6.542,0.75,0.266,0.152278,146.552018,1.384119,0.759493,1.870145124040615e-09,72.46177882195931,0.020128271894988697,0.9291219216308084,0.347479937052693,0.0003401658153869125,1,1,1,1,1,7,7,2039.434892
HD 219134_1,HD 219134,0.107,0.06,0.589,0.114,6.542,0.75,0.266,,,0.113169,0.455418,7.942653348105298e-09,inf,inf,0.0,inf,inf,0,0,0,0,0,0,7,2039.434892
HD 219134_2,HD 219134,0.475,0.085,1.279,2.244,6.542,0.75,0.266,,,0.515064,0.754352,3.3913403786292137e-09,inf,inf,0.0,inf,inf,0,0,0,0,0,4,7,2039.434892
HD 219134_3,HD 219134,2.999,0.067,1.913,4.52,6.542,0.75,0.266,,,2.878979,0.043753,1.1526910704364591e-11,inf,inf,0.0,inf,inf,0,0,0,0,0,4,7,2039.434892
HD 219134_4,HD 219134,0.285,0.083,1.716,4.805,6.542,0.75,0.266,,,0.287698,0.337693,8.62840392597489e-09,inf,inf,0.0,inf,inf,0,0,0,0,0,0,7,2039.434892
HD 219134_5,HD 219134,1.823,0.052,1.09,4.144,6.542,0.75,0.266,,,1.786278,0.04734,1.3235259008501224e-11,inf,inf,0.0,inf,inf,0,0,0,0,0,4,7,2039.434892
HD 219134_7,HD 219134,0.986,0.056,2.277,3.449,6.542,0.75,0.266,0.161334,301.242743,1.0412,0.229445,1.0408568479582266e-09,157.35682404596454,0.043710228901656815,0.5196287026732908,0.3474662356567025,0.0003400744727469757,1,1,1,1,1,7,7,2039.434892
HD 4614 A_0,HD 4614 A,4.718,0.051,1.358,3.151,5.01,1.14,1.252,,,4.478259,0.494605,3.8027015431468515e-11,inf,inf,0.0,inf,inf,0,0,0,0,0,0,6,2039.454207
HD 4614 A_1,HD 4614 A,0.651,0.133,0.728,0.235,5.01,1.14,1.252,0.077332,225.096034,0.726674,0.875216,6.802650777631917e-10,50.4068002760234,0.014001888965562054,1.6753379371784416,1.2101316392645804,0.006091177163466164,1,1,1,1,1,6,6,2039.454207
HD 4614 A_2,HD 4614 A,2.584,0.017,1.361,2.842,5.01,1.14,1.252,0.458967,266.279475,2.619848,0.592358,1.2438199694396603e-10,278.60874790662854,0.07739131886295238,0.437187919007267,0.6480447245500015,0.00234393106536897,1,1,1,1,1,3,6,2039.454207
HD 10360_0,HD 10360,0.111,0.132,2.009,6.936,8.189,0.78,0.345,,,0.124985,0.387371,5.899376446212678e-08,inf,inf,0.0,inf,inf,0,0,0,0,0,0,8,2039.487712
HD 10360_1,HD 10360,0.559,0.036,0.525,0.063,8.189,0.78,0.345,0.069599,87.132771,0.57443,0.303075,2.0707273963027725e-10,7397.794283743103,2.0549428565953063,0.055935160410685074,0.4120356455039956,0.000770537205062263,1,1,1,1,1,2,8,2039.487712
HD 10360_2,HD 10360,3.873,0.13,2.182,7.34,8.189,0.78,0.345,,,4.360293,0.438984,6.679183994213228e-11,inf,inf,0.0,inf,inf,0,0,0,0,0,5,8,2039.487712
HD 10360_4,HD 10360,0.185,0.028,3.239,14.497,8.189,0.78,0.345,,,0.187476,0.209475,3.1184922973702925e-08,inf,inf,0.0,inf,inf,0,0,0,0,0,0,8,2039.487712
HD 10360_5,HD 10360,2.33,0.067,0.679,0.17,8.189,0.78,0.345,,,2.466267,0.682415,2.87065746104695e-11,inf,inf,0.0,inf,inf,0,0,0,0,0,0,8,2039.487712
HD 128167_0,HD 128167,1.283,0.14,1.15,1.29,15.756,1.39,3.182,0.086314,86.490039,1.427944,0.538497,2.451427846461025e-10,591.4589681767178,0.16429415782686604,0.2654784730048608,0.5830829184128498,0.0019108523577879579,1,1,1,1,1,4,6,2039.496715
HD 128167_2,HD 128167,3.433,0.063,1.328,2.483,15.756,1.39,3.182,,,3.237033,0.026029,2.2803356176300666e-12,inf,inf,0.0,inf,inf,0,0,0,0,0,0,6,2039.496715
HD 128167_3,HD 128167,4.878,0.117,2.132,5.678,15.756,1.39,3.182,,,4.362991,0.240284,3.3819461097971664e-11,inf,inf,0.0,inf,inf,0,0,0,0,0,1,6,2039.496715
HD 128167_4,HD 128167,1.323,0.044,1.923,2.477,15.756,1.39,3.182,0.067001,217.891196,1.277233,0.620347,1.1043149395672997e-09,85.78363267304857,0.023828786853624603,0.9725146660854246,0.6826891081531604,0.002574893622723362,1,1,1,1,1,2,6,2039.496715
HD 88230_0,HD 88230,1.858,0.024,1.413,3.961,4.871,0.63,0.103,,,1.901576,0.133246,4.2965553522242696e-11,inf,inf,0.0,inf,inf,0,0,0,0,0,5,8,2039.501685
HD 88230_1,HD 88230,0.369,0.102,2.613,14.391,4.871,0.63,0.103,,,0.405904,0.013001,3.4200818596858773e-10,inf,inf,0.0,inf,inf,0,0,0,0,0,4,8,2039.501685
HD 88230_2,HD 88230,0.941,0.058,0.511,0.079,4.871,0.63,0.103,,,0.981166,0.26188,4.573408867178613e-11,inf,inf,0.0,inf,inf,0,0,0,0,0,6,8,2039.501685
HD 88230_3,HD 88230,1.397,0.055,1.541,3.057,4.871,0.63,0.103,0.261209,176.228953,1.426158,0.567553,4.0500301514026743e-10,2951.9902116102235,0.8199972810028399,0.08126927144841771,0.31657544082394645,0.00013413584052860236,1,1,1,1,1,8,8,2039.501685
HD 88230_4,HD 88230,0.683,0.12,0.831,0.221,4.871,0.63,0.103,0.134978,270.562278,0.664905,0.209318,2.4371607429810303e-10,8049.197245759457,2.2358881238220714,0.04706677781013114,0.3166895731879598,0.00013489672295535787,1,1,1,1,1,4,8,2039.501685
HD 88230_5,HD 88230,2.552,0.09,1.594,2.912,4.871,0.63,0.103,0.424082,51.966078,2.780462,0.73478,1.5329222532259052e-10,17926.226738919548,4.979507427477652,0.030829991804873936,0.31657544082394645,0.00013413584052860236,1,0,1,1,1,6,8,2039.501685
HD 88230_6,HD 88230,2.842,0.103,0.661,0.567,4.871,0.63,0.103,,,2.55409,0.591396,3.031610852810735e-11,inf,inf,0.0,inf,inf,0,0,0,0,0,0,8,2039.501685
HD 166_0,HD 166,1.592,0.09,1.08,2.182,13.766,0.94,0.647,,,1.613463,0.25084,7.806885792579519e-11,inf,inf,0.0,inf,inf,0,0,0,0,0,3,6,2039.520499
HD 166_1,HD 166,0.635,0.021,0.515,0.062,13.766,0.94,0.647,,,0.640293,0.41284,1.705035367704546e-10,inf,inf,0.0,inf,inf,0,0,0,0,0,0,6,2039.520499
HD 84737_0,HD 84737,0.596,0.087,1.352,1.551,18.823,1.08,2.795,,,0.57521,0.042154,1.4402821079499533e-10,inf,inf,0.0,inf,inf,0,0,0,0,0,0,8,2039.541957
HD 84737_1,HD 84737,3.025,0.071,1.189,1.926,18.823,1.08,2.795,,,2.932428,0.999363,8.90954640260789e-11,inf,inf,0.0,inf,inf,0,0,0,0,0,0,8,2039.541957
HD 84737_2,HD 84737,1.078,0.014,1.079,0.698,18.823,1.08,2.795,,,1.062909,0.329529,2.5559045713802867e-10,inf,inf,0.0,inf,inf,0,0,0,0,0,0,8,2039.541957
HD 84737_3,HD 84737,3.774,0.025,0.833,0.848,18.823,1.08,2.795,,,3.805802,0.757213,2.7566518729600175e-11,inf,inf,0.0,inf,inf,0,0,0,0,0,0,8,2039.541957
HD 84737_4,HD 84737,0.254,0.074,3.133,13.741,18.823,1.08,2.795,,,0.270506,0.046113,4.364083187173254e-09,inf,inf,0.0,inf,inf,0,0,0,0,0,0,8,2039.541957
HD 84737_5,HD 84737,2.993,0.205,0.508,0.086,18.823,1.08,2.795,,,2.75123,0.214982,4.532963583842015e-12,inf,inf,0.0,inf,inf,0,0,0,0,0,0,8,2039.541957
HD 95735_0,HD 95735,0.673,0.041,0.901,1.876,2.546,0.44,0.02,,,0.692516,0.009864,1.1900669836961431e-11,inf,inf,0.0,inf,inf,0,0,0,0,0,2,8,2039.547433
HD 95735_2,HD 95735,0.392,0.078,0.638,0.252,2.546,0.44,0.02,0.150578,265.619236,0.422419,0.580635,8.792053436161397e-10,3146.3276010400546,0.8739798891777929,0.07720053350090389,0.3054792677311306,6.016135324316326e-05,1,1,1,1,1,7,8,2039.547433
HD 95735_3,HD 95735,0.164,0.146,0.847,1.655,2.546,0.44,0.02,0.070574,208.94608,0.184688,0.166413,2.8946188809500104e-09,892.7013152253206,0.24797258756258905,0.16324355628378726,0.32222222575446025,0.00017178107339869397,1,1,1,1,1,7,8,2039.547433
HD 95735_4,HD 95735,2.481,0.023,1.454,2.402,2.546,0.44,0.02,0.659557,208.293845,2.532934,0.786865,1.895128298967594e-10,54124.407675467475,15.034557687629855,0.017094051024688656,0.3054756786342448,6.0137425930591304e-05,1,0,0,1,1,2,8,2039.547433
HD 95735_6,HD 95735,0.163,0.047,1.008,2.764,2.546,0.44,0.02,,,0.17054,0.005003,1.156994764924872e-10,inf,inf,0.0,inf,inf,0,0,0,0,0,0,8,2039.547433
HD 212330 A_0,HD 212330 A,1.747,0.031,3.281,9.208,20.34,1.02,2.726,0.076634,150.215378,1.70426,0.171444,4.148756861933707e-10,821.1506216679852,0.22809739490777367,0.19515932213377946,0.4423353589906847,0.000972535294973524,1,1,1,1,1,4,6,2039.550224
HD 134083_0,HD 134083,0.116,0.07,1.9,7.058,19.536,1.33,3.255,,,0.121149,0.676613,1.1469506012435562e-07,inf,inf,0.0,inf,inf,0,0,0,0,0,0,8,2039.561076
HD 134083_1,HD 134083,0.36,0.097,1.358,2.746,19.536,1.33,3.255,,,0.39274,0.511993,3.585984936752755e-09,inf,inf,0.0,inf,inf,0,0,0,0,0,0,8,2039.561076
HD 134083_3,HD 134083,0.749,0.13,0.881,0.684,19.536,1.33,3.255,,,0.840203,0.188156,1.3094172357661577e-10,inf,inf,0.0,inf,inf,0,0,0,0,0,0,8,2039.561076
HD 134083_4,HD 134083,0.959,0.114,0.591,0.338,19.536,1.33,3.255,,,0.912387,0.402722,1.3269747928377273e-10,inf,inf,0.0,inf,inf,0,0,0,0,0,0,8,2039.561076
HD 10780_0,HD 10780,0.841,0.11,1.077,1.181,10.041,0.9,0.516,0.084838,290.32543,0.913566,0.139589,1.0344315921673514e-10,14774.50727871362,4.104029799642672,0.03824482066502608,0.39624080004463424,0.0006652382353331876,1,0,1,1,1,4,7,2039.588899
HD 10780_3,HD 10780,2.25,0.098,1.348,1.367,10.041,0.9,0.516,,,2.0572,0.017754,4.5347336313266e-12,inf,inf,0.0,inf,inf,0,0,0,0,0,3,7,2039.588899
HD 10780_4,HD 10780,2.669,0.102,2.513,12.001,10.041,0.9,0.516,0.24395,162.492218,2.405275,0.297815,2.317105935143067e-10,1874.5507615309427,0.5207085448697063,0.10876021805722964,0.3435784079281928,0.0003141556212235776,1,1,1,1,1,5,7,2039.588899
HD 7570_0,HD 7570,3.031,0.054,1.134,3.652,15.261,1.14,2.004,,,3.068117,0.772846,6.912490764163871e-11,inf,inf,0.0,inf,inf,0,0,0,0,0,0,8,2039.59221
HD 7570_1,HD 7570,0.15,0.071,0.941,0.218,15.261,1.14,2.004,,,0.139354,0.577306,2.2486503895976594e-08,inf,inf,0.0,inf,inf,0,0,0,0,0,0,8,2039.59221
HD 7570_2,HD 7570,1.977,0.063,1.73,3.716,15.261,1.14,2.004,,,2.10155,0.01867,8.329315406684793e-12,inf,inf,0.0,inf,inf,0,0,0,0,0,4,8,2039.59221
HD 7570_3,HD 7570,3.034,0.079,1.364,1.913,15.261,1.14,2.004,,,3.267916,0.518948,6.116062112505221e-11,inf,inf,0.0,inf,inf,0,0,0,0,0,0,8,2039.59221
HD 7570_4,HD 7570,0.569,0.099,0.726,0.483,15.261,1.14,2.004,,,0.564252,0.132399,1.522513365470032e-10,inf,inf,0.0,inf,inf,0,0,0,0,0,0,8,2039.59221
HD 26965 A_1,HD 26965 A,0.482,0.058,1.38,2.403,5.01,0.86,0.41,0.073206,298.224792,0.45422,0.658356,4.662080930468176e-09,11.896259664756252,0.0033045165735434033,4.704766257528071,0.6690711950635994,0.002484107535459622,1,1,1,1,1,8,8,2039.598071
HD 26965 A_2,HD 26965 A,0.345,0.049,0.5,0.06,5.01,0.86,0.41,0.064912,187.344954,0.336208,0.369,6.053776415296672e-10,219.1803508734054,0.060883430798168166,0.5269460865563135,0.7134070316980777,0.0027796797796894772,1,1,1,1,1,6,8,2039.598071
HD 203608_0,HD 203608,2.203,0.092,1.79,3.488,9.258,1.14,1.466,,,2.402296,0.11118,5.060250274212707e-11,inf,inf,0.0,inf,inf,0,0,0,0,0,4,8,2039.613808
HD 203608_1,HD 203608,2.342,0.1,0.502,0.104,9.258,1.14,1.466,,,2.11036,0.037031,1.706329160272686e-12,inf,inf,0.0,inf,inf,0,0,0,0,0,0,8,2039.613808
HD 203608_2,HD 203608,2.74,0.062,1.086,1.189,9.258,1.14,1.466,,,2.788883,0.669789,8.675801869195659e-11,inf,inf,0.0,inf,inf,0,0,0,0,0,3,8,2039.613808
HD 203608_5,HD 203608,4.293,0.038,0.929,0.698,9.258,1.14,1.466,,,4.194601,0.708272,3.1126425118380613e-11,inf,inf,0.0,inf,inf,0,0,0,0,0,0,8,2039.613808
HD 203608_6,HD 203608,0.526,0.072,0.985,0.486,9.258,1.14,1.466,,,0.546974,0.524744,8.919425615491966e-10,inf,inf,0.0,inf,inf,0,0,0,0,0,1,8,2039.613808
HD 136352_0,HD 136352,1.127,0.083,0.501,0.05,14.739,1.02,1.029,,,1.162093,0.711804,9.645663181490309e-11,inf,inf,0.0,inf,inf,0,0,0,0,0,0,7,2039.617269
HD 136352_2,HD 136352,0.995,0.082,1.549,3.519,14.739,1.02,1.029,,,1.07322,0.000377,6.106964179637512e-13,inf,inf,0.0,inf,inf,0,0,0,0,0,1,7,2039.617269
HD 136352_3,HD 136352,3.774,0.069,2.041,4.78,14.739,1.02,1.029,,,3.938454,0.13076,2.3883282061208483e-11,inf,inf,0.0,inf,inf,0,0,0,0,0,2,7,2039.617269
HD 136352_4,HD 136352,1.831,0.068,0.826,0.342,14.739,1.02,1.029,,,1.946844,0.095825,1.2075755778175766e-11,inf,inf,0.0,inf,inf,0,0,0,0,0,1,7,2039.617269
HD 58855_0,HD 58855,3.917,0.055,2.746,11.124,20.402,1.16,2.445,,,3.701797,0.010886,4.139341869016693e-12,inf,inf,0.0,inf,inf,0,0,0,0,0,4,6,2039.620242
HD 58855_3,HD 58855,0.12,0.023,0.846,0.314,20.402,1.16,2.445,,,0.120716,0.128785,3.15471308249793e-09,inf,inf,0.0,inf,inf,0,0,0,0,0,0,6,2039.620242
HD 58855_4,HD 58855,1.787,0.062,0.53,0.101,20.402,1.16,2.445,,,1.768585,0.969893,5.339401588629286e-11,inf,inf,0.0,inf,inf,0,0,0,0,0,0,6,2039.620242
HD 58855_5,HD 58855,2.753,0.078,0.74,0.361,20.402,1.16,2.445,,,2.840022,0.918815,3.7108563779006886e-11,inf,inf,0.0,inf,inf,0,0,0,0,0,0,6,2039.620242
HD 58855_6,HD 58855,3.408,0.008,0.67,0.197,20.402,1.16,2.445,,,3.435264,0.210963,4.468131038635241e-12,inf,inf,0.0,inf,inf,0,0,0,0,0,0,6,2039.620242
HD 58855_7,HD 58855,0.511,0.017,1.169,2.72,20.402,1.16,2.445,,,0.517002,0.573342,2.147789701367323e-09,inf,inf,0.0,inf,inf,0,0,0,0,0,0,6,2039.620242
HD 58855_8,HD 58855,3.679,0.02,1.665,3.725,20.402,1.16,2.445,,,3.737955,0.138998,1.1754111502258974e-11,inf,inf,0.0,inf,inf,0,0,0,0,0,0,6,2039.620242
HD 1581_1,HD 1581,1.541,0.046,2.633,10.663,8.607,1.11,1.262,,,1.586071,0.044918,6.488222726140443e-11,inf,inf,0.0,inf,inf,0,0,0,0,0,5,7,2039.625099
HD 1581_2,HD 1581,0.181,0.101,0.988,1.538,8.607,1.11,1.262,,,0.174759,0.349123,6.638017106025232e-09,inf,inf,0.0,inf,inf,0,0,0,0,0,0,7,2039.625099
HD 1581_3,HD 1581,1.491,0.126,2.76,10.6,8.607,1.11,1.262,0.105845,152.690221,1.462114,0.806313,2.2198356026377486e-09,16.120782532093894,0.00447799514780386,3.4732676848157946,0.4955709561908516,0.00132743927630797,1,1,1,1,1,5,7,2039.625099
HD 1581_4,HD 1581,0.208,0.109,2.378,6.033,8.607,1.11,1.262,,,0.20794,0.7035,4.138249147819098e-08,inf,inf,0.0,inf,inf,0,0,0,0,0,0,7,2039.625099
HD 156026_0,HD 156026,3.18,0.093,3.171,14.895,5.954,0.68,0.158,,,2.895579,0.043299,2.5145538866522687e-11,inf,inf,0.0,inf,inf,0,0,0,0,0,6,8,2039.643139
HD 156026_1,HD 156026,0.564,0.081,0.509,0.042,5.954,0.68,0.158,0.085432,160.819838,0.575772,0.601832,3.241496111719765e-10,4709.796876330993,1.3082769100919425,0.06566723148218659,0.34825112160471816,0.00034530704573374713,1,1,1,1,1,4,8,2039.643139
HD 156026_2,HD 156026,0.423,0.044,0.607,0.379,5.954,0.68,0.158,0.075274,105.830618,0.427382,0.343398,3.454831058242934e-10,5998.722624757755,1.6663118402104873,0.058980973594620935,0.36562285857473337,0.0004611186255338483,1,1,1,1,1,1,8,2039.643139
HD 156026_3,HD 156026,1.001,0.06,2.318,7.224,5.954,0.68,0.158,0.136064,191.365194,0.942621,0.570172,2.457552013443545e-09,123.78314723096591,0.0343842075641572,0.6061102487254351,0.32193045523765934,0.00016983593662002136,1,1,1,1,1,8,8,2039.643139
HD 156026_5,HD 156026,1.693,0.124,2.972,9.407,5.954,0.68,0.158,0.210241,330.410174,1.51342,0.088713,1.8738148593466588e-10,8069.556753462235,2.2415435426283987,0.0473676167339014,0.32190203569761666,0.000169646473019737,1,1,1,1,1,8,8,2039.643139
HD 46588 A_0,HD 46588 A,1.961,0.092,1.375,5.123,18.202,1.18,1.826,0.093837,254.894725,1.80892,0.411652,1.639201203763495e-10,3468.0690666006053,0.9633525185001681,0.08030950842615601,0.37521831810833345,0.0005250883557578488,1,1,1,1,1,3,8,2039.652452
HD 46588 A_2,HD 46588 A,0.149,0.051,1.651,3.767,18.202,1.18,1.826,,,0.156153,0.926685,6.218758040325302e-08,inf,inf,0.0,inf,inf,0,0,0,0,0,0,8,2039.652452
HD 46588 A_4,HD 46588 A,0.634,0.042,1.252,1.899,18.202,1.18,1.826,,,0.634506,0.194518,5.192067918106263e-10,inf,inf,0.0,inf,inf,0,0,0,0,0,0,8,2039.652452
HD 46588 A_5,HD 46588 A,0.119,0.052,0.593,0.101,18.202,1.18,1.826,,,0.119272,0.321498,5.635583953745311e-09,inf,inf,0.0,inf,inf,0,0,0,0,0,0,8,2039.652452
HD 46588 A_6,HD 46588 A,0.647,0.045,2.121,5.747,18.202,1.18,1.826,,,0.622892,0.012604,7.262164924285203e-11,inf,inf,0.0,inf,inf,0,0,0,0,0,0,8,2039.652452
HD 46588 A_7,HD 46588 A,1.085,0.088,1.256,5.584,18.202,1.18,1.826,,,1.180444,0.00281,2.2851463615463635e-12,inf,inf,0.0,inf,inf,0,0,0,0,0,0,8,2039.652452
HD 46588 A_8,HD 46588 A,2.008,0.017,0.521,0.08,18.202,1.18,1.826,,,2.032889,0.315791,1.4708769939362337e-11,inf,inf,0.0,inf,inf,0,0,0,0,0,0,8,2039.652452
HD 53705_0,HD 53705,0.273,0.081,1.735,2.717,17.059,1.04,1.49,,,0.253512,0.910992,3.2270479522525084e-08,inf,inf,0.0,inf,inf,0,0,0,0,0,0,6,2039.688886
HD 53705_1,HD 53705,2.604,0.083,3.306,16.05,17.059,1.04,1.49,0.152106,179.005322,2.679467,0.156408,1.7446237912640568e-10,2932.2560241552383,0.8145155622653439,0.0849484557893693,0.3465583421928157,0.00033402184965439745,1,1,1,1,1,6,6,2039.688886
HD 53705_2,HD 53705,1.597,0.089,2.478,13.971,17.059,1.04,1.49,0.082474,341.654949,1.4816,0.170527,3.8931207407578046e-10,1190.1569811141007,0.33059916142058354,0.15146324293362168,0.4051269149692164,0.0007244790014970682,1,1,1,1,1,6,6,2039.688886
HD 53705_3,HD 53705,0.715,0.026,1.359,2.038,17.059,1.04,1.49,,,0.731869,0.444642,9.815431665811403e-10,inf,inf,0.0,inf,inf,0,0,0,0,0,0,6,2039.688886
HD 53705_4,HD 53705,0.527,0.092,2.437,10.745,17.059,1.04,1.49,,,0.512104,0.384454,5.4792457637967625e-09,inf,inf,0.0,inf,inf,0,0,0,0,0,0,6,2039.688886
HD 65907 A_0,HD 65907 A,0.584,0.099,0.585,0.122,16.172,1.11,1.29,,,0.569456,0.450119,3.325510561192321e-10,inf,inf,0.0,inf,inf,0,0,0,0,0,0,8,2039.691626
HD 65907 A_1,HD 65907 A,1.316,0.075,0.982,3.131,16.172,1.11,1.29,0.078859,94.609881,1.322999,0.428422,1.5625027065548756e-10,6889.8936362142185,1.9138593433928386,0.05774204264430954,0.40730912919219125,0.0007390270963169009,1,1,1,1,1,3,8,2039.691626
HD 65907 A_2,HD 65907 A,1.009,0.058,1.202,5.136,16.172,1.11,1.29,0.063054,49.288525,1.007759,0.334987,3.09427515412506e-10,3947.2244439118526,1.096451234419959,0.080828878675647,0.44176157108702485,0.0009687100422824581,1,1,1,1,1,5,8,2039.691626
HD 95128_1,HD 95128,2.285,0.074,0.586,0.282,13.887,1.07,1.577,,,2.326664,0.02178,9.3215942978543e-13,inf,inf,0.0,inf,inf,0,0,0,0,0,0,8,2039.713056
HD 95128_2,HD 95128,4.586,0.035,0.538,0.083,13.887,1.07,1.577,,,4.513767,0.67643,4.374562706218429e-12,inf,inf,0.0,inf,inf,0,0,0,0,0,0,8,2039.713056
HD 95128_3,HD 95128,0.343,0.031,2.771,10.086,13.887,1.07,1.577,,,0.348954,0.032906,1.2682137885688475e-09,inf,inf,0.0,inf,inf,0,0,0,0,0,0,8,2039.713056
HD 95128_4,HD 95128,2.15,0.173,1.218,6.511,13.887,1.07,1.577,0.087008,147.256977,1.807997,0.757281,2.2065387552587646e-10,1248.8227706276432,0.3468952140632342,0.15120295019605381,0.4304736466151411,0.0008934572124698998,1,1,1,1,1,2,8,2039.713056
HD 95128_5,HD 95128,0.6,0.105,2.299,8.137,13.887,1.07,1.577,,,0.537371,0.120267,1.5250733665924008e-09,inf,inf,0.0,inf,inf,0,0,0,0,0,0,8,2039.713056
HD 95128_6,HD 95128,0.335,0.024,2.419,8.582,13.887,1.07,1.577,,,0.335476,0.623077,2.508825488109277e-08,inf,inf,0.0,inf,inf,0,0,0,0,0,0,8,2039.713056
HD 95128_7,HD 95128,0.847,0.089,1.394,3.129,13.887,1.07,1.577,,,0.784018,0.100186,1.8841074360955337e-10,inf,inf,0.0,inf,inf,0,0,0,0,0,3,8,2039.713056
HD 95128_8,HD 95128,0.588,0.034,2.182,8.46,13.887,1.07,1.577,,,0.568643,0.31894,3.1428039347797183e-09,inf,inf,0.0,inf,inf,0,0,0,0,0,0,8,2039.713056
HD 142860_0,HD 142860,0.405,0.081,2.385,6.459,11.254,1.25,3.039,,,0.372307,0.55639,1.5694396009801285e-08,inf,inf,0.0,inf,inf,0,0,0,0,0,0,7,2039.715796
HD 142860_2,HD 142860,3.184,0.073,1.146,0.989,11.254,1.25,3.039,,,3.039778,0.503706,4.9339930103834256e-11,inf,inf,0.0,inf,inf,0,0,0,0,0,0,7,2039.715796
HD 142860_3,HD 142860,0.465,0.068,1.963,1.786,11.254,1.25,3.039,,,0.496584,0.057289,6.153418063123741e-10,inf,inf,0.0,inf,inf,0,0,0,0,0,0,7,2039.715796
HD 142860_5,HD 142860,0.92,0.074,2.443,8.017,11.254,1.25,3.039,0.063674,174.903429,0.851922,0.122017,7.788699442955292e-10,78.91843358599253,0.021921787107220148,1.1579973309242753,0.9999868295590204,0.004690211765429096,1,1,1,1,1,4,7,2039.715796
HD 142860_6,HD 142860,0.627,0.092,3.102,5.436,11.254,1.25,3.039,,,0.57993,0.551827,8.447128694042893e-09,inf,inf,0.0,inf,inf,0,0,0,0,0,0,7,2039.715796
HD 102365_0,HD 102365,1.154,0.024,2.235,11.472,9.319,1.02,0.844,0.118461,296.263302,1.145618,0.466126,9.556237654021766e-10,87.05827970148006,0.02418285547263335,0.8296536415365505,0.39325713640776677,0.0006453471444207378,1,1,1,1,1,8,8,2039.732761
HD 102365_1,HD 102365,4.021,0.031,1.113,0.834,9.319,1.02,0.844,,,3.913927,0.763782,3.819799376298867e-11,inf,inf,0.0,inf,inf,0,0,0,0,0,0,8,2039.732761
HD 102365_2,HD 102365,0.113,0.031,0.976,0.303,9.319,1.02,0.844,,,0.111283,0.22311,1.1080558609266713e-08,inf,inf,0.0,inf,inf,0,0,0,0,0,0,8,2039.732761
HD 4628_0,HD 4628,0.299,0.054,1.741,4.304,7.435,0.78,0.3,,,0.286639,0.416179,1.3839383403676785e-08,inf,inf,0.0,inf,inf,0,0,0,0,0,0,6,2039.743553
HD 4628_1,HD 4628,4.258,0.031,1.273,1.784,7.435,0.78,0.3,,,4.251548,0.817934,4.4952045868341794e-11,inf,inf,0.0,inf,inf,0,0,0,0,0,0,6,2039.743553
HD 4628_4,HD 4628,4.069,0.034,0.981,0.876,7.435,0.78,0.3,,,3.931258,0.351799,1.6130498564275698e-11,inf,inf,0.0,inf,inf,0,0,0,0,0,0,6,2039.743553
HD 4628_5,HD 4628,3.681,0.025,0.897,0.617,7.435,0.78,0.3,,,3.772392,0.578465,2.2125282628087463e-11,inf,inf,0.0,inf,inf,0,0,0,0,0,0,6,2039.743553
HD 4628_6,HD 4628,1.476,0.055,1.942,4.324,7.435,0.78,0.3,0.072118,189.628554,1.541534,0.945142,9.684810873021507e-10,458.12942404333444,0.12725817334537068,0.27104649847756507,0.4155429000442765,0.0007939189019974695,1,1,1,1,1,4,6,2039.743553
HD 23249_0,HD 23249,2.38,0.039,0.804,0.586,9.089,0.87,2.941,,,2.45697,0.300945,2.1274168885217782e-11,inf,inf,0.0,inf,inf,0,0,0,0,0,0,7,2039.751157
HD 23249_1,HD 23249,2.348,0.031,1.487,3.029,9.089,0.87,2.941,,,2.279014,0.052189,1.6037700612543197e-11,inf,inf,0.0,inf,inf,0,0,0,0,0,3,7,2039.751157
HD 20766_0,HD 20766,1.336,0.161,1.674,3.092,12.045,1.01,0.794,0.101063,238.166388,1.3034,0.167416,1.5125537694870401e-10,4280.203298551249,1.1889453607086802,0.07058271178276902,0.3637323192943827,0.0004485150303315106,1,1,1,1,1,6,7,2039.753897
HD 20766_1,HD 20766,0.327,0.097,2.659,6.922,12.045,1.01,0.794,,,0.298985,0.057614,2.6198372401014757e-09,inf,inf,0.0,inf,inf,0,0,0,0,0,0,7,2039.753897
HD 20766_4,HD 20766,1.915,0.031,0.912,0.441,12.045,1.01,0.794,,,1.955829,0.634764,9.036480694902992e-11,inf,inf,0.0,inf,inf,0,0,0,0,0,1,7,2039.753897
HD 201092_1,HD 201092,2.708,0.059,2.37,8.514,3.496,0.63,0.078,0.593593,73.278039,2.743322,0.713015,3.6289545427814903e-10,1608.0158925353378,0.446671081259816,0.1164590360630073,0.3285499697104085,0.00021396603310501602,1,1,1,1,1,4,6,2039.768459
HD 128620_0,HD 128620,1.567,0.074,0.945,0.738,1.332,1.11,1.521,0.736501,191.104958,1.664465,0.82946,1.9541898130748977e-10,4.584710243035397,0.0012735306230653883,16.360047194474944,8.668587585131624,0.05581421680257977,1,1,1,1,1,2,8,2039.793554
HD 128620_1,HD 128620,1.266,0.016,1.198,6.221,1.332,1.11,1.521,,,1.256712,0.064402,3.5770337127608103e-11,inf,inf,0.0,inf,inf,0,0,0,0,0,4,8,2039.793554
HD 4614 A_0,HD 4614 A,4.718,0.051,1.358,3.151,5.01,1.14,1.252,,,4.480212,0.582532,4.474818930356454e-11,inf,inf,0.0,inf,inf,0,0,0,0,0,0,7,2039.800574
HD 4614 A_1,HD 4614 A,0.651,0.133,0.728,0.235,5.01,1.14,1.252,0.114341,337.086413,0.591029,0.299107,3.5144118876601657e-10,66.63706426199612,0.018510295628332254,1.1579145455772626,0.6650446497703079,0.0024572639001710123,1,1,1,1,1,7,7,2039.800574
HD 4614 A_2,HD 4614 A,2.584,0.017,1.361,2.842,5.01,1.14,1.252,,,2.601149,0.425203,9.057143769809639e-11,inf,inf,0.0,inf,inf,0,0,0,0,0,3,7,2039.800574
HD 190248_1,HD 190248,1.11,0.055,1.408,3.629,6.099,0.94,1.25,0.122644,181.898799,1.164354,0.793661,7.535386797685597e-10,27.508934781327397,0.007641370772590944,2.2680116898290206,0.6196682933682337,0.002154754857490517,1,1,1,1,1,6,8,2039.83355
HD 190248_2,HD 190248,3.754,0.072,1.017,1.24,6.099,0.94,1.25,,,3.501464,0.214865,1.3938850266282822e-11,inf,inf,0.0,inf,inf,0,0,0,0,0,0,8,2039.83355
HD 190248_3,HD 190248,1.406,0.139,0.51,0.568,6.099,0.94,1.25,,,1.343422,0.284688,2.760646723527105e-11,inf,inf,0.0,inf,inf,0,0,0,0,0,2,8,2039.83355
HD 219134_0,HD 219134,1.298,0.068,3.021,11.197,6.542,0.75,0.266,0.204566,84.221599,1.331237,0.280249,7.459879776486101e-10,249.16499071746878,0.06921249742151911,0.37762232007996094,0.34746280621407033,0.00034005160979609455,1,1,1,1,1,8,8,2039.838173
HD 219134_1,HD 219134,0.107,0.06,0.589,0.114,6.542,0.75,0.266,,,0.111606,0.664243,1.1911449576826447e-08,inf,inf,0.0,inf,inf,0,0,0,0,0,0,8,2039.838173
HD 219134_2,HD 219134,0.475,0.085,1.279,2.244,6.542,0.75,0.266,,,0.513983,0.727815,3.2858060523648753e-09,inf,inf,0.0,inf,inf,0,0,0,0,0,4,8,2039.838173
HD 219134_3,HD 219134,2.999,0.067,1.913,4.52,6.542,0.75,0.266,,,2.821308,0.010756,2.950827482974075e-12,inf,inf,0.0,inf,inf,0,0,0,0,0,4,8,2039.838173
HD 219134_4,HD 219134,0.285,0.083,1.716,4.805,6.542,0.75,0.266,,,0.3078,0.396013,8.840018190455165e-09,inf,inf,0.0,inf,inf,0,0,0,0,0,0,8,2039.838173
HD 219134_5,HD 219134,1.823,0.052,1.09,4.144,6.542,0.75,0.266,,,1.867756,0.189526,4.846551696966752e-11,inf,inf,0.0,inf,inf,0,0,0,0,0,4,8,2039.838173
HD 219134_7,HD 219134,0.986,0.056,2.277,3.449,6.542,0.75,0.266,0.138756,172.588712,0.954927,0.183802,9.9126300535734e-10,171.51454459266301,0.0476429290535175,0.4888272097672598,0.3475559559157665,0.00034067260780740237,1,1,1,1,1,8,8,2039.838173
HD 34411_0,HD 34411,0.295,0.082,3.192,8.429,12.562,1.08,1.732,,,0.292632,0.217979,2.20607496836658e-08,inf,inf,0.0,inf,inf,0,0,0,0,0,0,7,2039.849097
HD 34411_1,HD 34411,1.539,0.078,0.897,0.713,12.562,1.08,1.732,,,1.646257,0.020358,3.7927083620708085e-12,inf,inf,0.0,inf,inf,0,0,0,0,0,2,7,2039.849097
HD 34411_3,HD 34411,1.691,0.074,0.798,0.808,12.562,1.08,1.732,0.096077,343.007625,1.658664,0.712063,1.3840145574101574e-10,1551.6620667061943,0.43101724075172065,0.1351759046617299,0.441991651514997,0.0009702439118022723,1,1,1,1,1,3,7,2039.849097
HD 693_0,HD 693,1.045,0.058,1.136,2.579,18.886,1.18,2.997,,,1.023709,0.014641,1.1673694074015467e-11,inf,inf,0.0,inf,inf,0,0,0,0,0,0,7,2039.867716
HD 693_1,HD 693,0.139,0.106,2.768,7.407,18.886,1.18,2.997,,,0.153681,0.040761,8.99334024483638e-09,inf,inf,0.0,inf,inf,0,0,0,0,0,0,7,2039.867716
HD 693_3,HD 693,1.448,0.069,1.975,3.042,18.886,1.18,2.997,,,1.546959,0.761631,6.844583841893815e-10,inf,inf,0.0,inf,inf,0,0,0,0,0,2,7,2039.867716
HD 693_4,HD 693,1.744,0.105,1.392,2.348,18.886,1.18,2.997,,,1.740819,0.896311,3.2221366959097307e-10,inf,inf,0.0,inf,inf,0,0,0,0,0,2,7,2039.867716
HD 693_5,HD 693,2.909,0.1,1.423,2.794,18.886,1.18,2.997,,,2.909395,0.000341,6.033161648050502e-14,inf,inf,0.0,inf,inf,0,0,0,0,0,1,7,2039.867716
HD 693_6,HD 693,2.914,0.024,0.574,0.316,18.886,1.18,2.997,,,2.97424,0.961577,2.8644831014958522e-11,inf,inf,0.0,inf,inf,0,0,0,0,0,0,7,2039.867716
HD 693_7,HD 693,3.93,0.01,2.298,5.004,18.886,1.18,2.997,,,3.913238,0.398059,8.763344527160646e-11,inf,inf,0.0,inf,inf,0,0,0,0,0,3,7,2039.867716
HD 17925_0,HD 17925,1.472,0.037,0.676,0.068,10.361,0.82,0.401,,,1.437636,0.403496,5.954348769835011e-11,inf,inf,0.0,inf,inf,0,0,0,0,0,0,8,2039.905163
HD 17925_2,HD 17925,0.735,0.099,0.938,0.945,10.361,0.82,0.401,,,0.666937,0.008967,1.2770442631282102e-11,inf,inf,0.0,inf,inf,0,0,0,0,0,2,8,2039.905163
HD 17925_3,HD 17925,0.561,0.086,1.065,2.041,10.361,0.82,0.401,,,0.608268,0.812928,1.8802091399961792e-09,inf,inf,0.0,inf,inf,0,0,0,0,0,0,8,2039.905163
HD 17925_4,HD 17925,0.848,0.062,1.424,1.901,10.361,0.82,0.401,0.065099,69.383238,0.821842,0.627563,1.2096411399331329e-09,537.5373900936582,0.14931594169268284,0.23946537953465336,0.3893969357000817,0.0006196124730361709,1,1,1,1,1,5,8,2039.905163
HD 17925_6,HD 17925,3.618,0.076,0.719,0.216,10.361,0.82,0.401,,,3.438649,0.469237,1.2910867909430756e-11,inf,inf,0.0,inf,inf,0,0,0,0,0,0,8,2039.905163
HD 165499_0,HD 165499,3.777,0.071,0.637,0.161,17.753,1.08,1.731,,,3.741109,0.954408,2.50417433136781e-11,inf,inf,0.0,inf,inf,0,0,0,0,0,0,8,2039.924245
HD 165499_1,HD 165499,0.192,0.04,0.654,0.106,17.753,1.08,1.731,,,0.185274,0.816736,6.662961993482957e-09,inf,inf,0.0,inf,inf,0,0,0,0,0,0,8,2039.924245
HD 165499_3,HD 165499,0.221,0.065,0.75,0.229,17.753,1.08,1.731,,,0.207516,0.357834,2.8907342615591465e-09,inf,inf,0.0,inf,inf,0,0,0,0,0,0,8,2039.924245
HD 165499_4,HD 165499,1.569,0.062,3.377,24.497,17.753,1.08,1.731,0.064949,171.851255,1.648188,0.760477,2.1423401743512757e-09,121.441163699891,0.03373365658330306,0.6761662500704886,0.45681733661180585,0.0010690818124476649,1,1,1,1,1,7,8,2039.924245
HD 20807_0,HD 20807,0.337,0.072,1.793,3.234,12.039,1.07,1.017,,,0.33221,0.75342,1.4329405484763744e-08,inf,inf,0.0,inf,inf,0,0,0,0,0,0,8,2039.949149
HD 20807_1,HD 20807,1.546,0.069,0.954,0.846,12.039,1.07,1.017,0.128197,18.261391,1.536181,0.337292,1.0239045043454648e-10,4844.4107194259705,1.3456696442849918,0.06611645627166811,0.36504982238055594,0.000457298384239332,1,1,1,1,1,6,8,2039.949149
HD 20807_2,HD 20807,2.979,0.055,2.038,8.298,12.039,1.07,1.017,,,2.992039,0.084598,2.527049541001935e-11,inf,inf,0.0,inf,inf,0,0,0,0,0,3,8,2039.949149
HD 155886_1,HD 155886,0.511,0.064,0.698,0.549,5.952,0.85,0.327,0.077153,87.377216,0.480063,0.497845,5.955448016635056e-10,355.2749743238082,0.09868749286772449,0.338654145835013,0.49227689244922884,0.001305478851363818,1,1,1,1,1,8,8,2039.966493
HD 155886_2,HD 155886,0.232,0.069,1.589,4.704,5.952,0.85,0.327,,,0.242787,0.612253,1.940623373183413e-08,inf,inf,0.0,inf,inf,0,0,0,0,0,0,8,2039.966493
HD 155886_3,HD 155886,1.253,0.044,2.915,7.774,5.952,0.85,0.327,0.139689,86.980739,1.308132,0.033358,1.2587513646902722e-10,2520.341712102154,0.700094920028376,0.09576145117349716,0.3752206961866068,0.0005251042096130047,1,1,1,1,1,8,8,2039.966493
HD 155886_4,HD 155886,0.305,0.028,0.94,0.937,5.952,0.85,0.327,,,0.298034,0.630343,4.537610907777189e-09,inf,inf,0.0,inf,inf,0,0,0,0,0,0,8,2039.966493
HD 155886_5,HD 155886,0.201,0.128,1.339,2.779,5.952,0.85,0.327,,,0.211889,0.514537,1.3341282814398636e-08,inf,inf,0.0,inf,inf,0,0,0,0,0,0,8,2039.966493
HD 155886_6,HD 155886,0.316,0.044,0.948,1.735,5.952,0.85,0.327,,,0.302975,0.423493,2.7597343271801988e-09,inf,inf,0.0,inf,inf,0,0,0,0,0,0,8,2039.966493
HD 155886_7,HD 155886,0.59,0.079,3.352,16.163,5.952,0.85,0.327,0.09837,311.793891,0.626815,0.40081,7.52539052089076e-09,9.876274480196752,0.0027434095778324312,5.327726408341486,0.3933874048133158,0.0006462156004577311,1,1,1,1,1,8,8,2039.966493
HD 155886_8,HD 155886,3.879,0.087,2.635,16.445,5.952,0.85,0.327,,,3.805172,0.307282,8.685315029387291e-11,inf,inf,0.0,inf,inf,0,0,0,0,0,3,8,2039.966493
HD 30652_0,HD 30652,0.357,0.032,0.524,0.119,8.068,1.25,2.71,,,0.365054,0.004933,7.558340158297506e-12,inf,inf,0.0,inf,inf,0,0,0,0,0,0,7,2039.989527
HD 30652_1,HD 30652,3.379,0.099,2.314,9.159,8.068,1.25,2.71,0.395115,172.110578,3.16831,0.30194,1.2823573363910138e-10,196.93332650103406,0.054703701805842796,0.5725428968641366,0.7431757821524085,0.002978138116051683,1,1,1,1,1,4,7,2039.989527
HD 30652_2,HD 30652,1.418,0.081,1.563,7.047,8.068,1.25,2.71,0.162932,141.250478,1.304706,0.311031,3.821111483807539e-10,42.23300478279327,0.011731390217442576,1.6752102044495625,0.7431849120417896,0.00297819898198089,1,1,1,1,1,5,7,2039.989527
HD 30652_3,HD 30652,3.27,0.133,2.129,5.731,8.068,1.25,2.71,,,3.182844,0.167997,5.6302137225669684e-11,inf,inf,0.0,inf,inf,0,0,0,0,0,3,7,2039.989527
HD 30652_4,HD 30652,2.754,0.119,2.49,10.16,8.068,1.25,2.71,0.358156,26.30576,2.916285,0.402919,1.438375783264002e-10,164.83481681329448,0.04578744911480402,0.642038563051447,0.7431757821524085,0.002978138116051683,1,1,1,1,1,3,7,2039.989527
HD 201091_1,HD 201091,1.051,0.108,0.699,0.293,3.497,0.68,0.142,,,1.067059,0.161592,4.514846084092975e-11,inf,inf,0.0,inf,inf,0,0,0,0,0,3,7,2040.020039
HD 201091_2,HD 201091,2.964,0.153,0.94,0.359,3.497,0.68,0.142,,,3.133048,0.163869,1.3536981349168355e-11,inf,inf,0.0,inf,inf,0,0,0,0,0,0,7,2040.020039
HD 201091_4,HD 201091,2.241,0.067,3.013,8.159,3.497,0.68,0.142,0.619055,188.075235,2.204916,0.204418,2.374543765477543e-10,965.3185585367848,0.2681440440379958,0.16397433130237718,0.36551657860591275,0.00046041009240837736,1,1,1,1,1,4,7,2040.020039
HD 131977_0,HD 131977,2.114,0.033,1.305,3.47,5.886,0.72,0.223,,,2.175623,0.147327,3.7108617612805026e-11,inf,inf,0.0,inf,inf,0,0,0,0,0,3,6,2040.03557
HD 141004_0,HD 141004,2.629,0.092,2.901,8.518,11.916,1.09,2.004,,,2.417002,0.004944,4.8308251670084425e-12,inf,inf,0.0,inf,inf,0,0,0,0,0,3,7,2040.043525
HD 141004_1,HD 141004,0.651,0.071,0.654,0.168,11.916,1.09,2.004,,,0.63467,0.085979,5.811794626192938e-11,inf,inf,0.0,inf,inf,0,0,0,0,0,0,7,2040.043525
HD 141004_2,HD 141004,4.426,0.098,1.019,2.941,11.916,1.09,2.004,,,4.80426,0.430581,1.4650009782131747e-11,inf,inf,0.0,inf,inf,0,0,0,0,0,0,7,2040.043525
HD 141004_3,HD 141004,4.115,0.06,0.578,0.125,11.916,1.09,2.004,,,4.176335,0.298272,3.0566886368283863e-12,inf,inf,0.0,inf,inf,0,0,0,0,0,0,7,2040.043525
HD 141004_4,HD 141004,3.163,0.091,1.732,4.206,11.916,1.09,2.004,,,3.28604,0.478814,8.081907239048318e-11,inf,inf,0.0,inf,inf,0,0,0,0,0,0,7,2040.043525
HD 217987_0,HD 217987,3.278,0.032,3.1,17.272,3.287,0.49,0.036,0.941598,350.44211,3.243951,0.477783,2.825045542291647e-10,21316.713709476888,5.92130936374358,0.02771114428885023,0.30626432131490483,6.539504380165811e-05,1,0,1,1,1,4,6,2040.055594
HD 217987_1,HD 217987,0.104,0.158,2.049,6.333,3.287,0.49,0.036,,,0.115968,0.200821,4.263805775498208e-08,inf,inf,0.0,inf,inf,0,0,0,0,0,0,6,2040.055594
HD 17206_0,HD 17206,1.742,0.09,0.885,1.25,14.276,1.21,2.617,,,1.639785,0.504819,9.947383631572145e-11,inf,inf,0.0,inf,inf,0,0,0,0,0,0,8,2040.0607
HD 17206_1,HD 17206,0.879,0.039,2.253,5.781,14.276,1.21,2.617,,,0.875002,0.499438,2.618330361968485e-09,inf,inf,0.0,inf,inf,0,0,0,0,0,2,8,2040.0607
HD 17206_2,HD 17206,0.485,0.035,0.762,0.888,14.276,1.21,2.617,,,0.493442,0.741887,1.2770559766566816e-09,inf,inf,0.0,inf,inf,0,0,0,0,0,0,8,2040.0607
HD 39091_1,HD 39091,3.12,0.028,1.191,1.952,18.287,1.08,1.533,,,3.197342,0.124196,1.1813998196225434e-11,inf,inf,0.0,inf,inf,0,0,0,0,0,0,8,2040.064657
HD 39091_2,HD 39091,2.865,0.029,0.677,0.089,18.287,1.08,1.533,,,2.803004,0.034173,1.500426775457465e-12,inf,inf,0.0,inf,inf,0,0,0,0,0,0,8,2040.064657
HD 39091_3,HD 39091,3.55,0.072,1.069,0.919,18.287,1.08,1.533,,,3.308764,0.034156,2.476543559189272e-12,inf,inf,0.0,inf,inf,0,0,0,0,0,0,8,2040.064657
HD 39091_4,HD 39091,4.534,0.027,1.234,1.811,18.287,1.08,1.533,,,4.516436,0.102557,4.832086912894981e-12,inf,inf,0.0,inf,inf,0,0,0,0,0,0,8,2040.064657
HD 39091_5,HD 39091,1.437,0.051,1.31,1.974,18.287,1.08,1.533,0.080355,256.420029,1.501909,0.466031,2.4177410767151257e-10,3510.0383476834377,0.9750106521342883,0.0824353124663289,0.4025979204839829,0.0007076190382621788,1,1,1,1,1,7,8,2040.064657
HD 39091_6,HD 39091,0.67,0.012,2.604,6.457,18.287,1.08,1.533,,,0.678035,0.249235,3.1602148332808063e-09,inf,inf,0.0,inf,inf,0,0,0,0,0,0,8,2040.064657
HD 19373_0,HD 19373,0.74,0.034,3.212,9.93,10.577,1.08,2.23,,,0.764739,0.767791,1.2380839510943982e-08,inf,inf,0.0,inf,inf,0,0,0,0,0,1,7,2040.083026
HD 19373_2,HD 19373,0.724,0.048,1.483,3.085,10.577,1.08,2.23,0.067387,358.62334,0.753393,0.393779,1.2203421975245264e-09,46.58797535692022,0.012941104265811172,1.6099727643726192,0.8538045502332773,0.003715663236590808,1,1,1,1,1,2,7,2040.083026
HD 19373_3,HD 19373,0.676,0.061,1.037,1.075,10.577,1.08,2.23,,,0.716276,0.050175,8.659408198036057e-11,inf,inf,0.0,inf,inf,0,0,0,0,0,1,7,2040.083026
HD 19373_6,HD 19373,0.114,0.04,2.433,8.086,10.577,1.08,2.23,,,0.113968,0.03519,9.191131601855632e-09,inf,inf,0.0,inf,inf,0,0,0,0,0,0,7,2040.083026
HD 19373_7,HD 19373,2.87,0.048,1.622,2.945,10.577,1.08,2.23,,,3.006382,0.324162,6.793882477463462e-11,inf,inf,0.0,inf,inf,0,0,0,0,0,2,7,2040.083026
HD 86728 A_0,HD 86728 A,0.138,0.113,0.53,0.078,14.926,1.0,1.378,,,0.151403,0.906855,5.320776099939765e-09,inf,inf,0.0,inf,inf,0,0,0,0,0,0,7,2040.090323
HD 86728 A_1,HD 86728 A,1.194,0.049,0.519,0.144,14.926,1.0,1.378,,,1.206853,0.115412,1.2813153354801606e-11,inf,inf,0.0,inf,inf,0,0,0,0,0,0,7,2040.090323
HD 86728 A_2,HD 86728 A,1.586,0.024,0.736,0.367,14.926,1.0,1.378,,,1.6023,0.635914,6.935263075495099e-11,inf,inf,0.0,inf,inf,0,0,0,0,0,0,7,2040.090323
HD 86728 A_3,HD 86728 A,0.34,0.077,0.971,1.901,14.926,1.0,1.378,,,0.338005,0.371983,2.087849030440922e-09,inf,inf,0.0,inf,inf,0,0,0,0,0,0,7,2040.090323
HD 86728 A_4,HD 86728 A,3.143,0.15,2.985,16.709,14.926,1.0,1.378,0.124602,356.989799,2.853973,0.797966,5.287762887430783e-10,363.97474331412525,0.10110409536503479,0.2966561395880789,0.35698964751289597,0.000403563885121599,1,1,1,1,1,4,7,2040.090323
HD 86728 A_5,HD 86728 A,0.238,0.132,1.155,6.008,14.926,1.0,1.378,,,0.266081,0.146439,1.6013848009637928e-09,inf,inf,0.0,inf,inf,0,0,0,0,0,0,7,2040.090323
HD 86728 A_6,HD 86728 A,2.84,0.137,2.462,3.621,14.926,1.0,1.378,0.119963,187.079548,2.748638,0.804484,3.816172996682906e-10,625.0118541098418,0.1736144039194005,0.21145924490650272,0.358788186337463,0.00041555414395204587,1,1,1,1,1,5,7,2040.090323
HD 50692_0,HD 50692,3.95,0.04,2.831,10.297,17.405,1.08,1.293,0.215131,272.349866,3.7967,0.393198,1.4590789595282805e-10,5381.781753329391,1.4949393759248308,0.06024646865539864,0.3379921572832213,0.0002769139502571011,1,1,1,1,1,2,6,2040.095705
HD 50692_1,HD 50692,0.28,0.064,0.734,0.092,17.405,1.08,1.293,,,0.272578,0.704656,2.233347377914254e-09,inf,inf,0.0,inf,inf,0,0,0,0,0,0,6,2040.095705
HD 50692_2,HD 50692,0.513,0.081,1.798,3.652,17.405,1.08,1.293,,,0.547557,0.165305,1.0215189505903e-09,inf,inf,0.0,inf,inf,0,0,0,0,0,0,6,2040.095705
HD 50692_3,HD 50692,0.925,0.032,2.849,9.197,17.405,1.08,1.293,,,0.8954,0.685712,4.922901493988952e-09,inf,inf,0.0,inf,inf,0,0,0,0,0,0,6,2040.095705
HD 201091_1,HD 201091,1.051,0.108,0.699,0.293,3.497,0.68,0.142,,,1.10973,0.19359,5.0009035421543876e-11,inf,inf,0.0,inf,inf,0,0,0,0,0,3,8,2040.106648
HD 201091_2,HD 201091,2.964,0.153,0.94,0.359,3.497,0.68,0.142,,,3.0973,0.138665,1.1720817108840297e-11,inf,inf,0.0,inf,inf,0,0,0,0,0,0,8,2040.106648
HD 201091_4,HD 201091,2.241,0.067,3.013,8.159,3.497,0.68,0.142,0.616259,184.781214,2.185414,0.258868,3.060943368585101e-10,632.8262471344476,0.17578506864845767,0.21137485978006768,0.36551657860591275,0.00046041009240837736,1,1,1,1,1,5,8,2040.106648
HD 142373_0,HD 142373,1.268,0.168,0.757,0.148,15.898,1.08,3.136,,,1.256922,0.176963,4.563483089124155e-11,inf,inf,0.0,inf,inf,0,0,0,0,0,1,7,2040.109435
HD 142373_1,HD 142373,1.76,0.092,0.868,0.535,15.898,1.08,3.136,,,1.709665,0.189258,3.034711839538859e-11,inf,inf,0.0,inf,inf,0,0,0,0,0,0,7,2040.109435
HD 142373_2,HD 142373,0.834,0.129,2.923,6.259,15.898,1.08,3.136,,,0.741886,0.570051,6.291224946954824e-09,inf,inf,0.0,inf,inf,0,0,0,0,0,0,7,2040.109435
HD 142373_4,HD 142373,1.161,0.006,1.265,2.536,15.898,1.08,3.136,,,1.158631,0.022567,2.434492694038087e-11,inf,inf,0.0,inf,inf,0,0,0,0,0,3,7,2040.109435
HD 142373_6,HD 142373,4.705,0.105,0.947,0.923,15.898,1.08,3.136,,,4.577112,0.529068,1.462278121738414e-11,inf,inf,0.0,inf,inf,0,0,0,0,0,0,7,2040.109435
HD 142373_7,HD 142373,1.878,0.051,2.611,6.816,15.898,1.08,3.136,0.06693,342.229475,1.800037,0.860493,1.0638863030749662e-09,146.47659387856734,0.04068794274404648,0.6653402953893863,0.6571174418820425,0.0024044158475825758,1,1,1,1,1,5,7,2040.109435
HD 142373_8,HD 142373,3.092,0.053,1.805,7.326,15.898,1.08,3.136,0.187576,112.163684,3.122942,0.46957,1.0640224271309274e-10,1660.9432298940494,0.46137311941501374,0.1267566233507754,0.41680229590659995,0.0008023148744129589,1,1,1,1,1,3,7,2040.109435
HD 109358_0,HD 109358,0.599,0.064,0.661,0.193,8.473,1.08,1.151,0.063662,98.931647,0.560815,0.422924,4.59256706321835e-10,310.94618675452125,0.08637394076514479,0.43998985404302976,0.7852069586535927,0.0032583459593929103,1,1,1,1,1,8,8,2040.145097
HD 109358_1,HD 109358,0.313,0.024,1.946,4.835,8.473,1.08,1.151,,,0.319424,0.654374,1.576927022838052e-08,inf,inf,0.0,inf,inf,0,0,0,0,0,0,8,2040.145097
HD 109358_3,HD 109358,0.172,0.066,1.409,1.609,8.473,1.08,1.151,,,0.178129,0.120656,5.668339873396342e-09,inf,inf,0.0,inf,inf,0,0,0,0,0,0,8,2040.145097
HD 109358_4,HD 109358,1.488,0.078,0.58,0.237,8.473,1.08,1.151,,,1.378549,0.33373,4.092818325019681e-11,inf,inf,0.0,inf,inf,0,0,0,0,0,0,8,2040.145097
HD 109358_5,HD 109358,3.968,0.05,3.285,25.806,8.473,1.08,1.151,0.181917,101.07385,4.116738,0.932339,3.714577428550927e-10,141.58356925804628,0.03932876923834619,0.6089213047803287,0.46227476927138744,0.0011054646968448752,1,1,1,1,1,3,8,2040.145097
HD 114710_0,HD 114710,1.415,0.117,0.681,0.147,9.197,1.11,1.357,,,1.405444,0.166367,2.5077843192925313e-11,inf,inf,0.0,inf,inf,0,0,0,0,0,0,7,2040.152895
HD 114710_1,HD 114710,0.314,0.116,0.63,1.142,9.197,1.11,1.357,,,0.336371,0.06965,1.497730207828257e-10,inf,inf,0.0,inf,inf,0,0,0,0,0,0,7,2040.152895
HD 114710_2,HD 114710,2.258,0.018,0.683,0.173,9.197,1.11,1.357,,,2.295665,0.872047,5.249857212876831e-11,inf,inf,0.0,inf,inf,0,0,0,0,0,0,7,2040.152895
HD 114710_4,HD 114710,0.861,0.053,0.898,0.439,9.197,1.11,1.357,,,0.874212,0.069851,4.491424392138739e-11,inf,inf,0.0,inf,inf,0,0,0,0,0,4,7,2040.152895
HD 114710_5,HD 114710,0.124,0.109,3.108,17.681,9.197,1.11,1.357,,,0.110486,0.581118,2.426922210340082e-07,inf,inf,0.0,inf,inf,0,0,0,0,0,0,7,2040.152895
HD 55575_0,HD 55575,1.084,0.09,0.727,0.186,16.852,1.14,1.463,,,0.98848,0.035382,1.2009937198723476e-11,inf,inf,0.0,inf,inf,0,0,0,0,0,1,8,2040.20662
HD 55575_1,HD 55575,0.133,0.053,0.578,0.677,16.852,1.14,1.463,,,0.139283,0.284578,3.5730431552554106e-09,inf,inf,0.0,inf,inf,0,0,0,0,0,0,8,2040.20662
HD 149661_2,HD 149661,2.991,0.073,1.285,2.935,9.894,0.87,0.462,,,3.193873,0.587067,5.6358361075737274e-11,inf,inf,0.0,inf,inf,0,0,0,0,0,0,6,2040.219522
HD 149661_3,HD 149661,2.364,0.065,0.7,0.315,9.894,0.87,0.462,,,2.506541,0.12532,6.151022088026401e-12,inf,inf,0.0,inf,inf,0,0,0,0,0,0,6,2040.219522
HD 149661_5,HD 149661,3.155,0.051,2.936,7.428,9.894,0.87,0.462,0.105461,35.28449,3.031657,0.937789,7.210201713224714e-10,399.35184459454035,0.11093106794292787,0.27541266062327374,0.3427470487937155,0.00030861322699372894,1,1,1,1,1,4,6,2040.219522
HD 10780_0,HD 10780,0.841,0.11,1.077,1.181,10.041,0.9,0.516,,,0.919478,0.09754,7.135637903092112e-11,inf,inf,0.0,inf,inf,0,0,0,0,0,4,8,2040.226762
HD 10780_3,HD 10780,2.25,0.098,1.348,1.367,10.041,0.9,0.516,,,2.274736,0.050028,1.045092991494813e-11,inf,inf,0.0,inf,inf,0,0,0,0,0,3,8,2040.226762
HD 10780_4,HD 10780,2.669,0.102,2.513,12.001,10.041,0.9,0.516,,,2.568385,0.125658,8.57429153582491e-11,inf,inf,0.0,inf,inf,0,0,0,0,0,5,8,2040.226762
HD 16895 A_0,HD 16895 A,3.595,0.047,2.816,7.544,11.15,1.21,2.246,,,3.744599,0.136126,5.640642241310453e-11,inf,inf,0.0,inf,inf,0,0,0,0,0,4,7,2040.231692
HD 16895 A_4,HD 16895 A,4.424,0.091,1.274,1.913,11.15,1.21,2.246,,,4.437681,0.896727,4.182094163815734e-11,inf,inf,0.0,inf,inf,0,0,0,0,0,0,7,2040.231692
HD 16895 A_5,HD 16895 A,1.554,0.05,3.144,9.969,11.15,1.21,2.246,0.111921,116.240647,1.506699,0.093523,2.437237098445949e-10,244.60350613703199,0.06794541837139777,0.4338956150223283,0.5054332506283133,0.0013931879058910479,1,1,1,1,1,6,7,2040.231692
HD 16895 A_6,HD 16895 A,0.108,0.029,0.508,0.042,11.15,1.21,2.246,,,0.110383,0.022294,4.084884248515215e-10,inf,inf,0.0,inf,inf,0,0,0,0,0,0,7,2040.231692
HD 100623 A_0,HD 100623 A,4.014,0.105,2.503,8.448,9.559,0.88,0.37,0.368913,283.796218,4.021293,0.5863,1.8250129775859106e-10,4811.3714810327765,1.33649207806466,0.06341750708005021,0.3312275790176131,0.00023181676181971352,1,1,1,1,1,2,6,2040.234616
HD 100623 A_2,HD 100623 A,0.102,0.086,0.559,0.245,9.559,0.88,0.37,,,0.110678,0.657885,1.0044160857639382e-08,inf,inf,0.0,inf,inf,0,0,0,0,0,0,6,2040.234616
HD 100623 A_3,HD 100623 A,4.384,0.075,1.441,2.214,9.559,0.88,0.37,,,4.078569,0.009274,8.10476532735556e-13,inf,inf,0.0,inf,inf,0,0,0,0,0,0,6,2040.234616
HD 100623 A_4,HD 100623 A,2.524,0.072,0.66,0.613,9.559,0.88,0.37,,,2.663573,0.128387,4.4033346234117605e-12,inf,inf,0.0,inf,inf,0,0,0,0,0,0,6,2040.234616
HD 100623 A_5,HD 100623 A,4.18,0.038,0.734,0.337,9.559,0.88,0.37,,,4.263722,0.105706,1.9771848325205252e-12,inf,inf,0.0,inf,inf,0,0,0,0,0,0,6,2040.234616
HD 100623 A_6,HD 100623 A,0.362,0.165,0.555,0.359,9.559,0.88,0.37,,,0.402873,0.064149,7.705746646877168e-11,inf,inf,0.0,inf,inf,0,0,0,0,0,0,6,2040.234616
HD 100623 A_7,HD 100623 A,4.073,0.068,1.365,1.972,9.559,0.88,0.37,,,4.345386,0.564395,4.5553387499127015e-11,inf,inf,0.0,inf,inf,0,0,0,0,0,0,6,2040.234616
HD 216803_1,HD 216803,3.539,0.087,2.035,5.879,7.601,0.72,0.196,,,3.537689,0.361589,8.528047895289346e-11,inf,inf,0.0,inf,inf,0,0,0,0,0,1,6,2040.238074
HD 216803_3,HD 216803,0.104,0.044,0.893,0.284,7.601,0.72,0.196,,,0.101402,0.161292,8.462218997988843e-09,inf,inf,0.0,inf,inf,0,0,0,0,0,0,6,2040.238074
HD 216803_4,HD 216803,2.738,0.038,2.631,12.08,7.601,0.72,0.196,,,2.764349,0.991847,6.697221713764717e-10,inf,inf,0.0,inf,inf,0,0,0,0,0,3,6,2040.238074
HD 216803_5,HD 216803,0.109,0.06,0.686,0.431,7.601,0.72,0.196,,,0.11554,0.441562,8.751677560445167e-09,inf,inf,0.0,inf,inf,0,0,0,0,0,0,6,2040.238074
HD 216803_6,HD 216803,0.431,0.071,1.431,2.693,7.601,0.72,0.196,,,0.449617,0.529127,3.635610134607053e-09,inf,inf,0.0,inf,inf,0,0,0,0,0,0,6,2040.238074
HD 187691 A_0,HD 187691 A,3.127,0.076,1.475,4.454,19.488,1.25,2.835,,,3.128559,0.156874,2.3272633106687208e-11,inf,inf,0.0,inf,inf,0,0,0,0,0,0,7,2040.241079
HD 187691 A_1,HD 187691 A,2.61,0.091,1.018,1.386,19.488,1.25,2.835,,,2.477448,0.925335,1.1957764633674167e-10,inf,inf,0.0,inf,inf,0,0,0,0,0,1,7,2040.241079
HD 187691 A_2,HD 187691 A,3.249,0.037,0.764,1.364,19.488,1.25,2.835,,,3.366428,0.873963,3.118576923384046e-11,inf,inf,0.0,inf,inf,0,0,0,0,0,0,7,2040.241079
HD 187691 A_3,HD 187691 A,2.018,0.038,2.654,10.557,19.488,1.25,2.835,,,2.080192,0.033667,3.558261047962606e-11,inf,inf,0.0,inf,inf,0,0,0,0,0,4,7,2040.241079
HD 160691_0,HD 160691,1.46,0.051,0.67,0.675,15.604,1.0,1.899,,,1.534237,0.460059,4.328113095286749e-11,inf,inf,0.0,inf,inf,0,0,0,0,0,0,7,2040.243819
HD 160691_1,HD 160691,0.274,0.085,0.88,0.645,15.604,1.0,1.899,,,0.252894,0.655412,5.857985592447965e-09,inf,inf,0.0,inf,inf,0,0,0,0,0,0,7,2040.243819
HD 160691_2,HD 160691,0.346,0.144,0.58,0.053,15.604,1.0,1.899,,,0.367304,0.303862,5.414141413609204e-10,inf,inf,0.0,inf,inf,0,0,0,0,0,0,7,2040.243819
HD 160691_3,HD 160691,0.123,0.058,0.556,0.091,15.604,1.0,1.899,,,0.121779,0.1939,2.5583663324539745e-09,inf,inf,0.0,inf,inf,0,0,0,0,0,0,7,2040.243819
HD 160691_4,HD 160691,2.415,0.073,1.777,2.687,15.604,1.0,1.899,,,2.408777,0.117544,4.2231489391069926e-11,inf,inf,0.0,inf,inf,0,0,0,0,0,3,7,2040.243819
HD 160691_6,HD 160691,2.937,0.058,2.424,6.338,15.604,1.0,1.899,,,3.061831,0.023362,8.073121856680358e-12,inf,inf,0.0,inf,inf,0,0,0,0,0,4,7,2040.243819
HD 160691_7,HD 160691,3.23,0.098,2.375,5.354,15.604,1.0,1.899,0.192886,193.561152,2.978333,0.388164,1.6339584486179283e-10,1648.1356392160094,0.4578154553377804,0.12103250667012115,0.37127823440210866,0.0004988211310496835,1,1,1,1,1,4,7,2040.243819
HD 166_0,HD 166,1.592,0.09,1.08,2.182,13.766,0.94,0.647,,,1.479969,0.135479,5.0114611552395467e-11,inf,inf,0.0,inf,inf,0,0,0,0,0,3,7,2040.262557
HD 166_1,HD 166,0.635,0.021,0.515,0.062,13.766,0.94,0.647,,,0.636432,0.069228,2.8939336627573808e-11,inf,inf,0.0,inf,inf,0,0,0,0,0,0,7,2040.262557
HD 1581_1,HD 1581,1.541,0.046,2.633,10.663,8.607,1.11,1.262,0.102989,299.039581,1.470723,0.809091,1.3592130506356505e-09,28.425838243122342,0.007896066178645095,2.125918513578586,0.49589685068005507,0.0013296119062359928,1,1,1,1,1,6,8,2040.304163
HD 1581_2,HD 1581,0.181,0.101,0.988,1.538,8.607,1.11,1.262,,,0.199181,0.970033,1.4198075866268677e-08,inf,inf,0.0,inf,inf,0,0,0,0,0,0,8,2040.304163
HD 1581_3,HD 1581,1.491,0.126,2.76,10.6,8.607,1.11,1.262,,,1.650711,0.014101,3.0457447733018466e-11,inf,inf,0.0,inf,inf,0,0,0,0,0,5,8,2040.304163
HD 1581_4,HD 1581,0.208,0.109,2.378,6.033,8.607,1.11,1.262,,,0.218699,0.152918,8.131886594673129e-09,inf,inf,0.0,inf,inf,0,0,0,0,0,0,8,2040.304163
HD 22484_0,HD 22484,0.838,0.146,1.142,1.607,13.92,1.14,3.068,,,0.832446,0.208579,2.562981346684987e-10,inf,inf,0.0,inf,inf,0,0,0,0,0,0,7,2040.344863
HD 22484_1,HD 22484,1.12,0.109,1.996,7.679,13.92,1.14,3.068,0.06877,158.184499,1.048208,0.570793,1.3963668638331575e-09,54.69392522568833,0.015192757007135647,1.387146886954842,0.7601012716011136,0.003090974712376384,1,1,1,1,1,6,7,2040.344863
HD 22484_2,HD 22484,0.469,0.117,1.765,3.166,13.92,1.14,3.068,,,0.423916,0.650836,8.123517140024675e-09,inf,inf,0.0,inf,inf,0,0,0,0,0,0,7,2040.344863
HD 22484_5,HD 22484,4.456,0.081,0.516,0.034,13.92,1.14,3.068,,,4.809864,0.725113,6.1146677054001e-12,inf,inf,0.0,inf,inf,0,0,0,0,0,0,7,2040.344863
HD 22484_7,HD 22484,3.201,0.074,0.943,1.501,13.92,1.14,3.068,,,2.980384,0.332972,2.6781931164598893e-11,inf,inf,0.0,inf,inf,0,0,0,0,0,0,7,2040.344863
HD 147513_0,HD 147513,1.541,0.04,0.645,0.152,12.892,1.07,1.001,,,1.56241,0.160016,1.8398770669619543e-11,inf,inf,0.0,inf,inf,0,0,0,0,0,0,8,2040.347603
HD 147513_1,HD 147513,1.513,0.099,0.537,0.038,12.892,1.07,1.001,,,1.60726,0.455541,3.679840521060177e-11,inf,inf,0.0,inf,inf,0,0,0,0,0,0,8,2040.347603
HD 147513_2,HD 147513,4.633,0.075,1.379,7.403,12.892,1.07,1.001,,,4.975357,0.150054,6.982739917345287e-12,inf,inf,0.0,inf,inf,0,0,0,0,0,0,8,2040.347603
HD 147513_4,HD 147513,0.196,0.111,0.74,0.096,12.892,1.07,1.001,,,0.183209,0.938215,1.1936959271063935e-08,inf,inf,0.0,inf,inf,0,0,0,0,0,0,8,2040.347603
HD 147513_5,HD 147513,4.52,0.075,0.624,0.254,12.892,1.07,1.001,,,4.561433,0.483097,4.902575062976513e-12,inf,inf,0.0,inf,inf,0,0,0,0,0,0,8,2040.347603
HD 147513_6,HD 147513,1.743,0.075,1.796,2.912,12.892,1.07,1.001,,,1.830175,0.081803,5.40060809458728e-11,inf,inf,0.0,inf,inf,0,0,0,0,0,5,8,2040.347603
HD 147513_7,HD 147513,2.47,0.028,0.667,0.174,12.892,1.07,1.001,,,2.510521,0.471363,1.5991063162992848e-11,inf,inf,0.0,inf,inf,0,0,0,0,0,0,8,2040.347603
HD 32147_1,HD 32147,0.121,0.122,1.044,1.526,8.844,0.75,0.29,,,0.114459,0.710775,3.6678788164551786e-08,inf,inf,0.0,inf,inf,0,0,0,0,0,0,7,2040.350343
HD 32147_2,HD 32147,3.272,0.062,1.942,2.786,8.844,0.75,0.29,,,3.321524,0.0479,9.79994491239441e-12,inf,inf,0.0,inf,inf,0,0,0,0,0,3,7,2040.350343
HD 142860_0,HD 142860,0.405,0.081,2.385,6.459,11.254,1.25,3.039,,,0.381177,0.127596,3.433612647775245e-09,inf,inf,0.0,inf,inf,0,0,0,0,0,0,8,2040.380178
HD 142860_2,HD 142860,3.184,0.073,1.146,0.989,11.254,1.25,3.039,,,3.222588,0.450582,3.9270791202458706e-11,inf,inf,0.0,inf,inf,0,0,0,0,0,0,8,2040.380178
HD 142860_3,HD 142860,0.465,0.068,1.963,1.786,11.254,1.25,3.039,,,0.44692,0.484099,6.4195677771982975e-09,inf,inf,0.0,inf,inf,0,0,0,0,0,0,8,2040.380178
HD 142860_5,HD 142860,0.92,0.074,2.443,8.017,11.254,1.25,3.039,0.06423,193.441994,0.88614,0.661539,3.902955292142776e-09,10.771622340915895,0.002992117316921082,5.405068114591475,1.0169359420462731,0.004803205848677447,1,1,1,1,1,5,8,2040.380178
HD 142860_6,HD 142860,0.627,0.092,3.102,5.436,11.254,1.25,3.039,,,0.67772,0.084928,9.51934899782084e-10,inf,inf,0.0,inf,inf,0,0,0,0,0,0,8,2040.380178
HD 20766_0,HD 20766,1.336,0.161,1.674,3.092,12.045,1.01,0.794,0.106002,58.453082,1.316577,0.481631,4.2647284895014304e-10,681.0480888590752,0.18918002468307643,0.20102541106515553,0.360523431728064,0.00042712244655605255,1,1,1,1,1,7,8,2040.384908
HD 20766_1,HD 20766,0.327,0.097,2.659,6.922,12.045,1.01,0.794,,,0.343207,0.491283,1.6953799338316887e-08,inf,inf,0.0,inf,inf,0,0,0,0,0,0,8,2040.384908
HD 20766_4,HD 20766,1.915,0.031,0.912,0.441,12.045,1.01,0.794,0.089407,41.801439,1.87476,0.845121,1.3094121822224374e-10,6902.124960478238,1.917256933466177,0.056544120483816164,0.3910715688558865,0.0006307766940748694,1,1,1,1,1,2,8,2040.384908
HD 131977_0,HD 131977,2.114,0.033,1.305,3.47,5.886,0.72,0.223,,,2.145963,0.088633,2.2946313453813592e-11,inf,inf,0.0,inf,inf,0,0,0,0,0,3,7,2040.393373
HD 32147_1,HD 32147,0.121,0.122,1.044,1.526,8.844,0.75,0.29,,,0.120425,0.869661,4.054128544898443e-08,inf,inf,0.0,inf,inf,0,0,0,0,0,0,8,2040.491229
HD 32147_2,HD 32147,3.272,0.062,1.942,2.786,8.844,0.75,0.29,,,3.346066,0.063589,1.2819737994643115e-11,inf,inf,0.0,inf,inf,0,0,0,0,0,3,8,2040.491229
HD 128167_0,HD 128167,1.283,0.14,1.15,1.29,15.756,1.39,3.182,,,1.447037,0.122108,5.413075733100875e-11,inf,inf,0.0,inf,inf,0,0,0,0,0,4,7,2040.495963
HD 128167_2,HD 128167,3.433,0.063,1.328,2.483,15.756,1.39,3.182,,,3.282078,0.153212,1.3056485996667274e-11,inf,inf,0.0,inf,inf,0,0,0,0,0,0,7,2040.495963
HD 128167_3,HD 128167,4.878,0.117,2.132,5.678,15.756,1.39,3.182,,,4.666294,0.041248,5.075337446179405e-12,inf,inf,0.0,inf,inf,0,0,0,0,0,1,7,2040.495963
HD 128167_4,HD 128167,1.323,0.044,1.923,2.477,15.756,1.39,3.182,,,1.352234,0.060603,9.624740028951778e-11,inf,inf,0.0,inf,inf,0,0,0,0,0,2,7,2040.495963
HD 131977_0,HD 131977,2.114,0.033,1.305,3.47,5.886,0.72,0.223,,,2.132842,0.083825,2.1969235348086084e-11,inf,inf,0.0,inf,inf,0,0,0,0,0,3,8,2040.511449
HD 212330 A_0,HD 212330 A,1.747,0.031,3.281,9.208,20.34,1.02,2.726,0.074792,329.145316,1.775698,0.663564,1.4791483822068292e-09,140.56514753398292,0.03904587431499525,0.6143367775235247,0.4681453278234134,0.0011446017538583818,1,1,1,1,1,5,7,2040.549462
HD 136352_0,HD 136352,1.127,0.083,0.501,0.05,14.739,1.02,1.029,,,1.073211,0.506322,8.044704045524173e-11,inf,inf,0.0,inf,inf,0,0,0,0,0,0,8,2040.6159
HD 136352_2,HD 136352,0.995,0.082,1.549,3.519,14.739,1.02,1.029,,,1.070735,0.000108,1.7637258419990043e-13,inf,inf,0.0,inf,inf,0,0,0,0,0,1,8,2040.6159
HD 136352_3,HD 136352,3.774,0.069,2.041,4.78,14.739,1.02,1.029,,,4.033743,0.166563,2.9002167238888084e-11,inf,inf,0.0,inf,inf,0,0,0,0,0,2,8,2040.6159
HD 136352_4,HD 136352,1.831,0.068,0.826,0.342,14.739,1.02,1.029,,,1.768249,0.537961,8.217951251313446e-11,inf,inf,0.0,inf,inf,0,0,0,0,0,1,8,2040.6159
HD 53705_0,HD 53705,0.273,0.081,1.735,2.717,17.059,1.04,1.49,,,0.293359,0.046986,1.242952913098805e-09,inf,inf,0.0,inf,inf,0,0,0,0,0,0,7,2040.618639
HD 53705_1,HD 53705,2.604,0.083,3.306,16.05,17.059,1.04,1.49,0.163531,110.438381,2.81867,0.367247,3.701765009373815e-10,780.934864634833,0.21692635128745363,0.1821472696080753,0.3465323504797035,0.00033384857156698236,1,1,1,1,1,7,7,2040.618639
HD 53705_2,HD 53705,1.597,0.089,2.478,13.971,17.059,1.04,1.49,0.072947,164.579924,1.730394,0.70382,1.1779812860091545e-09,218.05132511787244,0.060569812532742344,0.43809172926350265,0.4158387543833537,0.000795891264257984,1,1,1,1,1,7,7,2040.618639
HD 53705_3,HD 53705,0.715,0.026,1.359,2.038,17.059,1.04,1.49,,,0.703564,0.320201,7.648592737200418e-10,inf,inf,0.0,inf,inf,0,0,0,0,0,0,7,2040.618639
HD 53705_4,HD 53705,0.527,0.092,2.437,10.745,17.059,1.04,1.49,,,0.554588,0.137552,1.671553600492915e-09,inf,inf,0.0,inf,inf,0,0,0,0,0,0,7,2040.618639
HD 58855_0,HD 58855,3.917,0.055,2.746,11.124,20.402,1.16,2.445,,,3.79398,0.178068,6.445744482206441e-11,inf,inf,0.0,inf,inf,0,0,0,0,0,4,7,2040.621379
HD 58855_3,HD 58855,0.12,0.023,0.846,0.314,20.402,1.16,2.445,,,0.117338,0.7816,2.0264368845037745e-08,inf,inf,0.0,inf,inf,0,0,0,0,0,0,7,2040.621379
HD 58855_4,HD 58855,1.787,0.062,0.53,0.101,20.402,1.16,2.445,,,1.785431,0.000788,4.2549354857049766e-14,inf,inf,0.0,inf,inf,0,0,0,0,0,0,7,2040.621379
HD 58855_5,HD 58855,2.753,0.078,0.74,0.361,20.402,1.16,2.445,,,2.56143,0.286513,1.4225512596371417e-11,inf,inf,0.0,inf,inf,0,0,0,0,0,0,7,2040.621379
HD 58855_6,HD 58855,3.408,0.008,0.67,0.197,20.402,1.16,2.445,,,3.420988,0.044839,9.576298482162334e-13,inf,inf,0.0,inf,inf,0,0,0,0,0,0,7,2040.621379
HD 58855_7,HD 58855,0.511,0.017,1.169,2.72,20.402,1.16,2.445,,,0.514947,0.732058,2.764285604535185e-09,inf,inf,0.0,inf,inf,0,0,0,0,0,0,7,2040.621379
HD 58855_8,HD 58855,3.679,0.02,1.665,3.725,20.402,1.16,2.445,,,3.749275,0.00782,6.572862106961594e-13,inf,inf,0.0,inf,inf,0,0,0,0,0,0,7,2040.621379
HD 693_0,HD 693,1.045,0.058,1.136,2.579,18.886,1.18,2.997,,,1.080628,0.011403,8.159178566144643e-12,inf,inf,0.0,inf,inf,0,0,0,0,0,0,8,2040.695941
HD 693_1,HD 693,0.139,0.106,2.768,7.407,18.886,1.18,2.997,,,0.138746,0.637732,1.7262911030636965e-07,inf,inf,0.0,inf,inf,0,0,0,0,0,0,8,2040.695941
HD 693_3,HD 693,1.448,0.069,1.975,3.042,18.886,1.18,2.997,,,1.351676,0.036663,4.315624222014588e-11,inf,inf,0.0,inf,inf,0,0,0,0,0,2,8,2040.695941
HD 693_4,HD 693,1.744,0.105,1.392,2.348,18.886,1.18,2.997,,,1.884725,0.03924,1.2034551254520972e-11,inf,inf,0.0,inf,inf,0,0,0,0,0,2,8,2040.695941
HD 693_5,HD 693,2.909,0.1,1.423,2.794,18.886,1.18,2.997,,,2.637683,0.133535,2.875878833974858e-11,inf,inf,0.0,inf,inf,0,0,0,0,0,1,8,2040.695941
HD 693_6,HD 693,2.914,0.024,0.574,0.316,18.886,1.18,2.997,,,2.907936,0.695334,2.1668968416628033e-11,inf,inf,0.0,inf,inf,0,0,0,0,0,0,8,2040.695941
HD 693_7,HD 693,3.93,0.01,2.298,5.004,18.886,1.18,2.997,,,3.941069,0.139138,3.020048926544844e-11,inf,inf,0.0,inf,inf,0,0,0,0,0,3,8,2040.695941
HD 4628_0,HD 4628,0.299,0.054,1.741,4.304,7.435,0.78,0.3,,,0.315132,0.599973,1.650641969735318e-08,inf,inf,0.0,inf,inf,0,0,0,0,0,0,7,2040.742795
HD 4628_1,HD 4628,4.258,0.031,1.273,1.784,7.435,0.78,0.3,,,4.330033,0.941406,4.987929184394893e-11,inf,inf,0.0,inf,inf,0,0,0,0,0,0,7,2040.742795
HD 4628_4,HD 4628,4.069,0.034,0.981,0.876,7.435,0.78,0.3,,,3.97164,0.354285,1.5915838998764286e-11,inf,inf,0.0,inf,inf,0,0,0,0,0,0,7,2040.742795
HD 4628_5,HD 4628,3.681,0.025,0.897,0.617,7.435,0.78,0.3,,,3.739192,0.922794,3.5924851985713815e-11,inf,inf,0.0,inf,inf,0,0,0,0,0,0,7,2040.742795
HD 4628_6,HD 4628,1.476,0.055,1.942,4.324,7.435,0.78,0.3,,,1.416602,0.00991,1.2025381340061325e-11,inf,inf,0.0,inf,inf,0,0,0,0,0,4,7,2040.742795
HD 160691_0,HD 160691,1.46,0.051,0.67,0.675,15.604,1.0,1.899,,,1.441715,0.018692,1.9914820964421745e-12,inf,inf,0.0,inf,inf,0,0,0,0,0,0,8,2040.745535
HD 160691_1,HD 160691,0.274,0.085,0.88,0.645,15.604,1.0,1.899,,,0.294845,0.086738,5.703388690218979e-10,inf,inf,0.0,inf,inf,0,0,0,0,0,0,8,2040.745535
HD 160691_2,HD 160691,0.346,0.144,0.58,0.053,15.604,1.0,1.899,,,0.346566,0.698176,1.3973225283256731e-09,inf,inf,0.0,inf,inf,0,0,0,0,0,0,8,2040.745535
HD 160691_3,HD 160691,0.123,0.058,0.556,0.091,15.604,1.0,1.899,,,0.129873,0.995303,1.1546422783359347e-08,inf,inf,0.0,inf,inf,0,0,0,0,0,0,8,2040.745535
HD 160691_4,HD 160691,2.415,0.073,1.777,2.687,15.604,1.0,1.899,0.159525,266.772069,2.539386,0.476401,1.5400818113958654e-10,1867.4085973002711,0.5187246103611864,0.11275236726916275,0.3712838358685674,0.0004988584741594086,1,1,1,1,1,4,8,2040.745535
HD 160691_6,HD 160691,2.937,0.058,2.424,6.338,15.604,1.0,1.899,,,2.973104,0.128827,4.721469450672679e-11,inf,inf,0.0,inf,inf,0,0,0,0,0,4,8,2040.745535
HD 160691_7,HD 160691,3.23,0.098,2.375,5.354,15.604,1.0,1.899,,,2.913931,0.117544,5.1690695657660595e-11,inf,inf,0.0,inf,inf,0,0,0,0,0,4,8,2040.745535
HD 23249_0,HD 23249,2.38,0.039,0.804,0.586,9.089,0.87,2.941,,,2.327006,0.036576,2.8824650127930565e-12,inf,inf,0.0,inf,inf,0,0,0,0,0,0,8,2040.750705
HD 23249_1,HD 23249,2.348,0.031,1.487,3.029,9.089,0.87,2.941,0.16345,287.40418,2.376426,0.814141,2.3009551222100726e-10,124.35585253829002,0.034543292371747226,0.7290123349055923,0.6191882252044785,0.0021515544030654824,1,1,1,1,1,4,8,2040.750705
HD 19373_0,HD 19373,0.74,0.034,3.212,9.93,10.577,1.08,2.23,0.06567,16.091019,0.762076,0.508577,8.258345965189614e-09,5.17590514568996,0.0014377514293583222,10.272907126467073,0.8745024405631737,0.0038536491721234507,1,1,1,1,1,2,8,2040.764901
HD 19373_2,HD 19373,0.724,0.048,1.483,3.085,10.577,1.08,2.23,0.059246,316.357231,0.727075,0.121048,4.027850621791408e-10,372.84968607737795,0.1035693572437161,0.4169258307075925,0.8997249595375101,0.004021799298619027,1,1,1,1,1,3,8,2040.764901
HD 19373_3,HD 19373,0.676,0.061,1.037,1.075,10.577,1.08,2.23,,,0.662807,0.115377,2.325469540452336e-10,inf,inf,0.0,inf,inf,0,0,0,0,0,1,8,2040.764901
HD 19373_6,HD 19373,0.114,0.04,2.433,8.086,10.577,1.08,2.23,,,0.112387,0.688251,1.848580860526233e-07,inf,inf,0.0,inf,inf,0,0,0,0,0,0,8,2040.764901
HD 19373_7,HD 19373,2.87,0.048,1.622,2.945,10.577,1.08,2.23,0.257783,121.749,2.972184,0.512044,1.0979938012840746e-10,726.0477361746357,0.2016799267151766,0.2203272365626054,0.49765882553755975,0.001341358405286024,1,1,1,1,1,3,8,2040.764901
HD 201092_1,HD 201092,2.708,0.059,2.37,8.514,3.496,0.63,0.078,0.733191,7.158412,2.581115,0.389593,2.239923149510564e-10,3798.565166998957,1.0551569908330436,0.07188686468111473,0.3285499697104085,0.00021396603310501602,1,1,1,1,1,5,7,2040.768337
HD 4614 A_0,HD 4614 A,4.718,0.051,1.358,3.151,5.01,1.14,1.252,,,4.557074,0.734085,5.450375279404823e-11,inf,inf,0.0,inf,inf,0,0,0,0,0,0,8,2040.800365
HD 4614 A_1,HD 4614 A,0.651,0.133,0.728,0.235,5.01,1.14,1.252,0.121008,327.202456,0.606059,0.405976,4.5364168605922717e-10,47.13558875254866,0.013093219097930183,1.4989927343972471,0.662210449751962,0.002438369233382039,1,1,1,1,1,8,8,2040.800365
HD 4614 A_2,HD 4614 A,2.584,0.017,1.361,2.842,5.01,1.14,1.252,,,2.542698,0.079282,1.767296423367741e-11,inf,inf,0.0,inf,inf,0,0,0,0,0,3,8,2040.800365
HD 187691 A_0,HD 187691 A,3.127,0.076,1.475,4.454,19.488,1.25,2.835,,,3.289401,0.17082,2.2923897025374257e-11,inf,inf,0.0,inf,inf,0,0,0,0,0,0,8,2040.844417
HD 187691 A_1,HD 187691 A,2.61,0.091,1.018,1.386,19.488,1.25,2.835,,,2.707009,0.499316,5.404511105661795e-11,inf,inf,0.0,inf,inf,0,0,0,0,0,1,8,2040.844417
HD 187691 A_2,HD 187691 A,3.249,0.037,0.764,1.364,19.488,1.25,2.835,,,3.355471,0.723103,2.597139727008308e-11,inf,inf,0.0,inf,inf,0,0,0,0,0,0,8,2040.844417
HD 187691 A_3,HD 187691 A,2.018,0.038,2.654,10.557,19.488,1.25,2.835,0.090976,248.257109,1.979771,0.615188,7.178196051240997e-10,221.56426923728708,0.06154563034369086,0.4403994747933979,0.4364028885045706,0.0009329854917327632,1,1,1,1,1,5,8,2040.844417
HD 34411_0,HD 34411,0.295,0.082,3.192,8.429,12.562,1.08,1.732,,,0.302831,0.438316,4.142254695020135e-08,inf,inf,0.0,inf,inf,0,0,0,0,0,0,8,2040.848321
HD 34411_1,HD 34411,1.539,0.078,0.897,0.713,12.562,1.08,1.732,0.062145,26.884233,1.422498,0.853152,2.1288069387742338e-10,2295.8051298091264,0.6377236471692017,0.12764892467885094,0.6247884355775043,0.002188889138885655,1,1,1,1,1,3,8,2040.848321
HD 34411_3,HD 34411,1.691,0.074,0.798,0.808,12.562,1.08,1.732,,,1.758637,0.029196,5.047934074239587e-12,inf,inf,0.0,inf,inf,0,0,0,0,0,3,8,2040.848321
HD 141004_0,HD 141004,2.629,0.092,2.901,8.518,11.916,1.09,2.004,,,2.683771,0.090281,7.155252684342288e-11,inf,inf,0.0,inf,inf,0,0,0,0,0,3,8,2040.856687
HD 141004_1,HD 141004,0.651,0.071,0.654,0.168,11.916,1.09,2.004,,,0.640183,0.395924,2.630380243633242e-10,inf,inf,0.0,inf,inf,0,0,0,0,0,0,8,2040.856687
HD 141004_2,HD 141004,4.426,0.098,1.019,2.941,11.916,1.09,2.004,,,4.859715,0.652888,2.1709694613232912e-11,inf,inf,0.0,inf,inf,0,0,0,0,0,0,8,2040.856687
HD 141004_3,HD 141004,4.115,0.06,0.578,0.125,11.916,1.09,2.004,,,4.303804,0.117815,1.1369042636751474e-12,inf,inf,0.0,inf,inf,0,0,0,0,0,0,8,2040.856687
HD 141004_4,HD 141004,3.163,0.091,1.732,4.206,11.916,1.09,2.004,,,3.442479,0.532739,8.193409268177297e-11,inf,inf,0.0,inf,inf,0,0,0,0,0,0,8,2040.856687
HD 142373_0,HD 142373,1.268,0.168,0.757,0.148,15.898,1.08,3.136,0.069609,298.002871,1.226656,0.53195,1.4403052792309346e-10,2767.7956242334253,0.7688321178426182,0.11555538314337477,0.6253899989176139,0.002192899561153052,1,1,1,1,1,2,8,2040.923252
HD 142373_1,HD 142373,1.76,0.092,0.868,0.535,15.898,1.08,3.136,,,1.915783,0.669233,8.546144599377419e-11,inf,inf,0.0,inf,inf,0,0,0,0,0,0,8,2040.923252
HD 142373_2,HD 142373,0.834,0.129,2.923,6.259,15.898,1.08,3.136,,,0.729709,0.174963,1.995918244209694e-09,inf,inf,0.0,inf,inf,0,0,0,0,0,0,8,2040.923252
HD 142373_4,HD 142373,1.161,0.006,1.265,2.536,15.898,1.08,3.136,0.064753,291.034084,1.15626,0.592707,6.420412548940759e-10,281.4363200005382,0.07817675555570507,0.43576123929304605,0.65328569438472,0.002378870864267092,1,1,1,1,1,4,8,2040.923252
HD 142373_6,HD 142373,4.705,0.105,0.947,0.923,15.898,1.08,3.136,,,4.831472,0.78583,1.94926723594817e-11,inf,inf,0.0,inf,inf,0,0,0,0,0,0,8,2040.923252
HD 142373_7,HD 142373,1.878,0.051,2.611,6.816,15.898,1.08,3.136,0.116733,183.928847,1.873706,0.253155,2.8886417608484283e-10,347.39193663081033,0.09649776017522509,0.32497827691971926,0.42351467339566395,0.0008470640576733856,1,1,1,1,1,6,8,2040.923252
HD 142373_8,HD 142373,3.092,0.053,1.805,7.326,15.898,1.08,3.136,0.115122,57.944038,2.974125,0.813633,2.0327694193816574e-10,612.6474180550439,0.1701798383486233,0.22849483088248396,0.4238439742153298,0.0008492593964711581,1,1,1,1,1,4,8,2040.923252
HD 4628_0,HD 4628,0.299,0.054,1.741,4.304,7.435,0.78,0.3,,,0.311996,0.291011,8.168010323632144e-09,inf,inf,0.0,inf,inf,0,0,0,0,0,0,8,2040.946147
HD 4628_1,HD 4628,4.258,0.031,1.273,1.784,7.435,0.78,0.3,,,4.343372,0.930128,4.8979452821663236e-11,inf,inf,0.0,inf,inf,0,0,0,0,0,0,8,2040.946147
HD 4628_4,HD 4628,4.069,0.034,0.981,0.876,7.435,0.78,0.3,,,3.986377,0.352475,1.5717637487985206e-11,inf,inf,0.0,inf,inf,0,0,0,0,0,0,8,2040.946147
HD 4628_5,HD 4628,3.681,0.025,0.897,0.617,7.435,0.78,0.3,,,3.727285,0.955993,3.745548718802023e-11,inf,inf,0.0,inf,inf,0,0,0,0,0,0,8,2040.946147
HD 4628_6,HD 4628,1.476,0.055,1.942,4.324,7.435,0.78,0.3,,,1.395134,0.010772,1.3475859264054171e-11,inf,inf,0.0,inf,inf,0,0,0,0,0,4,8,2040.946147
HD 30652_0,HD 30652,0.357,0.032,0.524,0.119,8.068,1.25,2.71,,,0.348316,0.553163,9.309013928710085e-10,inf,inf,0.0,inf,inf,0,0,0,0,0,0,8,2040.989241
HD 30652_1,HD 30652,3.379,0.099,2.314,9.159,8.068,1.25,2.71,,,3.527809,0.007188,2.4624180281630114e-12,inf,inf,0.0,inf,inf,0,0,0,0,0,4,8,2040.989241
HD 30652_2,HD 30652,1.418,0.081,1.563,7.047,8.068,1.25,2.71,,,1.470571,0.068498,6.623985329922984e-11,inf,inf,0.0,inf,inf,0,0,0,0,0,5,8,2040.989241
HD 30652_3,HD 30652,3.27,0.133,2.129,5.731,8.068,1.25,2.71,0.43822,160.73238,3.619873,0.402142,1.0419474629363228e-10,274.05409446892025,0.07612613735247785,0.4653028335496522,0.7431757821524085,0.002978138116051683,1,1,1,1,1,4,8,2040.989241
HD 30652_4,HD 30652,2.754,0.119,2.49,10.16,8.068,1.25,2.71,0.205835,279.910479,2.46738,0.789224,3.9358868855045406e-10,40.05722128594643,0.011127005912762899,1.7445900324081476,0.743175782333408,0.002978138117258346,1,1,1,1,1,4,8,2040.989241
HD 22484_0,HD 22484,0.838,0.146,1.142,1.607,13.92,1.14,3.068,,,0.780682,0.43039,6.013122151372978e-10,inf,inf,0.0,inf,inf,0,0,0,0,0,0,8,2041.015196
HD 22484_1,HD 22484,1.12,0.109,1.996,7.679,13.92,1.14,3.068,0.086807,339.306067,1.140821,0.220128,4.546287638940087e-10,192.71041232169037,0.05353067008935843,0.5573414506449373,0.6631707697800123,0.002444771366902375,1,1,1,1,1,7,8,2041.015196
HD 22484_2,HD 22484,0.469,0.117,1.765,3.166,13.92,1.14,3.068,,,0.495224,0.07908,7.232615346776645e-10,inf,inf,0.0,inf,inf,0,0,0,0,0,0,8,2041.015196
HD 22484_5,HD 22484,4.456,0.081,0.516,0.034,13.92,1.14,3.068,,,4.744695,0.550189,4.7679106320634584e-12,inf,inf,0.0,inf,inf,0,0,0,0,0,0,8,2041.015196
HD 22484_7,HD 22484,3.201,0.074,0.943,1.501,13.92,1.14,3.068,,,2.990157,0.579214,4.628389790599279e-11,inf,inf,0.0,inf,inf,0,0,0,0,0,0,8,2041.015196
HD 114710_0,HD 114710,1.415,0.117,0.681,0.147,9.197,1.11,1.357,0.111088,277.956731,1.503323,0.787766,1.0378671830267587e-10,1231.5125216455783,0.3420868115682162,0.16162313611244117,0.4927898151602909,0.0013088983361042319,1,1,1,1,1,1,8,2041.025451
HD 114710_1,HD 114710,0.314,0.116,0.63,1.142,9.197,1.11,1.357,,,0.347958,0.004934,9.91535541136522e-12,inf,inf,0.0,inf,inf,0,0,0,0,0,0,8,2041.025451
HD 114710_2,HD 114710,2.258,0.018,0.683,0.173,9.197,1.11,1.357,,,2.238226,0.520789,3.298212495709708e-11,inf,inf,0.0,inf,inf,0,0,0,0,0,0,8,2041.025451
HD 114710_4,HD 114710,0.861,0.053,0.898,0.439,9.197,1.11,1.357,,,0.833202,0.097587,6.907719798813123e-11,inf,inf,0.0,inf,inf,0,0,0,0,0,4,8,2041.025451
HD 114710_5,HD 114710,0.124,0.109,3.108,17.681,9.197,1.11,1.357,,,0.12355,0.015202,5.077323339935248e-09,inf,inf,0.0,inf,inf,0,0,0,0,0,0,8,2041.025451
HD 217987_0,HD 217987,3.278,0.032,3.1,17.272,3.287,0.49,0.036,0.947513,304.884125,3.185154,0.428274,2.6266655859235756e-10,24515.575462788584,6.809882072996829,0.02576522351051297,0.30626432131490483,6.539504380165811e-05,1,0,1,1,1,5,7,2041.05506
HD 217987_1,HD 217987,0.104,0.158,2.049,6.333,3.287,0.49,0.036,,,0.120038,0.478401,9.480336153918793e-08,inf,inf,0.0,inf,inf,0,0,0,0,0,0,7,2041.05506
HD 86728 A_0,HD 86728 A,0.138,0.113,0.53,0.078,14.926,1.0,1.378,,,0.13418,0.242926,1.8146993392924507e-09,inf,inf,0.0,inf,inf,0,0,0,0,0,0,8,2041.089852
HD 86728 A_1,HD 86728 A,1.194,0.049,0.519,0.144,14.926,1.0,1.378,,,1.137897,0.670102,8.368531195396464e-11,inf,inf,0.0,inf,inf,0,0,0,0,0,0,8,2041.089852
HD 86728 A_2,HD 86728 A,1.586,0.024,0.736,0.367,14.926,1.0,1.378,,,1.571163,0.090079,1.021728351211715e-11,inf,inf,0.0,inf,inf,0,0,0,0,0,0,8,2041.089852
HD 86728 A_3,HD 86728 A,0.34,0.077,0.971,1.901,14.926,1.0,1.378,,,0.330191,0.470921,2.7697434141250203e-09,inf,inf,0.0,inf,inf,0,0,0,0,0,0,8,2041.089852
HD 86728 A_4,HD 86728 A,3.143,0.15,2.985,16.709,14.926,1.0,1.378,0.161665,240.847083,2.707321,0.586482,4.3187910711161726e-10,472.38337921987676,0.13121760533885465,0.25084006355093075,0.35567224496901323,0.00039478120149571397,1,1,1,1,1,5,8,2041.089852
HD 86728 A_5,HD 86728 A,0.238,0.132,1.155,6.008,14.926,1.0,1.378,,,0.207485,0.199524,3.5882970202162338e-09,inf,inf,0.0,inf,inf,0,0,0,0,0,0,8,2041.089852
HD 86728 A_6,HD 86728 A,2.84,0.137,2.462,3.621,14.926,1.0,1.378,0.212945,133.627717,3.170436,0.313536,1.1178801713390364e-10,4781.428795080387,1.3281746653001076,0.06577709050319204,0.35567065928430336,0.0003947706302643149,1,1,1,1,1,6,8,2041.089852
HD 50692_0,HD 50692,3.95,0.04,2.831,10.297,17.405,1.08,1.293,0.13454,241.773031,3.821431,0.82622,3.026377952091285e-10,1546.9369771428153,0.42970471587300424,0.1205703281714188,0.33825116802066163,0.0002786406885067033,1,1,1,1,1,3,7,2041.095668
HD 50692_1,HD 50692,0.28,0.064,0.734,0.092,17.405,1.08,1.293,,,0.271822,0.682918,2.176508930973913e-09,inf,inf,0.0,inf,inf,0,0,0,0,0,0,7,2041.095668
HD 50692_2,HD 50692,0.513,0.081,1.798,3.652,17.405,1.08,1.293,,,0.550712,0.555826,3.3955336776563893e-09,inf,inf,0.0,inf,inf,0,0,0,0,0,0,7,2041.095668
HD 50692_3,HD 50692,0.925,0.032,2.849,9.197,17.405,1.08,1.293,,,0.911122,0.134774,9.344691523526195e-10,inf,inf,0.0,inf,inf,0,0,0,0,0,0,7,2041.095668
HD 212330 A_0,HD 212330 A,1.747,0.031,3.281,9.208,20.34,1.02,2.726,,,1.787088,0.023718,5.2198321327791054e-11,inf,inf,0.0,inf,inf,0,0,0,0,0,5,8,2041.203495
HD 149661_2,HD 149661,2.991,0.073,1.285,2.935,9.894,0.87,0.462,,,3.013992,0.22284,2.4022303593986704e-11,inf,inf,0.0,inf,inf,0,0,0,0,0,0,7,2041.218712
HD 149661_3,HD 149661,2.364,0.065,0.7,0.315,9.894,0.87,0.462,,,2.306059,0.80201,4.6506850417660895e-11,inf,inf,0.0,inf,inf,0,0,0,0,0,0,7,2041.218712
HD 149661_5,HD 149661,3.155,0.051,2.936,7.428,9.894,0.87,0.462,0.292842,327.766174,3.006812,0.476564,3.724869327059063e-10,1013.2790972079822,0.28146641589110616,0.15429847170222324,0.3379539178196582,0.0002766590205000139,1,1,1,1,1,5,7,2041.218712
HD 216803_1,HD 216803,3.539,0.087,2.035,5.879,7.601,0.72,0.196,0.458921,234.425675,3.75202,0.521722,1.0939109389626374e-10,28698.642608454447,7.971845169015125,0.0242154240816666,0.3185980460843817,0.00014761987559817064,1,0,1,1,1,2,7,2041.227449
HD 216803_3,HD 216803,0.104,0.044,0.893,0.284,7.601,0.72,0.196,,,0.107971,0.041435,1.91742571889601e-09,inf,inf,0.0,inf,inf,0,0,0,0,0,0,7,2041.227449
HD 216803_4,HD 216803,2.738,0.038,2.631,12.08,7.601,0.72,0.196,0.350077,356.763199,2.840356,0.501116,3.205001087031109e-10,3796.664683114804,1.054629078643001,0.07090888086478493,0.3185980460843817,0.00014761987559817064,1,1,1,1,1,4,7,2041.227449
HD 216803_5,HD 216803,0.109,0.06,0.686,0.431,7.601,0.72,0.196,,,0.102949,0.145593,3.634601653335085e-09,inf,inf,0.0,inf,inf,0,0,0,0,0,0,7,2041.227449
HD 216803_6,HD 216803,0.431,0.071,1.431,2.693,7.601,0.72,0.196,,,0.453526,0.483484,3.26497877439243e-09,inf,inf,0.0,inf,inf,0,0,0,0,0,0,7,2041.227449
HD 128167_0,HD 128167,1.283,0.14,1.15,1.29,15.756,1.39,3.182,0.070824,269.550747,1.105318,0.301853,2.2934024108516433e-10,1038.8592403743658,0.2885720112151016,0.20494742828979942,0.6788258400226694,0.002549138501853422,1,1,1,1,1,5,8,2041.230828
HD 128167_2,HD 128167,3.433,0.063,1.328,2.483,15.756,1.39,3.182,,,3.454787,0.502574,3.865336680475102e-11,inf,inf,0.0,inf,inf,0,0,0,0,0,0,8,2041.230828
HD 128167_3,HD 128167,4.878,0.117,2.132,5.678,15.756,1.39,3.182,,,4.953416,0.01289,1.4075161221739084e-12,inf,inf,0.0,inf,inf,0,0,0,0,0,1,8,2041.230828
HD 128167_4,HD 128167,1.323,0.044,1.923,2.477,15.756,1.39,3.182,0.080872,54.125848,1.322467,0.42622,7.077227843274432e-10,115.49954435935925,0.03208320676648868,0.7567289760333583,0.5926068007120066,0.001974344906449003,1,1,1,1,1,3,8,2041.230828
HD 16895 A_0,HD 16895 A,3.595,0.047,2.816,7.544,11.15,1.21,2.246,,,3.744195,0.113461,4.702501928086147e-11,inf,inf,0.0,inf,inf,0,0,0,0,0,4,8,2041.233568
HD 16895 A_4,HD 16895 A,4.424,0.091,1.274,1.913,11.15,1.21,2.246,,,4.154498,0.947144,5.039927446483216e-11,inf,inf,0.0,inf,inf,0,0,0,0,0,0,8,2041.233568
HD 16895 A_5,HD 16895 A,1.554,0.05,3.144,9.969,11.15,1.21,2.246,0.099889,283.282654,1.57761,0.735868,1.749167483431698e-09,19.088830804971245,0.005302453001380901,3.0214684538833625,0.5349551505688593,0.0015900005721613546,1,1,1,1,1,7,8,2041.233568
HD 16895 A_6,HD 16895 A,0.108,0.029,0.508,0.042,11.15,1.21,2.246,,,0.105238,0.844259,1.701864670402586e-08,inf,inf,0.0,inf,inf,0,0,0,0,0,0,8,2041.233568
HD 100623 A_0,HD 100623 A,4.014,0.105,2.503,8.448,9.559,0.88,0.37,0.197202,260.392948,4.293508,0.906358,2.474871967980418e-10,2802.83163544909,0.7785643431803028,0.08535491650157821,0.3312275790487026,0.00023181676202697644,1,1,1,1,1,3,7,2041.236307
HD 100623 A_2,HD 100623 A,0.102,0.086,0.559,0.245,9.559,0.88,0.37,,,0.094993,0.167653,3.474730132106739e-09,inf,inf,0.0,inf,inf,0,0,0,0,0,0,7,2041.236307
HD 100623 A_3,HD 100623 A,4.384,0.075,1.441,2.214,9.559,0.88,0.37,,,4.071377,0.008393,7.36014468865757e-13,inf,inf,0.0,inf,inf,0,0,0,0,0,0,7,2041.236307
HD 100623 A_4,HD 100623 A,2.524,0.072,0.66,0.613,9.559,0.88,0.37,,,2.664712,0.40712,1.3951221998962062e-11,inf,inf,0.0,inf,inf,0,0,0,0,0,0,7,2041.236307
HD 100623 A_5,HD 100623 A,4.18,0.038,0.734,0.337,9.559,0.88,0.37,,,4.329522,0.050769,9.20971074605197e-13,inf,inf,0.0,inf,inf,0,0,0,0,0,0,7,2041.236307
HD 100623 A_6,HD 100623 A,0.362,0.165,0.555,0.359,9.559,0.88,0.37,,,0.304112,0.958788,2.021242244163369e-09,inf,inf,0.0,inf,inf,0,0,0,0,0,0,7,2041.236307
HD 100623 A_7,HD 100623 A,4.073,0.068,1.365,1.972,9.559,0.88,0.37,,,4.253483,0.232413,1.95778612586994e-11,inf,inf,0.0,inf,inf,0,0,0,0,0,0,7,2041.236307
HD 166_0,HD 166,1.592,0.09,1.08,2.182,13.766,0.94,0.647,0.088321,155.565261,1.720813,0.729866,1.99697971251621e-10,7227.910757635646,2.007752988232124,0.05200003226156541,0.3460722781635648,0.0003307814227927244,1,1,1,1,1,4,8,2041.258039
HD 166_1,HD 166,0.635,0.021,0.515,0.062,13.766,0.94,0.647,,,0.643221,0.011247,4.602991209073769e-12,inf,inf,0.0,inf,inf,0,0,0,0,0,0,8,2041.258039
HD 53705_0,HD 53705,0.273,0.081,1.735,2.717,17.059,1.04,1.49,,,0.293021,0.052246,1.3852928442577494e-09,inf,inf,0.0,inf,inf,0,0,0,0,0,0,8,2041.599537
HD 53705_1,HD 53705,2.604,0.083,3.306,16.05,17.059,1.04,1.49,0.137712,32.473094,2.610874,0.563512,6.62019014490578e-10,318.8267217840183,0.08856297827333841,0.32012573240814685,0.3466450407705727,0.00033459984017277715,1,1,1,1,1,8,8,2041.599537
HD 53705_2,HD 53705,1.597,0.089,2.478,13.971,17.059,1.04,1.49,0.078519,347.407332,1.465617,0.091627,2.1377211356119348e-10,4858.304297187722,1.349528971441034,0.07161773081362986,0.4329073385077247,0.0009096818250871241,1,1,1,1,1,8,8,2041.599537
HD 53705_3,HD 53705,0.715,0.026,1.359,2.038,17.059,1.04,1.49,,,0.7099,0.149383,3.504859067699222e-10,inf,inf,0.0,inf,inf,0,0,0,0,0,0,8,2041.599537
HD 53705_4,HD 53705,0.527,0.092,2.437,10.745,17.059,1.04,1.49,,,0.540667,0.189851,2.4274252936949356e-09,inf,inf,0.0,inf,inf,0,0,0,0,0,0,8,2041.599537
HD 58855_0,HD 58855,3.917,0.055,2.746,11.124,20.402,1.16,2.445,0.170356,257.393813,3.974899,0.593514,1.9572983851206999e-10,1694.249862395339,0.47062496177648305,0.11716594941783604,0.35721775781748805,0.0004050846204855461,1,1,1,1,1,5,8,2041.620243
HD 58855_3,HD 58855,0.12,0.023,0.846,0.314,20.402,1.16,2.445,,,0.122506,0.098663,2.346737107934555e-09,inf,inf,0.0,inf,inf,0,0,0,0,0,0,8,2041.620243
HD 58855_4,HD 58855,1.787,0.062,0.53,0.101,20.402,1.16,2.445,,,1.834481,0.943617,4.8282493438016476e-11,inf,inf,0.0,inf,inf,0,0,0,0,0,0,8,2041.620243
HD 58855_5,HD 58855,2.753,0.078,0.74,0.361,20.402,1.16,2.445,,,2.65875,0.009923,4.572535296731956e-13,inf,inf,0.0,inf,inf,0,0,0,0,0,0,8,2041.620243
HD 58855_6,HD 58855,3.408,0.008,0.67,0.197,20.402,1.16,2.445,,,3.393102,0.121642,2.640769208263952e-12,inf,inf,0.0,inf,inf,0,0,0,0,0,0,8,2041.620243
HD 58855_7,HD 58855,0.511,0.017,1.169,2.72,20.402,1.16,2.445,,,0.512188,0.88481,3.3771758120028895e-09,inf,inf,0.0,inf,inf,0,0,0,0,0,0,8,2041.620243
HD 58855_8,HD 58855,3.679,0.02,1.665,3.725,20.402,1.16,2.445,,,3.702489,0.055203,4.757974230639236e-12,inf,inf,0.0,inf,inf,0,0,0,0,0,0,8,2041.620243
HD 201092_1,HD 201092,2.708,0.059,2.37,8.514,3.496,0.63,0.078,,,2.570265,0.085533,4.9592489063678175e-11,inf,inf,0.0,inf,inf,0,0,0,0,0,5,8,2041.768215
HD 217987_0,HD 217987,3.278,0.032,3.1,17.272,3.287,0.49,0.036,0.96562,261.10609,3.177205,0.317881,1.959379082017334e-10,43199.23407643079,11.999787243452996,0.01921976678782725,0.30626432131490483,6.539504380165811e-05,1,0,1,1,1,6,8,2042.054527
HD 217987_1,HD 217987,0.104,0.158,2.049,6.333,3.287,0.49,0.036,,,0.109609,0.717359,1.7049486367461216e-07,inf,inf,0.0,inf,inf,0,0,0,0,0,0,8,2042.054527
HD 50692_0,HD 50692,3.95,0.04,2.831,10.297,17.405,1.08,1.293,0.113829,142.300238,3.93389,0.878415,3.036233586604373e-10,1636.4494425033797,0.4545692895842721,0.11717076802279677,0.3411897280889784,0.00029823108896214834,1,1,1,1,1,4,8,2042.095631
HD 50692_1,HD 50692,0.28,0.064,0.734,0.092,17.405,1.08,1.293,,,0.271082,0.660449,2.1164072346173495e-09,inf,inf,0.0,inf,inf,0,0,0,0,0,0,8,2042.095631
HD 50692_2,HD 50692,0.513,0.081,1.798,3.652,17.405,1.08,1.293,,,0.516447,0.857319,5.955376820454857e-09,inf,inf,0.0,inf,inf,0,0,0,0,0,0,8,2042.095631
HD 50692_3,HD 50692,0.925,0.032,2.849,9.197,17.405,1.08,1.293,,,0.94091,0.000557,3.6217676237230234e-12,inf,inf,0.0,inf,inf,0,0,0,0,0,0,8,2042.095631
HD 149661_2,HD 149661,2.991,0.073,1.285,2.935,9.894,0.87,0.462,,,2.800116,0.052565,6.565186478621999e-12,inf,inf,0.0,inf,inf,0,0,0,0,0,0,8,2042.217902
HD 149661_3,HD 149661,2.364,0.065,0.7,0.315,9.894,0.87,0.462,,,2.230565,0.478962,2.968579880436478e-11,inf,inf,0.0,inf,inf,0,0,0,0,0,0,8,2042.217902
HD 149661_5,HD 149661,3.155,0.051,2.936,7.428,9.894,0.87,0.462,,,3.139785,0.058495,4.19300140232139e-11,inf,inf,0.0,inf,inf,0,0,0,0,0,5,8,2042.217902
HD 216803_1,HD 216803,3.539,0.087,2.035,5.879,7.601,0.72,0.196,0.455214,191.812884,3.846266,0.57885,1.1549431395199186e-10,25843.455681814063,7.178737689392795,0.025565862414065037,0.3185980460843817,0.00014761987559817064,1,0,1,1,1,3,8,2042.226414
HD 216803_3,HD 216803,0.104,0.044,0.893,0.284,7.601,0.72,0.196,,,0.108277,0.058896,2.7100357835230608e-09,inf,inf,0.0,inf,inf,0,0,0,0,0,0,8,2042.226414
HD 216803_4,HD 216803,2.738,0.038,2.631,12.08,7.601,0.72,0.196,,,2.797895,0.052283,3.446140690383392e-11,inf,inf,0.0,inf,inf,0,0,0,0,0,4,8,2042.226414
HD 216803_5,HD 216803,0.109,0.06,0.686,0.431,7.601,0.72,0.196,,,0.105672,0.492166,1.1661390406964855e-08,inf,inf,0.0,inf,inf,0,0,0,0,0,0,8,2042.226414
HD 216803_6,HD 216803,0.431,0.071,1.431,2.693,7.601,0.72,0.196,,,0.45354,0.483309,3.2636043326635268e-09,inf,inf,0.0,inf,inf,0,0,0,0,0,0,8,2042.226414
HD 100623 A_0,HD 100623 A,4.014,0.105,2.503,8.448,9.559,0.88,0.37,0.157709,158.241106,4.429154,0.949373,2.4359740363672956e-10,2971.003247319343,0.8252786798109285,0.08263460677839725,0.3312348719085995,0.0002318653810929559,1,1,1,1,1,4,8,2042.236282
HD 100623 A_2,HD 100623 A,0.102,0.086,0.559,0.245,9.559,0.88,0.37,,,0.106979,0.447199,7.3078583766723374e-09,inf,inf,0.0,inf,inf,0,0,0,0,0,0,8,2042.236282
HD 100623 A_3,HD 100623 A,4.384,0.075,1.441,2.214,9.559,0.88,0.37,,,4.205494,0.125325,1.030079497799155e-11,inf,inf,0.0,inf,inf,0,0,0,0,0,0,8,2042.236282
HD 100623 A_4,HD 100623 A,2.524,0.072,0.66,0.613,9.559,0.88,0.37,,,2.42614,0.62776,2.595088345598613e-11,inf,inf,0.0,inf,inf,0,0,0,0,0,0,8,2042.236282
HD 100623 A_5,HD 100623 A,4.18,0.038,0.734,0.337,9.559,0.88,0.37,,,4.330744,0.076728,1.3910777068297509e-12,inf,inf,0.0,inf,inf,0,0,0,0,0,0,8,2042.236282
HD 100623 A_6,HD 100623 A,0.362,0.165,0.555,0.359,9.559,0.88,0.37,,,0.381153,0.089994,1.2077560349970516e-10,inf,inf,0.0,inf,inf,0,0,0,0,0,0,8,2042.236282
HD 100623 A_7,HD 100623 A,4.073,0.068,1.365,1.972,9.559,0.88,0.37,,,4.075542,0.037504,3.4411319929430623e-12,inf,inf,0.0,inf,inf,0,0,0,0,0,0,8,2042.236282
