PlanetID,StarName,SMA_AU,ecc,Rp_REarth,Mp_MEarth,d_pc,M_sol,L_sol,Sep,PA,3dDist,PhaseFunc,DetStatus,NDet,NObs,LastObs
HD 142860_0,HD 142860,0.405,0.081,2.385,6.459,11.2537,1.25,3.038785,,,0.432647,0.036004,0,0,1,2035.0
HD 142860_2,HD 142860,3.184,0.073,1.146,0.989,11.2537,1.25,3.038785,,,3.137289,0.489767,0,0,1,2035.0
HD 142860_3,HD 142860,0.465,0.068,1.963,1.786,11.2537,1.25,3.038785,,,0.448867,0.456699,0,0,1,2035.0
HD 142860_5,HD 142860,0.92,0.074,2.443,8.017,11.2537,1.25,3.038785,,,0.852826,0.077624,0,0,1,2035.0
HD 142860_6,HD 142860,0.627,0.092,3.102,5.436,11.2537,1.25,3.038785,,,0.683736,0.013926,0,0,1,2035.0
HD 30652_0,HD 30652,0.357,0.032,0.524,0.119,8.0684,1.25,2.710192,,,0.365285,0.141985,0,0,1,2035.00137
HD 30652_1,HD 30652,3.379,0.099,2.314,9.159,8.0684,1.25,2.710192,,,3.373288,0.06295,0,0,1,2035.00137
HD 30652_2,HD 30652,1.418,0.081,1.563,7.047,8.0684,1.25,2.710192,,,1.44625,0.03975,0,0,1,2035.00137
HD 30652_3,HD 30652,3.27,0.133,2.129,5.731,8.0684,1.25,2.710192,,,3.337398,0.228915,0,0,1,2035.00137
HD 30652_4,HD 30652,2.754,0.119,2.49,10.16,8.0684,1.25,2.710192,,,3.074861,0.071324,0,0,1,2035.00137
HD 22484_0,HD 22484,0.838,0.146,1.142,1.607,13.9204,1.14,3.067609,,,0.825329,0.367895,0,0,1,2035.00274
HD 22484_1,HD 22484,1.12,0.109,1.996,7.679,13.9204,1.14,3.067609,,,1.184084,0.073901,0,0,1,2035.00274
HD 22484_2,HD 22484,0.469,0.117,1.765,3.166,13.9204,1.14,3.067609,,,0.502049,0.057014,0,0,1,2035.00274
HD 22484_5,HD 22484,4.456,0.081,0.516,0.034,13.9204,1.14,3.067609,,,4.138022,0.021229,0,0,1,2035.00274
HD 22484_7,HD 22484,3.201,0.074,0.943,1.501,13.9204,1.14,3.067609,,,2.978093,0.341329,0,0,1,2035.00274
HD 128167_0,HD 128167,1.283,0.14,1.15,1.29,15.756,1.39,3.181999,,,1.107643,0.520288,0,0,1,2035.00411
HD 128167_2,HD 128167,3.433,0.063,1.328,2.483,15.756,1.39,3.181999,,,3.265018,0.121772,0,0,1,2035.00411
HD 128167_3,HD 128167,4.878,0.117,2.132,5.678,15.756,1.39,3.181999,,,5.403185,0.339698,0,0,1,2035.00411
HD 128167_4,HD 128167,1.323,0.044,1.923,2.477,15.756,1.39,3.181999,,,1.374304,0.059026,0,0,1,2035.00411
HD 142373_0,HD 142373,1.268,0.168,0.757,0.148,15.8975,1.08,3.136173,,,1.481024,0.754846,0,0,1,2035.005479
HD 142373_1,HD 142373,1.76,0.092,0.868,0.535,15.8975,1.08,3.136173,,,1.625407,0.160387,0,0,1,2035.005479
HD 142373_2,HD 142373,0.834,0.129,2.923,6.259,15.8975,1.08,3.136173,,,0.730608,0.424536,0,0,1,2035.005479
HD 142373_4,HD 142373,1.161,0.006,1.265,2.536,15.8975,1.08,3.136173,,,1.154317,0.348496,0,0,1,2035.005479
HD 142373_6,HD 142373,4.705,0.105,0.947,0.923,15.8975,1.08,3.136173,,,4.973728,0.358905,0,0,1,2035.005479
HD 142373_7,HD 142373,1.878,0.051,2.611,6.816,15.8975,1.08,3.136173,0.094621,352.503512,1.827809,0.663135,1,1,1,2035.005479
HD 142373_8,HD 142373,3.092,0.053,1.805,7.326,15.8975,1.08,3.136173,0.181935,107.698759,3.09827,0.536115,1,1,1,2035.005479
HD 134083_0,HD 134083,0.116,0.07,1.9,7.058,19.536,1.33,3.254618,,,0.118939,0.82838,0,0,1,2035.006849
HD 134083_1,HD 134083,0.36,0.097,1.358,2.746,19.536,1.33,3.254618,,,0.354097,0.624825,0,0,1,2035.006849
HD 134083_3,HD 134083,0.749,0.13,0.881,0.684,19.536,1.33,3.254618,,,0.844037,0.065868,0,0,1,2035.006849
HD 134083_4,HD 134083,0.959,0.114,0.591,0.338,19.536,1.33,3.254618,,,1.060201,0.077114,0,0,1,2035.006849
HD 23249_0,HD 23249,2.38,0.039,0.804,0.586,9.0888,0.87,2.941034,,,2.453909,0.743868,0,0,1,2035.008219
HD 23249_1,HD 23249,2.348,0.031,1.487,3.029,9.0888,0.87,2.941034,,,2.318859,0.037071,0,0,1,2035.008219
HD 38393_0,HD 38393,0.205,0.072,1.088,1.383,8.905,1.23,2.344229,,,0.202099,0.205621,0,0,1,2035.009589
HD 38393_1,HD 38393,3.39,0.099,0.656,0.073,8.905,1.23,2.344229,,,3.693629,0.172093,0,0,1,2035.009589
HD 38393_3,HD 38393,0.355,0.086,1.549,2.098,8.905,1.23,2.344229,,,0.330317,0.803686,0,0,1,2035.009589
HD 38393_4,HD 38393,4.373,0.052,1.208,1.876,8.905,1.23,2.344229,,,4.169242,0.052424,0,0,1,2035.009589
HD 693_0,HD 693,1.045,0.058,1.136,2.579,18.8861,1.18,2.997091,,,1.002562,0.081714,0,0,1,2035.010959
HD 693_1,HD 693,0.139,0.106,2.768,7.407,18.8861,1.18,2.997091,,,0.147385,0.001154,0,0,1,2035.010959
HD 693_3,HD 693,1.448,0.069,1.975,3.042,18.8861,1.18,2.997091,,,1.547879,0.720049,0,0,1,2035.010959
HD 693_4,HD 693,1.744,0.105,1.392,2.348,18.8861,1.18,2.997091,0.076275,128.3464,1.576986,0.23326,1,1,1,2035.010959
HD 693_5,HD 693,2.909,0.1,1.423,2.794,18.8861,1.18,2.997091,,,3.019863,0.014628,0,0,1,2035.010959
HD 693_6,HD 693,2.914,0.024,0.574,0.316,18.8861,1.18,2.997091,,,2.983042,0.840057,0,0,1,2035.010959
HD 693_7,HD 693,3.93,0.01,2.298,5.004,18.8861,1.18,2.997091,,,3.969299,0.030668,0,0,1,2035.010959
HD 17206_0,HD 17206,1.742,0.09,0.885,1.25,14.2764,1.21,2.616978,,,1.792125,0.177146,0,0,1,2035.012329
HD 17206_1,HD 17206,0.879,0.039,2.253,5.781,14.2764,1.21,2.616978,,,0.913142,0.018454,0,0,1,2035.012329
HD 17206_2,HD 17206,0.485,0.035,0.762,0.888,14.2764,1.21,2.616978,,,0.472626,0.020839,0,0,1,2035.012329
HD 210302_0,HD 210302,0.937,0.087,1.293,2.482,18.4579,1.25,2.918099,,,0.962589,0.493572,0,0,1,2035.013699
HD 210302_1,HD 210302,0.316,0.034,0.672,0.291,18.4579,1.25,2.918099,,,0.310093,0.062241,0,0,1,2035.013699
HD 210302_2,HD 210302,0.162,0.125,0.82,0.565,18.4579,1.25,2.918099,,,0.159697,0.106791,0,0,1,2035.013699
HD 210302_3,HD 210302,0.925,0.123,2.909,15.97,18.4579,1.25,2.918099,,,0.991222,0.015225,0,0,1,2035.013699
HD 210302_4,HD 210302,1.629,0.122,1.727,5.061,18.4579,1.25,2.918099,,,1.443954,0.902923,0,0,1,2035.013699
HD 128620_0,HD 128620,1.567,0.074,0.945,0.738,1.3319,1.11,1.520898,,,1.453625,0.003914,0,0,1,2035.015068
HD 128620_1,HD 128620,1.266,0.016,1.198,6.221,1.3319,1.11,1.520898,0.780195,100.436511,1.271789,0.661515,1,1,1,2035.015068
HD 43386_0,HD 43386,2.541,0.037,0.504,0.177,19.5879,1.33,2.956651,,,2.632362,0.000431,0,0,1,2035.016438
HD 43386_1,HD 43386,1.141,0.101,1.584,2.873,19.5879,1.33,2.956651,,,1.230615,0.16664,0,0,1,2035.016438
HD 43386_3,HD 43386,0.289,0.045,1.072,0.429,19.5879,1.33,2.956651,,,0.296689,0.541304,0,0,1,2035.016438
HD 19373_0,HD 19373,0.74,0.034,3.212,9.93,10.5774,1.08,2.230489,,,0.734069,0.513915,0,0,1,2035.017808
HD 19373_2,HD 19373,0.724,0.048,1.483,3.085,10.5774,1.08,2.230489,,,0.691267,0.195784,0,0,1,2035.017808
HD 19373_3,HD 19373,0.676,0.061,1.037,1.075,10.5774,1.08,2.230489,,,0.639038,0.842415,0,0,1,2035.017808
HD 19373_6,HD 19373,0.114,0.04,2.433,8.086,10.5774,1.08,2.230489,,,0.111213,0.017746,0,0,1,2035.017808
HD 19373_7,HD 19373,2.87,0.048,1.622,2.945,10.5774,1.08,2.230489,,,2.98063,0.225016,0,0,1,2035.017808
HD 16895 A_0,HD 16895 A,3.595,0.047,2.816,7.544,11.1501,1.21,2.246467,,,3.745591,0.11254,0,0,1,2035.019178
HD 16895 A_4,HD 16895 A,4.424,0.091,1.274,1.913,11.1501,1.21,2.246467,,,4.19751,0.065115,0,0,1,2035.019178
HD 16895 A_5,HD 16895 A,1.554,0.05,3.144,9.969,11.1501,1.21,2.246467,0.099723,99.569731,1.523988,0.054337,1,1,1,2035.019178
HD 16895 A_6,HD 16895 A,0.108,0.029,0.508,0.042,11.1501,1.21,2.246467,,,0.108591,0.180597,0,0,1,2035.019178
HD 84737_0,HD 84737,0.596,0.087,1.352,1.551,18.8226,1.08,2.795117,,,0.635327,0.019866,0,0,1,2035.020548
HD 84737_1,HD 84737,3.025,0.071,1.189,1.926,18.8226,1.08,2.795117,,,2.828699,0.793562,0,0,1,2035.020548
HD 84737_2,HD 84737,1.078,0.014,1.079,0.698,18.8226,1.08,2.795117,,,1.073196,0.016904,0,0,1,2035.020548
HD 84737_3,HD 84737,3.774,0.025,0.833,0.848,18.8226,1.08,2.795117,,,3.68617,0.298688,0,0,1,2035.020548
HD 84737_4,HD 84737,0.254,0.074,3.133,13.741,18.8226,1.08,2.795117,,,0.246559,0.277358,0,0,1,2035.020548
HD 84737_5,HD 84737,2.993,0.205,0.508,0.086,18.8226,1.08,2.795117,,,3.108158,0.37234,0,0,1,2035.020548
HD 187691 A_0,HD 187691 A,3.127,0.076,1.475,4.454,19.4881,1.25,2.834654,,,3.046951,0.177044,0,0,1,2035.021918
HD 187691 A_1,HD 187691 A,2.61,0.091,1.018,1.386,19.4881,1.25,2.834654,,,2.617092,0.031766,0,0,1,2035.021918
HD 187691 A_2,HD 187691 A,3.249,0.037,0.764,1.364,19.4881,1.25,2.834654,,,3.366988,0.873589,0,0,1,2035.021918
HD 187691 A_3,HD 187691 A,2.018,0.038,2.654,10.557,19.4881,1.25,2.834654,,,2.08837,0.012983,0,0,1,2035.021918
HD 43042_0,HD 43042,4.095,0.078,0.558,0.185,21.7763,1.29,2.935621,,,3.824635,0.191588,0,0,1,2035.023288
HD 43042_1,HD 43042,0.434,0.11,0.533,0.05,21.7763,1.29,2.935621,,,0.426025,0.241608,0,0,1,2035.023288
HD 43042_3,HD 43042,0.724,0.14,0.733,0.758,21.7763,1.29,2.935621,,,0.824759,0.91407,0,0,1,2035.023288
HD 212330 A_0,HD 212330 A,1.747,0.031,3.281,9.208,20.3398,1.02,2.726465,0.084514,147.600353,1.700129,0.224133,1,1,1,2035.024658
HD 141004_0,HD 141004,2.629,0.092,2.901,8.518,11.9159,1.09,2.003549,0.18682,153.947893,2.511255,0.585626,1,1,1,2035.026027
HD 141004_1,HD 141004,0.651,0.071,0.654,0.168,11.9159,1.09,2.003549,,,0.641736,0.13245,0,0,1,2035.026027
HD 141004_2,HD 141004,4.426,0.098,1.019,2.941,11.9159,1.09,2.003549,,,4.205225,0.505244,0,0,1,2035.026027
HD 141004_3,HD 141004,4.115,0.06,0.578,0.125,11.9159,1.09,2.003549,,,4.265546,0.066109,0,0,1,2035.026027
HD 141004_4,HD 141004,3.163,0.091,1.732,4.206,11.9159,1.09,2.003549,,,3.37971,0.522747,0,0,1,2035.026027
HD 4614 A_0,HD 4614 A,4.718,0.051,1.358,3.151,5.0098,1.14,1.251988,,,4.955722,0.125141,0,0,1,2035.028767
HD 4614 A_1,HD 4614 A,0.651,0.133,0.728,0.235,5.0098,1.14,1.251988,,,0.727873,0.87174,0,0,1,2035.028767
HD 4614 A_2,HD 4614 A,2.584,0.017,1.361,2.842,5.0098,1.14,1.251988,0.416936,323.47538,2.626741,0.684508,1,1,1,2035.028767
HD 58855_0,HD 58855,3.917,0.055,2.746,11.124,20.4021,1.16,2.444556,0.12132,236.257291,4.069695,0.825533,1,1,1,2035.030137
HD 58855_3,HD 58855,0.12,0.023,0.846,0.314,20.4021,1.16,2.444556,,,0.122318,0.124483,0,0,1,2035.030137
HD 58855_4,HD 58855,1.787,0.062,0.53,0.101,20.4021,1.16,2.444556,,,1.816977,0.983463,0,0,1,2035.030137
HD 58855_5,HD 58855,2.753,0.078,0.74,0.361,20.4021,1.16,2.444556,,,2.922661,0.866597,0,0,1,2035.030137
HD 58855_6,HD 58855,3.408,0.008,0.67,0.197,20.4021,1.16,2.444556,,,3.414152,0.042357,0,0,1,2035.030137
HD 58855_7,HD 58855,0.511,0.017,1.169,2.72,20.4021,1.16,2.444556,,,0.506963,0.052968,0,0,1,2035.030137
HD 58855_8,HD 58855,3.679,0.02,1.665,3.725,20.4021,1.16,2.444556,,,3.70507,0.049323,0,0,1,2035.030137
HD 7570_0,HD 7570,3.031,0.054,1.134,3.652,15.2609,1.14,2.003549,,,2.989686,0.959575,0,0,1,2035.031507
HD 7570_1,HD 7570,0.15,0.071,0.941,0.218,15.2609,1.14,2.003549,,,0.140932,0.804433,0,0,1,2035.031507
HD 7570_2,HD 7570,1.977,0.063,1.73,3.716,15.2609,1.14,2.003549,,,1.986466,0.079301,0,0,1,2035.031507
HD 7570_3,HD 7570,3.034,0.079,1.364,1.913,15.2609,1.14,2.003549,,,3.266907,0.652506,0,0,1,2035.031507
HD 7570_4,HD 7570,0.569,0.099,0.726,0.483,15.2609,1.14,2.003549,,,0.621363,0.312253,0,0,1,2035.031507
HD 84117_2,HD 84117,0.48,0.183,0.807,0.707,14.9515,1.14,1.977425,,,0.518585,0.0063,0,0,1,2035.032877
HD 84117_3,HD 84117,2.469,0.127,0.583,0.157,14.9515,1.14,1.977425,,,2.615229,0.052378,0,0,1,2035.032877
HD 84117_5,HD 84117,2.421,0.095,0.605,0.239,14.9515,1.14,1.977425,,,2.650741,0.506042,0,0,1,2035.032877
HD 190248_1,HD 190248,1.11,0.055,1.408,3.629,6.0993,0.94,1.249971,0.119373,171.721841,1.160537,0.818938,1,1,1,2035.034247
HD 190248_2,HD 190248,3.754,0.072,1.017,1.24,6.0993,0.94,1.249971,,,3.990692,0.101168,0,0,1,2035.034247
HD 190248_3,HD 190248,1.406,0.139,0.51,0.568,6.0993,0.94,1.249971,,,1.562969,0.003643,0,0,1,2035.034247
HD 34411_0,HD 34411,0.295,0.082,3.192,8.429,12.5625,1.08,1.731809,,,0.271498,0.312808,0,0,1,2035.035616
HD 34411_1,HD 34411,1.539,0.078,0.897,0.713,12.5625,1.08,1.731809,0.108613,109.948353,1.51065,0.556398,1,1,1,2035.035616
HD 34411_3,HD 34411,1.691,0.074,0.798,0.808,12.5625,1.08,1.731809,,,1.582321,0.431397,0,0,1,2035.035616
HD 203608_0,HD 203608,2.203,0.092,1.79,3.488,9.2584,1.14,1.465548,0.197405,52.0155,2.007109,0.575292,1,1,1,2035.036986
HD 203608_1,HD 203608,2.342,0.1,0.502,0.104,9.2584,1.14,1.465548,,,2.526491,0.96023,0,0,1,2035.036986
HD 203608_2,HD 203608,2.74,0.062,1.086,1.189,9.2584,1.14,1.465548,0.142579,129.566189,2.857482,0.896534,1,1,1,2035.036986
HD 203608_5,HD 203608,4.293,0.038,0.929,0.698,9.2584,1.14,1.465548,,,4.35697,0.106335,0,0,1,2035.036986
HD 203608_6,HD 203608,0.526,0.072,0.985,0.486,9.2584,1.14,1.465548,,,0.506502,0.786664,0,0,1,2035.036986
HD 160691_0,HD 160691,1.46,0.051,0.67,0.675,15.6042,1.0,1.898891,,,1.529393,0.33139,0,0,1,2035.038356
HD 160691_1,HD 160691,0.274,0.085,0.88,0.645,15.6042,1.0,1.898891,,,0.270527,0.458581,0,0,1,2035.038356
HD 160691_2,HD 160691,0.346,0.144,0.58,0.053,15.6042,1.0,1.898891,,,0.37792,0.912758,0,0,1,2035.038356
HD 160691_3,HD 160691,0.123,0.058,0.556,0.091,15.6042,1.0,1.898891,,,0.12433,0.360679,0,0,1,2035.038356
HD 160691_4,HD 160691,2.415,0.073,1.777,2.687,15.6042,1.0,1.898891,0.150279,91.20388,2.324146,0.348478,1,1,1,2035.038356
HD 160691_6,HD 160691,2.937,0.058,2.424,6.338,15.6042,1.0,1.898891,,,3.082665,0.011678,0,0,1,2035.038356
HD 160691_7,HD 160691,3.23,0.098,2.375,5.354,15.6042,1.0,1.898891,,,2.914084,0.083757,0,0,1,2035.038356
HD 114710_0,HD 114710,1.415,0.117,0.681,0.147,9.1975,1.11,1.357063,,,1.564749,0.624935,0,0,1,2035.039726
HD 114710_1,HD 114710,0.314,0.116,0.63,1.142,9.1975,1.11,1.357063,,,0.324123,0.138332,0,0,1,2035.039726
HD 114710_2,HD 114710,2.258,0.018,0.683,0.173,9.1975,1.11,1.357063,,,2.217898,0.111795,0,0,1,2035.039726
HD 114710_4,HD 114710,0.861,0.053,0.898,0.439,9.1975,1.11,1.357063,0.089462,57.713983,0.816013,0.267201,1,1,1,2035.039726
HD 114710_5,HD 114710,0.124,0.109,3.108,17.681,9.1975,1.11,1.357063,,,0.125909,0.740886,0,0,1,2035.039726
HD 90839_0,HD 90839,3.665,0.022,0.781,0.186,12.9452,1.18,1.605092,,,3.60589,0.022701,0,0,1,2035.042466
HD 90839_1,HD 90839,0.191,0.094,1.403,2.751,12.9452,1.18,1.605092,,,0.205794,0.471183,0,0,1,2035.042466
HD 90839_2,HD 90839,3.378,0.112,1.125,1.619,12.9452,1.18,1.605092,,,3.296367,0.844184,0,0,1,2035.042466
HD 90839_5,HD 90839,0.15,0.051,2.273,4.226,12.9452,1.18,1.605092,,,0.145348,0.04357,0,0,1,2035.042466
HD 1581_1,HD 1581,1.541,0.046,2.633,10.663,8.6071,1.11,1.261828,0.126244,234.5818,1.492006,0.767121,1,1,1,2035.043836
HD 1581_2,HD 1581,0.181,0.101,0.988,1.538,8.6071,1.11,1.261828,,,0.197507,0.98824,0,0,1,2035.043836
HD 1581_3,HD 1581,1.491,0.126,2.76,10.6,8.6071,1.11,1.261828,,,1.670718,0.036297,0,0,1,2035.043836
HD 1581_4,HD 1581,0.208,0.109,2.378,6.033,8.6071,1.11,1.261828,,,0.194575,0.543656,0,0,1,2035.043836
HD 33262 A_0,HD 33262 A,4.098,0.155,0.949,0.422,11.6927,1.14,1.466223,,,4.588433,0.179171,0,0,1,2035.045205
HD 33262 A_1,HD 33262 A,3.3,0.062,1.368,1.583,11.6927,1.14,1.466223,,,3.454487,0.009158,0,0,1,2035.045205
HD 33262 A_2,HD 33262 A,3.337,0.087,0.965,0.502,11.6927,1.14,1.466223,,,3.506332,0.13409,0,0,1,2035.045205
HD 33262 A_4,HD 33262 A,1.015,0.091,2.255,9.306,11.6927,1.14,1.466223,,,0.952614,0.978799,0,0,1,2035.045205
HD 33262 A_5,HD 33262 A,0.358,0.206,1.487,2.029,11.6927,1.14,1.466223,,,0.420609,0.474961,0,0,1,2035.045205
HD 33262 A_6,HD 33262 A,0.874,0.139,0.646,0.257,11.6927,1.14,1.466223,,,0.833789,0.024392,0,0,1,2035.045205
HD 33262 A_8,HD 33262 A,0.199,0.101,2.893,13.631,11.6927,1.14,1.466223,,,0.183436,0.962131,0,0,1,2035.045205
HD 109358_0,HD 109358,0.599,0.064,0.661,0.193,8.4727,1.08,1.151065,,,0.635091,0.271871,0,0,1,2035.047945
HD 109358_1,HD 109358,0.313,0.024,1.946,4.835,8.4727,1.08,1.151065,,,0.30626,0.005272,0,0,1,2035.047945
HD 109358_3,HD 109358,0.172,0.066,1.409,1.609,8.4727,1.08,1.151065,,,0.169449,0.429258,0,0,1,2035.047945
HD 109358_4,HD 109358,1.488,0.078,0.58,0.237,8.4727,1.08,1.151065,,,1.415064,0.530191,0,0,1,2035.047945
HD 109358_5,HD 109358,3.968,0.05,3.285,25.806,8.4727,1.08,1.151065,,,4.027172,0.099961,0,0,1,2035.047945
HD 95128_1,HD 95128,2.285,0.074,0.586,0.282,13.8875,1.07,1.576885,,,2.371232,0.41096,0,0,1,2035.049315
HD 95128_2,HD 95128,4.586,0.035,0.538,0.083,13.8875,1.07,1.576885,,,4.674282,0.044991,0,0,1,2035.049315
HD 95128_3,HD 95128,0.343,0.031,2.771,10.086,13.8875,1.07,1.576885,,,0.346616,0.055597,0,0,1,2035.049315
HD 95128_4,HD 95128,2.15,0.173,1.218,6.511,13.8875,1.07,1.576885,,,2.518908,0.135066,0,0,1,2035.049315
HD 95128_5,HD 95128,0.6,0.105,2.299,8.137,13.8875,1.07,1.576885,,,0.653458,0.497394,0,0,1,2035.049315
HD 95128_6,HD 95128,0.335,0.024,2.419,8.582,13.8875,1.07,1.576885,,,0.342641,0.270719,0,0,1,2035.049315
HD 95128_7,HD 95128,0.847,0.089,1.394,3.129,13.8875,1.07,1.576885,,,0.862974,0.096042,0,0,1,2035.049315
HD 95128_8,HD 95128,0.588,0.034,2.182,8.46,13.8875,1.07,1.576885,,,0.590487,0.738901,0,0,1,2035.049315
HD 143761_0,HD 143761,2.268,0.052,0.622,0.131,17.5108,0.97,1.812174,,,2.332607,0.819373,0,0,1,2035.050685
HD 143761_3,HD 143761,0.463,0.017,0.834,0.619,17.5108,0.97,1.812174,,,0.470612,0.153581,0,0,1,2035.050685
HD 143761_4,HD 143761,1.096,0.157,0.808,0.895,17.5108,0.97,1.812174,,,1.232459,0.584837,0,0,1,2035.050685
HD 143761_5,HD 143761,0.834,0.096,1.155,1.684,17.5108,0.97,1.812174,,,0.903489,0.020341,0,0,1,2035.050685
HD 143761_7,HD 143761,2.609,0.089,2.154,12.289,17.5108,0.97,1.812174,,,2.540827,0.211373,0,0,1,2035.050685
HD 46588 A_0,HD 46588 A,1.961,0.092,1.375,5.123,18.2023,1.18,1.825997,0.097654,178.087392,1.81916,0.259524,1,1,1,2035.052055
HD 46588 A_2,HD 46588 A,0.149,0.051,1.651,3.767,18.2023,1.18,1.825997,,,0.153975,0.329408,0,0,1,2035.052055
HD 46588 A_4,HD 46588 A,0.634,0.042,1.252,1.899,18.2023,1.18,1.825997,,,0.617673,0.499558,0,0,1,2035.052055
HD 46588 A_5,HD 46588 A,0.119,0.052,0.593,0.101,18.2023,1.18,1.825997,,,0.116846,0.317734,0,0,1,2035.052055
HD 46588 A_6,HD 46588 A,0.647,0.045,2.121,5.747,18.2023,1.18,1.825997,,,0.67602,0.617914,0,0,1,2035.052055
HD 46588 A_7,HD 46588 A,1.085,0.088,1.256,5.584,18.2023,1.18,1.825997,,,1.00546,0.730665,0,0,1,2035.052055
HD 46588 A_8,HD 46588 A,2.008,0.017,0.521,0.08,18.2023,1.18,1.825997,,,2.032916,0.039807,0,0,1,2035.052055
HD 17051_0,HD 17051,1.593,0.055,0.8,0.166,17.3572,1.14,1.737401,,,1.66229,0.464648,0,0,1,2035.053425
HD 17051_1,HD 17051,2.146,0.107,1.035,0.971,17.3572,1.14,1.737401,,,2.284883,0.303972,0,0,1,2035.053425
HD 17051_2,HD 17051,4.311,0.108,1.302,2.591,17.3572,1.14,1.737401,,,4.363751,0.5316,0,0,1,2035.053425
HD 165499_0,HD 165499,3.777,0.071,0.637,0.161,17.7532,1.08,1.73141,,,3.559812,0.167624,0,0,1,2035.054795
HD 165499_1,HD 165499,0.192,0.04,0.654,0.106,17.7532,1.08,1.73141,,,0.184576,0.932471,0,0,1,2035.054795
HD 165499_3,HD 165499,0.221,0.065,0.75,0.229,17.7532,1.08,1.73141,,,0.230545,0.831034,0,0,1,2035.054795
HD 165499_4,HD 165499,1.569,0.062,3.377,24.497,17.7532,1.08,1.73141,,,1.473419,0.006711,0,0,1,2035.054795
HD 10700_0,HD 10700,1.625,0.099,0.563,0.087,3.6522,0.94,0.505708,,,1.683373,0.471279,0,0,1,2035.056164
HD 86728 A_0,HD 86728 A,0.138,0.113,0.53,0.078,14.9263,1.0,1.377844,,,0.125267,0.03574,0,0,1,2035.057534
HD 86728 A_1,HD 86728 A,1.194,0.049,0.519,0.144,14.9263,1.0,1.377844,,,1.246071,0.032984,0,0,1,2035.057534
HD 86728 A_2,HD 86728 A,1.586,0.024,0.736,0.367,14.9263,1.0,1.377844,,,1.57552,0.084061,0,0,1,2035.057534
HD 86728 A_3,HD 86728 A,0.34,0.077,0.971,1.901,14.9263,1.0,1.377844,,,0.357363,0.112568,0,0,1,2035.057534
HD 86728 A_4,HD 86728 A,3.143,0.15,2.985,16.709,14.9263,1.0,1.377844,0.103036,282.223877,2.682562,0.848329,1,1,1,2035.057534
HD 86728 A_5,HD 86728 A,0.238,0.132,1.155,6.008,14.9263,1.0,1.377844,,,0.207343,0.20845,0,0,1,2035.057534
HD 86728 A_6,HD 86728 A,2.84,0.137,2.462,3.621,14.9263,1.0,1.377844,0.096215,219.323993,2.626432,0.856091,1,1,1,2035.057534
HD 20794_0,HD 20794,4.322,0.17,2.962,5.742,6.0414,0.97,0.654335,,,4.559174,0.020088,0,0,1,2035.058904
HD 20794_1,HD 20794,2.398,0.095,1.302,2.525,6.0414,0.97,0.654335,,,2.258191,0.023946,0,0,1,2035.058904
HD 115617_0,HD 115617,1.956,0.004,0.732,1.017,8.5344,0.97,0.825468,,,1.962252,0.259855,0,0,1,2035.060274
HD 115617_1,HD 115617,0.76,0.09,2.931,6.157,8.5344,0.97,0.825468,,,0.749672,0.739883,0,0,1,2035.060274
HD 115617_2,HD 115617,0.621,0.047,0.562,0.059,8.5344,0.97,0.825468,,,0.634838,0.155253,0,0,1,2035.060274
HD 115617_3,HD 115617,0.199,0.073,3.38,12.207,8.5344,0.97,0.825468,,,0.184596,0.035395,0,0,1,2035.060274
HD 115617_4,HD 115617,2.599,0.104,0.763,0.174,8.5344,0.97,0.825468,,,2.785552,0.578511,0,0,1,2035.060274
HD 115617_5,HD 115617,2.098,0.045,1.487,3.177,8.5344,0.97,0.825468,0.172777,62.107739,2.020707,0.729665,1,1,1,2035.060274
HD 115617_6,HD 115617,3.003,0.084,0.942,0.936,8.5344,0.97,0.825468,,,3.069031,0.011538,0,0,1,2035.060274
HD 53705_0,HD 53705,0.273,0.081,1.735,2.717,17.0593,1.04,1.489704,,,0.258227,0.803694,0,0,1,2035.061644
HD 53705_1,HD 53705,2.604,0.083,3.306,16.05,17.0593,1.04,1.489704,0.136116,227.154784,2.516101,0.137005,1,1,1,2035.061644
HD 53705_2,HD 53705,1.597,0.089,2.478,13.971,17.0593,1.04,1.489704,0.085286,160.168986,1.60818,0.152396,1,1,1,2035.061644
HD 53705_3,HD 53705,0.715,0.026,1.359,2.038,17.0593,1.04,1.489704,,,0.714962,0.18763,0,0,1,2035.061644
HD 53705_4,HD 53705,0.527,0.092,2.437,10.745,17.0593,1.04,1.489704,,,0.502472,0.501087,0,0,1,2035.061644
HD 55575_0,HD 55575,1.084,0.09,0.727,0.186,16.8518,1.14,1.462851,,,1.010194,0.383701,0,0,1,2035.063014
HD 55575_1,HD 55575,0.133,0.053,0.578,0.677,16.8518,1.14,1.462851,,,0.132879,0.754499,0,0,1,2035.063014
HD 20630_1,HD 20630,0.648,0.142,1.547,4.726,9.2762,0.98,0.857235,,,0.620159,0.242308,0,0,1,2035.064384
HD 20630_5,HD 20630,1.387,0.083,0.621,0.63,9.2762,0.98,0.857235,,,1.271933,0.216012,0,0,1,2035.064384
HD 102365_0,HD 102365,1.154,0.024,2.235,11.472,9.3195,1.02,0.843918,0.115594,233.329431,1.126305,0.182279,1,1,1,2035.065753
HD 102365_1,HD 102365,4.021,0.031,1.113,0.834,9.3195,1.02,0.843918,,,4.145645,0.058529,0,0,1,2035.065753
HD 102365_2,HD 102365,0.113,0.031,0.976,0.303,9.3195,1.02,0.843918,,,0.109526,0.015309,0,0,1,2035.065753
HD 39091_1,HD 39091,3.12,0.028,1.191,1.952,18.2874,1.08,1.533204,,,3.178456,0.080641,0,0,1,2035.067123
HD 39091_2,HD 39091,2.865,0.029,0.677,0.089,18.2874,1.08,1.533204,,,2.784936,0.001828,0,0,1,2035.067123
HD 39091_3,HD 39091,3.55,0.072,1.069,0.919,18.2874,1.08,1.533204,,,3.604999,0.460107,0,0,1,2035.067123
HD 39091_4,HD 39091,4.534,0.027,1.234,1.811,18.2874,1.08,1.533204,,,4.529056,0.695695,0,0,1,2035.067123
HD 39091_5,HD 39091,1.437,0.051,1.31,1.974,18.2874,1.08,1.533204,,,1.504571,0.455567,0,0,1,2035.067123
HD 39091_6,HD 39091,0.67,0.012,2.604,6.457,18.2874,1.08,1.533204,,,0.661982,0.358068,0,0,1,2035.067123
HD 20807_0,HD 20807,0.337,0.072,1.793,3.234,12.0394,1.07,1.016951,,,0.355775,0.390347,0,0,1,2035.068493
HD 20807_1,HD 20807,1.546,0.069,0.954,0.846,12.0394,1.07,1.016951,0.098682,234.139243,1.635004,0.75519,1,1,1,2035.068493
HD 20807_2,HD 20807,2.979,0.055,2.038,8.298,12.0394,1.07,1.016951,,,3.01023,0.064309,0,0,1,2035.068493
HD 131156 A_0,HD 131156 A,0.922,0.01,2.426,6.027,6.7536,0.96,0.553095,0.138577,226.344279,0.922421,0.330773,1,1,1,2035.069863
HD 131156 A_1,HD 131156 A,1.097,0.147,1.932,4.971,6.7536,0.96,0.553095,0.101784,21.686363,1.134085,0.826541,1,1,1,2035.069863
HD 65907 A_0,HD 65907 A,0.584,0.099,0.585,0.122,16.1718,1.11,1.290031,,,0.537387,0.796415,0,0,1,2035.071233
HD 65907 A_1,HD 65907 A,1.316,0.075,0.982,3.131,16.1718,1.11,1.290031,,,1.413533,0.01988,0,0,1,2035.071233
HD 65907 A_2,HD 65907 A,1.009,0.058,1.202,5.136,16.1718,1.11,1.290031,,,0.952576,0.515213,0,0,1,2035.071233
HD 147513_0,HD 147513,1.541,0.04,0.645,0.152,12.8923,1.07,1.000691,,,1.599572,0.389917,0,0,1,2035.072603
HD 147513_1,HD 147513,1.513,0.099,0.537,0.038,12.8923,1.07,1.000691,,,1.644875,0.5086,0,0,1,2035.072603
HD 147513_2,HD 147513,4.633,0.075,1.379,7.403,12.8923,1.07,1.000691,,,4.331047,0.391914,0,0,1,2035.072603
HD 147513_4,HD 147513,0.196,0.111,0.74,0.096,12.8923,1.07,1.000691,,,0.176596,0.207639,0,0,1,2035.072603
HD 147513_5,HD 147513,4.52,0.075,0.624,0.254,12.8923,1.07,1.000691,,,4.666133,0.494371,0,0,1,2035.072603
HD 147513_6,HD 147513,1.743,0.075,1.796,2.912,12.8923,1.07,1.000691,0.092015,167.321258,1.612914,0.704278,1,1,1,2035.072603
HD 147513_7,HD 147513,2.47,0.028,0.667,0.174,12.8923,1.07,1.000691,,,2.40589,0.444889,0,0,1,2035.072603
HD 146233_0,HD 146233,0.356,0.047,2.679,8.19,14.1369,1.02,1.094208,,,0.34106,0.701148,0,0,1,2035.073973
HD 146233_1,HD 146233,0.206,0.044,2.032,3.376,14.1369,1.02,1.094208,,,0.203194,0.576302,0,0,1,2035.073973
HD 146233_4,HD 146233,0.539,0.141,1.433,3.682,14.1369,1.02,1.094208,,,0.537499,0.230886,0,0,1,2035.073973
HD 30495_0,HD 30495,1.934,0.08,0.989,1.288,13.24,1.04,0.966273,0.084764,328.440776,2.088439,0.857383,1,1,1,2035.075342
HD 30495_2,HD 30495,0.416,0.06,1.179,0.557,13.24,1.04,0.966273,,,0.396,0.552157,0,0,1,2035.075342
HD 30495_3,HD 30495,1.848,0.089,0.623,0.48,13.24,1.04,0.966273,,,1.761952,0.831189,0,0,1,2035.075342
HD 50692_0,HD 50692,3.95,0.04,2.831,10.297,17.4047,1.08,1.293302,0.17446,118.407457,4.002701,0.711382,1,1,1,2035.076712
HD 50692_1,HD 50692,0.28,0.064,0.734,0.092,17.4047,1.08,1.293302,,,0.264286,0.378899,0,0,1,2035.076712
HD 50692_2,HD 50692,0.513,0.081,1.798,3.652,17.4047,1.08,1.293302,,,0.550431,0.562615,0,0,1,2035.076712
HD 50692_3,HD 50692,0.925,0.032,2.849,9.197,17.4047,1.08,1.293302,,,0.906172,0.209462,0,0,1,2035.076712
HD 190360_0,HD 190360,0.922,0.17,1.79,3.759,16.0035,0.96,1.165467,,,1.044559,0.652025,0,0,1,2035.078082
HD 190360_1,HD 190360,3.764,0.081,1.071,1.582,16.0035,0.96,1.165467,,,3.613482,0.268162,0,0,1,2035.078082
HD 190360_3,HD 190360,3.632,0.139,2.733,10.267,16.0035,0.96,1.165467,,,3.952245,0.033792,0,0,1,2035.078082
HD 190360_4,HD 190360,1.735,0.021,0.534,0.045,16.0035,0.96,1.165467,,,1.769266,0.271423,0,0,1,2035.078082
HD 190360_5,HD 190360,0.581,0.08,1.934,2.88,16.0035,0.96,1.165467,,,0.567896,0.040175,0,0,1,2035.078082
HD 136352_0,HD 136352,1.127,0.083,0.501,0.05,14.7391,1.02,1.028964,,,1.219195,0.533849,0,0,1,2035.080822
HD 136352_2,HD 136352,0.995,0.082,1.549,3.519,14.7391,1.02,1.028964,,,0.921376,0.708496,0,0,1,2035.080822
HD 136352_3,HD 136352,3.774,0.069,2.041,4.78,14.7391,1.02,1.028964,,,3.83155,0.421165,0,0,1,2035.080822
HD 136352_4,HD 136352,1.831,0.068,0.826,0.342,14.7391,1.02,1.028964,,,1.939479,0.155661,0,0,1,2035.080822
HD 128621_0,HD 128621,0.181,0.076,0.591,0.281,1.3319,0.94,0.503037,,,0.1684,0.018561,0,0,1,2035.082192
HD 128621_1,HD 128621,3.969,0.152,0.756,0.624,1.3319,0.94,0.503037,,,3.714813,0.306981,0,0,1,2035.082192
HD 128621_3,HD 128621,4.377,0.084,0.667,0.424,1.3319,0.94,0.503037,,,4.649107,0.014281,0,0,1,2035.082192
HD 128621_4,HD 128621,1.135,0.055,1.179,1.502,1.3319,0.94,0.503037,0.875023,0.522872,1.171918,0.283284,1,1,1,2035.082192
HD 101501_3,HD 101501,0.112,0.069,1.262,2.497,9.5762,0.94,0.608976,,,0.118979,0.527311,0,0,1,2035.083562
HD 101501_7,HD 101501,0.888,0.054,0.887,0.333,9.5762,0.94,0.608976,,,0.935095,0.021058,0,0,1,2035.083562
HD 20766_0,HD 20766,1.336,0.161,1.674,3.092,12.0447,1.01,0.794328,0.095792,254.725602,1.354492,0.128728,1,1,1,2035.084932
HD 20766_1,HD 20766,0.327,0.097,2.659,6.922,12.0447,1.01,0.794328,,,0.314704,0.313627,0,0,1,2035.084932
HD 20766_4,HD 20766,1.915,0.031,0.912,0.441,12.0447,1.01,0.794328,0.082131,43.894668,1.877596,0.869119,1,1,1,2035.084932
HD 72905_1,HD 72905,0.661,0.069,0.5,0.051,14.4388,1.08,0.973195,,,0.61748,0.01016,0,0,1,2035.086301
HD 72905_3,HD 72905,0.899,0.099,2.776,19.234,14.4388,1.08,0.973195,,,0.82183,0.777943,0,0,1,2035.086301
HD 72905_4,HD 72905,0.923,0.214,1.407,2.24,14.4388,1.08,0.973195,,,0.837523,0.933415,0,0,1,2035.086301
HD 72905_5,HD 72905,3.175,0.086,0.525,0.068,14.4388,1.08,0.973195,,,2.973245,0.044585,0,0,1,2035.086301
HD 156274 A_3,HD 156274 A,4.433,0.138,1.608,3.519,8.7911,0.9,0.451648,,,4.856373,0.229612,0,0,1,2035.087671
HD 4391_0,HD 4391,0.363,0.182,1.471,1.692,15.0487,0.98,0.923422,,,0.427329,0.065244,0,0,1,2035.089041
HD 4391_1,HD 4391,1.544,0.114,0.614,0.159,15.0487,0.98,0.923422,,,1.590838,0.884921,0,0,1,2035.089041
HD 4391_2,HD 4391,0.361,0.058,0.863,0.256,15.0487,0.98,0.923422,,,0.362982,0.428974,0,0,1,2035.089041
HD 4391_3,HD 4391,0.102,0.064,0.942,1.344,15.0487,0.98,0.923422,,,0.095596,0.082802,0,0,1,2035.089041
HD 4391_4,HD 4391,0.526,0.038,2.712,11.881,15.0487,0.98,0.923422,,,0.531768,0.880126,0,0,1,2035.089041
HD 10780_0,HD 10780,0.841,0.11,1.077,1.181,10.0411,0.9,0.515941,,,0.764124,0.539091,0,0,1,2035.090411
HD 10780_3,HD 10780,2.25,0.098,1.348,1.367,10.0411,0.9,0.515941,0.153273,286.018321,2.190669,0.766001,1,1,1,2035.090411
HD 10780_4,HD 10780,2.669,0.102,2.513,12.001,10.0411,0.9,0.515941,0.237945,153.040941,2.418073,0.259259,1,1,1,2035.090411
HD 140538 A_0,HD 140538 A,2.088,0.047,0.685,0.069,14.7927,0.94,0.834065,,,2.151592,0.97951,0,0,1,2035.091781
HD 140538 A_1,HD 140538 A,0.512,0.053,2.798,18.338,14.7927,0.94,0.834065,,,0.539023,0.236768,0,0,1,2035.091781
HD 140538 A_2,HD 140538 A,4.137,0.053,0.916,0.304,14.7927,0.94,0.834065,,,4.109786,0.475588,0,0,1,2035.091781
HD 165341 A_0,HD 165341 A,3.482,0.036,1.359,2.775,5.1133,0.88,0.531741,,,3.424196,0.007561,0,0,1,2035.093151
HD 165341 A_2,HD 165341 A,0.277,0.022,2.947,13.11,5.1133,0.88,0.531741,,,0.27125,0.237888,0,0,1,2035.093151
HD 165341 A_3,HD 165341 A,0.642,0.027,1.615,1.833,5.1133,0.88,0.531741,0.096813,21.336674,0.659096,0.736909,1,1,1,2035.093151
HD 166_0,HD 166,1.592,0.09,1.08,2.182,13.7662,0.94,0.647292,0.098551,147.518323,1.709496,0.653787,1,1,1,2035.094521
HD 166_1,HD 166,0.635,0.021,0.515,0.062,13.7662,0.94,0.647292,,,0.629807,0.215634,0,0,1,2035.094521
HD 26965 A_1,HD 26965 A,0.482,0.058,1.38,2.403,5.0098,0.86,0.409732,0.085307,111.278828,0.508945,0.109486,1,1,1,2035.09589
HD 26965 A_2,HD 26965 A,0.345,0.049,0.5,0.06,5.0098,0.86,0.409732,,,0.3619,0.103952,0,0,1,2035.09589
HD 185144_1,HD 185144,0.747,0.07,0.5,0.019,5.7639,0.87,0.43411,,,0.721971,0.005372,0,0,1,2035.09726
HD 185144_3,HD 185144,0.688,0.135,2.317,4.389,5.7639,0.87,0.43411,0.109665,269.635803,0.649369,0.450212,1,1,1,2035.09726
HD 209100_0,HD 209100,2.433,0.127,0.524,0.078,3.6384,0.72,0.22182,,,2.229584,0.792618,0,0,1,2035.09863
HD 209100_1,HD 209100,1.218,0.094,0.54,0.224,3.6384,0.72,0.22182,0.188899,37.348461,1.194019,0.839077,1,1,1,2035.09863
HD 209100_2,HD 209100,0.989,0.073,1.925,7.679,3.6384,0.72,0.22182,0.292497,196.403843,1.061197,0.361756,1,1,1,2035.09863
HD 209100_4,HD 209100,3.542,0.022,2.632,11.464,3.6384,0.72,0.22182,0.904645,304.618424,3.497074,0.507982,1,1,1,2035.09863
HD 209100_5,HD 209100,0.635,0.076,0.931,0.965,3.6384,0.72,0.22182,0.161108,323.831773,0.650114,0.55652,1,1,1,2035.09863
HD 209100_6,HD 209100,1.701,0.082,0.885,1.719,3.6384,0.72,0.22182,,,1.723784,0.012407,0,0,1,2035.09863
HD 209100_8,HD 209100,2.097,0.099,2.488,10.973,3.6384,0.72,0.22182,0.401225,305.481086,1.900466,0.700276,1,1,1,2035.09863
HD 209100_9,HD 209100,0.782,0.071,2.297,6.298,3.6384,0.72,0.22182,0.219354,224.873487,0.803321,0.310476,1,1,1,2035.09863
HD 209100_10,HD 209100,0.182,0.056,2.026,7.17,3.6384,0.72,0.22182,,,0.182825,0.191702,0,0,1,2035.09863
HD 209100_11,HD 209100,0.917,0.107,1.174,2.417,3.6384,0.72,0.22182,0.207368,300.499648,0.87646,0.102771,1,1,1,2035.09863
HD 201091_1,HD 201091,1.051,0.108,0.699,0.293,3.4966,0.68,0.142364,,,1.164367,0.336567,0,0,1,2035.1
HD 201091_2,HD 201091,2.964,0.153,0.94,0.359,3.4966,0.68,0.142364,,,2.592114,0.007217,0,0,1,2035.1
HD 201091_4,HD 201091,2.241,0.067,3.013,8.159,3.4966,0.68,0.142364,,,2.370511,0.008451,0,0,1,2035.1
HD 155885_0,HD 155885,0.424,0.016,1.08,0.365,5.9478,0.85,0.332047,,,0.430303,0.815041,0,0,1,2035.10137
HD 155885_1,HD 155885,0.125,0.137,2.355,7.262,5.9478,0.85,0.332047,,,0.123686,0.7802,0,0,1,2035.10137
HD 155885_4,HD 155885,2.293,0.052,0.991,0.685,5.9478,0.85,0.332047,0.264898,295.829559,2.377334,0.790497,1,1,1,2035.10137
HD 155886_1,HD 155886,0.511,0.064,0.698,0.549,5.9523,0.85,0.327491,0.085841,193.323432,0.528535,0.2274,1,1,1,2035.10274
HD 155886_2,HD 155886,0.232,0.069,1.589,4.704,5.9523,0.85,0.327491,,,0.247151,0.923245,0,0,1,2035.10274
HD 155886_3,HD 155886,1.253,0.044,2.915,7.774,5.9523,0.85,0.327491,0.197636,160.157923,1.272906,0.175257,1,1,1,2035.10274
HD 155886_4,HD 155886,0.305,0.028,0.94,0.937,5.9523,0.85,0.327491,,,0.31349,0.270753,0,0,1,2035.10274
HD 155886_5,HD 155886,0.201,0.128,1.339,2.779,5.9523,0.85,0.327491,,,0.178332,0.36139,0,0,1,2035.10274
HD 155886_6,HD 155886,0.316,0.044,0.948,1.735,5.9523,0.85,0.327491,,,0.317066,0.245542,0,0,1,2035.10274
HD 155886_7,HD 155886,0.59,0.079,3.352,16.163,5.9523,0.85,0.327491,0.088916,274.95359,0.600212,0.537373,1,1,1,2035.10274
HD 155886_8,HD 155886,3.879,0.087,2.635,16.445,5.9523,0.85,0.327491,,,4.144625,0.199757,0,0,1,2035.10274
HD 10476_0,HD 10476,0.171,0.07,0.738,0.088,7.6439,0.85,0.453524,,,0.175439,0.913386,0,0,1,2035.10411
HD 201092_1,HD 201092,2.708,0.059,2.37,8.514,3.4964,0.63,0.077786,0.729689,9.568624,2.586761,0.410397,1,1,1,2035.105479
HD 165341 B_1,HD 165341 B,1.256,0.089,0.5,0.053,5.1225,0.78,0.164324,,,1.21782,0.071488,0,0,1,2035.106849
HD 165341 B_2,HD 165341 B,4.082,0.042,1.247,0.85,5.1225,0.78,0.164324,,,4.210083,0.025077,0,0,1,2035.106849
HD 165341 B_3,HD 165341 B,0.1,0.077,0.528,0.124,5.1225,0.78,0.164324,,,0.106237,0.315155,0,0,1,2035.106849
HD 165341 B_4,HD 165341 B,0.76,0.117,1.137,2.374,5.1225,0.78,0.164324,,,0.843917,0.001259,0,0,1,2035.106849
HD 131977_0,HD 131977,2.114,0.033,1.305,3.47,5.8864,0.72,0.222536,0.291495,337.37864,2.10288,0.659083,1,1,1,2035.108219
HD 219134_0,HD 219134,1.298,0.068,3.021,11.197,6.5418,0.75,0.265889,0.120881,353.220563,1.21931,0.036573,1,1,1,2035.109589
HD 219134_1,HD 219134,0.107,0.06,0.589,0.114,6.5418,0.75,0.265889,,,0.112613,0.164113,0,0,1,2035.109589
HD 219134_2,HD 219134,0.475,0.085,1.279,2.244,6.5418,0.75,0.265889,,,0.435847,0.059541,0,0,1,2035.109589
HD 219134_3,HD 219134,2.999,0.067,1.913,4.52,6.5418,0.75,0.265889,,,2.878712,0.217214,0,0,1,2035.109589
HD 219134_4,HD 219134,0.285,0.083,1.716,4.805,6.5418,0.75,0.265889,,,0.296657,0.358813,0,0,1,2035.109589
HD 219134_5,HD 219134,1.823,0.052,1.09,4.144,6.5418,0.75,0.265889,0.189578,314.033949,1.878512,0.782172,1,1,1,2035.109589
HD 219134_7,HD 219134,0.986,0.056,2.277,3.449,6.5418,0.75,0.265889,0.131127,242.646039,1.014415,0.107836,1,1,1,2035.109589
HD 88230_0,HD 88230,1.858,0.024,1.413,3.961,4.8706,0.63,0.102754,0.263553,140.145078,1.834611,0.765827,1,1,1,2035.110959
HD 88230_1,HD 88230,0.369,0.102,2.613,14.391,4.8706,0.63,0.102754,,,0.333597,0.825175,0,0,1,2035.110959
HD 88230_2,HD 88230,0.941,0.058,0.511,0.079,4.8706,0.63,0.102754,0.135621,178.949326,0.992436,0.789521,1,1,1,2035.110959
HD 88230_3,HD 88230,1.397,0.055,1.541,3.057,4.8706,0.63,0.102754,0.22025,215.928579,1.463878,0.730811,1,1,1,2035.110959
HD 88230_4,HD 88230,0.683,0.12,0.831,0.221,4.8706,0.63,0.102754,,,0.744164,0.005892,0,0,1,2035.110959
HD 88230_5,HD 88230,2.552,0.09,1.594,2.912,4.8706,0.63,0.102754,0.476098,356.948371,2.721641,0.625202,1,1,1,2035.110959
HD 88230_6,HD 88230,2.842,0.103,0.661,0.567,4.8706,0.63,0.102754,,,2.956326,0.024455,0,0,1,2035.110959
HD 4628_0,HD 4628,0.299,0.054,1.741,4.304,7.4352,0.78,0.300193,,,0.28466,0.29605,0,0,1,2035.112329
HD 4628_1,HD 4628,4.258,0.031,1.273,1.784,7.4352,0.78,0.300193,,,4.24406,0.02083,0,0,1,2035.112329
HD 4628_4,HD 4628,4.069,0.034,0.981,0.876,7.4352,0.78,0.300193,,,4.206696,0.286236,0,0,1,2035.112329
HD 4628_5,HD 4628,3.681,0.025,0.897,0.617,7.4352,0.78,0.300193,,,3.595787,0.329683,0,0,1,2035.112329
HD 4628_6,HD 4628,1.476,0.055,1.942,4.324,7.4352,0.78,0.300193,0.181596,257.793375,1.416446,0.17731,1,1,1,2035.112329
HD 192310_0,HD 192310,1.267,0.07,0.641,0.14,8.8116,0.77,0.404017,,,1.216677,0.016008,0,0,1,2035.113699
HD 192310_1,HD 192310,1.472,0.082,2.73,7.674,8.8116,0.77,0.404017,0.158166,296.872942,1.585884,0.101313,1,1,1,2035.113699
HD 192310_2,HD 192310,0.631,0.109,2.544,13.411,8.8116,0.77,0.404017,,,0.647609,0.583808,0,0,1,2035.113699
HD 192310_3,HD 192310,0.091,0.084,2.458,12.572,8.8116,0.77,0.404017,,,0.097305,0.767107,0,0,1,2035.113699
HD 10360_0,HD 10360,0.111,0.132,2.009,6.936,8.1894,0.78,0.345382,,,0.119747,0.245486,0,0,1,2035.115068
HD 10360_1,HD 10360,0.559,0.036,0.525,0.063,8.1894,0.78,0.345382,,,0.573158,0.951351,0,0,1,2035.115068
HD 10360_2,HD 10360,3.873,0.13,2.182,7.34,8.1894,0.78,0.345382,,,3.389219,0.252765,0,0,1,2035.115068
HD 10360_4,HD 10360,0.185,0.028,3.239,14.497,8.1894,0.78,0.345382,,,0.180663,0.696415,0,0,1,2035.115068
HD 10360_5,HD 10360,2.33,0.067,0.679,0.17,8.1894,0.78,0.345382,,,2.486108,0.468905,0,0,1,2035.115068
HD 156026_0,HD 156026,3.18,0.093,3.171,14.895,5.9537,0.68,0.157507,0.545106,179.29878,3.297668,0.393185,1,1,1,2035.116438
HD 156026_1,HD 156026,0.564,0.081,0.509,0.042,5.9537,0.68,0.157507,,,0.608131,0.145119,0,0,1,2035.116438
HD 156026_2,HD 156026,0.423,0.044,0.607,0.379,5.9537,0.68,0.157507,,,0.414256,0.374458,0,0,1,2035.116438
HD 156026_3,HD 156026,1.001,0.06,2.318,7.224,5.9537,0.68,0.157507,0.149698,66.371835,1.02606,0.61042,1,1,1,2035.116438
HD 156026_5,HD 156026,1.693,0.124,2.972,9.407,5.9537,0.68,0.157507,0.300257,226.601072,1.857965,0.482395,1,1,1,2035.116438
HD 149661_2,HD 149661,2.991,0.073,1.285,2.935,9.8939,0.87,0.462168,,,3.134611,0.424946,0,0,1,2035.117808
HD 149661_3,HD 149661,2.364,0.065,0.7,0.315,9.8939,0.87,0.462168,,,2.379681,0.054531,0,0,1,2035.117808
HD 149661_5,HD 149661,3.155,0.051,2.936,7.428,9.8939,0.87,0.462168,0.284567,329.002481,3.001196,0.533608,1,1,1,2035.117808
HD 10361_1,HD 10361,0.761,0.025,1.303,2.715,8.1965,0.77,0.303879,0.090313,192.683285,0.756265,0.304745,1,1,1,2035.119178
HD 10361_2,HD 10361,0.985,0.066,0.785,0.596,8.1965,0.77,0.303879,,,0.97254,0.206972,0,0,1,2035.119178
HD 10361_3,HD 10361,1.525,0.07,0.586,0.784,8.1965,0.77,0.303879,,,1.618939,0.639432,0,0,1,2035.119178
HD 10361_4,HD 10361,4.037,0.084,0.501,0.084,8.1965,0.77,0.303879,,,3.918538,0.483836,0,0,1,2035.119178
HD 3651 A_0,HD 3651 A,0.818,0.09,1.086,0.195,11.1081,0.86,0.531986,,,0.744387,0.351286,0,0,1,2035.120548
HD 3651 A_3,HD 3651 A,0.106,0.12,3.284,8.237,11.1081,0.86,0.531986,,,0.094771,0.250235,0,0,1,2035.120548
HD 3651 A_5,HD 3651 A,0.552,0.025,0.534,0.148,11.1081,0.86,0.531986,,,0.550571,0.935505,0,0,1,2035.120548
HD 100623 A_0,HD 100623 A,4.014,0.105,2.503,8.448,9.559,0.88,0.369999,0.404964,117.230867,4.307001,0.565168,1,1,1,2035.121918
HD 100623 A_2,HD 100623 A,0.102,0.086,0.559,0.245,9.559,0.88,0.369999,,,0.109265,0.641995,0,0,1,2035.121918
HD 100623 A_3,HD 100623 A,4.384,0.075,1.441,2.214,9.559,0.88,0.369999,,,4.678628,0.904892,0,0,1,2035.121918
HD 100623 A_4,HD 100623 A,2.524,0.072,0.66,0.613,9.559,0.88,0.369999,,,2.464816,0.126831,0,0,1,2035.121918
HD 100623 A_5,HD 100623 A,4.18,0.038,0.734,0.337,9.559,0.88,0.369999,,,4.164076,0.424875,0,0,1,2035.121918
HD 100623 A_6,HD 100623 A,0.362,0.165,0.555,0.359,9.559,0.88,0.369999,,,0.411036,0.03404,0,0,1,2035.121918
HD 100623 A_7,HD 100623 A,4.073,0.068,1.365,1.972,9.559,0.88,0.369999,,,3.813154,0.021307,0,0,1,2035.121918
HD 216803_1,HD 216803,3.539,0.087,2.035,5.879,7.6015,0.72,0.196336,0.464041,160.240217,3.81158,0.536607,1,1,1,2035.123288
HD 216803_3,HD 216803,0.104,0.044,0.893,0.284,7.6015,0.72,0.196336,,,0.099455,0.520441,0,0,1,2035.123288
HD 216803_4,HD 216803,2.738,0.038,2.631,12.08,7.6015,0.72,0.196336,0.133669,356.997485,2.789353,0.932502,1,1,1,2035.123288
HD 216803_5,HD 216803,0.109,0.06,0.686,0.431,7.6015,0.72,0.196336,,,0.110552,0.621612,0,0,1,2035.123288
HD 216803_6,HD 216803,0.431,0.071,1.431,2.693,7.6015,0.72,0.196336,,,0.441505,0.094353,0,0,1,2035.123288
HD 32147_1,HD 32147,0.121,0.122,1.044,1.526,8.844,0.75,0.290202,,,0.106532,0.231643,0,0,1,2035.124658
HD 32147_2,HD 32147,3.272,0.062,1.942,2.786,8.844,0.75,0.290202,,,3.474063,0.464863,0,0,1,2035.124658
HD 17925_0,HD 17925,1.472,0.037,0.676,0.068,10.3605,0.82,0.400959,,,1.523012,0.14823,0,0,1,2035.126027
HD 17925_2,HD 17925,0.735,0.099,0.938,0.945,10.3605,0.82,0.400959,,,0.71268,0.017545,0,0,1,2035.126027
HD 17925_3,HD 17925,0.561,0.086,1.065,2.041,10.3605,0.82,0.400959,,,0.560594,0.121727,0,0,1,2035.126027
HD 17925_4,HD 17925,0.848,0.062,1.424,1.901,10.3605,0.82,0.400959,,,0.868192,0.096012,0,0,1,2035.126027
HD 17925_6,HD 17925,3.618,0.076,0.719,0.216,10.3605,0.82,0.400959,,,3.627523,0.367098,0,0,1,2035.126027
HD 37394_0,HD 37394,1.839,0.051,0.552,0.164,12.2701,0.88,0.477639,,,1.888596,0.792537,0,0,1,2035.128767
HD 37394_1,HD 37394,0.501,0.058,1.934,5.969,12.2701,0.88,0.477639,,,0.472006,0.04313,0,0,1,2035.128767
HD 37394_3,HD 37394,1.245,0.044,1.502,2.038,12.2701,0.88,0.477639,0.101848,338.053807,1.244742,0.268606,1,1,1,2035.128767
HD 37394_5,HD 37394,0.152,0.102,1.111,1.488,12.2701,0.88,0.477639,,,0.141133,0.068239,0,0,1,2035.128767
HD 37394_9,HD 37394,0.863,0.077,0.726,0.552,12.2701,0.88,0.477639,,,0.815437,0.480744,0,0,1,2035.128767
HD 37394_10,HD 37394,0.093,0.059,3.205,15.21,12.2701,0.88,0.477639,,,0.092481,0.991588,0,0,1,2035.128767
HD 37394_11,HD 37394,1.171,0.065,2.415,5.91,12.2701,0.88,0.477639,0.104947,33.830602,1.229684,0.24322,1,1,1,2035.128767
HD 37394_15,HD 37394,0.222,0.142,1.093,0.563,12.2701,0.88,0.477639,,,0.247354,0.573406,0,0,1,2035.128767
HD 37394_16,HD 37394,2.623,0.055,2.621,9.008,12.2701,0.88,0.477639,0.205159,68.12602,2.561925,0.433134,1,1,1,2035.128767
HD 95735_0,HD 95735,0.673,0.041,0.901,1.876,2.5461,0.44,0.019934,0.262478,271.941614,0.686651,0.280467,1,1,1,2035.130137
HD 95735_2,HD 95735,0.392,0.078,0.638,0.252,2.5461,0.44,0.019934,0.112117,260.451061,0.419396,0.764037,1,1,1,2035.130137
HD 95735_3,HD 95735,0.164,0.146,0.847,1.655,2.5461,0.44,0.019934,,,0.164691,0.333092,0,0,1,2035.130137
HD 95735_4,HD 95735,2.481,0.023,1.454,2.402,2.5461,0.44,0.019934,0.708059,44.087831,2.506108,0.744652,1,1,1,2035.130137
HD 95735_6,HD 95735,0.163,0.047,1.008,2.764,2.5461,0.44,0.019934,,,0.156628,0.603598,0,0,1,2035.130137
HD 217987_0,HD 217987,3.278,0.032,3.1,17.272,3.2871,0.49,0.036492,0.959312,193.292771,3.265909,0.194188,1,1,1,2035.131507
HD 217987_1,HD 217987,0.104,0.158,2.049,6.333,3.2871,0.49,0.036492,,,0.088789,0.384714,0,0,1,2035.131507
HD 202560_0,HD 202560,0.846,0.075,1.59,2.013,3.9696,0.59,0.083004,,,0.805077,0.929886,0,0,1,2035.132877
HD 202560_1,HD 202560,0.552,0.052,0.674,0.125,3.9696,0.59,0.083004,0.130023,350.938302,0.523306,0.250674,1,1,1,2035.132877
HD 202560_3,HD 202560,0.867,0.117,1.589,3.604,3.9696,0.59,0.083004,0.22944,70.96396,0.96222,0.455485,1,1,1,2035.132877
HD 202560_4,HD 202560,2.302,0.14,0.558,0.251,3.9696,0.59,0.083004,,,2.24723,0.113398,0,0,1,2035.132877
HD 202560_5,HD 202560,3.244,0.082,0.847,0.372,3.9696,0.59,0.083004,,,3.466841,0.07822,0,0,1,2035.132877
HD 202560_6,HD 202560,0.414,0.085,0.785,0.225,3.9696,0.59,0.083004,0.112713,294.897416,0.44818,0.329702,1,1,1,2035.132877
HD 201091_1,HD 201091,1.051,0.108,0.699,0.293,3.4966,0.68,0.142364,,,1.158487,0.402648,0,0,2,2035.186775
HD 201091_2,HD 201091,2.964,0.153,0.94,0.359,3.4966,0.68,0.142364,,,2.567796,0.011049,0,0,2,2035.186775
HD 201091_4,HD 201091,2.241,0.067,3.013,8.159,3.4966,0.68,0.142364,,,2.35985,0.01007,0,0,2,2035.186775
HD 165341 B_1,HD 165341 B,1.256,0.089,0.5,0.053,5.1225,0.78,0.164324,,,1.257389,0.05278,0,0,2,2035.197075
HD 165341 B_2,HD 165341 B,4.082,0.042,1.247,0.85,5.1225,0.78,0.164324,,,4.21656,0.029312,0,0,2,2035.197075
HD 165341 B_3,HD 165341 B,0.1,0.077,0.528,0.124,5.1225,0.78,0.164324,,,0.094443,0.441295,0,0,2,2035.197075
HD 165341 B_4,HD 165341 B,0.76,0.117,1.137,2.374,5.1225,0.78,0.164324,,,0.805685,0.015099,0,0,2,2035.197075
HD 10700_0,HD 10700,1.625,0.099,0.563,0.087,3.6522,0.94,0.505708,,,1.751211,0.369657,0,0,2,2035.247133
HD 32147_1,HD 32147,0.121,0.122,1.044,1.526,8.844,0.75,0.290202,,,0.109224,0.460922,0,0,2,2035.265617
HD 32147_2,HD 32147,3.272,0.062,1.942,2.786,8.844,0.75,0.290202,,,3.470365,0.518115,0,0,2,2035.265617
HD 156274 A_3,HD 156274 A,4.433,0.138,1.608,3.519,8.7911,0.9,0.451648,,,4.899949,0.190979,0,0,2,2035.266987
HD 10360_0,HD 10360,0.111,0.132,2.009,6.936,8.1894,0.78,0.345382,,,0.098985,0.115024,0,0,2,2035.272568
HD 10360_1,HD 10360,0.559,0.036,0.525,0.063,8.1894,0.78,0.345382,,,0.565497,0.104005,0,0,2,2035.272568
HD 10360_2,HD 10360,3.873,0.13,2.182,7.34,8.1894,0.78,0.345382,,,3.411515,0.318638,0,0,2,2035.272568
HD 10360_4,HD 10360,0.185,0.028,3.239,14.497,8.1894,0.78,0.345382,,,0.18234,0.74699,0,0,2,2035.272568
HD 10360_5,HD 10360,2.33,0.067,0.679,0.17,8.1894,0.78,0.345382,,,2.481824,0.569253,0,0,2,2035.272568
HD 201091_1,HD 201091,1.051,0.108,0.699,0.293,3.4966,0.68,0.142364,0.31357,242.060411,1.137046,0.464533,1,1,3,2035.273938
HD 201091_2,HD 201091,2.964,0.153,0.94,0.359,3.4966,0.68,0.142364,,,2.547291,0.017599,0,0,3,2035.273938
HD 201091_4,HD 201091,2.241,0.067,3.013,8.159,3.4966,0.68,0.142364,,,2.347149,0.013897,0,0,3,2035.273938
HD 20794_0,HD 20794,4.322,0.17,2.962,5.742,6.0414,0.97,0.654335,,,4.452101,0.024419,0,0,2,2035.286973
HD 20794_1,HD 20794,2.398,0.095,1.302,2.525,6.0414,0.97,0.654335,,,2.338591,0.05953,0,0,2,2035.286973
HD 165341 B_1,HD 165341 B,1.256,0.089,0.5,0.053,5.1225,0.78,0.164324,,,1.296035,0.057735,0,0,3,2035.288343
HD 165341 B_2,HD 165341 B,4.082,0.042,1.247,0.85,5.1225,0.78,0.164324,,,4.222631,0.034383,0,0,3,2035.288343
HD 165341 B_3,HD 165341 B,0.1,0.077,0.528,0.124,5.1225,0.78,0.164324,,,0.104945,0.21354,0,0,3,2035.288343
HD 165341 B_4,HD 165341 B,0.76,0.117,1.137,2.374,5.1225,0.78,0.164324,0.135143,80.141244,0.741377,0.170952,1,1,3,2035.288343
HD 10476_0,HD 10476,0.171,0.07,0.738,0.088,7.6439,0.85,0.453524,,,0.174702,0.068124,0,0,2,2035.289712
HD 17925_0,HD 17925,1.472,0.037,0.676,0.068,10.3605,0.82,0.400959,,,1.52568,0.112933,0,0,2,2035.297826
HD 17925_2,HD 17925,0.735,0.099,0.938,0.945,10.3605,0.82,0.400959,,,0.802346,0.535503,0,0,2,2035.297826
HD 17925_3,HD 17925,0.561,0.086,1.065,2.041,10.3605,0.82,0.400959,,,0.600496,0.882067,0,0,2,2035.297826
HD 17925_4,HD 17925,0.848,0.062,1.424,1.901,10.3605,0.82,0.400959,,,0.900569,0.603102,0,0,2,2035.297826
HD 17925_6,HD 17925,3.618,0.076,0.719,0.216,10.3605,0.82,0.400959,,,3.666023,0.316848,0,0,2,2035.297826
HD 101501_3,HD 101501,0.112,0.069,1.262,2.497,9.5762,0.94,0.608976,,,0.10477,0.494536,0,0,2,2035.303088
HD 101501_7,HD 101501,0.888,0.054,0.887,0.333,9.5762,0.94,0.608976,0.080202,342.465878,0.898769,0.585792,1,1,2,2035.303088
HD 3651 A_0,HD 3651 A,0.818,0.09,1.086,0.195,11.1081,0.86,0.531986,,,0.829953,0.756039,0,0,2,2035.327933
HD 3651 A_3,HD 3651 A,0.106,0.12,3.284,8.237,11.1081,0.86,0.531986,,,0.112959,0.584168,0,0,2,2035.327933
HD 3651 A_5,HD 3651 A,0.552,0.025,0.534,0.148,11.1081,0.86,0.531986,,,0.551449,0.006683,0,0,2,2035.327933
HD 155886_1,HD 155886,0.511,0.064,0.698,0.549,5.9523,0.85,0.327491,0.092831,325.754473,0.51641,0.277054,1,2,2,2035.339495
HD 155886_2,HD 155886,0.232,0.069,1.589,4.704,5.9523,0.85,0.327491,,,0.245344,0.882329,0,0,2,2035.339495
HD 155886_3,HD 155886,1.253,0.044,2.915,7.774,5.9523,0.85,0.327491,0.147415,106.326921,1.306372,0.037755,1,2,2,2035.339495
HD 155886_4,HD 155886,0.305,0.028,0.94,0.937,5.9523,0.85,0.327491,,,0.301992,0.019019,0,0,2,2035.339495
HD 155886_5,HD 155886,0.201,0.128,1.339,2.779,5.9523,0.85,0.327491,,,0.226634,0.06806,0,0,2,2035.339495
HD 155886_6,HD 155886,0.316,0.044,0.948,1.735,5.9523,0.85,0.327491,,,0.302339,0.442716,0,0,2,2035.339495
HD 155886_7,HD 155886,0.59,0.079,3.352,16.163,5.9523,0.85,0.327491,0.091045,85.83146,0.581463,0.133651,1,2,2,2035.339495
HD 155886_8,HD 155886,3.879,0.087,2.635,16.445,5.9523,0.85,0.327491,,,4.105876,0.219153,0,0,2,2035.339495
HD 20630_1,HD 20630,0.648,0.142,1.547,4.726,9.2762,0.98,0.857235,,,0.708711,0.501999,0,0,2,2035.342235
HD 20630_5,HD 20630,1.387,0.083,0.621,0.63,9.2762,0.98,0.857235,,,1.341275,0.444182,0,0,2,2035.342235
HD 140538 A_0,HD 140538 A,2.088,0.047,0.685,0.069,14.7927,0.94,0.834065,,,2.180979,0.86067,0,0,2,2035.369712
HD 140538 A_1,HD 140538 A,0.512,0.053,2.798,18.338,14.7927,0.94,0.834065,,,0.513531,0.945597,0,0,2,2035.369712
HD 140538 A_2,HD 140538 A,4.137,0.053,0.916,0.304,14.7927,0.94,0.834065,,,4.066352,0.585923,0,0,2,2035.369712
HD 72905_1,HD 72905,0.661,0.069,0.5,0.051,14.4388,1.08,0.973195,,,0.69763,0.957514,0,0,2,2035.377399
HD 72905_3,HD 72905,0.899,0.099,2.776,19.234,14.4388,1.08,0.973195,,,0.923593,0.041486,0,0,2,2035.377399
HD 72905_4,HD 72905,0.923,0.214,1.407,2.24,14.4388,1.08,0.973195,,,1.120221,0.149946,0,0,2,2035.377399
HD 72905_5,HD 72905,3.175,0.086,0.525,0.068,14.4388,1.08,0.973195,,,3.049653,0.134024,0,0,2,2035.377399
HD 109358_0,HD 109358,0.599,0.064,0.661,0.193,8.4727,1.08,1.151065,,,0.612981,0.191581,0,0,2,2035.378769
HD 109358_1,HD 109358,0.313,0.024,1.946,4.835,8.4727,1.08,1.151065,,,0.305739,0.005737,0,0,2,2035.378769
HD 109358_3,HD 109358,0.172,0.066,1.409,1.609,8.4727,1.08,1.151065,,,0.181753,0.039141,0,0,2,2035.378769
HD 109358_4,HD 109358,1.488,0.078,0.58,0.237,8.4727,1.08,1.151065,,,1.545411,0.687582,0,0,2,2035.378769
HD 109358_5,HD 109358,3.968,0.05,3.285,25.806,8.4727,1.08,1.151065,,,3.974305,0.045175,0,0,2,2035.378769
HD 4391_0,HD 4391,0.363,0.182,1.471,1.692,15.0487,0.98,0.923422,,,0.324503,0.909057,0,0,2,2035.382832
HD 4391_1,HD 4391,1.544,0.114,0.614,0.159,15.0487,0.98,0.923422,,,1.429831,0.504588,0,0,2,2035.382832
HD 4391_2,HD 4391,0.361,0.058,0.863,0.256,15.0487,0.98,0.923422,,,0.378511,0.662195,0,0,2,2035.382832
HD 4391_3,HD 4391,0.102,0.064,0.942,1.344,15.0487,0.98,0.923422,,,0.097649,0.281591,0,0,2,2035.382832
HD 4391_4,HD 4391,0.526,0.038,2.712,11.881,15.0487,0.98,0.923422,,,0.545707,0.606524,0,0,2,2035.382832
HD 136352_0,HD 136352,1.127,0.083,0.501,0.05,14.7391,1.02,1.028964,,,1.143776,0.116029,0,0,2,2035.393143
HD 136352_2,HD 136352,0.995,0.082,1.549,3.519,14.7391,1.02,1.028964,,,1.002895,0.427573,0,0,2,2035.393143
HD 136352_3,HD 136352,3.774,0.069,2.041,4.78,14.7391,1.02,1.028964,,,3.762051,0.47709,0,0,2,2035.393143
HD 136352_4,HD 136352,1.831,0.068,0.826,0.342,14.7391,1.02,1.028964,,,1.866552,0.314009,0,0,2,2035.393143
HD 146233_0,HD 146233,0.356,0.047,2.679,8.19,14.1369,1.02,1.094208,,,0.36848,0.038021,0,0,2,2035.401032
HD 146233_1,HD 146233,0.206,0.044,2.032,3.376,14.1369,1.02,1.094208,,,0.208621,0.110206,0,0,2,2035.401032
HD 146233_4,HD 146233,0.539,0.141,1.433,3.682,14.1369,1.02,1.094208,,,0.469845,0.007362,0,0,2,2035.401032
HD 26965 A_1,HD 26965 A,0.482,0.058,1.38,2.403,5.0098,0.86,0.409732,,,0.504606,0.034621,0,1,2,2035.402402
HD 26965 A_2,HD 26965 A,0.345,0.049,0.5,0.06,5.0098,0.86,0.409732,,,0.330974,0.625239,0,0,2,2035.402402
HD 185144_1,HD 185144,0.747,0.07,0.5,0.019,5.7639,0.87,0.43411,0.108287,248.279318,0.789815,0.683432,1,1,2,2035.403771
HD 185144_3,HD 185144,0.688,0.135,2.317,4.389,5.7639,0.87,0.43411,0.125698,101.672762,0.744479,0.397972,1,2,2,2035.403771
HD 32147_1,HD 32147,0.121,0.122,1.044,1.526,8.844,0.75,0.290202,,,0.114031,0.694873,0,0,3,2035.406577
HD 32147_2,HD 32147,3.272,0.062,1.942,2.786,8.844,0.75,0.290202,0.349885,305.466922,3.4637,0.571145,1,1,3,2035.406577
HD 65907 A_0,HD 65907 A,0.584,0.099,0.585,0.122,16.1718,1.11,1.290031,,,0.591407,0.269579,0,0,2,2035.425956
HD 65907 A_1,HD 65907 A,1.316,0.075,0.982,3.131,16.1718,1.11,1.290031,,,1.308585,0.506989,0,0,2,2035.425956
HD 65907 A_2,HD 65907 A,1.009,0.058,1.202,5.136,16.1718,1.11,1.290031,,,1.039214,0.209146,0,0,2,2035.425956
HD 131156 A_0,HD 131156 A,0.922,0.01,2.426,6.027,6.7536,0.96,0.553095,0.131827,81.734841,0.916207,0.320096,1,2,2,2035.428127
HD 131156 A_1,HD 131156 A,1.097,0.147,1.932,4.971,6.7536,0.96,0.553095,0.180116,269.532767,1.246612,0.489851,1,2,2,2035.428127
HD 10360_0,HD 10360,0.111,0.132,2.009,6.936,8.1894,0.78,0.345382,,,0.105123,0.514729,0,0,3,2035.430067
HD 10360_1,HD 10360,0.559,0.036,0.525,0.063,8.1894,0.78,0.345382,,,0.53943,0.154308,0,0,3,2035.430067
HD 10360_2,HD 10360,3.873,0.13,2.182,7.34,8.1894,0.78,0.345382,,,3.441418,0.38942,0,0,3,2035.430067
HD 10360_4,HD 10360,0.185,0.028,3.239,14.497,8.1894,0.78,0.345382,,,0.18942,0.057825,0,0,3,2035.430067
HD 10360_5,HD 10360,2.33,0.067,0.679,0.17,8.1894,0.78,0.345382,,,2.469462,0.665371,0,0,3,2035.430067
HD 33262 A_0,HD 33262 A,4.098,0.155,0.949,0.422,11.6927,1.14,1.466223,,,4.679878,0.104151,0,0,2,2035.431437
HD 33262 A_1,HD 33262 A,3.3,0.062,1.368,1.583,11.6927,1.14,1.466223,,,3.386954,0.004526,0,0,2,2035.431437
HD 33262 A_2,HD 33262 A,3.337,0.087,0.965,0.502,11.6927,1.14,1.466223,,,3.584751,0.135622,0,0,2,2035.431437
HD 33262 A_4,HD 33262 A,1.015,0.091,2.255,9.306,11.6927,1.14,1.466223,,,1.106449,0.036992,0,0,2,2035.431437
HD 33262 A_5,HD 33262 A,0.358,0.206,1.487,2.029,11.6927,1.14,1.466223,,,0.398667,0.659781,0,0,2,2035.431437
HD 33262 A_6,HD 33262 A,0.874,0.139,0.646,0.257,11.6927,1.14,1.466223,,,0.938113,0.899048,0,0,2,2035.431437
HD 33262 A_8,HD 33262 A,0.199,0.101,2.893,13.631,11.6927,1.14,1.466223,,,0.200735,0.0209,0,0,2,2035.431437
HD 190360_0,HD 190360,0.922,0.17,1.79,3.759,16.0035,0.96,1.165467,,,0.766462,0.22441,0,0,2,2035.432807
HD 190360_1,HD 190360,3.764,0.081,1.071,1.582,16.0035,0.96,1.165467,,,3.700912,0.227194,0,0,2,2035.432807
HD 190360_3,HD 190360,3.632,0.139,2.733,10.267,16.0035,0.96,1.165467,,,4.049399,0.083296,0,0,2,2035.432807
HD 190360_4,HD 190360,1.735,0.021,0.534,0.045,16.0035,0.96,1.165467,,,1.765281,0.137229,0,0,2,2035.432807
HD 190360_5,HD 190360,0.581,0.08,1.934,2.88,16.0035,0.96,1.165467,,,0.620866,0.469265,0,0,2,2035.432807
HD 10700_0,HD 10700,1.625,0.099,0.563,0.087,3.6522,0.94,0.505708,,,1.783981,0.272544,0,0,3,2035.438102
HD 156274 A_3,HD 156274 A,4.433,0.138,1.608,3.519,8.7911,0.9,0.451648,,,4.938172,0.156574,0,0,3,2035.446287
HD 55575_0,HD 55575,1.084,0.09,0.727,0.186,16.8518,1.14,1.462851,,,1.179902,0.768893,0,0,2,2035.447657
HD 55575_1,HD 55575,0.133,0.053,0.578,0.677,16.8518,1.14,1.462851,,,0.128146,0.197657,0,0,2,2035.447657
HD 90839_0,HD 90839,3.665,0.022,0.781,0.186,12.9452,1.18,1.605092,,,3.631955,0.001374,0,0,2,2035.449027
HD 90839_1,HD 90839,0.191,0.094,1.403,2.751,12.9452,1.18,1.605092,,,0.200343,0.072447,0,0,2,2035.449027
HD 90839_2,HD 90839,3.378,0.112,1.125,1.619,12.9452,1.18,1.605092,,,3.463962,0.723675,0,0,2,2035.449027
HD 90839_5,HD 90839,0.15,0.051,2.273,4.226,12.9452,1.18,1.605092,,,0.156027,0.67181,0,0,2,2035.449027
HD 219134_0,HD 219134,1.298,0.068,3.021,11.197,6.5418,0.75,0.265889,0.18878,270.544627,1.240833,0.281459,1,2,2,2035.450397
HD 219134_1,HD 219134,0.107,0.06,0.589,0.114,6.5418,0.75,0.265889,,,0.101176,0.502882,0,0,2,2035.450397
HD 219134_2,HD 219134,0.475,0.085,1.279,2.244,6.5418,0.75,0.265889,,,0.43826,0.062061,0,0,2,2035.450397
HD 219134_3,HD 219134,2.999,0.067,1.913,4.52,6.5418,0.75,0.265889,,,2.944638,0.381977,0,0,2,2035.450397
HD 219134_4,HD 219134,0.285,0.083,1.716,4.805,6.5418,0.75,0.265889,,,0.30345,0.381123,0,0,2,2035.450397
HD 219134_5,HD 219134,1.823,0.052,1.09,4.144,6.5418,0.75,0.265889,0.232681,260.247731,1.811805,0.652216,1,2,2,2035.450397
HD 219134_7,HD 219134,0.986,0.056,2.277,3.449,6.5418,0.75,0.265889,0.140366,131.599055,0.931676,0.373708,1,2,2,2035.450397
HD 10361_1,HD 10361,0.761,0.025,1.303,2.715,8.1965,0.77,0.303879,0.091881,25.61047,0.759541,0.220242,1,2,2,2035.451767
HD 10361_2,HD 10361,0.985,0.066,0.785,0.596,8.1965,0.77,0.303879,,,0.931344,0.898481,0,0,2,2035.451767
HD 10361_3,HD 10361,1.525,0.07,0.586,0.784,8.1965,0.77,0.303879,,,1.622575,0.433878,0,0,2,2035.451767
HD 10361_4,HD 10361,4.037,0.084,0.501,0.084,8.1965,0.77,0.303879,,,3.994326,0.355145,0,0,2,2035.451767
HD 165341 A_0,HD 165341 A,3.482,0.036,1.359,2.775,5.1133,0.88,0.531741,,,3.463662,0.001586,0,0,2,2035.455629
HD 165341 A_2,HD 165341 A,0.277,0.022,2.947,13.11,5.1133,0.88,0.531741,,,0.281776,0.923124,0,0,2,2035.455629
HD 165341 A_3,HD 165341 A,0.642,0.027,1.615,1.833,5.1133,0.88,0.531741,,,0.630753,0.001733,0,1,2,2035.455629
HD 95128_1,HD 95128,2.285,0.074,0.586,0.282,13.8875,1.07,1.576885,,,2.447129,0.124528,0,0,2,2035.469325
HD 95128_2,HD 95128,4.586,0.035,0.538,0.083,13.8875,1.07,1.576885,,,4.707022,0.01558,0,0,2,2035.469325
HD 95128_3,HD 95128,0.343,0.031,2.771,10.086,13.8875,1.07,1.576885,,,0.3534,0.034102,0,0,2,2035.469325
HD 95128_4,HD 95128,2.15,0.173,1.218,6.511,13.8875,1.07,1.576885,,,2.386408,0.015736,0,0,2,2035.469325
HD 95128_5,HD 95128,0.6,0.105,2.299,8.137,13.8875,1.07,1.576885,,,0.661892,0.557368,0,0,2,2035.469325
HD 95128_6,HD 95128,0.335,0.024,2.419,8.582,13.8875,1.07,1.576885,,,0.338463,0.07394,0,0,2,2035.469325
HD 95128_7,HD 95128,0.847,0.089,1.394,3.129,13.8875,1.07,1.576885,,,0.870459,0.714552,0,0,2,2035.469325
HD 95128_8,HD 95128,0.588,0.034,2.182,8.46,13.8875,1.07,1.576885,,,0.585892,0.777982,0,0,2,2035.469325
HD 17925_0,HD 17925,1.472,0.037,0.676,0.068,10.3605,0.82,0.400959,,,1.513558,0.121687,0,0,3,2035.470695
HD 17925_2,HD 17925,0.735,0.099,0.938,0.945,10.3605,0.82,0.400959,,,0.771275,0.979838,0,0,3,2035.470695
HD 17925_3,HD 17925,0.561,0.086,1.065,2.041,10.3605,0.82,0.400959,,,0.513315,0.076626,0,0,3,2035.470695
HD 17925_4,HD 17925,0.848,0.062,1.424,1.901,10.3605,0.82,0.400959,,,0.866198,0.956509,0,0,3,2035.470695
HD 17925_6,HD 17925,3.618,0.076,0.719,0.216,10.3605,0.82,0.400959,,,3.703418,0.270317,0,0,3,2035.470695
HD 10476_0,HD 10476,0.171,0.07,0.738,0.088,7.6439,0.85,0.453524,,,0.162368,0.513927,0,0,3,2035.474785
HD 39091_1,HD 39091,3.12,0.028,1.191,1.952,18.2874,1.08,1.533204,,,3.141979,0.061157,0,0,2,2035.476468
HD 39091_2,HD 39091,2.865,0.029,0.677,0.089,18.2874,1.08,1.533204,,,2.809265,0.051541,0,0,2,2035.476468
HD 39091_3,HD 39091,3.55,0.072,1.069,0.919,18.2874,1.08,1.533204,,,3.695457,0.63155,0,0,2,2035.476468
HD 39091_4,HD 39091,4.534,0.027,1.234,1.811,18.2874,1.08,1.533204,,,4.562588,0.538983,0,0,2,2035.476468
HD 39091_5,HD 39091,1.437,0.051,1.31,1.974,18.2874,1.08,1.533204,,,1.411878,0.452885,0,0,2,2035.476468
HD 39091_6,HD 39091,0.67,0.012,2.604,6.457,18.2874,1.08,1.533204,,,0.668172,0.701256,0,0,2,2035.476468
HD 202560_0,HD 202560,0.846,0.075,1.59,2.013,3.9696,0.59,0.083004,0.174808,296.17957,0.839759,0.087509,1,1,2,2035.489556
HD 202560_1,HD 202560,0.552,0.052,0.674,0.125,3.9696,0.59,0.083004,0.138906,118.801646,0.567826,0.329129,1,2,2,2035.489556
HD 202560_3,HD 202560,0.867,0.117,1.589,3.604,3.9696,0.59,0.083004,0.220811,324.542436,0.861689,0.377735,1,2,2,2035.489556
HD 202560_4,HD 202560,2.302,0.14,0.558,0.251,3.9696,0.59,0.083004,,,2.095838,0.124757,0,0,2,2035.489556
HD 202560_5,HD 202560,3.244,0.082,0.847,0.372,3.9696,0.59,0.083004,,,3.497861,0.086753,0,0,2,2035.489556
HD 202560_6,HD 202560,0.414,0.085,0.785,0.225,3.9696,0.59,0.083004,0.111281,286.198304,0.446381,0.309172,1,2,2,2035.489556
HD 17051_0,HD 17051,1.593,0.055,0.8,0.166,17.3572,1.14,1.737401,,,1.658263,0.976477,0,0,2,2035.491021
HD 17051_1,HD 17051,2.146,0.107,1.035,0.971,17.3572,1.14,1.737401,,,2.375129,0.058747,0,0,2,2035.491021
HD 17051_2,HD 17051,4.311,0.108,1.302,2.591,17.3572,1.14,1.737401,,,4.21113,0.366343,0,0,2,2035.491021
HD 165499_0,HD 165499,3.777,0.071,0.637,0.161,17.7532,1.08,1.73141,,,3.642525,0.050616,0,0,2,2035.503219
HD 165499_1,HD 165499,0.192,0.04,0.654,0.106,17.7532,1.08,1.73141,,,0.199678,0.003866,0,0,2,2035.503219
HD 165499_3,HD 165499,0.221,0.065,0.75,0.229,17.7532,1.08,1.73141,,,0.213826,0.010191,0,0,2,2035.503219
HD 165499_4,HD 165499,1.569,0.062,3.377,24.497,17.7532,1.08,1.73141,0.078932,343.994623,1.584183,0.536417,1,1,2,2035.503219
HD 20794_0,HD 20794,4.322,0.17,2.962,5.742,6.0414,0.97,0.654335,,,4.339306,0.033083,0,0,3,2035.515041
HD 20794_1,HD 20794,2.398,0.095,1.302,2.525,6.0414,0.97,0.654335,,,2.425042,0.13623,0,0,3,2035.515041
HD 84117_2,HD 84117,0.48,0.183,0.807,0.707,14.9515,1.14,1.977425,,,0.500185,0.552928,0,0,2,2035.516411
HD 84117_3,HD 84117,2.469,0.127,0.583,0.157,14.9515,1.14,1.977425,,,2.363354,0.002199,0,0,2,2035.516411
HD 84117_5,HD 84117,2.421,0.095,0.605,0.239,14.9515,1.14,1.977425,,,2.574217,0.620468,0,0,2,2035.516411
HD 7570_0,HD 7570,3.031,0.054,1.134,3.652,15.2609,1.14,2.003549,,,2.903525,0.919723,0,0,2,2035.518473
HD 7570_1,HD 7570,0.15,0.071,0.941,0.218,15.2609,1.14,2.003549,,,0.140331,0.346005,0,0,2,2035.518473
HD 7570_2,HD 7570,1.977,0.063,1.73,3.716,15.2609,1.14,2.003549,0.104623,118.306909,1.864082,0.636955,1,1,2,2035.518473
HD 7570_3,HD 7570,3.034,0.079,1.364,1.913,15.2609,1.14,2.003549,,,3.197949,0.733194,0,0,2,2035.518473
HD 7570_4,HD 7570,0.569,0.099,0.726,0.483,15.2609,1.14,2.003549,,,0.606591,0.137425,0,0,2,2035.518473
HD 3651 A_0,HD 3651 A,0.818,0.09,1.086,0.195,11.1081,0.86,0.531986,,,0.891044,0.252194,0,0,3,2035.535318
HD 3651 A_3,HD 3651 A,0.106,0.12,3.284,8.237,11.1081,0.86,0.531986,,,0.109711,0.000909,0,0,3,2035.535318
HD 3651 A_5,HD 3651 A,0.552,0.025,0.534,0.148,11.1081,0.86,0.531986,,,0.555847,0.861498,0,0,3,2035.535318
HD 38393_0,HD 38393,0.205,0.072,1.088,1.383,8.905,1.23,2.344229,,,0.191923,0.909838,0,0,2,2035.536999
HD 38393_1,HD 38393,3.39,0.099,0.656,0.073,8.905,1.23,2.344229,,,3.724031,0.057497,0,0,2,2035.536999
HD 38393_3,HD 38393,0.355,0.086,1.549,2.098,8.905,1.23,2.344229,,,0.338329,0.26565,0,0,2,2035.536999
HD 38393_4,HD 38393,4.373,0.052,1.208,1.876,8.905,1.23,2.344229,,,4.145759,0.007039,0,0,2,2035.536999
HD 143761_0,HD 143761,2.268,0.052,0.622,0.131,17.5108,0.97,1.812174,,,2.233043,0.370529,0,0,2,2035.540312
HD 143761_3,HD 143761,0.463,0.017,0.834,0.619,17.5108,0.97,1.812174,,,0.45515,0.553753,0,0,2,2035.540312
HD 143761_4,HD 143761,1.096,0.157,0.808,0.895,17.5108,0.97,1.812174,,,0.931386,0.183109,0,0,2,2035.540312
HD 143761_5,HD 143761,0.834,0.096,1.155,1.684,17.5108,0.97,1.812174,,,0.75749,0.834405,0,0,2,2035.540312
HD 143761_7,HD 143761,2.609,0.089,2.154,12.289,17.5108,0.97,1.812174,,,2.703135,0.033994,0,0,2,2035.540312
HD 128621_0,HD 128621,0.181,0.076,0.591,0.281,1.3319,0.94,0.503037,0.093278,179.784713,0.171228,0.053153,1,1,2,2035.551856
HD 128621_1,HD 128621,3.969,0.152,0.756,0.624,1.3319,0.94,0.503037,,,3.933351,0.429845,0,0,2,2035.551856
HD 128621_3,HD 128621,4.377,0.084,0.667,0.424,1.3319,0.94,0.503037,,,4.708785,0.004047,0,0,2,2035.551856
HD 128621_4,HD 128621,1.135,0.055,1.179,1.502,1.3319,0.94,0.503037,,,1.149731,0.130254,0,1,2,2035.551856
HD 155886_1,HD 155886,0.511,0.064,0.698,0.549,5.9523,0.85,0.327491,0.084979,150.24617,0.501606,0.36193,1,3,3,2035.553225
HD 155886_2,HD 155886,0.232,0.069,1.589,4.704,5.9523,0.85,0.327491,,,0.224912,0.237354,0,0,3,2035.553225
HD 155886_3,HD 155886,1.253,0.044,2.915,7.774,5.9523,0.85,0.327491,0.167519,42.020097,1.298692,0.065453,1,3,3,2035.553225
HD 155886_4,HD 155886,0.305,0.028,0.94,0.937,5.9523,0.85,0.327491,,,0.296536,0.261732,0,0,3,2035.553225
HD 155886_5,HD 155886,0.201,0.128,1.339,2.779,5.9523,0.85,0.327491,,,0.216234,0.415703,0,0,3,2035.553225
HD 155886_6,HD 155886,0.316,0.044,0.948,1.735,5.9523,0.85,0.327491,,,0.303916,0.474677,0,0,3,2035.553225
HD 155886_7,HD 155886,0.59,0.079,3.352,16.163,5.9523,0.85,0.327491,0.095483,304.627132,0.621176,0.44008,1,3,3,2035.553225
HD 155886_8,HD 155886,3.879,0.087,2.635,16.445,5.9523,0.85,0.327491,,,4.064901,0.239717,0,0,3,2035.553225
HD 19373_0,HD 19373,0.74,0.034,3.212,9.93,10.5774,1.08,2.230489,,,0.719142,0.205259,0,0,2,2035.560046
HD 19373_2,HD 19373,0.724,0.048,1.483,3.085,10.5774,1.08,2.230489,,,0.690101,0.078178,0,0,2,2035.560046
HD 19373_3,HD 19373,0.676,0.061,1.037,1.075,10.5774,1.08,2.230489,,,0.640826,0.863242,0,0,2,2035.560046
HD 19373_6,HD 19373,0.114,0.04,2.433,8.086,10.5774,1.08,2.230489,,,0.118542,0.488094,0,0,2,2035.560046
HD 19373_7,HD 19373,2.87,0.048,1.622,2.945,10.5774,1.08,2.230489,,,3.007525,0.368959,0,0,2,2035.560046
HD 30652_0,HD 30652,0.357,0.032,0.524,0.119,8.0684,1.25,2.710192,,,0.367804,0.040412,0,0,2,2035.584676
HD 30652_1,HD 30652,3.379,0.099,2.314,9.159,8.0684,1.25,2.710192,,,3.574438,0.002071,0,0,2,2035.584676
HD 30652_2,HD 30652,1.418,0.081,1.563,7.047,8.0684,1.25,2.710192,0.142109,117.90749,1.333131,0.597999,1,1,2,2035.584676
HD 30652_3,HD 30652,3.27,0.133,2.129,5.731,8.0684,1.25,2.710192,,,3.584723,0.372958,0,0,2,2035.584676
HD 30652_4,HD 30652,2.754,0.119,2.49,10.16,8.0684,1.25,2.710192,,,3.024435,0.242263,0,0,2,2035.584676
HD 10360_0,HD 10360,0.111,0.132,2.009,6.936,8.1894,0.78,0.345382,,,0.124041,0.554289,0,0,4,2035.587567
HD 10360_1,HD 10360,0.559,0.036,0.525,0.063,8.1894,0.78,0.345382,,,0.573064,0.952222,0,0,4,2035.587567
HD 10360_2,HD 10360,3.873,0.13,2.182,7.34,8.1894,0.78,0.345382,0.406715,310.138724,3.478174,0.462968,1,1,4,2035.587567
HD 10360_4,HD 10360,0.185,0.028,3.239,14.497,8.1894,0.78,0.345382,,,0.187867,0.036331,0,0,4,2035.587567
HD 10360_5,HD 10360,2.33,0.067,0.679,0.17,8.1894,0.78,0.345382,,,2.449527,0.750006,0,0,4,2035.587567
HD 17206_0,HD 17206,1.742,0.09,0.885,1.25,14.2764,1.21,2.616978,,,1.585761,0.440071,0,0,2,2035.589838
HD 17206_1,HD 17206,0.879,0.039,2.253,5.781,14.2764,1.21,2.616978,,,0.88165,0.401242,0,0,2,2035.589838
HD 17206_2,HD 17206,0.485,0.035,0.762,0.888,14.2764,1.21,2.616978,,,0.484,0.201918,0,0,2,2035.589838
HD 43386_0,HD 43386,2.541,0.037,0.504,0.177,19.5879,1.33,2.956651,,,2.606096,0.128566,0,0,2,2035.620075
HD 43386_1,HD 43386,1.141,0.101,1.584,2.873,19.5879,1.33,2.956651,,,1.031957,0.635243,0,0,2,2035.620075
HD 43386_3,HD 43386,0.289,0.045,1.072,0.429,19.5879,1.33,2.956651,,,0.280203,0.158486,0,0,2,2035.620075
HD 20630_1,HD 20630,0.648,0.142,1.547,4.726,9.2762,0.98,0.857235,,,0.589302,0.190609,0,0,3,2035.621445
HD 20630_5,HD 20630,1.387,0.083,0.621,0.63,9.2762,0.98,0.857235,,,1.456204,0.543283,0,0,3,2035.621445
HD 187691 A_0,HD 187691 A,3.127,0.076,1.475,4.454,19.4881,1.25,2.834654,,,3.224014,0.155558,0,0,2,2035.625201
HD 187691 A_1,HD 187691 A,2.61,0.091,1.018,1.386,19.4881,1.25,2.834654,,,2.407798,0.370881,0,0,2,2035.625201
HD 187691 A_2,HD 187691 A,3.249,0.037,0.764,1.364,19.4881,1.25,2.834654,,,3.35416,0.714177,0,0,2,2035.625201
HD 187691 A_3,HD 187691 A,2.018,0.038,2.654,10.557,19.4881,1.25,2.834654,0.10025,250.021716,1.995708,0.486189,1,1,2,2035.625201
HD 156274 A_3,HD 156274 A,4.433,0.138,1.608,3.519,8.7911,0.9,0.451648,,,4.970969,0.126111,0,0,4,2035.626571
HD 128167_0,HD 128167,1.283,0.14,1.15,1.29,15.756,1.39,3.181999,,,1.461061,0.20871,0,0,2,2035.628015
HD 128167_2,HD 128167,3.433,0.063,1.328,2.483,15.756,1.39,3.181999,,,3.402775,0.393345,0,0,2,2035.628015
HD 128167_3,HD 128167,4.878,0.117,2.132,5.678,15.756,1.39,3.181999,,,5.278268,0.509726,0,0,2,2035.628015
HD 128167_4,HD 128167,1.323,0.044,1.923,2.477,15.756,1.39,3.181999,,,1.276464,0.631382,0,0,2,2035.628015
HD 10700_0,HD 10700,1.625,0.099,0.563,0.087,3.6522,0.94,0.505708,,,1.775626,0.196673,0,0,4,2035.629385
HD 210302_0,HD 210302,0.937,0.087,1.293,2.482,18.4579,1.25,2.918099,,,1.017541,0.273464,0,0,2,2035.630755
HD 210302_1,HD 210302,0.316,0.034,0.672,0.291,18.4579,1.25,2.918099,,,0.317835,0.314276,0,0,2,2035.630755
HD 210302_2,HD 210302,0.162,0.125,0.82,0.565,18.4579,1.25,2.918099,,,0.180571,0.88616,0,0,2,2035.630755
HD 210302_3,HD 210302,0.925,0.123,2.909,15.97,18.4579,1.25,2.918099,,,0.843431,0.248322,0,0,2,2035.630755
HD 210302_4,HD 210302,1.629,0.122,1.727,5.061,18.4579,1.25,2.918099,,,1.688182,0.064052,0,0,2,2035.630755
HD 43042_0,HD 43042,4.095,0.078,0.558,0.185,21.7763,1.29,2.935621,,,3.775595,0.40032,0,0,2,2035.632939
HD 43042_1,HD 43042,0.434,0.11,0.533,0.05,21.7763,1.29,2.935621,,,0.431104,0.407652,0,0,2,2035.632939
HD 43042_3,HD 43042,0.724,0.14,0.733,0.758,21.7763,1.29,2.935621,,,0.808617,0.79596,0,0,2,2035.632939
HD 102365_0,HD 102365,1.154,0.024,2.235,11.472,9.3195,1.02,0.843918,0.123877,63.968685,1.180979,0.43263,1,2,2,2035.634923
HD 102365_1,HD 102365,4.021,0.031,1.113,0.834,9.3195,1.02,0.843918,,,4.134554,0.043429,0,0,2,2035.634923
HD 102365_2,HD 102365,0.113,0.031,0.976,0.303,9.3195,1.02,0.843918,,,0.109497,0.019497,0,0,2,2035.634923
HD 142860_0,HD 142860,0.405,0.081,2.385,6.459,11.2537,1.25,3.038785,,,0.426189,0.569262,0,0,2,2035.636293
HD 142860_2,HD 142860,3.184,0.073,1.146,0.989,11.2537,1.25,3.038785,,,3.310235,0.390126,0,0,2,2035.636293
HD 142860_3,HD 142860,0.465,0.068,1.963,1.786,11.2537,1.25,3.038785,,,0.439329,0.651959,0,0,2,2035.636293
HD 142860_5,HD 142860,0.92,0.074,2.443,8.017,11.2537,1.25,3.038785,,,0.891061,0.70711,0,0,2,2035.636293
HD 142860_6,HD 142860,0.627,0.092,3.102,5.436,11.2537,1.25,3.038785,,,0.582005,0.874149,0,0,2,2035.636293
HD 26965 A_1,HD 26965 A,0.482,0.058,1.38,2.403,5.0098,0.86,0.409732,0.079901,289.049271,0.455356,0.580141,1,2,3,2035.637663
HD 26965 A_2,HD 26965 A,0.345,0.049,0.5,0.06,5.0098,0.86,0.409732,,,0.328137,0.62985,0,0,3,2035.637663
HD 17925_0,HD 17925,1.472,0.037,0.676,0.068,10.3605,0.82,0.400959,,,1.48975,0.177413,0,0,4,2035.642493
HD 17925_2,HD 17925,0.735,0.099,0.938,0.945,10.3605,0.82,0.400959,,,0.671274,0.226345,0,0,4,2035.642493
HD 17925_3,HD 17925,0.561,0.086,1.065,2.041,10.3605,0.82,0.400959,,,0.59144,0.367247,0,0,4,2035.642493
HD 17925_4,HD 17925,0.848,0.062,1.424,1.901,10.3605,0.82,0.400959,,,0.806238,0.40324,0,0,4,2035.642493
HD 17925_6,HD 17925,3.618,0.076,0.719,0.216,10.3605,0.82,0.400959,,,3.738583,0.228604,0,0,4,2035.642493
HD 140538 A_0,HD 140538 A,2.088,0.047,0.685,0.069,14.7927,0.94,0.834065,,,2.18397,0.601758,0,0,3,2035.647643
HD 140538 A_1,HD 140538 A,0.512,0.053,2.798,18.338,14.7927,0.94,0.834065,,,0.484984,0.315848,0,0,3,2035.647643
HD 140538 A_2,HD 140538 A,4.137,0.053,0.916,0.304,14.7927,0.94,0.834065,,,4.025434,0.695696,0,0,3,2035.647643
HD 134083_0,HD 134083,0.116,0.07,1.9,7.058,19.536,1.33,3.254618,,,0.11366,0.973369,0,0,2,2035.656445
HD 134083_1,HD 134083,0.36,0.097,1.358,2.746,19.536,1.33,3.254618,,,0.37719,0.244716,0,0,2,2035.656445
HD 134083_3,HD 134083,0.749,0.13,0.881,0.684,19.536,1.33,3.254618,,,0.826354,0.284891,0,0,2,2035.656445
HD 134083_4,HD 134083,0.959,0.114,0.591,0.338,19.536,1.33,3.254618,,,1.038286,0.092704,0,0,2,2035.656445
HD 114710_0,HD 114710,1.415,0.117,0.681,0.147,9.1975,1.11,1.357063,,,1.254395,0.026272,0,0,2,2035.65887
HD 114710_1,HD 114710,0.314,0.116,0.63,1.142,9.1975,1.11,1.357063,,,0.347646,0.010059,0,0,2,2035.65887
HD 114710_2,HD 114710,2.258,0.018,0.683,0.173,9.1975,1.11,1.357063,,,2.238248,0.003139,0,0,2,2035.65887
HD 114710_4,HD 114710,0.861,0.053,0.898,0.439,9.1975,1.11,1.357063,,,0.851865,0.062608,0,1,2,2035.65887
HD 114710_5,HD 114710,0.124,0.109,3.108,17.681,9.1975,1.11,1.357063,,,0.110487,0.578653,0,0,2,2035.65887
HD 10476_0,HD 10476,0.171,0.07,0.738,0.088,7.6439,0.85,0.453524,,,0.182865,0.459612,0,0,4,2035.66024
HD 84737_0,HD 84737,0.596,0.087,1.352,1.551,18.8226,1.08,2.795117,,,0.550293,0.805217,0,0,2,2035.662776
HD 84737_1,HD 84737,3.025,0.071,1.189,1.926,18.8226,1.08,2.795117,,,2.830512,0.290009,0,0,2,2035.662776
HD 84737_2,HD 84737,1.078,0.014,1.079,0.698,18.8226,1.08,2.795117,,,1.09028,0.61428,0,0,2,2035.662776
HD 84737_3,HD 84737,3.774,0.025,0.833,0.848,18.8226,1.08,2.795117,,,3.719679,0.091025,0,0,2,2035.662776
HD 84737_4,HD 84737,0.254,0.074,3.133,13.741,18.8226,1.08,2.795117,,,0.236148,0.758596,0,0,2,2035.662776
HD 84737_5,HD 84737,2.993,0.205,0.508,0.086,18.8226,1.08,2.795117,,,3.481666,0.554733,0,0,2,2035.662776
HD 190248_1,HD 190248,1.11,0.055,1.408,3.629,6.0993,0.94,1.249971,,,1.067744,0.022625,0,1,2,2035.664146
HD 190248_2,HD 190248,3.754,0.072,1.017,1.24,6.0993,0.94,1.249971,,,4.024273,0.251947,0,0,2,2035.664146
HD 190248_3,HD 190248,1.406,0.139,0.51,0.568,6.0993,0.94,1.249971,,,1.43081,0.31623,0,0,2,2035.664146
HD 1581_1,HD 1581,1.541,0.046,2.633,10.663,8.6071,1.11,1.261828,,,1.610376,0.058458,0,1,2,2035.665516
HD 1581_2,HD 1581,0.181,0.101,0.988,1.538,8.6071,1.11,1.261828,,,0.164367,0.000895,0,0,2,2035.665516
HD 1581_3,HD 1581,1.491,0.126,2.76,10.6,8.6071,1.11,1.261828,0.156956,310.064816,1.338185,0.297901,1,1,2,2035.665516
HD 1581_4,HD 1581,0.208,0.109,2.378,6.033,8.6071,1.11,1.261828,,,0.207279,0.699596,0,0,2,2035.665516
HD 72905_1,HD 72905,0.661,0.069,0.5,0.051,14.4388,1.08,0.973195,,,0.641878,0.020196,0,0,3,2035.668498
HD 72905_3,HD 72905,0.899,0.099,2.776,19.234,14.4388,1.08,0.973195,,,0.962727,0.324614,0,0,3,2035.668498
HD 72905_4,HD 72905,0.923,0.214,1.407,2.24,14.4388,1.08,0.973195,,,0.864235,0.025161,0,0,3,2035.668498
HD 72905_5,HD 72905,3.175,0.086,0.525,0.068,14.4388,1.08,0.973195,,,3.139046,0.272617,0,0,3,2035.668498
HD 202560_0,HD 202560,0.846,0.075,1.59,2.013,3.9696,0.59,0.083004,,,0.899099,0.00313,0,1,3,2035.670892
HD 202560_1,HD 202560,0.552,0.052,0.674,0.125,3.9696,0.59,0.083004,0.130107,348.356903,0.523304,0.252452,1,3,3,2035.670892
HD 202560_3,HD 202560,0.867,0.117,1.589,3.604,3.9696,0.59,0.083004,0.188288,256.667139,0.772012,0.208962,1,3,3,2035.670892
HD 202560_4,HD 202560,2.302,0.14,0.558,0.251,3.9696,0.59,0.083004,,,2.035497,0.15372,0,0,3,2035.670892
HD 202560_5,HD 202560,3.244,0.082,0.847,0.372,3.9696,0.59,0.083004,,,3.506411,0.095603,0,0,3,2035.670892
HD 202560_6,HD 202560,0.414,0.085,0.785,0.225,3.9696,0.59,0.083004,0.097151,84.943383,0.385511,0.370307,1,3,3,2035.670892
HD 22484_0,HD 22484,0.838,0.146,1.142,1.607,13.9204,1.14,3.067609,,,0.875984,0.180993,0,0,2,2035.673008
HD 22484_1,HD 22484,1.12,0.109,1.996,7.679,13.9204,1.14,3.067609,,,1.013565,0.851329,0,0,2,2035.673008
HD 22484_2,HD 22484,0.469,0.117,1.765,3.166,13.9204,1.14,3.067609,,,0.52025,0.038496,0,0,2,2035.673008
HD 22484_5,HD 22484,4.456,0.081,0.516,0.034,13.9204,1.14,3.067609,,,4.095182,0.041444,0,0,2,2035.673008
HD 22484_7,HD 22484,3.201,0.074,0.943,1.501,13.9204,1.14,3.067609,,,2.993186,0.585126,0,0,2,2035.673008
HD 4391_0,HD 4391,0.363,0.182,1.471,1.692,15.0487,0.98,0.923422,,,0.354994,0.059293,0,0,3,2035.676623
HD 4391_1,HD 4391,1.544,0.114,0.614,0.159,15.0487,0.98,0.923422,,,1.371353,0.069642,0,0,3,2035.676623
HD 4391_2,HD 4391,0.361,0.058,0.863,0.256,15.0487,0.98,0.923422,,,0.34177,0.047539,0,0,3,2035.676623
HD 4391_3,HD 4391,0.102,0.064,0.942,1.344,15.0487,0.98,0.923422,,,0.101332,0.567974,0,0,3,2035.676623
HD 4391_4,HD 4391,0.526,0.038,2.712,11.881,15.0487,0.98,0.923422,,,0.524923,0.046802,0,0,3,2035.676623
HD 30495_0,HD 30495,1.934,0.08,0.989,1.288,13.24,1.04,0.966273,,,1.955319,0.330274,0,1,2,2035.682731
HD 30495_2,HD 30495,0.416,0.06,1.179,0.557,13.24,1.04,0.966273,,,0.437149,0.000246,0,0,2,2035.682731
HD 30495_3,HD 30495,1.848,0.089,0.623,0.48,13.24,1.04,0.966273,,,1.983906,0.198059,0,0,2,2035.682731
HD 101501_3,HD 101501,0.112,0.069,1.262,2.497,9.5762,0.94,0.608976,,,0.10732,0.039068,0,0,3,2035.685629
HD 101501_7,HD 101501,0.888,0.054,0.887,0.333,9.5762,0.94,0.608976,0.085915,165.337656,0.86561,0.174816,1,2,3,2035.685629
HD 20766_0,HD 20766,1.336,0.161,1.674,3.092,12.0447,1.01,0.794328,0.099682,80.679944,1.246196,0.579423,1,2,2,2035.694105
HD 20766_1,HD 20766,0.327,0.097,2.659,6.922,12.0447,1.01,0.794328,,,0.302914,0.01155,0,0,2,2035.694105
HD 20766_4,HD 20766,1.915,0.031,0.912,0.441,12.0447,1.01,0.794328,,,1.866138,0.144599,0,1,2,2035.694105
HD 128620_0,HD 128620,1.567,0.074,0.945,0.738,1.3319,1.11,1.520898,0.537682,2.270777,1.663434,0.910911,1,1,2,2035.701342
HD 128620_1,HD 128620,1.266,0.016,1.198,6.221,1.3319,1.11,1.520898,,,1.259879,0.086418,0,1,2,2035.701342
HD 147513_0,HD 147513,1.541,0.04,0.645,0.152,12.8923,1.07,1.000691,,,1.528636,0.580761,0,0,2,2035.702712
HD 147513_1,HD 147513,1.513,0.099,0.537,0.038,12.8923,1.07,1.000691,,,1.514508,0.348857,0,0,2,2035.702712
HD 147513_2,HD 147513,4.633,0.075,1.379,7.403,12.8923,1.07,1.000691,,,4.286517,0.560621,0,0,2,2035.702712
HD 147513_4,HD 147513,0.196,0.111,0.74,0.096,12.8923,1.07,1.000691,,,0.216159,0.354906,0,0,2,2035.702712
HD 147513_5,HD 147513,4.52,0.075,0.624,0.254,12.8923,1.07,1.000691,,,4.529087,0.298553,0,0,2,2035.702712
HD 147513_6,HD 147513,1.743,0.075,1.796,2.912,12.8923,1.07,1.000691,0.123302,66.620512,1.767878,0.157448,1,2,2,2035.702712
HD 147513_7,HD 147513,2.47,0.028,0.667,0.174,12.8923,1.07,1.000691,,,2.417056,0.969228,0,0,2,2035.702712
HD 185144_1,HD 185144,0.747,0.07,0.5,0.019,5.7639,0.87,0.43411,,,0.696394,0.162919,0,1,3,2035.704087
HD 185144_3,HD 185144,0.688,0.135,2.317,4.389,5.7639,0.87,0.43411,0.110669,272.133351,0.644663,0.421255,1,3,3,2035.704087
HD 136352_0,HD 136352,1.127,0.083,0.501,0.05,14.7391,1.02,1.028964,,,1.033469,0.180026,0,0,3,2035.705464
HD 136352_2,HD 136352,0.995,0.082,1.549,3.519,14.7391,1.02,1.028964,,,1.069885,9.2e-05,0,0,3,2035.705464
HD 136352_3,HD 136352,3.774,0.069,2.041,4.78,14.7391,1.02,1.028964,0.230617,242.904148,3.69216,0.524853,1,1,3,2035.705464
HD 136352_4,HD 136352,1.831,0.068,0.826,0.342,14.7391,1.02,1.028964,,,1.769518,0.535096,0,0,3,2035.705464
HD 109358_0,HD 109358,0.599,0.064,0.661,0.193,8.4727,1.08,1.151065,,,0.562048,0.372776,0,0,3,2035.708922
HD 109358_1,HD 109358,0.313,0.024,1.946,4.835,8.4727,1.08,1.151065,,,0.305493,0.012788,0,0,3,2035.708922
HD 109358_3,HD 109358,0.172,0.066,1.409,1.609,8.4727,1.08,1.151065,,,0.180408,0.043998,0,0,3,2035.708922
HD 109358_4,HD 109358,1.488,0.078,0.58,0.237,8.4727,1.08,1.151065,,,1.603845,0.404857,0,0,3,2035.708922
HD 109358_5,HD 109358,3.968,0.05,3.285,25.806,8.4727,1.08,1.151065,,,3.920373,0.01529,0,0,3,2035.708922
HD 165341 A_0,HD 165341 A,3.482,0.036,1.359,2.775,5.1133,0.88,0.531741,,,3.492681,0.003936,0,0,3,2035.711258
HD 165341 A_2,HD 165341 A,0.277,0.022,2.947,13.11,5.1133,0.88,0.531741,,,0.27111,0.204252,0,0,3,2035.711258
HD 165341 A_3,HD 165341 A,0.642,0.027,1.615,1.833,5.1133,0.88,0.531741,,,0.656129,0.993391,0,1,3,2035.711258
HD 146233_0,HD 146233,0.356,0.047,2.679,8.19,14.1369,1.02,1.094208,,,0.348664,0.897836,0,0,3,2035.728091
HD 146233_1,HD 146233,0.206,0.044,2.032,3.376,14.1369,1.02,1.094208,,,0.205076,0.471068,0,0,3,2035.728091
HD 146233_4,HD 146233,0.539,0.141,1.433,3.682,14.1369,1.02,1.094208,,,0.484434,0.167266,0,0,3,2035.728091
HD 115617_0,HD 115617,1.956,0.004,0.732,1.017,8.5344,0.97,0.825468,,,1.951573,0.159771,0,0,2,2035.735865
HD 115617_1,HD 115617,0.76,0.09,2.931,6.157,8.5344,0.97,0.825468,,,0.751976,0.721638,0,0,2,2035.735865
HD 115617_2,HD 115617,0.621,0.047,0.562,0.059,8.5344,0.97,0.825468,,,0.592824,0.15874,0,0,2,2035.735865
HD 115617_3,HD 115617,0.199,0.073,3.38,12.207,8.5344,0.97,0.825468,,,0.213487,0.809973,0,0,2,2035.735865
HD 115617_4,HD 115617,2.599,0.104,0.763,0.174,8.5344,0.97,0.825468,,,2.867868,0.965225,0,0,2,2035.735865
HD 115617_5,HD 115617,2.098,0.045,1.487,3.177,8.5344,0.97,0.825468,0.231206,333.423723,2.033777,0.356246,1,2,2,2035.735865
HD 115617_6,HD 115617,3.003,0.084,0.942,0.936,8.5344,0.97,0.825468,,,3.219318,0.035974,0,0,2,2035.735865
HD 20807_0,HD 20807,0.337,0.072,1.793,3.234,12.0394,1.07,1.016951,,,0.315756,0.287296,0,0,2,2035.737879
HD 20807_1,HD 20807,1.546,0.069,0.954,0.846,12.0394,1.07,1.016951,,,1.443366,0.019025,0,1,2,2035.737879
HD 20807_2,HD 20807,2.979,0.055,2.038,8.298,12.0394,1.07,1.016951,,,3.118023,0.013115,0,0,2,2035.737879
HD 3651 A_0,HD 3651 A,0.818,0.09,1.086,0.195,11.1081,0.86,0.531986,,,0.809993,0.039494,0,0,4,2035.742703
HD 3651 A_3,HD 3651 A,0.106,0.12,3.284,8.237,11.1081,0.86,0.531986,,,0.097297,0.950094,0,0,4,2035.742703
HD 3651 A_5,HD 3651 A,0.552,0.025,0.534,0.148,11.1081,0.86,0.531986,,,0.546256,0.027369,0,0,4,2035.742703
HD 20794_0,HD 20794,4.322,0.17,2.962,5.742,6.0414,0.97,0.654335,,,4.22259,0.047798,0,0,4,2035.744072
HD 20794_1,HD 20794,2.398,0.095,1.302,2.525,6.0414,0.97,0.654335,,,2.505269,0.252208,0,0,4,2035.744072
HD 166_0,HD 166,1.592,0.09,1.08,2.182,13.7662,0.94,0.647292,,,1.470051,0.003996,0,1,2,2035.746245
HD 166_1,HD 166,0.635,0.021,0.515,0.062,13.7662,0.94,0.647292,,,0.622901,0.914912,0,0,2,2035.746245
HD 23249_0,HD 23249,2.38,0.039,0.804,0.586,9.0888,0.87,2.941034,,,2.461684,0.336889,0,0,2,2035.751609
HD 23249_1,HD 23249,2.348,0.031,1.487,3.029,9.0888,0.87,2.941034,,,2.275465,0.017926,0,0,2,2035.751609
HD 65907 A_0,HD 65907 A,0.584,0.099,0.585,0.122,16.1718,1.11,1.290031,,,0.635569,0.031526,0,0,3,2035.78068
HD 65907 A_1,HD 65907 A,1.316,0.075,0.982,3.131,16.1718,1.11,1.290031,,,1.218341,0.851777,0,0,3,2035.78068
HD 65907 A_2,HD 65907 A,1.009,0.058,1.202,5.136,16.1718,1.11,1.290031,,,1.031015,0.265676,0,0,3,2035.78068
HD 190360_0,HD 190360,0.922,0.17,1.79,3.759,16.0035,0.96,1.165467,,,1.059521,0.171139,0,0,3,2035.786267
HD 190360_1,HD 190360,3.764,0.081,1.071,1.582,16.0035,0.96,1.165467,,,3.791709,0.19806,0,0,3,2035.786267
HD 190360_3,HD 190360,3.632,0.139,2.733,10.267,16.0035,0.96,1.165467,,,4.111562,0.157325,0,0,3,2035.786267
HD 190360_4,HD 190360,1.735,0.021,0.534,0.045,16.0035,0.96,1.165467,,,1.7364,0.140868,0,0,3,2035.786267
HD 190360_5,HD 190360,0.581,0.08,1.934,2.88,16.0035,0.96,1.165467,,,0.615481,0.907842,0,0,3,2035.786267
HD 203608_0,HD 203608,2.203,0.092,1.79,3.488,9.2584,1.14,1.465548,,,2.265868,0.123236,0,1,2,2035.798865
HD 203608_1,HD 203608,2.342,0.1,0.502,0.104,9.2584,1.14,1.465548,,,2.231303,0.370103,0,0,2,2035.798865
HD 203608_2,HD 203608,2.74,0.062,1.086,1.189,9.2584,1.14,1.465548,,,2.681783,0.312592,0,1,2,2035.798865
HD 203608_5,HD 203608,4.293,0.038,0.929,0.698,9.2584,1.14,1.465548,,,4.427029,0.017193,0,0,2,2035.798865
HD 203608_6,HD 203608,0.526,0.072,0.985,0.486,9.2584,1.14,1.465548,,,0.488474,0.541481,0,0,2,2035.798865
HD 156274 A_3,HD 156274 A,4.433,0.138,1.608,3.519,8.7911,0.9,0.451648,,,4.997789,0.099758,0,0,5,2035.805871
HD 131156 A_0,HD 131156 A,0.922,0.01,2.426,6.027,6.7536,0.96,0.553095,0.134543,289.676837,0.930494,0.305314,1,3,3,2035.811049
HD 131156 A_1,HD 131156 A,1.097,0.147,1.932,4.971,6.7536,0.96,0.553095,,,0.979432,0.018226,0,2,3,2035.811049
HD 10361_1,HD 10361,0.761,0.025,1.303,2.715,8.1965,0.77,0.303879,0.083145,210.05673,0.765897,0.542048,1,3,3,2035.813581
HD 10361_2,HD 10361,0.985,0.066,0.785,0.596,8.1965,0.77,0.303879,,,1.041858,0.080678,0,0,3,2035.813581
HD 10361_3,HD 10361,1.525,0.07,0.586,0.784,8.1965,0.77,0.303879,,,1.539294,0.173749,0,0,3,2035.813581
HD 10361_4,HD 10361,4.037,0.084,0.501,0.084,8.1965,0.77,0.303879,,,4.077534,0.236941,0,0,3,2035.813581
HD 17925_0,HD 17925,1.472,0.037,0.676,0.068,10.3605,0.82,0.400959,,,1.460323,0.28458,0,0,5,2035.814951
HD 17925_2,HD 17925,0.735,0.099,0.938,0.945,10.3605,0.82,0.400959,,,0.708155,0.012141,0,0,5,2035.814951
HD 17925_3,HD 17925,0.561,0.086,1.065,2.041,10.3605,0.82,0.400959,,,0.574011,0.771851,0,0,5,2035.814951
HD 17925_4,HD 17925,0.848,0.062,1.424,1.901,10.3605,0.82,0.400959,,,0.807095,0.008423,0,0,5,2035.814951
HD 17925_6,HD 17925,3.618,0.076,0.719,0.216,10.3605,0.82,0.400959,,,3.771287,0.191539,0,0,5,2035.814951
HD 33262 A_0,HD 33262 A,4.098,0.155,0.949,0.422,11.6927,1.14,1.466223,,,4.726856,0.053765,0,0,3,2035.816737
HD 33262 A_1,HD 33262 A,3.3,0.062,1.368,1.583,11.6927,1.14,1.466223,,,3.302783,0.023476,0,0,3,2035.816737
HD 33262 A_2,HD 33262 A,3.337,0.087,0.965,0.502,11.6927,1.14,1.466223,,,3.623784,0.157827,0,0,3,2035.816737
HD 33262 A_4,HD 33262 A,1.015,0.091,2.255,9.306,11.6927,1.14,1.466223,,,0.934158,0.420829,0,0,3,2035.816737
HD 33262 A_5,HD 33262 A,0.358,0.206,1.487,2.029,11.6927,1.14,1.466223,,,0.365014,0.842375,0,0,3,2035.816737
HD 33262 A_6,HD 33262 A,0.874,0.139,0.646,0.257,11.6927,1.14,1.466223,,,0.84027,0.028889,0,0,3,2035.816737
HD 33262 A_8,HD 33262 A,0.199,0.101,2.893,13.631,11.6927,1.14,1.466223,,,0.215522,0.242027,0,0,3,2035.816737
HD 209100_0,HD 209100,2.433,0.127,0.524,0.078,3.6384,0.72,0.22182,,,2.529354,0.232084,0,0,2,2035.818107
HD 209100_1,HD 209100,1.218,0.094,0.54,0.224,3.6384,0.72,0.22182,,,1.288612,0.079223,0,1,2,2035.818107
HD 209100_2,HD 209100,0.989,0.073,1.925,7.679,3.6384,0.72,0.22182,0.198737,334.519309,0.939354,0.073786,1,2,2,2035.818107
HD 209100_4,HD 209100,3.542,0.022,2.632,11.464,3.6384,0.72,0.22182,0.664859,277.896205,3.469376,0.767601,1,2,2,2035.818107
HD 209100_5,HD 209100,0.635,0.076,0.931,0.965,3.6384,0.72,0.22182,0.151277,259.629099,0.593997,0.173992,1,2,2,2035.818107
HD 209100_6,HD 209100,1.701,0.082,0.885,1.719,3.6384,0.72,0.22182,,,1.56198,0.250483,0,0,2,2035.818107
HD 209100_8,HD 209100,2.097,0.099,2.488,10.973,3.6384,0.72,0.22182,0.412011,183.360308,2.11512,0.765284,1,2,2,2035.818107
HD 209100_9,HD 209100,0.782,0.071,2.297,6.298,3.6384,0.72,0.22182,0.208399,255.607829,0.831415,0.543691,1,2,2,2035.818107
HD 209100_10,HD 209100,0.182,0.056,2.026,7.17,3.6384,0.72,0.22182,,,0.191405,0.242773,0,0,2,2035.818107
HD 209100_11,HD 209100,0.917,0.107,1.174,2.417,3.6384,0.72,0.22182,0.270413,53.845041,1.013781,0.18015,1,2,2,2035.818107
HD 10700_0,HD 10700,1.625,0.099,0.563,0.087,3.6522,0.94,0.505708,,,1.727638,0.150283,0,0,5,2035.820354
HD 55575_0,HD 55575,1.084,0.09,0.727,0.186,16.8518,1.14,1.462851,,,1.043088,0.003214,0,0,3,2035.832292
HD 55575_1,HD 55575,0.133,0.053,0.578,0.677,16.8518,1.14,1.462851,,,0.140019,0.114546,0,0,3,2035.832292
HD 165341 B_1,HD 165341 B,1.256,0.089,0.5,0.053,5.1225,0.78,0.164324,,,1.332056,0.52531,0,0,4,2035.840212
HD 165341 B_2,HD 165341 B,4.082,0.042,1.247,0.85,5.1225,0.78,0.164324,,,4.248065,0.084827,0,0,4,2035.840212
HD 165341 B_3,HD 165341 B,0.1,0.077,0.528,0.124,5.1225,0.78,0.164324,,,0.092385,0.06614,0,0,4,2035.840212
HD 165341 B_4,HD 165341 B,0.76,0.117,1.137,2.374,5.1225,0.78,0.164324,,,0.846934,0.003066,0,1,4,2035.840212
HD 10476_0,HD 10476,0.171,0.07,0.738,0.088,7.6439,0.85,0.453524,,,0.160481,0.041496,0,0,5,2035.845313
HD 90839_0,HD 90839,3.665,0.022,0.781,0.186,12.9452,1.18,1.605092,,,3.662898,0.001846,0,0,3,2035.854335
HD 90839_1,HD 90839,0.191,0.094,1.403,2.751,12.9452,1.18,1.605092,,,0.174598,0.215829,0,0,3,2035.854335
HD 90839_2,HD 90839,3.378,0.112,1.125,1.619,12.9452,1.18,1.605092,,,3.608345,0.549428,0,0,3,2035.854335
HD 90839_5,HD 90839,0.15,0.051,2.273,4.226,12.9452,1.18,1.605092,,,0.144108,0.066912,0,0,3,2035.854335
HD 39091_1,HD 39091,3.12,0.028,1.191,1.952,18.2874,1.08,1.533204,,,3.10004,0.084065,0,0,3,2035.885813
HD 39091_2,HD 39091,2.865,0.029,0.677,0.089,18.2874,1.08,1.533204,,,2.850366,0.220809,0,0,3,2035.885813
HD 39091_3,HD 39091,3.55,0.072,1.069,0.919,18.2874,1.08,1.533204,,,3.763066,0.768219,0,0,3,2035.885813
HD 39091_4,HD 39091,4.534,0.027,1.234,1.811,18.2874,1.08,1.533204,,,4.593745,0.387317,0,0,3,2035.885813
HD 39091_5,HD 39091,1.437,0.051,1.31,1.974,18.2874,1.08,1.533204,,,1.369442,0.197925,0,0,3,2035.885813
HD 39091_6,HD 39091,0.67,0.012,2.604,6.457,18.2874,1.08,1.533204,,,0.677392,0.384458,0,0,3,2035.885813
HD 95128_1,HD 95128,2.285,0.074,0.586,0.282,13.8875,1.07,1.576885,,,2.43731,0.015645,0,0,3,2035.889335
HD 95128_2,HD 95128,4.586,0.035,0.538,0.083,13.8875,1.07,1.576885,,,4.730767,0.004256,0,0,3,2035.889335
HD 95128_3,HD 95128,0.343,0.031,2.771,10.086,13.8875,1.07,1.576885,,,0.350421,0.237475,0,0,3,2035.889335
HD 95128_4,HD 95128,2.15,0.173,1.218,6.511,13.8875,1.07,1.576885,,,2.098471,0.007233,0,0,3,2035.889335
HD 95128_5,HD 95128,0.6,0.105,2.299,8.137,13.8875,1.07,1.576885,,,0.661988,0.589297,0,0,3,2035.889335
HD 95128_6,HD 95128,0.335,0.024,2.419,8.582,13.8875,1.07,1.576885,,,0.328087,0.294759,0,0,3,2035.889335
HD 95128_7,HD 95128,0.847,0.089,1.394,3.129,13.8875,1.07,1.576885,,,0.810021,0.063504,0,0,3,2035.889335
HD 95128_8,HD 95128,0.588,0.034,2.182,8.46,13.8875,1.07,1.576885,,,0.581375,0.787957,0,0,3,2035.889335
HD 16895 A_0,HD 16895 A,3.595,0.047,2.816,7.544,11.1501,1.21,2.246467,,,3.63397,0.220248,0,0,2,2035.898593
HD 16895 A_4,HD 16895 A,4.424,0.091,1.274,1.913,11.1501,1.21,2.246467,,,4.452623,0.00111,0,0,2,2035.898593
HD 16895 A_5,HD 16895 A,1.554,0.05,3.144,9.969,11.1501,1.21,2.246467,0.114102,292.815659,1.590613,0.672813,1,2,2,2035.898593
HD 16895 A_6,HD 16895 A,0.108,0.029,0.508,0.042,11.1501,1.21,2.246467,,,0.107231,0.486894,0,0,2,2035.898593
HD 20630_1,HD 20630,0.648,0.142,1.547,4.726,9.2762,0.98,0.857235,,,0.727851,0.523441,0,0,4,2035.899963
HD 20630_5,HD 20630,1.387,0.083,0.621,0.63,9.2762,0.98,0.857235,,,1.501891,0.431326,0,0,4,2035.899963
HD 86728 A_0,HD 86728 A,0.138,0.113,0.53,0.078,14.9263,1.0,1.377844,,,0.153147,0.973096,0,0,2,2035.901333
HD 86728 A_1,HD 86728 A,1.194,0.049,0.519,0.144,14.9263,1.0,1.377844,,,1.141228,0.607967,0,0,2,2035.901333
HD 86728 A_2,HD 86728 A,1.586,0.024,0.736,0.367,14.9263,1.0,1.377844,,,1.579846,0.664795,0,0,2,2035.901333
HD 86728 A_3,HD 86728 A,0.34,0.077,0.971,1.901,14.9263,1.0,1.377844,,,0.360169,0.14081,0,0,2,2035.901333
HD 86728 A_4,HD 86728 A,3.143,0.15,2.985,16.709,14.9263,1.0,1.377844,0.191799,221.657706,2.843732,0.326232,1,2,2,2035.901333
HD 86728 A_5,HD 86728 A,0.238,0.132,1.155,6.008,14.9263,1.0,1.377844,,,0.251981,0.022584,0,0,2,2035.901333
HD 86728 A_6,HD 86728 A,2.84,0.137,2.462,3.621,14.9263,1.0,1.377844,0.190479,147.469495,3.03689,0.51066,1,2,2,2035.901333
HD 140538 A_0,HD 140538 A,2.088,0.047,0.685,0.069,14.7927,0.94,0.834065,,,2.159855,0.321458,0,0,4,2035.925574
HD 140538 A_1,HD 140538 A,0.512,0.053,2.798,18.338,14.7927,0.94,0.834065,,,0.51827,0.004017,0,0,4,2035.925574
HD 140538 A_2,HD 140538 A,4.137,0.053,0.916,0.304,14.7927,0.94,0.834065,,,3.9889,0.796372,0,0,4,2035.925574
HD 17051_0,HD 17051,1.593,0.055,0.8,0.166,17.3572,1.14,1.737401,,,1.54276,0.368801,0,0,3,2035.928618
HD 17051_1,HD 17051,2.146,0.107,1.035,0.971,17.3572,1.14,1.737401,,,2.308314,0.006881,0,0,3,2035.928618
HD 17051_2,HD 17051,4.311,0.108,1.302,2.591,17.3572,1.14,1.737401,,,4.064493,0.213866,0,0,3,2035.928618
HD 34411_0,HD 34411,0.295,0.082,3.192,8.429,12.5625,1.08,1.731809,,,0.284872,0.411901,0,0,2,2035.938913
HD 34411_1,HD 34411,1.539,0.078,0.897,0.713,12.5625,1.08,1.731809,,,1.578563,0.082479,0,1,2,2035.938913
HD 34411_3,HD 34411,1.691,0.074,0.798,0.808,12.5625,1.08,1.731809,,,1.770217,0.320837,0,0,2,2035.938913
HD 3651 A_0,HD 3651 A,0.818,0.09,1.086,0.195,11.1081,0.86,0.531986,,,0.747368,0.470901,0,0,5,2035.950087
HD 3651 A_3,HD 3651 A,0.106,0.12,3.284,8.237,11.1081,0.86,0.531986,,,0.118695,0.132157,0,0,5,2035.950087
HD 3651 A_5,HD 3651 A,0.552,0.025,0.534,0.148,11.1081,0.86,0.531986,,,0.560518,0.703535,0,0,5,2035.950087
HD 53705_0,HD 53705,0.273,0.081,1.735,2.717,17.0593,1.04,1.489704,,,0.275577,0.124514,0,0,2,2035.95481
HD 53705_1,HD 53705,2.604,0.083,3.306,16.05,17.0593,1.04,1.489704,0.158637,147.499914,2.775677,0.2238,1,2,2,2035.95481
HD 53705_2,HD 53705,1.597,0.089,2.478,13.971,17.0593,1.04,1.489704,0.084027,338.351224,1.567741,0.557884,1,2,2,2035.95481
HD 53705_3,HD 53705,0.715,0.026,1.359,2.038,17.0593,1.04,1.489704,,,0.717017,0.511313,0,0,2,2035.95481
HD 53705_4,HD 53705,0.527,0.092,2.437,10.745,17.0593,1.04,1.489704,,,0.525007,0.286627,0,0,2,2035.95481
HD 72905_1,HD 72905,0.661,0.069,0.5,0.051,14.4388,1.08,0.973195,,,0.668588,0.799687,0,0,4,2035.959596
HD 72905_3,HD 72905,0.899,0.099,2.776,19.234,14.4388,1.08,0.973195,,,0.810283,0.637747,0,0,4,2035.959596
HD 72905_4,HD 72905,0.923,0.214,1.407,2.24,14.4388,1.08,0.973195,,,0.867343,0.89173,0,0,4,2035.959596
HD 72905_5,HD 72905,3.175,0.086,0.525,0.068,14.4388,1.08,0.973195,,,3.230037,0.442856,0,0,4,2035.959596
HD 26965 A_1,HD 26965 A,0.482,0.058,1.38,2.403,5.0098,0.86,0.409732,,,0.456123,0.788301,0,2,4,2035.960966
HD 26965 A_2,HD 26965 A,0.345,0.049,0.5,0.06,5.0098,0.86,0.409732,,,0.361673,0.095813,0,0,4,2035.960966
HD 4391_0,HD 4391,0.363,0.182,1.471,1.692,15.0487,0.98,0.923422,,,0.428153,0.054745,0,0,4,2035.970414
HD 4391_1,HD 4391,1.544,0.114,0.614,0.159,15.0487,0.98,0.923422,,,1.485723,0.02006,0,0,4,2035.970414
HD 4391_2,HD 4391,0.361,0.058,0.863,0.256,15.0487,0.98,0.923422,,,0.366128,0.490228,0,0,4,2035.970414
HD 4391_3,HD 4391,0.102,0.064,0.942,1.344,15.0487,0.98,0.923422,,,0.105135,0.796084,0,0,4,2035.970414
HD 4391_4,HD 4391,0.526,0.038,2.712,11.881,15.0487,0.98,0.923422,,,0.506013,0.074573,0,0,4,2035.970414
HD 20794_0,HD 20794,4.322,0.17,2.962,5.742,6.0414,0.97,0.654335,,,4.105728,0.070605,0,0,5,2035.972141
HD 20794_1,HD 20794,2.398,0.095,1.302,2.525,6.0414,0.97,0.654335,,,2.569061,0.394003,0,0,5,2035.972141
HD 156274 A_3,HD 156274 A,4.433,0.138,1.608,3.519,8.7911,0.9,0.451648,,,5.018672,0.077144,0,0,6,2035.985171
HD 17925_0,HD 17925,1.472,0.037,0.676,0.068,10.3605,0.82,0.400959,,,1.433975,0.427148,0,0,6,2035.986749
HD 17925_2,HD 17925,0.735,0.099,0.938,0.945,10.3605,0.82,0.400959,,,0.800617,0.505082,0,0,6,2035.986749
HD 17925_3,HD 17925,0.561,0.086,1.065,2.041,10.3605,0.82,0.400959,,,0.521593,0.014233,0,0,6,2035.986749
HD 17925_4,HD 17925,0.848,0.062,1.424,1.901,10.3605,0.82,0.400959,,,0.867402,0.09207,0,0,6,2035.986749
HD 17925_6,HD 17925,3.618,0.076,0.719,0.216,10.3605,0.82,0.400959,,,3.800764,0.159463,0,0,6,2035.986749
HD 142373_0,HD 142373,1.268,0.168,0.757,0.148,15.8975,1.08,3.136173,,,1.26668,0.1908,0,0,2,2035.997408
HD 142373_1,HD 142373,1.76,0.092,0.868,0.535,15.8975,1.08,3.136173,,,1.868332,0.479082,0,0,2,2035.997408
HD 142373_2,HD 142373,0.834,0.129,2.923,6.259,15.8975,1.08,3.136173,,,0.887122,0.059325,0,0,2,2035.997408
HD 142373_4,HD 142373,1.161,0.006,1.265,2.536,15.8975,1.08,3.136173,,,1.159796,0.802669,0,0,2,2035.997408
HD 142373_6,HD 142373,4.705,0.105,0.947,0.923,15.8975,1.08,3.136173,,,4.68393,0.124097,0,0,2,2035.997408
HD 142373_7,HD 142373,1.878,0.051,2.611,6.816,15.8975,1.08,3.136173,0.117302,183.673701,1.880066,0.224961,1,2,2,2035.997408
HD 142373_8,HD 142373,3.092,0.053,1.805,7.326,15.8975,1.08,3.136173,0.114842,17.759744,2.940092,0.815902,1,2,2,2035.997408
HD 84117_2,HD 84117,0.48,0.183,0.807,0.707,14.9515,1.14,1.977425,,,0.462999,0.049508,0,0,3,2035.998777
HD 84117_3,HD 84117,2.469,0.127,0.583,0.157,14.9515,1.14,1.977425,,,2.170636,0.113214,0,0,3,2035.998777
HD 84117_5,HD 84117,2.421,0.095,0.605,0.239,14.9515,1.14,1.977425,,,2.396577,0.548871,0,0,3,2035.998777
HD 147513_0,HD 147513,1.541,0.04,0.645,0.152,12.8923,1.07,1.000691,,,1.482641,0.262439,0,0,3,2036.001343
HD 147513_1,HD 147513,1.513,0.099,0.537,0.038,12.8923,1.07,1.000691,,,1.380489,0.172383,0,0,3,2036.001343
HD 147513_2,HD 147513,4.633,0.075,1.379,7.403,12.8923,1.07,1.000691,,,4.288676,0.630596,0,0,3,2036.001343
HD 147513_4,HD 147513,0.196,0.111,0.74,0.096,12.8923,1.07,1.000691,,,0.181766,0.076766,0,0,3,2036.001343
HD 147513_5,HD 147513,4.52,0.075,0.624,0.254,12.8923,1.07,1.000691,,,4.460543,0.216195,0,0,3,2036.001343
HD 147513_6,HD 147513,1.743,0.075,1.796,2.912,12.8923,1.07,1.000691,,,1.853137,0.066062,0,2,3,2036.001343
HD 147513_7,HD 147513,2.47,0.028,0.667,0.174,12.8923,1.07,1.000691,,,2.445394,0.951133,0,0,3,2036.001343
HD 209100_0,HD 209100,2.433,0.127,0.524,0.078,3.6384,0.72,0.22182,,,2.598001,0.143465,0,0,3,2036.002838
HD 209100_1,HD 209100,1.218,0.094,0.54,0.224,3.6384,0.72,0.22182,,,1.212476,0.022843,0,1,3,2036.002838
HD 209100_2,HD 209100,0.989,0.073,1.925,7.679,3.6384,0.72,0.22182,0.206884,255.82564,1.007613,0.059107,1,3,3,2036.002838
HD 209100_4,HD 209100,3.542,0.022,2.632,11.464,3.6384,0.72,0.22182,0.587895,267.642421,3.465955,0.8153,1,3,3,2036.002838
HD 209100_5,HD 209100,0.635,0.076,0.931,0.965,3.6384,0.72,0.22182,0.169056,125.420896,0.631966,0.215069,1,3,3,2036.002838
HD 209100_6,HD 209100,1.701,0.082,0.885,1.719,3.6384,0.72,0.22182,0.410021,123.040949,1.582996,0.521394,1,1,3,2036.002838
HD 209100_8,HD 209100,2.097,0.099,2.488,10.973,3.6384,0.72,0.22182,0.505252,169.586429,2.178646,0.629586,1,3,3,2036.002838
HD 209100_9,HD 209100,0.782,0.071,2.297,6.298,3.6384,0.72,0.22182,0.19369,193.628147,0.766062,0.133315,1,3,3,2036.002838
HD 209100_10,HD 209100,0.182,0.056,2.026,7.17,3.6384,0.72,0.22182,,,0.191208,0.238217,0,0,3,2036.002838
HD 209100_11,HD 209100,0.917,0.107,1.174,2.417,3.6384,0.72,0.22182,,,0.952047,0.062599,0,2,3,2036.002838
HD 693_0,HD 693,1.045,0.058,1.136,2.579,18.8861,1.18,2.997091,,,0.99833,0.110211,0,0,2,2036.010432
HD 693_1,HD 693,0.139,0.106,2.768,7.407,18.8861,1.18,2.997091,,,0.13187,0.203091,0,0,2,2036.010432
HD 693_3,HD 693,1.448,0.069,1.975,3.042,18.8861,1.18,2.997091,,,1.378049,0.039172,0,0,2,2036.010432
HD 693_4,HD 693,1.744,0.105,1.392,2.348,18.8861,1.18,2.997091,0.100751,307.880064,1.904012,0.409094,1,2,2,2036.010432
HD 693_5,HD 693,2.909,0.1,1.423,2.794,18.8861,1.18,2.997091,,,2.660478,0.079043,0,0,2,2036.010432
HD 693_6,HD 693,2.914,0.024,0.574,0.316,18.8861,1.18,2.997091,,,2.918151,0.772151,0,0,2,2036.010432
HD 693_7,HD 693,3.93,0.01,2.298,5.004,18.8861,1.18,2.997091,,,3.955168,0.159507,0,0,2,2036.010432
HD 10700_0,HD 10700,1.625,0.099,0.563,0.087,3.6522,0.94,0.505708,,,1.649144,0.139376,0,0,6,2036.011802
HD 212330 A_0,HD 212330 A,1.747,0.031,3.281,9.208,20.3398,1.02,2.726465,,,1.781448,0.595415,0,1,2,2036.023979
HD 141004_0,HD 141004,2.629,0.092,2.901,8.518,11.9159,1.09,2.003549,,,2.430603,0.001579,0,1,2,2036.025407
HD 141004_1,HD 141004,0.651,0.071,0.654,0.168,11.9159,1.09,2.003549,,,0.637964,0.106526,0,0,2,2036.025407
HD 141004_2,HD 141004,4.426,0.098,1.019,2.941,11.9159,1.09,2.003549,,,4.00855,0.166621,0,0,2,2036.025407
HD 141004_3,HD 141004,4.115,0.06,0.578,0.125,11.9159,1.09,2.003549,,,4.086047,0.244841,0,0,2,2036.025407
HD 141004_4,HD 141004,3.163,0.091,1.732,4.206,11.9159,1.09,2.003549,,,3.432853,0.483782,0,0,2,2036.025407
HD 4614 A_0,HD 4614 A,4.718,0.051,1.358,3.151,5.0098,1.14,1.251988,,,4.888749,0.059941,0,0,2,2036.028556
HD 4614 A_1,HD 4614 A,0.651,0.133,0.728,0.235,5.0098,1.14,1.251988,0.087226,208.166112,0.733752,0.840764,1,1,2,2036.028556
HD 4614 A_2,HD 4614 A,2.584,0.017,1.361,2.842,5.0098,1.14,1.251988,,,2.593153,0.363096,0,1,2,2036.028556
HD 58855_0,HD 58855,3.917,0.055,2.746,11.124,20.4021,1.16,2.444556,0.088376,145.027442,4.132183,0.902384,1,2,2,2036.029925
HD 58855_3,HD 58855,0.12,0.023,0.846,0.314,20.4021,1.16,2.444556,,,0.119697,0.226907,0,0,2,2036.029925
HD 58855_4,HD 58855,1.787,0.062,0.53,0.101,20.4021,1.16,2.444556,,,1.737116,0.001927,0,0,2,2036.029925
HD 58855_5,HD 58855,2.753,0.078,0.74,0.361,20.4021,1.16,2.444556,,,2.640463,0.574115,0,0,2,2036.029925
HD 58855_6,HD 58855,3.408,0.008,0.67,0.197,20.4021,1.16,2.444556,,,3.387513,0.186073,0,0,2,2036.029925
HD 58855_7,HD 58855,0.511,0.017,1.169,2.72,20.4021,1.16,2.444556,,,0.509594,0.013433,0,0,2,2036.029925
HD 58855_8,HD 58855,3.679,0.02,1.665,3.725,20.4021,1.16,2.444556,,,3.637519,0.367719,0,0,2,2036.029925
HD 143761_0,HD 143761,2.268,0.052,0.622,0.131,17.5108,0.97,1.812174,,,2.157161,0.046931,0,0,3,2036.031295
HD 143761_3,HD 143761,0.463,0.017,0.834,0.619,17.5108,0.97,1.812174,,,0.470793,0.127392,0,0,3,2036.031295
HD 143761_4,HD 143761,1.096,0.157,0.808,0.895,17.5108,0.97,1.812174,,,1.264258,0.252954,0,0,3,2036.031295
HD 143761_5,HD 143761,0.834,0.096,1.155,1.684,17.5108,0.97,1.812174,,,0.874711,0.132395,0,0,3,2036.031295
HD 143761_7,HD 143761,2.609,0.089,2.154,12.289,17.5108,0.97,1.812174,,,2.815699,0.004599,0,0,3,2036.031295
HD 10476_0,HD 10476,0.171,0.07,0.738,0.088,7.6439,0.85,0.453524,,,0.179057,0.86154,0,0,6,2036.032665
HD 160691_0,HD 160691,1.46,0.051,0.67,0.675,15.6042,1.0,1.898891,,,1.410633,0.552201,0,0,2,2036.037788
HD 160691_1,HD 160691,0.274,0.085,0.88,0.645,15.6042,1.0,1.898891,,,0.279152,0.347826,0,0,2,2036.037788
HD 160691_2,HD 160691,0.346,0.144,0.58,0.053,15.6042,1.0,1.898891,,,0.391026,0.90568,0,0,2,2036.037788
HD 160691_3,HD 160691,0.123,0.058,0.556,0.091,15.6042,1.0,1.898891,,,0.115992,1e-05,0,0,2,2036.037788
HD 160691_4,HD 160691,2.415,0.073,1.777,2.687,15.6042,1.0,1.898891,,,2.286735,0.002873,0,1,2,2036.037788
HD 160691_6,HD 160691,2.937,0.058,2.424,6.338,15.6042,1.0,1.898891,0.186222,150.543482,2.90406,0.276853,1,1,2,2036.037788
HD 160691_7,HD 160691,3.23,0.098,2.375,5.354,15.6042,1.0,1.898891,,,3.124445,0.007664,0,0,2,2036.037788
HD 109358_0,HD 109358,0.599,0.064,0.661,0.193,8.4727,1.08,1.151065,,,0.594071,0.445273,0,0,4,2036.039158
HD 109358_1,HD 109358,0.313,0.024,1.946,4.835,8.4727,1.08,1.151065,,,0.305617,0.030476,0,0,4,2036.039158
HD 109358_3,HD 109358,0.172,0.066,1.409,1.609,8.4727,1.08,1.151065,,,0.16659,0.49258,0,0,4,2036.039158
HD 109358_4,HD 109358,1.488,0.078,0.58,0.237,8.4727,1.08,1.151065,,,1.532019,0.12498,0,0,4,2036.039158
HD 109358_5,HD 109358,3.968,0.05,3.285,25.806,8.4727,1.08,1.151065,,,3.869347,0.004117,0,0,4,2036.039158
HD 46588 A_0,HD 46588 A,1.961,0.092,1.375,5.123,18.2023,1.18,1.825997,,,2.141266,0.290778,0,1,2,2036.052846
HD 46588 A_2,HD 46588 A,0.149,0.051,1.651,3.767,18.2023,1.18,1.825997,,,0.156512,0.707208,0,0,2,2036.052846
HD 46588 A_4,HD 46588 A,0.634,0.042,1.252,1.899,18.2023,1.18,1.825997,,,0.607462,0.890552,0,0,2,2036.052846
HD 46588 A_5,HD 46588 A,0.119,0.052,0.593,0.101,18.2023,1.18,1.825997,,,0.125133,0.32721,0,0,2,2036.052846
HD 46588 A_6,HD 46588 A,0.647,0.045,2.121,5.747,18.2023,1.18,1.825997,,,0.673128,0.842617,0,0,2,2036.052846
HD 46588 A_7,HD 46588 A,1.085,0.088,1.256,5.584,18.2023,1.18,1.825997,,,0.994449,0.862946,0,0,2,2036.052846
HD 46588 A_8,HD 46588 A,2.008,0.017,0.521,0.08,18.2023,1.18,1.825997,,,1.973874,0.622546,0,0,2,2036.052846
HD 146233_0,HD 146233,0.356,0.047,2.679,8.19,14.1369,1.02,1.094208,,,0.359773,0.010813,0,0,4,2036.05515
HD 146233_1,HD 146233,0.206,0.044,2.032,3.376,14.1369,1.02,1.094208,,,0.206764,0.16783,0,0,4,2036.05515
HD 146233_4,HD 146233,0.539,0.141,1.433,3.682,14.1369,1.02,1.094208,,,0.559817,0.693402,0,0,4,2036.05515
HD 101501_3,HD 101501,0.112,0.069,1.262,2.497,9.5762,0.94,0.608976,,,0.119604,0.255004,0,0,4,2036.06269
HD 101501_7,HD 101501,0.888,0.054,0.887,0.333,9.5762,0.94,0.608976,0.093438,347.470472,0.927389,0.213045,1,3,4,2036.06269
HD 38393_0,HD 38393,0.205,0.072,1.088,1.383,8.905,1.23,2.344229,,,0.214336,0.181946,0,0,3,2036.06441
HD 38393_1,HD 38393,3.39,0.099,0.656,0.073,8.905,1.23,2.344229,,,3.659853,0.015735,0,0,3,2036.06441
HD 38393_3,HD 38393,0.355,0.086,1.549,2.098,8.905,1.23,2.344229,,,0.378977,0.033411,0,0,3,2036.06441
HD 38393_4,HD 38393,4.373,0.052,1.208,1.876,8.905,1.23,2.344229,,,4.162371,0.001801,0,0,3,2036.06441
HD 155885_0,HD 155885,0.424,0.016,1.08,0.365,5.9478,0.85,0.332047,,,0.422829,0.805897,0,0,2,2036.067032
HD 155885_1,HD 155885,0.125,0.137,2.355,7.262,5.9478,0.85,0.332047,,,0.135198,0.917701,0,0,2,2036.067032
HD 155885_4,HD 155885,2.293,0.052,0.991,0.685,5.9478,0.85,0.332047,,,2.379949,0.24069,0,1,2,2036.067032
HD 50692_0,HD 50692,3.95,0.04,2.831,10.297,17.4047,1.08,1.293302,0.234475,95.458134,4.094183,0.315673,1,2,2,2036.075369
HD 50692_1,HD 50692,0.28,0.064,0.734,0.092,17.4047,1.08,1.293302,,,0.26344,0.325539,0,0,2,2036.075369
HD 50692_2,HD 50692,0.513,0.081,1.798,3.652,17.4047,1.08,1.293302,,,0.51479,0.857904,0,0,2,2036.075369
HD 50692_3,HD 50692,0.925,0.032,2.849,9.197,17.4047,1.08,1.293302,,,0.935508,0.003276,0,0,2,2036.075369
HD 10780_0,HD 10780,0.841,0.11,1.077,1.181,10.0411,0.9,0.515941,0.085713,25.503923,0.885021,0.149226,1,1,2,2036.089902
HD 10780_3,HD 10780,2.25,0.098,1.348,1.367,10.0411,0.9,0.515941,,,2.07033,0.010171,0,1,2,2036.089902
HD 10780_4,HD 10780,2.669,0.102,2.513,12.001,10.0411,0.9,0.515941,,,2.73717,0.108327,0,1,2,2036.089902
HD 201092_1,HD 201092,2.708,0.059,2.37,8.514,3.4964,0.63,0.077786,,,2.564971,0.09358,0,1,2,2036.09428
HD 19373_0,HD 19373,0.74,0.034,3.212,9.93,10.5774,1.08,2.230489,,,0.715146,0.045688,0,0,3,2036.102283
HD 19373_2,HD 19373,0.724,0.048,1.483,3.085,10.5774,1.08,2.230489,,,0.699372,0.044094,0,0,3,2036.102283
HD 19373_3,HD 19373,0.676,0.061,1.037,1.075,10.5774,1.08,2.230489,,,0.642891,0.878081,0,0,3,2036.102283
HD 19373_6,HD 19373,0.114,0.04,2.433,8.086,10.5774,1.08,2.230489,,,0.111942,0.640246,0,0,3,2036.102283
HD 19373_7,HD 19373,2.87,0.048,1.622,2.945,10.5774,1.08,2.230489,0.261864,119.457986,2.970198,0.515747,1,1,3,2036.102283
HD 131977_0,HD 131977,2.114,0.033,1.305,3.47,5.8864,0.72,0.222536,,,2.183732,0.252355,0,1,2,2036.106933
HD 4628_0,HD 4628,0.299,0.054,1.741,4.304,7.4352,0.78,0.300193,,,0.314585,0.7618,0,0,2,2036.108303
HD 4628_1,HD 4628,4.258,0.031,1.273,1.784,7.4352,0.78,0.300193,,,4.168717,0.006201,0,0,2,2036.108303
HD 4628_4,HD 4628,4.069,0.034,0.981,0.876,7.4352,0.78,0.300193,,,4.170172,0.283244,0,0,2,2036.108303
HD 4628_5,HD 4628,3.681,0.025,0.897,0.617,7.4352,0.78,0.300193,,,3.596788,0.051799,0,0,2,2036.108303
HD 4628_6,HD 4628,1.476,0.055,1.942,4.324,7.4352,0.78,0.300193,0.182407,81.588714,1.542117,0.598245,1,2,2,2036.108303
HD 88230_0,HD 88230,1.858,0.024,1.413,3.961,4.8706,0.63,0.102754,,,1.901938,0.231113,0,1,2,2036.110322
HD 88230_1,HD 88230,0.369,0.102,2.613,14.391,4.8706,0.63,0.102754,,,0.406433,0.009595,0,0,2,2036.110322
HD 88230_2,HD 88230,0.941,0.058,0.511,0.079,4.8706,0.63,0.102754,,,0.990425,0.402547,0,1,2,2036.110322
HD 88230_3,HD 88230,1.397,0.055,1.541,3.057,4.8706,0.63,0.102754,,,1.32752,0.055831,0,1,2,2036.110322
HD 88230_4,HD 88230,0.683,0.12,0.831,0.221,4.8706,0.63,0.102754,,,0.603466,0.970608,0,0,2,2036.110322
HD 88230_5,HD 88230,2.552,0.09,1.594,2.912,4.8706,0.63,0.102754,,,2.46936,0.225437,0,1,2,2036.110322
HD 88230_6,HD 88230,2.842,0.103,0.661,0.567,4.8706,0.63,0.102754,,,3.128679,0.049045,0,0,2,2036.110322
HD 192310_0,HD 192310,1.267,0.07,0.641,0.14,8.8116,0.77,0.404017,,,1.354305,0.943131,0,0,2,2036.112548
HD 192310_1,HD 192310,1.472,0.082,2.73,7.674,8.8116,0.77,0.404017,0.124282,114.46759,1.357977,0.637051,1,2,2,2036.112548
HD 192310_2,HD 192310,0.631,0.109,2.544,13.411,8.8116,0.77,0.404017,,,0.699212,0.228105,0,0,2,2036.112548
HD 192310_3,HD 192310,0.091,0.084,2.458,12.572,8.8116,0.77,0.404017,,,0.088107,0.61551,0,0,2,2036.112548
HD 156026_0,HD 156026,3.18,0.093,3.171,14.895,5.9537,0.68,0.157507,0.395725,151.442343,3.462006,0.781008,1,2,2,2036.115528
HD 156026_1,HD 156026,0.564,0.081,0.509,0.042,5.9537,0.68,0.157507,0.102736,145.052979,0.6025,0.24966,1,1,2,2036.115528
HD 156026_2,HD 156026,0.423,0.044,0.607,0.379,5.9537,0.68,0.157507,,,0.413351,0.403117,0,0,2,2036.115528
HD 156026_3,HD 156026,1.001,0.06,2.318,7.224,5.9537,0.68,0.157507,0.110115,147.533353,0.962559,0.773562,1,2,2,2036.115528
HD 156026_5,HD 156026,1.693,0.124,2.972,9.407,5.9537,0.68,0.157507,0.269186,105.197333,1.711364,0.507663,1,2,2,2036.115528
HD 149661_2,HD 149661,2.991,0.073,1.285,2.935,9.8939,0.87,0.462168,,,2.905515,0.108374,0,0,2,2036.117049
HD 149661_3,HD 149661,2.364,0.065,0.7,0.315,9.8939,0.87,0.462168,,,2.517254,0.061075,0,0,2,2036.117049
HD 149661_5,HD 149661,3.155,0.051,2.936,7.428,9.8939,0.87,0.462168,,,3.124214,0.07761,0,1,2,2036.117049
HD 100623 A_0,HD 100623 A,4.014,0.105,2.503,8.448,9.559,0.88,0.369999,,,4.041417,0.22424,0,1,2,2036.121892
HD 100623 A_2,HD 100623 A,0.102,0.086,0.559,0.245,9.559,0.88,0.369999,,,0.093435,0.084955,0,0,2,2036.121892
HD 100623 A_3,HD 100623 A,4.384,0.075,1.441,2.214,9.559,0.88,0.369999,,,4.709649,0.96292,0,0,2,2036.121892
HD 100623 A_4,HD 100623 A,2.524,0.072,0.66,0.613,9.559,0.88,0.369999,,,2.68613,0.155535,0,0,2,2036.121892
HD 100623 A_5,HD 100623 A,4.18,0.038,0.734,0.337,9.559,0.88,0.369999,,,4.065892,0.67101,0,0,2,2036.121892
HD 100623 A_6,HD 100623 A,0.362,0.165,0.555,0.359,9.559,0.88,0.369999,,,0.31207,0.850324,0,0,2,2036.121892
HD 100623 A_7,HD 100623 A,4.073,0.068,1.365,1.972,9.559,0.88,0.369999,,,3.819489,0.234534,0,0,2,2036.121892
HD 216803_1,HD 216803,3.539,0.087,2.035,5.879,7.6015,0.72,0.196336,,,3.638206,0.389732,0,1,2,2036.123262
HD 216803_3,HD 216803,0.104,0.044,0.893,0.284,7.6015,0.72,0.196336,,,0.099458,0.518359,0,0,2,2036.123262
HD 216803_4,HD 216803,2.738,0.038,2.631,12.08,7.6015,0.72,0.196336,0.374367,358.269872,2.84166,0.359538,1,2,2,2036.123262
HD 216803_5,HD 216803,0.109,0.06,0.686,0.431,7.6015,0.72,0.196336,,,0.115437,0.483295,0,0,2,2036.123262
HD 216803_6,HD 216803,0.431,0.071,1.431,2.693,7.6015,0.72,0.196336,,,0.442019,0.095246,0,0,2,2036.123262
HD 37394_0,HD 37394,1.839,0.051,0.552,0.164,12.2701,0.88,0.477639,,,1.749121,0.001497,0,0,2,2036.127453
HD 37394_1,HD 37394,0.501,0.058,1.934,5.969,12.2701,0.88,0.477639,,,0.518852,0.624434,0,0,2,2036.127453
HD 37394_3,HD 37394,1.245,0.044,1.502,2.038,12.2701,0.88,0.477639,,,1.198214,0.036725,0,1,2,2036.127453
HD 37394_5,HD 37394,0.152,0.102,1.111,1.488,12.2701,0.88,0.477639,,,0.154773,0.053415,0,0,2,2036.127453
HD 37394_9,HD 37394,0.863,0.077,0.726,0.552,12.2701,0.88,0.477639,,,0.881803,0.0959,0,0,2,2036.127453
HD 37394_10,HD 37394,0.093,0.059,3.205,15.21,12.2701,0.88,0.477639,,,0.098465,0.301418,0,0,2,2036.127453
HD 37394_11,HD 37394,1.171,0.065,2.415,5.91,12.2701,0.88,0.477639,0.091544,125.122411,1.119203,0.198041,1,2,2,2036.127453
HD 37394_15,HD 37394,0.222,0.142,1.093,0.563,12.2701,0.88,0.477639,,,0.247052,0.572694,0,0,2,2036.127453
HD 37394_16,HD 37394,2.623,0.055,2.621,9.008,12.2701,0.88,0.477639,,,2.48601,0.004754,0,1,2,2036.127453
HD 217987_0,HD 217987,3.278,0.032,3.1,17.272,3.2871,0.49,0.036492,0.982289,149.936593,3.338776,0.193631,1,2,2,2036.128823
HD 217987_1,HD 217987,0.104,0.158,2.049,6.333,3.2871,0.49,0.036492,,,0.098332,0.057298,0,0,2,2036.128823
HD 95735_0,HD 95735,0.673,0.041,0.901,1.876,2.5461,0.44,0.019934,,,0.700221,0.010889,0,1,2,2036.130193
HD 95735_2,HD 95735,0.392,0.078,0.638,0.252,2.5461,0.44,0.019934,,,0.400263,0.041694,0,1,2,2036.130193
HD 95735_3,HD 95735,0.164,0.146,0.847,1.655,2.5461,0.44,0.019934,,,0.164775,0.33231,0,0,2,2036.130193
HD 95735_4,HD 95735,2.481,0.023,1.454,2.402,2.5461,0.44,0.019934,,,2.448185,0.186975,0,1,2,2036.130193
HD 95735_6,HD 95735,0.163,0.047,1.008,2.764,2.5461,0.44,0.019934,,,0.155363,0.918735,0,0,2,2036.130193
HD 114710_0,HD 114710,1.415,0.117,0.681,0.147,9.1975,1.11,1.357063,,,1.445617,0.665605,0,0,3,2036.131563
HD 114710_1,HD 114710,0.314,0.116,0.63,1.142,9.1975,1.11,1.357063,,,0.320603,0.208908,0,0,3,2036.131563
HD 114710_2,HD 114710,2.258,0.018,0.683,0.173,9.1975,1.11,1.357063,,,2.274411,0.138157,0,0,3,2036.131563
HD 114710_4,HD 114710,0.861,0.053,0.898,0.439,9.1975,1.11,1.357063,0.09578,250.575984,0.900612,0.484923,1,2,3,2036.131563
HD 114710_5,HD 114710,0.124,0.109,3.108,17.681,9.1975,1.11,1.357063,,,0.125587,0.752411,0,0,3,2036.131563
HD 65907 A_0,HD 65907 A,0.584,0.099,0.585,0.122,16.1718,1.11,1.290031,,,0.635598,0.014866,0,0,4,2036.135403
HD 65907 A_1,HD 65907 A,1.316,0.075,0.982,3.131,16.1718,1.11,1.290031,,,1.334899,0.088692,0,0,4,2036.135403
HD 65907 A_2,HD 65907 A,1.009,0.058,1.202,5.136,16.1718,1.11,1.290031,,,0.956021,0.480792,0,0,4,2036.135403
HD 190360_0,HD 190360,0.922,0.17,1.79,3.759,16.0035,0.96,1.165467,,,0.900829,0.946517,0,0,4,2036.139728
HD 190360_1,HD 190360,3.764,0.081,1.071,1.582,16.0035,0.96,1.165467,,,3.878073,0.180354,0,0,4,2036.139728
HD 190360_3,HD 190360,3.632,0.139,2.733,10.267,16.0035,0.96,1.165467,,,4.136419,0.25508,0,0,4,2036.139728
HD 190360_4,HD 190360,1.735,0.021,0.534,0.045,16.0035,0.96,1.165467,,,1.705973,0.292873,0,0,4,2036.139728
HD 190360_5,HD 190360,0.581,0.08,1.934,2.88,16.0035,0.96,1.165467,,,0.557981,0.467999,0,0,4,2036.139728
HD 190248_1,HD 190248,1.11,0.055,1.408,3.629,6.0993,0.94,1.249971,0.15109,200.931301,1.17049,0.690212,1,2,3,2036.14745
HD 190248_2,HD 190248,3.754,0.072,1.017,1.24,6.0993,0.94,1.249971,,,4.006224,0.413367,0,0,3,2036.14745
HD 190248_3,HD 190248,1.406,0.139,0.51,0.568,6.0993,0.94,1.249971,0.107093,89.648169,1.216134,0.869888,1,1,3,2036.14745
HD 3651 A_0,HD 3651 A,0.818,0.09,1.086,0.195,11.1081,0.86,0.531986,,,0.847029,0.701108,0,0,6,2036.157472
HD 3651 A_3,HD 3651 A,0.106,0.12,3.284,8.237,11.1081,0.86,0.531986,,,0.095979,0.172616,0,0,6,2036.157472
HD 3651 A_5,HD 3651 A,0.552,0.025,0.534,0.148,11.1081,0.86,0.531986,,,0.541891,0.092668,0,0,6,2036.157472
HD 17925_0,HD 17925,1.472,0.037,0.676,0.068,10.3605,0.82,0.400959,,,1.418994,0.555976,0,0,7,2036.158842
HD 17925_2,HD 17925,0.735,0.099,0.938,0.945,10.3605,0.82,0.400959,,,0.77544,0.986686,0,0,7,2036.158842
HD 17925_3,HD 17925,0.561,0.086,1.065,2.041,10.3605,0.82,0.400959,,,0.608013,0.66108,0,0,7,2036.158842
HD 17925_4,HD 17925,0.848,0.062,1.424,1.901,10.3605,0.82,0.400959,,,0.900576,0.596107,0,0,7,2036.158842
HD 17925_6,HD 17925,3.618,0.076,0.719,0.216,10.3605,0.82,0.400959,,,3.826744,0.132083,0,0,7,2036.158842
HD 156274 A_3,HD 156274 A,4.433,0.138,1.608,3.519,8.7911,0.9,0.451648,,,5.033504,0.058052,0,0,7,2036.164471
HD 17206_0,HD 17206,1.742,0.09,0.885,1.25,14.2764,1.21,2.616978,,,1.769685,0.40262,0,0,3,2036.167346
HD 17206_1,HD 17206,0.879,0.039,2.253,5.781,14.2764,1.21,2.616978,,,0.845258,0.912909,0,0,3,2036.167346
HD 17206_2,HD 17206,0.485,0.035,0.762,0.888,14.2764,1.21,2.616978,,,0.495676,0.566862,0,0,3,2036.167346
HD 20630_1,HD 20630,0.648,0.142,1.547,4.726,9.2762,0.98,0.857235,,,0.56663,0.159886,0,0,5,2036.177815
HD 20630_5,HD 20630,1.387,0.083,0.621,0.63,9.2762,0.98,0.857235,,,1.443852,0.24954,0,0,5,2036.177815
HD 203608_0,HD 203608,2.203,0.092,1.79,3.488,9.2584,1.14,1.465548,,,2.380081,0.075566,0,1,3,2036.184032
HD 203608_1,HD 203608,2.342,0.1,0.502,0.104,9.2584,1.14,1.465548,,,2.118185,0.064706,0,0,3,2036.184032
HD 203608_2,HD 203608,2.74,0.062,1.086,1.189,9.2584,1.14,1.465548,,,2.60269,0.082242,0,1,3,2036.184032
HD 203608_5,HD 203608,4.293,0.038,0.929,0.698,9.2584,1.14,1.465548,,,4.44756,0.005118,0,0,3,2036.184032
HD 203608_6,HD 203608,0.526,0.072,0.985,0.486,9.2584,1.14,1.465548,,,0.491089,0.312189,0,0,3,2036.184032
HD 102365_0,HD 102365,1.154,0.024,2.235,11.472,9.3195,1.02,0.843918,0.123503,262.570815,1.1306,0.293079,1,3,3,2036.186285
HD 102365_1,HD 102365,4.021,0.031,1.113,0.834,9.3195,1.02,0.843918,,,4.103395,0.060159,0,0,3,2036.186285
HD 102365_2,HD 102365,0.113,0.031,0.976,0.303,9.3195,1.02,0.843918,,,0.116499,0.868285,0,0,3,2036.186285
HD 20794_0,HD 20794,4.322,0.17,2.962,5.742,6.0414,0.97,0.654335,,,3.991539,0.104058,0,0,6,2036.200209
HD 20794_1,HD 20794,2.398,0.095,1.302,2.525,6.0414,0.97,0.654335,,,2.610427,0.544934,0,0,6,2036.200209
HD 33262 A_0,HD 33262 A,4.098,0.155,0.949,0.422,11.6927,1.14,1.466223,,,4.727948,0.023449,0,0,4,2036.202037
HD 33262 A_1,HD 33262 A,3.3,0.062,1.368,1.583,11.6927,1.14,1.466223,,,3.215996,0.096421,0,0,4,2036.202037
HD 33262 A_2,HD 33262 A,3.337,0.087,0.965,0.502,11.6927,1.14,1.466223,,,3.619403,0.199978,0,0,4,2036.202037
HD 33262 A_4,HD 33262 A,1.015,0.091,2.255,9.306,11.6927,1.14,1.466223,0.093257,358.628319,1.064994,0.408369,1,1,4,2036.202037
HD 33262 A_5,HD 33262 A,0.358,0.206,1.487,2.029,11.6927,1.14,1.466223,,,0.326188,0.905753,0,0,4,2036.202037
HD 33262 A_6,HD 33262 A,0.874,0.139,0.646,0.257,11.6927,1.14,1.466223,,,0.933624,0.900035,0,0,4,2036.202037
HD 33262 A_8,HD 33262 A,0.199,0.101,2.893,13.631,11.6927,1.14,1.466223,,,0.179553,0.83659,0,0,4,2036.202037
HD 10700_0,HD 10700,1.625,0.099,0.563,0.087,3.6522,0.94,0.505708,,,1.559373,0.175039,0,0,7,2036.203407
HD 140538 A_0,HD 140538 A,2.088,0.047,0.685,0.069,14.7927,0.94,0.834065,,,2.114297,0.110661,0,0,5,2036.204777
HD 140538 A_1,HD 140538 A,0.512,0.053,2.798,18.338,14.7927,0.94,0.834065,,,0.538355,0.385198,0,0,5,2036.204777
HD 140538 A_2,HD 140538 A,4.137,0.053,0.916,0.304,14.7927,0.94,0.834065,,,3.958389,0.878392,0,0,5,2036.204777
HD 128621_0,HD 128621,0.181,0.076,0.591,0.281,1.3319,0.94,0.503037,0.132505,18.621174,0.184093,0.540291,1,2,3,2036.21467
HD 128621_1,HD 128621,3.969,0.152,0.756,0.624,1.3319,0.94,0.503037,,,4.224632,0.576277,0,0,3,2036.21467
HD 128621_3,HD 128621,4.377,0.084,0.667,0.424,1.3319,0.94,0.503037,,,4.744408,0.005404,0,0,3,2036.21467
HD 128621_4,HD 128621,1.135,0.055,1.179,1.502,1.3319,0.94,0.503037,0.825068,26.321812,1.139419,0.449411,1,2,3,2036.21467
HD 55575_0,HD 55575,1.084,0.09,0.727,0.186,16.8518,1.14,1.462851,,,1.059521,0.738504,0,0,4,2036.216927
HD 55575_1,HD 55575,0.133,0.053,0.578,0.677,16.8518,1.14,1.462851,,,0.129257,0.85604,0,0,4,2036.216927
HD 10476_0,HD 10476,0.171,0.07,0.738,0.088,7.6439,0.85,0.453524,,,0.170326,0.022648,0,0,7,2036.218297
HD 43386_0,HD 43386,2.541,0.037,0.504,0.177,19.5879,1.33,2.956651,,,2.512654,0.64922,0,0,3,2036.223711
HD 43386_1,HD 43386,1.141,0.101,1.584,2.873,19.5879,1.33,2.956651,,,1.255174,0.024682,0,0,3,2036.223711
HD 43386_3,HD 43386,0.289,0.045,1.072,0.429,19.5879,1.33,2.956651,,,0.299807,0.371484,0,0,3,2036.223711
HD 43042_0,HD 43042,4.095,0.078,0.558,0.185,21.7763,1.29,2.935621,,,3.826513,0.631961,0,0,3,2036.24259
HD 43042_1,HD 43042,0.434,0.11,0.533,0.05,21.7763,1.29,2.935621,,,0.464804,0.028972,0,0,3,2036.24259
HD 43042_3,HD 43042,0.724,0.14,0.733,0.758,21.7763,1.29,2.935621,,,0.750225,0.47905,0,0,3,2036.24259
HD 210302_0,HD 210302,0.937,0.087,1.293,2.482,18.4579,1.25,2.918099,,,0.935602,0.157261,0,0,3,2036.247309
HD 210302_1,HD 210302,0.316,0.034,0.672,0.291,18.4579,1.25,2.918099,,,0.324593,0.699405,0,0,3,2036.247309
HD 210302_2,HD 210302,0.162,0.125,0.82,0.565,18.4579,1.25,2.918099,,,0.143413,0.132668,0,0,3,2036.247309
HD 210302_3,HD 210302,0.925,0.123,2.909,15.97,18.4579,1.25,2.918099,,,0.846891,0.878816,0,0,3,2036.247309
HD 210302_4,HD 210302,1.629,0.122,1.727,5.061,18.4579,1.25,2.918099,,,1.789893,0.103408,0,0,3,2036.247309
HD 72905_1,HD 72905,0.661,0.069,0.5,0.051,14.4388,1.08,0.973195,,,0.677135,0.203264,0,0,5,2036.250694
HD 72905_3,HD 72905,0.899,0.099,2.776,19.234,14.4388,1.08,0.973195,,,0.953783,0.032984,0,0,5,2036.250694
HD 72905_4,HD 72905,0.923,0.214,1.407,2.24,14.4388,1.08,0.973195,,,1.120066,0.119706,0,0,5,2036.250694
HD 72905_5,HD 72905,3.175,0.086,0.525,0.068,14.4388,1.08,0.973195,,,3.3128,0.620963,0,0,5,2036.250694
HD 128167_0,HD 128167,1.283,0.14,1.15,1.29,15.756,1.39,3.181999,,,1.104894,0.464769,0,0,3,2036.252064
HD 128167_2,HD 128167,3.433,0.063,1.328,2.483,15.756,1.39,3.181999,,,3.550959,0.702929,0,0,3,2036.252064
HD 128167_3,HD 128167,4.878,0.117,2.132,5.678,15.756,1.39,3.181999,,,5.086374,0.690527,0,0,3,2036.252064
HD 128167_4,HD 128167,1.323,0.044,1.923,2.477,15.756,1.39,3.181999,,,1.367737,0.097007,0,0,3,2036.252064
HD 90839_0,HD 90839,3.665,0.022,0.781,0.186,12.9452,1.18,1.605092,,,3.693912,0.024464,0,0,4,2036.259643
HD 90839_1,HD 90839,0.191,0.094,1.403,2.751,12.9452,1.18,1.605092,,,0.187394,0.749128,0,0,4,2036.259643
HD 90839_2,HD 90839,3.378,0.112,1.125,1.619,12.9452,1.18,1.605092,,,3.709066,0.374896,0,0,4,2036.259643
HD 90839_5,HD 90839,0.15,0.051,2.273,4.226,12.9452,1.18,1.605092,,,0.156336,0.647173,0,0,4,2036.259643
HD 4391_0,HD 4391,0.363,0.182,1.471,1.692,15.0487,0.98,0.923422,,,0.329086,0.874282,0,0,5,2036.264204
HD 4391_1,HD 4391,1.544,0.114,0.614,0.159,15.0487,0.98,0.923422,,,1.643532,0.194067,0,0,5,2036.264204
HD 4391_2,HD 4391,0.361,0.058,0.863,0.256,15.0487,0.98,0.923422,,,0.376636,0.61359,0,0,5,2036.264204
HD 4391_3,HD 4391,0.102,0.064,0.942,1.344,15.0487,0.98,0.923422,,,0.107775,0.84867,0,0,5,2036.264204
HD 4391_4,HD 4391,0.526,0.038,2.712,11.881,15.0487,0.98,0.923422,,,0.525306,0.754163,0,0,5,2036.264204
HD 142860_0,HD 142860,0.405,0.081,2.385,6.459,11.2537,1.25,3.038785,,,0.379945,0.895316,0,0,3,2036.271875
HD 142860_2,HD 142860,3.184,0.073,1.146,0.989,11.2537,1.25,3.038785,,,3.408985,0.273381,0,0,3,2036.271875
HD 142860_3,HD 142860,0.465,0.068,1.963,1.786,11.2537,1.25,3.038785,,,0.483203,0.155374,0,0,3,2036.271875
HD 142860_5,HD 142860,0.92,0.074,2.443,8.017,11.2537,1.25,3.038785,,,0.967339,0.929484,0,0,3,2036.271875
HD 142860_6,HD 142860,0.627,0.092,3.102,5.436,11.2537,1.25,3.038785,,,0.659469,0.026747,0,0,3,2036.271875
HD 39091_1,HD 39091,3.12,0.028,1.191,1.952,18.2874,1.08,1.533204,,,3.06228,0.159756,0,0,4,2036.295158
HD 39091_2,HD 39091,2.865,0.029,0.677,0.089,18.2874,1.08,1.533204,,,2.895248,0.497975,0,0,4,2036.295158
HD 39091_3,HD 39091,3.55,0.072,1.069,0.919,18.2874,1.08,1.533204,,,3.799967,0.843251,0,0,4,2036.295158
HD 39091_4,HD 39091,4.534,0.027,1.234,1.811,18.2874,1.08,1.533204,,,4.62029,0.254489,0,0,4,2036.295158
HD 39091_5,HD 39091,1.437,0.051,1.31,1.974,18.2874,1.08,1.533204,,,1.465916,0.219856,0,0,4,2036.295158
HD 39091_6,HD 39091,0.67,0.012,2.604,6.457,18.2874,1.08,1.533204,,,0.674454,0.082452,0,0,4,2036.295158
HD 20766_0,HD 20766,1.336,0.161,1.674,3.092,12.0447,1.01,0.794328,,,1.541461,0.090923,0,2,3,2036.304647
HD 20766_1,HD 20766,0.327,0.097,2.659,6.922,12.0447,1.01,0.794328,,,0.352025,0.690981,0,0,3,2036.304647
HD 20766_4,HD 20766,1.915,0.031,0.912,0.441,12.0447,1.01,0.794328,,,1.943335,0.009369,0,1,3,2036.304647
HD 84737_0,HD 84737,0.596,0.087,1.352,1.551,18.8226,1.08,2.795117,,,0.647364,0.117555,0,0,3,2036.306017
HD 84737_1,HD 84737,3.025,0.071,1.189,1.926,18.8226,1.08,2.795117,,,2.962223,0.026662,0,0,3,2036.306017
HD 84737_2,HD 84737,1.078,0.014,1.079,0.698,18.8226,1.08,2.795117,,,1.06291,0.316108,0,0,3,2036.306017
HD 84737_3,HD 84737,3.774,0.025,0.833,0.848,18.8226,1.08,2.795117,,,3.770603,0.013074,0,0,3,2036.306017
HD 84737_4,HD 84737,0.254,0.074,3.133,13.741,18.8226,1.08,2.795117,,,0.258446,0.371985,0,0,3,2036.306017
HD 84737_5,HD 84737,2.993,0.205,0.508,0.086,18.8226,1.08,2.795117,,,3.606262,0.6447,0,0,3,2036.306017
HD 134083_0,HD 134083,0.116,0.07,1.9,7.058,19.536,1.33,3.254618,,,0.108292,0.593422,0,0,3,2036.307387
HD 134083_1,HD 134083,0.36,0.097,1.358,2.746,19.536,1.33,3.254618,,,0.344403,0.49674,0,0,3,2036.307387
HD 134083_3,HD 134083,0.749,0.13,0.881,0.684,19.536,1.33,3.254618,,,0.746537,0.689125,0,0,3,2036.307387
HD 134083_4,HD 134083,0.959,0.114,0.591,0.338,19.536,1.33,3.254618,,,0.914247,0.395792,0,0,3,2036.307387
HD 95128_1,HD 95128,2.285,0.074,0.586,0.282,13.8875,1.07,1.576885,,,2.34584,0.014295,0,0,4,2036.309344
HD 95128_2,HD 95128,4.586,0.035,0.538,0.083,13.8875,1.07,1.576885,,,4.743986,0.002653,0,0,4,2036.309344
HD 95128_3,HD 95128,0.343,0.031,2.771,10.086,13.8875,1.07,1.576885,,,0.340303,0.67793,0,0,4,2036.309344
HD 95128_4,HD 95128,2.15,0.173,1.218,6.511,13.8875,1.07,1.576885,,,1.819041,0.223851,0,0,4,2036.309344
HD 95128_5,HD 95128,0.6,0.105,2.299,8.137,13.8875,1.07,1.576885,,,0.653738,0.588002,0,0,4,2036.309344
HD 95128_6,HD 95128,0.335,0.024,2.419,8.582,13.8875,1.07,1.576885,,,0.330436,0.683456,0,0,4,2036.309344
HD 95128_7,HD 95128,0.847,0.089,1.394,3.129,13.8875,1.07,1.576885,,,0.91031,0.597684,0,0,4,2036.309344
HD 95128_8,HD 95128,0.588,0.034,2.182,8.46,13.8875,1.07,1.576885,,,0.577183,0.766191,0,0,4,2036.309344
HD 17925_0,HD 17925,1.472,0.037,0.676,0.068,10.3605,0.82,0.400959,,,1.420579,0.605053,0,0,8,2036.330641
HD 17925_2,HD 17925,0.735,0.099,0.938,0.945,10.3605,0.82,0.400959,,,0.674183,0.26341,0,0,8,2036.330641
HD 17925_3,HD 17925,0.561,0.086,1.065,2.041,10.3605,0.82,0.400959,,,0.540818,0.45087,0,0,8,2036.330641
HD 17925_4,HD 17925,0.848,0.062,1.424,1.901,10.3605,0.82,0.400959,,,0.867267,0.958362,0,0,8,2036.330641
HD 17925_6,HD 17925,3.618,0.076,0.719,0.216,10.3605,0.82,0.400959,,,3.848767,0.109273,0,0,8,2036.330641
HD 22484_0,HD 22484,0.838,0.146,1.142,1.607,13.9204,1.14,3.067609,,,0.918043,0.07083,0,0,3,2036.343277
HD 22484_1,HD 22484,1.12,0.109,1.996,7.679,13.9204,1.14,3.067609,,,1.240215,0.005419,0,0,3,2036.343277
HD 22484_2,HD 22484,0.469,0.117,1.765,3.166,13.9204,1.14,3.067609,,,0.461032,0.408873,0,0,3,2036.343277
HD 22484_5,HD 22484,4.456,0.081,0.516,0.034,13.9204,1.14,3.067609,,,4.147076,0.138082,0,0,3,2036.343277
HD 22484_7,HD 22484,3.201,0.074,0.943,1.501,13.9204,1.14,3.067609,,,3.142647,0.631622,0,0,3,2036.343277
HD 156274 A_3,HD 156274 A,4.433,0.138,1.608,3.519,8.7911,0.9,0.451648,,,5.042232,0.042178,0,0,8,2036.344647
HD 165499_0,HD 165499,3.777,0.071,0.637,0.161,17.7532,1.08,1.73141,,,3.840288,0.000671,0,0,3,2036.353013
HD 165499_1,HD 165499,0.192,0.04,0.654,0.106,17.7532,1.08,1.73141,,,0.184344,0.94974,0,0,3,2036.353013
HD 165499_3,HD 165499,0.221,0.065,0.75,0.229,17.7532,1.08,1.73141,,,0.229338,0.862826,0,0,3,2036.353013
HD 165499_4,HD 165499,1.569,0.062,3.377,24.497,17.7532,1.08,1.73141,0.085303,168.908079,1.59594,0.399266,1,2,3,2036.353013
HD 128620_0,HD 128620,1.567,0.074,0.945,0.738,1.3319,1.11,1.520898,,,1.571871,0.324475,0,1,3,2036.362958
HD 128620_1,HD 128620,1.266,0.016,1.198,6.221,1.3319,1.11,1.520898,0.79032,101.70447,1.271419,0.655057,1,2,3,2036.362958
HD 3651 A_0,HD 3651 A,0.818,0.09,1.086,0.195,11.1081,0.86,0.531986,,,0.887067,0.187723,0,0,7,2036.364857
HD 3651 A_3,HD 3651 A,0.106,0.12,3.284,8.237,11.1081,0.86,0.531986,,,0.111308,0.661899,0,0,7,2036.364857
HD 3651 A_5,HD 3651 A,0.552,0.025,0.534,0.148,11.1081,0.86,0.531986,,,0.563937,0.51001,0,0,7,2036.364857
HD 30495_0,HD 30495,1.934,0.08,0.989,1.288,13.24,1.04,0.966273,,,1.77928,0.017871,0,1,3,2036.366227
HD 30495_2,HD 30495,0.416,0.06,1.179,0.557,13.24,1.04,0.966273,,,0.391052,0.886654,0,0,3,2036.366227
HD 30495_3,HD 30495,1.848,0.089,0.623,0.48,13.24,1.04,0.966273,,,1.934255,0.018389,0,0,3,2036.366227
HD 17051_0,HD 17051,1.593,0.055,0.8,0.166,17.3572,1.14,1.737401,,,1.519667,0.001244,0,0,4,2036.367597
HD 17051_1,HD 17051,2.146,0.107,1.035,0.971,17.3572,1.14,1.737401,,,2.118218,0.082639,0,0,4,2036.367597
HD 17051_2,HD 17051,4.311,0.108,1.302,2.591,17.3572,1.14,1.737401,,,3.94272,0.097734,0,0,4,2036.367597
HD 109358_0,HD 109358,0.599,0.064,0.661,0.193,8.4727,1.08,1.151065,,,0.637045,0.247257,0,0,5,2036.36931
HD 109358_1,HD 109358,0.313,0.024,1.946,4.835,8.4727,1.08,1.151065,,,0.306109,0.063971,0,0,5,2036.36931
HD 109358_3,HD 109358,0.172,0.066,1.409,1.609,8.4727,1.08,1.151065,,,0.161372,0.865685,0,0,5,2036.36931
HD 109358_4,HD 109358,1.488,0.078,0.58,0.237,8.4727,1.08,1.151065,,,1.403361,0.085107,0,0,5,2036.36931
HD 109358_5,HD 109358,3.968,0.05,3.285,25.806,8.4727,1.08,1.151065,,,3.825428,0.003713,0,0,5,2036.36931
HD 1581_1,HD 1581,1.541,0.046,2.633,10.663,8.6071,1.11,1.261828,0.170123,356.64126,1.499828,0.398203,1,2,3,2036.371941
HD 1581_2,HD 1581,0.181,0.101,0.988,1.538,8.6071,1.11,1.261828,,,0.195394,0.679908,0,0,3,2036.371941
HD 1581_3,HD 1581,1.491,0.126,2.76,10.6,8.6071,1.11,1.261828,0.17952,131.071648,1.590581,0.447212,1,2,3,2036.371941
HD 1581_4,HD 1581,0.208,0.109,2.378,6.033,8.6071,1.11,1.261828,,,0.225426,0.648567,0,0,3,2036.371941
HD 146233_0,HD 146233,0.356,0.047,2.679,8.19,14.1369,1.02,1.094208,,,0.358979,0.804344,0,0,5,2036.382209
HD 146233_1,HD 146233,0.206,0.044,2.032,3.376,14.1369,1.02,1.094208,,,0.206982,0.370423,0,0,5,2036.382209
HD 146233_4,HD 146233,0.539,0.141,1.433,3.682,14.1369,1.02,1.094208,,,0.610626,0.934174,0,0,5,2036.382209
HD 10700_0,HD 10700,1.625,0.099,0.563,0.087,3.6522,0.94,0.505708,,,1.487894,0.271052,0,0,8,2036.394376
HD 20807_0,HD 20807,0.337,0.072,1.793,3.234,12.0394,1.07,1.016951,,,0.358385,0.319815,0,0,3,2036.397676
HD 20807_1,HD 20807,1.546,0.069,0.954,0.846,12.0394,1.07,1.016951,0.113989,0.024312,1.593708,0.596877,1,2,3,2036.397676
HD 20807_2,HD 20807,2.979,0.055,2.038,8.298,12.0394,1.07,1.016951,,,3.138357,0.07498,0,0,3,2036.397676
HD 10476_0,HD 10476,0.171,0.07,0.738,0.088,7.6439,0.85,0.453524,,,0.166165,0.714373,0,0,8,2036.403369
HD 20794_0,HD 20794,4.322,0.17,2.962,5.742,6.0414,0.97,0.654335,,,3.883824,0.150676,0,0,7,2036.428278
HD 20794_1,HD 20794,2.398,0.095,1.302,2.525,6.0414,0.97,0.654335,0.347189,289.717945,2.625757,0.686045,1,1,7,2036.428278
HD 219134_0,HD 219134,1.298,0.068,3.021,11.197,6.5418,0.75,0.265889,0.193085,79.284403,1.323042,0.246935,1,3,3,2036.449527
HD 219134_1,HD 219134,0.107,0.06,0.589,0.114,6.5418,0.75,0.265889,,,0.101624,0.572572,0,0,3,2036.449527
HD 219134_2,HD 219134,0.475,0.085,1.279,2.244,6.5418,0.75,0.265889,,,0.511015,0.688684,0,0,3,2036.449527
HD 219134_3,HD 219134,2.999,0.067,1.913,4.52,6.5418,0.75,0.265889,0.270529,143.257288,3.136972,0.847957,1,1,3,2036.449527
HD 219134_4,HD 219134,0.285,0.083,1.716,4.805,6.5418,0.75,0.265889,,,0.293039,0.354746,0,0,3,2036.449527
HD 219134_5,HD 219134,1.823,0.052,1.09,4.144,6.5418,0.75,0.265889,,,1.760229,0.039859,0,2,3,2036.449527
HD 219134_7,HD 219134,0.986,0.056,2.277,3.449,6.5418,0.75,0.265889,0.144536,168.199488,0.953796,0.188206,1,3,3,2036.449527
HD 20630_1,HD 20630,0.648,0.142,1.547,4.726,9.2762,0.98,0.857235,,,0.737844,0.526212,0,0,6,2036.455666
HD 20630_5,HD 20630,1.387,0.083,0.621,0.63,9.2762,0.98,0.857235,,,1.327551,0.145527,0,0,6,2036.455666
HD 166_0,HD 166,1.592,0.09,1.08,2.182,13.7662,0.94,0.647292,0.091515,308.161535,1.622055,0.685234,1,2,3,2036.471942
HD 166_1,HD 166,0.635,0.021,0.515,0.062,13.7662,0.94,0.647292,,,0.647944,0.077396,0,0,3,2036.471942
HD 84117_2,HD 84117,0.48,0.183,0.807,0.707,14.9515,1.14,1.977425,,,0.544026,0.288687,0,0,4,2036.480974
HD 84117_3,HD 84117,2.469,0.127,0.583,0.157,14.9515,1.14,1.977425,,,2.21666,0.605349,0,0,4,2036.480974
HD 84117_5,HD 84117,2.421,0.095,0.605,0.239,14.9515,1.14,1.977425,,,2.226354,0.305689,0,0,4,2036.480974
HD 140538 A_0,HD 140538 A,2.088,0.047,0.685,0.069,14.7927,0.94,0.834065,,,2.059945,0.014445,0,0,6,2036.482708
HD 140538 A_1,HD 140538 A,0.512,0.053,2.798,18.338,14.7927,0.94,0.834065,,,0.504113,0.953681,0,0,6,2036.482708
HD 140538 A_2,HD 140538 A,4.137,0.053,0.916,0.304,14.7927,0.94,0.834065,,,3.935721,0.930756,0,0,6,2036.482708
HD 65907 A_0,HD 65907 A,0.584,0.099,0.585,0.122,16.1718,1.11,1.290031,,,0.591476,0.180584,0,0,5,2036.490126
HD 65907 A_1,HD 65907 A,1.316,0.075,0.982,3.131,16.1718,1.11,1.290031,,,1.414242,0.015701,0,0,5,2036.490126
HD 65907 A_2,HD 65907 A,1.009,0.058,1.202,5.136,16.1718,1.11,1.290031,,,1.063157,0.163867,0,0,5,2036.490126
HD 190360_0,HD 190360,0.922,0.17,1.79,3.759,16.0035,0.96,1.165467,,,0.888579,0.004141,0,0,5,2036.493188
HD 190360_1,HD 190360,3.764,0.081,1.071,1.582,16.0035,0.96,1.165467,,,3.9533,0.173089,0,0,5,2036.493188
HD 190360_3,HD 190360,3.632,0.139,2.733,10.267,16.0035,0.96,1.165467,0.251384,275.962163,4.122967,0.374044,1,1,5,2036.493188
HD 190360_4,HD 190360,1.735,0.021,0.534,0.045,16.0035,0.96,1.165467,,,1.700441,0.517303,0,0,5,2036.493188
HD 190360_5,HD 190360,0.581,0.08,1.934,2.88,16.0035,0.96,1.165467,,,0.538544,0.01599,0,0,5,2036.493188
HD 23249_0,HD 23249,2.38,0.039,0.804,0.586,9.0888,0.87,2.941034,,,2.371615,0.056866,0,0,3,2036.494999
HD 23249_1,HD 23249,2.348,0.031,1.487,3.029,9.0888,0.87,2.941034,0.249311,290.96017,2.330091,0.453506,1,1,3,2036.494999
HD 10780_0,HD 10780,0.841,0.11,1.077,1.181,10.0411,0.9,0.515941,,,0.808544,0.439704,0,1,3,2036.504461
HD 10780_3,HD 10780,2.25,0.098,1.348,1.367,10.0411,0.9,0.515941,,,2.210405,0.016207,0,1,3,2036.504461
HD 10780_4,HD 10780,2.669,0.102,2.513,12.001,10.0411,0.9,0.515941,,,2.8629,0.144342,0,1,3,2036.504461
HD 7570_0,HD 7570,3.031,0.054,1.134,3.652,15.2609,1.14,2.003549,,,2.900096,0.218876,0,0,3,2036.505831
HD 7570_1,HD 7570,0.15,0.071,0.941,0.218,15.2609,1.14,2.003549,,,0.142232,0.210068,0,0,3,2036.505831
HD 7570_2,HD 7570,1.977,0.063,1.73,3.716,15.2609,1.14,2.003549,0.131449,308.801554,2.032185,0.319786,1,2,3,2036.505831
HD 7570_3,HD 7570,3.034,0.079,1.364,1.913,15.2609,1.14,2.003549,,,2.921648,0.458443,0,0,3,2036.505831
HD 7570_4,HD 7570,0.569,0.099,0.726,0.483,15.2609,1.14,2.003549,,,0.525992,0.555762,0,0,3,2036.505831
HD 26965 A_1,HD 26965 A,0.482,0.058,1.38,2.403,5.0098,0.86,0.409732,,,0.509072,0.046657,0,2,5,2036.508179
HD 26965 A_2,HD 26965 A,0.345,0.049,0.5,0.06,5.0098,0.86,0.409732,,,0.328208,0.633792,0,0,5,2036.508179
HD 143761_0,HD 143761,2.268,0.052,0.622,0.131,17.5108,0.97,1.812174,,,2.16965,0.006776,0,0,4,2036.520922
HD 143761_3,HD 143761,0.463,0.017,0.834,0.619,17.5108,0.97,1.812174,,,0.455574,0.580858,0,0,4,2036.520922
HD 143761_4,HD 143761,1.096,0.157,0.808,0.895,17.5108,0.97,1.812174,,,0.984268,0.747816,0,0,4,2036.520922
HD 143761_5,HD 143761,0.834,0.096,1.155,1.684,17.5108,0.97,1.812174,,,0.870471,0.092175,0,0,4,2036.520922
HD 143761_7,HD 143761,2.609,0.089,2.154,12.289,17.5108,0.97,1.812174,,,2.837075,0.036428,0,0,4,2036.520922
HD 141004_0,HD 141004,2.629,0.092,2.901,8.518,11.9159,1.09,2.003549,,,2.591164,0.021705,0,1,3,2036.523417
HD 141004_1,HD 141004,0.651,0.071,0.654,0.168,11.9159,1.09,2.003549,,,0.635165,0.088943,0,0,3,2036.523417
HD 141004_2,HD 141004,4.426,0.098,1.019,2.941,11.9159,1.09,2.003549,,,3.995045,0.067935,0,0,3,2036.523417
HD 141004_3,HD 141004,4.115,0.06,0.578,0.125,11.9159,1.09,2.003549,,,3.993119,0.402509,0,0,3,2036.523417
HD 141004_4,HD 141004,3.163,0.091,1.732,4.206,11.9159,1.09,2.003549,,,3.3427,0.396599,0,0,3,2036.523417
HD 160691_0,HD 160691,1.46,0.051,0.67,0.675,15.6042,1.0,1.898891,,,1.524277,0.724526,0,0,3,2036.53722
HD 160691_1,HD 160691,0.274,0.085,0.88,0.645,15.6042,1.0,1.898891,,,0.268074,0.255273,0,0,3,2036.53722
HD 160691_2,HD 160691,0.346,0.144,0.58,0.053,15.6042,1.0,1.898891,,,0.29835,0.011565,0,0,3,2036.53722
HD 160691_3,HD 160691,0.123,0.058,0.556,0.091,15.6042,1.0,1.898891,,,0.129209,0.82443,0,0,3,2036.53722
HD 160691_4,HD 160691,2.415,0.073,1.777,2.687,15.6042,1.0,1.898891,,,2.422756,0.142468,0,1,3,2036.53722
HD 160691_6,HD 160691,2.937,0.058,2.424,6.338,15.6042,1.0,1.898891,0.159687,134.968068,2.810626,0.605818,1,2,3,2036.53722
HD 160691_7,HD 160691,3.23,0.098,2.375,5.354,15.6042,1.0,1.898891,,,3.29418,0.071845,0,0,3,2036.53722
HD 72905_1,HD 72905,0.661,0.069,0.5,0.051,14.4388,1.08,0.973195,,,0.633843,0.371793,0,0,6,2036.541792
HD 72905_3,HD 72905,0.899,0.099,2.776,19.234,14.4388,1.08,0.973195,,,0.935225,0.472021,0,0,6,2036.541792
HD 72905_4,HD 72905,0.923,0.214,1.407,2.24,14.4388,1.08,0.973195,,,0.834504,0.046989,0,0,6,2036.541792
HD 72905_5,HD 72905,3.175,0.086,0.525,0.068,14.4388,1.08,0.973195,,,3.379721,0.783204,0,0,6,2036.541792
HD 30652_0,HD 30652,0.357,0.032,0.524,0.119,8.0684,1.25,2.710192,,,0.368339,0.003027,0,0,3,2036.548803
HD 30652_1,HD 30652,3.379,0.099,2.314,9.159,8.0684,1.25,2.710192,,,3.71297,0.034427,0,0,3,2036.548803
HD 30652_2,HD 30652,1.418,0.081,1.563,7.047,8.0684,1.25,2.710192,,,1.429363,0.027728,0,1,3,2036.548803
HD 30652_3,HD 30652,3.27,0.133,2.129,5.731,8.0684,1.25,2.710192,0.410566,116.259079,3.690503,0.572183,1,1,3,2036.548803
HD 30652_4,HD 30652,2.754,0.119,2.49,10.16,8.0684,1.25,2.710192,0.220679,335.866248,2.604713,0.76684,1,1,3,2036.548803
HD 165341 B_1,HD 165341 B,1.256,0.089,0.5,0.053,5.1225,0.78,0.164324,,,1.163612,0.181129,0,0,5,2036.550985
HD 165341 B_2,HD 165341 B,4.082,0.042,1.247,0.85,5.1225,0.78,0.164324,,,4.249749,0.208435,0,0,5,2036.550985
HD 165341 B_3,HD 165341 B,0.1,0.077,0.528,0.124,5.1225,0.78,0.164324,,,0.101918,0.080436,0,0,5,2036.550985
HD 165341 B_4,HD 165341 B,0.76,0.117,1.137,2.374,5.1225,0.78,0.164324,,,0.848617,0.016189,0,1,5,2036.550985
HD 4391_0,HD 4391,0.363,0.182,1.471,1.692,15.0487,0.98,0.923422,,,0.349977,0.07592,0,0,6,2036.557995
HD 4391_1,HD 4391,1.544,0.114,0.614,0.159,15.0487,0.98,0.923422,,,1.71913,0.548532,0,0,6,2036.557995
HD 4391_2,HD 4391,0.361,0.058,0.863,0.256,15.0487,0.98,0.923422,,,0.34068,0.040968,0,0,6,2036.557995
HD 4391_3,HD 4391,0.102,0.064,0.942,1.344,15.0487,0.98,0.923422,,,0.108501,0.714266,0,0,6,2036.557995
HD 4391_4,HD 4391,0.526,0.038,2.712,11.881,15.0487,0.98,0.923422,,,0.545766,0.758975,0,0,6,2036.557995
HD 3651 A_0,HD 3651 A,0.818,0.09,1.086,0.195,11.1081,0.86,0.531986,,,0.791885,0.049677,0,0,8,2036.572242
HD 3651 A_3,HD 3651 A,0.106,0.12,3.284,8.237,11.1081,0.86,0.531986,,,0.111493,0.001708,0,0,8,2036.572242
HD 3651 A_5,HD 3651 A,0.552,0.025,0.534,0.148,11.1081,0.86,0.531986,,,0.539052,0.219973,0,0,8,2036.572242
HD 38393_0,HD 38393,0.205,0.072,1.088,1.383,8.905,1.23,2.344229,,,0.215701,0.015344,0,0,4,2036.59182
HD 38393_1,HD 38393,3.39,0.099,0.656,0.073,8.905,1.23,2.344229,,,3.513965,0.019767,0,0,4,2036.59182
HD 38393_3,HD 38393,0.355,0.086,1.549,2.098,8.905,1.23,2.344229,,,0.37791,0.226151,0,0,4,2036.59182
HD 38393_4,HD 38393,4.373,0.052,1.208,1.876,8.905,1.23,2.344229,,,4.215589,0.021065,0,0,4,2036.59182
HD 55575_0,HD 55575,1.084,0.09,0.727,0.186,16.8518,1.14,1.462851,,,1.175829,0.497374,0,0,5,2036.601562
HD 55575_1,HD 55575,0.133,0.053,0.578,0.677,16.8518,1.14,1.462851,,,0.131511,0.064787,0,0,5,2036.601562
HD 187691 A_0,HD 187691 A,3.127,0.076,1.475,4.454,19.4881,1.25,2.834654,,,3.364402,0.270488,0,0,3,2036.624375
HD 187691 A_1,HD 187691 A,2.61,0.091,1.018,1.386,19.4881,1.25,2.834654,,,2.53433,0.853589,0,0,3,2036.624375
HD 187691 A_2,HD 187691 A,3.249,0.037,0.764,1.364,19.4881,1.25,2.834654,,,3.235265,0.202436,0,0,3,2036.624375
HD 187691 A_3,HD 187691 A,2.018,0.038,2.654,10.557,19.4881,1.25,2.834654,0.099283,80.016132,1.993459,0.43713,1,2,3,2036.624375
HD 156026_0,HD 156026,3.18,0.093,3.171,14.895,5.9537,0.68,0.157507,0.27317,119.139424,3.472971,0.897854,1,3,3,2036.644754
HD 156026_1,HD 156026,0.564,0.081,0.509,0.042,5.9537,0.68,0.157507,,,0.606373,0.182747,0,1,3,2036.644754
HD 156026_2,HD 156026,0.423,0.044,0.607,0.379,5.9537,0.68,0.157507,,,0.424774,0.413433,0,0,3,2036.644754
HD 156026_3,HD 156026,1.001,0.06,2.318,7.224,5.9537,0.68,0.157507,0.151594,5.928797,1.056275,0.103705,1,3,3,2036.644754
HD 156026_5,HD 156026,1.693,0.124,2.972,9.407,5.9537,0.68,0.157507,0.227931,33.959463,1.494403,0.144513,1,3,3,2036.644754
HD 10361_1,HD 10361,0.761,0.025,1.303,2.715,8.1965,0.77,0.303879,0.090208,189.364098,0.752333,0.217361,1,4,4,2036.657587
HD 10361_2,HD 10361,0.985,0.066,0.785,0.596,8.1965,0.77,0.303879,0.090563,100.341712,0.957886,0.700599,1,1,4,2036.657587
HD 10361_3,HD 10361,1.525,0.07,0.586,0.784,8.1965,0.77,0.303879,,,1.457892,0.369394,0,0,4,2036.657587
HD 10361_4,HD 10361,4.037,0.084,0.501,0.084,8.1965,0.77,0.303879,,,4.249077,0.062872,0,0,4,2036.657587
HD 90839_0,HD 90839,3.665,0.022,0.781,0.186,12.9452,1.18,1.605092,,,3.720342,0.095302,0,0,5,2036.664951
HD 90839_1,HD 90839,0.191,0.094,1.403,2.751,12.9452,1.18,1.605092,,,0.20863,0.330702,0,0,5,2036.664951
HD 90839_2,HD 90839,3.378,0.112,1.125,1.619,12.9452,1.18,1.605092,,,3.754354,0.227789,0,0,5,2036.664951
HD 90839_5,HD 90839,0.15,0.051,2.273,4.226,12.9452,1.18,1.605092,,,0.14376,0.077781,0,0,5,2036.664951
HD 212330 A_0,HD 212330 A,1.747,0.031,3.281,9.208,20.3398,1.02,2.726465,,,1.782553,0.014796,0,1,3,2036.673098
HD 95735_0,HD 95735,0.673,0.041,0.901,1.876,2.5461,0.44,0.019934,0.207095,291.535384,0.664942,0.693045,1,2,3,2036.687763
HD 95735_2,HD 95735,0.392,0.078,0.638,0.252,2.5461,0.44,0.019934,,,0.38697,0.892642,0,1,3,2036.687763
HD 95735_3,HD 95735,0.164,0.146,0.847,1.655,2.5461,0.44,0.019934,,,0.158784,0.282235,0,0,3,2036.687763
HD 95735_4,HD 95735,2.481,0.023,1.454,2.402,2.5461,0.44,0.019934,,,2.427448,0.030374,0,1,3,2036.687763
HD 95735_6,HD 95735,0.163,0.047,1.008,2.764,2.5461,0.44,0.019934,,,0.167944,0.011935,0,0,3,2036.687763
HD 109358_0,HD 109358,0.599,0.064,0.661,0.193,8.4727,1.08,1.151065,,,0.604097,0.201133,0,0,6,2036.699463
HD 109358_1,HD 109358,0.313,0.024,1.946,4.835,8.4727,1.08,1.151065,,,0.306942,0.116375,0,0,6,2036.699463
HD 109358_3,HD 109358,0.172,0.066,1.409,1.609,8.4727,1.08,1.151065,,,0.174056,0.245659,0,0,6,2036.699463
HD 109358_4,HD 109358,1.488,0.078,0.58,0.237,8.4727,1.08,1.151065,,,1.387648,0.400604,0,0,6,2036.699463
HD 109358_5,HD 109358,3.968,0.05,3.285,25.806,8.4727,1.08,1.151065,,,3.792458,0.014313,0,0,6,2036.699463
HD 39091_1,HD 39091,3.12,0.028,1.191,1.952,18.2874,1.08,1.533204,,,3.038017,0.296124,0,0,5,2036.704503
HD 39091_2,HD 39091,2.865,0.029,0.677,0.089,18.2874,1.08,1.533204,,,2.930826,0.791547,0,0,5,2036.704503
HD 39091_3,HD 39091,3.55,0.072,1.069,0.919,18.2874,1.08,1.533204,,,3.802228,0.840619,0,0,5,2036.704503
HD 39091_4,HD 39091,4.534,0.027,1.234,1.811,18.2874,1.08,1.533204,,,4.640388,0.148942,0,0,5,2036.704503
HD 39091_5,HD 39091,1.437,0.051,1.31,1.974,18.2874,1.08,1.533204,0.081697,271.342447,1.506497,0.445718,1,1,5,2036.704503
HD 39091_6,HD 39091,0.67,0.012,2.604,6.457,18.2874,1.08,1.533204,,,0.664136,0.167417,0,0,5,2036.704503
HD 146233_0,HD 146233,0.356,0.047,2.679,8.19,14.1369,1.02,1.094208,,,0.349423,0.049165,0,0,6,2036.709268
HD 146233_1,HD 146233,0.206,0.044,2.032,3.376,14.1369,1.02,1.094208,,,0.204857,0.241897,0,0,6,2036.709268
HD 146233_4,HD 146233,0.539,0.141,1.433,3.682,14.1369,1.02,1.094208,,,0.602734,0.698223,0,0,6,2036.709268
HD 4628_0,HD 4628,0.299,0.054,1.741,4.304,7.4352,0.78,0.300193,,,0.300912,0.037852,0,0,3,2036.715833
HD 4628_1,HD 4628,4.258,0.031,1.273,1.784,7.4352,0.78,0.300193,,,4.138263,0.029194,0,0,3,2036.715833
HD 4628_4,HD 4628,4.069,0.034,0.981,0.876,7.4352,0.78,0.300193,,,4.125071,0.288281,0,0,3,2036.715833
HD 4628_5,HD 4628,3.681,0.025,0.897,0.617,7.4352,0.78,0.300193,,,3.623943,0.005435,0,0,3,2036.715833
HD 4628_6,HD 4628,1.476,0.055,1.942,4.324,7.4352,0.78,0.300193,,,1.411044,0.005943,0,2,3,2036.715833
HD 128621_0,HD 128621,0.181,0.076,0.591,0.281,1.3319,0.94,0.503037,0.119842,228.642571,0.190609,0.63591,1,3,4,2036.717211
HD 128621_1,HD 128621,3.969,0.152,0.756,0.624,1.3319,0.94,0.503037,,,4.399118,0.648899,0,0,4,2036.717211
HD 128621_3,HD 128621,4.377,0.084,0.667,0.424,1.3319,0.94,0.503037,,,4.73125,0.020217,0,0,4,2036.717211
HD 128621_4,HD 128621,1.135,0.055,1.179,1.502,1.3319,0.94,0.503037,,,1.172065,0.091913,0,2,4,2036.717211
HD 95128_1,HD 95128,2.285,0.074,0.586,0.282,13.8875,1.07,1.576885,,,2.215453,0.148571,0,0,5,2036.729354
HD 95128_2,HD 95128,4.586,0.035,0.538,0.083,13.8875,1.07,1.576885,,,4.745845,0.008294,0,0,5,2036.729354
HD 95128_3,HD 95128,0.343,0.031,2.771,10.086,13.8875,1.07,1.576885,,,0.332712,0.814798,0,0,5,2036.729354
HD 95128_4,HD 95128,2.15,0.173,1.218,6.511,13.8875,1.07,1.576885,,,1.835437,0.84099,0,0,5,2036.729354
HD 95128_5,HD 95128,0.6,0.105,2.299,8.137,13.8875,1.07,1.576885,,,0.637881,0.551222,0,0,5,2036.729354
HD 95128_6,HD 95128,0.335,0.024,2.419,8.582,13.8875,1.07,1.576885,,,0.341109,0.388736,0,0,5,2036.729354
HD 95128_7,HD 95128,0.847,0.089,1.394,3.129,13.8875,1.07,1.576885,,,0.774745,0.151831,0,0,5,2036.729354
HD 95128_8,HD 95128,0.588,0.034,2.182,8.46,13.8875,1.07,1.576885,,,0.573558,0.7142,0,0,5,2036.729354
HD 20630_1,HD 20630,0.648,0.142,1.547,4.726,9.2762,0.98,0.857235,,,0.556357,0.156386,0,0,7,2036.733518
HD 20630_5,HD 20630,1.387,0.083,0.621,0.63,9.2762,0.98,0.857235,,,1.272576,0.228889,0,0,7,2036.733518
HD 115617_0,HD 115617,1.956,0.004,0.732,1.017,8.5344,0.97,0.825468,,,1.953887,0.490188,0,0,3,2036.734888
HD 115617_1,HD 115617,0.76,0.09,2.931,6.157,8.5344,0.97,0.825468,,,0.785031,0.008452,0,0,3,2036.734888
HD 115617_2,HD 115617,0.621,0.047,0.562,0.059,8.5344,0.97,0.825468,,,0.593654,0.194928,0,0,3,2036.734888
HD 115617_3,HD 115617,0.199,0.073,3.38,12.207,8.5344,0.97,0.825468,,,0.211645,0.805796,0,0,3,2036.734888
HD 115617_4,HD 115617,2.599,0.104,0.763,0.174,8.5344,0.97,0.825468,,,2.622035,0.625227,0,0,3,2036.734888
HD 115617_5,HD 115617,2.098,0.045,1.487,3.177,8.5344,0.97,0.825468,,,2.188071,0.066033,0,2,3,2036.734888
HD 115617_6,HD 115617,3.003,0.084,0.942,0.936,8.5344,0.97,0.825468,,,3.21672,0.322484,0,0,3,2036.734888
HD 17206_0,HD 17206,1.742,0.09,0.885,1.25,14.2764,1.21,2.616978,,,1.894554,0.185523,0,0,4,2036.744855
HD 17206_1,HD 17206,0.879,0.039,2.253,5.781,14.2764,1.21,2.616978,,,0.870014,0.290043,0,0,4,2036.744855
HD 17206_2,HD 17206,0.485,0.035,0.762,0.888,14.2764,1.21,2.616978,,,0.501744,0.902858,0,0,4,2036.744855
HD 140538 A_0,HD 140538 A,2.088,0.047,0.685,0.069,14.7927,0.94,0.834065,,,2.01328,0.001352,0,0,7,2036.760639
HD 140538 A_1,HD 140538 A,0.512,0.053,2.798,18.338,14.7927,0.94,0.834065,,,0.487706,0.15643,0,0,7,2036.760639
HD 140538 A_2,HD 140538 A,4.137,0.053,0.916,0.304,14.7927,0.94,0.834065,,,3.921933,0.945295,0,0,7,2036.760639
HD 192310_0,HD 192310,1.267,0.07,0.641,0.14,8.8116,0.77,0.404017,,,1.209266,0.008332,0,0,3,2036.764823
HD 192310_1,HD 192310,1.472,0.082,2.73,7.674,8.8116,0.77,0.404017,0.181589,346.76978,1.559192,0.340593,1,3,3,2036.764823
HD 192310_2,HD 192310,0.631,0.109,2.544,13.411,8.8116,0.77,0.404017,,,0.68435,0.427438,0,0,3,2036.764823
HD 192310_3,HD 192310,0.091,0.084,2.458,12.572,8.8116,0.77,0.404017,,,0.086327,0.494191,0,0,3,2036.764823
HD 34411_0,HD 34411,0.295,0.082,3.192,8.429,12.5625,1.08,1.731809,,,0.317644,0.315703,0,0,3,2036.802483
HD 34411_1,HD 34411,1.539,0.078,0.897,0.713,12.5625,1.08,1.731809,,,1.53944,0.443131,0,1,3,2036.802483
HD 34411_3,HD 34411,1.691,0.074,0.798,0.808,12.5625,1.08,1.731809,,,1.694042,0.076841,0,0,3,2036.802483
HD 17051_0,HD 17051,1.593,0.055,0.8,0.166,17.3572,1.14,1.737401,,,1.633937,0.257086,0,0,5,2036.805193
HD 17051_1,HD 17051,2.146,0.107,1.035,0.971,17.3572,1.14,1.737401,,,1.939894,0.499103,0,0,5,2036.805193
HD 17051_2,HD 17051,4.311,0.108,1.302,2.591,17.3572,1.14,1.737401,,,3.865641,0.032087,0,0,5,2036.805193
HD 43386_0,HD 43386,2.541,0.037,0.504,0.177,19.5879,1.33,2.956651,,,2.448115,0.979252,0,0,4,2036.827348
HD 43386_1,HD 43386,1.141,0.101,1.584,2.873,19.5879,1.33,2.956651,,,1.04984,0.897624,0,0,4,2036.827348
HD 43386_3,HD 43386,0.289,0.045,1.072,0.429,19.5879,1.33,2.956651,,,0.277317,0.307751,0,0,4,2036.827348
HD 72905_1,HD 72905,0.661,0.069,0.5,0.051,14.4388,1.08,0.973195,,,0.702043,0.560009,0,0,7,2036.83289
HD 72905_3,HD 72905,0.899,0.099,2.776,19.234,14.4388,1.08,0.973195,,,0.815812,0.436332,0,0,7,2036.83289
HD 72905_4,HD 72905,0.923,0.214,1.407,2.24,14.4388,1.08,0.973195,,,0.897537,0.835517,0,0,7,2036.83289
HD 72905_5,HD 72905,3.175,0.086,0.525,0.068,14.4388,1.08,0.973195,,,3.42545,0.908421,0,0,7,2036.83289
HD 26965 A_1,HD 26965 A,0.482,0.058,1.38,2.403,5.0098,0.86,0.409732,,,0.501036,0.037214,0,2,6,2036.834844
HD 26965 A_2,HD 26965 A,0.345,0.049,0.5,0.06,5.0098,0.86,0.409732,,,0.361795,0.097445,0,0,6,2036.834844
HD 165341 B_1,HD 165341 B,1.256,0.089,0.5,0.053,5.1225,0.78,0.164324,,,1.279098,0.052864,0,0,6,2036.841211
HD 165341 B_2,HD 165341 B,4.082,0.042,1.247,0.85,5.1225,0.78,0.164324,,,4.240193,0.278266,0,0,6,2036.841211
HD 165341 B_3,HD 165341 B,0.1,0.077,0.528,0.124,5.1225,0.78,0.164324,,,0.098964,0.021799,0,0,6,2036.841211
HD 165341 B_4,HD 165341 B,0.76,0.117,1.137,2.374,5.1225,0.78,0.164324,0.13641,78.031567,0.704287,0.392772,1,2,6,2036.841211
HD 65907 A_0,HD 65907 A,0.584,0.099,0.585,0.122,16.1718,1.11,1.290031,,,0.537433,0.69618,0,0,6,2036.84485
HD 65907 A_1,HD 65907 A,1.316,0.075,0.982,3.131,16.1718,1.11,1.290031,,,1.314704,0.473229,0,0,6,2036.84485
HD 65907 A_2,HD 65907 A,1.009,0.058,1.202,5.136,16.1718,1.11,1.290031,,,0.992848,0.382542,0,0,6,2036.84485
HD 4391_0,HD 4391,0.363,0.182,1.471,1.692,15.0487,0.98,0.923422,,,0.428715,0.045401,0,0,7,2036.851786
HD 4391_1,HD 4391,1.544,0.114,0.614,0.159,15.0487,0.98,0.923422,,,1.671397,0.861006,0,0,7,2036.851786
HD 4391_2,HD 4391,0.361,0.058,0.863,0.256,15.0487,0.98,0.923422,,,0.36913,0.549671,0,0,7,2036.851786
HD 4391_3,HD 4391,0.102,0.064,0.942,1.344,15.0487,0.98,0.923422,,,0.107127,0.475211,0,0,7,2036.851786
HD 4391_4,HD 4391,0.526,0.038,2.712,11.881,15.0487,0.98,0.923422,,,0.531405,0.115277,0,0,7,2036.851786
HD 43042_0,HD 43042,4.095,0.078,0.558,0.185,21.7763,1.29,2.935621,,,3.957715,0.762258,0,0,4,2036.853156
HD 43042_1,HD 43042,0.434,0.11,0.533,0.05,21.7763,1.29,2.935621,,,0.394354,0.866828,0,0,4,2036.853156
HD 43042_3,HD 43042,0.724,0.14,0.733,0.758,21.7763,1.29,2.935621,,,0.671111,0.13482,0,0,4,2036.853156
HD 210302_0,HD 210302,0.937,0.087,1.293,2.482,18.4579,1.25,2.918099,,,0.855558,0.348167,0,0,4,2036.863863
HD 210302_1,HD 210302,0.316,0.034,0.672,0.291,18.4579,1.25,2.918099,,,0.326689,0.940698,0,0,4,2036.863863
HD 210302_2,HD 210302,0.162,0.125,0.82,0.565,18.4579,1.25,2.918099,,,0.17177,0.318507,0,0,4,2036.863863
HD 210302_3,HD 210302,0.925,0.123,2.909,15.97,18.4579,1.25,2.918099,,,0.994871,0.374067,0,0,4,2036.863863
HD 210302_4,HD 210302,1.629,0.122,1.727,5.061,18.4579,1.25,2.918099,,,1.446498,0.901627,0,0,4,2036.863863
HD 58855_0,HD 58855,3.917,0.055,2.746,11.124,20.4021,1.16,2.444556,0.161184,105.865815,4.075649,0.647181,1,3,3,2036.865233
HD 58855_3,HD 58855,0.12,0.023,0.846,0.314,20.4021,1.16,2.444556,,,0.121704,0.206766,0,0,3,2036.865233
HD 58855_4,HD 58855,1.787,0.062,0.53,0.101,20.4021,1.16,2.444556,,,1.894118,0.531888,0,0,3,2036.865233
HD 58855_5,HD 58855,2.753,0.078,0.74,0.361,20.4021,1.16,2.444556,,,2.548402,0.044715,0,0,3,2036.865233
HD 58855_6,HD 58855,3.408,0.008,0.67,0.197,20.4021,1.16,2.444556,,,3.381199,0.515339,0,0,3,2036.865233
HD 58855_7,HD 58855,0.511,0.017,1.169,2.72,20.4021,1.16,2.444556,,,0.510742,0.938707,0,0,3,2036.865233
HD 58855_8,HD 58855,3.679,0.02,1.665,3.725,20.4021,1.16,2.444556,,,3.606329,0.783956,0,0,3,2036.865233
HD 128167_0,HD 128167,1.283,0.14,1.15,1.29,15.756,1.39,3.181999,0.086441,91.826059,1.462241,0.232318,1,1,4,2036.875969
HD 128167_2,HD 128167,3.433,0.063,1.328,2.483,15.756,1.39,3.181999,,,3.639521,0.845846,0,0,4,2036.875969
HD 128167_3,HD 128167,4.878,0.117,2.132,5.678,15.756,1.39,3.181999,,,4.851041,0.840379,0,0,4,2036.875969
HD 128167_4,HD 128167,1.323,0.044,1.923,2.477,15.756,1.39,3.181999,,,1.28506,0.519306,0,0,4,2036.875969
HD 101501_3,HD 101501,0.112,0.069,1.262,2.497,9.5762,0.94,0.608976,,,0.113968,0.019828,0,0,5,2036.889066
HD 101501_7,HD 101501,0.888,0.054,0.887,0.333,9.5762,0.94,0.608976,,,0.933114,0.122991,0,3,5,2036.889066
HD 20807_0,HD 20807,0.337,0.072,1.793,3.234,12.0394,1.07,1.016951,,,0.314655,0.660396,0,0,4,2036.897199
HD 20807_1,HD 20807,1.546,0.069,0.954,0.846,12.0394,1.07,1.016951,0.091569,240.334473,1.640263,0.787328,1,3,4,2036.897199
HD 20807_2,HD 20807,2.979,0.055,2.038,8.298,12.0394,1.07,1.016951,,,3.088604,0.239522,0,0,4,2036.897199
HD 16895 A_0,HD 16895 A,3.595,0.047,2.816,7.544,11.1501,1.21,2.246467,0.29839,137.169893,3.474488,0.480888,1,1,3,2036.898569
HD 16895 A_4,HD 16895 A,4.424,0.091,1.274,1.913,11.1501,1.21,2.246467,,,4.709207,0.014263,0,0,3,2036.898569
HD 16895 A_5,HD 16895 A,1.554,0.05,3.144,9.969,11.1501,1.21,2.246467,,,1.556308,0.027107,0,2,3,2036.898569
HD 16895 A_6,HD 16895 A,0.108,0.029,0.508,0.042,11.1501,1.21,2.246467,,,0.111016,0.005458,0,0,3,2036.898569
HD 86728 A_0,HD 86728 A,0.138,0.113,0.53,0.078,14.9263,1.0,1.377844,,,0.123586,0.007408,0,0,3,2036.900828
HD 86728 A_1,HD 86728 A,1.194,0.049,0.519,0.144,14.9263,1.0,1.377844,,,1.166892,0.660626,0,0,3,2036.900828
HD 86728 A_2,HD 86728 A,1.586,0.024,0.736,0.367,14.9263,1.0,1.377844,,,1.59386,0.086764,0,0,3,2036.900828
HD 86728 A_3,HD 86728 A,0.34,0.077,0.971,1.901,14.9263,1.0,1.377844,,,0.354629,0.192238,0,0,3,2036.900828
HD 86728 A_4,HD 86728 A,3.143,0.15,2.985,16.709,14.9263,1.0,1.377844,,,3.351445,0.030568,0,2,3,2036.900828
HD 86728 A_5,HD 86728 A,0.238,0.132,1.155,6.008,14.9263,1.0,1.377844,,,0.211513,0.671154,0,0,3,2036.900828
HD 86728 A_6,HD 86728 A,2.84,0.137,2.462,3.621,14.9263,1.0,1.377844,,,3.225511,0.114335,0,2,3,2036.900828
HD 114710_0,HD 114710,1.415,0.117,0.681,0.147,9.1975,1.11,1.357063,,,1.440379,0.234101,0,0,4,2036.902762
HD 114710_1,HD 114710,0.314,0.116,0.63,1.142,9.1975,1.11,1.357063,,,0.289919,0.632521,0,0,4,2036.902762
HD 114710_2,HD 114710,2.258,0.018,0.683,0.173,9.1975,1.11,1.357063,,,2.296485,0.849396,0,0,4,2036.902762
HD 114710_4,HD 114710,0.861,0.053,0.898,0.439,9.1975,1.11,1.357063,0.088131,246.942036,0.902609,0.452371,1,3,4,2036.902762
HD 114710_5,HD 114710,0.124,0.109,3.108,17.681,9.1975,1.11,1.357063,,,0.134787,0.017021,0,0,4,2036.902762
HD 142860_0,HD 142860,0.405,0.081,2.385,6.459,11.2537,1.25,3.038785,,,0.386717,0.066706,0,0,4,2036.907456
HD 142860_2,HD 142860,3.184,0.073,1.146,0.989,11.2537,1.25,3.038785,,,3.390172,0.192537,0,0,4,2036.907456
HD 142860_3,HD 142860,0.465,0.068,1.963,1.786,11.2537,1.25,3.038785,,,0.49276,0.07048,0,0,4,2036.907456
HD 142860_5,HD 142860,0.92,0.074,2.443,8.017,11.2537,1.25,3.038785,0.084878,2.6704,0.98414,0.403556,1,1,4,2036.907456
HD 142860_6,HD 142860,0.627,0.092,3.102,5.436,11.2537,1.25,3.038785,,,0.627037,0.478763,0,0,4,2036.907456
HD 217987_0,HD 217987,3.278,0.032,3.1,17.272,3.2871,0.49,0.036492,,,3.375441,0.234586,0,2,3,2036.921813
HD 217987_1,HD 217987,0.104,0.158,2.049,6.333,3.2871,0.49,0.036492,,,0.115154,0.648261,0,0,3,2036.921813
HD 84737_0,HD 84737,0.596,0.087,1.352,1.551,18.8226,1.08,2.795117,,,0.545009,0.413211,0,0,4,2036.948246
HD 84737_1,HD 84737,3.025,0.071,1.189,1.926,18.8226,1.08,2.795117,,,3.127018,0.000329,0,0,4,2036.948246
HD 84737_2,HD 84737,1.078,0.014,1.079,0.698,18.8226,1.08,2.795117,,,1.090623,0.109796,0,0,4,2036.948246
HD 84737_3,HD 84737,3.774,0.025,0.833,0.848,18.8226,1.08,2.795117,,,3.821908,0.007781,0,0,4,2036.948246
HD 84737_4,HD 84737,0.254,0.074,3.133,13.741,18.8226,1.08,2.795117,,,0.272795,0.066262,0,0,4,2036.948246
HD 84737_5,HD 84737,2.993,0.205,0.508,0.086,18.8226,1.08,2.795117,,,3.456849,0.622196,0,0,4,2036.948246
HD 88230_0,HD 88230,1.858,0.024,1.413,3.961,4.8706,0.63,0.102754,,,1.863132,0.051272,0,1,3,2036.950781
HD 88230_1,HD 88230,0.369,0.102,2.613,14.391,4.8706,0.63,0.102754,,,0.405206,0.016984,0,0,3,2036.950781
HD 88230_2,HD 88230,0.941,0.058,0.511,0.079,4.8706,0.63,0.102754,,,0.913262,0.003184,0,1,3,2036.950781
HD 88230_3,HD 88230,1.397,0.055,1.541,3.057,4.8706,0.63,0.102754,0.234751,267.563653,1.472639,0.705131,1,2,3,2036.950781
HD 88230_4,HD 88230,0.683,0.12,0.831,0.221,4.8706,0.63,0.102754,0.134294,92.016946,0.675444,0.48649,1,1,3,2036.950781
HD 88230_5,HD 88230,2.552,0.09,1.594,2.912,4.8706,0.63,0.102754,,,2.323461,0.055645,0,1,3,2036.950781
HD 88230_6,HD 88230,2.842,0.103,0.661,0.567,4.8706,0.63,0.102754,,,3.08481,0.218652,0,0,3,2036.950781
HD 53705_0,HD 53705,0.273,0.081,1.735,2.717,17.0593,1.04,1.489704,,,0.290621,0.011622,0,0,3,2036.953455
HD 53705_1,HD 53705,2.604,0.083,3.306,16.05,17.0593,1.04,1.489704,0.155143,77.20089,2.760314,0.491926,1,3,3,2036.953455
HD 53705_2,HD 53705,1.597,0.089,2.478,13.971,17.0593,1.04,1.489704,0.095157,161.130456,1.6454,0.258306,1,3,3,2036.953455
HD 53705_3,HD 53705,0.715,0.026,1.359,2.038,17.0593,1.04,1.489704,,,0.697364,0.120271,0,0,3,2036.953455
HD 53705_4,HD 53705,0.527,0.092,2.437,10.745,17.0593,1.04,1.489704,,,0.491244,0.613306,0,0,3,2036.953455
HD 134083_0,HD 134083,0.116,0.07,1.9,7.058,19.536,1.33,3.254618,,,0.108072,0.287359,0,0,4,2036.956097
HD 134083_1,HD 134083,0.36,0.097,1.358,2.746,19.536,1.33,3.254618,,,0.38532,0.351568,0,0,4,2036.956097
HD 134083_3,HD 134083,0.749,0.13,0.881,0.684,19.536,1.33,3.254618,,,0.663998,0.831025,0,0,4,2036.956097
HD 134083_4,HD 134083,0.959,0.114,0.591,0.338,19.536,1.33,3.254618,,,0.853352,0.713663,0,0,4,2036.956097
HD 84117_2,HD 84117,0.48,0.183,0.807,0.707,14.9515,1.14,1.977425,,,0.411526,0.27325,0,0,5,2036.96317
HD 84117_3,HD 84117,2.469,0.127,0.583,0.157,14.9515,1.14,1.977425,,,2.453301,0.961137,0,0,5,2036.96317
HD 84117_5,HD 84117,2.421,0.095,0.605,0.239,14.9515,1.14,1.977425,,,2.207677,0.122222,0,0,5,2036.96317
HD 55575_0,HD 55575,1.084,0.09,0.727,0.186,16.8518,1.14,1.462851,,,0.999602,0.005035,0,0,6,2036.986197
HD 55575_1,HD 55575,0.133,0.053,0.578,0.677,16.8518,1.14,1.462851,,,0.13945,0.264005,0,0,6,2036.986197
HD 142373_0,HD 142373,1.268,0.168,0.757,0.148,15.8975,1.08,3.136173,,,1.07032,0.122133,0,0,3,2036.996185
HD 142373_1,HD 142373,1.76,0.092,0.868,0.535,15.8975,1.08,3.136173,,,1.723695,0.360732,0,0,3,2036.996185
HD 142373_2,HD 142373,0.834,0.129,2.923,6.259,15.8975,1.08,3.136173,,,0.891867,0.775928,0,0,3,2036.996185
HD 142373_4,HD 142373,1.161,0.006,1.265,2.536,15.8975,1.08,3.136173,,,1.166436,0.70866,0,0,3,2036.996185
HD 142373_6,HD 142373,4.705,0.105,0.947,0.923,15.8975,1.08,3.136173,,,4.384215,0.014915,0,0,3,2036.996185
HD 142373_7,HD 142373,1.878,0.051,2.611,6.816,15.8975,1.08,3.136173,0.105838,14.127544,1.937945,0.09918,1,3,3,2036.996185
HD 142373_8,HD 142373,3.092,0.053,1.805,7.326,15.8975,1.08,3.136173,,,2.987047,0.341622,0,2,3,2036.996185
HD 209100_0,HD 209100,2.433,0.127,0.524,0.078,3.6384,0.72,0.22182,,,2.731823,0.000289,0,0,4,2037.002637
HD 209100_1,HD 209100,1.218,0.094,0.54,0.224,3.6384,0.72,0.22182,,,1.315316,0.556958,0,1,4,2037.002637
HD 209100_2,HD 209100,0.989,0.073,1.925,7.679,3.6384,0.72,0.22182,0.195403,325.522067,0.947455,0.058482,1,4,4,2037.002637
HD 209100_4,HD 209100,3.542,0.022,2.632,11.464,3.6384,0.72,0.22182,0.596945,186.558312,3.477539,0.811857,1,4,4,2037.002637
HD 209100_5,HD 209100,0.635,0.076,0.931,0.965,3.6384,0.72,0.22182,0.151525,260.708959,0.596278,0.192381,1,4,4,2037.002637
HD 209100_6,HD 209100,1.701,0.082,0.885,1.719,3.6384,0.72,0.22182,,,1.837587,0.546997,0,1,4,2037.002637
HD 209100_8,HD 209100,2.097,0.099,2.488,10.973,3.6384,0.72,0.22182,,,2.283517,0.059786,0,3,4,2037.002637
HD 209100_9,HD 209100,0.782,0.071,2.297,6.298,3.6384,0.72,0.22182,0.169415,83.566916,0.72793,0.110737,1,4,4,2037.002637
HD 209100_10,HD 209100,0.182,0.056,2.026,7.17,3.6384,0.72,0.22182,,,0.191584,0.331896,0,0,4,2037.002637
HD 209100_11,HD 209100,0.917,0.107,1.174,2.417,3.6384,0.72,0.22182,,,0.969418,0.07019,0,2,4,2037.002637
HD 26965 A_1,HD 26965 A,0.482,0.058,1.38,2.403,5.0098,0.86,0.409732,,,0.469063,0.718987,0,2,7,2037.005345
HD 26965 A_2,HD 26965 A,0.345,0.049,0.5,0.06,5.0098,0.86,0.409732,,,0.347201,0.197345,0,0,7,2037.005345
HD 693_0,HD 693,1.045,0.058,1.136,2.579,18.8861,1.18,2.997091,,,0.994891,0.140847,0,0,3,2037.008536
HD 693_1,HD 693,0.139,0.106,2.768,7.407,18.8861,1.18,2.997091,,,0.12521,0.966414,0,0,3,2037.008536
HD 693_3,HD 693,1.448,0.069,1.975,3.042,18.8861,1.18,2.997091,,,1.460468,0.62474,0,0,3,2037.008536
HD 693_4,HD 693,1.744,0.105,1.392,2.348,18.8861,1.18,2.997091,,,1.61894,0.092158,0,2,3,2037.008536
HD 693_5,HD 693,2.909,0.1,1.423,2.794,18.8861,1.18,2.997091,,,2.742217,0.862999,0,0,3,2037.008536
HD 693_6,HD 693,2.914,0.024,0.574,0.316,18.8861,1.18,2.997091,,,2.846109,0.098104,0,0,3,2037.008536
HD 693_7,HD 693,3.93,0.01,2.298,5.004,18.8861,1.18,2.997091,0.194637,78.729052,3.923071,0.495853,1,1,3,2037.008536
HD 143761_0,HD 143761,2.268,0.052,0.622,0.131,17.5108,0.97,1.812174,,,2.259021,0.161335,0,0,5,2037.010549
HD 143761_3,HD 143761,0.463,0.017,0.834,0.619,17.5108,0.97,1.812174,,,0.469858,0.125272,0,0,5,2037.010549
HD 143761_4,HD 143761,1.096,0.157,0.808,0.895,17.5108,0.97,1.812174,,,1.173239,0.053512,0,0,5,2037.010549
HD 143761_5,HD 143761,0.834,0.096,1.155,1.684,17.5108,0.97,1.812174,,,0.759669,0.868527,0,0,5,2037.010549
HD 143761_7,HD 143761,2.609,0.089,2.154,12.289,17.5108,0.97,1.812174,,,2.760964,0.185094,0,0,5,2037.010549
HD 20630_1,HD 20630,0.648,0.142,1.547,4.726,9.2762,0.98,0.857235,,,0.739661,0.512978,0,0,8,2037.011919
HD 20630_5,HD 20630,1.387,0.083,0.621,0.63,9.2762,0.98,0.857235,,,1.349568,0.458678,0,0,8,2037.011919
HD 20766_0,HD 20766,1.336,0.161,1.674,3.092,12.0447,1.01,0.794328,,,1.122533,0.629435,0,2,4,2037.013289
HD 20766_1,HD 20766,0.327,0.097,2.659,6.922,12.0447,1.01,0.794328,,,0.319123,0.130809,0,0,4,2037.013289
HD 20766_4,HD 20766,1.915,0.031,0.912,0.441,12.0447,1.01,0.794328,,,1.964939,0.506717,0,1,4,2037.013289
HD 22484_0,HD 22484,0.838,0.146,1.142,1.607,13.9204,1.14,3.067609,,,0.946295,0.019213,0,0,4,2037.014659
HD 22484_1,HD 22484,1.12,0.109,1.996,7.679,13.9204,1.14,3.067609,,,1.048087,0.571508,0,0,4,2037.014659
HD 22484_2,HD 22484,0.469,0.117,1.765,3.166,13.9204,1.14,3.067609,,,0.414805,0.827227,0,0,4,2037.014659
HD 22484_5,HD 22484,4.456,0.081,0.516,0.034,13.9204,1.14,3.067609,,,4.276658,0.323082,0,0,4,2037.014659
HD 22484_7,HD 22484,3.201,0.074,0.943,1.501,13.9204,1.14,3.067609,,,3.320679,0.469812,0,0,4,2037.014659
HD 4614 A_0,HD 4614 A,4.718,0.051,1.358,3.151,5.0098,1.14,1.251988,,,4.753697,0.067485,0,0,3,2037.028344
HD 4614 A_1,HD 4614 A,0.651,0.133,0.728,0.235,5.0098,1.14,1.251988,0.09485,195.874104,0.736959,0.795281,1,2,3,2037.028344
HD 4614 A_2,HD 4614 A,2.584,0.017,1.361,2.842,5.0098,1.14,1.251988,,,2.54058,0.073236,0,1,3,2037.028344
HD 109358_0,HD 109358,0.599,0.064,0.661,0.193,8.4727,1.08,1.151065,,,0.560666,0.410011,0,0,7,2037.029714
HD 109358_1,HD 109358,0.313,0.024,1.946,4.835,8.4727,1.08,1.151065,,,0.308051,0.187331,0,0,7,2037.029714
HD 109358_3,HD 109358,0.172,0.066,1.409,1.609,8.4727,1.08,1.151065,,,0.183291,0.013056,0,0,7,2037.029714
HD 109358_4,HD 109358,1.488,0.078,0.58,0.237,8.4727,1.08,1.151065,,,1.508881,0.702717,0,0,7,2037.029714
HD 109358_5,HD 109358,3.968,0.05,3.285,25.806,8.4727,1.08,1.151065,,,3.773495,0.046742,0,0,7,2037.029714
HD 146233_0,HD 146233,0.356,0.047,2.679,8.19,14.1369,1.02,1.094208,,,0.367939,0.532879,0,0,7,2037.036327
HD 146233_1,HD 146233,0.206,0.044,2.032,3.376,14.1369,1.02,1.094208,,,0.208828,0.279554,0,0,7,2037.036327
HD 146233_4,HD 146233,0.539,0.141,1.433,3.682,14.1369,1.02,1.094208,,,0.540367,0.246107,0,0,7,2037.036327
HD 140538 A_0,HD 140538 A,2.088,0.047,0.685,0.069,14.7927,0.94,0.834065,,,1.990564,0.04153,0,0,8,2037.03857
HD 140538 A_1,HD 140538 A,0.512,0.053,2.798,18.338,14.7927,0.94,0.834065,,,0.526762,0.020912,0,0,8,2037.03857
HD 140538 A_2,HD 140538 A,4.137,0.053,0.916,0.304,14.7927,0.94,0.834065,,,3.917769,0.918709,0,0,8,2037.03857
HD 46588 A_0,HD 46588 A,1.961,0.092,1.375,5.123,18.2023,1.18,1.825997,0.101651,269.332173,1.830595,0.428862,1,2,3,2037.052733
HD 46588 A_2,HD 46588 A,0.149,0.051,1.651,3.767,18.2023,1.18,1.825997,,,0.155037,0.994033,0,0,3,2037.052733
HD 46588 A_4,HD 46588 A,0.634,0.042,1.252,1.899,18.2023,1.18,1.825997,,,0.620981,0.669246,0,0,3,2037.052733
HD 46588 A_5,HD 46588 A,0.119,0.052,0.593,0.101,18.2023,1.18,1.825997,,,0.116095,0.312302,0,0,3,2037.052733
HD 46588 A_6,HD 46588 A,0.647,0.045,2.121,5.747,18.2023,1.18,1.825997,,,0.663009,0.920781,0,0,3,2037.052733
HD 46588 A_7,HD 46588 A,1.085,0.088,1.256,5.584,18.2023,1.18,1.825997,,,0.989645,0.952799,0,0,3,2037.052733
HD 46588 A_8,HD 46588 A,2.008,0.017,0.521,0.08,18.2023,1.18,1.825997,,,2.03393,0.29924,0,0,3,2037.052733
HD 155885_0,HD 155885,0.424,0.016,1.08,0.365,5.9478,0.85,0.332047,,,0.418906,0.003117,0,0,3,2037.066942
HD 155885_1,HD 155885,0.125,0.137,2.355,7.262,5.9478,0.85,0.332047,,,0.118247,0.624286,0,0,3,2037.066942
HD 155885_4,HD 155885,2.293,0.052,0.991,0.685,5.9478,0.85,0.332047,,,2.203229,0.037025,0,1,3,2037.066942
HD 90839_0,HD 90839,3.665,0.022,0.781,0.186,12.9452,1.18,1.605092,,,3.738393,0.226435,0,0,6,2037.070259
HD 90839_1,HD 90839,0.191,0.094,1.403,2.751,12.9452,1.18,1.605092,,,0.194804,0.052819,0,0,6,2037.070259
HD 90839_2,HD 90839,3.378,0.112,1.125,1.619,12.9452,1.18,1.605092,,,3.739573,0.119801,0,0,6,2037.070259
HD 90839_5,HD 90839,0.15,0.051,2.273,4.226,12.9452,1.18,1.605092,,,0.156616,0.621481,0,0,6,2037.070259
HD 128620_0,HD 128620,1.567,0.074,0.945,0.738,1.3319,1.11,1.520898,,,1.496652,0.119714,0,1,4,2037.073889
HD 128620_1,HD 128620,1.266,0.016,1.198,6.221,1.3319,1.11,1.520898,,,1.258055,0.073028,0,2,4,2037.073889
HD 50692_0,HD 50692,3.95,0.04,2.831,10.297,17.4047,1.08,1.293302,,,4.09677,0.065198,0,2,3,2037.075259
HD 50692_1,HD 50692,0.28,0.064,0.734,0.092,17.4047,1.08,1.293302,,,0.263108,0.301272,0,0,3,2037.075259
HD 50692_2,HD 50692,0.513,0.081,1.798,3.652,17.4047,1.08,1.293302,,,0.475897,0.490571,0,0,3,2037.075259
HD 50692_3,HD 50692,0.925,0.032,2.849,9.197,17.4047,1.08,1.293302,,,0.954143,0.042058,0,0,3,2037.075259
HD 30495_0,HD 30495,1.934,0.08,0.989,1.288,13.24,1.04,0.966273,,,1.965286,0.538983,0,1,4,2037.079095
HD 30495_2,HD 30495,0.416,0.06,1.179,0.557,13.24,1.04,0.966273,,,0.422813,0.385585,0,0,4,2037.079095
HD 30495_3,HD 30495,1.848,0.089,0.623,0.48,13.24,1.04,0.966273,,,1.688698,0.594201,0,0,4,2037.079095
HD 201092_1,HD 201092,2.708,0.059,2.37,8.514,3.4964,0.63,0.077786,,,2.712832,0.090379,0,1,3,2037.08308
HD 131977_0,HD 131977,2.114,0.033,1.305,3.47,5.8864,0.72,0.222536,,,2.107115,0.093677,0,1,3,2037.105647
HD 149661_2,HD 149661,2.991,0.073,1.285,2.935,9.8939,0.87,0.462168,,,2.772778,0.076784,0,0,3,2037.116289
HD 149661_3,HD 149661,2.364,0.065,0.7,0.315,9.8939,0.87,0.462168,,,2.355949,0.653688,0,0,3,2037.116289
HD 149661_5,HD 149661,3.155,0.051,2.936,7.428,9.8939,0.87,0.462168,,,3.274451,0.005684,0,1,3,2037.116289
HD 38393_0,HD 38393,0.205,0.072,1.088,1.383,8.905,1.23,2.344229,,,0.193014,0.568488,0,0,5,2037.119231
HD 38393_1,HD 38393,3.39,0.099,0.656,0.073,8.905,1.23,2.344229,,,3.321462,0.091051,0,0,5,2037.119231
HD 38393_3,HD 38393,0.355,0.086,1.549,2.098,8.905,1.23,2.344229,,,0.336795,0.766718,0,0,5,2037.119231
HD 38393_4,HD 38393,4.373,0.052,1.208,1.876,8.905,1.23,2.344229,,,4.294724,0.093144,0,0,5,2037.119231
HD 100623 A_0,HD 100623 A,4.014,0.105,2.503,8.448,9.559,0.88,0.369999,,,3.745167,0.025379,0,1,3,2037.121866
HD 100623 A_2,HD 100623 A,0.102,0.086,0.559,0.245,9.559,0.88,0.369999,,,0.110549,0.620915,0,0,3,2037.121866
HD 100623 A_3,HD 100623 A,4.384,0.075,1.441,2.214,9.559,0.88,0.369999,,,4.626699,0.774881,0,0,3,2037.121866
HD 100623 A_4,HD 100623 A,2.524,0.072,0.66,0.613,9.559,0.88,0.369999,,,2.635356,0.466947,0,0,3,2037.121866
HD 100623 A_5,HD 100623 A,4.18,0.038,0.734,0.337,9.559,0.88,0.369999,,,4.021403,0.743435,0,0,3,2037.121866
HD 100623 A_6,HD 100623 A,0.362,0.165,0.555,0.359,9.559,0.88,0.369999,,,0.365153,0.168693,0,0,3,2037.121866
HD 100623 A_7,HD 100623 A,4.073,0.068,1.365,1.972,9.559,0.88,0.369999,,,3.964082,0.650147,0,0,3,2037.121866
HD 216803_1,HD 216803,3.539,0.087,2.035,5.879,7.6015,0.72,0.196336,,,3.397355,0.216446,0,1,3,2037.123236
HD 216803_3,HD 216803,0.104,0.044,0.893,0.284,7.6015,0.72,0.196336,,,0.09946,0.516276,0,0,3,2037.123236
HD 216803_4,HD 216803,2.738,0.038,2.631,12.08,7.6015,0.72,0.196336,,,2.77276,0.016177,0,2,3,2037.123236
HD 216803_5,HD 216803,0.109,0.06,0.686,0.431,7.6015,0.72,0.196336,,,0.112736,0.208423,0,0,3,2037.123236
HD 216803_6,HD 216803,0.431,0.071,1.431,2.693,7.6015,0.72,0.196336,,,0.442528,0.096192,0,0,3,2037.123236
HD 72905_1,HD 72905,0.661,0.069,0.5,0.051,14.4388,1.08,0.973195,,,0.61555,0.054649,0,0,8,2037.124606
HD 72905_3,HD 72905,0.899,0.099,2.776,19.234,14.4388,1.08,0.973195,,,0.975758,0.046925,0,0,8,2037.124606
HD 72905_4,HD 72905,0.923,0.214,1.407,2.24,14.4388,1.08,0.973195,,,1.116778,0.092649,0,0,8,2037.124606
HD 72905_5,HD 72905,3.175,0.086,0.525,0.068,14.4388,1.08,0.973195,,,3.44672,0.978312,0,0,8,2037.124606
HD 37394_0,HD 37394,1.839,0.051,0.552,0.164,12.2701,0.88,0.477639,,,1.922067,0.756854,0,0,3,2037.126139
HD 37394_1,HD 37394,0.501,0.058,1.934,5.969,12.2701,0.88,0.477639,,,0.510455,0.42994,0,0,3,2037.126139
HD 37394_3,HD 37394,1.245,0.044,1.502,2.038,12.2701,0.88,0.477639,,,1.291751,0.932251,0,1,3,2037.126139
HD 37394_5,HD 37394,0.152,0.102,1.111,1.488,12.2701,0.88,0.477639,,,0.165513,0.205872,0,0,3,2037.126139
HD 37394_9,HD 37394,0.863,0.077,0.726,0.552,12.2701,0.88,0.477639,,,0.926998,0.025851,0,0,3,2037.126139
HD 37394_10,HD 37394,0.093,0.059,3.205,15.21,12.2701,0.88,0.477639,,,0.091448,0.000912,0,0,3,2037.126139
HD 37394_11,HD 37394,1.171,0.065,2.415,5.91,12.2701,0.88,0.477639,0.088882,229.184746,1.124391,0.444137,1,3,3,2037.126139
HD 37394_15,HD 37394,0.222,0.142,1.093,0.563,12.2701,0.88,0.477639,,,0.246743,0.571922,0,0,3,2037.126139
HD 37394_16,HD 37394,2.623,0.055,2.621,9.008,12.2701,0.88,0.477639,0.201135,250.591232,2.64749,0.157155,1,2,3,2037.126139
HD 4391_0,HD 4391,0.363,0.182,1.471,1.692,15.0487,0.98,0.923422,,,0.333833,0.836074,0,0,8,2037.145577
HD 4391_1,HD 4391,1.544,0.114,0.614,0.159,15.0487,0.98,0.923422,,,1.525014,0.788855,0,0,8,2037.145577
HD 4391_2,HD 4391,0.361,0.058,0.863,0.256,15.0487,0.98,0.923422,,,0.374409,0.559834,0,0,8,2037.145577
HD 4391_3,HD 4391,0.102,0.064,0.942,1.344,15.0487,0.98,0.923422,,,0.104013,0.233803,0,0,8,2037.145577
HD 4391_4,HD 4391,0.526,0.038,2.712,11.881,15.0487,0.98,0.923422,,,0.507103,0.023378,0,0,8,2037.145577
HD 203608_0,HD 203608,2.203,0.092,1.79,3.488,9.2584,1.14,1.465548,0.240478,183.983485,2.250055,0.359013,1,2,4,2037.148651
HD 203608_1,HD 203608,2.342,0.1,0.502,0.104,9.2584,1.14,1.465548,,,2.357207,0.173762,0,0,4,2037.148651
HD 203608_2,HD 203608,2.74,0.062,1.086,1.189,9.2584,1.14,1.465548,,,2.631962,0.02814,0,1,4,2037.148651
HD 203608_5,HD 203608,4.293,0.038,0.929,0.698,9.2584,1.14,1.465548,,,4.444758,0.019452,0,0,4,2037.148651
HD 203608_6,HD 203608,0.526,0.072,0.985,0.486,9.2584,1.14,1.465548,,,0.526127,0.722849,0,0,4,2037.148651
HD 95128_1,HD 95128,2.285,0.074,0.586,0.282,13.8875,1.07,1.576885,,,2.123995,0.544272,0,0,6,2037.150021
HD 95128_2,HD 95128,4.586,0.035,0.538,0.083,13.8875,1.07,1.576885,,,4.736205,0.027286,0,0,6,2037.150021
HD 95128_3,HD 95128,0.343,0.031,2.771,10.086,13.8875,1.07,1.576885,,,0.33585,0.372918,0,0,6,2037.150021
HD 95128_4,HD 95128,2.15,0.173,1.218,6.511,13.8875,1.07,1.576885,,,2.127454,0.877849,0,0,6,2037.150021
HD 95128_5,HD 95128,0.6,0.105,2.299,8.137,13.8875,1.07,1.576885,,,0.616563,0.482904,0,0,6,2037.150021
HD 95128_6,HD 95128,0.335,0.024,2.419,8.582,13.8875,1.07,1.576885,,,0.340866,0.08591,0,0,6,2037.150021
HD 95128_7,HD 95128,0.847,0.089,1.394,3.129,13.8875,1.07,1.576885,,,0.922064,0.392335,0,0,6,2037.150021
HD 95128_8,HD 95128,0.588,0.034,2.182,8.46,13.8875,1.07,1.576885,,,0.570817,0.640969,0,0,6,2037.150021
HD 65907 A_0,HD 65907 A,0.584,0.099,0.585,0.122,16.1718,1.11,1.290031,,,0.533212,0.847426,0,0,7,2037.199573
HD 65907 A_1,HD 65907 A,1.316,0.075,0.982,3.131,16.1718,1.11,1.290031,,,1.217604,0.878113,0,0,7,2037.199573
HD 65907 A_2,HD 65907 A,1.009,0.058,1.202,5.136,16.1718,1.11,1.290031,,,0.984242,0.364631,0,0,7,2037.199573
HD 17051_0,HD 17051,1.593,0.055,0.8,0.166,17.3572,1.14,1.737401,,,1.676455,0.917162,0,0,6,2037.24279
HD 17051_1,HD 17051,2.146,0.107,1.035,0.971,17.3572,1.14,1.737401,,,1.954375,0.92522,0,0,6,2037.24279
HD 17051_2,HD 17051,4.311,0.108,1.302,2.591,17.3572,1.14,1.737401,,,3.846592,0.009811,0,0,6,2037.24279
HD 20807_0,HD 20807,0.337,0.072,1.793,3.234,12.0394,1.07,1.016951,,,0.313176,0.580037,0,0,5,2037.269324
HD 20807_1,HD 20807,1.546,0.069,0.954,0.846,12.0394,1.07,1.016951,,,1.531317,0.261912,0,3,5,2037.269324
HD 20807_2,HD 20807,2.979,0.055,2.038,8.298,12.0394,1.07,1.016951,0.242218,100.966623,3.023398,0.436946,1,1,5,2037.269324
HD 165341 B_1,HD 165341 B,1.256,0.089,0.5,0.053,5.1225,0.78,0.164324,,,1.363123,0.342818,0,0,7,2037.28897
HD 165341 B_2,HD 165341 B,4.082,0.042,1.247,0.85,5.1225,0.78,0.164324,,,4.214597,0.40414,0,0,7,2037.28897
HD 165341 B_3,HD 165341 B,0.1,0.077,0.528,0.124,5.1225,0.78,0.164324,,,0.099207,0.814684,0,0,7,2037.28897
HD 165341 B_4,HD 165341 B,0.76,0.117,1.137,2.374,5.1225,0.78,0.164324,,,0.847596,0.023782,0,2,7,2037.28897
HD 101501_3,HD 101501,0.112,0.069,1.262,2.497,9.5762,0.94,0.608976,,,0.116356,0.761213,0,0,6,2037.303113
HD 101501_7,HD 101501,0.888,0.054,0.887,0.333,9.5762,0.94,0.608976,,,0.8415,0.620842,0,3,6,2037.303113
HD 17206_0,HD 17206,1.742,0.09,0.885,1.25,14.2764,1.21,2.616978,,,1.690757,0.23965,0,0,5,2037.322364
HD 17206_1,HD 17206,0.879,0.039,2.253,5.781,14.2764,1.21,2.616978,,,0.910313,0.009072,0,0,5,2037.322364
HD 17206_2,HD 17206,0.485,0.035,0.762,0.888,14.2764,1.21,2.616978,,,0.499406,0.931962,0,0,5,2037.322364
HD 128621_0,HD 128621,0.181,0.076,0.591,0.281,1.3319,0.94,0.503037,,,0.194749,0.87762,0,3,5,2037.338929
HD 128621_1,HD 128621,3.969,0.152,0.756,0.624,1.3319,0.94,0.503037,,,4.535262,0.685758,0,0,5,2037.338929
HD 128621_3,HD 128621,4.377,0.084,0.667,0.424,1.3319,0.94,0.503037,,,4.668398,0.071369,0,0,5,2037.338929
HD 128621_4,HD 128621,1.135,0.055,1.179,1.502,1.3319,0.94,0.503037,0.714147,61.617993,1.102315,0.615911,1,3,5,2037.338929
HD 109358_0,HD 109358,0.599,0.064,0.661,0.193,8.4727,1.08,1.151065,,,0.60339,0.419227,0,0,8,2037.359866
HD 109358_1,HD 109358,0.313,0.024,1.946,4.835,8.4727,1.08,1.151065,,,0.309415,0.277873,0,0,8,2037.359866
HD 109358_3,HD 109358,0.172,0.066,1.409,1.609,8.4727,1.08,1.151065,,,0.176319,0.127563,0,0,8,2037.359866
HD 109358_4,HD 109358,1.488,0.078,0.58,0.237,8.4727,1.08,1.151065,,,1.600186,0.505123,0,0,8,2037.359866
HD 109358_5,HD 109358,3.968,0.05,3.285,25.806,8.4727,1.08,1.151065,,,3.770378,0.111479,0,0,8,2037.359866
HD 146233_0,HD 146233,0.356,0.047,2.679,8.19,14.1369,1.02,1.094208,,,0.341463,0.219222,0,0,8,2037.363386
HD 146233_1,HD 146233,0.206,0.044,2.032,3.376,14.1369,1.02,1.094208,,,0.202983,0.331402,0,0,8,2037.363386
HD 146233_4,HD 146233,0.539,0.141,1.433,3.682,14.1369,1.02,1.094208,,,0.471272,0.008532,0,0,8,2037.363386
HD 55575_0,HD 55575,1.084,0.09,0.727,0.186,16.8518,1.14,1.462851,,,1.114754,0.968142,0,0,7,2037.370832
HD 55575_1,HD 55575,0.133,0.053,0.578,0.677,16.8518,1.14,1.462851,,,0.126671,0.755908,0,0,7,2037.370832
HD 30495_0,HD 30495,1.934,0.08,0.989,1.288,13.24,1.04,0.966273,0.093567,40.736678,2.053157,0.808579,1,2,5,2037.374154
HD 30495_2,HD 30495,0.416,0.06,1.179,0.557,13.24,1.04,0.966273,,,0.404157,0.812213,0,0,5,2037.374154
HD 30495_3,HD 30495,1.848,0.089,0.623,0.48,13.24,1.04,0.966273,,,1.709643,0.879746,0,0,5,2037.374154
HD 10361_1,HD 10361,0.761,0.025,1.303,2.715,8.1965,0.77,0.303879,0.089023,194.780455,0.755944,0.297374,1,5,5,2037.389264
HD 10361_2,HD 10361,0.985,0.066,0.785,0.596,8.1965,0.77,0.303879,0.116416,254.34903,0.957595,0.309053,1,2,5,2037.389264
HD 10361_3,HD 10361,1.525,0.07,0.586,0.784,8.1965,0.77,0.303879,,,1.630531,0.5809,0,0,5,2037.389264
HD 10361_4,HD 10361,4.037,0.084,0.501,0.084,8.1965,0.77,0.303879,,,4.345452,0.008003,0,0,5,2037.389264
HD 43386_0,HD 43386,2.541,0.037,0.504,0.177,19.5879,1.33,2.956651,,,2.487105,0.451566,0,0,5,2037.430984
HD 43386_1,HD 43386,1.141,0.101,1.584,2.873,19.5879,1.33,2.956651,,,1.207057,0.017084,0,0,5,2037.430984
HD 43386_3,HD 43386,0.289,0.045,1.072,0.429,19.5879,1.33,2.956651,,,0.301619,0.226337,0,0,5,2037.430984
HD 84117_2,HD 84117,0.48,0.183,0.807,0.707,14.9515,1.14,1.977425,,,0.565957,0.119964,0,0,6,2037.445366
HD 84117_3,HD 84117,2.469,0.127,0.583,0.157,14.9515,1.14,1.977425,,,2.682676,0.795151,0,0,6,2037.445366
HD 84117_5,HD 84117,2.421,0.095,0.605,0.239,14.9515,1.14,1.977425,,,2.358997,0.121901,0,0,6,2037.445366
HD 43042_0,HD 43042,4.095,0.078,0.558,0.185,21.7763,1.29,2.935621,,,4.123098,0.73142,0,0,5,2037.462807
HD 43042_1,HD 43042,0.434,0.11,0.533,0.05,21.7763,1.29,2.935621,,,0.481607,0.007057,0,0,5,2037.462807
HD 43042_3,HD 43042,0.724,0.14,0.733,0.758,21.7763,1.29,2.935621,,,0.623594,0.00929,0,0,5,2037.462807
HD 90839_0,HD 90839,3.665,0.022,0.781,0.186,12.9452,1.18,1.605092,,,3.745563,0.411003,0,0,7,2037.475567
HD 90839_1,HD 90839,0.191,0.094,1.403,2.751,12.9452,1.18,1.605092,,,0.17306,0.352228,0,0,7,2037.475567
HD 90839_2,HD 90839,3.378,0.112,1.125,1.619,12.9452,1.18,1.605092,,,3.666194,0.053179,0,0,7,2037.475567
HD 90839_5,HD 90839,0.15,0.051,2.273,4.226,12.9452,1.18,1.605092,,,0.143447,0.090406,0,0,7,2037.475567
HD 210302_0,HD 210302,0.937,0.087,1.293,2.482,18.4579,1.25,2.918099,,,0.942075,0.514744,0,0,5,2037.480417
HD 210302_1,HD 210302,0.316,0.034,0.672,0.291,18.4579,1.25,2.918099,,,0.323114,0.805941,0,0,5,2037.480417
HD 210302_2,HD 210302,0.162,0.125,0.82,0.565,18.4579,1.25,2.918099,,,0.172274,0.869833,0,0,5,2037.480417
HD 210302_3,HD 210302,0.925,0.123,2.909,15.97,18.4579,1.25,2.918099,,,1.031467,0.04234,0,0,5,2037.480417
HD 210302_4,HD 210302,1.629,0.122,1.727,5.061,18.4579,1.25,2.918099,,,1.682368,0.06916,0,0,5,2037.480417
HD 46588 A_0,HD 46588 A,1.961,0.092,1.375,5.123,18.2023,1.18,1.825997,0.101349,191.493216,1.798614,0.283715,1,3,4,2037.499196
HD 46588 A_2,HD 46588 A,0.149,0.051,1.651,3.767,18.2023,1.18,1.825997,,,0.146317,0.015284,0,0,4,2037.499196
HD 46588 A_4,HD 46588 A,0.634,0.042,1.252,1.899,18.2023,1.18,1.825997,,,0.615507,0.781488,0,0,4,2037.499196
HD 46588 A_5,HD 46588 A,0.119,0.052,0.593,0.101,18.2023,1.18,1.825997,,,0.12442,0.325456,0,0,4,2037.499196
HD 46588 A_6,HD 46588 A,0.647,0.045,2.121,5.747,18.2023,1.18,1.825997,,,0.671434,0.875877,0,0,4,2037.499196
HD 46588 A_7,HD 46588 A,1.085,0.088,1.256,5.584,18.2023,1.18,1.825997,,,1.174071,0.002362,0,0,4,2037.499196
HD 46588 A_8,HD 46588 A,2.008,0.017,0.521,0.08,18.2023,1.18,1.825997,,,2.040111,0.06056,0,0,4,2037.499196
HD 143761_0,HD 143761,2.268,0.052,0.622,0.131,17.5108,0.97,1.812174,,,2.352262,0.566097,0,0,6,2037.500566
HD 143761_3,HD 143761,0.463,0.017,0.834,0.619,17.5108,0.97,1.812174,,,0.457131,0.559516,0,0,6,2037.500566
HD 143761_4,HD 143761,1.096,0.157,0.808,0.895,17.5108,0.97,1.812174,,,1.150534,0.79479,0,0,6,2037.500566
HD 143761_5,HD 143761,0.834,0.096,1.155,1.684,17.5108,0.97,1.812174,,,0.905945,0.032613,0,0,6,2037.500566
HD 143761_7,HD 143761,2.609,0.089,2.154,12.289,17.5108,0.97,1.812174,0.139399,0.212795,2.612589,0.498936,1,1,6,2037.500566
HD 10780_0,HD 10780,0.841,0.11,1.077,1.181,10.0411,0.9,0.515941,,,0.754815,0.594896,0,1,4,2037.503951
HD 10780_3,HD 10780,2.25,0.098,1.348,1.367,10.0411,0.9,0.515941,0.21976,78.037771,2.469882,0.565142,1,2,4,2037.503951
HD 10780_4,HD 10780,2.669,0.102,2.513,12.001,10.0411,0.9,0.515941,0.287446,334.260092,2.911662,0.378511,1,2,4,2037.503951
HD 65907 A_0,HD 65907 A,0.584,0.099,0.585,0.122,16.1718,1.11,1.290031,,,0.584329,0.32304,0,0,8,2037.554296
HD 65907 A_1,HD 65907 A,1.316,0.075,0.982,3.131,16.1718,1.11,1.290031,,,1.328947,0.103857,0,0,8,2037.554296
HD 65907 A_2,HD 65907 A,1.009,0.058,1.202,5.136,16.1718,1.11,1.290031,,,1.065807,0.168786,0,0,8,2037.554296
HD 95128_1,HD 95128,2.285,0.074,0.586,0.282,13.8875,1.07,1.576885,,,2.14002,0.912771,0,0,7,2037.570031
HD 95128_2,HD 95128,4.586,0.035,0.538,0.083,13.8875,1.07,1.576885,,,4.715701,0.067525,0,0,7,2037.570031
HD 95128_3,HD 95128,0.343,0.031,2.771,10.086,13.8875,1.07,1.576885,,,0.346202,0.060889,0,0,7,2037.570031
HD 95128_4,HD 95128,2.15,0.173,1.218,6.511,13.8875,1.07,1.576885,,,2.405663,0.498158,0,0,7,2037.570031
HD 95128_5,HD 95128,0.6,0.105,2.299,8.137,13.8875,1.07,1.576885,,,0.591399,0.387975,0,0,7,2037.570031
HD 95128_6,HD 95128,0.335,0.024,2.419,8.582,13.8875,1.07,1.576885,,,0.330132,0.192042,0,0,7,2037.570031
HD 95128_7,HD 95128,0.847,0.089,1.394,3.129,13.8875,1.07,1.576885,,,0.780894,0.401322,0,0,7,2037.570031
HD 95128_8,HD 95128,0.588,0.034,2.182,8.46,13.8875,1.07,1.576885,,,0.568893,0.548063,0,0,7,2037.570031
HD 39091_1,HD 39091,3.12,0.028,1.191,1.952,18.2874,1.08,1.533204,,,3.054251,0.652757,0,0,6,2037.585081
HD 39091_2,HD 39091,2.865,0.029,0.677,0.089,18.2874,1.08,1.533204,,,2.937995,0.912379,0,0,6,2037.585081
HD 39091_3,HD 39091,3.55,0.072,1.069,0.919,18.2874,1.08,1.533204,,,3.693569,0.598198,0,0,6,2037.585081
HD 39091_4,HD 39091,4.534,0.027,1.234,1.811,18.2874,1.08,1.533204,,,4.656176,0.023564,0,0,6,2037.585081
HD 39091_5,HD 39091,1.437,0.051,1.31,1.974,18.2874,1.08,1.533204,,,1.374978,0.184124,0,1,6,2037.585081
HD 39091_6,HD 39091,0.67,0.012,2.604,6.457,18.2874,1.08,1.533204,,,0.668115,0.701176,0,0,6,2037.585081
HD 84737_0,HD 84737,0.596,0.087,1.352,1.551,18.8226,1.08,2.795117,,,0.642799,0.330063,0,0,5,2037.590474
HD 84737_1,HD 84737,3.025,0.071,1.189,1.926,18.8226,1.08,2.795117,,,3.228937,0.063015,0,0,5,2037.590474
HD 84737_2,HD 84737,1.078,0.014,1.079,0.698,18.8226,1.08,2.795117,,,1.072615,0.86705,0,0,5,2037.590474
HD 84737_3,HD 84737,3.774,0.025,0.833,0.848,18.8226,1.08,2.795117,,,3.857851,0.056966,0,0,5,2037.590474
HD 84737_4,HD 84737,0.254,0.074,3.133,13.741,18.8226,1.08,2.795117,,,0.258911,0.105993,0,0,5,2037.590474
HD 84737_5,HD 84737,2.993,0.205,0.508,0.086,18.8226,1.08,2.795117,,,3.064392,0.470133,0,0,5,2037.590474
HD 134083_0,HD 134083,0.116,0.07,1.9,7.058,19.536,1.33,3.254618,,,0.110066,0.085079,0,0,5,2037.604807
HD 134083_1,HD 134083,0.36,0.097,1.358,2.746,19.536,1.33,3.254618,,,0.333156,0.310938,0,0,5,2037.604807
HD 134083_3,HD 134083,0.749,0.13,0.881,0.684,19.536,1.33,3.254618,,,0.668435,0.311442,0,0,5,2037.604807
HD 134083_4,HD 134083,0.959,0.114,0.591,0.338,19.536,1.33,3.254618,,,0.964436,0.29437,0,0,5,2037.604807
HD 209100_0,HD 209100,2.433,0.127,0.524,0.078,3.6384,0.72,0.22182,,,2.588964,0.034194,0,0,5,2037.616135
HD 209100_1,HD 209100,1.218,0.094,0.54,0.224,3.6384,0.72,0.22182,,,1.19912,0.022559,0,1,5,2037.616135
HD 209100_2,HD 209100,0.989,0.073,1.925,7.679,3.6384,0.72,0.22182,0.216048,150.893855,1.026782,0.711779,1,5,5,2037.616135
HD 209100_4,HD 209100,3.542,0.022,2.632,11.464,3.6384,0.72,0.22182,0.826146,158.246585,3.506269,0.617743,1,5,5,2037.616135
HD 209100_5,HD 209100,0.635,0.076,0.931,0.965,3.6384,0.72,0.22182,0.153583,250.827736,0.591383,0.151778,1,5,5,2037.616135
HD 209100_6,HD 209100,1.701,0.082,0.885,1.719,3.6384,0.72,0.22182,,,1.75444,0.036111,0,1,5,2037.616135
HD 209100_8,HD 209100,2.097,0.099,2.488,10.973,3.6384,0.72,0.22182,,,2.116473,0.015998,0,3,5,2037.616135
HD 209100_9,HD 209100,0.782,0.071,2.297,6.298,3.6384,0.72,0.22182,0.201658,200.467992,0.773138,0.159486,1,5,5,2037.616135
HD 209100_10,HD 209100,0.182,0.056,2.026,7.17,3.6384,0.72,0.22182,,,0.174402,0.444592,0,0,5,2037.616135
HD 209100_11,HD 209100,0.917,0.107,1.174,2.417,3.6384,0.72,0.22182,0.219727,120.688523,0.938193,0.622978,1,3,5,2037.616135
HD 38393_0,HD 38393,0.205,0.072,1.088,1.383,8.905,1.23,2.344229,,,0.200178,0.648588,0,0,6,2037.646641
HD 38393_1,HD 38393,3.39,0.099,0.656,0.073,8.905,1.23,2.344229,,,3.143646,0.302439,0,0,6,2037.646641
HD 38393_3,HD 38393,0.355,0.086,1.549,2.098,8.905,1.23,2.344229,,,0.331487,0.388889,0,0,6,2037.646641
HD 38393_4,HD 38393,4.373,0.052,1.208,1.876,8.905,1.23,2.344229,,,4.385173,0.231013,0,0,6,2037.646641
HD 20766_0,HD 20766,1.336,0.161,1.674,3.092,12.0447,1.01,0.794328,0.12498,4.45165,1.536013,0.160352,1,3,5,2037.649859
HD 20766_1,HD 20766,0.327,0.097,2.659,6.922,12.0447,1.01,0.794328,,,0.351711,0.950296,0,0,5,2037.649859
HD 20766_4,HD 20766,1.915,0.031,0.912,0.441,12.0447,1.01,0.794328,,,1.886181,0.921909,0,1,5,2037.649859
HD 30495_0,HD 30495,1.934,0.08,0.989,1.288,13.24,1.04,0.966273,0.082538,339.182494,2.088614,0.870046,1,3,6,2037.669214
HD 30495_2,HD 30495,0.416,0.06,1.179,0.557,13.24,1.04,0.966273,,,0.391971,0.979336,0,0,6,2037.669214
HD 30495_3,HD 30495,1.848,0.089,0.623,0.48,13.24,1.04,0.966273,,,1.814008,0.708338,0,0,6,2037.669214
HD 17051_0,HD 17051,1.593,0.055,0.8,0.166,17.3572,1.14,1.737401,,,1.579004,0.620983,0,0,7,2037.680386
HD 17051_1,HD 17051,2.146,0.107,1.035,0.971,17.3572,1.14,1.737401,,,2.144785,0.621301,0,0,7,2037.680386
HD 17051_2,HD 17051,4.311,0.108,1.302,2.591,17.3572,1.14,1.737401,,,3.889198,0.013743,0,0,7,2037.680386
HD 22484_0,HD 22484,0.838,0.146,1.142,1.607,13.9204,1.14,3.067609,,,0.959608,0.001957,0,0,5,2037.684928
HD 22484_1,HD 22484,1.12,0.109,1.996,7.679,13.9204,1.14,3.067609,0.083334,335.382253,1.141,0.219544,1,1,5,2037.684928
HD 22484_2,HD 22484,0.469,0.117,1.765,3.166,13.9204,1.14,3.067609,,,0.475,0.170212,0,0,5,2037.684928
HD 22484_5,HD 22484,4.456,0.081,0.516,0.034,13.9204,1.14,3.067609,,,4.444722,0.547853,0,0,5,2037.684928
HD 22484_7,HD 22484,3.201,0.074,0.943,1.501,13.9204,1.14,3.067609,,,3.427425,0.271279,0,0,5,2037.684928
HD 34411_0,HD 34411,0.295,0.082,3.192,8.429,12.5625,1.08,1.731809,,,0.313832,0.283696,0,0,4,2037.718109
HD 34411_1,HD 34411,1.539,0.078,0.897,0.713,12.5625,1.08,1.731809,,,1.555956,0.12272,0,1,4,2037.718109
HD 34411_3,HD 34411,1.691,0.074,0.798,0.808,12.5625,1.08,1.731809,0.09892,343.51984,1.65357,0.726608,1,1,4,2037.718109
HD 101501_3,HD 101501,0.112,0.069,1.262,2.497,9.5762,0.94,0.608976,,,0.113436,0.879381,0,0,7,2037.729489
HD 101501_7,HD 101501,0.888,0.054,0.887,0.333,9.5762,0.94,0.608976,,,0.935153,0.080603,0,3,7,2037.729489
HD 55575_0,HD 55575,1.084,0.09,0.727,0.186,16.8518,1.14,1.462851,,,1.146051,0.24011,0,0,8,2037.755467
HD 55575_1,HD 55575,0.133,0.053,0.578,0.677,16.8518,1.14,1.462851,,,0.135211,0.022117,0,0,8,2037.755467
HD 26965 A_1,HD 26965 A,0.482,0.058,1.38,2.403,5.0098,0.86,0.409732,0.085379,279.638566,0.456541,0.529184,1,3,8,2037.810093
HD 26965 A_2,HD 26965 A,0.345,0.049,0.5,0.06,5.0098,0.86,0.409732,,,0.32885,0.641426,0,0,8,2037.810093
HD 20807_0,HD 20807,0.337,0.072,1.793,3.234,12.0394,1.07,1.016951,,,0.326901,0.780949,0,0,6,2037.863368
HD 20807_1,HD 20807,1.546,0.069,0.954,0.846,12.0394,1.07,1.016951,,,1.463538,0.07667,0,3,6,2037.863368
HD 20807_2,HD 20807,2.979,0.055,2.038,8.298,12.0394,1.07,1.016951,0.156115,68.565735,2.903227,0.784085,1,2,6,2037.863368
HD 128167_0,HD 128167,1.283,0.14,1.15,1.29,15.756,1.39,3.181999,,,1.355072,0.011818,0,1,5,2037.871108
HD 128167_2,HD 128167,3.433,0.063,1.328,2.483,15.756,1.39,3.181999,,,3.584674,0.57193,0,0,5,2037.871108
HD 128167_3,HD 128167,4.878,0.117,2.132,5.678,15.756,1.39,3.181999,0.158821,225.869632,4.483248,0.844489,1,1,5,2037.871108
HD 128167_4,HD 128167,1.323,0.044,1.923,2.477,15.756,1.39,3.181999,,,1.361797,0.034268,0,0,5,2037.871108
HD 90839_0,HD 90839,3.665,0.022,0.781,0.186,12.9452,1.18,1.605092,,,3.740877,0.623843,0,0,8,2037.880875
HD 90839_1,HD 90839,0.191,0.094,1.403,2.751,12.9452,1.18,1.605092,,,0.193578,0.713678,0,0,8,2037.880875
HD 90839_2,HD 90839,3.378,0.112,1.125,1.619,12.9452,1.18,1.605092,,,3.542134,0.023164,0,0,8,2037.880875
HD 90839_5,HD 90839,0.15,0.051,2.273,4.226,12.9452,1.18,1.605092,,,0.156864,0.594932,0,0,8,2037.880875
HD 17206_0,HD 17206,1.742,0.09,0.885,1.25,14.2764,1.21,2.616978,0.105509,291.692515,1.615876,0.507684,1,1,6,2037.899873
HD 17206_1,HD 17206,0.879,0.039,2.253,5.781,14.2764,1.21,2.616978,,,0.898342,0.18129,0,0,6,2037.899873
HD 17206_2,HD 17206,0.485,0.035,0.762,0.888,14.2764,1.21,2.616978,,,0.489719,0.616432,0,0,6,2037.899873
HD 84117_2,HD 84117,0.48,0.183,0.807,0.707,14.9515,1.14,1.977425,,,0.3925,0.727816,0,0,7,2037.927562
HD 84117_3,HD 84117,2.469,0.127,0.583,0.157,14.9515,1.14,1.977425,,,2.781767,0.440589,0,0,7,2037.927562
HD 84117_5,HD 84117,2.421,0.095,0.605,0.239,14.9515,1.14,1.977425,,,2.545904,0.255164,0,0,7,2037.927562
HD 95128_1,HD 95128,2.285,0.074,0.586,0.282,13.8875,1.07,1.576885,,,2.250494,0.777046,0,0,8,2037.99004
HD 95128_2,HD 95128,4.586,0.035,0.538,0.083,13.8875,1.07,1.576885,,,4.685636,0.135097,0,0,8,2037.99004
HD 95128_3,HD 95128,0.343,0.031,2.771,10.086,13.8875,1.07,1.576885,,,0.353302,0.031584,0,0,8,2037.99004
HD 95128_4,HD 95128,2.15,0.173,1.218,6.511,13.8875,1.07,1.576885,,,2.521228,0.190145,0,0,8,2037.99004
HD 95128_5,HD 95128,0.6,0.105,2.299,8.137,13.8875,1.07,1.576885,,,0.566666,0.283759,0,0,8,2037.99004
HD 95128_6,HD 95128,0.335,0.024,2.419,8.582,13.8875,1.07,1.576885,,,0.328287,0.633218,0,0,8,2037.99004
HD 95128_7,HD 95128,0.847,0.089,1.394,3.129,13.8875,1.07,1.576885,,,0.901851,0.202596,0,0,8,2037.99004
HD 95128_8,HD 95128,0.588,0.034,2.182,8.46,13.8875,1.07,1.576885,,,0.568044,0.447484,0,0,8,2037.99004
HD 693_0,HD 693,1.045,0.058,1.136,2.579,18.8861,1.18,2.997091,,,0.991623,0.179625,0,0,4,2038.00801
HD 693_1,HD 693,0.139,0.106,2.768,7.407,18.8861,1.18,2.997091,,,0.138614,0.642832,0,0,4,2038.00801
HD 693_3,HD 693,1.448,0.069,1.975,3.042,18.8861,1.18,2.997091,,,1.517307,0.430988,0,0,4,2038.00801
HD 693_4,HD 693,1.744,0.105,1.392,2.348,18.8861,1.18,2.997091,0.091713,315.414699,1.865777,0.573877,1,3,4,2038.00801
HD 693_5,HD 693,2.909,0.1,1.423,2.794,18.8861,1.18,2.997091,0.117924,205.655427,3.108366,0.753114,1,1,4,2038.00801
HD 693_6,HD 693,2.914,0.024,0.574,0.316,18.8861,1.18,2.997091,,,2.885865,0.010133,0,0,4,2038.00801
HD 693_7,HD 693,3.93,0.01,2.298,5.004,18.8861,1.18,2.997091,0.128841,28.323032,3.895759,0.809453,1,2,4,2038.00801
HD 43386_0,HD 43386,2.541,0.037,0.504,0.177,19.5879,1.33,2.956651,,,2.583731,0.041765,0,0,6,2038.034621
HD 43386_1,HD 43386,1.141,0.101,1.584,2.873,19.5879,1.33,2.956651,,,1.1433,0.533903,0,0,6,2038.034621
HD 43386_3,HD 43386,0.289,0.045,1.072,0.429,19.5879,1.33,2.956651,,,0.276036,0.499236,0,0,6,2038.034621
HD 43042_0,HD 43042,4.095,0.078,0.558,0.185,21.7763,1.29,2.935621,,,4.275315,0.586375,0,0,6,2038.072458
HD 43042_1,HD 43042,0.434,0.11,0.533,0.05,21.7763,1.29,2.935621,,,0.390172,0.765167,0,0,6,2038.072458
HD 43042_3,HD 43042,0.724,0.14,0.733,0.758,21.7763,1.29,2.935621,,,0.650728,0.095446,0,0,6,2038.072458
HD 128620_0,HD 128620,1.567,0.074,0.945,0.738,1.3319,1.11,1.520898,,,1.626754,0.595071,0,1,5,2038.073862
HD 128620_1,HD 128620,1.266,0.016,1.198,6.221,1.3319,1.11,1.520898,0.856173,345.513291,1.285048,0.585698,1,3,5,2038.073862
HD 210302_0,HD 210302,0.937,0.087,1.293,2.482,18.4579,1.25,2.918099,,,1.018247,0.311284,0,0,6,2038.096972
HD 210302_1,HD 210302,0.316,0.034,0.672,0.291,18.4579,1.25,2.918099,,,0.31561,0.423355,0,0,6,2038.096972
HD 210302_2,HD 210302,0.162,0.125,0.82,0.565,18.4579,1.25,2.918099,,,0.143148,0.011937,0,0,6,2038.096972
HD 210302_3,HD 210302,0.925,0.123,2.909,15.97,18.4579,1.25,2.918099,,,0.911249,0.058641,0,0,6,2038.096972
HD 210302_4,HD 210302,1.629,0.122,1.727,5.061,18.4579,1.25,2.918099,,,1.793174,0.097367,0,0,6,2038.096972
HD 17051_0,HD 17051,1.593,0.055,0.8,0.166,17.3572,1.14,1.737401,,,1.505908,0.020865,0,0,8,2038.117983
HD 17051_1,HD 17051,2.146,0.107,1.035,0.971,17.3572,1.14,1.737401,,,2.324298,0.211629,0,0,8,2038.117983
HD 17051_2,HD 17051,4.311,0.108,1.302,2.591,17.3572,1.14,1.737401,,,3.985477,0.046776,0,0,8,2038.117983
HD 203608_0,HD 203608,2.203,0.092,1.79,3.488,9.2584,1.14,1.465548,0.202714,44.69222,2.013772,0.542973,1,3,5,2038.147516
HD 203608_1,HD 203608,2.342,0.1,0.502,0.104,9.2584,1.14,1.465548,,,2.569479,0.928836,0,0,5,2038.147516
HD 203608_2,HD 203608,2.74,0.062,1.086,1.189,9.2584,1.14,1.465548,,,2.85998,0.622763,0,1,5,2038.147516
HD 203608_5,HD 203608,4.293,0.038,0.929,0.698,9.2584,1.14,1.465548,,,4.365709,0.165614,0,0,5,2038.147516
HD 203608_6,HD 203608,0.526,0.072,0.985,0.486,9.2584,1.14,1.465548,,,0.561634,0.285795,0,0,5,2038.147516
HD 38393_0,HD 38393,0.205,0.072,1.088,1.383,8.905,1.23,2.344229,,,0.219448,0.037411,0,0,7,2038.174052
HD 38393_1,HD 38393,3.39,0.099,0.656,0.073,8.905,1.23,2.344229,,,3.056077,0.640049,0,0,7,2038.174052
HD 38393_3,HD 38393,0.355,0.086,1.549,2.098,8.905,1.23,2.344229,,,0.37311,0.037598,0,0,7,2038.174052
HD 38393_4,HD 38393,4.373,0.052,1.208,1.876,8.905,1.23,2.344229,,,4.471974,0.4205,0,0,7,2038.174052
HD 209100_0,HD 209100,2.433,0.127,0.524,0.078,3.6384,0.72,0.22182,,,2.355963,0.259836,0,0,6,2038.181688
HD 209100_1,HD 209100,1.218,0.094,0.54,0.224,3.6384,0.72,0.22182,0.220638,69.052317,1.15716,0.765331,1,2,6,2038.181688
HD 209100_2,HD 209100,0.989,0.073,1.925,7.679,3.6384,0.72,0.22182,0.188063,318.523525,0.954382,0.050158,1,6,6,2038.181688
HD 209100_4,HD 209100,3.542,0.022,2.632,11.464,3.6384,0.72,0.22182,0.961114,143.055871,3.540314,0.401221,1,6,6,2038.181688
HD 209100_5,HD 209100,0.635,0.076,0.931,0.965,3.6384,0.72,0.22182,0.161856,269.441978,0.600841,0.22765,1,6,6,2038.181688
HD 209100_6,HD 209100,1.701,0.082,0.885,1.719,3.6384,0.72,0.22182,,,1.583862,0.038851,0,1,6,2038.181688
HD 209100_8,HD 209100,2.097,0.099,2.488,10.973,3.6384,0.72,0.22182,0.514219,337.877661,1.929431,0.213407,1,4,6,2038.181688
HD 209100_9,HD 209100,0.782,0.071,2.297,6.298,3.6384,0.72,0.22182,0.178578,288.665749,0.837163,0.689353,1,6,6,2038.181688
HD 209100_10,HD 209100,0.182,0.056,2.026,7.17,3.6384,0.72,0.22182,,,0.183045,0.458106,0,0,6,2038.181688
HD 209100_11,HD 209100,0.917,0.107,1.174,2.417,3.6384,0.72,0.22182,0.204527,308.011709,0.887419,0.088173,1,4,6,2038.181688
HD 84737_0,HD 84737,0.596,0.087,1.352,1.551,18.8226,1.08,2.795117,,,0.562354,0.107086,0,0,6,2038.232702
HD 84737_1,HD 84737,3.025,0.071,1.189,1.926,18.8226,1.08,2.795117,,,3.22055,0.311476,0,0,6,2038.232702
HD 84737_2,HD 84737,1.078,0.014,1.079,0.698,18.8226,1.08,2.795117,,,1.074801,0.012518,0,0,6,2038.232702
HD 84737_3,HD 84737,3.774,0.025,0.833,0.848,18.8226,1.08,2.795117,,,3.868031,0.207368,0,0,6,2038.232702
HD 84737_4,HD 84737,0.254,0.074,3.133,13.741,18.8226,1.08,2.795117,,,0.2367,0.577422,0,0,6,2038.232702
HD 84737_5,HD 84737,2.993,0.205,0.508,0.086,18.8226,1.08,2.795117,,,2.576361,0.220493,0,0,6,2038.232702
HD 134083_0,HD 134083,0.116,0.07,1.9,7.058,19.536,1.33,3.254618,,,0.113603,0.010059,0,0,6,2038.253517
HD 134083_1,HD 134083,0.36,0.097,1.358,2.746,19.536,1.33,3.254618,,,0.392169,0.49424,0,0,6,2038.253517
HD 134083_3,HD 134083,0.749,0.13,0.881,0.684,19.536,1.33,3.254618,,,0.754037,0.036219,0,0,6,2038.253517
HD 134083_4,HD 134083,0.959,0.114,0.591,0.338,19.536,1.33,3.254618,,,1.062676,0.07263,0,0,6,2038.253517
HD 128621_0,HD 128621,0.181,0.076,0.591,0.281,1.3319,0.94,0.503037,0.136125,212.157652,0.182471,0.326185,1,4,6,2038.305853
HD 128621_1,HD 128621,3.969,0.152,0.756,0.624,1.3319,0.94,0.503037,,,4.54603,0.632323,0,0,6,2038.305853
HD 128621_3,HD 128621,4.377,0.084,0.667,0.424,1.3319,0.94,0.503037,,,4.485944,0.261502,0,0,6,2038.305853
HD 128621_4,HD 128621,1.135,0.055,1.179,1.502,1.3319,0.94,0.503037,0.772451,160.682125,1.07903,0.481452,1,4,6,2038.305853
HD 10361_1,HD 10361,0.761,0.025,1.303,2.715,8.1965,0.77,0.303879,,,0.742349,0.015949,0,5,6,2038.322312
HD 10361_2,HD 10361,0.985,0.066,0.785,0.596,8.1965,0.77,0.303879,,,1.020669,0.030577,0,2,6,2038.322312
HD 10361_3,HD 10361,1.525,0.07,0.586,0.784,8.1965,0.77,0.303879,,,1.437528,0.086299,0,0,6,2038.322312
HD 10361_4,HD 10361,4.037,0.084,0.501,0.084,8.1965,0.77,0.303879,,,4.371904,0.00017,0,0,6,2038.322312
HD 84117_2,HD 84117,0.48,0.183,0.807,0.707,14.9515,1.14,1.977425,,,0.563106,0.033886,0,0,8,2038.409759
HD 84117_3,HD 84117,2.469,0.127,0.583,0.157,14.9515,1.14,1.977425,,,2.713967,0.14609,0,0,8,2038.409759
HD 84117_5,HD 84117,2.421,0.095,0.605,0.239,14.9515,1.14,1.977425,,,2.646459,0.448739,0,0,8,2038.409759
HD 46588 A_0,HD 46588 A,1.961,0.092,1.375,5.123,18.2023,1.18,1.825997,,,2.136895,0.272375,0,3,5,2038.499084
HD 46588 A_2,HD 46588 A,0.149,0.051,1.651,3.767,18.2023,1.18,1.825997,,,0.152508,0.223183,0,0,5,2038.499084
HD 46588 A_4,HD 46588 A,0.634,0.042,1.252,1.899,18.2023,1.18,1.825997,,,0.638967,0.327269,0,0,5,2038.499084
HD 46588 A_5,HD 46588 A,0.119,0.052,0.593,0.101,18.2023,1.18,1.825997,,,0.114189,0.309878,0,0,5,2038.499084
HD 46588 A_6,HD 46588 A,0.647,0.045,2.121,5.747,18.2023,1.18,1.825997,,,0.659983,0.910402,0,0,5,2038.499084
HD 46588 A_7,HD 46588 A,1.085,0.088,1.256,5.584,18.2023,1.18,1.825997,,,1.163871,0.008906,0,0,5,2038.499084
HD 46588 A_8,HD 46588 A,2.008,0.017,0.521,0.08,18.2023,1.18,1.825997,,,1.976525,0.454351,0,0,5,2038.499084
HD 10780_0,HD 10780,0.841,0.11,1.077,1.181,10.0411,0.9,0.515941,0.076914,39.871368,0.86898,0.180573,1,2,5,2038.503442
HD 10780_3,HD 10780,2.25,0.098,1.348,1.367,10.0411,0.9,0.515941,0.108942,295.257306,2.246799,0.874219,1,3,5,2038.503442
HD 10780_4,HD 10780,2.669,0.102,2.513,12.001,10.0411,0.9,0.515941,0.228375,261.759453,2.611557,0.613225,1,3,5,2038.503442
HD 34411_0,HD 34411,0.295,0.082,3.192,8.429,12.5625,1.08,1.731809,,,0.318851,0.370173,0,0,5,2038.510446
HD 34411_1,HD 34411,1.539,0.078,0.897,0.713,12.5625,1.08,1.731809,,,1.589877,0.260567,0,1,5,2038.510446
HD 34411_3,HD 34411,1.691,0.074,0.798,0.808,12.5625,1.08,1.731809,,,1.807251,0.039725,0,1,5,2038.510446
HD 101501_3,HD 101501,0.112,0.069,1.262,2.497,9.5762,0.94,0.608976,,,0.10903,0.855795,0,0,8,2038.544906
HD 101501_7,HD 101501,0.888,0.054,0.887,0.333,9.5762,0.94,0.608976,,,0.935396,0.024877,0,3,8,2038.544906
HD 39091_1,HD 39091,3.12,0.028,1.191,1.952,18.2874,1.08,1.533204,,,3.145414,0.633924,0,0,7,2038.546276
HD 39091_2,HD 39091,2.865,0.029,0.677,0.089,18.2874,1.08,1.533204,,,2.847926,0.264012,0,0,7,2038.546276
HD 39091_3,HD 39091,3.55,0.072,1.069,0.919,18.2874,1.08,1.533204,,,3.466334,0.205771,0,0,7,2038.546276
HD 39091_4,HD 39091,4.534,0.027,1.234,1.811,18.2874,1.08,1.533204,,,4.627841,0.000121,0,0,7,2038.546276
HD 39091_5,HD 39091,1.437,0.051,1.31,1.974,18.2874,1.08,1.533204,,,1.477034,0.505831,0,1,7,2038.546276
HD 39091_6,HD 39091,0.67,0.012,2.604,6.457,18.2874,1.08,1.533204,,,0.676124,0.484808,0,0,7,2038.546276
HD 128620_0,HD 128620,1.567,0.074,0.945,0.738,1.3319,1.11,1.520898,,,1.46157,0.004903,0,1,6,2038.562875
HD 128620_1,HD 128620,1.266,0.016,1.198,6.221,1.3319,1.11,1.520898,,,1.248466,0.03705,0,3,6,2038.562875
HD 30495_0,HD 30495,1.934,0.08,0.989,1.288,13.24,1.04,0.966273,,,1.845519,0.084584,0,3,7,2038.628657
HD 30495_2,HD 30495,0.416,0.06,1.179,0.557,13.24,1.04,0.966273,,,0.436065,0.115699,0,0,7,2038.628657
HD 30495_3,HD 30495,1.848,0.089,0.623,0.48,13.24,1.04,0.966273,,,1.989479,0.018098,0,0,7,2038.628657
HD 43386_0,HD 43386,2.541,0.037,0.504,0.177,19.5879,1.33,2.956651,,,2.634897,0.003009,0,0,7,2038.638257
HD 43386_1,HD 43386,1.141,0.101,1.584,2.873,19.5879,1.33,2.956651,,,1.110458,0.165309,0,0,7,2038.638257
HD 43386_3,HD 43386,0.289,0.045,1.072,0.429,19.5879,1.33,2.956651,,,0.30194,0.118387,0,0,7,2038.638257
HD 20766_0,HD 20766,1.336,0.161,1.674,3.092,12.0447,1.01,0.794328,,,1.158421,0.669118,0,3,6,2038.649443
HD 20766_1,HD 20766,0.327,0.097,2.659,6.922,12.0447,1.01,0.794328,,,0.295335,0.005199,0,0,6,2038.649443
HD 20766_4,HD 20766,1.915,0.031,0.912,0.441,12.0447,1.01,0.794328,,,1.903469,0.010378,0,1,6,2038.649443
HD 43042_0,HD 43042,4.095,0.078,0.558,0.185,21.7763,1.29,2.935621,,,4.37911,0.405037,0,0,7,2038.682109
HD 43042_1,HD 43042,0.434,0.11,0.533,0.05,21.7763,1.29,2.935621,,,0.469354,0.083595,0,0,7,2038.682109
HD 43042_3,HD 43042,0.724,0.14,0.733,0.758,21.7763,1.29,2.935621,,,0.725978,0.425551,0,0,7,2038.682109
HD 38393_0,HD 38393,0.205,0.072,1.088,1.383,8.905,1.23,2.344229,,,0.206647,0.109328,0,0,8,2038.701462
HD 38393_1,HD 38393,3.39,0.099,0.656,0.073,8.905,1.23,2.344229,,,3.103936,0.87985,0,0,8,2038.701462
HD 38393_3,HD 38393,0.355,0.086,1.549,2.098,8.905,1.23,2.344229,,,0.3824,0.154309,0,0,8,2038.701462
HD 38393_4,HD 38393,4.373,0.052,1.208,1.876,8.905,1.23,2.344229,,,4.54234,0.629482,0,0,8,2038.701462
HD 210302_0,HD 210302,0.937,0.087,1.293,2.482,18.4579,1.25,2.918099,,,0.9562,0.160138,0,0,7,2038.713526
HD 210302_1,HD 210302,0.316,0.034,0.672,0.291,18.4579,1.25,2.918099,,,0.308178,0.104075,0,0,7,2038.713526
HD 210302_2,HD 210302,0.162,0.125,0.82,0.565,18.4579,1.25,2.918099,,,0.180344,0.601423,0,0,7,2038.713526
HD 210302_3,HD 210302,0.925,0.123,2.909,15.97,18.4579,1.25,2.918099,,,0.811731,0.690404,0,0,7,2038.713526
HD 210302_4,HD 210302,1.629,0.122,1.727,5.061,18.4579,1.25,2.918099,,,1.449406,0.899107,0,0,7,2038.713526
HD 209100_0,HD 209100,2.433,0.127,0.524,0.078,3.6384,0.72,0.22182,,,2.154902,0.763721,0,0,7,2038.75135
HD 209100_1,HD 209100,1.218,0.094,0.54,0.224,3.6384,0.72,0.22182,,,1.332377,0.313151,0,2,7,2038.75135
HD 209100_2,HD 209100,0.989,0.073,1.925,7.679,3.6384,0.72,0.22182,0.22483,156.241531,1.034087,0.678813,1,7,7,2038.75135
HD 209100_4,HD 209100,3.542,0.022,2.632,11.464,3.6384,0.72,0.22182,,,3.574619,0.213865,0,6,7,2038.75135
HD 209100_5,HD 209100,0.635,0.076,0.931,0.965,3.6384,0.72,0.22182,0.159301,283.297814,0.612051,0.309774,1,7,7,2038.75135
HD 209100_6,HD 209100,1.701,0.082,0.885,1.719,3.6384,0.72,0.22182,0.337939,119.284431,1.614715,0.725642,1,2,7,2038.75135
HD 209100_8,HD 209100,2.097,0.099,2.488,10.973,3.6384,0.72,0.22182,0.36219,297.637161,1.912132,0.766284,1,5,7,2038.75135
HD 209100_9,HD 209100,0.782,0.071,2.297,6.298,3.6384,0.72,0.22182,0.203267,38.181283,0.761587,0.377488,1,7,7,2038.75135
HD 209100_10,HD 209100,0.182,0.056,2.026,7.17,3.6384,0.72,0.22182,,,0.191734,0.325713,0,0,7,2038.75135
HD 209100_11,HD 209100,0.917,0.107,1.174,2.417,3.6384,0.72,0.22182,0.264321,91.900739,0.987565,0.44292,1,5,7,2038.75135
HD 20807_0,HD 20807,0.337,0.072,1.793,3.234,12.0394,1.07,1.016951,,,0.360591,0.23643,0,0,7,2038.862891
HD 20807_1,HD 20807,1.546,0.069,0.954,0.846,12.0394,1.07,1.016951,0.112512,222.744952,1.618054,0.658707,1,4,7,2038.862891
HD 20807_2,HD 20807,2.979,0.055,2.038,8.298,12.0394,1.07,1.016951,0.190765,311.362258,2.819665,0.671894,1,3,7,2038.862891
HD 128167_0,HD 128167,1.283,0.14,1.15,1.29,15.756,1.39,3.181999,,,1.152905,0.065981,0,1,6,2038.870356
HD 128167_2,HD 128167,3.433,0.063,1.328,2.483,15.756,1.39,3.181999,,,3.354272,0.129086,0,0,6,2038.870356
HD 128167_3,HD 128167,4.878,0.117,2.132,5.678,15.756,1.39,3.181999,,,4.307735,0.486578,0,1,6,2038.870356
HD 128167_4,HD 128167,1.323,0.044,1.923,2.477,15.756,1.39,3.181999,,,1.373408,0.06409,0,0,6,2038.870356
HD 84737_0,HD 84737,0.596,0.087,1.352,1.551,18.8226,1.08,2.795117,,,0.622277,0.631065,0,0,7,2038.87493
HD 84737_1,HD 84737,3.025,0.071,1.189,1.926,18.8226,1.08,2.795117,,,3.105447,0.71469,0,0,7,2038.87493
HD 84737_2,HD 84737,1.078,0.014,1.079,0.698,18.8226,1.08,2.795117,,,1.089255,0.666887,0,0,7,2038.87493
HD 84737_3,HD 84737,3.774,0.025,0.833,0.848,18.8226,1.08,2.795117,,,3.849596,0.461168,0,0,7,2038.87493
HD 84737_4,HD 84737,0.254,0.074,3.133,13.741,18.8226,1.08,2.795117,,,0.245199,0.642949,0,0,7,2038.87493
HD 84737_5,HD 84737,2.993,0.205,0.508,0.086,18.8226,1.08,2.795117,,,2.388384,0.089262,0,0,7,2038.87493
HD 17206_0,HD 17206,1.742,0.09,0.885,1.25,14.2764,1.21,2.616978,,,1.885887,0.175707,0,1,7,2038.899299
HD 17206_1,HD 17206,0.879,0.039,2.253,5.781,14.2764,1.21,2.616978,,,0.895664,0.057308,0,0,7,2038.899299
HD 17206_2,HD 17206,0.485,0.035,0.762,0.888,14.2764,1.21,2.616978,,,0.501346,0.866019,0,0,7,2038.899299
HD 134083_0,HD 134083,0.116,0.07,1.9,7.058,19.536,1.33,3.254618,,,0.117635,0.001689,0,0,7,2038.902226
HD 134083_1,HD 134083,0.36,0.097,1.358,2.746,19.536,1.33,3.254618,,,0.326332,0.156245,0,0,7,2038.902226
HD 134083_3,HD 134083,0.749,0.13,0.881,0.684,19.536,1.33,3.254618,,,0.829061,0.028699,0,0,7,2038.902226
HD 134083_4,HD 134083,0.959,0.114,0.591,0.338,19.536,1.33,3.254618,,,1.032581,0.101069,0,0,7,2038.902226
HD 20766_0,HD 20766,1.336,0.161,1.674,3.092,12.0447,1.01,0.794328,0.114723,48.910299,1.368933,0.407085,1,4,7,2038.907932
HD 20766_1,HD 20766,0.327,0.097,2.659,6.922,12.0447,1.01,0.794328,,,0.35158,0.679348,0,0,7,2038.907932
HD 20766_4,HD 20766,1.915,0.031,0.912,0.441,12.0447,1.01,0.794328,,,1.939116,0.006457,0,1,7,2038.907932
HD 46588 A_0,HD 46588 A,1.961,0.092,1.375,5.123,18.2023,1.18,1.825997,0.110841,357.583492,2.086768,0.383009,1,4,6,2038.945546
HD 46588 A_2,HD 46588 A,0.149,0.051,1.651,3.767,18.2023,1.18,1.825997,,,0.143139,0.261647,0,0,6,2038.945546
HD 46588 A_4,HD 46588 A,0.634,0.042,1.252,1.899,18.2023,1.18,1.825997,,,0.632345,0.445421,0,0,6,2038.945546
HD 46588 A_5,HD 46588 A,0.119,0.052,0.593,0.101,18.2023,1.18,1.825997,,,0.122957,0.322772,0,0,6,2038.945546
HD 46588 A_6,HD 46588 A,0.647,0.045,2.121,5.747,18.2023,1.18,1.825997,,,0.669394,0.900853,0,0,6,2038.945546
HD 46588 A_7,HD 46588 A,1.085,0.088,1.256,5.584,18.2023,1.18,1.825997,,,1.048316,0.577026,0,0,6,2038.945546
HD 46588 A_8,HD 46588 A,2.008,0.017,0.521,0.08,18.2023,1.18,1.825997,,,1.981696,0.779795,0,0,6,2038.945546
HD 39091_1,HD 39091,3.12,0.028,1.191,1.952,18.2874,1.08,1.533204,,,3.18103,0.486239,0,0,8,2038.955621
HD 39091_2,HD 39091,2.865,0.029,0.677,0.089,18.2874,1.08,1.533204,,,2.807421,0.071109,0,0,8,2038.955621
HD 39091_3,HD 39091,3.55,0.072,1.069,0.919,18.2874,1.08,1.533204,,,3.376077,0.091896,0,0,8,2038.955621
HD 39091_4,HD 39091,4.534,0.027,1.234,1.811,18.2874,1.08,1.533204,,,4.603281,0.002796,0,0,8,2038.955621
HD 39091_5,HD 39091,1.437,0.051,1.31,1.974,18.2874,1.08,1.533204,,,1.37581,0.345413,0,1,8,2038.955621
HD 39091_6,HD 39091,0.67,0.012,2.604,6.457,18.2874,1.08,1.533204,,,0.676239,0.11397,0,0,8,2038.955621
HD 10361_1,HD 10361,0.761,0.025,1.303,2.715,8.1965,0.77,0.303879,,,0.745588,0.084832,0,5,7,2038.981386
HD 10361_2,HD 10361,0.985,0.066,0.785,0.596,8.1965,0.77,0.303879,0.122798,81.326085,0.992504,0.421256,1,3,7,2038.981386
HD 10361_3,HD 10361,1.525,0.07,0.586,0.784,8.1965,0.77,0.303879,,,1.509977,0.533237,0,0,7,2038.981386
HD 10361_4,HD 10361,4.037,0.084,0.501,0.084,8.1965,0.77,0.303879,,,4.321902,0.012916,0,0,7,2038.981386
HD 693_0,HD 693,1.045,0.058,1.136,2.579,18.8861,1.18,2.997091,,,0.988925,0.223704,0,0,5,2039.007483
HD 693_1,HD 693,0.139,0.106,2.768,7.407,18.8861,1.18,2.997091,,,0.15169,0.13935,0,0,5,2039.007483
HD 693_3,HD 693,1.448,0.069,1.975,3.042,18.8861,1.18,2.997091,,,1.34846,0.069114,0,0,5,2039.007483
HD 693_4,HD 693,1.744,0.105,1.392,2.348,18.8861,1.18,2.997091,,,1.677459,0.025526,0,3,5,2039.007483
HD 693_5,HD 693,2.909,0.1,1.423,2.794,18.8861,1.18,2.997091,,,3.17178,0.160516,0,1,5,2039.007483
HD 693_6,HD 693,2.914,0.024,0.574,0.316,18.8861,1.18,2.997091,,,2.970864,0.429272,0,0,5,2039.007483
HD 693_7,HD 693,3.93,0.01,2.298,5.004,18.8861,1.18,2.997091,0.159238,311.629692,3.893376,0.71995,1,3,5,2039.007483
HD 128620_0,HD 128620,1.567,0.074,0.945,0.738,1.3319,1.11,1.520898,,,1.531231,0.252293,0,1,7,2039.03271
HD 128620_1,HD 128620,1.266,0.016,1.198,6.221,1.3319,1.11,1.520898,0.838451,109.834269,1.268267,0.597341,1,4,7,2039.03271
HD 203608_0,HD 203608,2.203,0.092,1.79,3.488,9.2584,1.14,1.465548,,,2.350578,0.080697,0,3,6,2039.117615
HD 203608_1,HD 203608,2.342,0.1,0.502,0.104,9.2584,1.14,1.465548,,,2.247053,0.410458,0,0,6,2039.117615
HD 203608_2,HD 203608,2.74,0.062,1.086,1.189,9.2584,1.14,1.465548,0.081076,136.826572,2.882942,0.968046,1,2,6,2039.117615
HD 203608_5,HD 203608,4.293,0.038,0.929,0.698,9.2584,1.14,1.465548,,,4.249965,0.50176,0,0,6,2039.117615
HD 203608_6,HD 203608,0.526,0.072,0.985,0.486,9.2584,1.14,1.465548,,,0.534812,0.038989,0,0,6,2039.117615
HD 128621_0,HD 128621,0.181,0.076,0.591,0.281,1.3319,0.94,0.503037,0.118402,10.409538,0.186358,0.62262,1,5,7,2039.139901
HD 128621_1,HD 128621,3.969,0.152,0.756,0.624,1.3319,0.94,0.503037,,,4.35928,0.497902,0,0,7,2039.139901
HD 128621_3,HD 128621,4.377,0.084,0.667,0.424,1.3319,0.94,0.503037,,,4.285022,0.541119,0,0,7,2039.139901
HD 128621_4,HD 128621,1.135,0.055,1.179,1.502,1.3319,0.94,0.503037,,,1.186563,0.081765,0,4,7,2039.139901
HD 209100_0,HD 209100,2.433,0.127,0.524,0.078,3.6384,0.72,0.22182,,,2.129439,0.990162,0,0,8,2039.149779
HD 209100_1,HD 209100,1.218,0.094,0.54,0.224,3.6384,0.72,0.22182,,,1.222043,0.02439,0,2,8,2039.149779
HD 209100_2,HD 209100,0.989,0.073,1.925,7.679,3.6384,0.72,0.22182,0.250188,18.197946,0.916837,0.288852,1,8,8,2039.149779
HD 209100_4,HD 209100,3.542,0.022,2.632,11.464,3.6384,0.72,0.22182,,,3.594927,0.12018,0,6,8,2039.149779
HD 209100_5,HD 209100,0.635,0.076,0.931,0.965,3.6384,0.72,0.22182,0.151545,40.587199,0.683207,0.646008,1,8,8,2039.149779
HD 209100_6,HD 209100,1.701,0.082,0.885,1.719,3.6384,0.72,0.22182,0.092705,348.828813,1.742774,0.981243,1,3,8,2039.149779
HD 209100_8,HD 209100,2.097,0.099,2.488,10.973,3.6384,0.72,0.22182,0.26653,219.116436,2.025653,0.884831,1,6,8,2039.149779
HD 209100_9,HD 209100,0.782,0.071,2.297,6.298,3.6384,0.72,0.22182,0.217061,231.617124,0.812062,0.36878,1,8,8,2039.149779
HD 209100_10,HD 209100,0.182,0.056,2.026,7.17,3.6384,0.72,0.22182,,,0.180635,0.19669,0,0,8,2039.149779
HD 209100_11,HD 209100,0.917,0.107,1.174,2.417,3.6384,0.72,0.22182,,,0.926669,0.062684,0,5,8,2039.149779
HD 43386_0,HD 43386,2.541,0.037,0.504,0.177,19.5879,1.33,2.956651,,,2.592092,0.194413,0,0,8,2039.241893
HD 43386_1,HD 43386,1.141,0.101,1.584,2.873,19.5879,1.33,2.956651,,,1.229589,0.170857,0,0,8,2039.241893
HD 43386_3,HD 43386,0.289,0.045,1.072,0.429,19.5879,1.33,2.956651,,,0.276566,0.696745,0,0,8,2039.241893
HD 43042_0,HD 43042,4.095,0.078,0.558,0.185,21.7763,1.29,2.935621,,,4.41438,0.241936,0,0,8,2039.291761
HD 43042_1,HD 43042,0.434,0.11,0.533,0.05,21.7763,1.29,2.935621,,,0.424259,0.257551,0,0,8,2039.291761
HD 43042_3,HD 43042,0.724,0.14,0.733,0.758,21.7763,1.29,2.935621,,,0.794182,0.768086,0,0,8,2039.291761
HD 34411_0,HD 34411,0.295,0.082,3.192,8.429,12.5625,1.08,1.731809,,,0.304114,0.437434,0,0,6,2039.306894
HD 34411_1,HD 34411,1.539,0.078,0.897,0.713,12.5625,1.08,1.731809,0.113228,318.073156,1.459292,0.453092,1,2,6,2039.306894
HD 34411_3,HD 34411,1.691,0.074,0.798,0.808,12.5625,1.08,1.731809,0.11857,107.980571,1.575751,0.487599,1,2,6,2039.306894
HD 210302_0,HD 210302,0.937,0.087,1.293,2.482,18.4579,1.25,2.918099,,,0.85778,0.292195,0,0,8,2039.33008
HD 210302_1,HD 210302,0.316,0.034,0.672,0.291,18.4579,1.25,2.918099,,,0.305264,0.005841,0,0,8,2039.33008
HD 210302_2,HD 210302,0.162,0.125,0.82,0.565,18.4579,1.25,2.918099,,,0.159207,0.612584,0,0,8,2039.33008
HD 210302_3,HD 210302,0.925,0.123,2.909,15.97,18.4579,1.25,2.918099,,,0.930139,0.652812,0,0,8,2039.33008
HD 210302_4,HD 210302,1.629,0.122,1.727,5.061,18.4579,1.25,2.918099,,,1.676483,0.074601,0,0,8,2039.33008
HD 10780_0,HD 10780,0.841,0.11,1.077,1.181,10.0411,0.9,0.515941,0.081034,22.629696,0.894114,0.13348,1,3,6,2039.357727
HD 10780_3,HD 10780,2.25,0.098,1.348,1.367,10.0411,0.9,0.515941,,,2.029849,0.096069,0,3,6,2039.357727
HD 10780_4,HD 10780,2.669,0.102,2.513,12.001,10.0411,0.9,0.515941,0.238115,181.263328,2.398146,0.398931,1,4,6,2039.357727
HD 128621_0,HD 128621,0.181,0.076,0.591,0.281,1.3319,0.94,0.503037,0.137773,211.323005,0.181983,0.310686,1,6,8,2039.412304
HD 128621_1,HD 128621,3.969,0.152,0.756,0.624,1.3319,0.94,0.503037,,,4.2637,0.441478,0,0,8,2039.412304
HD 128621_3,HD 128621,4.377,0.084,0.667,0.424,1.3319,0.94,0.503037,,,4.220611,0.645032,0,0,8,2039.412304
HD 128621_4,HD 128621,1.135,0.055,1.179,1.502,1.3319,0.94,0.503037,0.828515,196.909765,1.11175,0.255999,1,5,8,2039.412304
HD 30495_0,HD 30495,1.934,0.08,0.989,1.288,13.24,1.04,0.966273,,,1.859819,0.222873,0,3,8,2039.425086
HD 30495_2,HD 30495,0.416,0.06,1.179,0.557,13.24,1.04,0.966273,,,0.433267,0.169494,0,0,8,2039.425086
HD 30495_3,HD 30495,1.848,0.089,0.623,0.48,13.24,1.04,0.966273,,,1.710323,0.42235,0,0,8,2039.425086
HD 10361_1,HD 10361,0.761,0.025,1.303,2.715,8.1965,0.77,0.303879,,,0.78001,0.856062,0,5,8,2039.428132
HD 10361_2,HD 10361,0.985,0.066,0.785,0.596,8.1965,0.77,0.303879,,,1.02305,0.026532,0,3,8,2039.428132
HD 10361_3,HD 10361,1.525,0.07,0.586,0.784,8.1965,0.77,0.303879,,,1.621459,0.632662,0,0,8,2039.428132
HD 10361_4,HD 10361,4.037,0.084,0.501,0.084,8.1965,0.77,0.303879,,,4.258542,0.045168,0,0,8,2039.428132
HD 17206_0,HD 17206,1.742,0.09,0.885,1.25,14.2764,1.21,2.616978,,,1.6626,0.269061,0,1,8,2039.476808
HD 17206_1,HD 17206,0.879,0.039,2.253,5.781,14.2764,1.21,2.616978,,,0.911445,0.038796,0,0,8,2039.476808
HD 17206_2,HD 17206,0.485,0.035,0.762,0.888,14.2764,1.21,2.616978,,,0.500291,0.953911,0,0,8,2039.476808
HD 20766_0,HD 20766,1.336,0.161,1.674,3.092,12.0447,1.01,0.794328,,,1.503439,0.08032,0,4,8,2039.484228
HD 20766_1,HD 20766,0.327,0.097,2.659,6.922,12.0447,1.01,0.794328,,,0.358505,0.924943,0,0,8,2039.484228
HD 20766_4,HD 20766,1.915,0.031,0.912,0.441,12.0447,1.01,0.794328,,,1.973334,0.313716,0,1,8,2039.484228
HD 128167_0,HD 128167,1.283,0.14,1.15,1.29,15.756,1.39,3.181999,0.083554,82.91846,1.429126,0.532987,1,2,7,2039.494261
HD 128167_2,HD 128167,3.433,0.063,1.328,2.483,15.756,1.39,3.181999,,,3.237311,0.026142,0,0,7,2039.494261
HD 128167_3,HD 128167,4.878,0.117,2.132,5.678,15.756,1.39,3.181999,,,4.362528,0.241095,0,1,7,2039.494261
HD 128167_4,HD 128167,1.323,0.044,1.923,2.477,15.756,1.39,3.181999,,,1.277681,0.614023,0,0,7,2039.494261
HD 84737_0,HD 84737,0.596,0.087,1.352,1.551,18.8226,1.08,2.795117,,,0.593219,0.007929,0,0,8,2039.517158
HD 84737_1,HD 84737,3.025,0.071,1.189,1.926,18.8226,1.08,2.795117,,,2.93862,0.997845,0,0,8,2039.517158
HD 84737_2,HD 84737,1.078,0.014,1.079,0.698,18.8226,1.08,2.795117,,,1.063046,0.264578,0,0,8,2039.517158
HD 84737_3,HD 84737,3.774,0.025,0.833,0.848,18.8226,1.08,2.795117,,,3.807739,0.747231,0,0,8,2039.517158
HD 84737_4,HD 84737,0.254,0.074,3.133,13.741,18.8226,1.08,2.795117,,,0.268547,0.171847,0,0,8,2039.517158
HD 84737_5,HD 84737,2.993,0.205,0.508,0.086,18.8226,1.08,2.795117,,,2.732121,0.207046,0,0,8,2039.517158
HD 134083_0,HD 134083,0.116,0.07,1.9,7.058,19.536,1.33,3.254618,,,0.121163,0.023554,0,0,8,2039.550936
HD 134083_1,HD 134083,0.36,0.097,1.358,2.746,19.536,1.33,3.254618,,,0.394886,0.631632,0,0,8,2039.550936
HD 134083_3,HD 134083,0.749,0.13,0.881,0.684,19.536,1.33,3.254618,,,0.843174,0.160364,0,0,8,2039.550936
HD 134083_4,HD 134083,0.959,0.114,0.591,0.338,19.536,1.33,3.254618,,,0.904383,0.433626,0,0,8,2039.550936
HD 693_0,HD 693,1.045,0.058,1.136,2.579,18.8861,1.18,2.997091,,,1.095271,0.052479,0,0,6,2039.654902
HD 693_1,HD 693,0.139,0.106,2.768,7.407,18.8861,1.18,2.997091,,,0.126578,0.468564,0,0,6,2039.654902
HD 693_3,HD 693,1.448,0.069,1.975,3.042,18.8861,1.18,2.997091,,,1.527873,0.49608,0,0,6,2039.654902
HD 693_4,HD 693,1.744,0.105,1.392,2.348,18.8861,1.18,2.997091,,,1.630164,0.91076,0,3,6,2039.654902
HD 693_5,HD 693,2.909,0.1,1.423,2.794,18.8861,1.18,2.997091,,,2.992157,0.007976,0,1,6,2039.654902
HD 693_6,HD 693,2.914,0.024,0.574,0.316,18.8861,1.18,2.997091,,,2.981811,0.875884,0,0,6,2039.654902
HD 693_7,HD 693,3.93,0.01,2.298,5.004,18.8861,1.18,2.997091,0.195205,284.671267,3.906909,0.481571,1,4,6,2039.654902
HD 34411_0,HD 34411,0.295,0.082,3.192,8.429,12.5625,1.08,1.731809,,,0.271353,0.262705,0,0,7,2039.819779
HD 34411_1,HD 34411,1.539,0.078,0.897,0.713,12.5625,1.08,1.731809,,,1.64073,0.021905,0,2,7,2039.819779
HD 34411_3,HD 34411,1.691,0.074,0.798,0.808,12.5625,1.08,1.731809,0.091368,344.962705,1.648048,0.741776,1,3,7,2039.819779
HD 20807_0,HD 20807,0.337,0.072,1.793,3.234,12.0394,1.07,1.016951,,,0.33901,0.04742,0,0,8,2039.862413
HD 20807_1,HD 20807,1.546,0.069,0.954,0.846,12.0394,1.07,1.016951,,,1.505421,0.215483,0,4,8,2039.862413
HD 20807_2,HD 20807,2.979,0.055,2.038,8.298,12.0394,1.07,1.016951,,,2.974112,0.108687,0,3,8,2039.862413
HD 128620_0,HD 128620,1.567,0.074,0.945,0.738,1.3319,1.11,1.520898,,,1.629525,0.610648,0,1,8,2039.927203
HD 128620_1,HD 128620,1.266,0.016,1.198,6.221,1.3319,1.11,1.520898,,,1.247907,0.037686,0,4,8,2039.927203
HD 46588 A_0,HD 46588 A,1.961,0.092,1.375,5.123,18.2023,1.18,1.825997,0.097864,206.481977,1.78538,0.31149,1,5,7,2039.945434
HD 46588 A_2,HD 46588 A,0.149,0.051,1.651,3.767,18.2023,1.18,1.825997,,,0.141546,0.014891,0,0,7,2039.945434
HD 46588 A_4,HD 46588 A,0.634,0.042,1.252,1.899,18.2023,1.18,1.825997,,,0.654308,0.097573,0,0,7,2039.945434
HD 46588 A_5,HD 46588 A,0.119,0.052,0.593,0.101,18.2023,1.18,1.825997,,,0.113041,0.308876,0,0,7,2039.945434
HD 46588 A_6,HD 46588 A,0.647,0.045,2.121,5.747,18.2023,1.18,1.825997,,,0.656756,0.889445,0,0,7,2039.945434
HD 46588 A_7,HD 46588 A,1.085,0.088,1.256,5.584,18.2023,1.18,1.825997,,,1.071647,0.433301,0,0,7,2039.945434
HD 46588 A_8,HD 46588 A,2.008,0.017,0.521,0.08,18.2023,1.18,1.825997,,,2.042071,0.118077,0,0,7,2039.945434
HD 203608_0,HD 203608,2.203,0.092,1.79,3.488,9.2584,1.14,1.465548,0.248261,200.276582,2.316325,0.256626,1,4,7,2040.030179
HD 203608_1,HD 203608,2.342,0.1,0.502,0.104,9.2584,1.14,1.465548,,,2.164597,0.005992,0,0,7,2040.030179
HD 203608_2,HD 203608,2.74,0.062,1.086,1.189,9.2584,1.14,1.465548,,,2.685822,0.325434,0,2,7,2040.030179
HD 203608_5,HD 203608,4.293,0.038,0.929,0.698,9.2584,1.14,1.465548,,,4.158405,0.856062,0,0,7,2040.030179
HD 203608_6,HD 203608,0.526,0.072,0.985,0.486,9.2584,1.14,1.465548,,,0.509417,0.787815,0,0,7,2040.030179
HD 34411_0,HD 34411,0.295,0.082,3.192,8.429,12.5625,1.08,1.731809,,,0.272596,0.33081,0,0,8,2040.268281
HD 34411_1,HD 34411,1.539,0.078,0.897,0.713,12.5625,1.08,1.731809,,,1.61611,0.174677,0,2,8,2040.268281
HD 34411_3,HD 34411,1.691,0.074,0.798,0.808,12.5625,1.08,1.731809,,,1.79308,0.225836,0,3,8,2040.268281
HD 10780_0,HD 10780,0.841,0.11,1.077,1.181,10.0411,0.9,0.515941,,,0.93199,0.095931,0,3,7,2040.33256
HD 10780_3,HD 10780,2.25,0.098,1.348,1.367,10.0411,0.9,0.515941,,,2.314249,0.085493,0,3,7,2040.33256
HD 10780_4,HD 10780,2.669,0.102,2.513,12.001,10.0411,0.9,0.515941,,,2.607101,0.115181,0,4,7,2040.33256
HD 203608_0,HD 203608,2.203,0.092,1.79,3.488,9.2584,1.14,1.465548,0.22478,165.84685,2.166207,0.491596,1,5,8,2040.415346
HD 203608_1,HD 203608,2.342,0.1,0.502,0.104,9.2584,1.14,1.465548,,,2.317599,0.119076,0,0,8,2040.415346
HD 203608_2,HD 203608,2.74,0.062,1.086,1.189,9.2584,1.14,1.465548,,,2.605333,0.08907,0,2,8,2040.415346
HD 203608_5,HD 203608,4.293,0.038,0.929,0.698,9.2584,1.14,1.465548,,,4.137142,0.939395,0,0,8,2040.415346
HD 203608_6,HD 203608,0.526,0.072,0.985,0.486,9.2584,1.14,1.465548,,,0.494692,0.713688,0,0,8,2040.415346
HD 128167_0,HD 128167,1.283,0.14,1.15,1.29,15.756,1.39,3.181999,,,1.446216,0.119273,0,2,8,2040.493509
HD 128167_2,HD 128167,3.433,0.063,1.328,2.483,15.756,1.39,3.181999,,,3.281616,0.152351,0,0,8,2040.493509
HD 128167_3,HD 128167,4.878,0.117,2.132,5.678,15.756,1.39,3.181999,,,4.66536,0.041457,0,1,8,2040.493509
HD 128167_4,HD 128167,1.323,0.044,1.923,2.477,15.756,1.39,3.181999,,,1.35282,0.058748,0,0,8,2040.493509
HD 693_0,HD 693,1.045,0.058,1.136,2.579,18.8861,1.18,2.997091,,,1.091855,0.037508,0,0,7,2040.654375
HD 693_1,HD 693,0.139,0.106,2.768,7.407,18.8861,1.18,2.997091,,,0.127463,0.996108,0,0,7,2040.654375
HD 693_3,HD 693,1.448,0.069,1.975,3.042,18.8861,1.18,2.997091,,,1.34853,0.048508,0,0,7,2040.654375
HD 693_4,HD 693,1.744,0.105,1.392,2.348,18.8861,1.18,2.997091,,,1.897101,0.055281,0,3,7,2040.654375
HD 693_5,HD 693,2.909,0.1,1.423,2.794,18.8861,1.18,2.997091,,,2.644823,0.112254,0,1,7,2040.654375
HD 693_6,HD 693,2.914,0.024,0.574,0.316,18.8861,1.18,2.997091,,,2.911923,0.726077,0,0,7,2040.654375
HD 693_7,HD 693,3.93,0.01,2.298,5.004,18.8861,1.18,2.997091,,,3.939692,0.148508,0,4,7,2040.654375
HD 46588 A_0,HD 46588 A,1.961,0.092,1.375,5.123,18.2023,1.18,1.825997,,,2.084375,0.225927,0,5,8,2040.768609
HD 46588 A_2,HD 46588 A,0.149,0.051,1.651,3.767,18.2023,1.18,1.825997,,,0.156598,0.778288,0,0,8,2040.768609
HD 46588 A_4,HD 46588 A,0.634,0.042,1.252,1.899,18.2023,1.18,1.825997,,,0.61968,0.695985,0,0,8,2040.768609
HD 46588 A_5,HD 46588 A,0.119,0.052,0.593,0.101,18.2023,1.18,1.825997,,,0.123621,0.323939,0,0,8,2040.768609
HD 46588 A_6,HD 46588 A,0.647,0.045,2.121,5.747,18.2023,1.18,1.825997,,,0.672873,0.423062,0,0,8,2040.768609
HD 46588 A_7,HD 46588 A,1.085,0.088,1.256,5.584,18.2023,1.18,1.825997,,,1.171157,0.024058,0,0,8,2040.768609
HD 46588 A_8,HD 46588 A,2.008,0.017,0.521,0.08,18.2023,1.18,1.825997,,,1.997086,0.157198,0,0,8,2040.768609
HD 10780_0,HD 10780,0.841,0.11,1.077,1.181,10.0411,0.9,0.515941,0.084639,273.254839,0.894078,0.185332,1,4,8,2041.255339
HD 10780_3,HD 10780,2.25,0.098,1.348,1.367,10.0411,0.9,0.515941,0.187291,70.891305,2.464282,0.716242,1,4,8,2041.255339
HD 10780_4,HD 10780,2.669,0.102,2.513,12.001,10.0411,0.9,0.515941,,,2.896431,0.168287,0,4,8,2041.255339
HD 693_0,HD 693,1.045,0.058,1.136,2.579,18.8861,1.18,2.997091,,,1.058206,0.892889,0,0,8,2041.304534
HD 693_1,HD 693,0.139,0.106,2.768,7.407,18.8861,1.18,2.997091,,,0.153109,0.006804,0,0,8,2041.304534
HD 693_3,HD 693,1.448,0.069,1.975,3.042,18.8861,1.18,2.997091,,,1.536826,0.56378,0,0,8,2041.304534
HD 693_4,HD 693,1.744,0.105,1.392,2.348,18.8861,1.18,2.997091,,,1.597008,0.146628,0,3,8,2041.304534
HD 693_5,HD 693,2.909,0.1,1.423,2.794,18.8861,1.18,2.997091,0.113993,21.380929,2.662075,0.638202,1,2,8,2041.304534
HD 693_6,HD 693,2.914,0.024,0.574,0.316,18.8861,1.18,2.997091,,,2.857875,0.240878,0,0,8,2041.304534
HD 693_7,HD 693,3.93,0.01,2.298,5.004,18.8861,1.18,2.997091,,,3.958625,0.048343,0,4,8,2041.304534
