PlanetID,period,ecc,StarName,Rp_REarth,M_sol,FinalPosteriorEpoch,NDetectedEpochs
HD 693_4,1.9378189980190457,0.11227210842937821,HD 693,1.392,1.18,8,3
HD 693_4,2.2311857231377825,0.07894574232551839,HD 693,1.392,1.18,8,3
HD 693_4,2.0342136462813567,0.1538845240360311,HD 693,1.392,1.18,8,3
HD 693_4,2.1027817073842705,0.10514210339806057,HD 693,1.392,1.18,8,3
HD 693_4,1.9432233038828943,0.1536140632233809,HD 693,1.392,1.18,8,3
HD 693_4,2.214355299480411,0.11884095734167524,HD 693,1.392,1.18,8,3
HD 693_4,2.0646463900110588,0.1252273122020483,HD 693,1.392,1.18,8,3
HD 693_4,2.1033432204795304,0.13143579564363644,HD 693,1.392,1.18,8,3
HD 693_4,2.187614880136929,0.13403101488307717,HD 693,1.392,1.18,8,3
HD 693_4,2.078807356891823,0.13610559312158133,HD 693,1.392,1.18,8,3
HD 693_4,2.0567399628681398,0.10716092156317461,HD 693,1.392,1.18,8,3
HD 693_4,1.9222338795290737,0.10984968853233562,HD 693,1.392,1.18,8,3
HD 693_4,1.9800212130475265,0.12266112490031925,HD 693,1.392,1.18,8,3
HD 693_4,2.2296918422874117,0.17820181404712696,HD 693,1.392,1.18,8,3
HD 693_4,2.1498079717294027,0.16960417823460927,HD 693,1.392,1.18,8,3
HD 693_4,2.341710682795433,0.19234032982707056,HD 693,1.392,1.18,8,3
HD 693_4,2.2005063437036076,0.08395819484230818,HD 693,1.392,1.18,8,3
HD 693_4,2.0880311501550874,0.10800525271261822,HD 693,1.392,1.18,8,3
HD 693_4,1.9145997399321535,0.1283774977192272,HD 693,1.392,1.18,8,3
HD 693_4,2.1033654441315512,0.1282882033176286,HD 693,1.392,1.18,8,3
HD 693_4,3.886045083333795,0.4038222157448741,HD 693,1.392,1.18,8,3
HD 693_4,1.9202235803041106,0.13544602520323681,HD 693,1.392,1.18,8,3
HD 693_4,2.054482429651508,0.11470568802774496,HD 693,1.392,1.18,8,3
HD 693_4,2.053679601408659,0.10822666479288784,HD 693,1.392,1.18,8,3
HD 693_4,2.1017555409238997,0.14604937224127587,HD 693,1.392,1.18,8,3
HD 693_4,1.939775342098272,0.1451183238928043,HD 693,1.392,1.18,8,3
HD 693_4,1.9807340312615793,0.10684459132286185,HD 693,1.392,1.18,8,3
HD 693_4,2.0561072522880397,0.1434968494812761,HD 693,1.392,1.18,8,3
HD 693_4,2.0613163832887067,0.08165513490303845,HD 693,1.392,1.18,8,3
HD 693_4,2.119611055536301,0.1800590336049207,HD 693,1.392,1.18,8,3
HD 693_4,2.178004839817682,0.07793262830564118,HD 693,1.392,1.18,8,3
HD 693_4,1.8812241869791133,0.11493647264864375,HD 693,1.392,1.18,8,3
HD 693_4,2.1176132642005756,0.17965960150524446,HD 693,1.392,1.18,8,3
HD 693_4,2.2740450256765437,0.09661959819741006,HD 693,1.392,1.18,8,3
HD 693_4,2.1346091538200107,0.16206249548451943,HD 693,1.392,1.18,8,3
HD 693_4,2.152789687960999,0.11750981203675416,HD 693,1.392,1.18,8,3
HD 693_4,1.9295227226419558,0.11433209501374168,HD 693,1.392,1.18,8,3
HD 693_4,1.9418040671884333,0.08827734734671211,HD 693,1.392,1.18,8,3
HD 693_4,2.0986238719616614,0.11026477101845875,HD 693,1.392,1.18,8,3
HD 693_4,2.2768551905480754,0.1547507932218298,HD 693,1.392,1.18,8,3
HD 693_4,1.9246870263944837,0.10156887808836677,HD 693,1.392,1.18,8,3
HD 693_4,2.276404231202845,0.12808913510725262,HD 693,1.392,1.18,8,3
HD 693_4,2.218039448899384,0.19975498897283328,HD 693,1.392,1.18,8,3
HD 693_4,2.1904275843479835,0.1920016691573946,HD 693,1.392,1.18,8,3
HD 693_4,2.1077216737847615,0.16601873816344223,HD 693,1.392,1.18,8,3
HD 693_4,2.0848592116702194,0.11547445955835246,HD 693,1.392,1.18,8,3
HD 693_4,2.1181789559756488,0.1156513579124501,HD 693,1.392,1.18,8,3
HD 693_4,2.235113558439341,0.09025614399248029,HD 693,1.392,1.18,8,3
HD 693_4,3.9121427926797603,0.40603711349769855,HD 693,1.392,1.18,8,3
HD 693_4,2.375141873032681,0.19980126333480022,HD 693,1.392,1.18,8,3
HD 693_4,2.064043924880121,0.1450065052921289,HD 693,1.392,1.18,8,3
HD 693_4,1.951638631301035,0.13209523048678612,HD 693,1.392,1.18,8,3
HD 693_4,2.242196467307148,0.12935103453070934,HD 693,1.392,1.18,8,3
HD 693_4,2.020515459987869,0.1032755924619523,HD 693,1.392,1.18,8,3
HD 693_4,2.081353522042152,0.1257756689664333,HD 693,1.392,1.18,8,3
HD 693_4,2.1125925216037182,0.10818103515161645,HD 693,1.392,1.18,8,3
HD 693_4,1.9590469120469858,0.11049743237531078,HD 693,1.392,1.18,8,3
HD 693_4,2.346047089928901,0.14925252314640416,HD 693,1.392,1.18,8,3
HD 693_4,2.1072309157902245,0.20424113664192067,HD 693,1.392,1.18,8,3
HD 693_4,2.051770805227154,0.13888616496037656,HD 693,1.392,1.18,8,3
HD 693_4,2.0791686045628985,0.12122550930594583,HD 693,1.392,1.18,8,3
HD 693_4,2.204833118988819,0.16555046188221262,HD 693,1.392,1.18,8,3
HD 693_4,2.303926719898164,0.15891815146311808,HD 693,1.392,1.18,8,3
HD 693_4,2.3166713426132457,0.22430309297861228,HD 693,1.392,1.18,8,3
HD 693_4,2.0170786369039053,0.10453554714495518,HD 693,1.392,1.18,8,3
HD 693_4,2.1350538165314874,0.1355347134743301,HD 693,1.392,1.18,8,3
HD 693_4,1.9018438731286982,0.16661225066531277,HD 693,1.392,1.18,8,3
HD 693_4,2.224472598877616,0.1891492410563251,HD 693,1.392,1.18,8,3
HD 693_4,2.148892512730331,0.18549258862514495,HD 693,1.392,1.18,8,3
HD 693_4,1.9362423492657663,0.14545709970677062,HD 693,1.392,1.18,8,3
HD 693_4,1.9067639377511931,0.07694610574960456,HD 693,1.392,1.18,8,3
HD 693_4,1.9569436439181895,0.07194110048160458,HD 693,1.392,1.18,8,3
HD 693_4,2.2728490926732308,0.22298633504752102,HD 693,1.392,1.18,8,3
HD 693_4,2.2600194801565583,0.15254715804290486,HD 693,1.392,1.18,8,3
HD 693_4,2.0444947047739332,0.09261368467822129,HD 693,1.392,1.18,8,3
HD 693_4,2.0953856947131966,0.15526706109893318,HD 693,1.392,1.18,8,3
HD 693_4,2.127662237695158,0.15009744481967727,HD 693,1.392,1.18,8,3
HD 693_4,2.172151186004822,0.1855630722805968,HD 693,1.392,1.18,8,3
HD 693_4,2.0921272164894575,0.1451876635739182,HD 693,1.392,1.18,8,3
HD 693_4,2.1056768564971122,0.13836047375189706,HD 693,1.392,1.18,8,3
HD 693_4,1.9081792432961115,0.1509148643189374,HD 693,1.392,1.18,8,3
HD 693_4,2.2612774205106647,0.11145903406278532,HD 693,1.392,1.18,8,3
HD 693_4,1.916239833573357,0.08748743402808427,HD 693,1.392,1.18,8,3
HD 693_4,1.9089873567785427,0.0834862542474411,HD 693,1.392,1.18,8,3
HD 693_4,2.283740858515355,0.0414332074408027,HD 693,1.392,1.18,8,3
HD 693_4,2.095626383298419,0.12666936637053827,HD 693,1.392,1.18,8,3
HD 693_4,1.929368481612917,0.19750098726601853,HD 693,1.392,1.18,8,3
HD 693_4,2.180576718434955,0.0642158094626795,HD 693,1.392,1.18,8,3
HD 693_4,2.0506332272708048,0.19254400811654682,HD 693,1.392,1.18,8,3
HD 693_4,2.140671266365433,0.16389787132166828,HD 693,1.392,1.18,8,3
HD 693_4,2.1138380781232926,0.07827816172970514,HD 693,1.392,1.18,8,3
HD 693_4,2.082414173165014,0.12391024211467958,HD 693,1.392,1.18,8,3
HD 693_4,2.0858776596809236,0.13163895995073494,HD 693,1.392,1.18,8,3
HD 693_4,2.0584873198559888,0.15860261763415762,HD 693,1.392,1.18,8,3
HD 693_4,2.358250692952535,0.255388152557146,HD 693,1.392,1.18,8,3
HD 693_4,2.0416599378513682,0.10467598502193032,HD 693,1.392,1.18,8,3
HD 693_4,1.9124609203454324,0.15404674920923364,HD 693,1.392,1.18,8,3
HD 693_4,2.065703918964088,0.14675066906001627,HD 693,1.392,1.18,8,3
HD 693_4,2.186520742928372,0.1291389721524007,HD 693,1.392,1.18,8,3
HD 693_4,2.0965549448631204,0.13974364509982062,HD 693,1.392,1.18,8,3
HD 693_4,2.183557515259742,0.1369103388411061,HD 693,1.392,1.18,8,3
HD 693_4,2.2277872457686896,0.021482242938121107,HD 693,1.392,1.18,8,3
HD 693_4,2.1264741246954193,0.1365690561703812,HD 693,1.392,1.18,8,3
HD 693_4,1.932149563212179,0.1389071643214494,HD 693,1.392,1.18,8,3
HD 693_4,2.2246792392414103,0.10571372770980948,HD 693,1.392,1.18,8,3
HD 693_4,3.955743308455332,0.4086204696527298,HD 693,1.392,1.18,8,3
HD 693_4,2.298403502303063,0.1892922794210018,HD 693,1.392,1.18,8,3
HD 693_4,2.1689642030592453,0.043336190788433954,HD 693,1.392,1.18,8,3
HD 693_4,2.097423779000944,0.15401215063449455,HD 693,1.392,1.18,8,3
HD 693_4,1.9264820854406408,0.13550515842269012,HD 693,1.392,1.18,8,3
HD 693_4,1.910823683865658,0.17028686879784888,HD 693,1.392,1.18,8,3
HD 693_4,3.9384341847966677,0.40892579803065743,HD 693,1.392,1.18,8,3
HD 693_4,1.929830426299086,0.13821823894103707,HD 693,1.392,1.18,8,3
HD 693_4,2.262331394354883,0.014130786859515382,HD 693,1.392,1.18,8,3
HD 693_4,2.024174997942649,0.09589240266063812,HD 693,1.392,1.18,8,3
HD 693_4,2.2420135808103177,0.059979873609825624,HD 693,1.392,1.18,8,3
HD 693_4,2.0714095933939736,0.09343589685248484,HD 693,1.392,1.18,8,3
HD 693_4,1.9156453551033124,0.11957743756859655,HD 693,1.392,1.18,8,3
HD 693_4,1.9568713105564475,0.12915527513180458,HD 693,1.392,1.18,8,3
HD 693_4,2.06434463359719,0.08710103164421018,HD 693,1.392,1.18,8,3
HD 693_4,2.1639622581620754,0.15828700939351348,HD 693,1.392,1.18,8,3
HD 693_4,1.935297122965702,0.12748995060482335,HD 693,1.392,1.18,8,3
HD 693_4,2.176554540239886,0.10441601253023729,HD 693,1.392,1.18,8,3
HD 693_4,2.2410749623544604,0.11928274674037392,HD 693,1.392,1.18,8,3
HD 693_4,2.2826189886632595,0.05386065289504932,HD 693,1.392,1.18,8,3
HD 693_4,2.156413703752565,0.1818857978528022,HD 693,1.392,1.18,8,3
HD 693_4,2.065153027427572,0.12347778995275668,HD 693,1.392,1.18,8,3
HD 693_4,2.2486831746273914,0.09123992302716238,HD 693,1.392,1.18,8,3
HD 693_4,2.3245565470514644,0.25852665761479826,HD 693,1.392,1.18,8,3
HD 693_4,2.0971258315519705,0.1579698812143674,HD 693,1.392,1.18,8,3
HD 693_4,2.114234854599344,0.1027167538568319,HD 693,1.392,1.18,8,3
HD 693_4,2.075032387229507,0.14332829642552347,HD 693,1.392,1.18,8,3
HD 693_4,2.1200864066186447,0.040914263651396277,HD 693,1.392,1.18,8,3
HD 693_4,2.255134140651383,0.11098229417318128,HD 693,1.392,1.18,8,3
HD 693_4,2.0767082735175255,0.10568571932262512,HD 693,1.392,1.18,8,3
HD 693_4,2.1073749160856026,0.1209184976420884,HD 693,1.392,1.18,8,3
HD 693_4,2.1064960015147114,0.13338572409345958,HD 693,1.392,1.18,8,3
HD 693_4,2.041175090654731,0.09189196359902063,HD 693,1.392,1.18,8,3
HD 693_4,2.2024016208653605,0.053106877211627476,HD 693,1.392,1.18,8,3
HD 693_4,2.24365592047449,0.06903575226500402,HD 693,1.392,1.18,8,3
HD 693_4,2.0866963202468645,0.13379564015577583,HD 693,1.392,1.18,8,3
HD 693_4,2.106294832056709,0.17954034354792914,HD 693,1.392,1.18,8,3
HD 693_4,2.062465473795914,0.11357506916324242,HD 693,1.392,1.18,8,3
HD 693_4,2.1476888937698684,0.17825117840086138,HD 693,1.392,1.18,8,3
HD 693_4,2.096071116872903,0.12917259949321747,HD 693,1.392,1.18,8,3
HD 693_4,1.9498056852888708,0.14043241413844615,HD 693,1.392,1.18,8,3
HD 693_4,2.3187889803816955,0.2292057927969382,HD 693,1.392,1.18,8,3
HD 693_4,1.9331290928336986,0.15713703900305342,HD 693,1.392,1.18,8,3
HD 693_4,2.2663495010509545,0.1839511107851284,HD 693,1.392,1.18,8,3
HD 693_4,1.9329032427443746,0.1268569496784458,HD 693,1.392,1.18,8,3
HD 693_4,2.0698957163687335,0.12671923266314133,HD 693,1.392,1.18,8,3
HD 693_4,2.2931533430209954,0.16193594430813704,HD 693,1.392,1.18,8,3
HD 693_4,2.051025528223212,0.10390313087256534,HD 693,1.392,1.18,8,3
HD 693_4,2.356018762233546,0.31392714955123113,HD 693,1.392,1.18,8,3
HD 693_4,2.0923661680800687,0.1003507720884818,HD 693,1.392,1.18,8,3
HD 693_4,1.9450080413092343,0.10767705824330627,HD 693,1.392,1.18,8,3
HD 693_4,1.9109324374971548,0.20016881433802866,HD 693,1.392,1.18,8,3
HD 693_4,2.239867941339301,0.07715657115839389,HD 693,1.392,1.18,8,3
HD 693_4,1.9310635609119553,0.0953818072308774,HD 693,1.392,1.18,8,3
HD 693_4,1.8897525699704123,0.11237441336727501,HD 693,1.392,1.18,8,3
HD 693_4,2.2017759644781068,0.08339528859491971,HD 693,1.392,1.18,8,3
HD 693_4,2.108034919504105,0.14136419251726617,HD 693,1.392,1.18,8,3
HD 693_4,2.0851298637725275,0.15993937400713007,HD 693,1.392,1.18,8,3
HD 693_4,2.125578230730613,0.12808948220727748,HD 693,1.392,1.18,8,3
HD 693_4,2.2210007058064414,0.07354495388919852,HD 693,1.392,1.18,8,3
HD 693_4,2.337395440034404,0.33222762742452133,HD 693,1.392,1.18,8,3
HD 693_4,2.118487370088424,0.11618770405008397,HD 693,1.392,1.18,8,3
HD 693_4,2.1207505117163565,0.15981004498095544,HD 693,1.392,1.18,8,3
HD 693_4,2.1143083789629826,0.14195781075925373,HD 693,1.392,1.18,8,3
HD 693_4,2.046783780339242,0.12352948428042719,HD 693,1.392,1.18,8,3
HD 693_4,1.9091242961338102,0.15507215131203428,HD 693,1.392,1.18,8,3
HD 693_4,2.0347880871175006,0.14748596360750027,HD 693,1.392,1.18,8,3
HD 693_4,1.9367706647824592,0.12772274205878167,HD 693,1.392,1.18,8,3
HD 693_4,2.0478202852099123,0.12668524115272417,HD 693,1.392,1.18,8,3
HD 693_4,2.0263683500053467,0.1324731257825562,HD 693,1.392,1.18,8,3
HD 693_4,1.9379917451885926,0.10078878605192486,HD 693,1.392,1.18,8,3
HD 693_4,2.283545484866308,0.11423300432941545,HD 693,1.392,1.18,8,3
HD 693_4,2.3710105504316763,0.43178109041118073,HD 693,1.392,1.18,8,3
HD 693_4,1.9377221680096264,0.13722485318343736,HD 693,1.392,1.18,8,3
HD 693_4,2.2301391232327967,0.0661716335059758,HD 693,1.392,1.18,8,3
HD 693_4,1.909431897136881,0.1336393000964404,HD 693,1.392,1.18,8,3
HD 693_4,1.9106242931729267,0.08954088469526501,HD 693,1.392,1.18,8,3
HD 693_4,2.2265617778672704,0.12029268750192565,HD 693,1.392,1.18,8,3
HD 693_4,1.9239134519613772,0.1056975356631285,HD 693,1.392,1.18,8,3
HD 693_4,1.9368565428947946,0.1370326610787333,HD 693,1.392,1.18,8,3
HD 693_4,2.1072911753083927,0.1413174343878422,HD 693,1.392,1.18,8,3
HD 693_4,2.126061980371814,0.08022482859562466,HD 693,1.392,1.18,8,3
HD 693_4,1.9231956579805287,0.16382034816765406,HD 693,1.392,1.18,8,3
HD 693_4,2.2220143174672367,0.1037030193128978,HD 693,1.392,1.18,8,3
HD 693_4,2.0565021354222095,0.12583647864520803,HD 693,1.392,1.18,8,3
HD 693_4,1.952980820795849,0.09866292823052979,HD 693,1.392,1.18,8,3
HD 693_4,2.2724572614631304,0.07848415689976634,HD 693,1.392,1.18,8,3
HD 693_4,2.3098191972326405,0.09578357537989499,HD 693,1.392,1.18,8,3
HD 693_4,1.9171703915549263,0.12612811953182856,HD 693,1.392,1.18,8,3
HD 693_4,2.31188525415851,0.16363019203898665,HD 693,1.392,1.18,8,3
HD 693_4,2.2507927221249378,0.13476904215650387,HD 693,1.392,1.18,8,3
HD 693_4,2.209100246627185,0.08901101228235826,HD 693,1.392,1.18,8,3
HD 693_4,2.102491482275538,0.17420456669225204,HD 693,1.392,1.18,8,3
HD 693_4,1.931933981105976,0.15586848179469043,HD 693,1.392,1.18,8,3
HD 693_4,2.070993272137407,0.0920235757500515,HD 693,1.392,1.18,8,3
HD 693_4,2.1302240303158193,0.18794931823919728,HD 693,1.392,1.18,8,3
HD 693_4,2.2763373342034448,0.13308417054227925,HD 693,1.392,1.18,8,3
HD 693_4,2.0642676944882203,0.04049338361366184,HD 693,1.392,1.18,8,3
HD 693_4,2.187694273766974,0.19802844664430194,HD 693,1.392,1.18,8,3
HD 693_4,2.0331157993780224,0.11383845321960344,HD 693,1.392,1.18,8,3
HD 693_4,2.108924148499939,0.10649849221910013,HD 693,1.392,1.18,8,3
HD 693_4,1.9041344987053979,0.1677718883066992,HD 693,1.392,1.18,8,3
HD 693_4,2.15953588605735,0.11596721334237745,HD 693,1.392,1.18,8,3
HD 693_4,2.24023312476544,0.07252707570439222,HD 693,1.392,1.18,8,3
HD 693_4,2.139592704267705,0.17217124675797235,HD 693,1.392,1.18,8,3
HD 693_4,2.2689856863328157,0.0961406450621208,HD 693,1.392,1.18,8,3
HD 693_4,1.931272340993895,0.132551952631479,HD 693,1.392,1.18,8,3
HD 693_4,1.930949910548519,0.18765527825345446,HD 693,1.392,1.18,8,3
HD 693_4,3.915808973428577,0.40318045621512194,HD 693,1.392,1.18,8,3
HD 693_4,2.059430811571527,0.1929249316223562,HD 693,1.392,1.18,8,3
HD 693_4,2.2008449867211257,0.031159341169983812,HD 693,1.392,1.18,8,3
HD 693_4,2.0403389881729264,0.10311879422302964,HD 693,1.392,1.18,8,3
HD 693_4,2.2328850484647704,0.02825526381623497,HD 693,1.392,1.18,8,3
HD 693_4,2.0796982050140422,0.1509610596894415,HD 693,1.392,1.18,8,3
HD 693_4,2.135220684668349,0.1450307077500753,HD 693,1.392,1.18,8,3
HD 693_4,2.066223238411482,0.1169047701390634,HD 693,1.392,1.18,8,3
HD 693_4,2.2520061730238154,0.09783181533854773,HD 693,1.392,1.18,8,3
HD 693_4,2.124262208869387,0.15953403594317922,HD 693,1.392,1.18,8,3
HD 693_4,1.939005031856282,0.14247880894659895,HD 693,1.392,1.18,8,3
HD 693_4,2.132713051484899,0.08705863080998388,HD 693,1.392,1.18,8,3
HD 693_4,2.057978327049314,0.14687388188496653,HD 693,1.392,1.18,8,3
HD 693_4,1.9338482878287087,0.1381404228015476,HD 693,1.392,1.18,8,3
HD 693_4,1.9304351168765241,0.11893202121020571,HD 693,1.392,1.18,8,3
HD 693_4,2.256405767997886,0.03401560902013463,HD 693,1.392,1.18,8,3
HD 693_4,2.2462789900641273,0.09961311073439313,HD 693,1.392,1.18,8,3
HD 693_4,2.1813234025289443,0.10054927050102644,HD 693,1.392,1.18,8,3
HD 693_4,2.0267786695659167,0.09968649286543846,HD 693,1.392,1.18,8,3
HD 693_4,1.89485449725466,0.19036604645319205,HD 693,1.392,1.18,8,3
HD 693_4,2.2018422237376853,0.04466350624435732,HD 693,1.392,1.18,8,3
HD 693_4,1.9475939496218186,0.12599074670091004,HD 693,1.392,1.18,8,3
HD 693_4,2.049835437005051,0.07461831094700529,HD 693,1.392,1.18,8,3
HD 693_4,2.117018381073103,0.14284754082619272,HD 693,1.392,1.18,8,3
HD 693_4,2.084797881557714,0.10936199280126345,HD 693,1.392,1.18,8,3
HD 693_4,1.922960850623365,0.12714049671381203,HD 693,1.392,1.18,8,3
HD 693_4,1.930086094203663,0.14006951142061255,HD 693,1.392,1.18,8,3
HD 693_4,2.060574064055747,0.14521662688823536,HD 693,1.392,1.18,8,3
HD 693_4,2.2643603784320008,0.05013886094796333,HD 693,1.392,1.18,8,3
HD 693_4,1.9520790185991361,0.12189779789078492,HD 693,1.392,1.18,8,3
HD 693_4,2.1205733612931663,0.15286962696528014,HD 693,1.392,1.18,8,3
HD 693_4,2.142734924449091,0.1274754640304124,HD 693,1.392,1.18,8,3
HD 693_4,1.8976872877502573,0.12580477159136255,HD 693,1.392,1.18,8,3
HD 693_4,1.9374279057514048,0.18296933245847274,HD 693,1.392,1.18,8,3
HD 693_4,2.0530792795932866,0.1058078371916723,HD 693,1.392,1.18,8,3
HD 693_4,1.9552370458808332,0.10461998723843269,HD 693,1.392,1.18,8,3
HD 693_4,2.0637298921673657,0.18232128729070635,HD 693,1.392,1.18,8,3
HD 693_4,2.2905764672617535,0.14461004597565988,HD 693,1.392,1.18,8,3
HD 693_4,2.2967481847795246,0.10531114903568561,HD 693,1.392,1.18,8,3
HD 693_4,2.0558654392432594,0.07724141191453156,HD 693,1.392,1.18,8,3
HD 693_4,2.0923776059065973,0.12539215898728023,HD 693,1.392,1.18,8,3
HD 693_4,2.129115861560783,0.1757982490409561,HD 693,1.392,1.18,8,3
HD 693_4,2.036733505420114,0.08427908408159261,HD 693,1.392,1.18,8,3
HD 693_4,2.1689946582840154,0.12255087141152397,HD 693,1.392,1.18,8,3
HD 693_4,2.2605044588739065,0.08182994553608115,HD 693,1.392,1.18,8,3
HD 693_4,2.1161426330929807,0.15445216878082269,HD 693,1.392,1.18,8,3
HD 693_4,2.2695548002126396,0.16799148075862103,HD 693,1.392,1.18,8,3
HD 693_4,2.1373764481905453,0.08821999436598922,HD 693,1.392,1.18,8,3
HD 693_4,2.1013954247246676,0.1408441205450281,HD 693,1.392,1.18,8,3
HD 693_4,1.959972279081257,0.13714756595559044,HD 693,1.392,1.18,8,3
HD 693_4,1.9260398178363307,0.09142291755884706,HD 693,1.392,1.18,8,3
HD 693_4,2.0893701158955165,0.17390950840403366,HD 693,1.392,1.18,8,3
HD 693_4,2.244769163287701,0.09455267318307041,HD 693,1.392,1.18,8,3
HD 693_4,2.261744779711261,0.09364501408651124,HD 693,1.392,1.18,8,3
HD 693_4,2.096244792964376,0.14245466055524153,HD 693,1.392,1.18,8,3
HD 693_4,2.099245187485417,0.16441846115997688,HD 693,1.392,1.18,8,3
HD 693_4,1.9614780003412944,0.09874911633425437,HD 693,1.392,1.18,8,3
HD 693_4,1.9354745915484748,0.1266843678570951,HD 693,1.392,1.18,8,3
HD 693_4,2.3734128390678806,0.26143169509453223,HD 693,1.392,1.18,8,3
HD 693_4,2.229631819187367,0.04885718212211462,HD 693,1.392,1.18,8,3
HD 693_4,2.307077529147347,0.02241209992400109,HD 693,1.392,1.18,8,3
HD 693_4,2.0643051095753546,0.12580950739393945,HD 693,1.392,1.18,8,3
HD 693_4,2.1054552427427287,0.14203113250378285,HD 693,1.392,1.18,8,3
HD 693_4,1.9182530572974448,0.1364082193605132,HD 693,1.392,1.18,8,3
HD 693_4,1.9482179197687683,0.10880606202545742,HD 693,1.392,1.18,8,3
HD 693_4,2.0605772117158345,0.10425474145026162,HD 693,1.392,1.18,8,3
HD 693_4,2.217728450046792,0.10686123255989553,HD 693,1.392,1.18,8,3
HD 693_4,2.2913684551304367,0.09827307009292142,HD 693,1.392,1.18,8,3
HD 693_4,2.3119541579040184,0.12927821582792703,HD 693,1.392,1.18,8,3
HD 693_4,2.0839036336449457,0.11912262414886507,HD 693,1.392,1.18,8,3
HD 693_4,2.0581151229220938,0.10125598359087838,HD 693,1.392,1.18,8,3
HD 693_4,2.0782198902670683,0.11087720548373739,HD 693,1.392,1.18,8,3
HD 693_4,2.0366969647995976,0.11828544675089749,HD 693,1.392,1.18,8,3
HD 693_4,2.0758864988142554,0.06893690730302629,HD 693,1.392,1.18,8,3
HD 693_4,2.116419240057595,0.12860950966947546,HD 693,1.392,1.18,8,3
HD 693_4,2.174506197839946,0.07418443590396961,HD 693,1.392,1.18,8,3
HD 693_4,2.2740593306499575,0.06431684787780312,HD 693,1.392,1.18,8,3
HD 693_4,1.9303742001491495,0.1368055755353164,HD 693,1.392,1.18,8,3
HD 693_4,2.279343207222136,0.09672895162767944,HD 693,1.392,1.18,8,3
HD 693_4,2.0864101482767285,0.12281457639483509,HD 693,1.392,1.18,8,3
HD 693_4,2.31499644466107,0.12481204357859585,HD 693,1.392,1.18,8,3
HD 693_4,2.411350655925647,0.29701285437408176,HD 693,1.392,1.18,8,3
HD 693_4,2.1279343198255325,0.12999927093659153,HD 693,1.392,1.18,8,3
HD 693_4,2.109332943948466,0.16324645227519569,HD 693,1.392,1.18,8,3
HD 693_4,2.057022853255306,0.09801961464078524,HD 693,1.392,1.18,8,3
HD 693_4,2.025358897339193,0.08670005937430614,HD 693,1.392,1.18,8,3
HD 693_4,2.0763169551635254,0.11999686519140923,HD 693,1.392,1.18,8,3
HD 693_4,2.2263326773410204,0.01580932639767782,HD 693,1.392,1.18,8,3
HD 693_4,2.1865019638945404,0.07757644077053118,HD 693,1.392,1.18,8,3
HD 693_4,2.0750804213153065,0.12542300950806345,HD 693,1.392,1.18,8,3
HD 693_4,2.214498144332623,0.04696593176584371,HD 693,1.392,1.18,8,3
HD 693_4,2.0968657142759146,0.14872413080610267,HD 693,1.392,1.18,8,3
HD 693_4,2.292791076284767,0.1124361514789701,HD 693,1.392,1.18,8,3
HD 693_4,1.8686561476048078,0.17883826747994438,HD 693,1.392,1.18,8,3
HD 693_4,2.170879913131578,0.09404612577738727,HD 693,1.392,1.18,8,3
HD 693_4,2.16787574562162,0.16401189460689597,HD 693,1.392,1.18,8,3
HD 693_4,2.0499884630828182,0.09371636210613346,HD 693,1.392,1.18,8,3
HD 693_4,3.879604328499164,0.4045989636190058,HD 693,1.392,1.18,8,3
HD 693_4,2.1484642170020583,0.13162610951381504,HD 693,1.392,1.18,8,3
HD 693_4,2.091690773573743,0.13743458883004578,HD 693,1.392,1.18,8,3
HD 693_4,2.037725249252934,0.09596558210911454,HD 693,1.392,1.18,8,3
HD 693_4,1.9362423492657663,0.14545709970677062,HD 693,1.392,1.18,8,3
HD 693_4,2.2993956737101637,0.18067496254659382,HD 693,1.392,1.18,8,3
HD 693_4,2.1655790252703753,0.1534999156053128,HD 693,1.392,1.18,8,3
HD 693_4,2.0518735523321747,0.1716967811828038,HD 693,1.392,1.18,8,3
HD 693_4,2.2476517723964204,0.09025919708671046,HD 693,1.392,1.18,8,3
HD 693_4,2.0949859372028166,0.1384403987312302,HD 693,1.392,1.18,8,3
HD 693_4,1.9333588520152045,0.12514890826518138,HD 693,1.392,1.18,8,3
HD 693_4,2.0802987554010435,0.07496448900481603,HD 693,1.392,1.18,8,3
HD 693_4,2.1160468483803276,0.15966946661819745,HD 693,1.392,1.18,8,3
HD 693_4,2.1054721216233263,0.15023702775588965,HD 693,1.392,1.18,8,3
HD 693_4,1.9505216257724096,0.136066493126657,HD 693,1.392,1.18,8,3
HD 693_4,2.117840006649941,0.08696732804768378,HD 693,1.392,1.18,8,3
HD 693_4,2.1454423831767118,0.1621131486501726,HD 693,1.392,1.18,8,3
HD 693_4,2.092855173464974,0.11931849053868762,HD 693,1.392,1.18,8,3
HD 693_4,2.1211156220772667,0.16067451903815508,HD 693,1.392,1.18,8,3
HD 693_4,1.935764427629561,0.09887611075800898,HD 693,1.392,1.18,8,3
HD 693_4,2.134269449097001,0.13422333613799045,HD 693,1.392,1.18,8,3
HD 693_4,2.0334897421937264,0.12159275825725865,HD 693,1.392,1.18,8,3
HD 693_4,2.0694145329843225,0.14254340990264747,HD 693,1.392,1.18,8,3
HD 693_4,2.273498349508178,0.08628290578554426,HD 693,1.392,1.18,8,3
HD 693_4,2.3050061194518863,0.1385972539874293,HD 693,1.392,1.18,8,3
HD 693_4,2.1794908856090682,0.08298963185847819,HD 693,1.392,1.18,8,3
HD 693_4,2.1500365210336705,0.07822506253649827,HD 693,1.392,1.18,8,3
HD 693_4,2.21898921678085,0.07413530154469421,HD 693,1.392,1.18,8,3
HD 693_4,2.067997119326054,0.1131956701330078,HD 693,1.392,1.18,8,3
HD 693_4,2.1434766611071687,0.1695464787294696,HD 693,1.392,1.18,8,3
HD 693_4,2.251926921461561,0.10391344371447182,HD 693,1.392,1.18,8,3
HD 693_4,2.0865615237832196,0.13340154362965173,HD 693,1.392,1.18,8,3
HD 693_4,2.10839423902023,0.13960858134300552,HD 693,1.392,1.18,8,3
HD 693_4,2.112451225455197,0.14346649080500595,HD 693,1.392,1.18,8,3
HD 693_4,2.0624015426583164,0.08128340542442837,HD 693,1.392,1.18,8,3
HD 693_4,1.929546362671453,0.1978952440498442,HD 693,1.392,1.18,8,3
HD 693_4,2.0930378029430394,0.17772447436742364,HD 693,1.392,1.18,8,3
HD 693_4,2.159231817024375,0.11456250593307682,HD 693,1.392,1.18,8,3
HD 693_4,2.146171757092969,0.11860121691628296,HD 693,1.392,1.18,8,3
HD 693_4,2.205423511284274,0.04649106765329203,HD 693,1.392,1.18,8,3
HD 693_4,2.0668174007222717,0.0828634739349562,HD 693,1.392,1.18,8,3
HD 693_4,2.2234493425142614,0.08587876543334502,HD 693,1.392,1.18,8,3
HD 693_4,2.2863652899626494,0.11313840275977044,HD 693,1.392,1.18,8,3
HD 693_4,2.150822865891337,0.16204478475995965,HD 693,1.392,1.18,8,3
HD 693_4,1.9331241352208968,0.1250837326786125,HD 693,1.392,1.18,8,3
HD 693_4,2.0886499038761546,0.09791177126262465,HD 693,1.392,1.18,8,3
HD 693_4,2.179760305255966,0.0796254414111396,HD 693,1.392,1.18,8,3
HD 693_4,1.930129347899011,0.12014112516729551,HD 693,1.392,1.18,8,3
HD 693_4,2.144311444069357,0.10688275886935467,HD 693,1.392,1.18,8,3
HD 693_4,1.9269807674613677,0.1489322771156104,HD 693,1.392,1.18,8,3
HD 693_4,2.306747997167829,0.11687461915366287,HD 693,1.392,1.18,8,3
HD 693_4,1.9478489932173801,0.13792330045005316,HD 693,1.392,1.18,8,3
HD 693_4,2.103784920857246,0.15327539434551501,HD 693,1.392,1.18,8,3
HD 693_4,2.122057769005456,0.16063511955849688,HD 693,1.392,1.18,8,3
HD 693_4,1.939317496599966,0.11487042593468301,HD 693,1.392,1.18,8,3
HD 693_4,2.079527829962291,0.12177846832725517,HD 693,1.392,1.18,8,3
HD 693_4,2.0716709656962182,0.14159402591597775,HD 693,1.392,1.18,8,3
HD 693_4,2.1234204920198527,0.1007072742028643,HD 693,1.392,1.18,8,3
HD 693_4,2.3023779887704907,0.21268632738317353,HD 693,1.392,1.18,8,3
HD 693_4,1.9021997664407864,0.13965999057304976,HD 693,1.392,1.18,8,3
HD 693_4,2.0848359768507327,0.1598648359267167,HD 693,1.392,1.18,8,3
HD 693_4,1.9435702873535468,0.08594401154447383,HD 693,1.392,1.18,8,3
HD 693_4,3.9827096063952308,0.41196128791511044,HD 693,1.392,1.18,8,3
HD 693_4,2.230692765784798,0.10914782214518051,HD 693,1.392,1.18,8,3
HD 693_4,1.9680971507542642,0.13891204947547903,HD 693,1.392,1.18,8,3
HD 693_4,1.9378165834604153,0.11417836096974962,HD 693,1.392,1.18,8,3
HD 693_4,2.290870494375344,0.12197296417451821,HD 693,1.392,1.18,8,3
HD 693_4,2.201788265389567,0.12079630081612443,HD 693,1.392,1.18,8,3
HD 693_4,2.227946837175511,0.06074009116669554,HD 693,1.392,1.18,8,3
HD 693_4,2.1305162734072107,0.05241540238273816,HD 693,1.392,1.18,8,3
HD 693_4,2.036439387738315,0.1601651057272441,HD 693,1.392,1.18,8,3
HD 693_4,2.1317787782218414,0.1625136430674562,HD 693,1.392,1.18,8,3
HD 693_4,2.105283810555486,0.1466790609540109,HD 693,1.392,1.18,8,3
HD 693_4,2.1079162084880325,0.148879100303829,HD 693,1.392,1.18,8,3
HD 693_4,2.07559709103501,0.1658725986339012,HD 693,1.392,1.18,8,3
HD 693_4,2.2272076219046304,0.10312454878441675,HD 693,1.392,1.18,8,3
HD 693_4,1.9512377091697408,0.07632707489618468,HD 693,1.392,1.18,8,3
HD 693_4,1.8940064911015315,0.2172653518387582,HD 693,1.392,1.18,8,3
HD 693_4,2.0440191215298564,0.10418596099353834,HD 693,1.392,1.18,8,3
HD 693_4,2.133067893500349,0.15834605508863503,HD 693,1.392,1.18,8,3
HD 693_4,2.3328581461552482,0.1853301876827659,HD 693,1.392,1.18,8,3
HD 693_4,2.1383840791631847,0.12179245862016566,HD 693,1.392,1.18,8,3
HD 693_4,2.062573038410176,0.09663386315740094,HD 693,1.392,1.18,8,3
HD 693_4,2.1001556291889862,0.13695392377308566,HD 693,1.392,1.18,8,3
HD 693_4,2.1375215796692375,0.15772300452503651,HD 693,1.392,1.18,8,3
HD 693_4,1.919509204381001,0.12943102631837106,HD 693,1.392,1.18,8,3
HD 693_4,2.2136434517113632,0.1447182193498876,HD 693,1.392,1.18,8,3
HD 693_4,1.9423939578323766,0.14002205199536652,HD 693,1.392,1.18,8,3
HD 693_4,2.2848359151382938,0.26348049319426814,HD 693,1.392,1.18,8,3
HD 693_4,2.218713944557588,0.05174690549260541,HD 693,1.392,1.18,8,3
HD 693_4,2.2816690484526894,0.24261298575089935,HD 693,1.392,1.18,8,3
HD 693_4,2.261295143175946,0.1454342825404851,HD 693,1.392,1.18,8,3
HD 693_4,2.1306567634312765,0.14903901999571809,HD 693,1.392,1.18,8,3
HD 693_4,2.281645659160402,0.05567087024539778,HD 693,1.392,1.18,8,3
HD 693_4,2.0480791793585897,0.1064146768792918,HD 693,1.392,1.18,8,3
HD 693_4,2.1099268914116087,0.15065871784248852,HD 693,1.392,1.18,8,3
HD 693_4,2.26361692579751,0.09838389872121318,HD 693,1.392,1.18,8,3
HD 693_4,2.3314782063291695,0.2639827175189744,HD 693,1.392,1.18,8,3
HD 693_4,2.1157843763621385,0.17072700295749213,HD 693,1.392,1.18,8,3
HD 693_4,2.2203328583861826,0.10920333277974738,HD 693,1.392,1.18,8,3
HD 693_4,2.1333535570138,0.14434830305435173,HD 693,1.392,1.18,8,3
HD 693_4,2.2594511347392694,0.1303111867969471,HD 693,1.392,1.18,8,3
HD 693_4,1.9485135904756306,0.11652790383042394,HD 693,1.392,1.18,8,3
HD 693_4,1.9162107749123298,0.1247661457757688,HD 693,1.392,1.18,8,3
HD 693_4,2.0719609317579235,0.13525781957034544,HD 693,1.392,1.18,8,3
HD 693_4,2.027063159011479,0.09619448674021602,HD 693,1.392,1.18,8,3
HD 693_4,1.9103659297848055,0.14554850150859627,HD 693,1.392,1.18,8,3
HD 693_4,2.1129728426297985,0.16595640025233238,HD 693,1.392,1.18,8,3
HD 693_4,1.8920860457871391,0.15229070409889217,HD 693,1.392,1.18,8,3
HD 693_4,1.895143752821355,0.10722876246428557,HD 693,1.392,1.18,8,3
HD 693_4,1.9173417664711014,0.14557489704098384,HD 693,1.392,1.18,8,3
HD 693_4,2.2762177563132284,0.10977901336374428,HD 693,1.392,1.18,8,3
HD 693_4,2.1005811599542974,0.12585175487467254,HD 693,1.392,1.18,8,3
HD 693_4,2.0662106774671742,0.09840471947074717,HD 693,1.392,1.18,8,3
HD 693_4,2.0780441772735014,0.10506276076929733,HD 693,1.392,1.18,8,3
HD 693_4,2.3062038750564433,0.18866777140069696,HD 693,1.392,1.18,8,3
HD 693_4,2.3294992219520627,0.1663648224410943,HD 693,1.392,1.18,8,3
HD 693_4,2.0825823068579847,0.20568632102339046,HD 693,1.392,1.18,8,3
HD 693_4,2.2676632411562068,0.17395151682398025,HD 693,1.392,1.18,8,3
HD 693_4,2.2286761988068697,0.08591159405547295,HD 693,1.392,1.18,8,3
HD 693_4,2.0815345389647035,0.08597812622100816,HD 693,1.392,1.18,8,3
HD 693_4,1.9454495143350792,0.13492998634155165,HD 693,1.392,1.18,8,3
HD 693_4,1.9904850361167126,0.12478570856578011,HD 693,1.392,1.18,8,3
HD 693_4,1.9055040380890933,0.15044384829415178,HD 693,1.392,1.18,8,3
HD 693_4,1.9565566536400323,0.10112711459828858,HD 693,1.392,1.18,8,3
HD 693_4,2.073859695990426,0.09050093651448896,HD 693,1.392,1.18,8,3
HD 693_4,2.272833353556891,0.08065662292223134,HD 693,1.392,1.18,8,3
HD 693_4,2.200412455493913,0.05917169923926116,HD 693,1.392,1.18,8,3
HD 693_4,2.0933916020347665,0.18333274148643583,HD 693,1.392,1.18,8,3
HD 693_4,1.9111854116963936,0.20133636403307503,HD 693,1.392,1.18,8,3
HD 693_4,2.1730195009095765,0.09392413642940128,HD 693,1.392,1.18,8,3
HD 693_4,1.974256172959093,0.15588821519647666,HD 693,1.392,1.18,8,3
HD 693_4,1.8778789111422554,0.19458328513613543,HD 693,1.392,1.18,8,3
HD 693_4,2.2532642800659244,0.1046729691396741,HD 693,1.392,1.18,8,3
HD 693_4,2.2344391037660563,0.14676943472307075,HD 693,1.392,1.18,8,3
HD 693_4,2.1379586940166964,0.1571562837341405,HD 693,1.392,1.18,8,3
HD 693_4,1.9061858062502124,0.13339452645101543,HD 693,1.392,1.18,8,3
HD 693_4,2.184535733570548,0.11885405864779722,HD 693,1.392,1.18,8,3
HD 693_4,2.1039817819894835,0.14646500915810937,HD 693,1.392,1.18,8,3
HD 693_4,2.1436018435419464,0.05160030022558591,HD 693,1.392,1.18,8,3
HD 693_4,2.064043924880121,0.1450065052921289,HD 693,1.392,1.18,8,3
HD 693_4,2.021388734136829,0.1030071388728895,HD 693,1.392,1.18,8,3
HD 693_4,2.304131752181709,0.09364487692998287,HD 693,1.392,1.18,8,3
HD 693_4,2.079878226993136,0.16774742441857862,HD 693,1.392,1.18,8,3
HD 693_4,2.3982205319333647,0.30282100655231786,HD 693,1.392,1.18,8,3
HD 693_4,2.344620718880125,0.21270745973658833,HD 693,1.392,1.18,8,3
HD 693_4,2.0785868146507647,0.03604272005979142,HD 693,1.392,1.18,8,3
HD 693_4,2.3042583777472294,0.20481049488942416,HD 693,1.392,1.18,8,3
HD 693_4,1.9452295926872236,0.1017886300081725,HD 693,1.392,1.18,8,3
HD 693_4,1.9457680463746778,0.1323123445798901,HD 693,1.392,1.18,8,3
HD 693_4,2.0597254766585698,0.08823319514612292,HD 693,1.392,1.18,8,3
HD 693_4,2.252023087864291,0.049985032022443324,HD 693,1.392,1.18,8,3
HD 693_4,2.0870247391802583,0.13607411247789536,HD 693,1.392,1.18,8,3
HD 693_4,2.069749376866592,0.11519347720081172,HD 693,1.392,1.18,8,3
HD 693_4,2.0675040372716436,0.10834795218331392,HD 693,1.392,1.18,8,3
HD 693_4,2.284287126136385,0.13300819846519207,HD 693,1.392,1.18,8,3
HD 693_4,2.214983739803668,0.14008487339635445,HD 693,1.392,1.18,8,3
HD 693_4,1.908789922656322,0.12239969890399992,HD 693,1.392,1.18,8,3
HD 693_4,2.111500887016812,0.14752347980842218,HD 693,1.392,1.18,8,3
HD 693_4,2.068240135855729,0.11290727090920037,HD 693,1.392,1.18,8,3
HD 693_4,1.9451745232047546,0.1262177066109784,HD 693,1.392,1.18,8,3
HD 693_4,1.9475935621566403,0.18375854853166562,HD 693,1.392,1.18,8,3
HD 693_4,2.0559734320985497,0.1255708563731463,HD 693,1.392,1.18,8,3
HD 693_4,1.925921357659601,0.12495449741675159,HD 693,1.392,1.18,8,3
HD 693_4,2.0731396753296414,0.1289424059062893,HD 693,1.392,1.18,8,3
HD 693_4,2.1388164159314855,0.18871405833804972,HD 693,1.392,1.18,8,3
HD 693_4,2.0815345389647035,0.08597812622100816,HD 693,1.392,1.18,8,3
HD 693_4,2.1598887186783533,0.06265193462542498,HD 693,1.392,1.18,8,3
HD 693_4,2.2745543914960185,0.10701581007740253,HD 693,1.392,1.18,8,3
HD 693_4,2.0975980987712775,0.1572256703024088,HD 693,1.392,1.18,8,3
HD 693_4,2.0898645323249196,0.13354985137517197,HD 693,1.392,1.18,8,3
HD 693_4,1.9487980197283368,0.12216494383901107,HD 693,1.392,1.18,8,3
HD 693_4,2.0691327619081816,0.16312478750111625,HD 693,1.392,1.18,8,3
HD 693_4,2.0477307718869993,0.15347780778757347,HD 693,1.392,1.18,8,3
HD 693_4,2.0168999140982162,0.1865883736472813,HD 693,1.392,1.18,8,3
HD 693_4,2.103341046152051,0.13222429690633067,HD 693,1.392,1.18,8,3
HD 693_4,1.8909596197327556,0.1699765471370023,HD 693,1.392,1.18,8,3
HD 693_4,2.079282371696613,0.12067836200006361,HD 693,1.392,1.18,8,3
HD 693_4,2.0932985808806377,0.1290045871865263,HD 693,1.392,1.18,8,3
HD 693_4,2.239064599098773,0.031099252558426306,HD 693,1.392,1.18,8,3
HD 693_4,2.140838273845218,0.18105482709979814,HD 693,1.392,1.18,8,3
HD 693_4,2.3657142438977217,0.19331326970118234,HD 693,1.392,1.18,8,3
HD 693_4,2.128578823650564,0.1220921497927237,HD 693,1.392,1.18,8,3
HD 693_4,2.095820907893835,0.10485270108882817,HD 693,1.392,1.18,8,3
HD 693_4,1.9372679784748814,0.08717786557164539,HD 693,1.392,1.18,8,3
HD 693_4,2.1266212634212684,0.1546453684710309,HD 693,1.392,1.18,8,3
HD 693_4,2.0470833746195036,0.11146814295020396,HD 693,1.392,1.18,8,3
HD 693_4,2.091536330981751,0.10749656935778447,HD 693,1.392,1.18,8,3
HD 693_4,2.0646764416930874,0.11063887844229692,HD 693,1.392,1.18,8,3
HD 693_4,2.1091012430644303,0.1328602461226438,HD 693,1.392,1.18,8,3
HD 17206_0,1.438375844069579,0.17189605028193147,HD 17206,0.885,1.21,8,1
HD 17206_0,2.297206731026129,0.031619071990778604,HD 17206,0.885,1.21,8,1
HD 17206_0,3.4735432751782174,0.17190462074676163,HD 17206,0.885,1.21,8,1
HD 17206_0,2.32422845862859,0.09171545719710239,HD 17206,0.885,1.21,8,1
HD 17206_0,2.556484797071331,0.004138606429197045,HD 17206,0.885,1.21,8,1
HD 17206_0,1.7117284274359608,0.0945634931084335,HD 17206,0.885,1.21,8,1
HD 17206_0,5.597483633328291,0.361092938787206,HD 17206,0.885,1.21,8,1
HD 17206_0,1.8979892272221546,0.02111608488654654,HD 17206,0.885,1.21,8,1
HD 17206_0,1.2107831717627273,0.41128882723909327,HD 17206,0.885,1.21,8,1
HD 17206_0,2.067639746051701,0.09295833070133694,HD 17206,0.885,1.21,8,1
HD 17206_0,6.124699515335987,0.01009666728831982,HD 17206,0.885,1.21,8,1
HD 17206_0,2.4505055800512032,0.2416490180274651,HD 17206,0.885,1.21,8,1
HD 17206_0,2.20919775430081,0.5122095204827019,HD 17206,0.885,1.21,8,1
HD 17206_0,1.8831726270031244,0.07694344996973589,HD 17206,0.885,1.21,8,1
HD 17206_0,3.009927958324305,0.18677780670222588,HD 17206,0.885,1.21,8,1
HD 17206_0,2.8090939045969354,0.052716548316316704,HD 17206,0.885,1.21,8,1
HD 17206_0,1.6592428439428086,0.155379992897547,HD 17206,0.885,1.21,8,1
HD 17206_0,2.2226113043152336,0.06673912826459397,HD 17206,0.885,1.21,8,1
HD 17206_0,5.0463247725972415,0.46439314441926854,HD 17206,0.885,1.21,8,1
HD 17206_0,1.8076771984534437,0.05128154267837002,HD 17206,0.885,1.21,8,1
HD 17206_0,1.9949362896282101,0.035524279770121306,HD 17206,0.885,1.21,8,1
HD 17206_0,1.8497954200374522,0.04701706280860433,HD 17206,0.885,1.21,8,1
HD 17206_0,5.722624435503833,0.08669752241617693,HD 17206,0.885,1.21,8,1
HD 17206_0,9.606421088750315,0.2836923048154948,HD 17206,0.885,1.21,8,1
HD 17206_0,1.765857342826197,0.002188018784918498,HD 17206,0.885,1.21,8,1
HD 17206_0,3.1534875901288806,0.111895350599395,HD 17206,0.885,1.21,8,1
HD 17206_0,2.4757666570029753,0.29424629148512244,HD 17206,0.885,1.21,8,1
HD 17206_0,1.9828286400409685,0.37721939843161345,HD 17206,0.885,1.21,8,1
HD 17206_0,1.3978417812764006,0.15502468329817953,HD 17206,0.885,1.21,8,1
HD 17206_0,1.2841436756201823,0.6538117808664565,HD 17206,0.885,1.21,8,1
HD 17206_0,1.2669072608972125,0.1666022454366792,HD 17206,0.885,1.21,8,1
HD 17206_0,2.0009953336213977,0.03088810656291214,HD 17206,0.885,1.21,8,1
HD 17206_0,3.3700651240352144,0.12618452111660833,HD 17206,0.885,1.21,8,1
HD 17206_0,1.395037396909911,0.49228038845742084,HD 17206,0.885,1.21,8,1
HD 17206_0,1.193533581327284,0.40292038264019736,HD 17206,0.885,1.21,8,1
HD 17206_0,2.0762139895062823,0.21018211850279636,HD 17206,0.885,1.21,8,1
HD 17206_0,1.8632977671496138,0.4432503363757321,HD 17206,0.885,1.21,8,1
HD 17206_0,2.358524216003048,0.2297448757703498,HD 17206,0.885,1.21,8,1
HD 17206_0,1.5981944162173158,0.26164960246391433,HD 17206,0.885,1.21,8,1
HD 17206_0,2.625798092953422,0.01570177476685887,HD 17206,0.885,1.21,8,1
HD 17206_0,2.102811904644283,0.3417505437395335,HD 17206,0.885,1.21,8,1
HD 17206_0,2.1126567429671788,0.14867103717252225,HD 17206,0.885,1.21,8,1
HD 17206_0,2.228317225862507,0.005629783505767299,HD 17206,0.885,1.21,8,1
HD 17206_0,2.309573123062466,0.021959162117610103,HD 17206,0.885,1.21,8,1
HD 17206_0,8.588100556782072,0.19823514654017085,HD 17206,0.885,1.21,8,1
HD 17206_0,2.203966759522594,0.15144905780906898,HD 17206,0.885,1.21,8,1
HD 17206_0,105.97388049818917,0.4134801426030524,HD 17206,0.885,1.21,8,1
HD 17206_0,3.0081770720049845,0.297500122412104,HD 17206,0.885,1.21,8,1
HD 17206_0,1.5232208207928992,0.6921452943757446,HD 17206,0.885,1.21,8,1
HD 17206_0,2.6076762469742127,0.08409298683019654,HD 17206,0.885,1.21,8,1
HD 17206_0,1.3973597697759201,0.3228528665391182,HD 17206,0.885,1.21,8,1
HD 17206_0,1.6672235758445073,1.585706600686146e-05,HD 17206,0.885,1.21,8,1
HD 17206_0,6.3338079198607,0.7398996559473844,HD 17206,0.885,1.21,8,1
HD 17206_0,1.8826731193294501,0.07266617245756855,HD 17206,0.885,1.21,8,1
HD 17206_0,3.5916571779679862,0.03954743222806429,HD 17206,0.885,1.21,8,1
HD 17206_0,1.5977813118109083,0.07765120286645234,HD 17206,0.885,1.21,8,1
HD 17206_0,1.9198405480170697,0.07205716982753184,HD 17206,0.885,1.21,8,1
HD 17206_0,1.7102295789262822,0.05197753770486736,HD 17206,0.885,1.21,8,1
HD 17206_0,1.3841980192892345,0.2866131569754831,HD 17206,0.885,1.21,8,1
HD 17206_0,0.9649151725181345,0.5561431266015381,HD 17206,0.885,1.21,8,1
HD 17206_0,1.5867520296200504,0.331421788267667,HD 17206,0.885,1.21,8,1
HD 17206_0,1.6891666489824744,0.09039004654314726,HD 17206,0.885,1.21,8,1
HD 17206_0,9.987883142720179,0.5666021688876391,HD 17206,0.885,1.21,8,1
HD 17206_0,2.0080402338854997,0.11411318832911967,HD 17206,0.885,1.21,8,1
HD 17206_0,2.401516814915954,0.14493945298347855,HD 17206,0.885,1.21,8,1
HD 17206_0,1.716598786441992,0.45234201127788787,HD 17206,0.885,1.21,8,1
HD 17206_0,2.535500379782769,0.14272829357638267,HD 17206,0.885,1.21,8,1
HD 17206_0,2.1444624277545157,0.22542041823921793,HD 17206,0.885,1.21,8,1
HD 17206_0,2.988411393844628,0.2743859020998004,HD 17206,0.885,1.21,8,1
HD 17206_0,2.262882330463213,0.3545995304020613,HD 17206,0.885,1.21,8,1
HD 17206_0,15.263183322960977,0.11066548466105874,HD 17206,0.885,1.21,8,1
HD 17206_0,4.762349640234659,0.19158627268659115,HD 17206,0.885,1.21,8,1
HD 17206_0,11.156531074077273,0.36963119437827024,HD 17206,0.885,1.21,8,1
HD 17206_0,1.3638432034076016,0.576784820280562,HD 17206,0.885,1.21,8,1
HD 17206_0,1.9398692395884523,0.018135062092501705,HD 17206,0.885,1.21,8,1
HD 17206_0,1.4329653954926929,0.26093642378692883,HD 17206,0.885,1.21,8,1
HD 17206_0,1.4319901303355493,0.3159681593541042,HD 17206,0.885,1.21,8,1
HD 17206_0,2.427406169456629,0.07942964290235155,HD 17206,0.885,1.21,8,1
HD 17206_0,7.576520309606303,0.7019193219232808,HD 17206,0.885,1.21,8,1
HD 17206_0,2.3434149150282217,0.16202752080195076,HD 17206,0.885,1.21,8,1
HD 17206_0,2.5336761826322807,0.09966800112029649,HD 17206,0.885,1.21,8,1
HD 17206_0,2.8067074947602326,0.18648144915873113,HD 17206,0.885,1.21,8,1
HD 17206_0,1.6597047575842978,0.0366460601883558,HD 17206,0.885,1.21,8,1
HD 17206_0,1.9435926321548709,0.11843351324899024,HD 17206,0.885,1.21,8,1
HD 17206_0,1.675070529846023,0.6441860719741752,HD 17206,0.885,1.21,8,1
HD 17206_0,1.609796349819133,0.07045449931794369,HD 17206,0.885,1.21,8,1
HD 17206_0,7.016388387849458,0.5809012408017069,HD 17206,0.885,1.21,8,1
HD 17206_0,4.453002944095006,0.017781258438788312,HD 17206,0.885,1.21,8,1
HD 17206_0,1.4157174054596937,0.26732751951685413,HD 17206,0.885,1.21,8,1
HD 17206_0,3.1395029262342766,0.3432496899106336,HD 17206,0.885,1.21,8,1
HD 17206_0,1.9042117617342564,0.5511090270705603,HD 17206,0.885,1.21,8,1
HD 17206_0,1.6043474531356703,0.13223204182023382,HD 17206,0.885,1.21,8,1
HD 17206_0,4.860877144457384,0.040195125257886266,HD 17206,0.885,1.21,8,1
HD 17206_0,8.523890750417229,0.15146945878535215,HD 17206,0.885,1.21,8,1
HD 17206_0,1.9798621459916632,0.11067235320324174,HD 17206,0.885,1.21,8,1
HD 17206_0,3.5575289203736937,0.07752806818817452,HD 17206,0.885,1.21,8,1
HD 17206_0,13.58996570217057,0.09564255103813847,HD 17206,0.885,1.21,8,1
HD 17206_0,1.897382731252011,0.17956826943825577,HD 17206,0.885,1.21,8,1
HD 17206_0,8.102987439163241,0.014187710033699747,HD 17206,0.885,1.21,8,1
HD 17206_0,0.9861471098383152,0.5473771151783093,HD 17206,0.885,1.21,8,1
HD 17206_0,1.7046275095513146,0.13447739850975798,HD 17206,0.885,1.21,8,1
HD 17206_0,12.44257335479831,0.3946369665392846,HD 17206,0.885,1.21,8,1
HD 17206_0,2.534045702053982,0.32779550177588723,HD 17206,0.885,1.21,8,1
HD 17206_0,2.374114593527665,0.22448657877165692,HD 17206,0.885,1.21,8,1
HD 17206_0,9.655414073295676,0.3798848412728093,HD 17206,0.885,1.21,8,1
HD 17206_0,1.2247167510448311,0.26110019844968774,HD 17206,0.885,1.21,8,1
HD 17206_0,2.7123525732715827,0.2912465500960884,HD 17206,0.885,1.21,8,1
HD 17206_0,2.1922874377206867,0.057732554459169354,HD 17206,0.885,1.21,8,1
HD 17206_0,1.6609305597111181,0.24160918944245738,HD 17206,0.885,1.21,8,1
HD 17206_0,3.322156617316249,0.0017837025733823684,HD 17206,0.885,1.21,8,1
HD 17206_0,1.6735546604986093,0.07361321474460852,HD 17206,0.885,1.21,8,1
HD 17206_0,1.3166649170053937,0.3092151486528448,HD 17206,0.885,1.21,8,1
HD 17206_0,2.0963979821645764,0.024084907817189215,HD 17206,0.885,1.21,8,1
HD 17206_0,1.6677962428578694,0.04564380451502667,HD 17206,0.885,1.21,8,1
HD 17206_0,9.103168852261906,0.08346125954015662,HD 17206,0.885,1.21,8,1
HD 17206_0,2.679918099470809,0.21414002762765752,HD 17206,0.885,1.21,8,1
HD 17206_0,12.593590910742364,0.04594812443784308,HD 17206,0.885,1.21,8,1
HD 17206_0,1.649065523521407,0.02336311093494985,HD 17206,0.885,1.21,8,1
HD 17206_0,4.904792283502929,0.2655576274519068,HD 17206,0.885,1.21,8,1
HD 17206_0,7.072303868116042,0.0463443752016166,HD 17206,0.885,1.21,8,1
HD 17206_0,4.843444477921291,0.10611573700838273,HD 17206,0.885,1.21,8,1
HD 17206_0,3.0278026032670398,0.3249584383042606,HD 17206,0.885,1.21,8,1
HD 17206_0,2.1681279512755847,0.14840819277419853,HD 17206,0.885,1.21,8,1
HD 17206_0,2.07588778498495,0.1835715147230432,HD 17206,0.885,1.21,8,1
HD 17206_0,4.546546698941323,0.11730612578220183,HD 17206,0.885,1.21,8,1
HD 17206_0,4.2473120784558835,0.15212946727573384,HD 17206,0.885,1.21,8,1
HD 17206_0,4.7991678830274305,0.12996881914944555,HD 17206,0.885,1.21,8,1
HD 17206_0,1.8988792991114867,0.12089575572245922,HD 17206,0.885,1.21,8,1
HD 17206_0,1.9235673878324824,0.3444482815601922,HD 17206,0.885,1.21,8,1
HD 17206_0,3.6821561060779042,0.18038957967903166,HD 17206,0.885,1.21,8,1
HD 17206_0,2.598434350017321,0.21291672552593213,HD 17206,0.885,1.21,8,1
HD 17206_0,1.7780560826756535,0.19075687579629746,HD 17206,0.885,1.21,8,1
HD 17206_0,2.9614060193481078,0.05629121098934055,HD 17206,0.885,1.21,8,1
HD 17206_0,2.0616944910524277,0.09768594555613305,HD 17206,0.885,1.21,8,1
HD 17206_0,2.257945839569307,0.11642764650640991,HD 17206,0.885,1.21,8,1
HD 17206_0,5.646217422606797,0.593039698717289,HD 17206,0.885,1.21,8,1
HD 17206_0,4.826358531897025,0.023561822638224806,HD 17206,0.885,1.21,8,1
HD 17206_0,1.9375118043075497,0.009097333911145753,HD 17206,0.885,1.21,8,1
HD 17206_0,2.145899273522921,0.23842685608258332,HD 17206,0.885,1.21,8,1
HD 17206_0,1.5857081707309897,0.16369515481365018,HD 17206,0.885,1.21,8,1
HD 17206_0,1.22832344616582,0.22609040334983538,HD 17206,0.885,1.21,8,1
HD 17206_0,1.6819027497404393,0.5601588933675742,HD 17206,0.885,1.21,8,1
HD 17206_0,19.857103294555927,0.463001007585759,HD 17206,0.885,1.21,8,1
HD 17206_0,6.081398246549663,0.47108146457127326,HD 17206,0.885,1.21,8,1
HD 17206_0,2.097330492567123,0.13267880226443968,HD 17206,0.885,1.21,8,1
HD 17206_0,3.385396645328845,0.3872226959931178,HD 17206,0.885,1.21,8,1
HD 17206_0,1.6376246203136542,0.057108201704214795,HD 17206,0.885,1.21,8,1
HD 17206_0,2.9863650685254672,0.41455474779944507,HD 17206,0.885,1.21,8,1
HD 17206_0,1.7007000775598244,0.004168927593821916,HD 17206,0.885,1.21,8,1
HD 17206_0,3.8259538093170367,0.5978176739655894,HD 17206,0.885,1.21,8,1
HD 17206_0,2.278418304373698,0.1686600297910266,HD 17206,0.885,1.21,8,1
HD 17206_0,5.723178968622224,0.08723516392955181,HD 17206,0.885,1.21,8,1
HD 17206_0,2.0955765774796147,0.16941306523911434,HD 17206,0.885,1.21,8,1
HD 17206_0,49.08739157810521,0.5862358763929113,HD 17206,0.885,1.21,8,1
HD 17206_0,2.1892604196967973,0.46546594275909037,HD 17206,0.885,1.21,8,1
HD 17206_0,1.0769458082564838,0.5049985335537099,HD 17206,0.885,1.21,8,1
HD 17206_0,1.5776244752343587,0.05159576764589287,HD 17206,0.885,1.21,8,1
HD 17206_0,2.4009985787418175,0.7521777242601434,HD 17206,0.885,1.21,8,1
HD 17206_0,1.941195750237477,0.0012610572007354178,HD 17206,0.885,1.21,8,1
HD 17206_0,3.2799610129938985,0.22585284249300444,HD 17206,0.885,1.21,8,1
HD 17206_0,0.8671259585383406,0.6081313378134884,HD 17206,0.885,1.21,8,1
HD 17206_0,4.674567828681778,0.37686431836804524,HD 17206,0.885,1.21,8,1
HD 17206_0,1.7735118259289488,0.13978337278226782,HD 17206,0.885,1.21,8,1
HD 17206_0,39.814502483871344,0.555678305820239,HD 17206,0.885,1.21,8,1
HD 17206_0,1.8310428132040741,0.007549545258704908,HD 17206,0.885,1.21,8,1
HD 17206_0,8.970646098054425,0.46514023901929297,HD 17206,0.885,1.21,8,1
HD 17206_0,5.79914624730496,0.08669912572441389,HD 17206,0.885,1.21,8,1
HD 17206_0,3.6083579216038197,0.1142855231311004,HD 17206,0.885,1.21,8,1
HD 17206_0,1.7639515964024444,0.13456924741843895,HD 17206,0.885,1.21,8,1
HD 17206_0,1.6893384314703432,0.33601761762523746,HD 17206,0.885,1.21,8,1
HD 17206_0,2.471198034374339,0.08980019167633178,HD 17206,0.885,1.21,8,1
HD 17206_0,1.4216877225781313,0.1254103653670503,HD 17206,0.885,1.21,8,1
HD 17206_0,1.8525804917720607,0.07248414595578193,HD 17206,0.885,1.21,8,1
HD 17206_0,1.1714605320728262,0.36448720962109343,HD 17206,0.885,1.21,8,1
HD 17206_0,4.727739094669734,0.5326571124135996,HD 17206,0.885,1.21,8,1
HD 17206_0,8.466343985611116,0.6754737049759966,HD 17206,0.885,1.21,8,1
HD 17206_0,2.4775764444360138,0.27569300561865256,HD 17206,0.885,1.21,8,1
HD 17206_0,2.0321287525804452,0.06051945899988718,HD 17206,0.885,1.21,8,1
HD 17206_0,3.6401656773810265,0.17143804219906306,HD 17206,0.885,1.21,8,1
HD 17206_0,1.6111287346689327,0.03348440254764726,HD 17206,0.885,1.21,8,1
HD 17206_0,3.7392119228269176,0.5199487260450583,HD 17206,0.885,1.21,8,1
HD 17206_0,1.9120365051824162,0.2375735892965736,HD 17206,0.885,1.21,8,1
HD 17206_0,2.247075485104419,0.5350178395900297,HD 17206,0.885,1.21,8,1
HD 17206_0,1.9187283857499917,0.26640324847375896,HD 17206,0.885,1.21,8,1
HD 17206_0,1.4008820997918765,0.44975620591100773,HD 17206,0.885,1.21,8,1
HD 17206_0,0.9236108755557708,0.5378991213210291,HD 17206,0.885,1.21,8,1
HD 17206_0,21.778514818150075,0.04111275838840758,HD 17206,0.885,1.21,8,1
HD 17206_0,11.983046129684421,0.2374421566175937,HD 17206,0.885,1.21,8,1
HD 17206_0,2.957415981102987,0.42471759850236185,HD 17206,0.885,1.21,8,1
HD 17206_0,1.47158265966216,0.3679220189607888,HD 17206,0.885,1.21,8,1
HD 17206_0,4.467502369920962,0.013964901885766944,HD 17206,0.885,1.21,8,1
HD 17206_0,2.9829176463647635,0.2176318373421302,HD 17206,0.885,1.21,8,1
HD 17206_0,2.1261385077205532,0.018232904365599163,HD 17206,0.885,1.21,8,1
HD 17206_0,1.7084732597332777,0.04099389834253421,HD 17206,0.885,1.21,8,1
HD 17206_0,3.344649692472885,0.04117944302971881,HD 17206,0.885,1.21,8,1
HD 17206_0,1.731762225016667,0.2645807767475152,HD 17206,0.885,1.21,8,1
HD 17206_0,3.34100849345309,0.48217938481896944,HD 17206,0.885,1.21,8,1
HD 17206_0,1.6931458279926301,0.002325003733861684,HD 17206,0.885,1.21,8,1
HD 17206_0,1.3376941099496331,0.45935537235099133,HD 17206,0.885,1.21,8,1
HD 17206_0,2.4445275031493714,0.6283110673483557,HD 17206,0.885,1.21,8,1
HD 17206_0,0.7401769565658806,0.7772551993844765,HD 17206,0.885,1.21,8,1
HD 17206_0,1.9735399391400026,0.16262578873715713,HD 17206,0.885,1.21,8,1
HD 17206_0,1.8712470706509596,0.25460227559352405,HD 17206,0.885,1.21,8,1
HD 17206_0,7.739494654012397,0.18750211391176136,HD 17206,0.885,1.21,8,1
HD 17206_0,3.2615716320713357,0.11836255671340201,HD 17206,0.885,1.21,8,1
HD 17206_0,2.763755261791081,0.06818344554096004,HD 17206,0.885,1.21,8,1
HD 17206_0,1.6944457357284843,0.22310630950690252,HD 17206,0.885,1.21,8,1
HD 17206_0,1.2136277002001417,0.49989597470222835,HD 17206,0.885,1.21,8,1
HD 17206_0,1.737874083132121,0.28048072793706225,HD 17206,0.885,1.21,8,1
HD 17206_0,13.388927263931658,0.2539635605133537,HD 17206,0.885,1.21,8,1
HD 17206_0,1.0047742205107868,0.4606644639362451,HD 17206,0.885,1.21,8,1
HD 17206_0,1.7478485198550233,0.041264996959682235,HD 17206,0.885,1.21,8,1
HD 17206_0,1.8846173372699122,0.010589069268466455,HD 17206,0.885,1.21,8,1
HD 17206_0,1.7792386667749003,0.06715045966688465,HD 17206,0.885,1.21,8,1
HD 17206_0,1.8480576214780606,0.012599105704854724,HD 17206,0.885,1.21,8,1
HD 17206_0,2.795141012525423,0.09160421832798464,HD 17206,0.885,1.21,8,1
HD 17206_0,1.4135802877260086,0.17634131772934775,HD 17206,0.885,1.21,8,1
HD 17206_0,2.336223848195164,0.2167564061839002,HD 17206,0.885,1.21,8,1
HD 17206_0,1.968052088302286,0.012030155880335859,HD 17206,0.885,1.21,8,1
HD 17206_0,7.8746074883085875,0.20600716468613817,HD 17206,0.885,1.21,8,1
HD 17206_0,1.8234124822498996,0.06686310108015951,HD 17206,0.885,1.21,8,1
HD 17206_0,3.169784356184263,0.03366151836225876,HD 17206,0.885,1.21,8,1
HD 17206_0,3.048198078306032,0.21730046565378,HD 17206,0.885,1.21,8,1
HD 17206_0,2.6312123211816933,0.004765968724355013,HD 17206,0.885,1.21,8,1
HD 17206_0,3.6891341265812923,0.04537144271257231,HD 17206,0.885,1.21,8,1
HD 17206_0,2.762467243201641,0.23779896670443518,HD 17206,0.885,1.21,8,1
HD 17206_0,6.628198392811361,0.026503700088716605,HD 17206,0.885,1.21,8,1
HD 17206_0,2.0131255859558514,0.2971393518273826,HD 17206,0.885,1.21,8,1
HD 17206_0,1.6953122332420545,0.004270004446436563,HD 17206,0.885,1.21,8,1
HD 17206_0,1.5895667607337793,0.18203817652516935,HD 17206,0.885,1.21,8,1
HD 17206_0,2.2822530803777354,0.09634993634756737,HD 17206,0.885,1.21,8,1
HD 17206_0,2.832759313042199,0.3184162674876268,HD 17206,0.885,1.21,8,1
HD 17206_0,22.971122823649168,0.007351754358543001,HD 17206,0.885,1.21,8,1
HD 17206_0,1.530030565956847,0.15693453881632333,HD 17206,0.885,1.21,8,1
HD 17206_0,12.274507525263342,0.3757959580699396,HD 17206,0.885,1.21,8,1
HD 17206_0,2.0351930158709597,0.24136469837615115,HD 17206,0.885,1.21,8,1
HD 17206_0,3.3856327651988334,0.05682712310715577,HD 17206,0.885,1.21,8,1
HD 17206_0,1.533008873178927,0.10795822863298632,HD 17206,0.885,1.21,8,1
HD 17206_0,1.6343394890907055,0.08379850511745238,HD 17206,0.885,1.21,8,1
HD 17206_0,1.6543449953389484,0.43075697403384844,HD 17206,0.885,1.21,8,1
HD 17206_0,3.2098766364768756,0.21553496589794305,HD 17206,0.885,1.21,8,1
HD 17206_0,4.657403715272792,0.6891725860361205,HD 17206,0.885,1.21,8,1
HD 17206_0,3.059812856087369,0.5221466247620069,HD 17206,0.885,1.21,8,1
HD 17206_0,1.6772197626121124,0.013076970040765865,HD 17206,0.885,1.21,8,1
HD 17206_0,2.1979985024948374,0.2784726841002818,HD 17206,0.885,1.21,8,1
HD 17206_0,0.9587285224880481,0.781066038261335,HD 17206,0.885,1.21,8,1
HD 17206_0,1.014317772669769,0.49485576398072273,HD 17206,0.885,1.21,8,1
HD 17206_0,3.2376700799339484,0.015428557970487646,HD 17206,0.885,1.21,8,1
HD 17206_0,3.123436404244079,0.0520158409612153,HD 17206,0.885,1.21,8,1
HD 17206_0,1.713335164319773,0.014880296251361948,HD 17206,0.885,1.21,8,1
HD 17206_0,3.9712691022520152,0.11396466391432462,HD 17206,0.885,1.21,8,1
HD 17206_0,1.782072726427941,0.0659786044568665,HD 17206,0.885,1.21,8,1
HD 17206_0,2.4857537145161253,0.6322487041529705,HD 17206,0.885,1.21,8,1
HD 17206_0,1.7518230435657582,0.045959904227826795,HD 17206,0.885,1.21,8,1
HD 17206_0,4.435100035976873,0.4660053964322347,HD 17206,0.885,1.21,8,1
HD 17206_0,2.8071103421048162,0.28265485128551077,HD 17206,0.885,1.21,8,1
HD 17206_0,1.2491172290387942,0.33149869068224697,HD 17206,0.885,1.21,8,1
HD 17206_0,2.140059705104304,0.1718345596529955,HD 17206,0.885,1.21,8,1
HD 17206_0,2.9847802909149896,0.31157585245691083,HD 17206,0.885,1.21,8,1
HD 17206_0,1.418781629587436,0.12913779977148823,HD 17206,0.885,1.21,8,1
HD 17206_0,1.9683885973494184,0.16653595080437603,HD 17206,0.885,1.21,8,1
HD 17206_0,8.430282450241533,0.7177684043140798,HD 17206,0.885,1.21,8,1
HD 17206_0,1.2086243273632435,0.5047015496167002,HD 17206,0.885,1.21,8,1
HD 17206_0,1.8500192627879346,0.17700632865265986,HD 17206,0.885,1.21,8,1
HD 17206_0,1.5559512801124062,0.10069607515877665,HD 17206,0.885,1.21,8,1
HD 17206_0,4.598093958324812,0.5547937084150737,HD 17206,0.885,1.21,8,1
HD 17206_0,13.785912094460098,0.5741387099115718,HD 17206,0.885,1.21,8,1
HD 17206_0,12.45773833215716,0.09093160898141639,HD 17206,0.885,1.21,8,1
HD 17206_0,1.6919767814155409,0.09385191381626785,HD 17206,0.885,1.21,8,1
HD 17206_0,11.19085861406609,0.10843627665223626,HD 17206,0.885,1.21,8,1
HD 17206_0,1.1685372554557363,0.4548332213604528,HD 17206,0.885,1.21,8,1
HD 17206_0,2.286599276930438,0.23591092974485328,HD 17206,0.885,1.21,8,1
HD 17206_0,2.1053877545206663,0.049946588007923225,HD 17206,0.885,1.21,8,1
HD 17206_0,3.7814122036469717,0.7420344745412972,HD 17206,0.885,1.21,8,1
HD 17206_0,1.723319483562826,0.19248697133873005,HD 17206,0.885,1.21,8,1
HD 17206_0,2.577322098357188,0.10817195130309071,HD 17206,0.885,1.21,8,1
HD 17206_0,2.459390293161833,0.043262997662874364,HD 17206,0.885,1.21,8,1
HD 17206_0,15.113157440800641,0.06000282214287088,HD 17206,0.885,1.21,8,1
HD 17206_0,1.627651300504482,0.319863333089714,HD 17206,0.885,1.21,8,1
HD 17206_0,6.498892131935117,0.4115224258320336,HD 17206,0.885,1.21,8,1
HD 17206_0,3.360955076555167,0.06751145577923554,HD 17206,0.885,1.21,8,1
HD 17206_0,1.5892589233360506,0.15557196047142507,HD 17206,0.885,1.21,8,1
HD 17206_0,1.8938510243920479,0.07660551607319524,HD 17206,0.885,1.21,8,1
HD 17206_0,3.6464554062205465,0.33298660647149725,HD 17206,0.885,1.21,8,1
HD 17206_0,12.670860173236468,0.27792798683201964,HD 17206,0.885,1.21,8,1
HD 17206_0,2.398724995168327,0.02645051632418065,HD 17206,0.885,1.21,8,1
HD 17206_0,1.8598812763013177,0.08999621312002604,HD 17206,0.885,1.21,8,1
HD 17206_0,5.272548429843189,0.055193385036980284,HD 17206,0.885,1.21,8,1
HD 17206_0,2.645100680833249,0.2844046605768498,HD 17206,0.885,1.21,8,1
HD 17206_0,1.0917014061356518,0.34353427427922056,HD 17206,0.885,1.21,8,1
HD 17206_0,1.3196079296979548,0.17746549965265926,HD 17206,0.885,1.21,8,1
HD 17206_0,2.4398667244865866,0.06825743443634312,HD 17206,0.885,1.21,8,1
HD 17206_0,1.0743695842391179,0.3270535528056312,HD 17206,0.885,1.21,8,1
HD 17206_0,0.9375414757830559,0.5102349991456016,HD 17206,0.885,1.21,8,1
HD 17206_0,1.7432861459445268,0.24105072474479708,HD 17206,0.885,1.21,8,1
HD 17206_0,6.574337573713576,0.42731505165855926,HD 17206,0.885,1.21,8,1
HD 17206_0,4.71263936327711,0.27045699338273593,HD 17206,0.885,1.21,8,1
HD 17206_0,1.116226178708767,0.36628982206655875,HD 17206,0.885,1.21,8,1
HD 17206_0,2.172256678704261,0.2122675981208002,HD 17206,0.885,1.21,8,1
HD 17206_0,1.203099437746061,0.3613099564948856,HD 17206,0.885,1.21,8,1
HD 17206_0,1.9532717390587324,0.3221032360334829,HD 17206,0.885,1.21,8,1
HD 17206_0,3.0586268440969895,0.057175441580297526,HD 17206,0.885,1.21,8,1
HD 17206_0,1.746513641277917,0.050154701617019674,HD 17206,0.885,1.21,8,1
HD 17206_0,1.602883220856403,0.278686268941715,HD 17206,0.885,1.21,8,1
HD 17206_0,4.257920971854823,0.0821352531024846,HD 17206,0.885,1.21,8,1
HD 17206_0,1.4265848653234359,0.4553518473035576,HD 17206,0.885,1.21,8,1
HD 17206_0,2.409600492457777,0.1528838041611508,HD 17206,0.885,1.21,8,1
HD 17206_0,1.728195106749018,0.003190892187967719,HD 17206,0.885,1.21,8,1
HD 17206_0,3.105069365517434,0.22423899293945765,HD 17206,0.885,1.21,8,1
HD 17206_0,3.730919374293236,0.39068747133087145,HD 17206,0.885,1.21,8,1
HD 17206_0,5.3032650538486825,0.1469743254196083,HD 17206,0.885,1.21,8,1
HD 17206_0,2.453948970080349,0.08775993104035332,HD 17206,0.885,1.21,8,1
HD 17206_0,6.558255111797812,0.0033480107361410563,HD 17206,0.885,1.21,8,1
HD 17206_0,1.688043815428733,0.21119461676249057,HD 17206,0.885,1.21,8,1
HD 17206_0,2.584259966031395,0.22867683747704526,HD 17206,0.885,1.21,8,1
HD 17206_0,1.6673265986624108,0.10829120472150269,HD 17206,0.885,1.21,8,1
HD 17206_0,1.9215693285342428,0.11857237319657,HD 17206,0.885,1.21,8,1
HD 17206_0,1.7784872459678893,0.019890592192449413,HD 17206,0.885,1.21,8,1
HD 17206_0,3.4659585402100364,0.22119340862228581,HD 17206,0.885,1.21,8,1
HD 17206_0,1.6686778732303067,0.2766732187256817,HD 17206,0.885,1.21,8,1
HD 17206_0,36.70620246940289,0.45702286384366964,HD 17206,0.885,1.21,8,1
HD 17206_0,5.856276915108426,0.15900024461705545,HD 17206,0.885,1.21,8,1
HD 17206_0,1.8049579648695677,0.14745000158275845,HD 17206,0.885,1.21,8,1
HD 17206_0,1.7508406027250105,0.04731230550618329,HD 17206,0.885,1.21,8,1
HD 17206_0,12.5061614337188,0.00507481005711184,HD 17206,0.885,1.21,8,1
HD 17206_0,2.120909898770432,0.1325254567756275,HD 17206,0.885,1.21,8,1
HD 17206_0,2.5536402544669214,0.1571283341488044,HD 17206,0.885,1.21,8,1
HD 17206_0,3.5743694930765275,0.28286526164444786,HD 17206,0.885,1.21,8,1
HD 17206_0,1.5362475558312612,0.06041657133562985,HD 17206,0.885,1.21,8,1
HD 17206_0,1.485256115323246,0.11959519057593657,HD 17206,0.885,1.21,8,1
HD 17206_0,1.7009251953063016,0.18541538059057044,HD 17206,0.885,1.21,8,1
HD 17206_0,2.365223383918123,0.7871900522288089,HD 17206,0.885,1.21,8,1
HD 17206_0,18.29068536425305,0.22601930261743242,HD 17206,0.885,1.21,8,1
HD 17206_0,5.196540840769814,0.0672082828830751,HD 17206,0.885,1.21,8,1
HD 17206_0,1.606875088767762,0.09419998560765871,HD 17206,0.885,1.21,8,1
HD 17206_0,2.253771104812668,0.16973446382789698,HD 17206,0.885,1.21,8,1
HD 17206_0,1.5639621748698427,0.4019267224519117,HD 17206,0.885,1.21,8,1
HD 17206_0,1.611918597152092,0.06557245312672916,HD 17206,0.885,1.21,8,1
HD 17206_0,16.775078363311646,0.013941124573957995,HD 17206,0.885,1.21,8,1
HD 17206_0,2.463571016577766,0.045260019926925084,HD 17206,0.885,1.21,8,1
HD 17206_0,7.853890150820732,0.06475426064659734,HD 17206,0.885,1.21,8,1
HD 17206_0,1.2290892110990943,0.27815322224924943,HD 17206,0.885,1.21,8,1
HD 17206_0,1.5071115841844394,0.17476575925433854,HD 17206,0.885,1.21,8,1
HD 17206_0,2.678810434450517,0.07255774812171663,HD 17206,0.885,1.21,8,1
HD 17206_0,4.300795022290448,0.28331104838476134,HD 17206,0.885,1.21,8,1
HD 17206_0,8.977222706508249,0.3386455855877763,HD 17206,0.885,1.21,8,1
HD 17206_0,7.086069480482133,0.10178407834401884,HD 17206,0.885,1.21,8,1
HD 17206_0,1.7603094460205229,0.0600326519464812,HD 17206,0.885,1.21,8,1
HD 17206_0,1.7186855362720164,0.2727006133642912,HD 17206,0.885,1.21,8,1
HD 17206_0,1.6639603689858915,0.22986868478091407,HD 17206,0.885,1.21,8,1
HD 17206_0,3.1002583585265997,0.050004599431356794,HD 17206,0.885,1.21,8,1
HD 17206_0,1.7298370500718867,0.039889886220102144,HD 17206,0.885,1.21,8,1
HD 17206_0,2.652200747718931,0.08496903071548693,HD 17206,0.885,1.21,8,1
HD 17206_0,2.198807403779226,0.19069048547773287,HD 17206,0.885,1.21,8,1
HD 17206_0,1.68144435332867,0.0073174213505233805,HD 17206,0.885,1.21,8,1
HD 17206_0,1.7362902124663537,0.027786971676953768,HD 17206,0.885,1.21,8,1
HD 17206_0,6.4825418320747215,0.1643840601489243,HD 17206,0.885,1.21,8,1
HD 17206_0,2.860538810176864,0.2690980248219496,HD 17206,0.885,1.21,8,1
HD 17206_0,3.6934042271195002,0.5100995441306788,HD 17206,0.885,1.21,8,1
HD 17206_0,1.6927386713513322,0.1538891069252073,HD 17206,0.885,1.21,8,1
HD 17206_0,1.700759734498739,0.013967783439819064,HD 17206,0.885,1.21,8,1
HD 17206_0,2.0888938119164964,0.11106235126655363,HD 17206,0.885,1.21,8,1
HD 17206_0,1.767303707206257,0.08920790349274793,HD 17206,0.885,1.21,8,1
HD 17206_0,2.119496583455167,0.05840091914862808,HD 17206,0.885,1.21,8,1
HD 17206_0,1.3888304934321591,0.25898328122363784,HD 17206,0.885,1.21,8,1
HD 17206_0,1.5297224206880056,0.07177007827263894,HD 17206,0.885,1.21,8,1
HD 17206_0,12.123740644764354,0.2812128731407754,HD 17206,0.885,1.21,8,1
HD 17206_0,4.831209236526161,0.007945808285181747,HD 17206,0.885,1.21,8,1
HD 17206_0,1.8772789777760364,0.00850998397932223,HD 17206,0.885,1.21,8,1
HD 17206_0,2.2701284920858473,0.22462375119181002,HD 17206,0.885,1.21,8,1
HD 17206_0,8.985070288015379,0.07364678078511322,HD 17206,0.885,1.21,8,1
HD 17206_0,2.9674511933716743,0.017306394097719547,HD 17206,0.885,1.21,8,1
HD 17206_0,3.6131355493888,0.1209201966483904,HD 17206,0.885,1.21,8,1
HD 17206_0,1.6427050777274728,0.025464200371549738,HD 17206,0.885,1.21,8,1
HD 17206_0,3.1604498674404695,0.2346561656070006,HD 17206,0.885,1.21,8,1
HD 17206_0,1.4520299000570367,0.7501778130751731,HD 17206,0.885,1.21,8,1
HD 17206_0,19.902708731046022,0.2407620360771209,HD 17206,0.885,1.21,8,1
HD 17206_0,2.0524956356443758,0.09682577496160712,HD 17206,0.885,1.21,8,1
HD 17206_0,1.823581494175867,0.022227001750191776,HD 17206,0.885,1.21,8,1
HD 17206_0,1.4496106554768031,0.11697903251280108,HD 17206,0.885,1.21,8,1
HD 17206_0,1.9971242731705334,0.10787980215619843,HD 17206,0.885,1.21,8,1
HD 17206_0,3.380041609110043,0.2672446216680816,HD 17206,0.885,1.21,8,1
HD 17206_0,2.9640275715089968,0.31853923890808833,HD 17206,0.885,1.21,8,1
HD 17206_0,1.6108739339700417,0.03906926754447172,HD 17206,0.885,1.21,8,1
HD 17206_0,3.5001855791139165,0.01268161385305086,HD 17206,0.885,1.21,8,1
HD 17206_0,1.6851861111953441,0.009170308497479176,HD 17206,0.885,1.21,8,1
HD 17206_0,2.7050385693242713,0.13866744326450323,HD 17206,0.885,1.21,8,1
HD 17206_0,1.4367614843261824,0.14824248828310668,HD 17206,0.885,1.21,8,1
HD 17206_0,2.8124271674741634,0.3534868934201502,HD 17206,0.885,1.21,8,1
HD 17206_0,5.850823955552111,0.021352261768143227,HD 17206,0.885,1.21,8,1
HD 17206_0,4.297904969457071,0.33962889658589995,HD 17206,0.885,1.21,8,1
HD 17206_0,9.269717682754479,0.01921691652862773,HD 17206,0.885,1.21,8,1
HD 17206_0,3.7440583671752963,0.2502578441228873,HD 17206,0.885,1.21,8,1
HD 17206_0,2.855792386682988,0.12442257654966793,HD 17206,0.885,1.21,8,1
HD 17206_0,1.7065686647659764,0.10431711147322983,HD 17206,0.885,1.21,8,1
HD 17206_0,7.845123692072968,0.6689338609881942,HD 17206,0.885,1.21,8,1
HD 17206_0,2.575969339874372,0.14801133270098407,HD 17206,0.885,1.21,8,1
HD 17206_0,5.510444010797511,0.5741150037833622,HD 17206,0.885,1.21,8,1
HD 17206_0,1.903632459570494,0.029061911490081572,HD 17206,0.885,1.21,8,1
HD 17206_0,1.784254103106203,0.05575768959028625,HD 17206,0.885,1.21,8,1
HD 17206_0,1.99833786964953,0.1734246609958792,HD 17206,0.885,1.21,8,1
HD 17206_0,1.6217545738419958,0.025509084249383904,HD 17206,0.885,1.21,8,1
HD 17206_0,2.4756463529577233,0.06917376443057789,HD 17206,0.885,1.21,8,1
HD 17206_0,1.2347070274614957,0.5637052898890247,HD 17206,0.885,1.21,8,1
HD 17206_0,3.092336051974607,0.35264671968858285,HD 17206,0.885,1.21,8,1
HD 17206_0,1.5793816031056394,0.05728269316740315,HD 17206,0.885,1.21,8,1
HD 17206_0,1.6076581349613202,0.051888892315300264,HD 17206,0.885,1.21,8,1
HD 17206_0,1.7906645940963752,0.5430312679154863,HD 17206,0.885,1.21,8,1
HD 17206_0,7.638647124709537,0.050880740379403225,HD 17206,0.885,1.21,8,1
HD 17206_0,1.8366103882179037,0.08717348926923557,HD 17206,0.885,1.21,8,1
HD 17206_0,1.8369465921103798,0.09659114726399748,HD 17206,0.885,1.21,8,1
HD 17206_0,1.4382085240870428,0.13581415755548615,HD 17206,0.885,1.21,8,1
HD 17206_0,2.112816655312655,0.11892581572102962,HD 17206,0.885,1.21,8,1
HD 17206_0,1.4217685061301715,0.3759190280258293,HD 17206,0.885,1.21,8,1
HD 17206_0,1.708169171349747,0.1036170092152617,HD 17206,0.885,1.21,8,1
HD 17206_0,1.2646291950039545,0.6277924910711437,HD 17206,0.885,1.21,8,1
HD 17206_0,2.189422079364695,0.21601929571072528,HD 17206,0.885,1.21,8,1
HD 17206_0,25.679108257922426,0.17851766390509236,HD 17206,0.885,1.21,8,1
HD 17206_0,1.5571514167010938,0.16110681438451,HD 17206,0.885,1.21,8,1
HD 17206_0,2.4675010253073197,0.013250602583371048,HD 17206,0.885,1.21,8,1
HD 17206_0,1.5269678672313949,0.23209565002028834,HD 17206,0.885,1.21,8,1
HD 17206_0,79.67565825643149,0.041769458816654184,HD 17206,0.885,1.21,8,1
HD 17206_0,1.7254380979472517,0.0027748525558374823,HD 17206,0.885,1.21,8,1
HD 17206_0,2.08647257080106,0.09269664135791167,HD 17206,0.885,1.21,8,1
HD 17206_0,5.350127190986533,0.12594546446659277,HD 17206,0.885,1.21,8,1
HD 17206_0,1.3527248726817238,0.36397256076406653,HD 17206,0.885,1.21,8,1
HD 17206_0,1.6281011248376724,0.05094353542793915,HD 17206,0.885,1.21,8,1
HD 17206_0,3.308578337224713,0.0705556378186135,HD 17206,0.885,1.21,8,1
HD 17206_0,1.8076280269244716,0.11143432731024683,HD 17206,0.885,1.21,8,1
HD 17206_0,3.4904334012788154,0.30740144996440344,HD 17206,0.885,1.21,8,1
HD 17206_0,10.973062140819453,0.6604597640147194,HD 17206,0.885,1.21,8,1
HD 17206_0,2.55011571701501,0.07755360559755028,HD 17206,0.885,1.21,8,1
HD 17206_0,2.637378388162809,0.20352613412237802,HD 17206,0.885,1.21,8,1
HD 17206_0,1.4599353742910057,0.172738984990053,HD 17206,0.885,1.21,8,1
HD 17206_0,4.4674780261574245,0.16850950607789858,HD 17206,0.885,1.21,8,1
HD 17206_0,2.1913312475580593,0.026352185487205686,HD 17206,0.885,1.21,8,1
HD 17206_0,1.8713132363671803,0.167495373390786,HD 17206,0.885,1.21,8,1
HD 17206_0,1.3810572377319066,0.17735204908087548,HD 17206,0.885,1.21,8,1
HD 17206_0,1.8749639945902887,0.2482650340435864,HD 17206,0.885,1.21,8,1
HD 17206_0,1.2828464839234497,0.6214609929332987,HD 17206,0.885,1.21,8,1
HD 17206_0,2.1903188304034065,0.15071423390925578,HD 17206,0.885,1.21,8,1
HD 17206_0,2.777244227968123,0.07806504313511625,HD 17206,0.885,1.21,8,1
HD 17206_0,2.8169513658145817,0.00767109819683544,HD 17206,0.885,1.21,8,1
HD 17206_0,11.6422739884082,0.8453444082366394,HD 17206,0.885,1.21,8,1
HD 17206_0,1.6744950578837086,0.004807558446388288,HD 17206,0.885,1.21,8,1
HD 17206_0,2.0924978709945146,0.26974321391334727,HD 17206,0.885,1.21,8,1
HD 17206_0,2.1764427919466973,0.15994238864249205,HD 17206,0.885,1.21,8,1
HD 17206_0,2.050619407222112,0.14546369186188915,HD 17206,0.885,1.21,8,1
HD 17206_0,1.898126381182632,0.17582976750097287,HD 17206,0.885,1.21,8,1
HD 17206_0,1.996313800555403,0.05938074677783415,HD 17206,0.885,1.21,8,1
HD 17206_0,2.211978896052113,0.1494951406233909,HD 17206,0.885,1.21,8,1
HD 17206_0,4.561213046837054,0.006474257697214234,HD 17206,0.885,1.21,8,1
HD 17206_0,1.852922977051269,0.0798303699062906,HD 17206,0.885,1.21,8,1
HD 17206_0,1.6919684053505637,0.22654056620737445,HD 17206,0.885,1.21,8,1
HD 17206_0,1.7561317914224805,0.005936840796091524,HD 17206,0.885,1.21,8,1
HD 17206_0,1.8062886693249434,0.3448042742225647,HD 17206,0.885,1.21,8,1
HD 17206_0,4.776522457981977,0.10942577069826517,HD 17206,0.885,1.21,8,1
HD 17206_0,1.8652807710426547,0.010161883112356268,HD 17206,0.885,1.21,8,1
HD 17206_0,3.3404359803993953,0.09343722705379785,HD 17206,0.885,1.21,8,1
HD 17206_0,1.8770294454698184,0.007758144617094282,HD 17206,0.885,1.21,8,1
HD 17206_0,4.502432802154071,0.007470086061205969,HD 17206,0.885,1.21,8,1
HD 17206_0,1.8896794861355843,0.023671136262441512,HD 17206,0.885,1.21,8,1
HD 17206_0,6.957816061421289,0.16297426659729783,HD 17206,0.885,1.21,8,1
HD 17206_0,1.8102129750767304,0.1630016700078987,HD 17206,0.885,1.21,8,1
HD 17206_0,2.5946019456241753,0.0030383856435346633,HD 17206,0.885,1.21,8,1
HD 17206_0,1.6691769866696655,0.04094464689179971,HD 17206,0.885,1.21,8,1
HD 17206_0,5.74753244672066,0.3482053288880468,HD 17206,0.885,1.21,8,1
HD 17206_0,1.6847959690467615,0.10930076068563763,HD 17206,0.885,1.21,8,1
HD 17206_0,2.1617242227569013,0.037418764278342086,HD 17206,0.885,1.21,8,1
HD 17206_0,1.287041594508677,0.6540554686432761,HD 17206,0.885,1.21,8,1
HD 17206_0,3.7073173426670056,0.0019886728563915986,HD 17206,0.885,1.21,8,1
HD 17206_0,1.3270427442305694,0.24486927000061798,HD 17206,0.885,1.21,8,1
HD 17206_0,3.7587739810609313,0.12947641885097144,HD 17206,0.885,1.21,8,1
HD 17206_0,1.253997559589251,0.18939508435424096,HD 17206,0.885,1.21,8,1
HD 17206_0,4.556017919718983,0.05104267562711021,HD 17206,0.885,1.21,8,1
HD 17206_0,1.6071551535969364,0.04531036053703465,HD 17206,0.885,1.21,8,1
HD 17206_0,1.5639642561623914,0.16713682118031392,HD 17206,0.885,1.21,8,1
HD 17206_0,14.108945271884423,0.7793459554391198,HD 17206,0.885,1.21,8,1
HD 17206_0,4.40943557953865,0.6981011902982103,HD 17206,0.885,1.21,8,1
HD 17206_0,2.370347958921606,0.07256930356684942,HD 17206,0.885,1.21,8,1
HD 17206_0,9.080352164103155,0.24327940844557255,HD 17206,0.885,1.21,8,1
HD 17206_0,2.308739611624679,0.6377038899272408,HD 17206,0.885,1.21,8,1
HD 17206_0,1.50990107332321,0.23956119356243152,HD 17206,0.885,1.21,8,1
HD 17206_0,1.7780924155839224,0.011090145420110617,HD 17206,0.885,1.21,8,1
HD 17206_0,2.0331648089930625,0.13718181688807443,HD 17206,0.885,1.21,8,1
HD 17206_0,3.523182599627311,0.06527163291070041,HD 17206,0.885,1.21,8,1
HD 17206_0,1.5173178620513141,0.22065486627062927,HD 17206,0.885,1.21,8,1
HD 17206_0,1.7496712613228016,0.018909147743439936,HD 17206,0.885,1.21,8,1
HD 17206_0,2.5872650579173215,0.051777582296175864,HD 17206,0.885,1.21,8,1
HD 17206_0,6.838522752845732,0.07139538020101711,HD 17206,0.885,1.21,8,1
HD 17206_0,2.3373290892228176,0.1410425030083357,HD 17206,0.885,1.21,8,1
HD 17206_0,2.502008261932812,0.6369678444518249,HD 17206,0.885,1.21,8,1
HD 17206_0,1.9140733909338696,0.011468140870174486,HD 17206,0.885,1.21,8,1
HD 17206_0,1.681550703050098,0.019543088835414963,HD 17206,0.885,1.21,8,1
HD 17206_0,3.325590509620889,0.025393527701024675,HD 17206,0.885,1.21,8,1
HD 17206_0,1.6055357406475614,0.15879739749330274,HD 17206,0.885,1.21,8,1
HD 17206_0,1.12975958431027,0.5452210868013443,HD 17206,0.885,1.21,8,1
HD 17206_0,2.182395245950463,0.031416896668774584,HD 17206,0.885,1.21,8,1
HD 17206_0,2.2321328183620466,0.42909158917109,HD 17206,0.885,1.21,8,1
HD 17206_0,2.1551124104643855,0.11791424910689118,HD 17206,0.885,1.21,8,1
HD 128620_0,0.7600089778706883,0.36695774586461927,HD 128620,0.945,1.11,8,1
HD 128620_0,0.4672421120475695,0.21498032161732733,HD 128620,0.945,1.11,8,1
HD 128620_0,0.7129394926177319,0.1385807510482968,HD 128620,0.945,1.11,8,1
HD 128620_0,0.5316865802460337,0.3570824511149115,HD 128620,0.945,1.11,8,1
HD 128620_0,0.5941953352357043,0.0064011705989362525,HD 128620,0.945,1.11,8,1
HD 128620_0,1.8339341514130916,0.3048379404534448,HD 128620,0.945,1.11,8,1
HD 128620_0,1.9634229953870077,0.40799047583872977,HD 128620,0.945,1.11,8,1
HD 128620_0,0.3322814179273126,0.6780077435866874,HD 128620,0.945,1.11,8,1
HD 128620_0,1.821736393345236,0.3814007110081803,HD 128620,0.945,1.11,8,1
HD 128620_0,0.8923017786958415,0.7326483618837044,HD 128620,0.945,1.11,8,1
HD 128620_0,0.3768906662220113,0.5228252994836119,HD 128620,0.945,1.11,8,1
HD 128620_0,0.6971140520322335,0.05265989976709737,HD 128620,0.945,1.11,8,1
HD 128620_0,0.7802638737068577,0.26829898072213737,HD 128620,0.945,1.11,8,1
HD 128620_0,0.7467875247946786,0.04058343286704945,HD 128620,0.945,1.11,8,1
HD 128620_0,0.5439531961555456,0.5461421720886526,HD 128620,0.945,1.11,8,1
HD 128620_0,0.5976922278354959,0.024131866913933177,HD 128620,0.945,1.11,8,1
HD 128620_0,0.33055705138704383,0.6473037603512453,HD 128620,0.945,1.11,8,1
HD 128620_0,0.6859599055315168,0.3344505817814319,HD 128620,0.945,1.11,8,1
HD 128620_0,1.4012872999311716,0.06188891325353347,HD 128620,0.945,1.11,8,1
HD 128620_0,2.5815740029791425,0.02089763083823569,HD 128620,0.945,1.11,8,1
HD 128620_0,3.0208903663953883,0.3672917181195524,HD 128620,0.945,1.11,8,1
HD 128620_0,0.7314411378408548,0.09717463330103299,HD 128620,0.945,1.11,8,1
HD 128620_0,0.6211277507186206,0.06228583086956669,HD 128620,0.945,1.11,8,1
HD 128620_0,1.2626231051547352,0.03218743565222824,HD 128620,0.945,1.11,8,1
HD 128620_0,1.4201778044720477,0.28964122159391975,HD 128620,0.945,1.11,8,1
HD 128620_0,0.6264818391390069,0.0357871464165301,HD 128620,0.945,1.11,8,1
HD 128620_0,1.086682490083093,0.18065240235770516,HD 128620,0.945,1.11,8,1
HD 128620_0,0.6106498176253355,0.23438204359866358,HD 128620,0.945,1.11,8,1
HD 128620_0,1.2274851016260229,0.22815291770046345,HD 128620,0.945,1.11,8,1
HD 128620_0,0.6363917595512696,0.13148737919551412,HD 128620,0.945,1.11,8,1
HD 128620_0,0.5553062287476256,0.23573345677863894,HD 128620,0.945,1.11,8,1
HD 128620_0,0.4850528094315543,0.19145485446342406,HD 128620,0.945,1.11,8,1
HD 128620_0,0.41530520565836615,0.5234587940311204,HD 128620,0.945,1.11,8,1
HD 128620_0,0.6040613512827392,0.017723676053240045,HD 128620,0.945,1.11,8,1
HD 128620_0,0.5949471097808421,0.32068738323683516,HD 128620,0.945,1.11,8,1
HD 128620_0,0.8675839534258888,0.059307375538815675,HD 128620,0.945,1.11,8,1
HD 128620_0,2.6883581765984697,0.35558630776600203,HD 128620,0.945,1.11,8,1
HD 128620_0,1.4294872532798821,0.035071719183002316,HD 128620,0.945,1.11,8,1
HD 128620_0,1.7043269810402701,0.02430597363820656,HD 128620,0.945,1.11,8,1
HD 128620_0,0.5602718400657991,0.0945984210175707,HD 128620,0.945,1.11,8,1
HD 128620_0,0.6388271579322583,0.010761772982867797,HD 128620,0.945,1.11,8,1
HD 128620_0,0.8202353403242209,0.16865052418712104,HD 128620,0.945,1.11,8,1
HD 128620_0,0.6586004961227723,0.04359041926569433,HD 128620,0.945,1.11,8,1
HD 128620_0,0.4532436590956925,0.35084803829347344,HD 128620,0.945,1.11,8,1
HD 128620_0,0.5565951089968818,0.01988201074151962,HD 128620,0.945,1.11,8,1
HD 128620_0,12.348003866304618,0.2595613620402972,HD 128620,0.945,1.11,8,1
HD 128620_0,0.3699161816711776,0.47556888943308073,HD 128620,0.945,1.11,8,1
HD 128620_0,0.6375327148229608,0.09988107684826227,HD 128620,0.945,1.11,8,1
HD 128620_0,2.4527660361968744,0.0004109767450506952,HD 128620,0.945,1.11,8,1
HD 128620_0,0.5800527467667832,0.015007955786333732,HD 128620,0.945,1.11,8,1
HD 128620_0,0.6646724110510324,0.06071592446473776,HD 128620,0.945,1.11,8,1
HD 128620_0,1.0613203929089214,0.002215489069936902,HD 128620,0.945,1.11,8,1
HD 128620_0,1.0346587597290073,0.4330396230455925,HD 128620,0.945,1.11,8,1
HD 128620_0,0.40723323131855155,0.29137501467725835,HD 128620,0.945,1.11,8,1
HD 128620_0,0.6084767438474666,0.2499247933508161,HD 128620,0.945,1.11,8,1
HD 128620_0,1.6973154883626107,0.20080583223569107,HD 128620,0.945,1.11,8,1
HD 128620_0,0.6126359426645496,0.10018170155899404,HD 128620,0.945,1.11,8,1
HD 128620_0,0.5910808197473492,0.015672746423228634,HD 128620,0.945,1.11,8,1
HD 128620_0,0.6213974152170307,0.09682437434577981,HD 128620,0.945,1.11,8,1
HD 128620_0,0.493673416321175,0.18441275060481926,HD 128620,0.945,1.11,8,1
HD 128620_0,0.45578446817472673,0.27354937818274966,HD 128620,0.945,1.11,8,1
HD 128620_0,0.8047792853611483,0.2322832513532126,HD 128620,0.945,1.11,8,1
HD 128620_0,0.678613933336404,0.340289687858677,HD 128620,0.945,1.11,8,1
HD 128620_0,0.561847388625713,0.047926527029793976,HD 128620,0.945,1.11,8,1
HD 128620_0,0.42970968630886225,0.4913624190746988,HD 128620,0.945,1.11,8,1
HD 128620_0,0.9030988237505798,0.10510155978320074,HD 128620,0.945,1.11,8,1
HD 128620_0,0.9749915017294195,0.14089624167514714,HD 128620,0.945,1.11,8,1
HD 128620_0,2.6747414385781134,0.3649581655760104,HD 128620,0.945,1.11,8,1
HD 128620_0,1.169381943464841,0.4294901725853964,HD 128620,0.945,1.11,8,1
HD 128620_0,0.3710177618238964,0.6041788438132385,HD 128620,0.945,1.11,8,1
HD 128620_0,0.4330198638980965,0.44093744033864263,HD 128620,0.945,1.11,8,1
HD 128620_0,1.0843571431621835,0.39337955113328366,HD 128620,0.945,1.11,8,1
HD 128620_0,0.5657701309631039,0.2882055879789087,HD 128620,0.945,1.11,8,1
HD 128620_0,0.5821230907922782,0.019246122644455726,HD 128620,0.945,1.11,8,1
HD 128620_0,1.0706073092527486,0.2067221287034171,HD 128620,0.945,1.11,8,1
HD 128620_0,0.5896057408411169,0.007596102416925817,HD 128620,0.945,1.11,8,1
HD 128620_0,0.9207288490083113,0.05248857014756332,HD 128620,0.945,1.11,8,1
HD 128620_0,1.8193931702669506,0.35574764682409693,HD 128620,0.945,1.11,8,1
HD 128620_0,0.8417394463929676,0.0008003700337856437,HD 128620,0.945,1.11,8,1
HD 128620_0,0.5623168588121742,0.08986263730093601,HD 128620,0.945,1.11,8,1
HD 128620_0,0.5982221548186315,0.0522289653234216,HD 128620,0.945,1.11,8,1
HD 128620_0,0.5644527602169003,0.0635059802562571,HD 128620,0.945,1.11,8,1
HD 128620_0,1.3501302460436673,0.04951025731742505,HD 128620,0.945,1.11,8,1
HD 128620_0,0.6258734713653146,0.007136510870595454,HD 128620,0.945,1.11,8,1
HD 128620_0,0.6078773414799492,0.26487055507435414,HD 128620,0.945,1.11,8,1
HD 128620_0,0.8278140135080897,0.0013749689761899447,HD 128620,0.945,1.11,8,1
HD 128620_0,0.8515354881008489,0.02326727301700393,HD 128620,0.945,1.11,8,1
HD 128620_0,0.40549230628291955,0.32662614681007934,HD 128620,0.945,1.11,8,1
HD 128620_0,0.5868138803352253,0.02571174300333903,HD 128620,0.945,1.11,8,1
HD 128620_0,1.340678084189542,0.051695162032072355,HD 128620,0.945,1.11,8,1
HD 128620_0,2.0080535568389197,0.11767617037634047,HD 128620,0.945,1.11,8,1
HD 128620_0,1.9952308331626971,0.10635450565017124,HD 128620,0.945,1.11,8,1
HD 128620_0,0.3360931882771255,0.5925827202064465,HD 128620,0.945,1.11,8,1
HD 128620_0,0.9991764385012991,0.23896913729470767,HD 128620,0.945,1.11,8,1
HD 128620_0,1.611806795608786,0.2285163640941547,HD 128620,0.945,1.11,8,1
HD 128620_0,0.8095179444089848,0.4629078486344692,HD 128620,0.945,1.11,8,1
HD 128620_0,0.4549787747294569,0.18813348086766946,HD 128620,0.945,1.11,8,1
HD 128620_0,7.308954882278552,0.7097221245587673,HD 128620,0.945,1.11,8,1
HD 128620_0,0.613980066625963,0.004462044639045997,HD 128620,0.945,1.11,8,1
HD 128620_0,0.460081204106233,0.24468016594610162,HD 128620,0.945,1.11,8,1
HD 128620_0,1.387731860301455,0.04608140236437022,HD 128620,0.945,1.11,8,1
HD 128620_0,1.6906084780270996,0.06930647459939472,HD 128620,0.945,1.11,8,1
HD 128620_0,0.5675190089014539,0.06852173503431379,HD 128620,0.945,1.11,8,1
HD 128620_0,0.5739142664687675,0.42297471332842507,HD 128620,0.945,1.11,8,1
HD 128620_0,2.7727324301759753,0.46842370779397696,HD 128620,0.945,1.11,8,1
HD 128620_0,0.5343087369148803,0.14850069420126033,HD 128620,0.945,1.11,8,1
HD 128620_0,0.48565193971319204,0.13689357445558945,HD 128620,0.945,1.11,8,1
HD 128620_0,3.3140854202555214,0.5804064088745695,HD 128620,0.945,1.11,8,1
HD 128620_0,2.125778495722651,0.504917870309829,HD 128620,0.945,1.11,8,1
HD 128620_0,0.7436533507178793,0.1475214012461166,HD 128620,0.945,1.11,8,1
HD 128620_0,0.4164742601433072,0.2416868016321859,HD 128620,0.945,1.11,8,1
HD 128620_0,0.552835659535651,0.2123139044185308,HD 128620,0.945,1.11,8,1
HD 128620_0,4.848794618589529,0.08662534860168448,HD 128620,0.945,1.11,8,1
HD 128620_0,0.7301712895696745,0.1891474663103698,HD 128620,0.945,1.11,8,1
HD 128620_0,0.5867137976632206,0.0008052606890130545,HD 128620,0.945,1.11,8,1
HD 128620_0,1.253200684972397,0.29768030491948394,HD 128620,0.945,1.11,8,1
HD 128620_0,0.6985000376243867,0.020315181969386604,HD 128620,0.945,1.11,8,1
HD 128620_0,0.34349090200546445,0.4720233562646015,HD 128620,0.945,1.11,8,1
HD 128620_0,0.7652268953047155,0.08464483002413646,HD 128620,0.945,1.11,8,1
HD 128620_0,0.6294885136713201,0.3927314027500019,HD 128620,0.945,1.11,8,1
HD 128620_0,0.5297962915255818,0.7268362046908591,HD 128620,0.945,1.11,8,1
HD 128620_0,0.8987120230329538,0.6765965219290884,HD 128620,0.945,1.11,8,1
HD 128620_0,1.1761519414412003,0.06800298639581834,HD 128620,0.945,1.11,8,1
HD 128620_0,0.590084953156345,0.042344865353637365,HD 128620,0.945,1.11,8,1
HD 128620_0,0.7803941941752103,0.08849078748759506,HD 128620,0.945,1.11,8,1
HD 128620_0,0.8818606469711185,0.2957487853343373,HD 128620,0.945,1.11,8,1
HD 128620_0,0.7619550502389891,0.01650455361717918,HD 128620,0.945,1.11,8,1
HD 128620_0,0.8974699221343962,0.1767112185711154,HD 128620,0.945,1.11,8,1
HD 128620_0,1.6669390104700088,0.1580927905705193,HD 128620,0.945,1.11,8,1
HD 128620_0,0.707835724440303,0.03218612981656208,HD 128620,0.945,1.11,8,1
HD 128620_0,2.2647154772680818,0.15987744638575624,HD 128620,0.945,1.11,8,1
HD 128620_0,1.0101333734247178,0.10777565992372622,HD 128620,0.945,1.11,8,1
HD 128620_0,1.9106427235761947,0.331567831446829,HD 128620,0.945,1.11,8,1
HD 128620_0,0.9184769518519381,0.025029597847322962,HD 128620,0.945,1.11,8,1
HD 128620_0,1.3660481139812597,0.000692955642583843,HD 128620,0.945,1.11,8,1
HD 128620_0,0.7774690067698127,0.02985617347620405,HD 128620,0.945,1.11,8,1
HD 128620_0,0.9739165811630064,0.41594185773947273,HD 128620,0.945,1.11,8,1
HD 128620_0,0.5927027321115202,0.00859990259268038,HD 128620,0.945,1.11,8,1
HD 128620_0,0.6099075019748684,0.14007614026958953,HD 128620,0.945,1.11,8,1
HD 128620_0,1.855523774019339,0.6120827937346836,HD 128620,0.945,1.11,8,1
HD 128620_0,2.959919351492842,0.2615989563415164,HD 128620,0.945,1.11,8,1
HD 128620_0,0.7533966617365639,0.27447746453365723,HD 128620,0.945,1.11,8,1
HD 128620_0,5.496346965667486,0.12081891989207849,HD 128620,0.945,1.11,8,1
HD 128620_0,0.9282687326229655,0.20464274147702008,HD 128620,0.945,1.11,8,1
HD 128620_0,0.8368565976779666,0.5402541010085541,HD 128620,0.945,1.11,8,1
HD 128620_0,0.7438122653171577,0.012731711349684944,HD 128620,0.945,1.11,8,1
HD 128620_0,1.4379387632008136,0.3987081405224073,HD 128620,0.945,1.11,8,1
HD 128620_0,0.9951474172631104,0.19650956749912635,HD 128620,0.945,1.11,8,1
HD 128620_0,0.6250998273785875,0.11714360360075514,HD 128620,0.945,1.11,8,1
HD 128620_0,0.45128555912341584,0.4876395974850315,HD 128620,0.945,1.11,8,1
HD 128620_0,0.5790257175384317,0.05175343530611218,HD 128620,0.945,1.11,8,1
HD 128620_0,1.5131899228734211,0.006833544516584283,HD 128620,0.945,1.11,8,1
HD 128620_0,0.5705478380037663,0.2193591588714921,HD 128620,0.945,1.11,8,1
HD 128620_0,3.4228280544643943,0.3314223704244802,HD 128620,0.945,1.11,8,1
HD 128620_0,1.2665011853085526,0.45437174822923504,HD 128620,0.945,1.11,8,1
HD 128620_0,1.0338806432879657,0.03865334035829231,HD 128620,0.945,1.11,8,1
HD 128620_0,0.6678701790121614,0.10101858272328551,HD 128620,0.945,1.11,8,1
HD 128620_0,6.6357061866088465,0.35722874232782026,HD 128620,0.945,1.11,8,1
HD 128620_0,1.4198475023263006,0.15390581475436393,HD 128620,0.945,1.11,8,1
HD 128620_0,1.2634829780630157,0.35672979565329305,HD 128620,0.945,1.11,8,1
HD 128620_0,0.6541838389330624,0.11492447805647105,HD 128620,0.945,1.11,8,1
HD 128620_0,0.9948850779916053,0.37455259522966894,HD 128620,0.945,1.11,8,1
HD 128620_0,0.5842426660076567,0.24584360741371988,HD 128620,0.945,1.11,8,1
HD 128620_0,0.6134438940909165,0.05469063802586463,HD 128620,0.945,1.11,8,1
HD 128620_0,0.45870054878088595,0.19078281675647177,HD 128620,0.945,1.11,8,1
HD 128620_0,0.7386150391102453,0.08536845417684714,HD 128620,0.945,1.11,8,1
HD 128620_0,1.6791864888982242,0.3250827238196053,HD 128620,0.945,1.11,8,1
HD 128620_0,0.884393048401103,0.0027849555389138597,HD 128620,0.945,1.11,8,1
HD 128620_0,0.2831295318932805,0.606463083372825,HD 128620,0.945,1.11,8,1
HD 128620_0,0.48374089815999716,0.8037059291394139,HD 128620,0.945,1.11,8,1
HD 128620_0,0.6309737991481669,0.02678790933025877,HD 128620,0.945,1.11,8,1
HD 128620_0,1.1391818486449978,0.00033483508312367533,HD 128620,0.945,1.11,8,1
HD 128620_0,1.6220476052812902,0.4473626674454785,HD 128620,0.945,1.11,8,1
HD 128620_0,1.7061843069538158,0.03490890827582091,HD 128620,0.945,1.11,8,1
HD 128620_0,1.0085333103478216,0.11364098799406216,HD 128620,0.945,1.11,8,1
HD 128620_0,0.9599966606184757,0.04876055890694114,HD 128620,0.945,1.11,8,1
HD 128620_0,0.5154689626603266,0.14925612971393573,HD 128620,0.945,1.11,8,1
HD 128620_0,0.5635071591950046,0.13374343175884829,HD 128620,0.945,1.11,8,1
HD 128620_0,0.663894858042392,0.4247141916940163,HD 128620,0.945,1.11,8,1
HD 128620_0,0.5150321925293331,0.23388863051910028,HD 128620,0.945,1.11,8,1
HD 128620_0,0.6840442364817565,0.05154821257907018,HD 128620,0.945,1.11,8,1
HD 128620_0,0.9952151415590715,0.2889548043199449,HD 128620,0.945,1.11,8,1
HD 128620_0,0.6218141500954947,0.030596363652872487,HD 128620,0.945,1.11,8,1
HD 128620_0,0.7520079233057114,0.02244012296092294,HD 128620,0.945,1.11,8,1
HD 128620_0,2.360567220773559,0.2998262489729492,HD 128620,0.945,1.11,8,1
HD 128620_0,0.47129036631789883,0.1961411877327726,HD 128620,0.945,1.11,8,1
HD 128620_0,1.2485736701301116,0.11125793700856049,HD 128620,0.945,1.11,8,1
HD 128620_0,0.622137157419978,0.27502330800015784,HD 128620,0.945,1.11,8,1
HD 128620_0,0.6154489274892113,0.1012704330763654,HD 128620,0.945,1.11,8,1
HD 128620_0,0.5864340187438478,0.010187185872933425,HD 128620,0.945,1.11,8,1
HD 128620_0,1.1189461891300114,0.2651937050410811,HD 128620,0.945,1.11,8,1
HD 128620_0,1.8602935971475227,0.16862116031833932,HD 128620,0.945,1.11,8,1
HD 128620_0,1.262307811690363,0.24353798900651913,HD 128620,0.945,1.11,8,1
HD 128620_0,0.6528852497923935,0.31067504437600746,HD 128620,0.945,1.11,8,1
HD 128620_0,2.9592243664261275,0.21353768375495102,HD 128620,0.945,1.11,8,1
HD 128620_0,0.6068594002195992,0.06820703531367062,HD 128620,0.945,1.11,8,1
HD 128620_0,1.028148643567988,0.19603061551180256,HD 128620,0.945,1.11,8,1
HD 128620_0,1.623794754988108,0.1422287505851401,HD 128620,0.945,1.11,8,1
HD 128620_0,0.5782429769173404,0.01851341028259649,HD 128620,0.945,1.11,8,1
HD 128620_0,0.5987874466069049,0.03151948705883047,HD 128620,0.945,1.11,8,1
HD 128620_0,0.33166109417718764,0.5289426445412613,HD 128620,0.945,1.11,8,1
HD 128620_0,2.0875720675549534,0.11213237031332564,HD 128620,0.945,1.11,8,1
HD 128620_0,0.5208659847126382,0.2639358244991743,HD 128620,0.945,1.11,8,1
HD 128620_0,3.9396252787027395,0.023872175583096032,HD 128620,0.945,1.11,8,1
HD 128620_0,0.7115664619834213,0.18432192711838574,HD 128620,0.945,1.11,8,1
HD 128620_0,0.4265258125576881,0.4832945748682087,HD 128620,0.945,1.11,8,1
HD 128620_0,0.947166468314448,0.047319489135311275,HD 128620,0.945,1.11,8,1
HD 128620_0,0.48926283855172925,0.3827084037505402,HD 128620,0.945,1.11,8,1
HD 128620_0,0.49926083751055844,0.21172467177332363,HD 128620,0.945,1.11,8,1
HD 128620_0,1.4387330179663178,0.4367829707813003,HD 128620,0.945,1.11,8,1
HD 128620_0,0.3840762790267438,0.7247081283079506,HD 128620,0.945,1.11,8,1
HD 128620_0,0.40660130175562775,0.35523370248228453,HD 128620,0.945,1.11,8,1
HD 128620_0,1.5105533668442486,0.0016008565296972024,HD 128620,0.945,1.11,8,1
HD 128620_0,0.5778387974488531,0.019137140650087373,HD 128620,0.945,1.11,8,1
HD 128620_0,1.059848518369649,0.43102659673223026,HD 128620,0.945,1.11,8,1
HD 128620_0,0.5045775395480717,0.7368096464746509,HD 128620,0.945,1.11,8,1
HD 128620_0,1.1902708320919346,0.06964413443809646,HD 128620,0.945,1.11,8,1
HD 128620_0,0.7328804221046903,0.15160041153492015,HD 128620,0.945,1.11,8,1
HD 128620_0,6.953839296925919,0.1013126353770361,HD 128620,0.945,1.11,8,1
HD 128620_0,1.9527867462824378,0.13542531935622232,HD 128620,0.945,1.11,8,1
HD 128620_0,1.2795588389005375,0.07163587657412897,HD 128620,0.945,1.11,8,1
HD 128620_0,0.820601256298829,0.20799031297459702,HD 128620,0.945,1.11,8,1
HD 128620_0,1.4713567386863893,0.13096167856077862,HD 128620,0.945,1.11,8,1
HD 128620_0,0.5859053956337434,0.028582182662823356,HD 128620,0.945,1.11,8,1
HD 128620_0,0.7895224432293818,0.14754818178429166,HD 128620,0.945,1.11,8,1
HD 128620_0,0.6601386048166238,0.09444910242205444,HD 128620,0.945,1.11,8,1
HD 128620_0,0.35861098208103015,0.48965466913485195,HD 128620,0.945,1.11,8,1
HD 128620_0,14.529216796770182,0.055420080399110026,HD 128620,0.945,1.11,8,1
HD 128620_0,0.7140499490786368,0.239383266376495,HD 128620,0.945,1.11,8,1
HD 128620_0,0.9637465565074665,0.0028985688818224937,HD 128620,0.945,1.11,8,1
HD 128620_0,0.6056268655008483,0.23179224627203823,HD 128620,0.945,1.11,8,1
HD 128620_0,1.9148038803375569,0.09721577370940065,HD 128620,0.945,1.11,8,1
HD 128620_0,2.236212939327215,0.3064081076272435,HD 128620,0.945,1.11,8,1
HD 128620_0,1.0850062719576357,0.4047783986109451,HD 128620,0.945,1.11,8,1
HD 128620_0,0.632981162310919,0.1958408347262701,HD 128620,0.945,1.11,8,1
HD 128620_0,0.6741098197827683,0.19678717856708036,HD 128620,0.945,1.11,8,1
HD 128620_0,0.5677442251531121,0.05036790022071339,HD 128620,0.945,1.11,8,1
HD 128620_0,1.142909431653779,0.0024155361369491255,HD 128620,0.945,1.11,8,1
HD 128620_0,0.482560147409715,0.2016214600118233,HD 128620,0.945,1.11,8,1
HD 128620_0,0.9475292912286801,0.07935872213424125,HD 128620,0.945,1.11,8,1
HD 128620_0,0.5168143178219138,0.5372661992980462,HD 128620,0.945,1.11,8,1
HD 128620_0,0.7627467828570064,0.03437781111380117,HD 128620,0.945,1.11,8,1
HD 128620_0,1.0331140470760816,0.1456257355942376,HD 128620,0.945,1.11,8,1
HD 128620_0,0.5738495892915583,0.16266999665490703,HD 128620,0.945,1.11,8,1
HD 128620_0,1.0019521797970625,0.24805722787323203,HD 128620,0.945,1.11,8,1
HD 128620_0,0.8017447805965373,0.024984698638842357,HD 128620,0.945,1.11,8,1
HD 128620_0,0.6057054175490545,0.24682349340114446,HD 128620,0.945,1.11,8,1
HD 128620_0,3.3516834228856833,0.22072970834127872,HD 128620,0.945,1.11,8,1
HD 128620_0,0.5546817625173954,0.14638786366099793,HD 128620,0.945,1.11,8,1
HD 128620_0,0.48447922548228,0.5061271099696436,HD 128620,0.945,1.11,8,1
HD 128620_0,0.9883156295975116,0.39981871903557736,HD 128620,0.945,1.11,8,1
HD 128620_0,0.5920393388900783,0.06455625583161363,HD 128620,0.945,1.11,8,1
HD 128620_0,0.6982643951504899,0.2893353332598131,HD 128620,0.945,1.11,8,1
HD 128620_0,1.3502094516661347,0.19625825202441824,HD 128620,0.945,1.11,8,1
HD 128620_0,0.6599615265636058,0.09129987069288356,HD 128620,0.945,1.11,8,1
HD 128620_0,0.6270095428827605,0.10332270348284692,HD 128620,0.945,1.11,8,1
HD 128620_0,0.5884170943740047,0.03574830023135478,HD 128620,0.945,1.11,8,1
HD 128620_0,0.6046664184954258,0.15485237172696636,HD 128620,0.945,1.11,8,1
HD 128620_0,0.6469533303774755,0.0420002081652148,HD 128620,0.945,1.11,8,1
HD 128620_0,4.369672706922425,0.12296715998241871,HD 128620,0.945,1.11,8,1
HD 128620_0,7.080447453374545,0.4176186554995529,HD 128620,0.945,1.11,8,1
HD 128620_0,5.339924666539663,0.2622894658317601,HD 128620,0.945,1.11,8,1
HD 128620_0,1.5728664314137228,0.07205729000582782,HD 128620,0.945,1.11,8,1
HD 128620_0,0.5222718066128363,0.11626863227033497,HD 128620,0.945,1.11,8,1
HD 128620_0,0.5831823870190479,0.0070116779828713754,HD 128620,0.945,1.11,8,1
HD 128620_0,0.6790807909452916,0.012590658531304531,HD 128620,0.945,1.11,8,1
HD 128620_0,0.5742115833869018,0.07434842367991103,HD 128620,0.945,1.11,8,1
HD 128620_0,0.5920324251211945,0.02434731919435531,HD 128620,0.945,1.11,8,1
HD 128620_0,0.5383859219227517,0.14686314390770214,HD 128620,0.945,1.11,8,1
HD 128620_0,0.5631752615370768,0.18011650279888078,HD 128620,0.945,1.11,8,1
HD 128620_0,6.046031751586651,0.314313603129205,HD 128620,0.945,1.11,8,1
HD 128620_0,0.34944893276351474,0.4945263708324681,HD 128620,0.945,1.11,8,1
HD 128620_0,0.663737043035093,0.03408377247932945,HD 128620,0.945,1.11,8,1
HD 128620_0,0.6488421394047271,0.15276412677407772,HD 128620,0.945,1.11,8,1
HD 128620_0,0.6784322559186985,0.3199362789820232,HD 128620,0.945,1.11,8,1
HD 128620_0,0.4509410849951612,0.20693969917487914,HD 128620,0.945,1.11,8,1
HD 128620_0,1.1271513436978065,0.35083759470768866,HD 128620,0.945,1.11,8,1
HD 128620_0,0.35947006952409055,0.5235584680552589,HD 128620,0.945,1.11,8,1
HD 128620_0,0.3836225847583592,0.5166992099937826,HD 128620,0.945,1.11,8,1
HD 128620_0,2.1064588549502408,0.2037622180064041,HD 128620,0.945,1.11,8,1
HD 128620_0,0.43292169576969103,0.2684415235161204,HD 128620,0.945,1.11,8,1
HD 128620_0,0.9721011260987794,0.3104220809778103,HD 128620,0.945,1.11,8,1
HD 128620_0,2.3802164514673363,0.03344933895046873,HD 128620,0.945,1.11,8,1
HD 128620_0,4.003550187387679,0.28747205573047124,HD 128620,0.945,1.11,8,1
HD 128620_0,0.5390040983181766,0.27233190275701696,HD 128620,0.945,1.11,8,1
HD 128620_0,0.5231867061735018,0.1385674935629008,HD 128620,0.945,1.11,8,1
HD 128620_0,0.3746734670517921,0.34497418690909426,HD 128620,0.945,1.11,8,1
HD 128620_0,0.39464646356056826,0.6371876402425172,HD 128620,0.945,1.11,8,1
HD 128620_0,0.6977135357530886,0.001360337687334973,HD 128620,0.945,1.11,8,1
HD 128620_0,0.41103193841192165,0.24968086917516819,HD 128620,0.945,1.11,8,1
HD 128620_0,0.3776522946989954,0.3672102240363613,HD 128620,0.945,1.11,8,1
HD 128620_0,0.540786163660017,0.2535096955321988,HD 128620,0.945,1.11,8,1
HD 128620_0,2.3896714512129917,0.16406483909616174,HD 128620,0.945,1.11,8,1
HD 128620_0,0.6924568417859273,0.14942506624353372,HD 128620,0.945,1.11,8,1
HD 128620_0,0.3639259006624551,0.570731441431864,HD 128620,0.945,1.11,8,1
HD 128620_0,0.6051310397220048,0.008782413465984105,HD 128620,0.945,1.11,8,1
HD 128620_0,2.0136549508550243,0.45161215530882726,HD 128620,0.945,1.11,8,1
HD 128620_0,0.886140063777468,0.22394192598797372,HD 128620,0.945,1.11,8,1
HD 128620_0,0.8009259523904366,0.2735586367664508,HD 128620,0.945,1.11,8,1
HD 128620_0,0.5398981842782804,0.21993818043785673,HD 128620,0.945,1.11,8,1
HD 128620_0,0.6091096423495918,0.06971145468708263,HD 128620,0.945,1.11,8,1
HD 128620_0,0.6646416332947059,0.5698728091996019,HD 128620,0.945,1.11,8,1
HD 128620_0,0.6576885267619531,0.028098095001380025,HD 128620,0.945,1.11,8,1
HD 128620_0,0.7059550292454863,0.22783041238760862,HD 128620,0.945,1.11,8,1
HD 128620_0,0.821104714824799,0.2845871300132972,HD 128620,0.945,1.11,8,1
HD 128620_0,2.2484477805135783,0.21821049766920045,HD 128620,0.945,1.11,8,1
HD 128620_0,0.7797661921466119,0.06515411060198509,HD 128620,0.945,1.11,8,1
HD 128620_0,1.6248585422372053,0.32416955453022245,HD 128620,0.945,1.11,8,1
HD 128620_0,0.5344572314083282,0.38956936211695037,HD 128620,0.945,1.11,8,1
HD 128620_0,0.6413257743403217,0.20740017442887543,HD 128620,0.945,1.11,8,1
HD 128620_0,1.0230278753388002,0.382263743512454,HD 128620,0.945,1.11,8,1
HD 128620_0,1.8937238832842025,0.2100238701390714,HD 128620,0.945,1.11,8,1
HD 128620_0,0.5624367188610259,0.3001104075443906,HD 128620,0.945,1.11,8,1
HD 128620_0,3.1981549487614687,0.09086240812751009,HD 128620,0.945,1.11,8,1
HD 128620_0,0.46631264561916835,0.2043011753616795,HD 128620,0.945,1.11,8,1
HD 128620_0,2.076626148457589,0.5272091933716981,HD 128620,0.945,1.11,8,1
HD 128620_0,0.7741978482909824,0.16714937544983507,HD 128620,0.945,1.11,8,1
HD 128620_0,0.7747786838783322,0.059698457323087616,HD 128620,0.945,1.11,8,1
HD 128620_0,0.9319117616423299,0.4410555369884615,HD 128620,0.945,1.11,8,1
HD 128620_0,0.6085539644479033,0.04347000465534841,HD 128620,0.945,1.11,8,1
HD 128620_0,0.9572754844804627,0.343200700388291,HD 128620,0.945,1.11,8,1
HD 128620_0,0.2944098664646274,0.6124931606295188,HD 128620,0.945,1.11,8,1
HD 128620_0,1.0380104483679082,0.33783058632637764,HD 128620,0.945,1.11,8,1
HD 128620_0,0.8166423911682812,0.49757888642986553,HD 128620,0.945,1.11,8,1
HD 128620_0,0.7696254534484912,0.008833601178240492,HD 128620,0.945,1.11,8,1
HD 128620_0,0.47112645380702695,0.13638493579856353,HD 128620,0.945,1.11,8,1
HD 128620_0,0.6145781927573114,0.03214839804744369,HD 128620,0.945,1.11,8,1
HD 128620_0,11.40393900060633,0.1595244286271112,HD 128620,0.945,1.11,8,1
HD 128620_0,1.17153232774925,0.17750135213007062,HD 128620,0.945,1.11,8,1
HD 128620_0,0.5330226377712124,0.15101071910857347,HD 128620,0.945,1.11,8,1
HD 128620_0,0.7056901746538213,0.5575636494226064,HD 128620,0.945,1.11,8,1
HD 128620_0,0.7086402191941907,0.4450253841203924,HD 128620,0.945,1.11,8,1
HD 128620_0,0.9161836899719715,0.1855718957021182,HD 128620,0.945,1.11,8,1
HD 128620_0,0.6536732335740033,0.14208541970397973,HD 128620,0.945,1.11,8,1
HD 128620_0,0.5897892376495134,0.025250210800368714,HD 128620,0.945,1.11,8,1
HD 128620_0,2.0965715196293497,0.11472191745668027,HD 128620,0.945,1.11,8,1
HD 128620_0,0.5139538372253026,0.2046620445260321,HD 128620,0.945,1.11,8,1
HD 128620_0,0.6582081039962265,0.11323336844834576,HD 128620,0.945,1.11,8,1
HD 128620_0,0.3720867405736919,0.4816139924636377,HD 128620,0.945,1.11,8,1
HD 128620_0,0.6784980590600851,0.012585803795252074,HD 128620,0.945,1.11,8,1
HD 128620_0,0.6154851395892773,0.04044686778390528,HD 128620,0.945,1.11,8,1
HD 128620_0,0.6872507799496818,0.11215815854055729,HD 128620,0.945,1.11,8,1
HD 128620_0,1.493770580304168,0.10772049404798531,HD 128620,0.945,1.11,8,1
HD 128620_0,1.5329594968127263,0.2462921248419529,HD 128620,0.945,1.11,8,1
HD 128620_0,0.49137239230981206,0.34729381487120486,HD 128620,0.945,1.11,8,1
HD 128620_0,0.6231008505106476,0.029852861885677026,HD 128620,0.945,1.11,8,1
HD 128620_0,1.297227689332946,0.6457047613283785,HD 128620,0.945,1.11,8,1
HD 128620_0,0.9181902517877004,0.8406025038981368,HD 128620,0.945,1.11,8,1
HD 128620_0,0.5220391150442447,0.15323318784900705,HD 128620,0.945,1.11,8,1
HD 128620_0,0.5165620719929762,0.07210101613699664,HD 128620,0.945,1.11,8,1
HD 128620_0,0.8611096581347334,0.08485801544694409,HD 128620,0.945,1.11,8,1
HD 128620_0,0.40048481059405766,0.42736872491906075,HD 128620,0.945,1.11,8,1
HD 128620_0,2.3358851863740853,0.046997577944241274,HD 128620,0.945,1.11,8,1
HD 128620_0,0.2767178056145762,0.7154703411434777,HD 128620,0.945,1.11,8,1
HD 128620_0,0.3907178496106285,0.29295191941492066,HD 128620,0.945,1.11,8,1
HD 128620_0,0.6047955108621663,0.03552232357669403,HD 128620,0.945,1.11,8,1
HD 128620_0,0.5166999342623488,0.09410394454636366,HD 128620,0.945,1.11,8,1
HD 128620_0,0.550171748205409,0.0652528225676782,HD 128620,0.945,1.11,8,1
HD 128620_0,2.277214344791798,0.46705926274043913,HD 128620,0.945,1.11,8,1
HD 128620_0,0.7612677694921681,0.2529892436516995,HD 128620,0.945,1.11,8,1
HD 128620_0,0.6435984887267643,0.16910578190423112,HD 128620,0.945,1.11,8,1
HD 128620_0,0.909167660198703,0.5093614091221599,HD 128620,0.945,1.11,8,1
HD 128620_0,0.6528289307452482,0.2557069286877841,HD 128620,0.945,1.11,8,1
HD 128620_0,0.6241444040346574,0.183917676216448,HD 128620,0.945,1.11,8,1
HD 128620_0,0.9871833912523044,0.3854176548072195,HD 128620,0.945,1.11,8,1
HD 128620_0,0.4522092098254261,0.17541957744035605,HD 128620,0.945,1.11,8,1
HD 128620_0,0.5767458980022641,0.004698821468897026,HD 128620,0.945,1.11,8,1
HD 128620_0,1.0099974196661485,0.16950723792325956,HD 128620,0.945,1.11,8,1
HD 128620_0,10.770867346788497,0.5226800766265981,HD 128620,0.945,1.11,8,1
HD 128620_0,0.9593046852736601,0.2696351702034593,HD 128620,0.945,1.11,8,1
HD 128620_0,0.4221614852389997,0.6803222579947514,HD 128620,0.945,1.11,8,1
HD 128620_0,0.6401302248855842,0.003830355917981591,HD 128620,0.945,1.11,8,1
HD 128620_0,1.419696401372511,0.5292706246548781,HD 128620,0.945,1.11,8,1
HD 128620_0,0.4398701052348965,0.2371632247155732,HD 128620,0.945,1.11,8,1
HD 128620_0,0.6277464399681593,0.020427845561137234,HD 128620,0.945,1.11,8,1
HD 128620_0,0.5761659603129078,0.14771984233660732,HD 128620,0.945,1.11,8,1
HD 128620_0,1.2418647217881877,0.04413440771469857,HD 128620,0.945,1.11,8,1
HD 128620_0,0.4133086017800361,0.6402342587178983,HD 128620,0.945,1.11,8,1
HD 128620_0,0.5300708242329224,0.09052638116321153,HD 128620,0.945,1.11,8,1
HD 128620_0,0.7036156156837453,0.35151289980146777,HD 128620,0.945,1.11,8,1
HD 128620_0,0.6047933725194223,0.04892096471218133,HD 128620,0.945,1.11,8,1
HD 128620_0,2.076455595540771,0.3060606509163618,HD 128620,0.945,1.11,8,1
HD 128620_0,1.8043489857981874,0.5630591567193938,HD 128620,0.945,1.11,8,1
HD 128620_0,0.7358611655358748,0.4765018829901033,HD 128620,0.945,1.11,8,1
HD 128620_0,0.6923801618923829,0.03147996565232776,HD 128620,0.945,1.11,8,1
HD 128620_0,0.636706690881922,0.4958835533569608,HD 128620,0.945,1.11,8,1
HD 128620_0,0.6502232492926218,0.05670270822674178,HD 128620,0.945,1.11,8,1
HD 128620_0,0.6176675810232087,0.13652185225511515,HD 128620,0.945,1.11,8,1
HD 128620_0,0.5366662558135015,0.3435725815802233,HD 128620,0.945,1.11,8,1
HD 128620_0,0.8514373098933782,0.0008935782511493675,HD 128620,0.945,1.11,8,1
HD 128620_0,0.7498705103440696,0.3824907673493732,HD 128620,0.945,1.11,8,1
HD 128620_0,0.7516274742165019,0.2471705767414716,HD 128620,0.945,1.11,8,1
HD 128620_0,0.663236896648603,0.0779752479960183,HD 128620,0.945,1.11,8,1
HD 128620_0,0.5706677989677471,0.045533239588887706,HD 128620,0.945,1.11,8,1
HD 128620_0,0.4662049428520462,0.3341351636130948,HD 128620,0.945,1.11,8,1
HD 128620_0,0.6395980059912334,0.1273149819479182,HD 128620,0.945,1.11,8,1
HD 128620_0,1.2705876817840212,0.000525579627104098,HD 128620,0.945,1.11,8,1
HD 128620_0,0.744417088277172,0.1695603993099476,HD 128620,0.945,1.11,8,1
HD 128620_0,0.7493698046281608,0.1619715539744554,HD 128620,0.945,1.11,8,1
HD 128620_0,0.890182684991073,0.5450832138245548,HD 128620,0.945,1.11,8,1
HD 128620_0,0.6053010193966464,0.8136508245746307,HD 128620,0.945,1.11,8,1
HD 128620_0,0.5972472872250922,0.015185620033282351,HD 128620,0.945,1.11,8,1
HD 128620_0,0.8849907476702583,0.16110345472998336,HD 128620,0.945,1.11,8,1
HD 128620_0,0.9861688627700856,0.03926005743322905,HD 128620,0.945,1.11,8,1
HD 128620_0,2.22553141246099,0.1320745283162863,HD 128620,0.945,1.11,8,1
HD 128620_0,0.46004886277255314,0.4183149983243276,HD 128620,0.945,1.11,8,1
HD 128620_0,1.4558470828821504,0.044696168670253895,HD 128620,0.945,1.11,8,1
HD 128620_0,0.5823099247556731,0.0051625902725267354,HD 128620,0.945,1.11,8,1
HD 128620_0,0.36738045574451944,0.4401444540816588,HD 128620,0.945,1.11,8,1
HD 128620_0,0.5731392082521743,0.35345572395355046,HD 128620,0.945,1.11,8,1
HD 128620_0,0.6015398490425516,0.3775329806815861,HD 128620,0.945,1.11,8,1
HD 128620_0,0.7388175318748793,0.03609296530683934,HD 128620,0.945,1.11,8,1
HD 128620_0,1.0656631337854088,0.312633144292744,HD 128620,0.945,1.11,8,1
HD 128620_0,0.9575562594331055,0.36566933619705266,HD 128620,0.945,1.11,8,1
HD 128620_0,0.5087030158120331,0.29192281426860983,HD 128620,0.945,1.11,8,1
HD 128620_0,0.7335099428889109,0.2934078139024301,HD 128620,0.945,1.11,8,1
HD 128620_0,0.5609275872068696,0.04379279327215818,HD 128620,0.945,1.11,8,1
HD 128620_0,1.0710930197510522,0.02866829602962218,HD 128620,0.945,1.11,8,1
HD 128620_0,0.474797428849726,0.4062631455378727,HD 128620,0.945,1.11,8,1
HD 128620_0,0.41337444772894105,0.5587796616322416,HD 128620,0.945,1.11,8,1
HD 128620_0,0.6179142153540655,0.026531664391468125,HD 128620,0.945,1.11,8,1
HD 128620_0,0.9225149233640472,0.17432034787233566,HD 128620,0.945,1.11,8,1
HD 128620_0,0.5591356488864192,0.05571292491472545,HD 128620,0.945,1.11,8,1
HD 128620_0,1.0121640499296587,0.02641099731424465,HD 128620,0.945,1.11,8,1
HD 128620_0,0.5097545379546664,0.11688133526087206,HD 128620,0.945,1.11,8,1
HD 128620_0,1.5863804769978511,0.02659351714727969,HD 128620,0.945,1.11,8,1
HD 128620_0,1.1049807009277706,0.15203749608278738,HD 128620,0.945,1.11,8,1
HD 128620_0,1.1541467109916401,0.16020517050531477,HD 128620,0.945,1.11,8,1
HD 128620_0,0.31415592928736547,0.5480500772430656,HD 128620,0.945,1.11,8,1
HD 128620_0,1.1590663787774422,0.44346972796881884,HD 128620,0.945,1.11,8,1
HD 128620_0,3.7202109170894335,0.4650940307146846,HD 128620,0.945,1.11,8,1
HD 128620_0,1.0415473906142478,0.06116913736734506,HD 128620,0.945,1.11,8,1
HD 128620_0,0.7768856635533863,0.4191390157347357,HD 128620,0.945,1.11,8,1
HD 128620_0,1.2392728093680134,0.5556609130707154,HD 128620,0.945,1.11,8,1
HD 128620_0,0.5885231842298236,0.059254231268000834,HD 128620,0.945,1.11,8,1
HD 128620_0,7.548854787665789,0.15893574296731391,HD 128620,0.945,1.11,8,1
HD 128620_0,0.5839464487201909,0.04065742797946408,HD 128620,0.945,1.11,8,1
HD 128620_0,0.42471730660150137,0.2850074923446622,HD 128620,0.945,1.11,8,1
HD 128620_0,1.7146601264699517,0.32219960725278673,HD 128620,0.945,1.11,8,1
HD 128620_0,0.45586716106980263,0.33840712992660493,HD 128620,0.945,1.11,8,1
HD 128620_0,3.028251131006386,0.014905488682534005,HD 128620,0.945,1.11,8,1
HD 128620_0,2.243319502764159,0.05703573775299738,HD 128620,0.945,1.11,8,1
HD 128620_0,0.7961914250230029,0.10172930163700589,HD 128620,0.945,1.11,8,1
HD 128620_0,1.7533270681408128,0.20607192772196947,HD 128620,0.945,1.11,8,1
HD 128620_0,0.512623932597403,0.11901034706649381,HD 128620,0.945,1.11,8,1
HD 128620_0,0.7177874105240878,0.16240396170097288,HD 128620,0.945,1.11,8,1
HD 128620_0,0.3140885432664967,0.541916625250966,HD 128620,0.945,1.11,8,1
HD 128620_0,1.040437202808711,0.09052512088397714,HD 128620,0.945,1.11,8,1
HD 128620_0,0.6489800501203092,0.1611280814352174,HD 128620,0.945,1.11,8,1
HD 128620_0,2.5017215808327213,0.3754109724240574,HD 128620,0.945,1.11,8,1
HD 128620_0,0.41418924204044955,0.28394216386278437,HD 128620,0.945,1.11,8,1
HD 128620_0,1.6156176195706886,0.6742142394155255,HD 128620,0.945,1.11,8,1
HD 128620_0,0.9090172672332745,0.06716390047099118,HD 128620,0.945,1.11,8,1
HD 128620_0,1.0544832954836676,0.2835586882296801,HD 128620,0.945,1.11,8,1
HD 128620_0,0.8380936215356909,0.24444240386903016,HD 128620,0.945,1.11,8,1
HD 128620_0,0.6532549516519786,0.13451531748576406,HD 128620,0.945,1.11,8,1
HD 128620_0,0.6116119530640569,0.08215330071813338,HD 128620,0.945,1.11,8,1
HD 128620_0,0.7013026744503363,0.04345232507895731,HD 128620,0.945,1.11,8,1
HD 128620_0,1.0502372752404396,0.08790689234594828,HD 128620,0.945,1.11,8,1
HD 128620_0,0.572063082439734,0.12218556479700181,HD 128620,0.945,1.11,8,1
HD 128620_0,10.292536614766181,0.5537873664087111,HD 128620,0.945,1.11,8,1
HD 128620_0,0.6388419098208394,0.012839198557015232,HD 128620,0.945,1.11,8,1
HD 128620_0,0.5573914479250072,0.09473077952139561,HD 128620,0.945,1.11,8,1
HD 128620_0,1.3170696179891044,0.16198321598743104,HD 128620,0.945,1.11,8,1
HD 128620_0,2.3891100808599397,0.39897196265578316,HD 128620,0.945,1.11,8,1
HD 128620_0,0.7126935061770182,0.033492746541108724,HD 128620,0.945,1.11,8,1
HD 128620_0,0.8077802613091958,0.18112744850704127,HD 128620,0.945,1.11,8,1
HD 128620_0,0.3092998660022907,0.8569116708656374,HD 128620,0.945,1.11,8,1
HD 128620_0,0.6873940998826431,0.21239966861110113,HD 128620,0.945,1.11,8,1
HD 128620_0,1.0729127486727328,0.2103441230417595,HD 128620,0.945,1.11,8,1
HD 128620_0,0.8746195403229726,0.33900859556173485,HD 128620,0.945,1.11,8,1
HD 128620_0,1.5974272765046964,0.024993588213200447,HD 128620,0.945,1.11,8,1
HD 128620_0,1.7347513780987731,0.3059252034241072,HD 128620,0.945,1.11,8,1
HD 128620_0,1.0807569327360231,0.41448007080385996,HD 128620,0.945,1.11,8,1
HD 128620_0,0.810858589468879,0.017434616097406017,HD 128620,0.945,1.11,8,1
HD 128620_0,0.8706633261780234,0.020846931906411275,HD 128620,0.945,1.11,8,1
HD 128620_0,1.0912364313030605,0.15582395554928555,HD 128620,0.945,1.11,8,1
HD 128620_0,0.4985270112889143,0.1552449269560536,HD 128620,0.945,1.11,8,1
HD 128620_0,1.0068962113298257,0.3330789953003928,HD 128620,0.945,1.11,8,1
HD 128620_0,0.561601923901853,0.03580492905069185,HD 128620,0.945,1.11,8,1
HD 128620_0,0.7228971099001593,0.17415724356596543,HD 128620,0.945,1.11,8,1
HD 128620_0,0.6161736843961955,0.4408278528388231,HD 128620,0.945,1.11,8,1
HD 128620_0,0.7324997648709086,0.34780806709698725,HD 128620,0.945,1.11,8,1
HD 128620_0,0.6437483333776384,0.041513134929344365,HD 128620,0.945,1.11,8,1
HD 128620_0,0.5167524679939189,0.12250359681232349,HD 128620,0.945,1.11,8,1
HD 128620_0,0.718556316436541,0.41858597621358745,HD 128620,0.945,1.11,8,1
HD 128620_0,0.8087609573356307,0.0012282603968638611,HD 128620,0.945,1.11,8,1
HD 128620_0,0.508900383522272,0.1017698961862945,HD 128620,0.945,1.11,8,1
HD 128620_0,1.2487749063668467,0.026524415462205058,HD 128620,0.945,1.11,8,1
HD 128620_0,1.5733217127867467,0.2698581890103676,HD 128620,0.945,1.11,8,1
HD 128620_0,1.0647150781157577,0.16303544632900757,HD 128620,0.945,1.11,8,1
HD 128620_0,0.5713973509167039,0.014292074183798681,HD 128620,0.945,1.11,8,1
HD 128620_0,0.877245117522664,0.08368896527557579,HD 128620,0.945,1.11,8,1
HD 128620_0,3.137457001395629,0.09016957719796762,HD 128620,0.945,1.11,8,1
HD 128620_0,1.204961890989163,0.3417498998749035,HD 128620,0.945,1.11,8,1
HD 128620_0,1.4941654476722668,0.3117961818908577,HD 128620,0.945,1.11,8,1
HD 128620_0,0.51965310145922,0.20983874940476369,HD 128620,0.945,1.11,8,1
HD 128620_0,0.5253208531224706,0.25978940026413594,HD 128620,0.945,1.11,8,1
HD 128620_0,0.5072263611319194,0.12508663138626777,HD 128620,0.945,1.11,8,1
HD 128620_0,4.367569968807565,0.22590987982485167,HD 128620,0.945,1.11,8,1
HD 128620_1,1.3519093373393627,0.03094546252247475,HD 128620,1.198,1.11,8,4
HD 128620_1,1.3523529616717487,0.007820671483919794,HD 128620,1.198,1.11,8,4
HD 128620_1,1.352029755455494,0.0075656201591496825,HD 128620,1.198,1.11,8,4
HD 128620_1,1.3523578801049576,0.0015602474994917473,HD 128620,1.198,1.11,8,4
HD 128620_1,1.3516806376172348,0.047524216130391456,HD 128620,1.198,1.11,8,4
HD 128620_1,1.3516954231103187,0.034967153906381096,HD 128620,1.198,1.11,8,4
HD 128620_1,1.3519332696893562,0.03192946296352416,HD 128620,1.198,1.11,8,4
HD 128620_1,1.3514865879961213,0.03354318722391301,HD 128620,1.198,1.11,8,4
HD 128620_1,1.352274316679482,0.009065941820096646,HD 128620,1.198,1.11,8,4
HD 128620_1,1.3520670531257797,0.012267534771127556,HD 128620,1.198,1.11,8,4
HD 128620_1,1.3523653087998695,0.01359352082367784,HD 128620,1.198,1.11,8,4
HD 128620_1,1.3517097715660837,0.009181683758551797,HD 128620,1.198,1.11,8,4
HD 128620_1,1.3521485046238941,0.012251414798435667,HD 128620,1.198,1.11,8,4
HD 128620_1,1.35158683726418,0.01901047262945455,HD 128620,1.198,1.11,8,4
HD 128620_1,1.3528785498884928,0.006129420815284028,HD 128620,1.198,1.11,8,4
HD 128620_1,1.3516671645283145,0.014039673486229517,HD 128620,1.198,1.11,8,4
HD 128620_1,1.3512920179065764,0.0012693886747682775,HD 128620,1.198,1.11,8,4
HD 128620_1,1.3525690321734718,0.0038827449853119558,HD 128620,1.198,1.11,8,4
HD 128620_1,1.3521446758182103,0.0024426613516203926,HD 128620,1.198,1.11,8,4
HD 128620_1,1.3525861793179117,0.03642544082847464,HD 128620,1.198,1.11,8,4
HD 128620_1,1.3522807908312608,0.00912964883949416,HD 128620,1.198,1.11,8,4
HD 128620_1,1.352379174968166,0.021589971988501662,HD 128620,1.198,1.11,8,4
HD 128620_1,1.3520927868463717,0.007904020837279169,HD 128620,1.198,1.11,8,4
HD 128620_1,1.3513875915465232,0.023383585063012583,HD 128620,1.198,1.11,8,4
HD 128620_1,1.3518876890989864,0.010556743409747283,HD 128620,1.198,1.11,8,4
HD 128620_1,1.3524259744481855,0.007065042608315485,HD 128620,1.198,1.11,8,4
HD 128620_1,1.3524730618142033,0.003575263063969802,HD 128620,1.198,1.11,8,4
HD 128620_1,1.3525607235422488,0.018116064827943958,HD 128620,1.198,1.11,8,4
HD 128620_1,1.3516922516933751,0.005521021895355898,HD 128620,1.198,1.11,8,4
HD 128620_1,1.3520044556510813,0.013086380446458629,HD 128620,1.198,1.11,8,4
HD 128620_1,1.3517016588643338,0.04125369138710934,HD 128620,1.198,1.11,8,4
HD 128620_1,1.3522974252931736,0.017415578017325975,HD 128620,1.198,1.11,8,4
HD 128620_1,1.3516627981514782,0.0017313233196275639,HD 128620,1.198,1.11,8,4
HD 128620_1,1.3520103550910236,0.05160052351122545,HD 128620,1.198,1.11,8,4
HD 128620_1,1.3514821673580013,0.020842886723845745,HD 128620,1.198,1.11,8,4
HD 128620_1,1.352314926856913,0.0010070074833658307,HD 128620,1.198,1.11,8,4
HD 128620_1,1.3519067652048313,0.03255572743027738,HD 128620,1.198,1.11,8,4
HD 128620_1,1.3518761270147568,0.007243625186653897,HD 128620,1.198,1.11,8,4
HD 128620_1,1.3513961593143853,0.007783910633910888,HD 128620,1.198,1.11,8,4
HD 128620_1,1.3528570624619896,0.007594585106176851,HD 128620,1.198,1.11,8,4
HD 128620_1,1.3518836347816618,0.03513295486375974,HD 128620,1.198,1.11,8,4
HD 128620_1,1.3521231983346418,0.027103096760949644,HD 128620,1.198,1.11,8,4
HD 128620_1,1.3514349396651248,0.009529667299979633,HD 128620,1.198,1.11,8,4
HD 128620_1,1.3520474518262253,0.010106608706275298,HD 128620,1.198,1.11,8,4
HD 128620_1,1.3523005523517164,0.00885922717377001,HD 128620,1.198,1.11,8,4
HD 128620_1,1.3516812409629042,0.04159565326514652,HD 128620,1.198,1.11,8,4
HD 128620_1,1.3511968240526135,0.0015808475331803348,HD 128620,1.198,1.11,8,4
HD 128620_1,1.3518797938055729,0.009592820122439396,HD 128620,1.198,1.11,8,4
HD 128620_1,1.3518766693772815,0.040787242341271325,HD 128620,1.198,1.11,8,4
HD 128620_1,1.3520879347561203,0.020960141826984878,HD 128620,1.198,1.11,8,4
HD 128620_1,1.3515104009047543,0.02655882445010509,HD 128620,1.198,1.11,8,4
HD 128620_1,1.3521849846442848,0.01697023356889516,HD 128620,1.198,1.11,8,4
HD 128620_1,1.3519029727244034,0.010053070599032854,HD 128620,1.198,1.11,8,4
HD 128620_1,1.3514526724352507,0.0003572021979214961,HD 128620,1.198,1.11,8,4
HD 128620_1,1.3521826785914233,0.025802928391540483,HD 128620,1.198,1.11,8,4
HD 128620_1,1.3511086648462982,0.02496859326043974,HD 128620,1.198,1.11,8,4
HD 128620_1,1.3519768042045612,0.005867503415550312,HD 128620,1.198,1.11,8,4
HD 128620_1,1.352091784342508,0.010682086796810224,HD 128620,1.198,1.11,8,4
HD 128620_1,1.3507864861511467,0.011989957408078407,HD 128620,1.198,1.11,8,4
HD 128620_1,1.35189064269983,0.013973151339812511,HD 128620,1.198,1.11,8,4
HD 128620_1,1.3518004088180817,0.0005262194795069702,HD 128620,1.198,1.11,8,4
HD 128620_1,1.351514238544878,0.018480871113332378,HD 128620,1.198,1.11,8,4
HD 128620_1,1.3527751260244298,0.008421497941673989,HD 128620,1.198,1.11,8,4
HD 128620_1,1.352308685994126,0.03745111936732248,HD 128620,1.198,1.11,8,4
HD 128620_1,1.3514837198507017,0.01122453560383796,HD 128620,1.198,1.11,8,4
HD 128620_1,1.3512949164638637,0.013289061506652078,HD 128620,1.198,1.11,8,4
HD 128620_1,1.3519248255625387,0.025521818994085302,HD 128620,1.198,1.11,8,4
HD 128620_1,1.3516178858114216,0.012673957837403032,HD 128620,1.198,1.11,8,4
HD 128620_1,1.3521294934933128,0.0020942744867073248,HD 128620,1.198,1.11,8,4
HD 128620_1,1.3527018555475718,0.00390559383988909,HD 128620,1.198,1.11,8,4
HD 128620_1,1.3516615117291875,0.0118641350550249,HD 128620,1.198,1.11,8,4
HD 128620_1,1.3519896683782437,0.009070824247572115,HD 128620,1.198,1.11,8,4
HD 128620_1,1.3521827051349882,0.005234269170787504,HD 128620,1.198,1.11,8,4
HD 128620_1,1.3514711770419814,0.007972004132696647,HD 128620,1.198,1.11,8,4
HD 128620_1,1.3521469850190786,0.00501539877857123,HD 128620,1.198,1.11,8,4
HD 128620_1,1.35176527021575,0.026347399764494663,HD 128620,1.198,1.11,8,4
HD 128620_1,1.3520128250204433,0.008374945310483604,HD 128620,1.198,1.11,8,4
HD 128620_1,1.3524019444099655,0.045829535972400456,HD 128620,1.198,1.11,8,4
HD 128620_1,1.3518825889801878,0.0411025221649302,HD 128620,1.198,1.11,8,4
HD 128620_1,1.3515052045998,0.006491272010982995,HD 128620,1.198,1.11,8,4
HD 128620_1,1.3527680530640305,0.00672727552315656,HD 128620,1.198,1.11,8,4
HD 128620_1,1.3520187217271302,0.0036234256861826146,HD 128620,1.198,1.11,8,4
HD 128620_1,1.3523887404403567,0.014749552101582887,HD 128620,1.198,1.11,8,4
HD 128620_1,1.3522614582263732,0.005853900347493348,HD 128620,1.198,1.11,8,4
HD 128620_1,1.3519518687913876,0.009774801740837665,HD 128620,1.198,1.11,8,4
HD 128620_1,1.3526548119156887,0.017188755939051198,HD 128620,1.198,1.11,8,4
HD 128620_1,1.3525420437727662,0.006040641356087458,HD 128620,1.198,1.11,8,4
HD 128620_1,1.3522409195638176,0.010659883658263432,HD 128620,1.198,1.11,8,4
HD 128620_1,1.3523251185779657,0.0038751102397593744,HD 128620,1.198,1.11,8,4
HD 128620_1,1.351801898631585,0.02238942583467033,HD 128620,1.198,1.11,8,4
HD 128620_1,1.352120874282738,0.007831555702835634,HD 128620,1.198,1.11,8,4
HD 128620_1,1.35158713127663,0.008591472358750615,HD 128620,1.198,1.11,8,4
HD 128620_1,1.351497659067111,0.009738308623927397,HD 128620,1.198,1.11,8,4
HD 128620_1,1.352146335021351,0.01751204846545465,HD 128620,1.198,1.11,8,4
HD 128620_1,1.351757472452966,0.0044211534692195145,HD 128620,1.198,1.11,8,4
HD 128620_1,1.3515929403949916,0.03756672756821239,HD 128620,1.198,1.11,8,4
HD 128620_1,1.3517600886779924,0.02296775770215049,HD 128620,1.198,1.11,8,4
HD 128620_1,1.3518388251818085,0.014498549950605238,HD 128620,1.198,1.11,8,4
HD 128620_1,1.3520577991256162,0.0011726295824728492,HD 128620,1.198,1.11,8,4
HD 128620_1,1.351683098267603,0.0007463715137392521,HD 128620,1.198,1.11,8,4
HD 128620_1,1.3525122892535244,0.018595247802284574,HD 128620,1.198,1.11,8,4
HD 128620_1,1.3524680725233689,0.005274265295142171,HD 128620,1.198,1.11,8,4
HD 128620_1,1.3520327042253475,0.029809367378789024,HD 128620,1.198,1.11,8,4
HD 128620_1,1.3517068048103793,0.004585549883788333,HD 128620,1.198,1.11,8,4
HD 128620_1,1.3528418985007957,0.0435186449984665,HD 128620,1.198,1.11,8,4
HD 128620_1,1.3523187288599674,0.02103680478987891,HD 128620,1.198,1.11,8,4
HD 128620_1,1.352452862153029,0.0035908274035350417,HD 128620,1.198,1.11,8,4
HD 128620_1,1.3528925508872087,0.031979222158135555,HD 128620,1.198,1.11,8,4
HD 128620_1,1.3523434496856543,0.014632221893170878,HD 128620,1.198,1.11,8,4
HD 128620_1,1.352263915460839,0.006629610484399301,HD 128620,1.198,1.11,8,4
HD 128620_1,1.352082958053462,0.008923229326138288,HD 128620,1.198,1.11,8,4
HD 128620_1,1.3509747123833422,0.0035193937109233887,HD 128620,1.198,1.11,8,4
HD 128620_1,1.3526594744025366,0.0038540435302641136,HD 128620,1.198,1.11,8,4
HD 128620_1,1.3522077209674994,0.008400718696732597,HD 128620,1.198,1.11,8,4
HD 128620_1,1.352646074189136,0.018901707154424584,HD 128620,1.198,1.11,8,4
HD 128620_1,1.3518661279989155,0.0051583091716688335,HD 128620,1.198,1.11,8,4
HD 128620_1,1.352432557169146,0.020010685710715723,HD 128620,1.198,1.11,8,4
HD 128620_1,1.3523535301002363,0.005990878940506322,HD 128620,1.198,1.11,8,4
HD 128620_1,1.3517338772394527,0.02224744998630669,HD 128620,1.198,1.11,8,4
HD 128620_1,1.3514305650987017,0.0017065574636977625,HD 128620,1.198,1.11,8,4
HD 128620_1,1.3521755650860932,0.013969014268284717,HD 128620,1.198,1.11,8,4
HD 128620_1,1.3520706459307532,0.006230546120368526,HD 128620,1.198,1.11,8,4
HD 128620_1,1.3513184035110832,0.0002725487152340132,HD 128620,1.198,1.11,8,4
HD 128620_1,1.3519270540647093,0.019955147237013506,HD 128620,1.198,1.11,8,4
HD 128620_1,1.3525814232134845,0.028346163026412165,HD 128620,1.198,1.11,8,4
HD 128620_1,1.3521663779504585,0.013937482972851778,HD 128620,1.198,1.11,8,4
HD 128620_1,1.3521026010582,0.013616744518731395,HD 128620,1.198,1.11,8,4
HD 128620_1,1.3512634881003938,0.03360384140759237,HD 128620,1.198,1.11,8,4
HD 128620_1,1.3521591953994856,0.011583684982030792,HD 128620,1.198,1.11,8,4
HD 128620_1,1.3508281908329958,0.00857286444831883,HD 128620,1.198,1.11,8,4
HD 128620_1,1.352490849558087,0.01846816186434194,HD 128620,1.198,1.11,8,4
HD 128620_1,1.3519530284068433,0.02902145434595467,HD 128620,1.198,1.11,8,4
HD 128620_1,1.3516491993302835,0.022163894562701347,HD 128620,1.198,1.11,8,4
HD 128620_1,1.352088206330703,0.010043306630548646,HD 128620,1.198,1.11,8,4
HD 128620_1,1.352242873985816,0.004159974537027772,HD 128620,1.198,1.11,8,4
HD 128620_1,1.35220706454393,0.007889322200382102,HD 128620,1.198,1.11,8,4
HD 128620_1,1.3521775662181226,0.04831836722606775,HD 128620,1.198,1.11,8,4
HD 128620_1,1.351288452824293,0.0031899969166065837,HD 128620,1.198,1.11,8,4
HD 128620_1,1.3520003887570993,0.007312139096855417,HD 128620,1.198,1.11,8,4
HD 128620_1,1.3525326893860627,0.0095465342721201,HD 128620,1.198,1.11,8,4
HD 128620_1,1.3525792775153258,0.012190247769194928,HD 128620,1.198,1.11,8,4
HD 128620_1,1.3521570925759723,0.03030261897255614,HD 128620,1.198,1.11,8,4
HD 128620_1,1.3516295897677884,0.04668978067517193,HD 128620,1.198,1.11,8,4
HD 128620_1,1.3522811763473768,0.022992476716480484,HD 128620,1.198,1.11,8,4
HD 128620_1,1.3521490728900805,0.00610493520081856,HD 128620,1.198,1.11,8,4
HD 128620_1,1.3516423115336003,0.008776862669345551,HD 128620,1.198,1.11,8,4
HD 128620_1,1.35258820330869,0.016097505813757875,HD 128620,1.198,1.11,8,4
HD 128620_1,1.3517268398732643,0.01130036783781375,HD 128620,1.198,1.11,8,4
HD 128620_1,1.3522909129206486,0.010344996064633604,HD 128620,1.198,1.11,8,4
HD 128620_1,1.3515271606364037,0.008375377432407193,HD 128620,1.198,1.11,8,4
HD 128620_1,1.3524335658703295,0.0084962039488788,HD 128620,1.198,1.11,8,4
HD 128620_1,1.3526326150729275,0.005212481077362081,HD 128620,1.198,1.11,8,4
HD 128620_1,1.3520538846098735,0.009195060094057973,HD 128620,1.198,1.11,8,4
HD 128620_1,1.3524823779129023,0.032283029485356045,HD 128620,1.198,1.11,8,4
HD 128620_1,1.3525916495240746,0.007611015426764435,HD 128620,1.198,1.11,8,4
HD 128620_1,1.3517813509685552,0.013349259946698668,HD 128620,1.198,1.11,8,4
HD 128620_1,1.3521218962777704,0.03253293325534408,HD 128620,1.198,1.11,8,4
HD 128620_1,1.3517476081311477,0.008517070114951094,HD 128620,1.198,1.11,8,4
HD 128620_1,1.3520091818851119,0.011940470659536004,HD 128620,1.198,1.11,8,4
HD 128620_1,1.3519304974330035,0.003353341963693055,HD 128620,1.198,1.11,8,4
HD 128620_1,1.351391164211484,0.013705250962077415,HD 128620,1.198,1.11,8,4
HD 128620_1,1.3526741702148775,0.01597695181496346,HD 128620,1.198,1.11,8,4
HD 128620_1,1.351986840179556,0.029964274799165014,HD 128620,1.198,1.11,8,4
HD 128620_1,1.3521496515271405,0.014078693684370328,HD 128620,1.198,1.11,8,4
HD 128620_1,1.3527702994145714,0.05225192169337369,HD 128620,1.198,1.11,8,4
HD 128620_1,1.3523047208566479,0.025374005554518714,HD 128620,1.198,1.11,8,4
HD 128620_1,1.3514764055900619,0.047850226530192,HD 128620,1.198,1.11,8,4
HD 128620_1,1.352173150903098,0.0037958752298678563,HD 128620,1.198,1.11,8,4
HD 128620_1,1.3519345826544944,0.022334856413176743,HD 128620,1.198,1.11,8,4
HD 128620_1,1.3516160660053445,0.0066501798977343495,HD 128620,1.198,1.11,8,4
HD 128620_1,1.3511770438351933,0.02688010872060001,HD 128620,1.198,1.11,8,4
HD 128620_1,1.3520955121053964,0.012760018570858546,HD 128620,1.198,1.11,8,4
HD 128620_1,1.3519011296249313,0.00740794256903075,HD 128620,1.198,1.11,8,4
HD 128620_1,1.3521651978191824,0.008227703105361535,HD 128620,1.198,1.11,8,4
HD 128620_1,1.3512118869663339,0.01239291809169173,HD 128620,1.198,1.11,8,4
HD 128620_1,1.35189510145417,0.0103121050012171,HD 128620,1.198,1.11,8,4
HD 128620_1,1.3520742691527132,0.007636904491771183,HD 128620,1.198,1.11,8,4
HD 128620_1,1.3519125088872483,0.0010327983453264893,HD 128620,1.198,1.11,8,4
HD 128620_1,1.3521360370993663,0.0071711718084221665,HD 128620,1.198,1.11,8,4
HD 128620_1,1.3515801646594587,0.006405618751633364,HD 128620,1.198,1.11,8,4
HD 128620_1,1.3516758252697565,0.028048741845336074,HD 128620,1.198,1.11,8,4
HD 128620_1,1.3515793207449824,0.013199599664741303,HD 128620,1.198,1.11,8,4
HD 128620_1,1.3522710611468025,0.037784040888729095,HD 128620,1.198,1.11,8,4
HD 128620_1,1.3522888428572997,0.02261547420868475,HD 128620,1.198,1.11,8,4
HD 128620_1,1.351714641875568,0.01296387364113991,HD 128620,1.198,1.11,8,4
HD 128620_1,1.351895106535507,0.01008409748439007,HD 128620,1.198,1.11,8,4
HD 128620_1,1.3522567229308988,0.004456966019263318,HD 128620,1.198,1.11,8,4
HD 128620_1,1.351877448539036,0.046129302758479394,HD 128620,1.198,1.11,8,4
HD 128620_1,1.351539458322504,0.012848691668897204,HD 128620,1.198,1.11,8,4
HD 128620_1,1.3522785587820134,0.011215910429295838,HD 128620,1.198,1.11,8,4
HD 128620_1,1.3518489475111024,0.04122103376359645,HD 128620,1.198,1.11,8,4
HD 128620_1,1.352104934326575,0.023694002335089177,HD 128620,1.198,1.11,8,4
HD 128620_1,1.3517515787622354,0.014562581686129714,HD 128620,1.198,1.11,8,4
HD 128620_1,1.3523127734005513,0.0016096909145031793,HD 128620,1.198,1.11,8,4
HD 128620_1,1.352392709299954,0.007897692144775838,HD 128620,1.198,1.11,8,4
HD 128620_1,1.3524926734022218,0.017978252416919003,HD 128620,1.198,1.11,8,4
HD 128620_1,1.3523023293401526,0.011857653509048733,HD 128620,1.198,1.11,8,4
HD 128620_1,1.352549578078999,0.0036253610961542067,HD 128620,1.198,1.11,8,4
HD 128620_1,1.3524600513810727,0.004633214339018594,HD 128620,1.198,1.11,8,4
HD 128620_1,1.352309102486371,0.006343619631100505,HD 128620,1.198,1.11,8,4
HD 128620_1,1.351357149266977,0.06169765167288439,HD 128620,1.198,1.11,8,4
HD 128620_1,1.3521062079427923,0.011348780728294487,HD 128620,1.198,1.11,8,4
HD 128620_1,1.3515805964201184,0.016854387338372058,HD 128620,1.198,1.11,8,4
HD 128620_1,1.3520981396301555,0.016470724325159544,HD 128620,1.198,1.11,8,4
HD 128620_1,1.3518825188317993,0.008503345713213895,HD 128620,1.198,1.11,8,4
HD 128620_1,1.3518852502867915,0.008482431739167242,HD 128620,1.198,1.11,8,4
HD 128620_1,1.3516943337510439,0.014458541770842548,HD 128620,1.198,1.11,8,4
HD 128620_1,1.3528737144238276,0.022559461506751907,HD 128620,1.198,1.11,8,4
HD 128620_1,1.3521707157690899,0.0346213992847358,HD 128620,1.198,1.11,8,4
HD 128620_1,1.351762539178394,0.010926402239046302,HD 128620,1.198,1.11,8,4
HD 128620_1,1.351563330830548,0.004460124306686743,HD 128620,1.198,1.11,8,4
HD 128620_1,1.3521263497572777,0.013273642636704169,HD 128620,1.198,1.11,8,4
HD 128620_1,1.351718056592892,0.002769172903217869,HD 128620,1.198,1.11,8,4
HD 128620_1,1.3522237571368547,0.04057960352952782,HD 128620,1.198,1.11,8,4
HD 128620_1,1.35201784054968,0.02248873544494186,HD 128620,1.198,1.11,8,4
HD 128620_1,1.3518531094515764,0.03285933041724503,HD 128620,1.198,1.11,8,4
HD 128620_1,1.3518240509501795,0.006830024023888298,HD 128620,1.198,1.11,8,4
HD 128620_1,1.3519389431599347,0.009171005099911644,HD 128620,1.198,1.11,8,4
HD 128620_1,1.3525202139781185,0.018034578742928995,HD 128620,1.198,1.11,8,4
HD 128620_1,1.3523864368637677,0.01346080926458889,HD 128620,1.198,1.11,8,4
HD 128620_1,1.352105684360981,0.026261336291331518,HD 128620,1.198,1.11,8,4
HD 128620_1,1.3525866040304069,0.023321547700726794,HD 128620,1.198,1.11,8,4
HD 128620_1,1.3511938949925906,0.03552293680947134,HD 128620,1.198,1.11,8,4
HD 128620_1,1.3521389694389818,0.023472439427901826,HD 128620,1.198,1.11,8,4
HD 128620_1,1.35160655096729,0.030979370588856255,HD 128620,1.198,1.11,8,4
HD 128620_1,1.352001528912861,0.016420363670070142,HD 128620,1.198,1.11,8,4
HD 128620_1,1.3522652355402756,0.007669022940571585,HD 128620,1.198,1.11,8,4
HD 128620_1,1.3519828817512394,0.009888865021646936,HD 128620,1.198,1.11,8,4
HD 128620_1,1.3530383048487797,0.017263751638584884,HD 128620,1.198,1.11,8,4
HD 128620_1,1.3519461782381987,0.012432012529080456,HD 128620,1.198,1.11,8,4
HD 128620_1,1.3525382585485162,0.017457635264203117,HD 128620,1.198,1.11,8,4
HD 128620_1,1.3517480027866078,0.023270444016989373,HD 128620,1.198,1.11,8,4
HD 128620_1,1.3511474646794903,0.0022662414306987766,HD 128620,1.198,1.11,8,4
HD 128620_1,1.3524606352084985,0.008513817513846281,HD 128620,1.198,1.11,8,4
HD 128620_1,1.3518607754152276,0.005363163434754107,HD 128620,1.198,1.11,8,4
HD 128620_1,1.351853305516103,0.022736448412284636,HD 128620,1.198,1.11,8,4
HD 128620_1,1.351737825828446,0.035416879629053544,HD 128620,1.198,1.11,8,4
HD 128620_1,1.3530374849011002,0.004048327652747433,HD 128620,1.198,1.11,8,4
HD 128620_1,1.3522129767010456,0.01103607696810581,HD 128620,1.198,1.11,8,4
HD 128620_1,1.352315358918955,0.005126055731642171,HD 128620,1.198,1.11,8,4
HD 128620_1,1.3519319531080243,0.03068602922538377,HD 128620,1.198,1.11,8,4
HD 128620_1,1.3523220034500183,0.0034444455589536377,HD 128620,1.198,1.11,8,4
HD 128620_1,1.3518552185535462,0.03830704256956367,HD 128620,1.198,1.11,8,4
HD 128620_1,1.352127664073575,0.01232369869981706,HD 128620,1.198,1.11,8,4
HD 128620_1,1.3530401942720394,0.00980360608631565,HD 128620,1.198,1.11,8,4
HD 128620_1,1.3520889001091332,0.01359000689617035,HD 128620,1.198,1.11,8,4
HD 128620_1,1.3526899901613088,0.009191857862781158,HD 128620,1.198,1.11,8,4
HD 128620_1,1.3514697754079985,0.022508603349890348,HD 128620,1.198,1.11,8,4
HD 128620_1,1.3513180129227245,0.05867839009019848,HD 128620,1.198,1.11,8,4
HD 128620_1,1.3525177316604153,0.005558985285077171,HD 128620,1.198,1.11,8,4
HD 128620_1,1.3523428387387029,0.0039033796804950538,HD 128620,1.198,1.11,8,4
HD 128620_1,1.3524065459962722,0.0132539643887181,HD 128620,1.198,1.11,8,4
HD 128620_1,1.3529285324146099,0.01325949887185457,HD 128620,1.198,1.11,8,4
HD 128620_1,1.3516324383471199,0.0763932737724736,HD 128620,1.198,1.11,8,4
HD 128620_1,1.3522719574471385,0.023397725989140517,HD 128620,1.198,1.11,8,4
HD 128620_1,1.3512277847780776,0.02074731756724874,HD 128620,1.198,1.11,8,4
HD 128620_1,1.35204986429533,0.007434474919679046,HD 128620,1.198,1.11,8,4
HD 128620_1,1.352093758100827,0.013707326250093611,HD 128620,1.198,1.11,8,4
HD 128620_1,1.3517851534414185,0.041375463566401274,HD 128620,1.198,1.11,8,4
HD 128620_1,1.3526785214053885,0.013005589114729679,HD 128620,1.198,1.11,8,4
HD 128620_1,1.3515685242470856,0.010297386847480789,HD 128620,1.198,1.11,8,4
HD 128620_1,1.352325793589169,0.006832023060233115,HD 128620,1.198,1.11,8,4
HD 128620_1,1.351118604274912,0.012883816688325316,HD 128620,1.198,1.11,8,4
HD 128620_1,1.3528416986336,0.027328204091054947,HD 128620,1.198,1.11,8,4
HD 128620_1,1.3517805716633284,0.007169369109241566,HD 128620,1.198,1.11,8,4
HD 128620_1,1.3517778767032091,0.021620800397409698,HD 128620,1.198,1.11,8,4
HD 128620_1,1.3513243152807775,0.026495600155396898,HD 128620,1.198,1.11,8,4
HD 128620_1,1.3520224808736532,0.015244891711245403,HD 128620,1.198,1.11,8,4
HD 128620_1,1.351833038197016,0.017927930471579166,HD 128620,1.198,1.11,8,4
HD 128620_1,1.3520012822914251,0.0011276636362501091,HD 128620,1.198,1.11,8,4
HD 128620_1,1.3521533663425813,0.009664461432382431,HD 128620,1.198,1.11,8,4
HD 128620_1,1.3516055192037104,0.012893317373263744,HD 128620,1.198,1.11,8,4
HD 128620_1,1.3525584817289715,0.01052022350565281,HD 128620,1.198,1.11,8,4
HD 128620_1,1.351920707739557,0.016885521884224326,HD 128620,1.198,1.11,8,4
HD 128620_1,1.352718383212677,0.03362851871576638,HD 128620,1.198,1.11,8,4
HD 128620_1,1.3517986683841883,0.004892437991474248,HD 128620,1.198,1.11,8,4
HD 128620_1,1.3524067130806858,0.0038234222502650777,HD 128620,1.198,1.11,8,4
HD 128620_1,1.352303691337038,0.006136752354201821,HD 128620,1.198,1.11,8,4
HD 128620_1,1.3516325433943033,0.006220212763839664,HD 128620,1.198,1.11,8,4
HD 128620_1,1.3521358639158956,0.013831020412147621,HD 128620,1.198,1.11,8,4
HD 128620_1,1.3523271733344526,0.031425768242847874,HD 128620,1.198,1.11,8,4
HD 128620_1,1.3518734352094888,0.025542555346247647,HD 128620,1.198,1.11,8,4
HD 128620_1,1.351162158660297,0.02376357368862579,HD 128620,1.198,1.11,8,4
HD 128620_1,1.3522433357442383,0.008567122961915022,HD 128620,1.198,1.11,8,4
HD 128620_1,1.351359459990658,0.011261947490652355,HD 128620,1.198,1.11,8,4
HD 128620_1,1.3513165278977366,0.03212749779197358,HD 128620,1.198,1.11,8,4
HD 128620_1,1.3520011462105326,0.007755447872773182,HD 128620,1.198,1.11,8,4
HD 128620_1,1.3523926719815096,0.01715188722003242,HD 128620,1.198,1.11,8,4
HD 128620_1,1.3521266318556833,0.018128897784264086,HD 128620,1.198,1.11,8,4
HD 128620_1,1.35232928368037,0.03550784012050031,HD 128620,1.198,1.11,8,4
HD 128620_1,1.3524403801569247,0.015465011839816429,HD 128620,1.198,1.11,8,4
HD 128620_1,1.3521995107827562,0.027313265099702035,HD 128620,1.198,1.11,8,4
HD 128620_1,1.3515815239690314,0.010253037274602741,HD 128620,1.198,1.11,8,4
HD 128620_1,1.352447138904675,0.0035553427348949456,HD 128620,1.198,1.11,8,4
HD 128620_1,1.3522028205660754,0.008106849760536019,HD 128620,1.198,1.11,8,4
HD 128620_1,1.3526445402576883,0.0413202280432086,HD 128620,1.198,1.11,8,4
HD 128620_1,1.3514558587670527,0.009173936165763785,HD 128620,1.198,1.11,8,4
HD 128620_1,1.3519345190075356,0.013949818646886138,HD 128620,1.198,1.11,8,4
HD 128620_1,1.3526380707673644,0.007253049347969167,HD 128620,1.198,1.11,8,4
HD 128620_1,1.3519968111805276,0.02027253658347395,HD 128620,1.198,1.11,8,4
HD 128620_1,1.3518430717821874,0.005709721592536406,HD 128620,1.198,1.11,8,4
HD 128620_1,1.351677780945727,0.026789045349997598,HD 128620,1.198,1.11,8,4
HD 128620_1,1.352161174892551,0.014337511622214,HD 128620,1.198,1.11,8,4
HD 128620_1,1.352302931448517,0.0005540000734850902,HD 128620,1.198,1.11,8,4
HD 128620_1,1.35181417650282,0.04958448418135489,HD 128620,1.198,1.11,8,4
HD 128620_1,1.3517956958657147,0.041374607108038704,HD 128620,1.198,1.11,8,4
HD 128620_1,1.3519900269485288,0.00915120212741351,HD 128620,1.198,1.11,8,4
HD 128620_1,1.3519318481134814,0.048764928318017924,HD 128620,1.198,1.11,8,4
HD 128620_1,1.352207198110274,0.00029694751310615705,HD 128620,1.198,1.11,8,4
HD 128620_1,1.3519658942991735,0.023506739703555088,HD 128620,1.198,1.11,8,4
HD 128620_1,1.3516794529325615,0.022615680143537206,HD 128620,1.198,1.11,8,4
HD 128620_1,1.351920725861988,0.010114941817739701,HD 128620,1.198,1.11,8,4
HD 128620_1,1.3518895852323283,0.010971614596073171,HD 128620,1.198,1.11,8,4
HD 128620_1,1.3520743610130919,0.012603219508843449,HD 128620,1.198,1.11,8,4
HD 128620_1,1.3523578801049576,0.0015602474994917473,HD 128620,1.198,1.11,8,4
HD 128620_1,1.3521485650122493,0.00872634128621696,HD 128620,1.198,1.11,8,4
HD 128620_1,1.3520930841465684,0.013347380518884032,HD 128620,1.198,1.11,8,4
HD 128620_1,1.352083710749959,0.011062711990749752,HD 128620,1.198,1.11,8,4
HD 128620_1,1.3520392380248107,0.011208435268483814,HD 128620,1.198,1.11,8,4
HD 128620_1,1.3522296419621787,0.010547335189820255,HD 128620,1.198,1.11,8,4
HD 128620_1,1.352275717406573,0.005450087423789709,HD 128620,1.198,1.11,8,4
HD 128620_1,1.352073769980303,0.010785179545000398,HD 128620,1.198,1.11,8,4
HD 128620_1,1.3526028274244868,0.04840463468480222,HD 128620,1.198,1.11,8,4
HD 128620_1,1.352137439604518,0.03083869659769927,HD 128620,1.198,1.11,8,4
HD 128620_1,1.3515970692072408,0.037462077136659375,HD 128620,1.198,1.11,8,4
HD 128620_1,1.3524534144705378,0.005383915546927484,HD 128620,1.198,1.11,8,4
HD 128620_1,1.3524533900884759,0.0035603903259972406,HD 128620,1.198,1.11,8,4
HD 128620_1,1.3519747414567753,0.03069074998268744,HD 128620,1.198,1.11,8,4
HD 128620_1,1.3524819796312308,0.009378874889586664,HD 128620,1.198,1.11,8,4
HD 128620_1,1.352115597426565,0.01027281356220439,HD 128620,1.198,1.11,8,4
HD 128620_1,1.3524034005619245,0.00428373387167654,HD 128620,1.198,1.11,8,4
HD 128620_1,1.35170080088349,0.025750663718700845,HD 128620,1.198,1.11,8,4
HD 128620_1,1.3522288639035476,0.024753401147214575,HD 128620,1.198,1.11,8,4
HD 128620_1,1.352212325303354,0.02757608576263619,HD 128620,1.198,1.11,8,4
HD 128620_1,1.3524203842178213,0.00981731623832036,HD 128620,1.198,1.11,8,4
HD 128620_1,1.351932222262616,0.008285974886459904,HD 128620,1.198,1.11,8,4
HD 128620_1,1.3525942701202673,0.004909765909026101,HD 128620,1.198,1.11,8,4
HD 128620_1,1.352285422997475,0.0082994071265624,HD 128620,1.198,1.11,8,4
HD 128620_1,1.3523201548285184,0.00972315214190249,HD 128620,1.198,1.11,8,4
HD 128620_1,1.3514724047146365,0.058075067184963226,HD 128620,1.198,1.11,8,4
HD 128620_1,1.352718383212677,0.03362851871576638,HD 128620,1.198,1.11,8,4
HD 128620_1,1.3519097927013985,0.00821164806567066,HD 128620,1.198,1.11,8,4
HD 128620_1,1.351786415602212,0.018190082540363566,HD 128620,1.198,1.11,8,4
HD 128620_1,1.3519193984603324,0.02973051368024921,HD 128620,1.198,1.11,8,4
HD 128620_1,1.3520379233896298,0.026465965790275443,HD 128620,1.198,1.11,8,4
HD 128620_1,1.352240051815924,0.02502009790305312,HD 128620,1.198,1.11,8,4
HD 128620_1,1.352349777325404,0.02399772515523198,HD 128620,1.198,1.11,8,4
HD 128620_1,1.3523275146425715,0.004072103544296929,HD 128620,1.198,1.11,8,4
HD 128620_1,1.3517316468038298,0.00959005355454364,HD 128620,1.198,1.11,8,4
HD 128620_1,1.352396402457647,0.025874963027528078,HD 128620,1.198,1.11,8,4
HD 128620_1,1.3522408157592527,0.015348364355378993,HD 128620,1.198,1.11,8,4
HD 128620_1,1.3523465974669282,0.03846291565376174,HD 128620,1.198,1.11,8,4
HD 128620_1,1.351771117686758,0.04001563306269483,HD 128620,1.198,1.11,8,4
HD 128620_1,1.3523277215316438,0.007193531525494427,HD 128620,1.198,1.11,8,4
HD 128620_1,1.352008641244933,0.002908016371209009,HD 128620,1.198,1.11,8,4
HD 128620_1,1.3521433159764877,0.007027540146966722,HD 128620,1.198,1.11,8,4
HD 128620_1,1.3523966940710845,0.014009511946225071,HD 128620,1.198,1.11,8,4
HD 128620_1,1.3514588834543755,0.026756709857869876,HD 128620,1.198,1.11,8,4
HD 128620_1,1.3523578885593428,0.031200140102257568,HD 128620,1.198,1.11,8,4
HD 128620_1,1.3522510723302874,0.009711628798871701,HD 128620,1.198,1.11,8,4
HD 128620_1,1.3522725236751714,0.015323100029899192,HD 128620,1.198,1.11,8,4
HD 128620_1,1.351479385273687,0.0017674058801799746,HD 128620,1.198,1.11,8,4
HD 128620_1,1.3520264395602841,0.003369232935836473,HD 128620,1.198,1.11,8,4
HD 128620_1,1.3520418065908641,0.01881120616312517,HD 128620,1.198,1.11,8,4
HD 128620_1,1.3524069241140426,0.0420468651231258,HD 128620,1.198,1.11,8,4
HD 128620_1,1.3532169806085514,0.035356158089624785,HD 128620,1.198,1.11,8,4
HD 128620_1,1.3521035008445317,0.01613073604979729,HD 128620,1.198,1.11,8,4
HD 128620_1,1.3514754060438026,0.010433483174229624,HD 128620,1.198,1.11,8,4
HD 128620_1,1.3514820691303926,0.04554512628097386,HD 128620,1.198,1.11,8,4
HD 128620_1,1.3517826073564738,0.04838930622781434,HD 128620,1.198,1.11,8,4
HD 128620_1,1.3518226472867414,0.016766006670438864,HD 128620,1.198,1.11,8,4
HD 128620_1,1.3519857859594784,0.014536412629199752,HD 128620,1.198,1.11,8,4
HD 128620_1,1.352506840871176,0.010178329199511213,HD 128620,1.198,1.11,8,4
HD 128620_1,1.351874955176604,0.01373906946923437,HD 128620,1.198,1.11,8,4
HD 128620_1,1.3524218766521696,0.02067806620119072,HD 128620,1.198,1.11,8,4
HD 128620_1,1.3520477752065505,0.007849369764616608,HD 128620,1.198,1.11,8,4
HD 128620_1,1.3521925350941597,0.017933065155802567,HD 128620,1.198,1.11,8,4
HD 128620_1,1.352054886048178,0.007184345232939636,HD 128620,1.198,1.11,8,4
HD 128620_1,1.3515542943108088,0.005310597808355591,HD 128620,1.198,1.11,8,4
HD 128620_1,1.3518313751455304,0.0058388299455665585,HD 128620,1.198,1.11,8,4
HD 128620_1,1.3520776484468129,0.009945666193078502,HD 128620,1.198,1.11,8,4
HD 128620_1,1.3525781351707256,0.005770772344399349,HD 128620,1.198,1.11,8,4
HD 128620_1,1.351601067103185,0.012368879751997068,HD 128620,1.198,1.11,8,4
HD 128620_1,1.3519948908271948,0.014082718926822864,HD 128620,1.198,1.11,8,4
HD 128620_1,1.352221552454171,0.01884070401546959,HD 128620,1.198,1.11,8,4
HD 128620_1,1.3525817757545764,0.016370908139561328,HD 128620,1.198,1.11,8,4
HD 128620_1,1.3519326210347666,0.01690866076118626,HD 128620,1.198,1.11,8,4
HD 128620_1,1.3522388701739072,0.010116503280017671,HD 128620,1.198,1.11,8,4
HD 128620_1,1.3528947364085113,0.004588319285094393,HD 128620,1.198,1.11,8,4
HD 128620_1,1.3519298280046346,0.007780573719771524,HD 128620,1.198,1.11,8,4
HD 128620_1,1.3517147072680225,0.01768240161448738,HD 128620,1.198,1.11,8,4
HD 128620_1,1.3524981618375769,0.018272645177151926,HD 128620,1.198,1.11,8,4
HD 128620_1,1.351877775011365,0.025629734795986108,HD 128620,1.198,1.11,8,4
HD 128620_1,1.352356319962705,0.01899157727163244,HD 128620,1.198,1.11,8,4
HD 128620_1,1.3519715686885971,0.012890218056304062,HD 128620,1.198,1.11,8,4
HD 128620_1,1.3520187932617012,0.033663258405234264,HD 128620,1.198,1.11,8,4
HD 128620_1,1.352101373308124,0.005989220128984788,HD 128620,1.198,1.11,8,4
HD 128620_1,1.3518402240328868,0.004285957471229342,HD 128620,1.198,1.11,8,4
HD 128620_1,1.3519902470710297,0.015264037463477471,HD 128620,1.198,1.11,8,4
HD 128620_1,1.352447263558016,0.0035524537714166303,HD 128620,1.198,1.11,8,4
HD 128620_1,1.3519923276824322,0.01113482907837924,HD 128620,1.198,1.11,8,4
HD 128620_1,1.351738904232104,0.011966095197770303,HD 128620,1.198,1.11,8,4
HD 128620_1,1.3523749074972995,0.014136737190219531,HD 128620,1.198,1.11,8,4
HD 128620_1,1.3532446844912334,0.03103194476872967,HD 128620,1.198,1.11,8,4
HD 128620_1,1.3519182895865876,0.01645315646089194,HD 128620,1.198,1.11,8,4
HD 128620_1,1.3524588574683987,0.013918914013611918,HD 128620,1.198,1.11,8,4
HD 128620_1,1.3521054907304195,0.008895091456138721,HD 128620,1.198,1.11,8,4
HD 128620_1,1.3521058182818524,0.011200578463184641,HD 128620,1.198,1.11,8,4
HD 128620_1,1.3518697782414937,0.05251153651769032,HD 128620,1.198,1.11,8,4
HD 128620_1,1.3523017010586658,0.0076166110758453765,HD 128620,1.198,1.11,8,4
HD 128620_1,1.3523162549157295,0.014622098868489801,HD 128620,1.198,1.11,8,4
HD 128620_1,1.351687810585731,0.016755826908216753,HD 128620,1.198,1.11,8,4
HD 128620_1,1.351751170172389,0.009495355852966708,HD 128620,1.198,1.11,8,4
HD 128620_1,1.3523736557843182,0.006856922267714597,HD 128620,1.198,1.11,8,4
HD 128620_1,1.3517285468231108,0.020150182478403517,HD 128620,1.198,1.11,8,4
HD 128620_1,1.3523189448277686,0.0026359984368696694,HD 128620,1.198,1.11,8,4
HD 128620_1,1.352032103093574,0.014508111828166387,HD 128620,1.198,1.11,8,4
HD 128620_1,1.3526654821147306,0.025135191850536788,HD 128620,1.198,1.11,8,4
HD 128620_1,1.3521734483861754,0.011104397143331796,HD 128620,1.198,1.11,8,4
HD 128620_1,1.3528281661838448,0.006786162588944785,HD 128620,1.198,1.11,8,4
HD 128620_1,1.3522774496205003,0.014550629535601253,HD 128620,1.198,1.11,8,4
HD 128620_1,1.351975253902854,0.03377456628237462,HD 128620,1.198,1.11,8,4
HD 128620_1,1.3517489884569913,0.012429995988467382,HD 128620,1.198,1.11,8,4
HD 128620_1,1.351961086936912,0.012313857101313929,HD 128620,1.198,1.11,8,4
HD 128620_1,1.3524635324960186,0.008300952056897994,HD 128620,1.198,1.11,8,4
HD 128620_1,1.3517213949259512,0.0019131681708994307,HD 128620,1.198,1.11,8,4
HD 128620_1,1.35164593582682,0.010835349269979703,HD 128620,1.198,1.11,8,4
HD 128620_1,1.3524415812207051,0.0034770174197458724,HD 128620,1.198,1.11,8,4
HD 128620_1,1.3519205425155172,0.021810540437406607,HD 128620,1.198,1.11,8,4
HD 128620_1,1.3521087475842908,0.03820922666533428,HD 128620,1.198,1.11,8,4
HD 128620_1,1.3529143013268503,0.013037779391482273,HD 128620,1.198,1.11,8,4
HD 128620_1,1.35224897598854,0.004209370032606919,HD 128620,1.198,1.11,8,4
HD 128620_1,1.3512507411876937,0.005892076400281926,HD 128620,1.198,1.11,8,4
HD 128620_1,1.3517957810862982,0.024210725981269058,HD 128620,1.198,1.11,8,4
HD 128620_1,1.352175143129662,0.011259929738889833,HD 128620,1.198,1.11,8,4
HD 128620_1,1.3512723868304026,0.014783144135563177,HD 128620,1.198,1.11,8,4
HD 128620_1,1.352229912884458,0.006297432228756189,HD 128620,1.198,1.11,8,4
HD 128620_1,1.3526288853170252,0.010761508631186571,HD 128620,1.198,1.11,8,4
HD 128620_1,1.3520911834647962,0.009867466296765279,HD 128620,1.198,1.11,8,4
HD 128620_1,1.3518996058236354,0.042141355080806735,HD 128620,1.198,1.11,8,4
HD 128620_1,1.3524204141762797,0.01455396686086994,HD 128620,1.198,1.11,8,4
HD 128620_1,1.3518538036074974,0.0057836820866076395,HD 128620,1.198,1.11,8,4
HD 128620_1,1.3519075106396718,0.001188691879912225,HD 128620,1.198,1.11,8,4
HD 128620_1,1.3515133422420575,9.646003615688395e-05,HD 128620,1.198,1.11,8,4
HD 128620_1,1.3524659392382419,0.002490572958455877,HD 128620,1.198,1.11,8,4
HD 128620_1,1.3519798887294818,0.019673402107614337,HD 128620,1.198,1.11,8,4
HD 128620_1,1.3526536809881806,0.02801907919348737,HD 128620,1.198,1.11,8,4
HD 128620_1,1.3516321533502875,0.00953751052570158,HD 128620,1.198,1.11,8,4
HD 128620_1,1.3520888646395144,0.0040802965775944,HD 128620,1.198,1.11,8,4
HD 128620_1,1.3518522803927824,0.047067422940690995,HD 128620,1.198,1.11,8,4
HD 128620_1,1.3518039982384298,0.0323750503910402,HD 128620,1.198,1.11,8,4
HD 128620_1,1.3528608556871422,0.04775493099069149,HD 128620,1.198,1.11,8,4
HD 128620_1,1.3526295614743291,0.010992875305409445,HD 128620,1.198,1.11,8,4
HD 128620_1,1.3517270012917186,0.01844602443283609,HD 128620,1.198,1.11,8,4
HD 128620_1,1.3516692182480676,0.005312131087030003,HD 128620,1.198,1.11,8,4
HD 128620_1,1.3526809314175647,0.0135288893861895,HD 128620,1.198,1.11,8,4
HD 128620_1,1.3504653906119346,0.033721802804962515,HD 128620,1.198,1.11,8,4
HD 128620_1,1.3526056904100914,0.009937168841032453,HD 128620,1.198,1.11,8,4
HD 128620_1,1.3522624266518115,0.007541679975914713,HD 128620,1.198,1.11,8,4
HD 128620_1,1.3513728937374143,0.07288342558454147,HD 128620,1.198,1.11,8,4
HD 128620_1,1.3521634135138323,0.0023893801004898655,HD 128620,1.198,1.11,8,4
HD 128620_1,1.3518712031557567,0.006931743370990786,HD 128620,1.198,1.11,8,4
HD 128620_1,1.3521180224295566,0.020705504071791562,HD 128620,1.198,1.11,8,4
HD 128620_1,1.3524914136791577,0.021917280171770047,HD 128620,1.198,1.11,8,4
HD 128620_1,1.3527701599855837,0.0005956167457489177,HD 128620,1.198,1.11,8,4
HD 128620_1,1.351682488775014,0.010092512001186748,HD 128620,1.198,1.11,8,4
HD 128620_1,1.3521687104158566,0.01913942406964382,HD 128620,1.198,1.11,8,4
HD 128620_1,1.3523617529287522,0.013519057068891442,HD 128620,1.198,1.11,8,4
HD 128620_1,1.3520403289240075,0.009502026832966578,HD 128620,1.198,1.11,8,4
HD 128620_1,1.351636196974415,0.0031420559431331666,HD 128620,1.198,1.11,8,4
HD 128620_1,1.3519418667490197,0.016467511842716734,HD 128620,1.198,1.11,8,4
HD 128620_1,1.3519602340715962,0.006227677205676182,HD 128620,1.198,1.11,8,4
HD 128620_1,1.352171490100073,0.03386384338957696,HD 128620,1.198,1.11,8,4
HD 128620_1,1.3526767509248891,0.009147943466585599,HD 128620,1.198,1.11,8,4
HD 128620_1,1.3517627362241362,0.018059526749762942,HD 128620,1.198,1.11,8,4
HD 128620_1,1.3514559916201778,0.02409457375932613,HD 128620,1.198,1.11,8,4
HD 128620_1,1.3511637514968482,0.024836897531824907,HD 128620,1.198,1.11,8,4
HD 128620_1,1.3522384887156633,0.025006491143200436,HD 128620,1.198,1.11,8,4
HD 128620_1,1.3520804880706774,0.014642694105662334,HD 128620,1.198,1.11,8,4
HD 128620_1,1.3520704889720339,0.008221628438595741,HD 128620,1.198,1.11,8,4
HD 128620_1,1.3519093892430083,0.009213875038414369,HD 128620,1.198,1.11,8,4
HD 128620_1,1.3521909043993818,0.0485146610915908,HD 128620,1.198,1.11,8,4
HD 128620_1,1.3514964422910223,0.012749907107243979,HD 128620,1.198,1.11,8,4
HD 128620_1,1.3520163153644373,0.0002723972063460832,HD 128620,1.198,1.11,8,4
HD 128620_1,1.3525585122645785,0.015718065345138726,HD 128620,1.198,1.11,8,4
HD 128620_1,1.3516612420103573,0.0005088150432405354,HD 128620,1.198,1.11,8,4
HD 128620_1,1.3521055318441697,0.012990122979803134,HD 128620,1.198,1.11,8,4
HD 128620_1,1.3527479291302198,0.00360567400783123,HD 128620,1.198,1.11,8,4
HD 128620_1,1.3518163864955182,0.006823531149197723,HD 128620,1.198,1.11,8,4
HD 128620_1,1.3516035017990784,0.001118663105443278,HD 128620,1.198,1.11,8,4
HD 128620_1,1.3524231958832893,0.014240011755800709,HD 128620,1.198,1.11,8,4
HD 128620_1,1.3521382618849145,0.028573902139266995,HD 128620,1.198,1.11,8,4
HD 128620_1,1.3524559615107086,0.0036613638598733574,HD 128620,1.198,1.11,8,4
HD 128620_1,1.3520324634505414,0.009375259787546213,HD 128620,1.198,1.11,8,4
HD 128620_1,1.3519401529580657,0.013069742939023903,HD 128620,1.198,1.11,8,4
HD 128620_1,1.3524008458884804,0.008142891795430027,HD 128620,1.198,1.11,8,4
HD 128620_1,1.3516154591970237,0.022436448373382732,HD 128620,1.198,1.11,8,4
HD 128620_1,1.351991863059301,0.040255205991025465,HD 128620,1.198,1.11,8,4
HD 128620_1,1.352986736171093,0.009722193297771776,HD 128620,1.198,1.11,8,4
HD 128620_1,1.3508908543604472,0.015024163111761763,HD 128620,1.198,1.11,8,4
HD 34411_1,1.6466054502656717,0.03088954110921708,HD 34411,0.897,1.08,8,2
HD 34411_1,1.6322598657597929,0.06568420676851583,HD 34411,0.897,1.08,8,2
HD 34411_1,1.765586156002129,0.002847753632648452,HD 34411,0.897,1.08,8,2
HD 34411_1,2.745512756371052,0.08161192639012713,HD 34411,0.897,1.08,8,2
HD 34411_1,2.4983422736986665,0.4262947670125896,HD 34411,0.897,1.08,8,2
HD 34411_1,1.6645249153780157,0.014607832105421131,HD 34411,0.897,1.08,8,2
HD 34411_1,2.8899403523359184,0.08390973503571258,HD 34411,0.897,1.08,8,2
HD 34411_1,1.6728473150914838,0.031825067419296985,HD 34411,0.897,1.08,8,2
HD 34411_1,1.752380812976995,0.33328219308612833,HD 34411,0.897,1.08,8,2
HD 34411_1,1.6660490860483923,0.05121076146996343,HD 34411,0.897,1.08,8,2
HD 34411_1,1.6524755222845897,0.029083506958515214,HD 34411,0.897,1.08,8,2
HD 34411_1,1.641735740862989,0.00019483676600225993,HD 34411,0.897,1.08,8,2
HD 34411_1,1.8384473241549322,0.10191171702774207,HD 34411,0.897,1.08,8,2
HD 34411_1,1.6465060237793365,0.013298184652785629,HD 34411,0.897,1.08,8,2
HD 34411_1,1.6582959054667674,0.020849505427311867,HD 34411,0.897,1.08,8,2
HD 34411_1,1.6580814435022377,0.005080827691383176,HD 34411,0.897,1.08,8,2
HD 34411_1,1.8068436881967234,0.03627633166238692,HD 34411,0.897,1.08,8,2
HD 34411_1,1.7409793507759443,0.08417912605239143,HD 34411,0.897,1.08,8,2
HD 34411_1,7.201084859234559,0.2019444701436728,HD 34411,0.897,1.08,8,2
HD 34411_1,1.7703493098208276,0.006570989347305793,HD 34411,0.897,1.08,8,2
HD 34411_1,1.7299847794700236,0.2005343267246073,HD 34411,0.897,1.08,8,2
HD 34411_1,1.7386786637336182,0.08061779971718414,HD 34411,0.897,1.08,8,2
HD 34411_1,2.6935645766015233,0.2300424956030345,HD 34411,0.897,1.08,8,2
HD 34411_1,1.8165491402594305,0.3666681592897191,HD 34411,0.897,1.08,8,2
HD 34411_1,1.647898616034907,0.00294136223435198,HD 34411,0.897,1.08,8,2
HD 34411_1,1.7826769209180087,0.0783828242250292,HD 34411,0.897,1.08,8,2
HD 34411_1,1.736296550676402,0.04966962701021655,HD 34411,0.897,1.08,8,2
HD 34411_1,1.7773115816795904,0.08286218355883747,HD 34411,0.897,1.08,8,2
HD 34411_1,1.8305074378131923,0.03505159775901284,HD 34411,0.897,1.08,8,2
HD 34411_1,1.7991822180475316,0.029934610433379354,HD 34411,0.897,1.08,8,2
HD 34411_1,2.5348686089595978,0.19666407735972868,HD 34411,0.897,1.08,8,2
HD 34411_1,2.9832946098869004,0.020450842252183025,HD 34411,0.897,1.08,8,2
HD 34411_1,2.476487833548495,0.17343906564431383,HD 34411,0.897,1.08,8,2
HD 34411_1,1.6448184798520153,0.013796807402316435,HD 34411,0.897,1.08,8,2
HD 34411_1,1.6515898885929146,0.05079794720507353,HD 34411,0.897,1.08,8,2
HD 34411_1,1.6412048340624725,0.04360003851836775,HD 34411,0.897,1.08,8,2
HD 34411_1,1.79407788431974,0.10352613890466467,HD 34411,0.897,1.08,8,2
HD 34411_1,1.6582478924088782,0.271701206693461,HD 34411,0.897,1.08,8,2
HD 34411_1,1.7626049174878038,0.007512987252269191,HD 34411,0.897,1.08,8,2
HD 34411_1,1.6452551884653661,0.014037301391295214,HD 34411,0.897,1.08,8,2
HD 34411_1,1.764110504355713,0.018109302699996246,HD 34411,0.897,1.08,8,2
HD 34411_1,2.7329890417391387,0.05616015573943343,HD 34411,0.897,1.08,8,2
HD 34411_1,2.9591980337149852,0.0036422585199653236,HD 34411,0.897,1.08,8,2
HD 34411_1,1.8006624198170846,0.03778735993929089,HD 34411,0.897,1.08,8,2
HD 34411_1,1.7925611569388806,0.04208901979923722,HD 34411,0.897,1.08,8,2
HD 34411_1,1.766288722898889,0.006885108502717679,HD 34411,0.897,1.08,8,2
HD 34411_1,1.6439760968169284,0.2687499401932923,HD 34411,0.897,1.08,8,2
HD 34411_1,2.682669205382105,0.346317764584334,HD 34411,0.897,1.08,8,2
HD 34411_1,3.5931043147355584,0.0005386950754260581,HD 34411,0.897,1.08,8,2
HD 34411_1,1.6726617310800158,0.2259631704877719,HD 34411,0.897,1.08,8,2
HD 34411_1,1.807901316052454,0.0404850211380803,HD 34411,0.897,1.08,8,2
HD 34411_1,1.8531387567106694,0.16368799305120618,HD 34411,0.897,1.08,8,2
HD 34411_1,9.016432606395524,0.1432244350049656,HD 34411,0.897,1.08,8,2
HD 34411_1,1.7959249743036994,0.3591701350897628,HD 34411,0.897,1.08,8,2
HD 34411_1,1.6442183095602743,0.02376245514657179,HD 34411,0.897,1.08,8,2
HD 34411_1,8.78260603121939,0.029961499679548816,HD 34411,0.897,1.08,8,2
HD 34411_1,1.6263185294064044,0.029954228033972054,HD 34411,0.897,1.08,8,2
HD 34411_1,1.8248887834270653,0.08696606732952201,HD 34411,0.897,1.08,8,2
HD 34411_1,3.272733462468417,0.408730114061667,HD 34411,0.897,1.08,8,2
HD 34411_1,2.975662640412727,0.01618031937952084,HD 34411,0.897,1.08,8,2
HD 34411_1,1.7717804020968357,0.029023113859737756,HD 34411,0.897,1.08,8,2
HD 34411_1,1.6991476887940227,0.16265188127078364,HD 34411,0.897,1.08,8,2
HD 34411_1,2.698076875341788,0.04189528067121608,HD 34411,0.897,1.08,8,2
HD 34411_1,2.4732436604906285,0.1049293812675838,HD 34411,0.897,1.08,8,2
HD 34411_1,1.75165240536332,0.04687022380752509,HD 34411,0.897,1.08,8,2
HD 34411_1,1.640051365978453,0.0733146510282933,HD 34411,0.897,1.08,8,2
HD 34411_1,1.846966725458308,0.14215345446729402,HD 34411,0.897,1.08,8,2
HD 34411_1,1.8181818958947635,0.13520271046346555,HD 34411,0.897,1.08,8,2
HD 34411_1,1.6271734846254906,0.04360963021828353,HD 34411,0.897,1.08,8,2
HD 34411_1,1.6446765938859664,0.02195255741626309,HD 34411,0.897,1.08,8,2
HD 34411_1,1.6281894102169097,0.047811599322043256,HD 34411,0.897,1.08,8,2
HD 34411_1,1.7394287717340697,0.0612894711082655,HD 34411,0.897,1.08,8,2
HD 34411_1,1.795327722553251,0.10102551459877691,HD 34411,0.897,1.08,8,2
HD 34411_1,1.73148099251647,0.23316634176177484,HD 34411,0.897,1.08,8,2
HD 34411_1,1.697564460613427,0.12526308128018265,HD 34411,0.897,1.08,8,2
HD 34411_1,3.8132995709479722,0.5663184642769042,HD 34411,0.897,1.08,8,2
HD 34411_1,1.6572581064769683,0.00251547630622515,HD 34411,0.897,1.08,8,2
HD 34411_1,1.8276354320212165,0.03830732443249482,HD 34411,0.897,1.08,8,2
HD 34411_1,1.654393379271533,0.018733527782294142,HD 34411,0.897,1.08,8,2
HD 34411_1,1.8304406573824576,0.14872591570081642,HD 34411,0.897,1.08,8,2
HD 34411_1,1.7695517832861563,0.009646171657169958,HD 34411,0.897,1.08,8,2
HD 34411_1,1.636638437217141,0.031920895073530166,HD 34411,0.897,1.08,8,2
HD 34411_1,1.698744844146066,0.12717960308173126,HD 34411,0.897,1.08,8,2
HD 34411_1,1.6568757653787007,0.001106402979842757,HD 34411,0.897,1.08,8,2
HD 34411_1,1.701813585383354,0.15749892416428107,HD 34411,0.897,1.08,8,2
HD 34411_1,1.6623924718335805,0.020023274812699283,HD 34411,0.897,1.08,8,2
HD 34411_1,1.684257621124481,0.09080794290536763,HD 34411,0.897,1.08,8,2
HD 34411_1,1.8138505823224615,0.034752235075653906,HD 34411,0.897,1.08,8,2
HD 34411_1,1.8124088132885365,0.34410951780016974,HD 34411,0.897,1.08,8,2
HD 34411_1,1.6444482400645801,0.0179608369932028,HD 34411,0.897,1.08,8,2
HD 34411_1,1.6391088633235569,0.047743859177637446,HD 34411,0.897,1.08,8,2
HD 34411_1,1.7596002855437753,0.1174502148540615,HD 34411,0.897,1.08,8,2
HD 34411_1,1.6451986088342063,0.0548209784421666,HD 34411,0.897,1.08,8,2
HD 34411_1,1.6417267254460965,0.03518574583480161,HD 34411,0.897,1.08,8,2
HD 34411_1,3.1035083521706057,0.2756773368567246,HD 34411,0.897,1.08,8,2
HD 34411_1,1.8071289006334368,0.11375825509653097,HD 34411,0.897,1.08,8,2
HD 34411_1,1.658534127885347,0.010752524026550553,HD 34411,0.897,1.08,8,2
HD 34411_1,1.6544788527121195,0.0005610875229408508,HD 34411,0.897,1.08,8,2
HD 34411_1,3.1176995116118724,0.34203673458128586,HD 34411,0.897,1.08,8,2
HD 34411_1,1.8668426751023763,0.5193057103092361,HD 34411,0.897,1.08,8,2
HD 34411_1,3.5272865010806145,0.08997650120007546,HD 34411,0.897,1.08,8,2
HD 34411_1,1.6559400873170056,0.023564471360468776,HD 34411,0.897,1.08,8,2
HD 34411_1,1.7731001980958554,0.034037453251540874,HD 34411,0.897,1.08,8,2
HD 34411_1,1.7831813087795358,0.03924654716584476,HD 34411,0.897,1.08,8,2
HD 34411_1,1.8260467495806052,0.019468512103073245,HD 34411,0.897,1.08,8,2
HD 34411_1,1.7498665401622315,0.034485575352104926,HD 34411,0.897,1.08,8,2
HD 34411_1,1.6674811130535037,0.04540261871178258,HD 34411,0.897,1.08,8,2
HD 34411_1,1.8081737657517791,0.1024897414354743,HD 34411,0.897,1.08,8,2
HD 34411_1,3.499849473061992,0.4006661909747425,HD 34411,0.897,1.08,8,2
HD 34411_1,1.6992569466224603,0.14482746892101325,HD 34411,0.897,1.08,8,2
HD 34411_1,1.7785937664902458,0.03802342306535024,HD 34411,0.897,1.08,8,2
HD 34411_1,1.8344884001990411,0.037361530002009084,HD 34411,0.897,1.08,8,2
HD 34411_1,3.404464701344203,0.359259676926078,HD 34411,0.897,1.08,8,2
HD 34411_1,1.763520564803624,0.014727355353940614,HD 34411,0.897,1.08,8,2
HD 34411_1,1.6523835317877005,0.013130510820835458,HD 34411,0.897,1.08,8,2
HD 34411_1,1.831059530261471,0.06429685670630458,HD 34411,0.897,1.08,8,2
HD 34411_1,2.482547709381283,0.11864541121011749,HD 34411,0.897,1.08,8,2
HD 34411_1,8.164975145874392,0.09178900245376426,HD 34411,0.897,1.08,8,2
HD 34411_1,1.8021230316260646,0.10292053970052668,HD 34411,0.897,1.08,8,2
HD 34411_1,1.6626271758708833,0.02454512162596539,HD 34411,0.897,1.08,8,2
HD 34411_1,1.6603660373862545,0.018810832969181193,HD 34411,0.897,1.08,8,2
HD 34411_1,2.5717237513130433,0.16170682798777403,HD 34411,0.897,1.08,8,2
HD 34411_1,2.4846405065425086,0.16119647149709637,HD 34411,0.897,1.08,8,2
HD 34411_1,2.8441286234322747,0.10335702746866858,HD 34411,0.897,1.08,8,2
HD 34411_1,1.6300326308902375,0.08931754793620907,HD 34411,0.897,1.08,8,2
HD 34411_1,2.5126574263537242,0.22229352446468564,HD 34411,0.897,1.08,8,2
HD 34411_1,1.642271398534235,0.01915477010362555,HD 34411,0.897,1.08,8,2
HD 34411_1,1.7634817448093074,0.07638287511482482,HD 34411,0.897,1.08,8,2
HD 34411_1,1.683019539670718,0.08216931731592186,HD 34411,0.897,1.08,8,2
HD 34411_1,1.797810149490305,0.04670029509363356,HD 34411,0.897,1.08,8,2
HD 34411_1,1.6637743728552659,0.02591081742619153,HD 34411,0.897,1.08,8,2
HD 34411_1,2.7301644812163524,0.18188484546949044,HD 34411,0.897,1.08,8,2
HD 34411_1,1.771775095338309,0.0378595809588534,HD 34411,0.897,1.08,8,2
HD 34411_1,1.6392579771855265,0.016013391024785703,HD 34411,0.897,1.08,8,2
HD 34411_1,1.7857119408038375,0.09014725596650364,HD 34411,0.897,1.08,8,2
HD 34411_1,1.6230729484496824,0.06162113434244255,HD 34411,0.897,1.08,8,2
HD 34411_1,1.8284955207578961,0.10200768651085172,HD 34411,0.897,1.08,8,2
HD 34411_1,1.6929663351593631,0.12609587139214484,HD 34411,0.897,1.08,8,2
HD 34411_1,1.6283227595356746,0.017087405534582153,HD 34411,0.897,1.08,8,2
HD 34411_1,1.7689469416960941,0.4502958231775461,HD 34411,0.897,1.08,8,2
HD 34411_1,1.6510201867181717,0.05952235879751439,HD 34411,0.897,1.08,8,2
HD 34411_1,1.6534791658774546,0.00037251328942802234,HD 34411,0.897,1.08,8,2
HD 34411_1,1.7708512381239396,0.009479868480021745,HD 34411,0.897,1.08,8,2
HD 34411_1,1.818812856504106,0.0008366242836835131,HD 34411,0.897,1.08,8,2
HD 34411_1,1.656747747393503,0.00018454779223060696,HD 34411,0.897,1.08,8,2
HD 34411_1,1.770161600560446,0.05603992151938093,HD 34411,0.897,1.08,8,2
HD 34411_1,1.7575511948297158,0.0002617608717743383,HD 34411,0.897,1.08,8,2
HD 34411_1,1.6334798162785404,0.005911407281783684,HD 34411,0.897,1.08,8,2
HD 34411_1,3.0867457375479423,0.11106482141847317,HD 34411,0.897,1.08,8,2
HD 34411_1,1.6338301894127993,0.029216033236199323,HD 34411,0.897,1.08,8,2
HD 34411_1,1.864449610391406,0.1867599965536114,HD 34411,0.897,1.08,8,2
HD 34411_1,1.70585218778067,0.09753481916213587,HD 34411,0.897,1.08,8,2
HD 34411_1,1.8082370002632269,0.021370447829256768,HD 34411,0.897,1.08,8,2
HD 34411_1,1.7966597650014795,0.024044400007348445,HD 34411,0.897,1.08,8,2
HD 34411_1,1.7285680734356186,0.3483303500970186,HD 34411,0.897,1.08,8,2
HD 34411_1,1.6406629019692287,8.376902101092652e-05,HD 34411,0.897,1.08,8,2
HD 34411_1,1.6566185724304494,0.03638199567064253,HD 34411,0.897,1.08,8,2
HD 34411_1,1.6614774224407696,0.027244214284805793,HD 34411,0.897,1.08,8,2
HD 34411_1,2.4557932409474303,0.2348353873760338,HD 34411,0.897,1.08,8,2
HD 34411_1,1.6998009480533611,0.1376734033359498,HD 34411,0.897,1.08,8,2
HD 34411_1,1.757646228971375,0.016430779945755692,HD 34411,0.897,1.08,8,2
HD 34411_1,1.8068535483906478,0.06356113351345524,HD 34411,0.897,1.08,8,2
HD 34411_1,1.6531087416708874,0.009139484860305283,HD 34411,0.897,1.08,8,2
HD 34411_1,1.6257978743410677,0.037321530228690704,HD 34411,0.897,1.08,8,2
HD 34411_1,8.48908898560374,0.03802153653676227,HD 34411,0.897,1.08,8,2
HD 34411_1,1.7054290499545426,0.21803366610786162,HD 34411,0.897,1.08,8,2
HD 34411_1,1.6733328582068556,0.030015045297737093,HD 34411,0.897,1.08,8,2
HD 34411_1,1.7139973755655133,0.13393059788639788,HD 34411,0.897,1.08,8,2
HD 34411_1,1.6523785915897744,0.0031429332121509527,HD 34411,0.897,1.08,8,2
HD 34411_1,1.7136801916342093,0.2500735106818177,HD 34411,0.897,1.08,8,2
HD 34411_1,1.7963620084659706,0.023125391400119266,HD 34411,0.897,1.08,8,2
HD 34411_1,1.8139121015172783,0.027948024786237265,HD 34411,0.897,1.08,8,2
HD 34411_1,1.6582975157024853,0.03787057891169306,HD 34411,0.897,1.08,8,2
HD 34411_1,2.9866536719912418,0.11306168560320655,HD 34411,0.897,1.08,8,2
HD 34411_1,1.769564046907477,0.12174257018764116,HD 34411,0.897,1.08,8,2
HD 34411_1,1.7995517355862929,0.06872749973862033,HD 34411,0.897,1.08,8,2
HD 34411_1,2.7492027662994496,0.39144857446332065,HD 34411,0.897,1.08,8,2
HD 34411_1,1.8071732087002939,0.05912816866941097,HD 34411,0.897,1.08,8,2
HD 34411_1,2.6465149435307036,0.2567491918813243,HD 34411,0.897,1.08,8,2
HD 34411_1,1.6379112691249518,0.010552230578029578,HD 34411,0.897,1.08,8,2
HD 34411_1,8.342275389699417,0.03649752516019381,HD 34411,0.897,1.08,8,2
HD 34411_1,1.640099646845931,0.09217250646101595,HD 34411,0.897,1.08,8,2
HD 34411_1,1.766343713384904,0.00789467391199991,HD 34411,0.897,1.08,8,2
HD 34411_1,1.6581038164148183,0.006890303424775343,HD 34411,0.897,1.08,8,2
HD 34411_1,1.6401323035769986,0.0018096224351762588,HD 34411,0.897,1.08,8,2
HD 34411_1,1.6788646735275536,0.19729669647622983,HD 34411,0.897,1.08,8,2
HD 34411_1,1.6537268800958456,0.055650728116490085,HD 34411,0.897,1.08,8,2
HD 34411_1,1.6522276875051674,0.012536944778121254,HD 34411,0.897,1.08,8,2
HD 34411_1,1.8121791456548237,0.06393190628354888,HD 34411,0.897,1.08,8,2
HD 34411_1,1.676778582271558,0.19378681905038656,HD 34411,0.897,1.08,8,2
HD 34411_1,2.9503647923714595,0.10475407695864125,HD 34411,0.897,1.08,8,2
HD 34411_1,1.6645802328922594,0.018939766614585685,HD 34411,0.897,1.08,8,2
HD 34411_1,1.7492155862655119,0.015524540764623198,HD 34411,0.897,1.08,8,2
HD 34411_1,8.320635036111348,0.08799449676044405,HD 34411,0.897,1.08,8,2
HD 34411_1,1.82539525585294,0.06955225388261506,HD 34411,0.897,1.08,8,2
HD 34411_1,3.0073100982104197,0.10624137084704109,HD 34411,0.897,1.08,8,2
HD 34411_1,1.6261352222288403,0.07907686883528382,HD 34411,0.897,1.08,8,2
HD 34411_1,2.9284390205627715,0.057869973559479516,HD 34411,0.897,1.08,8,2
HD 34411_1,1.661623758082158,0.056456303439548786,HD 34411,0.897,1.08,8,2
HD 34411_1,1.6635388465478604,0.08513848664201326,HD 34411,0.897,1.08,8,2
HD 34411_1,1.6567292694030964,0.03675931619880098,HD 34411,0.897,1.08,8,2
HD 34411_1,1.7654756050002616,0.11923998644940005,HD 34411,0.897,1.08,8,2
HD 34411_1,1.6433603557651748,0.011358229713495897,HD 34411,0.897,1.08,8,2
HD 34411_1,1.6463013243237028,0.03644849814063648,HD 34411,0.897,1.08,8,2
HD 34411_1,1.6440099321983626,0.0031053717076798128,HD 34411,0.897,1.08,8,2
HD 34411_1,1.8095393486096814,0.02208662827205321,HD 34411,0.897,1.08,8,2
HD 34411_1,1.6413394439830327,0.0071844915202083585,HD 34411,0.897,1.08,8,2
HD 34411_1,2.4751016845972713,0.079542933125602,HD 34411,0.897,1.08,8,2
HD 34411_1,2.7504085209012925,0.006860870340664591,HD 34411,0.897,1.08,8,2
HD 34411_1,2.913636751446743,0.04765457774578247,HD 34411,0.897,1.08,8,2
HD 34411_1,2.7131011567473213,0.04055966305762603,HD 34411,0.897,1.08,8,2
HD 34411_1,1.8508301088479493,0.17297488300504554,HD 34411,0.897,1.08,8,2
HD 34411_1,1.7894732022166528,0.04006101600161141,HD 34411,0.897,1.08,8,2
HD 34411_1,1.819086962784179,0.07955108119537604,HD 34411,0.897,1.08,8,2
HD 34411_1,1.671393400674445,0.03075633533831599,HD 34411,0.897,1.08,8,2
HD 34411_1,1.784713695808581,0.09087901497097574,HD 34411,0.897,1.08,8,2
HD 34411_1,1.8184204677542508,0.020775483334452043,HD 34411,0.897,1.08,8,2
HD 34411_1,3.6192519970784205,0.09530445867674892,HD 34411,0.897,1.08,8,2
HD 34411_1,1.790049490824533,0.1399939102936309,HD 34411,0.897,1.08,8,2
HD 34411_1,1.678017693145963,0.052289844801755546,HD 34411,0.897,1.08,8,2
HD 34411_1,1.6434392952051118,0.03249996658603705,HD 34411,0.897,1.08,8,2
HD 34411_1,2.921449889398289,0.14214875366235882,HD 34411,0.897,1.08,8,2
HD 34411_1,1.8307029326890412,0.0032430127216731114,HD 34411,0.897,1.08,8,2
HD 34411_1,1.6431231122755392,0.027838308916274722,HD 34411,0.897,1.08,8,2
HD 34411_1,1.752568917571732,0.3361087621188168,HD 34411,0.897,1.08,8,2
HD 34411_1,1.7677045464609265,0.14440372491218975,HD 34411,0.897,1.08,8,2
HD 34411_1,1.7640825936716453,0.005311480993601232,HD 34411,0.897,1.08,8,2
HD 34411_1,1.6717967156491782,0.06349314809339693,HD 34411,0.897,1.08,8,2
HD 34411_1,1.6864446250359613,0.059484003310654884,HD 34411,0.897,1.08,8,2
HD 34411_1,1.646005090499804,0.0012153746436449843,HD 34411,0.897,1.08,8,2
HD 34411_1,1.769276535985659,0.09773527650567629,HD 34411,0.897,1.08,8,2
HD 34411_1,1.6319791779307933,0.03115692691862121,HD 34411,0.897,1.08,8,2
HD 34411_1,1.7875826711918157,0.11058785115427411,HD 34411,0.897,1.08,8,2
HD 34411_1,1.651560755643735,0.02825652074981411,HD 34411,0.897,1.08,8,2
HD 34411_1,1.7765651312215245,0.05094070657039816,HD 34411,0.897,1.08,8,2
HD 34411_1,1.7622056019416317,0.003422539544159758,HD 34411,0.897,1.08,8,2
HD 34411_1,1.6695247125242239,0.012600295565513193,HD 34411,0.897,1.08,8,2
HD 34411_1,1.748553592948909,0.03288035831045292,HD 34411,0.897,1.08,8,2
HD 34411_1,2.467975014841948,0.009679092720457635,HD 34411,0.897,1.08,8,2
HD 34411_1,1.7592608411247688,0.013090924978350894,HD 34411,0.897,1.08,8,2
HD 34411_1,1.671775342935077,0.0929921559309643,HD 34411,0.897,1.08,8,2
HD 34411_1,1.6351612646868101,0.024946401750758483,HD 34411,0.897,1.08,8,2
HD 34411_1,1.8165934819301748,0.0045854444295613155,HD 34411,0.897,1.08,8,2
HD 34411_1,1.6585174092365365,0.0754832040171734,HD 34411,0.897,1.08,8,2
HD 34411_1,1.8388347065353998,0.10924836164359003,HD 34411,0.897,1.08,8,2
HD 34411_1,1.7965742886141252,0.07712866378538479,HD 34411,0.897,1.08,8,2
HD 34411_1,3.1397303245857064,0.21112402669765373,HD 34411,0.897,1.08,8,2
HD 34411_1,1.829154407118069,0.035483630042931445,HD 34411,0.897,1.08,8,2
HD 34411_1,2.39846488708547,0.35970372675184487,HD 34411,0.897,1.08,8,2
HD 34411_1,1.648050868318056,0.009755726686006607,HD 34411,0.897,1.08,8,2
HD 34411_1,1.7583771091998408,0.037061253710973706,HD 34411,0.897,1.08,8,2
HD 34411_1,2.3976703742217875,0.3407027073042713,HD 34411,0.897,1.08,8,2
HD 34411_1,1.6360134342667783,0.03346818106166129,HD 34411,0.897,1.08,8,2
HD 34411_1,1.7671531785610413,0.012138398136786058,HD 34411,0.897,1.08,8,2
HD 34411_1,1.653404319703071,0.0064966464104341095,HD 34411,0.897,1.08,8,2
HD 34411_1,1.6589655896405315,0.047441864894489705,HD 34411,0.897,1.08,8,2
HD 34411_1,2.430008142613597,0.08971197549449858,HD 34411,0.897,1.08,8,2
HD 34411_1,1.7680159758950453,0.01736202748166433,HD 34411,0.897,1.08,8,2
HD 34411_1,3.577031826379269,0.4400816780705186,HD 34411,0.897,1.08,8,2
HD 34411_1,1.7634209892705996,0.07260304185651036,HD 34411,0.897,1.08,8,2
HD 34411_1,1.8521886175410724,0.4153828872483737,HD 34411,0.897,1.08,8,2
HD 34411_1,2.8062543247900136,0.12246826863333447,HD 34411,0.897,1.08,8,2
HD 34411_1,1.7596949059423572,0.00262595624805278,HD 34411,0.897,1.08,8,2
HD 34411_1,1.6447595147696628,5.523844992695903e-05,HD 34411,0.897,1.08,8,2
HD 34411_1,2.692876016271763,0.17661654937793755,HD 34411,0.897,1.08,8,2
HD 34411_1,1.6486757271153283,0.0035832355591501556,HD 34411,0.897,1.08,8,2
HD 34411_1,1.786695768575394,0.07198740486954654,HD 34411,0.897,1.08,8,2
HD 34411_1,1.6503942635214057,0.03257153598885405,HD 34411,0.897,1.08,8,2
HD 34411_1,1.7129349967860545,0.11995354099401277,HD 34411,0.897,1.08,8,2
HD 34411_1,1.6568920017892215,0.0690067338635222,HD 34411,0.897,1.08,8,2
HD 34411_1,1.7751837731864628,0.0012675920415024865,HD 34411,0.897,1.08,8,2
HD 34411_1,1.628324954760715,0.07012862351840557,HD 34411,0.897,1.08,8,2
HD 34411_1,3.662122407458322,0.7638513941537673,HD 34411,0.897,1.08,8,2
HD 34411_1,1.725794667055429,0.21323191293235652,HD 34411,0.897,1.08,8,2
HD 34411_1,1.8230037333667315,0.04064193116250176,HD 34411,0.897,1.08,8,2
HD 34411_1,2.483737445843119,0.26025493743716166,HD 34411,0.897,1.08,8,2
HD 34411_1,1.6620836911288146,0.04264217005179204,HD 34411,0.897,1.08,8,2
HD 34411_1,1.6498805202951732,0.0010829239725951346,HD 34411,0.897,1.08,8,2
HD 34411_1,1.6544938423100823,0.013494757971962314,HD 34411,0.897,1.08,8,2
HD 34411_1,1.6928058320374568,0.2669822571888594,HD 34411,0.897,1.08,8,2
HD 34411_1,1.6484818924671454,0.033223756006992525,HD 34411,0.897,1.08,8,2
HD 34411_1,1.6485695708651509,0.012596088699954973,HD 34411,0.897,1.08,8,2
HD 34411_1,1.8306288483287698,0.13700618029157122,HD 34411,0.897,1.08,8,2
HD 34411_1,2.759188448280048,0.015217078933984673,HD 34411,0.897,1.08,8,2
HD 34411_1,1.6443725051213174,0.026485217596898543,HD 34411,0.897,1.08,8,2
HD 34411_1,2.6134810955494463,0.41011231801287046,HD 34411,0.897,1.08,8,2
HD 34411_1,1.6548848223287909,0.014873299150490243,HD 34411,0.897,1.08,8,2
HD 34411_1,1.6495805713463119,0.03180724780493517,HD 34411,0.897,1.08,8,2
HD 34411_1,1.6261849819127747,0.020865872318527785,HD 34411,0.897,1.08,8,2
HD 34411_1,1.851299639793005,0.16468176170574583,HD 34411,0.897,1.08,8,2
HD 34411_1,1.7643610100753933,0.10219694889654544,HD 34411,0.897,1.08,8,2
HD 34411_1,1.7512017065240029,0.024236592853499016,HD 34411,0.897,1.08,8,2
HD 34411_1,1.7451300575139563,0.2404244469595339,HD 34411,0.897,1.08,8,2
HD 34411_1,1.646682435064111,0.029365446554442967,HD 34411,0.897,1.08,8,2
HD 34411_1,4.884206390500626,0.3712224614473825,HD 34411,0.897,1.08,8,2
HD 34411_1,1.7873227640288178,0.08519669804980101,HD 34411,0.897,1.08,8,2
HD 34411_1,3.278039437584016,0.31868184937802485,HD 34411,0.897,1.08,8,2
HD 34411_1,1.6770706728930056,0.09837740734936488,HD 34411,0.897,1.08,8,2
HD 34411_1,1.7067043697736137,0.14789915429596492,HD 34411,0.897,1.08,8,2
HD 34411_1,1.668453646989643,0.023115944897400677,HD 34411,0.897,1.08,8,2
HD 34411_1,1.6537128146311164,0.030926618606789805,HD 34411,0.897,1.08,8,2
HD 34411_1,1.6584614705360703,0.157522173956968,HD 34411,0.897,1.08,8,2
HD 34411_1,1.7826405043411808,0.15901523564665687,HD 34411,0.897,1.08,8,2
HD 34411_1,2.9061959985146544,0.08554624661379123,HD 34411,0.897,1.08,8,2
HD 34411_1,1.6706204170658798,0.04987726486362114,HD 34411,0.897,1.08,8,2
HD 34411_1,2.7863725276712112,0.024781715484550867,HD 34411,0.897,1.08,8,2
HD 34411_1,2.7776909194683497,0.08606260717636045,HD 34411,0.897,1.08,8,2
HD 34411_1,1.6499049449991887,0.0020298083672467553,HD 34411,0.897,1.08,8,2
HD 34411_1,1.7014520808662952,0.22761627886182728,HD 34411,0.897,1.08,8,2
HD 34411_1,1.7610109084365906,0.09865904027337154,HD 34411,0.897,1.08,8,2
HD 34411_1,1.7800518725297196,0.13675635836919417,HD 34411,0.897,1.08,8,2
HD 34411_1,1.6952540108748504,0.08391627185385332,HD 34411,0.897,1.08,8,2
HD 34411_1,1.8509271674093957,0.02903967893516631,HD 34411,0.897,1.08,8,2
HD 34411_1,2.9987664357521244,0.4651821287250709,HD 34411,0.897,1.08,8,2
HD 34411_1,1.795104873513967,0.0701194176307632,HD 34411,0.897,1.08,8,2
HD 34411_1,1.663750157095262,0.022838526741193257,HD 34411,0.897,1.08,8,2
HD 34411_1,1.6580729265016905,0.06827528897084012,HD 34411,0.897,1.08,8,2
HD 34411_1,1.7810957328934927,0.06618534916770252,HD 34411,0.897,1.08,8,2
HD 34411_1,1.6478538075949705,0.04190500766155619,HD 34411,0.897,1.08,8,2
HD 34411_1,1.7553628959177576,0.002736522365818456,HD 34411,0.897,1.08,8,2
HD 34411_1,1.6359798702347612,0.0406215411208795,HD 34411,0.897,1.08,8,2
HD 34411_1,1.7638750789064905,0.013230858547580679,HD 34411,0.897,1.08,8,2
HD 34411_1,1.6708149351846888,0.08919213488842645,HD 34411,0.897,1.08,8,2
HD 34411_1,1.7636911921998415,0.038504084952875384,HD 34411,0.897,1.08,8,2
HD 34411_1,1.745862325250099,0.1823256994248686,HD 34411,0.897,1.08,8,2
HD 34411_1,1.8324103695880736,0.12287843058781248,HD 34411,0.897,1.08,8,2
HD 34411_1,1.788045887574612,0.06617084069245022,HD 34411,0.897,1.08,8,2
HD 34411_1,1.6578735338433912,0.013184669599044546,HD 34411,0.897,1.08,8,2
HD 34411_1,1.637251763933325,0.04969015874089781,HD 34411,0.897,1.08,8,2
HD 34411_1,2.8609093708721542,0.09153253151642747,HD 34411,0.897,1.08,8,2
HD 34411_1,1.659294745054941,0.31815070113731625,HD 34411,0.897,1.08,8,2
HD 34411_1,2.4721749950649894,0.07184612626145437,HD 34411,0.897,1.08,8,2
HD 34411_1,2.70685602949867,0.06609462611158884,HD 34411,0.897,1.08,8,2
HD 34411_1,1.642007931465624,0.03519455545263821,HD 34411,0.897,1.08,8,2
HD 34411_1,1.8352538841988206,0.06296644522786234,HD 34411,0.897,1.08,8,2
HD 34411_1,1.827010344339046,0.10647700718105786,HD 34411,0.897,1.08,8,2
HD 34411_1,1.6533265184893187,0.016800724974507585,HD 34411,0.897,1.08,8,2
HD 34411_1,1.6578202722164899,0.007552465969844941,HD 34411,0.897,1.08,8,2
HD 34411_1,1.8237714673244203,0.0010957314605896812,HD 34411,0.897,1.08,8,2
HD 34411_1,1.6751071334197096,0.0623527005509086,HD 34411,0.897,1.08,8,2
HD 34411_1,2.7334255832517282,0.016876549568481215,HD 34411,0.897,1.08,8,2
HD 34411_1,1.7379407003786322,0.044991585909391306,HD 34411,0.897,1.08,8,2
HD 34411_1,1.648757950181131,0.0006404760110848317,HD 34411,0.897,1.08,8,2
HD 34411_1,1.8351902848416524,0.16295104669016422,HD 34411,0.897,1.08,8,2
HD 34411_1,1.8030066486016907,0.036359608736951404,HD 34411,0.897,1.08,8,2
HD 34411_1,1.8015079899675197,0.10375902382539953,HD 34411,0.897,1.08,8,2
HD 34411_1,1.8037536997927834,0.004885868915664349,HD 34411,0.897,1.08,8,2
HD 34411_1,1.8015747794802008,0.08200534052788094,HD 34411,0.897,1.08,8,2
HD 34411_1,1.7712944659973802,0.0109654981376952,HD 34411,0.897,1.08,8,2
HD 34411_1,1.655356551732911,0.00760112675745902,HD 34411,0.897,1.08,8,2
HD 34411_1,1.661187351664595,0.0076500156211405795,HD 34411,0.897,1.08,8,2
HD 34411_1,1.6964776132904114,0.1537664242449907,HD 34411,0.897,1.08,8,2
HD 34411_1,1.7945376945298057,0.02615860589353025,HD 34411,0.897,1.08,8,2
HD 34411_1,1.7017575836439265,0.2941159003135304,HD 34411,0.897,1.08,8,2
HD 34411_1,1.8177080033293185,0.1264195912406277,HD 34411,0.897,1.08,8,2
HD 34411_1,1.7977430541483312,0.10637574305433734,HD 34411,0.897,1.08,8,2
HD 34411_1,1.6442408586457047,0.016127591568737113,HD 34411,0.897,1.08,8,2
HD 34411_1,1.7002152780848983,0.14029565738770483,HD 34411,0.897,1.08,8,2
HD 34411_1,1.7949823920960992,0.028653361553764228,HD 34411,0.897,1.08,8,2
HD 34411_1,1.6461090374505583,0.03316810731069334,HD 34411,0.897,1.08,8,2
HD 34411_1,1.6521716077827664,0.012739848757935913,HD 34411,0.897,1.08,8,2
HD 34411_1,1.8865172336250904,0.28262123169827047,HD 34411,0.897,1.08,8,2
HD 34411_1,1.6417861413368304,0.06690587726725009,HD 34411,0.897,1.08,8,2
HD 34411_1,1.6754224004557707,0.05299815620333632,HD 34411,0.897,1.08,8,2
HD 34411_1,2.4871895499730816,0.18285123230993955,HD 34411,0.897,1.08,8,2
HD 34411_1,1.7399261901952685,0.07605467700639242,HD 34411,0.897,1.08,8,2
HD 34411_1,2.962376067383996,0.02333219977473227,HD 34411,0.897,1.08,8,2
HD 34411_1,1.6984784630617273,0.10769472574149437,HD 34411,0.897,1.08,8,2
HD 34411_1,1.6515021112380681,0.021142816062570183,HD 34411,0.897,1.08,8,2
HD 34411_1,1.7222466502189893,0.16424002935154358,HD 34411,0.897,1.08,8,2
HD 34411_1,1.770066796010221,0.017605643273917834,HD 34411,0.897,1.08,8,2
HD 34411_1,1.6684618111700729,0.11302762114250045,HD 34411,0.897,1.08,8,2
HD 34411_1,1.8078686137545217,0.09348833776567163,HD 34411,0.897,1.08,8,2
HD 34411_1,1.6578378481642246,0.09184229616825236,HD 34411,0.897,1.08,8,2
HD 34411_1,1.8060731802500813,0.09462987337611573,HD 34411,0.897,1.08,8,2
HD 34411_1,1.6784916125739928,0.04919119152407126,HD 34411,0.897,1.08,8,2
HD 34411_1,3.617316457162754,0.046846488604551845,HD 34411,0.897,1.08,8,2
HD 34411_1,1.6519087016099516,0.012895916839401842,HD 34411,0.897,1.08,8,2
HD 34411_1,1.8483423132135404,0.1903835589026968,HD 34411,0.897,1.08,8,2
HD 34411_1,1.6568297923539745,0.012944749242821693,HD 34411,0.897,1.08,8,2
HD 34411_1,1.6982626634735654,0.21842634959617918,HD 34411,0.897,1.08,8,2
HD 34411_1,1.6487379242783649,0.0025821004112345407,HD 34411,0.897,1.08,8,2
HD 34411_1,1.6652674108835157,0.02276680903319588,HD 34411,0.897,1.08,8,2
HD 34411_1,1.796358438175178,0.10192611275722983,HD 34411,0.897,1.08,8,2
HD 34411_1,2.528441482718581,0.20933634223576214,HD 34411,0.897,1.08,8,2
HD 34411_1,1.6636282177648303,0.06541724576925023,HD 34411,0.897,1.08,8,2
HD 34411_1,1.652353036713428,0.008982299521706651,HD 34411,0.897,1.08,8,2
HD 34411_1,1.7129090878890203,0.1359788016163184,HD 34411,0.897,1.08,8,2
HD 34411_1,1.6831339207242948,0.22646329885285474,HD 34411,0.897,1.08,8,2
HD 34411_1,1.664786931246544,0.009166940133936813,HD 34411,0.897,1.08,8,2
HD 34411_1,1.6667596199064354,0.229270199173663,HD 34411,0.897,1.08,8,2
HD 34411_1,2.4522691901291926,0.002039029778480913,HD 34411,0.897,1.08,8,2
HD 34411_1,2.9749163740136484,0.007112047643390741,HD 34411,0.897,1.08,8,2
HD 34411_1,1.679999705761475,0.05594054676513776,HD 34411,0.897,1.08,8,2
HD 34411_1,1.76979641121705,0.05153381278183728,HD 34411,0.897,1.08,8,2
HD 34411_1,1.6494409913734134,0.2678760463675029,HD 34411,0.897,1.08,8,2
HD 34411_1,2.457915184329605,0.27930635507189217,HD 34411,0.897,1.08,8,2
HD 34411_1,1.851898955545323,0.165695619135284,HD 34411,0.897,1.08,8,2
HD 34411_1,2.8093389960835853,0.11903001244233495,HD 34411,0.897,1.08,8,2
HD 34411_1,1.803359279835461,0.0944672180666184,HD 34411,0.897,1.08,8,2
HD 34411_1,1.7533744732666885,0.13291837837479117,HD 34411,0.897,1.08,8,2
HD 34411_1,1.6692968836963131,0.027016868190026244,HD 34411,0.897,1.08,8,2
HD 34411_1,1.7821788585590572,0.1368860234684034,HD 34411,0.897,1.08,8,2
HD 34411_1,1.6438706825065479,0.032431155580679216,HD 34411,0.897,1.08,8,2
HD 34411_1,1.8049209143187102,0.0044502365605709445,HD 34411,0.897,1.08,8,2
HD 34411_1,1.6939700329895861,0.14602587131216963,HD 34411,0.897,1.08,8,2
HD 34411_1,1.6552779831911237,0.03362064334447459,HD 34411,0.897,1.08,8,2
HD 34411_1,1.650751014934749,0.0042346002698429525,HD 34411,0.897,1.08,8,2
HD 34411_1,3.8208735370908116,0.5239381169649079,HD 34411,0.897,1.08,8,2
HD 34411_1,1.657959026938842,0.0017303940281067339,HD 34411,0.897,1.08,8,2
HD 34411_1,1.6416150710669626,0.01660791834947381,HD 34411,0.897,1.08,8,2
HD 34411_1,1.8221094038765562,0.07045137519426906,HD 34411,0.897,1.08,8,2
HD 34411_1,1.6530477386484437,0.10392354055854668,HD 34411,0.897,1.08,8,2
HD 34411_1,1.6476237570887264,0.00398226389977141,HD 34411,0.897,1.08,8,2
HD 34411_1,1.6393597332881924,0.04891124343527541,HD 34411,0.897,1.08,8,2
HD 34411_1,1.6609229092198712,0.04279123527212798,HD 34411,0.897,1.08,8,2
HD 34411_1,1.8356403211875558,0.06628310027606021,HD 34411,0.897,1.08,8,2
HD 34411_1,1.716055315764749,0.10994967026924621,HD 34411,0.897,1.08,8,2
HD 34411_1,2.9636970273649337,0.00397309651502108,HD 34411,0.897,1.08,8,2
HD 34411_1,1.6825597598111897,0.054368353265770365,HD 34411,0.897,1.08,8,2
HD 34411_1,2.9548038868914155,0.01554117363123069,HD 34411,0.897,1.08,8,2
HD 34411_1,1.6540958329327977,0.035186237135635796,HD 34411,0.897,1.08,8,2
HD 34411_1,1.6484874165554897,0.015995151424992624,HD 34411,0.897,1.08,8,2
HD 34411_1,1.7902980088539246,0.09685774369771544,HD 34411,0.897,1.08,8,2
HD 34411_1,3.4904813429932617,0.3164011292334147,HD 34411,0.897,1.08,8,2
HD 34411_1,1.7721221723478702,0.018026737689753103,HD 34411,0.897,1.08,8,2
HD 34411_1,1.7667367591394247,0.03422272310905002,HD 34411,0.897,1.08,8,2
HD 34411_1,3.297467611232326,0.2529287355794421,HD 34411,0.897,1.08,8,2
HD 34411_1,7.719925601035473,0.04916380104612841,HD 34411,0.897,1.08,8,2
HD 34411_1,1.6749703078326226,0.09441980909337674,HD 34411,0.897,1.08,8,2
HD 34411_1,2.931311252851969,0.043494818123249575,HD 34411,0.897,1.08,8,2
HD 34411_1,1.8048865478119376,0.04892921463181676,HD 34411,0.897,1.08,8,2
HD 34411_1,2.7326264959861293,0.01106439127536508,HD 34411,0.897,1.08,8,2
HD 34411_1,1.818879540859942,0.09848774281935824,HD 34411,0.897,1.08,8,2
HD 34411_1,1.8101037733175223,0.07120446092729983,HD 34411,0.897,1.08,8,2
HD 34411_1,1.6608835206604922,0.05431528663407928,HD 34411,0.897,1.08,8,2
HD 34411_1,1.6505994474977084,0.037029797595384106,HD 34411,0.897,1.08,8,2
HD 34411_1,1.8016039143606768,0.08241673659084647,HD 34411,0.897,1.08,8,2
HD 34411_1,1.6368140439278875,0.062496000437854804,HD 34411,0.897,1.08,8,2
HD 34411_1,1.8475872948582879,0.14340986523310362,HD 34411,0.897,1.08,8,2
HD 34411_1,1.6683921982909191,0.24259554902098482,HD 34411,0.897,1.08,8,2
HD 34411_1,1.6452249261098313,0.005660843130128138,HD 34411,0.897,1.08,8,2
HD 34411_1,8.074144992114109,0.007488375037748458,HD 34411,0.897,1.08,8,2
HD 34411_1,1.639886383139255,0.017644214054036322,HD 34411,0.897,1.08,8,2
HD 34411_1,1.6250139153425347,0.015392116867706473,HD 34411,0.897,1.08,8,2
HD 34411_1,1.7826724246365906,0.08192014208686961,HD 34411,0.897,1.08,8,2
HD 34411_1,1.6604869916687073,0.07061327427155309,HD 34411,0.897,1.08,8,2
HD 34411_1,1.6291043068780098,0.009437856281030457,HD 34411,0.897,1.08,8,2
HD 34411_1,1.7917546020757444,0.10088546621342977,HD 34411,0.897,1.08,8,2
HD 34411_1,1.6255925695498321,0.07999150386204953,HD 34411,0.897,1.08,8,2
HD 34411_1,1.6251851396956771,0.10248081757417782,HD 34411,0.897,1.08,8,2
HD 34411_1,1.7777301572479602,0.027848093507021384,HD 34411,0.897,1.08,8,2
HD 34411_1,1.8532241728347583,0.1818904702686245,HD 34411,0.897,1.08,8,2
HD 34411_1,3.01660400352735,0.05377868821642285,HD 34411,0.897,1.08,8,2
HD 34411_1,2.4017026672296224,0.5663793168654391,HD 34411,0.897,1.08,8,2
HD 34411_1,1.669198240178891,0.06080482870538602,HD 34411,0.897,1.08,8,2
HD 34411_1,1.7725857198476085,0.03380146710424404,HD 34411,0.897,1.08,8,2
HD 34411_1,1.6629129322286198,0.029361798299702244,HD 34411,0.897,1.08,8,2
HD 34411_1,1.661655382765443,0.06570280650157403,HD 34411,0.897,1.08,8,2
HD 34411_1,1.762163380086547,0.004302259218384105,HD 34411,0.897,1.08,8,2
HD 34411_1,1.7635654145383024,0.005535017808378481,HD 34411,0.897,1.08,8,2
HD 34411_1,1.6124548791217432,0.13055830651762346,HD 34411,0.897,1.08,8,2
HD 34411_1,2.900999434032433,0.2449487339220617,HD 34411,0.897,1.08,8,2
HD 34411_1,1.7969381968080698,0.01683748942749741,HD 34411,0.897,1.08,8,2
HD 34411_1,1.6545207341956245,0.017692869964484444,HD 34411,0.897,1.08,8,2
HD 34411_1,1.7178605456228542,0.175222672261754,HD 34411,0.897,1.08,8,2
HD 34411_1,2.4302210722443567,0.08389038447852583,HD 34411,0.897,1.08,8,2
HD 34411_1,1.663649355085655,0.04210258067014592,HD 34411,0.897,1.08,8,2
HD 34411_1,1.6537091883633415,0.010451673047564043,HD 34411,0.897,1.08,8,2
HD 34411_1,1.8252749345268984,0.013476038092470242,HD 34411,0.897,1.08,8,2
HD 34411_1,1.7484175067385168,0.2562312269919496,HD 34411,0.897,1.08,8,2
HD 34411_1,1.664868300059676,0.019391524937032178,HD 34411,0.897,1.08,8,2
HD 34411_1,1.6760587557725886,0.06419582338721937,HD 34411,0.897,1.08,8,2
HD 34411_1,1.6391035191805738,0.05503664867736678,HD 34411,0.897,1.08,8,2
HD 34411_1,2.4320361912269735,0.10917442013525351,HD 34411,0.897,1.08,8,2
HD 34411_1,1.6658446492261558,0.001068718561334775,HD 34411,0.897,1.08,8,2
HD 34411_1,1.6290139996817394,0.0010314203950694204,HD 34411,0.897,1.08,8,2
HD 34411_1,1.6874437781563323,0.1021555719069805,HD 34411,0.897,1.08,8,2
HD 34411_1,1.8069087127600925,0.0680826433719502,HD 34411,0.897,1.08,8,2
HD 34411_1,1.7828441086449622,0.018751633308817205,HD 34411,0.897,1.08,8,2
HD 34411_1,1.7710185465904695,0.012188947097060584,HD 34411,0.897,1.08,8,2
HD 34411_1,1.827506552081153,0.07696146339120706,HD 34411,0.897,1.08,8,2
HD 34411_1,1.7178650817399488,0.16212817338766947,HD 34411,0.897,1.08,8,2
HD 34411_1,2.8588896491466853,0.28796931392133873,HD 34411,0.897,1.08,8,2
HD 34411_1,1.8299258137456749,0.1004224560183479,HD 34411,0.897,1.08,8,2
HD 34411_1,1.6158925114282459,0.05488660036202655,HD 34411,0.897,1.08,8,2
HD 34411_1,1.6404762340634627,0.02008532767298428,HD 34411,0.897,1.08,8,2
HD 34411_1,1.80864179220694,0.040302196633924654,HD 34411,0.897,1.08,8,2
HD 34411_1,1.6517685936881918,0.005931489404318876,HD 34411,0.897,1.08,8,2
HD 34411_1,1.639225724146984,0.019707385037934053,HD 34411,0.897,1.08,8,2
HD 34411_1,1.8446844911744162,0.11408943025993418,HD 34411,0.897,1.08,8,2
HD 34411_1,1.657207314389987,0.025856791018165314,HD 34411,0.897,1.08,8,2
HD 34411_1,1.6596111543126282,0.015227482757635696,HD 34411,0.897,1.08,8,2
HD 34411_1,1.6366683896081324,0.0527659293363026,HD 34411,0.897,1.08,8,2
HD 34411_1,1.6433554791470641,0.06541541850503602,HD 34411,0.897,1.08,8,2
HD 34411_1,2.784501089442528,0.14794955317018202,HD 34411,0.897,1.08,8,2
HD 34411_1,1.630707797493454,0.025715719048300133,HD 34411,0.897,1.08,8,2
HD 34411_1,2.4463807760787506,0.0131874932758131,HD 34411,0.897,1.08,8,2
HD 34411_1,2.614143510736298,0.13340921576063064,HD 34411,0.897,1.08,8,2
HD 34411_1,8.882752348756581,0.09559463376460207,HD 34411,0.897,1.08,8,2
HD 46588 A_0,2.545226405149992,0.06687096827654812,HD 46588 A,1.375,1.18,8,5
HD 46588 A_0,2.5194717530435575,0.09611859322814718,HD 46588 A,1.375,1.18,8,5
HD 46588 A_0,2.5410316850013506,0.059895436413375,HD 46588 A,1.375,1.18,8,5
HD 46588 A_0,2.532742110727223,0.09993011010282775,HD 46588 A,1.375,1.18,8,5
HD 46588 A_0,2.540648820380844,0.09307864309938339,HD 46588 A,1.375,1.18,8,5
HD 46588 A_0,2.531164695521102,0.09671613370785485,HD 46588 A,1.375,1.18,8,5
HD 46588 A_0,2.542884351250494,0.06987886147498272,HD 46588 A,1.375,1.18,8,5
HD 46588 A_0,2.531747605319815,0.07781177744771348,HD 46588 A,1.375,1.18,8,5
HD 46588 A_0,2.5237892680192138,0.06724017518391402,HD 46588 A,1.375,1.18,8,5
HD 46588 A_0,2.5402685132344955,0.07920732778078741,HD 46588 A,1.375,1.18,8,5
HD 46588 A_0,2.5321771857318427,0.0847327282785692,HD 46588 A,1.375,1.18,8,5
HD 46588 A_0,2.5351998995576728,0.07814211188005019,HD 46588 A,1.375,1.18,8,5
HD 46588 A_0,2.5148169172056996,0.08207259281529093,HD 46588 A,1.375,1.18,8,5
HD 46588 A_0,2.527210518580147,0.06991015058260962,HD 46588 A,1.375,1.18,8,5
HD 46588 A_0,2.535154981119801,0.08607160744820563,HD 46588 A,1.375,1.18,8,5
HD 46588 A_0,2.5341396702376398,0.07427927309440176,HD 46588 A,1.375,1.18,8,5
HD 46588 A_0,2.534211748671651,0.08851168418917037,HD 46588 A,1.375,1.18,8,5
HD 46588 A_0,2.5225417280964493,0.08009447253117194,HD 46588 A,1.375,1.18,8,5
HD 46588 A_0,2.532130336709461,0.09889778081029639,HD 46588 A,1.375,1.18,8,5
HD 46588 A_0,2.5207900382766626,0.09250958342028572,HD 46588 A,1.375,1.18,8,5
HD 46588 A_0,2.5351529540358726,0.08323168001198544,HD 46588 A,1.375,1.18,8,5
HD 46588 A_0,2.5212646231987796,0.0671391051829367,HD 46588 A,1.375,1.18,8,5
HD 46588 A_0,2.5279215935715023,0.0746261683346861,HD 46588 A,1.375,1.18,8,5
HD 46588 A_0,2.528036674485723,0.06806675489132259,HD 46588 A,1.375,1.18,8,5
HD 46588 A_0,2.539655730632304,0.07857173798729251,HD 46588 A,1.375,1.18,8,5
HD 46588 A_0,2.5286092759688965,0.07588105762773113,HD 46588 A,1.375,1.18,8,5
HD 46588 A_0,2.5427028854429907,0.10567320382002408,HD 46588 A,1.375,1.18,8,5
HD 46588 A_0,2.536297761520069,0.06363946639946973,HD 46588 A,1.375,1.18,8,5
HD 46588 A_0,2.5375781978560443,0.08049100535354128,HD 46588 A,1.375,1.18,8,5
HD 46588 A_0,2.5272441540273687,0.08037951726005449,HD 46588 A,1.375,1.18,8,5
HD 46588 A_0,2.539979225823461,0.055041820181271024,HD 46588 A,1.375,1.18,8,5
HD 46588 A_0,2.5371452801498293,0.0921322847373405,HD 46588 A,1.375,1.18,8,5
HD 46588 A_0,2.52098193373709,0.08725203838423211,HD 46588 A,1.375,1.18,8,5
HD 46588 A_0,2.521237065031079,0.09037707115890514,HD 46588 A,1.375,1.18,8,5
HD 46588 A_0,2.530924088001924,0.09472174650447275,HD 46588 A,1.375,1.18,8,5
HD 46588 A_0,2.5121954724204048,0.08493486253425048,HD 46588 A,1.375,1.18,8,5
HD 46588 A_0,2.5321771513387725,0.08192352277722985,HD 46588 A,1.375,1.18,8,5
HD 46588 A_0,2.5402878650358116,0.0762118197794171,HD 46588 A,1.375,1.18,8,5
HD 46588 A_0,2.5274356549858488,0.08052779913341672,HD 46588 A,1.375,1.18,8,5
HD 46588 A_0,2.515579668747328,0.09052559429969428,HD 46588 A,1.375,1.18,8,5
HD 46588 A_0,2.521559722082011,0.09468467961105063,HD 46588 A,1.375,1.18,8,5
HD 46588 A_0,2.519727845539843,0.0991596404326322,HD 46588 A,1.375,1.18,8,5
HD 46588 A_0,2.5399090822982155,0.08216514744578234,HD 46588 A,1.375,1.18,8,5
HD 46588 A_0,2.5392501468552355,0.08957125677024877,HD 46588 A,1.375,1.18,8,5
HD 46588 A_0,2.525433290906795,0.07438720303216168,HD 46588 A,1.375,1.18,8,5
HD 46588 A_0,2.525673446051996,0.09482267874025789,HD 46588 A,1.375,1.18,8,5
HD 46588 A_0,2.5237228442827626,0.09306904443795386,HD 46588 A,1.375,1.18,8,5
HD 46588 A_0,2.5346905921300578,0.07370187749312651,HD 46588 A,1.375,1.18,8,5
HD 46588 A_0,2.527976136424746,0.09211736512863901,HD 46588 A,1.375,1.18,8,5
HD 46588 A_0,2.5310861336402843,0.07838883611893657,HD 46588 A,1.375,1.18,8,5
HD 46588 A_0,2.522996455319886,0.09221244568301763,HD 46588 A,1.375,1.18,8,5
HD 46588 A_0,2.527439827241941,0.08661050342698587,HD 46588 A,1.375,1.18,8,5
HD 46588 A_0,2.524497893881146,0.08437626177035826,HD 46588 A,1.375,1.18,8,5
HD 46588 A_0,2.5242797656999088,0.09306528770751135,HD 46588 A,1.375,1.18,8,5
HD 46588 A_0,2.526208339057917,0.1139295655869664,HD 46588 A,1.375,1.18,8,5
HD 46588 A_0,2.5230905347264696,0.07986275948681792,HD 46588 A,1.375,1.18,8,5
HD 46588 A_0,2.52826809102566,0.09991580835949766,HD 46588 A,1.375,1.18,8,5
HD 46588 A_0,2.5344188983920715,0.08372773123881794,HD 46588 A,1.375,1.18,8,5
HD 46588 A_0,2.533915317823573,0.09005690958181026,HD 46588 A,1.375,1.18,8,5
HD 46588 A_0,2.5382778718433383,0.06530158884161959,HD 46588 A,1.375,1.18,8,5
HD 46588 A_0,2.53786651329625,0.07184377942517295,HD 46588 A,1.375,1.18,8,5
HD 46588 A_0,2.5313661884110576,0.09059983570002106,HD 46588 A,1.375,1.18,8,5
HD 46588 A_0,2.5215619556966673,0.09793007512625024,HD 46588 A,1.375,1.18,8,5
HD 46588 A_0,2.52510118237282,0.08651912184863686,HD 46588 A,1.375,1.18,8,5
HD 46588 A_0,2.5282473365296245,0.06279856479274118,HD 46588 A,1.375,1.18,8,5
HD 46588 A_0,2.529528411705548,0.07607134550770678,HD 46588 A,1.375,1.18,8,5
HD 46588 A_0,2.5196956658283223,0.09713441545160495,HD 46588 A,1.375,1.18,8,5
HD 46588 A_0,2.5289485343658664,0.09664337198590764,HD 46588 A,1.375,1.18,8,5
HD 46588 A_0,2.529539545109049,0.06417405003434953,HD 46588 A,1.375,1.18,8,5
HD 46588 A_0,2.5162051996682266,0.09022828530481425,HD 46588 A,1.375,1.18,8,5
HD 46588 A_0,2.5375083462385617,0.05695007766557848,HD 46588 A,1.375,1.18,8,5
HD 46588 A_0,2.535012678117487,0.08931979498590459,HD 46588 A,1.375,1.18,8,5
HD 46588 A_0,2.536671222946131,0.07484324604219808,HD 46588 A,1.375,1.18,8,5
HD 46588 A_0,2.5403382329124105,0.08310558985340605,HD 46588 A,1.375,1.18,8,5
HD 46588 A_0,2.5374737561205016,0.09149044448435482,HD 46588 A,1.375,1.18,8,5
HD 46588 A_0,2.5170362591404434,0.07426092252076687,HD 46588 A,1.375,1.18,8,5
HD 46588 A_0,2.534651005130075,0.08716893782289714,HD 46588 A,1.375,1.18,8,5
HD 46588 A_0,2.5239667242448918,0.10877837850867933,HD 46588 A,1.375,1.18,8,5
HD 46588 A_0,2.535841998399362,0.08154748162663285,HD 46588 A,1.375,1.18,8,5
HD 46588 A_0,2.526817264336821,0.08352509372136602,HD 46588 A,1.375,1.18,8,5
HD 46588 A_0,2.5234113051455362,0.10162553152742891,HD 46588 A,1.375,1.18,8,5
HD 46588 A_0,2.5247181708912536,0.10049017998896204,HD 46588 A,1.375,1.18,8,5
HD 46588 A_0,2.540206114777913,0.08677821985969472,HD 46588 A,1.375,1.18,8,5
HD 46588 A_0,2.54317906152099,0.08638516877676561,HD 46588 A,1.375,1.18,8,5
HD 46588 A_0,2.5274144982099593,0.06662199742425784,HD 46588 A,1.375,1.18,8,5
HD 46588 A_0,2.5227874714755125,0.08825662609657962,HD 46588 A,1.375,1.18,8,5
HD 46588 A_0,2.5281089403096475,0.07161116930079219,HD 46588 A,1.375,1.18,8,5
HD 46588 A_0,2.545066186852309,0.09619109252806946,HD 46588 A,1.375,1.18,8,5
HD 46588 A_0,2.5296758037586287,0.09393014570084514,HD 46588 A,1.375,1.18,8,5
HD 46588 A_0,2.545749529700883,0.0950793111083446,HD 46588 A,1.375,1.18,8,5
HD 46588 A_0,2.5291863968994055,0.08242141590320673,HD 46588 A,1.375,1.18,8,5
HD 46588 A_0,2.53397030633807,0.09357555777389326,HD 46588 A,1.375,1.18,8,5
HD 46588 A_0,2.522069842100906,0.09702492137122158,HD 46588 A,1.375,1.18,8,5
HD 46588 A_0,2.529387667531838,0.09591701008498303,HD 46588 A,1.375,1.18,8,5
HD 46588 A_0,2.5223626467190834,0.07965074673080984,HD 46588 A,1.375,1.18,8,5
HD 46588 A_0,2.5271087930044343,0.10246490186165277,HD 46588 A,1.375,1.18,8,5
HD 46588 A_0,2.5260838100249217,0.09503800359133191,HD 46588 A,1.375,1.18,8,5
HD 46588 A_0,2.5257986431830366,0.06810407902749792,HD 46588 A,1.375,1.18,8,5
HD 46588 A_0,2.5323276373745807,0.08808603432582983,HD 46588 A,1.375,1.18,8,5
HD 46588 A_0,2.528386771379337,0.06688393533766826,HD 46588 A,1.375,1.18,8,5
HD 46588 A_0,2.5396308962563663,0.06221924725632933,HD 46588 A,1.375,1.18,8,5
HD 46588 A_0,2.534444278528365,0.08499912602863059,HD 46588 A,1.375,1.18,8,5
HD 46588 A_0,2.5239131335664733,0.09127026297259827,HD 46588 A,1.375,1.18,8,5
HD 46588 A_0,2.522955798181471,0.07301081173722498,HD 46588 A,1.375,1.18,8,5
HD 46588 A_0,2.5194575059898527,0.0877351916595426,HD 46588 A,1.375,1.18,8,5
HD 46588 A_0,2.519256749126903,0.08527035349887675,HD 46588 A,1.375,1.18,8,5
HD 46588 A_0,2.5317887936659424,0.07693219008245797,HD 46588 A,1.375,1.18,8,5
HD 46588 A_0,2.527476870131152,0.09575495989201128,HD 46588 A,1.375,1.18,8,5
HD 46588 A_0,2.5227567821988535,0.0930906122944597,HD 46588 A,1.375,1.18,8,5
HD 46588 A_0,2.537810589235089,0.07503093568564337,HD 46588 A,1.375,1.18,8,5
HD 46588 A_0,2.538246964179852,0.087602131466187,HD 46588 A,1.375,1.18,8,5
HD 46588 A_0,2.533544324702638,0.09149645985617107,HD 46588 A,1.375,1.18,8,5
HD 46588 A_0,2.522991086570604,0.09196240203871543,HD 46588 A,1.375,1.18,8,5
HD 46588 A_0,2.518079042974703,0.10065011873254691,HD 46588 A,1.375,1.18,8,5
HD 46588 A_0,2.536531138273421,0.0977854674518759,HD 46588 A,1.375,1.18,8,5
HD 46588 A_0,2.5159865097413454,0.10116310123053217,HD 46588 A,1.375,1.18,8,5
HD 46588 A_0,2.522605489505087,0.08830428797072676,HD 46588 A,1.375,1.18,8,5
HD 46588 A_0,2.5312282108526833,0.10816720464400484,HD 46588 A,1.375,1.18,8,5
HD 46588 A_0,2.525377245738213,0.09501941606032324,HD 46588 A,1.375,1.18,8,5
HD 46588 A_0,2.534071255439531,0.06318598524672436,HD 46588 A,1.375,1.18,8,5
HD 46588 A_0,2.529036559179936,0.09236783645982082,HD 46588 A,1.375,1.18,8,5
HD 46588 A_0,2.524956977099213,0.08226363682137955,HD 46588 A,1.375,1.18,8,5
HD 46588 A_0,2.524845384145847,0.0760004560456644,HD 46588 A,1.375,1.18,8,5
HD 46588 A_0,2.5452865356477874,0.09935100552664093,HD 46588 A,1.375,1.18,8,5
HD 46588 A_0,2.526317454015732,0.08198562976129518,HD 46588 A,1.375,1.18,8,5
HD 46588 A_0,2.5317265379935763,0.0812532879130202,HD 46588 A,1.375,1.18,8,5
HD 46588 A_0,2.534917528830465,0.08437675652804859,HD 46588 A,1.375,1.18,8,5
HD 46588 A_0,2.5413655603147625,0.06797314452924261,HD 46588 A,1.375,1.18,8,5
HD 46588 A_0,2.540851607186414,0.06797567996905043,HD 46588 A,1.375,1.18,8,5
HD 46588 A_0,2.5240506540604275,0.08991372525746204,HD 46588 A,1.375,1.18,8,5
HD 46588 A_0,2.52357842439513,0.09020669376344313,HD 46588 A,1.375,1.18,8,5
HD 46588 A_0,2.525141249089461,0.09670078036437617,HD 46588 A,1.375,1.18,8,5
HD 46588 A_0,2.5248050819883625,0.09171703810213869,HD 46588 A,1.375,1.18,8,5
HD 46588 A_0,2.530371925330064,0.09695287302028321,HD 46588 A,1.375,1.18,8,5
HD 46588 A_0,2.5231470279287525,0.08704049876245917,HD 46588 A,1.375,1.18,8,5
HD 46588 A_0,2.522144344607643,0.08688331126395937,HD 46588 A,1.375,1.18,8,5
HD 46588 A_0,2.527275360865727,0.08479221087594552,HD 46588 A,1.375,1.18,8,5
HD 46588 A_0,2.522737420315606,0.09070211550034035,HD 46588 A,1.375,1.18,8,5
HD 46588 A_0,2.5347263164311373,0.083202983451136,HD 46588 A,1.375,1.18,8,5
HD 46588 A_0,2.51991474360822,0.11800505741135613,HD 46588 A,1.375,1.18,8,5
HD 46588 A_0,2.527563236727647,0.08102060546862569,HD 46588 A,1.375,1.18,8,5
HD 46588 A_0,2.5221948894811645,0.08622153480804273,HD 46588 A,1.375,1.18,8,5
HD 46588 A_0,2.5289542298081327,0.09784990211792641,HD 46588 A,1.375,1.18,8,5
HD 46588 A_0,2.53985748138046,0.06389995332307176,HD 46588 A,1.375,1.18,8,5
HD 46588 A_0,2.523663231897532,0.08533036540402775,HD 46588 A,1.375,1.18,8,5
HD 46588 A_0,2.5270881404253496,0.08411167050661,HD 46588 A,1.375,1.18,8,5
HD 46588 A_0,2.5311061419309113,0.07651425950682159,HD 46588 A,1.375,1.18,8,5
HD 46588 A_0,2.5379620937723555,0.0863289135902081,HD 46588 A,1.375,1.18,8,5
HD 46588 A_0,2.5277580639007553,0.09276162540791966,HD 46588 A,1.375,1.18,8,5
HD 46588 A_0,2.5210004839146523,0.07981500060558919,HD 46588 A,1.375,1.18,8,5
HD 46588 A_0,2.5315415789346414,0.09029120348532844,HD 46588 A,1.375,1.18,8,5
HD 46588 A_0,2.53153528157069,0.11223107140154581,HD 46588 A,1.375,1.18,8,5
HD 46588 A_0,2.525696640836262,0.09311934480433551,HD 46588 A,1.375,1.18,8,5
HD 46588 A_0,2.5331354695093187,0.08550749780267414,HD 46588 A,1.375,1.18,8,5
HD 46588 A_0,2.5321436015174363,0.07777875930432167,HD 46588 A,1.375,1.18,8,5
HD 46588 A_0,2.5334915034403056,0.08090149335326953,HD 46588 A,1.375,1.18,8,5
HD 46588 A_0,2.519948559766694,0.08964219038271211,HD 46588 A,1.375,1.18,8,5
HD 46588 A_0,2.5247786038135707,0.08319171772845867,HD 46588 A,1.375,1.18,8,5
HD 46588 A_0,2.5234586610314755,0.09524477330192727,HD 46588 A,1.375,1.18,8,5
HD 46588 A_0,2.5345572578181557,0.061016153222986404,HD 46588 A,1.375,1.18,8,5
HD 46588 A_0,2.52749287861642,0.07824857389967246,HD 46588 A,1.375,1.18,8,5
HD 46588 A_0,2.5224506557279573,0.09391289504607855,HD 46588 A,1.375,1.18,8,5
HD 46588 A_0,2.5165086197093864,0.08751052324674587,HD 46588 A,1.375,1.18,8,5
HD 46588 A_0,2.54433294725366,0.08625832353668311,HD 46588 A,1.375,1.18,8,5
HD 46588 A_0,2.5369749179394248,0.09474458465032701,HD 46588 A,1.375,1.18,8,5
HD 46588 A_0,2.5277658052805196,0.06107800985304078,HD 46588 A,1.375,1.18,8,5
HD 46588 A_0,2.536431329474329,0.09429120746302846,HD 46588 A,1.375,1.18,8,5
HD 46588 A_0,2.5494842735383227,0.07295005495899506,HD 46588 A,1.375,1.18,8,5
HD 46588 A_0,2.524925552408018,0.08107432409742979,HD 46588 A,1.375,1.18,8,5
HD 46588 A_0,2.528718808905603,0.08662751243862835,HD 46588 A,1.375,1.18,8,5
HD 46588 A_0,2.53573523992959,0.0857120114689583,HD 46588 A,1.375,1.18,8,5
HD 46588 A_0,2.520626515454646,0.08799906618263728,HD 46588 A,1.375,1.18,8,5
HD 46588 A_0,2.5352597544888438,0.08580121828502343,HD 46588 A,1.375,1.18,8,5
HD 46588 A_0,2.543722689598374,0.0973582469952445,HD 46588 A,1.375,1.18,8,5
HD 46588 A_0,2.53735932908462,0.08388088827846987,HD 46588 A,1.375,1.18,8,5
HD 46588 A_0,2.5186729005816444,0.09301216616323947,HD 46588 A,1.375,1.18,8,5
HD 46588 A_0,2.5293449783465736,0.09207739131391428,HD 46588 A,1.375,1.18,8,5
HD 46588 A_0,2.524041922739715,0.06423102623343216,HD 46588 A,1.375,1.18,8,5
HD 46588 A_0,2.5496934353494733,0.09360732507403964,HD 46588 A,1.375,1.18,8,5
HD 46588 A_0,2.519922286223837,0.08887334899396887,HD 46588 A,1.375,1.18,8,5
HD 46588 A_0,2.524496541764202,0.08995382437687582,HD 46588 A,1.375,1.18,8,5
HD 46588 A_0,2.5260230961711616,0.10903411978849553,HD 46588 A,1.375,1.18,8,5
HD 46588 A_0,2.5228925226857313,0.08102059564716446,HD 46588 A,1.375,1.18,8,5
HD 46588 A_0,2.514058554959623,0.09905830831258566,HD 46588 A,1.375,1.18,8,5
HD 46588 A_0,2.5274226677463094,0.08063484579942584,HD 46588 A,1.375,1.18,8,5
HD 46588 A_0,2.531980493682418,0.07798594066752448,HD 46588 A,1.375,1.18,8,5
HD 46588 A_0,2.5304163729286357,0.0896477939450712,HD 46588 A,1.375,1.18,8,5
HD 46588 A_0,2.530143020399404,0.07073731201012505,HD 46588 A,1.375,1.18,8,5
HD 46588 A_0,2.5305802958732193,0.09597100200856401,HD 46588 A,1.375,1.18,8,5
HD 46588 A_0,2.52750268663517,0.07864745120723288,HD 46588 A,1.375,1.18,8,5
HD 46588 A_0,2.5247874812006206,0.0984249258305184,HD 46588 A,1.375,1.18,8,5
HD 46588 A_0,2.5373647464822646,0.07052067709543498,HD 46588 A,1.375,1.18,8,5
HD 46588 A_0,2.5306718559538237,0.08714137579872204,HD 46588 A,1.375,1.18,8,5
HD 46588 A_0,2.531556118464877,0.08454799205652298,HD 46588 A,1.375,1.18,8,5
HD 46588 A_0,2.5295580269558178,0.08711777372112885,HD 46588 A,1.375,1.18,8,5
HD 46588 A_0,2.54215224444072,0.058193200563252494,HD 46588 A,1.375,1.18,8,5
HD 46588 A_0,2.532931251866551,0.0780029424140743,HD 46588 A,1.375,1.18,8,5
HD 46588 A_0,2.53670523450678,0.07286677668053035,HD 46588 A,1.375,1.18,8,5
HD 46588 A_0,2.5309726795197336,0.11530125315557027,HD 46588 A,1.375,1.18,8,5
HD 46588 A_0,2.5370963698249036,0.0809749501381922,HD 46588 A,1.375,1.18,8,5
HD 46588 A_0,2.525260467393353,0.09235056782011127,HD 46588 A,1.375,1.18,8,5
HD 46588 A_0,2.5434690506906756,0.0964809333570291,HD 46588 A,1.375,1.18,8,5
HD 46588 A_0,2.5366688861457045,0.0950431062617063,HD 46588 A,1.375,1.18,8,5
HD 46588 A_0,2.5368976045779417,0.07318016230975406,HD 46588 A,1.375,1.18,8,5
HD 46588 A_0,2.536029103410092,0.09446825791747011,HD 46588 A,1.375,1.18,8,5
HD 46588 A_0,2.5324696227376506,0.07372980599174647,HD 46588 A,1.375,1.18,8,5
HD 46588 A_0,2.5284784437147123,0.0593256246935437,HD 46588 A,1.375,1.18,8,5
HD 46588 A_0,2.543096558821188,0.07573179656712488,HD 46588 A,1.375,1.18,8,5
HD 46588 A_0,2.5327710147188536,0.09572909717777767,HD 46588 A,1.375,1.18,8,5
HD 46588 A_0,2.51795827550703,0.07318855426697848,HD 46588 A,1.375,1.18,8,5
HD 46588 A_0,2.5274144346771275,0.09441352396532712,HD 46588 A,1.375,1.18,8,5
HD 46588 A_0,2.51633156279705,0.08807698909500503,HD 46588 A,1.375,1.18,8,5
HD 46588 A_0,2.5428553407860823,0.07787117771061478,HD 46588 A,1.375,1.18,8,5
HD 46588 A_0,2.527017296053233,0.08512101326471168,HD 46588 A,1.375,1.18,8,5
HD 46588 A_0,2.5281673695831945,0.09467816769552477,HD 46588 A,1.375,1.18,8,5
HD 46588 A_0,2.5307764599872944,0.07610166820179873,HD 46588 A,1.375,1.18,8,5
HD 46588 A_0,2.529542503080324,0.06677270665226624,HD 46588 A,1.375,1.18,8,5
HD 46588 A_0,2.5315513652644244,0.08805474738420015,HD 46588 A,1.375,1.18,8,5
HD 46588 A_0,2.537190890621451,0.07783854051256647,HD 46588 A,1.375,1.18,8,5
HD 46588 A_0,2.5352049411561866,0.06415790082492702,HD 46588 A,1.375,1.18,8,5
HD 46588 A_0,2.528768586734596,0.0920872723502125,HD 46588 A,1.375,1.18,8,5
HD 46588 A_0,2.535331546830538,0.06005905290907409,HD 46588 A,1.375,1.18,8,5
HD 46588 A_0,2.533558641810021,0.07099921451497891,HD 46588 A,1.375,1.18,8,5
HD 46588 A_0,2.533846551848167,0.08980039552292417,HD 46588 A,1.375,1.18,8,5
HD 46588 A_0,2.5436150741869747,0.08439083553841939,HD 46588 A,1.375,1.18,8,5
HD 46588 A_0,2.532311812512326,0.09134866804474417,HD 46588 A,1.375,1.18,8,5
HD 46588 A_0,2.5497176334195024,0.07916827999957099,HD 46588 A,1.375,1.18,8,5
HD 46588 A_0,2.5430591251513976,0.06366771983099566,HD 46588 A,1.375,1.18,8,5
HD 46588 A_0,2.536724088948614,0.08507994178372705,HD 46588 A,1.375,1.18,8,5
HD 46588 A_0,2.5231089144429015,0.08410872501645374,HD 46588 A,1.375,1.18,8,5
HD 46588 A_0,2.529774879273402,0.08920944801599302,HD 46588 A,1.375,1.18,8,5
HD 46588 A_0,2.5260270061725434,0.08232325690736157,HD 46588 A,1.375,1.18,8,5
HD 46588 A_0,2.5422184574808036,0.09370040347692789,HD 46588 A,1.375,1.18,8,5
HD 46588 A_0,2.5260037021141772,0.06509046901924011,HD 46588 A,1.375,1.18,8,5
HD 46588 A_0,2.5191797067206156,0.10887146424351204,HD 46588 A,1.375,1.18,8,5
HD 46588 A_0,2.5416629155704498,0.09360346856838755,HD 46588 A,1.375,1.18,8,5
HD 46588 A_0,2.533766862280615,0.06859929307609061,HD 46588 A,1.375,1.18,8,5
HD 46588 A_0,2.5287102034592546,0.07689811353686385,HD 46588 A,1.375,1.18,8,5
HD 46588 A_0,2.536573553672314,0.09336290688245472,HD 46588 A,1.375,1.18,8,5
HD 46588 A_0,2.5293471278908166,0.08801105149503265,HD 46588 A,1.375,1.18,8,5
HD 46588 A_0,2.507059554221991,0.08830912717753857,HD 46588 A,1.375,1.18,8,5
HD 46588 A_0,2.530689302671908,0.07615694676773964,HD 46588 A,1.375,1.18,8,5
HD 46588 A_0,2.5231198472739353,0.08919427699379466,HD 46588 A,1.375,1.18,8,5
HD 46588 A_0,2.5364452174941716,0.08502276251207397,HD 46588 A,1.375,1.18,8,5
HD 46588 A_0,2.524587401477116,0.08462513699475255,HD 46588 A,1.375,1.18,8,5
HD 46588 A_0,2.5290191028499094,0.07987674963341819,HD 46588 A,1.375,1.18,8,5
HD 46588 A_0,2.520959587841465,0.08977607469660231,HD 46588 A,1.375,1.18,8,5
HD 46588 A_0,2.5301975117819557,0.09689086608538718,HD 46588 A,1.375,1.18,8,5
HD 46588 A_0,2.5260735616579546,0.08093729830098358,HD 46588 A,1.375,1.18,8,5
HD 46588 A_0,2.5468791806315325,0.0658928612631558,HD 46588 A,1.375,1.18,8,5
HD 46588 A_0,2.525271803087585,0.08161009137311945,HD 46588 A,1.375,1.18,8,5
HD 46588 A_0,2.526175852070444,0.08274185320003453,HD 46588 A,1.375,1.18,8,5
HD 46588 A_0,2.529412022336351,0.07649611782680578,HD 46588 A,1.375,1.18,8,5
HD 46588 A_0,2.5289216730706667,0.09395530156094878,HD 46588 A,1.375,1.18,8,5
HD 46588 A_0,2.5168835889156593,0.09596651182792716,HD 46588 A,1.375,1.18,8,5
HD 46588 A_0,2.518612711860847,0.08918590133228868,HD 46588 A,1.375,1.18,8,5
HD 46588 A_0,2.5237088621892294,0.0948231332665412,HD 46588 A,1.375,1.18,8,5
HD 46588 A_0,2.5200161911668846,0.08966099549535207,HD 46588 A,1.375,1.18,8,5
HD 46588 A_0,2.536006331063051,0.09936087693569494,HD 46588 A,1.375,1.18,8,5
HD 46588 A_0,2.521956037378471,0.07889459163651331,HD 46588 A,1.375,1.18,8,5
HD 46588 A_0,2.540406067869272,0.08834897788180664,HD 46588 A,1.375,1.18,8,5
HD 46588 A_0,2.5200912244521083,0.1021409825103575,HD 46588 A,1.375,1.18,8,5
HD 46588 A_0,2.5318940549295585,0.0775257376064092,HD 46588 A,1.375,1.18,8,5
HD 46588 A_0,2.5341499000941305,0.08543252795470654,HD 46588 A,1.375,1.18,8,5
HD 46588 A_0,2.537833231635869,0.0886943044006196,HD 46588 A,1.375,1.18,8,5
HD 46588 A_0,2.5340761717832163,0.0955990689214039,HD 46588 A,1.375,1.18,8,5
HD 46588 A_0,2.525712042609647,0.07302868437009874,HD 46588 A,1.375,1.18,8,5
HD 46588 A_0,2.532464398920195,0.08112872013851685,HD 46588 A,1.375,1.18,8,5
HD 46588 A_0,2.5233530275770537,0.08429939937374509,HD 46588 A,1.375,1.18,8,5
HD 46588 A_0,2.5342710217700826,0.08152019392801244,HD 46588 A,1.375,1.18,8,5
HD 46588 A_0,2.526796972708727,0.0915348662468655,HD 46588 A,1.375,1.18,8,5
HD 46588 A_0,2.5379404580432854,0.07967734656352524,HD 46588 A,1.375,1.18,8,5
HD 46588 A_0,2.5355780672694044,0.07883218448651225,HD 46588 A,1.375,1.18,8,5
HD 46588 A_0,2.5263108718711322,0.07630106998846045,HD 46588 A,1.375,1.18,8,5
HD 46588 A_0,2.5352294164907594,0.07853215962219384,HD 46588 A,1.375,1.18,8,5
HD 46588 A_0,2.523680683060206,0.09151128924070795,HD 46588 A,1.375,1.18,8,5
HD 46588 A_0,2.535161389368267,0.06711984151791583,HD 46588 A,1.375,1.18,8,5
HD 46588 A_0,2.5374615690888893,0.07381698383149254,HD 46588 A,1.375,1.18,8,5
HD 46588 A_0,2.540227692601692,0.06380357513908323,HD 46588 A,1.375,1.18,8,5
HD 46588 A_0,2.5222113676621256,0.10061698641991325,HD 46588 A,1.375,1.18,8,5
HD 46588 A_0,2.5236014817944223,0.09540254658449956,HD 46588 A,1.375,1.18,8,5
HD 46588 A_0,2.5234342267720082,0.09523046457193933,HD 46588 A,1.375,1.18,8,5
HD 46588 A_0,2.513395364353851,0.09783221770163973,HD 46588 A,1.375,1.18,8,5
HD 46588 A_0,2.5331642018165845,0.08399503703796884,HD 46588 A,1.375,1.18,8,5
HD 46588 A_0,2.529967583391594,0.08753160122256992,HD 46588 A,1.375,1.18,8,5
HD 46588 A_0,2.5325185167352755,0.08507386157863696,HD 46588 A,1.375,1.18,8,5
HD 46588 A_0,2.526073015764078,0.09554205280713421,HD 46588 A,1.375,1.18,8,5
HD 46588 A_0,2.538958494302962,0.08924267946923746,HD 46588 A,1.375,1.18,8,5
HD 46588 A_0,2.518823668846487,0.0855498671736617,HD 46588 A,1.375,1.18,8,5
HD 46588 A_0,2.5287285831871196,0.0942855144828163,HD 46588 A,1.375,1.18,8,5
HD 46588 A_0,2.5330499986080635,0.08294205236815683,HD 46588 A,1.375,1.18,8,5
HD 46588 A_0,2.533505009206288,0.09392770880777163,HD 46588 A,1.375,1.18,8,5
HD 46588 A_0,2.52355279521191,0.09869604619415624,HD 46588 A,1.375,1.18,8,5
HD 46588 A_0,2.517355060494243,0.1029590869715601,HD 46588 A,1.375,1.18,8,5
HD 46588 A_0,2.5323281841234455,0.05951138179442,HD 46588 A,1.375,1.18,8,5
HD 46588 A_0,2.5154860805146346,0.10216585222120943,HD 46588 A,1.375,1.18,8,5
HD 46588 A_0,2.5311716958180583,0.06821608419816502,HD 46588 A,1.375,1.18,8,5
HD 46588 A_0,2.533342039489511,0.0906487010203607,HD 46588 A,1.375,1.18,8,5
HD 46588 A_0,2.5200014945432203,0.07069672444546023,HD 46588 A,1.375,1.18,8,5
HD 46588 A_0,2.545968095768075,0.043615640699797294,HD 46588 A,1.375,1.18,8,5
HD 46588 A_0,2.5404862946061124,0.10069153055088789,HD 46588 A,1.375,1.18,8,5
HD 46588 A_0,2.52910405346193,0.08926216253021318,HD 46588 A,1.375,1.18,8,5
HD 46588 A_0,2.5362238323010713,0.08909222098439003,HD 46588 A,1.375,1.18,8,5
HD 46588 A_0,2.546056224541874,0.06485757073623813,HD 46588 A,1.375,1.18,8,5
HD 46588 A_0,2.5333093965280242,0.06782634600073943,HD 46588 A,1.375,1.18,8,5
HD 46588 A_0,2.5371262576363867,0.0760237995447483,HD 46588 A,1.375,1.18,8,5
HD 46588 A_0,2.5390013828325095,0.08774078204754587,HD 46588 A,1.375,1.18,8,5
HD 46588 A_0,2.5289084395911954,0.0916050116531265,HD 46588 A,1.375,1.18,8,5
HD 46588 A_0,2.5328709010330726,0.07287257068291525,HD 46588 A,1.375,1.18,8,5
HD 46588 A_0,2.5159333988375443,0.08437680897441105,HD 46588 A,1.375,1.18,8,5
HD 46588 A_0,2.537482572862995,0.0739625776465789,HD 46588 A,1.375,1.18,8,5
HD 46588 A_0,2.5401129359971812,0.06502593082865196,HD 46588 A,1.375,1.18,8,5
HD 46588 A_0,2.533585730987684,0.09257620741620555,HD 46588 A,1.375,1.18,8,5
HD 46588 A_0,2.53537739613138,0.08237763381846146,HD 46588 A,1.375,1.18,8,5
HD 46588 A_0,2.520136148551676,0.10179901565523046,HD 46588 A,1.375,1.18,8,5
HD 46588 A_0,2.527056955257445,0.07859141601589581,HD 46588 A,1.375,1.18,8,5
HD 46588 A_0,2.527345825107624,0.08446880087402225,HD 46588 A,1.375,1.18,8,5
HD 46588 A_0,2.5289954422140433,0.10088703069318758,HD 46588 A,1.375,1.18,8,5
HD 46588 A_0,2.540272384501598,0.0733341855286211,HD 46588 A,1.375,1.18,8,5
HD 46588 A_0,2.5206265038048628,0.09218402206086418,HD 46588 A,1.375,1.18,8,5
HD 46588 A_0,2.5259676227855934,0.08468726641726021,HD 46588 A,1.375,1.18,8,5
HD 46588 A_0,2.5284833819742496,0.07071361372345555,HD 46588 A,1.375,1.18,8,5
HD 46588 A_0,2.5314740696251095,0.08575211948940431,HD 46588 A,1.375,1.18,8,5
HD 46588 A_0,2.525864141100512,0.08157201906831761,HD 46588 A,1.375,1.18,8,5
HD 46588 A_0,2.524451325003961,0.09153582670845256,HD 46588 A,1.375,1.18,8,5
HD 46588 A_0,2.5179406211396684,0.07401360080856728,HD 46588 A,1.375,1.18,8,5
HD 46588 A_0,2.521215957252917,0.09237112002948925,HD 46588 A,1.375,1.18,8,5
HD 46588 A_0,2.5317113323309544,0.10872202088910274,HD 46588 A,1.375,1.18,8,5
HD 46588 A_0,2.540351944780902,0.07816567992412879,HD 46588 A,1.375,1.18,8,5
HD 46588 A_0,2.5330778897001407,0.07458598364103654,HD 46588 A,1.375,1.18,8,5
HD 46588 A_0,2.5283649247613798,0.06651499657341292,HD 46588 A,1.375,1.18,8,5
HD 46588 A_0,2.5221079941724445,0.07243490929947459,HD 46588 A,1.375,1.18,8,5
HD 46588 A_0,2.5196082460881257,0.09042605621431182,HD 46588 A,1.375,1.18,8,5
HD 46588 A_0,2.537466656784606,0.08388027447739942,HD 46588 A,1.375,1.18,8,5
HD 46588 A_0,2.5400755772509958,0.07342813198654183,HD 46588 A,1.375,1.18,8,5
HD 46588 A_0,2.5285855365671264,0.06281920867455794,HD 46588 A,1.375,1.18,8,5
HD 46588 A_0,2.5387865303562367,0.08846741619297578,HD 46588 A,1.375,1.18,8,5
HD 46588 A_0,2.539718320060146,0.07712307176333744,HD 46588 A,1.375,1.18,8,5
HD 46588 A_0,2.515017070838186,0.07331352708926023,HD 46588 A,1.375,1.18,8,5
HD 46588 A_0,2.5286740089104125,0.08766925322482741,HD 46588 A,1.375,1.18,8,5
HD 46588 A_0,2.52484671836488,0.09713573213099039,HD 46588 A,1.375,1.18,8,5
HD 46588 A_0,2.5284609743010753,0.06884409980826511,HD 46588 A,1.375,1.18,8,5
HD 46588 A_0,2.5281367001776798,0.10764239857507334,HD 46588 A,1.375,1.18,8,5
HD 46588 A_0,2.5329563993289583,0.07680873135228067,HD 46588 A,1.375,1.18,8,5
HD 46588 A_0,2.531067373981068,0.09032538339344882,HD 46588 A,1.375,1.18,8,5
HD 46588 A_0,2.540171055830627,0.08874717504103764,HD 46588 A,1.375,1.18,8,5
HD 46588 A_0,2.529259852897283,0.0847332773390179,HD 46588 A,1.375,1.18,8,5
HD 46588 A_0,2.531491901098838,0.10448403603085558,HD 46588 A,1.375,1.18,8,5
HD 46588 A_0,2.5259861002214583,0.11789944050940877,HD 46588 A,1.375,1.18,8,5
HD 46588 A_0,2.517842264758375,0.09549686813366988,HD 46588 A,1.375,1.18,8,5
HD 46588 A_0,2.5279867297591134,0.1070703762414329,HD 46588 A,1.375,1.18,8,5
HD 46588 A_0,2.5389113135166785,0.06181749024796901,HD 46588 A,1.375,1.18,8,5
HD 46588 A_0,2.544610369931399,0.08930107689385954,HD 46588 A,1.375,1.18,8,5
HD 46588 A_0,2.5279873513675892,0.1117136270663036,HD 46588 A,1.375,1.18,8,5
HD 46588 A_0,2.5192731592894964,0.09184260090466488,HD 46588 A,1.375,1.18,8,5
HD 46588 A_0,2.5297975824783236,0.10467047068845739,HD 46588 A,1.375,1.18,8,5
HD 46588 A_0,2.5289193284749247,0.08614557090948348,HD 46588 A,1.375,1.18,8,5
HD 46588 A_0,2.5448612658652214,0.07036019785926484,HD 46588 A,1.375,1.18,8,5
HD 46588 A_0,2.5300007805195412,0.0921570801119463,HD 46588 A,1.375,1.18,8,5
HD 46588 A_0,2.5312122594416495,0.07655098131898919,HD 46588 A,1.375,1.18,8,5
HD 46588 A_0,2.5277396963404124,0.09520303501405422,HD 46588 A,1.375,1.18,8,5
HD 46588 A_0,2.52128547080726,0.09572614051362024,HD 46588 A,1.375,1.18,8,5
HD 46588 A_0,2.542352903709869,0.06484024986509913,HD 46588 A,1.375,1.18,8,5
HD 46588 A_0,2.53776487350716,0.09186963420360685,HD 46588 A,1.375,1.18,8,5
HD 46588 A_0,2.5454279871931065,0.07015935942387534,HD 46588 A,1.375,1.18,8,5
HD 46588 A_0,2.529407818932695,0.10164761286305181,HD 46588 A,1.375,1.18,8,5
HD 46588 A_0,2.5223417973453888,0.07446351856281326,HD 46588 A,1.375,1.18,8,5
HD 46588 A_0,2.528834309124649,0.10754428666101823,HD 46588 A,1.375,1.18,8,5
HD 46588 A_0,2.5458326270573606,0.05525420390828708,HD 46588 A,1.375,1.18,8,5
HD 46588 A_0,2.5191471350902184,0.09869659623363859,HD 46588 A,1.375,1.18,8,5
HD 46588 A_0,2.529120235826134,0.06582319880382505,HD 46588 A,1.375,1.18,8,5
HD 46588 A_0,2.526096772496897,0.09954144295903238,HD 46588 A,1.375,1.18,8,5
HD 46588 A_0,2.5303272083649375,0.09888471290412448,HD 46588 A,1.375,1.18,8,5
HD 46588 A_0,2.5115063922541125,0.09411287581234067,HD 46588 A,1.375,1.18,8,5
HD 46588 A_0,2.5224248065463826,0.09507021800615954,HD 46588 A,1.375,1.18,8,5
HD 46588 A_0,2.5338271623772783,0.0757546743064841,HD 46588 A,1.375,1.18,8,5
HD 46588 A_0,2.5378772806581837,0.07793041161799698,HD 46588 A,1.375,1.18,8,5
HD 46588 A_0,2.527187862512798,0.08106843544272646,HD 46588 A,1.375,1.18,8,5
HD 46588 A_0,2.522972218915035,0.07168034504911652,HD 46588 A,1.375,1.18,8,5
HD 46588 A_0,2.5318697286871616,0.07417474477672686,HD 46588 A,1.375,1.18,8,5
HD 46588 A_0,2.5347079331145115,0.09698104965261573,HD 46588 A,1.375,1.18,8,5
HD 46588 A_0,2.5208240684674603,0.10064030701224315,HD 46588 A,1.375,1.18,8,5
HD 46588 A_0,2.5296512902467887,0.08092216058265937,HD 46588 A,1.375,1.18,8,5
HD 46588 A_0,2.5339595270406736,0.06784002526537641,HD 46588 A,1.375,1.18,8,5
HD 46588 A_0,2.5273284544967165,0.11168359811186968,HD 46588 A,1.375,1.18,8,5
HD 46588 A_0,2.521866089222899,0.10064180776039303,HD 46588 A,1.375,1.18,8,5
HD 46588 A_0,2.517378687000365,0.09185378151458563,HD 46588 A,1.375,1.18,8,5
HD 46588 A_0,2.545462549528025,0.0690617916611303,HD 46588 A,1.375,1.18,8,5
HD 46588 A_0,2.5320627873652684,0.09417580682335626,HD 46588 A,1.375,1.18,8,5
HD 46588 A_0,2.526637877656523,0.07424185578555437,HD 46588 A,1.375,1.18,8,5
HD 46588 A_0,2.538595143998508,0.08681026632753308,HD 46588 A,1.375,1.18,8,5
HD 46588 A_0,2.523781063126144,0.08413661883539308,HD 46588 A,1.375,1.18,8,5
HD 46588 A_0,2.528928384441138,0.09299577102112462,HD 46588 A,1.375,1.18,8,5
HD 46588 A_0,2.5259670263274145,0.09885105839944527,HD 46588 A,1.375,1.18,8,5
HD 46588 A_0,2.529589216318452,0.092902166357972,HD 46588 A,1.375,1.18,8,5
HD 46588 A_0,2.5294389829339092,0.08467440921349821,HD 46588 A,1.375,1.18,8,5
HD 46588 A_0,2.531213737170789,0.06525492842670876,HD 46588 A,1.375,1.18,8,5
HD 46588 A_0,2.5139633632838527,0.10755884278411537,HD 46588 A,1.375,1.18,8,5
HD 46588 A_0,2.5288030813566227,0.07475005729374896,HD 46588 A,1.375,1.18,8,5
HD 46588 A_0,2.5321590225754576,0.06733580266144928,HD 46588 A,1.375,1.18,8,5
HD 46588 A_0,2.540886638257737,0.0850195399418913,HD 46588 A,1.375,1.18,8,5
HD 46588 A_0,2.541545117545496,0.09097995316870348,HD 46588 A,1.375,1.18,8,5
HD 46588 A_0,2.5333608650616855,0.07125913528847191,HD 46588 A,1.375,1.18,8,5
HD 46588 A_0,2.5435384885997743,0.0835785263782256,HD 46588 A,1.375,1.18,8,5
HD 46588 A_0,2.529986546853944,0.09055994763588845,HD 46588 A,1.375,1.18,8,5
HD 46588 A_0,2.5252628373768173,0.09786656174190891,HD 46588 A,1.375,1.18,8,5
HD 46588 A_0,2.533592602483136,0.09031734897691465,HD 46588 A,1.375,1.18,8,5
HD 46588 A_0,2.5343599903257656,0.10446971271787134,HD 46588 A,1.375,1.18,8,5
HD 46588 A_0,2.5169311909348777,0.06876169679609315,HD 46588 A,1.375,1.18,8,5
HD 46588 A_0,2.530272994837005,0.07617428158928655,HD 46588 A,1.375,1.18,8,5
HD 46588 A_0,2.5339964671670474,0.06965257644256728,HD 46588 A,1.375,1.18,8,5
HD 46588 A_0,2.5268264530100266,0.07712117719368468,HD 46588 A,1.375,1.18,8,5
HD 46588 A_0,2.542409157202587,0.07300606279516184,HD 46588 A,1.375,1.18,8,5
HD 46588 A_0,2.5411122845569567,0.07698260671053628,HD 46588 A,1.375,1.18,8,5
HD 46588 A_0,2.5311958115267688,0.09023145248178324,HD 46588 A,1.375,1.18,8,5
HD 46588 A_0,2.531463305661815,0.07704859920916303,HD 46588 A,1.375,1.18,8,5
HD 46588 A_0,2.5355543852118387,0.0749861240118706,HD 46588 A,1.375,1.18,8,5
HD 46588 A_0,2.553320333474033,0.08469652975071704,HD 46588 A,1.375,1.18,8,5
HD 46588 A_0,2.5271300813827713,0.09008556928528817,HD 46588 A,1.375,1.18,8,5
HD 46588 A_0,2.530113025136276,0.09646009717497965,HD 46588 A,1.375,1.18,8,5
HD 46588 A_0,2.5350443117301253,0.08337615394263966,HD 46588 A,1.375,1.18,8,5
HD 46588 A_0,2.5407979001844163,0.0905217165292833,HD 46588 A,1.375,1.18,8,5
HD 46588 A_0,2.5416957764232206,0.10188714435606255,HD 46588 A,1.375,1.18,8,5
HD 46588 A_0,2.534970658438532,0.0670238192929474,HD 46588 A,1.375,1.18,8,5
HD 46588 A_0,2.5314618488933722,0.09855158245439259,HD 46588 A,1.375,1.18,8,5
HD 46588 A_0,2.5301458597666904,0.07741823567419226,HD 46588 A,1.375,1.18,8,5
HD 46588 A_0,2.535350269902966,0.09732526881451914,HD 46588 A,1.375,1.18,8,5
HD 46588 A_0,2.5317547098292046,0.09623523396065835,HD 46588 A,1.375,1.18,8,5
HD 46588 A_0,2.5386525259976134,0.08734394014889373,HD 46588 A,1.375,1.18,8,5
HD 46588 A_0,2.5114866020222677,0.07940600435609015,HD 46588 A,1.375,1.18,8,5
HD 46588 A_0,2.5322980159689923,0.07797974558980515,HD 46588 A,1.375,1.18,8,5
HD 46588 A_0,2.530564708078003,0.09901543718327964,HD 46588 A,1.375,1.18,8,5
HD 46588 A_0,2.5358686214043797,0.09606971312320635,HD 46588 A,1.375,1.18,8,5
HD 46588 A_0,2.535368130786149,0.09162329999598572,HD 46588 A,1.375,1.18,8,5
HD 46588 A_0,2.539340248603971,0.1090068320402103,HD 46588 A,1.375,1.18,8,5
HD 46588 A_0,2.525390404370407,0.09377216016943946,HD 46588 A,1.375,1.18,8,5
HD 46588 A_0,2.519533143525941,0.08807644801115508,HD 46588 A,1.375,1.18,8,5
HD 46588 A_0,2.524866717004017,0.07946669157433778,HD 46588 A,1.375,1.18,8,5
HD 46588 A_0,2.5359074955161667,0.09595805343778173,HD 46588 A,1.375,1.18,8,5
HD 46588 A_0,2.5161616207461632,0.10128107039583589,HD 46588 A,1.375,1.18,8,5
HD 46588 A_0,2.5147964350152288,0.09296446240154736,HD 46588 A,1.375,1.18,8,5
HD 46588 A_0,2.5362331461394594,0.07627018236441876,HD 46588 A,1.375,1.18,8,5
HD 46588 A_0,2.5379789846121623,0.08586021045430706,HD 46588 A,1.375,1.18,8,5
HD 46588 A_0,2.5307531202076,0.0909003236964895,HD 46588 A,1.375,1.18,8,5
HD 46588 A_0,2.5224167892749048,0.0852402744145184,HD 46588 A,1.375,1.18,8,5
HD 46588 A_0,2.5302034628287915,0.06566184224064346,HD 46588 A,1.375,1.18,8,5
HD 46588 A_0,2.523406233097749,0.07883563637770713,HD 46588 A,1.375,1.18,8,5
HD 46588 A_0,2.5358557640313837,0.08073536998472773,HD 46588 A,1.375,1.18,8,5
HD 46588 A_0,2.5298561585804524,0.08336470369234207,HD 46588 A,1.375,1.18,8,5
HD 46588 A_0,2.5391676211520533,0.07350136317623632,HD 46588 A,1.375,1.18,8,5
HD 46588 A_0,2.5282172126222378,0.07673091771831868,HD 46588 A,1.375,1.18,8,5
HD 46588 A_0,2.5338275748528174,0.06665107621203938,HD 46588 A,1.375,1.18,8,5
HD 46588 A_0,2.5248317334694024,0.07696871468273213,HD 46588 A,1.375,1.18,8,5
HD 46588 A_0,2.532164323211282,0.08040163266783104,HD 46588 A,1.375,1.18,8,5
HD 46588 A_0,2.53107410826,0.08041061920371322,HD 46588 A,1.375,1.18,8,5
HD 46588 A_0,2.5431304987479395,0.08267958553053725,HD 46588 A,1.375,1.18,8,5
HD 46588 A_0,2.527317603858229,0.09038601654677664,HD 46588 A,1.375,1.18,8,5
HD 46588 A_0,2.531461448733918,0.07713515468967867,HD 46588 A,1.375,1.18,8,5
HD 46588 A_0,2.5298884480202783,0.10447503739754059,HD 46588 A,1.375,1.18,8,5
HD 46588 A_0,2.526817264336821,0.08352509372136602,HD 46588 A,1.375,1.18,8,5
HD 46588 A_0,2.5167768288200985,0.08592299000296859,HD 46588 A,1.375,1.18,8,5
HD 46588 A_0,2.530203052776073,0.08296607975323497,HD 46588 A,1.375,1.18,8,5
HD 46588 A_0,2.531660955251238,0.09849160931306737,HD 46588 A,1.375,1.18,8,5
HD 46588 A_0,2.534588390448659,0.09592258247784291,HD 46588 A,1.375,1.18,8,5
HD 46588 A_0,2.5347668299271833,0.06931762227258853,HD 46588 A,1.375,1.18,8,5
HD 46588 A_0,2.532436277402267,0.0889323650611138,HD 46588 A,1.375,1.18,8,5
HD 46588 A_0,2.522448356323357,0.10179178341759716,HD 46588 A,1.375,1.18,8,5
HD 46588 A_0,2.5266432331390574,0.07446492196526115,HD 46588 A,1.375,1.18,8,5
HD 46588 A_0,2.5386513972116678,0.08166576092121897,HD 46588 A,1.375,1.18,8,5
HD 46588 A_0,2.5180876656107904,0.07926077464961484,HD 46588 A,1.375,1.18,8,5
HD 46588 A_0,2.529508995139516,0.09760203089426793,HD 46588 A,1.375,1.18,8,5
HD 46588 A_0,2.5303302117460373,0.06217853133277356,HD 46588 A,1.375,1.18,8,5
HD 46588 A_0,2.533722328816673,0.06913562016240987,HD 46588 A,1.375,1.18,8,5
HD 46588 A_0,2.517668442316543,0.08901925606122167,HD 46588 A,1.375,1.18,8,5
HD 46588 A_0,2.531713914445543,0.09499911904399583,HD 46588 A,1.375,1.18,8,5
HD 46588 A_0,2.545023169294966,0.09408947865110266,HD 46588 A,1.375,1.18,8,5
HD 46588 A_0,2.5262943580548454,0.06426048619887853,HD 46588 A,1.375,1.18,8,5
HD 46588 A_0,2.5239441715272792,0.07804984252769138,HD 46588 A,1.375,1.18,8,5
HD 46588 A_0,2.5325298126907843,0.10601757706421767,HD 46588 A,1.375,1.18,8,5
HD 46588 A_0,2.5240668214948534,0.09798249699689124,HD 46588 A,1.375,1.18,8,5
HD 46588 A_0,2.5285877909462515,0.10630682719911497,HD 46588 A,1.375,1.18,8,5
HD 46588 A_0,2.533334318037023,0.07285769779012252,HD 46588 A,1.375,1.18,8,5
HD 46588 A_0,2.5430490033891404,0.09687632487488096,HD 46588 A,1.375,1.18,8,5
HD 46588 A_0,2.5369404185427777,0.07217280914039124,HD 46588 A,1.375,1.18,8,5
HD 46588 A_0,2.533278713529632,0.07794933713091864,HD 46588 A,1.375,1.18,8,5
HD 46588 A_0,2.5282373283200035,0.09392434255838457,HD 46588 A,1.375,1.18,8,5
HD 46588 A_0,2.537354437487067,0.09195597144791581,HD 46588 A,1.375,1.18,8,5
HD 46588 A_0,2.5322095606269155,0.08648141528523995,HD 46588 A,1.375,1.18,8,5
HD 46588 A_0,2.5251771077657756,0.08768079425703264,HD 46588 A,1.375,1.18,8,5
HD 46588 A_0,2.532329569161873,0.0827618462660239,HD 46588 A,1.375,1.18,8,5
HD 46588 A_0,2.5214210418306107,0.09783389603938633,HD 46588 A,1.375,1.18,8,5
HD 46588 A_0,2.5322014992788753,0.08694699896780711,HD 46588 A,1.375,1.18,8,5
HD 46588 A_0,2.523678901232266,0.10373049316414697,HD 46588 A,1.375,1.18,8,5
HD 46588 A_0,2.540173781093571,0.10072810525725956,HD 46588 A,1.375,1.18,8,5
HD 46588 A_0,2.5296994026334843,0.0964966654715839,HD 46588 A,1.375,1.18,8,5
HD 46588 A_0,2.5185757774551902,0.09919393477215974,HD 46588 A,1.375,1.18,8,5
HD 46588 A_0,2.525863489611695,0.08705804151713947,HD 46588 A,1.375,1.18,8,5
HD 46588 A_0,2.524873041410588,0.09673001542188904,HD 46588 A,1.375,1.18,8,5
HD 46588 A_0,2.5357684328650056,0.09184894274753994,HD 46588 A,1.375,1.18,8,5
HD 46588 A_0,2.5414910649156712,0.09857588567944597,HD 46588 A,1.375,1.18,8,5
HD 39091_5,22.029144318700517,0.14560523559814315,HD 39091,1.31,1.08,8,1
HD 39091_5,1.0265676374050259,0.47301445855568086,HD 39091,1.31,1.08,8,1
HD 39091_5,2.8327958476434216,0.3640883944441782,HD 39091,1.31,1.08,8,1
HD 39091_5,1.7636446346041972,0.34083794463339895,HD 39091,1.31,1.08,8,1
HD 39091_5,3.374659088471219,0.07338653962562099,HD 39091,1.31,1.08,8,1
HD 39091_5,2.120145284431134,0.11168022248701201,HD 39091,1.31,1.08,8,1
HD 39091_5,1.7346337159410206,0.1270166635718414,HD 39091,1.31,1.08,8,1
HD 39091_5,9.6994091537068,0.04968576821065486,HD 39091,1.31,1.08,8,1
HD 39091_5,1.78350427652791,0.05224353538984247,HD 39091,1.31,1.08,8,1
HD 39091_5,12.266364369616625,0.1537491713507943,HD 39091,1.31,1.08,8,1
HD 39091_5,2.087634492252637,0.030712585957161895,HD 39091,1.31,1.08,8,1
HD 39091_5,5.3317755820109864,0.06585015096719363,HD 39091,1.31,1.08,8,1
HD 39091_5,2.7688469988148374,0.7234728982287559,HD 39091,1.31,1.08,8,1
HD 39091_5,3.3240637032379676,0.2568814164644837,HD 39091,1.31,1.08,8,1
HD 39091_5,1.2532685249625153,0.40198633120900157,HD 39091,1.31,1.08,8,1
HD 39091_5,2.009270959235902,0.03237101290637305,HD 39091,1.31,1.08,8,1
HD 39091_5,1.9352697191123756,0.24573595379450647,HD 39091,1.31,1.08,8,1
HD 39091_5,5.499651162136442,0.474992343941002,HD 39091,1.31,1.08,8,1
HD 39091_5,2.8145758402349754,0.15608697493029328,HD 39091,1.31,1.08,8,1
HD 39091_5,2.221646042759861,0.055827049101977055,HD 39091,1.31,1.08,8,1
HD 39091_5,2.0923501851216875,0.25334194539369115,HD 39091,1.31,1.08,8,1
HD 39091_5,2.410704492291967,0.14631517329229166,HD 39091,1.31,1.08,8,1
HD 39091_5,21.069948534402286,0.015166935796397472,HD 39091,1.31,1.08,8,1
HD 39091_5,1.2071342364510746,0.4910460897853,HD 39091,1.31,1.08,8,1
HD 39091_5,2.64833642391238,0.12157341290684422,HD 39091,1.31,1.08,8,1
HD 39091_5,2.9627758015811376,0.22824962859676953,HD 39091,1.31,1.08,8,1
HD 39091_5,2.576649699266342,0.19182235909127363,HD 39091,1.31,1.08,8,1
HD 39091_5,3.808476530580197,0.11840619670072941,HD 39091,1.31,1.08,8,1
HD 39091_5,4.354265170409657,0.3947593274257568,HD 39091,1.31,1.08,8,1
HD 39091_5,10.007037092099194,0.020429819702489575,HD 39091,1.31,1.08,8,1
HD 39091_5,2.9705374470488737,0.20631896151017107,HD 39091,1.31,1.08,8,1
HD 39091_5,4.839115276562664,0.4580519672005103,HD 39091,1.31,1.08,8,1
HD 39091_5,2.8114884995584064,0.18474516391332185,HD 39091,1.31,1.08,8,1
HD 39091_5,2.066437204453978,0.6033435052037317,HD 39091,1.31,1.08,8,1
HD 39091_5,2.547195403181687,0.3355045453675385,HD 39091,1.31,1.08,8,1
HD 39091_5,1.5676592553273638,0.2331038661862983,HD 39091,1.31,1.08,8,1
HD 39091_5,3.0518450513881903,0.05524715226280404,HD 39091,1.31,1.08,8,1
HD 39091_5,1.7564144173475473,0.2230042214877083,HD 39091,1.31,1.08,8,1
HD 39091_5,1.357782774375147,0.29346773405268417,HD 39091,1.31,1.08,8,1
HD 39091_5,3.843762178308385,0.14169848665522605,HD 39091,1.31,1.08,8,1
HD 39091_5,1.2674373648668023,0.1914346306917958,HD 39091,1.31,1.08,8,1
HD 39091_5,3.2900141654540125,0.08997121800193944,HD 39091,1.31,1.08,8,1
HD 39091_5,4.277723057722001,0.1958458643456997,HD 39091,1.31,1.08,8,1
HD 39091_5,2.2121840379390676,0.3010173051879044,HD 39091,1.31,1.08,8,1
HD 39091_5,2.0564625057691464,0.033594125770226614,HD 39091,1.31,1.08,8,1
HD 39091_5,4.204419854792296,0.09563142501311879,HD 39091,1.31,1.08,8,1
HD 39091_5,2.730961737719337,0.07050427369927059,HD 39091,1.31,1.08,8,1
HD 39091_5,19.22295047350675,0.12417773047492382,HD 39091,1.31,1.08,8,1
HD 39091_5,2.3729374151290066,0.712830394185149,HD 39091,1.31,1.08,8,1
HD 39091_5,1.6683339948296982,0.07619228749908102,HD 39091,1.31,1.08,8,1
HD 39091_5,4.843142672808211,0.18026965433203282,HD 39091,1.31,1.08,8,1
HD 39091_5,2.178096469864495,0.033716213355288224,HD 39091,1.31,1.08,8,1
HD 39091_5,2.4110972502037007,0.16551304129231298,HD 39091,1.31,1.08,8,1
HD 39091_5,1.8922147201291726,0.2022836698653057,HD 39091,1.31,1.08,8,1
HD 39091_5,2.978904862471093,0.38530660808936207,HD 39091,1.31,1.08,8,1
HD 39091_5,1.2289956261989492,0.18760149312997776,HD 39091,1.31,1.08,8,1
HD 39091_5,3.0662339677014026,0.2477184252484768,HD 39091,1.31,1.08,8,1
HD 39091_5,3.486743773621941,0.38478338956869385,HD 39091,1.31,1.08,8,1
HD 39091_5,1.3033498211764774,0.2088709540248823,HD 39091,1.31,1.08,8,1
HD 39091_5,3.344361100540317,0.10944143695701451,HD 39091,1.31,1.08,8,1
HD 39091_5,4.050001760225341,0.26294143847805895,HD 39091,1.31,1.08,8,1
HD 39091_5,1.9405958164802055,0.6453847338997483,HD 39091,1.31,1.08,8,1
HD 39091_5,1.762464392968823,0.12174031441185243,HD 39091,1.31,1.08,8,1
HD 39091_5,2.518194936243681,0.025291151599853085,HD 39091,1.31,1.08,8,1
HD 39091_5,3.0408249910123146,0.5893833143374304,HD 39091,1.31,1.08,8,1
HD 39091_5,1.6428743705538067,0.030641271423480727,HD 39091,1.31,1.08,8,1
HD 39091_5,1.7947990682282802,0.41615928316386286,HD 39091,1.31,1.08,8,1
HD 39091_5,2.098112209554099,0.1427568140414222,HD 39091,1.31,1.08,8,1
HD 39091_5,1.9295793779847792,0.3685827861459165,HD 39091,1.31,1.08,8,1
HD 39091_5,2.371855677647514,0.1312316063729452,HD 39091,1.31,1.08,8,1
HD 39091_5,6.4646558570175845,0.5702261972797495,HD 39091,1.31,1.08,8,1
HD 39091_5,1.9111441473795505,0.2120574612242068,HD 39091,1.31,1.08,8,1
HD 39091_5,1.5284777497810706,0.03969470236238344,HD 39091,1.31,1.08,8,1
HD 39091_5,2.1361117058006593,0.15001177988897482,HD 39091,1.31,1.08,8,1
HD 39091_5,2.3711332379293513,0.05236938444441513,HD 39091,1.31,1.08,8,1
HD 39091_5,2.3542405082769977,0.26834413931744916,HD 39091,1.31,1.08,8,1
HD 39091_5,1.5748113816419589,0.2722990136824274,HD 39091,1.31,1.08,8,1
HD 39091_5,1.8868321144401696,0.09981092889043121,HD 39091,1.31,1.08,8,1
HD 39091_5,1.547132531118739,0.1033897164007358,HD 39091,1.31,1.08,8,1
HD 39091_5,2.5804830669063015,0.09837031976127981,HD 39091,1.31,1.08,8,1
HD 39091_5,1.791084373355056,0.16066755614558048,HD 39091,1.31,1.08,8,1
HD 39091_5,2.737430384185075,0.0343588970293522,HD 39091,1.31,1.08,8,1
HD 39091_5,1.5432996446050893,0.058268070092873506,HD 39091,1.31,1.08,8,1
HD 39091_5,4.5131489281468085,0.3811683147060782,HD 39091,1.31,1.08,8,1
HD 39091_5,1.522686478464049,0.38924797135040273,HD 39091,1.31,1.08,8,1
HD 39091_5,2.8479800801148434,0.2880104038545283,HD 39091,1.31,1.08,8,1
HD 39091_5,2.0706511958657106,0.1615156579485188,HD 39091,1.31,1.08,8,1
HD 39091_5,2.7012982740924616,0.20097303007477718,HD 39091,1.31,1.08,8,1
HD 39091_5,1.7048696786298856,0.010986450317652375,HD 39091,1.31,1.08,8,1
HD 39091_5,2.4797504896302325,0.40056685478760595,HD 39091,1.31,1.08,8,1
HD 39091_5,4.198647355816653,0.35617220358603086,HD 39091,1.31,1.08,8,1
HD 39091_5,2.5417487910002032,0.02219975996183816,HD 39091,1.31,1.08,8,1
HD 39091_5,1.6584062318585922,0.048252110946853194,HD 39091,1.31,1.08,8,1
HD 39091_5,1.5500544415942257,0.28114669031906636,HD 39091,1.31,1.08,8,1
HD 39091_5,1.7260276526957823,0.24775971259741225,HD 39091,1.31,1.08,8,1
HD 39091_5,1.8968722396742812,0.01165462711254706,HD 39091,1.31,1.08,8,1
HD 39091_5,11.361811123832425,0.3778439806378689,HD 39091,1.31,1.08,8,1
HD 39091_5,2.303799197911097,0.1346361649718834,HD 39091,1.31,1.08,8,1
HD 39091_5,1.2971673230440959,0.2625856079399533,HD 39091,1.31,1.08,8,1
HD 39091_5,2.5863177008997393,0.12440983726918432,HD 39091,1.31,1.08,8,1
HD 39091_5,3.2455186958500986,0.3657847845845068,HD 39091,1.31,1.08,8,1
HD 39091_5,1.659196093219833,0.002478538262219735,HD 39091,1.31,1.08,8,1
HD 39091_5,2.34807022038454,0.188160106948401,HD 39091,1.31,1.08,8,1
HD 39091_5,6.5473735030869635,0.11785473280288909,HD 39091,1.31,1.08,8,1
HD 39091_5,3.2217416423306844,0.2721177205992272,HD 39091,1.31,1.08,8,1
HD 39091_5,3.2028800056938906,0.0069568703691137886,HD 39091,1.31,1.08,8,1
HD 39091_5,2.1022002137911326,0.053457858671582856,HD 39091,1.31,1.08,8,1
HD 39091_5,9.538112569319376,0.49124881840110757,HD 39091,1.31,1.08,8,1
HD 39091_5,6.250762896689269,0.2875829925815202,HD 39091,1.31,1.08,8,1
HD 39091_5,2.054712561062299,0.29592555642643287,HD 39091,1.31,1.08,8,1
HD 39091_5,2.8861783039314517,0.11299176882051784,HD 39091,1.31,1.08,8,1
HD 39091_5,15.066745275917537,0.14699757712078176,HD 39091,1.31,1.08,8,1
HD 39091_5,2.6315571183570072,0.0855601280382492,HD 39091,1.31,1.08,8,1
HD 39091_5,3.9966444228509275,0.31020629215585355,HD 39091,1.31,1.08,8,1
HD 39091_5,1.437548336999258,0.06276229882327972,HD 39091,1.31,1.08,8,1
HD 39091_5,1.3271723814009555,0.35230459406159204,HD 39091,1.31,1.08,8,1
HD 39091_5,3.013508043776471,0.1912891072888774,HD 39091,1.31,1.08,8,1
HD 39091_5,4.176342109091342,0.2751300418931004,HD 39091,1.31,1.08,8,1
HD 39091_5,1.109651117307149,0.3200157397299784,HD 39091,1.31,1.08,8,1
HD 39091_5,1.28761069297049,0.39947321304589234,HD 39091,1.31,1.08,8,1
HD 39091_5,1.8031545122862729,0.014267938331510676,HD 39091,1.31,1.08,8,1
HD 39091_5,1.9983522410228909,0.11931338494225155,HD 39091,1.31,1.08,8,1
HD 39091_5,1.9400421424456848,0.11520125770298896,HD 39091,1.31,1.08,8,1
HD 39091_5,2.0175815029725395,0.029150371039187807,HD 39091,1.31,1.08,8,1
HD 39091_5,3.7352348942316316,0.24903420070259832,HD 39091,1.31,1.08,8,1
HD 39091_5,3.7329850419845405,0.25149764997825563,HD 39091,1.31,1.08,8,1
HD 39091_5,1.7259598544409878,0.48886394937775196,HD 39091,1.31,1.08,8,1
HD 39091_5,6.770172851329484,0.019438094113884433,HD 39091,1.31,1.08,8,1
HD 39091_5,1.928426221958873,0.06621346666521528,HD 39091,1.31,1.08,8,1
HD 39091_5,2.74044749471348,0.016714353519159324,HD 39091,1.31,1.08,8,1
HD 39091_5,2.014095502524873,0.13365716890186063,HD 39091,1.31,1.08,8,1
HD 39091_5,1.3349190920627054,0.20584444926415987,HD 39091,1.31,1.08,8,1
HD 39091_5,2.8270337631104847,0.2769922088689638,HD 39091,1.31,1.08,8,1
HD 39091_5,2.066778310239398,0.6654404246674737,HD 39091,1.31,1.08,8,1
HD 39091_5,2.2118433800523585,0.06025275785709516,HD 39091,1.31,1.08,8,1
HD 39091_5,2.5341092038835553,0.11410779332350594,HD 39091,1.31,1.08,8,1
HD 39091_5,2.472631016569674,0.16699803652183043,HD 39091,1.31,1.08,8,1
HD 39091_5,3.4659721904285266,0.3516226453913528,HD 39091,1.31,1.08,8,1
HD 39091_5,1.3349120899095575,0.3448187900159547,HD 39091,1.31,1.08,8,1
HD 39091_5,0.9558140395174366,0.5067802166926372,HD 39091,1.31,1.08,8,1
HD 39091_5,1.7355882470959512,0.00010431360342412446,HD 39091,1.31,1.08,8,1
HD 39091_5,1.6921317821545974,0.018310282109942132,HD 39091,1.31,1.08,8,1
HD 39091_5,1.419056799020041,0.5622645454380446,HD 39091,1.31,1.08,8,1
HD 39091_5,2.463902801156997,0.03132630631674426,HD 39091,1.31,1.08,8,1
HD 39091_5,2.3345180210861423,0.02813034572450733,HD 39091,1.31,1.08,8,1
HD 39091_5,1.2836507885940622,0.42479738797653377,HD 39091,1.31,1.08,8,1
HD 39091_5,2.493952622270578,0.029874002142697094,HD 39091,1.31,1.08,8,1
HD 39091_5,2.233180818919274,0.4747182912151505,HD 39091,1.31,1.08,8,1
HD 39091_5,1.8592373091483685,0.12483756487616832,HD 39091,1.31,1.08,8,1
HD 39091_5,1.5855291622553533,0.19397040615569533,HD 39091,1.31,1.08,8,1
HD 39091_5,2.1256142428403484,0.13545754769951157,HD 39091,1.31,1.08,8,1
HD 39091_5,2.763216897678837,0.27644456679619844,HD 39091,1.31,1.08,8,1
HD 39091_5,2.1299655877978743,0.0022710879408222974,HD 39091,1.31,1.08,8,1
HD 39091_5,1.8050340703644032,0.0034716282275590047,HD 39091,1.31,1.08,8,1
HD 39091_5,12.324084696678499,0.13159450695014926,HD 39091,1.31,1.08,8,1
HD 39091_5,2.192410182080876,0.053032430195579655,HD 39091,1.31,1.08,8,1
HD 39091_5,3.1749777859393555,0.1831586520725709,HD 39091,1.31,1.08,8,1
HD 39091_5,4.015498745883332,0.1863709921450903,HD 39091,1.31,1.08,8,1
HD 39091_5,1.6396972059233355,0.7296744509828706,HD 39091,1.31,1.08,8,1
HD 39091_5,2.8453882100568118,0.3000467248427607,HD 39091,1.31,1.08,8,1
HD 39091_5,3.036013605840085,0.11752053786918325,HD 39091,1.31,1.08,8,1
HD 39091_5,2.1900157362733035,0.3379438737968523,HD 39091,1.31,1.08,8,1
HD 39091_5,1.8930362812065094,0.21650585302783906,HD 39091,1.31,1.08,8,1
HD 39091_5,1.393859094369205,0.32849257805138615,HD 39091,1.31,1.08,8,1
HD 39091_5,6.62812993838902,0.5483772754602405,HD 39091,1.31,1.08,8,1
HD 39091_5,1.654587124859012,0.11873378631346247,HD 39091,1.31,1.08,8,1
HD 39091_5,3.9589327719986818,0.08417481489991745,HD 39091,1.31,1.08,8,1
HD 39091_5,3.5666901231155927,0.1600995803605503,HD 39091,1.31,1.08,8,1
HD 39091_5,1.2416636573439912,0.20558928246045052,HD 39091,1.31,1.08,8,1
HD 39091_5,3.022602919945851,0.31951769477889713,HD 39091,1.31,1.08,8,1
HD 39091_5,2.545751224003841,0.3489076368985006,HD 39091,1.31,1.08,8,1
HD 39091_5,1.2476845264664194,0.22857824125314333,HD 39091,1.31,1.08,8,1
HD 39091_5,2.76787547410866,0.058110009227238794,HD 39091,1.31,1.08,8,1
HD 39091_5,1.8296764122241596,0.0060678770023768,HD 39091,1.31,1.08,8,1
HD 39091_5,2.0711794720754035,0.7418158902823181,HD 39091,1.31,1.08,8,1
HD 39091_5,2.1368451554462076,0.01551666576548908,HD 39091,1.31,1.08,8,1
HD 39091_5,2.2891440015080695,0.31049360158309774,HD 39091,1.31,1.08,8,1
HD 39091_5,3.8817670688952903,0.09992318039147088,HD 39091,1.31,1.08,8,1
HD 39091_5,1.3984353177867717,0.2684889389136414,HD 39091,1.31,1.08,8,1
HD 39091_5,1.2485102685686704,0.3133604982830261,HD 39091,1.31,1.08,8,1
HD 39091_5,2.374822861605438,0.17868530271329694,HD 39091,1.31,1.08,8,1
HD 39091_5,1.6367982709030644,0.0082906493155072,HD 39091,1.31,1.08,8,1
HD 39091_5,1.3531462458501078,0.4714452742518624,HD 39091,1.31,1.08,8,1
HD 39091_5,1.4741022820025873,0.3240083092723714,HD 39091,1.31,1.08,8,1
HD 39091_5,1.695681907262732,0.02578514603745541,HD 39091,1.31,1.08,8,1
HD 39091_5,2.2044039149372767,0.1227950472888129,HD 39091,1.31,1.08,8,1
HD 39091_5,1.7463174427948998,0.007578204420744185,HD 39091,1.31,1.08,8,1
HD 39091_5,1.4186948022756236,0.528343694071906,HD 39091,1.31,1.08,8,1
HD 39091_5,5.383462839212613,0.2597123284360544,HD 39091,1.31,1.08,8,1
HD 39091_5,1.799383983459118,0.2937030284799791,HD 39091,1.31,1.08,8,1
HD 39091_5,6.039473680814692,0.2851836303827479,HD 39091,1.31,1.08,8,1
HD 39091_5,2.779987507993533,0.45920820340973967,HD 39091,1.31,1.08,8,1
HD 39091_5,2.7648995977904094,0.07758593092291985,HD 39091,1.31,1.08,8,1
HD 39091_5,1.8518297462293678,0.5634581299264121,HD 39091,1.31,1.08,8,1
HD 39091_5,17.46204480400767,0.030169753402801636,HD 39091,1.31,1.08,8,1
HD 39091_5,502.31878426838523,0.572102229720462,HD 39091,1.31,1.08,8,1
HD 39091_5,8.443505285614837,0.4671067023839151,HD 39091,1.31,1.08,8,1
HD 39091_5,4.875566201811325,0.30858238792322684,HD 39091,1.31,1.08,8,1
HD 39091_5,2.0478427868423115,0.4703354162794778,HD 39091,1.31,1.08,8,1
HD 39091_5,2.8982402089954094,0.4011381156880305,HD 39091,1.31,1.08,8,1
HD 39091_5,4.964812172361532,0.20863383960572485,HD 39091,1.31,1.08,8,1
HD 39091_5,3.648289783758361,0.024852139668632266,HD 39091,1.31,1.08,8,1
HD 39091_5,1.003295715959667,0.5776954602992909,HD 39091,1.31,1.08,8,1
HD 39091_5,1.9161341810046382,0.040177719025083165,HD 39091,1.31,1.08,8,1
HD 39091_5,3.0663331723779788,0.159165796738342,HD 39091,1.31,1.08,8,1
HD 39091_5,2.638156564008493,0.14502115880382924,HD 39091,1.31,1.08,8,1
HD 39091_5,3.61284577213282,0.3197034729715246,HD 39091,1.31,1.08,8,1
HD 39091_5,1.630995547633663,0.08950070523561834,HD 39091,1.31,1.08,8,1
HD 39091_5,1.8272399520652902,0.020997625551858155,HD 39091,1.31,1.08,8,1
HD 39091_5,8.511489479951123,0.6472181018801233,HD 39091,1.31,1.08,8,1
HD 39091_5,1.5759261179027344,0.379264461981187,HD 39091,1.31,1.08,8,1
HD 39091_5,2.3950130852650293,0.5584739384140089,HD 39091,1.31,1.08,8,1
HD 39091_5,2.3197518175372305,0.18933622108927556,HD 39091,1.31,1.08,8,1
HD 39091_5,6.155130660291309,0.06792000704782322,HD 39091,1.31,1.08,8,1
HD 39091_5,1.7809806487566606,0.031345917329550006,HD 39091,1.31,1.08,8,1
HD 39091_5,2.1305369692445915,0.06348638810982436,HD 39091,1.31,1.08,8,1
HD 39091_5,1.3721914740934111,0.31410608765500236,HD 39091,1.31,1.08,8,1
HD 39091_5,2.5170999253454123,0.16110976756206125,HD 39091,1.31,1.08,8,1
HD 39091_5,2.534136058397776,0.14192983788702349,HD 39091,1.31,1.08,8,1
HD 39091_5,1.7790593987415162,0.5200411014501048,HD 39091,1.31,1.08,8,1
HD 39091_5,1.418170189235516,0.7665322044931265,HD 39091,1.31,1.08,8,1
HD 39091_5,3.6400045781633676,0.038998828384675055,HD 39091,1.31,1.08,8,1
HD 39091_5,1.614469908779145,0.1502717753588464,HD 39091,1.31,1.08,8,1
HD 39091_5,7.2279981089470775,0.30293588638653596,HD 39091,1.31,1.08,8,1
HD 39091_5,2.966970802920557,0.268955092403994,HD 39091,1.31,1.08,8,1
HD 39091_5,2.5177445338231927,0.017162117911061304,HD 39091,1.31,1.08,8,1
HD 39091_5,4.685804380294512,0.14170942015815088,HD 39091,1.31,1.08,8,1
HD 39091_5,3.9485300319604115,0.08680552224127437,HD 39091,1.31,1.08,8,1
HD 39091_5,2.212169502927554,0.1922171551154405,HD 39091,1.31,1.08,8,1
HD 39091_5,9.34536913907313,0.04959561862010009,HD 39091,1.31,1.08,8,1
HD 39091_5,3.6357382154992384,0.09681932118816315,HD 39091,1.31,1.08,8,1
HD 39091_5,2.395219373727797,0.6337515609708455,HD 39091,1.31,1.08,8,1
HD 39091_5,29.21750890562479,0.38003527643319496,HD 39091,1.31,1.08,8,1
HD 39091_5,2.0235498380075554,0.03067463891831951,HD 39091,1.31,1.08,8,1
HD 39091_5,2.578207424558188,0.03605125230845724,HD 39091,1.31,1.08,8,1
HD 39091_5,13.283527119487873,0.14534182973956425,HD 39091,1.31,1.08,8,1
HD 39091_5,2.5646298787649373,0.3536538719553778,HD 39091,1.31,1.08,8,1
HD 39091_5,7.415160481612297,0.772418323413542,HD 39091,1.31,1.08,8,1
HD 39091_5,2.0799502554649996,0.22227935484570074,HD 39091,1.31,1.08,8,1
HD 39091_5,1.715584724313252,0.03512197138720377,HD 39091,1.31,1.08,8,1
HD 39091_5,2.273036727223104,0.10644572476710533,HD 39091,1.31,1.08,8,1
HD 39091_5,2.167357384757989,0.14301251086776484,HD 39091,1.31,1.08,8,1
HD 39091_5,1.222368158469032,0.27656697034978267,HD 39091,1.31,1.08,8,1
HD 39091_5,2.4653615707551295,0.019414697825954553,HD 39091,1.31,1.08,8,1
HD 39091_5,2.0877157958471964,0.007848981839552538,HD 39091,1.31,1.08,8,1
HD 39091_5,2.179948770812298,0.5099966004738311,HD 39091,1.31,1.08,8,1
HD 39091_5,4.580320025052766,0.07212550040737273,HD 39091,1.31,1.08,8,1
HD 39091_5,2.12390134327477,0.21514684886028107,HD 39091,1.31,1.08,8,1
HD 39091_5,1.9902879125771313,0.0947335193288494,HD 39091,1.31,1.08,8,1
HD 39091_5,1.1396809947364066,0.45333495929426104,HD 39091,1.31,1.08,8,1
HD 39091_5,2.2894678801259984,0.08116207482452968,HD 39091,1.31,1.08,8,1
HD 39091_5,2.677276071007239,0.26419932760316944,HD 39091,1.31,1.08,8,1
HD 39091_5,2.8477879463952456,0.11851859433610257,HD 39091,1.31,1.08,8,1
HD 39091_5,2.462733795386008,0.17088095789408234,HD 39091,1.31,1.08,8,1
HD 39091_5,1.7644149416435,0.6831119557984373,HD 39091,1.31,1.08,8,1
HD 39091_5,3.9476009811918273,0.37142425566992426,HD 39091,1.31,1.08,8,1
HD 39091_5,7.157837386809603,0.20546008933835969,HD 39091,1.31,1.08,8,1
HD 39091_5,4.3391124024340995,0.44967213681708296,HD 39091,1.31,1.08,8,1
HD 39091_5,1.858359617115134,0.04377914734437797,HD 39091,1.31,1.08,8,1
HD 39091_5,2.012142516299768,0.1414583753752483,HD 39091,1.31,1.08,8,1
HD 39091_5,37.816162767089324,0.024606949765604232,HD 39091,1.31,1.08,8,1
HD 39091_5,4.532451482926999,0.06329678619306045,HD 39091,1.31,1.08,8,1
HD 39091_5,14.070896554403895,0.1469078937520757,HD 39091,1.31,1.08,8,1
HD 39091_5,2.163218531758286,0.21063729062364434,HD 39091,1.31,1.08,8,1
HD 39091_5,3.9929808284399533,0.5060425439177497,HD 39091,1.31,1.08,8,1
HD 39091_5,2.534009219281866,0.03262401090447724,HD 39091,1.31,1.08,8,1
HD 39091_5,2.248111215884525,0.1468419542031019,HD 39091,1.31,1.08,8,1
HD 39091_5,2.0770398229189637,0.058162825665182306,HD 39091,1.31,1.08,8,1
HD 39091_5,2.859840407201136,0.012599063162659272,HD 39091,1.31,1.08,8,1
HD 39091_5,4.007766003487072,0.011341014930072902,HD 39091,1.31,1.08,8,1
HD 39091_5,14.392605588678034,0.6796049093030424,HD 39091,1.31,1.08,8,1
HD 39091_5,19.2761685177687,0.21704798696279265,HD 39091,1.31,1.08,8,1
HD 39091_5,7.256418962303424,0.33512766178278736,HD 39091,1.31,1.08,8,1
HD 39091_5,3.2343121724727264,0.022783243961515383,HD 39091,1.31,1.08,8,1
HD 39091_5,1.8159290697113584,0.019808718784128508,HD 39091,1.31,1.08,8,1
HD 39091_5,3.0096341604874604,0.26774065499125704,HD 39091,1.31,1.08,8,1
HD 39091_5,2.3954680635718404,0.18168930698742372,HD 39091,1.31,1.08,8,1
HD 39091_5,2.6808060541118577,0.15995570514014507,HD 39091,1.31,1.08,8,1
HD 39091_5,2.2948298404843688,0.31198740174986883,HD 39091,1.31,1.08,8,1
HD 39091_5,2.5601480499599285,0.13884015564566488,HD 39091,1.31,1.08,8,1
HD 39091_5,1.5400559711780528,0.24695927353606417,HD 39091,1.31,1.08,8,1
HD 39091_5,1.7760601574798764,0.05201316918542053,HD 39091,1.31,1.08,8,1
HD 39091_5,19.607253462467064,0.06519957152510886,HD 39091,1.31,1.08,8,1
HD 39091_5,2.67220660124996,0.001989041180034895,HD 39091,1.31,1.08,8,1
HD 39091_5,6.30945600239468,0.3465066281106921,HD 39091,1.31,1.08,8,1
HD 39091_5,3.5134131814505984,0.21778664593926603,HD 39091,1.31,1.08,8,1
HD 39091_5,1.9158529352345786,0.12001330118890617,HD 39091,1.31,1.08,8,1
HD 39091_5,2.7495647644588628,0.19974968212983518,HD 39091,1.31,1.08,8,1
HD 39091_5,2.0710479808704987,0.22435808360755563,HD 39091,1.31,1.08,8,1
HD 39091_5,2.702722306763331,0.2717068972730262,HD 39091,1.31,1.08,8,1
HD 39091_5,3.400156874699076,0.07548536557515444,HD 39091,1.31,1.08,8,1
HD 39091_5,3.101782970304022,0.33432472380687234,HD 39091,1.31,1.08,8,1
HD 39091_5,3.1668031747203793,0.16514390497873863,HD 39091,1.31,1.08,8,1
HD 39091_5,2.3264518586252856,0.07500673033475137,HD 39091,1.31,1.08,8,1
HD 39091_5,3.2356437579866943,0.15427270120679218,HD 39091,1.31,1.08,8,1
HD 39091_5,2.1107081380584187,0.5011758212984531,HD 39091,1.31,1.08,8,1
HD 39091_5,2.4331959999538952,0.03170004226661325,HD 39091,1.31,1.08,8,1
HD 39091_5,2.5675872978130863,0.22425982803082706,HD 39091,1.31,1.08,8,1
HD 39091_5,45.07397695419652,0.23049965932156374,HD 39091,1.31,1.08,8,1
HD 39091_5,4.435129704312783,0.018723712026145204,HD 39091,1.31,1.08,8,1
HD 39091_5,1.5683964246055235,0.21478879817485394,HD 39091,1.31,1.08,8,1
HD 39091_5,1.1143638258501511,0.435251956727534,HD 39091,1.31,1.08,8,1
HD 39091_5,2.7951481310216146,0.6499308805088458,HD 39091,1.31,1.08,8,1
HD 39091_5,3.4012298196945934,0.38547337584581043,HD 39091,1.31,1.08,8,1
HD 39091_5,2.3435961601798043,0.16842760416105504,HD 39091,1.31,1.08,8,1
HD 39091_5,2.189981636455481,0.032050617991792166,HD 39091,1.31,1.08,8,1
HD 39091_5,2.061489718688162,0.2311041087761533,HD 39091,1.31,1.08,8,1
HD 39091_5,2.7515378180882855,0.12593952977175119,HD 39091,1.31,1.08,8,1
HD 39091_5,12.110353591450387,0.10643384299089645,HD 39091,1.31,1.08,8,1
HD 39091_5,1.3067407782986682,0.3585173481612464,HD 39091,1.31,1.08,8,1
HD 39091_5,1.9165442063934468,0.10146457443019653,HD 39091,1.31,1.08,8,1
HD 39091_5,2.1376401233443567,0.00307320162267464,HD 39091,1.31,1.08,8,1
HD 39091_5,1.8159802375690748,0.18046824156841235,HD 39091,1.31,1.08,8,1
HD 39091_5,5.2629584419818185,0.07490000070798979,HD 39091,1.31,1.08,8,1
HD 39091_5,1.9096512555735137,0.043571374968398635,HD 39091,1.31,1.08,8,1
HD 39091_5,23.991324918605763,0.014244909794757711,HD 39091,1.31,1.08,8,1
HD 39091_5,1.752177979922265,0.15555259995809706,HD 39091,1.31,1.08,8,1
HD 39091_5,1.3337924081777186,0.37147867573397836,HD 39091,1.31,1.08,8,1
HD 39091_5,4.577582404261655,0.08218773090986518,HD 39091,1.31,1.08,8,1
HD 39091_5,1.3828950630139332,0.20417969414581735,HD 39091,1.31,1.08,8,1
HD 39091_5,3.8105218278642736,0.31024499275886974,HD 39091,1.31,1.08,8,1
HD 39091_5,37.99293744805922,0.4929016346659564,HD 39091,1.31,1.08,8,1
HD 39091_5,1.481944036617633,0.3347583308299466,HD 39091,1.31,1.08,8,1
HD 39091_5,2.8224710048718076,0.04791382384967265,HD 39091,1.31,1.08,8,1
HD 39091_5,1.903430230036703,0.18199318251466765,HD 39091,1.31,1.08,8,1
HD 39091_5,4.3151769329387335,0.014937426309574257,HD 39091,1.31,1.08,8,1
HD 39091_5,1.0488691181253167,0.5504053296868362,HD 39091,1.31,1.08,8,1
HD 39091_5,6.886312256535329,0.2283267426178556,HD 39091,1.31,1.08,8,1
HD 39091_5,28.514610529308598,0.7949463185098617,HD 39091,1.31,1.08,8,1
HD 39091_5,1.6920674198326784,0.3156094833643716,HD 39091,1.31,1.08,8,1
HD 39091_5,1.4123519576817238,0.3917879623053111,HD 39091,1.31,1.08,8,1
HD 39091_5,3.547952601013631,0.4608914477512039,HD 39091,1.31,1.08,8,1
HD 39091_5,3.8276223159371527,0.12063510741645905,HD 39091,1.31,1.08,8,1
HD 39091_5,1.9826716431648583,0.04375523605342673,HD 39091,1.31,1.08,8,1
HD 39091_5,1.7038696557538433,0.4792161540390509,HD 39091,1.31,1.08,8,1
HD 39091_5,4.018064944110742,0.44724966106729314,HD 39091,1.31,1.08,8,1
HD 39091_5,2.192492859103002,0.07764256202370427,HD 39091,1.31,1.08,8,1
HD 39091_5,1.6536375025644858,0.5488782314392855,HD 39091,1.31,1.08,8,1
HD 39091_5,1.8457444987813805,0.13873687202416587,HD 39091,1.31,1.08,8,1
HD 39091_5,3.284802918638855,0.23210662512142888,HD 39091,1.31,1.08,8,1
HD 39091_5,2.115783680968833,0.725488211310856,HD 39091,1.31,1.08,8,1
HD 39091_5,1.6812250765319388,0.044782818595517256,HD 39091,1.31,1.08,8,1
HD 39091_5,2.2628091037769043,0.21481167089811887,HD 39091,1.31,1.08,8,1
HD 39091_5,2.95817687007529,0.08032229798597929,HD 39091,1.31,1.08,8,1
HD 39091_5,2.248747221806188,0.09775600174369674,HD 39091,1.31,1.08,8,1
HD 39091_5,2.6570730028497946,0.5773711128562614,HD 39091,1.31,1.08,8,1
HD 39091_5,2.0809991006657635,0.0007885321512943579,HD 39091,1.31,1.08,8,1
HD 39091_5,3.758281739950568,0.13471138522075915,HD 39091,1.31,1.08,8,1
HD 39091_5,1.3476906566089908,0.22775773725257217,HD 39091,1.31,1.08,8,1
HD 39091_5,2.0831571340655644,0.0411467701131172,HD 39091,1.31,1.08,8,1
HD 39091_5,11.085278370139557,0.0970705399534484,HD 39091,1.31,1.08,8,1
HD 39091_5,15.690467761332467,0.24668564167483917,HD 39091,1.31,1.08,8,1
HD 39091_5,17.958999299037472,0.0024773516793377714,HD 39091,1.31,1.08,8,1
HD 39091_5,0.8119026147690223,0.639419405503098,HD 39091,1.31,1.08,8,1
HD 39091_5,6.4824955180579,0.5563883011860159,HD 39091,1.31,1.08,8,1
HD 39091_5,4.64628446091867,0.09348723480972487,HD 39091,1.31,1.08,8,1
HD 39091_5,1.4911147653106531,0.21103842679297294,HD 39091,1.31,1.08,8,1
HD 39091_5,2.0195585820045685,0.26106947068990793,HD 39091,1.31,1.08,8,1
HD 39091_5,1.5868485158189625,0.2818248298307434,HD 39091,1.31,1.08,8,1
HD 39091_5,2.6899431359887194,0.5799103597266702,HD 39091,1.31,1.08,8,1
HD 39091_5,1.6988982761670224,0.5397980571287294,HD 39091,1.31,1.08,8,1
HD 39091_5,2.0329318534623853,0.10517857917856302,HD 39091,1.31,1.08,8,1
HD 39091_5,2.7559977616121443,0.27022823135153096,HD 39091,1.31,1.08,8,1
HD 39091_5,2.033341666903875,0.26481254889000494,HD 39091,1.31,1.08,8,1
HD 39091_5,1.456698195493195,0.27974984726609486,HD 39091,1.31,1.08,8,1
HD 39091_5,2.6468145772307214,0.23356722572959174,HD 39091,1.31,1.08,8,1
HD 39091_5,2.1485172985129726,0.3362188977804508,HD 39091,1.31,1.08,8,1
HD 39091_5,1.3387272041533578,0.15253029760812445,HD 39091,1.31,1.08,8,1
HD 39091_5,1.5760900355772176,0.07136882336460362,HD 39091,1.31,1.08,8,1
HD 39091_5,2.142047997603316,0.09296237053236905,HD 39091,1.31,1.08,8,1
HD 39091_5,1.286633615572391,0.1916188351355982,HD 39091,1.31,1.08,8,1
HD 39091_5,2.6799010562097973,0.6421299821615798,HD 39091,1.31,1.08,8,1
HD 39091_5,2.4887184015755537,0.07537618369650005,HD 39091,1.31,1.08,8,1
HD 39091_5,1.6912049838526526,0.031711967581817255,HD 39091,1.31,1.08,8,1
HD 39091_5,3.4454790077873954,0.28080260066493173,HD 39091,1.31,1.08,8,1
HD 39091_5,3.0732225581207526,0.4003821021448348,HD 39091,1.31,1.08,8,1
HD 39091_5,2.2952691584938423,0.04099331215365763,HD 39091,1.31,1.08,8,1
HD 39091_5,1.5948438879881828,0.1972729424700265,HD 39091,1.31,1.08,8,1
HD 39091_5,2.3642572395860504,0.20422830853892907,HD 39091,1.31,1.08,8,1
HD 39091_5,2.441953359660634,0.010723677588625889,HD 39091,1.31,1.08,8,1
HD 39091_5,1.78330172102151,0.10357868589679696,HD 39091,1.31,1.08,8,1
HD 39091_5,2.7993523811063774,0.06484498609973526,HD 39091,1.31,1.08,8,1
HD 39091_5,1.8430935966078899,0.013277581857746317,HD 39091,1.31,1.08,8,1
HD 39091_5,2.08631976102519,0.10027034915185197,HD 39091,1.31,1.08,8,1
HD 39091_5,2.672850284915751,0.21359473206965496,HD 39091,1.31,1.08,8,1
HD 39091_5,2.5281178104442517,0.1005225900671879,HD 39091,1.31,1.08,8,1
HD 39091_5,1.602707942822514,0.10070180161368072,HD 39091,1.31,1.08,8,1
HD 39091_5,1.527338339464094,0.03691033624972388,HD 39091,1.31,1.08,8,1
HD 39091_5,8.557546010678275,0.3240108310039737,HD 39091,1.31,1.08,8,1
HD 39091_5,4.652263627263539,0.00025041505740863355,HD 39091,1.31,1.08,8,1
HD 39091_5,4.188998825129155,0.40070103241240684,HD 39091,1.31,1.08,8,1
HD 39091_5,1.428690085956506,0.6739335151573123,HD 39091,1.31,1.08,8,1
HD 39091_5,2.165231556071065,0.08449707167322293,HD 39091,1.31,1.08,8,1
HD 39091_5,2.1046365478753,0.2314291324861007,HD 39091,1.31,1.08,8,1
HD 39091_5,2.1344175875680613,0.25650371291333585,HD 39091,1.31,1.08,8,1
HD 39091_5,27.660342674557516,0.002058559200260976,HD 39091,1.31,1.08,8,1
HD 39091_5,1.9049220284618678,0.1546008660902798,HD 39091,1.31,1.08,8,1
HD 39091_5,3.746883113810277,0.35135263990056936,HD 39091,1.31,1.08,8,1
HD 39091_5,5.876077595524371,0.27917532449820914,HD 39091,1.31,1.08,8,1
HD 39091_5,3.0461114096332054,0.14540613897718066,HD 39091,1.31,1.08,8,1
HD 39091_5,14.46893830104965,0.36555386786308847,HD 39091,1.31,1.08,8,1
HD 39091_5,1.931517701333486,0.13159013793038624,HD 39091,1.31,1.08,8,1
HD 39091_5,1.9157904509900943,0.06905222985957114,HD 39091,1.31,1.08,8,1
HD 39091_5,6.049185572098133,0.02458017304661604,HD 39091,1.31,1.08,8,1
HD 39091_5,3.853748127250542,0.24756542321338912,HD 39091,1.31,1.08,8,1
HD 39091_5,1.1954204256234484,0.34175674380227566,HD 39091,1.31,1.08,8,1
HD 39091_5,3.375476421300431,0.3418080839709055,HD 39091,1.31,1.08,8,1
HD 39091_5,1.700163018881758,0.05517776576226434,HD 39091,1.31,1.08,8,1
HD 39091_5,1.5580195079449652,0.36752329042912596,HD 39091,1.31,1.08,8,1
HD 39091_5,2.1876423394574616,0.0252161420450538,HD 39091,1.31,1.08,8,1
HD 39091_5,1.362953335464338,0.5170034562562891,HD 39091,1.31,1.08,8,1
HD 39091_5,1.4342698898538178,0.6539674233964035,HD 39091,1.31,1.08,8,1
HD 39091_5,3.2026890716865637,0.0005065251037660114,HD 39091,1.31,1.08,8,1
HD 39091_5,10.797773113802046,0.5149044714534464,HD 39091,1.31,1.08,8,1
HD 39091_5,4.09339920633248,0.033074794769183416,HD 39091,1.31,1.08,8,1
HD 39091_5,1.7227232097332503,0.008515284848003691,HD 39091,1.31,1.08,8,1
HD 39091_5,1.34853050898833,0.15821784977091966,HD 39091,1.31,1.08,8,1
HD 39091_5,21.718811977531733,0.49625463524049057,HD 39091,1.31,1.08,8,1
HD 39091_5,1.9107971647840643,0.12292306870971913,HD 39091,1.31,1.08,8,1
HD 39091_5,1.60335252950866,0.07150700281109404,HD 39091,1.31,1.08,8,1
HD 39091_5,2.8358963449189,0.10298497022178922,HD 39091,1.31,1.08,8,1
HD 39091_5,2.173152748563604,0.03448001502861409,HD 39091,1.31,1.08,8,1
HD 39091_5,4.498749055591895,0.025149952000057908,HD 39091,1.31,1.08,8,1
HD 39091_5,3.8824379041288664,0.30893743107306804,HD 39091,1.31,1.08,8,1
HD 39091_5,2.0312138140825304,0.017359387690504602,HD 39091,1.31,1.08,8,1
HD 39091_5,2.4433665961826865,0.6002766504094087,HD 39091,1.31,1.08,8,1
HD 39091_5,3.100485683422416,0.07964784674176206,HD 39091,1.31,1.08,8,1
HD 39091_5,1.3321275658233356,0.27461476029809506,HD 39091,1.31,1.08,8,1
HD 39091_5,2.386434829784328,0.05289812174225986,HD 39091,1.31,1.08,8,1
HD 39091_5,20.19050949253767,0.18228481501178187,HD 39091,1.31,1.08,8,1
HD 39091_5,1.9442966967593531,0.00982301152382937,HD 39091,1.31,1.08,8,1
HD 39091_5,2.3690616918411416,0.3045341061138734,HD 39091,1.31,1.08,8,1
HD 39091_5,73.9742807969015,0.25858385420533025,HD 39091,1.31,1.08,8,1
HD 39091_5,3.5625985672189264,0.4573405669686863,HD 39091,1.31,1.08,8,1
HD 39091_5,1.8519662157286456,0.04618708433088092,HD 39091,1.31,1.08,8,1
HD 39091_5,1.511022036953263,0.2295363548692353,HD 39091,1.31,1.08,8,1
HD 39091_5,5.605900700147482,0.43066680708223815,HD 39091,1.31,1.08,8,1
HD 39091_5,6.898535488365058,0.2240622345715238,HD 39091,1.31,1.08,8,1
HD 39091_5,2.417565051064725,0.5950358301411561,HD 39091,1.31,1.08,8,1
HD 39091_5,16.800792590058492,0.011746306863564688,HD 39091,1.31,1.08,8,1
HD 39091_5,19.42113430202043,0.07235867067644394,HD 39091,1.31,1.08,8,1
HD 39091_5,4.095804240321629,0.26651739547798386,HD 39091,1.31,1.08,8,1
HD 39091_5,2.4516186977153307,0.17294238218072086,HD 39091,1.31,1.08,8,1
HD 39091_5,2.792796571310596,0.002233952060351654,HD 39091,1.31,1.08,8,1
HD 39091_5,1.9970394661000455,0.05265378668974686,HD 39091,1.31,1.08,8,1
HD 39091_5,1.8958263336551064,0.14753584453530366,HD 39091,1.31,1.08,8,1
HD 39091_5,2.552085255506166,0.06531234618667396,HD 39091,1.31,1.08,8,1
HD 39091_5,1.920315291475344,0.4451108158693523,HD 39091,1.31,1.08,8,1
HD 39091_5,2.0952745301440827,0.48165623818443437,HD 39091,1.31,1.08,8,1
HD 39091_5,2.11894867002545,0.09841875531596972,HD 39091,1.31,1.08,8,1
HD 39091_5,2.8290135834125354,0.062159297211687954,HD 39091,1.31,1.08,8,1
HD 39091_5,2.0537630392070323,0.0338664524541148,HD 39091,1.31,1.08,8,1
HD 39091_5,2.5829906149241877,0.2287598580677923,HD 39091,1.31,1.08,8,1
HD 39091_5,4.837856331262561,0.06773786491426927,HD 39091,1.31,1.08,8,1
HD 39091_5,3.1631843705884957,0.01610835478407292,HD 39091,1.31,1.08,8,1
HD 39091_5,3.0938249833329308,0.4546361149783518,HD 39091,1.31,1.08,8,1
HD 39091_5,2.215055049888947,0.26459818869229657,HD 39091,1.31,1.08,8,1
HD 39091_5,3.6931221379129284,0.29010842035383805,HD 39091,1.31,1.08,8,1
HD 39091_5,2.225134895492026,0.26920409779074383,HD 39091,1.31,1.08,8,1
HD 39091_5,3.1372269233505885,0.25350762094098667,HD 39091,1.31,1.08,8,1
HD 39091_5,1.2799242032987166,0.6715883863248061,HD 39091,1.31,1.08,8,1
HD 39091_5,3.0498581718658078,0.049487948798814504,HD 39091,1.31,1.08,8,1
HD 39091_5,2.4576182843703003,0.13895255192233377,HD 39091,1.31,1.08,8,1
HD 39091_5,1.7992973481725543,0.0033172960258798143,HD 39091,1.31,1.08,8,1
HD 39091_5,2.054651850800792,0.23111515336798785,HD 39091,1.31,1.08,8,1
HD 39091_5,1.7514504180105739,0.010786873682546426,HD 39091,1.31,1.08,8,1
HD 39091_5,3.253887202222998,0.5779923143761649,HD 39091,1.31,1.08,8,1
HD 39091_5,2.933839027511329,0.5248086402170465,HD 39091,1.31,1.08,8,1
HD 39091_5,3.9721004299568876,0.21037523107237352,HD 39091,1.31,1.08,8,1
HD 39091_5,1.5679872105976447,0.18689236753524552,HD 39091,1.31,1.08,8,1
HD 39091_5,2.7342064107326447,0.03503048858464139,HD 39091,1.31,1.08,8,1
HD 39091_5,3.154649623075686,0.6077553963543025,HD 39091,1.31,1.08,8,1
HD 39091_5,2.506547217614507,0.18557951897433275,HD 39091,1.31,1.08,8,1
HD 39091_5,2.0084305938282125,0.034399361597682504,HD 39091,1.31,1.08,8,1
HD 39091_5,43.560765797397146,0.7063364909986188,HD 39091,1.31,1.08,8,1
HD 39091_5,3.082706059127223,0.6411248747849851,HD 39091,1.31,1.08,8,1
HD 39091_5,3.237582192408148,0.17941118718663213,HD 39091,1.31,1.08,8,1
HD 39091_5,1.545489946028296,0.38191434549256986,HD 39091,1.31,1.08,8,1
HD 39091_5,2.2152168019225837,0.1433488434727956,HD 39091,1.31,1.08,8,1
HD 39091_5,4.2645012592522855,0.06893392838342804,HD 39091,1.31,1.08,8,1
HD 39091_5,1.9990194306030837,0.0725892547020749,HD 39091,1.31,1.08,8,1
HD 39091_5,5.485502804794642,0.4116157725295143,HD 39091,1.31,1.08,8,1
HD 39091_5,3.742313313931249,0.2867322025460496,HD 39091,1.31,1.08,8,1
HD 39091_5,5.548553700071437,0.7056994560430084,HD 39091,1.31,1.08,8,1
HD 39091_5,2.923371762286588,0.00347748813861259,HD 39091,1.31,1.08,8,1
HD 39091_5,2.400472065178878,0.1148555297465765,HD 39091,1.31,1.08,8,1
HD 39091_5,2.974737783277667,0.2530238034564838,HD 39091,1.31,1.08,8,1
HD 39091_5,1.7169603982556834,0.3591137876970874,HD 39091,1.31,1.08,8,1
HD 39091_5,5.129191021922707,0.041850892944801946,HD 39091,1.31,1.08,8,1
HD 39091_5,2.806836258659908,0.23532839971400568,HD 39091,1.31,1.08,8,1
HD 39091_5,3.102597215845017,0.06035346615790211,HD 39091,1.31,1.08,8,1
HD 39091_5,37.78341211666047,0.3484402355023457,HD 39091,1.31,1.08,8,1
HD 39091_5,3.1808549855349577,0.251557752056767,HD 39091,1.31,1.08,8,1
HD 39091_5,3.3231174187260293,0.3178907873395862,HD 39091,1.31,1.08,8,1
HD 39091_5,2.418383661382087,0.09732353530408332,HD 39091,1.31,1.08,8,1
HD 39091_5,3.079207445102245,0.038200727695607985,HD 39091,1.31,1.08,8,1
HD 39091_5,2.269352546684726,0.0361807214756171,HD 39091,1.31,1.08,8,1
HD 39091_5,6.246507175164733,0.008570120986717224,HD 39091,1.31,1.08,8,1
HD 39091_5,11.471781574145504,0.49064500699115193,HD 39091,1.31,1.08,8,1
HD 39091_5,5.434757117414826,0.17867964102369002,HD 39091,1.31,1.08,8,1
HD 20807_1,1.8545081959060805,0.15659926359824786,HD 20807,0.954,1.07,8,4
HD 20807_1,1.8727405619464093,0.07499782502212328,HD 20807,0.954,1.07,8,4
HD 20807_1,1.8555435317836944,0.1164360895887834,HD 20807,0.954,1.07,8,4
HD 20807_1,1.8608322222410825,0.09292119514967091,HD 20807,0.954,1.07,8,4
HD 20807_1,1.849573097386739,0.07435284133988312,HD 20807,0.954,1.07,8,4
HD 20807_1,1.8531884713187454,0.08046736352453727,HD 20807,0.954,1.07,8,4
HD 20807_1,1.8577899746972648,0.002541567238311865,HD 20807,0.954,1.07,8,4
HD 20807_1,1.8675434252931258,0.053541424093178296,HD 20807,0.954,1.07,8,4
HD 20807_1,1.8532299841379247,0.13563683822241882,HD 20807,0.954,1.07,8,4
HD 20807_1,1.8550798677850517,0.1168710026292589,HD 20807,0.954,1.07,8,4
HD 20807_1,1.8578208716682358,0.08686109508959043,HD 20807,0.954,1.07,8,4
HD 20807_1,1.8617176333033056,0.07886871413634973,HD 20807,0.954,1.07,8,4
HD 20807_1,1.8580894586915977,0.10036645434377102,HD 20807,0.954,1.07,8,4
HD 20807_1,1.866366334221843,0.02033597360614174,HD 20807,0.954,1.07,8,4
HD 20807_1,1.8612872603846957,0.11226014151349083,HD 20807,0.954,1.07,8,4
HD 20807_1,1.8488878928247645,0.08275048735238677,HD 20807,0.954,1.07,8,4
HD 20807_1,1.8532337814915627,0.15111334574305063,HD 20807,0.954,1.07,8,4
HD 20807_1,1.854097308429104,0.12054884571363582,HD 20807,0.954,1.07,8,4
HD 20807_1,1.8517064851120482,0.05803166425686179,HD 20807,0.954,1.07,8,4
HD 20807_1,1.8693827656648114,0.14454532910176227,HD 20807,0.954,1.07,8,4
HD 20807_1,1.8520664898996957,0.08775837665873565,HD 20807,0.954,1.07,8,4
HD 20807_1,1.8516358894664224,0.06173603110577584,HD 20807,0.954,1.07,8,4
HD 20807_1,1.8697311800619985,0.13045761712243437,HD 20807,0.954,1.07,8,4
HD 20807_1,1.8573951184461246,0.038324677814780585,HD 20807,0.954,1.07,8,4
HD 20807_1,1.85413495606849,0.0765225067634986,HD 20807,0.954,1.07,8,4
HD 20807_1,1.8572947292651154,0.1081602721723871,HD 20807,0.954,1.07,8,4
HD 20807_1,1.8518656139400498,0.13752607063019978,HD 20807,0.954,1.07,8,4
HD 20807_1,1.8654247945194269,0.0570779546625389,HD 20807,0.954,1.07,8,4
HD 20807_1,1.8601057722614145,0.08517822266254803,HD 20807,0.954,1.07,8,4
HD 20807_1,1.8541832350402974,0.06832713076660485,HD 20807,0.954,1.07,8,4
HD 20807_1,1.8592232204549033,0.07920682798795843,HD 20807,0.954,1.07,8,4
HD 20807_1,1.853530324655381,0.05329561866572846,HD 20807,0.954,1.07,8,4
HD 20807_1,1.8485914769872172,0.10859417506009873,HD 20807,0.954,1.07,8,4
HD 20807_1,1.8528563096183561,0.036005342764847764,HD 20807,0.954,1.07,8,4
HD 20807_1,1.8568970243599363,0.011806353355731165,HD 20807,0.954,1.07,8,4
HD 20807_1,1.8623145731983848,0.09924726527311196,HD 20807,0.954,1.07,8,4
HD 20807_1,1.8679795024853405,0.12489873541497562,HD 20807,0.954,1.07,8,4
HD 20807_1,1.865130308554684,0.0919079560600091,HD 20807,0.954,1.07,8,4
HD 20807_1,1.867295039467837,0.11519855554546031,HD 20807,0.954,1.07,8,4
HD 20807_1,1.8631840406771087,0.02904761346996948,HD 20807,0.954,1.07,8,4
HD 20807_1,1.8717748533779375,0.11692949508318866,HD 20807,0.954,1.07,8,4
HD 20807_1,1.8637193563641632,0.1270809683154433,HD 20807,0.954,1.07,8,4
HD 20807_1,1.846094631605653,0.1763366277570208,HD 20807,0.954,1.07,8,4
HD 20807_1,1.8518752817888693,0.062480671457617515,HD 20807,0.954,1.07,8,4
HD 20807_1,1.8400794045792406,0.10286069841896152,HD 20807,0.954,1.07,8,4
HD 20807_1,1.8542548127159366,0.04033023945966604,HD 20807,0.954,1.07,8,4
HD 20807_1,1.8545977453237936,0.0942197498064214,HD 20807,0.954,1.07,8,4
HD 20807_1,1.8658962383844455,0.0378709106602457,HD 20807,0.954,1.07,8,4
HD 20807_1,1.8637554793347093,0.11505603868474416,HD 20807,0.954,1.07,8,4
HD 20807_1,1.8653856954715051,0.059466548715099814,HD 20807,0.954,1.07,8,4
HD 20807_1,1.870906920245921,0.15009387494952506,HD 20807,0.954,1.07,8,4
HD 20807_1,1.8571708241172538,0.06826855450969663,HD 20807,0.954,1.07,8,4
HD 20807_1,1.8501931637703393,0.03483202001862235,HD 20807,0.954,1.07,8,4
HD 20807_1,1.849620868918435,0.04191573994793685,HD 20807,0.954,1.07,8,4
HD 20807_1,1.8549990889571424,0.060332812093059594,HD 20807,0.954,1.07,8,4
HD 20807_1,1.8552234315061906,0.07791919178129757,HD 20807,0.954,1.07,8,4
HD 20807_1,1.8469196380382233,0.10630870556849042,HD 20807,0.954,1.07,8,4
HD 20807_1,1.8595336192037486,0.11618717912513314,HD 20807,0.954,1.07,8,4
HD 20807_1,1.8619038247806874,0.07257754209201278,HD 20807,0.954,1.07,8,4
HD 20807_1,1.8671442831006706,0.09557654333016112,HD 20807,0.954,1.07,8,4
HD 20807_1,1.8586975432881436,0.034709329181343604,HD 20807,0.954,1.07,8,4
HD 20807_1,1.8602906483153323,0.1365359882241389,HD 20807,0.954,1.07,8,4
HD 20807_1,1.8580750634009617,0.08283565853042242,HD 20807,0.954,1.07,8,4
HD 20807_1,1.8637612424274903,0.07365221942991104,HD 20807,0.954,1.07,8,4
HD 20807_1,1.8473794220537851,0.09340033009528087,HD 20807,0.954,1.07,8,4
HD 20807_1,1.8612603964799024,0.0888276891824419,HD 20807,0.954,1.07,8,4
HD 20807_1,1.8499569739687076,0.07073667590690288,HD 20807,0.954,1.07,8,4
HD 20807_1,1.8659269387792483,0.028149531785851556,HD 20807,0.954,1.07,8,4
HD 20807_1,1.853182309690392,0.09433406587228099,HD 20807,0.954,1.07,8,4
HD 20807_1,1.8361458858877278,0.0717122343321177,HD 20807,0.954,1.07,8,4
HD 20807_1,1.8475499683711654,0.14929025866940088,HD 20807,0.954,1.07,8,4
HD 20807_1,1.8568991322043071,0.04222340008602817,HD 20807,0.954,1.07,8,4
HD 20807_1,1.8736860910888355,0.04449528711808081,HD 20807,0.954,1.07,8,4
HD 20807_1,1.861812419207563,0.04933657544206065,HD 20807,0.954,1.07,8,4
HD 20807_1,1.8578806207473852,0.02094709878231002,HD 20807,0.954,1.07,8,4
HD 20807_1,1.85873353083151,0.08187395509614342,HD 20807,0.954,1.07,8,4
HD 20807_1,1.8572627432262308,0.0988764976723429,HD 20807,0.954,1.07,8,4
HD 20807_1,1.860425199856415,0.06164611117583105,HD 20807,0.954,1.07,8,4
HD 20807_1,1.8609774988519028,0.04723949152984146,HD 20807,0.954,1.07,8,4
HD 20807_1,1.8580557308299075,0.13104406477091124,HD 20807,0.954,1.07,8,4
HD 20807_1,1.85235221899302,0.09551724996424554,HD 20807,0.954,1.07,8,4
HD 20807_1,1.8554269542233635,0.04823574634395947,HD 20807,0.954,1.07,8,4
HD 20807_1,1.8664896983507056,0.09464114725020774,HD 20807,0.954,1.07,8,4
HD 20807_1,1.8503875312096396,0.057322485591798325,HD 20807,0.954,1.07,8,4
HD 20807_1,1.84993332019381,0.12374102800472919,HD 20807,0.954,1.07,8,4
HD 20807_1,1.8625605168536,0.028695233380124564,HD 20807,0.954,1.07,8,4
HD 20807_1,1.8549201409970046,0.04496568056373006,HD 20807,0.954,1.07,8,4
HD 20807_1,1.8569674055646024,0.10888674277639136,HD 20807,0.954,1.07,8,4
HD 20807_1,1.8509712895204704,0.11915530249941655,HD 20807,0.954,1.07,8,4
HD 20807_1,1.8591074418014615,0.0636250001204048,HD 20807,0.954,1.07,8,4
HD 20807_1,1.8614715454752364,0.05535737743351695,HD 20807,0.954,1.07,8,4
HD 20807_1,1.8615194950663205,0.0831762632750712,HD 20807,0.954,1.07,8,4
HD 20807_1,1.8574753990970976,0.05476199636028796,HD 20807,0.954,1.07,8,4
HD 20807_1,1.848399005098428,0.05079541394421511,HD 20807,0.954,1.07,8,4
HD 20807_1,1.8540036163409637,0.13526711577156975,HD 20807,0.954,1.07,8,4
HD 20807_1,1.8561079121290374,0.08722348700628105,HD 20807,0.954,1.07,8,4
HD 20807_1,1.8527773744850555,0.08998483232523392,HD 20807,0.954,1.07,8,4
HD 20807_1,1.8466409812428541,0.1490858506614059,HD 20807,0.954,1.07,8,4
HD 20807_1,1.8574068954234353,0.18919859664500543,HD 20807,0.954,1.07,8,4
HD 20807_1,1.869256928806729,0.037462782335485376,HD 20807,0.954,1.07,8,4
HD 20807_1,1.8624475669572464,0.05276809615336102,HD 20807,0.954,1.07,8,4
HD 20807_1,1.8482054205094796,0.10203735762407984,HD 20807,0.954,1.07,8,4
HD 20807_1,1.8682913972942157,0.12310305862354981,HD 20807,0.954,1.07,8,4
HD 20807_1,1.8619245370700974,0.09544358608109155,HD 20807,0.954,1.07,8,4
HD 20807_1,1.871205990496707,0.04425186927126627,HD 20807,0.954,1.07,8,4
HD 20807_1,1.8506361342177093,0.04753376094815476,HD 20807,0.954,1.07,8,4
HD 20807_1,1.8464059284678853,0.11509615373032492,HD 20807,0.954,1.07,8,4
HD 20807_1,1.8559345223195627,0.08655606646150012,HD 20807,0.954,1.07,8,4
HD 20807_1,1.849031610878707,0.0621518218997292,HD 20807,0.954,1.07,8,4
HD 20807_1,1.866984419939931,0.027164947657439018,HD 20807,0.954,1.07,8,4
HD 20807_1,1.8561185051369844,0.07706957836608033,HD 20807,0.954,1.07,8,4
HD 20807_1,1.8505811828337932,0.07273781740119403,HD 20807,0.954,1.07,8,4
HD 20807_1,1.8538645393488218,0.07118870122298193,HD 20807,0.954,1.07,8,4
HD 20807_1,1.8597852179994931,0.016335063054894693,HD 20807,0.954,1.07,8,4
HD 20807_1,1.8663295599053207,0.08642842304999729,HD 20807,0.954,1.07,8,4
HD 20807_1,1.860435080951505,0.05076863048805297,HD 20807,0.954,1.07,8,4
HD 20807_1,1.8487004072477984,0.10567701658996423,HD 20807,0.954,1.07,8,4
HD 20807_1,1.8649459091860803,0.03861277881705955,HD 20807,0.954,1.07,8,4
HD 20807_1,1.8621148975770194,0.03440220303893313,HD 20807,0.954,1.07,8,4
HD 20807_1,1.8494294333160743,0.09804871099760927,HD 20807,0.954,1.07,8,4
HD 20807_1,1.8588916963157125,0.056426187955047315,HD 20807,0.954,1.07,8,4
HD 20807_1,1.856395914444125,0.07775116691521268,HD 20807,0.954,1.07,8,4
HD 20807_1,1.8561956052144495,0.05100033112192678,HD 20807,0.954,1.07,8,4
HD 20807_1,1.8577945653698638,0.034252245721589955,HD 20807,0.954,1.07,8,4
HD 20807_1,1.8609550656899978,0.05368099986108242,HD 20807,0.954,1.07,8,4
HD 20807_1,1.8609489967972488,0.0877074544913524,HD 20807,0.954,1.07,8,4
HD 20807_1,1.8407036458278083,0.029945763880594167,HD 20807,0.954,1.07,8,4
HD 20807_1,1.847597235003275,0.013703666578285728,HD 20807,0.954,1.07,8,4
HD 20807_1,1.8541576573856904,0.10309474313387391,HD 20807,0.954,1.07,8,4
HD 20807_1,1.8588570981559058,0.08332090058468603,HD 20807,0.954,1.07,8,4
HD 20807_1,1.8590684441081207,0.06483764871407892,HD 20807,0.954,1.07,8,4
HD 20807_1,1.8570194354643794,0.0886025257676834,HD 20807,0.954,1.07,8,4
HD 20807_1,1.8491504519282647,0.1552746898595707,HD 20807,0.954,1.07,8,4
HD 20807_1,1.8703910217370407,0.07289264062773933,HD 20807,0.954,1.07,8,4
HD 20807_1,1.8656922888803935,0.08564426895118356,HD 20807,0.954,1.07,8,4
HD 20807_1,1.8643824719306772,0.15027945061284123,HD 20807,0.954,1.07,8,4
HD 20807_1,1.8646221095135211,0.07084236633327089,HD 20807,0.954,1.07,8,4
HD 20807_1,1.8561614862322304,0.044591866088257284,HD 20807,0.954,1.07,8,4
HD 20807_1,1.864746782834677,0.14324311586975516,HD 20807,0.954,1.07,8,4
HD 20807_1,1.8563603736991037,0.1185419392797854,HD 20807,0.954,1.07,8,4
HD 20807_1,1.8712112384569306,0.10305060383145631,HD 20807,0.954,1.07,8,4
HD 20807_1,1.8469553755104369,0.06013303959558192,HD 20807,0.954,1.07,8,4
HD 20807_1,1.8609232204081487,0.07414733036797135,HD 20807,0.954,1.07,8,4
HD 20807_1,1.8597760959920528,0.1295400447756365,HD 20807,0.954,1.07,8,4
HD 20807_1,1.850446350539908,0.14707083847335467,HD 20807,0.954,1.07,8,4
HD 20807_1,1.867682914240882,0.020119857826583015,HD 20807,0.954,1.07,8,4
HD 20807_1,1.8571017528477587,0.05026114830926588,HD 20807,0.954,1.07,8,4
HD 20807_1,1.8593684760311397,0.11264135482677959,HD 20807,0.954,1.07,8,4
HD 20807_1,1.8570196870585742,0.030982670641210935,HD 20807,0.954,1.07,8,4
HD 20807_1,1.8561160716904022,0.10841354457125373,HD 20807,0.954,1.07,8,4
HD 20807_1,1.8523096151370388,0.0717480758204193,HD 20807,0.954,1.07,8,4
HD 20807_1,1.8574266597410716,0.10568158649008544,HD 20807,0.954,1.07,8,4
HD 20807_1,1.851032060323702,0.0810294037612763,HD 20807,0.954,1.07,8,4
HD 20807_1,1.8645523689626191,0.13904601005126127,HD 20807,0.954,1.07,8,4
HD 20807_1,1.8571366825659181,0.07218444297415816,HD 20807,0.954,1.07,8,4
HD 20807_1,1.8509796083906311,0.07667049072557691,HD 20807,0.954,1.07,8,4
HD 20807_1,1.8594431777235694,0.13059786112408456,HD 20807,0.954,1.07,8,4
HD 20807_1,1.8697783865401676,0.09830890757930891,HD 20807,0.954,1.07,8,4
HD 20807_1,1.8522546951661059,0.16128251425632542,HD 20807,0.954,1.07,8,4
HD 20807_1,1.8589798558531363,0.09865564554093886,HD 20807,0.954,1.07,8,4
HD 20807_1,1.8615399679543294,0.09141154955237094,HD 20807,0.954,1.07,8,4
HD 20807_1,1.850496752051926,0.16363691930376845,HD 20807,0.954,1.07,8,4
HD 20807_1,1.8669050793706452,0.15288665371473978,HD 20807,0.954,1.07,8,4
HD 20807_1,1.8569006616989385,0.13235844436230543,HD 20807,0.954,1.07,8,4
HD 20807_1,1.847567977400657,0.09368917132197088,HD 20807,0.954,1.07,8,4
HD 20807_1,1.8625362865041213,0.11735466264581282,HD 20807,0.954,1.07,8,4
HD 20807_1,1.852810890449922,0.06946220592919616,HD 20807,0.954,1.07,8,4
HD 20807_1,1.8601398956042146,0.010017709934007038,HD 20807,0.954,1.07,8,4
HD 20807_1,1.8591375924987348,0.05516157838459321,HD 20807,0.954,1.07,8,4
HD 20807_1,1.8649629486909192,0.09437576550386978,HD 20807,0.954,1.07,8,4
HD 20807_1,1.8690457755773966,0.1299818477565916,HD 20807,0.954,1.07,8,4
HD 20807_1,1.8611175436589975,0.03861879206380873,HD 20807,0.954,1.07,8,4
HD 20807_1,1.8546049912619336,0.08831263089224398,HD 20807,0.954,1.07,8,4
HD 20807_1,1.8604535723733908,0.1198211968987051,HD 20807,0.954,1.07,8,4
HD 20807_1,1.8630887151906739,0.11109647373528184,HD 20807,0.954,1.07,8,4
HD 20807_1,1.8594954040966187,0.09934035106652331,HD 20807,0.954,1.07,8,4
HD 20807_1,1.8548561309304876,0.06489274899527094,HD 20807,0.954,1.07,8,4
HD 20807_1,1.8646915646463975,0.04349883920721927,HD 20807,0.954,1.07,8,4
HD 20807_1,1.864944560839305,0.10587669557896418,HD 20807,0.954,1.07,8,4
HD 20807_1,1.8729937442156113,0.10468066811298087,HD 20807,0.954,1.07,8,4
HD 20807_1,1.8604683214784354,0.08441343189219128,HD 20807,0.954,1.07,8,4
HD 20807_1,1.8705406640941853,0.0703855385567164,HD 20807,0.954,1.07,8,4
HD 20807_1,1.8599821144207456,0.11174875356924398,HD 20807,0.954,1.07,8,4
HD 20807_1,1.8648000688006565,0.07061812782093513,HD 20807,0.954,1.07,8,4
HD 20807_1,1.8582822669435948,0.04224111928583583,HD 20807,0.954,1.07,8,4
HD 20807_1,1.847340218390071,0.12020185642243911,HD 20807,0.954,1.07,8,4
HD 20807_1,1.8562555452674872,0.07579233783376471,HD 20807,0.954,1.07,8,4
HD 20807_1,1.8565930735412173,0.09251749604564764,HD 20807,0.954,1.07,8,4
HD 20807_1,1.8533694037868311,0.03752581480587233,HD 20807,0.954,1.07,8,4
HD 20807_1,1.8572354247017784,0.010321491221071781,HD 20807,0.954,1.07,8,4
HD 20807_1,1.8577630014654434,0.0781468825064498,HD 20807,0.954,1.07,8,4
HD 20807_1,1.853110119668683,0.067560625068581,HD 20807,0.954,1.07,8,4
HD 20807_1,1.8690952180745182,0.07723955740282562,HD 20807,0.954,1.07,8,4
HD 20807_1,1.8581973844842161,0.04470101428972443,HD 20807,0.954,1.07,8,4
HD 20807_1,1.860315842615334,0.07368010417424642,HD 20807,0.954,1.07,8,4
HD 20807_1,1.8642658679166613,0.19502245475904356,HD 20807,0.954,1.07,8,4
HD 20807_1,1.8606494806073608,0.10284000481369791,HD 20807,0.954,1.07,8,4
HD 20807_1,1.8622029096139159,0.03009466615609124,HD 20807,0.954,1.07,8,4
HD 20807_1,1.8553688728376605,0.10650975067791421,HD 20807,0.954,1.07,8,4
HD 20807_1,1.8548779150263117,0.046326116425516914,HD 20807,0.954,1.07,8,4
HD 20807_1,1.8584225689594334,0.014624064012901054,HD 20807,0.954,1.07,8,4
HD 20807_1,1.8605746992964962,0.04757701931395799,HD 20807,0.954,1.07,8,4
HD 20807_1,1.8517292901305147,0.15227637651050474,HD 20807,0.954,1.07,8,4
HD 20807_1,1.8557136124638622,0.03575169285294015,HD 20807,0.954,1.07,8,4
HD 20807_1,1.8507321511530725,0.10966820953643525,HD 20807,0.954,1.07,8,4
HD 20807_1,1.8717351030492648,0.04910247427702412,HD 20807,0.954,1.07,8,4
HD 20807_1,1.8480196643599802,0.04275761150520941,HD 20807,0.954,1.07,8,4
HD 20807_1,1.850831439813356,0.05634856693318335,HD 20807,0.954,1.07,8,4
HD 20807_1,1.8568819782901573,0.09123028545774547,HD 20807,0.954,1.07,8,4
HD 20807_1,1.8641375208189317,0.1644813439341778,HD 20807,0.954,1.07,8,4
HD 20807_1,1.8527777857582237,0.16683011281918578,HD 20807,0.954,1.07,8,4
HD 20807_1,1.8649682287035547,0.045121602006871916,HD 20807,0.954,1.07,8,4
HD 20807_1,1.8567720197253308,0.0948644060538456,HD 20807,0.954,1.07,8,4
HD 20807_1,1.875202277906836,0.012605241262027875,HD 20807,0.954,1.07,8,4
HD 20807_1,1.867493725669975,0.006095289216950489,HD 20807,0.954,1.07,8,4
HD 20807_1,1.856879149801664,0.06959092537365552,HD 20807,0.954,1.07,8,4
HD 20807_1,1.864335216640516,0.12706594137963034,HD 20807,0.954,1.07,8,4
HD 20807_1,1.852892725667452,0.048596094526309454,HD 20807,0.954,1.07,8,4
HD 20807_1,1.8654710631509772,0.07487871780240946,HD 20807,0.954,1.07,8,4
HD 20807_1,1.8544306689734826,0.06125666372733898,HD 20807,0.954,1.07,8,4
HD 20807_1,1.8629596568912639,0.16618383509293264,HD 20807,0.954,1.07,8,4
HD 20807_1,1.8582242364060144,0.101214540164308,HD 20807,0.954,1.07,8,4
HD 20807_1,1.8678373893133515,0.04175431384246394,HD 20807,0.954,1.07,8,4
HD 20807_1,1.8672395868639216,0.11361057927132412,HD 20807,0.954,1.07,8,4
HD 20807_1,1.8607564374650007,0.11183107771465906,HD 20807,0.954,1.07,8,4
HD 20807_1,1.8709961869675833,0.05766363142688239,HD 20807,0.954,1.07,8,4
HD 20807_1,1.8674279415403567,0.14087998553812225,HD 20807,0.954,1.07,8,4
HD 20807_1,1.8598490156450393,0.10516030667865664,HD 20807,0.954,1.07,8,4
HD 20807_1,1.8512753598931235,0.12904020967335444,HD 20807,0.954,1.07,8,4
HD 20807_1,1.85881138948496,0.10153903235287876,HD 20807,0.954,1.07,8,4
HD 20807_1,1.862828641929097,0.03148386798811913,HD 20807,0.954,1.07,8,4
HD 20807_1,1.856073275684564,0.04873538650980941,HD 20807,0.954,1.07,8,4
HD 20807_1,1.868335768364104,0.06518716870331599,HD 20807,0.954,1.07,8,4
HD 20807_1,1.8686144012660397,0.13084936024342678,HD 20807,0.954,1.07,8,4
HD 20807_1,1.8472159110662074,0.06326353046989049,HD 20807,0.954,1.07,8,4
HD 20807_1,1.8624592032891247,0.07404973099917549,HD 20807,0.954,1.07,8,4
HD 20807_1,1.8570832256697574,0.06686979508600845,HD 20807,0.954,1.07,8,4
HD 20807_1,1.8569265835682252,0.060539058024736636,HD 20807,0.954,1.07,8,4
HD 20807_1,1.8621579081667896,0.09626268573807392,HD 20807,0.954,1.07,8,4
HD 20807_1,1.8497779277624684,0.07530407788229662,HD 20807,0.954,1.07,8,4
HD 20807_1,1.852987682522388,0.10664264206179871,HD 20807,0.954,1.07,8,4
HD 20807_1,1.8612788406446283,0.013948792536622522,HD 20807,0.954,1.07,8,4
HD 20807_1,1.8551081925988362,0.027336638512342054,HD 20807,0.954,1.07,8,4
HD 20807_1,1.8581193429041305,0.057758999826878626,HD 20807,0.954,1.07,8,4
HD 20807_1,1.8677558651060582,0.0022611714634162006,HD 20807,0.954,1.07,8,4
HD 20807_1,1.8596486803824857,0.05820988839563759,HD 20807,0.954,1.07,8,4
HD 20807_1,1.8576587829219147,0.09284860456080654,HD 20807,0.954,1.07,8,4
HD 20807_1,1.8614673667336077,0.12899331508307182,HD 20807,0.954,1.07,8,4
HD 20807_1,1.8532693853246953,0.07615731979224531,HD 20807,0.954,1.07,8,4
HD 20807_1,1.8563928802917244,0.06041426847441541,HD 20807,0.954,1.07,8,4
HD 20807_1,1.8553374235052287,0.09711198932469951,HD 20807,0.954,1.07,8,4
HD 20807_1,1.86655294144549,0.09619805747313583,HD 20807,0.954,1.07,8,4
HD 20807_1,1.8561865763893486,0.042914668173294354,HD 20807,0.954,1.07,8,4
HD 20807_1,1.8591483248098526,0.11812174170735384,HD 20807,0.954,1.07,8,4
HD 20807_1,1.8695686283491473,0.05898489947489802,HD 20807,0.954,1.07,8,4
HD 20807_1,1.8644159693166769,0.0262688433451568,HD 20807,0.954,1.07,8,4
HD 20807_1,1.8564146656368072,0.10966748362834679,HD 20807,0.954,1.07,8,4
HD 20807_1,1.8575446504099944,0.04460474182543646,HD 20807,0.954,1.07,8,4
HD 20807_1,1.8589710752516235,0.08568694051773279,HD 20807,0.954,1.07,8,4
HD 20807_1,1.8575499599046597,0.1478606302514192,HD 20807,0.954,1.07,8,4
HD 20807_1,1.861004307476153,0.05845079162650335,HD 20807,0.954,1.07,8,4
HD 20807_1,1.8703639242263397,0.06774657029101921,HD 20807,0.954,1.07,8,4
HD 20807_1,1.8625521701811687,0.09814011848460022,HD 20807,0.954,1.07,8,4
HD 20807_1,1.8569830548760329,0.0255755123264014,HD 20807,0.954,1.07,8,4
HD 20807_1,1.8585508438046314,0.04816856050333631,HD 20807,0.954,1.07,8,4
HD 20807_1,1.8668007465849792,0.06088863520522627,HD 20807,0.954,1.07,8,4
HD 20807_1,1.8542537660972152,0.09002999991469836,HD 20807,0.954,1.07,8,4
HD 20807_1,1.856151045142391,0.07405186348481982,HD 20807,0.954,1.07,8,4
HD 20807_1,1.855746634832196,0.05549701196207001,HD 20807,0.954,1.07,8,4
HD 20807_1,1.8561913062976045,0.11717072273540857,HD 20807,0.954,1.07,8,4
HD 20807_1,1.8669937810212662,0.07004049543708005,HD 20807,0.954,1.07,8,4
HD 20807_1,1.855945242152857,0.08061551054030848,HD 20807,0.954,1.07,8,4
HD 20807_1,1.8600693972653062,0.0927622498939957,HD 20807,0.954,1.07,8,4
HD 20807_1,1.8623167992054432,0.0425286425223156,HD 20807,0.954,1.07,8,4
HD 20807_1,1.860096116976671,0.1408988131689082,HD 20807,0.954,1.07,8,4
HD 20807_1,1.8581133141930204,0.1415064035043595,HD 20807,0.954,1.07,8,4
HD 20807_1,1.8616348060049708,0.130520544042856,HD 20807,0.954,1.07,8,4
HD 20807_1,1.8626181782836053,0.026856231132461193,HD 20807,0.954,1.07,8,4
HD 20807_1,1.8535186869779416,0.09421271555465298,HD 20807,0.954,1.07,8,4
HD 20807_1,1.8533089553117938,0.13057695955827014,HD 20807,0.954,1.07,8,4
HD 20807_1,1.8492874909592638,0.08829728965483978,HD 20807,0.954,1.07,8,4
HD 20807_1,1.8517726054989603,0.030247601526077958,HD 20807,0.954,1.07,8,4
HD 20807_1,1.8627779123508053,0.09074839300506762,HD 20807,0.954,1.07,8,4
HD 20807_1,1.8554086605662174,0.07925237755221741,HD 20807,0.954,1.07,8,4
HD 20807_1,1.8464194453278941,0.016820445381112464,HD 20807,0.954,1.07,8,4
HD 20807_1,1.851258226706401,0.039918634417986834,HD 20807,0.954,1.07,8,4
HD 20807_1,1.8728915730049167,0.09484672744702558,HD 20807,0.954,1.07,8,4
HD 20807_1,1.8571907071374176,0.030160253903080733,HD 20807,0.954,1.07,8,4
HD 20807_1,1.8588918187803483,0.06707031397207502,HD 20807,0.954,1.07,8,4
HD 20807_1,1.855738390825929,0.08919948392874308,HD 20807,0.954,1.07,8,4
HD 20807_1,1.861542495910746,0.037368025909586405,HD 20807,0.954,1.07,8,4
HD 20807_1,1.8667983089741154,0.1051354676435932,HD 20807,0.954,1.07,8,4
HD 20807_1,1.881785609465069,0.12233081808308799,HD 20807,0.954,1.07,8,4
HD 20807_1,1.8612248700207954,0.10412167243116748,HD 20807,0.954,1.07,8,4
HD 20807_1,1.8540999472433901,0.11953248151101989,HD 20807,0.954,1.07,8,4
HD 20807_1,1.8523323267047211,0.08024064801422454,HD 20807,0.954,1.07,8,4
HD 20807_1,1.8438451165501764,0.06027028934645492,HD 20807,0.954,1.07,8,4
HD 20807_1,1.8650622882258374,0.10407894376803499,HD 20807,0.954,1.07,8,4
HD 20807_1,1.8530955544583874,0.11223216599999132,HD 20807,0.954,1.07,8,4
HD 20807_1,1.8633900601379372,0.09221763972053364,HD 20807,0.954,1.07,8,4
HD 20807_1,1.8453516260565292,0.11730794877397158,HD 20807,0.954,1.07,8,4
HD 20807_1,1.8670746345312377,0.10215002045037527,HD 20807,0.954,1.07,8,4
HD 20807_1,1.8626770363507947,0.11328723585199907,HD 20807,0.954,1.07,8,4
HD 20807_1,1.8623939942578809,0.10024352247352608,HD 20807,0.954,1.07,8,4
HD 20807_1,1.8516015422740795,0.07366485006866952,HD 20807,0.954,1.07,8,4
HD 20807_1,1.850323397121019,0.08179830028055116,HD 20807,0.954,1.07,8,4
HD 20807_1,1.863120903209241,0.0393315599514435,HD 20807,0.954,1.07,8,4
HD 20807_1,1.857724879848694,0.1022019688238106,HD 20807,0.954,1.07,8,4
HD 20807_1,1.8704928194774768,0.08773242898363842,HD 20807,0.954,1.07,8,4
HD 20807_1,1.8657486007933148,0.009256308834124732,HD 20807,0.954,1.07,8,4
HD 20807_1,1.8572660720027176,0.02911873597410025,HD 20807,0.954,1.07,8,4
HD 20807_1,1.864625492397802,0.07138586499613848,HD 20807,0.954,1.07,8,4
HD 20807_1,1.869134450728403,0.03778498596110562,HD 20807,0.954,1.07,8,4
HD 20807_1,1.8661013255966883,0.026973442218561933,HD 20807,0.954,1.07,8,4
HD 20807_1,1.8501440900090265,0.08296860743274045,HD 20807,0.954,1.07,8,4
HD 20807_1,1.854328672680271,0.03810098039484025,HD 20807,0.954,1.07,8,4
HD 20807_1,1.8636368308921292,0.03268318332119116,HD 20807,0.954,1.07,8,4
HD 20807_1,1.870455014937876,0.169946260722583,HD 20807,0.954,1.07,8,4
HD 20807_1,1.8606223798856736,0.06716940173506034,HD 20807,0.954,1.07,8,4
HD 20807_1,1.8544942724598548,0.04299631533310592,HD 20807,0.954,1.07,8,4
HD 20807_1,1.8654683978340165,0.05565141854241186,HD 20807,0.954,1.07,8,4
HD 20807_1,1.8628788339664974,0.06575418794100814,HD 20807,0.954,1.07,8,4
HD 20807_1,1.8726838543091895,0.0752991189801087,HD 20807,0.954,1.07,8,4
HD 20807_1,1.8703692694704408,0.09269015405505329,HD 20807,0.954,1.07,8,4
HD 20807_1,1.8621843944175909,0.11468927362761956,HD 20807,0.954,1.07,8,4
HD 20807_1,1.8609476074077567,0.09350727126954506,HD 20807,0.954,1.07,8,4
HD 20807_1,1.855008497094685,0.11724662193035415,HD 20807,0.954,1.07,8,4
HD 20807_1,1.848491985093687,0.10076096947429605,HD 20807,0.954,1.07,8,4
HD 20807_1,1.8698122471448266,0.10102561220119691,HD 20807,0.954,1.07,8,4
HD 20807_1,1.8626280702092282,0.12590998382367316,HD 20807,0.954,1.07,8,4
HD 20807_1,1.8557513249948225,0.09630697668198376,HD 20807,0.954,1.07,8,4
HD 20807_1,1.8552423757639405,0.09872515238573368,HD 20807,0.954,1.07,8,4
HD 20807_1,1.8608746881429115,0.08223458148029576,HD 20807,0.954,1.07,8,4
HD 20807_1,1.8605975844399643,0.08482897363610342,HD 20807,0.954,1.07,8,4
HD 20807_1,1.8492541194247427,0.10534570116565929,HD 20807,0.954,1.07,8,4
HD 20807_1,1.8696319788303764,0.08150478764842191,HD 20807,0.954,1.07,8,4
HD 20807_1,1.8668240268461622,0.13900625926040325,HD 20807,0.954,1.07,8,4
HD 20807_1,1.8633091218269924,0.06927664103232901,HD 20807,0.954,1.07,8,4
HD 20807_1,1.860170681158054,0.10349547998867316,HD 20807,0.954,1.07,8,4
HD 20807_1,1.8499630237288922,0.06039328917672832,HD 20807,0.954,1.07,8,4
HD 20807_1,1.8633916988440233,0.02435322440825259,HD 20807,0.954,1.07,8,4
HD 20807_1,1.860520299177136,0.1652582120273541,HD 20807,0.954,1.07,8,4
HD 20807_1,1.8593722935414003,0.13679766333338733,HD 20807,0.954,1.07,8,4
HD 20807_1,1.8570491362896344,0.10309282900314753,HD 20807,0.954,1.07,8,4
HD 20807_1,1.8524826668869083,0.062482822754355606,HD 20807,0.954,1.07,8,4
HD 20807_1,1.8628714208436346,0.13910620293220682,HD 20807,0.954,1.07,8,4
HD 20807_1,1.8481996580195852,0.053786120814079456,HD 20807,0.954,1.07,8,4
HD 20807_1,1.8613876878414097,0.07538744423272922,HD 20807,0.954,1.07,8,4
HD 20807_1,1.865292066248022,0.09861239666855232,HD 20807,0.954,1.07,8,4
HD 20807_1,1.8579824305512003,0.08320994977204382,HD 20807,0.954,1.07,8,4
HD 20807_1,1.8659685401324926,0.05608645897894408,HD 20807,0.954,1.07,8,4
HD 20807_1,1.8607539753945634,0.046023994960745815,HD 20807,0.954,1.07,8,4
HD 20807_1,1.8651287992079792,0.10664205515571556,HD 20807,0.954,1.07,8,4
HD 20807_1,1.8598499240244346,0.10508977654216796,HD 20807,0.954,1.07,8,4
HD 20807_1,1.8687696253734385,0.060466304393839015,HD 20807,0.954,1.07,8,4
HD 20807_1,1.8703084014909028,0.03893435351736513,HD 20807,0.954,1.07,8,4
HD 20807_1,1.861858071806653,0.07392048878646908,HD 20807,0.954,1.07,8,4
HD 20807_1,1.8542726548566368,0.06277449055985018,HD 20807,0.954,1.07,8,4
HD 20807_1,1.8621975545246106,0.08535257800980792,HD 20807,0.954,1.07,8,4
HD 20807_1,1.8562423476391796,0.061973485556815186,HD 20807,0.954,1.07,8,4
HD 20807_1,1.8609878801424267,0.05396946193378689,HD 20807,0.954,1.07,8,4
HD 20807_1,1.8596315020649212,0.10786633532792128,HD 20807,0.954,1.07,8,4
HD 20807_1,1.8763523145813774,0.15311363918482776,HD 20807,0.954,1.07,8,4
HD 20807_1,1.8677871840138882,0.14520806070671285,HD 20807,0.954,1.07,8,4
HD 20807_1,1.8644911802887707,0.02595536771188856,HD 20807,0.954,1.07,8,4
HD 20807_1,1.8540357799572627,0.013543799625591907,HD 20807,0.954,1.07,8,4
HD 20807_1,1.8727566684473664,0.029953382932042902,HD 20807,0.954,1.07,8,4
HD 20807_1,1.8632835165183432,0.0023491491171030443,HD 20807,0.954,1.07,8,4
HD 20807_1,1.869914080813487,0.10983626786388132,HD 20807,0.954,1.07,8,4
HD 20807_1,1.8596051740755009,0.08583152758888873,HD 20807,0.954,1.07,8,4
HD 20807_1,1.8436962729130855,0.08025661946369331,HD 20807,0.954,1.07,8,4
HD 20807_1,1.859273544184041,0.0710098628128196,HD 20807,0.954,1.07,8,4
HD 20807_1,1.8575763789981914,0.030482567354126647,HD 20807,0.954,1.07,8,4
HD 20807_1,1.861277871935122,0.12923657047098386,HD 20807,0.954,1.07,8,4
HD 20807_1,1.8648399970514036,0.002845093722097451,HD 20807,0.954,1.07,8,4
HD 20807_1,1.8571839114436195,0.07979144404685709,HD 20807,0.954,1.07,8,4
HD 20807_1,1.8488744595674516,0.06048333965339287,HD 20807,0.954,1.07,8,4
HD 20807_1,1.8666808850511236,0.11911553497855687,HD 20807,0.954,1.07,8,4
HD 20807_1,1.8683481274027194,0.047051011547429356,HD 20807,0.954,1.07,8,4
HD 20807_1,1.8637989772006716,0.12331240415600765,HD 20807,0.954,1.07,8,4
HD 20807_1,1.8608743414635893,0.06720808344376003,HD 20807,0.954,1.07,8,4
HD 20807_1,1.854894873394597,0.03569487770239463,HD 20807,0.954,1.07,8,4
HD 20807_1,1.8610724217888373,0.0905778778799112,HD 20807,0.954,1.07,8,4
HD 20807_1,1.8637023562822888,0.014811248842651129,HD 20807,0.954,1.07,8,4
HD 20807_1,1.8626779526620514,0.037164905148532594,HD 20807,0.954,1.07,8,4
HD 20807_1,1.8574482436363706,0.16023955347433178,HD 20807,0.954,1.07,8,4
HD 20807_1,1.8617415641674087,0.06362977235842654,HD 20807,0.954,1.07,8,4
HD 20807_1,1.852800508658828,0.10268034611326038,HD 20807,0.954,1.07,8,4
HD 20807_1,1.8612668832405848,0.08764429330499382,HD 20807,0.954,1.07,8,4
HD 20807_1,1.8668376867514729,0.13902005511105472,HD 20807,0.954,1.07,8,4
HD 20807_1,1.8579264844666963,0.002407733639263096,HD 20807,0.954,1.07,8,4
HD 20807_1,1.8532492595947132,0.0817551710857719,HD 20807,0.954,1.07,8,4
HD 20807_1,1.850584220536416,0.1612827316464699,HD 20807,0.954,1.07,8,4
HD 20807_1,1.8562638458576775,0.10318268457494487,HD 20807,0.954,1.07,8,4
HD 20807_1,1.8532607469357512,0.10205860541580078,HD 20807,0.954,1.07,8,4
HD 20807_1,1.861979902117617,0.07368673437489891,HD 20807,0.954,1.07,8,4
HD 20807_1,1.8549559939172293,0.08188206922373804,HD 20807,0.954,1.07,8,4
HD 20807_1,1.8583300916453418,0.04800415834386432,HD 20807,0.954,1.07,8,4
HD 20807_1,1.8637984869628015,0.024491036589537545,HD 20807,0.954,1.07,8,4
HD 20807_1,1.8598490156450393,0.10516030667865664,HD 20807,0.954,1.07,8,4
HD 20807_1,1.856248652523307,0.07726039543523809,HD 20807,0.954,1.07,8,4
HD 20807_1,1.8682131005752087,0.09498760133597473,HD 20807,0.954,1.07,8,4
HD 20807_1,1.8610205513582327,0.10077955748925205,HD 20807,0.954,1.07,8,4
HD 20807_1,1.873491456441858,0.024000433384829163,HD 20807,0.954,1.07,8,4
HD 20807_1,1.8597703617397154,0.10719617141425039,HD 20807,0.954,1.07,8,4
HD 20807_1,1.8583949151911412,0.09560245251849796,HD 20807,0.954,1.07,8,4
HD 20807_1,1.8505811828337932,0.07273781740119403,HD 20807,0.954,1.07,8,4
HD 20807_1,1.8651310889834338,0.00681131148533759,HD 20807,0.954,1.07,8,4
HD 20807_1,1.858782909328407,0.04128377432297606,HD 20807,0.954,1.07,8,4
HD 20807_1,1.854065283307562,0.07605625412032363,HD 20807,0.954,1.07,8,4
HD 20807_1,1.859885480405821,0.020292824904054547,HD 20807,0.954,1.07,8,4
HD 20807_1,1.8528289418214126,0.07933561784570332,HD 20807,0.954,1.07,8,4
HD 20807_1,1.856713317530077,0.04789398640971426,HD 20807,0.954,1.07,8,4
HD 20807_1,1.8674511510512986,0.10573719612889147,HD 20807,0.954,1.07,8,4
HD 20807_1,1.862557908241222,0.10658787033860197,HD 20807,0.954,1.07,8,4
HD 20807_1,1.8543774668628297,0.11550715753540686,HD 20807,0.954,1.07,8,4
HD 20807_1,1.8566280868753817,0.07599481985995422,HD 20807,0.954,1.07,8,4
HD 20807_1,1.8684986947541822,0.05044334355447426,HD 20807,0.954,1.07,8,4
HD 20807_1,1.8536636982741461,0.10875664173768335,HD 20807,0.954,1.07,8,4
HD 20807_1,1.8575374254102472,0.019729118573617532,HD 20807,0.954,1.07,8,4
HD 20807_1,1.8649820615135089,0.055020636512074415,HD 20807,0.954,1.07,8,4
HD 20807_1,1.8645927765598187,0.08690028865500585,HD 20807,0.954,1.07,8,4
HD 20807_1,1.8568326298241107,0.05720509396960204,HD 20807,0.954,1.07,8,4
HD 20807_1,1.8619439651966634,0.10029939979444479,HD 20807,0.954,1.07,8,4
HD 20807_1,1.8655059453082492,0.058264377931567295,HD 20807,0.954,1.07,8,4
HD 20807_1,1.8562505150683315,0.090806521344837,HD 20807,0.954,1.07,8,4
HD 20807_1,1.8700219093631796,0.060791123626144555,HD 20807,0.954,1.07,8,4
HD 20807_1,1.853130687539788,0.10905784973594548,HD 20807,0.954,1.07,8,4
HD 20807_1,1.8566112948731768,0.1328214272074165,HD 20807,0.954,1.07,8,4
HD 20807_1,1.856903748366212,0.11206227403249314,HD 20807,0.954,1.07,8,4
HD 20807_1,1.8526604402332756,0.16254839401636417,HD 20807,0.954,1.07,8,4
HD 20807_1,1.8548154139392008,0.06318861865868179,HD 20807,0.954,1.07,8,4
HD 20807_1,1.8657086444197033,0.09452883798157927,HD 20807,0.954,1.07,8,4
HD 20807_1,1.8617682297722118,0.07802957987816647,HD 20807,0.954,1.07,8,4
HD 20807_1,1.8604289409277968,0.075219724661898,HD 20807,0.954,1.07,8,4
HD 20807_1,1.8564367093174086,0.03350830444054087,HD 20807,0.954,1.07,8,4
HD 20807_1,1.8513354705290865,0.04757915797347769,HD 20807,0.954,1.07,8,4
HD 20807_1,1.8657191467663383,0.039559298418851696,HD 20807,0.954,1.07,8,4
HD 20807_1,1.8594221548556331,0.10856301911001764,HD 20807,0.954,1.07,8,4
HD 20807_1,1.8606075327842004,0.1435290313246404,HD 20807,0.954,1.07,8,4
HD 20807_1,1.866378927711251,0.06489017664228654,HD 20807,0.954,1.07,8,4
HD 20807_1,1.874856369538871,0.14450527102567073,HD 20807,0.954,1.07,8,4
HD 20807_1,1.872315721452017,0.11828808010408083,HD 20807,0.954,1.07,8,4
HD 20807_1,1.8607369818863142,0.12821754183866757,HD 20807,0.954,1.07,8,4
HD 20807_1,1.8648696484556029,0.0912535586275907,HD 20807,0.954,1.07,8,4
HD 20807_1,1.8529139988495542,0.097710054240438,HD 20807,0.954,1.07,8,4
HD 20807_1,1.8483930820308698,0.06899803418264595,HD 20807,0.954,1.07,8,4
HD 20807_1,1.857747283519004,0.14503544686793385,HD 20807,0.954,1.07,8,4
HD 20807_1,1.8732117563962594,0.15363926978037004,HD 20807,0.954,1.07,8,4
HD 20807_1,1.8661343167377478,0.04894478158175037,HD 20807,0.954,1.07,8,4
HD 20807_1,1.8654187849747792,0.04242639930045171,HD 20807,0.954,1.07,8,4
HD 20807_1,1.8510795396718676,0.06883584276567184,HD 20807,0.954,1.07,8,4
HD 20807_1,1.8690124649813826,0.05136137801168905,HD 20807,0.954,1.07,8,4
HD 20807_1,1.8675111866127914,0.12439385288979103,HD 20807,0.954,1.07,8,4
HD 20807_1,1.8528448570779408,0.05764422496661335,HD 20807,0.954,1.07,8,4
HD 20807_1,1.8621472070122336,0.08235524986396442,HD 20807,0.954,1.07,8,4
HD 20807_1,1.866715728285347,0.052667904433038495,HD 20807,0.954,1.07,8,4
HD 20807_1,1.8583389223376554,0.08232972818940923,HD 20807,0.954,1.07,8,4
HD 20807_1,1.8756581293654033,0.07260313256892084,HD 20807,0.954,1.07,8,4
HD 20807_1,1.860336702685504,0.055527655868603025,HD 20807,0.954,1.07,8,4
HD 20807_1,1.864290880440502,0.023529313162811864,HD 20807,0.954,1.07,8,4
HD 20807_1,1.8480975946886729,0.10036888242244354,HD 20807,0.954,1.07,8,4
HD 20807_1,1.8586130711085995,0.1657834393374059,HD 20807,0.954,1.07,8,4
HD 20807_1,1.8684298734545186,0.01469237833531321,HD 20807,0.954,1.07,8,4
HD 20807_1,1.8564454332020826,0.016149047965637667,HD 20807,0.954,1.07,8,4
HD 20807_1,1.8633036300860417,0.03634270959000617,HD 20807,0.954,1.07,8,4
HD 20807_1,1.854167977973109,0.12097801856845108,HD 20807,0.954,1.07,8,4
HD 20807_1,1.8571404775899278,0.08486266404116989,HD 20807,0.954,1.07,8,4
HD 20807_1,1.857457835149074,0.06667883444655043,HD 20807,0.954,1.07,8,4
HD 20807_1,1.8555656377797747,0.03897089807834627,HD 20807,0.954,1.07,8,4
HD 20807_1,1.8489056615138573,0.1597360446625238,HD 20807,0.954,1.07,8,4
HD 20807_1,1.8553931422505046,0.047110736440845374,HD 20807,0.954,1.07,8,4
HD 20807_1,1.8503621435805762,0.09284429952977248,HD 20807,0.954,1.07,8,4
HD 20807_1,1.8540498433149064,0.08492548921958207,HD 20807,0.954,1.07,8,4
HD 20807_1,1.8621833925922524,0.0335883033627498,HD 20807,0.954,1.07,8,4
HD 20807_1,1.8492479209646078,0.11229395034622774,HD 20807,0.954,1.07,8,4
HD 20807_1,1.8611486103933088,0.14834825290965373,HD 20807,0.954,1.07,8,4
HD 20807_1,1.8566544093967168,0.08579408799211447,HD 20807,0.954,1.07,8,4
HD 20807_1,1.8532731804504408,0.06541832469907875,HD 20807,0.954,1.07,8,4
HD 20807_1,1.8586064217505858,0.059155878829550854,HD 20807,0.954,1.07,8,4
HD 20807_1,1.857896003803242,0.054089821413108696,HD 20807,0.954,1.07,8,4
HD 20807_1,1.8615497308046893,0.12182394539981756,HD 20807,0.954,1.07,8,4
HD 20807_1,1.8569271282384257,0.056949541632319405,HD 20807,0.954,1.07,8,4
HD 20807_1,1.8674360237659717,0.03695277202217384,HD 20807,0.954,1.07,8,4
HD 20807_1,1.864764231922854,0.15308313399064524,HD 20807,0.954,1.07,8,4
HD 20807_1,1.8617492519557512,0.05956474036524971,HD 20807,0.954,1.07,8,4
HD 20807_1,1.8600757544051791,0.10437845239039564,HD 20807,0.954,1.07,8,4
HD 20807_1,1.844839338227165,0.07971129152526225,HD 20807,0.954,1.07,8,4
HD 20807_1,1.8577874297764616,0.10632521706351804,HD 20807,0.954,1.07,8,4
HD 20807_1,1.8619765637297945,0.06076979876357684,HD 20807,0.954,1.07,8,4
HD 20807_1,1.8599427504377937,0.11406675462466928,HD 20807,0.954,1.07,8,4
HD 20807_1,1.8657638093735485,0.011814084540779889,HD 20807,0.954,1.07,8,4
HD 20807_1,1.851103451677149,0.018015026523335476,HD 20807,0.954,1.07,8,4
HD 20807_1,1.8575908403959835,0.12603975636396308,HD 20807,0.954,1.07,8,4
HD 20807_1,1.8622273669159761,0.12735093518306614,HD 20807,0.954,1.07,8,4
HD 20807_1,1.8532927472623713,0.08690442011112463,HD 20807,0.954,1.07,8,4
HD 20807_1,1.8658808940734217,0.1231793504670316,HD 20807,0.954,1.07,8,4
HD 20807_1,1.854472903524101,0.06963423220810719,HD 20807,0.954,1.07,8,4
HD 20807_1,1.8681086152090038,0.15607939059353457,HD 20807,0.954,1.07,8,4
HD 20807_1,1.859795110670731,0.011447437961146417,HD 20807,0.954,1.07,8,4
HD 128621_4,1.2432583988218364,0.06614394043862025,HD 128621,1.179,0.94,8,5
HD 128621_4,1.2439077466028328,0.062211115110474946,HD 128621,1.179,0.94,8,5
HD 128621_4,1.2453373982253362,0.058396395831415,HD 128621,1.179,0.94,8,5
HD 128621_4,1.2432999083829002,0.06556576108621072,HD 128621,1.179,0.94,8,5
HD 128621_4,1.2445376373444155,0.061712308822326534,HD 128621,1.179,0.94,8,5
HD 128621_4,1.2422429002501,0.07002476160494699,HD 128621,1.179,0.94,8,5
HD 128621_4,1.2443338602900111,0.05985886060398177,HD 128621,1.179,0.94,8,5
HD 128621_4,1.244021638437836,0.06262786221728725,HD 128621,1.179,0.94,8,5
HD 128621_4,1.2441930763775448,0.06229484073627431,HD 128621,1.179,0.94,8,5
HD 128621_4,1.244768057185892,0.05954613522492059,HD 128621,1.179,0.94,8,5
HD 128621_4,1.240359151991177,0.07664305736976162,HD 128621,1.179,0.94,8,5
HD 128621_4,1.2428299983642777,0.06601633066595074,HD 128621,1.179,0.94,8,5
HD 128621_4,1.2436452103835058,0.062429477198116284,HD 128621,1.179,0.94,8,5
HD 128621_4,1.2444801407475248,0.06136438873113268,HD 128621,1.179,0.94,8,5
HD 128621_4,1.240679388594664,0.07503878717906629,HD 128621,1.179,0.94,8,5
HD 128621_4,1.2438107793316344,0.06499622864019776,HD 128621,1.179,0.94,8,5
HD 128621_4,1.2427026942763573,0.06910614767500056,HD 128621,1.179,0.94,8,5
HD 128621_4,1.2406986925558372,0.07415025765240182,HD 128621,1.179,0.94,8,5
HD 128621_4,1.2418494770630226,0.06835936971864821,HD 128621,1.179,0.94,8,5
HD 128621_4,1.2453710361765973,0.05538292127295853,HD 128621,1.179,0.94,8,5
HD 128621_4,1.2429063592816096,0.06410995198678145,HD 128621,1.179,0.94,8,5
HD 128621_4,1.2449514415218559,0.060913794396622326,HD 128621,1.179,0.94,8,5
HD 128621_4,1.2444015912251662,0.06183815724221983,HD 128621,1.179,0.94,8,5
HD 128621_4,1.2425342994289394,0.06806264434477145,HD 128621,1.179,0.94,8,5
HD 128621_4,1.2460383630477747,0.05636221980437496,HD 128621,1.179,0.94,8,5
HD 128621_4,1.2428251062582283,0.06781271326724911,HD 128621,1.179,0.94,8,5
HD 128621_4,1.244049276222448,0.06301422772274626,HD 128621,1.179,0.94,8,5
HD 128621_4,1.2436828603939276,0.06248730456609827,HD 128621,1.179,0.94,8,5
HD 128621_4,1.2430055655207648,0.06687093027150728,HD 128621,1.179,0.94,8,5
HD 128621_4,1.2429194317927523,0.06550684092677844,HD 128621,1.179,0.94,8,5
HD 128621_4,1.241470582288577,0.0723047296310177,HD 128621,1.179,0.94,8,5
HD 128621_4,1.2422919904576666,0.0693379381981166,HD 128621,1.179,0.94,8,5
HD 128621_4,1.2462686120815722,0.05510427230126002,HD 128621,1.179,0.94,8,5
HD 128621_4,1.2461547281886922,0.054122300392250036,HD 128621,1.179,0.94,8,5
HD 128621_4,1.2431800507288118,0.06688814393065608,HD 128621,1.179,0.94,8,5
HD 128621_4,1.2459812152102978,0.05555834233691164,HD 128621,1.179,0.94,8,5
HD 128621_4,1.2419134361546358,0.07083731273563504,HD 128621,1.179,0.94,8,5
HD 128621_4,1.2409368946121453,0.07437939153591147,HD 128621,1.179,0.94,8,5
HD 128621_4,1.245201985380066,0.05881420554142183,HD 128621,1.179,0.94,8,5
HD 128621_4,1.2440380674679872,0.06259460403750321,HD 128621,1.179,0.94,8,5
HD 128621_4,1.2457493389346128,0.05624716771664075,HD 128621,1.179,0.94,8,5
HD 128621_4,1.2423057282676488,0.06656507076379581,HD 128621,1.179,0.94,8,5
HD 128621_4,1.2429321792874775,0.06576401296222635,HD 128621,1.179,0.94,8,5
HD 128621_4,1.2449255859257577,0.06074091510327035,HD 128621,1.179,0.94,8,5
HD 128621_4,1.2450225020369978,0.05797614362133639,HD 128621,1.179,0.94,8,5
HD 128621_4,1.244890622399249,0.057131617042520455,HD 128621,1.179,0.94,8,5
HD 128621_4,1.244269064689402,0.05982195557795863,HD 128621,1.179,0.94,8,5
HD 128621_4,1.2455930665606014,0.05750822904784261,HD 128621,1.179,0.94,8,5
HD 128621_4,1.242957425281487,0.06545248130859385,HD 128621,1.179,0.94,8,5
HD 128621_4,1.2473592305439831,0.050995260257660394,HD 128621,1.179,0.94,8,5
HD 128621_4,1.2438675358686455,0.06270190347193072,HD 128621,1.179,0.94,8,5
HD 128621_4,1.2438045327722036,0.063103009940823,HD 128621,1.179,0.94,8,5
HD 128621_4,1.2408333257677444,0.07394948124643569,HD 128621,1.179,0.94,8,5
HD 128621_4,1.2431878264682634,0.06461594895701649,HD 128621,1.179,0.94,8,5
HD 128621_4,1.2467850099883346,0.05253945403090905,HD 128621,1.179,0.94,8,5
HD 128621_4,1.2453408541641136,0.05749531669146289,HD 128621,1.179,0.94,8,5
HD 128621_4,1.2442153307282322,0.06030259764306325,HD 128621,1.179,0.94,8,5
HD 128621_4,1.2426785934013458,0.0689767288768891,HD 128621,1.179,0.94,8,5
HD 128621_4,1.243105770375116,0.06655666567513359,HD 128621,1.179,0.94,8,5
HD 128621_4,1.2448564194589284,0.05855804775651721,HD 128621,1.179,0.94,8,5
HD 128621_4,1.240703475909176,0.07585396302297812,HD 128621,1.179,0.94,8,5
HD 128621_4,1.2433867750763716,0.0646308894013073,HD 128621,1.179,0.94,8,5
HD 128621_4,1.2452863264158496,0.05820845255691436,HD 128621,1.179,0.94,8,5
HD 128621_4,1.243794860042667,0.06358183519461964,HD 128621,1.179,0.94,8,5
HD 128621_4,1.241194360909045,0.07266124024255159,HD 128621,1.179,0.94,8,5
HD 128621_4,1.2453223252721763,0.05839053707309992,HD 128621,1.179,0.94,8,5
HD 128621_4,1.2426093383212935,0.06805043863256043,HD 128621,1.179,0.94,8,5
HD 128621_4,1.242649275572996,0.06616860947802722,HD 128621,1.179,0.94,8,5
HD 128621_4,1.2413648223920237,0.07153982403651196,HD 128621,1.179,0.94,8,5
HD 128621_4,1.2451985199731568,0.06000805510021152,HD 128621,1.179,0.94,8,5
HD 128621_4,1.24227690749118,0.06739546659287118,HD 128621,1.179,0.94,8,5
HD 128621_4,1.2485737573868807,0.04842354165098885,HD 128621,1.179,0.94,8,5
HD 128621_4,1.242301365340776,0.06933880259070609,HD 128621,1.179,0.94,8,5
HD 128621_4,1.239365703706997,0.07906804511949789,HD 128621,1.179,0.94,8,5
HD 128621_4,1.2470988095781288,0.05310956893446717,HD 128621,1.179,0.94,8,5
HD 128621_4,1.245710087879035,0.056383007331821285,HD 128621,1.179,0.94,8,5
HD 128621_4,1.2420613087979229,0.07058165339324099,HD 128621,1.179,0.94,8,5
HD 128621_4,1.246117445453923,0.05590376637112003,HD 128621,1.179,0.94,8,5
HD 128621_4,1.2474688606273352,0.050530805761919345,HD 128621,1.179,0.94,8,5
HD 128621_4,1.243889352887776,0.060406445495719385,HD 128621,1.179,0.94,8,5
HD 128621_4,1.243480913688087,0.06299896847000515,HD 128621,1.179,0.94,8,5
HD 128621_4,1.2423929283091701,0.0651748277039829,HD 128621,1.179,0.94,8,5
HD 128621_4,1.2439392557662126,0.06317628737192804,HD 128621,1.179,0.94,8,5
HD 128621_4,1.2432877448908286,0.06543706515474232,HD 128621,1.179,0.94,8,5
HD 128621_4,1.2443758049821918,0.059549898373919254,HD 128621,1.179,0.94,8,5
HD 128621_4,1.2402528050355657,0.076377389711208,HD 128621,1.179,0.94,8,5
HD 128621_4,1.244309253268317,0.06188361985625451,HD 128621,1.179,0.94,8,5
HD 128621_4,1.2425040449423088,0.06619454292722789,HD 128621,1.179,0.94,8,5
HD 128621_4,1.2449244801819033,0.05768092380983544,HD 128621,1.179,0.94,8,5
HD 128621_4,1.2454732658186796,0.05704485780313341,HD 128621,1.179,0.94,8,5
HD 128621_4,1.2438742582087252,0.06243105626714867,HD 128621,1.179,0.94,8,5
HD 128621_4,1.2443437007574902,0.06136115873627556,HD 128621,1.179,0.94,8,5
HD 128621_4,1.2433351048559436,0.061530635045828404,HD 128621,1.179,0.94,8,5
HD 128621_4,1.2434825796182125,0.06425852859191095,HD 128621,1.179,0.94,8,5
HD 128621_4,1.243574633721987,0.06368671340724175,HD 128621,1.179,0.94,8,5
HD 128621_4,1.2435579503121355,0.0643641082945634,HD 128621,1.179,0.94,8,5
HD 128621_4,1.2451340207324524,0.0591352913271294,HD 128621,1.179,0.94,8,5
HD 128621_4,1.2423088055808806,0.06917607124584918,HD 128621,1.179,0.94,8,5
HD 128621_4,1.2455974901703721,0.05801624208084766,HD 128621,1.179,0.94,8,5
HD 128621_4,1.2420079336567715,0.06773402275140075,HD 128621,1.179,0.94,8,5
HD 128621_4,1.2420792296961634,0.06862510259322974,HD 128621,1.179,0.94,8,5
HD 128621_4,1.2436660565710649,0.06226246566876174,HD 128621,1.179,0.94,8,5
HD 128621_4,1.243030700661039,0.06495470800444561,HD 128621,1.179,0.94,8,5
HD 128621_4,1.242173405463777,0.06834298491807614,HD 128621,1.179,0.94,8,5
HD 128621_4,1.241510549269518,0.07125331976773545,HD 128621,1.179,0.94,8,5
HD 128621_4,1.245834128514145,0.055168853179445324,HD 128621,1.179,0.94,8,5
HD 128621_4,1.246327374952933,0.0550055886734746,HD 128621,1.179,0.94,8,5
HD 128621_4,1.2399064304201732,0.07567319869371936,HD 128621,1.179,0.94,8,5
HD 128621_4,1.2419022640365691,0.06899134274576918,HD 128621,1.179,0.94,8,5
HD 128621_4,1.240465148583334,0.0774156098122275,HD 128621,1.179,0.94,8,5
HD 128621_4,1.2424296111098727,0.06874813285717404,HD 128621,1.179,0.94,8,5
HD 128621_4,1.2460647032533774,0.05865793230128889,HD 128621,1.179,0.94,8,5
HD 128621_4,1.2439355028902768,0.06231662818554279,HD 128621,1.179,0.94,8,5
HD 128621_4,1.242327189619027,0.0664690554350121,HD 128621,1.179,0.94,8,5
HD 128621_4,1.2472542211489983,0.05093450032895821,HD 128621,1.179,0.94,8,5
HD 128621_4,1.2446034199079814,0.062243912016858804,HD 128621,1.179,0.94,8,5
HD 128621_4,1.2433421692160196,0.06268357904620225,HD 128621,1.179,0.94,8,5
HD 128621_4,1.2415747627486633,0.07073008226022075,HD 128621,1.179,0.94,8,5
HD 128621_4,1.242261696728316,0.07036520792508213,HD 128621,1.179,0.94,8,5
HD 128621_4,1.2444026010081723,0.06081727952972874,HD 128621,1.179,0.94,8,5
HD 128621_4,1.2431645778383655,0.06466928369810938,HD 128621,1.179,0.94,8,5
HD 128621_4,1.2387623491497468,0.08039352760901054,HD 128621,1.179,0.94,8,5
HD 128621_4,1.2440678501857594,0.06169950413841147,HD 128621,1.179,0.94,8,5
HD 128621_4,1.2433510262235625,0.06395392935370797,HD 128621,1.179,0.94,8,5
HD 128621_4,1.2416099261041686,0.07132802994001429,HD 128621,1.179,0.94,8,5
HD 128621_4,1.2448460527659415,0.06122755809655417,HD 128621,1.179,0.94,8,5
HD 128621_4,1.2429117704650128,0.06656704797978293,HD 128621,1.179,0.94,8,5
HD 128621_4,1.2445308179395136,0.061557203389760215,HD 128621,1.179,0.94,8,5
HD 128621_4,1.2428053304896471,0.0642934040320131,HD 128621,1.179,0.94,8,5
HD 128621_4,1.2398876110034134,0.07679593703413629,HD 128621,1.179,0.94,8,5
HD 128621_4,1.2465823365763955,0.05217267041973877,HD 128621,1.179,0.94,8,5
HD 128621_4,1.245684051870784,0.05749225195253441,HD 128621,1.179,0.94,8,5
HD 128621_4,1.2446752542652937,0.05864661378372346,HD 128621,1.179,0.94,8,5
HD 128621_4,1.2429280435121248,0.06622482415594359,HD 128621,1.179,0.94,8,5
HD 128621_4,1.2423880173386728,0.06660627328868325,HD 128621,1.179,0.94,8,5
HD 128621_4,1.2429332984934904,0.06656248438799249,HD 128621,1.179,0.94,8,5
HD 128621_4,1.2443677526031935,0.060176785781160785,HD 128621,1.179,0.94,8,5
HD 128621_4,1.2418219347225836,0.06921578853236132,HD 128621,1.179,0.94,8,5
HD 128621_4,1.2450172827357375,0.059052622217844755,HD 128621,1.179,0.94,8,5
HD 128621_4,1.2444046167411749,0.06236218855025443,HD 128621,1.179,0.94,8,5
HD 128621_4,1.2443901215034754,0.06250160834459487,HD 128621,1.179,0.94,8,5
HD 128621_4,1.2426594086342866,0.06769684341379217,HD 128621,1.179,0.94,8,5
HD 128621_4,1.2437413051439343,0.06332116686381646,HD 128621,1.179,0.94,8,5
HD 128621_4,1.2407713289066546,0.07311741501541026,HD 128621,1.179,0.94,8,5
HD 128621_4,1.2453444071386293,0.055507471703606835,HD 128621,1.179,0.94,8,5
HD 128621_4,1.2427004031730096,0.06794838245158685,HD 128621,1.179,0.94,8,5
HD 128621_4,1.244309960544643,0.06176374222683964,HD 128621,1.179,0.94,8,5
HD 128621_4,1.244316626350428,0.06103842314076975,HD 128621,1.179,0.94,8,5
HD 128621_4,1.2428611019380087,0.06639125449305008,HD 128621,1.179,0.94,8,5
HD 128621_4,1.2453068088692925,0.059903506453468265,HD 128621,1.179,0.94,8,5
HD 128621_4,1.2457268025414387,0.05734445649248132,HD 128621,1.179,0.94,8,5
HD 128621_4,1.2422287207009786,0.0706152099583564,HD 128621,1.179,0.94,8,5
HD 128621_4,1.242526736139292,0.06639465629746083,HD 128621,1.179,0.94,8,5
HD 128621_4,1.244327831034924,0.061407128936103325,HD 128621,1.179,0.94,8,5
HD 128621_4,1.2419250762084655,0.06961019746838214,HD 128621,1.179,0.94,8,5
HD 128621_4,1.2430809837274444,0.06210726947023337,HD 128621,1.179,0.94,8,5
HD 128621_4,1.2431480970387987,0.0650725299668096,HD 128621,1.179,0.94,8,5
HD 128621_4,1.241106550480464,0.07211531623189085,HD 128621,1.179,0.94,8,5
HD 128621_4,1.2426187594121512,0.06834125324384659,HD 128621,1.179,0.94,8,5
HD 128621_4,1.2429954540727726,0.0659542249503323,HD 128621,1.179,0.94,8,5
HD 128621_4,1.2420429790919625,0.06968205936456874,HD 128621,1.179,0.94,8,5
HD 128621_4,1.242226182176817,0.06982708755629659,HD 128621,1.179,0.94,8,5
HD 128621_4,1.2454702442142416,0.05740519924896407,HD 128621,1.179,0.94,8,5
HD 128621_4,1.2424026765611398,0.06624537898878144,HD 128621,1.179,0.94,8,5
HD 128621_4,1.2454146610747587,0.05504244569918612,HD 128621,1.179,0.94,8,5
HD 128621_4,1.2446240225542233,0.0584415435772934,HD 128621,1.179,0.94,8,5
HD 128621_4,1.2403603343396143,0.07592722836156117,HD 128621,1.179,0.94,8,5
HD 128621_4,1.2415128852968471,0.07225783822045684,HD 128621,1.179,0.94,8,5
HD 128621_4,1.2429478466145383,0.06584541532429633,HD 128621,1.179,0.94,8,5
HD 128621_4,1.2429172400327155,0.0662288599191668,HD 128621,1.179,0.94,8,5
HD 128621_4,1.2429049351485044,0.06648763319728698,HD 128621,1.179,0.94,8,5
HD 128621_4,1.2438682205514329,0.06277959813725283,HD 128621,1.179,0.94,8,5
HD 128621_4,1.2408842090816128,0.07428716324179648,HD 128621,1.179,0.94,8,5
HD 128621_4,1.2431508812419694,0.0653409112185935,HD 128621,1.179,0.94,8,5
HD 128621_4,1.2452822876403529,0.05680799789202808,HD 128621,1.179,0.94,8,5
HD 128621_4,1.241824485901904,0.06995143768241488,HD 128621,1.179,0.94,8,5
HD 128621_4,1.2419724277643338,0.07014428695113259,HD 128621,1.179,0.94,8,5
HD 128621_4,1.244355020621868,0.06135488500613914,HD 128621,1.179,0.94,8,5
HD 128621_4,1.2418457324703698,0.07131784623959822,HD 128621,1.179,0.94,8,5
HD 128621_4,1.2404599747560254,0.07559270356281085,HD 128621,1.179,0.94,8,5
HD 128621_4,1.2447285170101765,0.06051221434513413,HD 128621,1.179,0.94,8,5
HD 128621_4,1.2430522796218162,0.06742673230519057,HD 128621,1.179,0.94,8,5
HD 128621_4,1.2404508830623744,0.07725784957956992,HD 128621,1.179,0.94,8,5
HD 128621_4,1.2424109826083314,0.0688181444203407,HD 128621,1.179,0.94,8,5
HD 128621_4,1.2446138207363893,0.06002493736423657,HD 128621,1.179,0.94,8,5
HD 128621_4,1.2429217137656412,0.06569592900769969,HD 128621,1.179,0.94,8,5
HD 128621_4,1.242873681385753,0.06640577535536507,HD 128621,1.179,0.94,8,5
HD 128621_4,1.245898500559923,0.05678053787644144,HD 128621,1.179,0.94,8,5
HD 128621_4,1.2405987584523532,0.07419015030289154,HD 128621,1.179,0.94,8,5
HD 128621_4,1.2428033366812943,0.06588686557717582,HD 128621,1.179,0.94,8,5
HD 128621_4,1.2428437884536003,0.06601037561498567,HD 128621,1.179,0.94,8,5
HD 128621_4,1.2444641199442241,0.05956701742368572,HD 128621,1.179,0.94,8,5
HD 128621_4,1.2416999403510465,0.07025839220867376,HD 128621,1.179,0.94,8,5
HD 128621_4,1.2441535434588162,0.06229847657082644,HD 128621,1.179,0.94,8,5
HD 128621_4,1.2466485722835798,0.05133867015846032,HD 128621,1.179,0.94,8,5
HD 128621_4,1.2445821982373655,0.05952131812507187,HD 128621,1.179,0.94,8,5
HD 128621_4,1.2462609334067558,0.05585712372794579,HD 128621,1.179,0.94,8,5
HD 128621_4,1.2436895851360166,0.06334076648713591,HD 128621,1.179,0.94,8,5
HD 128621_4,1.2450704189229467,0.058641911635116596,HD 128621,1.179,0.94,8,5
HD 128621_4,1.2438021859955581,0.06338222812052725,HD 128621,1.179,0.94,8,5
HD 128621_4,1.2434567524539364,0.06651366272847412,HD 128621,1.179,0.94,8,5
HD 128621_4,1.242390847750882,0.06889991975841495,HD 128621,1.179,0.94,8,5
HD 128621_4,1.2422843957269911,0.06751274068619678,HD 128621,1.179,0.94,8,5
HD 128621_4,1.2443169295680903,0.06137694127953332,HD 128621,1.179,0.94,8,5
HD 128621_4,1.2444674072907786,0.05860491899938796,HD 128621,1.179,0.94,8,5
HD 128621_4,1.2412648675337705,0.07092999827114324,HD 128621,1.179,0.94,8,5
HD 128621_4,1.243783617944314,0.06456976402497824,HD 128621,1.179,0.94,8,5
HD 128621_4,1.2416069563018755,0.07145226447067277,HD 128621,1.179,0.94,8,5
HD 128621_4,1.2450484784339158,0.059156592117126615,HD 128621,1.179,0.94,8,5
HD 128621_4,1.2402257723259646,0.07669665524611309,HD 128621,1.179,0.94,8,5
HD 128621_4,1.244291112101086,0.06481999189674242,HD 128621,1.179,0.94,8,5
HD 128621_4,1.242929070354676,0.06484688174533247,HD 128621,1.179,0.94,8,5
HD 128621_4,1.2461810939647155,0.05530900011447503,HD 128621,1.179,0.94,8,5
HD 128621_4,1.2406611835854477,0.07508609402635415,HD 128621,1.179,0.94,8,5
HD 128621_4,1.2410068846533584,0.07271228328381447,HD 128621,1.179,0.94,8,5
HD 128621_4,1.2439136601180174,0.06488642689923747,HD 128621,1.179,0.94,8,5
HD 128621_4,1.2394591207312062,0.08017595775506814,HD 128621,1.179,0.94,8,5
HD 128621_4,1.2427876946899634,0.06737779787822125,HD 128621,1.179,0.94,8,5
HD 128621_4,1.2422811650359715,0.0692535494861663,HD 128621,1.179,0.94,8,5
HD 128621_4,1.2425397331751735,0.06619904969496432,HD 128621,1.179,0.94,8,5
HD 128621_4,1.243578842045326,0.06218247761881409,HD 128621,1.179,0.94,8,5
HD 128621_4,1.2448038706865163,0.06066774543014912,HD 128621,1.179,0.94,8,5
HD 128621_4,1.2421389171364017,0.06877877910572258,HD 128621,1.179,0.94,8,5
HD 128621_4,1.2463831545188435,0.054494287957059004,HD 128621,1.179,0.94,8,5
HD 128621_4,1.2427184960466315,0.06589032314729602,HD 128621,1.179,0.94,8,5
HD 128621_4,1.2449481888645755,0.05601061479294269,HD 128621,1.179,0.94,8,5
HD 128621_4,1.2431120008933867,0.06587045904445869,HD 128621,1.179,0.94,8,5
HD 128621_4,1.2454243967571095,0.05624232625041997,HD 128621,1.179,0.94,8,5
HD 128621_4,1.2428882942504524,0.06693084152499687,HD 128621,1.179,0.94,8,5
HD 128621_4,1.244768675485879,0.060552666033090216,HD 128621,1.179,0.94,8,5
HD 128621_4,1.2430383533137013,0.06644051033189877,HD 128621,1.179,0.94,8,5
HD 128621_4,1.2451175747334564,0.05810913746049691,HD 128621,1.179,0.94,8,5
HD 128621_4,1.2454832327968346,0.05915095547535323,HD 128621,1.179,0.94,8,5
HD 128621_4,1.243469074362391,0.06452116649619172,HD 128621,1.179,0.94,8,5
HD 128621_4,1.244463010524699,0.06301911282105006,HD 128621,1.179,0.94,8,5
HD 128621_4,1.2440055999855326,0.06394434974447061,HD 128621,1.179,0.94,8,5
HD 128621_4,1.247594781743979,0.05101207600473713,HD 128621,1.179,0.94,8,5
HD 128621_4,1.2431291860940208,0.06350182666719727,HD 128621,1.179,0.94,8,5
HD 128621_4,1.2463183530239006,0.05706673393460805,HD 128621,1.179,0.94,8,5
HD 128621_4,1.2456653318691464,0.053605101345697584,HD 128621,1.179,0.94,8,5
HD 128621_4,1.2419450530703207,0.06881349738107885,HD 128621,1.179,0.94,8,5
HD 128621_4,1.242456284803684,0.06872550048284835,HD 128621,1.179,0.94,8,5
HD 128621_4,1.2438917099143267,0.06486558971561465,HD 128621,1.179,0.94,8,5
HD 128621_4,1.2425982926294827,0.06529554918166558,HD 128621,1.179,0.94,8,5
HD 128621_4,1.2415099599793986,0.07147607369499938,HD 128621,1.179,0.94,8,5
HD 128621_4,1.2438264126230338,0.06395220132553268,HD 128621,1.179,0.94,8,5
HD 128621_4,1.242910371096772,0.06538930935781775,HD 128621,1.179,0.94,8,5
HD 128621_4,1.2454880504973285,0.0578114675434447,HD 128621,1.179,0.94,8,5
HD 128621_4,1.2483374023303881,0.04885522609831939,HD 128621,1.179,0.94,8,5
HD 128621_4,1.2406673575948148,0.07480678199796544,HD 128621,1.179,0.94,8,5
HD 128621_4,1.2448132584108116,0.05857393466588604,HD 128621,1.179,0.94,8,5
HD 128621_4,1.2405130789521566,0.07415603438846029,HD 128621,1.179,0.94,8,5
HD 128621_4,1.2431946371134677,0.06500988009041832,HD 128621,1.179,0.94,8,5
HD 128621_4,1.2417612888411271,0.07178411739583648,HD 128621,1.179,0.94,8,5
HD 128621_4,1.2470788289286558,0.052610562748561955,HD 128621,1.179,0.94,8,5
HD 128621_4,1.2467100463126204,0.05320519821780192,HD 128621,1.179,0.94,8,5
HD 128621_4,1.2413928951432094,0.07141101597532377,HD 128621,1.179,0.94,8,5
HD 128621_4,1.2422332175592126,0.06804245346454887,HD 128621,1.179,0.94,8,5
HD 128621_4,1.2456245652693392,0.05666290692607132,HD 128621,1.179,0.94,8,5
HD 128621_4,1.2434404001813217,0.06370475579580752,HD 128621,1.179,0.94,8,5
HD 128621_4,1.2408748442711395,0.07313653974973378,HD 128621,1.179,0.94,8,5
HD 128621_4,1.2465582323193078,0.055228735497449596,HD 128621,1.179,0.94,8,5
HD 128621_4,1.2436444354041103,0.0629437864757033,HD 128621,1.179,0.94,8,5
HD 128621_4,1.2410616278565043,0.07432112191526599,HD 128621,1.179,0.94,8,5
HD 128621_4,1.2394699338247877,0.0811345418725882,HD 128621,1.179,0.94,8,5
HD 128621_4,1.241941114048714,0.06967920744528183,HD 128621,1.179,0.94,8,5
HD 128621_4,1.242581986209409,0.06790129316779597,HD 128621,1.179,0.94,8,5
HD 128621_4,1.2458664517625622,0.054797553108827515,HD 128621,1.179,0.94,8,5
HD 128621_4,1.240772666406843,0.07443857450395364,HD 128621,1.179,0.94,8,5
HD 128621_4,1.243677863081614,0.0634232037216562,HD 128621,1.179,0.94,8,5
HD 128621_4,1.2434503282853935,0.06657591043150722,HD 128621,1.179,0.94,8,5
HD 128621_4,1.2428500360562418,0.06661448787606017,HD 128621,1.179,0.94,8,5
HD 128621_4,1.2450426137638144,0.06037201359585426,HD 128621,1.179,0.94,8,5
HD 128621_4,1.2463932888690812,0.05524122379735792,HD 128621,1.179,0.94,8,5
HD 128621_4,1.2446123301491088,0.05921817363191259,HD 128621,1.179,0.94,8,5
HD 128621_4,1.243035445352463,0.06548609425476232,HD 128621,1.179,0.94,8,5
HD 128621_4,1.2452807778556243,0.05832835079334778,HD 128621,1.179,0.94,8,5
HD 128621_4,1.242785341089898,0.06778400116058239,HD 128621,1.179,0.94,8,5
HD 128621_4,1.2438352848425622,0.06576781802254608,HD 128621,1.179,0.94,8,5
HD 128621_4,1.2443090054880783,0.05995735169391134,HD 128621,1.179,0.94,8,5
HD 128621_4,1.2448943570421716,0.05845843167048934,HD 128621,1.179,0.94,8,5
HD 128621_4,1.2438145311351714,0.06216836527263375,HD 128621,1.179,0.94,8,5
HD 128621_4,1.2445241870266028,0.06290449876735603,HD 128621,1.179,0.94,8,5
HD 128621_4,1.2442397072701636,0.05950433011356766,HD 128621,1.179,0.94,8,5
HD 128621_4,1.2442544512415417,0.061640571049540696,HD 128621,1.179,0.94,8,5
HD 128621_4,1.2423693208208604,0.06870172827054064,HD 128621,1.179,0.94,8,5
HD 128621_4,1.2428145105610622,0.06860038663651134,HD 128621,1.179,0.94,8,5
HD 128621_4,1.241997688309255,0.06620827528562881,HD 128621,1.179,0.94,8,5
HD 128621_4,1.2446780118144,0.059398552772233236,HD 128621,1.179,0.94,8,5
HD 128621_4,1.2429788238137185,0.06661442520984899,HD 128621,1.179,0.94,8,5
HD 128621_4,1.246253413484376,0.055355463098856264,HD 128621,1.179,0.94,8,5
HD 128621_4,1.242213839498885,0.06903498966114505,HD 128621,1.179,0.94,8,5
HD 128621_4,1.246105727821295,0.05419561841091564,HD 128621,1.179,0.94,8,5
HD 128621_4,1.2428810193126123,0.06810912705910725,HD 128621,1.179,0.94,8,5
HD 128621_4,1.2443895669419254,0.0598559372079147,HD 128621,1.179,0.94,8,5
HD 128621_4,1.2437958198510382,0.06324154457697817,HD 128621,1.179,0.94,8,5
HD 128621_4,1.2434743409747169,0.0665520028456619,HD 128621,1.179,0.94,8,5
HD 128621_4,1.2441921873665625,0.06172253497402967,HD 128621,1.179,0.94,8,5
HD 128621_4,1.2425939435928992,0.06747118571458607,HD 128621,1.179,0.94,8,5
HD 128621_4,1.2420538407911987,0.06931058696637556,HD 128621,1.179,0.94,8,5
HD 128621_4,1.2400617370369063,0.07609481331792907,HD 128621,1.179,0.94,8,5
HD 128621_4,1.2419090278298597,0.06979308885277798,HD 128621,1.179,0.94,8,5
HD 128621_4,1.2410790558499307,0.07341997906329338,HD 128621,1.179,0.94,8,5
HD 128621_4,1.2467448537247559,0.05316160250711554,HD 128621,1.179,0.94,8,5
HD 128621_4,1.2432641630547485,0.06328578126943815,HD 128621,1.179,0.94,8,5
HD 128621_4,1.244283928380296,0.0614499264655706,HD 128621,1.179,0.94,8,5
HD 128621_4,1.2445964845907822,0.05951741682197893,HD 128621,1.179,0.94,8,5
HD 128621_4,1.2431785476975643,0.06334873102169325,HD 128621,1.179,0.94,8,5
HD 128621_4,1.2447283084359368,0.05823960118858777,HD 128621,1.179,0.94,8,5
HD 128621_4,1.2433235907633773,0.06352699603540243,HD 128621,1.179,0.94,8,5
HD 128621_4,1.2472822919199902,0.04957806179374093,HD 128621,1.179,0.94,8,5
HD 128621_4,1.2413402917722562,0.07067196031129716,HD 128621,1.179,0.94,8,5
HD 128621_4,1.2413834677999804,0.07439861761325689,HD 128621,1.179,0.94,8,5
HD 128621_4,1.244440359124544,0.06138520213576549,HD 128621,1.179,0.94,8,5
HD 128621_4,1.2424274549967689,0.06761586377937269,HD 128621,1.179,0.94,8,5
HD 128621_4,1.2419917556944169,0.06734247425394867,HD 128621,1.179,0.94,8,5
HD 128621_4,1.244516389199837,0.061803262630904146,HD 128621,1.179,0.94,8,5
HD 128621_4,1.240614528580944,0.0751952545966588,HD 128621,1.179,0.94,8,5
HD 128621_4,1.2449865302155338,0.057365522363552614,HD 128621,1.179,0.94,8,5
HD 128621_4,1.2450651697848476,0.05877781670202251,HD 128621,1.179,0.94,8,5
HD 128621_4,1.2435251347381515,0.06096176897909226,HD 128621,1.179,0.94,8,5
HD 128621_4,1.244987925985478,0.06093160500761646,HD 128621,1.179,0.94,8,5
HD 128621_4,1.2432485590663542,0.06623682522781034,HD 128621,1.179,0.94,8,5
HD 128621_4,1.2457555397527025,0.05555883832082287,HD 128621,1.179,0.94,8,5
HD 128621_4,1.2415290100210061,0.07196863734044028,HD 128621,1.179,0.94,8,5
HD 128621_4,1.2440654725856002,0.06467946907650508,HD 128621,1.179,0.94,8,5
HD 128621_4,1.242986511445097,0.06542599277265591,HD 128621,1.179,0.94,8,5
HD 128621_4,1.241980700400185,0.06877072751227956,HD 128621,1.179,0.94,8,5
HD 128621_4,1.241937534019367,0.0683960841952608,HD 128621,1.179,0.94,8,5
HD 128621_4,1.2451962103952898,0.05887119517698772,HD 128621,1.179,0.94,8,5
HD 128621_4,1.2440689935699316,0.06451441431770133,HD 128621,1.179,0.94,8,5
HD 128621_4,1.2446792486429497,0.05938017213785288,HD 128621,1.179,0.94,8,5
HD 128621_4,1.2419605732680847,0.06807367312348099,HD 128621,1.179,0.94,8,5
HD 128621_4,1.243925287830151,0.06314568064703006,HD 128621,1.179,0.94,8,5
HD 128621_4,1.2450110801820913,0.057485014559508794,HD 128621,1.179,0.94,8,5
HD 128621_4,1.248485817140105,0.04796364760481322,HD 128621,1.179,0.94,8,5
HD 128621_4,1.2450629218950913,0.061079290916010526,HD 128621,1.179,0.94,8,5
HD 128621_4,1.2427927096557274,0.06717928536231355,HD 128621,1.179,0.94,8,5
HD 128621_4,1.2430860786825415,0.06742400132160689,HD 128621,1.179,0.94,8,5
HD 128621_4,1.2430011281989652,0.0655397001159282,HD 128621,1.179,0.94,8,5
HD 128621_4,1.2444653088310516,0.0597183802886844,HD 128621,1.179,0.94,8,5
HD 128621_4,1.243808353637004,0.06204988714947248,HD 128621,1.179,0.94,8,5
HD 128621_4,1.2465036714755473,0.054557633277157194,HD 128621,1.179,0.94,8,5
HD 128621_4,1.2485806824885133,0.046474358995486575,HD 128621,1.179,0.94,8,5
HD 128621_4,1.2457051062659308,0.056734969701292735,HD 128621,1.179,0.94,8,5
HD 128621_4,1.2433695320708615,0.0664257313580299,HD 128621,1.179,0.94,8,5
HD 128621_4,1.2447493620835226,0.059603103960504764,HD 128621,1.179,0.94,8,5
HD 128621_4,1.2446507683110868,0.05992218464977953,HD 128621,1.179,0.94,8,5
HD 128621_4,1.2437961689522021,0.06380547172068628,HD 128621,1.179,0.94,8,5
HD 128621_4,1.2457566609931765,0.05705769292993603,HD 128621,1.179,0.94,8,5
HD 128621_4,1.2459170907976913,0.058147083220146265,HD 128621,1.179,0.94,8,5
HD 128621_4,1.2436359603857576,0.06210667545783541,HD 128621,1.179,0.94,8,5
HD 128621_4,1.2419602617306365,0.06955741342449256,HD 128621,1.179,0.94,8,5
HD 128621_4,1.2425131839417458,0.06581800222041118,HD 128621,1.179,0.94,8,5
HD 128621_4,1.2429722448599823,0.06540321762499235,HD 128621,1.179,0.94,8,5
HD 128621_4,1.246193484105946,0.05552308244298282,HD 128621,1.179,0.94,8,5
HD 128621_4,1.2461454228490692,0.053851439770822185,HD 128621,1.179,0.94,8,5
HD 128621_4,1.2458809431445248,0.05691075327825259,HD 128621,1.179,0.94,8,5
HD 128621_4,1.2448785998834215,0.06029015319825903,HD 128621,1.179,0.94,8,5
HD 128621_4,1.2444778461540749,0.059366516564302904,HD 128621,1.179,0.94,8,5
HD 128621_4,1.2428845932243184,0.06902560415403076,HD 128621,1.179,0.94,8,5
HD 128621_4,1.2442079838310702,0.061059985477896386,HD 128621,1.179,0.94,8,5
HD 128621_4,1.2443828054524348,0.06018026222772619,HD 128621,1.179,0.94,8,5
HD 128621_4,1.2405246964950782,0.07391130280825302,HD 128621,1.179,0.94,8,5
HD 128621_4,1.2411862646277205,0.07072583441655128,HD 128621,1.179,0.94,8,5
HD 128621_4,1.2471328233555043,0.049660281412138955,HD 128621,1.179,0.94,8,5
HD 128621_4,1.2430249923370325,0.06503297557432058,HD 128621,1.179,0.94,8,5
HD 128621_4,1.241718119435293,0.06718000498046449,HD 128621,1.179,0.94,8,5
HD 128621_4,1.2437168686789195,0.06305953972124137,HD 128621,1.179,0.94,8,5
HD 128621_4,1.2434258755601881,0.06392319011565674,HD 128621,1.179,0.94,8,5
HD 128621_4,1.240588752511463,0.07341552179631017,HD 128621,1.179,0.94,8,5
HD 128621_4,1.2444262574437381,0.06053058786678034,HD 128621,1.179,0.94,8,5
HD 128621_4,1.2407875399876303,0.07426624920103643,HD 128621,1.179,0.94,8,5
HD 128621_4,1.2444340989983784,0.06296414256389794,HD 128621,1.179,0.94,8,5
HD 128621_4,1.2440970824242896,0.0617481477408177,HD 128621,1.179,0.94,8,5
HD 128621_4,1.2404466983209805,0.07298083117565156,HD 128621,1.179,0.94,8,5
HD 128621_4,1.2426945809209589,0.06840617445889446,HD 128621,1.179,0.94,8,5
HD 128621_4,1.2441691481101869,0.0614602195902184,HD 128621,1.179,0.94,8,5
HD 128621_4,1.2403579986585365,0.07311248760218576,HD 128621,1.179,0.94,8,5
HD 128621_4,1.2428762053699196,0.06395521518107633,HD 128621,1.179,0.94,8,5
HD 128621_4,1.2422682237045697,0.06935549288182517,HD 128621,1.179,0.94,8,5
HD 128621_4,1.2437486980684476,0.06334908073509926,HD 128621,1.179,0.94,8,5
HD 128621_4,1.2437878943919813,0.06454522383618076,HD 128621,1.179,0.94,8,5
HD 128621_4,1.2422598173900454,0.06586867367987209,HD 128621,1.179,0.94,8,5
HD 128621_4,1.2417431834544421,0.07098403477369769,HD 128621,1.179,0.94,8,5
HD 128621_4,1.2426824923185662,0.06346481178451772,HD 128621,1.179,0.94,8,5
HD 128621_4,1.2448617935128867,0.058309022148314335,HD 128621,1.179,0.94,8,5
HD 128621_4,1.2448045174276772,0.06093271814088004,HD 128621,1.179,0.94,8,5
HD 128621_4,1.2410792505457686,0.07232371256206482,HD 128621,1.179,0.94,8,5
HD 128621_4,1.2439432081779833,0.06391243207822604,HD 128621,1.179,0.94,8,5
HD 128621_4,1.2437613473357034,0.06395990887337465,HD 128621,1.179,0.94,8,5
HD 128621_4,1.242971847758852,0.06715958873108985,HD 128621,1.179,0.94,8,5
HD 128621_4,1.2423695814670617,0.06777075415947952,HD 128621,1.179,0.94,8,5
HD 128621_4,1.2426893708544555,0.0676056624111535,HD 128621,1.179,0.94,8,5
HD 128621_4,1.2437381602511066,0.0640860624018263,HD 128621,1.179,0.94,8,5
HD 128621_4,1.2474981838768433,0.05120385414749251,HD 128621,1.179,0.94,8,5
HD 128621_4,1.2438853138969825,0.06427065558163414,HD 128621,1.179,0.94,8,5
HD 128621_4,1.241576294790545,0.07202831090343952,HD 128621,1.179,0.94,8,5
HD 128621_4,1.242720746301412,0.06681946303739927,HD 128621,1.179,0.94,8,5
HD 128621_4,1.2416384403427958,0.06999106161627493,HD 128621,1.179,0.94,8,5
HD 128621_4,1.245696386451287,0.05860633283008861,HD 128621,1.179,0.94,8,5
HD 128621_4,1.2438094399585162,0.06247641285492028,HD 128621,1.179,0.94,8,5
HD 128621_4,1.2449892664473796,0.05730798522685816,HD 128621,1.179,0.94,8,5
HD 128621_4,1.243439204853466,0.06443472394853256,HD 128621,1.179,0.94,8,5
HD 128621_4,1.2436434329089994,0.06594545823177494,HD 128621,1.179,0.94,8,5
HD 128621_4,1.2422281965332254,0.0673664357284482,HD 128621,1.179,0.94,8,5
HD 128621_4,1.2467358453495194,0.05403305079169497,HD 128621,1.179,0.94,8,5
HD 128621_4,1.2445899730391412,0.060969096020477835,HD 128621,1.179,0.94,8,5
HD 128621_4,1.2405801082625678,0.07537015663654868,HD 128621,1.179,0.94,8,5
HD 128621_4,1.2435426961800427,0.06452445925966689,HD 128621,1.179,0.94,8,5
HD 128621_4,1.2420352088357123,0.06931098483802502,HD 128621,1.179,0.94,8,5
HD 128621_4,1.2443103850864312,0.0628875484925426,HD 128621,1.179,0.94,8,5
HD 128621_4,1.244939167513829,0.06115209584012226,HD 128621,1.179,0.94,8,5
HD 128621_4,1.2420957449939605,0.07028029090627319,HD 128621,1.179,0.94,8,5
HD 128621_4,1.2459735301280215,0.05663983691021816,HD 128621,1.179,0.94,8,5
HD 128621_4,1.240995308285847,0.07031883592928406,HD 128621,1.179,0.94,8,5
HD 128621_4,1.2441049349471385,0.05947840948830433,HD 128621,1.179,0.94,8,5
HD 128621_4,1.2448415189686832,0.05890255342042038,HD 128621,1.179,0.94,8,5
HD 128621_4,1.243367668111461,0.06422249788561174,HD 128621,1.179,0.94,8,5
HD 128621_4,1.2453173105633084,0.05823964749061548,HD 128621,1.179,0.94,8,5
HD 128621_4,1.243076155038569,0.06567119931788269,HD 128621,1.179,0.94,8,5
HD 128621_4,1.2438435615966512,0.06122207232536847,HD 128621,1.179,0.94,8,5
HD 128621_4,1.2451906547738611,0.05851431116857024,HD 128621,1.179,0.94,8,5
HD 128621_4,1.2422847518947155,0.06897213257286289,HD 128621,1.179,0.94,8,5
HD 128621_4,1.2459925780491965,0.05356716567545616,HD 128621,1.179,0.94,8,5
HD 128621_4,1.2419192389877152,0.06901757353804881,HD 128621,1.179,0.94,8,5
HD 128621_4,1.2449027099571954,0.058868407095321484,HD 128621,1.179,0.94,8,5
HD 128621_4,1.2426848755736153,0.06644287907200315,HD 128621,1.179,0.94,8,5
HD 128621_4,1.2454820498816892,0.055981455657197796,HD 128621,1.179,0.94,8,5
HD 128621_4,1.2466577168900792,0.0525697680784275,HD 128621,1.179,0.94,8,5
HD 128621_4,1.2424521102505015,0.06651708381806729,HD 128621,1.179,0.94,8,5
HD 128621_4,1.2438619322091744,0.06426015659605692,HD 128621,1.179,0.94,8,5
HD 128621_4,1.2431546946620478,0.06521856371139956,HD 128621,1.179,0.94,8,5
HD 128621_4,1.2406784774232293,0.07371274537015707,HD 128621,1.179,0.94,8,5
HD 128621_4,1.2429105222873382,0.0650153562285892,HD 128621,1.179,0.94,8,5
HD 128621_4,1.245641982523828,0.0577827170749592,HD 128621,1.179,0.94,8,5
HD 128621_4,1.244806971749009,0.06163621912765378,HD 128621,1.179,0.94,8,5
HD 128621_4,1.2399165114435784,0.079186884544487,HD 128621,1.179,0.94,8,5
HD 128621_4,1.24049028122783,0.07399012578140919,HD 128621,1.179,0.94,8,5
HD 128621_4,1.2446213938318647,0.05767545100407265,HD 128621,1.179,0.94,8,5
HD 128621_4,1.2428530369762192,0.06679529389287935,HD 128621,1.179,0.94,8,5
HD 128621_4,1.2435882506537137,0.06457264912364627,HD 128621,1.179,0.94,8,5
HD 128621_4,1.2419600473660524,0.06842214083080074,HD 128621,1.179,0.94,8,5
HD 128621_4,1.2437087016745634,0.06297352895806814,HD 128621,1.179,0.94,8,5
HD 128621_4,1.244523571926652,0.05882015512747374,HD 128621,1.179,0.94,8,5
HD 128621_4,1.2393896973750096,0.07872198647886626,HD 128621,1.179,0.94,8,5
HD 128621_4,1.2422974058942284,0.06667070876754991,HD 128621,1.179,0.94,8,5
HD 128621_4,1.244902331814724,0.061238341755477335,HD 128621,1.179,0.94,8,5
HD 128621_4,1.242409003715446,0.06806682855143804,HD 128621,1.179,0.94,8,5
HD 128621_4,1.24099886272525,0.07522811145214912,HD 128621,1.179,0.94,8,5
HD 128621_4,1.243353319333726,0.06640712748096717,HD 128621,1.179,0.94,8,5
HD 128621_4,1.243709800440878,0.06543687330081141,HD 128621,1.179,0.94,8,5
HD 128621_4,1.2417563902218434,0.06930864892959429,HD 128621,1.179,0.94,8,5
HD 128621_4,1.2435853946484712,0.06386303755154868,HD 128621,1.179,0.94,8,5
HD 128621_4,1.2434707413603177,0.0655632080851747,HD 128621,1.179,0.94,8,5
HD 128621_4,1.2440074911980488,0.06227356263927636,HD 128621,1.179,0.94,8,5
HD 128621_4,1.2448313139478229,0.059960752700492094,HD 128621,1.179,0.94,8,5
HD 128621_4,1.2424620440472798,0.07026783962148378,HD 128621,1.179,0.94,8,5
HD 128621_4,1.2423366685112822,0.06847239684066095,HD 128621,1.179,0.94,8,5
HD 128621_4,1.2454212020479312,0.05820894405004302,HD 128621,1.179,0.94,8,5
HD 128621_4,1.242566684904247,0.06756783260498882,HD 128621,1.179,0.94,8,5
HD 128621_4,1.2436176894842748,0.06336927495133636,HD 128621,1.179,0.94,8,5
HD 128621_4,1.2418284054082327,0.071563587689528,HD 128621,1.179,0.94,8,5
HD 128621_4,1.241826941099113,0.06703575373106009,HD 128621,1.179,0.94,8,5
HD 128621_4,1.2469794721884502,0.05378780059157328,HD 128621,1.179,0.94,8,5
HD 128621_4,1.242739927126294,0.06741818152831291,HD 128621,1.179,0.94,8,5
HD 128621_4,1.2432047033087341,0.06628523283477365,HD 128621,1.179,0.94,8,5
HD 128621_4,1.2410322296730585,0.07306467153290742,HD 128621,1.179,0.94,8,5
HD 128621_4,1.2469059072409805,0.04993477907394868,HD 128621,1.179,0.94,8,5
HD 128621_4,1.2454256997768902,0.05679285769645255,HD 128621,1.179,0.94,8,5
HD 128621_4,1.2385235013835731,0.08177059785597929,HD 128621,1.179,0.94,8,5
HD 128621_4,1.2432417819728125,0.06618279167066361,HD 128621,1.179,0.94,8,5
HD 128621_4,1.2461585504675419,0.05275552715741269,HD 128621,1.179,0.94,8,5
HD 128621_4,1.2422871080222258,0.0685477666188291,HD 128621,1.179,0.94,8,5
HD 128621_4,1.245840901705383,0.05454916453745286,HD 128621,1.179,0.94,8,5
HD 128621_4,1.2435989953485336,0.06515771691376668,HD 128621,1.179,0.94,8,5
HD 128621_4,1.2443960348646412,0.06186851386895401,HD 128621,1.179,0.94,8,5
HD 128621_4,1.2433503132156984,0.06299581288703887,HD 128621,1.179,0.94,8,5
HD 128621_4,1.2453145499036653,0.06004208484059317,HD 128621,1.179,0.94,8,5
HD 128621_4,1.243712868329432,0.06529553149447617,HD 128621,1.179,0.94,8,5
HD 128621_4,1.2443982015235848,0.06086519845148849,HD 128621,1.179,0.94,8,5
HD 128621_4,1.2424731101215645,0.06769685559058969,HD 128621,1.179,0.94,8,5
HD 128621_4,1.24198695711483,0.0662821920705467,HD 128621,1.179,0.94,8,5
HD 128621_4,1.2447186622261721,0.05917216404562873,HD 128621,1.179,0.94,8,5
HD 128621_4,1.2459566441690628,0.055692935886631025,HD 128621,1.179,0.94,8,5
HD 128621_4,1.2425808139943126,0.06649764146346926,HD 128621,1.179,0.94,8,5
HD 128621_4,1.2440153260382654,0.06264347520001379,HD 128621,1.179,0.94,8,5
HD 128621_4,1.2436515083206443,0.06460877622916582,HD 128621,1.179,0.94,8,5
HD 128621_4,1.2462418141466547,0.05606462682941836,HD 128621,1.179,0.94,8,5
HD 128621_4,1.2458731960073632,0.058026887524889194,HD 128621,1.179,0.94,8,5
HD 128621_4,1.2405779015374376,0.0736254275642612,HD 128621,1.179,0.94,8,5
HD 128621_4,1.2443293034188851,0.06160840556437591,HD 128621,1.179,0.94,8,5
HD 128621_4,1.2441168879422104,0.06068206331638603,HD 128621,1.179,0.94,8,5
HD 128621_4,1.24285369851163,0.06542463113654134,HD 128621,1.179,0.94,8,5
HD 128621_4,1.2421552926961876,0.0699793568183939,HD 128621,1.179,0.94,8,5
HD 128621_4,1.24450559674059,0.0628351859222683,HD 128621,1.179,0.94,8,5
HD 128621_4,1.2423345118769715,0.0679972945640249,HD 128621,1.179,0.94,8,5
HD 128621_4,1.2386912116596693,0.08264278435052139,HD 128621,1.179,0.94,8,5
HD 128621_4,1.2444148609605303,0.06213103446476789,HD 128621,1.179,0.94,8,5
HD 128621_4,1.2436794042376254,0.0652813799756481,HD 128621,1.179,0.94,8,5
HD 101501_7,0.8571779244446945,0.037172428592225956,HD 101501,0.887,0.94,8,3
HD 101501_7,0.8262493916536274,0.039210094109487205,HD 101501,0.887,0.94,8,3
HD 101501_7,0.9718970730784071,0.1194469144717126,HD 101501,0.887,0.94,8,3
HD 101501_7,0.8529239103306584,0.025622887938314135,HD 101501,0.887,0.94,8,3
HD 101501_7,0.9077823284168965,0.05105708821087754,HD 101501,0.887,0.94,8,3
HD 101501_7,0.8058757673282484,0.0066851460706208905,HD 101501,0.887,0.94,8,3
HD 101501_7,0.8003823193816644,0.027900782836323215,HD 101501,0.887,0.94,8,3
HD 101501_7,0.8558172211425733,0.0882237923061693,HD 101501,0.887,0.94,8,3
HD 101501_7,0.8344095378110573,0.028074735119917937,HD 101501,0.887,0.94,8,3
HD 101501_7,0.856658832572489,0.04652650443489122,HD 101501,0.887,0.94,8,3
HD 101501_7,0.8489173923272487,0.22122908845544886,HD 101501,0.887,0.94,8,3
HD 101501_7,0.8869583524605323,0.04912975772917478,HD 101501,0.887,0.94,8,3
HD 101501_7,0.7989933338149288,0.008321665434190162,HD 101501,0.887,0.94,8,3
HD 101501_7,0.8388497157991938,0.05846312806270622,HD 101501,0.887,0.94,8,3
HD 101501_7,0.8737429125234109,0.11363636808479394,HD 101501,0.887,0.94,8,3
HD 101501_7,0.8347500840172338,0.061421360914550256,HD 101501,0.887,0.94,8,3
HD 101501_7,0.7768290595441281,0.004433684471301762,HD 101501,0.887,0.94,8,3
HD 101501_7,0.8301126304140702,0.005184739818621789,HD 101501,0.887,0.94,8,3
HD 101501_7,0.8632029648307934,0.05336201578558896,HD 101501,0.887,0.94,8,3
HD 101501_7,0.817621177574109,0.009308768665227868,HD 101501,0.887,0.94,8,3
HD 101501_7,0.8359684390892888,0.006104792519420296,HD 101501,0.887,0.94,8,3
HD 101501_7,0.8198064033091067,0.01853877613621515,HD 101501,0.887,0.94,8,3
HD 101501_7,0.8936870685572595,0.2233643261706677,HD 101501,0.887,0.94,8,3
HD 101501_7,0.82023255977712,0.1399653448408021,HD 101501,0.887,0.94,8,3
HD 101501_7,0.8103480994768875,0.0007085457814399732,HD 101501,0.887,0.94,8,3
HD 101501_7,0.8251660090132975,0.03953881939845916,HD 101501,0.887,0.94,8,3
HD 101501_7,0.7650596770246012,0.0008252639120697319,HD 101501,0.887,0.94,8,3
HD 101501_7,0.8570477178679108,0.1847221562898546,HD 101501,0.887,0.94,8,3
HD 101501_7,0.8525462004268178,0.02682012260464059,HD 101501,0.887,0.94,8,3
HD 101501_7,0.8337574416486659,0.04917546275787727,HD 101501,0.887,0.94,8,3
HD 101501_7,0.7709087926234348,0.022797356009897768,HD 101501,0.887,0.94,8,3
HD 101501_7,0.9220307287863664,0.1498417129466,HD 101501,0.887,0.94,8,3
HD 101501_7,0.843757302839895,0.06130306663984698,HD 101501,0.887,0.94,8,3
HD 101501_7,0.8222350455700168,0.07398306225539254,HD 101501,0.887,0.94,8,3
HD 101501_7,0.7556227983590448,0.017132574779858682,HD 101501,0.887,0.94,8,3
HD 101501_7,0.868380501095799,0.0554714149784299,HD 101501,0.887,0.94,8,3
HD 101501_7,0.7385698019664424,0.04068621300493739,HD 101501,0.887,0.94,8,3
HD 101501_7,0.7905567527834391,0.0145893941163443,HD 101501,0.887,0.94,8,3
HD 101501_7,0.8113599260485564,0.10869030051744494,HD 101501,0.887,0.94,8,3
HD 101501_7,0.8121182305395744,0.031845408820572074,HD 101501,0.887,0.94,8,3
HD 101501_7,0.7861128637359598,0.008785098148289278,HD 101501,0.887,0.94,8,3
HD 101501_7,0.8212456930449431,0.07477714729691134,HD 101501,0.887,0.94,8,3
HD 101501_7,0.8467123502891142,0.2002819888631595,HD 101501,0.887,0.94,8,3
HD 101501_7,0.73936215903157,0.04278345230492985,HD 101501,0.887,0.94,8,3
HD 101501_7,0.8017546634329206,0.019729925877248457,HD 101501,0.887,0.94,8,3
HD 101501_7,0.8009655432924593,0.04181706465042071,HD 101501,0.887,0.94,8,3
HD 101501_7,0.8201129042032478,0.02439585439632882,HD 101501,0.887,0.94,8,3
HD 101501_7,0.8544106611519358,0.0026178177908991697,HD 101501,0.887,0.94,8,3
HD 101501_7,0.8700170141916673,0.0395123329944163,HD 101501,0.887,0.94,8,3
HD 101501_7,0.8785913104671468,0.05136728290695901,HD 101501,0.887,0.94,8,3
HD 101501_7,0.8179583104519221,0.04582113187946394,HD 101501,0.887,0.94,8,3
HD 101501_7,0.8113365868664537,0.04932184252689368,HD 101501,0.887,0.94,8,3
HD 101501_7,0.8633787374595544,0.10019696813441109,HD 101501,0.887,0.94,8,3
HD 101501_7,0.8565471310845912,0.07967016197301768,HD 101501,0.887,0.94,8,3
HD 101501_7,0.8215586724467864,0.010364405836255454,HD 101501,0.887,0.94,8,3
HD 101501_7,0.8615470356494294,0.06345473895073284,HD 101501,0.887,0.94,8,3
HD 101501_7,0.8411449221702217,0.08013735543518,HD 101501,0.887,0.94,8,3
HD 101501_7,0.829067453733458,0.03945464202905104,HD 101501,0.887,0.94,8,3
HD 101501_7,0.8788207167419667,0.022764335493149844,HD 101501,0.887,0.94,8,3
HD 101501_7,0.8248055965948601,0.032313835109135325,HD 101501,0.887,0.94,8,3
HD 101501_7,0.9469231454958235,0.2594082407138043,HD 101501,0.887,0.94,8,3
HD 101501_7,0.823559004977179,0.021510829756740308,HD 101501,0.887,0.94,8,3
HD 101501_7,0.8584115526502909,0.0617992542430509,HD 101501,0.887,0.94,8,3
HD 101501_7,1.1006195454281902,0.2189665562353546,HD 101501,0.887,0.94,8,3
HD 101501_7,0.8067644641967445,0.007085268043206132,HD 101501,0.887,0.94,8,3
HD 101501_7,0.9495875408803011,0.06864549530435313,HD 101501,0.887,0.94,8,3
HD 101501_7,0.8436294203879782,0.009318734558077087,HD 101501,0.887,0.94,8,3
HD 101501_7,0.8671123915449159,0.11247735765418446,HD 101501,0.887,0.94,8,3
HD 101501_7,0.8381508866385053,0.026292690405029098,HD 101501,0.887,0.94,8,3
HD 101501_7,0.8450567024246721,0.04690817143332642,HD 101501,0.887,0.94,8,3
HD 101501_7,0.8132430005358829,0.05270199154392791,HD 101501,0.887,0.94,8,3
HD 101501_7,0.9129682680076635,0.0642682804573114,HD 101501,0.887,0.94,8,3
HD 101501_7,0.9562587661283346,0.20328832210072983,HD 101501,0.887,0.94,8,3
HD 101501_7,0.7982451605224945,0.008355767469045447,HD 101501,0.887,0.94,8,3
HD 101501_7,0.7786444485259095,0.018237277775569563,HD 101501,0.887,0.94,8,3
HD 101501_7,1.269118158530744,0.27441484104407765,HD 101501,0.887,0.94,8,3
HD 101501_7,0.8746531928358018,0.010235199677919166,HD 101501,0.887,0.94,8,3
HD 101501_7,0.8520864232729947,0.055510665254135914,HD 101501,0.887,0.94,8,3
HD 101501_7,0.7795244895268266,0.014502650286606442,HD 101501,0.887,0.94,8,3
HD 101501_7,0.8197451175628183,0.03305897901744771,HD 101501,0.887,0.94,8,3
HD 101501_7,0.7381898215720756,0.025291535963302438,HD 101501,0.887,0.94,8,3
HD 101501_7,0.8332702197662623,0.003083771649039793,HD 101501,0.887,0.94,8,3
HD 101501_7,0.7653645896771012,0.006398146119341119,HD 101501,0.887,0.94,8,3
HD 101501_7,0.830039498218306,0.03128799767561324,HD 101501,0.887,0.94,8,3
HD 101501_7,0.8025557909741359,0.015622380559746733,HD 101501,0.887,0.94,8,3
HD 101501_7,0.827574663054807,0.01279428914482953,HD 101501,0.887,0.94,8,3
HD 101501_7,0.8583443132987353,0.04481552390204316,HD 101501,0.887,0.94,8,3
HD 101501_7,0.7665382992590746,0.018996092563369676,HD 101501,0.887,0.94,8,3
HD 101501_7,0.8626816855245666,0.005413735302640225,HD 101501,0.887,0.94,8,3
HD 101501_7,1.2544734396841448,0.33089909314517907,HD 101501,0.887,0.94,8,3
HD 101501_7,0.7561417558777024,0.0039428453853369155,HD 101501,0.887,0.94,8,3
HD 101501_7,0.8052988285030025,0.0005071708362307178,HD 101501,0.887,0.94,8,3
HD 101501_7,0.7966766152919186,0.03417338630838,HD 101501,0.887,0.94,8,3
HD 101501_7,0.8762784811692614,0.058902531362244735,HD 101501,0.887,0.94,8,3
HD 101501_7,0.838867662417495,0.04296458413344763,HD 101501,0.887,0.94,8,3
HD 101501_7,0.871253310981254,0.0417081372305529,HD 101501,0.887,0.94,8,3
HD 101501_7,0.8802378758043387,0.019007070084843602,HD 101501,0.887,0.94,8,3
HD 101501_7,0.7684511481187253,0.014708614674029216,HD 101501,0.887,0.94,8,3
HD 101501_7,0.8158293165626025,0.023928934203973958,HD 101501,0.887,0.94,8,3
HD 101501_7,0.8637295287733792,0.045227830828313054,HD 101501,0.887,0.94,8,3
HD 101501_7,0.8080056281130179,0.016156387618144794,HD 101501,0.887,0.94,8,3
HD 101501_7,0.8077083503014506,0.01206632087478704,HD 101501,0.887,0.94,8,3
HD 101501_7,0.7730705920472082,0.027564175250279956,HD 101501,0.887,0.94,8,3
HD 101501_7,0.8912418662635823,0.022764446546238416,HD 101501,0.887,0.94,8,3
HD 101501_7,0.8014758534706676,0.01571509209109663,HD 101501,0.887,0.94,8,3
HD 101501_7,0.8536896232036336,0.03385580994355198,HD 101501,0.887,0.94,8,3
HD 101501_7,0.8087730677884875,0.00492342750471609,HD 101501,0.887,0.94,8,3
HD 101501_7,0.8571994920495843,0.048261473733307275,HD 101501,0.887,0.94,8,3
HD 101501_7,0.8370455708886662,0.12337533370496037,HD 101501,0.887,0.94,8,3
HD 101501_7,0.7578575577866855,0.019781788280311748,HD 101501,0.887,0.94,8,3
HD 101501_7,0.8564278063850091,0.13415198773297723,HD 101501,0.887,0.94,8,3
HD 101501_7,1.150187357854942,0.16739333033964987,HD 101501,0.887,0.94,8,3
HD 101501_7,0.8254001734367131,0.003098793125721363,HD 101501,0.887,0.94,8,3
HD 101501_7,0.8366965737973787,0.032969893795633226,HD 101501,0.887,0.94,8,3
HD 101501_7,0.8334980879945181,0.084432059497838,HD 101501,0.887,0.94,8,3
HD 101501_7,0.8353790854443887,0.004283020904042211,HD 101501,0.887,0.94,8,3
HD 101501_7,0.8356358892429552,0.01934839919621675,HD 101501,0.887,0.94,8,3
HD 101501_7,0.8293585952279009,0.07529976213611315,HD 101501,0.887,0.94,8,3
HD 101501_7,0.9127481055193658,0.05571629078158449,HD 101501,0.887,0.94,8,3
HD 101501_7,0.9495479515066664,0.18139110410789583,HD 101501,0.887,0.94,8,3
HD 101501_7,0.8429038668008788,0.052044234850070974,HD 101501,0.887,0.94,8,3
HD 101501_7,0.8144493270198002,0.0026003082878267407,HD 101501,0.887,0.94,8,3
HD 101501_7,0.863354780961848,0.0017451824632692542,HD 101501,0.887,0.94,8,3
HD 101501_7,0.9618442838348262,0.09114468857372293,HD 101501,0.887,0.94,8,3
HD 101501_7,0.8460303522006049,0.2057135717907327,HD 101501,0.887,0.94,8,3
HD 101501_7,0.9065627428241555,0.026635045472877428,HD 101501,0.887,0.94,8,3
HD 101501_7,0.7959979167447371,0.004081866514463822,HD 101501,0.887,0.94,8,3
HD 101501_7,0.7947961774221249,0.026752093170802387,HD 101501,0.887,0.94,8,3
HD 101501_7,0.8040000515151354,0.0016689728610684296,HD 101501,0.887,0.94,8,3
HD 101501_7,0.7885792059626637,0.025887028044107033,HD 101501,0.887,0.94,8,3
HD 101501_7,0.7631460102581755,0.07296252521687234,HD 101501,0.887,0.94,8,3
HD 101501_7,0.8157805852899438,0.0035663166889826486,HD 101501,0.887,0.94,8,3
HD 101501_7,0.8185920046929508,0.05129815157962831,HD 101501,0.887,0.94,8,3
HD 101501_7,0.7968277704201928,0.011966815953639316,HD 101501,0.887,0.94,8,3
HD 101501_7,0.8686547777554121,0.058839612109851266,HD 101501,0.887,0.94,8,3
HD 101501_7,0.8380434094697524,0.010070733723735414,HD 101501,0.887,0.94,8,3
HD 101501_7,0.8248450390005031,0.03760525473297002,HD 101501,0.887,0.94,8,3
HD 101501_7,0.7989729927996022,0.01722478115683797,HD 101501,0.887,0.94,8,3
HD 101501_7,0.8790615877878828,0.0015495312167063194,HD 101501,0.887,0.94,8,3
HD 101501_7,0.7703038871195402,0.01976729418309253,HD 101501,0.887,0.94,8,3
HD 101501_7,0.791509587601401,0.00025700246287851773,HD 101501,0.887,0.94,8,3
HD 101501_7,0.7517921106072856,0.021448228593127495,HD 101501,0.887,0.94,8,3
HD 101501_7,0.8223110082818816,0.04850694793722618,HD 101501,0.887,0.94,8,3
HD 101501_7,0.8671603521541932,0.14447676090330963,HD 101501,0.887,0.94,8,3
HD 101501_7,1.0534359639657058,0.1976318469019008,HD 101501,0.887,0.94,8,3
HD 101501_7,0.9190151030785049,0.14042020604032893,HD 101501,0.887,0.94,8,3
HD 101501_7,0.7997214890663826,0.0027088832752673857,HD 101501,0.887,0.94,8,3
HD 101501_7,0.7725325841393036,0.026926996841081477,HD 101501,0.887,0.94,8,3
HD 101501_7,0.8359089981939792,0.05078328570654994,HD 101501,0.887,0.94,8,3
HD 101501_7,0.7991896159593409,0.04678046597103852,HD 101501,0.887,0.94,8,3
HD 101501_7,0.7698871386814675,0.02118074103680222,HD 101501,0.887,0.94,8,3
HD 101501_7,0.7983670031385357,0.030223295338062613,HD 101501,0.887,0.94,8,3
HD 101501_7,0.8199759211079609,0.013851390158819053,HD 101501,0.887,0.94,8,3
HD 101501_7,0.8430908892594694,0.008997408398605612,HD 101501,0.887,0.94,8,3
HD 101501_7,0.827187119736094,0.09064736018163715,HD 101501,0.887,0.94,8,3
HD 101501_7,0.9052419021507738,0.2788664399234968,HD 101501,0.887,0.94,8,3
HD 101501_7,0.8102051299070218,0.053851642943170894,HD 101501,0.887,0.94,8,3
HD 101501_7,0.7725412260365578,0.026660011489747087,HD 101501,0.887,0.94,8,3
HD 101501_7,0.8547724578070486,0.04254799795070596,HD 101501,0.887,0.94,8,3
HD 101501_7,1.22847117636744,0.23515672573455546,HD 101501,0.887,0.94,8,3
HD 101501_7,0.8065119413175408,0.02912979414384097,HD 101501,0.887,0.94,8,3
HD 101501_7,0.7999458374280758,0.04906060595247211,HD 101501,0.887,0.94,8,3
HD 101501_7,0.8407548543382504,0.005270145600030212,HD 101501,0.887,0.94,8,3
HD 101501_7,0.8386395419391087,0.05148649614866918,HD 101501,0.887,0.94,8,3
HD 101501_7,0.8610033787586528,0.004957107927208184,HD 101501,0.887,0.94,8,3
HD 101501_7,0.8110973338664371,0.014694958011022113,HD 101501,0.887,0.94,8,3
HD 101501_7,1.0083334300184765,0.0940299500044179,HD 101501,0.887,0.94,8,3
HD 101501_7,0.8527170443581248,0.01512206806365091,HD 101501,0.887,0.94,8,3
HD 101501_7,0.822312357089169,0.07587985851771792,HD 101501,0.887,0.94,8,3
HD 101501_7,0.8454523252226138,0.024421128782589615,HD 101501,0.887,0.94,8,3
HD 101501_7,0.756782543404006,0.00556166451210963,HD 101501,0.887,0.94,8,3
HD 101501_7,0.7823623975510905,0.03856101936602282,HD 101501,0.887,0.94,8,3
HD 101501_7,0.844789023851612,0.04028656422527104,HD 101501,0.887,0.94,8,3
HD 101501_7,0.8299553308375247,0.017066613296423387,HD 101501,0.887,0.94,8,3
HD 101501_7,1.0815716554505146,0.17072330288093782,HD 101501,0.887,0.94,8,3
HD 101501_7,0.7889576718974073,0.03918720964299411,HD 101501,0.887,0.94,8,3
HD 101501_7,0.8388282835392754,0.021311768388917615,HD 101501,0.887,0.94,8,3
HD 101501_7,0.8724938589391569,0.03988144328081948,HD 101501,0.887,0.94,8,3
HD 101501_7,0.8168680694956884,0.03788791694865416,HD 101501,0.887,0.94,8,3
HD 101501_7,0.8327371948663502,0.031191703770851103,HD 101501,0.887,0.94,8,3
HD 101501_7,0.8543798039272095,0.016990301937782417,HD 101501,0.887,0.94,8,3
HD 101501_7,0.8024386567041696,0.06688043964632116,HD 101501,0.887,0.94,8,3
HD 101501_7,0.7873184011318675,0.0077833234057776285,HD 101501,0.887,0.94,8,3
HD 101501_7,0.8283348188179681,0.08570658939709774,HD 101501,0.887,0.94,8,3
HD 101501_7,0.8273533243145811,0.056173361571321176,HD 101501,0.887,0.94,8,3
HD 101501_7,0.8812855350154172,0.05499185134413473,HD 101501,0.887,0.94,8,3
HD 101501_7,0.8147692422067777,0.018253807764037254,HD 101501,0.887,0.94,8,3
HD 101501_7,0.7944904334466896,0.011247820613222749,HD 101501,0.887,0.94,8,3
HD 101501_7,0.8082260949958779,0.032500641579009115,HD 101501,0.887,0.94,8,3
HD 101501_7,0.8598867496423976,0.008079846380133522,HD 101501,0.887,0.94,8,3
HD 101501_7,0.8300656944888529,0.018975015789558028,HD 101501,0.887,0.94,8,3
HD 101501_7,0.9263821602200519,0.1254844763163486,HD 101501,0.887,0.94,8,3
HD 101501_7,0.7713129306788901,0.009221820714416542,HD 101501,0.887,0.94,8,3
HD 101501_7,0.7965966099862256,0.022549042788949442,HD 101501,0.887,0.94,8,3
HD 101501_7,0.8185370573333317,0.04769557044302544,HD 101501,0.887,0.94,8,3
HD 101501_7,0.8032725521628618,0.05051181143939719,HD 101501,0.887,0.94,8,3
HD 101501_7,0.8307476453394192,0.06791634407581787,HD 101501,0.887,0.94,8,3
HD 101501_7,0.8233285232914571,0.11648327823506188,HD 101501,0.887,0.94,8,3
HD 101501_7,0.7880497544859844,0.02304319644629519,HD 101501,0.887,0.94,8,3
HD 101501_7,1.1520650797423326,0.2174363724686076,HD 101501,0.887,0.94,8,3
HD 101501_7,0.8520346776974248,0.1045933249445106,HD 101501,0.887,0.94,8,3
HD 101501_7,0.8066177565240847,0.001002934372718367,HD 101501,0.887,0.94,8,3
HD 101501_7,0.8142689543908374,0.007470326041756262,HD 101501,0.887,0.94,8,3
HD 101501_7,0.8749141222704587,0.08112996049000323,HD 101501,0.887,0.94,8,3
HD 101501_7,0.8442633660591619,0.037607071508735004,HD 101501,0.887,0.94,8,3
HD 101501_7,0.7778377806184835,0.002285045281620858,HD 101501,0.887,0.94,8,3
HD 101501_7,0.8135479369526322,0.004113101942123035,HD 101501,0.887,0.94,8,3
HD 101501_7,0.8400373169494787,0.0028905075130783936,HD 101501,0.887,0.94,8,3
HD 101501_7,0.8034176841567414,0.04554463197115775,HD 101501,0.887,0.94,8,3
HD 101501_7,0.817047195960153,0.05014058229393315,HD 101501,0.887,0.94,8,3
HD 101501_7,0.8438528659492137,0.008431237628712245,HD 101501,0.887,0.94,8,3
HD 101501_7,1.0774421393878535,0.15134267067638713,HD 101501,0.887,0.94,8,3
HD 101501_7,0.7786954474094326,0.01127458487521378,HD 101501,0.887,0.94,8,3
HD 101501_7,0.8431772808589744,0.032980417090089545,HD 101501,0.887,0.94,8,3
HD 101501_7,0.8494702081114526,0.0489576977333549,HD 101501,0.887,0.94,8,3
HD 101501_7,0.8177341157863162,0.09718027136093023,HD 101501,0.887,0.94,8,3
HD 101501_7,0.8756147482572707,0.03757098832284191,HD 101501,0.887,0.94,8,3
HD 101501_7,0.8639596400825517,0.03597635787421305,HD 101501,0.887,0.94,8,3
HD 101501_7,0.8072001477246514,0.031525643574412926,HD 101501,0.887,0.94,8,3
HD 101501_7,0.8209714344925404,0.04372621434632098,HD 101501,0.887,0.94,8,3
HD 101501_7,0.8155007924667614,0.014140285109998773,HD 101501,0.887,0.94,8,3
HD 101501_7,0.8371579879390396,0.00573426583073978,HD 101501,0.887,0.94,8,3
HD 101501_7,0.8155229906782604,0.011372809376171215,HD 101501,0.887,0.94,8,3
HD 101501_7,0.8177973004660533,0.014346362212449731,HD 101501,0.887,0.94,8,3
HD 101501_7,0.8102799940324364,0.022262542495171678,HD 101501,0.887,0.94,8,3
HD 101501_7,0.7693518375246781,0.02790156929619886,HD 101501,0.887,0.94,8,3
HD 101501_7,0.817009004087001,0.019076880853700254,HD 101501,0.887,0.94,8,3
HD 101501_7,0.8052925098375064,0.010718644875062647,HD 101501,0.887,0.94,8,3
HD 101501_7,0.8288985256018001,0.04432128860268709,HD 101501,0.887,0.94,8,3
HD 101501_7,0.7705256073060527,0.019341973064206285,HD 101501,0.887,0.94,8,3
HD 101501_7,0.8234468596527426,0.01687820177483499,HD 101501,0.887,0.94,8,3
HD 101501_7,0.8289325297666325,0.004677209514973208,HD 101501,0.887,0.94,8,3
HD 101501_7,0.8193432945580826,0.03137411221500388,HD 101501,0.887,0.94,8,3
HD 101501_7,0.8267105618032611,0.018922045422855,HD 101501,0.887,0.94,8,3
HD 101501_7,0.7655659195283033,0.014973084283963708,HD 101501,0.887,0.94,8,3
HD 101501_7,0.7854607236423036,0.016684990632931686,HD 101501,0.887,0.94,8,3
HD 101501_7,0.9158245924079091,0.0683906775665328,HD 101501,0.887,0.94,8,3
HD 101501_7,0.8611107787150419,0.07724379949228946,HD 101501,0.887,0.94,8,3
HD 101501_7,0.9142737739536977,0.14465728983339163,HD 101501,0.887,0.94,8,3
HD 101501_7,0.8430094841347517,0.053504275928694806,HD 101501,0.887,0.94,8,3
HD 101501_7,0.9178134182408204,0.22690714787467461,HD 101501,0.887,0.94,8,3
HD 101501_7,0.9336852163520555,0.06128151796908175,HD 101501,0.887,0.94,8,3
HD 101501_7,1.0031067746498143,0.2134944931406651,HD 101501,0.887,0.94,8,3
HD 101501_7,0.8236212152877919,0.037961875239324275,HD 101501,0.887,0.94,8,3
HD 101501_7,0.8704141057336151,0.0354581416802653,HD 101501,0.887,0.94,8,3
HD 101501_7,0.802917985227154,0.06235499963892673,HD 101501,0.887,0.94,8,3
HD 101501_7,0.8127969457404569,0.009779572362239837,HD 101501,0.887,0.94,8,3
HD 101501_7,0.8750073631663372,0.038144736227005135,HD 101501,0.887,0.94,8,3
HD 101501_7,0.8145885056597791,0.008304384379016726,HD 101501,0.887,0.94,8,3
HD 101501_7,0.8259100884496852,0.02092082099462612,HD 101501,0.887,0.94,8,3
HD 101501_7,0.8145933909275774,0.12237110951936636,HD 101501,0.887,0.94,8,3
HD 101501_7,0.8097683500506055,0.012979866081962858,HD 101501,0.887,0.94,8,3
HD 101501_7,0.8236896943270867,0.08270411492065535,HD 101501,0.887,0.94,8,3
HD 101501_7,0.7645024632797807,0.0030013208956932436,HD 101501,0.887,0.94,8,3
HD 101501_7,0.8347647851536272,0.04447430617642944,HD 101501,0.887,0.94,8,3
HD 101501_7,0.8509865195018201,0.04835098762903979,HD 101501,0.887,0.94,8,3
HD 101501_7,0.8899847903181438,0.035308721461215435,HD 101501,0.887,0.94,8,3
HD 101501_7,0.8054369675236248,0.013282115632955128,HD 101501,0.887,0.94,8,3
HD 101501_7,0.8080584961159432,0.021698322652734796,HD 101501,0.887,0.94,8,3
HD 101501_7,0.7964961219031673,0.0010385964563277839,HD 101501,0.887,0.94,8,3
HD 101501_7,0.82664525652653,0.004858148090945522,HD 101501,0.887,0.94,8,3
HD 101501_7,0.8407248047675906,0.022912275728512038,HD 101501,0.887,0.94,8,3
HD 101501_7,0.8438894974631885,0.08607375500018632,HD 101501,0.887,0.94,8,3
HD 101501_7,0.8251607654652724,0.02689003808909077,HD 101501,0.887,0.94,8,3
HD 101501_7,0.806024023827349,0.005269961270581152,HD 101501,0.887,0.94,8,3
HD 101501_7,0.8450905524587559,0.16413625028131304,HD 101501,0.887,0.94,8,3
HD 101501_7,0.767723253862152,0.001499589478881739,HD 101501,0.887,0.94,8,3
HD 101501_7,0.8320507077068087,0.030148525993453548,HD 101501,0.887,0.94,8,3
HD 101501_7,0.8295520359669971,0.03296373063670343,HD 101501,0.887,0.94,8,3
HD 101501_7,0.863442071336553,0.03858208781667784,HD 101501,0.887,0.94,8,3
HD 101501_7,0.8373421581315251,0.0028043241999304303,HD 101501,0.887,0.94,8,3
HD 101501_7,0.8971623701785176,0.067824007886234,HD 101501,0.887,0.94,8,3
HD 101501_7,0.8050218186866696,0.05798714208080679,HD 101501,0.887,0.94,8,3
HD 101501_7,0.8273649076621543,0.022323226382743176,HD 101501,0.887,0.94,8,3
HD 101501_7,0.7869539244724009,0.0064835015384021,HD 101501,0.887,0.94,8,3
HD 101501_7,0.821223121948797,0.03762587270706029,HD 101501,0.887,0.94,8,3
HD 101501_7,0.8431030353577539,0.02018877196259616,HD 101501,0.887,0.94,8,3
HD 101501_7,0.8111806134240552,0.020502884899038492,HD 101501,0.887,0.94,8,3
HD 101501_7,0.8135188459677175,0.0003023135139985991,HD 101501,0.887,0.94,8,3
HD 101501_7,0.8639508028717401,0.022826710646615712,HD 101501,0.887,0.94,8,3
HD 101501_7,0.8202927199718664,0.01519301117877829,HD 101501,0.887,0.94,8,3
HD 101501_7,0.7923857838544208,0.018063674502369627,HD 101501,0.887,0.94,8,3
HD 101501_7,0.7936843056743021,0.0032740693954216374,HD 101501,0.887,0.94,8,3
HD 101501_7,1.0231411329152913,0.10155790805422406,HD 101501,0.887,0.94,8,3
HD 101501_7,0.8556873386232827,0.06900603188563435,HD 101501,0.887,0.94,8,3
HD 101501_7,0.8056022096622568,0.020145887513201958,HD 101501,0.887,0.94,8,3
HD 101501_7,0.8770056699485335,0.023183318284118105,HD 101501,0.887,0.94,8,3
HD 101501_7,0.7843012602948763,0.06470400078900804,HD 101501,0.887,0.94,8,3
HD 101501_7,0.8623392936661646,0.011114794848497391,HD 101501,0.887,0.94,8,3
HD 101501_7,0.8138233455266418,0.03903453495963685,HD 101501,0.887,0.94,8,3
HD 101501_7,0.8452886747587856,0.0464472911795506,HD 101501,0.887,0.94,8,3
HD 101501_7,0.7825167268842369,0.00641956781632266,HD 101501,0.887,0.94,8,3
HD 101501_7,0.8357285016806605,0.031525730339832726,HD 101501,0.887,0.94,8,3
HD 101501_7,0.7494314473737418,0.15075284055827576,HD 101501,0.887,0.94,8,3
HD 101501_7,0.8172959224987459,0.036385016225532654,HD 101501,0.887,0.94,8,3
HD 101501_7,0.768108351787726,0.018533558982123582,HD 101501,0.887,0.94,8,3
HD 101501_7,0.8289328765075236,0.012242462717537539,HD 101501,0.887,0.94,8,3
HD 101501_7,0.8798729544272799,0.04785623659789883,HD 101501,0.887,0.94,8,3
HD 101501_7,0.8317081665151248,0.13318623289404655,HD 101501,0.887,0.94,8,3
HD 101501_7,0.8470374293711834,0.012641507151959164,HD 101501,0.887,0.94,8,3
HD 101501_7,0.8475452649168758,0.04503660400197486,HD 101501,0.887,0.94,8,3
HD 101501_7,0.8471691450187765,0.03276248468512219,HD 101501,0.887,0.94,8,3
HD 101501_7,0.7730934229039664,0.09636970561593922,HD 101501,0.887,0.94,8,3
HD 101501_7,0.8293693379839124,0.036905646591097345,HD 101501,0.887,0.94,8,3
HD 101501_7,0.8361426150535856,0.03737293296500177,HD 101501,0.887,0.94,8,3
HD 101501_7,0.837083099123445,0.044483604361463105,HD 101501,0.887,0.94,8,3
HD 101501_7,0.8477522613218786,0.10726909372310295,HD 101501,0.887,0.94,8,3
HD 101501_7,0.7797685612146301,0.014944478169680371,HD 101501,0.887,0.94,8,3
HD 101501_7,0.8507827803660438,0.023706577636668766,HD 101501,0.887,0.94,8,3
HD 101501_7,0.8540512225633016,0.15584518387960086,HD 101501,0.887,0.94,8,3
HD 101501_7,0.9162624440173344,0.06473787799534043,HD 101501,0.887,0.94,8,3
HD 101501_7,0.8266678544960686,0.06042411260187597,HD 101501,0.887,0.94,8,3
HD 101501_7,0.8635959011617619,0.0747929483652312,HD 101501,0.887,0.94,8,3
HD 101501_7,0.8098891734603566,0.03949346002671246,HD 101501,0.887,0.94,8,3
HD 101501_7,1.1520650797423326,0.2174363724686076,HD 101501,0.887,0.94,8,3
HD 101501_7,0.827041605953011,0.03347467345943442,HD 101501,0.887,0.94,8,3
HD 101501_7,0.83981057279715,0.057176796154246215,HD 101501,0.887,0.94,8,3
HD 101501_7,0.8183924306962218,0.008686747943089908,HD 101501,0.887,0.94,8,3
HD 101501_7,0.8034278670334652,0.011527532491386829,HD 101501,0.887,0.94,8,3
HD 101501_7,0.829645521527889,0.03905175587205977,HD 101501,0.887,0.94,8,3
HD 101501_7,0.7838773496258102,0.024375013671231002,HD 101501,0.887,0.94,8,3
HD 101501_7,0.8614726860468949,0.058574881958477515,HD 101501,0.887,0.94,8,3
HD 101501_7,0.9116282375121567,0.0901165627967405,HD 101501,0.887,0.94,8,3
HD 101501_7,0.8238570303667127,0.04021430576577247,HD 101501,0.887,0.94,8,3
HD 101501_7,0.8704248629344133,0.029169818770364602,HD 101501,0.887,0.94,8,3
HD 101501_7,0.850552219404097,0.045543710769988574,HD 101501,0.887,0.94,8,3
HD 101501_7,0.8602483085506228,0.028079384518801563,HD 101501,0.887,0.94,8,3
HD 101501_7,0.8170965462650801,0.011677971048894623,HD 101501,0.887,0.94,8,3
HD 101501_7,0.7954544841089086,0.012734151499453995,HD 101501,0.887,0.94,8,3
HD 101501_7,0.8037769245107028,0.01920344956435234,HD 101501,0.887,0.94,8,3
HD 101501_7,0.8295727330510088,0.00565790165943663,HD 101501,0.887,0.94,8,3
HD 101501_7,0.8202278446311395,0.058538624721357305,HD 101501,0.887,0.94,8,3
HD 101501_7,0.8140513664289263,0.014742208703412849,HD 101501,0.887,0.94,8,3
HD 101501_7,0.8278591818598818,0.024844079643474026,HD 101501,0.887,0.94,8,3
HD 101501_7,0.7932220104747685,0.1604529973608579,HD 101501,0.887,0.94,8,3
HD 101501_7,0.8279272123019564,0.00869372175263607,HD 101501,0.887,0.94,8,3
HD 101501_7,0.8350065649272906,0.0013476631299776803,HD 101501,0.887,0.94,8,3
HD 101501_7,0.7850579374520584,0.009724344103120345,HD 101501,0.887,0.94,8,3
HD 101501_7,0.7771695402010786,0.04718356962482142,HD 101501,0.887,0.94,8,3
HD 101501_7,0.8027954662013356,0.002206493984003993,HD 101501,0.887,0.94,8,3
HD 101501_7,0.8367635190411932,0.03585304864803719,HD 101501,0.887,0.94,8,3
HD 101501_7,0.9110764368454243,0.05153675317715064,HD 101501,0.887,0.94,8,3
HD 101501_7,1.2120572140810333,0.2205752575148192,HD 101501,0.887,0.94,8,3
HD 101501_7,0.8344704104805998,0.05593546588182913,HD 101501,0.887,0.94,8,3
HD 101501_7,0.7820526980150677,0.009881190320638472,HD 101501,0.887,0.94,8,3
HD 101501_7,0.8352949809683,0.014685280514175197,HD 101501,0.887,0.94,8,3
HD 101501_7,0.7713364379637921,0.002240258301832998,HD 101501,0.887,0.94,8,3
HD 101501_7,0.8413478751067074,0.05283101105546357,HD 101501,0.887,0.94,8,3
HD 101501_7,1.013365774496995,0.1260451610345574,HD 101501,0.887,0.94,8,3
HD 101501_7,0.8291207933928834,0.013971524959722838,HD 101501,0.887,0.94,8,3
HD 101501_7,0.8527297344782961,0.0420669425478176,HD 101501,0.887,0.94,8,3
HD 101501_7,0.818287160728036,0.012217709441275204,HD 101501,0.887,0.94,8,3
HD 101501_7,0.8128844043978667,0.10938769175545429,HD 101501,0.887,0.94,8,3
HD 101501_7,0.8644970742188522,0.050789609263075366,HD 101501,0.887,0.94,8,3
HD 101501_7,0.8023579589225084,0.028037759164972004,HD 101501,0.887,0.94,8,3
HD 101501_7,0.8041677795905923,0.0011489734891782458,HD 101501,0.887,0.94,8,3
HD 101501_7,1.2643412679872563,0.2893054095018278,HD 101501,0.887,0.94,8,3
HD 101501_7,0.8121259792500812,0.029434869752314793,HD 101501,0.887,0.94,8,3
HD 101501_7,0.8063695004886019,0.09349435279309704,HD 101501,0.887,0.94,8,3
HD 101501_7,0.8756844948266596,0.09181514145034811,HD 101501,0.887,0.94,8,3
HD 101501_7,0.8532898091221259,0.08324741980955407,HD 101501,0.887,0.94,8,3
HD 101501_7,0.8777360327261954,0.039462200887948655,HD 101501,0.887,0.94,8,3
HD 101501_7,0.8284115318243951,0.003861698029647316,HD 101501,0.887,0.94,8,3
HD 101501_7,0.8109702458008752,0.0343851354543982,HD 101501,0.887,0.94,8,3
HD 101501_7,0.8416162735692578,0.07413711545324028,HD 101501,0.887,0.94,8,3
HD 101501_7,0.8107330576166795,0.028617587883765963,HD 101501,0.887,0.94,8,3
HD 101501_7,0.8158377274388073,0.01035458774481086,HD 101501,0.887,0.94,8,3
HD 101501_7,0.8131988236603072,0.13758485876253113,HD 101501,0.887,0.94,8,3
HD 101501_7,0.855566091307759,0.040855490246854156,HD 101501,0.887,0.94,8,3
HD 101501_7,0.814735291826515,0.016467600598173614,HD 101501,0.887,0.94,8,3
HD 101501_7,0.848705652471704,0.08587408031734453,HD 101501,0.887,0.94,8,3
HD 101501_7,0.7920463478681308,0.010977252452266967,HD 101501,0.887,0.94,8,3
HD 101501_7,0.7663646627578471,0.003557873954789119,HD 101501,0.887,0.94,8,3
HD 101501_7,0.8510762650109269,0.04058667992473142,HD 101501,0.887,0.94,8,3
HD 101501_7,0.8124573619858142,0.011416473912194788,HD 101501,0.887,0.94,8,3
HD 101501_7,0.8660119985100418,0.027305467759032392,HD 101501,0.887,0.94,8,3
HD 101501_7,0.7936977339719796,0.005296174875984911,HD 101501,0.887,0.94,8,3
HD 101501_7,0.8064779476713058,0.12603851449749381,HD 101501,0.887,0.94,8,3
HD 101501_7,0.7634043673262845,7.5096788180469e-05,HD 101501,0.887,0.94,8,3
HD 101501_7,0.8240080008380145,0.013768631785229375,HD 101501,0.887,0.94,8,3
HD 101501_7,0.9145945941231428,0.05650740548419049,HD 101501,0.887,0.94,8,3
HD 101501_7,0.8193004272820984,0.006145875342764265,HD 101501,0.887,0.94,8,3
HD 101501_7,0.8426179541301001,0.06445330150780454,HD 101501,0.887,0.94,8,3
HD 101501_7,0.7494166879957381,0.00846678457707302,HD 101501,0.887,0.94,8,3
HD 101501_7,0.8548607328020622,0.04250338748550639,HD 101501,0.887,0.94,8,3
HD 101501_7,0.8346457228752819,0.029309157761248386,HD 101501,0.887,0.94,8,3
HD 101501_7,0.8116703010397692,0.018692102479666253,HD 101501,0.887,0.94,8,3
HD 101501_7,0.8271604931204355,0.12467422767616204,HD 101501,0.887,0.94,8,3
HD 101501_7,0.7807382410168986,0.012183262726461447,HD 101501,0.887,0.94,8,3
HD 101501_7,0.8222260214111441,0.00749211393471157,HD 101501,0.887,0.94,8,3
HD 101501_7,0.8234155037026198,0.0684962452818124,HD 101501,0.887,0.94,8,3
HD 101501_7,0.8293579947178323,0.01625256515674606,HD 101501,0.887,0.94,8,3
HD 101501_7,0.8249003764859664,0.01944876654982282,HD 101501,0.887,0.94,8,3
HD 101501_7,0.8490875505192729,0.13337525150534574,HD 101501,0.887,0.94,8,3
HD 101501_7,0.8652559935081265,0.025578587293955842,HD 101501,0.887,0.94,8,3
HD 101501_7,0.8972884793963758,0.10872500024357334,HD 101501,0.887,0.94,8,3
HD 101501_7,0.7953403220755532,0.03478913500504992,HD 101501,0.887,0.94,8,3
HD 101501_7,0.9431126539435928,0.08221663470915316,HD 101501,0.887,0.94,8,3
HD 101501_7,0.8005902040665455,0.003033930433863758,HD 101501,0.887,0.94,8,3
HD 101501_7,0.8140513664289263,0.014742208703412849,HD 101501,0.887,0.94,8,3
HD 101501_7,0.8379187766621513,0.020433748792045292,HD 101501,0.887,0.94,8,3
HD 101501_7,0.826174241620471,0.10854746020252817,HD 101501,0.887,0.94,8,3
HD 101501_7,0.8297033739631531,0.046111117647589336,HD 101501,0.887,0.94,8,3
HD 101501_7,0.8413166211381122,7.324755931986063e-05,HD 101501,0.887,0.94,8,3
HD 101501_7,0.8041618494372278,0.04523718129750821,HD 101501,0.887,0.94,8,3
HD 101501_7,0.8344193003409182,0.02020533084438774,HD 101501,0.887,0.94,8,3
HD 101501_7,0.8421704478189943,0.019827826424172145,HD 101501,0.887,0.94,8,3
HD 101501_7,0.8389801567545716,0.03930411924858285,HD 101501,0.887,0.94,8,3
HD 101501_7,0.8386107903431556,0.009496174101487367,HD 101501,0.887,0.94,8,3
HD 101501_7,0.7680083032858467,0.02073148841324987,HD 101501,0.887,0.94,8,3
HD 101501_7,0.8254611642767289,0.009539990258038533,HD 101501,0.887,0.94,8,3
HD 101501_7,0.8515228164493825,0.06834118646732211,HD 101501,0.887,0.94,8,3
HD 101501_7,0.9524200025813541,0.085402880599074,HD 101501,0.887,0.94,8,3
HD 101501_7,0.9742590874081448,0.148537887549856,HD 101501,0.887,0.94,8,3
HD 101501_7,0.8399712944472145,0.028088362876358658,HD 101501,0.887,0.94,8,3
HD 101501_7,0.7807759112956547,0.006762595828535728,HD 101501,0.887,0.94,8,3
HD 101501_7,0.8877964016252601,0.06297595012609525,HD 101501,0.887,0.94,8,3
HD 101501_7,0.8157600469951874,0.05215918546473629,HD 101501,0.887,0.94,8,3
HD 101501_7,0.8104281464795681,0.03709779073955201,HD 101501,0.887,0.94,8,3
HD 101501_7,0.8426346706506047,0.015347271491475854,HD 101501,0.887,0.94,8,3
HD 101501_7,0.8508275264462548,0.019600151673632688,HD 101501,0.887,0.94,8,3
HD 101501_7,0.8832186199361963,0.03188036895323421,HD 101501,0.887,0.94,8,3
HD 101501_7,0.8378052604933962,0.18674879485554147,HD 101501,0.887,0.94,8,3
HD 101501_7,0.8589703162282546,0.0403180415747465,HD 101501,0.887,0.94,8,3
HD 101501_7,0.948640284364687,0.08497426337890916,HD 101501,0.887,0.94,8,3
HD 101501_7,0.8307321163408631,0.01918060368368509,HD 101501,0.887,0.94,8,3
HD 101501_7,0.8355194164239989,0.022510489166819123,HD 101501,0.887,0.94,8,3
HD 101501_7,0.8380816297818536,0.02992585949849335,HD 101501,0.887,0.94,8,3
HD 101501_7,0.8554767884600788,0.054206752297552466,HD 101501,0.887,0.94,8,3
HD 101501_7,0.8482051845757841,0.009092201459202736,HD 101501,0.887,0.94,8,3
HD 101501_7,0.7944425828202143,0.08182263613971934,HD 101501,0.887,0.94,8,3
HD 101501_7,0.7802556520551811,0.04200243576627638,HD 101501,0.887,0.94,8,3
HD 101501_7,0.8378299320704048,0.11373993784698175,HD 101501,0.887,0.94,8,3
HD 101501_7,0.8093146237142892,0.015063520987796094,HD 101501,0.887,0.94,8,3
HD 101501_7,0.8011143270318838,0.0014624271861536564,HD 101501,0.887,0.94,8,3
HD 101501_7,0.8551011873951873,0.19389868127432847,HD 101501,0.887,0.94,8,3
HD 101501_7,0.813257369558356,0.022072857386707535,HD 101501,0.887,0.94,8,3
HD 101501_7,0.8397737384561282,0.05696084376844205,HD 101501,0.887,0.94,8,3
HD 101501_7,0.8487182480944628,0.03701469764939317,HD 101501,0.887,0.94,8,3
HD 101501_7,0.8778071665138338,0.00985095555924494,HD 101501,0.887,0.94,8,3
HD 101501_7,0.830969772346325,0.007642076250830562,HD 101501,0.887,0.94,8,3
HD 101501_7,1.1085563390659978,0.18917686400162007,HD 101501,0.887,0.94,8,3
HD 101501_7,0.9822295579592565,0.0782867148045721,HD 101501,0.887,0.94,8,3
HD 101501_7,0.8540075506654548,0.028371170209192713,HD 101501,0.887,0.94,8,3
HD 101501_7,0.8215486729154287,0.0038023247523977094,HD 101501,0.887,0.94,8,3
HD 101501_7,0.845244786497683,0.008343733888168971,HD 101501,0.887,0.94,8,3
HD 101501_7,0.8263378841910793,0.04887616206054607,HD 101501,0.887,0.94,8,3
HD 101501_7,0.83729009783547,0.04256303686859339,HD 101501,0.887,0.94,8,3
HD 101501_7,0.8534854104480414,0.055166947360118936,HD 101501,0.887,0.94,8,3
HD 101501_7,0.8711290790278998,0.02337433804803761,HD 101501,0.887,0.94,8,3
HD 101501_7,0.8009941043015287,0.042398921669532345,HD 101501,0.887,0.94,8,3
HD 101501_7,0.8399727069599217,0.0456775968222361,HD 101501,0.887,0.94,8,3
HD 101501_7,0.8421542341074311,0.263996852997502,HD 101501,0.887,0.94,8,3
HD 101501_7,0.799748822586299,0.015908208195257616,HD 101501,0.887,0.94,8,3
HD 101501_7,0.8235896244913223,0.07434049090515123,HD 101501,0.887,0.94,8,3
HD 101501_7,0.8417677453920499,0.0424228502080351,HD 101501,0.887,0.94,8,3
HD 101501_7,0.8612325284511155,0.061087211446867656,HD 101501,0.887,0.94,8,3
HD 101501_7,0.8392559483034064,0.0879923172810555,HD 101501,0.887,0.94,8,3
HD 101501_7,0.842328113885933,0.010863296843490534,HD 101501,0.887,0.94,8,3
HD 101501_7,0.8297494769747232,0.018754077372802463,HD 101501,0.887,0.94,8,3
HD 101501_7,0.8175601448426237,0.0020490794145480995,HD 101501,0.887,0.94,8,3
HD 101501_7,0.8243674852539007,0.00967741558218958,HD 101501,0.887,0.94,8,3
HD 101501_7,0.7919499315139642,0.06804584061766741,HD 101501,0.887,0.94,8,3
HD 101501_7,0.8489863648640249,0.021244790519587567,HD 101501,0.887,0.94,8,3
HD 101501_7,0.8633834006063259,0.007721762936334579,HD 101501,0.887,0.94,8,3
HD 101501_7,0.820168933028477,0.03643973031736686,HD 101501,0.887,0.94,8,3
HD 101501_7,0.7815449947146005,0.054254606027439894,HD 101501,0.887,0.94,8,3
HD 101501_7,0.887758442687003,0.05246197560914803,HD 101501,0.887,0.94,8,3
HD 101501_7,0.8693213849137361,0.09468930424903578,HD 101501,0.887,0.94,8,3
HD 101501_7,0.8947623928312546,0.06389307609067298,HD 101501,0.887,0.94,8,3
HD 101501_7,0.9006747114960034,0.08050244616289937,HD 101501,0.887,0.94,8,3
HD 101501_7,0.8283426857154529,0.021605407178571765,HD 101501,0.887,0.94,8,3
HD 101501_7,0.8326321033844629,0.02409636005334104,HD 101501,0.887,0.94,8,3
HD 101501_7,0.8556205339964269,0.022840520389519642,HD 101501,0.887,0.94,8,3
HD 101501_7,0.8247127340160081,0.017736205525276418,HD 101501,0.887,0.94,8,3
HD 101501_7,0.8066544120814115,0.04509033619657614,HD 101501,0.887,0.94,8,3
HD 101501_7,0.8088656600345155,0.06688194679404352,HD 101501,0.887,0.94,8,3
HD 101501_7,0.8194093162198528,0.0050942465481092596,HD 101501,0.887,0.94,8,3
HD 101501_7,0.834860951154766,0.03151428490360868,HD 101501,0.887,0.94,8,3
HD 101501_7,0.7994484470037873,0.01025706479941823,HD 101501,0.887,0.94,8,3
HD 101501_7,0.8876124052585337,0.15475816752242358,HD 101501,0.887,0.94,8,3
HD 101501_7,0.9335824083112866,0.07480792244942717,HD 101501,0.887,0.94,8,3
HD 101501_7,0.7823533459131292,0.01616117176923025,HD 101501,0.887,0.94,8,3
HD 101501_7,0.9082034865603784,0.11693221600722462,HD 101501,0.887,0.94,8,3
HD 101501_7,0.8564389033337181,0.04207428809609534,HD 101501,0.887,0.94,8,3
HD 101501_7,0.871444712744195,0.046328074926694864,HD 101501,0.887,0.94,8,3
HD 101501_7,0.8555574244162553,0.019305368350248688,HD 101501,0.887,0.94,8,3
HD 101501_7,0.8522277393146906,0.07234119227421995,HD 101501,0.887,0.94,8,3
HD 101501_7,0.7905028250903526,0.028840493538999958,HD 101501,0.887,0.94,8,3
HD 101501_7,0.7756728726622145,0.01869087913773147,HD 101501,0.887,0.94,8,3
HD 101501_7,0.8649622435382764,0.13568587340819666,HD 101501,0.887,0.94,8,3
HD 101501_7,0.8168816009447456,0.036804193458271225,HD 101501,0.887,0.94,8,3
HD 101501_7,0.8271816231512837,0.015964762334215676,HD 101501,0.887,0.94,8,3
HD 101501_7,0.844875516892167,0.09015595992631427,HD 101501,0.887,0.94,8,3
HD 101501_7,0.8495570963916815,0.06973090512845914,HD 101501,0.887,0.94,8,3
HD 101501_7,0.8170922882717859,0.25573507981313365,HD 101501,0.887,0.94,8,3
HD 101501_7,0.8458677767307694,0.07030337121392215,HD 101501,0.887,0.94,8,3
HD 101501_7,0.8388825505636912,0.01784493475751615,HD 101501,0.887,0.94,8,3
HD 101501_7,0.8139888352044499,0.0004335659986243051,HD 101501,0.887,0.94,8,3
HD 101501_7,0.8192782973606975,0.05844383535898681,HD 101501,0.887,0.94,8,3
HD 10780_0,0.8133326824073444,0.09408909980801619,HD 10780,1.077,0.9,8,4
HD 10780_0,0.8176644089940966,0.06104380717630749,HD 10780,1.077,0.9,8,4
HD 10780_0,0.8157694538403952,0.029053073950218042,HD 10780,1.077,0.9,8,4
HD 10780_0,0.814644827187141,0.05697620642488609,HD 10780,1.077,0.9,8,4
HD 10780_0,0.8173248209553572,0.031067011344437272,HD 10780,1.077,0.9,8,4
HD 10780_0,0.8122724190930422,0.06271907877127786,HD 10780,1.077,0.9,8,4
HD 10780_0,0.8156257169571085,0.06124517274148808,HD 10780,1.077,0.9,8,4
HD 10780_0,0.8165234812482085,0.026806758386819143,HD 10780,1.077,0.9,8,4
HD 10780_0,0.8147857614128253,0.035198612219354386,HD 10780,1.077,0.9,8,4
HD 10780_0,0.8167260666975602,0.10152953014044723,HD 10780,1.077,0.9,8,4
HD 10780_0,0.8134089452889008,0.04479246803934386,HD 10780,1.077,0.9,8,4
HD 10780_0,0.8140760325571887,0.17429988834113053,HD 10780,1.077,0.9,8,4
HD 10780_0,0.8143777095783201,0.07172263653271391,HD 10780,1.077,0.9,8,4
HD 10780_0,0.8147187995385741,0.045684712509198686,HD 10780,1.077,0.9,8,4
HD 10780_0,0.8174599328738715,0.009752675400893952,HD 10780,1.077,0.9,8,4
HD 10780_0,0.8158174317683861,0.03740176290380825,HD 10780,1.077,0.9,8,4
HD 10780_0,0.816442010478149,0.04642171462106692,HD 10780,1.077,0.9,8,4
HD 10780_0,0.8182924792158649,0.054160801441736364,HD 10780,1.077,0.9,8,4
HD 10780_0,0.8183368711273862,0.040316581642068486,HD 10780,1.077,0.9,8,4
HD 10780_0,0.8142981264328328,0.03665986698783818,HD 10780,1.077,0.9,8,4
HD 10780_0,0.8139973971166263,0.052716832976493,HD 10780,1.077,0.9,8,4
HD 10780_0,0.8138448046813236,0.043212361904930115,HD 10780,1.077,0.9,8,4
HD 10780_0,0.8147762065852374,0.053882672724913684,HD 10780,1.077,0.9,8,4
HD 10780_0,0.8156973513413701,0.035318728190950124,HD 10780,1.077,0.9,8,4
HD 10780_0,0.8135966065458118,0.04374015927493963,HD 10780,1.077,0.9,8,4
HD 10780_0,0.8159437252690853,0.030494580437136272,HD 10780,1.077,0.9,8,4
HD 10780_0,0.8161936681132951,0.036071673875444944,HD 10780,1.077,0.9,8,4
HD 10780_0,0.8160270521623327,0.04408474132223437,HD 10780,1.077,0.9,8,4
HD 10780_0,0.8171618191969783,0.027447150934666233,HD 10780,1.077,0.9,8,4
HD 10780_0,0.8155113912783362,0.08596979515270922,HD 10780,1.077,0.9,8,4
HD 10780_0,0.8183351688558357,0.04304432194226042,HD 10780,1.077,0.9,8,4
HD 10780_0,0.813712936750812,0.07350779845244117,HD 10780,1.077,0.9,8,4
HD 10780_0,0.8168296492978807,0.05555553560633303,HD 10780,1.077,0.9,8,4
HD 10780_0,0.8156928216793721,0.07207530422461306,HD 10780,1.077,0.9,8,4
HD 10780_0,0.8188967188880528,0.010577693806932482,HD 10780,1.077,0.9,8,4
HD 10780_0,0.8166420667695572,0.03471513185874677,HD 10780,1.077,0.9,8,4
HD 10780_0,0.8159594374977897,0.05584931243715076,HD 10780,1.077,0.9,8,4
HD 10780_0,0.815545026596862,0.08421382913861014,HD 10780,1.077,0.9,8,4
HD 10780_0,0.814056723163282,0.07055140723112491,HD 10780,1.077,0.9,8,4
HD 10780_0,0.814021592445501,0.08818143398642196,HD 10780,1.077,0.9,8,4
HD 10780_0,0.8157956720963833,0.033084513023558734,HD 10780,1.077,0.9,8,4
HD 10780_0,0.8137790601934372,0.0609102971340798,HD 10780,1.077,0.9,8,4
HD 10780_0,0.8169901740933251,0.07924605626887206,HD 10780,1.077,0.9,8,4
HD 10780_0,0.8158217225310774,0.023682573880699692,HD 10780,1.077,0.9,8,4
HD 10780_0,0.8176521356922072,0.013863807282506125,HD 10780,1.077,0.9,8,4
HD 10780_0,0.8165400897124274,0.06096804567588479,HD 10780,1.077,0.9,8,4
HD 10780_0,0.8160939439014113,0.009159504830349649,HD 10780,1.077,0.9,8,4
HD 10780_0,0.8157234212483749,0.062148612670085396,HD 10780,1.077,0.9,8,4
HD 10780_0,0.8165187852182975,0.08381107997554299,HD 10780,1.077,0.9,8,4
HD 10780_0,0.8193446252088243,0.007582434443532779,HD 10780,1.077,0.9,8,4
HD 10780_0,0.8164834677778143,0.05801307579684868,HD 10780,1.077,0.9,8,4
HD 10780_0,0.8168766151530839,0.07010311295923506,HD 10780,1.077,0.9,8,4
HD 10780_0,0.8159807983318104,0.11276605859388109,HD 10780,1.077,0.9,8,4
HD 10780_0,0.8151121374757756,0.04935397743361061,HD 10780,1.077,0.9,8,4
HD 10780_0,0.813292676874009,0.04941765815188131,HD 10780,1.077,0.9,8,4
HD 10780_0,0.8158282747552641,0.03460181711357917,HD 10780,1.077,0.9,8,4
HD 10780_0,0.8168013540956859,0.014798651174349212,HD 10780,1.077,0.9,8,4
HD 10780_0,0.8154529588564322,0.05708711975786587,HD 10780,1.077,0.9,8,4
HD 10780_0,0.817130994420064,0.015931820258969165,HD 10780,1.077,0.9,8,4
HD 10780_0,0.8170136180088248,0.0356776547019462,HD 10780,1.077,0.9,8,4
HD 10780_0,0.8163178351768767,0.07399767691750692,HD 10780,1.077,0.9,8,4
HD 10780_0,0.8158534548783096,0.03881274548264179,HD 10780,1.077,0.9,8,4
HD 10780_0,0.8173144826541279,0.029486450560552054,HD 10780,1.077,0.9,8,4
HD 10780_0,0.812200185083663,0.10215645554445656,HD 10780,1.077,0.9,8,4
HD 10780_0,0.8155440813598471,0.11285729159760804,HD 10780,1.077,0.9,8,4
HD 10780_0,0.8152669225389274,0.1429795205653564,HD 10780,1.077,0.9,8,4
HD 10780_0,0.8174591942568776,0.07223479844076804,HD 10780,1.077,0.9,8,4
HD 10780_0,0.8166166489479707,0.009069556387476939,HD 10780,1.077,0.9,8,4
HD 10780_0,0.8150664243594551,0.0445561349820203,HD 10780,1.077,0.9,8,4
HD 10780_0,0.8146780242543529,0.08103118583705762,HD 10780,1.077,0.9,8,4
HD 10780_0,0.8156104299983769,0.05699713528107654,HD 10780,1.077,0.9,8,4
HD 10780_0,0.8172673402099631,0.07246817517692598,HD 10780,1.077,0.9,8,4
HD 10780_0,0.8135203414297062,0.11503163047182408,HD 10780,1.077,0.9,8,4
HD 10780_0,0.8158277787432405,0.04499730968360043,HD 10780,1.077,0.9,8,4
HD 10780_0,0.8145098296320352,0.05674433787850581,HD 10780,1.077,0.9,8,4
HD 10780_0,0.8179472729873608,0.01636743750479909,HD 10780,1.077,0.9,8,4
HD 10780_0,0.8128203808815354,0.1019039682450814,HD 10780,1.077,0.9,8,4
HD 10780_0,0.8131654191241663,0.053476851712766144,HD 10780,1.077,0.9,8,4
HD 10780_0,0.8184826141475136,0.023585298786724856,HD 10780,1.077,0.9,8,4
HD 10780_0,0.8123142369553844,0.11082911934735713,HD 10780,1.077,0.9,8,4
HD 10780_0,0.8150349492632305,0.08946051363786814,HD 10780,1.077,0.9,8,4
HD 10780_0,0.8139314630661868,0.05187106820594903,HD 10780,1.077,0.9,8,4
HD 10780_0,0.8142183121561911,0.06803079870657949,HD 10780,1.077,0.9,8,4
HD 10780_0,0.8149443176582175,0.03893421388237576,HD 10780,1.077,0.9,8,4
HD 10780_0,0.8162578763761026,0.06980433971287055,HD 10780,1.077,0.9,8,4
HD 10780_0,0.8131473634006698,0.07067563656001676,HD 10780,1.077,0.9,8,4
HD 10780_0,0.8180759466307196,0.05252648346984308,HD 10780,1.077,0.9,8,4
HD 10780_0,0.8172383001486685,0.03772011882876873,HD 10780,1.077,0.9,8,4
HD 10780_0,0.815094920125469,0.05609686521377413,HD 10780,1.077,0.9,8,4
HD 10780_0,0.8181713856083841,0.015879616317764564,HD 10780,1.077,0.9,8,4
HD 10780_0,0.8120329679405529,0.0692638524485705,HD 10780,1.077,0.9,8,4
HD 10780_0,0.8172740874670518,0.04576622540873018,HD 10780,1.077,0.9,8,4
HD 10780_0,0.813003860687477,0.06254795081543431,HD 10780,1.077,0.9,8,4
HD 10780_0,0.8124062971841417,0.06351769230523127,HD 10780,1.077,0.9,8,4
HD 10780_0,0.8161970899233149,0.04102818973742191,HD 10780,1.077,0.9,8,4
HD 10780_0,0.8136583828692093,0.12385556227384434,HD 10780,1.077,0.9,8,4
HD 10780_0,0.8122858458453457,0.14197140665029845,HD 10780,1.077,0.9,8,4
HD 10780_0,0.819093522346911,0.10159400737192063,HD 10780,1.077,0.9,8,4
HD 10780_0,0.8153834867817835,0.04952132914734844,HD 10780,1.077,0.9,8,4
HD 10780_0,0.8163110621345173,0.028862221590269348,HD 10780,1.077,0.9,8,4
HD 10780_0,0.8169256384119983,0.014188052831596028,HD 10780,1.077,0.9,8,4
HD 10780_0,0.8161591738713776,0.027978631381107594,HD 10780,1.077,0.9,8,4
HD 10780_0,0.8154007284123576,0.08202208158308677,HD 10780,1.077,0.9,8,4
HD 10780_0,0.8148030498262611,0.05372961473777596,HD 10780,1.077,0.9,8,4
HD 10780_0,0.8160958406119653,0.07265274622964057,HD 10780,1.077,0.9,8,4
HD 10780_0,0.8130303519435579,0.137788253840516,HD 10780,1.077,0.9,8,4
HD 10780_0,0.8153704853264298,0.0515915332027901,HD 10780,1.077,0.9,8,4
HD 10780_0,0.814745845476543,0.1187510889987271,HD 10780,1.077,0.9,8,4
HD 10780_0,0.81296724275027,0.09009207247081193,HD 10780,1.077,0.9,8,4
HD 10780_0,0.8159335118650829,0.0739576068001981,HD 10780,1.077,0.9,8,4
HD 10780_0,0.8173305624071274,0.03257043159726888,HD 10780,1.077,0.9,8,4
HD 10780_0,0.8172114197515665,0.061648411542122014,HD 10780,1.077,0.9,8,4
HD 10780_0,0.8183964089101662,0.003273587856251408,HD 10780,1.077,0.9,8,4
HD 10780_0,0.8156197497110675,0.06630421133021748,HD 10780,1.077,0.9,8,4
HD 10780_0,0.8159734025279199,0.10639776635223085,HD 10780,1.077,0.9,8,4
HD 10780_0,0.8165191797380579,0.04701116391150613,HD 10780,1.077,0.9,8,4
HD 10780_0,0.8161358421380307,0.031083262327618114,HD 10780,1.077,0.9,8,4
HD 10780_0,0.8183689702867103,0.01427240631816789,HD 10780,1.077,0.9,8,4
HD 10780_0,0.8164435380458731,0.036554999437020265,HD 10780,1.077,0.9,8,4
HD 10780_0,0.817320007088914,0.03110794769573349,HD 10780,1.077,0.9,8,4
HD 10780_0,0.8166007578704594,0.025612114848398093,HD 10780,1.077,0.9,8,4
HD 10780_0,0.8159617542978078,0.03548421887514844,HD 10780,1.077,0.9,8,4
HD 10780_0,0.8155382559816129,0.05150361974618232,HD 10780,1.077,0.9,8,4
HD 10780_0,0.8189401716435724,0.009527389220644791,HD 10780,1.077,0.9,8,4
HD 10780_0,0.8148900547654476,0.05513359426724283,HD 10780,1.077,0.9,8,4
HD 10780_0,0.8140277116805803,0.056831573389873186,HD 10780,1.077,0.9,8,4
HD 10780_0,0.8146721196163446,0.04659347397551963,HD 10780,1.077,0.9,8,4
HD 10780_0,0.8117661853230783,0.13874325998492548,HD 10780,1.077,0.9,8,4
HD 10780_0,0.8172401624099586,0.035987690804137835,HD 10780,1.077,0.9,8,4
HD 10780_0,0.8122749789420443,0.08559671495389629,HD 10780,1.077,0.9,8,4
HD 10780_0,0.8163187238255926,0.032684628741519395,HD 10780,1.077,0.9,8,4
HD 10780_0,0.8167478967902687,0.030647675482191286,HD 10780,1.077,0.9,8,4
HD 10780_0,0.8147988762372876,0.03815549760574235,HD 10780,1.077,0.9,8,4
HD 10780_0,0.8149060363550917,0.07046318527337553,HD 10780,1.077,0.9,8,4
HD 10780_0,0.8150622482334839,0.07660327015010823,HD 10780,1.077,0.9,8,4
HD 10780_0,0.8144767418566954,0.058802317406007,HD 10780,1.077,0.9,8,4
HD 10780_0,0.8154438451341229,0.08493557138136545,HD 10780,1.077,0.9,8,4
HD 10780_0,0.8167848743393757,0.020206590079138092,HD 10780,1.077,0.9,8,4
HD 10780_0,0.8164482807216716,0.0019562076164736826,HD 10780,1.077,0.9,8,4
HD 10780_0,0.8155498573208241,0.029824936563016345,HD 10780,1.077,0.9,8,4
HD 10780_0,0.8171388145991322,0.039811464301684946,HD 10780,1.077,0.9,8,4
HD 10780_0,0.814835705879258,0.03265621901197739,HD 10780,1.077,0.9,8,4
HD 10780_0,0.8177740807504307,0.04625206044230791,HD 10780,1.077,0.9,8,4
HD 10780_0,0.8155782287550727,0.08409676060348767,HD 10780,1.077,0.9,8,4
HD 10780_0,0.8168613355814944,0.039953211171742345,HD 10780,1.077,0.9,8,4
HD 10780_0,0.8167054348827852,0.06022007390715539,HD 10780,1.077,0.9,8,4
HD 10780_0,0.8140574090605788,0.09318155856974303,HD 10780,1.077,0.9,8,4
HD 10780_0,0.817067408805252,0.06026016650991507,HD 10780,1.077,0.9,8,4
HD 10780_0,0.8156537112555725,0.05358742611674334,HD 10780,1.077,0.9,8,4
HD 10780_0,0.8140300631312737,0.09323805891682253,HD 10780,1.077,0.9,8,4
HD 10780_0,0.8153372236269191,0.10414229336338021,HD 10780,1.077,0.9,8,4
HD 10780_0,0.8199056400685163,0.0320859238522289,HD 10780,1.077,0.9,8,4
HD 10780_0,0.8168033123871268,0.06579262723356441,HD 10780,1.077,0.9,8,4
HD 10780_0,0.8159695205934528,0.06143916840784448,HD 10780,1.077,0.9,8,4
HD 10780_0,0.8147333996594697,0.06986666209553224,HD 10780,1.077,0.9,8,4
HD 10780_0,0.8167410735294766,0.03298520744955053,HD 10780,1.077,0.9,8,4
HD 10780_0,0.8176828171275073,0.023200091976825425,HD 10780,1.077,0.9,8,4
HD 10780_0,0.8159310809846007,0.02786013470522357,HD 10780,1.077,0.9,8,4
HD 10780_0,0.8178181038093852,0.02999854038137632,HD 10780,1.077,0.9,8,4
HD 10780_0,0.8132157737321264,0.07404946495730222,HD 10780,1.077,0.9,8,4
HD 10780_0,0.8155597851462075,0.09748304904332103,HD 10780,1.077,0.9,8,4
HD 10780_0,0.8177505682171755,0.051021851587543965,HD 10780,1.077,0.9,8,4
HD 10780_0,0.816392419499655,0.014434662888018292,HD 10780,1.077,0.9,8,4
HD 10780_0,0.8143665352125693,0.118629494566881,HD 10780,1.077,0.9,8,4
HD 10780_0,0.8173439707520044,0.009144281494131913,HD 10780,1.077,0.9,8,4
HD 10780_0,0.8187613600042125,0.016402626312398017,HD 10780,1.077,0.9,8,4
HD 10780_0,0.8155104860659522,0.05607919962034506,HD 10780,1.077,0.9,8,4
HD 10780_0,0.8170404709780247,0.04252193217350954,HD 10780,1.077,0.9,8,4
HD 10780_0,0.8172339892234336,0.010131222629898948,HD 10780,1.077,0.9,8,4
HD 10780_0,0.8145537369505963,0.08768628448893044,HD 10780,1.077,0.9,8,4
HD 10780_0,0.8170306295061628,0.06927629351816833,HD 10780,1.077,0.9,8,4
HD 10780_0,0.8119856676069616,0.07862255985534965,HD 10780,1.077,0.9,8,4
HD 10780_0,0.8155003023478017,0.035075113881345814,HD 10780,1.077,0.9,8,4
HD 10780_0,0.8145819639897252,0.04421815774593178,HD 10780,1.077,0.9,8,4
HD 10780_0,0.8154576037813105,0.03925531907352864,HD 10780,1.077,0.9,8,4
HD 10780_0,0.8178711146474887,0.12317281659291257,HD 10780,1.077,0.9,8,4
HD 10780_0,0.813791789634205,0.07354271434711551,HD 10780,1.077,0.9,8,4
HD 10780_0,0.8146173324963767,0.11833152129125196,HD 10780,1.077,0.9,8,4
HD 10780_0,0.8171329644125314,0.04571798609186508,HD 10780,1.077,0.9,8,4
HD 10780_0,0.8146843279622471,0.047868000360252766,HD 10780,1.077,0.9,8,4
HD 10780_0,0.8169813568014839,0.024677599026576583,HD 10780,1.077,0.9,8,4
HD 10780_0,0.8155407160285928,0.06465736959866888,HD 10780,1.077,0.9,8,4
HD 10780_0,0.8193427489176545,0.037493030952639825,HD 10780,1.077,0.9,8,4
HD 10780_0,0.8135757450235319,0.07608776268509154,HD 10780,1.077,0.9,8,4
HD 10780_0,0.8164582947892252,0.0038694383729838897,HD 10780,1.077,0.9,8,4
HD 10780_0,0.8148460062459165,0.07576104954546904,HD 10780,1.077,0.9,8,4
HD 10780_0,0.8165200508111161,0.04321173010905235,HD 10780,1.077,0.9,8,4
HD 10780_0,0.8130941936357589,0.09671523922739167,HD 10780,1.077,0.9,8,4
HD 10780_0,0.817357907292127,0.036430818302538984,HD 10780,1.077,0.9,8,4
HD 10780_0,0.8156827241571493,0.057392099589254994,HD 10780,1.077,0.9,8,4
HD 10780_0,0.8183757982453581,0.05931082640431795,HD 10780,1.077,0.9,8,4
HD 10780_0,0.8157821646188407,0.07259466175805944,HD 10780,1.077,0.9,8,4
HD 10780_0,0.8160525434971294,0.10533687952085116,HD 10780,1.077,0.9,8,4
HD 10780_0,0.8137427088776538,0.05325305157556685,HD 10780,1.077,0.9,8,4
HD 10780_0,0.8155923279169078,0.034524534933491446,HD 10780,1.077,0.9,8,4
HD 10780_0,0.816518378842387,0.045095538108957396,HD 10780,1.077,0.9,8,4
HD 10780_0,0.8166474931791207,0.018568981827078127,HD 10780,1.077,0.9,8,4
HD 10780_0,0.8166371909238379,0.11912643518181143,HD 10780,1.077,0.9,8,4
HD 10780_0,0.8160553801873319,0.006446425029544008,HD 10780,1.077,0.9,8,4
HD 10780_0,0.817305777301748,0.06768888997424062,HD 10780,1.077,0.9,8,4
HD 10780_0,0.814012810138276,0.10736661717872704,HD 10780,1.077,0.9,8,4
HD 10780_0,0.814665181504222,0.06786068811781895,HD 10780,1.077,0.9,8,4
HD 10780_0,0.8171951577746381,0.0530053185059414,HD 10780,1.077,0.9,8,4
HD 10780_0,0.8175541428366644,0.014628930682455007,HD 10780,1.077,0.9,8,4
HD 10780_0,0.8154845529355033,0.018215331608514088,HD 10780,1.077,0.9,8,4
HD 10780_0,0.8160728895701324,0.04139181893487578,HD 10780,1.077,0.9,8,4
HD 10780_0,0.8178405616558159,0.04252922460495994,HD 10780,1.077,0.9,8,4
HD 10780_0,0.8160458905499399,0.007603675977658549,HD 10780,1.077,0.9,8,4
HD 10780_0,0.816259706014372,0.011637585446167525,HD 10780,1.077,0.9,8,4
HD 10780_0,0.8145265889096311,0.15177463412356845,HD 10780,1.077,0.9,8,4
HD 10780_0,0.8178706641460658,0.0614167755057558,HD 10780,1.077,0.9,8,4
HD 10780_0,0.8137028623699196,0.0924630335003557,HD 10780,1.077,0.9,8,4
HD 10780_0,0.8179141683153077,0.0005659857523947487,HD 10780,1.077,0.9,8,4
HD 10780_0,0.8164726835164494,0.009969739311431414,HD 10780,1.077,0.9,8,4
HD 10780_0,0.8119233575333241,0.08398026142334272,HD 10780,1.077,0.9,8,4
HD 10780_0,0.8161745990796342,0.02859238132675314,HD 10780,1.077,0.9,8,4
HD 10780_0,0.8136973432780551,0.051976900991462016,HD 10780,1.077,0.9,8,4
HD 10780_0,0.8138518862993611,0.035196700918649654,HD 10780,1.077,0.9,8,4
HD 10780_0,0.8169847366137589,0.013746497634743261,HD 10780,1.077,0.9,8,4
HD 10780_0,0.8161405519529237,0.08795926482028561,HD 10780,1.077,0.9,8,4
HD 10780_0,0.8138486790892283,0.061780580454494485,HD 10780,1.077,0.9,8,4
HD 10780_0,0.8135233363352649,0.04638263684680387,HD 10780,1.077,0.9,8,4
HD 10780_0,0.816873445492552,0.08016852585970051,HD 10780,1.077,0.9,8,4
HD 10780_0,0.817222311050039,0.03189481712955692,HD 10780,1.077,0.9,8,4
HD 10780_0,0.8166800192592449,0.05362459302614425,HD 10780,1.077,0.9,8,4
HD 10780_0,0.8156825852117219,0.06907571682232069,HD 10780,1.077,0.9,8,4
HD 10780_0,0.8145655992864621,0.057626335200080536,HD 10780,1.077,0.9,8,4
HD 10780_0,0.8146664983699751,0.03361626015152716,HD 10780,1.077,0.9,8,4
HD 10780_0,0.815620815148789,0.05127875931593033,HD 10780,1.077,0.9,8,4
HD 10780_0,0.8180790356205744,0.03982786598369991,HD 10780,1.077,0.9,8,4
HD 10780_0,0.8153044291014409,0.039973082158561477,HD 10780,1.077,0.9,8,4
HD 10780_0,0.8149686690865257,0.05597013433189891,HD 10780,1.077,0.9,8,4
HD 10780_0,0.81590469762296,0.04094964898722182,HD 10780,1.077,0.9,8,4
HD 10780_0,0.8165256342200851,0.07385123485886412,HD 10780,1.077,0.9,8,4
HD 10780_0,0.8142412130063058,0.044073864674720936,HD 10780,1.077,0.9,8,4
HD 10780_0,0.8154101839180691,0.1032752975575233,HD 10780,1.077,0.9,8,4
HD 10780_0,0.8144688363611724,0.09025181339708535,HD 10780,1.077,0.9,8,4
HD 10780_0,0.8169063147163885,0.06266557849039092,HD 10780,1.077,0.9,8,4
HD 10780_0,0.813026078012592,0.09123970408039171,HD 10780,1.077,0.9,8,4
HD 10780_0,0.8139589223435613,0.06461064255385841,HD 10780,1.077,0.9,8,4
HD 10780_0,0.8172571284015712,0.09510781374943615,HD 10780,1.077,0.9,8,4
HD 10780_0,0.8167790054849455,0.044926834927223935,HD 10780,1.077,0.9,8,4
HD 10780_0,0.8155295642655539,0.11489214278367015,HD 10780,1.077,0.9,8,4
HD 10780_0,0.8171658650355208,0.0035908557167229974,HD 10780,1.077,0.9,8,4
HD 10780_0,0.8163166728211845,0.10456157233696843,HD 10780,1.077,0.9,8,4
HD 10780_0,0.8172192428296163,0.05078882270116038,HD 10780,1.077,0.9,8,4
HD 10780_0,0.8153232553545905,0.051982562001715485,HD 10780,1.077,0.9,8,4
HD 10780_0,0.8147740475080323,0.07207186754679643,HD 10780,1.077,0.9,8,4
HD 10780_0,0.8133741232240866,0.05685245989676292,HD 10780,1.077,0.9,8,4
HD 10780_0,0.8175275050113987,0.0034187294458428025,HD 10780,1.077,0.9,8,4
HD 10780_0,0.8145332021770286,0.1773991751100091,HD 10780,1.077,0.9,8,4
HD 10780_0,0.819004849687714,0.017550247576548106,HD 10780,1.077,0.9,8,4
HD 10780_0,0.8151311694206044,0.024098703205882692,HD 10780,1.077,0.9,8,4
HD 10780_0,0.8180179190523658,0.08747331616766439,HD 10780,1.077,0.9,8,4
HD 10780_0,0.8152247145492582,0.09794288723933967,HD 10780,1.077,0.9,8,4
HD 10780_0,0.8156644836707522,0.03372768374539378,HD 10780,1.077,0.9,8,4
HD 10780_0,0.8130459077660372,0.07913453242884264,HD 10780,1.077,0.9,8,4
HD 10780_0,0.8161425461830524,0.08422208850041418,HD 10780,1.077,0.9,8,4
HD 10780_0,0.814777781469151,0.050626154815801225,HD 10780,1.077,0.9,8,4
HD 10780_0,0.8146590965853892,0.05439522829964587,HD 10780,1.077,0.9,8,4
HD 10780_0,0.8189089267143741,0.006635649882265331,HD 10780,1.077,0.9,8,4
HD 10780_0,0.8164741123208313,0.039715242082659113,HD 10780,1.077,0.9,8,4
HD 10780_0,0.8139000448031594,0.045090301965337136,HD 10780,1.077,0.9,8,4
HD 10780_0,0.8156311677317343,0.054698690786895314,HD 10780,1.077,0.9,8,4
HD 10780_0,0.8146900268596907,0.04670454522964903,HD 10780,1.077,0.9,8,4
HD 10780_0,0.8175810690812519,0.03175678199641263,HD 10780,1.077,0.9,8,4
HD 10780_0,0.8160815824592559,0.0022478186274544204,HD 10780,1.077,0.9,8,4
HD 10780_0,0.8142923948250016,0.0654277290064218,HD 10780,1.077,0.9,8,4
HD 10780_0,0.8147382272539649,0.08773128930322185,HD 10780,1.077,0.9,8,4
HD 10780_0,0.81606476796083,0.028109588930649403,HD 10780,1.077,0.9,8,4
HD 10780_0,0.8161106318177793,0.03192147096362129,HD 10780,1.077,0.9,8,4
HD 10780_0,0.8147156844628501,0.0370776430702833,HD 10780,1.077,0.9,8,4
HD 10780_0,0.8171374101036207,0.022319718240768064,HD 10780,1.077,0.9,8,4
HD 10780_0,0.8132111649928505,0.076358688679275,HD 10780,1.077,0.9,8,4
HD 10780_0,0.8155385930114918,0.05435819777023933,HD 10780,1.077,0.9,8,4
HD 10780_0,0.8134068469015927,0.05148352655537815,HD 10780,1.077,0.9,8,4
HD 10780_0,0.8150371921215266,0.026328659178217723,HD 10780,1.077,0.9,8,4
HD 10780_0,0.815380472335376,0.05000199044901031,HD 10780,1.077,0.9,8,4
HD 10780_0,0.8168323151809012,0.05910662342604374,HD 10780,1.077,0.9,8,4
HD 10780_0,0.8136820380407838,0.08402552256758132,HD 10780,1.077,0.9,8,4
HD 10780_0,0.8132866679531241,0.08369857358585149,HD 10780,1.077,0.9,8,4
HD 10780_0,0.8146461949847018,0.04379533980782457,HD 10780,1.077,0.9,8,4
HD 10780_0,0.8160780473617381,0.08000475033047695,HD 10780,1.077,0.9,8,4
HD 10780_0,0.8136246094481985,0.08665675234666034,HD 10780,1.077,0.9,8,4
HD 10780_0,0.8159432495703398,0.055818499200361506,HD 10780,1.077,0.9,8,4
HD 10780_0,0.8154945733707055,0.10357192180149366,HD 10780,1.077,0.9,8,4
HD 10780_0,0.8186306578330405,0.04310698874404129,HD 10780,1.077,0.9,8,4
HD 10780_0,0.8169520456979554,0.03739564849905145,HD 10780,1.077,0.9,8,4
HD 10780_0,0.8155032808585864,0.053638512589559095,HD 10780,1.077,0.9,8,4
HD 10780_0,0.813248155785598,0.0891182688530315,HD 10780,1.077,0.9,8,4
HD 10780_0,0.8135652539336624,0.0836584990125454,HD 10780,1.077,0.9,8,4
HD 10780_0,0.8170438717193128,0.004996609186810455,HD 10780,1.077,0.9,8,4
HD 10780_0,0.8178208025132788,0.029620443456195827,HD 10780,1.077,0.9,8,4
HD 10780_0,0.8148463167746766,0.03299267720286289,HD 10780,1.077,0.9,8,4
HD 10780_0,0.817642708619558,0.025293327646385297,HD 10780,1.077,0.9,8,4
HD 10780_0,0.8146311091637194,0.06265349730479611,HD 10780,1.077,0.9,8,4
HD 10780_0,0.8173923641016074,0.021253199299318917,HD 10780,1.077,0.9,8,4
HD 10780_0,0.8150849230344479,0.056161579740155704,HD 10780,1.077,0.9,8,4
HD 10780_0,0.8157891120364956,0.07768357428009738,HD 10780,1.077,0.9,8,4
HD 10780_0,0.8134970320954807,0.05039565098486139,HD 10780,1.077,0.9,8,4
HD 10780_0,0.816756725443672,0.03497654722112653,HD 10780,1.077,0.9,8,4
HD 10780_0,0.8133806232851079,0.03960940131202226,HD 10780,1.077,0.9,8,4
HD 10780_0,0.8186981539054604,0.06709221636465157,HD 10780,1.077,0.9,8,4
HD 10780_0,0.8158118868171119,0.05056985897717423,HD 10780,1.077,0.9,8,4
HD 10780_0,0.8161538392447824,0.05573497472461866,HD 10780,1.077,0.9,8,4
HD 10780_0,0.8165953171176517,0.05130420648611658,HD 10780,1.077,0.9,8,4
HD 10780_0,0.8170681595166659,0.04359026541865272,HD 10780,1.077,0.9,8,4
HD 10780_0,0.818496909305823,0.006035822872312673,HD 10780,1.077,0.9,8,4
HD 10780_0,0.8130267605987668,0.06365995912726942,HD 10780,1.077,0.9,8,4
HD 10780_0,0.8145980289552145,0.04673966230664775,HD 10780,1.077,0.9,8,4
HD 10780_0,0.8163895468748464,0.024167542239760108,HD 10780,1.077,0.9,8,4
HD 10780_0,0.8175008037850096,0.007176840978663723,HD 10780,1.077,0.9,8,4
HD 10780_0,0.8181171063342999,0.0045457306466539366,HD 10780,1.077,0.9,8,4
HD 10780_0,0.8127143959330898,0.07370455342254564,HD 10780,1.077,0.9,8,4
HD 10780_0,0.8161423451401727,0.032146849911902566,HD 10780,1.077,0.9,8,4
HD 10780_0,0.8171007429434346,0.08000995226405382,HD 10780,1.077,0.9,8,4
HD 10780_0,0.8174947384602526,0.06122880039727971,HD 10780,1.077,0.9,8,4
HD 10780_0,0.814643793117987,0.031775211560359846,HD 10780,1.077,0.9,8,4
HD 10780_0,0.8163874143930925,0.03763157984222716,HD 10780,1.077,0.9,8,4
HD 10780_0,0.8171024977203425,0.10343007298630866,HD 10780,1.077,0.9,8,4
HD 10780_0,0.8164171144773819,0.086342216803447,HD 10780,1.077,0.9,8,4
HD 10780_0,0.8160985858457386,0.013988948291954517,HD 10780,1.077,0.9,8,4
HD 10780_0,0.815568013442603,0.04666984485601183,HD 10780,1.077,0.9,8,4
HD 10780_0,0.8127887832580428,0.09351395360624656,HD 10780,1.077,0.9,8,4
HD 10780_0,0.8184004507297413,0.06002556746358268,HD 10780,1.077,0.9,8,4
HD 10780_0,0.8158108715784769,0.042246564345776824,HD 10780,1.077,0.9,8,4
HD 10780_0,0.8157922216811426,0.055201785970244194,HD 10780,1.077,0.9,8,4
HD 10780_0,0.8177803282501549,0.017717280718014643,HD 10780,1.077,0.9,8,4
HD 10780_0,0.8143133892358569,0.0385790413685084,HD 10780,1.077,0.9,8,4
HD 10780_0,0.8131048184410039,0.1553772571111623,HD 10780,1.077,0.9,8,4
HD 10780_0,0.8119542044483081,0.10505416106574227,HD 10780,1.077,0.9,8,4
HD 10780_0,0.8139891959198529,0.05624688797150318,HD 10780,1.077,0.9,8,4
HD 10780_0,0.8157360455679981,0.03246694651319018,HD 10780,1.077,0.9,8,4
HD 10780_0,0.8169392199776125,0.03676104107694421,HD 10780,1.077,0.9,8,4
HD 10780_0,0.8113423926573337,0.10156184894985631,HD 10780,1.077,0.9,8,4
HD 10780_0,0.8143748463509765,0.03997847193603082,HD 10780,1.077,0.9,8,4
HD 10780_0,0.8189295957057031,0.003634271170254909,HD 10780,1.077,0.9,8,4
HD 10780_0,0.8159347343086834,0.05684788391733016,HD 10780,1.077,0.9,8,4
HD 10780_0,0.8156842898963075,0.043752909135322524,HD 10780,1.077,0.9,8,4
HD 10780_0,0.8159273104192123,0.05249420901139831,HD 10780,1.077,0.9,8,4
HD 10780_0,0.8125432692689982,0.1334805905130496,HD 10780,1.077,0.9,8,4
HD 10780_0,0.8142598408811377,0.05436731667611248,HD 10780,1.077,0.9,8,4
HD 10780_0,0.8162322518942472,0.049704444900113554,HD 10780,1.077,0.9,8,4
HD 10780_0,0.8160302941651306,0.08570223739991026,HD 10780,1.077,0.9,8,4
HD 10780_0,0.81286396775381,0.06365494573688739,HD 10780,1.077,0.9,8,4
HD 10780_0,0.8162987054166032,0.057818653799722064,HD 10780,1.077,0.9,8,4
HD 10780_0,0.8156551743838476,0.05230231373173079,HD 10780,1.077,0.9,8,4
HD 10780_0,0.8177897679343645,0.05461925188603944,HD 10780,1.077,0.9,8,4
HD 10780_0,0.8172552014442009,4.035149695204299e-05,HD 10780,1.077,0.9,8,4
HD 10780_0,0.8122576223651505,0.043140830517387804,HD 10780,1.077,0.9,8,4
HD 10780_0,0.816437918435247,0.05865932264088507,HD 10780,1.077,0.9,8,4
HD 10780_0,0.8168663368068062,0.06458320502024417,HD 10780,1.077,0.9,8,4
HD 10780_0,0.8155715219547474,0.04333004672690406,HD 10780,1.077,0.9,8,4
HD 10780_0,0.8160813859881938,0.05561746967599168,HD 10780,1.077,0.9,8,4
HD 10780_0,0.8172963574417077,0.02886071089900283,HD 10780,1.077,0.9,8,4
HD 10780_0,0.8153900491968281,0.060401223876494964,HD 10780,1.077,0.9,8,4
HD 10780_0,0.8147883621388389,0.07115911631562755,HD 10780,1.077,0.9,8,4
HD 10780_0,0.8158116670137403,0.048612085566379235,HD 10780,1.077,0.9,8,4
HD 10780_0,0.8161170917095788,0.06179338298089788,HD 10780,1.077,0.9,8,4
HD 10780_0,0.8158825240856847,0.08460241492046999,HD 10780,1.077,0.9,8,4
HD 10780_0,0.8165623478818692,0.02878878463239341,HD 10780,1.077,0.9,8,4
HD 10780_0,0.81586783893073,0.10073568711941905,HD 10780,1.077,0.9,8,4
HD 10780_0,0.8179439691282107,0.09226285435320652,HD 10780,1.077,0.9,8,4
HD 10780_0,0.816982342368533,0.05075540003483181,HD 10780,1.077,0.9,8,4
HD 10780_0,0.8150037866586612,0.08870978390047587,HD 10780,1.077,0.9,8,4
HD 10780_0,0.8136396896813505,0.05125779169139025,HD 10780,1.077,0.9,8,4
HD 10780_0,0.8148540605140574,0.028865935156782582,HD 10780,1.077,0.9,8,4
HD 10780_0,0.8135804013899518,0.07462282553774671,HD 10780,1.077,0.9,8,4
HD 10780_0,0.81420638678399,0.06342275804426828,HD 10780,1.077,0.9,8,4
HD 10780_0,0.8187218652508728,0.0009741398829017228,HD 10780,1.077,0.9,8,4
HD 10780_0,0.8150356878888526,0.03291530322026084,HD 10780,1.077,0.9,8,4
HD 10780_0,0.8174531640083451,0.05625963564163168,HD 10780,1.077,0.9,8,4
HD 10780_0,0.8159517865126056,0.032316691699604605,HD 10780,1.077,0.9,8,4
HD 10780_0,0.8164317207734334,0.026657887694691622,HD 10780,1.077,0.9,8,4
HD 10780_0,0.8149210927038228,0.06359871601572567,HD 10780,1.077,0.9,8,4
HD 10780_0,0.8172615137161081,0.0299010019881186,HD 10780,1.077,0.9,8,4
HD 10780_0,0.8140520971629907,0.05839240969176562,HD 10780,1.077,0.9,8,4
HD 10780_0,0.8161363505561986,0.016264276314208306,HD 10780,1.077,0.9,8,4
HD 10780_0,0.8174782493789946,0.016715265289318597,HD 10780,1.077,0.9,8,4
HD 10780_0,0.8166693432120478,0.018046555600089643,HD 10780,1.077,0.9,8,4
HD 10780_0,0.8194746815314218,0.03205077324003068,HD 10780,1.077,0.9,8,4
HD 10780_0,0.8183933147083452,0.00017953843616970444,HD 10780,1.077,0.9,8,4
HD 10780_0,0.8147256267599384,0.05819077835595592,HD 10780,1.077,0.9,8,4
HD 10780_0,0.8165640536671833,0.006336177589987023,HD 10780,1.077,0.9,8,4
HD 10780_0,0.815249652515328,0.06787913470376766,HD 10780,1.077,0.9,8,4
HD 10780_0,0.8161120439241624,0.020614657157710416,HD 10780,1.077,0.9,8,4
HD 10780_0,0.8173116550703291,0.04761906430274306,HD 10780,1.077,0.9,8,4
HD 10780_0,0.8156203589567261,0.027021755631884616,HD 10780,1.077,0.9,8,4
HD 10780_0,0.8137852146311588,0.07552040889868904,HD 10780,1.077,0.9,8,4
HD 10780_0,0.8171103250829893,0.04736379107896689,HD 10780,1.077,0.9,8,4
HD 10780_0,0.8151778456446619,0.026972362313219606,HD 10780,1.077,0.9,8,4
HD 10780_0,0.8161204398863484,0.04215669261033189,HD 10780,1.077,0.9,8,4
HD 10780_0,0.8154251471005917,0.07510074871602322,HD 10780,1.077,0.9,8,4
HD 10780_0,0.8159051750892558,0.058396363160644144,HD 10780,1.077,0.9,8,4
HD 10780_0,0.8182570387620574,0.0526717788078529,HD 10780,1.077,0.9,8,4
HD 10780_0,0.8142745941456223,0.1236949498560756,HD 10780,1.077,0.9,8,4
HD 10780_0,0.8185409434777484,0.05386883282711614,HD 10780,1.077,0.9,8,4
HD 10780_0,0.8148169713365636,0.05528361129598959,HD 10780,1.077,0.9,8,4
HD 10780_0,0.8125062024212366,0.1328506500915536,HD 10780,1.077,0.9,8,4
HD 10780_0,0.8143806414514257,0.09340840176323395,HD 10780,1.077,0.9,8,4
HD 10780_0,0.8167257142654277,0.05869483673766758,HD 10780,1.077,0.9,8,4
HD 10780_0,0.8162867255415317,0.05942434569055179,HD 10780,1.077,0.9,8,4
HD 10780_0,0.8152592011778282,0.023365905392477786,HD 10780,1.077,0.9,8,4
HD 10780_0,0.8157231120847374,0.056950414150105017,HD 10780,1.077,0.9,8,4
HD 10780_0,0.8171112119837753,0.03740564953208925,HD 10780,1.077,0.9,8,4
HD 10780_0,0.81526306381183,0.036577524941677944,HD 10780,1.077,0.9,8,4
HD 10780_0,0.8170851367666991,0.018537662665410994,HD 10780,1.077,0.9,8,4
HD 10780_0,0.8129478707789639,0.12740715035341119,HD 10780,1.077,0.9,8,4
HD 10780_0,0.8182978104776902,0.03976918916725664,HD 10780,1.077,0.9,8,4
HD 10780_0,0.8184229463578125,0.02935096937883852,HD 10780,1.077,0.9,8,4
HD 10780_0,0.8173226342439269,0.02762012256925052,HD 10780,1.077,0.9,8,4
HD 10780_0,0.8172016789437956,0.08254443911170395,HD 10780,1.077,0.9,8,4
HD 10780_0,0.817117999001957,0.04011411273728192,HD 10780,1.077,0.9,8,4
HD 10780_0,0.8130245237438943,0.06262941610761498,HD 10780,1.077,0.9,8,4
HD 10780_0,0.8145927940284553,0.05496445426114739,HD 10780,1.077,0.9,8,4
HD 10780_0,0.8162883947005949,0.025423582868985335,HD 10780,1.077,0.9,8,4
HD 10780_0,0.8130136498996412,0.09865944412447794,HD 10780,1.077,0.9,8,4
HD 10780_0,0.8169998222942496,0.036659133843647544,HD 10780,1.077,0.9,8,4
HD 10780_0,0.8162592933833914,0.03549835134522181,HD 10780,1.077,0.9,8,4
HD 10780_0,0.8185620337623483,0.0004913942206233451,HD 10780,1.077,0.9,8,4
HD 10780_0,0.8144993702510239,0.07229975514697927,HD 10780,1.077,0.9,8,4
HD 10780_0,0.8166265525693189,0.11741932688500059,HD 10780,1.077,0.9,8,4
HD 10780_0,0.8122682342831994,0.04533466107127762,HD 10780,1.077,0.9,8,4
HD 10780_0,0.8149995066554144,0.07486176228189566,HD 10780,1.077,0.9,8,4
HD 10780_0,0.8131830993386103,0.15380551050373492,HD 10780,1.077,0.9,8,4
HD 10780_0,0.8199025989066434,0.010485021024284256,HD 10780,1.077,0.9,8,4
HD 10780_0,0.8160854240807015,0.04050457253037782,HD 10780,1.077,0.9,8,4
HD 10780_0,0.8172700409514271,0.06412465761146635,HD 10780,1.077,0.9,8,4
HD 10780_0,0.816711453419811,0.05009108198685111,HD 10780,1.077,0.9,8,4
HD 10780_0,0.8155044152692537,0.14804059624536506,HD 10780,1.077,0.9,8,4
HD 10780_0,0.8152833913651536,0.09002317617243397,HD 10780,1.077,0.9,8,4
HD 10780_0,0.8174532956034114,0.020995611385310173,HD 10780,1.077,0.9,8,4
HD 10780_0,0.8130960637426952,0.07246868843021513,HD 10780,1.077,0.9,8,4
HD 10780_0,0.8178685426901823,0.009466110078586696,HD 10780,1.077,0.9,8,4
HD 10780_0,0.8154873031629257,0.053327563714928465,HD 10780,1.077,0.9,8,4
HD 10780_0,0.8169929428119997,0.07551610674621077,HD 10780,1.077,0.9,8,4
HD 10780_0,0.817469087346777,0.02470686107954326,HD 10780,1.077,0.9,8,4
HD 10780_0,0.8175877994033303,0.03515771542468997,HD 10780,1.077,0.9,8,4
HD 10780_0,0.815545519522697,0.07297083630918036,HD 10780,1.077,0.9,8,4
HD 10780_0,0.8159782551769341,0.05951662277033163,HD 10780,1.077,0.9,8,4
HD 10780_0,0.8167683927304247,0.07006374551878981,HD 10780,1.077,0.9,8,4
HD 10780_0,0.8161984928845317,0.0421359521903697,HD 10780,1.077,0.9,8,4
HD 10780_0,0.816346693630474,0.04852005357107769,HD 10780,1.077,0.9,8,4
HD 10780_0,0.8134554043482413,0.05641865682598879,HD 10780,1.077,0.9,8,4
HD 10780_0,0.8142471051494549,0.020825784145812203,HD 10780,1.077,0.9,8,4
HD 10780_0,0.8153050025582628,0.07368827493889346,HD 10780,1.077,0.9,8,4
HD 10780_0,0.8137049754679999,0.09065135474310214,HD 10780,1.077,0.9,8,4
HD 10780_0,0.8149207220000768,0.08976549837333708,HD 10780,1.077,0.9,8,4
HD 10780_0,0.8168193165722112,0.11360984658456622,HD 10780,1.077,0.9,8,4
HD 10780_0,0.8144104734044518,0.06427336518974218,HD 10780,1.077,0.9,8,4
HD 10780_0,0.8153536074226048,0.05035324199253308,HD 10780,1.077,0.9,8,4
HD 10780_0,0.8125000561629951,0.040173581296174786,HD 10780,1.077,0.9,8,4
HD 10780_0,0.8134157098199242,0.11529699455751108,HD 10780,1.077,0.9,8,4
HD 10780_0,0.8174979835705752,0.004647107175154971,HD 10780,1.077,0.9,8,4
HD 10780_0,0.8172015050799317,0.09657189527832724,HD 10780,1.077,0.9,8,4
HD 10780_0,0.8157375961724288,0.02359956329587913,HD 10780,1.077,0.9,8,4
HD 10780_0,0.8159140680118037,0.015174467084771517,HD 10780,1.077,0.9,8,4
HD 10780_0,0.8133882509682114,0.08104704537860973,HD 10780,1.077,0.9,8,4
HD 10780_0,0.8141457680581341,0.12464441889653281,HD 10780,1.077,0.9,8,4
HD 10780_0,0.8161817839160839,0.04505117914281978,HD 10780,1.077,0.9,8,4
HD 10780_0,0.8167846398630274,0.03145320921765869,HD 10780,1.077,0.9,8,4
HD 10780_0,0.8167091530194952,0.01955819637487417,HD 10780,1.077,0.9,8,4
HD 10780_0,0.8125311971154218,0.05052402743639059,HD 10780,1.077,0.9,8,4
HD 10780_0,0.8167057592865573,0.07042440064136213,HD 10780,1.077,0.9,8,4
HD 10780_0,0.8170529899082473,0.0890773995986827,HD 10780,1.077,0.9,8,4
HD 10780_0,0.8151723040609954,0.10551260650941488,HD 10780,1.077,0.9,8,4
HD 10780_0,0.812253533687148,0.06643606275139748,HD 10780,1.077,0.9,8,4
HD 10780_0,0.81419053843672,0.07851168790045106,HD 10780,1.077,0.9,8,4
HD 10780_0,0.8144088949449544,0.04106141059229359,HD 10780,1.077,0.9,8,4
HD 10780_0,0.8141782201964209,0.08072861558204467,HD 10780,1.077,0.9,8,4
HD 10780_0,0.8145129222259675,0.07370960156357811,HD 10780,1.077,0.9,8,4
HD 10780_0,0.8178796284829583,0.017988081465779703,HD 10780,1.077,0.9,8,4
HD 10780_0,0.8159625518557776,0.021362722909645977,HD 10780,1.077,0.9,8,4
HD 10780_0,0.8153921009376879,0.05932283618754196,HD 10780,1.077,0.9,8,4
HD 10780_0,0.814743932715836,0.042170812142571255,HD 10780,1.077,0.9,8,4
HD 10780_0,0.8151012281847834,0.05950924320377629,HD 10780,1.077,0.9,8,4
HD 10780_0,0.8139068862308323,0.09191373408911331,HD 10780,1.077,0.9,8,4
HD 10780_0,0.8135765787360224,0.07252622997301847,HD 10780,1.077,0.9,8,4
HD 10780_0,0.815535414789606,0.031785674082577174,HD 10780,1.077,0.9,8,4
HD 10780_0,0.8142554162762796,0.08526575448178117,HD 10780,1.077,0.9,8,4
HD 10780_0,0.8129076267829309,0.05281393780298141,HD 10780,1.077,0.9,8,4
HD 10780_0,0.8170351776601037,0.07729544814090537,HD 10780,1.077,0.9,8,4
HD 10780_0,0.8178536837633263,0.020114085394637837,HD 10780,1.077,0.9,8,4
HD 10780_0,0.8148779046632636,0.10782916418158808,HD 10780,1.077,0.9,8,4
HD 10780_0,0.8170251104046043,0.041734547084559454,HD 10780,1.077,0.9,8,4
HD 10780_0,0.8126820257137041,0.05810282205330519,HD 10780,1.077,0.9,8,4
HD 10780_0,0.8166827222572764,0.035731250365101955,HD 10780,1.077,0.9,8,4
HD 10780_0,0.8144924312114709,0.069459187595551,HD 10780,1.077,0.9,8,4
HD 10780_0,0.8169126754050208,0.027822483400519085,HD 10780,1.077,0.9,8,4
HD 10780_0,0.814909636508437,0.03531103534990873,HD 10780,1.077,0.9,8,4
HD 10780_0,0.8158337365038298,0.08374964012409686,HD 10780,1.077,0.9,8,4
HD 10780_0,0.8181861011892478,0.010567107439050857,HD 10780,1.077,0.9,8,4
HD 10780_0,0.8185026466989511,0.019462336339680114,HD 10780,1.077,0.9,8,4
HD 10780_0,0.815807777018763,0.059236391823026396,HD 10780,1.077,0.9,8,4
HD 10780_0,0.8174222899346227,0.12773049039448817,HD 10780,1.077,0.9,8,4
HD 10780_0,0.8129932871379161,0.09756439586000942,HD 10780,1.077,0.9,8,4
HD 10780_0,0.8142041394644455,0.07359506580832155,HD 10780,1.077,0.9,8,4
HD 10780_0,0.8167059214236865,0.05140507798059184,HD 10780,1.077,0.9,8,4
HD 10780_0,0.8145502867842187,0.04512527540586917,HD 10780,1.077,0.9,8,4
HD 10780_0,0.8149775728605263,0.0455994257813983,HD 10780,1.077,0.9,8,4
HD 209100_5,0.5954616559548986,0.06455593363548548,HD 209100,0.931,0.72,8,8
HD 209100_5,0.5957112040812472,0.061528683158401404,HD 209100,0.931,0.72,8,8
HD 209100_5,0.5957580729178755,0.06346460773981526,HD 209100,0.931,0.72,8,8
HD 209100_5,0.5956998299350175,0.05825533799172386,HD 209100,0.931,0.72,8,8
HD 209100_5,0.5961265215448898,0.06448202891992164,HD 209100,0.931,0.72,8,8
HD 209100_5,0.5955544041440788,0.06177793720537429,HD 209100,0.931,0.72,8,8
HD 209100_5,0.5954647257800042,0.06128395063948312,HD 209100,0.931,0.72,8,8
HD 209100_5,0.595698453177912,0.06760527736706912,HD 209100,0.931,0.72,8,8
HD 209100_5,0.5957811336075974,0.0626268194664004,HD 209100,0.931,0.72,8,8
HD 209100_5,0.5958554922497743,0.05515004757426162,HD 209100,0.931,0.72,8,8
HD 209100_5,0.5955705297186714,0.059330150403261575,HD 209100,0.931,0.72,8,8
HD 209100_5,0.5960046546928308,0.06992192272075026,HD 209100,0.931,0.72,8,8
HD 209100_5,0.5953864473737246,0.06269381854912512,HD 209100,0.931,0.72,8,8
HD 209100_5,0.5954535936674417,0.07040150587566163,HD 209100,0.931,0.72,8,8
HD 209100_5,0.5951267932763767,0.06759793819058851,HD 209100,0.931,0.72,8,8
HD 209100_5,0.5956274189530334,0.06415163210952046,HD 209100,0.931,0.72,8,8
HD 209100_5,0.5956896949162258,0.07108582874386583,HD 209100,0.931,0.72,8,8
HD 209100_5,0.5956461355282403,0.06470322516064156,HD 209100,0.931,0.72,8,8
HD 209100_5,0.5955118763228264,0.06983843048374894,HD 209100,0.931,0.72,8,8
HD 209100_5,0.5953291244950188,0.06853394842974043,HD 209100,0.931,0.72,8,8
HD 209100_5,0.5949101266154927,0.06538382535764964,HD 209100,0.931,0.72,8,8
HD 209100_5,0.5956555687427507,0.05897655392734806,HD 209100,0.931,0.72,8,8
HD 209100_5,0.5951059403131829,0.06844332404753159,HD 209100,0.931,0.72,8,8
HD 209100_5,0.595065192199965,0.06621458742412052,HD 209100,0.931,0.72,8,8
HD 209100_5,0.5958757282658237,0.06600779052615774,HD 209100,0.931,0.72,8,8
HD 209100_5,0.5957989776618816,0.06743743393410957,HD 209100,0.931,0.72,8,8
HD 209100_5,0.5950180955338414,0.06786150048941535,HD 209100,0.931,0.72,8,8
HD 209100_5,0.5953954402678078,0.06561818578399135,HD 209100,0.931,0.72,8,8
HD 209100_5,0.5956743556773486,0.06558906121393981,HD 209100,0.931,0.72,8,8
HD 209100_5,0.5950344638453516,0.06781785890601932,HD 209100,0.931,0.72,8,8
HD 209100_5,0.5950760190267032,0.06054464528848106,HD 209100,0.931,0.72,8,8
HD 209100_5,0.5952020077376212,0.06860201220387374,HD 209100,0.931,0.72,8,8
HD 209100_5,0.5954819748360507,0.06835173412997679,HD 209100,0.931,0.72,8,8
HD 209100_5,0.5956841474639226,0.07077266443450138,HD 209100,0.931,0.72,8,8
HD 209100_5,0.5952508973152476,0.05540672139420209,HD 209100,0.931,0.72,8,8
HD 209100_5,0.5956668309554497,0.0694700026475625,HD 209100,0.931,0.72,8,8
HD 209100_5,0.5952331248705685,0.06913960486924658,HD 209100,0.931,0.72,8,8
HD 209100_5,0.5954805978722566,0.06306252797196,HD 209100,0.931,0.72,8,8
HD 209100_5,0.5956143235478552,0.06862346232099027,HD 209100,0.931,0.72,8,8
HD 209100_5,0.5956628236868554,0.06773166428408556,HD 209100,0.931,0.72,8,8
HD 209100_5,0.5956199015557572,0.07187296106321497,HD 209100,0.931,0.72,8,8
HD 209100_5,0.5954461087016304,0.06711986090297875,HD 209100,0.931,0.72,8,8
HD 209100_5,0.5954629908953425,0.06852784106936605,HD 209100,0.931,0.72,8,8
HD 209100_5,0.5952105582770796,0.05373917526868345,HD 209100,0.931,0.72,8,8
HD 209100_5,0.5953946690659081,0.05628248325695748,HD 209100,0.931,0.72,8,8
HD 209100_5,0.595185047499682,0.05926362274073529,HD 209100,0.931,0.72,8,8
HD 209100_5,0.5957630039690847,0.06018816717549027,HD 209100,0.931,0.72,8,8
HD 209100_5,0.5956214345842158,0.06198472859708687,HD 209100,0.931,0.72,8,8
HD 209100_5,0.5954442960421665,0.07102422743649695,HD 209100,0.931,0.72,8,8
HD 209100_5,0.5960021472088571,0.07168870898079471,HD 209100,0.931,0.72,8,8
HD 209100_5,0.595009437677452,0.06548892478730743,HD 209100,0.931,0.72,8,8
HD 209100_5,0.5960396385857026,0.0655224689746794,HD 209100,0.931,0.72,8,8
HD 209100_5,0.5953599287176938,0.06045900208940819,HD 209100,0.931,0.72,8,8
HD 209100_5,0.5955247602904999,0.05411328296612888,HD 209100,0.931,0.72,8,8
HD 209100_5,0.595407945225984,0.06389338606213628,HD 209100,0.931,0.72,8,8
HD 209100_5,0.595687910443602,0.06943423085414677,HD 209100,0.931,0.72,8,8
HD 209100_5,0.595512441358909,0.06966292365099698,HD 209100,0.931,0.72,8,8
HD 209100_5,0.5952536457293439,0.06481058181882639,HD 209100,0.931,0.72,8,8
HD 209100_5,0.5954528220322172,0.06256733620207981,HD 209100,0.931,0.72,8,8
HD 209100_5,0.5957084866266403,0.06406134055560561,HD 209100,0.931,0.72,8,8
HD 209100_5,0.5961722361267969,0.06440124931687005,HD 209100,0.931,0.72,8,8
HD 209100_5,0.5955188206637619,0.06381250631915544,HD 209100,0.931,0.72,8,8
HD 209100_5,0.5950014227229676,0.05899599326774223,HD 209100,0.931,0.72,8,8
HD 209100_5,0.5953153898385194,0.05288955112741201,HD 209100,0.931,0.72,8,8
HD 209100_5,0.5958980401493545,0.06398551248520701,HD 209100,0.931,0.72,8,8
HD 209100_5,0.595750939083804,0.07149180038662332,HD 209100,0.931,0.72,8,8
HD 209100_5,0.5956907962846144,0.06220079358889737,HD 209100,0.931,0.72,8,8
HD 209100_5,0.5959059776971164,0.06566057234088897,HD 209100,0.931,0.72,8,8
HD 209100_5,0.5951785144715896,0.05936004193870273,HD 209100,0.931,0.72,8,8
HD 209100_5,0.5957506863127147,0.06789134499992737,HD 209100,0.931,0.72,8,8
HD 209100_5,0.5956388668262319,0.05956031565105453,HD 209100,0.931,0.72,8,8
HD 209100_5,0.5951573134934921,0.06975004149791492,HD 209100,0.931,0.72,8,8
HD 209100_5,0.5958827367735693,0.06358923475925213,HD 209100,0.931,0.72,8,8
HD 209100_5,0.5953936694608825,0.060856029970544734,HD 209100,0.931,0.72,8,8
HD 209100_5,0.5954436219353926,0.06736006592211423,HD 209100,0.931,0.72,8,8
HD 209100_5,0.5956155798179412,0.06495172924250435,HD 209100,0.931,0.72,8,8
HD 209100_5,0.5952399641202716,0.06698386599340245,HD 209100,0.931,0.72,8,8
HD 209100_5,0.595587045692494,0.06506416866240317,HD 209100,0.931,0.72,8,8
HD 209100_5,0.5956255600364737,0.058225333967528374,HD 209100,0.931,0.72,8,8
HD 209100_5,0.5957335403911103,0.0638378914829013,HD 209100,0.931,0.72,8,8
HD 209100_5,0.595616191759777,0.056152483261238624,HD 209100,0.931,0.72,8,8
HD 209100_5,0.595351760250278,0.07356668311330576,HD 209100,0.931,0.72,8,8
HD 209100_5,0.5956422476704264,0.0642177762236969,HD 209100,0.931,0.72,8,8
HD 209100_5,0.5957566800193179,0.05666629243387451,HD 209100,0.931,0.72,8,8
HD 209100_5,0.5955407646991807,0.06715112453530415,HD 209100,0.931,0.72,8,8
HD 209100_5,0.5957031249291491,0.06705502481879921,HD 209100,0.931,0.72,8,8
HD 209100_5,0.5956746111345651,0.06824430577648541,HD 209100,0.931,0.72,8,8
HD 209100_5,0.5957447426049359,0.07300592513295906,HD 209100,0.931,0.72,8,8
HD 209100_5,0.5959221434209123,0.0668842743606736,HD 209100,0.931,0.72,8,8
HD 209100_5,0.5950508727454548,0.06306365712611227,HD 209100,0.931,0.72,8,8
HD 209100_5,0.5959071623472296,0.0708886117562379,HD 209100,0.931,0.72,8,8
HD 209100_5,0.5954444123137838,0.05847227434080199,HD 209100,0.931,0.72,8,8
HD 209100_5,0.5953032179726493,0.06528517069061315,HD 209100,0.931,0.72,8,8
HD 209100_5,0.5957483039144391,0.06441464072657756,HD 209100,0.931,0.72,8,8
HD 209100_5,0.5954095608603074,0.07020573975671014,HD 209100,0.931,0.72,8,8
HD 209100_5,0.5954172159163394,0.06058744671166916,HD 209100,0.931,0.72,8,8
HD 209100_5,0.5960654213271664,0.07253791870443284,HD 209100,0.931,0.72,8,8
HD 209100_5,0.5956429800394102,0.07329354692127868,HD 209100,0.931,0.72,8,8
HD 209100_5,0.5957506661585603,0.0686960068484651,HD 209100,0.931,0.72,8,8
HD 209100_5,0.5955076330149863,0.06562661044533345,HD 209100,0.931,0.72,8,8
HD 209100_5,0.5956698072305023,0.07151300522075243,HD 209100,0.931,0.72,8,8
HD 209100_5,0.5955132533875784,0.05676092091490648,HD 209100,0.931,0.72,8,8
HD 209100_5,0.5959199942557056,0.06979116192878738,HD 209100,0.931,0.72,8,8
HD 209100_5,0.5956953308333959,0.07118647981968718,HD 209100,0.931,0.72,8,8
HD 209100_5,0.5959038548100194,0.05156687812951141,HD 209100,0.931,0.72,8,8
HD 209100_5,0.5953595380646933,0.0712329407615975,HD 209100,0.931,0.72,8,8
HD 209100_5,0.5950580631076963,0.06320757532821229,HD 209100,0.931,0.72,8,8
HD 209100_5,0.5953954930446118,0.06923066805752545,HD 209100,0.931,0.72,8,8
HD 209100_5,0.595340104979659,0.06775006118106336,HD 209100,0.931,0.72,8,8
HD 209100_5,0.595472944756886,0.06528970205360161,HD 209100,0.931,0.72,8,8
HD 209100_5,0.5956453486060845,0.0708397976520251,HD 209100,0.931,0.72,8,8
HD 209100_5,0.5958849870927853,0.0702941499508754,HD 209100,0.931,0.72,8,8
HD 209100_5,0.5959097175693454,0.06781102036042298,HD 209100,0.931,0.72,8,8
HD 209100_5,0.5955289980983081,0.06272208644679715,HD 209100,0.931,0.72,8,8
HD 209100_5,0.5956164504397226,0.06308141787645431,HD 209100,0.931,0.72,8,8
HD 209100_5,0.5959663321677996,0.05887967312434059,HD 209100,0.931,0.72,8,8
HD 209100_5,0.5955168566544388,0.06236115565969698,HD 209100,0.931,0.72,8,8
HD 209100_5,0.5959658461794102,0.06368726128243928,HD 209100,0.931,0.72,8,8
HD 209100_5,0.5959289171392499,0.06446762708619086,HD 209100,0.931,0.72,8,8
HD 209100_5,0.5951104347215295,0.06297179602015675,HD 209100,0.931,0.72,8,8
HD 209100_5,0.5955397405468597,0.06516370470478548,HD 209100,0.931,0.72,8,8
HD 209100_5,0.5954272204628023,0.07161492753716717,HD 209100,0.931,0.72,8,8
HD 209100_5,0.5953202601833806,0.06470978901373531,HD 209100,0.931,0.72,8,8
HD 209100_5,0.5955014993483412,0.06134389215256341,HD 209100,0.931,0.72,8,8
HD 209100_5,0.5957015936079825,0.06171004036988107,HD 209100,0.931,0.72,8,8
HD 209100_5,0.5951782472814592,0.06382693873715466,HD 209100,0.931,0.72,8,8
HD 209100_5,0.5953279904990206,0.06887594415615693,HD 209100,0.931,0.72,8,8
HD 209100_5,0.5957680946715082,0.05699785255931896,HD 209100,0.931,0.72,8,8
HD 209100_5,0.5955138896892876,0.06520478659748612,HD 209100,0.931,0.72,8,8
HD 209100_5,0.5952062795527807,0.06440483483741495,HD 209100,0.931,0.72,8,8
HD 209100_5,0.5951698264023804,0.06953842290846164,HD 209100,0.931,0.72,8,8
HD 209100_5,0.5957749286321588,0.06222416672760865,HD 209100,0.931,0.72,8,8
HD 209100_5,0.5957282185847774,0.06501246048541269,HD 209100,0.931,0.72,8,8
HD 209100_5,0.5955925350227379,0.058170636901559825,HD 209100,0.931,0.72,8,8
HD 209100_5,0.5948272921738766,0.06997926171287791,HD 209100,0.931,0.72,8,8
HD 209100_5,0.5954270880194075,0.06339287533711845,HD 209100,0.931,0.72,8,8
HD 209100_5,0.5958445959785881,0.06352536169875335,HD 209100,0.931,0.72,8,8
HD 209100_5,0.5953868784108893,0.062494233450855266,HD 209100,0.931,0.72,8,8
HD 209100_5,0.5955024941291552,0.0644925954862335,HD 209100,0.931,0.72,8,8
HD 209100_5,0.5956067825645451,0.06963428716987527,HD 209100,0.931,0.72,8,8
HD 209100_5,0.5951511933859361,0.06749115861716948,HD 209100,0.931,0.72,8,8
HD 209100_5,0.596008181820848,0.0678847599383334,HD 209100,0.931,0.72,8,8
HD 209100_5,0.5958444140853763,0.059162895452981264,HD 209100,0.931,0.72,8,8
HD 209100_5,0.5951355624689534,0.07105196619752552,HD 209100,0.931,0.72,8,8
HD 209100_5,0.5954902186529238,0.06693788549945016,HD 209100,0.931,0.72,8,8
HD 209100_5,0.5956014118407419,0.07258988012226347,HD 209100,0.931,0.72,8,8
HD 209100_5,0.5955341022765196,0.07094797310630949,HD 209100,0.931,0.72,8,8
HD 209100_5,0.595083744524676,0.07341435091069212,HD 209100,0.931,0.72,8,8
HD 209100_5,0.5954265760402748,0.06149894760657914,HD 209100,0.931,0.72,8,8
HD 209100_5,0.5959662663672599,0.05770356332075224,HD 209100,0.931,0.72,8,8
HD 209100_5,0.5955410531713173,0.0635817936008122,HD 209100,0.931,0.72,8,8
HD 209100_5,0.5951973725332913,0.06785822867100019,HD 209100,0.931,0.72,8,8
HD 209100_5,0.5956099318737582,0.05817147939126904,HD 209100,0.931,0.72,8,8
HD 209100_5,0.59554552668568,0.06565972913069658,HD 209100,0.931,0.72,8,8
HD 209100_5,0.5957167824427249,0.06861711044245171,HD 209100,0.931,0.72,8,8
HD 209100_5,0.5961588591742952,0.0654811430173085,HD 209100,0.931,0.72,8,8
HD 209100_5,0.5958186877603217,0.0654315305738006,HD 209100,0.931,0.72,8,8
HD 209100_5,0.5952969445723595,0.060597216754120074,HD 209100,0.931,0.72,8,8
HD 209100_5,0.5953504837183918,0.06831899794237024,HD 209100,0.931,0.72,8,8
HD 209100_5,0.5952514141000098,0.06314968673891265,HD 209100,0.931,0.72,8,8
HD 209100_5,0.5954681658656342,0.0579340894529526,HD 209100,0.931,0.72,8,8
HD 209100_5,0.5962231102321509,0.06456313934876592,HD 209100,0.931,0.72,8,8
HD 209100_5,0.5956532185976162,0.06725322783789017,HD 209100,0.931,0.72,8,8
HD 209100_5,0.5958168450173279,0.05893721401336043,HD 209100,0.931,0.72,8,8
HD 209100_5,0.5954091138764266,0.06679684414038839,HD 209100,0.931,0.72,8,8
HD 209100_5,0.5953617389983393,0.06686703000124919,HD 209100,0.931,0.72,8,8
HD 209100_5,0.5955543053141625,0.06659324748859254,HD 209100,0.931,0.72,8,8
HD 209100_5,0.5961516982817939,0.07007295953115833,HD 209100,0.931,0.72,8,8
HD 209100_5,0.5949825426420635,0.07212213124979779,HD 209100,0.931,0.72,8,8
HD 209100_5,0.5953837833760423,0.06573541119764291,HD 209100,0.931,0.72,8,8
HD 209100_5,0.5959206752165707,0.06546883226197792,HD 209100,0.931,0.72,8,8
HD 209100_5,0.5957688125520798,0.07272676596912772,HD 209100,0.931,0.72,8,8
HD 209100_5,0.5955661232510508,0.07680353083376384,HD 209100,0.931,0.72,8,8
HD 209100_5,0.5958138870705473,0.07109889487933398,HD 209100,0.931,0.72,8,8
HD 209100_5,0.5955567719752245,0.07005264999724678,HD 209100,0.931,0.72,8,8
HD 209100_5,0.5956414903802001,0.05879241806228995,HD 209100,0.931,0.72,8,8
HD 209100_5,0.596005862601061,0.06093925574502709,HD 209100,0.931,0.72,8,8
HD 209100_5,0.5956591475609144,0.06255759488135397,HD 209100,0.931,0.72,8,8
HD 209100_5,0.5954448510488519,0.059046807340005524,HD 209100,0.931,0.72,8,8
HD 209100_5,0.5956525366731332,0.06656599870283622,HD 209100,0.931,0.72,8,8
HD 209100_5,0.5949375218922893,0.06167852897332593,HD 209100,0.931,0.72,8,8
HD 209100_5,0.5958289217216712,0.05583227436197362,HD 209100,0.931,0.72,8,8
HD 209100_5,0.5950913063379482,0.06677387171587862,HD 209100,0.931,0.72,8,8
HD 209100_5,0.5953263475241234,0.06437379635117867,HD 209100,0.931,0.72,8,8
HD 209100_5,0.5956516374111711,0.061018504992461094,HD 209100,0.931,0.72,8,8
HD 209100_5,0.5954421600370917,0.0633044096136013,HD 209100,0.931,0.72,8,8
HD 209100_5,0.5950706321153573,0.06425344330585436,HD 209100,0.931,0.72,8,8
HD 209100_5,0.5955731662726029,0.07518539704116305,HD 209100,0.931,0.72,8,8
HD 209100_5,0.5961138511653276,0.05828174840654342,HD 209100,0.931,0.72,8,8
HD 209100_5,0.5955762623004016,0.06673906813774777,HD 209100,0.931,0.72,8,8
HD 209100_5,0.5955622678824377,0.06645871746926202,HD 209100,0.931,0.72,8,8
HD 209100_5,0.5956314310939577,0.052689137270490266,HD 209100,0.931,0.72,8,8
HD 209100_5,0.5959557706944798,0.06237853422886403,HD 209100,0.931,0.72,8,8
HD 209100_5,0.5952166691466048,0.0669657822717632,HD 209100,0.931,0.72,8,8
HD 209100_5,0.5957790614069342,0.05998986686152425,HD 209100,0.931,0.72,8,8
HD 209100_5,0.5961074172239039,0.07550830124108539,HD 209100,0.931,0.72,8,8
HD 209100_5,0.5951288319077396,0.0736679963770835,HD 209100,0.931,0.72,8,8
HD 209100_5,0.5953825959340479,0.07089187105706331,HD 209100,0.931,0.72,8,8
HD 209100_5,0.5953915484246792,0.06908825180900019,HD 209100,0.931,0.72,8,8
HD 209100_5,0.5958173427371666,0.05961096309163134,HD 209100,0.931,0.72,8,8
HD 209100_5,0.5958543548025662,0.06982323850409088,HD 209100,0.931,0.72,8,8
HD 209100_5,0.5959842249948011,0.0692287317444502,HD 209100,0.931,0.72,8,8
HD 209100_5,0.5952796678400164,0.059309728716540715,HD 209100,0.931,0.72,8,8
HD 209100_5,0.5950514835561362,0.081962721388697,HD 209100,0.931,0.72,8,8
HD 209100_5,0.5956930996256066,0.06869562781803554,HD 209100,0.931,0.72,8,8
HD 209100_5,0.5959788316075183,0.07579238007655759,HD 209100,0.931,0.72,8,8
HD 209100_5,0.5956736485029833,0.06527909824097061,HD 209100,0.931,0.72,8,8
HD 209100_5,0.5958893604387387,0.06015348740606947,HD 209100,0.931,0.72,8,8
HD 209100_5,0.595866354324855,0.08024820581840485,HD 209100,0.931,0.72,8,8
HD 209100_5,0.5960448584777392,0.06425591828867307,HD 209100,0.931,0.72,8,8
HD 209100_5,0.5958720812039094,0.06889363291311949,HD 209100,0.931,0.72,8,8
HD 209100_5,0.5958005665997199,0.06076127028352351,HD 209100,0.931,0.72,8,8
HD 209100_5,0.5953924522865942,0.06444681974511109,HD 209100,0.931,0.72,8,8
HD 209100_5,0.595221824235194,0.0738276715586792,HD 209100,0.931,0.72,8,8
HD 209100_5,0.5959246959475983,0.06826831615498026,HD 209100,0.931,0.72,8,8
HD 209100_5,0.5948909863793231,0.06665556359253716,HD 209100,0.931,0.72,8,8
HD 209100_5,0.5955377902585145,0.06811591397436621,HD 209100,0.931,0.72,8,8
HD 209100_5,0.5956960909780222,0.07259491528739602,HD 209100,0.931,0.72,8,8
HD 209100_5,0.5961880254208749,0.061795868539584055,HD 209100,0.931,0.72,8,8
HD 209100_5,0.5954269578392516,0.07356807097080732,HD 209100,0.931,0.72,8,8
HD 209100_5,0.595429212823781,0.06436105220458353,HD 209100,0.931,0.72,8,8
HD 209100_5,0.5955603555121745,0.06529293559911939,HD 209100,0.931,0.72,8,8
HD 209100_5,0.5961527945910101,0.0667598816697904,HD 209100,0.931,0.72,8,8
HD 209100_5,0.5953417012719867,0.06615938174912185,HD 209100,0.931,0.72,8,8
HD 209100_5,0.5960513496657184,0.06485515043559834,HD 209100,0.931,0.72,8,8
HD 209100_5,0.5950568825827144,0.05779472244955781,HD 209100,0.931,0.72,8,8
HD 209100_5,0.5953346231178761,0.06844366636220557,HD 209100,0.931,0.72,8,8
HD 209100_5,0.5952489060779711,0.0652586766150957,HD 209100,0.931,0.72,8,8
HD 209100_5,0.59524563173566,0.06922771279763049,HD 209100,0.931,0.72,8,8
HD 209100_5,0.5958061294700359,0.05354691040711722,HD 209100,0.931,0.72,8,8
HD 209100_5,0.5957271463325925,0.06221260604246824,HD 209100,0.931,0.72,8,8
HD 209100_5,0.5959010732734669,0.06453025622105976,HD 209100,0.931,0.72,8,8
HD 209100_5,0.5956393551982377,0.05330340428696456,HD 209100,0.931,0.72,8,8
HD 209100_5,0.5957318744407398,0.07061790359716742,HD 209100,0.931,0.72,8,8
HD 209100_5,0.5954308876796824,0.06419165371592662,HD 209100,0.931,0.72,8,8
HD 209100_5,0.596194423101406,0.07160756708430656,HD 209100,0.931,0.72,8,8
HD 209100_5,0.5959322700128898,0.06239111988221006,HD 209100,0.931,0.72,8,8
HD 209100_5,0.5956136420988266,0.06655226281585118,HD 209100,0.931,0.72,8,8
HD 209100_5,0.5955353927935308,0.07031388359377574,HD 209100,0.931,0.72,8,8
HD 209100_5,0.5953667883996362,0.06347010357352437,HD 209100,0.931,0.72,8,8
HD 209100_5,0.5954833040687233,0.06664743054653864,HD 209100,0.931,0.72,8,8
HD 209100_5,0.5956441085601686,0.06802376747862746,HD 209100,0.931,0.72,8,8
HD 209100_5,0.595100706709321,0.07098677115628213,HD 209100,0.931,0.72,8,8
HD 209100_5,0.5952378924157508,0.059864002651255056,HD 209100,0.931,0.72,8,8
HD 209100_5,0.5950716861256695,0.06422508120099807,HD 209100,0.931,0.72,8,8
HD 209100_5,0.5951398861261377,0.06663316840446756,HD 209100,0.931,0.72,8,8
HD 209100_5,0.5960269443816623,0.06943226100990203,HD 209100,0.931,0.72,8,8
HD 209100_5,0.5955209213564687,0.05737747643066511,HD 209100,0.931,0.72,8,8
HD 209100_5,0.5956501876499388,0.06287585924222033,HD 209100,0.931,0.72,8,8
HD 209100_5,0.5956311292947987,0.06912878061270561,HD 209100,0.931,0.72,8,8
HD 209100_5,0.5957997287414651,0.07530088084133679,HD 209100,0.931,0.72,8,8
HD 209100_5,0.5962685144803953,0.06357229199004567,HD 209100,0.931,0.72,8,8
HD 209100_5,0.5956274592793035,0.07336558455461255,HD 209100,0.931,0.72,8,8
HD 209100_5,0.5954617688908008,0.06994821212346133,HD 209100,0.931,0.72,8,8
HD 209100_5,0.5953293821941281,0.062142460964176985,HD 209100,0.931,0.72,8,8
HD 209100_5,0.5956698359601149,0.06050430665594558,HD 209100,0.931,0.72,8,8
HD 209100_5,0.595304228886575,0.0644372365534949,HD 209100,0.931,0.72,8,8
HD 209100_5,0.5952407090235262,0.06521898363957626,HD 209100,0.931,0.72,8,8
HD 209100_5,0.5954699726906716,0.07155681981970202,HD 209100,0.931,0.72,8,8
HD 209100_5,0.5956772868109687,0.07184490089078435,HD 209100,0.931,0.72,8,8
HD 209100_5,0.5954052093571081,0.06663883927129471,HD 209100,0.931,0.72,8,8
HD 209100_5,0.5956969911746988,0.06738827830283062,HD 209100,0.931,0.72,8,8
HD 209100_5,0.595899094451506,0.06505933263183405,HD 209100,0.931,0.72,8,8
HD 209100_5,0.5955710585200688,0.0635433923466007,HD 209100,0.931,0.72,8,8
HD 209100_5,0.5950014164029279,0.058943740338367294,HD 209100,0.931,0.72,8,8
HD 209100_5,0.5956093685026301,0.07887144460354702,HD 209100,0.931,0.72,8,8
HD 209100_5,0.5958204175210265,0.07104834175226295,HD 209100,0.931,0.72,8,8
HD 209100_5,0.5956538459700134,0.06676924366925718,HD 209100,0.931,0.72,8,8
HD 209100_5,0.5959694467239955,0.05892267116650658,HD 209100,0.931,0.72,8,8
HD 209100_5,0.5951339603726994,0.06563641103588844,HD 209100,0.931,0.72,8,8
HD 209100_5,0.5953645782339899,0.0613826946193018,HD 209100,0.931,0.72,8,8
HD 209100_5,0.5953755445415025,0.06601879798703504,HD 209100,0.931,0.72,8,8
HD 209100_5,0.5959799513229824,0.06289851514609024,HD 209100,0.931,0.72,8,8
HD 209100_5,0.5957008714550498,0.05977877299986948,HD 209100,0.931,0.72,8,8
HD 209100_5,0.5954599352768085,0.07181892188963934,HD 209100,0.931,0.72,8,8
HD 209100_5,0.5955617089694614,0.06065666440237114,HD 209100,0.931,0.72,8,8
HD 209100_5,0.596272153202735,0.05424964208736721,HD 209100,0.931,0.72,8,8
HD 209100_5,0.5955775225579157,0.0659101574447388,HD 209100,0.931,0.72,8,8
HD 209100_5,0.5955337586128263,0.058926679894237895,HD 209100,0.931,0.72,8,8
HD 209100_5,0.5952601761790411,0.05452576653203495,HD 209100,0.931,0.72,8,8
HD 209100_5,0.5957385505266696,0.06310565052898144,HD 209100,0.931,0.72,8,8
HD 209100_5,0.5955586332412649,0.06066749591992992,HD 209100,0.931,0.72,8,8
HD 209100_5,0.5953627190612509,0.06443867912573566,HD 209100,0.931,0.72,8,8
HD 209100_5,0.5960633815792383,0.07664376757958688,HD 209100,0.931,0.72,8,8
HD 209100_5,0.5953749027038745,0.06635442464803076,HD 209100,0.931,0.72,8,8
HD 209100_5,0.5958802822022047,0.07135710526009645,HD 209100,0.931,0.72,8,8
HD 209100_5,0.5957436344275594,0.06401922896239885,HD 209100,0.931,0.72,8,8
HD 209100_5,0.5954767154589707,0.06005250789271267,HD 209100,0.931,0.72,8,8
HD 209100_5,0.5954001651494626,0.06291808381814665,HD 209100,0.931,0.72,8,8
HD 209100_5,0.5960092704109836,0.06357192201271893,HD 209100,0.931,0.72,8,8
HD 209100_5,0.5955201254522112,0.06603362122848787,HD 209100,0.931,0.72,8,8
HD 209100_5,0.595493068755506,0.05872269764958408,HD 209100,0.931,0.72,8,8
HD 209100_5,0.5956592370620646,0.07383520817768816,HD 209100,0.931,0.72,8,8
HD 209100_5,0.5955423130282094,0.06963848011825559,HD 209100,0.931,0.72,8,8
HD 209100_5,0.5955099056358777,0.06917682609070507,HD 209100,0.931,0.72,8,8
HD 209100_5,0.5952172766938856,0.06651606172210249,HD 209100,0.931,0.72,8,8
HD 209100_5,0.5951559743294651,0.056155593936850615,HD 209100,0.931,0.72,8,8
HD 209100_5,0.5954400565650955,0.0748635846807359,HD 209100,0.931,0.72,8,8
HD 209100_5,0.5959890460265874,0.07024338427860122,HD 209100,0.931,0.72,8,8
HD 209100_5,0.5957897252050945,0.05784846692621054,HD 209100,0.931,0.72,8,8
HD 209100_5,0.5954837926405958,0.06706346389898271,HD 209100,0.931,0.72,8,8
HD 209100_5,0.595635155818651,0.06362810080736359,HD 209100,0.931,0.72,8,8
HD 209100_5,0.5957239892671088,0.07316114981386158,HD 209100,0.931,0.72,8,8
HD 209100_5,0.5955390480955103,0.05707508307889613,HD 209100,0.931,0.72,8,8
HD 209100_5,0.5958208203251483,0.06878031676019462,HD 209100,0.931,0.72,8,8
HD 209100_5,0.5953128503020496,0.05883366584785355,HD 209100,0.931,0.72,8,8
HD 209100_5,0.5955397220028448,0.0687712938944999,HD 209100,0.931,0.72,8,8
HD 209100_5,0.595022127730332,0.06270459081814085,HD 209100,0.931,0.72,8,8
HD 209100_5,0.5954600935107447,0.05006065149519438,HD 209100,0.931,0.72,8,8
HD 209100_5,0.5958899627168511,0.06449215300815077,HD 209100,0.931,0.72,8,8
HD 209100_5,0.5953396563253246,0.06487823253508845,HD 209100,0.931,0.72,8,8
HD 209100_5,0.5953647333552043,0.06405538612550225,HD 209100,0.931,0.72,8,8
HD 209100_5,0.5952251603921341,0.06331790535790592,HD 209100,0.931,0.72,8,8
HD 209100_5,0.5952760925169774,0.06135758930383729,HD 209100,0.931,0.72,8,8
HD 209100_5,0.5957974344482349,0.06898975033125919,HD 209100,0.931,0.72,8,8
HD 209100_5,0.5954929252380581,0.06678093352951803,HD 209100,0.931,0.72,8,8
HD 209100_5,0.5954841617007777,0.06571791913839202,HD 209100,0.931,0.72,8,8
HD 209100_5,0.5955828196464996,0.07558468402728315,HD 209100,0.931,0.72,8,8
HD 209100_5,0.595504695256381,0.06772787139199514,HD 209100,0.931,0.72,8,8
HD 209100_5,0.5956479608325027,0.06630435016266206,HD 209100,0.931,0.72,8,8
HD 209100_5,0.5956057075587005,0.07017056525857368,HD 209100,0.931,0.72,8,8
HD 209100_5,0.5954723493010348,0.06248495745285293,HD 209100,0.931,0.72,8,8
HD 209100_5,0.5951067531793028,0.07012702507520034,HD 209100,0.931,0.72,8,8
HD 209100_5,0.5959245424396286,0.06101553985992628,HD 209100,0.931,0.72,8,8
HD 209100_5,0.5957034136424894,0.062105683353932586,HD 209100,0.931,0.72,8,8
HD 209100_5,0.595609303493195,0.05514755399196542,HD 209100,0.931,0.72,8,8
HD 209100_5,0.5959864919061097,0.07095821064261892,HD 209100,0.931,0.72,8,8
HD 209100_5,0.5951007064310881,0.06439441235538008,HD 209100,0.931,0.72,8,8
HD 209100_5,0.5950512343807137,0.06491519107648551,HD 209100,0.931,0.72,8,8
HD 209100_5,0.5950055555066042,0.06900582962713891,HD 209100,0.931,0.72,8,8
HD 209100_5,0.5956052730703256,0.0669934324429161,HD 209100,0.931,0.72,8,8
HD 209100_5,0.5953993720698691,0.06540572451271719,HD 209100,0.931,0.72,8,8
HD 209100_5,0.595727528290249,0.06321688503510609,HD 209100,0.931,0.72,8,8
HD 209100_5,0.5958505128731525,0.057710927116117396,HD 209100,0.931,0.72,8,8
HD 209100_5,0.5956530944281145,0.06894031789036476,HD 209100,0.931,0.72,8,8
HD 209100_5,0.5951345507279046,0.06866951834867108,HD 209100,0.931,0.72,8,8
HD 209100_5,0.5952236635743938,0.05257726708799286,HD 209100,0.931,0.72,8,8
HD 209100_5,0.5955148780079005,0.06639198601614661,HD 209100,0.931,0.72,8,8
HD 209100_5,0.5953828778539129,0.05713213152500382,HD 209100,0.931,0.72,8,8
HD 209100_5,0.5956631800050199,0.06633166446357043,HD 209100,0.931,0.72,8,8
HD 209100_5,0.5948402223367063,0.06850538394317444,HD 209100,0.931,0.72,8,8
HD 209100_5,0.5955906282233322,0.07629989275686506,HD 209100,0.931,0.72,8,8
HD 209100_5,0.5948134224627656,0.05863325721780186,HD 209100,0.931,0.72,8,8
HD 209100_5,0.5950794233069947,0.07347963601881205,HD 209100,0.931,0.72,8,8
HD 209100_5,0.5958725174458351,0.06707582568313879,HD 209100,0.931,0.72,8,8
HD 209100_5,0.59581244944704,0.05927038661319392,HD 209100,0.931,0.72,8,8
HD 209100_5,0.595533028125275,0.07473925995442836,HD 209100,0.931,0.72,8,8
HD 209100_5,0.5954688185902421,0.08204197165242624,HD 209100,0.931,0.72,8,8
HD 209100_5,0.5959108137904242,0.05679932348062271,HD 209100,0.931,0.72,8,8
HD 209100_5,0.5955728222635175,0.07187146002581359,HD 209100,0.931,0.72,8,8
HD 209100_5,0.595745840515479,0.06391164215366721,HD 209100,0.931,0.72,8,8
HD 209100_5,0.5955961641450612,0.06973022116543127,HD 209100,0.931,0.72,8,8
HD 209100_5,0.5955948955515866,0.06689710715059319,HD 209100,0.931,0.72,8,8
HD 209100_5,0.5952094284418926,0.05725550912057535,HD 209100,0.931,0.72,8,8
HD 209100_5,0.5957908174255281,0.06016522953305385,HD 209100,0.931,0.72,8,8
HD 209100_5,0.5960075527083972,0.060016428886098316,HD 209100,0.931,0.72,8,8
HD 209100_5,0.5956054155235624,0.06935174391683019,HD 209100,0.931,0.72,8,8
HD 209100_5,0.5957882426474822,0.06079600238646882,HD 209100,0.931,0.72,8,8
HD 209100_5,0.5952875562529171,0.06810252694788144,HD 209100,0.931,0.72,8,8
HD 209100_5,0.5957116878288028,0.061337409955055155,HD 209100,0.931,0.72,8,8
HD 209100_5,0.5954072289721678,0.0701337524595146,HD 209100,0.931,0.72,8,8
HD 209100_5,0.595274625460973,0.06638750392608544,HD 209100,0.931,0.72,8,8
HD 209100_5,0.5954894248387487,0.07103586028042397,HD 209100,0.931,0.72,8,8
HD 209100_5,0.5957339406564497,0.06130530072362198,HD 209100,0.931,0.72,8,8
HD 209100_5,0.5959132476099606,0.06613525386380713,HD 209100,0.931,0.72,8,8
HD 209100_5,0.5950655923092406,0.06453849557172595,HD 209100,0.931,0.72,8,8
HD 209100_5,0.5958284119230848,0.06720989971149685,HD 209100,0.931,0.72,8,8
HD 209100_5,0.5948734926130619,0.07415621833731154,HD 209100,0.931,0.72,8,8
HD 209100_5,0.5956685121289552,0.06880259938803475,HD 209100,0.931,0.72,8,8
HD 209100_5,0.5959525745645191,0.057750160856333846,HD 209100,0.931,0.72,8,8
HD 209100_5,0.595472406580236,0.0670425799802843,HD 209100,0.931,0.72,8,8
HD 209100_5,0.5957263094716926,0.06503834838248536,HD 209100,0.931,0.72,8,8
HD 209100_5,0.5959813639339642,0.06800571470558923,HD 209100,0.931,0.72,8,8
HD 209100_5,0.5959623916631694,0.06412892386230905,HD 209100,0.931,0.72,8,8
HD 209100_5,0.595661667485535,0.06687903399985524,HD 209100,0.931,0.72,8,8
HD 209100_5,0.5952643940900322,0.07266677375068212,HD 209100,0.931,0.72,8,8
HD 209100_5,0.5954685393338081,0.05757817319053662,HD 209100,0.931,0.72,8,8
HD 209100_5,0.5955281014891093,0.061990990343123345,HD 209100,0.931,0.72,8,8
HD 209100_5,0.595727433983427,0.06891634510379435,HD 209100,0.931,0.72,8,8
HD 209100_5,0.5952012427148194,0.06791883841265471,HD 209100,0.931,0.72,8,8
HD 209100_5,0.5958231391762868,0.06584497240575773,HD 209100,0.931,0.72,8,8
HD 209100_5,0.5956877106229839,0.06553506045831702,HD 209100,0.931,0.72,8,8
HD 209100_5,0.595296949964826,0.06402414955015516,HD 209100,0.931,0.72,8,8
HD 209100_5,0.595824600171167,0.06071459803860564,HD 209100,0.931,0.72,8,8
HD 209100_5,0.5963374803742638,0.06037272177500249,HD 209100,0.931,0.72,8,8
HD 209100_5,0.5955306121039273,0.07032513798019381,HD 209100,0.931,0.72,8,8
HD 209100_5,0.5956570189425293,0.059856337098355,HD 209100,0.931,0.72,8,8
HD 209100_5,0.5956916010356362,0.06704202488255365,HD 209100,0.931,0.72,8,8
HD 209100_5,0.5957884105063769,0.06242500980781982,HD 209100,0.931,0.72,8,8
HD 209100_5,0.5954424215610448,0.06426736782251695,HD 209100,0.931,0.72,8,8
HD 209100_5,0.5957691564828128,0.063046914307807,HD 209100,0.931,0.72,8,8
HD 209100_5,0.5955933175492141,0.061745531743440364,HD 209100,0.931,0.72,8,8
HD 209100_5,0.5954793235506188,0.06668492180940333,HD 209100,0.931,0.72,8,8
HD 209100_5,0.595153916046335,0.07510216041777985,HD 209100,0.931,0.72,8,8
HD 209100_5,0.5956695433507951,0.06260225822229351,HD 209100,0.931,0.72,8,8
HD 209100_5,0.5953038947007115,0.059760474062590975,HD 209100,0.931,0.72,8,8
HD 209100_5,0.5951783555759002,0.06785123286182754,HD 209100,0.931,0.72,8,8
HD 209100_5,0.5958648995306307,0.05708586380097021,HD 209100,0.931,0.72,8,8
HD 209100_5,0.5954798121801439,0.062157500038879765,HD 209100,0.931,0.72,8,8
HD 209100_5,0.5954465266654275,0.06648188201899918,HD 209100,0.931,0.72,8,8
HD 209100_5,0.5961446885941173,0.056839777997425275,HD 209100,0.931,0.72,8,8
HD 209100_5,0.595521373279864,0.0628265806859984,HD 209100,0.931,0.72,8,8
HD 209100_5,0.595108082990427,0.07429663874610853,HD 209100,0.931,0.72,8,8
HD 209100_5,0.5958542424063625,0.06507846817500439,HD 209100,0.931,0.72,8,8
HD 209100_5,0.5957486403385918,0.06706251082370668,HD 209100,0.931,0.72,8,8
HD 209100_5,0.5961026452850408,0.06208013744618102,HD 209100,0.931,0.72,8,8
HD 209100_5,0.5963650123035161,0.05828834397282208,HD 209100,0.931,0.72,8,8
HD 209100_5,0.5954429573625754,0.06808185168970535,HD 209100,0.931,0.72,8,8
HD 209100_5,0.5953549830097071,0.05629790819992354,HD 209100,0.931,0.72,8,8
HD 209100_5,0.595001998409474,0.0732833727915092,HD 209100,0.931,0.72,8,8
HD 209100_5,0.5957160997153111,0.06805910102524709,HD 209100,0.931,0.72,8,8
HD 209100_5,0.5956235146369154,0.06076344273774988,HD 209100,0.931,0.72,8,8
HD 209100_5,0.5957892712377897,0.06403716198451476,HD 209100,0.931,0.72,8,8
HD 209100_5,0.5953797155797753,0.056992352952722855,HD 209100,0.931,0.72,8,8
HD 209100_5,0.595153623748573,0.05933197888099398,HD 209100,0.931,0.72,8,8
HD 209100_5,0.5956608762086019,0.06400027079285972,HD 209100,0.931,0.72,8,8
HD 209100_5,0.5954431207529801,0.06994820151880468,HD 209100,0.931,0.72,8,8
HD 209100_5,0.5949818185248262,0.07669185052086164,HD 209100,0.931,0.72,8,8
HD 209100_5,0.5958097157905904,0.05803062393130627,HD 209100,0.931,0.72,8,8
HD 209100_5,0.5953625833511343,0.06847912315472217,HD 209100,0.931,0.72,8,8
HD 209100_5,0.5955404956006458,0.073915898562489,HD 209100,0.931,0.72,8,8
HD 209100_5,0.5956676318965463,0.05914876042524272,HD 209100,0.931,0.72,8,8
HD 209100_5,0.595658654959935,0.06125043731670956,HD 209100,0.931,0.72,8,8
HD 209100_5,0.5954642779533925,0.06823340120406171,HD 209100,0.931,0.72,8,8
HD 209100_5,0.5961626299012215,0.06496142943490982,HD 209100,0.931,0.72,8,8
HD 209100_5,0.5955564792411291,0.07449413489385921,HD 209100,0.931,0.72,8,8
HD 209100_5,0.5953220022371237,0.06177169741556547,HD 209100,0.931,0.72,8,8
HD 209100_5,0.5954279087240715,0.07148388557349883,HD 209100,0.931,0.72,8,8
HD 209100_5,0.5956747250018559,0.062376776847003414,HD 209100,0.931,0.72,8,8
HD 209100_5,0.5963878985701956,0.054501143947517955,HD 209100,0.931,0.72,8,8
HD 209100_5,0.5960904386695951,0.06915927617378731,HD 209100,0.931,0.72,8,8
HD 209100_5,0.5960338412398289,0.06141874483202534,HD 209100,0.931,0.72,8,8
HD 209100_5,0.5957076718918806,0.059694344185048265,HD 209100,0.931,0.72,8,8
HD 209100_5,0.5949912790808045,0.07247827329406738,HD 209100,0.931,0.72,8,8
HD 209100_5,0.5960032479205725,0.06125923791210081,HD 209100,0.931,0.72,8,8
HD 209100_5,0.5956902725336719,0.06592372709024813,HD 209100,0.931,0.72,8,8
HD 209100_5,0.5955130857770571,0.0656042503569328,HD 209100,0.931,0.72,8,8
HD 209100_5,0.5957327688202836,0.06867267199812645,HD 209100,0.931,0.72,8,8
HD 209100_5,0.5957627106951299,0.06636972035792327,HD 209100,0.931,0.72,8,8
HD 209100_5,0.5951352417425201,0.0728850819105753,HD 209100,0.931,0.72,8,8
HD 209100_5,0.595847575180425,0.06269128030290201,HD 209100,0.931,0.72,8,8
HD 209100_5,0.5960342502959389,0.07052393450827188,HD 209100,0.931,0.72,8,8
HD 209100_5,0.5952376860103836,0.06207887598840457,HD 209100,0.931,0.72,8,8
HD 209100_5,0.595506542801582,0.062158714620656065,HD 209100,0.931,0.72,8,8
HD 209100_5,0.5953259635507632,0.060352981573925886,HD 209100,0.931,0.72,8,8
HD 209100_5,0.5957008518546757,0.0657764389632704,HD 209100,0.931,0.72,8,8
HD 209100_5,0.595110143074296,0.05516940468581907,HD 209100,0.931,0.72,8,8
HD 209100_5,0.5952988206850869,0.06920200046640133,HD 209100,0.931,0.72,8,8
HD 209100_5,0.5955339188928661,0.07105640337522395,HD 209100,0.931,0.72,8,8
HD 209100_5,0.5956907621654195,0.07123091604410585,HD 209100,0.931,0.72,8,8
HD 209100_5,0.5956247897410382,0.07987667525950277,HD 209100,0.931,0.72,8,8
HD 209100_5,0.5952615691529585,0.06298529307233715,HD 209100,0.931,0.72,8,8
HD 209100_5,0.5956750413700967,0.07471166581509754,HD 209100,0.931,0.72,8,8
HD 209100_5,0.5954825625246949,0.06685049901541043,HD 209100,0.931,0.72,8,8
HD 209100_5,0.5949196317663595,0.062251971140646734,HD 209100,0.931,0.72,8,8
HD 209100_5,0.5958441689872215,0.06473078533257874,HD 209100,0.931,0.72,8,8
HD 209100_5,0.5954791855294572,0.06699551689527845,HD 209100,0.931,0.72,8,8
HD 209100_5,0.5955551426568227,0.07338688102771049,HD 209100,0.931,0.72,8,8
HD 209100_5,0.5961408638932462,0.06614792743275931,HD 209100,0.931,0.72,8,8
HD 209100_5,0.595517298366372,0.06536784114015398,HD 209100,0.931,0.72,8,8
HD 209100_5,0.5961794166185103,0.06067746616510553,HD 209100,0.931,0.72,8,8
HD 209100_5,0.5952673806560125,0.07995138170900169,HD 209100,0.931,0.72,8,8
HD 209100_5,0.5954904541586027,0.07250693840280122,HD 209100,0.931,0.72,8,8
HD 209100_5,0.5951398066903837,0.06933994548996536,HD 209100,0.931,0.72,8,8
HD 209100_5,0.595481085798837,0.05638791923970705,HD 209100,0.931,0.72,8,8
HD 209100_5,0.5954141423785514,0.0635444019898436,HD 209100,0.931,0.72,8,8
HD 209100_5,0.5955535264833929,0.06985890528101657,HD 209100,0.931,0.72,8,8
HD 209100_5,0.5959354556709237,0.06352323890297909,HD 209100,0.931,0.72,8,8
HD 209100_5,0.5955082582471589,0.06969772535164113,HD 209100,0.931,0.72,8,8
HD 209100_5,0.5954236295305816,0.056355044966622525,HD 209100,0.931,0.72,8,8
HD 209100_5,0.5948412565458908,0.07156756642435103,HD 209100,0.931,0.72,8,8
HD 209100_5,0.5949425880472383,0.05240485127160797,HD 209100,0.931,0.72,8,8
HD 209100_5,0.5952384408495428,0.06927003006706922,HD 209100,0.931,0.72,8,8
HD 209100_5,0.595516695127783,0.06867229178716702,HD 209100,0.931,0.72,8,8
HD 209100_5,0.595666855524361,0.06800954517567326,HD 209100,0.931,0.72,8,8
HD 209100_5,0.5951024117251378,0.06798691329708643,HD 209100,0.931,0.72,8,8
HD 209100_5,0.5951351035440711,0.06606485702938468,HD 209100,0.931,0.72,8,8
HD 209100_5,0.595736038600791,0.07230834431107656,HD 209100,0.931,0.72,8,8
HD 209100_5,0.5958421853419078,0.06548477174650508,HD 209100,0.931,0.72,8,8
HD 209100_5,0.5959969577472731,0.07082397333921901,HD 209100,0.931,0.72,8,8
HD 209100_5,0.595388579254322,0.06426917805314031,HD 209100,0.931,0.72,8,8
HD 209100_5,0.5954160213645365,0.06362208320334067,HD 209100,0.931,0.72,8,8
HD 209100_5,0.5953412790999129,0.06630212445477601,HD 209100,0.931,0.72,8,8
HD 209100_5,0.5957573758087651,0.058041025732978,HD 209100,0.931,0.72,8,8
HD 209100_5,0.595082438210567,0.06062214657524858,HD 209100,0.931,0.72,8,8
HD 209100_5,0.5951730245742342,0.0726581693154214,HD 209100,0.931,0.72,8,8
HD 209100_5,0.5957160840042743,0.07117665833324012,HD 209100,0.931,0.72,8,8
HD 209100_5,0.5953931366616037,0.07051976653104401,HD 209100,0.931,0.72,8,8
HD 209100_5,0.5956784868942484,0.06180496442541214,HD 209100,0.931,0.72,8,8
HD 209100_5,0.5954887520748077,0.06877140526221223,HD 209100,0.931,0.72,8,8
HD 209100_5,0.5958107966774397,0.0731734773879606,HD 209100,0.931,0.72,8,8
HD 209100_5,0.5957559054824789,0.0572003193382125,HD 209100,0.931,0.72,8,8
HD 209100_5,0.5953619884658365,0.06879160301655132,HD 209100,0.931,0.72,8,8
HD 209100_5,0.5954506688308364,0.06450792042644243,HD 209100,0.931,0.72,8,8
HD 209100_5,0.5958633141304823,0.05878351442943268,HD 209100,0.931,0.72,8,8
HD 209100_5,0.5961023738673421,0.06846728575187186,HD 209100,0.931,0.72,8,8
HD 209100_5,0.5953601473598368,0.0647352212393745,HD 209100,0.931,0.72,8,8
HD 209100_5,0.5958115219177504,0.055859907428215894,HD 209100,0.931,0.72,8,8
HD 209100_5,0.5960189374308396,0.06305766523312836,HD 209100,0.931,0.72,8,8
HD 209100_5,0.5959688100723265,0.04717080857660743,HD 209100,0.931,0.72,8,8
HD 10361_1,0.7586718541556052,0.0019023991348280183,HD 10361,1.303,0.77,8,5
HD 10361_1,0.7608882837319784,0.030466892846510676,HD 10361,1.303,0.77,8,5
HD 10361_1,0.7629912188427371,0.02235303260311026,HD 10361,1.303,0.77,8,5
HD 10361_1,0.7590025376152716,0.000873942434909198,HD 10361,1.303,0.77,8,5
HD 10361_1,0.7594893571048948,0.03679326691954942,HD 10361,1.303,0.77,8,5
HD 10361_1,0.7569775981957776,0.03644876962276618,HD 10361,1.303,0.77,8,5
HD 10361_1,0.7522946344156932,0.03690639463524697,HD 10361,1.303,0.77,8,5
HD 10361_1,0.758674357716532,0.012093305069090525,HD 10361,1.303,0.77,8,5
HD 10361_1,0.7637594334382117,0.01526211416013141,HD 10361,1.303,0.77,8,5
HD 10361_1,0.7620477120034537,0.02726441105674489,HD 10361,1.303,0.77,8,5
HD 10361_1,0.7646472298222008,0.0665522856876731,HD 10361,1.303,0.77,8,5
HD 10361_1,0.76173282298899,0.002656523037686072,HD 10361,1.303,0.77,8,5
HD 10361_1,0.7606528169317676,0.034720007539628464,HD 10361,1.303,0.77,8,5
HD 10361_1,0.7627428948913363,0.03362084805776881,HD 10361,1.303,0.77,8,5
HD 10361_1,0.7569771321599209,0.011200720908952013,HD 10361,1.303,0.77,8,5
HD 10361_1,0.7578343773608576,0.032369802710006154,HD 10361,1.303,0.77,8,5
HD 10361_1,0.7589233166439421,0.021637822782174854,HD 10361,1.303,0.77,8,5
HD 10361_1,0.7590120764879053,0.04445044633493232,HD 10361,1.303,0.77,8,5
HD 10361_1,0.7631029275248621,0.015484808221091403,HD 10361,1.303,0.77,8,5
HD 10361_1,0.7593583833219578,0.001132402672884265,HD 10361,1.303,0.77,8,5
HD 10361_1,0.762392869593478,0.03017507280395766,HD 10361,1.303,0.77,8,5
HD 10361_1,0.7543628010382237,0.01648307324489487,HD 10361,1.303,0.77,8,5
HD 10361_1,0.7585112370924888,0.009763941358403671,HD 10361,1.303,0.77,8,5
HD 10361_1,0.7670900977833925,0.046293376296524275,HD 10361,1.303,0.77,8,5
HD 10361_1,0.768630112917618,0.04987277711129894,HD 10361,1.303,0.77,8,5
HD 10361_1,0.7573455576529166,0.0075282006772592735,HD 10361,1.303,0.77,8,5
HD 10361_1,0.758783263048129,0.01998569324362525,HD 10361,1.303,0.77,8,5
HD 10361_1,0.7614367343022359,0.061830772235464626,HD 10361,1.303,0.77,8,5
HD 10361_1,0.7595396415196682,0.02148020337915341,HD 10361,1.303,0.77,8,5
HD 10361_1,0.7616450415578335,0.03065801383545651,HD 10361,1.303,0.77,8,5
HD 10361_1,0.7619393539808845,0.02122742168558616,HD 10361,1.303,0.77,8,5
HD 10361_1,0.7632766465100744,0.03329508548476366,HD 10361,1.303,0.77,8,5
HD 10361_1,0.7572201588140877,0.026802368835313506,HD 10361,1.303,0.77,8,5
HD 10361_1,0.76180246349609,0.012226779097551245,HD 10361,1.303,0.77,8,5
HD 10361_1,0.7560290585400571,0.01161545799179844,HD 10361,1.303,0.77,8,5
HD 10361_1,0.7597550432798141,0.04001843523826294,HD 10361,1.303,0.77,8,5
HD 10361_1,0.7592170195121551,0.025808439514358517,HD 10361,1.303,0.77,8,5
HD 10361_1,0.761945344445414,0.025963907593941318,HD 10361,1.303,0.77,8,5
HD 10361_1,0.7583687783121763,0.014725987960819881,HD 10361,1.303,0.77,8,5
HD 10361_1,0.7587854116037173,0.013624175628564907,HD 10361,1.303,0.77,8,5
HD 10361_1,0.7570103777627561,0.0057210576206208705,HD 10361,1.303,0.77,8,5
HD 10361_1,0.7553022329602317,0.0032091242994020733,HD 10361,1.303,0.77,8,5
HD 10361_1,0.7682725136790177,0.03054419037829059,HD 10361,1.303,0.77,8,5
HD 10361_1,0.755799947601924,0.023909821187114284,HD 10361,1.303,0.77,8,5
HD 10361_1,0.7582976667695482,0.019802778641322717,HD 10361,1.303,0.77,8,5
HD 10361_1,0.7594728301255184,0.03222109432476064,HD 10361,1.303,0.77,8,5
HD 10361_1,0.7616916974443922,0.04396538133755158,HD 10361,1.303,0.77,8,5
HD 10361_1,0.7615612596221363,0.024724661807465444,HD 10361,1.303,0.77,8,5
HD 10361_1,0.7595078011728155,0.018399498861936397,HD 10361,1.303,0.77,8,5
HD 10361_1,0.7512837990083977,0.01583740770666414,HD 10361,1.303,0.77,8,5
HD 10361_1,0.7583323726298443,0.021427740574202027,HD 10361,1.303,0.77,8,5
HD 10361_1,0.7508955525610013,0.009020868712505455,HD 10361,1.303,0.77,8,5
HD 10361_1,0.7655801148788465,0.0024493453662764618,HD 10361,1.303,0.77,8,5
HD 10361_1,0.7616764437194323,0.004727492380895976,HD 10361,1.303,0.77,8,5
HD 10361_1,0.7542631172239982,0.008017404167993451,HD 10361,1.303,0.77,8,5
HD 10361_1,0.7610145913434341,0.020315205020870683,HD 10361,1.303,0.77,8,5
HD 10361_1,0.7602882707183872,0.033194250968625084,HD 10361,1.303,0.77,8,5
HD 10361_1,0.7599788399995746,0.024889800575471358,HD 10361,1.303,0.77,8,5
HD 10361_1,0.7586176443832346,0.023054909071270877,HD 10361,1.303,0.77,8,5
HD 10361_1,0.7608873891387153,0.002449610852175009,HD 10361,1.303,0.77,8,5
HD 10361_1,0.7632337672073937,0.01777388507846672,HD 10361,1.303,0.77,8,5
HD 10361_1,0.7589104143025203,0.016642385981305213,HD 10361,1.303,0.77,8,5
HD 10361_1,0.756447653360157,0.00989840867755436,HD 10361,1.303,0.77,8,5
HD 10361_1,0.7622884338722238,0.035463579062197575,HD 10361,1.303,0.77,8,5
HD 10361_1,0.7604050808933756,0.017033465252509327,HD 10361,1.303,0.77,8,5
HD 10361_1,0.7580749008071196,0.012618223000802866,HD 10361,1.303,0.77,8,5
HD 10361_1,0.762429739966139,0.0097928597503684,HD 10361,1.303,0.77,8,5
HD 10361_1,0.7607184106099469,0.03164387295088817,HD 10361,1.303,0.77,8,5
HD 10361_1,0.7566785837110711,0.0339301446839501,HD 10361,1.303,0.77,8,5
HD 10361_1,0.7631708226273772,0.006576551567575986,HD 10361,1.303,0.77,8,5
HD 10361_1,0.7591195422007175,0.016455044710621244,HD 10361,1.303,0.77,8,5
HD 10361_1,0.7586939487148864,0.052397945368769426,HD 10361,1.303,0.77,8,5
HD 10361_1,0.7605717959731928,0.01834415748471844,HD 10361,1.303,0.77,8,5
HD 10361_1,0.7563608647528249,0.01653928032587188,HD 10361,1.303,0.77,8,5
HD 10361_1,0.7540836583001942,0.007213453472760978,HD 10361,1.303,0.77,8,5
HD 10361_1,0.760775006964054,0.013913888999188048,HD 10361,1.303,0.77,8,5
HD 10361_1,0.7616398221374615,0.029526733418627524,HD 10361,1.303,0.77,8,5
HD 10361_1,0.757046588152322,0.031172206750871304,HD 10361,1.303,0.77,8,5
HD 10361_1,0.765101018660344,0.0074202140042878085,HD 10361,1.303,0.77,8,5
HD 10361_1,0.7595368116572643,0.014087225095109786,HD 10361,1.303,0.77,8,5
HD 10361_1,0.7597321397935407,0.023666976774534908,HD 10361,1.303,0.77,8,5
HD 10361_1,0.7536903999517582,0.0038077454937708484,HD 10361,1.303,0.77,8,5
HD 10361_1,0.7598243460636218,0.01728388310934201,HD 10361,1.303,0.77,8,5
HD 10361_1,0.7620077688847999,0.04103970205787118,HD 10361,1.303,0.77,8,5
HD 10361_1,0.7583420929918663,0.000622033952688646,HD 10361,1.303,0.77,8,5
HD 10361_1,0.7634231390833185,0.04116229137948139,HD 10361,1.303,0.77,8,5
HD 10361_1,0.7620989224046232,0.03112886906938903,HD 10361,1.303,0.77,8,5
HD 10361_1,0.7597777538658227,0.04748270018423038,HD 10361,1.303,0.77,8,5
HD 10361_1,0.7618385240062876,0.004532081709443662,HD 10361,1.303,0.77,8,5
HD 10361_1,0.7644394140575448,0.005110097426038723,HD 10361,1.303,0.77,8,5
HD 10361_1,0.7593237146872984,0.01812292740438637,HD 10361,1.303,0.77,8,5
HD 10361_1,0.755342155311563,0.006273587736613399,HD 10361,1.303,0.77,8,5
HD 10361_1,0.760629109115446,0.0019950699109943177,HD 10361,1.303,0.77,8,5
HD 10361_1,0.7584938720454434,0.03943698012651055,HD 10361,1.303,0.77,8,5
HD 10361_1,0.762185491479646,0.012124753795188924,HD 10361,1.303,0.77,8,5
HD 10361_1,0.7607546314804565,0.004176007279949018,HD 10361,1.303,0.77,8,5
HD 10361_1,0.7545808058395195,0.023449876823825586,HD 10361,1.303,0.77,8,5
HD 10361_1,0.7613947095551629,0.01741340709384647,HD 10361,1.303,0.77,8,5
HD 10361_1,0.7610063495281432,0.05025455193043746,HD 10361,1.303,0.77,8,5
HD 10361_1,0.7680326121909151,0.04710841516886399,HD 10361,1.303,0.77,8,5
HD 10361_1,0.7566289231813516,0.015129893744198165,HD 10361,1.303,0.77,8,5
HD 10361_1,0.7591454097246481,0.00045649557807124486,HD 10361,1.303,0.77,8,5
HD 10361_1,0.759311352240983,0.010203164446963096,HD 10361,1.303,0.77,8,5
HD 10361_1,0.7571388122754557,0.030157827337355465,HD 10361,1.303,0.77,8,5
HD 10361_1,0.7585118399845148,0.005219261635357414,HD 10361,1.303,0.77,8,5
HD 10361_1,0.76123122954567,0.02264539099157919,HD 10361,1.303,0.77,8,5
HD 10361_1,0.757929856543979,0.015036569077730993,HD 10361,1.303,0.77,8,5
HD 10361_1,0.7596202840056071,0.03899499199669956,HD 10361,1.303,0.77,8,5
HD 10361_1,0.7649159778632576,0.058050564784419376,HD 10361,1.303,0.77,8,5
HD 10361_1,0.7573483103751409,0.02681844661616876,HD 10361,1.303,0.77,8,5
HD 10361_1,0.7550977592894583,0.0007772588614841786,HD 10361,1.303,0.77,8,5
HD 10361_1,0.7594298034846703,0.01377060804872883,HD 10361,1.303,0.77,8,5
HD 10361_1,0.7647753270590165,0.0016029904118493934,HD 10361,1.303,0.77,8,5
HD 10361_1,0.7576911230525767,0.02971480759213515,HD 10361,1.303,0.77,8,5
HD 10361_1,0.7592070136761657,0.027812976816872552,HD 10361,1.303,0.77,8,5
HD 10361_1,0.7631068534333453,0.025664792898300953,HD 10361,1.303,0.77,8,5
HD 10361_1,0.7605837928076965,0.024374556655295462,HD 10361,1.303,0.77,8,5
HD 10361_1,0.7618838401882279,0.05862021191553878,HD 10361,1.303,0.77,8,5
HD 10361_1,0.7635026854205834,0.017067361721031342,HD 10361,1.303,0.77,8,5
HD 10361_1,0.7582318302813295,0.027843016748208795,HD 10361,1.303,0.77,8,5
HD 10361_1,0.7621410242017114,0.03261471178991082,HD 10361,1.303,0.77,8,5
HD 10361_1,0.7612440887988307,0.0356993873415689,HD 10361,1.303,0.77,8,5
HD 10361_1,0.7606930338328393,0.03844641049073319,HD 10361,1.303,0.77,8,5
HD 10361_1,0.7603077589135443,0.018538980916854172,HD 10361,1.303,0.77,8,5
HD 10361_1,0.7655614529211361,0.04856311432358165,HD 10361,1.303,0.77,8,5
HD 10361_1,0.7542320953942192,0.014125223066901888,HD 10361,1.303,0.77,8,5
HD 10361_1,0.7572125354946388,0.019376584416063037,HD 10361,1.303,0.77,8,5
HD 10361_1,0.7579855701825652,0.0030240633932427635,HD 10361,1.303,0.77,8,5
HD 10361_1,0.7652505299018733,0.040748502336718256,HD 10361,1.303,0.77,8,5
HD 10361_1,0.7649983824586305,5.6235424118536914e-05,HD 10361,1.303,0.77,8,5
HD 10361_1,0.7622823801202913,0.03128298128255611,HD 10361,1.303,0.77,8,5
HD 10361_1,0.7600641487885337,0.02097546382655097,HD 10361,1.303,0.77,8,5
HD 10361_1,0.7577354403432403,0.02773470663002245,HD 10361,1.303,0.77,8,5
HD 10361_1,0.7582635121008241,0.05606979165389369,HD 10361,1.303,0.77,8,5
HD 10361_1,0.7619270826712146,0.05013672242253732,HD 10361,1.303,0.77,8,5
HD 10361_1,0.75992457601818,0.019257923806004183,HD 10361,1.303,0.77,8,5
HD 10361_1,0.7583351841718875,0.045653856655028226,HD 10361,1.303,0.77,8,5
HD 10361_1,0.7516086158878796,0.006291894974954447,HD 10361,1.303,0.77,8,5
HD 10361_1,0.7555862651781401,0.011196791736194653,HD 10361,1.303,0.77,8,5
HD 10361_1,0.7555853686482894,0.00525085297342176,HD 10361,1.303,0.77,8,5
HD 10361_1,0.756658905851924,0.04026439446947801,HD 10361,1.303,0.77,8,5
HD 10361_1,0.760544146326115,0.044550537695818584,HD 10361,1.303,0.77,8,5
HD 10361_1,0.7641422567501677,0.031417085815787074,HD 10361,1.303,0.77,8,5
HD 10361_1,0.7606516500886861,0.012439602033300128,HD 10361,1.303,0.77,8,5
HD 10361_1,0.7599258951894112,0.02301156339120498,HD 10361,1.303,0.77,8,5
HD 10361_1,0.7547470764529919,0.023177201199218924,HD 10361,1.303,0.77,8,5
HD 10361_1,0.7574396156773664,0.034811608930475885,HD 10361,1.303,0.77,8,5
HD 10361_1,0.7611106316076157,0.047483929877110156,HD 10361,1.303,0.77,8,5
HD 10361_1,0.7545885586938923,0.025481737855413168,HD 10361,1.303,0.77,8,5
HD 10361_1,0.7596019300167318,0.041625595295359356,HD 10361,1.303,0.77,8,5
HD 10361_1,0.7617505491196067,0.024300972288861557,HD 10361,1.303,0.77,8,5
HD 10361_1,0.7604256586491464,0.0047803790831549625,HD 10361,1.303,0.77,8,5
HD 10361_1,0.7597924553122917,0.0007053340245991371,HD 10361,1.303,0.77,8,5
HD 10361_1,0.7599849391618254,0.020996059741867117,HD 10361,1.303,0.77,8,5
HD 10361_1,0.7589179378720123,0.01740725607861231,HD 10361,1.303,0.77,8,5
HD 10361_1,0.7495219251049069,0.03050511185987254,HD 10361,1.303,0.77,8,5
HD 10361_1,0.7634729992348694,0.04186746224584679,HD 10361,1.303,0.77,8,5
HD 10361_1,0.7540957077753176,0.008261970165227232,HD 10361,1.303,0.77,8,5
HD 10361_1,0.7565681348764871,0.012129006549199626,HD 10361,1.303,0.77,8,5
HD 10361_1,0.7590192792206867,0.026996349520812802,HD 10361,1.303,0.77,8,5
HD 10361_1,0.7599331416377249,0.019389266965680475,HD 10361,1.303,0.77,8,5
HD 10361_1,0.7660324274380745,0.07100376512260496,HD 10361,1.303,0.77,8,5
HD 10361_1,0.7641282891833849,0.02266226311583512,HD 10361,1.303,0.77,8,5
HD 10361_1,0.7549111344716977,0.003069454336209929,HD 10361,1.303,0.77,8,5
HD 10361_1,0.7574257271088131,0.010283648671064127,HD 10361,1.303,0.77,8,5
HD 10361_1,0.7559705942305721,0.021715713972274894,HD 10361,1.303,0.77,8,5
HD 10361_1,0.7616612530075662,0.009891947643307746,HD 10361,1.303,0.77,8,5
HD 10361_1,0.766937989957413,0.025106986198178395,HD 10361,1.303,0.77,8,5
HD 10361_1,0.7629160333078006,0.020428244018255305,HD 10361,1.303,0.77,8,5
HD 10361_1,0.7603398458646325,0.06370866270642986,HD 10361,1.303,0.77,8,5
HD 10361_1,0.7587408800185136,0.014061428384585002,HD 10361,1.303,0.77,8,5
HD 10361_1,0.7588007516554454,0.03586714242168957,HD 10361,1.303,0.77,8,5
HD 10361_1,0.757070078261772,0.029312821512907525,HD 10361,1.303,0.77,8,5
HD 10361_1,0.7572698080729192,0.02701201317534644,HD 10361,1.303,0.77,8,5
HD 10361_1,0.7540130541915233,0.05045234382416741,HD 10361,1.303,0.77,8,5
HD 10361_1,0.7570859754232426,0.016315871029529635,HD 10361,1.303,0.77,8,5
HD 10361_1,0.7621131228027003,0.032010321148961386,HD 10361,1.303,0.77,8,5
HD 10361_1,0.7634899120653489,0.030768685719373804,HD 10361,1.303,0.77,8,5
HD 10361_1,0.7640419692066963,0.020895739090994677,HD 10361,1.303,0.77,8,5
HD 10361_1,0.75690361881654,0.02121142372876523,HD 10361,1.303,0.77,8,5
HD 10361_1,0.7530890133452175,0.01795520012819727,HD 10361,1.303,0.77,8,5
HD 10361_1,0.7599480422027123,0.0030122163885989593,HD 10361,1.303,0.77,8,5
HD 10361_1,0.7539598707459372,0.025855956343211525,HD 10361,1.303,0.77,8,5
HD 10361_1,0.7580335747558858,0.01029448950061208,HD 10361,1.303,0.77,8,5
HD 10361_1,0.7629466072843243,0.022158472992215596,HD 10361,1.303,0.77,8,5
HD 10361_1,0.760669646096997,0.024117153783844145,HD 10361,1.303,0.77,8,5
HD 10361_1,0.7553829237784823,0.03279407985690174,HD 10361,1.303,0.77,8,5
HD 10361_1,0.7575183938937617,0.018060363670347867,HD 10361,1.303,0.77,8,5
HD 10361_1,0.7623910125015205,0.020135853496009305,HD 10361,1.303,0.77,8,5
HD 10361_1,0.7574378745637494,0.029573235912805522,HD 10361,1.303,0.77,8,5
HD 10361_1,0.7602855212135452,0.015393193905599298,HD 10361,1.303,0.77,8,5
HD 10361_1,0.7577528491508028,0.005869037352554431,HD 10361,1.303,0.77,8,5
HD 10361_1,0.7548710547423853,0.03516237552691644,HD 10361,1.303,0.77,8,5
HD 10361_1,0.7629664044054566,0.008431895780172026,HD 10361,1.303,0.77,8,5
HD 10361_1,0.7603333134238476,0.025252154346462257,HD 10361,1.303,0.77,8,5
HD 10361_1,0.7617791941470177,0.03436203204652732,HD 10361,1.303,0.77,8,5
HD 10361_1,0.7647988878834812,0.012826721432603674,HD 10361,1.303,0.77,8,5
HD 10361_1,0.7559830214638588,0.004744469175360165,HD 10361,1.303,0.77,8,5
HD 10361_1,0.7600325591917673,0.05017496054924198,HD 10361,1.303,0.77,8,5
HD 10361_1,0.7584413580026438,0.021571959261757187,HD 10361,1.303,0.77,8,5
HD 10361_1,0.7600895560815472,0.012457899599635166,HD 10361,1.303,0.77,8,5
HD 10361_1,0.7580983498798727,0.007024500436177819,HD 10361,1.303,0.77,8,5
HD 10361_1,0.7605052212132632,0.04247514405340848,HD 10361,1.303,0.77,8,5
HD 10361_1,0.7587475872238634,0.0034480209268228984,HD 10361,1.303,0.77,8,5
HD 10361_1,0.7501519008256525,0.004582541785077028,HD 10361,1.303,0.77,8,5
HD 10361_1,0.7648464578452158,0.04104717659995971,HD 10361,1.303,0.77,8,5
HD 10361_1,0.7604011294831989,0.017308406999064507,HD 10361,1.303,0.77,8,5
HD 10361_1,0.7647035581859678,0.029908640430913624,HD 10361,1.303,0.77,8,5
HD 10361_1,0.7608371364719945,0.02838106077278227,HD 10361,1.303,0.77,8,5
HD 10361_1,0.7545960690376105,0.004289431851053656,HD 10361,1.303,0.77,8,5
HD 10361_1,0.7606102270934869,0.029353315538133626,HD 10361,1.303,0.77,8,5
HD 10361_1,0.7605485596608049,0.006097189943152288,HD 10361,1.303,0.77,8,5
HD 10361_1,0.7565611386145984,0.003271686413459523,HD 10361,1.303,0.77,8,5
HD 10361_1,0.7616873874471158,0.012709071912043714,HD 10361,1.303,0.77,8,5
HD 10361_1,0.7557058001839911,0.010410713285978944,HD 10361,1.303,0.77,8,5
HD 10361_1,0.7587032356846353,0.0028846926838305056,HD 10361,1.303,0.77,8,5
HD 10361_1,0.7581578516364408,0.0035152377244337713,HD 10361,1.303,0.77,8,5
HD 10361_1,0.7620874729453134,0.06371120888195836,HD 10361,1.303,0.77,8,5
HD 10361_1,0.7571455955148626,0.026491142766052522,HD 10361,1.303,0.77,8,5
HD 10361_1,0.7643916245010653,0.002459602560379786,HD 10361,1.303,0.77,8,5
HD 10361_1,0.7546452327029674,0.013464096635152441,HD 10361,1.303,0.77,8,5
HD 10361_1,0.7514803469852529,0.021908680790236845,HD 10361,1.303,0.77,8,5
HD 10361_1,0.7614471327813354,0.05477241830751045,HD 10361,1.303,0.77,8,5
HD 10361_1,0.7569576577479128,0.019614353061554138,HD 10361,1.303,0.77,8,5
HD 10361_1,0.7532827351419352,0.016674766232507403,HD 10361,1.303,0.77,8,5
HD 10361_1,0.7644160091556766,0.02524670247810394,HD 10361,1.303,0.77,8,5
HD 10361_1,0.7572776217979187,0.01621295321749654,HD 10361,1.303,0.77,8,5
HD 10361_1,0.7597867796969539,0.0029636148584622907,HD 10361,1.303,0.77,8,5
HD 10361_1,0.7585414404708948,0.0263767746146517,HD 10361,1.303,0.77,8,5
HD 10361_1,0.7569643900490709,0.03125515247579696,HD 10361,1.303,0.77,8,5
HD 10361_1,0.7656404175000203,0.06642803477440799,HD 10361,1.303,0.77,8,5
HD 10361_1,0.7614162981970019,0.014601220668914772,HD 10361,1.303,0.77,8,5
HD 10361_1,0.7594851418108615,0.011765149351218144,HD 10361,1.303,0.77,8,5
HD 10361_1,0.7590933419222854,0.044446985912749225,HD 10361,1.303,0.77,8,5
HD 10361_1,0.7584336474168307,0.021266027431576198,HD 10361,1.303,0.77,8,5
HD 10361_1,0.7573099218024881,0.028722775560625552,HD 10361,1.303,0.77,8,5
HD 10361_1,0.7580374451527172,0.02229307720982321,HD 10361,1.303,0.77,8,5
HD 10361_1,0.7580807191141811,0.018485837202565053,HD 10361,1.303,0.77,8,5
HD 10361_1,0.7627841657369905,0.02777422366391454,HD 10361,1.303,0.77,8,5
HD 10361_1,0.759311352240983,0.010203164446963096,HD 10361,1.303,0.77,8,5
HD 10361_1,0.7617640888672088,0.02983030100900361,HD 10361,1.303,0.77,8,5
HD 10361_1,0.7638348250312285,0.027439037279348495,HD 10361,1.303,0.77,8,5
HD 10361_1,0.7539047196404997,0.06181817337830688,HD 10361,1.303,0.77,8,5
HD 10361_1,0.7553298190174169,0.012846738445509528,HD 10361,1.303,0.77,8,5
HD 10361_1,0.7635495113876763,0.001299816956603821,HD 10361,1.303,0.77,8,5
HD 10361_1,0.7635718794940162,0.04047460018419756,HD 10361,1.303,0.77,8,5
HD 10361_1,0.763539567553017,0.013480964828344856,HD 10361,1.303,0.77,8,5
HD 10361_1,0.7542535733308374,0.010842735806493604,HD 10361,1.303,0.77,8,5
HD 10361_1,0.7572053329481059,0.024547784158328218,HD 10361,1.303,0.77,8,5
HD 10361_1,0.7542047364520431,0.007847342494658238,HD 10361,1.303,0.77,8,5
HD 10361_1,0.7601582118350418,0.0594510804607657,HD 10361,1.303,0.77,8,5
HD 10361_1,0.7613932448551575,0.022940531747672795,HD 10361,1.303,0.77,8,5
HD 10361_1,0.7539844215967426,0.01915816167851729,HD 10361,1.303,0.77,8,5
HD 10361_1,0.7630199971122099,0.04233240355262764,HD 10361,1.303,0.77,8,5
HD 10361_1,0.7616581618904736,0.03905314809685626,HD 10361,1.303,0.77,8,5
HD 10361_1,0.7561758518597439,0.01960310442974684,HD 10361,1.303,0.77,8,5
HD 10361_1,0.7614493090338929,0.025309979917409922,HD 10361,1.303,0.77,8,5
HD 10361_1,0.7608012732565834,0.004515856470471388,HD 10361,1.303,0.77,8,5
HD 10361_1,0.7614265130230051,0.06285642532339804,HD 10361,1.303,0.77,8,5
HD 10361_1,0.7538943119444504,0.027513635654668675,HD 10361,1.303,0.77,8,5
HD 10361_1,0.7592466866035505,0.03856776098215969,HD 10361,1.303,0.77,8,5
HD 10361_1,0.7580023779423704,0.0003604089924464155,HD 10361,1.303,0.77,8,5
HD 10361_1,0.7595444339099354,0.010609325153727037,HD 10361,1.303,0.77,8,5
HD 10361_1,0.7580505862368273,0.01492268500586846,HD 10361,1.303,0.77,8,5
HD 10361_1,0.7582336703916791,0.07028311438332135,HD 10361,1.303,0.77,8,5
HD 10361_1,0.7548178540762976,0.002749707641306231,HD 10361,1.303,0.77,8,5
HD 10361_1,0.7570823950073379,0.02240451987382236,HD 10361,1.303,0.77,8,5
HD 10361_1,0.7634886302565754,0.041905449613823434,HD 10361,1.303,0.77,8,5
HD 10361_1,0.7521427190197915,0.008890525382574904,HD 10361,1.303,0.77,8,5
HD 10361_1,0.7512911985652464,0.0350563539727969,HD 10361,1.303,0.77,8,5
HD 10361_1,0.7644764227710387,0.027237637095876347,HD 10361,1.303,0.77,8,5
HD 10361_1,0.7612590416673972,0.03132575572302975,HD 10361,1.303,0.77,8,5
HD 10361_1,0.7593208189635069,0.014363129004815066,HD 10361,1.303,0.77,8,5
HD 10361_1,0.7638439923745856,0.02043374186601171,HD 10361,1.303,0.77,8,5
HD 10361_1,0.753724366004643,0.020684459496849533,HD 10361,1.303,0.77,8,5
HD 10361_1,0.7591797608463222,0.06343957131425071,HD 10361,1.303,0.77,8,5
HD 10361_1,0.7580656050502206,0.0009161619831061056,HD 10361,1.303,0.77,8,5
HD 10361_1,0.753039865632149,0.03419217341881277,HD 10361,1.303,0.77,8,5
HD 10361_1,0.7577015208632726,0.042638961007384735,HD 10361,1.303,0.77,8,5
HD 10361_1,0.7646344411779352,0.028019465096551587,HD 10361,1.303,0.77,8,5
HD 10361_1,0.7569948928420892,0.010488782002274547,HD 10361,1.303,0.77,8,5
HD 10361_1,0.7539776806283096,0.027686103416557563,HD 10361,1.303,0.77,8,5
HD 10361_1,0.7612909406200803,0.018560213879095046,HD 10361,1.303,0.77,8,5
HD 10361_1,0.7503877370495182,0.020791165824375894,HD 10361,1.303,0.77,8,5
HD 10361_1,0.7573168029551439,0.027163945569939153,HD 10361,1.303,0.77,8,5
HD 10361_1,0.7590322238651057,0.04252786461694231,HD 10361,1.303,0.77,8,5
HD 10361_1,0.7522562460650009,0.005370568146716735,HD 10361,1.303,0.77,8,5
HD 10361_1,0.7606623070759672,0.03583049318409422,HD 10361,1.303,0.77,8,5
HD 10361_1,0.7552376119470544,0.0037832640619418077,HD 10361,1.303,0.77,8,5
HD 10361_1,0.763719762943631,0.027791389367109266,HD 10361,1.303,0.77,8,5
HD 10361_1,0.7620838383053168,0.009531683361701548,HD 10361,1.303,0.77,8,5
HD 10361_1,0.7602788241347016,0.05222223058186566,HD 10361,1.303,0.77,8,5
HD 10361_1,0.7598985906306266,0.05067987519244868,HD 10361,1.303,0.77,8,5
HD 10361_1,0.7587032356846353,0.0028846926838305056,HD 10361,1.303,0.77,8,5
HD 10361_1,0.7598963073342603,0.04933952803829217,HD 10361,1.303,0.77,8,5
HD 10361_1,0.7562379784148152,0.016611070400346803,HD 10361,1.303,0.77,8,5
HD 10361_1,0.7586722494662665,0.05082303493894262,HD 10361,1.303,0.77,8,5
HD 10361_1,0.7595631869601087,0.03670097352074932,HD 10361,1.303,0.77,8,5
HD 10361_1,0.7595368116572643,0.014087225095109786,HD 10361,1.303,0.77,8,5
HD 10361_1,0.7623139312072812,0.0018772022642283975,HD 10361,1.303,0.77,8,5
HD 10361_1,0.7645842889060452,0.01681750858833028,HD 10361,1.303,0.77,8,5
HD 10361_1,0.758966632361206,0.015446832767771342,HD 10361,1.303,0.77,8,5
HD 10361_1,0.7613719114416843,0.032157140146309715,HD 10361,1.303,0.77,8,5
HD 10361_1,0.7657771328304992,0.04729471584727145,HD 10361,1.303,0.77,8,5
HD 10361_1,0.7598102680035362,0.014673956594435605,HD 10361,1.303,0.77,8,5
HD 10361_1,0.7575543946521137,0.002776677899556969,HD 10361,1.303,0.77,8,5
HD 10361_1,0.754171372852564,0.009791126690352744,HD 10361,1.303,0.77,8,5
HD 10361_1,0.7576155720048178,0.02434010884917329,HD 10361,1.303,0.77,8,5
HD 10361_1,0.7611082410229906,0.018879558366700248,HD 10361,1.303,0.77,8,5
HD 10361_1,0.7569645913035364,0.013320814026118392,HD 10361,1.303,0.77,8,5
HD 10361_1,0.7677795552022957,0.05796314037330664,HD 10361,1.303,0.77,8,5
HD 10361_1,0.7601804753664864,0.04784614454913176,HD 10361,1.303,0.77,8,5
HD 10361_1,0.7606879928996598,0.0002774093079983553,HD 10361,1.303,0.77,8,5
HD 10361_1,0.7608047369492196,0.008311367532524323,HD 10361,1.303,0.77,8,5
HD 10361_1,0.7578646708419389,0.03451913410917916,HD 10361,1.303,0.77,8,5
HD 10361_1,0.7601138362780127,0.01283054402777211,HD 10361,1.303,0.77,8,5
HD 10361_1,0.7597716717376064,0.015520891027802968,HD 10361,1.303,0.77,8,5
HD 10361_1,0.7572434443108397,0.005352379296305054,HD 10361,1.303,0.77,8,5
HD 10361_1,0.7590939310203633,0.0005938334414418243,HD 10361,1.303,0.77,8,5
HD 10361_1,0.7596213993281317,0.011506953662564788,HD 10361,1.303,0.77,8,5
HD 10361_1,0.7648094910324181,0.01429992524323409,HD 10361,1.303,0.77,8,5
HD 10361_1,0.7614312826894276,0.033095454588208395,HD 10361,1.303,0.77,8,5
HD 10361_1,0.7556083414934416,0.02649975031842329,HD 10361,1.303,0.77,8,5
HD 10361_1,0.7603336930747494,0.06376480503232569,HD 10361,1.303,0.77,8,5
HD 10361_1,0.7598430512319907,0.018984103856209255,HD 10361,1.303,0.77,8,5
HD 10361_1,0.7610170355536408,0.010830759146507333,HD 10361,1.303,0.77,8,5
HD 10361_1,0.7543856705865681,0.02011203350035702,HD 10361,1.303,0.77,8,5
HD 10361_1,0.7632860455845192,0.0291449778449242,HD 10361,1.303,0.77,8,5
HD 10361_1,0.7570395511517354,0.00017836464524083329,HD 10361,1.303,0.77,8,5
HD 10361_1,0.7631461557464665,0.022965989178065183,HD 10361,1.303,0.77,8,5
HD 10361_1,0.7587010588048183,0.04491193464166485,HD 10361,1.303,0.77,8,5
HD 10361_1,0.7580599617991244,7.584233185926187e-05,HD 10361,1.303,0.77,8,5
HD 10361_1,0.7649213512043053,0.05513628418178211,HD 10361,1.303,0.77,8,5
HD 10361_1,0.757748917806667,0.017481939048816363,HD 10361,1.303,0.77,8,5
HD 10361_1,0.7564918604327107,0.008996071247087912,HD 10361,1.303,0.77,8,5
HD 10361_1,0.7578229295671343,0.008775898925583586,HD 10361,1.303,0.77,8,5
HD 10361_1,0.7566713208571946,0.031881841172570834,HD 10361,1.303,0.77,8,5
HD 10361_1,0.7567630452389016,0.017465296628818176,HD 10361,1.303,0.77,8,5
HD 10361_1,0.7626051640281534,0.028763845119615106,HD 10361,1.303,0.77,8,5
HD 10361_1,0.7616685768899032,0.02890851369428777,HD 10361,1.303,0.77,8,5
HD 10361_1,0.7606154190695815,0.04271867128144988,HD 10361,1.303,0.77,8,5
HD 10361_1,0.7602611857705565,0.00762184252096898,HD 10361,1.303,0.77,8,5
HD 10361_1,0.755951409408707,0.030627019377424302,HD 10361,1.303,0.77,8,5
HD 10361_1,0.7623188696129047,0.07075871129717501,HD 10361,1.303,0.77,8,5
HD 10361_1,0.7590705910151315,0.00939535518287378,HD 10361,1.303,0.77,8,5
HD 10361_1,0.7581352953765619,0.03321230168816068,HD 10361,1.303,0.77,8,5
HD 10361_1,0.761364426918995,0.036960681253411024,HD 10361,1.303,0.77,8,5
HD 10361_1,0.7624291493111153,0.020449734881791165,HD 10361,1.303,0.77,8,5
HD 10361_1,0.7624061405542322,0.07240624983482892,HD 10361,1.303,0.77,8,5
HD 10361_1,0.7537010122488034,0.017483583829010448,HD 10361,1.303,0.77,8,5
HD 10361_1,0.7586736249626516,0.006179123405285897,HD 10361,1.303,0.77,8,5
HD 10361_1,0.7617471826907874,0.04364672677030857,HD 10361,1.303,0.77,8,5
HD 10361_1,0.7650364266738626,0.022466772779263088,HD 10361,1.303,0.77,8,5
HD 10361_1,0.7593833150963337,0.020552211985144262,HD 10361,1.303,0.77,8,5
HD 10361_1,0.7644465650780485,0.009672576726796767,HD 10361,1.303,0.77,8,5
HD 10361_1,0.7636223616460301,0.03487584279164018,HD 10361,1.303,0.77,8,5
HD 10361_1,0.7607337236783049,0.006725821515363324,HD 10361,1.303,0.77,8,5
HD 10361_1,0.7591987530164588,0.03689662022179745,HD 10361,1.303,0.77,8,5
HD 10361_1,0.7647681090020789,0.0027153918312622996,HD 10361,1.303,0.77,8,5
HD 10361_1,0.7621283790254771,0.0427165395983104,HD 10361,1.303,0.77,8,5
HD 10361_1,0.762533365664417,0.007922177216860546,HD 10361,1.303,0.77,8,5
HD 10361_1,0.7605597268330241,0.019956080692829635,HD 10361,1.303,0.77,8,5
HD 10361_1,0.7549392671159356,0.0023409051409572987,HD 10361,1.303,0.77,8,5
HD 10361_1,0.7572984107207169,0.003470654971800073,HD 10361,1.303,0.77,8,5
HD 10361_1,0.7586444158779783,0.03411797198035792,HD 10361,1.303,0.77,8,5
HD 10361_1,0.7670797832001904,0.008443773444743763,HD 10361,1.303,0.77,8,5
HD 10361_1,0.7547499951113577,0.0035205875323451657,HD 10361,1.303,0.77,8,5
HD 10361_1,0.764606190533173,0.03669186386133917,HD 10361,1.303,0.77,8,5
HD 10361_1,0.753967223286009,0.026544092744114497,HD 10361,1.303,0.77,8,5
HD 10361_1,0.7645497639841696,0.008631578486817906,HD 10361,1.303,0.77,8,5
HD 10361_1,0.762544228326669,0.05410657755563755,HD 10361,1.303,0.77,8,5
HD 10361_1,0.7564359034655519,0.027676884136979805,HD 10361,1.303,0.77,8,5
HD 10361_1,0.7588867731540428,0.020662923818393845,HD 10361,1.303,0.77,8,5
HD 10361_1,0.766135675639505,0.06532816031516292,HD 10361,1.303,0.77,8,5
HD 10361_1,0.7637089126847719,0.007895788466259324,HD 10361,1.303,0.77,8,5
HD 10361_1,0.7667025197617873,0.005956159661347021,HD 10361,1.303,0.77,8,5
HD 10361_1,0.7585330518276066,0.023517670023653816,HD 10361,1.303,0.77,8,5
HD 10361_1,0.763633572274148,0.052977087182015284,HD 10361,1.303,0.77,8,5
HD 10361_1,0.7565649307474038,0.012839967360814289,HD 10361,1.303,0.77,8,5
HD 10361_1,0.7598952410923072,0.03952213191330636,HD 10361,1.303,0.77,8,5
HD 10361_1,0.7574490195748587,0.019152366876632732,HD 10361,1.303,0.77,8,5
HD 10361_1,0.7558956063865047,0.005614333043137002,HD 10361,1.303,0.77,8,5
HD 10361_1,0.7540018907351859,0.0234956671541972,HD 10361,1.303,0.77,8,5
HD 10361_1,0.7620331219328174,0.02235413428959902,HD 10361,1.303,0.77,8,5
HD 10361_1,0.7591232913049687,0.0026938191480398105,HD 10361,1.303,0.77,8,5
HD 10361_1,0.7638972338602064,0.057399073944495935,HD 10361,1.303,0.77,8,5
HD 10361_1,0.7549395009609722,0.006582322365264209,HD 10361,1.303,0.77,8,5
HD 10361_1,0.7566074950054168,0.018209641156481313,HD 10361,1.303,0.77,8,5
HD 10361_1,0.7562618054613882,0.025290748304089346,HD 10361,1.303,0.77,8,5
HD 10361_1,0.7591409251872356,0.043719095315790976,HD 10361,1.303,0.77,8,5
HD 10361_1,0.7576410476070149,0.007282228804460625,HD 10361,1.303,0.77,8,5
HD 10361_1,0.7553705523303526,0.004162355904787744,HD 10361,1.303,0.77,8,5
HD 10361_1,0.759321016799167,1.0218064767086865e-06,HD 10361,1.303,0.77,8,5
HD 10361_1,0.7578724152787545,0.030751547236282928,HD 10361,1.303,0.77,8,5
HD 10361_1,0.7627123570777401,0.04277527179471065,HD 10361,1.303,0.77,8,5
HD 10361_1,0.7557266847164367,0.02618348117152561,HD 10361,1.303,0.77,8,5
HD 10361_1,0.7601008231068562,0.03232074293325518,HD 10361,1.303,0.77,8,5
HD 10361_1,0.7589758585419903,0.020663782470112843,HD 10361,1.303,0.77,8,5
HD 10361_1,0.7582560742111383,0.045617572813550944,HD 10361,1.303,0.77,8,5
HD 10361_1,0.7611994133309324,0.04731938658317224,HD 10361,1.303,0.77,8,5
HD 10361_1,0.7646556269195949,0.009821456781398934,HD 10361,1.303,0.77,8,5
HD 10361_1,0.7569655782322816,0.02526456279889508,HD 10361,1.303,0.77,8,5
HD 10361_1,0.7589265757022734,0.02740203433736039,HD 10361,1.303,0.77,8,5
HD 10361_1,0.764223870167297,0.028725055968875902,HD 10361,1.303,0.77,8,5
HD 10361_1,0.7584293450866417,0.0208426052582943,HD 10361,1.303,0.77,8,5
HD 10361_1,0.7596526353545509,0.03806639368967732,HD 10361,1.303,0.77,8,5
HD 10361_1,0.7629218694754482,0.02513543854480903,HD 10361,1.303,0.77,8,5
HD 10361_1,0.7615002394684598,0.02341772127828856,HD 10361,1.303,0.77,8,5
HD 10361_1,0.7612929294581742,0.013692938035810787,HD 10361,1.303,0.77,8,5
HD 10361_1,0.7625324465269823,0.009134643115970611,HD 10361,1.303,0.77,8,5
HD 10361_1,0.758745604375841,0.023107486685576432,HD 10361,1.303,0.77,8,5
HD 10361_1,0.7617883459198371,0.024943066261503468,HD 10361,1.303,0.77,8,5
HD 10361_1,0.7567289002943622,0.0338406310874083,HD 10361,1.303,0.77,8,5
HD 10361_1,0.7606430093807538,0.024398095917087522,HD 10361,1.303,0.77,8,5
HD 10361_1,0.761928369218619,0.005164157184686462,HD 10361,1.303,0.77,8,5
HD 10361_1,0.7579043907313017,0.005284629155648283,HD 10361,1.303,0.77,8,5
HD 10361_1,0.7596097440684121,0.022945474305429356,HD 10361,1.303,0.77,8,5
HD 10361_1,0.7547469057450216,0.03502433568946976,HD 10361,1.303,0.77,8,5
HD 10361_1,0.7610393561739575,0.04825372371258928,HD 10361,1.303,0.77,8,5
HD 10361_1,0.7630299186186267,0.0022169872005285557,HD 10361,1.303,0.77,8,5
HD 10361_1,0.7627555296793325,0.025524387087249967,HD 10361,1.303,0.77,8,5
HD 10361_1,0.7591889920268305,0.010718551344587896,HD 10361,1.303,0.77,8,5
HD 10361_1,0.7583519330689238,0.0024506467431188138,HD 10361,1.303,0.77,8,5
HD 10361_1,0.7549356493466437,0.01306678184592825,HD 10361,1.303,0.77,8,5
HD 10361_1,0.7625769305767192,0.029466757192569172,HD 10361,1.303,0.77,8,5
HD 10361_1,0.7598048564738787,0.010582808589071353,HD 10361,1.303,0.77,8,5
HD 10361_1,0.7576673449069581,0.0002854189118985807,HD 10361,1.303,0.77,8,5
HD 10361_1,0.7575766920730214,0.029504473329483603,HD 10361,1.303,0.77,8,5
HD 10361_1,0.759451199693598,0.0008441192118585628,HD 10361,1.303,0.77,8,5
HD 10361_1,0.7567868258744436,0.03960672333367799,HD 10361,1.303,0.77,8,5
HD 10361_1,0.7568129844014123,0.0696676131601731,HD 10361,1.303,0.77,8,5
HD 10361_1,0.7563683621568895,0.021683161149022082,HD 10361,1.303,0.77,8,5
HD 10361_1,0.7582119060296335,0.0062995603300023545,HD 10361,1.303,0.77,8,5
HD 10361_1,0.7567444015647086,0.007933734280280075,HD 10361,1.303,0.77,8,5
HD 10361_1,0.7580924728528103,0.03767250092408013,HD 10361,1.303,0.77,8,5
HD 10361_1,0.7627522172836031,0.028757005639017362,HD 10361,1.303,0.77,8,5
HD 10361_1,0.7608964378316443,0.03133413484729382,HD 10361,1.303,0.77,8,5
HD 10361_1,0.7610016676332891,0.006541138874904262,HD 10361,1.303,0.77,8,5
HD 10361_1,0.7631245254088549,0.040230897976415284,HD 10361,1.303,0.77,8,5
HD 10361_1,0.7613625452007093,0.02548296365320918,HD 10361,1.303,0.77,8,5
HD 10361_1,0.7594722081960418,0.033200785668230016,HD 10361,1.303,0.77,8,5
HD 10361_1,0.7575904387732751,0.01803090273032902,HD 10361,1.303,0.77,8,5
HD 10361_1,0.7559802562388619,0.00738638715553247,HD 10361,1.303,0.77,8,5
HD 10361_1,0.7601740808131006,0.02560476864063019,HD 10361,1.303,0.77,8,5
HD 10361_1,0.7587988439550419,0.04001305239104694,HD 10361,1.303,0.77,8,5
HD 10361_1,0.7642464290473715,0.009604252136518863,HD 10361,1.303,0.77,8,5
HD 10361_1,0.7586329547286618,0.03041449805342175,HD 10361,1.303,0.77,8,5
HD 10361_1,0.759676670566308,0.0034609263507285465,HD 10361,1.303,0.77,8,5
HD 10361_1,0.7619912589698155,0.0013733284656653813,HD 10361,1.303,0.77,8,5
HD 10361_1,0.7524621760878107,0.006351877921197353,HD 10361,1.303,0.77,8,5
HD 10361_1,0.7601644538808531,0.011470181641444002,HD 10361,1.303,0.77,8,5
HD 10361_1,0.7668227172615428,0.0022145292969772447,HD 10361,1.303,0.77,8,5
HD 10361_1,0.7596567981329657,0.039197382161625924,HD 10361,1.303,0.77,8,5
HD 10361_1,0.7611194167660799,0.019602286898378618,HD 10361,1.303,0.77,8,5
HD 10361_1,0.7582649715069413,0.02827135275784832,HD 10361,1.303,0.77,8,5
HD 10361_1,0.7580408248215782,0.013539645356864298,HD 10361,1.303,0.77,8,5
HD 10361_1,0.7534005394107327,0.011412622538420108,HD 10361,1.303,0.77,8,5
HD 10361_1,0.7626254949847433,0.04854442996284611,HD 10361,1.303,0.77,8,5
HD 10361_1,0.7588484816937369,0.023403305597474944,HD 10361,1.303,0.77,8,5
HD 10361_1,0.7619806325121381,0.062582414791638,HD 10361,1.303,0.77,8,5
HD 10361_1,0.7575937193908038,0.04292213318942738,HD 10361,1.303,0.77,8,5
HD 10361_1,0.7589710168060646,0.03134315835448809,HD 10361,1.303,0.77,8,5
HD 10361_1,0.7592898429876291,0.012859332198754285,HD 10361,1.303,0.77,8,5
HD 10361_1,0.7576688709361505,0.0106167485996311,HD 10361,1.303,0.77,8,5
HD 10361_1,0.7620993582420722,0.04047141378801071,HD 10361,1.303,0.77,8,5
HD 10361_1,0.7564970318522665,0.000341145789712987,HD 10361,1.303,0.77,8,5
HD 10361_1,0.7694915684600527,0.02996601982470643,HD 10361,1.303,0.77,8,5
HD 10361_1,0.7609355179624822,0.007214069076627638,HD 10361,1.303,0.77,8,5
HD 10361_1,0.7609113092433997,0.02783570187648702,HD 10361,1.303,0.77,8,5
HD 10361_1,0.7579881390270372,0.030885278784500553,HD 10361,1.303,0.77,8,5
HD 10361_1,0.7636469161008633,0.030094776987527667,HD 10361,1.303,0.77,8,5
HD 10361_1,0.7600309159449165,0.018064509745267757,HD 10361,1.303,0.77,8,5
HD 10361_1,0.762518171767606,0.04830412780960291,HD 10361,1.303,0.77,8,5
HD 10361_1,0.7610707912194826,0.007287517192466814,HD 10361,1.303,0.77,8,5
HD 10361_1,0.7597719023941463,0.004172058726065358,HD 10361,1.303,0.77,8,5
HD 10361_1,0.7627629535398956,0.051213301821719716,HD 10361,1.303,0.77,8,5
HD 10361_1,0.7530352566854412,0.012468185388418453,HD 10361,1.303,0.77,8,5
HD 10361_1,0.7613357775623137,0.009495286559432542,HD 10361,1.303,0.77,8,5
HD 10361_1,0.7659358828647398,0.03850069402229274,HD 10361,1.303,0.77,8,5
HD 10361_1,0.7609284743111889,0.0178823843730327,HD 10361,1.303,0.77,8,5
HD 10361_1,0.7594803773715348,0.013744302600909992,HD 10361,1.303,0.77,8,5
HD 10361_1,0.7567948003225886,0.01455729200175274,HD 10361,1.303,0.77,8,5
HD 10361_1,0.7549597885599383,0.016313802247626113,HD 10361,1.303,0.77,8,5
HD 10361_1,0.7643039152418677,0.058253024075922574,HD 10361,1.303,0.77,8,5
HD 10361_1,0.7666364057667362,0.07381620666098482,HD 10361,1.303,0.77,8,5
HD 10361_1,0.7566920311677231,0.025120323642443484,HD 10361,1.303,0.77,8,5
HD 10361_1,0.7581638019471032,0.0239664397942168,HD 10361,1.303,0.77,8,5
HD 10361_1,0.7601100564864701,0.038260522404919804,HD 10361,1.303,0.77,8,5
HD 10361_1,0.7560018004416307,0.03077184198881227,HD 10361,1.303,0.77,8,5
HD 10361_1,0.7597320911211871,0.007628709595870083,HD 10361,1.303,0.77,8,5
HD 10361_1,0.763611157137827,0.030642986678542854,HD 10361,1.303,0.77,8,5
HD 10361_1,0.755286032692642,0.002864544469527684,HD 10361,1.303,0.77,8,5
HD 10361_1,0.7618174621779271,0.011095473045364738,HD 10361,1.303,0.77,8,5
HD 10361_1,0.7557992347983516,0.00791615797148564,HD 10361,1.303,0.77,8,5
HD 10361_1,0.7626637541812434,0.04143673622864048,HD 10361,1.303,0.77,8,5
HD 10361_1,0.7545811328467938,0.00937201599832804,HD 10361,1.303,0.77,8,5
HD 10361_1,0.7611762827333597,0.02728739127352023,HD 10361,1.303,0.77,8,5
HD 10361_1,0.7608271516767543,0.043709461553662995,HD 10361,1.303,0.77,8,5
HD 10361_1,0.7469104596283387,0.03306336067249405,HD 10361,1.303,0.77,8,5
HD 10361_1,0.7619950925802311,0.05343424144864099,HD 10361,1.303,0.77,8,5
