PlanetID,StarName,SMA_AU,ecc,Rp_REarth,Mp_MEarth,d_pc,M_sol,L_sol,Sep,PA,3dDist,PhaseFunc,DetStatus,NDet,NObs,LastObs
HD 142860_0,HD 142860,0.405,0.081,2.385,6.459,11.254,1.25,3.039,,,0.432647,0.036004,0,0,1,2035.0
HD 142860_2,HD 142860,3.184,0.073,1.146,0.989,11.254,1.25,3.039,0.265795,235.503743,3.137289,0.489767,1,1,1,2035.0
HD 142860_3,HD 142860,0.465,0.068,1.963,1.786,11.254,1.25,3.039,,,0.448867,0.456699,0,0,1,2035.0
HD 142860_5,HD 142860,0.92,0.074,2.443,8.017,11.254,1.25,3.039,0.06289,177.207433,0.852826,0.077624,1,1,1,2035.0
HD 142860_6,HD 142860,0.627,0.092,3.102,5.436,11.254,1.25,3.039,,,0.683736,0.013926,0,0,1,2035.0
HD 30652_0,HD 30652,0.357,0.032,0.524,0.119,8.068,1.25,2.71,,,0.365285,0.141985,0,0,1,2035.00137
HD 30652_1,HD 30652,3.379,0.099,2.314,9.159,8.068,1.25,2.71,0.311431,164.763362,3.373288,0.06295,1,1,1,2035.00137
HD 30652_2,HD 30652,1.418,0.081,1.563,7.047,8.068,1.25,2.71,0.120466,276.474773,1.44625,0.03975,1,1,1,2035.00137
HD 30652_3,HD 30652,3.27,0.133,2.129,5.731,8.068,1.25,2.71,0.406044,196.335189,3.337398,0.228915,1,1,1,2035.00137
HD 30652_4,HD 30652,2.754,0.119,2.49,10.16,8.068,1.25,2.71,0.301243,73.884355,3.074861,0.071324,1,1,1,2035.00137
HD 22484_0,HD 22484,0.838,0.146,1.142,1.607,13.92,1.14,3.068,,,0.825329,0.367895,0,0,1,2035.00274
HD 22484_1,HD 22484,1.12,0.109,1.996,7.679,13.92,1.14,3.068,0.067441,141.803623,1.184084,0.073901,1,1,1,2035.00274
HD 22484_2,HD 22484,0.469,0.117,1.765,3.166,13.92,1.14,3.068,,,0.502049,0.057014,0,0,1,2035.00274
HD 22484_5,HD 22484,4.456,0.081,0.516,0.034,13.92,1.14,3.068,,,4.138022,0.021229,0,0,1,2035.00274
HD 22484_7,HD 22484,3.201,0.074,0.943,1.501,13.92,1.14,3.068,0.215126,223.55232,2.978093,0.341329,1,1,1,2035.00274
HD 128167_0,HD 128167,1.283,0.14,1.15,1.29,15.756,1.39,3.182,0.066643,274.112325,1.107643,0.520288,1,1,1,2035.00411
HD 128167_2,HD 128167,3.433,0.063,1.328,2.483,15.756,1.39,3.182,0.186369,190.642119,3.265018,0.121772,1,1,1,2035.00411
HD 128167_3,HD 128167,4.878,0.117,2.132,5.678,15.756,1.39,3.182,0.342069,353.467286,5.403185,0.339698,1,1,1,2035.00411
HD 128167_4,HD 128167,1.323,0.044,1.923,2.477,15.756,1.39,3.182,0.068754,27.968422,1.374304,0.059026,1,1,1,2035.00411
HD 142373_0,HD 142373,1.268,0.168,0.757,0.148,15.898,1.08,3.136,0.064657,52.120225,1.481024,0.754846,1,1,1,2035.005479
HD 142373_1,HD 142373,1.76,0.092,0.868,0.535,15.898,1.08,3.136,0.097106,62.519969,1.625407,0.160387,1,1,1,2035.005479
HD 142373_2,HD 142373,0.834,0.129,2.923,6.259,15.898,1.08,3.136,,,0.730608,0.424536,0,0,1,2035.005479
HD 142373_4,HD 142373,1.161,0.006,1.265,2.536,15.898,1.08,3.136,0.073718,271.25065,1.154317,0.348496,1,1,1,2035.005479
HD 142373_6,HD 142373,4.705,0.105,0.947,0.923,15.898,1.08,3.136,,,4.973728,0.358905,0,0,1,2035.005479
HD 142373_7,HD 142373,1.878,0.051,2.611,6.816,15.898,1.08,3.136,0.100129,353.665654,1.827809,0.663135,1,1,1,2035.005479
HD 142373_8,HD 142373,3.092,0.053,1.805,7.326,15.898,1.08,3.136,0.178142,106.02052,3.09827,0.536115,1,1,1,2035.005479
HD 134083_0,HD 134083,0.116,0.07,1.9,7.058,19.536,1.33,3.255,,,0.118939,0.82838,0,0,1,2035.006849
HD 134083_1,HD 134083,0.36,0.097,1.358,2.746,19.536,1.33,3.255,,,0.354097,0.624825,0,0,1,2035.006849
HD 134083_3,HD 134083,0.749,0.13,0.881,0.684,19.536,1.33,3.255,,,0.844037,0.065868,0,0,1,2035.006849
HD 134083_4,HD 134083,0.959,0.114,0.591,0.338,19.536,1.33,3.255,,,1.060201,0.077114,0,0,1,2035.006849
HD 23249_0,HD 23249,2.38,0.039,0.804,0.586,9.089,0.87,2.941,0.196842,75.971137,2.453909,0.743868,1,1,1,2035.008219
HD 23249_1,HD 23249,2.348,0.031,1.487,3.029,9.089,0.87,2.941,0.167226,107.737349,2.318859,0.037071,1,1,1,2035.008219
HD 38393_0,HD 38393,0.205,0.072,1.088,1.383,8.905,1.23,2.344,,,0.202099,0.205621,0,0,1,2035.009589
HD 38393_1,HD 38393,3.39,0.099,0.656,0.073,8.905,1.23,2.344,,,3.693629,0.172093,0,0,1,2035.009589
HD 38393_3,HD 38393,0.355,0.086,1.549,2.098,8.905,1.23,2.344,,,0.330317,0.803686,0,0,1,2035.009589
HD 38393_4,HD 38393,4.373,0.052,1.208,1.876,8.905,1.23,2.344,,,4.169242,0.052424,0,0,1,2035.009589
HD 693_0,HD 693,1.045,0.058,1.136,2.579,18.886,1.18,2.997,,,1.002562,0.081714,0,0,1,2035.010959
HD 693_1,HD 693,0.139,0.106,2.768,7.407,18.886,1.18,2.997,,,0.147385,0.001154,0,0,1,2035.010959
HD 693_3,HD 693,1.448,0.069,1.975,3.042,18.886,1.18,2.997,0.059151,243.912744,1.547879,0.720049,1,1,1,2035.010959
HD 693_4,HD 693,1.744,0.105,1.392,2.348,18.886,1.18,2.997,0.084359,132.208515,1.576986,0.23326,1,1,1,2035.010959
HD 693_5,HD 693,2.909,0.1,1.423,2.794,18.886,1.18,2.997,,,3.019863,0.014628,0,0,1,2035.010959
HD 693_6,HD 693,2.914,0.024,0.574,0.316,18.886,1.18,2.997,0.089266,251.356302,2.983042,0.840057,1,1,1,2035.010959
HD 693_7,HD 693,3.93,0.01,2.298,5.004,18.886,1.18,2.997,,,3.969299,0.030668,0,0,1,2035.010959
HD 17206_0,HD 17206,1.742,0.09,0.885,1.25,14.276,1.21,2.617,0.119536,80.420993,1.792125,0.177146,1,1,1,2035.012329
HD 17206_1,HD 17206,0.879,0.039,2.253,5.781,14.276,1.21,2.617,,,0.913142,0.018454,0,0,1,2035.012329
HD 17206_2,HD 17206,0.485,0.035,0.762,0.888,14.276,1.21,2.617,,,0.472626,0.020839,0,0,1,2035.012329
HD 210302_0,HD 210302,0.937,0.087,1.293,2.482,18.458,1.25,2.918,,,0.962589,0.493572,0,0,1,2035.013699
HD 210302_1,HD 210302,0.316,0.034,0.672,0.291,18.458,1.25,2.918,,,0.310093,0.062241,0,0,1,2035.013699
HD 210302_2,HD 210302,0.162,0.125,0.82,0.565,18.458,1.25,2.918,,,0.159697,0.106791,0,0,1,2035.013699
HD 210302_3,HD 210302,0.925,0.123,2.909,15.97,18.458,1.25,2.918,,,0.991222,0.015225,0,0,1,2035.013699
HD 210302_4,HD 210302,1.629,0.122,1.727,5.061,18.458,1.25,2.918,,,1.443954,0.902923,0,0,1,2035.013699
HD 128620_0,HD 128620,1.567,0.074,0.945,0.738,1.332,1.11,1.521,,,1.453625,0.003914,0,0,1,2035.015068
HD 128620_1,HD 128620,1.266,0.016,1.198,6.221,1.332,1.11,1.521,0.782367,100.555507,1.271789,0.661515,1,1,1,2035.015068
HD 43386_0,HD 43386,2.541,0.037,0.504,0.177,19.588,1.33,2.957,,,2.632362,0.000431,0,0,1,2035.016438
HD 43386_1,HD 43386,1.141,0.101,1.584,2.873,19.588,1.33,2.957,,,1.230615,0.16664,0,0,1,2035.016438
HD 43386_3,HD 43386,0.289,0.045,1.072,0.429,19.588,1.33,2.957,,,0.296689,0.541304,0,0,1,2035.016438
HD 19373_0,HD 19373,0.74,0.034,3.212,9.93,10.577,1.08,2.23,0.067011,161.820477,0.734069,0.513915,1,1,1,2035.017808
HD 19373_2,HD 19373,0.724,0.048,1.483,3.085,10.577,1.08,2.23,0.063831,182.094224,0.691267,0.195784,1,1,1,2035.017808
HD 19373_3,HD 19373,0.676,0.061,1.037,1.075,10.577,1.08,2.23,,,0.639038,0.842415,0,0,1,2035.017808
HD 19373_6,HD 19373,0.114,0.04,2.433,8.086,10.577,1.08,2.23,,,0.111213,0.017746,0,0,1,2035.017808
HD 19373_7,HD 19373,2.87,0.048,1.622,2.945,10.577,1.08,2.23,0.27178,189.704402,2.98063,0.225016,1,1,1,2035.017808
HD 16895 A_0,HD 16895 A,3.595,0.047,2.816,7.544,11.15,1.21,2.246,0.291531,238.723387,3.745591,0.11254,1,1,1,2035.019178
HD 16895 A_4,HD 16895 A,4.424,0.091,1.274,1.913,11.15,1.21,2.246,,,4.19751,0.065115,0,0,1,2035.019178
HD 16895 A_5,HD 16895 A,1.554,0.05,3.144,9.969,11.15,1.21,2.246,0.098949,103.614752,1.523988,0.054337,1,1,1,2035.019178
HD 16895 A_6,HD 16895 A,0.108,0.029,0.508,0.042,11.15,1.21,2.246,,,0.108591,0.180597,0,0,1,2035.019178
HD 84737_0,HD 84737,0.596,0.087,1.352,1.551,18.823,1.08,2.795,,,0.635327,0.019866,0,0,1,2035.020548
HD 84737_1,HD 84737,3.025,0.071,1.189,1.926,18.823,1.08,2.795,0.095561,122.247218,2.828699,0.793562,1,1,1,2035.020548
HD 84737_2,HD 84737,1.078,0.014,1.079,0.698,18.823,1.08,2.795,,,1.073196,0.016904,0,0,1,2035.020548
HD 84737_3,HD 84737,3.774,0.025,0.833,0.848,18.823,1.08,2.795,0.19063,246.659356,3.68617,0.298688,1,1,1,2035.020548
HD 84737_4,HD 84737,0.254,0.074,3.133,13.741,18.823,1.08,2.795,,,0.246559,0.277358,0,0,1,2035.020548
HD 84737_5,HD 84737,2.993,0.205,0.508,0.086,18.823,1.08,2.795,,,3.108158,0.37234,0,0,1,2035.020548
HD 187691 A_0,HD 187691 A,3.127,0.076,1.475,4.454,19.488,1.25,2.835,0.148919,138.619333,3.046951,0.177044,1,1,1,2035.021918
HD 187691 A_1,HD 187691 A,2.61,0.091,1.018,1.386,19.488,1.25,2.835,,,2.617092,0.031766,0,0,1,2035.021918
HD 187691 A_2,HD 187691 A,3.249,0.037,0.764,1.364,19.488,1.25,2.835,0.091082,244.834279,3.366988,0.873589,1,1,1,2035.021918
HD 187691 A_3,HD 187691 A,2.018,0.038,2.654,10.557,19.488,1.25,2.835,,,2.08837,0.012983,0,0,1,2035.021918
HD 43042_0,HD 43042,4.095,0.078,0.558,0.185,21.776,1.29,2.936,,,3.824635,0.191588,0,0,1,2035.023288
HD 43042_1,HD 43042,0.434,0.11,0.533,0.05,21.776,1.29,2.936,,,0.426025,0.241608,0,0,1,2035.023288
HD 43042_3,HD 43042,0.724,0.14,0.733,0.758,21.776,1.29,2.936,,,0.824759,0.91407,0,0,1,2035.023288
HD 212330 A_0,HD 212330 A,1.747,0.031,3.281,9.208,20.34,1.02,2.726,0.080828,144.996813,1.700129,0.224133,1,1,1,2035.024658
HD 141004_0,HD 141004,2.629,0.092,2.901,8.518,11.916,1.09,2.004,0.189194,152.733451,2.511255,0.585626,1,1,1,2035.026027
HD 141004_1,HD 141004,0.651,0.071,0.654,0.168,11.916,1.09,2.004,,,0.641736,0.13245,0,0,1,2035.026027
HD 141004_2,HD 141004,4.426,0.098,1.019,2.941,11.916,1.09,2.004,0.328398,339.205417,4.205225,0.505244,1,1,1,2035.026027
HD 141004_3,HD 141004,4.115,0.06,0.578,0.125,11.916,1.09,2.004,,,4.265546,0.066109,0,0,1,2035.026027
HD 141004_4,HD 141004,3.163,0.091,1.732,4.206,11.916,1.09,2.004,0.261214,227.00447,3.37971,0.522747,1,1,1,2035.026027
HD 4614 A_0,HD 4614 A,4.718,0.051,1.358,3.151,5.01,1.14,1.252,,,4.955754,0.125286,0,0,1,2035.027397
HD 4614 A_1,HD 4614 A,0.651,0.133,0.728,0.235,5.01,1.14,1.252,0.075139,225.242261,0.72724,0.873657,1,1,1,2035.027397
HD 4614 A_2,HD 4614 A,2.584,0.017,1.361,2.842,5.01,1.14,1.252,0.414309,324.05014,2.626719,0.684372,1,1,1,2035.027397
HD 58855_0,HD 58855,3.917,0.055,2.746,11.124,20.402,1.16,2.445,0.122222,237.253397,4.06952,0.825124,1,1,1,2035.028767
HD 58855_3,HD 58855,0.12,0.023,0.846,0.314,20.402,1.16,2.445,,,0.122586,0.087094,0,0,1,2035.028767
HD 58855_4,HD 58855,1.787,0.062,0.53,0.101,20.402,1.16,2.445,,,1.817384,0.982805,0,0,1,2035.028767
HD 58855_5,HD 58855,2.753,0.078,0.74,0.361,20.402,1.16,2.445,0.077253,90.168261,2.922913,0.866094,1,1,1,2035.028767
HD 58855_6,HD 58855,3.408,0.008,0.67,0.197,20.402,1.16,2.445,,,3.414191,0.042337,0,0,1,2035.028767
HD 58855_7,HD 58855,0.511,0.017,1.169,2.72,20.402,1.16,2.445,,,0.507161,0.04845,0,0,1,2035.028767
HD 58855_8,HD 58855,3.679,0.02,1.665,3.725,20.402,1.16,2.445,,,3.70516,0.049126,0,0,1,2035.028767
HD 7570_0,HD 7570,3.031,0.054,1.134,3.652,15.261,1.14,2.004,,,2.989966,0.959167,0,0,1,2035.030137
HD 7570_1,HD 7570,0.15,0.071,0.941,0.218,15.261,1.14,2.004,,,0.14013,0.744542,0,0,1,2035.030137
HD 7570_2,HD 7570,1.977,0.063,1.73,3.716,15.261,1.14,2.004,0.103396,137.189205,1.986874,0.078554,1,1,1,2035.030137
HD 7570_3,HD 7570,3.034,0.079,1.364,1.913,15.261,1.14,2.004,0.173256,92.685535,3.266998,0.652117,1,1,1,2035.030137
HD 7570_4,HD 7570,0.569,0.099,0.726,0.483,15.261,1.14,2.004,,,0.620946,0.316351,0,0,1,2035.030137
HD 84117_2,HD 84117,0.48,0.183,0.807,0.707,14.951,1.14,1.977,,,0.52059,0.006098,0,0,1,2035.031507
HD 84117_3,HD 84117,2.469,0.127,0.583,0.157,14.951,1.14,1.977,,,2.615849,0.05274,0,0,1,2035.031507
HD 84117_5,HD 84117,2.421,0.095,0.605,0.239,14.951,1.14,1.977,0.165467,160.556316,2.650765,0.505551,1,1,1,2035.031507
HD 190248_1,HD 190248,1.11,0.055,1.408,3.629,6.099,0.94,1.25,0.11858,173.012904,1.16077,0.817739,1,1,1,2035.032877
HD 190248_2,HD 190248,3.754,0.072,1.017,1.24,6.099,0.94,1.25,,,3.990551,0.100924,0,0,1,2035.032877
HD 190248_3,HD 190248,1.406,0.139,0.51,0.568,6.099,0.94,1.25,,,1.562443,0.003766,0,0,1,2035.032877
HD 34411_0,HD 34411,0.295,0.082,3.192,8.429,12.562,1.08,1.732,,,0.271889,0.320179,0,0,1,2035.034247
HD 34411_1,HD 34411,1.539,0.078,0.897,0.713,12.562,1.08,1.732,0.111402,111.050021,1.511207,0.554159,1,1,1,2035.034247
HD 34411_3,HD 34411,1.691,0.074,0.798,0.808,12.562,1.08,1.732,0.121951,112.887296,1.582592,0.429357,1,1,1,2035.034247
HD 203608_0,HD 203608,2.203,0.092,1.79,3.488,9.258,1.14,1.466,0.188518,51.060045,2.006949,0.576183,1,1,1,2035.035616
HD 203608_1,HD 203608,2.342,0.1,0.502,0.104,9.258,1.14,1.466,0.074476,318.06158,2.526834,0.960415,1,1,1,2035.035616
HD 203608_2,HD 203608,2.74,0.062,1.086,1.189,9.258,1.14,1.466,0.144575,128.917504,2.85772,0.897264,1,1,1,2035.035616
HD 203608_5,HD 203608,4.293,0.038,0.929,0.698,9.258,1.14,1.466,,,4.356817,0.106602,0,0,1,2035.035616
HD 203608_6,HD 203608,0.526,0.072,0.985,0.486,9.258,1.14,1.466,,,0.50732,0.787476,0,0,1,2035.035616
HD 160691_0,HD 160691,1.46,0.051,0.67,0.675,15.604,1.0,1.899,0.096843,340.746736,1.529518,0.333329,1,1,1,2035.036986
HD 160691_1,HD 160691,0.274,0.085,0.88,0.645,15.604,1.0,1.899,,,0.271924,0.440487,0,0,1,2035.036986
HD 160691_2,HD 160691,0.346,0.144,0.58,0.053,15.604,1.0,1.899,,,0.379378,0.916929,0,0,1,2035.036986
HD 160691_3,HD 160691,0.123,0.058,0.556,0.091,15.604,1.0,1.899,,,0.125676,0.46649,0,0,1,2035.036986
HD 160691_4,HD 160691,2.415,0.073,1.777,2.687,15.604,1.0,1.899,0.147616,91.653082,2.324506,0.349745,1,1,1,2035.036986
HD 160691_6,HD 160691,2.937,0.058,2.424,6.338,15.604,1.0,1.899,,,3.082808,0.011616,0,0,1,2035.036986
HD 160691_7,HD 160691,3.23,0.098,2.375,5.354,15.604,1.0,1.899,0.149614,179.28733,2.914052,0.084182,1,1,1,2035.036986
HD 114710_0,HD 114710,1.415,0.117,0.681,0.147,9.197,1.11,1.357,0.141826,174.392083,1.565091,0.626807,1,1,1,2035.038356
HD 114710_1,HD 114710,0.314,0.116,0.63,1.142,9.197,1.11,1.357,,,0.325852,0.123525,0,0,1,2035.038356
HD 114710_2,HD 114710,2.258,0.018,0.683,0.173,9.197,1.11,1.357,,,2.217916,0.112579,0,0,1,2035.038356
HD 114710_4,HD 114710,0.861,0.053,0.898,0.439,9.197,1.11,1.357,0.090679,54.054913,0.816108,0.263377,1,1,1,2035.038356
HD 114710_5,HD 114710,0.124,0.109,3.108,17.681,9.197,1.11,1.357,,,0.123158,0.832601,0,0,1,2035.038356
HD 1581_1,HD 1581,1.541,0.046,2.633,10.663,8.607,1.11,1.262,0.120112,236.601398,1.491259,0.771078,1,1,1,2035.039726
HD 1581_2,HD 1581,0.181,0.101,0.988,1.538,8.607,1.11,1.262,,,0.194113,0.924454,0,0,1,2035.039726
HD 1581_3,HD 1581,1.491,0.126,2.76,10.6,8.607,1.11,1.262,0.126544,105.282181,1.671432,0.037876,1,1,1,2035.039726
HD 1581_4,HD 1581,0.208,0.109,2.378,6.033,8.607,1.11,1.262,,,0.200619,0.638184,0,0,1,2035.039726
HD 90839_0,HD 90839,3.665,0.022,0.781,0.186,12.945,1.18,1.605,,,3.605815,0.022848,0,0,1,2035.041096
HD 90839_1,HD 90839,0.191,0.094,1.403,2.751,12.945,1.18,1.605,,,0.204658,0.507403,0,0,1,2035.041096
HD 90839_2,HD 90839,3.378,0.112,1.125,1.619,12.945,1.18,1.605,0.145359,30.301931,3.295797,0.844412,1,1,1,2035.041096
HD 90839_5,HD 90839,0.15,0.051,2.273,4.226,12.945,1.18,1.605,,,0.146401,0.034249,0,0,1,2035.041096
HD 33262 A_0,HD 33262 A,4.098,0.155,0.949,0.422,11.693,1.14,1.466,,,4.587633,0.1798,0,0,1,2035.042466
HD 33262 A_1,HD 33262 A,3.3,0.062,1.368,1.583,11.693,1.14,1.466,,,3.454879,0.009268,0,0,1,2035.042466
HD 33262 A_2,HD 33262 A,3.337,0.087,0.965,0.502,11.693,1.14,1.466,,,3.505654,0.134158,0,0,1,2035.042466
HD 33262 A_4,HD 33262 A,1.015,0.091,2.255,9.306,11.693,1.14,1.466,,,0.951321,0.98004,0,0,1,2035.042466
HD 33262 A_5,HD 33262 A,0.358,0.206,1.487,2.029,11.693,1.14,1.466,,,0.417593,0.506052,0,0,1,2035.042466
HD 33262 A_6,HD 33262 A,0.874,0.139,0.646,0.257,11.693,1.14,1.466,,,0.831092,0.022723,0,0,1,2035.042466
HD 33262 A_8,HD 33262 A,0.199,0.101,2.893,13.631,11.693,1.14,1.466,,,0.180977,0.915548,0,0,1,2035.042466
HD 109358_0,HD 109358,0.599,0.064,0.661,0.193,8.473,1.08,1.151,0.075278,259.032605,0.635742,0.265469,1,1,1,2035.043836
HD 109358_1,HD 109358,0.313,0.024,1.946,4.835,8.473,1.08,1.151,,,0.305824,0.005267,0,0,1,2035.043836
HD 109358_3,HD 109358,0.172,0.066,1.409,1.609,8.473,1.08,1.151,,,0.17368,0.25895,0,0,1,2035.043836
HD 109358_4,HD 109358,1.488,0.078,0.58,0.237,8.473,1.08,1.151,0.159851,153.889803,1.413669,0.524964,1,1,1,2035.043836
HD 109358_5,HD 109358,3.968,0.05,3.285,25.806,8.473,1.08,1.151,0.401544,39.27838,4.027805,0.10081,1,1,1,2035.043836
HD 95128_1,HD 95128,2.285,0.074,0.586,0.282,13.887,1.07,1.577,0.168484,210.988019,2.370145,0.414579,1,1,1,2035.045205
HD 95128_2,HD 95128,4.586,0.035,0.538,0.083,13.887,1.07,1.577,,,4.673924,0.045397,0,0,1,2035.045205
HD 95128_3,HD 95128,0.343,0.031,2.771,10.086,13.887,1.07,1.577,,,0.345269,0.074269,0,0,1,2035.045205
HD 95128_4,HD 95128,2.15,0.173,1.218,6.511,13.887,1.07,1.577,0.167173,337.695185,2.519242,0.136967,1,1,1,2035.045205
HD 95128_5,HD 95128,0.6,0.105,2.299,8.137,13.887,1.07,1.577,,,0.655141,0.507343,0,0,1,2035.045205
HD 95128_6,HD 95128,0.335,0.024,2.419,8.582,13.887,1.07,1.577,,,0.342238,0.309252,0,0,1,2035.045205
HD 95128_7,HD 95128,0.847,0.089,1.394,3.129,13.887,1.07,1.577,,,0.865437,0.100033,0,0,1,2035.045205
HD 95128_8,HD 95128,0.588,0.034,2.182,8.46,13.887,1.07,1.577,,,0.589313,0.751444,0,0,1,2035.045205
HD 143761_0,HD 143761,2.268,0.052,0.622,0.131,17.511,0.97,1.812,0.085406,214.192246,2.333319,0.822302,1,1,1,2035.046575
HD 143761_3,HD 143761,0.463,0.017,0.834,0.619,17.511,0.97,1.812,,,0.47043,0.161823,0,0,1,2035.046575
HD 143761_4,HD 143761,1.096,0.157,0.808,0.895,17.511,0.97,1.812,0.060997,182.342648,1.234497,0.576866,1,1,1,2035.046575
HD 143761_5,HD 143761,0.834,0.096,1.155,1.684,17.511,0.97,1.812,,,0.902229,0.022107,0,0,1,2035.046575
HD 143761_7,HD 143761,2.609,0.089,2.154,12.289,17.511,0.97,1.812,0.140127,182.271339,2.539452,0.213838,1,1,1,2035.046575
HD 46588 A_0,HD 46588 A,1.961,0.092,1.375,5.123,18.202,1.18,1.826,0.101061,179.779785,1.817941,0.260671,1,1,1,2035.047945
HD 46588 A_2,HD 46588 A,0.149,0.051,1.651,3.767,18.202,1.18,1.826,,,0.156031,0.578473,0,0,1,2035.047945
HD 46588 A_4,HD 46588 A,0.634,0.042,1.252,1.899,18.202,1.18,1.826,,,0.618896,0.470391,0,0,1,2035.047945
HD 46588 A_5,HD 46588 A,0.119,0.052,0.593,0.101,18.202,1.18,1.826,,,0.113607,0.311613,0,0,1,2035.047945
HD 46588 A_6,HD 46588 A,0.647,0.045,2.121,5.747,18.202,1.18,1.826,,,0.67586,0.592696,0,0,1,2035.047945
HD 46588 A_7,HD 46588 A,1.085,0.088,1.256,5.584,18.202,1.18,1.826,,,1.004074,0.74545,0,0,1,2035.047945
HD 46588 A_8,HD 46588 A,2.008,0.017,0.521,0.08,18.202,1.18,1.826,,,2.033142,0.03995,0,0,1,2035.047945
HD 17051_0,HD 17051,1.593,0.055,0.8,0.166,17.357,1.14,1.737,0.088086,51.622317,1.661579,0.457739,1,1,1,2035.049315
HD 17051_1,HD 17051,2.146,0.107,1.035,0.971,17.357,1.14,1.737,0.132462,51.288939,2.283371,0.307452,1,1,1,2035.049315
HD 17051_2,HD 17051,4.311,0.108,1.302,2.591,17.357,1.14,1.737,0.23836,22.374013,4.365158,0.533134,1,1,1,2035.049315
HD 165499_0,HD 165499,3.777,0.071,0.637,0.161,17.753,1.08,1.731,,,3.559203,0.169107,0,0,1,2035.050685
HD 165499_1,HD 165499,0.192,0.04,0.654,0.106,17.753,1.08,1.731,,,0.185617,0.833507,0,0,1,2035.050685
HD 165499_3,HD 165499,0.221,0.065,0.75,0.229,17.753,1.08,1.731,,,0.227605,0.894594,0,0,1,2035.050685
HD 165499_4,HD 165499,1.569,0.062,3.377,24.497,17.753,1.08,1.731,,,1.473166,0.006007,0,0,1,2035.050685
HD 10700_0,HD 10700,1.625,0.099,0.563,0.087,3.652,0.94,0.506,0.442733,328.281493,1.681619,0.473304,1,1,1,2035.052055
HD 86728 A_0,HD 86728 A,0.138,0.113,0.53,0.078,14.926,1.0,1.378,,,0.131774,0.191957,0,0,1,2035.053425
HD 86728 A_1,HD 86728 A,1.194,0.049,0.519,0.144,14.926,1.0,1.378,,,1.245556,0.033164,0,0,1,2035.053425
HD 86728 A_2,HD 86728 A,1.586,0.024,0.736,0.367,14.926,1.0,1.378,,,1.575997,0.083581,0,0,1,2035.053425
HD 86728 A_3,HD 86728 A,0.34,0.077,0.971,1.901,14.926,1.0,1.378,,,0.354795,0.127842,0,0,1,2035.053425
HD 86728 A_4,HD 86728 A,3.143,0.15,2.985,16.709,14.926,1.0,1.378,0.094401,281.337384,2.683119,0.849598,1,1,1,2035.053425
HD 86728 A_5,HD 86728 A,0.238,0.132,1.155,6.008,14.926,1.0,1.378,,,0.206604,0.341412,0,0,1,2035.053425
HD 86728 A_6,HD 86728 A,2.84,0.137,2.462,3.621,14.926,1.0,1.378,0.094003,220.731649,2.624537,0.856237,1,1,1,2035.053425
HD 20794_0,HD 20794,4.322,0.17,2.962,5.742,6.041,0.97,0.654,,,4.561039,0.020042,0,0,1,2035.054795
HD 20794_1,HD 20794,2.398,0.095,1.302,2.525,6.041,0.97,0.654,,,2.256886,0.023637,0,0,1,2035.054795
HD 115617_0,HD 115617,1.956,0.004,0.732,1.017,8.534,0.97,0.825,0.226486,154.939384,1.962295,0.261364,1,1,1,2035.056164
HD 115617_1,HD 115617,0.76,0.09,2.931,6.157,8.534,0.97,0.825,0.0645,253.841778,0.747042,0.760481,1,1,1,2035.056164
HD 115617_2,HD 115617,0.621,0.047,0.562,0.059,8.534,0.97,0.825,0.070033,292.712251,0.636127,0.173,1,1,1,2035.056164
HD 115617_3,HD 115617,0.199,0.073,3.38,12.207,8.534,0.97,0.825,,,0.185847,0.067562,0,0,1,2035.056164
HD 115617_4,HD 115617,2.599,0.104,0.763,0.174,8.534,0.97,0.825,0.286515,247.17364,2.784441,0.575468,1,1,1,2035.056164
HD 115617_5,HD 115617,2.098,0.045,1.487,3.177,8.534,0.97,0.825,0.175188,63.899466,2.021181,0.729494,1,1,1,2035.056164
HD 115617_6,HD 115617,3.003,0.084,0.942,0.936,8.534,0.97,0.825,,,3.067865,0.011644,0,0,1,2035.056164
HD 53705_0,HD 53705,0.273,0.081,1.735,2.717,17.059,1.04,1.49,,,0.261672,0.714843,0,0,1,2035.057534
HD 53705_1,HD 53705,2.604,0.083,3.306,16.05,17.059,1.04,1.49,0.134256,228.139252,2.514821,0.137243,1,1,1,2035.057534
HD 53705_2,HD 53705,1.597,0.089,2.478,13.971,17.059,1.04,1.49,0.086334,157.44883,1.610014,0.156887,1,1,1,2035.057534
HD 53705_3,HD 53705,0.715,0.026,1.359,2.038,17.059,1.04,1.49,,,0.715772,0.194856,0,0,1,2035.057534
HD 53705_4,HD 53705,0.527,0.092,2.437,10.745,17.059,1.04,1.49,,,0.505544,0.47274,0,0,1,2035.057534
HD 55575_0,HD 55575,1.084,0.09,0.727,0.186,16.852,1.14,1.463,,,1.008545,0.368835,0,0,1,2035.058904
HD 55575_1,HD 55575,0.133,0.053,0.578,0.677,16.852,1.14,1.463,,,0.136604,0.525853,0,0,1,2035.058904
HD 20630_1,HD 20630,0.648,0.142,1.547,4.726,9.276,0.98,0.857,0.063762,166.205386,0.624667,0.250397,1,1,1,2035.060274
HD 20630_5,HD 20630,1.387,0.083,0.621,0.63,9.276,0.98,0.857,0.139946,123.752294,1.27189,0.21337,1,1,1,2035.060274
HD 102365_0,HD 102365,1.154,0.024,2.235,11.472,9.319,1.02,0.844,0.11808,232.877536,1.126315,0.185647,1,1,1,2035.061644
HD 102365_1,HD 102365,4.021,0.031,1.113,0.834,9.319,1.02,0.844,,,4.145641,0.058764,0,0,1,2035.061644
HD 102365_2,HD 102365,0.113,0.031,0.976,0.303,9.319,1.02,0.844,,,0.110054,0.082971,0,0,1,2035.061644
HD 39091_1,HD 39091,3.12,0.028,1.191,1.952,18.287,1.08,1.533,,,3.178765,0.081053,0,0,1,2035.063014
HD 39091_2,HD 39091,2.865,0.029,0.677,0.089,18.287,1.08,1.533,,,2.784811,0.001729,0,0,1,2035.063014
HD 39091_3,HD 39091,3.55,0.072,1.069,0.919,18.287,1.08,1.533,0.193171,167.699205,3.604012,0.458319,1,1,1,2035.063014
HD 39091_4,HD 39091,4.534,0.027,1.234,1.811,18.287,1.08,1.533,0.19231,153.716172,4.528716,0.697234,1,1,1,2035.063014
HD 39091_5,HD 39091,1.437,0.051,1.31,1.974,18.287,1.08,1.533,0.077708,264.049078,1.504985,0.453653,1,1,1,2035.063014
HD 39091_6,HD 39091,0.67,0.012,2.604,6.457,18.287,1.08,1.533,,,0.661962,0.374724,0,0,1,2035.063014
HD 20807_0,HD 20807,0.337,0.072,1.793,3.234,12.039,1.07,1.017,,,0.353628,0.439844,0,0,1,2035.064384
HD 20807_1,HD 20807,1.546,0.069,0.954,0.846,12.039,1.07,1.017,0.093915,232.247261,1.635768,0.759778,1,1,1,2035.064384
HD 20807_2,HD 20807,2.979,0.055,2.038,8.298,12.039,1.07,1.017,0.187549,261.190968,3.009403,0.065147,1,1,1,2035.064384
HD 131156 A_0,HD 131156 A,0.922,0.01,2.426,6.027,6.754,0.96,0.553,0.141312,228.094154,0.922684,0.330173,1,1,1,2035.065753
HD 131156 A_1,HD 131156 A,1.097,0.147,1.932,4.971,6.754,0.96,0.553,0.101546,22.798355,1.13073,0.8219,1,1,1,2035.065753
HD 65907 A_0,HD 65907 A,0.584,0.099,0.585,0.122,16.172,1.11,1.29,,,0.539746,0.767797,0,0,1,2035.067123
HD 65907 A_1,HD 65907 A,1.316,0.075,0.982,3.131,16.172,1.11,1.29,,,1.413773,0.018583,0,0,1,2035.067123
HD 65907 A_2,HD 65907 A,1.009,0.058,1.202,5.136,16.172,1.11,1.29,,,0.95304,0.514092,0,0,1,2035.067123
HD 147513_0,HD 147513,1.541,0.04,0.645,0.152,12.892,1.07,1.001,0.126925,149.471538,1.599309,0.385826,1,1,1,2035.068493
HD 147513_1,HD 147513,1.513,0.099,0.537,0.038,12.892,1.07,1.001,0.118661,9.324777,1.643926,0.507219,1,1,1,2035.068493
HD 147513_2,HD 147513,4.633,0.075,1.379,7.403,12.892,1.07,1.001,0.334018,137.68276,4.331541,0.390819,1,1,1,2035.068493
HD 147513_4,HD 147513,0.196,0.111,0.74,0.096,12.892,1.07,1.001,,,0.174415,0.384095,0,0,1,2035.068493
HD 147513_5,HD 147513,4.52,0.075,0.624,0.254,12.892,1.07,1.001,,,4.666956,0.49568,0,0,1,2035.068493
HD 147513_6,HD 147513,1.743,0.075,1.796,2.912,12.892,1.07,1.001,0.096754,166.693536,1.613086,0.705628,1,1,1,2035.068493
HD 147513_7,HD 147513,2.47,0.028,0.667,0.174,12.892,1.07,1.001,0.177593,34.690594,2.406075,0.440876,1,1,1,2035.068493
HD 146233_0,HD 146233,0.356,0.047,2.679,8.19,14.137,1.02,1.094,,,0.340221,0.638656,0,0,1,2035.069863
HD 146233_1,HD 146233,0.206,0.044,2.032,3.376,14.137,1.02,1.094,,,0.200898,0.709799,0,0,1,2035.069863
HD 146233_4,HD 146233,0.539,0.141,1.433,3.682,14.137,1.02,1.094,,,0.532463,0.205133,0,0,1,2035.069863
HD 30495_0,HD 30495,1.934,0.08,0.989,1.288,13.24,1.04,0.966,0.090931,330.169553,2.088517,0.858792,1,1,1,2035.071233
HD 30495_2,HD 30495,0.416,0.06,1.179,0.557,13.24,1.04,0.966,,,0.394566,0.614433,0,0,1,2035.071233
HD 30495_3,HD 30495,1.848,0.089,0.623,0.48,13.24,1.04,0.966,0.077044,42.086683,1.760416,0.834135,1,1,1,2035.071233
HD 50692_0,HD 50692,3.95,0.04,2.831,10.297,17.405,1.08,1.293,0.171516,116.192013,4.002198,0.71295,1,1,1,2035.072603
HD 50692_1,HD 50692,0.28,0.064,0.734,0.092,17.405,1.08,1.293,,,0.262932,0.287258,0,0,1,2035.072603
HD 50692_2,HD 50692,0.513,0.081,1.798,3.652,17.405,1.08,1.293,,,0.549118,0.591622,0,0,1,2035.072603
HD 50692_3,HD 50692,0.925,0.032,2.849,9.197,17.405,1.08,1.293,,,0.905477,0.222453,0,0,1,2035.072603
HD 190360_0,HD 190360,0.922,0.17,1.79,3.759,16.003,0.96,1.165,,,1.046981,0.640566,0,0,1,2035.073973
HD 190360_1,HD 190360,3.764,0.081,1.071,1.582,16.003,0.96,1.165,0.22648,39.841343,3.612526,0.268701,1,1,1,2035.073973
HD 190360_3,HD 190360,3.632,0.139,2.733,10.267,16.003,0.96,1.165,0.157324,276.061312,3.950933,0.033362,1,1,1,2035.073973
HD 190360_4,HD 190360,1.735,0.021,0.534,0.045,16.003,0.96,1.165,0.111094,27.980644,1.769129,0.273692,1,1,1,2035.073973
HD 190360_5,HD 190360,0.581,0.08,1.934,2.88,16.003,0.96,1.165,,,0.570517,0.047838,0,0,1,2035.073973
HD 136352_0,HD 136352,1.127,0.083,0.501,0.05,14.739,1.02,1.029,0.076184,327.520292,1.218737,0.541886,1,1,1,2035.075342
HD 136352_2,HD 136352,0.995,0.082,1.549,3.519,14.739,1.02,1.029,,,0.922757,0.686012,0,0,1,2035.075342
HD 136352_3,HD 136352,3.774,0.069,2.041,4.78,14.739,1.02,1.029,0.249056,274.223288,3.832735,0.420149,1,1,1,2035.075342
HD 136352_4,HD 136352,1.831,0.068,0.826,0.342,14.739,1.02,1.029,0.119554,24.452152,1.940279,0.153806,1,1,1,2035.075342
HD 128621_0,HD 128621,0.181,0.076,0.591,0.281,1.332,0.94,0.503,0.097807,184.400245,0.1722,0.068992,1,1,1,2035.076712
HD 128621_1,HD 128621,3.969,0.152,0.756,0.624,1.332,0.94,0.503,,,3.712347,0.305545,0,0,1,2035.076712
HD 128621_3,HD 128621,4.377,0.084,0.667,0.424,1.332,0.94,0.503,,,4.648257,0.014492,0,0,1,2035.076712
HD 128621_4,HD 128621,1.135,0.055,1.179,1.502,1.332,0.94,0.503,0.880136,1.281332,1.170557,0.29052,1,1,1,2035.076712
HD 101501_3,HD 101501,0.112,0.069,1.262,2.497,9.576,0.94,0.609,,,0.114143,0.860515,0,0,1,2035.078082
HD 101501_7,HD 101501,0.888,0.054,0.887,0.333,9.576,0.94,0.609,,,0.934719,0.017558,0,0,1,2035.078082
HD 20766_0,HD 20766,1.336,0.161,1.674,3.092,12.045,1.01,0.794,0.100815,255.708115,1.359214,0.125807,1,1,1,2035.079452
HD 20766_1,HD 20766,0.327,0.097,2.659,6.922,12.045,1.01,0.794,,,0.320466,0.41596,0,0,1,2035.079452
HD 20766_4,HD 20766,1.915,0.031,0.912,0.441,12.045,1.01,0.794,0.079209,45.676137,1.878213,0.873867,1,1,1,2035.079452
HD 72905_1,HD 72905,0.661,0.069,0.5,0.051,14.439,1.08,0.973,,,0.616618,0.014637,0,0,1,2035.080822
HD 72905_3,HD 72905,0.899,0.099,2.776,19.234,14.439,1.08,0.973,,,0.823942,0.786187,0,0,1,2035.080822
HD 72905_4,HD 72905,0.923,0.214,1.407,2.24,14.439,1.08,0.973,,,0.829653,0.941196,0,0,1,2035.080822
HD 72905_5,HD 72905,3.175,0.086,0.525,0.068,14.439,1.08,0.973,,,2.972007,0.043419,0,0,1,2035.080822
HD 156274 A_3,HD 156274 A,4.433,0.138,1.608,3.519,8.791,0.9,0.452,0.544249,241.302405,4.854961,0.23086,1,1,1,2035.082192
HD 4391_0,HD 4391,0.363,0.182,1.471,1.692,15.049,0.98,0.923,,,0.428751,0.044655,0,0,1,2035.083562
HD 4391_1,HD 4391,1.544,0.114,0.614,0.159,15.049,0.98,0.923,,,1.593752,0.887129,0,0,1,2035.083562
HD 4391_2,HD 4391,0.361,0.058,0.863,0.256,15.049,0.98,0.923,,,0.359697,0.366544,0,0,1,2035.083562
HD 4391_3,HD 4391,0.102,0.064,0.942,1.344,15.049,0.98,0.923,,,0.100174,0.483282,0,0,1,2035.083562
HD 4391_4,HD 4391,0.526,0.038,2.712,11.881,15.049,0.98,0.923,,,0.533434,0.903532,0,0,1,2035.083562
HD 10780_0,HD 10780,0.841,0.11,1.077,1.181,10.041,0.9,0.516,0.068649,107.387595,0.761807,0.552077,1,1,1,2035.084932
HD 10780_3,HD 10780,2.25,0.098,1.348,1.367,10.041,0.9,0.516,0.149165,285.756801,2.192782,0.770791,1,1,1,2035.084932
HD 10780_4,HD 10780,2.669,0.102,2.513,12.001,10.041,0.9,0.516,0.239569,153.04852,2.417208,0.261327,1,1,1,2035.084932
HD 140538 A_0,HD 140538 A,2.088,0.047,0.685,0.069,14.793,0.94,0.834,,,2.150786,0.979614,0,0,1,2035.086301
HD 140538 A_1,HD 140538 A,0.512,0.053,2.798,18.338,14.793,0.94,0.834,,,0.539136,0.272469,0,0,1,2035.086301
HD 140538 A_2,HD 140538 A,4.137,0.053,0.916,0.304,14.793,0.94,0.834,0.266677,84.634878,4.110655,0.473456,1,1,1,2035.086301
HD 165341 A_0,HD 165341 A,3.482,0.036,1.359,2.775,5.113,0.88,0.532,,,3.423634,0.007784,0,0,1,2035.087671
HD 165341 A_2,HD 165341 A,0.277,0.022,2.947,13.11,5.113,0.88,0.532,,,0.270943,0.147712,0,0,1,2035.087671
HD 165341 A_3,HD 165341 A,0.642,0.027,1.615,1.833,5.113,0.88,0.532,0.10679,25.570586,0.658889,0.70458,1,1,1,2035.087671
HD 166_0,HD 166,1.592,0.09,1.08,2.182,13.766,0.94,0.647,0.098928,149.247672,1.71075,0.661535,1,1,1,2035.089041
HD 166_1,HD 166,0.635,0.021,0.515,0.062,13.766,0.94,0.647,,,0.630636,0.19071,0,0,1,2035.089041
HD 26965 A_1,HD 26965 A,0.482,0.058,1.38,2.403,5.01,0.86,0.41,0.080801,113.449954,0.509507,0.094009,1,1,1,2035.090411
HD 26965 A_2,HD 26965 A,0.345,0.049,0.5,0.06,5.01,0.86,0.41,0.061878,78.114923,0.361771,0.097031,1,1,1,2035.090411
HD 185144_1,HD 185144,0.747,0.07,0.5,0.019,5.764,0.87,0.434,,,0.719638,0.007817,0,0,1,2035.091781
HD 185144_3,HD 185144,0.688,0.135,2.317,4.389,5.764,0.87,0.434,0.107553,269.319583,0.644387,0.419542,1,1,1,2035.091781
HD 209100_0,HD 209100,2.433,0.127,0.524,0.078,3.638,0.72,0.222,0.390247,177.155909,2.227637,0.797102,1,1,1,2035.093151
HD 209100_1,HD 209100,1.218,0.094,0.54,0.224,3.638,0.72,0.222,0.187955,38.896605,1.19154,0.836737,1,1,1,2035.093151
HD 209100_2,HD 209100,0.989,0.073,1.925,7.679,3.638,0.72,0.222,0.288429,197.532929,1.061171,0.351868,1,1,1,2035.093151
HD 209100_4,HD 209100,3.542,0.022,2.632,11.464,3.638,0.72,0.222,0.899401,304.616026,3.497357,0.505826,1,1,1,2035.093151
HD 209100_5,HD 209100,0.635,0.076,0.931,0.965,3.638,0.72,0.222,0.16734,325.966217,0.65267,0.570759,1,1,1,2035.093151
HD 209100_6,HD 209100,1.701,0.082,0.885,1.719,3.638,0.72,0.222,,,1.725569,0.013341,0,0,1,2035.093151
HD 209100_8,HD 209100,2.097,0.099,2.488,10.973,3.638,0.72,0.222,0.404482,306.563166,1.899767,0.695073,1,1,1,2035.093151
HD 209100_9,HD 209100,0.782,0.071,2.297,6.298,3.638,0.72,0.222,0.23009,225.662175,0.805408,0.323659,1,1,1,2035.093151
HD 209100_10,HD 209100,0.182,0.056,2.026,7.17,3.638,0.72,0.222,,,0.186432,0.195279,0,0,1,2035.093151
HD 209100_11,HD 209100,0.917,0.107,1.174,2.417,3.638,0.72,0.222,0.203446,302.568449,0.879591,0.098154,1,1,1,2035.093151
HD 201091_1,HD 201091,1.051,0.108,0.699,0.293,3.497,0.68,0.142,0.33797,279.679692,1.1642,0.332423,1,1,1,2035.094521
HD 201091_2,HD 201091,2.964,0.153,0.94,0.359,3.497,0.68,0.142,,,2.593772,0.007047,0,0,1,2035.094521
HD 201091_4,HD 201091,2.241,0.067,3.013,8.159,3.497,0.68,0.142,,,2.371114,0.008413,0,0,1,2035.094521
HD 155885_0,HD 155885,0.424,0.016,1.08,0.365,5.948,0.85,0.332,,,0.430546,0.758343,0,0,1,2035.09589
HD 155885_1,HD 155885,0.125,0.137,2.355,7.262,5.948,0.85,0.332,,,0.112258,0.386583,0,0,1,2035.09589
HD 155885_4,HD 155885,2.293,0.052,0.991,0.685,5.948,0.85,0.332,0.261141,297.094525,2.376587,0.792068,1,1,1,2035.09589
HD 155886_1,HD 155886,0.511,0.064,0.698,0.549,5.952,0.85,0.327,0.088375,197.273833,0.530786,0.217725,1,1,1,2035.09726
HD 155886_2,HD 155886,0.232,0.069,1.589,4.704,5.952,0.85,0.327,,,0.245241,0.879506,0,0,1,2035.09726
HD 155886_3,HD 155886,1.253,0.044,2.915,7.774,5.952,0.85,0.327,0.203205,161.110757,1.271755,0.181433,1,1,1,2035.09726
HD 155886_4,HD 155886,0.305,0.028,0.94,0.937,5.952,0.85,0.327,,,0.313516,0.3491,0,0,1,2035.09726
HD 155886_5,HD 155886,0.201,0.128,1.339,2.779,5.952,0.85,0.327,,,0.175382,0.604307,0,0,1,2035.09726
HD 155886_6,HD 155886,0.316,0.044,0.948,1.735,5.952,0.85,0.327,,,0.319492,0.227643,0,0,1,2035.09726
HD 155886_7,HD 155886,0.59,0.079,3.352,16.163,5.952,0.85,0.327,0.093375,280.302483,0.603305,0.526574,1,1,1,2035.09726
HD 155886_8,HD 155886,3.879,0.087,2.635,16.445,5.952,0.85,0.327,0.67332,202.454274,4.145432,0.19935,1,1,1,2035.09726
HD 10476_0,HD 10476,0.171,0.07,0.738,0.088,7.644,0.85,0.454,,,0.170255,0.851554,0,0,1,2035.09863
HD 201092_1,HD 201092,2.708,0.059,2.37,8.514,3.496,0.63,0.078,0.729607,10.318185,2.587431,0.412783,1,1,1,2035.1
HD 165341 B_1,HD 165341 B,1.256,0.089,0.5,0.053,5.122,0.78,0.164,,,1.215487,0.073563,0,0,1,2035.10137
HD 165341 B_2,HD 165341 B,4.082,0.042,1.247,0.85,5.122,0.78,0.164,,,4.209675,0.024843,0,0,1,2035.10137
HD 165341 B_3,HD 165341 B,0.1,0.077,0.528,0.124,5.122,0.78,0.164,,,0.107432,0.747582,0,0,1,2035.10137
HD 165341 B_4,HD 165341 B,0.76,0.117,1.137,2.374,5.122,0.78,0.164,,,0.84506,0.001688,0,0,1,2035.10137
HD 131977_0,HD 131977,2.114,0.033,1.305,3.47,5.886,0.72,0.223,0.292834,337.491325,2.102222,0.659611,1,1,1,2035.10274
HD 219134_0,HD 219134,1.298,0.068,3.021,11.197,6.542,0.75,0.266,0.12205,354.17473,1.220185,0.036423,1,1,1,2035.10411
HD 219134_1,HD 219134,0.107,0.06,0.589,0.114,6.542,0.75,0.266,,,0.10848,0.030741,0,0,1,2035.10411
HD 219134_2,HD 219134,0.475,0.085,1.279,2.244,6.542,0.75,0.266,,,0.435062,0.053707,0,0,1,2035.10411
HD 219134_3,HD 219134,2.999,0.067,1.913,4.52,6.542,0.75,0.266,0.426673,192.721787,2.877752,0.21487,1,1,1,2035.10411
HD 219134_4,HD 219134,0.285,0.083,1.716,4.805,6.542,0.75,0.266,,,0.300276,0.370659,0,0,1,2035.10411
HD 219134_5,HD 219134,1.823,0.052,1.09,4.144,6.542,0.75,0.266,0.192255,317.059255,1.879411,0.781975,1,1,1,2035.10411
HD 219134_7,HD 219134,0.986,0.056,2.277,3.449,6.542,0.75,0.266,0.139141,245.460722,1.015802,0.108812,1,1,1,2035.10411
HD 88230_0,HD 88230,1.858,0.024,1.413,3.961,4.871,0.63,0.103,0.25901,141.458838,1.834197,0.765154,1,1,1,2035.105479
HD 88230_1,HD 88230,0.369,0.102,2.613,14.391,4.871,0.63,0.103,,,0.335625,0.764611,0,0,1,2035.105479
HD 88230_2,HD 88230,0.941,0.058,0.511,0.079,4.871,0.63,0.103,0.141612,179.977028,0.992933,0.777135,1,1,1,2035.105479
HD 88230_3,HD 88230,1.397,0.055,1.541,3.057,4.871,0.63,0.103,0.222856,216.831805,1.464467,0.732651,1,1,1,2035.105479
HD 88230_4,HD 88230,0.683,0.12,0.831,0.221,4.871,0.63,0.103,,,0.746524,0.00461,0,0,1,2035.105479
HD 88230_5,HD 88230,2.552,0.09,1.594,2.912,4.871,0.63,0.103,0.477915,357.64375,2.72261,0.626925,1,1,1,2035.105479
HD 88230_6,HD 88230,2.842,0.103,0.661,0.567,4.871,0.63,0.103,,,2.954847,0.024716,0,0,1,2035.105479
HD 4628_0,HD 4628,0.299,0.054,1.741,4.304,7.435,0.78,0.3,,,0.28349,0.204046,0,0,1,2035.106849
HD 4628_1,HD 4628,4.258,0.031,1.273,1.784,7.435,0.78,0.3,,,4.244516,0.021114,0,0,1,2035.106849
HD 4628_4,HD 4628,4.069,0.034,0.981,0.876,7.435,0.78,0.3,0.56126,94.517447,4.206743,0.28629,1,1,1,2035.106849
HD 4628_5,HD 4628,3.681,0.025,0.897,0.617,7.435,0.78,0.3,0.484266,245.153499,3.595941,0.331899,1,1,1,2035.106849
HD 4628_6,HD 4628,1.476,0.055,1.942,4.324,7.435,0.78,0.3,0.178837,258.035544,1.41548,0.170791,1,1,1,2035.106849
HD 192310_0,HD 192310,1.267,0.07,0.641,0.14,8.812,0.77,0.404,,,1.2183,0.018045,0,0,1,2035.108219
HD 192310_1,HD 192310,1.472,0.082,2.73,7.674,8.812,0.77,0.404,0.153258,298.185911,1.586498,0.103095,1,1,1,2035.108219
HD 192310_2,HD 192310,0.631,0.109,2.544,13.411,8.812,0.77,0.404,0.07067,68.451704,0.651487,0.572045,1,1,1,2035.108219
HD 192310_3,HD 192310,0.091,0.084,2.458,12.572,8.812,0.77,0.404,,,0.097956,0.392177,0,0,1,2035.108219
HD 10360_0,HD 10360,0.111,0.132,2.009,6.936,8.189,0.78,0.345,,,0.108731,0.125966,0,0,1,2035.109589
HD 10360_1,HD 10360,0.559,0.036,0.525,0.063,8.189,0.78,0.345,,,0.572107,0.959054,0,0,1,2035.109589
HD 10360_2,HD 10360,3.873,0.13,2.182,7.34,8.189,0.78,0.345,0.408902,319.360028,3.388588,0.250586,1,1,1,2035.109589
HD 10360_4,HD 10360,0.185,0.028,3.239,14.497,8.189,0.78,0.345,,,0.179909,0.883793,0,0,1,2035.109589
HD 10360_5,HD 10360,2.33,0.067,0.679,0.17,8.189,0.78,0.345,0.293141,55.150638,2.486109,0.465417,1,1,1,2035.109589
HD 156026_0,HD 156026,3.18,0.093,3.171,14.895,5.954,0.68,0.158,0.542988,179.460094,3.296357,0.390922,1,1,1,2035.110959
HD 156026_1,HD 156026,0.564,0.081,0.509,0.042,5.954,0.68,0.158,0.100806,137.862532,0.60731,0.163774,1,1,1,2035.110959
HD 156026_2,HD 156026,0.423,0.044,0.607,0.379,5.954,0.68,0.158,0.070375,295.985305,0.412575,0.429016,1,1,1,2035.110959
HD 156026_3,HD 156026,1.001,0.06,2.318,7.224,5.954,0.68,0.158,0.147072,64.929108,1.024541,0.620632,1,1,1,2035.110959
HD 156026_5,HD 156026,1.693,0.124,2.972,9.407,5.954,0.68,0.158,0.296992,227.692305,1.856428,0.479292,1,1,1,2035.110959
HD 149661_2,HD 149661,2.991,0.073,1.285,2.935,9.894,0.87,0.462,0.31199,81.908968,3.135582,0.427052,1,1,1,2035.112329
HD 149661_3,HD 149661,2.364,0.065,0.7,0.315,9.894,0.87,0.462,,,2.378339,0.055891,0,0,1,2035.112329
HD 149661_5,HD 149661,3.155,0.051,2.936,7.428,9.894,0.87,0.462,0.282994,330.149785,3.000914,0.536993,1,1,1,2035.112329
HD 10361_1,HD 10361,0.761,0.025,1.303,2.715,8.197,0.77,0.304,0.09759,196.576517,0.757113,0.324432,1,1,1,2035.113699
HD 10361_2,HD 10361,0.985,0.066,0.785,0.596,8.197,0.77,0.304,0.116991,263.246708,0.974541,0.195396,1,1,1,2035.113699
HD 10361_3,HD 10361,1.525,0.07,0.586,0.784,8.197,0.77,0.304,0.165364,293.20489,1.618161,0.641233,1,1,1,2035.113699
HD 10361_4,HD 10361,4.037,0.084,0.501,0.084,8.197,0.77,0.304,,,3.917319,0.486081,0,0,1,2035.113699
HD 3651 A_0,HD 3651 A,0.818,0.09,1.086,0.195,11.108,0.86,0.532,0.069963,198.133437,0.744423,0.331396,1,1,1,2035.115068
HD 3651 A_3,HD 3651 A,0.106,0.12,3.284,8.237,11.108,0.86,0.532,,,0.095235,0.859641,0,0,1,2035.115068
HD 3651 A_5,HD 3651 A,0.552,0.025,0.534,0.148,11.108,0.86,0.532,,,0.551645,0.929529,0,0,1,2035.115068
HD 100623 A_0,HD 100623 A,4.014,0.105,2.503,8.448,9.559,0.88,0.37,0.407934,117.7928,4.308132,0.567101,1,1,1,2035.116438
HD 100623 A_2,HD 100623 A,0.102,0.086,0.559,0.245,9.559,0.88,0.37,,,0.102263,0.426079,0,0,1,2035.116438
HD 100623 A_3,HD 100623 A,4.384,0.075,1.441,2.214,9.559,0.88,0.37,0.223395,197.311432,4.678145,0.90389,1,1,1,2035.116438
HD 100623 A_4,HD 100623 A,2.524,0.072,0.66,0.613,9.559,0.88,0.37,,,2.463401,0.127717,0,0,1,2035.116438
HD 100623 A_5,HD 100623 A,4.18,0.038,0.734,0.337,9.559,0.88,0.37,,,4.164676,0.423433,0,0,1,2035.116438
HD 100623 A_6,HD 100623 A,0.362,0.165,0.555,0.359,9.559,0.88,0.37,,,0.415044,0.021437,0,0,1,2035.116438
HD 100623 A_7,HD 100623 A,4.073,0.068,1.365,1.972,9.559,0.88,0.37,,,3.813558,0.020863,0,0,1,2035.116438
HD 216803_1,HD 216803,3.539,0.087,2.035,5.879,7.601,0.72,0.196,0.46751,160.821244,3.812161,0.537166,1,1,1,2035.117808
HD 216803_3,HD 216803,0.104,0.044,0.893,0.284,7.601,0.72,0.196,,,0.101566,0.14877,0,0,1,2035.117808
HD 216803_4,HD 216803,2.738,0.038,2.631,12.08,7.601,0.72,0.196,0.131232,358.191846,2.788779,0.934538,1,1,1,2035.117808
HD 216803_5,HD 216803,0.109,0.06,0.686,0.431,7.601,0.72,0.196,,,0.114613,0.561451,0,0,1,2035.117808
HD 216803_6,HD 216803,0.431,0.071,1.431,2.693,7.601,0.72,0.196,,,0.438546,0.090332,0,0,1,2035.117808
HD 32147_1,HD 32147,0.121,0.122,1.044,1.526,8.844,0.75,0.29,,,0.112966,0.652243,0,0,1,2035.119178
HD 32147_2,HD 32147,3.272,0.062,1.942,2.786,8.844,0.75,0.29,0.375127,314.390009,3.474146,0.462801,1,1,1,2035.119178
HD 17925_0,HD 17925,1.472,0.037,0.676,0.068,10.361,0.82,0.401,0.140234,296.360487,1.522683,0.150106,1,1,1,2035.120548
HD 17925_2,HD 17925,0.735,0.099,0.938,0.945,10.361,0.82,0.401,,,0.709169,0.013251,0,0,1,2035.120548
HD 17925_3,HD 17925,0.561,0.086,1.065,2.041,10.361,0.82,0.401,,,0.557004,0.103668,0,0,1,2035.120548
HD 17925_4,HD 17925,0.848,0.062,1.424,1.901,10.361,0.82,0.401,0.066622,249.512541,0.866283,0.086691,1,1,1,2035.120548
HD 17925_6,HD 17925,3.618,0.076,0.719,0.216,10.361,0.82,0.401,,,3.626281,0.368758,0,0,1,2035.120548
HD 37394_0,HD 37394,1.839,0.051,0.552,0.164,12.27,0.88,0.478,0.09927,39.076381,1.889844,0.799701,1,1,1,2035.121918
HD 37394_1,HD 37394,0.501,0.058,1.934,5.969,12.27,0.88,0.478,,,0.471985,0.045114,0,0,1,2035.121918
HD 37394_3,HD 37394,1.245,0.044,1.502,2.038,12.27,0.88,0.478,0.098421,337.245901,1.243149,0.255264,1,1,1,2035.121918
HD 37394_5,HD 37394,0.152,0.102,1.111,1.488,12.27,0.88,0.478,,,0.151,0.040555,0,0,1,2035.121918
HD 37394_9,HD 37394,0.863,0.077,0.726,0.552,12.27,0.88,0.478,0.065809,126.097487,0.813027,0.506157,1,1,1,2035.121918
HD 37394_10,HD 37394,0.093,0.059,3.205,15.21,12.27,0.88,0.478,,,0.087514,0.284477,0,0,1,2035.121918
HD 37394_11,HD 37394,1.171,0.065,2.415,5.91,12.27,0.88,0.478,0.091835,30.912952,1.228185,0.239745,1,1,1,2035.121918
HD 37394_15,HD 37394,0.222,0.142,1.093,0.563,12.27,0.88,0.478,,,0.239303,0.544119,0,0,1,2035.121918
HD 37394_16,HD 37394,2.623,0.055,2.621,9.008,12.27,0.88,0.478,0.203792,69.447652,2.563199,0.43851,1,1,1,2035.121918
HD 95735_0,HD 95735,0.673,0.041,0.901,1.876,2.546,0.44,0.02,0.273932,271.457773,0.685419,0.302869,1,1,1,2035.123288
HD 95735_2,HD 95735,0.392,0.078,0.638,0.252,2.546,0.44,0.02,0.124309,263.472091,0.420705,0.710669,1,1,1,2035.123288
HD 95735_3,HD 95735,0.164,0.146,0.847,1.655,2.546,0.44,0.02,,,0.154374,0.436062,0,0,1,2035.123288
HD 95735_4,HD 95735,2.481,0.023,1.454,2.402,2.546,0.44,0.02,0.700467,44.585164,2.506477,0.748419,1,1,1,2035.123288
HD 95735_6,HD 95735,0.163,0.047,1.008,2.764,2.546,0.44,0.02,0.06345,71.094651,0.159107,0.353457,1,1,1,2035.123288
HD 217987_0,HD 217987,3.278,0.032,3.1,17.272,3.287,0.49,0.036,0.954427,193.713346,3.265378,0.194412,1,1,1,2035.124658
HD 217987_1,HD 217987,0.104,0.158,2.049,6.333,3.287,0.49,0.036,,,0.09108,0.084001,0,0,1,2035.124658
HD 202560_0,HD 202560,0.846,0.075,1.59,2.013,3.97,0.59,0.083,0.087294,88.946086,0.807276,0.918563,1,1,1,2035.126027
HD 202560_1,HD 202560,0.552,0.052,0.674,0.125,3.97,0.59,0.083,0.13112,357.831792,0.523474,0.248063,1,1,1,2035.126027
HD 202560_3,HD 202560,0.867,0.117,1.589,3.604,3.97,0.59,0.083,0.231907,73.132306,0.960864,0.451898,1,1,1,2035.126027
HD 202560_4,HD 202560,2.302,0.14,0.558,0.251,3.97,0.59,0.083,,,2.250311,0.113653,0,0,1,2035.126027
HD 202560_5,HD 202560,3.244,0.082,0.847,0.372,3.97,0.59,0.083,,,3.466069,0.07817,0,0,1,2035.126027
HD 202560_6,HD 202560,0.414,0.085,0.785,0.225,3.97,0.59,0.083,0.11247,298.596102,0.448913,0.344343,1,1,1,2035.126027
HD 165341 B_1,HD 165341 B,1.256,0.089,0.5,0.053,5.122,0.78,0.164,,,1.254916,0.053194,0,0,2,2035.191462
HD 165341 B_2,HD 165341 B,4.082,0.042,1.247,0.85,5.122,0.78,0.164,,,4.216171,0.029027,0,0,2,2035.191462
HD 165341 B_3,HD 165341 B,0.1,0.077,0.528,0.124,5.122,0.78,0.164,,,0.092623,0.040475,0,0,2,2035.191462
HD 165341 B_4,HD 165341 B,0.76,0.117,1.137,2.374,5.122,0.78,0.164,0.077142,95.92408,0.809015,0.012085,1,1,2,2035.191462
HD 20794_0,HD 20794,4.322,0.17,2.962,5.742,6.041,0.97,0.654,,,4.454129,0.024305,0,0,2,2035.282776
HD 20794_1,HD 20794,2.398,0.095,1.302,2.525,6.041,0.97,0.654,0.28764,355.087214,2.337014,0.058517,1,1,2,2035.282776
HD 10476_0,HD 10476,0.171,0.07,0.738,0.088,7.644,0.85,0.454,,,0.179187,0.178118,0,0,2,2035.284145
HD 101501_3,HD 101501,0.112,0.069,1.262,2.497,9.576,0.94,0.609,,,0.10555,0.09874,0,0,2,2035.297615
HD 101501_7,HD 101501,0.888,0.054,0.887,0.333,9.576,0.94,0.609,0.08266,342.536142,0.900596,0.56347,1,1,2,2035.297615
HD 156026_0,HD 156026,3.18,0.093,3.171,14.895,5.954,0.68,0.158,0.535599,174.675392,3.348791,0.487892,1,2,2,2035.343145
HD 156026_1,HD 156026,0.564,0.081,0.509,0.042,5.954,0.68,0.158,0.088687,332.886451,0.529045,0.285265,1,2,2,2035.343145
HD 156026_2,HD 156026,0.423,0.044,0.607,0.379,5.954,0.68,0.158,,,0.413146,0.752424,0,1,2,2035.343145
HD 156026_3,HD 156026,1.001,0.06,2.318,7.224,5.954,0.68,0.158,0.174739,22.824087,1.061046,0.199918,1,2,2,2035.343145
HD 156026_5,HD 156026,1.693,0.124,2.972,9.407,5.954,0.68,0.158,0.282342,203.908158,1.899267,0.592549,1,2,2,2035.343145
HD 209100_0,HD 209100,2.433,0.127,0.524,0.078,3.638,0.72,0.222,0.572372,171.20976,2.329779,0.573919,1,2,2,2035.350556
HD 209100_1,HD 209100,1.218,0.094,0.54,0.224,3.638,0.72,0.222,0.297097,321.120498,1.297226,0.658522,1,2,2,2035.350556
HD 209100_2,HD 209100,0.989,0.073,1.925,7.679,3.638,0.72,0.222,0.193328,131.318201,1.008578,0.763506,1,2,2,2035.350556
HD 209100_4,HD 209100,3.542,0.022,2.632,11.464,3.638,0.72,0.222,0.826967,296.997592,3.485085,0.606396,1,2,2,2035.350556
HD 209100_5,HD 209100,0.635,0.076,0.931,0.965,3.638,0.72,0.222,0.139105,156.332643,0.604931,0.10867,1,2,2,2035.350556
HD 209100_6,HD 209100,1.701,0.082,0.885,1.719,3.638,0.72,0.222,,,1.640552,0.000746,0,0,2,2035.350556
HD 209100_8,HD 209100,2.097,0.099,2.488,10.973,3.638,0.72,0.222,0.278269,269.969954,1.953895,0.873176,1,2,2,2035.350556
HD 209100_9,HD 209100,0.782,0.071,2.297,6.298,3.638,0.72,0.222,0.164717,96.212416,0.726537,0.086136,1,2,2,2035.350556
HD 209100_10,HD 209100,0.182,0.056,2.026,7.17,3.638,0.72,0.222,,,0.192148,0.298572,0,0,2,2035.350556
HD 209100_11,HD 209100,0.917,0.107,1.174,2.417,3.638,0.72,0.222,0.187447,210.762737,0.832756,0.627898,1,2,2,2035.350556
HD 165341 B_1,HD 165341 B,1.256,0.089,0.5,0.053,5.122,0.78,0.164,,,1.320521,0.074374,0,0,3,2035.354157
HD 165341 B_2,HD 165341 B,4.082,0.042,1.247,0.85,5.122,0.78,0.164,,,4.226697,0.038562,0,0,3,2035.354157
HD 165341 B_3,HD 165341 B,0.1,0.077,0.528,0.124,5.122,0.78,0.164,,,0.107628,0.688266,0,0,3,2035.354157
HD 165341 B_4,HD 165341 B,0.76,0.117,1.137,2.374,5.122,0.78,0.164,0.129735,75.591694,0.696534,0.461686,1,2,3,2035.354157
HD 155886_1,HD 155886,0.511,0.064,0.698,0.549,5.952,0.85,0.327,0.089004,314.072919,0.524327,0.240537,1,2,2,2035.35577
HD 155886_2,HD 155886,0.232,0.069,1.589,4.704,5.952,0.85,0.327,,,0.247665,0.864983,0,0,2,2035.35577
HD 155886_3,HD 155886,1.253,0.044,2.915,7.774,5.952,0.85,0.327,0.144931,102.413378,1.307151,0.035654,1,2,2,2035.35577
HD 155886_4,HD 155886,0.305,0.028,0.94,0.937,5.952,0.85,0.327,,,0.298164,0.094857,0,0,2,2035.35577
HD 155886_5,HD 155886,0.201,0.128,1.339,2.779,5.952,0.85,0.327,,,0.217965,0.374572,0,0,2,2035.35577
HD 155886_6,HD 155886,0.316,0.044,0.948,1.735,5.952,0.85,0.327,,,0.303019,0.475246,0,0,2,2035.35577
HD 155886_7,HD 155886,0.59,0.079,3.352,16.163,5.952,0.85,0.327,0.090082,70.429292,0.591163,0.124688,1,2,2,2035.35577
HD 155886_8,HD 155886,3.879,0.087,2.635,16.445,5.952,0.85,0.327,0.673519,192.928132,4.102946,0.220617,1,2,2,2035.35577
HD 72905_1,HD 72905,0.661,0.069,0.5,0.051,14.439,1.08,0.973,,,0.699282,0.95126,0,0,2,2035.371876
HD 72905_3,HD 72905,0.899,0.099,2.776,19.234,14.439,1.08,0.973,,,0.920047,0.043926,0,0,2,2035.371876
HD 72905_4,HD 72905,0.923,0.214,1.407,2.24,14.439,1.08,0.973,0.074789,141.375442,1.119745,0.158872,1,1,2,2035.371876
HD 72905_5,HD 72905,3.175,0.086,0.525,0.068,14.439,1.08,0.973,,,3.048045,0.131833,0,0,2,2035.371876
HD 26965 A_1,HD 26965 A,0.482,0.058,1.38,2.403,5.01,0.86,0.41,0.072152,205.016651,0.495407,0.050016,1,2,2,2035.376064
HD 26965 A_2,HD 26965 A,0.345,0.049,0.5,0.06,5.01,0.86,0.41,0.065669,337.511587,0.341661,0.453596,1,2,2,2035.376064
HD 4391_0,HD 4391,0.363,0.182,1.471,1.692,15.049,0.98,0.923,,,0.334095,0.833918,0,0,2,2035.377434
HD 4391_1,HD 4391,1.544,0.114,0.614,0.159,15.049,0.98,0.923,0.083084,231.741329,1.432379,0.5147,1,1,2,2035.377434
HD 4391_2,HD 4391,0.361,0.058,0.863,0.256,15.049,0.98,0.923,,,0.380007,0.70437,0,0,2,2035.377434
HD 4391_3,HD 4391,0.102,0.064,0.942,1.344,15.049,0.98,0.923,,,0.104001,0.738635,0,0,2,2035.377434
HD 4391_4,HD 4391,0.526,0.038,2.712,11.881,15.049,0.98,0.923,,,0.545353,0.563061,0,0,2,2035.377434
HD 146233_0,HD 146233,0.356,0.047,2.679,8.19,14.137,1.02,1.094,,,0.369718,0.052744,0,0,2,2035.396875
HD 146233_1,HD 146233,0.206,0.044,2.032,3.376,14.137,1.02,1.094,,,0.210884,0.057623,0,0,2,2035.396875
HD 146233_4,HD 146233,0.539,0.141,1.433,3.682,14.137,1.02,1.094,,,0.467635,0.006091,0,0,2,2035.396875
HD 65907 A_0,HD 65907 A,0.584,0.099,0.585,0.122,16.172,1.11,1.29,,,0.594835,0.245251,0,0,2,2035.42184
HD 65907 A_1,HD 65907 A,1.316,0.075,0.982,3.131,16.172,1.11,1.29,0.072214,91.668283,1.310372,0.497073,1,1,2,2035.42184
HD 65907 A_2,HD 65907 A,1.009,0.058,1.202,5.136,16.172,1.11,1.29,0.060434,196.038137,1.037895,0.212074,1,1,2,2035.42184
HD 10780_0,HD 10780,0.841,0.11,1.077,1.181,10.041,0.9,0.516,0.075955,329.082107,0.93349,0.088621,1,2,2,2035.425535
HD 10780_3,HD 10780,2.25,0.098,1.348,1.367,10.041,0.9,0.516,0.206481,270.806909,2.077593,0.418071,1,2,2,2035.425535
HD 10780_4,HD 10780,2.669,0.102,2.513,12.001,10.041,0.9,0.516,0.232124,125.866098,2.499044,0.159706,1,2,2,2035.425535
HD 192310_0,HD 192310,1.267,0.07,0.641,0.14,8.812,0.77,0.404,0.101281,183.199551,1.18291,0.060927,1,1,2,2035.426905
HD 192310_1,HD 192310,1.472,0.082,2.73,7.674,8.812,0.77,0.404,0.132179,234.145926,1.509594,0.070779,1,2,2,2035.426905
HD 192310_2,HD 192310,0.631,0.109,2.544,13.411,8.812,0.77,0.404,0.058913,202.672105,0.649462,0.09295,1,2,2,2035.426905
HD 192310_3,HD 192310,0.091,0.084,2.458,12.572,8.812,0.77,0.404,,,0.093632,0.821058,0,0,2,2035.426905
HD 185144_1,HD 185144,0.747,0.07,0.5,0.019,5.764,0.87,0.434,0.091925,248.762483,0.782565,0.789437,1,1,2,2035.428275
HD 185144_3,HD 185144,0.688,0.135,2.317,4.389,5.764,0.87,0.434,0.121662,95.656145,0.725726,0.298797,1,2,2,2035.428275
HD 33262 A_0,HD 33262 A,4.098,0.155,0.949,0.422,11.693,1.14,1.466,,,4.679554,0.10444,0,0,2,2035.429645
HD 33262 A_1,HD 33262 A,3.3,0.062,1.368,1.583,11.693,1.14,1.466,,,3.387316,0.004505,0,0,2,2035.429645
HD 33262 A_2,HD 33262 A,3.337,0.087,0.965,0.502,11.693,1.14,1.466,,,3.584472,0.135566,0,0,2,2035.429645
HD 33262 A_4,HD 33262 A,1.015,0.091,2.255,9.306,11.693,1.14,1.466,0.059667,343.515628,1.106584,0.038417,1,1,2,2035.429645
HD 33262 A_5,HD 33262 A,0.358,0.206,1.487,2.029,11.693,1.14,1.466,,,0.395508,0.681084,0,0,2,2035.429645
HD 33262 A_6,HD 33262 A,0.874,0.139,0.646,0.257,11.693,1.14,1.466,,,0.939522,0.898485,0,0,2,2035.429645
HD 33262 A_8,HD 33262 A,0.199,0.101,2.893,13.631,11.693,1.14,1.466,,,0.203388,0.011255,0,0,2,2035.429645
HD 165341 A_0,HD 165341 A,3.482,0.036,1.359,2.775,5.113,0.88,0.532,,,3.461659,0.0016,0,0,2,2035.437895
HD 165341 A_2,HD 165341 A,0.277,0.022,2.947,13.11,5.113,0.88,0.532,,,0.278149,0.950523,0,0,2,2035.437895
HD 165341 A_3,HD 165341 A,0.642,0.027,1.615,1.833,5.113,0.88,0.532,,,0.628278,0.000129,0,1,2,2035.437895
HD 55575_0,HD 55575,1.084,0.09,0.727,0.186,16.852,1.14,1.463,,,1.179478,0.779388,0,0,2,2035.443569
HD 55575_1,HD 55575,0.133,0.053,0.578,0.677,16.852,1.14,1.463,,,0.12613,0.447558,0,0,2,2035.443569
HD 17925_0,HD 17925,1.472,0.037,0.676,0.068,10.361,0.82,0.401,0.128598,230.192196,1.51546,0.118665,1,2,2,2035.452634
HD 17925_2,HD 17925,0.735,0.099,0.938,0.945,10.361,0.82,0.401,,,0.780546,0.989992,0,0,2,2035.452634
HD 17925_3,HD 17925,0.561,0.086,1.065,2.041,10.361,0.82,0.401,,,0.51693,0.144417,0,0,2,2035.452634
HD 17925_4,HD 17925,0.848,0.062,1.424,1.901,10.361,0.82,0.401,,,0.872358,0.961815,0,1,2,2035.452634
HD 17925_6,HD 17925,3.618,0.076,0.719,0.216,10.361,0.82,0.401,,,3.699595,0.274972,0,0,2,2035.452634
HD 10476_0,HD 10476,0.171,0.07,0.738,0.088,7.644,0.85,0.454,,,0.159546,0.274314,0,0,3,2035.469364
HD 202560_0,HD 202560,0.846,0.075,1.59,2.013,3.97,0.59,0.083,0.18503,298.783587,0.834371,0.109641,1,2,2,2035.475855
HD 202560_1,HD 202560,0.552,0.052,0.674,0.125,3.97,0.59,0.083,0.142172,124.101093,0.571359,0.341066,1,2,2,2035.475855
HD 202560_3,HD 202560,0.867,0.117,1.589,3.604,3.97,0.59,0.083,0.215086,329.535604,0.870006,0.390334,1,2,2,2035.475855
HD 202560_4,HD 202560,2.302,0.14,0.558,0.251,3.97,0.59,0.083,,,2.101028,0.12329,0,0,2,2035.475855
HD 202560_5,HD 202560,3.244,0.082,0.847,0.372,3.97,0.59,0.083,,,3.497013,0.086209,0,0,2,2035.475855
HD 202560_6,HD 202560,0.414,0.085,0.785,0.225,3.97,0.59,0.083,0.112358,296.116302,0.448665,0.338299,1,2,2,2035.475855
HD 165499_0,HD 165499,3.777,0.071,0.637,0.161,17.753,1.08,1.731,,,3.641629,0.051323,0,0,2,2035.49903
HD 165499_1,HD 165499,0.192,0.04,0.654,0.106,17.753,1.08,1.731,,,0.199256,0.00742,0,0,2,2035.49903
HD 165499_3,HD 165499,0.221,0.065,0.75,0.229,17.753,1.08,1.731,,,0.217403,0.008848,0,0,2,2035.49903
HD 165499_4,HD 165499,1.569,0.062,3.377,24.497,17.753,1.08,1.731,0.083731,348.722285,1.582855,0.528606,1,1,2,2035.49903
HD 131156 A_0,HD 131156 A,0.922,0.01,2.426,6.027,6.754,0.96,0.553,0.135256,48.904435,0.920674,0.307672,1,2,2,2035.504813
HD 131156 A_1,HD 131156 A,1.097,0.147,1.932,4.971,6.754,0.96,0.553,0.182928,258.829229,1.215209,0.342117,1,2,2,2035.504813
HD 3651 A_0,HD 3651 A,0.818,0.09,1.086,0.195,11.108,0.86,0.532,0.083231,18.392376,0.891479,0.271911,1,2,2,2035.526567
HD 3651 A_3,HD 3651 A,0.106,0.12,3.284,8.237,11.108,0.86,0.532,,,0.093855,0.34965,0,0,2,2035.526567
HD 3651 A_5,HD 3651 A,0.552,0.025,0.534,0.148,11.108,0.86,0.532,,,0.557448,0.817559,0,0,2,2035.526567
HD 38393_0,HD 38393,0.205,0.072,1.088,1.383,8.905,1.23,2.344,,,0.191902,0.910131,0,0,2,2035.536961
HD 38393_1,HD 38393,3.39,0.099,0.656,0.073,8.905,1.23,2.344,,,3.724032,0.057502,0,0,2,2035.536961
HD 38393_3,HD 38393,0.355,0.086,1.549,2.098,8.905,1.23,2.344,,,0.338363,0.265156,0,0,2,2035.536961
HD 38393_4,HD 38393,4.373,0.052,1.208,1.876,8.905,1.23,2.344,,,4.14576,0.00704,0,0,2,2035.536961
HD 128621_0,HD 128621,0.181,0.076,0.591,0.281,1.332,0.94,0.503,0.123016,199.330006,0.176476,0.157701,1,2,2,2035.546366
HD 128621_1,HD 128621,3.969,0.152,0.756,0.624,1.332,0.94,0.503,,,3.930779,0.428455,0,0,2,2035.546366
HD 128621_3,HD 128621,4.377,0.084,0.667,0.424,1.332,0.94,0.503,,,4.708245,0.004097,0,0,2,2035.546366
HD 128621_4,HD 128621,1.135,0.055,1.179,1.502,1.332,0.94,0.503,0.778395,230.46764,1.151382,0.12661,1,2,2,2035.546366
HD 155886_1,HD 155886,0.511,0.064,0.698,0.549,5.952,0.85,0.327,0.080139,121.388197,0.488635,0.440694,1,3,3,2035.581404
HD 155886_2,HD 155886,0.232,0.069,1.589,4.704,5.952,0.85,0.327,,,0.245304,0.881238,0,0,3,2035.581404
HD 155886_3,HD 155886,1.253,0.044,2.915,7.774,5.952,0.85,0.327,0.178534,34.112138,1.294941,0.079851,1,3,3,2035.581404
HD 155886_4,HD 155886,0.305,0.028,0.94,0.937,5.952,0.85,0.327,,,0.299422,0.743418,0,0,3,2035.581404
HD 155886_5,HD 155886,0.201,0.128,1.339,2.779,5.952,0.85,0.327,,,0.176719,0.844299,0,0,3,2035.581404
HD 155886_6,HD 155886,0.316,0.044,0.948,1.735,5.952,0.85,0.327,,,0.314417,0.391727,0,0,3,2035.581404
HD 155886_7,HD 155886,0.59,0.079,3.352,16.163,5.952,0.85,0.327,0.09683,286.288128,0.607603,0.509712,1,3,3,2035.581404
HD 155886_8,HD 155886,3.879,0.087,2.635,16.445,5.952,0.85,0.327,0.674192,184.190896,4.059115,0.242643,1,3,3,2035.581404
HD 209100_0,HD 209100,2.433,0.127,0.524,0.078,3.638,0.72,0.222,0.660239,168.218143,2.435193,0.377418,1,3,3,2035.592893
HD 209100_1,HD 209100,1.218,0.094,0.54,0.224,3.638,0.72,0.222,0.362578,290.994972,1.332131,0.300376,1,3,3,2035.592893
HD 209100_2,HD 209100,0.989,0.073,1.925,7.679,3.638,0.72,0.222,0.241878,39.111782,0.925508,0.482182,1,3,3,2035.592893
HD 209100_4,HD 209100,3.542,0.022,2.632,11.464,3.638,0.72,0.222,0.74893,288.294138,3.475759,0.69548,1,3,3,2035.592893
HD 209100_5,HD 209100,0.635,0.076,0.931,0.965,3.638,0.72,0.222,0.153491,27.535888,0.681942,0.664843,1,3,3,2035.592893
HD 209100_6,HD 209100,1.701,0.082,0.885,1.719,3.638,0.72,0.222,0.310374,133.269318,1.579006,0.050849,1,1,3,2035.592893
HD 209100_8,HD 209100,2.097,0.099,2.488,10.973,3.638,0.72,0.222,0.283283,215.15163,2.033173,0.879123,1,3,3,2035.592893
HD 209100_9,HD 209100,0.782,0.071,2.297,6.298,3.638,0.72,0.222,0.189122,358.364572,0.803905,0.636228,1,3,3,2035.592893
HD 209100_10,HD 209100,0.182,0.056,2.026,7.17,3.638,0.72,0.222,,,0.174779,0.449265,0,0,3,2035.592893
HD 209100_11,HD 209100,0.917,0.107,1.174,2.417,3.638,0.72,0.222,0.241951,108.359734,0.962319,0.546868,1,3,3,2035.592893
HD 30495_0,HD 30495,1.934,0.08,0.989,1.288,13.24,1.04,0.966,0.148229,273.344338,1.980478,0.404544,1,2,2,2035.611435
HD 30495_2,HD 30495,0.416,0.06,1.179,0.557,13.24,1.04,0.966,,,0.400354,0.404457,0,0,2,2035.611435
HD 30495_3,HD 30495,1.848,0.089,0.623,0.48,13.24,1.04,0.966,0.14755,343.560757,1.966266,0.256622,1,2,2,2035.611435
HD 43386_0,HD 43386,2.541,0.037,0.504,0.177,19.588,1.33,2.957,,,2.60609,0.128595,0,0,2,2035.620128
HD 43386_1,HD 43386,1.141,0.101,1.584,2.873,19.588,1.33,2.957,,,1.031943,0.635432,0,0,2,2035.620128
HD 43386_3,HD 43386,0.289,0.045,1.072,0.429,19.588,1.33,2.957,,,0.280227,0.157645,0,0,2,2035.620128
HD 37394_0,HD 37394,1.839,0.051,0.552,0.164,12.27,0.88,0.478,0.140027,20.017031,1.785017,0.196228,1,2,2,2035.623451
HD 37394_1,HD 37394,0.501,0.058,1.934,5.969,12.27,0.88,0.478,,,0.514489,0.488516,0,0,2,2035.623451
HD 37394_3,HD 37394,1.245,0.044,1.502,2.038,12.27,0.88,0.478,,,1.294094,0.957558,0,1,2,2035.623451
HD 37394_5,HD 37394,0.152,0.102,1.111,1.488,12.27,0.88,0.478,,,0.154777,0.053433,0,0,2,2035.623451
HD 37394_9,HD 37394,0.863,0.077,0.726,0.552,12.27,0.88,0.478,0.069852,294.6113,0.890321,0.269467,1,2,2,2035.623451
HD 37394_10,HD 37394,0.093,0.059,3.205,15.21,12.27,0.88,0.478,,,0.094498,0.006447,0,0,2,2035.623451
HD 37394_11,HD 37394,1.171,0.065,2.415,5.91,12.27,0.88,0.478,0.08845,271.526471,1.175951,0.490898,1,2,2,2035.623451
HD 37394_15,HD 37394,0.222,0.142,1.093,0.563,12.27,0.88,0.478,,,0.208302,0.185238,0,0,2,2035.623451
HD 37394_16,HD 37394,2.623,0.055,2.621,9.008,12.27,0.88,0.478,0.181135,58.826411,2.491271,0.115007,1,2,2,2035.623451
HD 210302_0,HD 210302,0.937,0.087,1.293,2.482,18.458,1.25,2.918,,,1.017494,0.272901,0,0,2,2035.630237
HD 210302_1,HD 210302,0.316,0.034,0.672,0.291,18.458,1.25,2.918,,,0.31805,0.3238,0,0,2,2035.630237
HD 210302_2,HD 210302,0.162,0.125,0.82,0.565,18.458,1.25,2.918,,,0.180141,0.893712,0,0,2,2035.630237
HD 210302_3,HD 210302,0.925,0.123,2.909,15.97,18.458,1.25,2.918,,,0.843076,0.250211,0,0,2,2035.630237
HD 210302_4,HD 210302,1.629,0.122,1.727,5.061,18.458,1.25,2.918,0.068924,89.027179,1.687861,0.064327,1,1,2,2035.630237
HD 43042_0,HD 43042,4.095,0.078,0.558,0.185,21.776,1.29,2.936,,,3.775595,0.400344,0,0,2,2035.632998
HD 43042_1,HD 43042,0.434,0.11,0.533,0.05,21.776,1.29,2.936,,,0.431175,0.406898,0,0,2,2035.632998
HD 43042_3,HD 43042,0.724,0.14,0.733,0.758,21.776,1.29,2.936,,,0.808583,0.795753,0,0,2,2035.632998
HD 190248_1,HD 190248,1.11,0.055,1.408,3.629,6.099,0.94,1.25,0.100793,342.565058,1.061398,0.024821,1,2,2,2035.635365
HD 190248_2,HD 190248,3.754,0.072,1.017,1.24,6.099,0.94,1.25,0.646059,315.956645,4.024142,0.243451,1,1,2,2035.635365
HD 190248_3,HD 190248,1.406,0.139,0.51,0.568,6.099,0.94,1.25,0.230612,258.785702,1.450546,0.268807,1,1,2,2035.635365
HD 102365_0,HD 102365,1.154,0.024,2.235,11.472,9.319,1.02,0.844,0.127573,64.467881,1.181141,0.439179,1,2,2,2035.640422
HD 102365_1,HD 102365,4.021,0.031,1.113,0.834,9.319,1.02,0.844,,,4.134336,0.043441,0,0,2,2035.640422
HD 102365_2,HD 102365,0.113,0.031,0.976,0.303,9.319,1.02,0.844,,,0.110881,0.059001,0,0,2,2035.640422
HD 202560_0,HD 202560,0.846,0.075,1.59,2.013,3.97,0.59,0.083,,,0.893556,0.002524,0,2,3,2035.64623
HD 202560_1,HD 202560,0.552,0.052,0.674,0.125,3.97,0.59,0.083,0.128336,5.919375,0.524433,0.24447,1,3,3,2035.64623
HD 202560_3,HD 202560,0.867,0.117,1.589,3.604,3.97,0.59,0.083,0.183579,266.417386,0.779142,0.226693,1,3,3,2035.64623
HD 202560_4,HD 202560,2.302,0.14,0.558,0.251,3.97,0.59,0.083,,,2.042667,0.14868,0,0,3,2035.64623
HD 202560_5,HD 202560,3.244,0.082,0.847,0.372,3.97,0.59,0.083,,,3.505542,0.094216,0,0,3,2035.64623
HD 202560_6,HD 202560,0.414,0.085,0.785,0.225,3.97,0.59,0.083,0.102692,116.571084,0.379169,0.298405,1,3,3,2035.64623
HD 1581_1,HD 1581,1.541,0.046,2.633,10.663,8.607,1.11,1.262,0.141761,146.391081,1.609391,0.065643,1,2,2,2035.6476
HD 1581_2,HD 1581,0.181,0.101,0.988,1.538,8.607,1.11,1.262,,,0.188922,0.436698,0,0,2,2035.6476
HD 1581_3,HD 1581,1.491,0.126,2.76,10.6,8.607,1.11,1.262,0.150679,309.619705,1.346491,0.261861,1,2,2,2035.6476
HD 1581_4,HD 1581,0.208,0.109,2.378,6.033,8.607,1.11,1.262,,,0.228732,0.577664,0,0,2,2035.6476
HD 10476_0,HD 10476,0.171,0.07,0.738,0.088,7.644,0.85,0.454,,,0.182439,0.663288,0,0,4,2035.654582
HD 134083_0,HD 134083,0.116,0.07,1.9,7.058,19.536,1.33,3.255,,,0.114389,0.974129,0,0,2,2035.655952
HD 134083_1,HD 134083,0.36,0.097,1.358,2.746,19.536,1.33,3.255,,,0.377668,0.250008,0,0,2,2035.655952
HD 134083_3,HD 134083,0.749,0.13,0.881,0.684,19.536,1.33,3.255,,,0.826649,0.283069,0,0,2,2035.655952
HD 134083_4,HD 134083,0.959,0.114,0.591,0.338,19.536,1.33,3.255,,,1.038021,0.093082,0,0,2,2035.655952
HD 20807_0,HD 20807,0.337,0.072,1.793,3.234,12.039,1.07,1.017,,,0.361202,0.155094,0,0,2,2035.659808
HD 20807_1,HD 20807,1.546,0.069,0.954,0.846,12.039,1.07,1.017,0.080757,157.308406,1.455488,0.038835,1,2,2,2035.659808
HD 20807_2,HD 20807,2.979,0.055,2.038,8.298,12.039,1.07,1.017,,,3.109228,0.013015,0,1,2,2035.659808
HD 185144_1,HD 185144,0.747,0.07,0.5,0.019,5.764,0.87,0.434,0.120862,73.281546,0.694933,0.231394,1,2,3,2035.687461
HD 185144_3,HD 185144,0.688,0.135,2.317,4.389,5.764,0.87,0.434,0.111338,274.581806,0.630345,0.329311,1,3,3,2035.687461
HD 20766_0,HD 20766,1.336,0.161,1.674,3.092,12.045,1.01,0.794,0.095022,79.862944,1.247302,0.577955,1,2,2,2035.695394
HD 20766_1,HD 20766,0.327,0.097,2.659,6.922,12.045,1.01,0.794,,,0.303909,0.015447,0,0,2,2035.695394
HD 20766_4,HD 20766,1.915,0.031,0.912,0.441,12.045,1.01,0.794,0.13899,2.879093,1.866245,0.143565,1,2,2,2035.695394
HD 136352_0,HD 136352,1.127,0.083,0.501,0.05,14.739,1.02,1.029,0.070066,139.833869,1.033639,0.168545,1,2,2,2035.697261
HD 136352_2,HD 136352,0.995,0.082,1.549,3.519,14.739,1.02,1.029,,,1.071374,0.000138,0,0,2,2035.697261
HD 136352_3,HD 136352,3.774,0.069,2.041,4.78,14.739,1.02,1.029,0.237306,243.501536,3.693956,0.523761,1,2,2,2035.697261
HD 136352_4,HD 136352,1.831,0.068,0.826,0.342,14.739,1.02,1.029,0.11571,308.147355,1.771884,0.529735,1,2,2,2035.697261
HD 20630_1,HD 20630,0.648,0.142,1.547,4.726,9.276,0.98,0.857,,,0.558782,0.176432,0,1,2,2035.703822
HD 20630_5,HD 20630,1.387,0.083,0.621,0.63,9.276,0.98,0.857,0.148825,341.374176,1.480046,0.527133,1,2,2,2035.703822
HD 128620_0,HD 128620,1.567,0.074,0.945,0.738,1.332,1.11,1.521,0.526461,1.894151,1.664214,0.915108,1,1,2,2035.705192
HD 128620_1,HD 128620,1.266,0.016,1.198,6.221,1.332,1.11,1.521,0.769385,280.344976,1.259532,0.083725,1,2,2,2035.705192
HD 101501_3,HD 101501,0.112,0.069,1.262,2.497,9.576,0.94,0.609,,,0.118397,0.598624,0,0,3,2035.706562
HD 101501_7,HD 101501,0.888,0.054,0.887,0.333,9.576,0.94,0.609,0.075963,165.323599,0.87245,0.120896,1,2,3,2035.706562
HD 146233_0,HD 146233,0.356,0.047,2.679,8.19,14.137,1.02,1.094,,,0.346803,0.880699,0,0,3,2035.723888
HD 146233_1,HD 146233,0.206,0.044,2.032,3.376,14.137,1.02,1.094,,,0.202561,0.612744,0,0,3,2035.723888
HD 146233_4,HD 146233,0.539,0.141,1.433,3.682,14.137,1.02,1.094,,,0.48853,0.196148,0,0,3,2035.723888
HD 109358_0,HD 109358,0.599,0.064,0.661,0.193,8.473,1.08,1.151,0.065101,66.761778,0.565619,0.335337,1,2,2,2035.725258
HD 109358_1,HD 109358,0.313,0.024,1.946,4.835,8.473,1.08,1.151,,,0.307066,0.009946,0,0,2,2035.725258
HD 109358_3,HD 109358,0.172,0.066,1.409,1.609,8.473,1.08,1.151,,,0.180929,0.055102,0,0,2,2035.725258
HD 109358_4,HD 109358,1.488,0.078,0.58,0.237,8.473,1.08,1.151,0.180352,11.599297,1.603284,0.387769,1,2,2,2035.725258
HD 109358_5,HD 109358,3.968,0.05,3.285,25.806,8.473,1.08,1.151,,,3.917746,0.014364,0,1,2,2035.725258
HD 166_0,HD 166,1.592,0.09,1.08,2.182,13.766,0.94,0.647,,,1.475135,0.005902,0,1,2,2035.726627
HD 166_1,HD 166,0.635,0.021,0.515,0.062,13.766,0.94,0.647,,,0.621911,0.858316,0,0,2,2035.726627
HD 128621_0,HD 128621,0.181,0.076,0.591,0.281,1.332,0.94,0.503,0.12876,26.116785,0.179654,0.383231,1,3,3,2035.736567
HD 128621_1,HD 128621,3.969,0.152,0.756,0.624,1.332,0.94,0.503,,,4.018985,0.475285,0,0,3,2035.736567
HD 128621_3,HD 128621,4.377,0.084,0.667,0.424,1.332,0.94,0.503,,,4.724653,0.003001,0,0,3,2035.736567
HD 128621_4,HD 128621,1.135,0.055,1.179,1.502,1.332,0.94,0.503,0.820834,180.966593,1.094558,0.350606,1,3,3,2035.736567
HD 114710_0,HD 114710,1.415,0.117,0.681,0.147,9.197,1.11,1.357,0.107462,1.151497,1.253577,0.075215,1,2,2,2035.764337
HD 114710_1,HD 114710,0.314,0.116,0.63,1.142,9.197,1.11,1.357,,,0.281016,0.893035,0,0,2,2035.764337
HD 114710_2,HD 114710,2.258,0.018,0.683,0.173,9.197,1.11,1.357,,,2.245981,0.010917,0,0,2,2035.764337
HD 114710_4,HD 114710,0.861,0.053,0.898,0.439,9.197,1.11,1.357,0.085608,69.029313,0.820277,0.181544,1,2,2,2035.764337
HD 114710_5,HD 114710,0.124,0.109,3.108,17.681,9.197,1.11,1.357,,,0.137502,0.10647,0,0,2,2035.764337
HD 10780_0,HD 10780,0.841,0.11,1.077,1.181,10.041,0.9,0.516,0.067123,189.629723,0.761434,0.619048,1,3,3,2035.772988
HD 10780_3,HD 10780,2.25,0.098,1.348,1.367,10.041,0.9,0.516,0.177179,256.736409,2.0295,0.111846,1,3,3,2035.772988
HD 10780_4,HD 10780,2.669,0.102,2.513,12.001,10.041,0.9,0.516,0.2285,95.014647,2.620656,0.112568,1,3,3,2035.772988
HD 147513_0,HD 147513,1.541,0.04,0.645,0.152,12.892,1.07,1.001,0.110323,7.268157,1.51276,0.503494,1,2,2,2035.782261
HD 147513_1,HD 147513,1.513,0.099,0.537,0.038,12.892,1.07,1.001,0.111841,238.303021,1.472847,0.293629,1,2,2,2035.782261
HD 147513_2,HD 147513,4.633,0.075,1.379,7.403,12.892,1.07,1.001,0.292012,110.885863,4.285591,0.580412,1,2,2,2035.782261
HD 147513_4,HD 147513,0.196,0.111,0.74,0.096,12.892,1.07,1.001,,,0.217678,0.230024,0,0,2,2035.782261
HD 147513_5,HD 147513,4.52,0.075,0.624,0.254,12.892,1.07,1.001,,,4.51085,0.275635,0,0,2,2035.782261
HD 147513_6,HD 147513,1.743,0.075,1.796,2.912,12.892,1.07,1.001,0.122588,56.567691,1.795267,0.118627,1,2,2,2035.782261
HD 147513_7,HD 147513,2.47,0.028,0.667,0.174,12.892,1.07,1.001,,,2.423573,0.988293,0,1,2,2035.782261
HD 115617_0,HD 115617,1.956,0.004,0.732,1.017,8.534,0.97,0.825,0.214843,56.835721,1.950846,0.16554,1,2,2,2035.787805
HD 115617_1,HD 115617,0.76,0.09,2.931,6.157,8.534,0.97,0.825,0.091601,248.381959,0.784276,0.455287,1,2,2,2035.787805
HD 115617_2,HD 115617,0.621,0.047,0.562,0.059,8.534,0.97,0.825,0.06646,113.557909,0.60397,0.497561,1,2,2,2035.787805
HD 115617_3,HD 115617,0.199,0.073,3.38,12.207,8.534,0.97,0.825,,,0.185832,0.032275,0,0,2,2035.787805
HD 115617_4,HD 115617,2.599,0.104,0.763,0.174,8.534,0.97,0.825,0.071761,240.270881,2.865289,0.978935,1,2,2,2035.787805
HD 115617_5,HD 115617,2.098,0.045,1.487,3.177,8.534,0.97,0.825,0.234896,328.736781,2.041677,0.317772,1,2,2,2035.787805
HD 115617_6,HD 115617,3.003,0.084,0.942,0.936,8.534,0.97,0.825,,,3.226424,0.042188,0,0,2,2035.787805
HD 203608_0,HD 203608,2.203,0.092,1.79,3.488,9.258,1.14,1.466,0.217743,326.747485,2.269573,0.120688,1,2,2,2035.808544
HD 203608_1,HD 203608,2.342,0.1,0.502,0.104,9.258,1.14,1.466,0.240364,249.940329,2.227396,0.360024,1,2,2,2035.808544
HD 203608_2,HD 203608,2.74,0.062,1.086,1.189,9.258,1.14,1.466,0.293328,127.108562,2.679454,0.305223,1,2,2,2035.808544
HD 203608_5,HD 203608,4.293,0.038,0.929,0.698,9.258,1.14,1.466,,,4.427684,0.016692,0,0,2,2035.808544
HD 203608_6,HD 203608,0.526,0.072,0.985,0.486,9.258,1.14,1.466,,,0.488172,0.461066,0,0,2,2035.808544
HD 17925_0,HD 17925,1.472,0.037,0.676,0.068,10.361,0.82,0.401,0.139851,169.991179,1.460339,0.284508,1,3,3,2035.814856
HD 17925_2,HD 17925,0.735,0.099,0.938,0.945,10.361,0.82,0.401,,,0.708095,0.012078,0,0,3,2035.814856
HD 17925_3,HD 17925,0.561,0.086,1.065,2.041,10.361,0.82,0.401,,,0.574069,0.772291,0,0,3,2035.814856
HD 17925_4,HD 17925,0.848,0.062,1.424,1.901,10.361,0.82,0.401,,,0.807071,0.008455,0,1,3,2035.814856
HD 17925_6,HD 17925,3.618,0.076,0.719,0.216,10.361,0.82,0.401,,,3.77127,0.191558,0,0,3,2035.814856
HD 19373_0,HD 19373,0.74,0.034,3.212,9.93,10.577,1.08,2.23,,,0.765074,0.681219,0,1,2,2035.818861
HD 19373_2,HD 19373,0.724,0.048,1.483,3.085,10.577,1.08,2.23,,,0.752988,0.748004,0,1,2,2035.818861
HD 19373_3,HD 19373,0.676,0.061,1.037,1.075,10.577,1.08,2.23,,,0.714108,0.03197,0,0,2,2035.818861
HD 19373_6,HD 19373,0.114,0.04,2.433,8.086,10.577,1.08,2.23,,,0.118552,0.502116,0,0,2,2035.818861
HD 19373_7,HD 19373,2.87,0.048,1.622,2.945,10.577,1.08,2.23,0.26837,138.281703,2.997392,0.443387,1,2,2,2035.818861
HD 55575_0,HD 55575,1.084,0.09,0.727,0.186,16.852,1.14,1.463,,,1.045319,0.00403,0,0,3,2035.828233
HD 55575_1,HD 55575,0.133,0.053,0.578,0.677,16.852,1.14,1.463,,,0.138736,0.03745,0,0,3,2035.828233
HD 219134_0,HD 219134,1.298,0.068,3.021,11.197,6.542,0.75,0.266,0.140149,196.967432,1.355809,0.774794,1,2,2,2035.836158
HD 219134_1,HD 219134,0.107,0.06,0.589,0.114,6.542,0.75,0.266,,,0.112727,0.537522,0,0,2,2035.836158
HD 219134_2,HD 219134,0.475,0.085,1.279,2.244,6.542,0.75,0.266,,,0.436281,0.053409,0,0,2,2035.836158
HD 219134_3,HD 219134,2.999,0.067,1.913,4.52,6.542,0.75,0.266,0.410928,172.903224,3.025457,0.58761,1,2,2,2035.836158
HD 219134_4,HD 219134,0.285,0.083,1.716,4.805,6.542,0.75,0.266,,,0.278396,0.298973,0,0,2,2035.836158
HD 219134_5,HD 219134,1.823,0.052,1.09,4.144,6.542,0.75,0.266,0.26288,220.134567,1.743514,0.30464,1,2,2,2035.836158
HD 219134_7,HD 219134,0.986,0.056,2.277,3.449,6.542,0.75,0.266,0.147144,356.637802,1.010147,0.493038,1,2,2,2035.836158
HD 192310_0,HD 192310,1.267,0.07,0.641,0.14,8.812,0.77,0.404,0.083361,170.502407,1.300319,0.833154,1,2,3,2035.838078
HD 192310_1,HD 192310,1.472,0.082,2.73,7.674,8.812,0.77,0.404,0.16109,162.049521,1.371394,0.320764,1,3,3,2035.838078
HD 192310_2,HD 192310,0.631,0.109,2.544,13.411,8.812,0.77,0.404,0.059283,314.644847,0.56224,0.394338,1,3,3,2035.838078
HD 192310_3,HD 192310,0.091,0.084,2.458,12.572,8.812,0.77,0.404,,,0.083514,0.193239,0,0,3,2035.838078
HD 10476_0,HD 10476,0.171,0.07,0.738,0.088,7.644,0.85,0.454,,,0.16425,0.00984,0,0,5,2035.8398
HD 156026_0,HD 156026,3.18,0.093,3.171,14.895,5.954,0.68,0.158,0.442332,160.534853,3.440339,0.706196,1,3,3,2035.891769
HD 156026_1,HD 156026,0.564,0.081,0.509,0.042,5.954,0.68,0.158,0.081029,315.624095,0.519514,0.538532,1,3,3,2035.891769
HD 156026_2,HD 156026,0.423,0.044,0.607,0.379,5.954,0.68,0.158,,,0.441558,0.009295,0,1,3,2035.891769
HD 156026_3,HD 156026,1.001,0.06,2.318,7.224,5.954,0.68,0.158,0.160184,214.610224,0.944528,0.317375,1,3,3,2035.891769
HD 156026_5,HD 156026,1.693,0.124,2.972,9.407,5.954,0.68,0.158,0.264329,132.114867,1.810362,0.619516,1,3,3,2035.891769
HD 39091_1,HD 39091,3.12,0.028,1.191,1.952,18.287,1.08,1.533,,,3.098909,0.085361,0,0,2,2035.896975
HD 39091_2,HD 39091,2.865,0.029,0.677,0.089,18.287,1.08,1.533,,,2.851603,0.227207,0,0,2,2035.896975
HD 39091_3,HD 39091,3.55,0.072,1.069,0.919,18.287,1.08,1.533,0.139219,133.041053,3.764506,0.771185,1,2,2,2035.896975
HD 39091_4,HD 39091,4.534,0.027,1.234,1.811,18.287,1.08,1.533,0.251559,149.996072,4.594539,0.383395,1,2,2,2035.896975
HD 39091_5,HD 39091,1.437,0.051,1.31,1.974,18.287,1.08,1.533,0.067058,78.552044,1.370768,0.193812,1,2,2,2035.896975
HD 39091_6,HD 39091,0.67,0.012,2.604,6.457,18.287,1.08,1.533,,,0.676912,0.428472,0,0,2,2035.896975
HD 10361_1,HD 10361,0.761,0.025,1.303,2.715,8.197,0.77,0.304,0.086991,189.035771,0.752798,0.227339,1,2,2,2035.898345
HD 10361_2,HD 10361,0.985,0.066,0.785,0.596,8.197,0.77,0.304,,,1.049907,0.022367,0,1,2,2035.898345
HD 10361_3,HD 10361,1.525,0.07,0.586,0.784,8.197,0.77,0.304,0.162374,184.08603,1.512877,0.133278,1,2,2,2035.898345
HD 10361_4,HD 10361,4.037,0.084,0.501,0.084,8.197,0.77,0.304,,,4.096618,0.213019,0,0,2,2035.898345
HD 26965 A_1,HD 26965 A,0.482,0.058,1.38,2.403,5.01,0.86,0.41,0.082021,52.206694,0.478901,0.588285,1,3,3,2035.901443
HD 26965 A_2,HD 26965 A,0.345,0.049,0.5,0.06,5.01,0.86,0.41,0.069997,174.415009,0.340467,0.29136,1,3,3,2035.901443
HD 53705_0,HD 53705,0.273,0.081,1.735,2.717,17.059,1.04,1.49,,,0.253132,0.917167,0,0,2,2035.909665
HD 53705_1,HD 53705,2.604,0.083,3.306,16.05,17.059,1.04,1.49,0.156202,152.647982,2.76683,0.21403,1,2,2,2035.909665
HD 53705_2,HD 53705,1.597,0.089,2.478,13.971,17.059,1.04,1.49,0.085731,340.207791,1.54768,0.471842,1,2,2,2035.909665
HD 53705_3,HD 53705,0.715,0.026,1.359,2.038,17.059,1.04,1.49,,,0.708242,0.394816,0,0,2,2035.909665
HD 53705_4,HD 53705,0.527,0.092,2.437,10.745,17.059,1.04,1.49,,,0.491315,0.584921,0,0,2,2035.909665
HD 131156 A_0,HD 131156 A,0.922,0.01,2.426,6.027,6.754,0.96,0.553,0.137827,244.961489,0.925477,0.32312,1,3,3,2035.924695
HD 131156 A_1,HD 131156 A,1.097,0.147,1.932,4.971,6.754,0.96,0.553,0.113472,103.889526,0.93596,0.081023,1,3,3,2035.924695
HD 30652_0,HD 30652,0.357,0.032,0.524,0.119,8.068,1.25,2.71,,,0.358249,0.463958,0,0,2,2035.92985
HD 30652_1,HD 30652,3.379,0.099,2.314,9.159,8.068,1.25,2.71,,,3.658373,0.000542,0,1,2,2035.92985
HD 30652_2,HD 30652,1.418,0.081,1.563,7.047,8.068,1.25,2.71,0.118681,5.172684,1.48431,0.794475,1,2,2,2035.92985
HD 30652_3,HD 30652,3.27,0.133,2.129,5.731,8.068,1.25,2.71,0.436793,148.022519,3.671837,0.456945,1,2,2,2035.92985
HD 30652_4,HD 30652,2.754,0.119,2.49,10.16,8.068,1.25,2.71,0.358372,25.84068,2.904843,0.41865,1,2,2,2035.92985
HD 34411_0,HD 34411,0.295,0.082,3.192,8.429,12.562,1.08,1.732,,,0.290097,0.427201,0,0,2,2035.933471
HD 34411_1,HD 34411,1.539,0.078,0.897,0.713,12.562,1.08,1.732,0.101654,278.157927,1.576499,0.085723,1,2,2,2035.933471
HD 34411_3,HD 34411,1.691,0.074,0.798,0.808,12.562,1.08,1.732,0.139847,302.40343,1.768712,0.326796,1,2,2,2035.933471
HD 202560_0,HD 202560,0.846,0.075,1.59,2.013,3.97,0.59,0.083,0.220946,127.764395,0.879825,0.333641,1,3,4,2035.944003
HD 202560_1,HD 202560,0.552,0.052,0.674,0.125,3.97,0.59,0.083,0.146687,166.423656,0.580589,0.387531,1,4,4,2035.944003
HD 202560_3,HD 202560,0.867,0.117,1.589,3.604,3.97,0.59,0.083,0.209222,142.908731,0.852875,0.268871,1,4,4,2035.944003
HD 202560_4,HD 202560,2.302,0.14,0.558,0.251,3.97,0.59,0.083,0.497897,18.275517,1.984034,0.234187,1,1,4,2035.944003
HD 202560_5,HD 202560,3.244,0.082,0.847,0.372,3.97,0.59,0.083,,,3.509752,0.114988,0,0,4,2035.944003
HD 202560_6,HD 202560,0.414,0.085,0.785,0.225,3.97,0.59,0.083,0.093998,174.810018,0.390064,0.201301,1,4,4,2035.944003
HD 17051_0,HD 17051,1.593,0.055,0.8,0.166,17.357,1.14,1.737,0.090421,234.017257,1.538288,0.335411,1,2,2,2035.94711
HD 17051_1,HD 17051,2.146,0.107,1.035,0.971,17.357,1.14,1.737,,,2.302238,0.006997,0,1,2,2035.94711
HD 17051_2,HD 17051,4.311,0.108,1.302,2.591,17.357,1.14,1.737,0.227572,2.190349,4.058711,0.208082,1,2,2,2035.94711
HD 16895 A_0,HD 16895 A,3.595,0.047,2.816,7.544,11.15,1.21,2.246,0.325005,187.714703,3.625567,0.230635,1,2,2,2035.949198
HD 16895 A_4,HD 16895 A,4.424,0.091,1.274,1.913,11.15,1.21,2.246,,,4.467569,0.000718,0,0,2,2035.949198
HD 16895 A_5,HD 16895 A,1.554,0.05,3.144,9.969,11.15,1.21,2.246,0.108928,279.895977,1.577967,0.734348,1,2,2,2035.949198
HD 16895 A_6,HD 16895 A,0.108,0.029,0.508,0.042,11.15,1.21,2.246,,,0.107357,0.361395,0,0,2,2035.949198
HD 86728 A_0,HD 86728 A,0.138,0.113,0.53,0.078,14.926,1.0,1.378,,,0.152131,0.922622,0,0,2,2035.950567
HD 86728 A_1,HD 86728 A,1.194,0.049,0.519,0.144,14.926,1.0,1.378,0.074391,233.754198,1.149015,0.501684,1,1,2,2035.950567
HD 86728 A_2,HD 86728 A,1.586,0.024,0.736,0.367,14.926,1.0,1.378,0.083065,93.51581,1.585725,0.671472,1,1,2,2035.950567
HD 86728 A_3,HD 86728 A,0.34,0.077,0.971,1.901,14.926,1.0,1.378,,,0.323707,0.558924,0,0,2,2035.950567
HD 86728 A_4,HD 86728 A,3.143,0.15,2.985,16.709,14.926,1.0,1.378,0.195521,219.786672,2.866542,0.297743,1,2,2,2035.950567
HD 86728 A_5,HD 86728 A,0.238,0.132,1.155,6.008,14.926,1.0,1.378,,,0.246057,0.913096,0,0,2,2035.950567
HD 86728 A_6,HD 86728 A,2.84,0.137,2.462,3.621,14.926,1.0,1.378,0.190072,146.739137,3.056743,0.4847,1,2,2,2035.950567
HD 185144_1,HD 185144,0.747,0.07,0.5,0.019,5.764,0.87,0.434,0.119561,257.622081,0.790139,0.125358,1,3,4,2035.953496
HD 185144_3,HD 185144,0.688,0.135,2.317,4.389,5.764,0.87,0.434,0.111175,115.023463,0.775565,0.650096,1,4,4,2035.953496
HD 160691_0,HD 160691,1.46,0.051,0.67,0.675,15.604,1.0,1.899,0.083342,152.41674,1.396783,0.408712,1,2,2,2035.959727
HD 160691_1,HD 160691,0.274,0.085,0.88,0.645,15.604,1.0,1.899,,,0.266585,0.272933,0,0,2,2035.959727
HD 160691_2,HD 160691,0.346,0.144,0.58,0.053,15.604,1.0,1.899,,,0.3361,0.089749,0,0,2,2035.959727
HD 160691_3,HD 160691,0.123,0.058,0.556,0.091,15.604,1.0,1.899,,,0.119345,0.174772,0,0,2,2035.959727
HD 160691_4,HD 160691,2.415,0.073,1.777,2.687,15.604,1.0,1.899,,,2.27127,0.000646,0,1,2,2035.959727
HD 160691_6,HD 160691,2.937,0.058,2.424,6.338,15.604,1.0,1.899,0.182695,150.321325,2.920611,0.235444,1,1,2,2035.959727
HD 160691_7,HD 160691,3.23,0.098,2.375,5.354,15.604,1.0,1.899,,,3.09871,0.004652,0,1,2,2035.959727
HD 20807_0,HD 20807,0.337,0.072,1.793,3.234,12.039,1.07,1.017,,,0.320059,0.763618,0,0,3,2035.963451
HD 20807_1,HD 20807,1.546,0.069,0.954,0.846,12.039,1.07,1.017,0.08965,52.559545,1.45454,0.0523,1,3,3,2035.963451
HD 20807_2,HD 20807,2.979,0.055,2.038,8.298,12.039,1.07,1.017,,,3.136187,0.020192,0,1,3,2035.963451
HD 72905_1,HD 72905,0.661,0.069,0.5,0.051,14.439,1.08,0.973,,,0.663018,0.742154,0,0,3,2035.96978
HD 72905_3,HD 72905,0.899,0.099,2.776,19.234,14.439,1.08,0.973,,,0.810001,0.60076,0,0,3,2035.96978
HD 72905_4,HD 72905,0.923,0.214,1.407,2.24,14.439,1.08,0.973,,,0.8825,0.864908,0,1,3,2035.96978
HD 72905_5,HD 72905,3.175,0.086,0.525,0.068,14.439,1.08,0.973,,,3.233123,0.449097,0,0,3,2035.96978
HD 7570_0,HD 7570,3.031,0.054,1.134,3.652,15.261,1.14,2.004,0.162079,146.452108,2.867539,0.599677,1,1,2,2035.987048
HD 7570_1,HD 7570,0.15,0.071,0.941,0.218,15.261,1.14,2.004,,,0.160287,0.207691,0,0,2,2035.987048
HD 7570_2,HD 7570,1.977,0.063,1.73,3.716,15.261,1.14,2.004,,,1.887169,0.937364,0,1,2,2035.987048
HD 7570_3,HD 7570,3.034,0.079,1.364,1.913,15.261,1.14,2.004,0.164858,13.241203,3.076579,0.672512,1,2,2,2035.987048
HD 7570_4,HD 7570,0.569,0.099,0.726,0.483,15.261,1.14,2.004,,,0.552958,0.14778,0,0,2,2035.987048
HD 22484_0,HD 22484,0.838,0.146,1.142,1.607,13.92,1.14,3.068,,,0.798267,0.34277,0,0,2,2035.9991
HD 22484_1,HD 22484,1.12,0.109,1.996,7.679,13.92,1.14,3.068,0.086661,152.57107,1.110888,0.276729,1,2,2,2035.9991
HD 22484_2,HD 22484,0.469,0.117,1.765,3.166,13.92,1.14,3.068,,,0.505479,0.10665,0,0,2,2035.9991
HD 22484_5,HD 22484,4.456,0.081,0.516,0.034,13.92,1.14,3.068,,,4.108961,0.076813,0,0,2,2035.9991
HD 22484_7,HD 22484,3.201,0.074,0.943,1.501,13.92,1.14,3.068,0.184695,148.490364,3.054727,0.641578,1,2,2,2035.9991
HD 128167_0,HD 128167,1.283,0.14,1.15,1.29,15.756,1.39,3.182,,,1.276352,0.93977,0,1,2,2036.00047
HD 128167_2,HD 128167,3.433,0.063,1.328,2.483,15.756,1.39,3.182,0.198514,148.838123,3.495145,0.587703,1,2,2,2036.00047
HD 128167_3,HD 128167,4.878,0.117,2.132,5.678,15.756,1.39,3.182,0.285242,335.886625,5.170575,0.618404,1,2,2,2036.00047
HD 128167_4,HD 128167,1.323,0.044,1.923,2.477,15.756,1.39,3.182,0.071604,68.663626,1.303886,0.591161,1,2,2,2036.00047
HD 142860_0,HD 142860,0.405,0.081,2.385,6.459,11.254,1.25,3.039,,,0.375424,0.254189,0,0,2,2036.001839
HD 142860_2,HD 142860,3.184,0.073,1.146,0.989,11.254,1.25,3.039,0.302714,171.04519,3.380083,0.320625,1,2,2,2036.001839
HD 142860_3,HD 142860,0.465,0.068,1.963,1.786,11.254,1.25,3.039,,,0.489542,0.107984,0,0,2,2036.001839
HD 142860_5,HD 142860,0.92,0.074,2.443,8.017,11.254,1.25,3.039,0.065079,12.130259,0.94303,0.074872,1,2,2,2036.001839
HD 142860_6,HD 142860,0.627,0.092,3.102,5.436,11.254,1.25,3.039,,,0.641111,0.359261,0,0,2,2036.001839
HD 142373_0,HD 142373,1.268,0.168,0.757,0.148,15.898,1.08,3.136,0.078351,109.561382,1.273313,0.200499,1,2,2,2036.004228
HD 142373_1,HD 142373,1.76,0.092,0.868,0.535,15.898,1.08,3.136,0.115003,244.227113,1.870475,0.484174,1,2,2,2036.004228
HD 142373_2,HD 142373,0.834,0.129,2.923,6.259,15.898,1.08,3.136,,,0.892167,0.067641,0,0,2,2036.004228
HD 142373_4,HD 142373,1.161,0.006,1.265,2.536,15.898,1.08,3.136,,,1.159553,0.793683,0,1,2,2036.004228
HD 142373_6,HD 142373,4.705,0.105,0.947,0.923,15.898,1.08,3.136,,,4.681766,0.122862,0,0,2,2036.004228
HD 142373_7,HD 142373,1.878,0.051,2.611,6.816,15.898,1.08,3.136,0.113097,180.743935,1.88172,0.217909,1,2,2,2036.004228
HD 142373_8,HD 142373,3.092,0.053,1.805,7.326,15.898,1.08,3.136,0.107721,14.976505,2.939568,0.814792,1,2,2,2036.004228
HD 190360_0,HD 190360,0.922,0.17,1.79,3.759,16.003,0.96,1.165,,,1.028275,0.72001,0,0,2,2036.006779
HD 190360_1,HD 190360,3.764,0.081,1.071,1.582,16.003,0.96,1.165,0.227099,354.519361,3.846568,0.185729,1,2,2,2036.006779
HD 190360_3,HD 190360,3.632,0.139,2.733,10.267,16.003,0.96,1.165,0.255134,275.126697,4.131545,0.215654,1,2,2,2036.006779
HD 190360_4,HD 190360,1.735,0.021,0.534,0.045,16.003,0.96,1.165,0.101632,240.622103,1.715689,0.218584,1,2,2,2036.006779
HD 190360_5,HD 190360,0.581,0.08,1.934,2.88,16.003,0.96,1.165,,,0.553176,0.013294,0,0,2,2036.006779
HD 23249_0,HD 23249,2.38,0.039,0.804,0.586,9.089,0.87,2.941,0.262848,5.722947,2.438238,0.203048,1,2,2,2036.008149
HD 23249_1,HD 23249,2.348,0.031,1.487,3.029,9.089,0.87,2.941,0.208992,292.619451,2.284621,0.096282,1,2,2,2036.008149
HD 693_0,HD 693,1.045,0.058,1.136,2.579,18.886,1.18,2.997,,,0.998333,0.110181,0,0,2,2036.010418
HD 693_1,HD 693,0.139,0.106,2.768,7.407,18.886,1.18,2.997,,,0.131844,0.203961,0,0,2,2036.010418
HD 693_3,HD 693,1.448,0.069,1.975,3.042,18.886,1.18,2.997,,,1.378045,0.039168,0,1,2,2036.010418
HD 693_4,HD 693,1.744,0.105,1.392,2.348,18.886,1.18,2.997,0.098646,312.020957,1.904009,0.409113,1,2,2,2036.010418
HD 693_5,HD 693,2.909,0.1,1.423,2.794,18.886,1.18,2.997,0.113184,26.586993,2.660481,0.079037,1,1,2,2036.010418
HD 693_6,HD 693,2.914,0.024,0.574,0.316,18.886,1.18,2.997,0.102613,96.044577,2.918152,0.772161,1,2,2,2036.010418
HD 693_7,HD 693,3.93,0.01,2.298,5.004,18.886,1.18,2.997,0.19482,107.634201,3.955168,0.159503,1,1,2,2036.010418
HD 17206_0,HD 17206,1.742,0.09,0.885,1.25,14.276,1.21,2.617,0.109418,249.039549,1.69682,0.470794,1,2,2,2036.011787
HD 17206_1,HD 17206,0.879,0.039,2.253,5.781,14.276,1.21,2.617,0.059447,247.091803,0.865631,0.352456,1,1,2,2036.011787
HD 17206_2,HD 17206,0.485,0.035,0.762,0.888,14.276,1.21,2.617,,,0.474491,0.152891,0,0,2,2036.011787
HD 143761_0,HD 143761,2.268,0.052,0.622,0.131,17.511,0.97,1.812,,,2.158187,0.051085,0,1,2,2036.018359
HD 143761_3,HD 143761,0.463,0.017,0.834,0.619,17.511,0.97,1.812,,,0.470824,0.140897,0,0,2,2036.018359
HD 143761_4,HD 143761,1.096,0.157,0.808,0.895,17.511,0.97,1.812,0.070595,213.10932,1.26177,0.233646,1,2,2,2036.018359
HD 143761_5,HD 143761,0.834,0.096,1.155,1.684,17.511,0.97,1.812,,,0.881382,0.107636,0,0,2,2036.018359
HD 143761_7,HD 143761,2.609,0.089,2.154,12.289,17.511,0.97,1.812,,,2.813804,0.004568,0,1,2,2036.018359
HD 187691 A_0,HD 187691 A,3.127,0.076,1.475,4.454,19.488,1.25,2.835,0.155231,62.524641,3.313091,0.181969,1,2,2,2036.019777
HD 187691 A_1,HD 187691 A,2.61,0.091,1.018,1.386,19.488,1.25,2.835,0.080474,222.005581,2.37584,0.773154,1,1,2,2036.019777
HD 187691 A_2,HD 187691 A,3.249,0.037,0.764,1.364,19.488,1.25,2.835,0.160624,170.729595,3.317302,0.509905,1,2,2,2036.019777
HD 187691 A_3,HD 187691 A,2.018,0.038,2.654,10.557,19.488,1.25,2.835,,,1.94437,0.953007,0,0,2,2036.019777
HD 84737_0,HD 84737,0.596,0.087,1.352,1.551,18.823,1.08,2.795,,,0.560354,0.122782,0,0,2,2036.021147
HD 84737_1,HD 84737,3.025,0.071,1.189,1.926,18.823,1.08,2.795,,,2.892971,0.100325,0,1,2,2036.021147
HD 84737_2,HD 84737,1.078,0.014,1.079,0.698,18.823,1.08,2.795,,,1.079843,0.010458,0,0,2,2036.021147
HD 84737_3,HD 84737,3.774,0.025,0.833,0.848,18.823,1.08,2.795,,,3.746949,0.034197,0,1,2,2036.021147
HD 84737_4,HD 84737,0.254,0.074,3.133,13.741,18.823,1.08,2.795,,,0.235872,0.62712,0,0,2,2036.021147
HD 84737_5,HD 84737,2.993,0.205,0.508,0.086,18.823,1.08,2.795,,,3.58478,0.617712,0,0,2,2036.021147
HD 212330 A_0,HD 212330 A,1.747,0.031,3.281,9.208,20.34,1.02,2.726,0.073428,330.237593,1.781439,0.595533,1,2,2,2036.023896
HD 10476_0,HD 10476,0.171,0.07,0.738,0.088,7.644,0.85,0.454,,,0.172813,0.899013,0,0,6,2036.025265
HD 141004_0,HD 141004,2.629,0.092,2.901,8.518,11.916,1.09,2.004,,,2.430886,0.001537,0,1,2,2036.026635
HD 141004_1,HD 141004,0.651,0.071,0.654,0.168,11.916,1.09,2.004,,,0.638659,0.111114,0,0,2,2036.026635
HD 141004_2,HD 141004,4.426,0.098,1.019,2.941,11.916,1.09,2.004,,,4.008438,0.166303,0,1,2,2036.026635
HD 141004_3,HD 141004,4.115,0.06,0.578,0.125,11.916,1.09,2.004,,,4.085809,0.245179,0,0,2,2036.026635
HD 141004_4,HD 141004,3.163,0.091,1.732,4.206,11.916,1.09,2.004,0.276019,166.545465,3.432721,0.483609,1,2,2,2036.026635
HD 37394_0,HD 37394,1.839,0.051,0.552,0.164,12.27,0.88,0.478,,,1.745295,0.004287,0,2,3,2036.028005
HD 37394_1,HD 37394,0.501,0.058,1.934,5.969,12.27,0.88,0.478,,,0.523913,0.640554,0,0,3,2036.028005
HD 37394_3,HD 37394,1.245,0.044,1.502,2.038,12.27,0.88,0.478,0.092507,154.710547,1.214608,0.145288,1,2,3,2036.028005
HD 37394_5,HD 37394,0.152,0.102,1.111,1.488,12.27,0.88,0.478,,,0.144805,0.713067,0,0,3,2036.028005
HD 37394_9,HD 37394,0.863,0.077,0.726,0.552,12.27,0.88,0.478,0.068814,110.150462,0.834138,0.322574,1,3,3,2036.028005
HD 37394_10,HD 37394,0.093,0.059,3.205,15.21,12.27,0.88,0.478,,,0.091611,0.966443,0,0,3,2036.028005
HD 37394_11,HD 37394,1.171,0.065,2.415,5.91,12.27,0.88,0.478,0.090976,155.214972,1.099069,0.249689,1,3,3,2036.028005
HD 37394_15,HD 37394,0.222,0.142,1.093,0.563,12.27,0.88,0.478,,,0.253437,0.562022,0,0,3,2036.028005
HD 37394_16,HD 37394,2.623,0.055,2.621,9.008,12.27,0.88,0.478,0.08894,34.931201,2.480893,0.011637,1,3,3,2036.028005
HD 4614 A_0,HD 4614 A,4.718,0.051,1.358,3.151,5.01,1.14,1.252,,,4.888661,0.059919,0,0,2,2036.029375
HD 4614 A_1,HD 4614 A,0.651,0.133,0.728,0.235,5.01,1.14,1.252,0.087994,208.959746,0.733985,0.838737,1,2,2,2036.029375
HD 4614 A_2,HD 4614 A,2.584,0.017,1.361,2.842,5.01,1.14,1.252,0.512589,229.100581,2.593097,0.362673,1,2,2,2036.029375
HD 58855_0,HD 58855,3.917,0.055,2.746,11.124,20.402,1.16,2.445,0.092066,147.585943,4.132176,0.902252,1,2,2,2036.030745
HD 58855_3,HD 58855,0.12,0.023,0.846,0.314,20.402,1.16,2.445,,,0.120061,0.187639,0,0,2,2036.030745
HD 58855_4,HD 58855,1.787,0.062,0.53,0.101,20.402,1.16,2.445,,,1.737353,0.001874,0,0,2,2036.030745
HD 58855_5,HD 58855,2.753,0.078,0.74,0.361,20.402,1.16,2.445,0.121229,330.327551,2.640232,0.573436,1,2,2,2036.030745
HD 58855_6,HD 58855,3.408,0.008,0.67,0.197,20.402,1.16,2.445,,,3.387497,0.186317,0,0,2,2036.030745
HD 58855_7,HD 58855,0.511,0.017,1.169,2.72,20.402,1.16,2.445,,,0.509464,0.014558,0,0,2,2036.030745
HD 58855_8,HD 58855,3.679,0.02,1.665,3.725,20.402,1.16,2.445,0.17634,1.931328,3.637471,0.368113,1,1,2,2036.030745
HD 20630_1,HD 20630,0.648,0.142,1.547,4.726,9.276,0.98,0.857,0.074906,216.556894,0.706918,0.417126,1,2,3,2036.032115
HD 20630_5,HD 20630,1.387,0.083,0.621,0.63,9.276,0.98,0.857,0.156987,281.526759,1.486345,0.343882,1,3,3,2036.032115
HD 4391_0,HD 4391,0.363,0.182,1.471,1.692,15.049,0.98,0.923,,,0.347153,0.72312,0,0,3,2036.033485
HD 4391_1,HD 4391,1.544,0.114,0.614,0.159,15.049,0.98,0.923,,,1.521605,0.036975,0,1,3,2036.033485
HD 4391_2,HD 4391,0.361,0.058,0.863,0.256,15.049,0.98,0.923,,,0.380228,0.710994,0,0,3,2036.033485
HD 4391_3,HD 4391,0.102,0.064,0.942,1.344,15.049,0.98,0.923,,,0.107614,0.852234,0,0,3,2036.033485
HD 4391_4,HD 4391,0.526,0.038,2.712,11.881,15.049,0.98,0.923,,,0.516102,0.008128,0,0,3,2036.033485
HD 84117_2,HD 84117,0.48,0.183,0.807,0.707,14.951,1.14,1.977,,,0.405844,0.331458,0,0,2,2036.034855
HD 84117_3,HD 84117,2.469,0.127,0.583,0.157,14.951,1.14,1.977,,,2.164542,0.137098,0,0,2,2036.034855
HD 84117_5,HD 84117,2.421,0.095,0.605,0.239,14.951,1.14,1.977,0.152365,60.825176,2.38175,0.534845,1,2,2,2036.034855
HD 10700_0,HD 10700,1.625,0.099,0.563,0.087,3.652,0.94,0.506,0.406291,185.966358,1.63586,0.141367,1,2,2,2036.040366
HD 90839_0,HD 90839,3.665,0.022,0.781,0.186,12.945,1.18,1.605,,,3.677524,0.007798,0,0,2,2036.041736
HD 90839_1,HD 90839,0.191,0.094,1.403,2.751,12.945,1.18,1.605,,,0.204334,0.516872,0,0,2,2036.041736
HD 90839_2,HD 90839,3.378,0.112,1.125,1.619,12.945,1.18,1.605,0.274026,333.6857,3.661243,0.4666,1,2,2,2036.041736
HD 90839_5,HD 90839,0.15,0.051,2.273,4.226,12.945,1.18,1.605,,,0.155284,0.719107,0,0,2,2036.041736
HD 95128_1,HD 95128,2.285,0.074,0.586,0.282,13.887,1.07,1.577,,,2.411597,0.007068,0,1,2,2036.04469
HD 95128_2,HD 95128,4.586,0.035,0.538,0.083,13.887,1.07,1.577,,,4.736943,0.002879,0,0,2,2036.04469
HD 95128_3,HD 95128,0.343,0.031,2.771,10.086,13.887,1.07,1.577,,,0.352715,0.024353,0,0,2,2036.04469
HD 95128_4,HD 95128,2.15,0.173,1.218,6.511,13.887,1.07,1.577,,,1.979313,0.036045,0,1,2,2036.04469
HD 95128_5,HD 95128,0.6,0.105,2.299,8.137,13.887,1.07,1.577,,,0.581092,0.209109,0,0,2,2036.04469
HD 95128_6,HD 95128,0.335,0.024,2.419,8.582,13.887,1.07,1.577,,,0.335544,0.086881,0,0,2,2036.04469
HD 95128_7,HD 95128,0.847,0.089,1.394,3.129,13.887,1.07,1.577,,,0.776036,0.342661,0,0,2,2036.04469
HD 95128_8,HD 95128,0.588,0.034,2.182,8.46,13.887,1.07,1.577,,,0.607166,0.148887,0,0,2,2036.04469
HD 46588 A_0,HD 46588 A,1.961,0.092,1.375,5.123,18.202,1.18,1.826,0.121175,43.685339,2.141142,0.289274,1,2,2,2036.046463
HD 46588 A_2,HD 46588 A,0.149,0.051,1.651,3.767,18.202,1.18,1.826,,,0.155399,0.982933,0,0,2,2036.046463
HD 46588 A_4,HD 46588 A,0.634,0.042,1.252,1.899,18.202,1.18,1.826,,,0.607373,0.876037,0,0,2,2036.046463
HD 46588 A_5,HD 46588 A,0.119,0.052,0.593,0.101,18.202,1.18,1.826,,,0.122964,0.32624,0,0,2,2036.046463
HD 46588 A_6,HD 46588 A,0.647,0.045,2.121,5.747,18.202,1.18,1.826,,,0.674076,0.815753,0,0,2,2036.046463
HD 46588 A_7,HD 46588 A,1.085,0.088,1.256,5.584,18.202,1.18,1.826,,,0.993256,0.880575,0,0,2,2036.046463
HD 46588 A_8,HD 46588 A,2.008,0.017,0.521,0.08,18.202,1.18,1.826,0.09539,146.582085,1.973865,0.616825,1,1,2,2036.046463
HD 146233_0,HD 146233,0.356,0.047,2.679,8.19,14.137,1.02,1.094,,,0.361774,0.011369,0,0,4,2036.0509
HD 146233_1,HD 146233,0.206,0.044,2.032,3.376,14.137,1.02,1.094,,,0.209267,0.093273,0,0,4,2036.0509
HD 146233_4,HD 146233,0.539,0.141,1.433,3.682,14.137,1.02,1.094,,,0.564543,0.723388,0,0,4,2036.0509
HD 33262 A_0,HD 33262 A,4.098,0.155,0.949,0.422,11.693,1.14,1.466,,,4.732987,0.032974,0,0,3,2036.054627
HD 33262 A_1,HD 33262 A,3.3,0.062,1.368,1.583,11.693,1.14,1.466,,,3.248463,0.059729,0,0,3,2036.054627
HD 33262 A_2,HD 33262 A,3.337,0.087,0.965,0.502,11.693,1.14,1.466,,,3.626279,0.181501,0,0,3,2036.054627
HD 33262 A_4,HD 33262 A,1.015,0.091,2.255,9.306,11.693,1.14,1.466,,,0.980129,0.895951,0,1,3,2036.054627
HD 33262 A_5,HD 33262 A,0.358,0.206,1.487,2.029,11.693,1.14,1.466,,,0.424731,0.426264,0,0,3,2036.054627
HD 33262 A_6,HD 33262 A,0.874,0.139,0.646,0.257,11.693,1.14,1.466,0.074901,36.319368,0.995439,0.606912,1,1,3,2036.054627
HD 33262 A_8,HD 33262 A,0.199,0.101,2.893,13.631,11.693,1.14,1.466,,,0.202321,0.632536,0,0,3,2036.054627
HD 65907 A_0,HD 65907 A,0.584,0.099,0.585,0.122,16.172,1.11,1.29,,,0.58988,0.190118,0,0,3,2036.064229
HD 65907 A_1,HD 65907 A,1.316,0.075,0.982,3.131,16.172,1.11,1.29,0.077172,276.128802,1.304327,0.182476,1,2,3,2036.064229
HD 65907 A_2,HD 65907 A,1.009,0.058,1.202,5.136,16.172,1.11,1.29,,,0.950563,0.517289,0,1,3,2036.064229
HD 38393_0,HD 38393,0.205,0.072,1.088,1.383,8.905,1.23,2.344,,,0.215271,0.155375,0,0,3,2036.065598
HD 38393_1,HD 38393,3.39,0.099,0.656,0.073,8.905,1.23,2.344,,,3.659608,0.015699,0,0,3,2036.065598
HD 38393_3,HD 38393,0.355,0.086,1.549,2.098,8.905,1.23,2.344,,,0.378268,0.033337,0,0,3,2036.065598
HD 38393_4,HD 38393,4.373,0.052,1.208,1.876,8.905,1.23,2.344,,,4.162453,0.00181,0,0,3,2036.065598
HD 201091_1,HD 201091,1.051,0.108,0.699,0.293,3.497,0.68,0.142,0.275233,359.949817,1.050736,0.15513,1,2,2,2036.068801
HD 201091_2,HD 201091,2.964,0.153,0.94,0.359,3.497,0.68,0.142,0.74094,186.735273,2.575119,0.29796,1,1,2,2036.068801
HD 201091_4,HD 201091,2.241,0.067,3.013,8.159,3.497,0.68,0.142,0.621854,183.833232,2.178594,0.280253,1,1,2,2036.068801
HD 50692_0,HD 50692,3.95,0.04,2.831,10.297,17.405,1.08,1.293,0.235257,95.544013,4.094037,0.316666,1,2,2,2036.072566
HD 50692_1,HD 50692,0.28,0.064,0.734,0.092,17.405,1.08,1.293,,,0.262687,0.265704,0,0,2,2036.072566
HD 50692_2,HD 50692,0.513,0.081,1.798,3.652,17.405,1.08,1.293,,,0.512727,0.857129,0,0,2,2036.072566
HD 50692_3,HD 50692,0.925,0.032,2.849,9.197,17.405,1.08,1.293,,,0.934943,0.003847,0,0,2,2036.072566
HD 147513_0,HD 147513,1.541,0.04,0.645,0.152,12.892,1.07,1.001,0.106878,316.819348,1.479426,0.190791,1,3,3,2036.080961
HD 147513_1,HD 147513,1.513,0.099,0.537,0.038,12.892,1.07,1.001,0.098245,169.415574,1.365589,0.152316,1,3,3,2036.080961
HD 147513_2,HD 147513,4.633,0.075,1.379,7.403,12.892,1.07,1.001,0.276559,98.361167,4.29183,0.646895,1,3,3,2036.080961
HD 147513_4,HD 147513,0.196,0.111,0.74,0.096,12.892,1.07,1.001,,,0.176897,0.194871,0,0,3,2036.080961
HD 147513_5,HD 147513,4.52,0.075,0.624,0.254,12.892,1.07,1.001,,,4.442392,0.196137,0,0,3,2036.080961
HD 147513_6,HD 147513,1.743,0.075,1.796,2.912,12.892,1.07,1.001,0.114938,6.201799,1.865435,0.06238,1,3,3,2036.080961
HD 147513_7,HD 147513,2.47,0.028,0.667,0.174,12.892,1.07,1.001,0.083172,231.550467,2.454276,0.909198,1,2,3,2036.080961
HD 156274 A_3,HD 156274 A,4.433,0.138,1.608,3.519,8.791,0.9,0.452,,,5.027466,0.066376,0,1,2,2036.082331
HD 140538 A_0,HD 140538 A,2.088,0.047,0.685,0.069,14.793,0.94,0.834,0.138354,27.312388,2.135613,0.187337,1,1,2,2036.086134
HD 140538 A_1,HD 140538 A,0.512,0.053,2.798,18.338,14.793,0.94,0.834,,,0.496434,0.872241,0,0,2,2036.086134
HD 140538 A_2,HD 140538 A,4.137,0.053,0.916,0.304,14.793,0.94,0.834,0.148735,59.004523,3.97049,0.846551,1,2,2,2036.086134
HD 155885_0,HD 155885,0.424,0.016,1.08,0.365,5.948,0.85,0.332,0.065637,281.471983,0.419229,0.464671,1,1,2,2036.095784
HD 155885_1,HD 155885,0.125,0.137,2.355,7.262,5.948,0.85,0.332,,,0.109849,0.015676,0,0,2,2036.095784
HD 155885_4,HD 155885,2.293,0.052,0.991,0.685,5.948,0.85,0.332,0.393092,224.86275,2.376083,0.225523,1,2,2,2036.095784
HD 201092_1,HD 201092,2.708,0.059,2.37,8.514,3.496,0.63,0.078,0.607452,310.1788,2.565445,0.092763,1,2,2,2036.099878
HD 131977_0,HD 131977,2.114,0.033,1.305,3.47,5.886,0.72,0.223,0.370685,246.138815,2.183711,0.254569,1,2,2,2036.101638
HD 88230_0,HD 88230,1.858,0.024,1.413,3.961,4.871,0.63,0.103,0.387266,32.639798,1.901857,0.234231,1,2,2,2036.104969
HD 88230_1,HD 88230,0.369,0.102,2.613,14.391,4.871,0.63,0.103,,,0.405793,0.013649,0,0,2,2036.104969
HD 88230_2,HD 88230,0.941,0.058,0.511,0.079,4.871,0.63,0.103,0.19879,195.675976,0.989762,0.388908,1,2,2,2036.104969
HD 88230_3,HD 88230,1.397,0.055,1.541,3.057,4.871,0.63,0.103,0.200668,40.49054,1.326972,0.055129,1,2,2,2036.104969
HD 88230_4,HD 88230,0.683,0.12,0.831,0.221,4.871,0.63,0.103,,,0.60252,0.965032,0,0,2,2036.104969
HD 88230_5,HD 88230,2.552,0.09,1.594,2.912,4.871,0.63,0.103,0.501498,303.929962,2.470811,0.227424,1,2,2,2036.104969
HD 88230_6,HD 88230,2.842,0.103,0.661,0.567,4.871,0.63,0.103,,,3.128376,0.0485,0,0,2,2036.104969
HD 4628_0,HD 4628,0.299,0.054,1.741,4.304,7.435,0.78,0.3,,,0.314287,0.792822,0,0,2,2036.106339
HD 4628_1,HD 4628,4.258,0.031,1.273,1.784,7.435,0.78,0.3,,,4.16884,0.006176,0,0,2,2036.106339
HD 4628_4,HD 4628,4.069,0.034,0.981,0.876,7.435,0.78,0.3,0.559056,57.745415,4.170294,0.283237,1,2,2,2036.106339
HD 4628_5,HD 4628,3.681,0.025,0.897,0.617,7.435,0.78,0.3,,,3.59673,0.052079,0,1,2,2036.106339
HD 4628_6,HD 4628,1.476,0.055,1.942,4.324,7.435,0.78,0.3,0.180074,82.275495,1.54239,0.601254,1,2,2,2036.106339
HD 10360_0,HD 10360,0.111,0.132,2.009,6.936,8.189,0.78,0.345,,,0.096387,0.184999,0,0,2,2036.109423
HD 10360_1,HD 10360,0.559,0.036,0.525,0.063,8.189,0.78,0.345,,,0.578842,0.743919,0,0,2,2036.109423
HD 10360_2,HD 10360,3.873,0.13,2.182,7.34,8.189,0.78,0.345,0.344686,298.317058,3.6373,0.698171,1,2,2,2036.109423
HD 10360_4,HD 10360,0.185,0.028,3.239,14.497,8.189,0.78,0.345,,,0.181736,0.520632,0,0,2,2036.109423
HD 10360_5,HD 10360,2.33,0.067,0.679,0.17,8.189,0.78,0.345,0.16305,316.581299,2.342742,0.845972,1,2,2,2036.109423
HD 149661_2,HD 149661,2.991,0.073,1.285,2.935,9.894,0.87,0.462,0.252769,31.678315,2.906812,0.109428,1,2,2,2036.111519
HD 149661_3,HD 149661,2.364,0.065,0.7,0.315,9.894,0.87,0.462,,,2.517342,0.059764,0,0,2,2036.111519
HD 149661_5,HD 149661,3.155,0.051,2.936,7.428,9.894,0.87,0.462,0.252386,305.114077,3.123292,0.078871,1,2,2,2036.111519
HD 100623 A_0,HD 100623 A,4.014,0.105,2.503,8.448,9.559,0.88,0.37,0.415466,107.441186,4.043094,0.22587,1,2,2,2036.116413
HD 100623 A_2,HD 100623 A,0.102,0.086,0.559,0.245,9.559,0.88,0.37,,,0.099355,0.199601,0,0,2,2036.116413
HD 100623 A_3,HD 100623 A,4.384,0.075,1.441,2.214,9.559,0.88,0.37,0.134789,104.223813,4.709796,0.963329,1,2,2,2036.116413
HD 100623 A_4,HD 100623 A,2.524,0.072,0.66,0.613,9.559,0.88,0.37,,,2.685504,0.15449,0,0,2,2036.116413
HD 100623 A_5,HD 100623 A,4.18,0.038,0.734,0.337,9.559,0.88,0.37,0.340229,330.203033,4.066322,0.66995,1,1,2,2036.116413
HD 100623 A_6,HD 100623 A,0.362,0.165,0.555,0.359,9.559,0.88,0.37,,,0.318355,0.763241,0,0,2,2036.116413
HD 100623 A_7,HD 100623 A,4.073,0.068,1.365,1.972,9.559,0.88,0.37,0.387268,132.185684,3.819024,0.232625,1,1,2,2036.116413
HD 216803_1,HD 216803,3.539,0.087,2.035,5.879,7.601,0.72,0.196,0.474279,120.635609,3.639449,0.390707,1,2,2,2036.117783
HD 216803_3,HD 216803,0.104,0.044,0.893,0.284,7.601,0.72,0.196,,,0.101582,0.147608,0,0,2,2036.117783
HD 216803_4,HD 216803,2.738,0.038,2.631,12.08,7.601,0.72,0.196,0.376106,356.239286,2.841714,0.362677,1,2,2,2036.117783
HD 216803_5,HD 216803,0.109,0.06,0.686,0.431,7.601,0.72,0.196,,,0.114408,0.287349,0,0,2,2036.117783
HD 216803_6,HD 216803,0.431,0.071,1.431,2.693,7.601,0.72,0.196,,,0.43908,0.090922,0,0,2,2036.117783
HD 32147_1,HD 32147,0.121,0.122,1.044,1.526,8.844,0.75,0.29,,,0.127828,0.905719,0,0,2,2036.119153
HD 32147_2,HD 32147,3.272,0.062,1.942,2.786,8.844,0.75,0.29,0.249488,274.895424,3.388678,0.796977,1,2,2,2036.119153
HD 95735_0,HD 95735,0.673,0.041,0.901,1.876,2.546,0.44,0.02,0.132524,231.507334,0.70047,0.014247,1,2,2,2036.120523
HD 95735_2,HD 95735,0.392,0.078,0.638,0.252,2.546,0.44,0.02,0.084392,280.792998,0.395413,0.021241,1,2,2,2036.120523
HD 95735_3,HD 95735,0.164,0.146,0.847,1.655,2.546,0.44,0.02,,,0.150466,0.478188,0,0,2,2036.120523
HD 95735_4,HD 95735,2.481,0.023,1.454,2.402,2.546,0.44,0.02,0.922465,34.934635,2.448674,0.191079,1,2,2,2036.120523
HD 95735_6,HD 95735,0.163,0.047,1.008,2.764,2.546,0.44,0.02,,,0.156522,0.618167,0,1,2,2036.120523
HD 155886_1,HD 155886,0.511,0.064,0.698,0.549,5.952,0.85,0.327,0.091506,333.488139,0.5123,0.297356,1,4,4,2036.123475
HD 155886_2,HD 155886,0.232,0.069,1.589,4.704,5.952,0.85,0.327,,,0.220892,0.041564,0,0,4,2036.123475
HD 155886_3,HD 155886,1.253,0.044,2.915,7.774,5.952,0.85,0.327,0.136595,282.364849,1.198711,0.795768,1,4,4,2036.123475
HD 155886_4,HD 155886,0.305,0.028,0.94,0.937,5.952,0.85,0.327,,,0.298031,0.630033,0,0,4,2036.123475
HD 155886_5,HD 155886,0.201,0.128,1.339,2.779,5.952,0.85,0.327,,,0.226631,0.067857,0,0,4,2036.123475
HD 155886_6,HD 155886,0.316,0.044,0.948,1.735,5.952,0.85,0.327,,,0.302432,0.471799,0,0,4,2036.123475
HD 155886_7,HD 155886,0.59,0.079,3.352,16.163,5.952,0.85,0.327,0.091665,247.280657,0.578524,0.581323,1,4,4,2036.123475
HD 155886_8,HD 155886,3.879,0.087,2.635,16.445,5.952,0.85,0.327,0.661231,163.804325,3.934148,0.308053,1,4,4,2036.123475
HD 217987_0,HD 217987,3.278,0.032,3.1,17.272,3.287,0.49,0.036,0.986467,150.177422,3.338529,0.193513,1,2,2,2036.124845
HD 217987_1,HD 217987,0.104,0.158,2.049,6.333,3.287,0.49,0.036,,,0.106875,0.090017,0,0,2,2036.124845
HD 115617_0,HD 115617,1.956,0.004,0.732,1.017,8.534,0.97,0.825,0.22452,10.4068,1.948177,0.260725,1,3,3,2036.156431
HD 115617_1,HD 115617,0.76,0.09,2.931,6.157,8.534,0.97,0.825,0.080837,66.117773,0.72691,0.193402,1,3,3,2036.156431
HD 115617_2,HD 115617,0.621,0.047,0.562,0.059,8.534,0.97,0.825,,,0.599357,0.001171,0,2,3,2036.156431
HD 115617_3,HD 115617,0.199,0.073,3.38,12.207,8.534,0.97,0.825,,,0.192045,0.11814,0,0,3,2036.156431
HD 115617_4,HD 115617,2.599,0.104,0.763,0.174,8.534,0.97,0.825,0.083109,75.703585,2.810844,0.971343,1,3,3,2036.156431
HD 115617_5,HD 115617,2.098,0.045,1.487,3.177,8.534,0.97,0.825,0.219298,293.283137,2.10929,0.119951,1,3,3,2036.156431
HD 115617_6,HD 115617,3.003,0.084,0.942,0.936,8.534,0.97,0.825,,,3.254507,0.112006,0,0,3,2036.156431
HD 102365_0,HD 102365,1.154,0.024,2.235,11.472,9.319,1.02,0.844,0.122204,263.80145,1.130703,0.29472,1,3,3,2036.184954
HD 102365_1,HD 102365,4.021,0.031,1.113,0.834,9.319,1.02,0.844,,,4.103491,0.060077,0,0,3,2036.184954
HD 102365_2,HD 102365,0.113,0.031,0.976,0.303,9.319,1.02,0.844,,,0.116454,0.824371,0,0,3,2036.184954
HD 203608_0,HD 203608,2.203,0.092,1.79,3.488,9.258,1.14,1.466,0.198694,281.123711,2.381878,0.07556,1,3,3,2036.1938
HD 203608_1,HD 203608,2.342,0.1,0.502,0.104,9.258,1.14,1.466,,,2.116836,0.060402,0,2,3,2036.1938
HD 203608_2,HD 203608,2.74,0.062,1.086,1.189,9.258,1.14,1.466,0.222425,123.917205,2.601184,0.07839,1,3,3,2036.1938
HD 203608_5,HD 203608,4.293,0.038,0.929,0.698,9.258,1.14,1.466,,,4.447927,0.00498,0,0,3,2036.1938
HD 203608_6,HD 203608,0.526,0.072,0.985,0.486,9.258,1.14,1.466,,,0.494355,0.243425,0,0,3,2036.1938
HD 10476_0,HD 10476,0.171,0.07,0.738,0.088,7.644,0.85,0.454,,,0.177462,0.124482,0,0,7,2036.210484
HD 55575_0,HD 55575,1.084,0.09,0.727,0.186,16.852,1.14,1.463,,,1.057211,0.725038,0,0,4,2036.212898
HD 55575_1,HD 55575,0.133,0.053,0.578,0.677,16.852,1.14,1.463,,,0.132991,0.74912,0,0,4,2036.212898
HD 43386_0,HD 43386,2.541,0.037,0.504,0.177,19.588,1.33,2.957,0.106142,295.467224,2.512636,0.649331,1,1,3,2036.223818
HD 43386_1,HD 43386,1.141,0.101,1.584,2.873,19.588,1.33,2.957,,,1.255165,0.024643,0,0,3,2036.223818
HD 43386_3,HD 43386,0.289,0.045,1.072,0.429,19.588,1.33,2.957,,,0.299773,0.373708,0,0,3,2036.223818
HD 1581_1,HD 1581,1.541,0.046,2.633,10.663,8.607,1.11,1.262,0.170144,16.346412,1.532967,0.201268,1,3,3,2036.228034
HD 1581_2,HD 1581,0.181,0.101,0.988,1.538,8.607,1.11,1.262,,,0.193311,0.59197,0,0,3,2036.228034
HD 1581_3,HD 1581,1.491,0.126,2.76,10.6,8.607,1.11,1.262,0.129815,142.348533,1.501155,0.706914,1,3,3,2036.228034
HD 1581_4,HD 1581,0.208,0.109,2.378,6.033,8.607,1.11,1.262,,,0.185615,0.163259,0,0,3,2036.228034
HD 17925_0,HD 17925,1.472,0.037,0.676,0.068,10.361,0.82,0.401,0.119049,93.246778,1.417536,0.588788,1,4,4,2036.229403
HD 17925_2,HD 17925,0.735,0.099,0.938,0.945,10.361,0.82,0.401,,,0.732739,0.80061,0,0,4,2036.229403
HD 17925_3,HD 17925,0.561,0.086,1.065,2.041,10.361,0.82,0.401,,,0.5992,0.8837,0,0,4,2036.229403
HD 17925_4,HD 17925,0.848,0.062,1.424,1.901,10.361,0.82,0.401,,,0.894459,0.825149,0,1,4,2036.229403
HD 17925_6,HD 17925,3.618,0.076,0.719,0.216,10.361,0.82,0.401,,,3.836281,0.122183,0,0,4,2036.229403
HD 43042_0,HD 43042,4.095,0.078,0.558,0.185,21.776,1.29,2.936,0.149387,241.800385,3.826532,0.632,1,1,3,2036.242708
HD 43042_1,HD 43042,0.434,0.11,0.533,0.05,21.776,1.29,2.936,,,0.464703,0.029236,0,0,3,2036.242708
HD 43042_3,HD 43042,0.724,0.14,0.733,0.758,21.776,1.29,2.936,,,0.750096,0.478407,0,0,3,2036.242708
HD 136352_0,HD 136352,1.127,0.083,0.501,0.05,14.739,1.02,1.029,0.079797,321.518261,1.220107,0.511439,1,3,3,2036.280823
HD 136352_2,HD 136352,0.995,0.082,1.549,3.519,14.739,1.02,1.029,,,0.954252,0.77934,0,0,3,2036.280823
HD 136352_3,HD 136352,3.774,0.069,2.041,4.78,14.739,1.02,1.029,0.212679,208.504206,3.580599,0.568562,1,3,3,2036.280823
HD 136352_4,HD 136352,1.831,0.068,0.826,0.342,14.739,1.02,1.029,0.109757,201.501988,1.722448,0.508435,1,3,3,2036.280823
HD 20794_0,HD 20794,4.322,0.17,2.962,5.742,6.041,0.97,0.654,0.577123,156.126878,3.951862,0.119178,1,1,3,2036.282193
HD 20794_1,HD 20794,2.398,0.095,1.302,2.525,6.041,0.97,0.654,0.380261,298.860839,2.619047,0.597819,1,2,3,2036.282193
HD 10361_1,HD 10361,0.761,0.025,1.303,2.715,8.197,0.77,0.304,0.085928,1.692915,0.770938,0.491777,1,3,3,2036.283563
HD 10361_2,HD 10361,0.985,0.066,0.785,0.596,8.197,0.77,0.304,0.113158,256.317398,0.954785,0.331757,1,2,3,2036.283563
HD 10361_3,HD 10361,1.525,0.07,0.586,0.784,8.197,0.77,0.304,0.153325,101.824827,1.422357,0.10675,1,3,3,2036.283563
HD 10361_4,HD 10361,4.037,0.084,0.501,0.084,8.197,0.77,0.304,,,4.179025,0.12284,0,0,3,2036.283563
HD 134083_0,HD 134083,0.116,0.07,1.9,7.058,19.536,1.33,3.255,,,0.110601,0.86914,0,0,3,2036.304719
HD 134083_1,HD 134083,0.36,0.097,1.358,2.746,19.536,1.33,3.255,,,0.341536,0.453634,0,0,3,2036.304719
HD 134083_3,HD 134083,0.749,0.13,0.881,0.684,19.536,1.33,3.255,,,0.749445,0.676566,0,0,3,2036.304719
HD 134083_4,HD 134083,0.959,0.114,0.591,0.338,19.536,1.33,3.255,,,0.9121,0.403799,0,0,3,2036.304719
HD 109358_0,HD 109358,0.599,0.064,0.661,0.193,8.473,1.08,1.151,0.063746,308.44588,0.628343,0.191998,1,3,3,2036.307451
HD 109358_1,HD 109358,0.313,0.024,1.946,4.835,8.473,1.08,1.151,,,0.319864,0.940344,0,0,3,2036.307451
HD 109358_3,HD 109358,0.172,0.066,1.409,1.609,8.473,1.08,1.151,,,0.161283,0.833373,0,0,3,2036.307451
HD 109358_4,HD 109358,1.488,0.078,0.58,0.237,8.473,1.08,1.151,,,1.424105,0.070557,0,2,3,2036.307451
HD 109358_5,HD 109358,3.968,0.05,3.285,25.806,8.473,1.08,1.151,,,3.832932,0.003162,0,1,3,2036.307451
HD 20766_0,HD 20766,1.336,0.161,1.674,3.092,12.045,1.01,0.794,0.103337,324.361174,1.539559,0.089453,1,3,3,2036.312706
HD 20766_1,HD 20766,0.327,0.097,2.659,6.922,12.045,1.01,0.794,,,0.356086,0.812603,0,0,3,2036.312706
HD 20766_4,HD 20766,1.915,0.031,0.912,0.441,12.045,1.01,0.794,,,1.944317,0.010236,0,2,3,2036.312706
HD 156026_0,HD 156026,3.18,0.093,3.171,14.895,5.954,0.68,0.158,0.339048,142.591807,3.472967,0.836873,1,4,4,2036.317105
HD 156026_1,HD 156026,0.564,0.081,0.509,0.042,5.954,0.68,0.158,0.070237,350.282794,0.554621,0.064631,1,4,4,2036.317105
HD 156026_2,HD 156026,0.423,0.044,0.607,0.379,5.954,0.68,0.158,0.065949,103.308602,0.422556,0.475207,1,2,4,2036.317105
HD 156026_3,HD 156026,1.001,0.06,2.318,7.224,5.954,0.68,0.158,0.145773,66.588001,1.022043,0.636832,1,4,4,2036.317105
HD 156026_5,HD 156026,1.693,0.124,2.972,9.407,5.954,0.68,0.158,0.270941,80.165108,1.61208,0.362052,1,4,4,2036.317105
HD 155885_0,HD 155885,0.424,0.016,1.08,0.365,5.948,0.85,0.332,,,0.426654,0.993729,0,1,3,2036.339513
HD 155885_1,HD 155885,0.125,0.137,2.355,7.262,5.948,0.85,0.332,,,0.107927,0.105484,0,0,3,2036.339513
HD 155885_4,HD 155885,2.293,0.052,0.991,0.685,5.948,0.85,0.332,0.346137,210.108958,2.336713,0.118862,1,3,3,2036.339513
HD 37394_0,HD 37394,1.839,0.051,0.552,0.164,12.27,0.88,0.478,,,1.776813,0.026004,0,2,4,2036.352826
HD 37394_1,HD 37394,0.501,0.058,1.934,5.969,12.27,0.88,0.478,,,0.502357,0.322046,0,0,4,2036.352826
HD 37394_3,HD 37394,1.245,0.044,1.502,2.038,12.27,0.88,0.478,,,1.195702,0.003845,0,2,4,2036.352826
HD 37394_5,HD 37394,0.152,0.102,1.111,1.488,12.27,0.88,0.478,,,0.159381,0.731597,0,0,4,2036.352826
HD 37394_9,HD 37394,0.863,0.077,0.726,0.552,12.27,0.88,0.478,,,0.926879,0.061289,0,3,4,2036.352826
HD 37394_10,HD 37394,0.093,0.059,3.205,15.21,12.27,0.88,0.478,,,0.087605,0.393319,0,0,4,2036.352826
HD 37394_11,HD 37394,1.171,0.065,2.415,5.91,12.27,0.88,0.478,0.091718,63.789324,1.194557,0.192664,1,4,4,2036.352826
HD 37394_15,HD 37394,0.222,0.142,1.093,0.563,12.27,0.88,0.478,,,0.249935,0.57729,0,0,4,2036.352826
HD 37394_16,HD 37394,2.623,0.055,2.621,9.008,12.27,0.88,0.478,,,2.507937,0.001523,0,3,4,2036.352826
HD 165341 B_1,HD 165341 B,1.256,0.089,0.5,0.053,5.122,0.78,0.164,0.212156,50.788608,1.147687,0.49036,1,1,4,2036.354196
HD 165341 B_2,HD 165341 B,4.082,0.042,1.247,0.85,5.122,0.78,0.164,0.781369,281.833778,4.252884,0.167292,1,1,4,2036.354196
HD 165341 B_3,HD 165341 B,0.1,0.077,0.528,0.124,5.122,0.78,0.164,,,0.100851,0.893055,0,0,4,2036.354196
HD 165341 B_4,HD 165341 B,0.76,0.117,1.137,2.374,5.122,0.78,0.164,0.135432,262.492115,0.755266,0.517874,1,3,4,2036.354196
HD 190360_0,HD 190360,0.922,0.17,1.79,3.759,16.003,0.96,1.165,,,0.77313,0.142311,0,0,3,2036.360133
HD 190360_1,HD 190360,3.764,0.081,1.071,1.582,16.003,0.96,1.165,,,3.92665,0.174668,0,2,3,2036.360133
HD 190360_3,HD 190360,3.632,0.139,2.733,10.267,16.003,0.96,1.165,0.259863,274.645156,4.132527,0.326999,1,3,3,2036.360133
HD 190360_4,HD 190360,1.735,0.021,0.534,0.045,16.003,0.96,1.165,0.106397,191.750586,1.6986,0.438582,1,3,3,2036.360133
HD 190360_5,HD 190360,0.581,0.08,1.934,2.88,16.003,0.96,1.165,,,0.611832,0.330123,0,0,3,2036.360133
HD 19373_0,HD 19373,0.74,0.034,3.212,9.93,10.577,1.08,2.23,,,0.760664,0.836514,0,1,3,2036.362379
HD 19373_2,HD 19373,0.724,0.048,1.483,3.085,10.577,1.08,2.23,,,0.739998,0.755481,0,1,3,2036.362379
HD 19373_3,HD 19373,0.676,0.061,1.037,1.075,10.577,1.08,2.23,,,0.712446,0.025087,0,0,3,2036.362379
HD 19373_6,HD 19373,0.114,0.04,2.433,8.086,10.577,1.08,2.23,,,0.112743,0.722881,0,0,3,2036.362379
HD 19373_7,HD 19373,2.87,0.048,1.622,2.945,10.577,1.08,2.23,0.254745,99.784333,2.932992,0.562819,1,3,3,2036.362379
HD 165341 A_0,HD 165341 A,3.482,0.036,1.359,2.775,5.113,0.88,0.532,,,3.559794,0.057295,0,0,3,2036.363748
HD 165341 A_2,HD 165341 A,0.277,0.022,2.947,13.11,5.113,0.88,0.532,,,0.277134,0.895769,0,0,3,2036.363748
HD 165341 A_3,HD 165341 A,0.642,0.027,1.615,1.833,5.113,0.88,0.532,0.116844,207.308384,0.637971,0.562096,1,2,3,2036.363748
HD 146233_0,HD 146233,0.356,0.047,2.679,8.19,14.137,1.02,1.094,,,0.356866,0.84425,0,0,5,2036.377912
HD 146233_1,HD 146233,0.206,0.044,2.032,3.376,14.137,1.02,1.094,,,0.204358,0.510636,0,0,5,2036.377912
HD 146233_4,HD 146233,0.539,0.141,1.433,3.682,14.137,1.02,1.094,,,0.612036,0.931869,0,0,5,2036.377912
HD 190248_1,HD 190248,1.11,0.055,1.408,3.629,6.099,0.94,1.25,0.119301,107.067453,1.126455,0.794945,1,3,3,2036.379282
HD 190248_2,HD 190248,3.754,0.072,1.017,1.24,6.099,0.94,1.25,0.617327,302.542406,3.98442,0.500072,1,2,3,2036.379282
HD 190248_3,HD 190248,1.406,0.139,0.51,0.568,6.099,0.94,1.25,0.217893,80.539066,1.33198,0.316155,1,2,3,2036.379282
HD 165499_0,HD 165499,3.777,0.071,0.637,0.161,17.753,1.08,1.731,,,3.849877,0.000685,0,0,3,2036.39532
HD 165499_1,HD 165499,0.192,0.04,0.654,0.106,17.753,1.08,1.731,,,0.199666,0.004552,0,0,3,2036.39532
HD 165499_3,HD 165499,0.221,0.065,0.75,0.229,17.753,1.08,1.731,,,0.220742,0.016139,0,0,3,2036.39532
HD 165499_4,HD 165499,1.569,0.062,3.377,24.497,17.753,1.08,1.731,0.088628,169.747971,1.582744,0.327947,1,2,3,2036.39532
HD 10476_0,HD 10476,0.171,0.07,0.738,0.088,7.644,0.85,0.454,,,0.161017,0.417383,0,0,8,2036.39669
HD 166_0,HD 166,1.592,0.09,1.08,2.182,13.766,0.94,0.647,0.098618,309.604823,1.606193,0.625689,1,2,3,2036.434439
HD 166_1,HD 166,0.635,0.021,0.515,0.062,13.766,0.94,0.647,,,0.645311,0.203509,0,0,3,2036.434439
HD 3651 A_0,HD 3651 A,0.818,0.09,1.086,0.195,11.108,0.86,0.532,0.061499,340.630168,0.860675,0.075028,1,3,3,2036.446285
HD 3651 A_3,HD 3651 A,0.106,0.12,3.284,8.237,11.108,0.86,0.532,,,0.096345,0.918416,0,0,3,2036.446285
HD 3651 A_5,HD 3651 A,0.552,0.025,0.534,0.148,11.108,0.86,0.532,,,0.550622,0.935331,0,0,3,2036.446285
HD 217987_0,HD 217987,3.278,0.032,3.1,17.272,3.287,0.49,0.036,0.994304,136.560298,3.357102,0.20641,1,3,3,2036.454448
HD 217987_1,HD 217987,0.104,0.158,2.049,6.333,3.287,0.49,0.036,,,0.117362,0.233006,0,0,3,2036.454448
HD 114710_0,HD 114710,1.415,0.117,0.681,0.147,9.197,1.11,1.357,0.109485,208.202049,1.57839,0.807037,1,3,3,2036.46703
HD 114710_1,HD 114710,0.314,0.116,0.63,1.142,9.197,1.11,1.357,,,0.322524,0.188518,0,0,3,2036.46703
HD 114710_2,HD 114710,2.258,0.018,0.683,0.173,9.197,1.11,1.357,0.241371,96.746628,2.293506,0.41918,1,1,3,2036.46703
HD 114710_4,HD 114710,0.861,0.053,0.898,0.439,9.197,1.11,1.357,0.078628,100.131928,0.834589,0.0929,1,3,3,2036.46703
HD 114710_5,HD 114710,0.124,0.109,3.108,17.681,9.197,1.11,1.357,,,0.124522,0.789046,0,0,3,2036.46703
HD 192310_0,HD 192310,1.267,0.07,0.641,0.14,8.812,0.77,0.404,0.148253,359.738972,1.301604,0.301041,1,3,4,2036.480757
HD 192310_1,HD 192310,1.472,0.082,2.73,7.674,8.812,0.77,0.404,0.145537,29.239342,1.466613,0.609491,1,4,4,2036.480757
HD 192310_2,HD 192310,0.631,0.109,2.544,13.411,8.812,0.77,0.404,0.062976,267.281933,0.585579,0.160842,1,4,4,2036.480757
HD 192310_3,HD 192310,0.091,0.084,2.458,12.572,8.812,0.77,0.404,,,0.093839,0.82333,0,0,4,2036.480757
HD 128621_0,HD 128621,0.181,0.076,0.591,0.281,1.332,0.94,0.503,0.08866,170.002495,0.170534,0.042964,1,4,4,2036.500741
HD 128621_1,HD 128621,3.969,0.152,0.756,0.624,1.332,0.94,0.503,,,4.330272,0.62221,0,0,4,2036.500741
HD 128621_3,HD 128621,4.377,0.084,0.667,0.424,1.332,0.94,0.503,,,4.741176,0.011678,0,0,4,2036.500741
HD 128621_4,HD 128621,1.135,0.055,1.179,1.502,1.332,0.94,0.503,0.796861,318.68798,1.197072,0.120948,1,4,4,2036.500741
HD 217987_0,HD 217987,3.278,0.032,3.1,17.272,3.287,0.49,0.036,0.988206,133.958052,3.359939,0.209318,1,4,4,2036.512819
HD 217987_1,HD 217987,0.104,0.158,2.049,6.333,3.287,0.49,0.036,,,0.098341,0.057305,0,0,4,2036.512819
HD 128620_0,HD 128620,1.567,0.074,0.945,0.738,1.332,1.11,1.521,0.991882,186.076096,1.513816,0.112211,1,2,3,2036.514189
HD 128620_1,HD 128620,1.266,0.016,1.198,6.221,1.332,1.11,1.521,0.630131,51.316761,1.282678,0.791284,1,3,3,2036.514189
HD 84117_2,HD 84117,0.48,0.183,0.807,0.707,14.951,1.14,1.977,,,0.567115,0.102654,0,0,3,2036.516973
HD 84117_3,HD 84117,2.469,0.127,0.583,0.157,14.951,1.14,1.977,0.122532,98.247751,2.230118,0.646893,1,1,3,2036.516973
HD 84117_5,HD 84117,2.421,0.095,0.605,0.239,14.951,1.14,1.977,0.148052,10.844558,2.218278,0.286569,1,3,3,2036.516973
HD 141004_0,HD 141004,2.629,0.092,2.901,8.518,11.916,1.09,2.004,0.127359,334.162587,2.591653,0.021926,1,2,3,2036.524729
HD 141004_1,HD 141004,0.651,0.071,0.654,0.168,11.916,1.09,2.004,,,0.635896,0.093401,0,0,3,2036.524729
HD 141004_2,HD 141004,4.426,0.098,1.019,2.941,11.916,1.09,2.004,,,3.995096,0.067755,0,1,3,2036.524729
HD 141004_3,HD 141004,4.115,0.06,0.578,0.125,11.916,1.09,2.004,,,3.992891,0.40297,0,0,3,2036.524729
HD 141004_4,HD 141004,3.163,0.091,1.732,4.206,11.916,1.09,2.004,0.274358,138.307502,3.342374,0.396334,1,3,3,2036.524729
HD 20630_1,HD 20630,0.648,0.142,1.547,4.726,9.276,0.98,0.857,0.075188,223.732981,0.719305,0.447015,1,3,4,2036.541416
HD 20630_5,HD 20630,1.387,0.083,0.621,0.63,9.276,0.98,0.857,0.127998,168.092063,1.297697,0.147496,1,4,4,2036.541416
HD 72905_1,HD 72905,0.661,0.069,0.5,0.051,14.439,1.08,0.973,,,0.631421,0.336488,0,0,4,2036.547135
HD 72905_3,HD 72905,0.899,0.099,2.776,19.234,14.439,1.08,0.973,0.064163,1.714003,0.931997,0.488076,1,1,4,2036.547135
HD 72905_4,HD 72905,0.923,0.214,1.407,2.24,14.439,1.08,0.973,,,0.826868,0.054781,0,1,4,2036.547135
HD 72905_5,HD 72905,3.175,0.086,0.525,0.068,14.439,1.08,0.973,0.154745,230.176831,3.380764,0.785896,1,1,4,2036.547135
HD 20766_0,HD 20766,1.336,0.161,1.674,3.092,12.045,1.01,0.794,0.10047,267.948456,1.397052,0.105837,1,4,4,2036.571114
HD 20766_1,HD 20766,0.327,0.097,2.659,6.922,12.045,1.01,0.794,,,0.316587,0.346806,0,0,4,2036.571114
HD 20766_4,HD 20766,1.915,0.031,0.912,0.441,12.045,1.01,0.794,0.132238,202.881781,1.968403,0.089232,1,3,4,2036.571114
HD 209100_0,HD 209100,2.433,0.127,0.524,0.078,3.638,0.72,0.222,,,2.732058,0.012333,0,3,4,2036.592764
HD 209100_1,HD 209100,1.218,0.094,0.54,0.224,3.638,0.72,0.222,0.226442,68.14897,1.155177,0.758701,1,4,4,2036.592764
HD 209100_2,HD 209100,0.989,0.073,1.925,7.679,3.638,0.72,0.222,0.182015,93.398676,0.97644,0.765109,1,4,4,2036.592764
HD 209100_4,HD 209100,3.542,0.022,2.632,11.464,3.638,0.72,0.222,0.498143,217.827482,3.46674,0.870353,1,4,4,2036.592764
HD 209100_5,HD 209100,0.635,0.076,0.931,0.965,3.638,0.72,0.222,0.167729,127.228963,0.628868,0.200257,1,4,4,2036.592764
HD 209100_6,HD 209100,1.701,0.082,0.885,1.719,3.638,0.72,0.222,0.148081,330.932711,1.760343,0.955853,1,2,4,2036.592764
HD 209100_8,HD 209100,2.097,0.099,2.488,10.973,3.638,0.72,0.222,0.612636,143.984384,2.300389,0.216099,1,4,4,2036.592764
HD 209100_9,HD 209100,0.782,0.071,2.297,6.298,3.638,0.72,0.222,0.194521,269.887912,0.836606,0.627176,1,4,4,2036.592764
HD 209100_10,HD 209100,0.182,0.056,2.026,7.17,3.638,0.72,0.222,,,0.171849,0.337668,0,0,4,2036.592764
HD 209100_11,HD 209100,0.917,0.107,1.174,2.417,3.638,0.72,0.222,0.228058,117.996777,0.944176,0.605935,1,4,4,2036.592764
HD 38393_0,HD 38393,0.205,0.072,1.088,1.383,8.905,1.23,2.344,,,0.213884,0.025349,0,0,4,2036.594134
HD 38393_1,HD 38393,3.39,0.099,0.656,0.073,8.905,1.23,2.344,,,3.513187,0.019886,0,0,4,2036.594134
HD 38393_3,HD 38393,0.355,0.086,1.549,2.098,8.905,1.23,2.344,,,0.37929,0.205046,0,0,4,2036.594134
HD 38393_4,HD 38393,4.373,0.052,1.208,1.876,8.905,1.23,2.344,,,4.215889,0.021245,0,0,4,2036.594134
HD 55575_0,HD 55575,1.084,0.09,0.727,0.186,16.852,1.14,1.463,0.070958,72.538036,1.176529,0.508848,1,1,5,2036.597562
HD 55575_1,HD 55575,0.133,0.053,0.578,0.677,16.852,1.14,1.463,,,0.128077,0.202289,0,0,5,2036.597562
HD 17925_0,HD 17925,1.472,0.037,0.676,0.068,10.361,0.82,0.401,0.134151,14.69364,1.454195,0.474561,1,5,5,2036.606694
HD 17925_2,HD 17925,0.735,0.099,0.938,0.945,10.361,0.82,0.401,0.07425,241.473378,0.768741,0.205749,1,1,5,2036.606694
HD 17925_3,HD 17925,0.561,0.086,1.065,2.041,10.361,0.82,0.401,,,0.604878,0.573411,0,0,5,2036.606694
HD 17925_4,HD 17925,0.848,0.062,1.424,1.901,10.361,0.82,0.401,0.0625,50.229552,0.795865,0.08099,1,2,5,2036.606694
HD 17925_6,HD 17925,3.618,0.076,0.719,0.216,10.361,0.82,0.401,,,3.875231,0.081328,0,0,5,2036.606694
HD 30495_0,HD 30495,1.934,0.08,0.989,1.288,13.24,1.04,0.966,0.11301,108.253568,1.80871,0.089695,1,3,3,2036.610542
HD 30495_2,HD 30495,0.416,0.06,1.179,0.557,13.24,1.04,0.966,,,0.393447,0.993455,0,0,3,2036.610542
HD 30495_3,HD 30495,1.848,0.089,0.623,0.48,13.24,1.04,0.966,,,1.838486,0.080868,0,2,3,2036.610542
HD 210302_0,HD 210302,0.937,0.087,1.293,2.482,18.458,1.25,2.918,,,0.966475,0.488043,0,0,3,2036.628967
HD 210302_1,HD 210302,0.316,0.034,0.672,0.291,18.458,1.25,2.918,,,0.305264,0.007897,0,0,3,2036.628967
HD 210302_2,HD 210302,0.162,0.125,0.82,0.565,18.458,1.25,2.918,,,0.176458,0.447317,0,0,3,2036.628967
HD 210302_3,HD 210302,0.925,0.123,2.909,15.97,18.458,1.25,2.918,,,1.007098,0.018072,0,0,3,2036.628967
HD 210302_4,HD 210302,1.629,0.122,1.727,5.061,18.458,1.25,2.918,0.073052,278.351527,1.569954,0.600253,1,2,3,2036.628967
HD 39091_1,HD 39091,3.12,0.028,1.191,1.952,18.287,1.08,1.533,0.165668,60.055049,3.03984,0.278025,1,1,3,2036.658334
HD 39091_2,HD 39091,2.865,0.029,0.677,0.089,18.287,1.08,1.533,0.113893,120.551309,2.927624,0.761539,1,1,3,2036.658334
HD 39091_3,HD 39091,3.55,0.072,1.069,0.919,18.287,1.08,1.533,0.120652,73.43617,3.803745,0.844937,1,3,3,2036.658334
HD 39091_4,HD 39091,4.534,0.027,1.234,1.811,18.287,1.08,1.533,,,4.638491,0.159335,0,2,3,2036.658334
HD 39091_5,HD 39091,1.437,0.051,1.31,1.974,18.287,1.08,1.533,0.077255,278.364813,1.509394,0.421728,1,3,3,2036.658334
HD 39091_6,HD 39091,0.67,0.012,2.604,6.457,18.287,1.08,1.533,,,0.662116,0.31772,0,0,3,2036.658334
HD 84737_0,HD 84737,0.596,0.087,1.352,1.551,18.823,1.08,2.795,,,0.624324,0.606589,0,0,3,2036.663355
HD 84737_1,HD 84737,3.025,0.071,1.189,1.926,18.823,1.08,2.795,,,3.056914,0.000764,0,1,3,2036.663355
HD 84737_2,HD 84737,1.078,0.014,1.079,0.698,18.823,1.08,2.795,,,1.085351,0.807561,0,0,3,2036.663355
HD 84737_3,HD 84737,3.774,0.025,0.833,0.848,18.823,1.08,2.795,,,3.800193,0.005192,0,1,3,2036.663355
HD 84737_4,HD 84737,0.254,0.074,3.133,13.741,18.823,1.08,2.795,,,0.247386,0.59935,0,0,3,2036.663355
HD 84737_5,HD 84737,2.993,0.205,0.508,0.086,18.823,1.08,2.795,,,3.556368,0.647226,0,0,3,2036.663355
HD 156026_0,HD 156026,3.18,0.093,3.171,14.895,5.954,0.68,0.158,0.264911,116.671968,3.472113,0.900624,1,5,5,2036.668469
HD 156026_1,HD 156026,0.564,0.081,0.509,0.042,5.954,0.68,0.158,0.084989,133.711724,0.609389,0.106152,1,5,5,2036.668469
HD 156026_2,HD 156026,0.423,0.044,0.607,0.379,5.954,0.68,0.158,,,0.416562,0.650234,0,2,5,2036.668469
HD 156026_3,HD 156026,1.001,0.06,2.318,7.224,5.954,0.68,0.158,0.144945,358.085916,1.053173,0.08522,1,5,5,2036.668469
HD 156026_5,HD 156026,1.693,0.124,2.972,9.407,5.954,0.68,0.158,0.22533,31.008958,1.490497,0.134218,1,5,5,2036.668469
HD 22484_0,HD 22484,0.838,0.146,1.142,1.607,13.92,1.14,3.068,,,0.751299,0.614845,0,0,3,2036.669839
HD 22484_1,HD 22484,1.12,0.109,1.996,7.679,13.92,1.14,3.068,0.074723,328.189639,1.07584,0.483336,1,3,3,2036.669839
HD 22484_2,HD 22484,0.469,0.117,1.765,3.166,13.92,1.14,3.068,,,0.433397,0.680204,0,0,3,2036.669839
HD 22484_5,HD 22484,4.456,0.081,0.516,0.034,13.92,1.14,3.068,,,4.202526,0.218818,0,0,3,2036.669839
HD 22484_7,HD 22484,3.201,0.074,0.943,1.501,13.92,1.14,3.068,0.210042,95.576928,3.232932,0.568222,1,3,3,2036.669839
HD 33262 A_0,HD 33262 A,4.098,0.155,0.949,0.422,11.693,1.14,1.466,,,4.665149,0.006419,0,0,4,2036.682348
HD 33262 A_1,HD 33262 A,3.3,0.062,1.368,1.583,11.693,1.14,1.466,0.261261,186.053551,3.129763,0.30644,1,1,4,2036.682348
HD 33262 A_2,HD 33262 A,3.337,0.087,0.965,0.502,11.693,1.14,1.466,0.296476,267.690281,3.554292,0.279785,1,1,4,2036.682348
HD 33262 A_4,HD 33262 A,1.015,0.091,2.255,9.306,11.693,1.14,1.466,0.074293,183.5193,0.977256,0.123417,1,2,4,2036.682348
HD 33262 A_5,HD 33262 A,0.358,0.206,1.487,2.029,11.693,1.14,1.466,,,0.430224,0.197338,0,0,4,2036.682348
HD 33262 A_6,HD 33262 A,0.874,0.139,0.646,0.257,11.693,1.14,1.466,0.080652,66.311212,0.935553,0.195933,1,2,4,2036.682348
HD 33262 A_8,HD 33262 A,0.199,0.101,2.893,13.631,11.693,1.14,1.466,,,0.191781,0.099191,0,0,4,2036.682348
HD 53705_0,HD 53705,0.273,0.081,1.735,2.717,17.059,1.04,1.49,,,0.294989,0.009494,0,0,3,2036.686453
HD 53705_1,HD 53705,2.604,0.083,3.306,16.05,17.059,1.04,1.49,0.159786,98.192615,2.80459,0.421236,1,3,3,2036.686453
HD 53705_2,HD 53705,1.597,0.089,2.478,13.971,17.059,1.04,1.49,0.080418,163.982374,1.726642,0.667859,1,3,3,2036.686453
HD 53705_3,HD 53705,0.715,0.026,1.359,2.038,17.059,1.04,1.49,,,0.73359,0.53982,0,0,3,2036.686453
HD 53705_4,HD 53705,0.527,0.092,2.437,10.745,17.059,1.04,1.49,,,0.510178,0.400626,0,0,3,2036.686453
HD 86728 A_0,HD 86728 A,0.138,0.113,0.53,0.078,14.926,1.0,1.378,,,0.124924,0.029805,0,0,3,2036.689822
HD 86728 A_1,HD 86728 A,1.194,0.049,0.519,0.144,14.926,1.0,1.378,0.08422,41.379237,1.223726,0.254768,1,2,3,2036.689822
HD 86728 A_2,HD 86728 A,1.586,0.024,0.736,0.367,14.926,1.0,1.378,0.103471,331.00949,1.614937,0.160203,1,2,3,2036.689822
HD 86728 A_3,HD 86728 A,0.34,0.077,0.971,1.901,14.926,1.0,1.378,,,0.361806,0.126094,0,0,3,2036.689822
HD 86728 A_4,HD 86728 A,3.143,0.15,2.985,16.709,14.926,1.0,1.378,0.155046,188.897372,3.251168,0.052957,1,3,3,2036.689822
HD 86728 A_5,HD 86728 A,0.238,0.132,1.155,6.008,14.926,1.0,1.378,,,0.214552,0.047117,0,0,3,2036.689822
HD 86728 A_6,HD 86728 A,2.84,0.137,2.462,3.621,14.926,1.0,1.378,0.206217,121.603798,3.226804,0.171042,1,3,3,2036.689822
HD 146233_0,HD 146233,0.356,0.047,2.679,8.19,14.137,1.02,1.094,,,0.351495,0.033452,0,0,6,2036.704925
HD 146233_1,HD 146233,0.206,0.044,2.032,3.376,14.137,1.02,1.094,,,0.207504,0.143236,0,0,6,2036.704925
HD 146233_4,HD 146233,0.539,0.141,1.433,3.682,14.137,1.02,1.094,,,0.600028,0.670748,0,0,6,2036.704925
HD 101501_3,HD 101501,0.112,0.069,1.262,2.497,9.576,0.94,0.609,,,0.104465,0.42209,0,0,4,2036.706295
HD 101501_7,HD 101501,0.888,0.054,0.887,0.333,9.576,0.94,0.609,,,0.916973,0.000311,0,2,4,2036.706295
HD 23249_0,HD 23249,2.38,0.039,0.804,0.586,9.089,0.87,2.941,,,2.335119,0.03662,0,2,3,2036.751532
HD 23249_1,HD 23249,2.348,0.031,1.487,3.029,9.089,0.87,2.941,0.201015,288.577857,2.360309,0.693284,1,3,3,2036.751532
HD 20807_0,HD 20807,0.337,0.072,1.793,3.234,12.039,1.07,1.017,,,0.353818,0.43568,0,0,4,2036.765725
HD 20807_1,HD 20807,1.546,0.069,0.954,0.846,12.039,1.07,1.017,0.069144,274.712371,1.652411,0.873248,1,4,4,2036.765725
HD 20807_2,HD 20807,2.979,0.055,2.038,8.298,12.039,1.07,1.017,0.243598,118.399232,3.10659,0.184282,1,2,4,2036.765725
HD 10780_0,HD 10780,0.841,0.11,1.077,1.181,10.041,0.9,0.516,0.074673,79.995481,0.795613,0.394182,1,4,4,2036.772496
HD 10780_3,HD 10780,2.25,0.098,1.348,1.367,10.041,0.9,0.516,0.188411,101.183991,2.313138,0.08431,1,4,4,2036.772496
HD 10780_4,HD 10780,2.669,0.102,2.513,12.001,10.041,0.9,0.516,0.274229,16.577787,2.915326,0.189109,1,4,4,2036.772496
HD 147513_0,HD 147513,1.541,0.04,0.645,0.152,12.892,1.07,1.001,0.123161,166.515075,1.587885,0.276486,1,4,4,2036.802949
HD 147513_1,HD 147513,1.513,0.099,0.537,0.038,12.892,1.07,1.001,0.120742,19.667533,1.626024,0.481691,1,4,4,2036.802949
HD 147513_2,HD 147513,4.633,0.075,1.379,7.403,12.892,1.07,1.001,0.250455,61.335098,4.36614,0.729081,1,4,4,2036.802949
HD 147513_4,HD 147513,0.196,0.111,0.74,0.096,12.892,1.07,1.001,,,0.208604,0.636263,0,0,4,2036.802949
HD 147513_5,HD 147513,4.52,0.075,0.624,0.254,12.892,1.07,1.001,,,4.292232,0.061449,0,0,4,2036.802949
HD 147513_6,HD 147513,1.743,0.075,1.796,2.912,12.892,1.07,1.001,0.131789,264.386368,1.741743,0.407395,1,4,4,2036.802949
HD 147513_7,HD 147513,2.47,0.028,0.667,0.174,12.892,1.07,1.001,,,2.52697,0.294952,0,2,4,2036.802949
HD 4391_0,HD 4391,0.363,0.182,1.471,1.692,15.049,0.98,0.923,,,0.412265,0.000341,0,0,4,2036.817586
HD 4391_1,HD 4391,1.544,0.114,0.614,0.159,15.049,0.98,0.923,0.06327,356.113446,1.683103,0.83708,1,2,4,2036.817586
HD 4391_2,HD 4391,0.361,0.058,0.863,0.256,15.049,0.98,0.923,,,0.349392,0.184815,0,0,4,2036.817586
HD 4391_3,HD 4391,0.102,0.064,0.942,1.344,15.049,0.98,0.923,,,0.106129,0.379999,0,0,4,2036.817586
HD 4391_4,HD 4391,0.526,0.038,2.712,11.881,15.049,0.98,0.923,,,0.520391,0.02059,0,0,4,2036.817586
HD 219134_0,HD 219134,1.298,0.068,3.021,11.197,6.542,0.75,0.266,0.119505,346.400666,1.216722,0.037679,1,3,3,2036.835329
HD 219134_1,HD 219134,0.107,0.06,0.589,0.114,6.542,0.75,0.266,,,0.113041,0.483678,0,0,3,2036.835329
HD 219134_2,HD 219134,0.475,0.085,1.279,2.244,6.542,0.75,0.266,0.068036,274.168544,0.508553,0.658779,1,1,3,2036.835329
HD 219134_3,HD 219134,2.999,0.067,1.913,4.52,6.542,0.75,0.266,0.207639,103.400675,3.181598,0.912714,1,3,3,2036.835329
HD 219134_4,HD 219134,0.285,0.083,1.716,4.805,6.542,0.75,0.266,,,0.308563,0.399809,0,0,3,2036.835329
HD 219134_5,HD 219134,1.823,0.052,1.09,4.144,6.542,0.75,0.266,0.242706,72.182571,1.836392,0.109603,1,3,3,2036.835329
HD 219134_7,HD 219134,0.986,0.056,2.277,3.449,6.542,0.75,0.266,0.12543,39.060116,0.970941,0.611817,1,3,3,2036.835329
HD 165341 A_0,HD 165341 A,3.482,0.036,1.359,2.775,5.113,0.88,0.532,0.668957,202.028439,3.594098,0.173143,1,1,4,2036.859178
HD 165341 A_2,HD 165341 A,0.277,0.022,2.947,13.11,5.113,0.88,0.532,,,0.282765,0.78003,0,0,4,2036.859178
HD 165341 A_3,HD 165341 A,0.642,0.027,1.615,1.833,5.113,0.88,0.532,0.062833,221.370368,0.648222,0.87623,1,3,4,2036.859178
HD 160691_0,HD 160691,1.46,0.051,0.67,0.675,15.604,1.0,1.899,0.097345,332.335042,1.522527,0.251499,1,3,3,2036.861921
HD 160691_1,HD 160691,0.274,0.085,0.88,0.645,15.604,1.0,1.899,,,0.296351,0.088555,0,0,3,2036.861921
HD 160691_2,HD 160691,0.346,0.144,0.58,0.053,15.604,1.0,1.899,,,0.381472,0.92139,0,0,3,2036.861921
HD 160691_3,HD 160691,0.123,0.058,0.556,0.091,15.604,1.0,1.899,,,0.118627,0.130989,0,0,3,2036.861921
HD 160691_4,HD 160691,2.415,0.073,1.777,2.687,15.604,1.0,1.899,0.161452,269.626198,2.510989,0.368536,1,2,3,2036.861921
HD 160691_6,HD 160691,2.937,0.058,2.424,6.338,15.604,1.0,1.899,0.110749,116.082839,2.774694,0.814342,1,2,3,2036.861921
HD 160691_7,HD 160691,3.23,0.098,2.375,5.354,15.604,1.0,1.899,0.199553,15.097484,3.393702,0.163079,1,2,3,2036.861921
HD 46588 A_0,HD 46588 A,1.961,0.092,1.375,5.123,18.202,1.18,1.826,0.103345,295.754662,1.902087,0.448839,1,3,3,2036.871009
HD 46588 A_2,HD 46588 A,0.149,0.051,1.651,3.767,18.202,1.18,1.826,,,0.141635,0.010697,0,0,3,2036.871009
HD 46588 A_4,HD 46588 A,0.634,0.042,1.252,1.899,18.202,1.18,1.826,,,0.631426,0.237317,0,0,3,2036.871009
HD 46588 A_5,HD 46588 A,0.119,0.052,0.593,0.101,18.202,1.18,1.826,,,0.113187,0.310583,0,0,3,2036.871009
HD 46588 A_6,HD 46588 A,0.647,0.045,2.121,5.747,18.202,1.18,1.826,,,0.654395,0.104281,0,0,3,2036.871009
HD 46588 A_7,HD 46588 A,1.085,0.088,1.256,5.584,18.202,1.18,1.826,,,1.04424,0.604014,0,0,3,2036.871009
HD 46588 A_8,HD 46588 A,2.008,0.017,0.521,0.08,18.202,1.18,1.826,0.105094,12.419897,2.022265,0.466717,1,2,3,2036.871009
HD 26965 A_1,HD 26965 A,0.482,0.058,1.38,2.403,5.01,0.86,0.41,0.084518,119.746944,0.509848,0.080386,1,4,4,2036.889836
HD 26965 A_2,HD 26965 A,0.345,0.049,0.5,0.06,5.01,0.86,0.41,0.067257,355.806051,0.347593,0.352344,1,4,4,2036.889836
HD 185144_1,HD 185144,0.747,0.07,0.5,0.019,5.764,0.87,0.434,,,0.746571,0.991109,0,3,5,2036.897613
HD 185144_3,HD 185144,0.688,0.135,2.317,4.389,5.764,0.87,0.434,0.111363,281.11185,0.619699,0.256862,1,5,5,2036.897613
HD 131156 A_0,HD 131156 A,0.922,0.01,2.426,6.027,6.754,0.96,0.553,0.139098,214.33705,0.920262,0.335312,1,4,4,2036.9117
HD 131156 A_1,HD 131156 A,1.097,0.147,1.932,4.971,6.754,0.96,0.553,0.102895,211.011877,1.035049,0.035606,1,4,4,2036.9117
HD 10700_0,HD 10700,1.625,0.099,0.563,0.087,3.652,0.94,0.506,0.389182,17.638619,1.55568,0.554222,1,3,3,2036.916349
HD 17925_0,HD 17925,1.472,0.037,0.676,0.068,10.361,0.82,0.401,0.139723,325.128904,1.505112,0.235521,1,6,6,2036.918232
HD 17925_2,HD 17925,0.735,0.099,0.938,0.945,10.361,0.82,0.401,,,0.737448,0.831112,0,1,6,2036.918232
HD 17925_3,HD 17925,0.561,0.086,1.065,2.041,10.361,0.82,0.401,,,0.523053,0.014662,0,0,6,2036.918232
HD 17925_4,HD 17925,0.848,0.062,1.424,1.901,10.361,0.82,0.401,0.080744,241.116723,0.887824,0.250163,1,3,6,2036.918232
HD 17925_6,HD 17925,3.618,0.076,0.719,0.216,10.361,0.82,0.401,,,3.89095,0.061114,0,0,6,2036.918232
HD 17051_0,HD 17051,1.593,0.055,0.8,0.166,17.357,1.14,1.737,0.097097,55.536951,1.659491,0.438168,1,3,3,2036.921617
HD 17051_1,HD 17051,2.146,0.107,1.035,0.971,17.357,1.14,1.737,0.095294,212.935395,1.92009,0.657137,1,2,3,2036.921617
HD 17051_2,HD 17051,4.311,0.108,1.302,2.591,17.357,1.14,1.737,,,3.854547,0.022676,0,2,3,2036.921617
HD 34411_0,HD 34411,0.295,0.082,3.192,8.429,12.562,1.08,1.732,,,0.292641,0.217989,0,0,3,2036.923106
HD 34411_1,HD 34411,1.539,0.078,0.897,0.713,12.562,1.08,1.732,0.096191,103.168732,1.490541,0.637919,1,3,3,2036.923106
HD 34411_3,HD 34411,1.691,0.074,0.798,0.808,12.562,1.08,1.732,0.12219,139.356838,1.649523,0.154582,1,3,3,2036.923106
HD 17206_0,HD 17206,1.742,0.09,0.885,1.25,14.276,1.21,2.617,0.125716,108.579029,1.85757,0.166463,1,3,3,2036.927656
HD 17206_1,HD 17206,0.879,0.039,2.253,5.781,14.276,1.21,2.617,,,0.846018,0.917314,0,1,3,2036.927656
HD 17206_2,HD 17206,0.485,0.035,0.762,0.888,14.276,1.21,2.617,,,0.473121,0.118402,0,0,3,2036.927656
HD 30652_0,HD 30652,0.357,0.032,0.524,0.119,8.068,1.25,2.71,,,0.368302,0.002408,0,0,3,2036.929563
HD 30652_1,HD 30652,3.379,0.099,2.314,9.159,8.068,1.25,2.71,0.396687,356.354422,3.680133,0.109764,1,2,3,2036.929563
HD 30652_2,HD 30652,1.418,0.081,1.563,7.047,8.068,1.25,2.71,0.160438,144.838792,1.303144,0.236615,1,3,3,2036.929563
HD 30652_3,HD 30652,3.27,0.133,2.129,5.731,8.068,1.25,2.71,0.387614,93.024076,3.612866,0.603651,1,3,3,2036.929563
HD 30652_4,HD 30652,2.754,0.119,2.49,10.16,8.068,1.25,2.71,0.204498,276.176598,2.460237,0.780446,1,3,3,2036.929563
HD 202560_0,HD 202560,0.846,0.075,1.59,2.013,3.97,0.59,0.083,0.22782,130.178859,0.885241,0.286302,1,4,5,2036.940405
HD 202560_1,HD 202560,0.552,0.052,0.674,0.125,3.97,0.59,0.083,0.142017,207.619972,0.573689,0.399903,1,5,5,2036.940405
HD 202560_3,HD 202560,0.867,0.117,1.589,3.604,3.97,0.59,0.083,0.199903,161.545175,0.820331,0.226028,1,5,5,2036.940405
HD 202560_4,HD 202560,2.302,0.14,0.558,0.251,3.97,0.59,0.083,0.493146,285.70495,2.238818,0.594707,1,2,5,2036.940405
HD 202560_5,HD 202560,3.244,0.082,0.847,0.372,3.97,0.59,0.083,0.855149,73.472482,3.42721,0.254773,1,1,5,2036.940405
HD 202560_6,HD 202560,0.414,0.085,0.785,0.225,3.97,0.59,0.083,0.101999,225.543,0.416879,0.205528,1,5,5,2036.940405
HD 16895 A_0,HD 16895 A,3.595,0.047,2.816,7.544,11.15,1.21,2.246,0.294505,135.006459,3.468379,0.494392,1,3,3,2036.94908
HD 16895 A_4,HD 16895 A,4.424,0.091,1.274,1.913,11.15,1.21,2.246,,,4.719032,0.017019,0,0,3,2036.94908
HD 16895 A_5,HD 16895 A,1.554,0.05,3.144,9.969,11.15,1.21,2.246,0.088493,44.959724,1.570111,0.025884,1,3,3,2036.94908
HD 16895 A_6,HD 16895 A,0.108,0.029,0.508,0.042,11.15,1.21,2.246,,,0.104942,0.986499,0,0,3,2036.94908
HD 134083_0,HD 134083,0.116,0.07,1.9,7.058,19.536,1.33,3.255,,,0.108244,0.581786,0,0,4,2036.953486
HD 134083_1,HD 134083,0.36,0.097,1.358,2.746,19.536,1.33,3.255,,,0.387199,0.383261,0,0,4,2036.953486
HD 134083_3,HD 134083,0.749,0.13,0.881,0.684,19.536,1.33,3.255,,,0.665606,0.838861,0,0,4,2036.953486
HD 134083_4,HD 134083,0.959,0.114,0.591,0.338,19.536,1.33,3.255,,,0.854016,0.711085,0,0,4,2036.953486
HD 1581_1,HD 1581,1.541,0.046,2.633,10.663,8.607,1.11,1.262,0.146542,209.15237,1.518123,0.610335,1,4,4,2036.98244
HD 1581_2,HD 1581,0.181,0.101,0.988,1.538,8.607,1.11,1.262,,,0.162922,0.000781,0,0,4,2036.98244
HD 1581_3,HD 1581,1.491,0.126,2.76,10.6,8.607,1.11,1.262,,,1.593076,0.002884,0,3,4,2036.98244
HD 1581_4,HD 1581,0.208,0.109,2.378,6.033,8.607,1.11,1.262,,,0.227429,0.283428,0,0,4,2036.98244
HD 7570_0,HD 7570,3.031,0.054,1.134,3.652,15.261,1.14,2.004,,,2.983169,0.037058,0,1,3,2036.986426
HD 7570_1,HD 7570,0.15,0.071,0.941,0.218,15.261,1.14,2.004,,,0.157842,0.025793,0,0,3,2036.986426
HD 7570_2,HD 7570,1.977,0.063,1.73,3.716,15.261,1.14,2.004,,,2.101547,0.019004,0,1,3,2036.986426
HD 7570_3,HD 7570,3.034,0.079,1.364,1.913,15.261,1.14,2.004,0.181087,308.1451,2.816788,0.227033,1,3,3,2036.986426
HD 7570_4,HD 7570,0.569,0.099,0.726,0.483,15.261,1.14,2.004,,,0.590284,0.485947,0,0,3,2036.986426
HD 190248_1,HD 190248,1.11,0.055,1.408,3.629,6.099,0.94,1.25,0.138709,270.473849,1.10281,0.063082,1,4,4,2036.99136
HD 190248_2,HD 190248,3.754,0.072,1.017,1.24,6.099,0.94,1.25,0.474745,287.628476,3.891238,0.730357,1,3,4,2036.99136
HD 190248_3,HD 190248,1.406,0.139,0.51,0.568,6.099,0.94,1.25,,,1.599755,0.006475,0,2,4,2036.99136
HD 693_0,HD 693,1.045,0.058,1.136,2.579,18.886,1.18,2.997,,,0.997882,0.113759,0,0,3,2036.996178
HD 693_1,HD 693,0.139,0.106,2.768,7.407,18.886,1.18,2.997,,,0.145597,0.373048,0,0,3,2036.996178
HD 693_3,HD 693,1.448,0.069,1.975,3.042,18.886,1.18,2.997,0.065331,141.026511,1.465202,0.642989,1,2,3,2036.996178
HD 693_4,HD 693,1.744,0.105,1.392,2.348,18.886,1.18,2.997,0.070638,140.305488,1.624305,0.082345,1,3,3,2036.996178
HD 693_5,HD 693,2.909,0.1,1.423,2.794,18.886,1.18,2.997,0.082057,19.193398,2.737943,0.854569,1,2,3,2036.996178
HD 693_6,HD 693,2.914,0.024,0.574,0.316,18.886,1.18,2.997,,,2.84641,0.102894,0,2,3,2036.996178
HD 693_7,HD 693,3.93,0.01,2.298,5.004,18.886,1.18,2.997,0.19726,79.765366,3.923491,0.490986,1,2,3,2036.996178
HD 84117_2,HD 84117,0.48,0.183,0.807,0.707,14.951,1.14,1.977,,,0.393907,0.787764,0,0,4,2036.999092
HD 84117_3,HD 84117,2.469,0.127,0.583,0.157,14.951,1.14,1.977,,,2.472816,0.96481,0,1,4,2036.999092
HD 84117_5,HD 84117,2.421,0.095,0.605,0.239,14.951,1.14,1.977,,,2.214218,0.116269,0,3,4,2036.999092
HD 58855_0,HD 58855,3.917,0.055,2.746,11.124,20.402,1.16,2.445,0.167935,102.493742,4.058088,0.590892,1,3,3,2037.000461
HD 58855_3,HD 58855,0.12,0.023,0.846,0.314,20.402,1.16,2.445,,,0.117951,0.504563,0,0,3,2037.000461
HD 58855_4,HD 58855,1.787,0.062,0.53,0.101,20.402,1.16,2.445,0.064785,127.91377,1.877088,0.727488,1,1,3,2037.000461
HD 58855_5,HD 58855,2.753,0.078,0.74,0.361,20.402,1.16,2.445,,,2.567098,0.020985,0,2,3,2037.000461
HD 58855_6,HD 58855,3.408,0.008,0.67,0.197,20.402,1.16,2.445,0.147732,92.659921,3.382217,0.572596,1,1,3,2037.000461
HD 58855_7,HD 58855,0.511,0.017,1.169,2.72,20.402,1.16,2.445,,,0.516562,0.008233,0,0,3,2037.000461
HD 58855_8,HD 58855,3.679,0.02,1.665,3.725,20.402,1.16,2.445,0.100072,329.570516,3.605443,0.837081,1,2,3,2037.000461
HD 128167_0,HD 128167,1.283,0.14,1.15,1.29,15.756,1.39,3.182,0.094981,88.964971,1.440615,0.474518,1,2,3,2037.001831
HD 128167_2,HD 128167,3.433,0.063,1.328,2.483,15.756,1.39,3.182,0.131322,69.231548,3.646397,0.842897,1,3,3,2037.001831
HD 128167_3,HD 128167,4.878,0.117,2.132,5.678,15.756,1.39,3.182,0.1609,295.503852,4.801347,0.861084,1,3,3,2037.001831
HD 128167_4,HD 128167,1.323,0.044,1.923,2.477,15.756,1.39,3.182,,,1.266252,0.817812,0,2,3,2037.001831
HD 142860_0,HD 142860,0.405,0.081,2.385,6.459,11.254,1.25,3.039,,,0.411532,0.82785,0,0,3,2037.003201
HD 142860_2,HD 142860,3.184,0.073,1.146,0.989,11.254,1.25,3.039,0.28641,109.202285,3.376965,0.184968,1,3,3,2037.003201
HD 142860_3,HD 142860,0.465,0.068,1.963,1.786,11.254,1.25,3.039,,,0.437522,0.636239,0,0,3,2037.003201
HD 142860_5,HD 142860,0.92,0.074,2.443,8.017,11.254,1.25,3.039,0.060387,346.40558,0.983495,0.765158,1,3,3,2037.003201
HD 142860_6,HD 142860,0.627,0.092,3.102,5.436,11.254,1.25,3.039,,,0.569857,0.882321,0,0,3,2037.003201
HD 142373_0,HD 142373,1.268,0.168,0.757,0.148,15.898,1.08,3.136,,,1.066913,0.110251,0,2,3,2037.004571
HD 142373_1,HD 142373,1.76,0.092,0.868,0.535,15.898,1.08,3.136,0.105645,99.175274,1.719924,0.353271,1,3,3,2037.004571
HD 142373_2,HD 142373,0.834,0.129,2.923,6.259,15.898,1.08,3.136,,,0.885622,0.798231,0,0,3,2037.004571
HD 142373_4,HD 142373,1.161,0.006,1.265,2.536,15.898,1.08,3.136,,,1.166241,0.724711,0,1,3,2037.004571
HD 142373_6,HD 142373,4.705,0.105,0.947,0.923,15.898,1.08,3.136,,,4.382056,0.014573,0,0,3,2037.004571
HD 142373_7,HD 142373,1.878,0.051,2.611,6.816,15.898,1.08,3.136,0.1056,15.06637,1.936391,0.104466,1,3,3,2037.004571
HD 142373_8,HD 142373,3.092,0.053,1.805,7.326,15.898,1.08,3.136,0.183879,307.518558,2.988364,0.337202,1,3,3,2037.004571
HD 143761_0,HD 143761,2.268,0.052,0.622,0.131,17.511,0.97,1.812,0.118123,19.721333,2.258758,0.160575,1,2,3,2037.00932
HD 143761_3,HD 143761,0.463,0.017,0.834,0.619,17.511,0.97,1.812,,,0.469948,0.124766,0,0,3,2037.00932
HD 143761_4,HD 143761,1.096,0.157,0.808,0.895,17.511,0.97,1.812,,,1.172285,0.052792,0,2,3,2037.00932
HD 143761_5,HD 143761,0.834,0.096,1.155,1.684,17.511,0.97,1.812,,,0.76,0.865798,0,0,3,2037.00932
HD 143761_7,HD 143761,2.609,0.089,2.154,12.289,17.511,0.97,1.812,0.150608,13.763434,2.761264,0.184515,1,2,3,2037.00932
HD 115617_0,HD 115617,1.956,0.004,0.732,1.017,8.534,0.97,0.825,0.211988,259.429629,1.958741,0.527363,1,4,4,2037.014099
HD 115617_1,HD 115617,0.76,0.09,2.931,6.157,8.534,0.97,0.825,,,0.713056,0.975025,0,3,4,2037.014099
HD 115617_2,HD 115617,0.621,0.047,0.562,0.059,8.534,0.97,0.825,0.077189,297.937324,0.64322,0.306384,1,3,4,2037.014099
HD 115617_3,HD 115617,0.199,0.073,3.38,12.207,8.534,0.97,0.825,,,0.205227,0.622387,0,0,4,2037.014099
HD 115617_4,HD 115617,2.599,0.104,0.763,0.174,8.534,0.97,0.825,0.296281,69.210227,2.510803,0.386414,1,4,4,2037.014099
HD 115617_5,HD 115617,2.098,0.045,1.487,3.177,8.534,0.97,0.825,0.228079,183.303162,2.189705,0.125334,1,4,4,2037.014099
HD 115617_6,HD 115617,3.003,0.084,0.942,0.936,8.534,0.97,0.825,0.363204,68.824991,3.1652,0.463368,1,1,4,2037.014099
HD 212330 A_0,HD 212330 A,1.747,0.031,3.281,9.208,20.34,1.02,2.726,,,1.735309,0.022371,0,2,3,2037.015469
HD 187691 A_0,HD 187691 A,3.127,0.076,1.475,4.454,19.488,1.25,2.835,0.167073,2.896352,3.334218,0.350142,1,3,3,2037.017636
HD 187691 A_1,HD 187691 A,2.61,0.091,1.018,1.386,19.488,1.25,2.835,0.130695,70.68968,2.687144,0.545551,1,2,3,2037.017636
HD 187691 A_2,HD 187691 A,3.249,0.037,0.764,1.364,19.488,1.25,2.835,,,3.181898,0.076261,0,2,3,2037.017636
HD 187691 A_3,HD 187691 A,2.018,0.038,2.654,10.557,19.488,1.25,2.835,0.076858,64.576238,2.063338,0.064413,1,1,3,2037.017636
HD 4614 A_0,HD 4614 A,4.718,0.051,1.358,3.151,5.01,1.14,1.252,,,4.75357,0.067523,0,0,3,2037.029166
HD 4614 A_1,HD 4614 A,0.651,0.133,0.728,0.235,5.01,1.14,1.252,0.097573,194.802266,0.737051,0.792566,1,3,3,2037.029166
HD 4614 A_2,HD 4614 A,2.584,0.017,1.361,2.842,5.01,1.14,1.252,0.397984,138.073065,2.540571,0.073219,1,3,3,2037.029166
HD 146233_0,HD 146233,0.356,0.047,2.679,8.19,14.137,1.02,1.094,,,0.366362,0.594322,0,0,7,2037.031937
HD 146233_1,HD 146233,0.206,0.044,2.032,3.376,14.137,1.02,1.094,,,0.206207,0.410538,0,0,7,2037.031937
HD 146233_4,HD 146233,0.539,0.141,1.433,3.682,14.137,1.02,1.094,,,0.535009,0.217995,0,0,7,2037.031937
HD 37394_0,HD 37394,1.839,0.051,0.552,0.164,12.27,0.88,0.478,0.125905,193.117621,1.911762,0.656429,1,3,5,2037.037921
HD 37394_1,HD 37394,0.501,0.058,1.934,5.969,12.27,0.88,0.478,,,0.474279,0.053047,0,0,5,2037.037921
HD 37394_3,HD 37394,1.245,0.044,1.502,2.038,12.27,0.88,0.478,,,1.298808,0.998008,0,2,5,2037.037921
HD 37394_5,HD 37394,0.152,0.102,1.111,1.488,12.27,0.88,0.478,,,0.147656,0.75941,0,0,5,2037.037921
HD 37394_9,HD 37394,0.863,0.077,0.726,0.552,12.27,0.88,0.478,,,0.905194,0.043046,0,3,5,2037.037921
HD 37394_10,HD 37394,0.093,0.059,3.205,15.21,12.27,0.88,0.478,,,0.089592,0.020064,0,0,5,2037.037921
HD 37394_11,HD 37394,1.171,0.065,2.415,5.91,12.27,0.88,0.478,0.096494,252.624668,1.153156,0.482823,1,5,5,2037.037921
HD 37394_15,HD 37394,0.222,0.142,1.093,0.563,12.27,0.88,0.478,,,0.250119,0.49187,0,0,5,2037.037921
HD 37394_16,HD 37394,2.623,0.055,2.621,9.008,12.27,0.88,0.478,0.191716,252.802697,2.630056,0.118734,1,4,5,2037.037921
HD 90839_0,HD 90839,3.665,0.022,0.781,0.186,12.945,1.18,1.605,,,3.737451,0.215198,0,0,3,2037.041547
HD 90839_1,HD 90839,0.191,0.094,1.403,2.751,12.945,1.18,1.605,,,0.203187,0.547901,0,0,3,2037.041547
HD 90839_2,HD 90839,3.378,0.112,1.125,1.619,12.945,1.18,1.605,,,3.7426,0.126074,0,2,3,2037.041547
HD 90839_5,HD 90839,0.15,0.051,2.273,4.226,12.945,1.18,1.605,,,0.144599,0.05541,0,0,3,2037.041547
HD 95128_1,HD 95128,2.285,0.074,0.586,0.282,13.887,1.07,1.577,0.150291,19.501791,2.138604,0.425412,1,2,3,2037.044175
HD 95128_2,HD 95128,4.586,0.035,0.538,0.083,13.887,1.07,1.577,,,4.739694,0.020794,0,0,3,2037.044175
HD 95128_3,HD 95128,0.343,0.031,2.771,10.086,13.887,1.07,1.577,,,0.352286,0.147913,0,0,3,2037.044175
HD 95128_4,HD 95128,2.15,0.173,1.218,6.511,13.887,1.07,1.577,,,2.045261,0.942137,0,1,3,2037.044175
HD 95128_5,HD 95128,0.6,0.105,2.299,8.137,13.887,1.07,1.577,,,0.539519,0.15002,0,0,3,2037.044175
HD 95128_6,HD 95128,0.335,0.024,2.419,8.582,13.887,1.07,1.577,,,0.327541,0.585656,0,0,3,2037.044175
HD 95128_7,HD 95128,0.847,0.089,1.394,3.129,13.887,1.07,1.577,,,0.903525,0.635603,0,0,3,2037.044175
HD 95128_8,HD 95128,0.588,0.034,2.182,8.46,13.887,1.07,1.577,,,0.577802,0.096119,0,0,3,2037.044175
HD 65907 A_0,HD 65907 A,0.584,0.099,0.585,0.122,16.172,1.11,1.29,,,0.637858,0.023636,0,0,4,2037.045545
HD 65907 A_1,HD 65907 A,1.316,0.075,0.982,3.131,16.172,1.11,1.29,,,1.237305,0.91387,0,2,4,2037.045545
HD 65907 A_2,HD 65907 A,1.009,0.058,1.202,5.136,16.172,1.11,1.29,,,0.950665,0.51284,0,1,4,2037.045545
HD 219134_0,HD 219134,1.298,0.068,3.021,11.197,6.542,0.75,0.266,0.163279,286.794199,1.218266,0.146703,1,4,4,2037.049569
HD 219134_1,HD 219134,0.107,0.06,0.589,0.114,6.542,0.75,0.266,,,0.1016,0.569262,0,0,4,2037.049569
HD 219134_2,HD 219134,0.475,0.085,1.279,2.244,6.542,0.75,0.266,0.063227,55.670362,0.457907,0.227116,1,2,4,2037.049569
HD 219134_3,HD 219134,2.999,0.067,1.913,4.52,6.542,0.75,0.266,0.2128,79.230229,3.195113,0.906543,1,4,4,2037.049569
HD 219134_4,HD 219134,0.285,0.083,1.716,4.805,6.542,0.75,0.266,,,0.293733,0.349262,0,0,4,2037.049569
HD 219134_5,HD 219134,1.823,0.052,1.09,4.144,6.542,0.75,0.266,0.280697,53.776173,1.877044,0.222535,1,4,4,2037.049569
HD 219134_7,HD 219134,0.986,0.056,2.277,3.449,6.542,0.75,0.266,0.157362,333.408943,1.029084,0.38168,1,4,4,2037.049569
HD 201091_1,HD 201091,1.051,0.108,0.699,0.293,3.497,0.68,0.142,0.265138,98.377603,0.937522,0.296916,1,3,3,2037.067739
HD 201091_2,HD 201091,2.964,0.153,0.94,0.359,3.497,0.68,0.142,0.46812,149.694839,2.990095,0.858127,1,2,3,2037.067739
HD 201091_4,HD 201091,2.241,0.067,3.013,8.159,3.497,0.68,0.142,0.256638,81.856472,2.108734,0.914879,1,2,3,2037.067739
HD 50692_0,HD 50692,3.95,0.04,2.831,10.297,17.405,1.08,1.293,0.178877,73.27774,4.096898,0.065583,1,3,3,2037.072529
HD 50692_1,HD 50692,0.28,0.064,0.734,0.092,17.405,1.08,1.293,,,0.262483,0.244913,0,0,3,2037.072529
HD 50692_2,HD 50692,0.513,0.081,1.798,3.652,17.405,1.08,1.293,,,0.47497,0.464314,0,0,3,2037.072529
HD 50692_3,HD 50692,0.925,0.032,2.849,9.197,17.405,1.08,1.293,,,0.954037,0.039155,0,0,3,2037.072529
HD 140538 A_0,HD 140538 A,2.088,0.047,0.685,0.069,14.793,0.94,0.834,,,1.98994,0.055727,0,1,3,2037.076378
HD 140538 A_1,HD 140538 A,0.512,0.053,2.798,18.338,14.793,0.94,0.834,,,0.510786,0.002627,0,0,3,2037.076378
HD 140538 A_2,HD 140538 A,4.137,0.053,0.916,0.304,14.793,0.94,0.834,0.110264,319.500275,3.917965,0.912072,1,3,3,2037.076378
HD 156274 A_3,HD 156274 A,4.433,0.138,1.608,3.519,8.791,0.9,0.452,,,5.012965,0.006121,0,1,3,2037.082284
HD 26965 A_1,HD 26965 A,0.482,0.058,1.38,2.403,5.01,0.86,0.41,0.087301,276.63556,0.457417,0.498252,1,5,5,2037.091928
HD 26965 A_2,HD 26965 A,0.345,0.049,0.5,0.06,5.01,0.86,0.41,0.0698,15.513526,0.354607,0.236854,1,5,5,2037.091928
HD 72905_1,HD 72905,0.661,0.069,0.5,0.051,14.439,1.08,0.973,,,0.620118,0.157301,0,0,5,2037.095724
HD 72905_3,HD 72905,0.899,0.099,2.776,19.234,14.439,1.08,0.973,,,0.964997,0.036563,0,1,5,2037.095724
HD 72905_4,HD 72905,0.923,0.214,1.407,2.24,14.439,1.08,0.973,0.071695,144.273329,1.120484,0.131107,1,2,5,2037.095724
HD 72905_5,HD 72905,3.175,0.086,0.525,0.068,14.439,1.08,0.973,,,3.445765,0.974345,0,1,5,2037.095724
HD 201092_1,HD 201092,2.708,0.059,2.37,8.514,3.496,0.63,0.078,0.652116,226.157737,2.715804,0.092491,1,3,3,2037.099755
HD 131977_0,HD 131977,2.114,0.033,1.305,3.47,5.886,0.72,0.223,0.304415,143.63154,2.107661,0.093208,1,3,3,2037.101125
HD 88230_0,HD 88230,1.858,0.024,1.413,3.961,4.871,0.63,0.103,0.30622,268.392048,1.849687,0.076823,1,3,3,2037.104459
HD 88230_1,HD 88230,0.369,0.102,2.613,14.391,4.871,0.63,0.103,,,0.331389,0.918338,0,0,3,2037.104459
HD 88230_2,HD 88230,0.941,0.058,0.511,0.079,4.871,0.63,0.103,0.162026,208.884988,0.957742,0.090524,1,3,3,2037.104459
HD 88230_3,HD 88230,1.397,0.055,1.541,3.057,4.871,0.63,0.103,0.216536,234.496105,1.471186,0.746647,1,3,3,2037.104459
HD 88230_4,HD 88230,0.683,0.12,0.831,0.221,4.871,0.63,0.103,0.105716,73.662614,0.759112,0.037656,1,1,3,2037.104459
HD 88230_5,HD 88230,2.552,0.09,1.594,2.912,4.871,0.63,0.103,0.349164,215.849107,2.323628,0.056311,1,3,3,2037.104459
HD 88230_6,HD 88230,2.842,0.103,0.661,0.567,4.871,0.63,0.103,,,3.058055,0.269796,0,0,3,2037.104459
HD 4628_0,HD 4628,0.299,0.054,1.741,4.304,7.435,0.78,0.3,,,0.290307,1.8e-05,0,0,3,2037.105829
HD 4628_1,HD 4628,4.258,0.031,1.273,1.784,7.435,0.78,0.3,,,4.12815,0.068133,0,0,3,2037.105829
HD 4628_4,HD 4628,4.069,0.034,0.981,0.876,7.435,0.78,0.3,0.54733,20.364749,4.090507,0.294147,1,3,3,2037.105829
HD 4628_5,HD 4628,3.681,0.025,0.897,0.617,7.435,0.78,0.3,,,3.648714,0.001802,0,1,3,2037.105829
HD 4628_6,HD 4628,1.476,0.055,1.942,4.324,7.435,0.78,0.3,0.174349,260.247467,1.410366,0.136304,1,3,3,2037.105829
HD 10360_0,HD 10360,0.111,0.132,2.009,6.936,8.189,0.78,0.345,,,0.106867,0.543398,0,0,3,2037.109258
HD 10360_1,HD 10360,0.559,0.036,0.525,0.063,8.189,0.78,0.345,0.075006,92.465788,0.57643,0.386381,1,1,3,2037.109258
HD 10360_2,HD 10360,3.873,0.13,2.182,7.34,8.189,0.78,0.345,0.178875,240.768899,3.998479,0.938112,1,3,3,2037.109258
HD 10360_4,HD 10360,0.185,0.028,3.239,14.497,8.189,0.78,0.345,,,0.185057,0.180619,0,0,3,2037.109258
HD 10360_5,HD 10360,2.33,0.067,0.679,0.17,8.189,0.78,0.345,0.259462,235.96453,2.173951,0.203508,1,3,3,2037.109258
HD 149661_2,HD 149661,2.991,0.073,1.285,2.935,9.894,0.87,0.462,,,2.772734,0.076056,0,2,3,2037.110708
HD 149661_3,HD 149661,2.364,0.065,0.7,0.315,9.894,0.87,0.462,0.19734,111.329433,2.357334,0.64927,1,1,3,2037.110708
HD 149661_5,HD 149661,3.155,0.051,2.936,7.428,9.894,0.87,0.462,,,3.273843,0.005603,0,2,3,2037.110708
HD 166_0,HD 166,1.592,0.09,1.08,2.182,13.766,0.94,0.647,0.090793,153.823314,1.720069,0.724336,1,3,4,2037.116222
HD 166_1,HD 166,0.635,0.021,0.515,0.062,13.766,0.94,0.647,,,0.639594,0.033019,0,0,4,2037.116222
HD 100623 A_0,HD 100623 A,4.014,0.105,2.503,8.448,9.559,0.88,0.37,,,3.746258,0.025764,0,2,3,2037.117592
HD 100623 A_2,HD 100623 A,0.102,0.086,0.559,0.245,9.559,0.88,0.37,,,0.109772,0.652323,0,0,3,2037.117592
HD 100623 A_3,HD 100623 A,4.384,0.075,1.441,2.214,9.559,0.88,0.37,0.330483,60.849323,4.627275,0.776075,1,3,3,2037.117592
HD 100623 A_4,HD 100623 A,2.524,0.072,0.66,0.613,9.559,0.88,0.37,0.2701,118.143632,2.636218,0.465383,1,1,3,2037.117592
HD 100623 A_5,HD 100623 A,4.18,0.038,0.734,0.337,9.559,0.88,0.37,0.302801,276.067548,4.02143,0.743712,1,2,3,2037.117592
HD 100623 A_6,HD 100623 A,0.362,0.165,0.555,0.359,9.559,0.88,0.37,,,0.358237,0.211945,0,0,3,2037.117592
HD 100623 A_7,HD 100623 A,4.073,0.068,1.365,1.972,9.559,0.88,0.37,0.34217,123.439949,3.963281,0.648345,1,2,3,2037.117592
HD 216803_1,HD 216803,3.539,0.087,2.035,5.879,7.601,0.72,0.196,0.434579,79.503293,3.398331,0.21708,1,3,3,2037.118962
HD 216803_3,HD 216803,0.104,0.044,0.893,0.284,7.601,0.72,0.196,,,0.10089,0.207985,0,0,3,2037.118962
HD 216803_4,HD 216803,2.738,0.038,2.631,12.08,7.601,0.72,0.196,0.190034,356.697005,2.773246,0.016613,1,3,3,2037.118962
HD 216803_5,HD 216803,0.109,0.06,0.686,0.431,7.601,0.72,0.196,,,0.108866,0.12109,0,0,3,2037.118962
HD 216803_6,HD 216803,0.431,0.071,1.431,2.693,7.601,0.72,0.196,,,0.440263,0.092438,0,0,3,2037.118962
HD 32147_1,HD 32147,0.121,0.122,1.044,1.526,8.844,0.75,0.29,,,0.135218,0.652534,0,0,3,2037.120332
HD 32147_2,HD 32147,3.272,0.062,1.942,2.786,8.844,0.75,0.29,0.249309,190.056128,3.212211,0.777573,1,3,3,2037.120332
HD 95735_0,HD 95735,0.673,0.041,0.901,1.876,2.546,0.44,0.02,0.199036,112.38429,0.679661,0.066011,1,3,3,2037.121702
HD 95735_2,HD 95735,0.392,0.078,0.638,0.252,2.546,0.44,0.02,0.141825,89.306552,0.362476,0.26947,1,3,3,2037.121702
HD 95735_3,HD 95735,0.164,0.146,0.847,1.655,2.546,0.44,0.02,,,0.152095,0.460484,0,0,3,2037.121702
HD 95735_4,HD 95735,2.481,0.023,1.454,2.402,2.546,0.44,0.02,,,2.424353,0.00108,0,2,3,2037.121702
HD 95735_6,HD 95735,0.163,0.047,1.008,2.764,2.546,0.44,0.02,,,0.155463,0.943729,0,1,3,2037.121702
HD 38393_0,HD 38393,0.205,0.072,1.088,1.383,8.905,1.23,2.344,,,0.190972,0.727811,0,0,5,2037.123071
HD 38393_1,HD 38393,3.39,0.099,0.656,0.073,8.905,1.23,2.344,,,3.320024,0.092003,0,0,5,2037.123071
HD 38393_3,HD 38393,0.355,0.086,1.549,2.098,8.905,1.23,2.344,,,0.340193,0.73378,0,0,5,2037.123071
HD 38393_4,HD 38393,4.373,0.052,1.208,1.876,8.905,1.23,2.344,,,4.29536,0.093913,0,0,5,2037.123071
HD 155886_1,HD 155886,0.511,0.064,0.698,0.549,5.952,0.85,0.327,0.081393,158.507591,0.50819,0.325607,1,5,5,2037.124441
HD 155886_2,HD 155886,0.232,0.069,1.589,4.704,5.952,0.85,0.327,,,0.223571,0.199233,0,0,5,2037.124441
HD 155886_3,HD 155886,1.253,0.044,2.915,7.774,5.952,0.85,0.327,0.187529,31.0985,1.291626,0.093418,1,5,5,2037.124441
HD 155886_4,HD 155886,0.305,0.028,0.94,0.937,5.952,0.85,0.327,,,0.312869,0.166065,0,0,5,2037.124441
HD 155886_5,HD 155886,0.201,0.128,1.339,2.779,5.952,0.85,0.327,,,0.211962,0.512918,0,0,5,2037.124441
HD 155886_6,HD 155886,0.316,0.044,0.948,1.735,5.952,0.85,0.327,,,0.313983,0.396031,0,0,5,2037.124441
HD 155886_7,HD 155886,0.59,0.079,3.352,16.163,5.952,0.85,0.327,0.085573,231.851837,0.568823,0.579887,1,5,5,2037.124441
HD 155886_8,HD 155886,3.879,0.087,2.635,16.445,5.952,0.85,0.327,0.598519,120.443122,3.685823,0.452916,1,5,5,2037.124441
HD 101501_3,HD 101501,0.112,0.069,1.262,2.497,9.576,0.94,0.609,,,0.110588,0.011813,0,0,5,2037.125811
HD 101501_7,HD 101501,0.888,0.054,0.887,0.333,9.576,0.94,0.609,,,0.866423,0.928629,0,2,5,2037.125811
HD 3651 A_0,HD 3651 A,0.818,0.09,1.086,0.195,11.108,0.86,0.532,0.076666,7.611688,0.886194,0.179395,1,4,4,2037.167373
HD 3651 A_3,HD 3651 A,0.106,0.12,3.284,8.237,11.108,0.86,0.532,,,0.116277,0.026114,0,0,4,2037.167373
HD 3651 A_5,HD 3651 A,0.552,0.025,0.534,0.148,11.108,0.86,0.532,,,0.563343,0.072331,0,0,4,2037.167373
HD 102365_0,HD 102365,1.154,0.024,2.235,11.472,9.319,1.02,0.844,0.107829,326.292702,1.158879,0.56014,1,4,4,2037.184281
HD 102365_1,HD 102365,4.021,0.031,1.113,0.834,9.319,1.02,0.844,,,4.014067,0.197041,0,0,4,2037.184281
HD 102365_2,HD 102365,0.113,0.031,0.976,0.303,9.319,1.02,0.844,,,0.112656,0.40045,0,0,4,2037.184281
HD 203608_0,HD 203608,2.203,0.092,1.79,3.488,9.258,1.14,1.466,0.235565,180.330256,2.232362,0.386757,1,4,4,2037.192754
HD 203608_1,HD 203608,2.342,0.1,0.502,0.104,9.258,1.14,1.466,,,2.376225,0.203888,0,2,4,2037.192754
HD 203608_2,HD 203608,2.74,0.062,1.086,1.189,9.258,1.14,1.466,,,2.641091,0.03788,0,3,4,2037.192754
HD 203608_5,HD 203608,4.293,0.038,0.929,0.698,9.258,1.14,1.466,,,4.442757,0.022112,0,0,4,2037.192754
HD 203608_6,HD 203608,0.526,0.072,0.985,0.486,9.258,1.14,1.466,,,0.49898,0.756836,0,0,4,2037.192754
HD 219134_0,HD 219134,1.298,0.068,3.021,11.197,6.542,0.75,0.266,0.191247,262.896854,1.250889,0.336375,1,5,5,2037.195315
HD 219134_1,HD 219134,0.107,0.06,0.589,0.114,6.542,0.75,0.266,,,0.113045,0.482798,0,0,5,2037.195315
HD 219134_2,HD 219134,0.475,0.085,1.279,2.244,6.542,0.75,0.266,,,0.51343,0.720067,0,2,5,2037.195315
HD 219134_3,HD 219134,2.999,0.067,1.913,4.52,6.542,0.75,0.266,0.241522,63.565051,3.199349,0.885556,1,5,5,2037.195315
HD 219134_4,HD 219134,0.285,0.083,1.716,4.805,6.542,0.75,0.266,,,0.308293,0.397898,0,0,5,2037.195315
HD 219134_5,HD 219134,1.823,0.052,1.09,4.144,6.542,0.75,0.266,0.289383,39.851391,1.898289,0.32589,1,5,5,2037.195315
HD 219134_7,HD 219134,0.986,0.056,2.277,3.449,6.542,0.75,0.266,0.151443,297.442164,1.040974,0.207104,1,5,5,2037.195315
HD 30495_0,HD 30495,1.934,0.08,0.989,1.288,13.24,1.04,0.966,0.112195,58.967261,2.011551,0.683768,1,4,4,2037.217867
HD 30495_2,HD 30495,0.416,0.06,1.179,0.557,13.24,1.04,0.966,,,0.416375,0.105673,0,0,4,2037.217867
HD 30495_3,HD 30495,1.848,0.089,0.623,0.48,13.24,1.04,0.966,0.082928,130.658345,1.685063,0.775564,1,3,4,2037.217867
HD 43386_0,HD 43386,2.541,0.037,0.504,0.177,19.588,1.33,2.957,0.099017,126.286456,2.462306,0.67395,1,2,4,2037.223399
HD 43386_1,HD 43386,1.141,0.101,1.584,2.873,19.588,1.33,2.957,,,1.254513,0.056561,0,0,4,2037.223399
HD 43386_3,HD 43386,0.289,0.045,1.072,0.429,19.588,1.33,2.957,,,0.275997,0.531259,0,0,4,2037.223399
HD 147513_0,HD 147513,1.541,0.04,0.645,0.152,12.892,1.07,1.001,0.104322,99.035837,1.589088,0.645471,1,5,5,2037.224768
HD 147513_1,HD 147513,1.513,0.099,0.537,0.038,12.892,1.07,1.001,0.118763,304.644373,1.633692,0.504214,1,5,5,2037.224768
HD 147513_2,HD 147513,4.633,0.075,1.379,7.403,12.892,1.07,1.001,0.256479,37.909976,4.44072,0.71533,1,5,5,2037.224768
HD 147513_4,HD 147513,0.196,0.111,0.74,0.096,12.892,1.07,1.001,,,0.206225,0.701054,0,0,5,2037.224768
HD 147513_5,HD 147513,4.52,0.075,0.624,0.254,12.892,1.07,1.001,,,4.227714,0.02431,0,0,5,2037.224768
HD 147513_6,HD 147513,1.743,0.075,1.796,2.912,12.892,1.07,1.001,0.092789,184.514075,1.618826,0.715672,1,5,5,2037.224768
HD 147513_7,HD 147513,2.47,0.028,0.667,0.174,12.892,1.07,1.001,,,2.53891,0.062792,0,2,5,2037.224768
HD 43042_0,HD 43042,4.095,0.078,0.558,0.185,21.776,1.29,2.936,0.130629,172.590143,4.061507,0.760158,1,2,4,2037.23872
HD 43042_1,HD 43042,0.434,0.11,0.533,0.05,21.776,1.29,2.936,,,0.470918,0.015469,0,0,4,2037.23872
HD 43042_3,HD 43042,0.724,0.14,0.733,0.758,21.776,1.29,2.936,,,0.818336,0.857247,0,0,4,2037.23872
HD 165499_0,HD 165499,3.777,0.071,0.637,0.161,17.753,1.08,1.731,,,4.00364,0.041348,0,0,4,2037.251884
HD 165499_1,HD 165499,0.192,0.04,0.654,0.106,17.753,1.08,1.731,,,0.185473,0.794097,0,0,4,2037.251884
HD 165499_3,HD 165499,0.221,0.065,0.75,0.229,17.753,1.08,1.731,,,0.228518,0.879738,0,0,4,2037.251884
HD 165499_4,HD 165499,1.569,0.062,3.377,24.497,17.753,1.08,1.731,0.087143,351.243127,1.538821,0.283287,1,3,4,2037.251884
HD 55575_0,HD 55575,1.084,0.09,0.727,0.186,16.852,1.14,1.463,,,1.05878,0.734219,0,1,6,2037.272637
HD 55575_1,HD 55575,0.133,0.053,0.578,0.677,16.852,1.14,1.463,,,0.131321,0.817542,0,0,6,2037.272637
HD 136352_0,HD 136352,1.127,0.083,0.501,0.05,14.739,1.02,1.029,0.062072,10.523135,1.17582,0.707201,1,4,4,2037.279454
HD 136352_2,HD 136352,0.995,0.082,1.549,3.519,14.739,1.02,1.029,,,0.961793,0.722691,0,0,4,2037.279454
HD 136352_3,HD 136352,3.774,0.069,2.041,4.78,14.739,1.02,1.029,0.230453,151.119366,3.518282,0.456124,1,4,4,2037.279454
HD 136352_4,HD 136352,1.831,0.068,0.826,0.342,14.739,1.02,1.029,0.107319,59.001765,1.954905,0.101048,1,4,4,2037.279454
HD 20794_0,HD 20794,4.322,0.17,2.962,5.742,6.041,0.97,0.654,0.580286,126.497087,3.610057,0.45688,1,2,4,2037.281407
HD 20794_1,HD 20794,2.398,0.095,1.302,2.525,6.041,0.97,0.654,0.271514,186.429259,2.457443,0.785977,1,3,4,2037.281407
HD 10361_1,HD 10361,0.761,0.025,1.303,2.715,8.197,0.77,0.304,0.074307,226.01436,0.771936,0.701056,1,4,4,2037.282777
HD 10361_2,HD 10361,0.985,0.066,0.785,0.596,8.197,0.77,0.304,0.110515,272.696131,0.99604,0.096409,1,3,4,2037.282777
HD 10361_3,HD 10361,1.525,0.07,0.586,0.784,8.197,0.77,0.304,0.164679,290.240231,1.621414,0.632797,1,4,4,2037.282777
HD 10361_4,HD 10361,4.037,0.084,0.501,0.084,8.197,0.77,0.304,,,4.335276,0.011996,0,0,4,2037.282777
HD 88230_0,HD 88230,1.858,0.024,1.413,3.961,4.871,0.63,0.103,0.343241,248.314131,1.834755,0.137003,1,4,4,2037.286141
HD 88230_1,HD 88230,0.369,0.102,2.613,14.391,4.871,0.63,0.103,,,0.395605,0.030213,0,0,4,2037.286141
HD 88230_2,HD 88230,0.941,0.058,0.511,0.079,4.871,0.63,0.103,0.192728,195.950706,0.993072,0.469819,1,4,4,2037.286141
HD 88230_3,HD 88230,1.397,0.055,1.541,3.057,4.871,0.63,0.103,0.237736,198.124385,1.45123,0.682529,1,4,4,2037.286141
HD 88230_4,HD 88230,0.683,0.12,0.831,0.221,4.871,0.63,0.103,0.093871,285.218162,0.721961,0.029471,1,2,4,2037.286141
HD 88230_5,HD 88230,2.552,0.09,1.594,2.912,4.871,0.63,0.103,0.372071,196.359805,2.336268,0.06913,1,4,4,2037.286141
HD 88230_6,HD 88230,2.842,0.103,0.661,0.567,4.871,0.63,0.103,0.615631,207.028553,3.019956,0.338237,1,1,4,2037.286141
HD 192310_0,HD 192310,1.267,0.07,0.641,0.14,8.812,0.77,0.404,0.141172,177.653337,1.242072,0.469152,1,4,5,2037.289191
HD 192310_1,HD 192310,1.472,0.082,2.73,7.674,8.812,0.77,0.404,0.13728,271.401057,1.560872,0.070569,1,5,5,2037.289191
HD 192310_2,HD 192310,0.631,0.109,2.544,13.411,8.812,0.77,0.404,0.077976,124.683448,0.69819,0.305826,1,5,5,2037.289191
HD 192310_3,HD 192310,0.091,0.084,2.458,12.572,8.812,0.77,0.404,,,0.090183,0.722816,0,0,5,2037.289191
HD 86728 A_0,HD 86728 A,0.138,0.113,0.53,0.078,14.926,1.0,1.378,,,0.144287,0.618244,0,0,4,2037.290721
HD 86728 A_1,HD 86728 A,1.194,0.049,0.519,0.144,14.926,1.0,1.378,0.074767,227.963824,1.15623,0.424663,1,3,4,2037.290721
HD 86728 A_2,HD 86728 A,1.586,0.024,0.736,0.367,14.926,1.0,1.378,0.092945,211.530349,1.553383,0.169752,1,3,4,2037.290721
HD 86728 A_3,HD 86728 A,0.34,0.077,0.971,1.901,14.926,1.0,1.378,,,0.358369,0.157168,0,0,4,2037.290721
HD 86728 A_4,HD 86728 A,3.143,0.15,2.985,16.709,14.926,1.0,1.378,,,3.50055,0.015525,0,3,4,2037.290721
HD 86728 A_5,HD 86728 A,0.238,0.132,1.155,6.008,14.926,1.0,1.378,,,0.248078,0.012059,0,0,4,2037.290721
HD 86728 A_6,HD 86728 A,2.84,0.137,2.462,3.621,14.926,1.0,1.378,0.14783,93.654029,3.163339,0.047261,1,4,4,2037.290721
HD 4391_0,HD 4391,0.363,0.182,1.471,1.692,15.049,0.98,0.923,,,0.428765,0.044345,0,0,5,2037.293468
HD 4391_1,HD 4391,1.544,0.114,0.614,0.159,15.049,0.98,0.923,0.083643,239.526493,1.443599,0.557282,1,3,5,2037.293468
HD 4391_2,HD 4391,0.361,0.058,0.863,0.256,15.049,0.98,0.923,,,0.371071,0.58843,0,0,5,2037.293468
HD 4391_3,HD 4391,0.102,0.064,0.942,1.344,15.049,0.98,0.923,,,0.101525,0.581546,0,0,5,2037.293468
HD 4391_4,HD 4391,0.526,0.038,2.712,11.881,15.049,0.98,0.923,,,0.544457,0.490441,0,0,5,2037.293468
HD 128620_0,HD 128620,1.567,0.074,0.945,0.738,1.332,1.11,1.521,,,1.580143,0.474495,0,2,4,2037.296373
HD 128620_1,HD 128620,1.266,0.016,1.198,6.221,1.332,1.11,1.521,0.687941,192.825019,1.245892,0.054759,1,4,4,2037.296373
HD 109358_0,HD 109358,0.599,0.064,0.661,0.193,8.473,1.08,1.151,0.069553,238.478789,0.627828,0.320298,1,4,4,2037.306082
HD 109358_1,HD 109358,0.313,0.024,1.946,4.835,8.473,1.08,1.151,,,0.32049,0.901109,0,0,4,2037.306082
HD 109358_3,HD 109358,0.172,0.066,1.409,1.609,8.473,1.08,1.151,,,0.183248,0.013838,0,0,4,2037.306082
HD 109358_4,HD 109358,1.488,0.078,0.58,0.237,8.473,1.08,1.151,0.171634,35.699326,1.593035,0.558337,1,3,4,2037.306082
HD 109358_5,HD 109358,3.968,0.05,3.285,25.806,8.473,1.08,1.151,0.376605,241.721825,3.769773,0.09846,1,2,4,2037.306082
HD 165341 A_0,HD 165341 A,3.482,0.036,1.359,2.775,5.113,0.88,0.532,0.706629,195.84931,3.607037,0.337418,1,2,5,2037.307452
HD 165341 A_2,HD 165341 A,0.277,0.022,2.947,13.11,5.113,0.88,0.532,,,0.280309,0.990447,0,0,5,2037.307452
HD 165341 A_3,HD 165341 A,0.642,0.027,1.615,1.833,5.113,0.88,0.532,0.071629,21.677486,0.659274,0.85609,1,4,5,2037.307452
HD 17925_0,HD 17925,1.472,0.037,0.676,0.068,10.361,0.82,0.401,0.131493,248.253115,1.523373,0.110916,1,7,7,2037.32566
HD 17925_2,HD 17925,0.735,0.099,0.938,0.945,10.361,0.82,0.401,0.074247,239.241454,0.780688,0.28745,1,2,7,2037.32566
HD 17925_3,HD 17925,0.561,0.086,1.065,2.041,10.361,0.82,0.401,,,0.513433,0.079743,0,0,7,2037.32566
HD 17925_4,HD 17925,0.848,0.062,1.424,1.901,10.361,0.82,0.401,0.064605,69.460326,0.818651,0.587293,1,4,7,2037.32566
HD 17925_6,HD 17925,3.618,0.076,0.719,0.216,10.361,0.82,0.401,,,3.88792,0.04985,0,0,7,2037.32566
HD 155885_0,HD 155885,0.424,0.016,1.08,0.365,5.948,0.85,0.332,,,0.417279,0.071914,0,1,4,2037.339407
HD 155885_1,HD 155885,0.125,0.137,2.355,7.262,5.948,0.85,0.332,,,0.117494,0.016973,0,0,4,2037.339407
HD 155885_4,HD 155885,2.293,0.052,0.991,0.685,5.948,0.85,0.332,0.309927,83.474477,2.177239,0.093415,1,4,4,2037.339407
HD 22484_0,HD 22484,0.838,0.146,1.142,1.607,13.92,1.14,3.068,,,0.721258,0.888405,0,0,4,2037.340777
HD 22484_1,HD 22484,1.12,0.109,1.996,7.679,13.92,1.14,3.068,,,1.232428,0.008296,0,3,4,2037.340777
HD 22484_2,HD 22484,0.469,0.117,1.765,3.166,13.92,1.14,3.068,,,0.428567,0.5831,0,0,4,2037.340777
HD 22484_5,HD 22484,4.456,0.081,0.516,0.034,13.92,1.14,3.068,,,4.35631,0.431946,0,0,4,2037.340777
HD 22484_7,HD 22484,3.201,0.074,0.943,1.501,13.92,1.14,3.068,0.24305,56.040834,3.385684,0.369118,1,4,4,2037.340777
HD 165341 B_1,HD 165341 B,1.256,0.089,0.5,0.053,5.122,0.78,0.164,0.256924,200.697922,1.352653,0.422704,1,2,5,2037.353877
HD 165341 B_2,HD 165341 B,4.082,0.042,1.247,0.85,5.122,0.78,0.164,0.803955,264.56181,4.20988,0.423794,1,2,5,2037.353877
HD 165341 B_3,HD 165341 B,0.1,0.077,0.528,0.124,5.122,0.78,0.164,,,0.092406,0.156044,0,0,5,2037.353877
HD 165341 B_4,HD 165341 B,0.76,0.117,1.137,2.374,5.122,0.78,0.164,,,0.844555,0.001474,0,3,5,2037.353877
HD 128621_0,HD 128621,0.181,0.076,0.591,0.281,1.332,0.94,0.503,0.13169,216.383361,0.183708,0.366899,1,5,5,2037.356695
HD 128621_1,HD 128621,3.969,0.152,0.756,0.624,1.332,0.94,0.503,,,4.537714,0.685952,0,0,5,2037.356695
HD 128621_3,HD 128621,4.377,0.084,0.667,0.424,1.332,0.94,0.503,,,4.665895,0.073542,0,0,5,2037.356695
HD 128621_4,HD 128621,1.135,0.055,1.179,1.502,1.332,0.94,0.503,0.730689,55.344193,1.107341,0.596354,1,5,5,2037.356695
HD 146233_0,HD 146233,0.356,0.047,2.679,8.19,14.137,1.02,1.094,,,0.342736,0.169315,0,0,8,2037.35895
HD 146233_1,HD 146233,0.206,0.044,2.032,3.376,14.137,1.02,1.094,,,0.205664,0.208597,0,0,8,2037.35895
HD 146233_4,HD 146233,0.539,0.141,1.433,3.682,14.137,1.02,1.094,,,0.468688,0.006605,0,0,8,2037.35895
HD 190360_0,HD 190360,0.922,0.17,1.79,3.759,16.003,0.96,1.165,,,0.848652,0.00806,0,0,4,2037.360319
HD 190360_1,HD 190360,3.764,0.081,1.071,1.582,16.003,0.96,1.165,,,4.061804,0.193496,0,2,4,2037.360319
HD 190360_3,HD 190360,3.632,0.139,2.733,10.267,16.003,0.96,1.165,0.186013,272.910859,3.934874,0.722042,1,4,4,2037.360319
HD 190360_4,HD 190360,1.735,0.021,0.534,0.045,16.003,0.96,1.165,0.11391,31.44513,1.767302,0.3003,1,4,4,2037.360319
HD 190360_5,HD 190360,0.581,0.08,1.934,2.88,16.003,0.96,1.165,,,0.554529,0.014691,0,0,4,2037.360319
HD 19373_0,HD 19373,0.74,0.034,3.212,9.93,10.577,1.08,2.23,,,0.715353,0.099089,0,1,4,2037.362061
HD 19373_2,HD 19373,0.724,0.048,1.483,3.085,10.577,1.08,2.23,,,0.689268,0.119869,0,1,4,2037.362061
HD 19373_3,HD 19373,0.676,0.061,1.037,1.075,10.577,1.08,2.23,0.062015,328.536542,0.71548,0.152352,1,1,4,2037.362061
HD 19373_6,HD 19373,0.114,0.04,2.433,8.086,10.577,1.08,2.23,,,0.113263,0.767614,0,0,4,2037.362061
HD 19373_7,HD 19373,2.87,0.048,1.622,2.945,10.577,1.08,2.23,0.251657,16.379742,2.763858,0.449933,1,4,4,2037.362061
HD 190248_1,HD 190248,1.11,0.055,1.408,3.629,6.099,0.94,1.25,0.146027,198.817106,1.169752,0.715461,1,5,5,2037.367821
HD 190248_2,HD 190248,3.754,0.072,1.017,1.24,6.099,0.94,1.25,0.354936,270.564977,3.814424,0.84582,1,4,5,2037.367821
HD 190248_3,HD 190248,1.406,0.139,0.51,0.568,6.099,0.94,1.25,0.234695,261.147249,1.441398,0.290402,1,3,5,2037.367821
HD 34411_0,HD 34411,0.295,0.082,3.192,8.429,12.562,1.08,1.732,,,0.280094,0.217889,0,0,4,2037.371645
HD 34411_1,HD 34411,1.539,0.078,0.897,0.713,12.562,1.08,1.732,0.092168,334.890116,1.4329,0.627794,1,4,4,2037.371645
HD 34411_3,HD 34411,1.691,0.074,0.798,0.808,12.562,1.08,1.732,0.095047,76.50054,1.567921,0.738872,1,4,4,2037.371645
HD 20630_1,HD 20630,0.648,0.142,1.547,4.726,9.276,0.98,0.857,0.075051,354.797484,0.638374,0.37791,1,4,5,2037.378115
HD 20630_5,HD 20630,1.387,0.083,0.621,0.63,9.276,0.98,0.857,0.152334,334.69786,1.485556,0.519093,1,5,5,2037.378115
HD 10360_0,HD 10360,0.111,0.132,2.009,6.936,8.189,0.78,0.345,,,0.106096,0.531353,0,0,4,2037.403613
HD 10360_1,HD 10360,0.559,0.036,0.525,0.063,8.189,0.78,0.345,,,0.554495,0.710635,0,1,4,2037.403613
HD 10360_2,HD 10360,3.873,0.13,2.182,7.34,8.189,0.78,0.345,0.181175,209.338216,4.095156,0.936949,1,4,4,2037.403613
HD 10360_4,HD 10360,0.185,0.028,3.239,14.497,8.189,0.78,0.345,,,0.190149,0.008994,0,0,4,2037.403613
HD 10360_5,HD 10360,2.33,0.067,0.679,0.17,8.189,0.78,0.345,,,2.190323,0.072871,0,3,4,2037.403613
HD 131156 A_0,HD 131156 A,0.922,0.01,2.426,6.027,6.754,0.96,0.553,0.1383,10.857847,0.927087,0.296354,1,5,5,2037.417883
HD 131156 A_1,HD 131156 A,1.097,0.147,1.932,4.971,6.754,0.96,0.553,0.100984,18.200942,1.135724,0.828722,1,5,5,2037.417883
HD 65907 A_0,HD 65907 A,0.584,0.099,0.585,0.122,16.172,1.11,1.29,,,0.63911,0.009979,0,0,5,2037.419253
HD 65907 A_1,HD 65907 A,1.316,0.075,0.982,3.131,16.172,1.11,1.29,0.081047,285.467703,1.271478,0.336023,1,3,5,2037.419253
HD 65907 A_2,HD 65907 A,1.009,0.058,1.202,5.136,16.172,1.11,1.29,0.063807,170.252312,1.057532,0.172776,1,2,5,2037.419253
HD 141004_0,HD 141004,2.629,0.092,2.901,8.518,11.916,1.09,2.004,0.226173,331.228045,2.854714,0.494652,1,3,4,2037.444741
HD 141004_1,HD 141004,0.651,0.071,0.654,0.168,11.916,1.09,2.004,,,0.605029,0.000917,0,0,4,2037.444741
HD 141004_2,HD 141004,4.426,0.098,1.019,2.941,11.916,1.09,2.004,,,4.131157,0.017703,0,1,4,2037.444741
HD 141004_3,HD 141004,4.115,0.06,0.578,0.125,11.916,1.09,2.004,,,3.878828,0.718833,0,0,4,2037.444741
HD 141004_4,HD 141004,3.163,0.091,1.732,4.206,11.916,1.09,2.004,0.246763,81.261597,3.054436,0.211131,1,4,4,2037.444741
HD 33262 A_0,HD 33262 A,4.098,0.155,0.949,0.422,11.693,1.14,1.466,,,4.424897,0.006828,0,0,5,2037.456645
HD 33262 A_1,HD 33262 A,3.3,0.062,1.368,1.583,11.693,1.14,1.466,0.170493,160.88428,3.106657,0.802857,1,2,5,2037.456645
HD 33262 A_2,HD 33262 A,3.337,0.087,0.965,0.502,11.693,1.14,1.466,0.275738,224.229898,3.343675,0.451865,1,2,5,2037.456645
HD 33262 A_4,HD 33262 A,1.015,0.091,2.255,9.306,11.693,1.14,1.466,,,1.079058,0.001015,0,2,5,2037.456645
HD 33262 A_5,HD 33262 A,0.358,0.206,1.487,2.029,11.693,1.14,1.466,,,0.42002,0.481266,0,0,5,2037.456645
HD 33262 A_6,HD 33262 A,0.874,0.139,0.646,0.257,11.693,1.14,1.466,0.075063,66.479874,0.942833,0.219635,1,3,5,2037.456645
HD 33262 A_8,HD 33262 A,0.199,0.101,2.893,13.631,11.693,1.14,1.466,,,0.188905,0.932617,0,0,5,2037.456645
HD 114710_0,HD 114710,1.415,0.117,0.681,0.147,9.197,1.11,1.357,0.133067,340.660729,1.286608,0.198888,1,4,4,2037.466984
HD 114710_1,HD 114710,0.314,0.116,0.63,1.142,9.197,1.11,1.357,,,0.319836,0.21732,0,0,4,2037.466984
HD 114710_2,HD 114710,2.258,0.018,0.683,0.173,9.197,1.11,1.357,0.128663,303.243963,2.264251,0.860962,1,2,4,2037.466984
HD 114710_4,HD 114710,0.861,0.053,0.898,0.439,9.197,1.11,1.357,0.071644,348.196767,0.841625,0.688988,1,4,4,2037.466984
HD 114710_5,HD 114710,0.124,0.109,3.108,17.681,9.197,1.11,1.357,,,0.111224,0.782047,0,0,4,2037.466984
HD 23249_0,HD 23249,2.38,0.039,0.804,0.586,9.089,0.87,2.941,0.249736,214.073803,2.28838,0.196965,1,3,4,2037.494916
HD 23249_1,HD 23249,2.348,0.031,1.487,3.029,9.089,0.87,2.941,0.069244,116.754589,2.419135,0.966629,1,4,4,2037.494916
HD 17206_0,HD 17206,1.742,0.09,0.885,1.25,14.276,1.21,2.617,0.112293,10.091546,1.618006,0.33578,1,4,4,2037.505169
HD 17206_1,HD 17206,0.879,0.039,2.253,5.781,14.276,1.21,2.617,0.060379,249.83102,0.866882,0.333802,1,2,4,2037.505169
HD 17206_2,HD 17206,0.485,0.035,0.762,0.888,14.276,1.21,2.617,,,0.46803,0.005039,0,0,4,2037.505169
HD 217987_0,HD 217987,3.278,0.032,3.1,17.272,3.287,0.49,0.036,,,3.382789,0.284012,0,4,5,2037.512285
HD 217987_1,HD 217987,0.104,0.158,2.049,6.333,3.287,0.49,0.036,,,0.115012,0.182586,0,0,5,2037.512285
HD 101501_3,HD 101501,0.112,0.069,1.262,2.497,9.576,0.94,0.609,,,0.113039,0.014608,0,0,6,2037.513838
HD 101501_7,HD 101501,0.888,0.054,0.887,0.333,9.576,0.94,0.609,,,0.899748,0.013988,0,2,6,2037.513838
HD 156026_0,HD 156026,3.18,0.093,3.171,14.895,5.954,0.68,0.158,0.338423,42.739543,3.369486,0.832888,1,6,6,2037.517093
HD 156026_1,HD 156026,0.564,0.081,0.509,0.042,5.954,0.68,0.158,,,0.535969,0.935599,0,5,6,2037.517093
HD 156026_2,HD 156026,0.423,0.044,0.607,0.379,5.954,0.68,0.158,,,0.434773,0.025061,0,2,6,2037.517093
HD 156026_3,HD 156026,1.001,0.06,2.318,7.224,5.954,0.68,0.158,0.146178,72.577542,1.0177,0.663303,1,6,6,2037.517093
HD 156026_5,HD 156026,1.693,0.124,2.972,9.407,5.954,0.68,0.158,0.30044,253.362362,1.756933,0.317823,1,6,6,2037.517093
HD 185144_1,HD 185144,0.747,0.07,0.5,0.019,5.764,0.87,0.434,0.077031,240.84706,0.776562,0.855248,1,4,6,2037.521183
HD 185144_3,HD 185144,0.688,0.135,2.317,4.389,5.764,0.87,0.434,0.106478,277.139241,0.628503,0.317042,1,6,6,2037.521183
HD 58855_0,HD 58855,3.917,0.055,2.746,11.124,20.402,1.16,2.445,0.197,92.632245,3.9675,0.352302,1,4,4,2037.560969
HD 58855_3,HD 58855,0.12,0.023,0.846,0.314,20.402,1.16,2.445,,,0.12275,0.045869,0,0,4,2037.560969
HD 58855_4,HD 58855,1.787,0.062,0.53,0.101,20.402,1.16,2.445,,,1.722188,0.78888,0,1,4,2037.560969
HD 58855_5,HD 58855,2.753,0.078,0.74,0.361,20.402,1.16,2.445,,,2.714878,0.024496,0,2,4,2037.560969
HD 58855_6,HD 58855,3.408,0.008,0.67,0.197,20.402,1.16,2.445,0.115032,54.995657,3.391872,0.749341,1,2,4,2037.560969
HD 58855_7,HD 58855,0.511,0.017,1.169,2.72,20.402,1.16,2.445,,,0.513553,0.817199,0,0,4,2037.560969
HD 58855_8,HD 58855,3.679,0.02,1.665,3.725,20.402,1.16,2.445,0.062344,262.159224,3.615259,0.932612,1,3,4,2037.560969
HD 20766_0,HD 20766,1.336,0.161,1.674,3.092,12.045,1.01,0.794,0.12195,15.546363,1.505788,0.211186,1,5,5,2037.570618
HD 20766_1,HD 20766,0.327,0.097,2.659,6.922,12.045,1.01,0.794,,,0.318411,0.123351,0,0,5,2037.570618
HD 20766_4,HD 20766,1.915,0.031,0.912,0.441,12.045,1.01,0.794,,,1.896568,0.952969,0,3,5,2037.570618
HD 209100_0,HD 209100,2.433,0.127,0.524,0.078,3.638,0.72,0.222,,,2.59715,0.030335,0,3,5,2037.592635
HD 209100_1,HD 209100,1.218,0.094,0.54,0.224,3.638,0.72,0.222,,,1.209833,0.022613,0,4,5,2037.592635
HD 209100_2,HD 209100,0.989,0.073,1.925,7.679,3.638,0.72,0.222,0.226827,155.581161,1.034004,0.679235,1,5,5,2037.592635
HD 209100_4,HD 209100,3.542,0.022,2.632,11.464,3.638,0.72,0.222,0.818736,159.29696,3.50496,0.626541,1,5,5,2037.592635
HD 209100_5,HD 209100,0.635,0.076,0.931,0.965,3.638,0.72,0.222,0.166007,264.084608,0.598302,0.208222,1,5,5,2037.592635
HD 209100_6,HD 209100,1.701,0.082,0.885,1.719,3.638,0.72,0.222,,,1.761396,0.044241,0,2,5,2037.592635
HD 209100_8,HD 209100,2.097,0.099,2.488,10.973,3.638,0.72,0.222,0.290039,38.032827,2.124889,0.014681,1,5,5,2037.592635
HD 209100_9,HD 209100,0.782,0.071,2.297,6.298,3.638,0.72,0.222,0.209686,209.251553,0.783208,0.202458,1,5,5,2037.592635
HD 209100_10,HD 209100,0.182,0.056,2.026,7.17,3.638,0.72,0.222,,,0.176143,0.226866,0,0,5,2037.592635
HD 209100_11,HD 209100,0.917,0.107,1.174,2.417,3.638,0.72,0.222,0.208968,129.166837,0.924559,0.657317,1,5,5,2037.592635
HD 134083_0,HD 134083,0.116,0.07,1.9,7.058,19.536,1.33,3.255,,,0.10813,0.272158,0,0,5,2037.602252
HD 134083_1,HD 134083,0.36,0.097,1.358,2.746,19.536,1.33,3.255,,,0.331198,0.272604,0,0,5,2037.602252
HD 134083_3,HD 134083,0.749,0.13,0.881,0.684,19.536,1.33,3.255,,,0.666724,0.32665,0,0,5,2037.602252
HD 134083_4,HD 134083,0.959,0.114,0.591,0.338,19.536,1.33,3.255,,,0.966573,0.288201,0,0,5,2037.602252
HD 84737_0,HD 84737,0.596,0.087,1.352,1.551,18.823,1.08,2.795,,,0.645936,0.255762,0,0,4,2037.603622
HD 84737_1,HD 84737,3.025,0.071,1.189,1.926,18.823,1.08,2.795,,,3.229943,0.066031,0,1,4,2037.603622
HD 84737_2,HD 84737,1.078,0.014,1.079,0.698,18.823,1.08,2.795,,,1.073717,0.884129,0,0,4,2037.603622
HD 84737_3,HD 84737,3.774,0.025,0.833,0.848,18.823,1.08,2.795,,,3.858341,0.058907,0,1,4,2037.603622
HD 84737_4,HD 84737,0.254,0.074,3.133,13.741,18.823,1.08,2.795,,,0.246492,0.278712,0,0,4,2037.603622
HD 84737_5,HD 84737,2.993,0.205,0.508,0.086,18.823,1.08,2.795,,,3.054497,0.465658,0,0,4,2037.603622
HD 210302_0,HD 210302,0.937,0.087,1.293,2.482,18.458,1.25,2.918,,,0.86458,0.433702,0,0,4,2037.623588
HD 210302_1,HD 210302,0.316,0.034,0.672,0.291,18.458,1.25,2.918,,,0.317142,0.498642,0,0,4,2037.623588
HD 210302_2,HD 210302,0.162,0.125,0.82,0.565,18.458,1.25,2.918,,,0.159941,0.109818,0,0,4,2037.623588
HD 210302_3,HD 210302,0.925,0.123,2.909,15.97,18.458,1.25,2.918,,,1.015363,0.272723,0,0,4,2037.623588
HD 210302_4,HD 210302,1.629,0.122,1.727,5.061,18.458,1.25,2.918,,,1.761417,0.020202,0,2,4,2037.623588
HD 128167_0,HD 128167,1.283,0.14,1.15,1.29,15.756,1.39,3.182,,,1.145006,0.081674,0,2,4,2037.625737
HD 128167_2,HD 128167,3.433,0.063,1.328,2.483,15.756,1.39,3.182,0.185051,20.549404,3.620539,0.682065,1,4,4,2037.625737
HD 128167_3,HD 128167,4.878,0.117,2.132,5.678,15.756,1.39,3.182,0.147033,243.644013,4.564345,0.881582,1,4,4,2037.625737
HD 128167_4,HD 128167,1.323,0.044,1.923,2.477,15.756,1.39,3.182,,,1.378494,0.035355,0,2,4,2037.625737
HD 37394_0,HD 37394,1.839,0.051,0.552,0.164,12.27,0.88,0.478,0.065343,57.566931,1.912064,0.918773,1,4,6,2037.640823
HD 37394_1,HD 37394,0.501,0.058,1.934,5.969,12.27,0.88,0.478,,,0.518343,0.617114,0,0,6,2037.640823
HD 37394_3,HD 37394,1.245,0.044,1.502,2.038,12.27,0.88,0.478,,,1.194633,0.01865,0,2,6,2037.640823
HD 37394_5,HD 37394,0.152,0.102,1.111,1.488,12.27,0.88,0.478,,,0.152693,0.04492,0,0,6,2037.640823
HD 37394_9,HD 37394,0.863,0.077,0.726,0.552,12.27,0.88,0.478,,,0.8013,0.662115,0,3,6,2037.640823
HD 37394_10,HD 37394,0.093,0.059,3.205,15.21,12.27,0.88,0.478,,,0.0877,0.174681,0,0,6,2037.640823
HD 37394_11,HD 37394,1.171,0.065,2.415,5.91,12.27,0.88,0.478,0.089171,76.728295,1.173226,0.18019,1,6,6,2037.640823
HD 37394_15,HD 37394,0.222,0.142,1.093,0.563,12.27,0.88,0.478,,,0.190704,0.147784,0,0,6,2037.640823
HD 37394_16,HD 37394,2.623,0.055,2.621,9.008,12.27,0.88,0.478,0.211972,241.147403,2.732897,0.470701,1,5,6,2037.640823
HD 203608_0,HD 203608,2.203,0.092,1.79,3.488,9.258,1.14,1.466,0.182465,126.601898,2.057082,0.652232,1,5,5,2037.642193
HD 203608_1,HD 203608,2.342,0.1,0.502,0.104,9.258,1.14,1.466,0.243976,60.441111,2.532136,0.581911,1,3,5,2037.642193
HD 203608_2,HD 203608,2.74,0.062,1.086,1.189,9.258,1.14,1.466,0.295181,306.032266,2.749304,0.24152,1,4,5,2037.642193
HD 203608_5,HD 203608,4.293,0.038,0.929,0.698,9.258,1.14,1.466,,,4.413879,0.067081,0,0,5,2037.642193
HD 203608_6,HD 203608,0.526,0.072,0.985,0.486,9.258,1.14,1.466,,,0.504279,0.133424,0,0,5,2037.642193
HD 38393_0,HD 38393,0.205,0.072,1.088,1.383,8.905,1.23,2.344,,,0.204343,0.500609,0,0,6,2037.650443
HD 38393_1,HD 38393,3.39,0.099,0.656,0.073,8.905,1.23,2.344,0.351069,168.543986,3.142605,0.304559,1,1,6,2037.650443
HD 38393_3,HD 38393,0.355,0.086,1.549,2.098,8.905,1.23,2.344,,,0.329089,0.449138,0,0,6,2037.650443
HD 38393_4,HD 38393,4.373,0.052,1.208,1.876,8.905,1.23,2.344,0.488186,128.877279,4.385829,0.232225,1,1,6,2037.650443
HD 39091_1,HD 39091,3.12,0.028,1.191,1.952,18.287,1.08,1.533,0.134135,357.517272,3.059577,0.672321,1,2,4,2037.658049
HD 39091_2,HD 39091,2.865,0.029,0.677,0.089,18.287,1.08,1.533,0.075085,324.282676,2.933861,0.877246,1,2,4,2037.658049
HD 39091_3,HD 39091,3.55,0.072,1.069,0.919,18.287,1.08,1.533,0.186819,16.839854,3.678735,0.568477,1,4,4,2037.658049
HD 39091_4,HD 39091,4.534,0.027,1.234,1.811,18.287,1.08,1.533,,,4.655665,0.018756,0,2,4,2037.658049
HD 39091_5,HD 39091,1.437,0.051,1.31,1.974,18.287,1.08,1.533,0.071774,53.378192,1.388602,0.169194,1,4,4,2037.658049
HD 39091_6,HD 39091,0.67,0.012,2.604,6.457,18.287,1.08,1.533,,,0.662788,0.537041,0,0,4,2037.658049
HD 4614 A_0,HD 4614 A,4.718,0.051,1.358,3.151,5.01,1.14,1.252,,,4.654074,0.116525,0,0,4,2037.664574
HD 4614 A_1,HD 4614 A,0.651,0.133,0.728,0.235,5.01,1.14,1.252,0.121218,137.211646,0.650824,0.140755,1,4,4,2037.664574
HD 4614 A_2,HD 4614 A,2.584,0.017,1.361,2.842,5.01,1.14,1.252,0.475048,70.826066,2.556385,0.167393,1,4,4,2037.664574
HD 102365_0,HD 102365,1.154,0.024,2.235,11.472,9.319,1.02,0.844,0.10473,183.368315,1.13515,0.115811,1,5,5,2037.678128
HD 102365_1,HD 102365,4.021,0.031,1.113,0.834,9.319,1.02,0.844,0.424701,314.533712,3.967079,0.326129,1,1,5,2037.678128
HD 102365_2,HD 102365,0.113,0.031,0.976,0.303,9.319,1.02,0.844,,,0.112745,0.412449,0,0,5,2037.678128
HD 156026_0,HD 156026,3.18,0.093,3.171,14.895,5.954,0.68,0.158,0.369877,33.281294,3.335476,0.784175,1,7,7,2037.680786
HD 156026_1,HD 156026,0.564,0.081,0.509,0.042,5.954,0.68,0.158,0.093268,139.066604,0.608042,0.147271,1,6,7,2037.680786
HD 156026_2,HD 156026,0.423,0.044,0.607,0.379,5.954,0.68,0.158,,,0.413255,0.749169,0,2,7,2037.680786
HD 156026_3,HD 156026,1.001,0.06,2.318,7.224,5.954,0.68,0.158,0.1755,39.177393,1.054471,0.349383,1,7,7,2037.680786
HD 156026_5,HD 156026,1.693,0.124,2.972,9.407,5.954,0.68,0.158,0.304302,236.829107,1.823915,0.419527,1,7,7,2037.680786
HD 53705_0,HD 53705,0.273,0.081,1.735,2.717,17.059,1.04,1.49,,,0.290269,0.095516,0,0,4,2037.68516
HD 53705_1,HD 53705,2.604,0.083,3.306,16.05,17.059,1.04,1.49,0.129664,12.785341,2.543216,0.549592,1,4,4,2037.68516
HD 53705_2,HD 53705,1.597,0.089,2.478,13.971,17.059,1.04,1.49,0.080179,343.670045,1.474733,0.137351,1,4,4,2037.68516
HD 53705_3,HD 53705,0.715,0.026,1.359,2.038,17.059,1.04,1.49,,,0.708149,0.393413,0,0,4,2037.68516
HD 53705_4,HD 53705,0.527,0.092,2.437,10.745,17.059,1.04,1.49,,,0.50357,0.490844,0,0,4,2037.68516
HD 17925_0,HD 17925,1.472,0.037,0.676,0.068,10.361,0.82,0.401,0.142085,184.398683,1.477614,0.216328,1,8,8,2037.687883
HD 17925_2,HD 17925,0.735,0.099,0.938,0.945,10.361,0.82,0.401,0.070721,58.616809,0.69088,0.448806,1,3,8,2037.687883
HD 17925_3,HD 17925,0.561,0.086,1.065,2.041,10.361,0.82,0.401,,,0.56326,0.681962,0,0,8,2037.687883
HD 17925_4,HD 17925,0.848,0.062,1.424,1.901,10.361,0.82,0.401,0.062988,251.341667,0.858448,0.055212,1,5,8,2037.687883
HD 17925_6,HD 17925,3.618,0.076,0.719,0.216,10.361,0.82,0.401,,,3.862984,0.052737,0,0,8,2037.687883
HD 142860_0,HD 142860,0.405,0.081,2.385,6.459,11.254,1.25,3.039,,,0.405429,0.904525,0,0,4,2037.689253
HD 142860_2,HD 142860,3.184,0.073,1.146,0.989,11.254,1.25,3.039,0.268116,63.384832,3.221626,0.173505,1,4,4,2037.689253
HD 142860_3,HD 142860,0.465,0.068,1.963,1.786,11.254,1.25,3.039,,,0.484491,0.145296,0,0,4,2037.689253
HD 142860_5,HD 142860,0.92,0.074,2.443,8.017,11.254,1.25,3.039,0.085983,4.031178,0.982824,0.377195,1,4,4,2037.689253
HD 142860_6,HD 142860,0.627,0.092,3.102,5.436,11.254,1.25,3.039,,,0.684071,0.034599,0,0,4,2037.689253
HD 72905_1,HD 72905,0.661,0.069,0.5,0.051,14.439,1.08,0.973,,,0.627674,0.00309,0,0,6,2037.705956
HD 72905_3,HD 72905,0.899,0.099,2.776,19.234,14.439,1.08,0.973,,,0.836837,0.251622,0,1,6,2037.705956
HD 72905_4,HD 72905,0.923,0.214,1.407,2.24,14.439,1.08,0.973,,,0.927005,0.771727,0,2,6,2037.705956
HD 72905_5,HD 72905,3.175,0.086,0.525,0.068,14.439,1.08,0.973,0.105177,80.036595,3.411816,0.906941,1,2,6,2037.705956
HD 30495_0,HD 30495,1.934,0.08,0.989,1.288,13.24,1.04,0.966,0.0905,328.799597,2.08839,0.856589,1,5,5,2037.715604
HD 30495_2,HD 30495,0.416,0.06,1.179,0.557,13.24,1.04,0.966,,,0.400436,0.402108,0,0,5,2037.715604
HD 30495_3,HD 30495,1.848,0.089,0.623,0.48,13.24,1.04,0.966,0.10863,9.127119,1.833495,0.655211,1,4,5,2037.715604
HD 10360_0,HD 10360,0.111,0.132,2.009,6.936,8.189,0.78,0.345,,,0.121014,0.269039,0,0,5,2037.719886
HD 10360_1,HD 10360,0.559,0.036,0.525,0.063,8.189,0.78,0.345,,,0.544947,0.002843,0,1,5,2037.719886
HD 10360_2,HD 10360,3.873,0.13,2.182,7.34,8.189,0.78,0.345,0.231066,184.636155,4.186572,0.904127,1,5,5,2037.719886
HD 10360_4,HD 10360,0.185,0.028,3.239,14.497,8.189,0.78,0.345,,,0.179931,0.875566,0,0,5,2037.719886
HD 10360_5,HD 10360,2.33,0.067,0.679,0.17,8.189,0.78,0.345,,,2.243317,0.022925,0,3,5,2037.719886
HD 693_0,HD 693,1.045,0.058,1.136,2.579,18.886,1.18,2.997,,,1.085121,0.018871,0,0,4,2037.728513
HD 693_1,HD 693,0.139,0.106,2.768,7.407,18.886,1.18,2.997,,,0.125227,0.967288,0,0,4,2037.728513
HD 693_3,HD 693,1.448,0.069,1.975,3.042,18.886,1.18,2.997,0.057817,316.748934,1.417303,0.091803,1,3,4,2037.728513
HD 693_4,HD 693,1.744,0.105,1.392,2.348,18.886,1.18,2.997,,,1.730359,0.911468,0,3,4,2037.728513
HD 693_5,HD 693,2.909,0.1,1.423,2.794,18.886,1.18,2.997,0.067329,208.548049,3.019675,0.91114,1,3,4,2037.728513
HD 693_6,HD 693,2.914,0.024,0.574,0.316,18.886,1.18,2.997,,,2.863693,0.000588,0,2,4,2037.728513
HD 693_7,HD 693,3.93,0.01,2.298,5.004,18.886,1.18,2.997,0.143506,46.178346,3.90151,0.749705,1,3,4,2037.728513
HD 88230_0,HD 88230,1.858,0.024,1.413,3.961,4.871,0.63,0.103,0.361738,211.027224,1.813765,0.431291,1,5,5,2037.732206
HD 88230_1,HD 88230,0.369,0.102,2.613,14.391,4.871,0.63,0.103,0.076062,124.102474,0.364009,0.408224,1,1,5,2037.732206
HD 88230_2,HD 88230,0.941,0.058,0.511,0.079,4.871,0.63,0.103,0.161836,29.190481,0.915137,0.607099,1,5,5,2037.732206
HD 88230_3,HD 88230,1.397,0.055,1.541,3.057,4.871,0.63,0.103,0.271246,134.616494,1.35648,0.231454,1,5,5,2037.732206
HD 88230_4,HD 88230,0.683,0.12,0.831,0.221,4.871,0.63,0.103,0.140689,82.751448,0.723366,0.200305,1,3,5,2037.732206
HD 88230_5,HD 88230,2.552,0.09,1.594,2.912,4.871,0.63,0.103,0.460415,159.818225,2.416083,0.161492,1,5,5,2037.732206
HD 88230_6,HD 88230,2.842,0.103,0.661,0.567,4.871,0.63,0.103,0.551889,192.835786,2.902524,0.535326,1,2,5,2037.732206
HD 46588 A_0,HD 46588 A,1.961,0.092,1.375,5.123,18.202,1.18,1.826,0.101179,152.888574,1.879196,0.223632,1,4,4,2037.7435
HD 46588 A_2,HD 46588 A,0.149,0.051,1.651,3.767,18.202,1.18,1.826,,,0.155836,0.958016,0,0,4,2037.7435
HD 46588 A_4,HD 46588 A,0.634,0.042,1.252,1.899,18.202,1.18,1.826,,,0.650564,0.043953,0,0,4,2037.7435
HD 46588 A_5,HD 46588 A,0.119,0.052,0.593,0.101,18.202,1.18,1.826,,,0.112835,0.309397,0,0,4,2037.7435
HD 46588 A_6,HD 46588 A,0.647,0.045,2.121,5.747,18.202,1.18,1.826,,,0.624566,0.009525,0,0,4,2037.7435
HD 46588 A_7,HD 46588 A,1.085,0.088,1.256,5.584,18.202,1.18,1.826,,,1.136565,0.128385,0,0,4,2037.7435
HD 46588 A_8,HD 46588 A,2.008,0.017,0.521,0.08,18.202,1.18,1.826,,,2.028559,0.039932,0,2,4,2037.7435
HD 30652_0,HD 30652,0.357,0.032,0.524,0.119,8.068,1.25,2.71,,,0.352471,0.300706,0,0,4,2037.745715
HD 30652_1,HD 30652,3.379,0.099,2.314,9.159,8.068,1.25,2.71,0.412494,349.915613,3.461776,0.472945,1,3,4,2037.745715
HD 30652_2,HD 30652,1.418,0.081,1.563,7.047,8.068,1.25,2.71,0.185249,317.208043,1.529887,0.312289,1,4,4,2037.745715
HD 30652_3,HD 30652,3.27,0.133,2.129,5.731,8.068,1.25,2.71,0.3783,39.307285,3.265459,0.516759,1,4,4,2037.745715
HD 30652_4,HD 30652,2.754,0.119,2.49,10.16,8.068,1.25,2.71,0.302333,202.705852,2.561932,0.21146,1,4,4,2037.745715
HD 165341 A_0,HD 165341 A,3.482,0.036,1.359,2.775,5.113,0.88,0.532,0.648934,189.995135,3.600611,0.544237,1,3,6,2037.764526
HD 165341 A_2,HD 165341 A,0.277,0.022,2.947,13.11,5.113,0.88,0.532,,,0.27854,0.966385,0,0,6,2037.764526
HD 165341 A_3,HD 165341 A,0.642,0.027,1.615,1.833,5.113,0.88,0.532,0.129224,26.349512,0.652288,0.320106,1,5,6,2037.764526
HD 20807_0,HD 20807,0.337,0.072,1.793,3.234,12.039,1.07,1.017,,,0.351701,0.044998,0,0,5,2037.765895
HD 20807_1,HD 20807,1.546,0.069,0.954,0.846,12.039,1.07,1.017,0.073737,62.304951,1.445318,0.029866,1,5,5,2037.765895
HD 20807_2,HD 20807,2.979,0.055,2.038,8.298,12.039,1.07,1.017,0.17112,78.906843,2.922089,0.734624,1,3,5,2037.765895
HD 155886_1,HD 155886,0.511,0.064,0.698,0.549,5.952,0.85,0.327,0.08333,279.300073,0.539076,0.181146,1,6,6,2037.771992
HD 155886_2,HD 155886,0.232,0.069,1.589,4.704,5.952,0.85,0.327,,,0.248003,0.906056,0,0,6,2037.771992
HD 155886_3,HD 155886,1.253,0.044,2.915,7.774,5.952,0.85,0.327,0.138543,231.659164,1.201709,0.755642,1,6,6,2037.771992
HD 155886_4,HD 155886,0.305,0.028,0.94,0.937,5.952,0.85,0.327,,,0.298303,0.656271,0,0,6,2037.771992
HD 155886_5,HD 155886,0.201,0.128,1.339,2.779,5.952,0.85,0.327,,,0.212571,0.002601,0,0,6,2037.771992
HD 155886_6,HD 155886,0.316,0.044,0.948,1.735,5.952,0.85,0.327,,,0.328504,0.18766,0,0,6,2037.771992
HD 155886_7,HD 155886,0.59,0.079,3.352,16.163,5.952,0.85,0.327,0.0889,105.917978,0.565814,0.167145,1,6,6,2037.771992
HD 155886_8,HD 155886,3.879,0.087,2.635,16.445,5.952,0.85,0.327,0.561384,88.116476,3.573045,0.518663,1,6,6,2037.771992
HD 10780_0,HD 10780,0.841,0.11,1.077,1.181,10.041,0.9,0.516,0.079007,8.456079,0.914077,0.104101,1,5,5,2037.773362
HD 10780_3,HD 10780,2.25,0.098,1.348,1.367,10.041,0.9,0.516,0.172794,66.027923,2.456426,0.770178,1,5,5,2037.773362
HD 10780_4,HD 10780,2.669,0.102,2.513,12.001,10.041,0.9,0.516,0.274309,318.690239,2.856499,0.460841,1,5,5,2037.773362
HD 17051_0,HD 17051,1.593,0.055,0.8,0.166,17.357,1.14,1.737,0.091427,236.661877,1.549744,0.419924,1,4,4,2037.785165
HD 17051_1,HD 17051,2.146,0.107,1.035,0.971,17.357,1.14,1.737,0.117895,61.648442,2.19518,0.508294,1,3,4,2037.785165
HD 17051_2,HD 17051,4.311,0.108,1.302,2.591,17.357,1.14,1.737,,,3.907881,0.018405,0,2,4,2037.785165
HD 1581_1,HD 1581,1.541,0.046,2.633,10.663,8.607,1.11,1.262,0.1248,60.491936,1.590083,0.039204,1,5,5,2037.786535
HD 1581_2,HD 1581,0.181,0.101,0.988,1.538,8.607,1.11,1.262,,,0.162737,0.002621,0,0,5,2037.786535
HD 1581_3,HD 1581,1.491,0.126,2.76,10.6,8.607,1.11,1.262,,,1.388151,0.943325,0,3,5,2037.786535
HD 1581_4,HD 1581,0.208,0.109,2.378,6.033,8.607,1.11,1.262,,,0.221682,0.185607,0,0,5,2037.786535
HD 147513_0,HD 147513,1.541,0.04,0.645,0.152,12.892,1.07,1.001,0.114775,340.211243,1.488382,0.328124,1,6,6,2037.787905
HD 147513_1,HD 147513,1.513,0.099,0.537,0.038,12.892,1.07,1.001,0.102767,194.655172,1.383958,0.176926,1,6,6,2037.787905
HD 147513_2,HD 147513,4.633,0.075,1.379,7.403,12.892,1.07,1.001,0.29704,11.072154,4.561067,0.637774,1,6,6,2037.787905
HD 147513_4,HD 147513,0.196,0.111,0.74,0.096,12.892,1.07,1.001,,,0.213755,0.047406,0,0,6,2037.787905
HD 147513_5,HD 147513,4.52,0.075,0.624,0.254,12.892,1.07,1.001,,,4.183496,0.010575,0,0,6,2037.787905
HD 147513_6,HD 147513,1.743,0.075,1.796,2.912,12.892,1.07,1.001,0.130011,86.334182,1.716924,0.255947,1,6,6,2037.787905
HD 147513_7,HD 147513,2.47,0.028,0.667,0.174,12.892,1.07,1.001,,,2.50698,0.000302,0,2,6,2037.787905
HD 192310_0,HD 192310,1.267,0.07,0.641,0.14,8.812,0.77,0.404,0.094673,5.059867,1.355333,0.85071,1,5,6,2037.811322
HD 192310_1,HD 192310,1.472,0.082,2.73,7.674,8.812,0.77,0.404,0.156961,172.598278,1.386953,0.254486,1,6,6,2037.811322
HD 192310_2,HD 192310,0.631,0.109,2.544,13.411,8.812,0.77,0.404,0.078212,146.640927,0.697287,0.200556,1,6,6,2037.811322
HD 192310_3,HD 192310,0.091,0.084,2.458,12.572,8.812,0.77,0.404,,,0.09675,0.792828,0,0,6,2037.811322
HD 3651 A_0,HD 3651 A,0.818,0.09,1.086,0.195,11.108,0.86,0.532,0.077225,42.97506,0.880047,0.497461,1,5,5,2037.833666
HD 3651 A_3,HD 3651 A,0.106,0.12,3.284,8.237,11.108,0.86,0.532,,,0.116606,0.03101,0,0,5,2037.833666
HD 3651 A_5,HD 3651 A,0.552,0.025,0.534,0.148,11.108,0.86,0.532,,,0.540512,0.694861,0,0,5,2037.833666
HD 95128_1,HD 95128,2.285,0.074,0.586,0.282,13.887,1.07,1.577,0.081473,252.092729,2.207313,0.876497,1,3,4,2037.849139
HD 95128_2,HD 95128,4.586,0.035,0.538,0.083,13.887,1.07,1.577,,,4.696678,0.109129,0,0,4,2037.849139
HD 95128_3,HD 95128,0.343,0.031,2.771,10.086,13.887,1.07,1.577,,,0.344479,0.503399,0,0,4,2037.849139
HD 95128_4,HD 95128,2.15,0.173,1.218,6.511,13.887,1.07,1.577,0.172648,344.847322,2.504156,0.277275,1,2,4,2037.849139
HD 95128_5,HD 95128,0.6,0.105,2.299,8.137,13.887,1.07,1.577,,,0.57387,0.188152,0,0,4,2037.849139
HD 95128_6,HD 95128,0.335,0.024,2.419,8.582,13.887,1.07,1.577,,,0.339491,0.475164,0,0,4,2037.849139
HD 95128_7,HD 95128,0.847,0.089,1.394,3.129,13.887,1.07,1.577,0.062525,295.525773,0.918353,0.526229,1,1,4,2037.849139
HD 95128_8,HD 95128,0.588,0.034,2.182,8.46,13.887,1.07,1.577,,,0.596377,0.041352,0,0,4,2037.849139
HD 212330 A_0,HD 212330 A,1.747,0.031,3.281,9.208,20.34,1.02,2.726,,,1.718996,0.93438,0,2,4,2037.861282
HD 160691_0,HD 160691,1.46,0.051,0.67,0.675,15.604,1.0,1.899,0.071124,130.812285,1.424205,0.658869,1,4,4,2037.862652
HD 160691_1,HD 160691,0.274,0.085,0.88,0.645,15.604,1.0,1.899,,,0.293488,0.088127,0,0,4,2037.862652
HD 160691_2,HD 160691,0.346,0.144,0.58,0.053,15.604,1.0,1.899,,,0.392194,0.896167,0,0,4,2037.862652
HD 160691_3,HD 160691,0.123,0.058,0.556,0.091,15.604,1.0,1.899,,,0.129145,0.945891,0,0,4,2037.862652
HD 160691_4,HD 160691,2.415,0.073,1.777,2.687,15.604,1.0,1.899,,,2.562583,0.991185,0,2,4,2037.862652
HD 160691_6,HD 160691,2.937,0.058,2.424,6.338,15.604,1.0,1.899,0.142814,347.919302,2.845964,0.695291,1,3,4,2037.862652
HD 160691_7,HD 160691,3.23,0.098,2.375,5.354,15.604,1.0,1.899,0.196944,2.396436,3.546437,0.612703,1,3,4,2037.862652
HD 101501_3,HD 101501,0.112,0.069,1.262,2.497,9.576,0.94,0.609,,,0.11299,0.014406,0,0,7,2037.864878
HD 101501_7,HD 101501,0.888,0.054,0.887,0.333,9.576,0.94,0.609,0.086078,346.994426,0.908528,0.4645,1,3,7,2037.864878
HD 128621_0,HD 128621,0.181,0.076,0.591,0.281,1.332,0.94,0.503,0.131831,22.412846,0.181829,0.45925,1,6,6,2037.871554
HD 128621_1,HD 128621,3.969,0.152,0.756,0.624,1.332,0.94,0.503,,,4.57228,0.67186,0,0,6,2037.871554
HD 128621_3,HD 128621,4.377,0.084,0.667,0.424,1.332,0.94,0.503,,,4.578416,0.157232,0,0,6,2037.871554
HD 128621_4,HD 128621,1.135,0.055,1.179,1.502,1.332,0.94,0.503,0.721058,282.366576,1.190044,0.082428,1,6,6,2037.871554
HD 219134_0,HD 219134,1.298,0.068,3.021,11.197,6.542,0.75,0.266,0.173951,118.343729,1.382562,0.618838,1,6,6,2037.875309
HD 219134_1,HD 219134,0.107,0.06,0.589,0.114,6.542,0.75,0.266,,,0.113047,0.482359,0,0,6,2037.875309
HD 219134_2,HD 219134,0.475,0.085,1.279,2.244,6.542,0.75,0.266,0.060436,10.992864,0.501305,0.630134,1,3,6,2037.875309
HD 219134_3,HD 219134,2.999,0.067,1.913,4.52,6.542,0.75,0.266,0.400017,25.51579,3.165574,0.650765,1,6,6,2037.875309
HD 219134_4,HD 219134,0.285,0.083,1.716,4.805,6.542,0.75,0.266,,,0.304264,0.38863,0,0,6,2037.875309
HD 219134_5,HD 219134,1.823,0.052,1.09,4.144,6.542,0.75,0.266,0.19684,326.890751,1.890255,0.772946,1,6,6,2037.875309
HD 219134_7,HD 219134,0.986,0.056,2.277,3.449,6.542,0.75,0.266,0.125379,75.774232,0.946521,0.595972,1,6,6,2037.875309
HD 88230_0,HD 88230,1.858,0.024,1.413,3.961,4.871,0.63,0.103,0.341588,197.203247,1.814036,0.549303,1,6,6,2037.878271
HD 88230_1,HD 88230,0.369,0.102,2.613,14.391,4.871,0.63,0.103,0.069218,307.690633,0.377654,0.132538,1,2,6,2037.878271
HD 88230_2,HD 88230,0.941,0.058,0.511,0.079,4.871,0.63,0.103,0.174694,11.611982,0.888011,0.180115,1,6,6,2037.878271
HD 88230_3,HD 88230,1.397,0.055,1.541,3.057,4.871,0.63,0.103,0.243366,113.083182,1.331764,0.118653,1,6,6,2037.878271
HD 88230_4,HD 88230,0.683,0.12,0.831,0.221,4.871,0.63,0.103,,,0.764404,0.004149,0,3,6,2037.878271
HD 88230_5,HD 88230,2.552,0.09,1.594,2.912,4.871,0.63,0.103,0.496761,150.375421,2.452937,0.21007,1,6,6,2037.878271
HD 88230_6,HD 88230,2.842,0.103,0.661,0.567,4.871,0.63,0.103,0.510382,188.424783,2.859061,0.604297,1,3,6,2037.878271
HD 16895 A_0,HD 16895 A,3.595,0.047,2.816,7.544,11.15,1.21,2.246,0.268783,69.086948,3.432491,0.614185,1,4,4,2037.892798
HD 16895 A_4,HD 16895 A,4.424,0.091,1.274,1.913,11.15,1.21,2.246,,,4.824564,0.136725,0,0,4,2037.892798
HD 16895 A_5,HD 16895 A,1.554,0.05,3.144,9.969,11.15,1.21,2.246,0.082102,226.550241,1.528209,0.830604,1,4,4,2037.892798
HD 16895 A_6,HD 16895 A,0.108,0.029,0.508,0.042,11.15,1.21,2.246,,,0.111096,0.000174,0,0,4,2037.892798
HD 166_0,HD 166,1.592,0.09,1.08,2.182,13.766,0.94,0.647,,,1.45535,0.001957,0,3,5,2037.894168
HD 166_1,HD 166,0.635,0.021,0.515,0.062,13.766,0.94,0.647,,,0.630363,0.790802,0,0,5,2037.894168
HD 10361_1,HD 10361,0.761,0.025,1.303,2.715,8.197,0.77,0.304,,,0.779914,0.84371,0,4,5,2037.907648
HD 10361_2,HD 10361,0.985,0.066,0.785,0.596,8.197,0.77,0.304,0.12365,75.44631,1.006646,0.315461,1,4,5,2037.907648
HD 10361_3,HD 10361,1.525,0.07,0.586,0.784,8.197,0.77,0.304,0.183359,203.040567,1.554643,0.203219,1,5,5,2037.907648
HD 10361_4,HD 10361,4.037,0.084,0.501,0.084,8.197,0.77,0.304,,,4.37433,0.00021,0,0,5,2037.907648
HD 10700_0,HD 10700,1.625,0.099,0.563,0.087,3.652,0.94,0.506,0.444467,229.764171,1.74117,0.157634,1,4,4,2037.91562
HD 187691 A_0,HD 187691 A,3.127,0.076,1.475,4.454,19.488,1.25,2.835,0.148519,300.597682,3.111928,0.516916,1,4,4,2037.931933
HD 187691 A_1,HD 187691 A,2.61,0.091,1.018,1.386,19.488,1.25,2.835,,,2.843632,0.04526,0,2,4,2037.931933
HD 187691 A_2,HD 187691 A,3.249,0.037,0.764,1.364,19.488,1.25,2.835,,,3.130216,0.027863,0,2,4,2037.931933
HD 187691 A_3,HD 187691 A,2.018,0.038,2.654,10.557,19.488,1.25,2.835,0.103039,261.064906,2.043213,0.183455,1,2,4,2037.931933
HD 202560_0,HD 202560,0.846,0.075,1.59,2.013,3.97,0.59,0.083,0.219504,131.410305,0.889461,0.249215,1,5,6,2037.939548
HD 202560_1,HD 202560,0.552,0.052,0.674,0.125,3.97,0.59,0.083,0.134435,253.425659,0.553842,0.364742,1,6,6,2037.939548
HD 202560_3,HD 202560,0.867,0.117,1.589,3.604,3.97,0.59,0.083,0.190863,183.390924,0.793429,0.195298,1,6,6,2037.939548
HD 202560_4,HD 202560,2.302,0.14,0.558,0.251,3.97,0.59,0.083,0.625981,209.678771,2.590487,0.466205,1,3,6,2037.939548
HD 202560_5,HD 202560,3.244,0.082,0.847,0.372,3.97,0.59,0.083,0.771022,36.542581,3.232554,0.492084,1,2,6,2037.939548
HD 202560_6,HD 202560,0.414,0.085,0.785,0.225,3.97,0.59,0.083,0.109673,267.041912,0.439572,0.267003,1,6,6,2037.939548
HD 65907 A_0,HD 65907 A,0.584,0.099,0.585,0.122,16.172,1.11,1.29,,,0.60893,0.155659,0,0,6,2037.947943
HD 65907 A_1,HD 65907 A,1.316,0.075,0.982,3.131,16.172,1.11,1.29,,,1.412778,0.023585,0,3,6,2037.947943
HD 65907 A_2,HD 65907 A,1.009,0.058,1.202,5.136,16.172,1.11,1.29,,,0.95369,0.512407,0,2,6,2037.947943
HD 165341 B_1,HD 165341 B,1.256,0.089,0.5,0.053,5.122,0.78,0.164,0.211468,50.281819,1.147539,0.48817,1,3,6,2037.949448
HD 165341 B_2,HD 165341 B,4.082,0.042,1.247,0.85,5.122,0.78,0.164,0.697519,252.238642,4.156722,0.610632,1,3,6,2037.949448
HD 165341 B_3,HD 165341 B,0.1,0.077,0.528,0.124,5.122,0.78,0.164,,,0.1071,0.42248,0,0,6,2037.949448
HD 165341 B_4,HD 165341 B,0.76,0.117,1.137,2.374,5.122,0.78,0.164,0.145891,254.391967,0.818374,0.162803,1,4,6,2037.949448
HD 7570_0,HD 7570,3.031,0.054,1.134,3.652,15.261,1.14,2.004,,,3.164504,0.016485,0,1,4,2037.985803
HD 7570_1,HD 7570,0.15,0.071,0.941,0.218,15.261,1.14,2.004,,,0.147651,0.058612,0,0,4,2037.985803
HD 7570_2,HD 7570,1.977,0.063,1.73,3.716,15.261,1.14,2.004,0.119433,128.090281,1.888742,0.433991,1,2,4,2037.985803
HD 7570_3,HD 7570,3.034,0.079,1.364,1.913,15.261,1.14,2.004,,,2.890458,0.058851,0,3,4,2037.985803
HD 7570_4,HD 7570,0.569,0.099,0.726,0.483,15.261,1.14,2.004,,,0.562843,0.133895,0,0,4,2037.985803
HD 142373_0,HD 142373,1.268,0.168,0.757,0.148,15.898,1.08,3.136,,,1.389661,0.804366,0,2,4,2037.99373
HD 142373_1,HD 142373,1.76,0.092,0.868,0.535,15.898,1.08,3.136,0.105737,279.84102,1.768974,0.281329,1,4,4,2037.99373
HD 142373_2,HD 142373,0.834,0.129,2.923,6.259,15.898,1.08,3.136,,,0.730381,0.166156,0,0,4,2037.99373
HD 142373_4,HD 142373,1.161,0.006,1.265,2.536,15.898,1.08,3.136,0.069261,92.476448,1.167428,0.248695,1,2,4,2037.99373
HD 142373_6,HD 142373,4.705,0.105,0.947,0.923,15.898,1.08,3.136,,,4.21753,0.016277,0,0,4,2037.99373
HD 142373_7,HD 142373,1.878,0.051,2.611,6.816,15.898,1.08,3.136,,,1.787743,0.868532,0,3,4,2037.99373
HD 142373_8,HD 142373,3.092,0.053,1.805,7.326,15.898,1.08,3.136,,,3.171815,0.042506,0,3,4,2037.99373
HD 84117_2,HD 84117,0.48,0.183,0.807,0.707,14.951,1.14,1.977,,,0.491069,0.605708,0,0,5,2037.999018
HD 84117_3,HD 84117,2.469,0.127,0.583,0.157,14.951,1.14,1.977,0.184774,285.917608,2.782332,0.389645,1,2,5,2037.999018
HD 84117_5,HD 84117,2.421,0.095,0.605,0.239,14.951,1.14,1.977,0.172018,205.32129,2.56821,0.282289,1,4,5,2037.999018
HD 143761_0,HD 143761,2.268,0.052,0.622,0.131,17.511,0.97,1.812,,,2.385336,0.92605,0,2,4,2038.007131
HD 143761_3,HD 143761,0.463,0.017,0.834,0.619,17.511,0.97,1.812,,,0.465678,0.181985,0,0,4,2038.007131
HD 143761_4,HD 143761,1.096,0.157,0.808,0.895,17.511,0.97,1.812,,,1.022529,0.024871,0,2,4,2038.007131
HD 143761_5,HD 143761,0.834,0.096,1.155,1.684,17.511,0.97,1.812,,,0.833799,0.233478,0,0,4,2038.007131
HD 143761_7,HD 143761,2.609,0.089,2.154,12.289,17.511,0.97,1.812,0.071167,332.152899,2.450286,0.87185,1,3,4,2038.007131
HD 55575_0,HD 55575,1.084,0.09,0.727,0.186,16.852,1.14,1.463,,,1.011535,0.000433,0,1,7,2038.010727
HD 55575_1,HD 55575,0.133,0.053,0.578,0.677,16.852,1.14,1.463,,,0.129427,0.855452,0,0,7,2038.010727
HD 115617_0,HD 115617,1.956,0.004,0.732,1.017,8.534,0.97,0.825,0.225588,132.755048,1.959968,0.204311,1,5,5,2038.012862
HD 115617_1,HD 115617,0.76,0.09,2.931,6.157,8.534,0.97,0.825,,,0.816027,0.000911,0,3,5,2038.012862
HD 115617_2,HD 115617,0.621,0.047,0.562,0.059,8.534,0.97,0.825,0.073038,292.277467,0.641578,0.268614,1,4,5,2038.012862
HD 115617_3,HD 115617,0.199,0.073,3.38,12.207,8.534,0.97,0.825,,,0.196647,0.36092,0,0,5,2038.012862
HD 115617_4,HD 115617,2.599,0.104,0.763,0.174,8.534,0.97,0.825,,,2.347287,2.2e-05,0,4,5,2038.012862
HD 115617_5,HD 115617,2.098,0.045,1.487,3.177,8.534,0.97,0.825,0.185916,83.15147,2.03876,0.704505,1,5,5,2038.012862
HD 115617_6,HD 115617,3.003,0.084,0.942,0.936,8.534,0.97,0.825,0.148893,359.244986,2.886689,0.903946,1,2,5,2038.012862
HD 34411_0,HD 34411,0.295,0.082,3.192,8.429,12.562,1.08,1.732,,,0.319006,0.340399,0,0,5,2038.040732
HD 34411_1,HD 34411,1.539,0.078,0.897,0.713,12.562,1.08,1.732,,,1.650731,0.020014,0,4,5,2038.040732
HD 34411_3,HD 34411,1.691,0.074,0.798,0.808,12.562,1.08,1.732,0.138727,303.004873,1.76597,0.337591,1,5,5,2038.040732
HD 90839_0,HD 90839,3.665,0.022,0.781,0.186,12.945,1.18,1.605,0.223003,23.063977,3.735805,0.707744,1,1,4,2038.042102
HD 90839_1,HD 90839,0.191,0.094,1.403,2.751,12.945,1.18,1.605,,,0.202728,0.55938,0,0,4,2038.042102
HD 90839_2,HD 90839,3.378,0.112,1.125,1.619,12.945,1.18,1.605,,,3.481924,0.019486,0,2,4,2038.042102
HD 90839_5,HD 90839,0.15,0.051,2.273,4.226,12.945,1.18,1.605,,,0.156547,0.628144,0,0,4,2038.042102
HD 10360_0,HD 10360,0.111,0.132,2.009,6.936,8.189,0.78,0.345,,,0.097646,0.13144,0,0,6,2038.043471
HD 10360_1,HD 10360,0.559,0.036,0.525,0.063,8.189,0.78,0.345,0.071103,92.559474,0.577749,0.464094,1,2,6,2038.043471
HD 10360_2,HD 10360,3.873,0.13,2.182,7.34,8.189,0.78,0.345,0.294645,169.967294,4.263684,0.844611,1,6,6,2038.043471
HD 10360_4,HD 10360,0.185,0.028,3.239,14.497,8.189,0.78,0.345,,,0.188678,0.111298,0,0,6,2038.043471
HD 10360_5,HD 10360,2.33,0.067,0.679,0.17,8.189,0.78,0.345,,,2.31864,0.028486,0,3,6,2038.043471
HD 131156 A_0,HD 131156 A,0.922,0.01,2.426,6.027,6.754,0.96,0.553,0.138518,116.951514,0.913138,0.333752,1,6,6,2038.052834
HD 131156 A_1,HD 131156 A,1.097,0.147,1.932,4.971,6.754,0.96,0.553,0.112611,221.017575,1.062479,0.055405,1,6,6,2038.052834
HD 165499_0,HD 165499,3.777,0.071,0.637,0.161,17.753,1.08,1.731,,,4.043489,0.220758,0,0,5,2038.063242
HD 165499_1,HD 165499,0.192,0.04,0.654,0.106,17.753,1.08,1.731,,,0.185952,0.742268,0,0,5,2038.063242
HD 165499_3,HD 165499,0.221,0.065,0.75,0.229,17.753,1.08,1.731,,,0.234542,0.622682,0,0,5,2038.063242
HD 165499_4,HD 165499,1.569,0.062,3.377,24.497,17.753,1.08,1.731,0.070467,174.931015,1.642668,0.713923,1,4,5,2038.063242
HD 201091_1,HD 201091,1.051,0.108,0.699,0.293,3.497,0.68,0.142,0.278631,194.490499,1.055377,0.532848,1,4,4,2038.066676
HD 201091_2,HD 201091,2.964,0.153,0.94,0.359,3.497,0.68,0.142,0.491225,44.176432,3.345919,0.873963,1,3,4,2038.066676
HD 201091_4,HD 201091,2.241,0.067,3.013,8.159,3.497,0.68,0.142,0.656982,359.29823,2.311938,0.275349,1,3,4,2038.066676
HD 140538 A_0,HD 140538 A,2.088,0.047,0.685,0.069,14.793,0.94,0.834,,,2.129425,0.952628,0,1,4,2038.068046
HD 140538 A_1,HD 140538 A,0.512,0.053,2.798,18.338,14.793,0.94,0.834,,,0.533359,0.604349,0,0,4,2038.068046
HD 140538 A_2,HD 140538 A,4.137,0.053,0.916,0.304,14.793,0.94,0.834,0.236893,280.736503,3.984064,0.573784,1,4,4,2038.068046
HD 50692_0,HD 50692,3.95,0.04,2.831,10.297,17.405,1.08,1.293,,,4.00922,0.007031,0,3,4,2038.072492
HD 50692_1,HD 50692,0.28,0.064,0.734,0.092,17.405,1.08,1.293,,,0.26232,0.224939,0,0,4,2038.072492
HD 50692_2,HD 50692,0.513,0.081,1.798,3.652,17.405,1.08,1.293,,,0.483334,0.053961,0,0,4,2038.072492
HD 50692_3,HD 50692,0.925,0.032,2.849,9.197,17.405,1.08,1.293,,,0.944945,0.391526,0,0,4,2038.072492
HD 156274 A_3,HD 156274 A,4.433,0.138,1.608,3.519,8.791,0.9,0.452,,,4.814081,0.00022,0,1,4,2038.082236
HD 26965 A_1,HD 26965 A,0.482,0.058,1.38,2.403,5.01,0.86,0.41,0.06793,34.049686,0.468977,0.719998,1,6,6,2038.08854
HD 26965 A_2,HD 26965 A,0.345,0.049,0.5,0.06,5.01,0.86,0.41,0.066523,167.466424,0.343898,0.239657,1,6,6,2038.08854
HD 201092_1,HD 201092,2.708,0.059,2.37,8.514,3.496,0.63,0.078,0.816654,174.977291,2.852756,0.341748,1,4,4,2038.099633
HD 131977_0,HD 131977,2.114,0.033,1.305,3.47,5.886,0.72,0.223,0.332033,48.208472,2.047307,0.492257,1,4,4,2038.101003
HD 4628_0,HD 4628,0.299,0.054,1.741,4.304,7.435,0.78,0.3,,,0.299773,0.910332,0,0,4,2038.105071
HD 4628_1,HD 4628,4.258,0.031,1.273,1.784,7.435,0.78,0.3,0.553945,181.511447,4.140321,0.286274,1,1,4,2038.105071
HD 4628_4,HD 4628,4.069,0.034,0.981,0.876,7.435,0.78,0.3,0.536491,341.745344,3.999811,0.316316,1,4,4,2038.105071
HD 4628_5,HD 4628,3.681,0.025,0.897,0.617,7.435,0.78,0.3,,,3.719043,0.060944,0,1,4,2038.105071
HD 4628_6,HD 4628,1.476,0.055,1.942,4.324,7.435,0.78,0.3,0.170218,83.59985,1.546421,0.648581,1,4,4,2038.105071
HD 4391_0,HD 4391,0.363,0.182,1.471,1.692,15.049,0.98,0.923,,,0.35776,0.051337,0,0,6,2038.109076
HD 4391_1,HD 4391,1.544,0.114,0.614,0.159,15.049,0.98,0.923,,,1.597781,0.112001,0,3,6,2038.109076
HD 4391_2,HD 4391,0.361,0.058,0.863,0.256,15.049,0.98,0.923,,,0.341038,0.058521,0,0,6,2038.109076
HD 4391_3,HD 4391,0.102,0.064,0.942,1.344,15.049,0.98,0.923,,,0.108509,0.71936,0,0,6,2038.109076
HD 4391_4,HD 4391,0.526,0.038,2.712,11.881,15.049,0.98,0.923,,,0.54495,0.829892,0,0,6,2038.109076
HD 149661_2,HD 149661,2.991,0.073,1.285,2.935,9.894,0.87,0.462,0.290009,239.60702,2.917226,0.390994,1,3,4,2038.110446
HD 149661_3,HD 149661,2.364,0.065,0.7,0.315,9.894,0.87,0.462,0.183572,330.742811,2.212286,0.671632,1,2,4,2038.110446
HD 149661_5,HD 149661,3.155,0.051,2.936,7.428,9.894,0.87,0.462,0.305521,152.660212,3.310567,0.129475,1,3,4,2038.110446
HD 95735_0,HD 95735,0.673,0.041,0.901,1.876,2.546,0.44,0.02,0.225023,82.613342,0.649892,0.575305,1,4,4,2038.116319
HD 95735_2,HD 95735,0.392,0.078,0.638,0.252,2.546,0.44,0.02,0.058076,246.675604,0.411498,0.930759,1,4,4,2038.116319
HD 95735_3,HD 95735,0.164,0.146,0.847,1.655,2.546,0.44,0.02,,,0.145336,0.533934,0,0,4,2038.116319
HD 95735_4,HD 95735,2.481,0.023,1.454,2.402,2.546,0.44,0.02,0.773168,222.250716,2.46033,0.078357,1,3,4,2038.116319
HD 95735_6,HD 95735,0.163,0.047,1.008,2.764,2.546,0.44,0.02,,,0.156228,0.963681,0,1,4,2038.116319
HD 128620_0,HD 128620,1.567,0.074,0.945,0.738,1.332,1.11,1.521,,,1.611971,0.515321,0,2,5,2038.117689
HD 128620_1,HD 128620,1.266,0.016,1.198,6.221,1.332,1.11,1.521,0.903315,336.644764,1.283291,0.506128,1,5,5,2038.117689
HD 100623 A_0,HD 100623 A,4.014,0.105,2.503,8.448,9.559,0.88,0.37,,,3.593724,0.00587,0,2,4,2038.119058
HD 100623 A_2,HD 100623 A,0.102,0.086,0.559,0.245,9.559,0.88,0.37,,,0.093417,0.104708,0,0,4,2038.119058
HD 100623 A_3,HD 100623 A,4.384,0.075,1.441,2.214,9.559,0.88,0.37,0.447472,49.289832,4.453387,0.453159,1,4,4,2038.119058
HD 100623 A_4,HD 100623 A,2.524,0.072,0.66,0.613,9.559,0.88,0.37,0.21597,26.407903,2.391983,0.59956,1,2,4,2038.119058
HD 100623 A_5,HD 100623 A,4.18,0.038,0.734,0.337,9.559,0.88,0.37,0.381344,228.226971,4.054304,0.563925,1,3,4,2038.119058
HD 100623 A_6,HD 100623 A,0.362,0.165,0.555,0.359,9.559,0.88,0.37,,,0.420927,0.005397,0,0,4,2038.119058
HD 100623 A_7,HD 100623 A,4.073,0.068,1.365,1.972,9.559,0.88,0.37,0.125588,97.820865,4.158282,0.957582,1,3,4,2038.119058
HD 216803_1,HD 216803,3.539,0.087,2.035,5.879,7.601,0.72,0.196,0.384155,24.840128,3.239726,0.126393,1,4,4,2038.120428
HD 216803_3,HD 216803,0.104,0.044,0.893,0.284,7.601,0.72,0.196,,,0.100186,0.300827,0,0,4,2038.120428
HD 216803_4,HD 216803,2.738,0.038,2.631,12.08,7.601,0.72,0.196,0.209065,178.046573,2.660285,0.028513,1,4,4,2038.120428
HD 216803_5,HD 216803,0.109,0.06,0.686,0.431,7.601,0.72,0.196,,,0.103404,0.127307,0,0,4,2038.120428
HD 216803_6,HD 216803,0.431,0.071,1.431,2.693,7.601,0.72,0.196,,,0.44158,0.094479,0,0,4,2038.120428
HD 32147_1,HD 32147,0.121,0.122,1.044,1.526,8.844,0.75,0.29,,,0.134009,0.31513,0,0,4,2038.121798
HD 32147_2,HD 32147,3.272,0.062,1.942,2.786,8.844,0.75,0.29,0.343918,148.593848,3.078842,0.353899,1,4,4,2038.121798
HD 166_0,HD 166,1.592,0.09,1.08,2.182,13.766,0.94,0.647,0.086493,330.976533,1.46347,0.073995,1,4,6,2038.123897
HD 166_1,HD 166,0.635,0.021,0.515,0.062,13.766,0.94,0.647,,,0.644198,0.008471,0,0,6,2038.123897
HD 46588 A_0,HD 46588 A,1.961,0.092,1.375,5.123,18.202,1.18,1.826,0.103698,87.691012,2.067541,0.219499,1,5,5,2038.189963
HD 46588 A_2,HD 46588 A,0.149,0.051,1.651,3.767,18.202,1.18,1.826,,,0.144866,0.003146,0,0,5,2038.189963
HD 46588 A_4,HD 46588 A,0.634,0.042,1.252,1.899,18.202,1.18,1.826,,,0.655097,0.022129,0,0,5,2038.189963
HD 46588 A_5,HD 46588 A,0.119,0.052,0.593,0.101,18.202,1.18,1.826,,,0.118848,0.316257,0,0,5,2038.189963
HD 46588 A_6,HD 46588 A,0.647,0.045,2.121,5.747,18.202,1.18,1.826,,,0.618766,0.04182,0,0,5,2038.189963
HD 46588 A_7,HD 46588 A,1.085,0.088,1.256,5.584,18.202,1.18,1.826,,,1.01094,0.675606,0,0,5,2038.189963
HD 46588 A_8,HD 46588 A,2.008,0.017,0.521,0.08,18.202,1.18,1.826,,,1.993992,0.182784,0,2,5,2038.189963
HD 20630_1,HD 20630,0.648,0.142,1.547,4.726,9.276,0.98,0.857,0.069251,173.469284,0.628364,0.257113,1,5,6,2038.218923
HD 20630_5,HD 20630,1.387,0.083,0.621,0.63,9.276,0.98,0.857,0.132105,159.564749,1.290119,0.152437,1,6,6,2038.218923
HD 33262 A_0,HD 33262 A,4.098,0.155,0.949,0.422,11.693,1.14,1.466,,,4.062444,0.06474,0,0,6,2038.221353
HD 33262 A_1,HD 33262 A,3.3,0.062,1.368,1.583,11.693,1.14,1.466,0.122405,52.717638,3.231078,0.90795,1,3,6,2038.221353
HD 33262 A_2,HD 33262 A,3.337,0.087,0.965,0.502,11.693,1.14,1.466,0.23558,172.25369,3.119292,0.564675,1,3,6,2038.221353
HD 33262 A_4,HD 33262 A,1.015,0.091,2.255,9.306,11.693,1.14,1.466,0.087329,349.68833,1.101272,0.145836,1,3,6,2038.221353
HD 33262 A_5,HD 33262 A,0.358,0.206,1.487,2.029,11.693,1.14,1.466,,,0.347961,0.895203,0,0,6,2038.221353
HD 33262 A_6,HD 33262 A,0.874,0.139,0.646,0.257,11.693,1.14,1.466,0.073199,63.380404,0.942611,0.218874,1,4,6,2038.221353
HD 33262 A_8,HD 33262 A,0.199,0.101,2.893,13.631,11.693,1.14,1.466,,,0.213383,0.312088,0,0,6,2038.221353
HD 43386_0,HD 43386,2.541,0.037,0.504,0.177,19.588,1.33,2.957,,,2.608541,0.008468,0,2,5,2038.222979
HD 43386_1,HD 43386,1.141,0.101,1.584,2.873,19.588,1.33,2.957,,,1.242948,0.114755,0,0,5,2038.222979
HD 43386_3,HD 43386,0.289,0.045,1.072,0.429,19.588,1.33,2.957,,,0.300026,0.036296,0,0,5,2038.222979
HD 43042_0,HD 43042,4.095,0.078,0.558,0.185,21.776,1.29,2.936,,,4.309297,0.53804,0,2,5,2038.237471
HD 43042_1,HD 43042,0.434,0.11,0.533,0.05,21.776,1.29,2.936,,,0.474293,0.010189,0,0,5,2038.237471
HD 43042_3,HD 43042,0.724,0.14,0.733,0.758,21.776,1.29,2.936,,,0.813148,0.863417,0,0,5,2038.237471
HD 17206_0,HD 17206,1.742,0.09,0.885,1.25,14.276,1.21,2.617,0.120951,222.461434,1.765774,0.406734,1,5,5,2038.249804
HD 17206_1,HD 17206,0.879,0.039,2.253,5.781,14.276,1.21,2.617,0.059116,250.595046,0.86808,0.316584,1,3,5,2038.249804
HD 17206_2,HD 17206,0.485,0.035,0.762,0.888,14.276,1.21,2.617,,,0.500434,0.956971,0,0,5,2038.249804
HD 134083_0,HD 134083,0.116,0.07,1.9,7.058,19.536,1.33,3.255,,,0.110476,0.068271,0,0,6,2038.251174
HD 134083_1,HD 134083,0.36,0.097,1.358,2.746,19.536,1.33,3.255,,,0.393064,0.523056,0,0,6,2038.251174
HD 134083_3,HD 134083,0.749,0.13,0.881,0.684,19.536,1.33,3.255,,,0.751502,0.038574,0,0,6,2038.251174
HD 134083_4,HD 134083,0.959,0.114,0.591,0.338,19.536,1.33,3.255,,,1.063229,0.071617,0,0,6,2038.251174
HD 22484_0,HD 22484,0.838,0.146,1.142,1.607,13.92,1.14,3.068,,,0.903616,0.042882,0,0,5,2038.260424
HD 22484_1,HD 22484,1.12,0.109,1.996,7.679,13.92,1.14,3.068,0.077953,148.448597,1.139227,0.182762,1,4,5,2038.260424
HD 22484_2,HD 22484,0.469,0.117,1.765,3.166,13.92,1.14,3.068,,,0.444892,0.394857,0,0,5,2038.260424
HD 22484_5,HD 22484,4.456,0.081,0.516,0.034,13.92,1.14,3.068,,,4.587758,0.717519,0,0,5,2038.260424
HD 22484_7,HD 22484,3.201,0.074,0.943,1.501,13.92,1.14,3.068,,,3.425074,0.150771,0,4,5,2038.260424
HD 19373_0,HD 19373,0.74,0.034,3.212,9.93,10.577,1.08,2.23,,,0.765146,0.699284,0,1,5,2038.265853
HD 19373_2,HD 19373,0.724,0.048,1.483,3.085,10.577,1.08,2.23,0.065054,7.82777,0.758218,0.538712,1,2,5,2038.265853
HD 19373_3,HD 19373,0.676,0.061,1.037,1.075,10.577,1.08,2.23,,,0.651279,0.8829,0,1,5,2038.265853
HD 19373_6,HD 19373,0.114,0.04,2.433,8.086,10.577,1.08,2.23,,,0.116912,0.169941,0,0,5,2038.265853
HD 19373_7,HD 19373,2.87,0.048,1.622,2.945,10.577,1.08,2.23,0.247214,304.772244,2.754719,0.1756,1,5,5,2038.265853
HD 136352_0,HD 136352,1.127,0.083,0.501,0.05,14.739,1.02,1.029,0.067879,80.978252,1.087614,0.566371,1,5,5,2038.278084
HD 136352_2,HD 136352,0.995,0.082,1.549,3.519,14.739,1.02,1.029,,,0.969627,0.664118,0,0,5,2038.278084
HD 136352_3,HD 136352,3.774,0.069,2.041,4.78,14.739,1.02,1.029,0.245509,100.805763,3.656598,0.248197,1,5,5,2038.278084
HD 136352_4,HD 136352,1.831,0.068,0.826,0.342,14.739,1.02,1.029,0.09708,283.389788,1.738584,0.601229,1,5,5,2038.278084
HD 20794_0,HD 20794,4.322,0.17,2.962,5.742,6.041,0.97,0.654,0.363745,75.426208,3.704467,0.831949,1,3,5,2038.280621
HD 20794_1,HD 20794,2.398,0.095,1.302,2.525,6.041,0.97,0.654,0.296435,112.669067,2.171021,0.087373,1,4,5,2038.280621
HD 86728 A_0,HD 86728 A,0.138,0.113,0.53,0.078,14.926,1.0,1.378,,,0.144238,0.589314,0,0,5,2038.29025
HD 86728 A_1,HD 86728 A,1.194,0.049,0.519,0.144,14.926,1.0,1.378,,,1.148126,0.779647,0,3,5,2038.29025
HD 86728 A_2,HD 86728 A,1.586,0.024,0.736,0.367,14.926,1.0,1.378,0.105204,28.995448,1.619114,0.487395,1,4,5,2038.29025
HD 86728 A_3,HD 86728 A,0.34,0.077,0.971,1.901,14.926,1.0,1.378,,,0.352286,0.21511,0,0,5,2038.29025
HD 86728 A_4,HD 86728 A,3.143,0.15,2.985,16.709,14.926,1.0,1.378,0.19237,67.902937,3.596322,0.074606,1,4,5,2038.29025
HD 86728 A_5,HD 86728 A,0.238,0.132,1.155,6.008,14.926,1.0,1.378,,,0.214462,0.762224,0,0,5,2038.29025
HD 86728 A_6,HD 86728 A,2.84,0.137,2.462,3.621,14.926,1.0,1.378,0.129499,352.037337,2.73401,0.057632,1,5,5,2038.29025
HD 128621_0,HD 128621,0.181,0.076,0.591,0.281,1.332,0.94,0.503,0.134166,224.993826,0.188224,0.533813,1,7,7,2038.300112
HD 128621_1,HD 128621,3.969,0.152,0.756,0.624,1.332,0.94,0.503,,,4.546706,0.632997,0,0,7,2038.300112
HD 128621_3,HD 128621,4.377,0.084,0.667,0.424,1.332,0.94,0.503,,,4.487252,0.259917,0,0,7,2038.300112
HD 128621_4,HD 128621,1.135,0.055,1.179,1.502,1.332,0.94,0.503,0.775296,162.243119,1.079897,0.471791,1,7,7,2038.300112
HD 10360_0,HD 10360,0.111,0.132,2.009,6.936,8.189,0.78,0.345,,,0.108493,0.124539,0,0,7,2038.301481
HD 10360_1,HD 10360,0.559,0.036,0.525,0.063,8.189,0.78,0.345,0.068783,274.320609,0.543526,0.354998,1,3,7,2038.301481
HD 10360_2,HD 10360,3.873,0.13,2.182,7.34,8.189,0.78,0.345,0.34897,160.734653,4.3117,0.783671,1,7,7,2038.301481
HD 10360_4,HD 10360,0.185,0.028,3.239,14.497,8.189,0.78,0.345,,,0.190177,0.003736,0,0,7,2038.301481
HD 10360_5,HD 10360,2.33,0.067,0.679,0.17,8.189,0.78,0.345,,,2.380036,0.069179,0,3,7,2038.301481
HD 109358_0,HD 109358,0.599,0.064,0.661,0.193,8.473,1.08,1.151,0.067405,151.943284,0.576043,0.473917,1,5,5,2038.304714
HD 109358_1,HD 109358,0.313,0.024,1.946,4.835,8.473,1.08,1.151,,,0.320247,0.785179,0,0,5,2038.304714
HD 109358_3,HD 109358,0.172,0.066,1.409,1.609,8.473,1.08,1.151,,,0.160652,0.900133,0,0,5,2038.304714
HD 109358_4,HD 109358,1.488,0.078,0.58,0.237,8.473,1.08,1.151,0.154781,198.87268,1.371971,0.218154,1,4,5,2038.304714
HD 109358_5,HD 109358,3.968,0.05,3.285,25.806,8.473,1.08,1.151,0.436036,224.888499,3.845307,0.47691,1,3,5,2038.304714
HD 147513_0,HD 147513,1.541,0.04,0.645,0.152,12.892,1.07,1.001,0.098746,224.286849,1.527276,0.089429,1,7,7,2038.327701
HD 147513_1,HD 147513,1.513,0.099,0.537,0.038,12.892,1.07,1.001,0.120991,66.153268,1.502665,0.315361,1,7,7,2038.327701
HD 147513_2,HD 147513,4.633,0.075,1.379,7.403,12.892,1.07,1.001,0.335411,351.910634,4.682891,0.526591,1,7,7,2038.327701
HD 147513_4,HD 147513,0.196,0.111,0.74,0.096,12.892,1.07,1.001,,,0.189134,0.966803,0,0,7,2038.327701
HD 147513_5,HD 147513,4.52,0.075,0.624,0.254,12.892,1.07,1.001,,,4.193551,0.025552,0,0,7,2038.327701
HD 147513_6,HD 147513,1.743,0.075,1.796,2.912,12.892,1.07,1.001,0.112433,358.230042,1.867961,0.062604,1,7,7,2038.327701
HD 147513_7,HD 147513,2.47,0.028,0.667,0.174,12.892,1.07,1.001,,,2.447146,0.083433,0,2,7,2038.327701
HD 156026_0,HD 156026,3.18,0.093,3.171,14.895,5.954,0.68,0.158,0.494397,12.58357,3.172153,0.515316,1,8,8,2038.330779
HD 156026_1,HD 156026,0.564,0.081,0.509,0.042,5.954,0.68,0.158,,,0.575815,0.012637,0,6,8,2038.330779
HD 156026_2,HD 156026,0.423,0.044,0.607,0.379,5.954,0.68,0.158,0.063159,98.050907,0.419179,0.572649,1,3,8,2038.330779
HD 156026_3,HD 156026,1.001,0.06,2.318,7.224,5.954,0.68,0.158,0.157212,214.009438,0.943587,0.337496,1,8,8,2038.330779
HD 156026_5,HD 156026,1.693,0.124,2.972,9.407,5.954,0.68,0.158,0.256806,163.50461,1.879436,0.658566,1,8,8,2038.330779
HD 155885_0,HD 155885,0.424,0.016,1.08,0.365,5.948,0.85,0.332,0.066459,106.41931,0.428203,0.161864,1,2,5,2038.3393
HD 155885_1,HD 155885,0.125,0.137,2.355,7.262,5.948,0.85,0.332,,,0.134635,0.241154,0,0,5,2038.3393
HD 155885_4,HD 155885,2.293,0.052,0.991,0.685,5.948,0.85,0.332,0.28314,7.591226,2.283435,0.734755,1,5,5,2038.3393
HD 190360_0,HD 190360,0.922,0.17,1.79,3.759,16.003,0.96,1.165,,,0.952566,0.016247,0,0,5,2038.360249
HD 190360_1,HD 190360,3.764,0.081,1.071,1.582,16.003,0.96,1.165,0.24978,253.388841,4.021281,0.275082,1,3,5,2038.360249
HD 190360_3,HD 190360,3.632,0.139,2.733,10.267,16.003,0.96,1.165,,,3.521106,0.999772,0,4,5,2038.360249
HD 190360_4,HD 190360,1.735,0.021,0.534,0.045,16.003,0.96,1.165,0.106322,235.444909,1.713997,0.228822,1,5,5,2038.360249
HD 190360_5,HD 190360,0.581,0.08,1.934,2.88,16.003,0.96,1.165,,,0.539574,0.194864,0,0,5,2038.360249
HD 209100_0,HD 209100,2.433,0.127,0.524,0.078,3.638,0.72,0.222,0.621532,346.325492,2.280185,0.397542,1,4,6,2038.361619
HD 209100_1,HD 209100,1.218,0.094,0.54,0.224,3.638,0.72,0.222,0.207352,1.024611,1.236981,0.828687,1,5,6,2038.361619
HD 209100_2,HD 209100,0.989,0.073,1.925,7.679,3.638,0.72,0.222,0.228745,242.533861,1.022094,0.082043,1,6,6,2038.361619
HD 209100_4,HD 209100,3.542,0.022,2.632,11.464,3.638,0.72,0.222,0.974965,138.77753,3.55149,0.336446,1,6,6,2038.361619
HD 209100_5,HD 209100,0.635,0.076,0.931,0.965,3.638,0.72,0.222,0.15756,137.398733,0.619234,0.158426,1,6,6,2038.361619
HD 209100_6,HD 209100,1.701,0.082,0.885,1.719,3.638,0.72,0.222,0.406922,128.281113,1.562296,0.168033,1,3,6,2038.361619
HD 209100_8,HD 209100,2.097,0.099,2.488,10.973,3.638,0.72,0.222,0.516875,327.102514,1.897764,0.37298,1,6,6,2038.361619
HD 209100_9,HD 209100,0.782,0.071,2.297,6.298,3.638,0.72,0.222,0.217202,222.501958,0.802165,0.303355,1,6,6,2038.361619
HD 209100_10,HD 209100,0.182,0.056,2.026,7.17,3.638,0.72,0.222,,,0.180218,0.469396,0,0,6,2038.361619
HD 209100_11,HD 209100,0.917,0.107,1.174,2.417,3.638,0.72,0.222,0.224364,246.634443,0.819175,0.403844,1,6,6,2038.361619
HD 160691_0,HD 160691,1.46,0.051,0.67,0.675,15.604,1.0,1.899,0.086588,356.854835,1.530706,0.638687,1,5,5,2038.362989
HD 160691_1,HD 160691,0.274,0.085,0.88,0.645,15.604,1.0,1.899,,,0.258624,0.607377,0,0,5,2038.362989
HD 160691_2,HD 160691,0.346,0.144,0.58,0.053,15.604,1.0,1.899,,,0.297753,0.013622,0,0,5,2038.362989
HD 160691_3,HD 160691,0.123,0.058,0.556,0.091,15.604,1.0,1.899,,,0.116202,0.012073,0,0,5,2038.362989
HD 160691_4,HD 160691,2.415,0.073,1.777,2.687,15.604,1.0,1.899,0.113036,100.327726,2.447672,0.755678,1,3,5,2038.362989
HD 160691_6,HD 160691,2.937,0.058,2.424,6.338,15.604,1.0,1.899,0.18676,330.813465,2.948811,0.367019,1,4,5,2038.362989
HD 160691_7,HD 160691,3.23,0.098,2.375,5.354,15.604,1.0,1.899,0.125127,348.713193,3.512324,0.837278,1,4,5,2038.362989
HD 190248_1,HD 190248,1.11,0.055,1.408,3.629,6.099,0.94,1.25,0.185461,236.62667,1.151802,0.2957,1,6,6,2038.367569
HD 190248_2,HD 190248,3.754,0.072,1.017,1.24,6.099,0.94,1.25,0.323858,175.089905,3.596189,0.851529,1,5,6,2038.367569
HD 190248_3,HD 190248,1.406,0.139,0.51,0.568,6.099,0.94,1.25,,,1.513628,0.025185,0,3,6,2038.367569
HD 128167_0,HD 128167,1.283,0.14,1.15,1.29,15.756,1.39,3.182,,,1.35197,0.797938,0,2,5,2038.37978
HD 128167_2,HD 128167,3.433,0.063,1.328,2.483,15.756,1.39,3.182,0.223701,349.381857,3.47633,0.322636,1,5,5,2038.37978
HD 128167_3,HD 128167,4.878,0.117,2.132,5.678,15.756,1.39,3.182,0.213619,198.691973,4.357005,0.691516,1,5,5,2038.37978
HD 128167_4,HD 128167,1.323,0.044,1.923,2.477,15.756,1.39,3.182,,,1.266162,0.906518,0,2,5,2038.37978
HD 20766_0,HD 20766,1.336,0.161,1.674,3.092,12.045,1.01,0.794,0.095176,201.995866,1.16509,0.383063,1,6,6,2038.3893
HD 20766_1,HD 20766,0.327,0.097,2.659,6.922,12.045,1.01,0.794,,,0.354287,0.980613,0,0,6,2038.3893
HD 20766_4,HD 20766,1.915,0.031,0.912,0.441,12.045,1.01,0.794,0.128038,1.421698,1.871406,0.102338,1,4,6,2038.3893
HD 4391_0,HD 4391,0.363,0.182,1.471,1.692,15.049,0.98,0.923,,,0.427762,0.060001,0,0,7,2038.402766
HD 4391_1,HD 4391,1.544,0.114,0.614,0.159,15.049,0.98,0.923,0.10977,35.034894,1.707761,0.426317,1,4,7,2038.402766
HD 4391_2,HD 4391,0.361,0.058,0.863,0.256,15.049,0.98,0.923,,,0.377367,0.713036,0,0,7,2038.402766
HD 4391_3,HD 4391,0.102,0.064,0.942,1.344,15.049,0.98,0.923,,,0.107112,0.473618,0,0,7,2038.402766
HD 4391_4,HD 4391,0.526,0.038,2.712,11.881,15.049,0.98,0.923,,,0.534705,0.168916,0,0,7,2038.402766
HD 16895 A_0,HD 16895 A,3.595,0.047,2.816,7.544,11.15,1.21,2.246,0.285916,34.774941,3.47986,0.536898,1,5,5,2038.407749
HD 16895 A_4,HD 16895 A,4.424,0.091,1.274,1.913,11.15,1.21,2.246,0.430665,11.052033,4.814013,0.262646,1,1,5,2038.407749
HD 16895 A_5,HD 16895 A,1.554,0.05,3.144,9.969,11.15,1.21,2.246,0.125185,124.583699,1.49376,0.147618,1,5,5,2038.407749
HD 16895 A_6,HD 16895 A,0.108,0.029,0.508,0.042,11.15,1.21,2.246,,,0.110361,0.023459,0,0,5,2038.407749
HD 165341 B_1,HD 165341 B,1.256,0.089,0.5,0.053,5.122,0.78,0.164,,,1.272173,0.052115,0,3,7,2038.418993
HD 165341 B_2,HD 165341 B,4.082,0.042,1.247,0.85,5.122,0.78,0.164,0.574592,238.898453,4.105725,0.748139,1,4,7,2038.418993
HD 165341 B_3,HD 165341 B,0.1,0.077,0.528,0.124,5.122,0.78,0.164,,,0.106129,0.304741,0,0,7,2038.418993
HD 165341 B_4,HD 165341 B,0.76,0.117,1.137,2.374,5.122,0.78,0.164,0.078192,64.742006,0.672373,0.823283,1,5,7,2038.418993
HD 4614 A_0,HD 4614 A,4.718,0.051,1.358,3.151,5.01,1.14,1.252,0.892487,257.850714,4.54872,0.238252,1,1,5,2038.426008
HD 4614 A_1,HD 4614 A,0.651,0.133,0.728,0.235,5.01,1.14,1.252,0.078084,269.804,0.696097,0.855379,1,5,5,2038.426008
HD 4614 A_2,HD 4614 A,2.584,0.017,1.361,2.842,5.01,1.14,1.252,0.48638,11.365423,2.606999,0.52721,1,5,5,2038.426008
HD 37394_0,HD 37394,1.839,0.051,0.552,0.164,12.27,0.88,0.478,,,1.76014,0.074871,0,4,7,2038.439617
HD 37394_1,HD 37394,0.501,0.058,1.934,5.969,12.27,0.88,0.478,,,0.499246,0.352489,0,0,7,2038.439617
HD 37394_3,HD 37394,1.245,0.044,1.502,2.038,12.27,0.88,0.478,,,1.299292,0.964637,0,2,7,2038.439617
HD 37394_5,HD 37394,0.152,0.102,1.111,1.488,12.27,0.88,0.478,,,0.166553,0.49918,0,0,7,2038.439617
HD 37394_9,HD 37394,0.863,0.077,0.726,0.552,12.27,0.88,0.478,,,0.796664,0.806852,0,3,7,2038.439617
HD 37394_10,HD 37394,0.093,0.059,3.205,15.21,12.27,0.88,0.478,,,0.097765,0.135425,0,0,7,2038.439617
HD 37394_11,HD 37394,1.171,0.065,2.415,5.91,12.27,0.88,0.478,0.08732,239.133841,1.135659,0.463844,1,7,7,2038.439617
HD 37394_15,HD 37394,0.222,0.142,1.093,0.563,12.27,0.88,0.478,,,0.219086,0.420683,0,0,7,2038.439617
HD 37394_16,HD 37394,2.623,0.055,2.621,9.008,12.27,0.88,0.478,0.078502,203.925512,2.758568,0.940405,1,6,7,2038.439617
HD 141004_0,HD 141004,2.629,0.092,2.901,8.518,11.916,1.09,2.004,,,2.747735,0.997412,0,3,5,2038.444205
HD 141004_1,HD 141004,0.651,0.071,0.654,0.168,11.916,1.09,2.004,,,0.604785,0.002818,0,0,5,2038.444205
HD 141004_2,HD 141004,4.426,0.098,1.019,2.941,11.916,1.09,2.004,,,4.418528,0.079209,0,1,5,2038.444205
HD 141004_3,HD 141004,4.115,0.06,0.578,0.125,11.916,1.09,2.004,,,3.902944,0.783092,0,0,5,2038.444205
HD 141004_4,HD 141004,3.163,0.091,1.732,4.206,11.916,1.09,2.004,0.22273,1.938363,2.875915,0.162704,1,5,5,2038.444205
HD 114710_0,HD 114710,1.415,0.117,0.681,0.147,9.197,1.11,1.357,0.152661,147.631618,1.461326,0.280956,1,5,5,2038.466937
HD 114710_1,HD 114710,0.314,0.116,0.63,1.142,9.197,1.11,1.357,,,0.317093,0.248733,0,0,5,2038.466937
HD 114710_2,HD 114710,2.258,0.018,0.683,0.173,9.197,1.11,1.357,,,2.218602,0.029073,0,2,5,2038.466937
HD 114710_4,HD 114710,0.861,0.053,0.898,0.439,9.197,1.11,1.357,0.098372,229.562679,0.906552,0.331444,1,5,5,2038.466937
HD 114710_5,HD 114710,0.124,0.109,3.108,17.681,9.197,1.11,1.357,,,0.116681,0.102638,0,0,5,2038.466937
HD 185144_1,HD 185144,0.747,0.07,0.5,0.019,5.764,0.87,0.434,0.108941,69.267207,0.697178,0.142978,1,5,7,2038.477629
HD 185144_3,HD 185144,0.688,0.135,2.317,4.389,5.764,0.87,0.434,0.129855,98.717549,0.734253,0.341227,1,7,7,2038.477629
HD 23249_0,HD 23249,2.38,0.039,0.804,0.586,9.089,0.87,2.941,0.175362,131.823285,2.40004,0.772568,1,4,5,2038.494463
HD 23249_1,HD 23249,2.348,0.031,1.487,3.029,9.089,0.87,2.941,0.249295,111.266223,2.361934,0.205012,1,5,5,2038.494463
HD 143761_0,HD 143761,2.268,0.052,0.622,0.131,17.511,0.97,1.812,0.075368,221.070534,2.335145,0.829762,1,3,5,2038.504942
HD 143761_3,HD 143761,0.463,0.017,0.834,0.619,17.511,0.97,1.812,,,0.463279,0.390061,0,0,5,2038.504942
HD 143761_4,HD 143761,1.096,0.157,0.808,0.895,17.511,0.97,1.812,0.067081,187.45721,1.250103,0.50584,1,3,5,2038.504942
HD 143761_5,HD 143761,0.834,0.096,1.155,1.684,17.511,0.97,1.812,,,0.780307,0.693374,0,0,5,2038.504942
HD 143761_7,HD 143761,2.609,0.089,2.154,12.289,17.511,0.97,1.812,0.069063,223.528421,2.376867,0.869099,1,4,5,2038.504942
HD 165341 B_1,HD 165341 B,1.256,0.089,0.5,0.053,5.122,0.78,0.164,,,1.308682,0.064637,0,3,8,2038.509085
HD 165341 B_2,HD 165341 B,4.082,0.042,1.247,0.85,5.122,0.78,0.164,0.54419,235.541474,4.095442,0.771321,1,5,8,2038.509085
HD 165341 B_3,HD 165341 B,0.1,0.077,0.528,0.124,5.122,0.78,0.164,,,0.094452,0.442335,0,0,8,2038.509085
HD 165341 B_4,HD 165341 B,0.76,0.117,1.137,2.374,5.122,0.78,0.164,,,0.690703,0.939129,0,5,8,2038.509085
HD 217987_0,HD 217987,3.278,0.032,3.1,17.272,3.287,0.49,0.036,,,3.353657,0.38526,0,4,6,2038.511752
HD 217987_1,HD 217987,0.104,0.158,2.049,6.333,3.287,0.49,0.036,,,0.120269,0.454158,0,0,6,2038.511752
HD 84737_0,HD 84737,0.596,0.087,1.352,1.551,18.823,1.08,2.795,,,0.647787,0.14215,0,0,5,2038.514323
HD 84737_1,HD 84737,3.025,0.071,1.189,1.926,18.823,1.08,2.795,0.15791,296.737741,3.1812,0.478517,1,2,5,2038.514323
HD 84737_2,HD 84737,1.078,0.014,1.079,0.698,18.823,1.08,2.795,,,1.063598,0.473222,0,0,5,2038.514323
HD 84737_3,HD 84737,3.774,0.025,0.833,0.848,18.823,1.08,2.795,0.204066,66.754347,3.863345,0.308398,1,2,5,2038.514323
HD 84737_4,HD 84737,0.254,0.074,3.133,13.741,18.823,1.08,2.795,,,0.25306,0.482498,0,0,5,2038.514323
HD 84737_5,HD 84737,2.993,0.205,0.508,0.086,18.823,1.08,2.795,,,2.427428,0.131826,0,0,5,2038.514323
HD 10360_0,HD 10360,0.111,0.132,2.009,6.936,8.189,0.78,0.345,,,0.120819,0.265185,0,0,8,2038.517754
HD 10360_1,HD 10360,0.559,0.036,0.525,0.063,8.189,0.78,0.345,0.065972,93.531551,0.577626,0.455486,1,4,8,2038.517754
HD 10360_2,HD 10360,3.873,0.13,2.182,7.34,8.189,0.78,0.345,0.392139,156.67575,4.342056,0.726147,1,8,8,2038.517754
HD 10360_4,HD 10360,0.185,0.028,3.239,14.497,8.189,0.78,0.345,,,0.180916,0.907952,0,0,8,2038.517754
HD 10360_5,HD 10360,2.33,0.067,0.679,0.17,8.189,0.78,0.345,,,2.424894,0.13483,0,3,8,2038.517754
HD 39091_1,HD 39091,3.12,0.028,1.191,1.952,18.287,1.08,1.533,0.145222,281.37898,3.145332,0.634177,1,3,5,2038.545435
HD 39091_2,HD 39091,2.865,0.029,0.677,0.089,18.287,1.08,1.533,0.14944,308.154199,2.848019,0.264534,1,3,5,2038.545435
HD 39091_3,HD 39091,3.55,0.072,1.069,0.919,18.287,1.08,1.533,0.184505,347.043942,3.466537,0.206058,1,5,5,2038.545435
HD 39091_4,HD 39091,4.534,0.027,1.234,1.811,18.287,1.08,1.533,,,4.627885,0.000121,0,2,5,2038.545435
HD 39091_5,HD 39091,1.437,0.051,1.31,1.974,18.287,1.08,1.533,0.078747,225.744442,1.477224,0.505726,1,5,5,2038.545435
HD 39091_6,HD 39091,0.67,0.012,2.604,6.457,18.287,1.08,1.533,,,0.676175,0.481531,0,0,5,2038.545435
HD 187691 A_0,HD 187691 A,3.127,0.076,1.475,4.454,19.488,1.25,2.835,0.141944,250.687052,2.944988,0.49907,1,5,5,2038.547601
HD 187691 A_1,HD 187691 A,2.61,0.091,1.018,1.386,19.488,1.25,2.835,,,2.709087,0.007106,0,2,5,2038.547601
HD 187691 A_2,HD 187691 A,3.249,0.037,0.764,1.364,19.488,1.25,2.835,,,3.175825,0.167944,0,2,5,2038.547601
HD 187691 A_3,HD 187691 A,2.018,0.038,2.654,10.557,19.488,1.25,2.835,,,1.946649,0.930111,0,2,5,2038.547601
HD 58855_0,HD 58855,3.917,0.055,2.746,11.124,20.402,1.16,2.445,0.137665,67.939738,3.787491,0.056871,1,5,5,2038.559833
HD 58855_3,HD 58855,0.12,0.023,0.846,0.314,20.402,1.16,2.445,,,0.117772,0.546588,0,0,5,2038.559833
HD 58855_4,HD 58855,1.787,0.062,0.53,0.101,20.402,1.16,2.445,,,1.832279,0.024828,0,1,5,2038.559833
HD 58855_5,HD 58855,2.753,0.078,0.74,0.361,20.402,1.16,2.445,0.139451,129.924712,2.956729,0.4542,1,3,5,2038.559833
HD 58855_6,HD 58855,3.408,0.008,0.67,0.197,20.402,1.16,2.445,0.140066,337.55002,3.419665,0.628304,1,3,5,2038.559833
HD 58855_7,HD 58855,0.511,0.017,1.169,2.72,20.402,1.16,2.445,,,0.510678,0.940659,0,0,5,2038.559833
HD 58855_8,HD 58855,3.679,0.02,1.665,3.725,20.402,1.16,2.445,0.159051,197.48465,3.673139,0.593091,1,4,5,2038.559833
HD 95128_1,HD 95128,2.285,0.074,0.586,0.282,13.887,1.07,1.577,0.171422,203.33473,2.413424,0.264694,1,4,5,2038.570542
HD 95128_2,HD 95128,4.586,0.035,0.538,0.083,13.887,1.07,1.577,,,4.632144,0.277844,0,0,5,2038.570542
HD 95128_3,HD 95128,0.343,0.031,2.771,10.086,13.887,1.07,1.577,,,0.353167,0.029046,0,0,5,2038.570542
HD 95128_4,HD 95128,2.15,0.173,1.218,6.511,13.887,1.07,1.577,,,2.357322,0.010257,0,2,5,2038.570542
HD 95128_5,HD 95128,0.6,0.105,2.299,8.137,13.887,1.07,1.577,,,0.659351,0.593034,0,0,5,2038.570542
HD 95128_6,HD 95128,0.335,0.024,2.419,8.582,13.887,1.07,1.577,,,0.331663,0.685377,0,0,5,2038.570542
HD 95128_7,HD 95128,0.847,0.089,1.394,3.129,13.887,1.07,1.577,,,0.910054,0.599365,0,1,5,2038.570542
HD 95128_8,HD 95128,0.588,0.034,2.182,8.46,13.887,1.07,1.577,,,0.599254,0.591237,0,0,5,2038.570542
HD 131156 A_0,HD 131156 A,0.922,0.01,2.426,6.027,6.754,0.96,0.553,0.136769,268.370057,0.928556,0.313538,1,7,7,2038.578195
HD 131156 A_1,HD 131156 A,1.097,0.147,1.932,4.971,6.754,0.96,0.553,0.103886,27.783427,1.125324,0.813927,1,7,7,2038.578195
HD 3651 A_0,HD 3651 A,0.818,0.09,1.086,0.195,11.108,0.86,0.532,0.064562,53.453233,0.867563,0.594714,1,6,6,2038.595849
HD 3651 A_3,HD 3651 A,0.106,0.12,3.284,8.237,11.108,0.86,0.532,,,0.093285,0.552347,0,0,6,2038.595849
HD 3651 A_5,HD 3651 A,0.552,0.025,0.534,0.148,11.108,0.86,0.532,,,0.561432,0.66065,0,0,6,2038.595849
HD 20630_1,HD 20630,0.648,0.142,1.547,4.726,9.276,0.98,0.857,0.069308,251.385857,0.737926,0.503161,1,6,7,2038.604937
HD 20630_5,HD 20630,1.387,0.083,0.621,0.63,9.276,0.98,0.857,0.145313,68.253263,1.326224,0.414558,1,7,7,2038.604937
HD 155885_0,HD 155885,0.424,0.016,1.08,0.365,5.948,0.85,0.332,,,0.424646,0.026796,0,2,6,2038.611796
HD 155885_1,HD 155885,0.125,0.137,2.355,7.262,5.948,0.85,0.332,,,0.136419,0.911016,0,0,6,2038.611796
HD 155885_4,HD 155885,2.293,0.052,0.991,0.685,5.948,0.85,0.332,0.242307,331.78309,2.336224,0.817658,1,6,6,2038.611796
HD 95735_0,HD 95735,0.673,0.041,0.901,1.876,2.546,0.44,0.02,0.142951,234.884262,0.700556,0.016752,1,5,5,2038.613676
HD 95735_2,HD 95735,0.392,0.078,0.638,0.252,2.546,0.44,0.02,0.131657,86.527266,0.361452,0.1708,1,5,5,2038.613676
HD 95735_3,HD 95735,0.164,0.146,0.847,1.655,2.546,0.44,0.02,,,0.14285,0.558752,0,0,5,2038.613676
HD 95735_4,HD 95735,2.481,0.023,1.454,2.402,2.546,0.44,0.02,0.972446,217.581336,2.490147,0.264065,1,4,5,2038.613676
HD 95735_6,HD 95735,0.163,0.047,1.008,2.764,2.546,0.44,0.02,,,0.156865,0.940086,0,1,5,2038.613676
HD 30495_0,HD 30495,1.934,0.08,0.989,1.288,13.24,1.04,0.966,0.113953,241.250015,1.849876,0.091723,1,6,6,2038.615045
HD 30495_2,HD 30495,0.416,0.06,1.179,0.557,13.24,1.04,0.966,,,0.439628,0.04742,0,0,6,2038.615045
HD 30495_3,HD 30495,1.848,0.089,0.623,0.48,13.24,1.04,0.966,,,1.992107,0.019194,0,4,6,2038.615045
HD 210302_0,HD 210302,0.937,0.087,1.293,2.482,18.458,1.25,2.918,,,0.899639,0.175254,0,0,5,2038.622319
HD 210302_1,HD 210302,0.316,0.034,0.672,0.291,18.458,1.25,2.918,,,0.326381,0.860865,0,0,5,2038.622319
HD 210302_2,HD 210302,0.162,0.125,0.82,0.565,18.458,1.25,2.918,,,0.141766,0.046627,0,0,5,2038.622319
HD 210302_3,HD 210302,0.925,0.123,2.909,15.97,18.458,1.25,2.918,,,0.854274,0.87391,0,0,5,2038.622319
HD 210302_4,HD 210302,1.629,0.122,1.727,5.061,18.458,1.25,2.918,,,1.488383,0.820225,0,2,5,2038.622319
HD 147513_0,HD 147513,1.541,0.04,0.645,0.152,12.892,1.07,1.001,0.122957,170.518689,1.584348,0.254149,1,8,8,2038.6264
HD 147513_1,HD 147513,1.513,0.099,0.537,0.038,12.892,1.07,1.001,0.120916,16.144893,1.633453,0.492193,1,8,8,2038.6264
HD 147513_2,HD 147513,4.633,0.075,1.379,7.403,12.892,1.07,1.001,0.355736,343.247163,4.747346,0.459737,1,8,8,2038.6264
HD 147513_4,HD 147513,0.196,0.111,0.74,0.096,12.892,1.07,1.001,,,0.212361,0.033629,0,0,8,2038.6264
HD 147513_5,HD 147513,4.52,0.075,0.624,0.254,12.892,1.07,1.001,,,4.220901,0.050556,0,0,8,2038.6264
HD 147513_6,HD 147513,1.743,0.075,1.796,2.912,12.892,1.07,1.001,0.12863,311.598805,1.85843,0.121336,1,8,8,2038.6264
HD 147513_7,HD 147513,2.47,0.028,0.667,0.174,12.892,1.07,1.001,,,2.418284,0.265848,0,2,8,2038.6264
HD 10361_1,HD 10361,0.761,0.025,1.303,2.715,8.197,0.77,0.304,0.064677,343.427649,0.778527,0.762364,1,5,6,2038.62777
HD 10361_2,HD 10361,0.985,0.066,0.785,0.596,8.197,0.77,0.304,0.086905,234.554582,0.925102,0.694019,1,5,6,2038.62777
HD 10361_3,HD 10361,1.525,0.07,0.586,0.784,8.197,0.77,0.304,0.170638,65.356904,1.424662,0.213794,1,6,6,2038.62777
HD 10361_4,HD 10361,4.037,0.084,0.501,0.084,8.197,0.77,0.304,,,4.355588,0.002642,0,0,6,2038.62777
HD 34411_0,HD 34411,0.295,0.082,3.192,8.429,12.562,1.08,1.732,,,0.304144,0.241751,0,0,6,2038.62914
HD 34411_1,HD 34411,1.539,0.078,0.897,0.713,12.562,1.08,1.732,0.116087,122.389265,1.543678,0.426949,1,5,6,2038.62914
HD 34411_3,HD 34411,1.691,0.074,0.798,0.808,12.562,1.08,1.732,,,1.785859,0.026764,0,5,6,2038.62914
HD 203608_0,HD 203608,2.203,0.092,1.79,3.488,9.258,1.14,1.466,0.227699,351.009204,2.175993,0.206163,1,6,6,2038.641148
HD 203608_1,HD 203608,2.342,0.1,0.502,0.104,9.258,1.14,1.466,0.146231,276.630439,2.448486,0.861025,1,4,6,2038.641148
HD 203608_2,HD 203608,2.74,0.062,1.086,1.189,9.258,1.14,1.466,0.109721,304.249915,2.909122,0.937754,1,5,6,2038.641148
HD 203608_5,HD 203608,4.293,0.038,0.929,0.698,9.258,1.14,1.466,0.467324,95.025014,4.308235,0.31589,1,1,6,2038.641148
HD 203608_6,HD 203608,0.526,0.072,0.985,0.486,9.258,1.14,1.466,,,0.49104,0.646511,0,0,6,2038.641148
HD 192310_0,HD 192310,1.267,0.07,0.641,0.14,8.812,0.77,0.404,,,1.179981,0.036902,0,5,7,2038.645783
HD 192310_1,HD 192310,1.472,0.082,2.73,7.674,8.812,0.77,0.404,0.168087,7.229831,1.513601,0.488595,1,7,7,2038.645783
HD 192310_2,HD 192310,0.631,0.109,2.544,13.411,8.812,0.77,0.404,,,0.574368,0.567654,0,6,7,2038.645783
HD 192310_3,HD 192310,0.091,0.084,2.458,12.572,8.812,0.77,0.404,,,0.098425,0.656466,0,0,7,2038.645783
HD 38393_0,HD 38393,0.205,0.072,1.088,1.383,8.905,1.23,2.344,,,0.195952,0.798455,0,0,7,2038.650418
HD 38393_1,HD 38393,3.39,0.099,0.656,0.073,8.905,1.23,2.344,0.181914,106.052885,3.093556,0.869038,1,2,7,2038.650418
HD 38393_3,HD 38393,0.355,0.086,1.549,2.098,8.905,1.23,2.344,,,0.339598,0.739972,0,0,7,2038.650418
HD 38393_4,HD 38393,4.373,0.052,1.208,1.876,8.905,1.23,2.344,0.442714,118.488636,4.536537,0.60949,1,2,7,2038.650418
HD 17051_0,HD 17051,1.593,0.055,0.8,0.166,17.357,1.14,1.737,0.090847,58.649513,1.624207,0.206815,1,5,5,2038.651788
HD 17051_1,HD 17051,2.146,0.107,1.035,0.971,17.357,1.14,1.737,,,2.361455,0.017051,0,3,5,2038.651788
HD 17051_2,HD 17051,4.311,0.108,1.302,2.591,17.357,1.14,1.737,,,4.151353,0.143655,0,2,5,2038.651788
HD 102365_0,HD 102365,1.154,0.024,2.235,11.472,9.319,1.02,0.844,0.12018,252.650996,1.128178,0.249364,1,6,6,2038.677454
HD 102365_1,HD 102365,4.021,0.031,1.113,0.834,9.319,1.02,0.844,0.347516,277.736712,3.902625,0.638381,1,2,6,2038.677454
HD 102365_2,HD 102365,0.113,0.031,0.976,0.303,9.319,1.02,0.844,,,0.109799,0.01679,0,0,6,2038.677454
HD 1581_1,HD 1581,1.541,0.046,2.633,10.663,8.607,1.11,1.262,0.122727,230.208648,1.492897,0.76233,1,6,6,2038.680667
HD 1581_2,HD 1581,0.181,0.101,0.988,1.538,8.607,1.11,1.262,,,0.181927,0.572218,0,0,6,2038.680667
HD 1581_3,HD 1581,1.491,0.126,2.76,10.6,8.607,1.11,1.262,,,1.607946,0.003455,0,3,6,2038.680667
HD 1581_4,HD 1581,0.208,0.109,2.378,6.033,8.607,1.11,1.262,,,0.213757,0.11306,0,0,6,2038.680667
HD 10700_0,HD 10700,1.625,0.099,0.563,0.087,3.652,0.94,0.506,0.398469,92.130791,1.464391,0.383148,1,5,5,2038.683384
HD 53705_0,HD 53705,0.273,0.081,1.735,2.717,17.059,1.04,1.49,,,0.274041,0.410419,0,0,5,2038.684754
HD 53705_1,HD 53705,2.604,0.083,3.306,16.05,17.059,1.04,1.49,0.141722,275.757385,2.400717,0.22335,1,5,5,2038.684754
HD 53705_2,HD 53705,1.597,0.089,2.478,13.971,17.059,1.04,1.49,0.086929,162.877944,1.722934,0.636557,1,5,5,2038.684754
HD 53705_3,HD 53705,0.715,0.026,1.359,2.038,17.059,1.04,1.49,,,0.702139,0.114358,0,0,5,2038.684754
HD 53705_4,HD 53705,0.527,0.092,2.437,10.745,17.059,1.04,1.49,,,0.575424,0.050288,0,0,5,2038.684754
HD 101501_3,HD 101501,0.112,0.069,1.262,2.497,9.576,0.94,0.609,,,0.108963,0.018741,0,0,8,2038.687151
HD 101501_7,HD 101501,0.888,0.054,0.887,0.333,9.576,0.94,0.609,0.096432,347.90067,0.920228,0.312298,1,4,8,2038.687151
HD 142860_0,HD 142860,0.405,0.081,2.385,6.459,11.254,1.25,3.039,,,0.435252,0.063716,0,0,5,2038.689252
HD 142860_2,HD 142860,3.184,0.073,1.146,0.989,11.254,1.25,3.039,0.262993,348.776353,2.975443,0.322426,1,5,5,2038.689252
HD 142860_3,HD 142860,0.465,0.068,1.963,1.786,11.254,1.25,3.039,,,0.442924,0.544283,0,0,5,2038.689252
HD 142860_5,HD 142860,0.92,0.074,2.443,8.017,11.254,1.25,3.039,,,0.945453,0.978343,0,4,5,2038.689252
HD 142860_6,HD 142860,0.627,0.092,3.102,5.436,11.254,1.25,3.039,,,0.622294,0.520636,0,0,5,2038.689252
HD 72905_1,HD 72905,0.661,0.069,0.5,0.051,14.439,1.08,0.973,,,0.616608,0.014705,0,0,7,2038.69975
HD 72905_3,HD 72905,0.899,0.099,2.776,19.234,14.439,1.08,0.973,,,0.946434,0.032955,0,1,7,2038.69975
HD 72905_4,HD 72905,0.923,0.214,1.407,2.24,14.439,1.08,0.973,0.072156,150.860007,1.085398,0.333422,1,3,7,2038.69975
HD 72905_5,HD 72905,3.175,0.086,0.525,0.068,14.439,1.08,0.973,,,3.160158,0.359349,0,2,7,2038.69975
HD 33262 A_0,HD 33262 A,4.098,0.155,0.949,0.422,11.693,1.14,1.466,,,3.815396,0.180112,0,0,7,2038.7025
HD 33262 A_1,HD 33262 A,3.3,0.062,1.368,1.583,11.693,1.14,1.466,0.227117,22.280877,3.340114,0.691006,1,4,7,2038.7025
HD 33262 A_2,HD 33262 A,3.337,0.087,0.965,0.502,11.693,1.14,1.466,0.248282,133.054929,3.049889,0.52408,1,4,7,2038.7025
HD 33262 A_4,HD 33262 A,1.015,0.091,2.255,9.306,11.693,1.14,1.466,0.072279,169.642378,0.930695,0.470722,1,4,7,2038.7025
HD 33262 A_5,HD 33262 A,0.358,0.206,1.487,2.029,11.693,1.14,1.466,,,0.423769,0.128081,0,0,7,2038.7025
HD 33262 A_6,HD 33262 A,0.874,0.139,0.646,0.257,11.693,1.14,1.466,0.065249,232.259041,0.758632,0.215398,1,5,7,2038.7025
HD 33262 A_8,HD 33262 A,0.199,0.101,2.893,13.631,11.693,1.14,1.466,,,0.190108,0.914085,0,0,7,2038.7025
HD 219134_0,HD 219134,1.298,0.068,3.021,11.197,6.542,0.75,0.266,0.157914,297.540746,1.212165,0.100516,1,7,7,2038.704617
HD 219134_1,HD 219134,0.107,0.06,0.589,0.114,6.542,0.75,0.266,,,0.108965,0.03589,0,0,7,2038.704617
HD 219134_2,HD 219134,0.475,0.085,1.279,2.244,6.542,0.75,0.266,,,0.513911,0.726776,0,3,7,2038.704617
HD 219134_3,HD 219134,2.999,0.067,1.913,4.52,6.542,0.75,0.266,0.461172,2.529223,3.026537,0.257272,1,7,7,2038.704617
HD 219134_4,HD 219134,0.285,0.083,1.716,4.805,6.542,0.75,0.266,,,0.267205,0.267551,0,0,7,2038.704617
HD 219134_5,HD 219134,1.823,0.052,1.09,4.144,6.542,0.75,0.266,0.268779,220.064395,1.740502,0.281718,1,7,7,2038.704617
HD 219134_7,HD 219134,0.986,0.056,2.277,3.449,6.542,0.75,0.266,0.140274,173.661953,0.955599,0.181277,1,7,7,2038.704617
HD 55575_0,HD 55575,1.084,0.09,0.727,0.186,16.852,1.14,1.463,0.065575,63.978702,1.173604,0.465025,1,2,8,2038.726898
HD 55575_1,HD 55575,0.133,0.053,0.578,0.677,16.852,1.14,1.463,,,0.13907,0.045228,0,0,8,2038.726898
HD 693_0,HD 693,1.045,0.058,1.136,2.579,18.886,1.18,2.997,,,1.080529,0.011271,0,0,5,2038.728268
HD 693_1,HD 693,0.139,0.106,2.768,7.407,18.886,1.18,2.997,,,0.138114,0.662146,0,0,5,2038.728268
HD 693_3,HD 693,1.448,0.069,1.975,3.042,18.886,1.18,2.997,0.071425,114.1184,1.415488,0.431931,1,4,5,2038.728268
HD 693_4,HD 693,1.744,0.105,1.392,2.348,18.886,1.18,2.997,,,1.824024,0.007808,0,3,5,2038.728268
HD 693_5,HD 693,2.909,0.1,1.423,2.794,18.886,1.18,2.997,0.16484,204.978564,3.198646,0.295278,1,4,5,2038.728268
HD 693_6,HD 693,2.914,0.024,0.574,0.316,18.886,1.18,2.997,,,2.951887,0.244721,0,2,5,2038.728268
HD 693_7,HD 693,3.93,0.01,2.298,5.004,18.886,1.18,2.997,0.136112,329.72306,3.891002,0.791214,1,4,5,2038.728268
HD 30652_0,HD 30652,0.357,0.032,0.524,0.119,8.068,1.25,2.71,,,0.347122,0.988779,0,0,5,2038.745428
HD 30652_1,HD 30652,3.379,0.099,2.314,9.159,8.068,1.25,2.71,0.060375,292.942547,3.113635,0.987733,1,4,5,2038.745428
HD 30652_2,HD 30652,1.418,0.081,1.563,7.047,8.068,1.25,2.71,0.105049,83.729578,1.391794,0.831748,1,5,5,2038.745428
HD 30652_3,HD 30652,3.27,0.133,2.129,5.731,8.068,1.25,2.71,0.342026,327.271808,2.851516,0.195508,1,5,5,2038.745428
HD 30652_4,HD 30652,2.754,0.119,2.49,10.16,8.068,1.25,2.71,0.241601,103.193683,3.008516,0.035868,1,5,5,2038.745428
HD 20766_0,HD 20766,1.336,0.161,1.674,3.092,12.045,1.01,0.794,0.083065,82.382444,1.22899,0.601732,1,7,7,2038.747708
HD 20766_1,HD 20766,0.327,0.097,2.659,6.922,12.045,1.01,0.794,,,0.358512,0.979947,0,0,7,2038.747708
HD 20766_4,HD 20766,1.915,0.031,0.912,0.441,12.045,1.01,0.794,,,1.917327,0.003671,0,4,7,2038.747708
HD 155885_0,HD 155885,0.424,0.016,1.08,0.365,5.948,0.85,0.332,,,0.424071,0.889267,0,2,7,2038.758265
HD 155885_1,HD 155885,0.125,0.137,2.355,7.262,5.948,0.85,0.332,,,0.139614,0.856958,0,0,7,2038.758265
HD 155885_4,HD 155885,2.293,0.052,0.991,0.685,5.948,0.85,0.332,0.246877,309.676112,2.361258,0.814031,1,7,7,2038.758265
HD 165341 A_0,HD 165341 A,3.482,0.036,1.359,2.775,5.113,0.88,0.532,0.251349,156.348648,3.525784,0.936586,1,4,7,2038.764065
HD 165341 A_2,HD 165341 A,0.277,0.022,2.947,13.11,5.113,0.88,0.532,,,0.277672,0.029028,0,0,7,2038.764065
HD 165341 A_3,HD 165341 A,0.642,0.027,1.615,1.833,5.113,0.88,0.532,,,0.634178,0.011755,0,5,7,2038.764065
HD 20807_0,HD 20807,0.337,0.072,1.793,3.234,12.039,1.07,1.017,,,0.314447,0.337005,0,0,6,2038.765435
HD 20807_1,HD 20807,1.546,0.069,0.954,0.846,12.039,1.07,1.017,0.08555,235.845344,1.638753,0.777953,1,6,6,2038.765435
HD 20807_2,HD 20807,2.979,0.055,2.038,8.298,12.039,1.07,1.017,0.173763,318.719048,2.816056,0.731705,1,4,6,2038.765435
HD 155886_1,HD 155886,0.511,0.064,0.698,0.549,5.952,0.85,0.327,0.073481,98.691628,0.481503,0.488059,1,7,7,2038.771598
HD 155886_2,HD 155886,0.232,0.069,1.589,4.704,5.952,0.85,0.327,,,0.231568,0.245746,0,0,7,2038.771598
HD 155886_3,HD 155886,1.253,0.044,2.915,7.774,5.952,0.85,0.327,0.210707,9.016407,1.267501,0.215189,1,7,7,2038.771598
HD 155886_4,HD 155886,0.305,0.028,0.94,0.937,5.952,0.85,0.327,,,0.312851,0.164428,0,0,7,2038.771598
HD 155886_5,HD 155886,0.201,0.128,1.339,2.779,5.952,0.85,0.327,,,0.226713,0.091654,0,0,7,2038.771598
HD 155886_6,HD 155886,0.316,0.044,0.948,1.735,5.952,0.85,0.327,,,0.316228,0.252321,0,0,7,2038.771598
HD 155886_7,HD 155886,0.59,0.079,3.352,16.163,5.952,0.85,0.327,0.08829,93.865183,0.574487,0.145135,1,7,7,2038.771598
HD 155886_8,HD 155886,3.879,0.087,2.635,16.445,5.952,0.85,0.327,0.569101,33.246669,3.567182,0.485046,1,7,7,2038.771598
HD 10780_0,HD 10780,0.841,0.11,1.077,1.181,10.041,0.9,0.516,0.083271,291.488754,0.914745,0.136904,1,6,6,2038.772968
HD 10780_3,HD 10780,2.25,0.098,1.348,1.367,10.041,0.9,0.516,0.17825,278.955439,2.143758,0.644999,1,6,6,2038.772968
HD 10780_4,HD 10780,2.669,0.102,2.513,12.001,10.041,0.9,0.516,0.219655,235.466222,2.516097,0.597928,1,6,6,2038.772968
HD 43386_0,HD 43386,2.541,0.037,0.504,0.177,19.588,1.33,2.957,,,2.631248,0.023593,0,2,6,2038.832148
HD 43386_1,HD 43386,1.141,0.101,1.584,2.873,19.588,1.33,2.957,,,1.025956,0.770016,0,0,6,2038.832148
HD 43386_3,HD 43386,0.289,0.045,1.072,0.429,19.588,1.33,2.957,,,0.277764,0.799665,0,0,6,2038.832148
HD 190248_1,HD 190248,1.11,0.055,1.408,3.629,6.099,0.94,1.25,0.142942,88.332303,1.108701,0.702947,1,7,7,2038.84814
HD 190248_2,HD 190248,3.754,0.072,1.017,1.24,6.099,0.94,1.25,0.461362,151.840072,3.519755,0.669135,1,6,7,2038.84814
HD 190248_3,HD 190248,1.406,0.139,0.51,0.568,6.099,0.94,1.25,,,1.569782,0.046372,0,3,7,2038.84814
HD 212330 A_0,HD 212330 A,1.747,0.031,3.281,9.208,20.34,1.02,2.726,,,1.792083,0.040633,0,2,5,2038.86052
HD 84117_2,HD 84117,0.48,0.183,0.807,0.707,14.951,1.14,1.977,,,0.395855,0.830878,0,0,6,2038.868808
HD 84117_3,HD 84117,2.469,0.127,0.583,0.157,14.951,1.14,1.977,,,2.515629,0.014604,0,2,6,2038.868808
HD 84117_5,HD 84117,2.421,0.095,0.605,0.239,14.951,1.14,1.977,0.154366,131.232621,2.617056,0.59548,1,5,6,2038.868808
HD 17206_0,HD 17206,1.742,0.09,0.885,1.25,14.276,1.21,2.617,0.123811,132.91151,1.890109,0.179447,1,6,6,2038.872522
HD 17206_1,HD 17206,0.879,0.039,2.253,5.781,14.276,1.21,2.617,,,0.901792,0.029803,0,3,6,2038.872522
HD 17206_2,HD 17206,0.485,0.035,0.762,0.888,14.276,1.21,2.617,,,0.501419,0.970354,0,0,6,2038.872522
HD 10700_0,HD 10700,1.625,0.099,0.563,0.087,3.652,0.94,0.506,0.381556,54.112834,1.488933,0.511075,1,6,6,2038.874435
HD 88230_0,HD 88230,1.858,0.024,1.413,3.961,4.871,0.63,0.103,0.362471,64.633342,1.882484,0.528453,1,7,7,2038.877761
HD 88230_1,HD 88230,0.369,0.102,2.613,14.391,4.871,0.63,0.103,0.074221,118.499696,0.375272,0.267507,1,3,7,2038.877761
HD 88230_2,HD 88230,0.941,0.058,0.511,0.079,4.871,0.63,0.103,0.162098,30.14911,0.916344,0.620995,1,7,7,2038.877761
HD 88230_3,HD 88230,1.397,0.055,1.541,3.057,4.871,0.63,0.103,0.267129,293.216141,1.459559,0.589528,1,7,7,2038.877761
HD 88230_4,HD 88230,0.683,0.12,0.831,0.221,4.871,0.63,0.103,0.103971,256.858724,0.611931,0.662242,1,4,7,2038.877761
HD 88230_5,HD 88230,2.552,0.09,1.594,2.912,4.871,0.63,0.103,0.480123,96.800544,2.710325,0.612996,1,7,7,2038.877761
HD 88230_6,HD 88230,2.842,0.103,0.661,0.567,4.871,0.63,0.103,0.292443,99.2287,2.590789,0.85616,1,4,7,2038.877761
HD 209100_0,HD 209100,2.433,0.127,0.524,0.078,3.638,0.72,0.222,0.303691,334.525726,2.133054,0.873447,1,5,7,2038.882038
HD 209100_1,HD 209100,1.218,0.094,0.54,0.224,3.638,0.72,0.222,0.335897,277.456855,1.317323,0.160551,1,6,7,2038.882038
HD 209100_2,HD 209100,0.989,0.073,1.925,7.679,3.638,0.72,0.222,0.183725,106.206216,0.987699,0.777238,1,7,7,2038.882038
HD 209100_4,HD 209100,3.542,0.022,2.632,11.464,3.638,0.72,0.222,0.943187,126.04572,3.581753,0.179394,1,7,7,2038.882038
HD 209100_5,HD 209100,0.635,0.076,0.931,0.965,3.638,0.72,0.222,0.132174,194.384528,0.590529,0.080137,1,7,7,2038.882038
HD 209100_6,HD 209100,1.701,0.082,0.885,1.719,3.638,0.72,0.222,0.222083,114.012164,1.654474,0.886685,1,4,7,2038.882038
HD 209100_8,HD 209100,2.097,0.099,2.488,10.973,3.638,0.72,0.222,0.29472,278.656926,1.941236,0.85302,1,7,7,2038.882038
HD 209100_9,HD 209100,0.782,0.071,2.297,6.298,3.638,0.72,0.222,0.175252,345.612779,0.814381,0.68352,1,7,7,2038.882038
HD 209100_10,HD 209100,0.182,0.056,2.026,7.17,3.638,0.72,0.222,,,0.175346,0.236345,0,0,7,2038.882038
HD 209100_11,HD 209100,0.917,0.107,1.174,2.417,3.638,0.72,0.222,0.274542,63.674272,1.015025,0.228034,1,7,7,2038.882038
HD 65907 A_0,HD 65907 A,0.584,0.099,0.585,0.122,16.172,1.11,1.29,,,0.537191,0.798814,0,0,7,2038.887591
HD 65907 A_1,HD 65907 A,1.316,0.075,0.982,3.131,16.172,1.11,1.29,0.079892,283.468214,1.286031,0.260014,1,4,7,2038.887591
HD 65907 A_2,HD 65907 A,1.009,0.058,1.202,5.136,16.172,1.11,1.29,,,0.957282,0.501772,0,2,7,2038.887591
HD 128621_0,HD 128621,0.181,0.076,0.591,0.281,1.332,0.94,0.503,0.128775,19.066629,0.183281,0.511037,1,8,8,2038.899902
HD 128621_1,HD 128621,3.969,0.152,0.756,0.624,1.332,0.94,0.503,,,4.430313,0.543272,0,0,8,2038.899902
HD 128621_3,HD 128621,4.377,0.084,0.667,0.424,1.332,0.94,0.503,,,4.343629,0.452292,0,0,8,2038.899902
HD 128621_4,HD 128621,1.135,0.055,1.179,1.502,1.332,0.94,0.503,0.86507,342.560238,1.188167,0.191854,1,8,8,2038.899902
HD 134083_0,HD 134083,0.116,0.07,1.9,7.058,19.536,1.33,3.255,,,0.116225,0.001481,0,0,7,2038.901272
HD 134083_1,HD 134083,0.36,0.097,1.358,2.746,19.536,1.33,3.255,,,0.326025,0.146078,0,0,7,2038.901272
HD 134083_3,HD 134083,0.749,0.13,0.881,0.684,19.536,1.33,3.255,,,0.828523,0.028138,0,0,7,2038.901272
HD 134083_4,HD 134083,0.959,0.114,0.591,0.338,19.536,1.33,3.255,,,1.032025,0.101909,0,0,7,2038.901272
HD 156274 A_3,HD 156274 A,4.433,0.138,1.608,3.519,8.791,0.9,0.452,,,4.539336,0.021267,0,1,5,2038.905477
HD 30495_0,HD 30495,1.934,0.08,0.989,1.288,13.24,1.04,0.966,,,1.783924,0.015679,0,6,7,2038.910042
HD 30495_2,HD 30495,0.416,0.06,1.179,0.557,13.24,1.04,0.966,,,0.428211,0.270937,0,0,7,2038.910042
HD 30495_3,HD 30495,1.848,0.089,0.623,0.48,13.24,1.04,0.966,,,1.905347,0.028475,0,4,7,2038.910042
HD 114710_0,HD 114710,1.415,0.117,0.681,0.147,9.197,1.11,1.357,,,1.249448,0.044143,0,5,6,2038.911412
HD 114710_1,HD 114710,0.314,0.116,0.63,1.142,9.197,1.11,1.357,,,0.285166,0.743329,0,0,6,2038.911412
HD 114710_2,HD 114710,2.258,0.018,0.683,0.173,9.197,1.11,1.357,,,2.240562,0.004703,0,2,6,2038.911412
HD 114710_4,HD 114710,0.861,0.053,0.898,0.439,9.197,1.11,1.357,0.081714,24.141259,0.820969,0.508306,1,6,6,2038.911412
HD 114710_5,HD 114710,0.124,0.109,3.108,17.681,9.197,1.11,1.357,,,0.136698,0.227113,0,0,6,2038.911412
HD 155885_0,HD 155885,0.424,0.016,1.08,0.365,5.948,0.85,0.332,,,0.425384,0.042392,0,2,8,2038.917063
HD 155885_1,HD 155885,0.125,0.137,2.355,7.262,5.948,0.85,0.332,,,0.131364,0.16722,0,0,8,2038.917063
HD 155885_4,HD 155885,2.293,0.052,0.991,0.685,5.948,0.85,0.332,0.270047,290.470598,2.383789,0.774525,1,8,8,2038.917063
HD 128620_0,HD 128620,1.567,0.074,0.945,0.738,1.332,1.11,1.521,0.956769,9.302149,1.491714,0.103018,1,3,6,2038.920421
HD 128620_1,HD 128620,1.266,0.016,1.198,6.221,1.332,1.11,1.521,0.936513,132.155887,1.257908,0.384495,1,6,6,2038.920421
HD 202560_0,HD 202560,0.846,0.075,1.59,2.013,3.97,0.59,0.083,0.21683,132.177732,0.893329,0.214897,1,6,7,2038.93869
HD 202560_1,HD 202560,0.552,0.052,0.674,0.125,3.97,0.59,0.083,0.134645,302.968796,0.532221,0.300381,1,7,7,2038.93869
HD 202560_3,HD 202560,0.867,0.117,1.589,3.604,3.97,0.59,0.083,0.186478,204.01684,0.774216,0.179179,1,7,7,2038.93869
HD 202560_4,HD 202560,2.302,0.14,0.558,0.251,3.97,0.59,0.083,,,2.535591,0.211798,0,3,7,2038.93869
HD 202560_5,HD 202560,3.244,0.082,0.847,0.372,3.97,0.59,0.083,0.617338,341.974836,3.035759,0.673138,1,3,7,2038.93869
HD 202560_6,HD 202560,0.414,0.085,0.785,0.225,3.97,0.59,0.083,0.111299,300.253082,0.44914,0.353587,1,7,7,2038.93869
HD 131977_0,HD 131977,2.114,0.033,1.305,3.47,5.886,0.72,0.223,0.31842,310.191897,2.130912,0.605827,1,5,5,2038.962915
HD 7570_0,HD 7570,3.031,0.054,1.134,3.652,15.261,1.14,2.004,0.208237,323.321714,3.166772,0.371048,1,2,5,2038.98518
HD 7570_1,HD 7570,0.15,0.071,0.941,0.218,15.261,1.14,2.004,,,0.139615,0.449151,0,0,5,2038.98518
HD 7570_2,HD 7570,1.977,0.063,1.73,3.716,15.261,1.14,2.004,0.134075,309.322826,1.997326,0.470963,1,3,5,2038.98518
HD 7570_3,HD 7570,3.034,0.079,1.364,1.913,15.261,1.14,2.004,0.205138,144.412599,3.174656,0.279208,1,4,5,2038.98518
HD 7570_4,HD 7570,0.569,0.099,0.726,0.483,15.261,1.14,2.004,,,0.581113,0.517891,0,0,5,2038.98518
HD 142373_0,HD 142373,1.268,0.168,0.757,0.148,15.898,1.08,3.136,0.078471,74.758486,1.451778,0.583442,1,3,5,2038.992479
HD 142373_1,HD 142373,1.76,0.092,0.868,0.535,15.898,1.08,3.136,0.103087,132.678155,1.832952,0.56444,1,5,5,2038.992479
HD 142373_2,HD 142373,0.834,0.129,2.923,6.259,15.898,1.08,3.136,,,0.925286,0.1648,0,0,5,2038.992479
HD 142373_4,HD 142373,1.161,0.006,1.265,2.536,15.898,1.08,3.136,,,1.161748,0.030329,0,2,5,2038.992479
HD 142373_6,HD 142373,4.705,0.105,0.947,0.923,15.898,1.08,3.136,,,4.283212,0.161751,0,0,5,2038.992479
HD 142373_7,HD 142373,1.878,0.051,2.611,6.816,15.898,1.08,3.136,,,1.970323,0.002439,0,3,5,2038.992479
HD 142373_8,HD 142373,3.092,0.053,1.805,7.326,15.898,1.08,3.136,0.161141,161.826364,3.255261,0.070811,1,4,5,2038.992479
HD 165499_0,HD 165499,3.777,0.071,0.637,0.161,17.753,1.08,1.731,0.195009,70.136791,3.944558,0.603002,1,1,6,2038.997889
HD 165499_1,HD 165499,0.192,0.04,0.654,0.106,17.753,1.08,1.731,,,0.19705,0.078605,0,0,6,2038.997889
HD 165499_3,HD 165499,0.221,0.065,0.75,0.229,17.753,1.08,1.731,,,0.218423,0.010161,0,0,6,2038.997889
HD 165499_4,HD 165499,1.569,0.062,3.377,24.497,17.753,1.08,1.731,0.072501,352.488511,1.498519,0.093916,1,5,6,2038.997889
HD 26965 A_1,HD 26965 A,0.482,0.058,1.38,2.403,5.01,0.86,0.41,0.07246,189.379793,0.500485,0.038045,1,7,7,2038.999259
HD 26965 A_2,HD 26965 A,0.345,0.049,0.5,0.06,5.01,0.86,0.41,0.054909,99.02387,0.359468,0.096701,1,7,7,2038.999259
HD 115617_0,HD 115617,1.956,0.004,0.732,1.017,8.534,0.97,0.825,0.222717,0.255408,1.948276,0.290854,1,6,6,2039.011626
HD 115617_1,HD 115617,0.76,0.09,2.931,6.157,8.534,0.97,0.825,,,0.704697,0.98938,0,3,6,2039.011626
HD 115617_2,HD 115617,0.621,0.047,0.562,0.059,8.534,0.97,0.825,0.073363,295.649157,0.63979,0.232935,1,5,6,2039.011626
HD 115617_3,HD 115617,0.199,0.073,3.38,12.207,8.534,0.97,0.825,,,0.188625,0.136513,0,0,6,2039.011626
HD 115617_4,HD 115617,2.599,0.104,0.763,0.174,8.534,0.97,0.825,0.32028,248.547162,2.688526,0.354486,1,5,6,2039.011626
HD 115617_5,HD 115617,2.098,0.045,1.487,3.177,8.534,0.97,0.825,0.239546,315.541034,2.065405,0.226815,1,6,6,2039.011626
HD 115617_6,HD 115617,3.003,0.084,0.942,0.936,8.534,0.97,0.825,0.307878,263.568688,2.755117,0.46482,1,3,6,2039.011626
HD 140538 A_0,HD 140538 A,2.088,0.047,0.685,0.069,14.793,0.94,0.834,0.14657,29.404018,2.16172,0.335009,1,2,5,2039.024043
HD 140538 A_1,HD 140538 A,0.512,0.053,2.798,18.338,14.793,0.94,0.834,,,0.488752,0.129539,0,0,5,2039.024043
HD 140538 A_2,HD 140538 A,4.137,0.053,0.916,0.304,14.793,0.94,0.834,,,4.122779,0.219419,0,4,5,2039.024043
HD 37394_0,HD 37394,1.839,0.051,0.552,0.164,12.27,0.88,0.478,,,1.779296,0.030154,0,4,8,2039.026081
HD 37394_1,HD 37394,0.501,0.058,1.934,5.969,12.27,0.88,0.478,,,0.514751,0.492437,0,0,8,2039.026081
HD 37394_3,HD 37394,1.245,0.044,1.502,2.038,12.27,0.88,0.478,0.082366,154.489359,1.207842,0.096237,1,3,8,2039.026081
HD 37394_5,HD 37394,0.152,0.102,1.111,1.488,12.27,0.88,0.478,,,0.153827,0.049099,0,0,8,2039.026081
HD 37394_9,HD 37394,0.863,0.077,0.726,0.552,12.27,0.88,0.478,0.071258,294.7674,0.895946,0.236075,1,4,8,2039.026081
HD 37394_10,HD 37394,0.093,0.059,3.205,15.21,12.27,0.88,0.478,,,0.089594,0.80989,0,0,8,2039.026081
HD 37394_11,HD 37394,1.171,0.065,2.415,5.91,12.27,0.88,0.478,0.090803,66.793253,1.185537,0.186146,1,8,8,2039.026081
HD 37394_15,HD 37394,0.222,0.142,1.093,0.563,12.27,0.88,0.478,,,0.253517,0.557445,0,0,8,2039.026081
HD 37394_16,HD 37394,2.623,0.055,2.621,9.008,12.27,0.88,0.478,0.109598,91.186051,2.684338,0.880976,1,7,8,2039.026081
HD 90839_0,HD 90839,3.665,0.022,0.781,0.186,12.945,1.18,1.605,,,3.673909,0.985982,0,1,5,2039.041913
HD 90839_1,HD 90839,0.191,0.094,1.403,2.751,12.945,1.18,1.605,,,0.201434,0.589367,0,0,5,2039.041913
HD 90839_2,HD 90839,3.378,0.112,1.125,1.619,12.945,1.18,1.605,0.224164,158.020411,3.09248,0.151381,1,3,5,2039.041913
HD 90839_5,HD 90839,0.15,0.051,2.273,4.226,12.945,1.18,1.605,,,0.143287,0.098285,0,0,5,2039.041913
HD 201091_1,HD 201091,1.051,0.108,0.699,0.293,3.497,0.68,0.142,0.329587,270.037359,1.163338,0.370602,1,5,5,2039.065614
HD 201091_2,HD 201091,2.964,0.153,0.94,0.359,3.497,0.68,0.142,0.906398,13.926196,3.39523,0.521196,1,4,5,2039.065614
HD 201091_4,HD 201091,2.241,0.067,3.013,8.159,3.497,0.68,0.142,,,2.380442,0.008919,0,3,5,2039.065614
HD 50692_0,HD 50692,3.95,0.04,2.831,10.297,17.405,1.08,1.293,0.176581,296.583266,3.881461,0.070492,1,4,5,2039.072455
HD 50692_1,HD 50692,0.28,0.064,0.734,0.092,17.405,1.08,1.293,,,0.262199,0.205829,0,0,5,2039.072455
HD 50692_2,HD 50692,0.513,0.081,1.798,3.652,17.405,1.08,1.293,,,0.526309,0.043726,0,0,5,2039.072455
HD 50692_3,HD 50692,0.925,0.032,2.849,9.197,17.405,1.08,1.293,,,0.915956,0.922363,0,0,5,2039.072455
HD 33262 A_0,HD 33262 A,4.098,0.155,0.949,0.422,11.693,1.14,1.466,0.314945,48.653992,3.640614,0.339799,1,1,8,2039.087755
HD 33262 A_1,HD 33262 A,3.3,0.062,1.368,1.583,11.693,1.14,1.466,0.277775,11.73803,3.418587,0.47289,1,5,8,2039.087755
HD 33262 A_2,HD 33262 A,3.337,0.087,0.965,0.502,11.693,1.14,1.466,0.255904,104.832887,3.060964,0.431063,1,5,8,2039.087755
HD 33262 A_4,HD 33262 A,1.015,0.091,2.255,9.306,11.693,1.14,1.466,0.089112,353.595974,1.070529,0.371855,1,5,8,2039.087755
HD 33262 A_5,HD 33262 A,0.358,0.206,1.487,2.029,11.693,1.14,1.466,,,0.431709,0.250406,0,0,8,2039.087755
HD 33262 A_6,HD 33262 A,0.874,0.139,0.646,0.257,11.693,1.14,1.466,0.079271,44.266391,0.992507,0.522835,1,6,8,2039.087755
HD 33262 A_8,HD 33262 A,0.199,0.101,2.893,13.631,11.693,1.14,1.466,,,0.194163,0.069393,0,0,8,2039.087755
HD 201092_1,HD 201092,2.708,0.059,2.37,8.514,3.496,0.63,0.078,0.660288,124.134041,2.837806,0.664995,1,5,5,2039.099511
HD 4628_0,HD 4628,0.299,0.054,1.741,4.304,7.435,0.78,0.3,,,0.309008,0.179947,0,0,5,2039.104314
HD 4628_1,HD 4628,4.258,0.031,1.273,1.784,7.435,0.78,0.3,0.47892,167.04238,4.1999,0.622963,1,2,5,2039.104314
HD 4628_4,HD 4628,4.069,0.034,0.981,0.876,7.435,0.78,0.3,0.529749,300.988702,3.939219,0.340878,1,5,5,2039.104314
HD 4628_5,HD 4628,3.681,0.025,0.897,0.617,7.435,0.78,0.3,0.513154,64.69039,3.766698,0.322888,1,2,5,2039.104314
HD 4628_6,HD 4628,1.476,0.055,1.942,4.324,7.435,0.78,0.3,0.164084,261.562424,1.405833,0.105636,1,5,5,2039.104314
HD 192310_0,HD 192310,1.267,0.07,0.641,0.14,8.812,0.77,0.404,0.074997,171.995948,1.306268,0.864909,1,6,8,2039.107641
HD 192310_1,HD 192310,1.472,0.082,2.73,7.674,8.812,0.77,0.404,0.159583,307.543396,1.591832,0.130199,1,8,8,2039.107641
HD 192310_2,HD 192310,0.631,0.109,2.544,13.411,8.812,0.77,0.404,0.065664,73.389202,0.649784,0.577327,1,7,8,2039.107641
HD 192310_3,HD 192310,0.091,0.084,2.458,12.572,8.812,0.77,0.404,,,0.098185,0.423944,0,0,8,2039.107641
HD 149661_2,HD 149661,2.991,0.073,1.285,2.935,9.894,0.87,0.462,0.234104,179.192395,3.143182,0.725381,1,4,5,2039.109636
HD 149661_3,HD 149661,2.364,0.065,0.7,0.315,9.894,0.87,0.462,,,2.402278,0.035143,0,2,5,2039.109636
HD 149661_5,HD 149661,3.155,0.051,2.936,7.428,9.894,0.87,0.462,0.294889,130.04668,3.20304,0.567663,1,4,5,2039.109636
HD 166_0,HD 166,1.592,0.09,1.08,2.182,13.766,0.94,0.647,0.073911,160.570795,1.73039,0.814157,1,5,7,2039.116639
HD 166_1,HD 166,0.635,0.021,0.515,0.062,13.766,0.94,0.647,,,0.647996,0.017933,0,0,7,2039.116639
HD 100623 A_0,HD 100623 A,4.014,0.105,2.503,8.448,9.559,0.88,0.37,0.362453,296.17509,3.70162,0.158404,1,3,5,2039.119033
HD 100623 A_2,HD 100623 A,0.102,0.086,0.559,0.245,9.559,0.88,0.37,,,0.109305,0.548745,0,0,5,2039.119033
HD 100623 A_3,HD 100623 A,4.384,0.075,1.441,2.214,9.559,0.88,0.37,0.407743,39.562631,4.245489,0.155087,1,5,5,2039.119033
HD 100623 A_4,HD 100623 A,2.524,0.072,0.66,0.613,9.559,0.88,0.37,,,2.399164,0.191388,0,2,5,2039.119033
HD 100623 A_5,HD 100623 A,4.18,0.038,0.734,0.337,9.559,0.88,0.37,,,4.146985,0.299222,0,3,5,2039.119033
HD 100623 A_6,HD 100623 A,0.362,0.165,0.555,0.359,9.559,0.88,0.37,,,0.337705,0.528754,0,0,5,2039.119033
HD 100623 A_7,HD 100623 A,4.073,0.068,1.365,1.972,9.559,0.88,0.37,0.194664,333.054452,4.306346,0.910952,1,4,5,2039.119033
HD 216803_1,HD 216803,3.539,0.087,2.035,5.879,7.601,0.72,0.196,0.407278,325.97091,3.291295,0.175153,1,5,5,2039.120403
HD 216803_3,HD 216803,0.104,0.044,0.893,0.284,7.601,0.72,0.196,,,0.100196,0.299065,0,0,5,2039.120403
HD 216803_4,HD 216803,2.738,0.038,2.631,12.08,7.601,0.72,0.196,0.329334,176.073037,2.646332,0.507407,1,5,5,2039.120403
HD 216803_5,HD 216803,0.109,0.06,0.686,0.431,7.601,0.72,0.196,,,0.104116,0.406525,0,0,5,2039.120403
HD 216803_6,HD 216803,0.431,0.071,1.431,2.693,7.601,0.72,0.196,,,0.442093,0.095379,0,0,5,2039.120403
HD 32147_1,HD 32147,0.121,0.122,1.044,1.526,8.844,0.75,0.29,,,0.122352,0.043815,0,0,5,2039.121773
HD 32147_2,HD 32147,3.272,0.062,1.942,2.786,8.844,0.75,0.29,0.26173,106.570908,3.112495,0.055716,1,5,5,2039.121773
HD 187691 A_0,HD 187691 A,3.127,0.076,1.475,4.454,19.488,1.25,2.835,0.149048,202.155282,2.891242,0.35116,1,6,6,2039.150939
HD 187691 A_1,HD 187691 A,2.61,0.091,1.018,1.386,19.488,1.25,2.835,0.123509,250.880471,2.479524,0.172135,1,3,6,2039.150939
HD 187691 A_2,HD 187691 A,3.249,0.037,0.764,1.364,19.488,1.25,2.835,0.153306,326.226822,3.258211,0.471661,1,3,6,2039.150939
HD 187691 A_3,HD 187691 A,2.018,0.038,2.654,10.557,19.488,1.25,2.835,0.09733,80.272484,1.986817,0.488962,1,3,6,2039.150939
HD 3651 A_0,HD 3651 A,0.818,0.09,1.086,0.195,11.108,0.86,0.532,0.064544,184.864663,0.749845,0.516017,1,7,7,2039.153923
HD 3651 A_3,HD 3651 A,0.106,0.12,3.284,8.237,11.108,0.86,0.532,,,0.095224,0.216725,0,0,7,2039.153923
HD 3651 A_5,HD 3651 A,0.552,0.025,0.534,0.148,11.108,0.86,0.532,,,0.541188,0.73584,0,0,7,2039.153923
HD 46588 A_0,HD 46588 A,1.961,0.092,1.375,5.123,18.202,1.18,1.826,0.108836,326.60134,1.994777,0.433618,1,6,6,2039.189851
HD 46588 A_2,HD 46588 A,0.149,0.051,1.651,3.767,18.202,1.18,1.826,,,0.151058,0.145844,0,0,6,2039.189851
HD 46588 A_4,HD 46588 A,0.634,0.042,1.252,1.899,18.202,1.18,1.826,,,0.633643,0.206018,0,0,6,2039.189851
HD 46588 A_5,HD 46588 A,0.119,0.052,0.593,0.101,18.202,1.18,1.826,,,0.113558,0.311501,0,0,6,2039.189851
HD 46588 A_6,HD 46588 A,0.647,0.045,2.121,5.747,18.202,1.18,1.826,,,0.627093,0.007679,0,0,6,2039.189851
HD 46588 A_7,HD 46588 A,1.085,0.088,1.256,5.584,18.202,1.18,1.826,,,0.997618,0.820533,0,0,6,2039.189851
HD 46588 A_8,HD 46588 A,2.008,0.017,0.521,0.08,18.202,1.18,1.826,0.076798,48.958873,1.9983,0.72163,1,3,6,2039.189851
HD 1581_1,HD 1581,1.541,0.046,2.633,10.663,8.607,1.11,1.262,0.164203,158.941886,1.601078,0.114951,1,7,7,2039.191238
HD 1581_2,HD 1581,0.181,0.101,0.988,1.538,8.607,1.11,1.262,,,0.181254,0.551275,0,0,7,2039.191238
HD 1581_3,HD 1581,1.491,0.126,2.76,10.6,8.607,1.11,1.262,0.148861,303.955108,1.313091,0.463991,1,4,7,2039.191238
HD 1581_4,HD 1581,0.208,0.109,2.378,6.033,8.607,1.11,1.262,,,0.186879,0.329809,0,0,7,2039.191238
HD 30495_0,HD 30495,1.934,0.08,0.989,1.288,13.24,1.04,0.966,0.105503,109.701011,1.799418,0.067796,1,7,8,2039.205039
HD 30495_2,HD 30495,0.416,0.06,1.179,0.557,13.24,1.04,0.966,,,0.409888,0.67998,0,0,8,2039.205039
HD 30495_3,HD 30495,1.848,0.089,0.623,0.48,13.24,1.04,0.966,0.122995,181.526228,1.78434,0.167608,1,5,8,2039.205039
HD 43042_0,HD 43042,4.095,0.078,0.558,0.185,21.776,1.29,2.936,,,4.414261,0.255154,0,2,6,2039.236222
HD 43042_1,HD 43042,0.434,0.11,0.533,0.05,21.776,1.29,2.936,,,0.477065,0.007098,0,0,6,2039.236222
HD 43042_3,HD 43042,0.724,0.14,0.733,0.758,21.776,1.29,2.936,,,0.73997,0.49419,0,0,6,2039.236222
HD 65907 A_0,HD 65907 A,0.584,0.099,0.585,0.122,16.172,1.11,1.29,,,0.591112,0.271725,0,0,8,2039.242308
HD 65907 A_1,HD 65907 A,1.316,0.075,0.982,3.131,16.172,1.11,1.29,,,1.408076,0.002687,0,4,8,2039.242308
HD 65907 A_2,HD 65907 A,1.009,0.058,1.202,5.136,16.172,1.11,1.29,0.060933,198.08679,1.02856,0.233871,1,3,8,2039.242308
HD 22484_0,HD 22484,0.838,0.146,1.142,1.607,13.92,1.14,3.068,,,0.884093,0.156703,0,0,6,2039.259524
HD 22484_1,HD 22484,1.12,0.109,1.996,7.679,13.92,1.14,3.068,0.076468,159.128958,1.063563,0.485803,1,5,6,2039.259524
HD 22484_2,HD 22484,0.469,0.117,1.765,3.166,13.92,1.14,3.068,,,0.523531,0.017618,0,0,6,2039.259524
HD 22484_5,HD 22484,4.456,0.081,0.516,0.034,13.92,1.14,3.068,,,4.769286,0.852826,0,0,6,2039.259524
HD 22484_7,HD 22484,3.201,0.074,0.943,1.501,13.92,1.14,3.068,,,3.229289,0.097224,0,4,6,2039.259524
HD 4391_0,HD 4391,0.363,0.182,1.471,1.692,15.049,0.98,0.923,,,0.42402,0.005278,0,0,8,2039.26221
HD 4391_1,HD 4391,1.544,0.114,0.614,0.159,15.049,0.98,0.923,0.092898,234.012326,1.429186,0.502002,1,5,8,2039.26221
HD 4391_2,HD 4391,0.361,0.058,0.863,0.256,15.049,0.98,0.923,,,0.369893,0.564891,0,0,8,2039.26221
HD 4391_3,HD 4391,0.102,0.064,0.942,1.344,15.049,0.98,0.923,,,0.107986,0.587516,0,0,8,2039.26221
HD 4391_4,HD 4391,0.526,0.038,2.712,11.881,15.049,0.98,0.923,,,0.545129,0.818843,0,0,8,2039.26221
HD 19373_0,HD 19373,0.74,0.034,3.212,9.93,10.577,1.08,2.23,0.069788,178.953782,0.72374,0.308286,1,2,6,2039.264166
HD 19373_2,HD 19373,0.724,0.048,1.483,3.085,10.577,1.08,2.23,0.06223,141.717987,0.717545,0.584454,1,3,6,2039.264166
HD 19373_3,HD 19373,0.676,0.061,1.037,1.075,10.577,1.08,2.23,,,0.634796,0.681725,0,1,6,2039.264166
HD 19373_6,HD 19373,0.114,0.04,2.433,8.086,10.577,1.08,2.23,,,0.117291,0.20649,0,0,6,2039.264166
HD 19373_7,HD 19373,2.87,0.048,1.622,2.945,10.577,1.08,2.23,0.257641,219.661637,2.919512,0.149642,1,6,6,2039.264166
HD 136352_0,HD 136352,1.127,0.083,0.501,0.05,14.739,1.02,1.029,0.069304,135.88229,1.033753,0.204576,1,6,6,2039.276715
HD 136352_2,HD 136352,0.995,0.082,1.549,3.519,14.739,1.02,1.029,,,0.977663,0.604858,0,0,6,2039.276715
HD 136352_3,HD 136352,3.774,0.069,2.041,4.78,14.739,1.02,1.029,0.243393,50.423166,3.875118,0.140408,1,6,6,2039.276715
HD 136352_4,HD 136352,1.831,0.068,0.826,0.342,14.739,1.02,1.029,0.121506,129.803307,1.875084,0.154025,1,6,6,2039.276715
HD 20794_0,HD 20794,4.322,0.17,2.962,5.742,6.041,0.97,0.654,0.482134,358.053586,4.149658,0.767531,1,4,6,2039.279835
HD 20794_1,HD 20794,2.398,0.095,1.302,2.525,6.041,0.97,0.654,0.361312,336.580863,2.423473,0.134439,1,5,6,2039.279835
HD 114710_0,HD 114710,1.415,0.117,0.681,0.147,9.197,1.11,1.357,0.134072,306.395574,1.416857,0.592641,1,6,7,2039.282599
HD 114710_1,HD 114710,0.314,0.116,0.63,1.142,9.197,1.11,1.357,,,0.291466,0.654673,0,0,7,2039.282599
HD 114710_2,HD 114710,2.258,0.018,0.683,0.173,9.197,1.11,1.357,,,2.269306,0.099447,0,2,7,2039.282599
HD 114710_4,HD 114710,0.861,0.053,0.898,0.439,9.197,1.11,1.357,0.086861,212.311315,0.903267,0.204214,1,7,7,2039.282599
HD 114710_5,HD 114710,0.124,0.109,3.108,17.681,9.197,1.11,1.357,,,0.127598,0.677599,0,0,7,2039.282599
HD 86728 A_0,HD 86728 A,0.138,0.113,0.53,0.078,14.926,1.0,1.378,,,0.126252,0.054466,0,0,6,2039.289778
HD 86728 A_1,HD 86728 A,1.194,0.049,0.519,0.144,14.926,1.0,1.378,0.082091,43.218098,1.226067,0.239032,1,4,6,2039.289778
HD 86728 A_2,HD 86728 A,1.586,0.024,0.736,0.367,14.926,1.0,1.378,0.104008,209.864155,1.553316,0.170418,1,5,6,2039.289778
HD 86728 A_3,HD 86728 A,0.34,0.077,0.971,1.901,14.926,1.0,1.378,,,0.345038,0.290844,0,0,6,2039.289778
HD 86728 A_4,HD 86728 A,3.143,0.15,2.985,16.709,14.926,1.0,1.378,0.22133,37.73545,3.26825,0.379048,1,5,6,2039.289778
HD 86728 A_5,HD 86728 A,0.238,0.132,1.155,6.008,14.926,1.0,1.378,,,0.269302,0.352714,0,0,6,2039.289778
HD 86728 A_6,HD 86728 A,2.84,0.137,2.462,3.621,14.926,1.0,1.378,0.141299,290.414426,2.456727,0.634101,1,6,6,2039.289778
HD 109358_0,HD 109358,0.599,0.064,0.661,0.193,8.473,1.08,1.151,0.071234,55.260121,0.568813,0.3126,1,6,6,2039.303345
HD 109358_1,HD 109358,0.313,0.024,1.946,4.835,8.473,1.08,1.151,,,0.319161,0.621638,0,0,6,2039.303345
HD 109358_3,HD 109358,0.172,0.066,1.409,1.609,8.473,1.08,1.151,,,0.18316,0.011687,0,0,6,2039.303345
HD 109358_4,HD 109358,1.488,0.078,0.58,0.237,8.473,1.08,1.151,0.189642,1.073279,1.595026,0.302595,1,5,6,2039.303345
HD 109358_5,HD 109358,3.968,0.05,3.285,25.806,8.473,1.08,1.151,0.229706,196.76374,4.001242,0.88642,1,4,6,2039.303345
HD 58855_0,HD 58855,3.917,0.055,2.746,11.124,20.402,1.16,2.445,,,3.707264,0.006418,0,5,6,2039.32034
HD 58855_3,HD 58855,0.12,0.023,0.846,0.314,20.402,1.16,2.445,,,0.122269,0.131112,0,0,6,2039.32034
HD 58855_4,HD 58855,1.787,0.062,0.53,0.101,20.402,1.16,2.445,,,1.855837,0.860607,0,1,6,2039.32034
HD 58855_5,HD 58855,2.753,0.078,0.74,0.361,20.402,1.16,2.445,0.077352,85.119311,2.913215,0.883345,1,4,6,2039.32034
HD 58855_6,HD 58855,3.408,0.008,0.67,0.197,20.402,1.16,2.445,,,3.433918,0.316855,0,3,6,2039.32034
HD 58855_7,HD 58855,0.511,0.017,1.169,2.72,20.402,1.16,2.445,,,0.519649,0.21388,0,0,6,2039.32034
HD 58855_8,HD 58855,3.679,0.02,1.665,3.725,20.402,1.16,2.445,0.181139,182.291971,3.723279,0.238501,1,5,6,2039.32034
HD 30652_0,HD 30652,0.357,0.032,0.524,0.119,8.068,1.25,2.71,,,0.350596,0.850343,0,0,6,2039.328703
HD 30652_1,HD 30652,3.379,0.099,2.314,9.159,8.068,1.25,2.71,0.253973,181.184334,3.045356,0.786405,1,5,6,2039.328703
HD 30652_2,HD 30652,1.418,0.081,1.563,7.047,8.068,1.25,2.71,0.175998,311.06582,1.518448,0.211646,1,6,6,2039.328703
HD 30652_3,HD 30652,3.27,0.133,2.129,5.731,8.068,1.25,2.71,0.305419,273.586821,2.892485,0.111606,1,6,6,2039.328703
HD 30652_4,HD 30652,2.754,0.119,2.49,10.16,8.068,1.25,2.71,0.339451,58.802082,3.079155,0.122743,1,6,6,2039.328703
HD 160691_0,HD 160691,1.46,0.051,0.67,0.675,15.604,1.0,1.899,0.081535,165.769126,1.385541,0.176295,1,6,6,2039.340524
HD 160691_1,HD 160691,0.274,0.085,0.88,0.645,15.604,1.0,1.899,,,0.287415,0.2449,0,0,6,2039.340524
HD 160691_2,HD 160691,0.346,0.144,0.58,0.053,15.604,1.0,1.899,,,0.322059,0.430042,0,0,6,2039.340524
HD 160691_3,HD 160691,0.123,0.058,0.556,0.091,15.604,1.0,1.899,,,0.122085,0.211621,0,0,6,2039.340524
HD 160691_4,HD 160691,2.415,0.073,1.777,2.687,15.604,1.0,1.899,,,2.238955,0.022969,0,3,6,2039.340524
HD 160691_6,HD 160691,2.937,0.058,2.424,6.338,15.604,1.0,1.899,,,3.09864,0.02815,0,4,6,2039.340524
HD 160691_7,HD 160691,3.23,0.098,2.375,5.354,15.604,1.0,1.899,0.093515,223.724987,3.260563,0.90623,1,5,6,2039.340524
HD 17051_0,HD 17051,1.593,0.055,0.8,0.166,17.357,1.14,1.737,,,1.63902,0.935868,0,5,6,2039.348213
HD 17051_1,HD 17051,2.146,0.107,1.035,0.971,17.357,1.14,1.737,0.10159,246.107348,2.100201,0.101131,1,4,6,2039.348213
HD 17051_2,HD 17051,4.311,0.108,1.302,2.591,17.357,1.14,1.737,0.260884,187.947271,4.392855,0.350574,1,3,6,2039.348213
HD 190360_0,HD 190360,0.922,0.17,1.79,3.759,16.003,0.96,1.165,,,1.035861,0.103591,0,0,6,2039.360178
HD 190360_1,HD 190360,3.764,0.081,1.071,1.582,16.003,0.96,1.165,0.239246,211.284869,3.82377,0.398985,1,4,6,2039.360178
HD 190360_3,HD 190360,3.632,0.139,2.733,10.267,16.003,0.96,1.165,0.175266,95.444382,3.162312,0.61078,1,5,6,2039.360178
HD 190360_4,HD 190360,1.735,0.021,0.534,0.045,16.003,0.96,1.165,0.096557,77.821614,1.742364,0.501706,1,6,6,2039.360178
HD 190360_5,HD 190360,0.581,0.08,1.934,2.88,16.003,0.96,1.165,,,0.593581,0.831741,0,0,6,2039.360178
HD 128167_0,HD 128167,1.283,0.14,1.15,1.29,15.756,1.39,3.182,0.095096,89.3195,1.461817,0.293515,1,3,6,2039.377658
HD 128167_2,HD 128167,3.433,0.063,1.328,2.483,15.756,1.39,3.182,,,3.252513,0.033717,0,5,6,2039.377658
HD 128167_3,HD 128167,4.878,0.117,2.132,5.678,15.756,1.39,3.182,0.274296,172.32987,4.342625,0.281336,1,6,6,2039.377658
HD 128167_4,HD 128167,1.323,0.044,1.923,2.477,15.756,1.39,3.182,0.087344,235.868633,1.305214,0.320789,1,3,6,2039.377658
HD 190248_1,HD 190248,1.11,0.055,1.408,3.629,6.099,0.94,1.25,0.129135,279.061303,1.095671,0.048512,1,8,8,2039.380765
HD 190248_2,HD 190248,3.754,0.072,1.017,1.24,6.099,0.94,1.25,0.562602,136.501138,3.483968,0.409082,1,7,8,2039.380765
HD 190248_3,HD 190248,1.406,0.139,0.51,0.568,6.099,0.94,1.25,0.088463,239.751827,1.247272,0.903603,1,4,8,2039.380765
HD 16895 A_0,HD 16895 A,3.595,0.047,2.816,7.544,11.15,1.21,2.246,0.325663,340.79038,3.640891,0.274608,1,6,6,2039.407632
HD 16895 A_4,HD 16895 A,4.424,0.091,1.274,1.913,11.15,1.21,2.246,0.366256,7.088927,4.660747,0.607263,1,2,6,2039.407632
HD 16895 A_5,HD 16895 A,1.554,0.05,3.144,9.969,11.15,1.21,2.246,0.122283,292.441414,1.593668,0.655634,1,6,6,2039.407632
HD 16895 A_6,HD 16895 A,0.108,0.029,0.508,0.042,11.15,1.21,2.246,,,0.106005,0.636176,0,0,6,2039.407632
HD 10361_1,HD 10361,0.761,0.025,1.303,2.715,8.197,0.77,0.304,,,0.7797,0.826593,0,5,7,2039.410176
HD 10361_2,HD 10361,0.985,0.066,0.785,0.596,8.197,0.77,0.304,,,1.02799,0.019355,0,5,7,2039.410176
HD 10361_3,HD 10361,1.525,0.07,0.586,0.784,8.197,0.77,0.304,0.164604,293.308658,1.619078,0.639096,1,7,7,2039.410176
HD 10361_4,HD 10361,4.037,0.084,0.501,0.084,8.197,0.77,0.304,,,4.261496,0.043341,0,0,7,2039.410176
HD 128620_0,HD 128620,1.567,0.074,0.945,0.738,1.332,1.11,1.521,0.586056,3.252327,1.660954,0.897525,1,4,7,2039.413564
HD 128620_1,HD 128620,1.266,0.016,1.198,6.221,1.332,1.11,1.521,0.840787,348.214664,1.285405,0.60696,1,7,7,2039.413564
HD 10700_0,HD 10700,1.625,0.099,0.563,0.087,3.652,0.94,0.506,0.457819,315.597346,1.717545,0.42663,1,7,7,2039.416171
HD 4614 A_0,HD 4614 A,4.718,0.051,1.358,3.151,5.01,1.14,1.252,0.847411,226.931763,4.478707,0.487079,1,2,6,2039.4258
HD 4614 A_1,HD 4614 A,0.651,0.133,0.728,0.235,5.01,1.14,1.252,0.070448,262.577429,0.70904,0.880741,1,6,6,2039.4258
HD 4614 A_2,HD 4614 A,2.584,0.017,1.361,2.842,5.01,1.14,1.252,0.454411,268.660701,2.620959,0.603615,1,6,6,2039.4258
HD 141004_0,HD 141004,2.629,0.092,2.901,8.518,11.916,1.09,2.004,0.20369,151.615764,2.419314,0.273823,1,4,6,2039.43682
HD 141004_1,HD 141004,0.651,0.071,0.654,0.168,11.916,1.09,2.004,,,0.605397,0.012322,0,0,6,2039.43682
HD 141004_2,HD 141004,4.426,0.098,1.019,2.941,11.916,1.09,2.004,,,4.692415,0.269562,0,1,6,2039.43682
HD 141004_3,HD 141004,4.115,0.06,0.578,0.125,11.916,1.09,2.004,,,4.059836,0.495317,0,0,6,2039.43682
HD 141004_4,HD 141004,3.163,0.091,1.732,4.206,11.916,1.09,2.004,0.258785,287.934227,3.089002,0.35227,1,6,6,2039.43682
HD 23249_0,HD 23249,2.38,0.039,0.804,0.586,9.089,0.87,2.941,0.260484,34.190348,2.471683,0.46907,1,5,6,2039.467984
HD 23249_1,HD 23249,2.348,0.031,1.487,3.029,9.089,0.87,2.941,,,2.276044,0.003357,0,5,6,2039.467984
HD 131156 A_0,HD 131156 A,0.922,0.01,2.426,6.027,6.754,0.96,0.553,0.132937,272.08463,0.928994,0.311928,1,8,8,2039.472049
HD 131156 A_1,HD 131156 A,1.097,0.147,1.932,4.971,6.754,0.96,0.553,0.125862,95.156954,0.937016,0.125695,1,8,8,2039.472049
HD 185144_1,HD 185144,0.747,0.07,0.5,0.019,5.764,0.87,0.434,0.133766,254.826436,0.799185,0.33301,1,6,8,2039.476541
HD 185144_3,HD 185144,0.688,0.135,2.317,4.389,5.764,0.87,0.434,0.074078,222.391344,0.735923,0.853362,1,8,8,2039.476541
HD 143761_0,HD 143761,2.268,0.052,0.622,0.131,17.511,0.97,1.812,,,2.157828,0.049634,0,3,6,2039.491794
HD 143761_3,HD 143761,0.463,0.017,0.834,0.619,17.511,0.97,1.812,,,0.467182,0.270689,0,0,6,2039.491794
HD 143761_4,HD 143761,1.096,0.157,0.808,0.895,17.511,0.97,1.812,0.06357,214.934296,1.256258,0.203083,1,4,6,2039.491794
HD 143761_5,HD 143761,0.834,0.096,1.155,1.684,17.511,0.97,1.812,,,0.794674,0.470721,0,0,6,2039.491794
HD 143761_7,HD 143761,2.609,0.089,2.154,12.289,17.511,0.97,1.812,0.127744,178.679944,2.59632,0.127616,1,5,6,2039.491794
HD 693_0,HD 693,1.045,0.058,1.136,2.579,18.886,1.18,2.997,,,1.102259,0.374016,0,0,6,2039.501699
HD 693_1,HD 693,0.139,0.106,2.768,7.407,18.886,1.18,2.997,,,0.128397,0.983365,0,0,6,2039.501699
HD 693_3,HD 693,1.448,0.069,1.975,3.042,18.886,1.18,2.997,0.075431,288.68176,1.482222,0.270177,1,5,6,2039.501699
HD 693_4,HD 693,1.744,0.105,1.392,2.348,18.886,1.18,2.997,0.063646,111.044142,1.575696,0.696969,1,4,6,2039.501699
HD 693_5,HD 693,2.909,0.1,1.423,2.794,18.886,1.18,2.997,,,3.046649,0.024114,0,4,6,2039.501699
HD 693_6,HD 693,2.914,0.024,0.574,0.316,18.886,1.18,2.997,0.103068,254.857441,2.983875,0.785857,1,3,6,2039.501699
HD 693_7,HD 693,3.93,0.01,2.298,5.004,18.886,1.18,2.997,0.188323,291.685866,3.902837,0.542297,1,5,6,2039.501699
HD 219134_0,HD 219134,1.298,0.068,3.021,11.197,6.542,0.75,0.266,0.163727,131.678763,1.386255,0.705799,1,8,8,2039.503069
HD 219134_1,HD 219134,0.107,0.06,0.589,0.114,6.542,0.75,0.266,,,0.107453,0.023824,0,0,8,2039.503069
HD 219134_2,HD 219134,0.475,0.085,1.279,2.244,6.542,0.75,0.266,0.066834,252.937142,0.499127,0.553338,1,4,8,2039.503069
HD 219134_3,HD 219134,2.999,0.067,1.913,4.52,6.542,0.75,0.266,,,2.86731,0.034514,0,7,8,2039.503069
HD 219134_4,HD 219134,0.285,0.083,1.716,4.805,6.542,0.75,0.266,,,0.300903,0.372716,0,0,8,2039.503069
HD 219134_5,HD 219134,1.823,0.052,1.09,4.144,6.542,0.75,0.266,0.205349,96.092321,1.800049,0.058114,1,8,8,2039.503069
HD 219134_7,HD 219134,0.986,0.056,2.277,3.449,6.542,0.75,0.266,0.142289,283.179028,1.038151,0.168047,1,8,8,2039.503069
HD 7570_0,HD 7570,3.031,0.054,1.134,3.652,15.261,1.14,2.004,0.150265,317.627415,3.085385,0.716098,1,3,6,2039.504439
HD 7570_1,HD 7570,0.15,0.071,0.941,0.218,15.261,1.14,2.004,,,0.159126,0.309367,0,0,6,2039.504439
HD 7570_2,HD 7570,1.977,0.063,1.73,3.716,15.261,1.14,2.004,0.087578,290.040358,2.098984,0.040602,1,4,6,2039.504439
HD 7570_3,HD 7570,3.034,0.079,1.364,1.913,15.261,1.14,2.004,0.206986,120.898704,3.261261,0.484507,1,5,6,2039.504439
HD 7570_4,HD 7570,0.569,0.099,0.726,0.483,15.261,1.14,2.004,,,0.621951,0.186166,0,0,6,2039.504439
HD 217987_0,HD 217987,3.278,0.032,3.1,17.272,3.287,0.49,0.036,0.96043,14.497701,3.285813,0.464665,1,5,7,2039.511218
HD 217987_1,HD 217987,0.104,0.158,2.049,6.333,3.287,0.49,0.036,,,0.110906,0.706965,0,0,7,2039.511218
HD 84737_0,HD 84737,0.596,0.087,1.352,1.551,18.823,1.08,2.795,,,0.595498,0.006143,0,0,6,2039.514066
HD 84737_1,HD 84737,3.025,0.071,1.189,1.926,18.823,1.08,2.795,,,2.939397,0.997585,0,2,6,2039.514066
HD 84737_2,HD 84737,1.078,0.014,1.079,0.698,18.823,1.08,2.795,,,1.063085,0.256932,0,0,6,2039.514066
HD 84737_3,HD 84737,3.774,0.025,0.833,0.848,18.823,1.08,2.795,0.147409,43.38084,3.807979,0.745975,1,3,6,2039.514066
HD 84737_4,HD 84737,0.254,0.074,3.133,13.741,18.823,1.08,2.795,,,0.266606,0.210073,0,0,6,2039.514066
HD 84737_5,HD 84737,2.993,0.205,0.508,0.086,18.823,1.08,2.795,,,2.72975,0.206066,0,0,6,2039.514066
HD 95735_0,HD 95735,0.673,0.041,0.901,1.876,2.546,0.44,0.02,,,0.695311,0.005894,0,5,6,2039.526101
HD 95735_2,HD 95735,0.392,0.078,0.638,0.252,2.546,0.44,0.02,0.157752,268.136434,0.421737,0.405954,1,6,6,2039.526101
HD 95735_3,HD 95735,0.164,0.146,0.847,1.655,2.546,0.44,0.02,0.066304,272.402075,0.158578,0.392497,1,1,6,2039.526101
HD 95735_4,HD 95735,2.481,0.023,1.454,2.402,2.546,0.44,0.02,0.675654,208.974703,2.532394,0.775864,1,5,6,2039.526101
HD 95735_6,HD 95735,0.163,0.047,1.008,2.764,2.546,0.44,0.02,0.071504,247.309287,0.166301,0.286808,1,2,6,2039.526101
HD 53705_0,HD 53705,0.273,0.081,1.735,2.717,17.059,1.04,1.49,,,0.26611,0.600877,0,0,6,2039.532775
HD 53705_1,HD 53705,2.604,0.083,3.306,16.05,17.059,1.04,1.49,0.140699,194.177321,2.630561,0.141002,1,6,6,2039.532775
HD 53705_2,HD 53705,1.597,0.089,2.478,13.971,17.059,1.04,1.49,,,1.455355,0.027812,0,5,6,2039.532775
HD 53705_3,HD 53705,0.715,0.026,1.359,2.038,17.059,1.04,1.49,,,0.72194,0.561931,0,0,6,2039.532775
HD 53705_4,HD 53705,0.527,0.092,2.437,10.745,17.059,1.04,1.49,,,0.525345,0.312407,0,0,6,2039.532775
HD 39091_1,HD 39091,3.12,0.028,1.191,1.952,18.287,1.08,1.533,0.169551,227.391772,3.206776,0.261175,1,4,6,2039.54515
HD 39091_2,HD 39091,2.865,0.029,0.677,0.089,18.287,1.08,1.533,,,2.781919,0.000405,0,3,6,2039.54515
HD 39091_3,HD 39091,3.55,0.072,1.069,0.919,18.287,1.08,1.533,,,3.299966,0.023922,0,5,6,2039.54515
HD 39091_4,HD 39091,4.534,0.027,1.234,1.811,18.287,1.08,1.533,,,4.559166,0.031485,0,2,6,2039.54515
HD 39091_5,HD 39091,1.437,0.051,1.31,1.974,18.287,1.08,1.533,0.073219,358.655661,1.448599,0.195011,1,6,6,2039.54515
HD 39091_6,HD 39091,0.67,0.012,2.604,6.457,18.287,1.08,1.533,,,0.678028,0.274334,0,0,6,2039.54515
HD 134083_0,HD 134083,0.116,0.07,1.9,7.058,19.536,1.33,3.255,,,0.120102,0.011201,0,0,8,2039.550039
HD 134083_1,HD 134083,0.36,0.097,1.358,2.746,19.536,1.33,3.255,,,0.394915,0.641514,0,0,8,2039.550039
HD 134083_3,HD 134083,0.749,0.13,0.881,0.684,19.536,1.33,3.255,,,0.843391,0.158042,0,0,8,2039.550039
HD 134083_4,HD 134083,0.959,0.114,0.591,0.338,19.536,1.33,3.255,,,0.903689,0.436394,0,0,8,2039.550039
HD 95128_1,HD 95128,2.285,0.074,0.586,0.282,13.887,1.07,1.577,,,2.368784,0.008781,0,4,6,2039.565917
HD 95128_2,HD 95128,4.586,0.035,0.538,0.083,13.887,1.07,1.577,,,4.528255,0.622703,0,0,6,2039.565917
HD 95128_3,HD 95128,0.343,0.031,2.771,10.086,13.887,1.07,1.577,,,0.352328,0.145772,0,0,6,2039.565917
HD 95128_4,HD 95128,2.15,0.173,1.218,6.511,13.887,1.07,1.577,0.118141,156.919103,1.778342,0.526589,1,3,6,2039.565917
HD 95128_5,HD 95128,0.6,0.105,2.299,8.137,13.887,1.07,1.577,,,0.639015,0.424096,0,0,6,2039.565917
HD 95128_6,HD 95128,0.335,0.024,2.419,8.582,13.887,1.07,1.577,,,0.34293,0.230994,0,0,6,2039.565917
HD 95128_7,HD 95128,0.847,0.089,1.394,3.129,13.887,1.07,1.577,,,0.867388,0.103384,0,1,6,2039.565917
HD 95128_8,HD 95128,0.588,0.034,2.182,8.46,13.887,1.07,1.577,,,0.602577,0.069136,0,0,6,2039.565917
HD 72905_1,HD 72905,0.661,0.069,0.5,0.051,14.439,1.08,0.973,,,0.662656,0.73824,0,0,8,2039.589435
HD 72905_3,HD 72905,0.899,0.099,2.776,19.234,14.439,1.08,0.973,,,0.976333,0.047818,0,1,8,2039.589435
HD 72905_4,HD 72905,0.923,0.214,1.407,2.24,14.439,1.08,0.973,0.072855,147.445065,1.106566,0.248228,1,4,8,2039.589435
HD 72905_5,HD 72905,3.175,0.086,0.525,0.068,14.439,1.08,0.973,,,2.927977,0.017101,0,2,8,2039.589435
HD 149661_2,HD 149661,2.991,0.073,1.285,2.935,9.894,0.87,0.462,0.241234,141.72909,3.200466,0.732597,1,5,6,2039.590805
HD 149661_3,HD 149661,2.364,0.065,0.7,0.315,9.894,0.87,0.462,,,2.493263,0.010337,0,2,6,2039.590805
HD 149661_5,HD 149661,3.155,0.051,2.936,7.428,9.894,0.87,0.462,0.197284,113.76975,3.123238,0.81225,1,5,6,2039.590805
HD 20630_1,HD 20630,0.648,0.142,1.547,4.726,9.276,0.98,0.857,0.070341,286.668305,0.731773,0.526028,1,7,8,2039.5978
HD 20630_5,HD 20630,1.387,0.083,0.621,0.63,9.276,0.98,0.857,0.146481,232.32024,1.395078,0.187596,1,8,8,2039.5978
HD 34411_0,HD 34411,0.295,0.082,3.192,8.429,12.562,1.08,1.732,,,0.315091,0.40781,0,0,7,2039.599597
HD 34411_1,HD 34411,1.539,0.078,0.897,0.713,12.562,1.08,1.732,0.102901,281.819301,1.573485,0.090609,1,6,7,2039.599597
HD 34411_3,HD 34411,1.691,0.074,0.798,0.808,12.562,1.08,1.732,0.079177,50.323927,1.583361,0.821174,1,6,7,2039.599597
HD 210302_0,HD 210302,0.937,0.087,1.293,2.482,18.458,1.25,2.918,,,1.003381,0.211399,0,0,6,2039.621049
HD 210302_1,HD 210302,0.316,0.034,0.672,0.291,18.458,1.25,2.918,,,0.311468,0.094097,0,0,6,2039.621049
HD 210302_2,HD 210302,0.162,0.125,0.82,0.565,18.458,1.25,2.918,,,0.161347,0.664606,0,0,6,2039.621049
HD 210302_3,HD 210302,0.925,0.123,2.909,15.97,18.458,1.25,2.918,,,0.854555,0.196549,0,0,6,2039.621049
HD 210302_4,HD 210302,1.629,0.122,1.727,5.061,18.458,1.25,2.918,,,1.810841,0.01067,0,2,6,2039.621049
HD 3651 A_0,HD 3651 A,0.818,0.09,1.086,0.195,11.108,0.86,0.532,0.062572,343.468192,0.866112,0.087218,1,8,8,2039.625696
HD 3651 A_3,HD 3651 A,0.106,0.12,3.284,8.237,11.108,0.86,0.532,,,0.101173,0.972651,0,0,8,2039.625696
HD 3651 A_5,HD 3651 A,0.552,0.025,0.534,0.148,11.108,0.86,0.532,,,0.538588,0.508741,0,0,8,2039.625696
HD 95735_0,HD 95735,0.673,0.041,0.901,1.876,2.546,0.44,0.02,0.225591,106.653481,0.675756,0.097042,1,6,7,2039.639896
HD 95735_2,HD 95735,0.392,0.078,0.638,0.252,2.546,0.44,0.02,,,0.391063,0.938195,0,6,7,2039.639896
HD 95735_3,HD 95735,0.164,0.146,0.847,1.655,2.546,0.44,0.02,0.067061,231.612993,0.177822,0.220551,1,2,7,2039.639896
HD 95735_4,HD 95735,2.481,0.023,1.454,2.402,2.546,0.44,0.02,0.591621,206.348515,2.534971,0.832323,1,6,7,2039.639896
HD 95735_6,HD 95735,0.163,0.047,1.008,2.764,2.546,0.44,0.02,,,0.170479,0.031272,0,2,7,2039.639896
HD 203608_0,HD 203608,2.203,0.092,1.79,3.488,9.258,1.14,1.466,0.222431,234.775443,2.400126,0.117013,1,7,7,2039.641266
HD 203608_1,HD 203608,2.342,0.1,0.502,0.104,9.258,1.14,1.466,,,2.108768,0.029116,0,4,7,2039.641266
HD 203608_2,HD 203608,2.74,0.062,1.086,1.189,9.258,1.14,1.466,0.245851,126.772859,2.782347,0.647496,1,6,7,2039.641266
HD 203608_5,HD 203608,4.293,0.038,0.929,0.698,9.258,1.14,1.466,0.340454,77.74563,4.191864,0.719175,1,2,7,2039.641266
HD 203608_6,HD 203608,0.526,0.072,0.985,0.486,9.258,1.14,1.466,,,0.530355,0.691855,0,0,7,2039.641266
HD 38393_0,HD 38393,0.205,0.072,1.088,1.383,8.905,1.23,2.344,,,0.190787,0.910739,0,0,8,2039.650392
HD 38393_1,HD 38393,3.39,0.099,0.656,0.073,8.905,1.23,2.344,0.330019,5.820979,3.418811,0.61007,1,3,8,2039.650392
HD 38393_3,HD 38393,0.355,0.086,1.549,2.098,8.905,1.23,2.344,,,0.379437,0.202769,0,0,8,2039.650392
HD 38393_4,HD 38393,4.373,0.052,1.208,1.876,8.905,1.23,2.344,0.202928,93.744075,4.600212,0.925526,1,3,8,2039.650392
HD 114710_0,HD 114710,1.415,0.117,0.681,0.147,9.197,1.11,1.357,0.110348,207.556827,1.578293,0.807732,1,7,8,2039.662004
HD 114710_1,HD 114710,0.314,0.116,0.63,1.142,9.197,1.11,1.357,,,0.344878,0.021242,0,0,8,2039.662004
HD 114710_2,HD 114710,2.258,0.018,0.683,0.173,9.197,1.11,1.357,0.245256,97.155851,2.292514,0.394073,1,3,8,2039.662004
HD 114710_4,HD 114710,0.861,0.053,0.898,0.439,9.197,1.11,1.357,0.086038,30.412312,0.819477,0.481543,1,8,8,2039.662004
HD 114710_5,HD 114710,0.124,0.109,3.108,17.681,9.197,1.11,1.357,,,0.130142,0.573389,0,0,8,2039.662004
HD 102365_0,HD 102365,1.154,0.024,2.235,11.472,9.319,1.02,0.844,0.112097,315.598025,1.153455,0.527496,1,7,7,2039.67678
HD 102365_1,HD 102365,4.021,0.031,1.113,0.834,9.319,1.02,0.844,0.283982,217.202681,3.911147,0.767161,1,3,7,2039.67678
HD 102365_2,HD 102365,0.113,0.031,0.976,0.303,9.319,1.02,0.844,,,0.115338,0.557216,0,0,7,2039.67678
HD 142860_0,HD 142860,0.405,0.081,2.385,6.459,11.254,1.25,3.039,,,0.379868,0.148308,0,0,6,2039.68925
HD 142860_2,HD 142860,3.184,0.073,1.146,0.989,11.254,1.25,3.039,0.256421,267.264076,3.033592,0.502871,1,6,6,2039.68925
HD 142860_3,HD 142860,0.465,0.068,1.963,1.786,11.254,1.25,3.039,,,0.492666,0.086486,0,0,6,2039.68925
HD 142860_5,HD 142860,0.92,0.074,2.443,8.017,11.254,1.25,3.039,0.07911,178.703158,0.85358,0.208218,1,5,6,2039.68925
HD 142860_6,HD 142860,0.627,0.092,3.102,5.436,11.254,1.25,3.039,,,0.57054,0.763156,0,0,6,2039.68925
HD 109358_0,HD 109358,0.599,0.064,0.661,0.193,8.473,1.08,1.151,0.065449,101.89479,0.560977,0.427707,1,7,7,2039.696497
HD 109358_1,HD 109358,0.313,0.024,1.946,4.835,8.473,1.08,1.151,,,0.313601,0.570622,0,0,7,2039.696497
HD 109358_3,HD 109358,0.172,0.066,1.409,1.609,8.473,1.08,1.151,,,0.166911,0.476184,0,0,7,2039.696497
HD 109358_4,HD 109358,1.488,0.078,0.58,0.237,8.473,1.08,1.151,,,1.465614,0.070669,0,5,7,2039.696497
HD 109358_5,HD 109358,3.968,0.05,3.285,25.806,8.473,1.08,1.151,0.1498,159.399045,4.061027,0.953091,1,5,7,2039.696497
HD 212330 A_0,HD 212330 A,1.747,0.031,3.281,9.208,20.34,1.02,2.726,0.082645,140.709668,1.693551,0.39676,1,3,6,2039.726882
HD 166_0,HD 166,1.592,0.09,1.08,2.182,13.766,0.94,0.647,0.084012,124.124156,1.524043,0.052027,1,6,8,2039.72993
HD 166_1,HD 166,0.635,0.021,0.515,0.062,13.766,0.94,0.647,,,0.638265,0.046086,0,0,8,2039.72993
HD 20766_0,HD 20766,1.336,0.161,1.674,3.092,12.045,1.01,0.794,0.104187,242.649504,1.309354,0.162174,1,8,8,2039.747212
HD 20766_1,HD 20766,0.327,0.097,2.659,6.922,12.045,1.01,0.794,,,0.303435,0.124681,0,0,8,2039.747212
HD 20766_4,HD 20766,1.915,0.031,0.912,0.441,12.045,1.01,0.794,0.140427,179.709749,1.956496,0.626567,1,5,8,2039.747212
HD 187691 A_0,HD 187691 A,3.127,0.076,1.475,4.454,19.488,1.25,2.835,0.152038,157.335152,2.987731,0.206808,1,7,7,2039.754278
HD 187691 A_1,HD 187691 A,2.61,0.091,1.018,1.386,19.488,1.25,2.835,0.088276,217.697625,2.373708,0.739561,1,4,7,2039.754278
HD 187691 A_2,HD 187691 A,3.249,0.037,0.764,1.364,19.488,1.25,2.835,0.113823,298.086446,3.334347,0.778756,1,4,7,2039.754278
HD 187691 A_3,HD 187691 A,2.018,0.038,2.654,10.557,19.488,1.25,2.835,,,2.084292,0.012558,0,3,7,2039.754278
HD 165341 A_0,HD 165341 A,3.482,0.036,1.359,2.775,5.113,0.88,0.532,0.416503,35.000715,3.416168,0.814378,1,5,8,2039.763604
HD 165341 A_2,HD 165341 A,0.277,0.022,2.947,13.11,5.113,0.88,0.532,,,0.274678,0.696548,0,0,8,2039.763604
HD 165341 A_3,HD 165341 A,0.642,0.027,1.615,1.833,5.113,0.88,0.532,0.080711,201.055328,0.624673,0.033101,1,6,8,2039.763604
HD 20807_0,HD 20807,0.337,0.072,1.793,3.234,12.039,1.07,1.017,,,0.336104,0.71793,0,0,7,2039.764974
HD 20807_1,HD 20807,1.546,0.069,0.954,0.846,12.039,1.07,1.017,0.109932,39.165582,1.474699,0.109926,1,7,7,2039.764974
HD 20807_2,HD 20807,2.979,0.055,2.038,8.298,12.039,1.07,1.017,0.228604,274.506991,2.953925,0.141279,1,5,7,2039.764974
HD 10361_1,HD 10361,0.761,0.025,1.303,2.715,8.197,0.77,0.304,0.065989,156.850233,0.743335,0.04601,1,6,8,2039.766344
HD 10361_2,HD 10361,0.985,0.066,0.785,0.596,8.197,0.77,0.304,0.076224,232.880684,0.922033,0.765328,1,6,8,2039.766344
HD 10361_3,HD 10361,1.525,0.07,0.586,0.784,8.197,0.77,0.304,0.19492,241.880367,1.619421,0.414477,1,8,8,2039.766344
HD 10361_4,HD 10361,4.037,0.084,0.501,0.084,8.197,0.77,0.304,,,4.197335,0.089562,0,0,8,2039.766344
HD 155886_1,HD 155886,0.511,0.064,0.698,0.549,5.952,0.85,0.327,0.086249,262.74638,0.542682,0.168484,1,8,8,2039.771204
HD 155886_2,HD 155886,0.232,0.069,1.589,4.704,5.952,0.85,0.327,,,0.216247,0.017973,0,0,8,2039.771204
HD 155886_3,HD 155886,1.253,0.044,2.915,7.774,5.952,0.85,0.327,0.177731,143.430556,1.292351,0.085157,1,8,8,2039.771204
HD 155886_4,HD 155886,0.305,0.028,0.94,0.937,5.952,0.85,0.327,,,0.296604,0.409066,0,0,8,2039.771204
HD 155886_5,HD 155886,0.201,0.128,1.339,2.779,5.952,0.85,0.327,,,0.210868,0.537018,0,0,8,2039.771204
HD 155886_6,HD 155886,0.316,0.044,0.948,1.735,5.952,0.85,0.327,,,0.303392,0.413662,0,0,8,2039.771204
HD 155886_7,HD 155886,0.59,0.079,3.352,16.163,5.952,0.85,0.327,0.0899,78.716171,0.58367,0.130947,1,8,8,2039.771204
HD 155886_8,HD 155886,3.879,0.087,2.635,16.445,5.952,0.85,0.327,0.630028,346.353318,3.756174,0.336398,1,8,8,2039.771204
HD 10780_0,HD 10780,0.841,0.11,1.077,1.181,10.041,0.9,0.516,0.075255,217.615196,0.797554,0.479727,1,7,7,2039.772574
HD 10780_3,HD 10780,2.25,0.098,1.348,1.367,10.041,0.9,0.516,,,2.105747,0.003312,0,6,7,2039.772574
HD 10780_4,HD 10780,2.669,0.102,2.513,12.001,10.041,0.9,0.516,0.243587,146.684129,2.433825,0.22846,1,7,7,2039.772574
HD 115617_0,HD 115617,1.956,0.004,0.732,1.017,8.534,0.97,0.825,0.212687,259.912484,1.958613,0.527532,1,7,7,2039.784362
HD 115617_1,HD 115617,0.76,0.09,2.931,6.157,8.534,0.97,0.825,0.078442,248.939982,0.762545,0.636095,1,4,7,2039.784362
HD 115617_2,HD 115617,0.621,0.047,0.562,0.059,8.534,0.97,0.825,,,0.613667,0.709088,0,5,7,2039.784362
HD 115617_3,HD 115617,0.199,0.073,3.38,12.207,8.534,0.97,0.825,,,0.213313,0.792701,0,0,7,2039.784362
HD 115617_4,HD 115617,2.599,0.104,0.763,0.174,8.534,0.97,0.825,0.170116,245.746786,2.865299,0.882562,1,6,7,2039.784362
HD 115617_5,HD 115617,2.098,0.045,1.487,3.177,8.534,0.97,0.825,0.194768,220.333119,2.185825,0.062535,1,7,7,2039.784362
HD 115617_6,HD 115617,3.003,0.084,0.942,0.936,8.534,0.97,0.825,,,2.90391,0.076218,0,3,7,2039.784362
HD 209100_0,HD 209100,2.433,0.127,0.524,0.078,3.638,0.72,0.222,0.561674,172.430821,2.32138,0.591131,1,6,8,2039.803826
HD 209100_1,HD 209100,1.218,0.094,0.54,0.224,3.638,0.72,0.222,0.200787,53.396832,1.173195,0.808222,1,7,8,2039.803826
HD 209100_2,HD 209100,0.989,0.073,1.925,7.679,3.638,0.72,0.222,0.277582,183.761635,1.056801,0.491502,1,8,8,2039.803826
HD 209100_4,HD 209100,3.542,0.022,2.632,11.464,3.638,0.72,0.222,0.652481,93.420069,3.616198,0.036708,1,8,8,2039.803826
HD 209100_5,HD 209100,0.635,0.076,0.931,0.965,3.638,0.72,0.222,0.149727,3.575935,0.674326,0.665143,1,8,8,2039.803826
HD 209100_6,HD 209100,1.701,0.082,0.885,1.719,3.638,0.72,0.222,0.504551,305.946396,1.83743,0.337892,1,5,8,2039.803826
HD 209100_8,HD 209100,2.097,0.099,2.488,10.973,3.638,0.72,0.222,0.594979,159.29256,2.24233,0.456475,1,8,8,2039.803826
HD 209100_9,HD 209100,0.782,0.071,2.297,6.298,3.638,0.72,0.222,0.173654,292.212253,0.836717,0.697924,1,8,8,2039.803826
HD 209100_10,HD 209100,0.182,0.056,2.026,7.17,3.638,0.72,0.222,,,0.17442,0.249975,0,0,8,2039.803826
HD 209100_11,HD 209100,0.917,0.107,1.174,2.417,3.638,0.72,0.222,0.264178,87.585605,0.994255,0.409139,1,8,8,2039.803826
HD 19373_0,HD 19373,0.74,0.034,3.212,9.93,10.577,1.08,2.23,,,0.715021,0.083327,0,2,7,2039.806314
HD 19373_2,HD 19373,0.724,0.048,1.483,3.085,10.577,1.08,2.23,0.064641,154.365977,0.700637,0.367224,1,4,7,2039.806314
HD 19373_3,HD 19373,0.676,0.061,1.037,1.075,10.577,1.08,2.23,,,0.635107,0.722872,0,1,7,2039.806314
HD 19373_6,HD 19373,0.114,0.04,2.433,8.086,10.577,1.08,2.23,,,0.114994,0.864114,0,0,7,2039.806314
HD 19373_7,HD 19373,2.87,0.048,1.622,2.945,10.577,1.08,2.23,0.281109,182.550382,2.99109,0.250696,1,7,7,2039.806314
HD 95735_0,HD 95735,0.673,0.041,0.901,1.876,2.546,0.44,0.02,0.19574,77.457799,0.647372,0.682604,1,7,8,2039.807684
HD 95735_2,HD 95735,0.392,0.078,0.638,0.252,2.546,0.44,0.02,,,0.388762,0.00601,0,6,8,2039.807684
HD 95735_3,HD 95735,0.164,0.146,0.847,1.655,2.546,0.44,0.02,,,0.140086,0.568578,0,2,8,2039.807684
HD 95735_4,HD 95735,2.481,0.023,1.454,2.402,2.546,0.44,0.02,0.452916,202.30753,2.537373,0.903527,1,7,8,2039.807684
HD 95735_6,HD 95735,0.163,0.047,1.008,2.764,2.546,0.44,0.02,,,0.159094,0.799476,0,2,8,2039.807684
HD 43386_0,HD 43386,2.541,0.037,0.504,0.177,19.588,1.33,2.957,0.092971,293.327242,2.497698,0.74508,1,3,7,2039.831729
HD 43386_1,HD 43386,1.141,0.101,1.584,2.873,19.588,1.33,2.957,,,1.036572,0.576745,0,0,7,2039.831729
HD 43386_3,HD 43386,0.289,0.045,1.072,0.429,19.588,1.33,2.957,,,0.295279,0.008967,0,0,7,2039.831729
HD 142373_0,HD 142373,1.268,0.168,0.757,0.148,15.898,1.08,3.136,,,1.05826,0.03282,0,3,6,2039.846022
HD 142373_1,HD 142373,1.76,0.092,0.868,0.535,15.898,1.08,3.136,0.087389,350.163677,1.615825,0.086125,1,6,6,2039.846022
HD 142373_2,HD 142373,0.834,0.129,2.923,6.259,15.898,1.08,3.136,,,0.934625,0.512462,0,0,6,2039.846022
HD 142373_4,HD 142373,1.161,0.006,1.265,2.536,15.898,1.08,3.136,0.075912,263.844853,1.15412,0.294607,1,3,6,2039.846022
HD 142373_6,HD 142373,4.705,0.105,0.947,0.923,15.898,1.08,3.136,0.276636,103.22729,4.496075,0.434664,1,1,6,2039.846022
HD 142373_7,HD 142373,1.878,0.051,2.611,6.816,15.898,1.08,3.136,0.104597,0.679871,1.853106,0.500899,1,4,6,2039.846022
HD 142373_8,HD 142373,3.092,0.053,1.805,7.326,15.898,1.08,3.136,0.206102,123.984805,3.170681,0.338351,1,5,6,2039.846022
HD 17206_0,HD 17206,1.742,0.09,0.885,1.25,14.276,1.21,2.617,0.11083,318.332588,1.587868,0.477437,1,7,7,2039.852775
HD 17206_1,HD 17206,0.879,0.039,2.253,5.781,14.276,1.21,2.617,,,0.846706,0.769454,0,3,7,2039.852775
HD 17206_2,HD 17206,0.485,0.035,0.762,0.888,14.276,1.21,2.617,,,0.495294,0.551276,0,0,7,2039.852775
HD 84117_2,HD 84117,0.48,0.183,0.807,0.707,14.951,1.14,1.977,,,0.497389,0.569188,0,0,7,2039.868735
HD 84117_3,HD 84117,2.469,0.127,0.583,0.157,14.951,1.14,1.977,0.144195,106.35782,2.159142,0.317607,1,3,7,2039.868735
HD 84117_5,HD 84117,2.421,0.095,0.605,0.239,14.951,1.14,1.977,0.147939,27.172814,2.265971,0.382875,1,6,7,2039.868735
HD 88230_0,HD 88230,1.858,0.024,1.413,3.961,4.871,0.63,0.103,0.277496,331.776577,1.884334,0.048402,1,8,8,2039.877251
HD 88230_1,HD 88230,0.369,0.102,2.613,14.391,4.871,0.63,0.103,0.071248,304.61672,0.362787,0.277894,1,4,8,2039.877251
HD 88230_2,HD 88230,0.941,0.058,0.511,0.079,4.871,0.63,0.103,0.065664,79.030125,0.960033,0.946561,1,8,8,2039.877251
HD 88230_3,HD 88230,1.397,0.055,1.541,3.057,4.871,0.63,0.103,0.263015,126.883092,1.344315,0.175445,1,8,8,2039.877251
HD 88230_4,HD 88230,0.683,0.12,0.831,0.221,4.871,0.63,0.103,0.141059,83.84185,0.730287,0.165585,1,5,8,2039.877251
HD 88230_5,HD 88230,2.552,0.09,1.594,2.912,4.871,0.63,0.103,0.432946,22.804564,2.770103,0.713521,1,8,8,2039.877251
HD 88230_6,HD 88230,2.842,0.103,0.661,0.567,4.871,0.63,0.103,0.52919,32.544185,2.602594,0.369267,1,5,8,2039.877251
HD 58855_0,HD 58855,3.917,0.055,2.746,11.124,20.402,1.16,2.445,0.11025,305.927476,3.710373,0.026887,1,6,7,2039.880848
HD 58855_3,HD 58855,0.12,0.023,0.846,0.314,20.402,1.16,2.445,,,0.11729,0.776302,0,0,7,2039.880848
HD 58855_4,HD 58855,1.787,0.062,0.53,0.101,20.402,1.16,2.445,0.066916,307.094861,1.698211,0.613749,1,2,7,2039.880848
HD 58855_5,HD 58855,2.753,0.078,0.74,0.361,20.402,1.16,2.445,0.081357,356.659393,2.761115,0.842371,1,5,7,2039.880848
HD 58855_6,HD 58855,3.408,0.008,0.67,0.197,20.402,1.16,2.445,,,3.434182,0.139439,0,3,7,2039.880848
HD 58855_7,HD 58855,0.511,0.017,1.169,2.72,20.402,1.16,2.445,,,0.505475,0.927255,0,0,7,2039.880848
HD 58855_8,HD 58855,3.679,0.02,1.665,3.725,20.402,1.16,2.445,,,3.746893,0.077373,0,5,7,2039.880848
HD 156274 A_3,HD 156274 A,4.433,0.138,1.608,3.519,8.791,0.9,0.452,0.442655,62.105357,4.152039,0.17708,1,2,6,2039.905429
HD 30652_0,HD 30652,0.357,0.032,0.524,0.119,8.068,1.25,2.71,,,0.357349,0.508679,0,0,7,2039.917457
HD 30652_1,HD 30652,3.379,0.099,2.314,9.159,8.068,1.25,2.71,0.387686,173.341868,3.146475,0.348312,1,6,7,2039.917457
HD 30652_2,HD 30652,1.418,0.081,1.563,7.047,8.068,1.25,2.71,0.153463,150.324404,1.304623,0.178648,1,7,7,2039.917457
HD 30652_3,HD 30652,3.27,0.133,2.129,5.731,8.068,1.25,2.71,0.365977,220.530393,3.145526,0.155927,1,7,7,2039.917457
HD 30652_4,HD 30652,2.754,0.119,2.49,10.16,8.068,1.25,2.71,0.360678,29.450879,2.944996,0.3627,1,7,7,2039.917457
HD 202560_0,HD 202560,0.846,0.075,1.59,2.013,3.97,0.59,0.083,0.218095,133.391359,0.896822,0.183419,1,7,8,2039.937832
HD 202560_1,HD 202560,0.552,0.052,0.674,0.125,3.97,0.59,0.083,0.125466,354.17589,0.523318,0.250241,1,8,8,2039.937832
HD 202560_3,HD 202560,0.867,0.117,1.589,3.604,3.97,0.59,0.083,0.181953,227.971178,0.765786,0.181121,1,8,8,2039.937832
HD 202560_4,HD 202560,2.302,0.14,0.558,0.251,3.97,0.59,0.083,,,2.134351,0.11629,0,3,8,2039.937832
HD 202560_5,HD 202560,3.244,0.082,0.847,0.372,3.97,0.59,0.083,0.68296,278.625877,2.984568,0.545069,1,4,8,2039.937832
HD 202560_6,HD 202560,0.414,0.085,0.785,0.225,3.97,0.59,0.083,0.10871,339.726691,0.44204,0.433395,1,8,8,2039.937832
HD 53705_0,HD 53705,0.273,0.081,1.735,2.717,17.059,1.04,1.49,,,0.277625,0.331739,0,0,7,2039.94107
HD 53705_1,HD 53705,2.604,0.083,3.306,16.05,17.059,1.04,1.49,0.152891,159.517602,2.747421,0.196197,1,7,7,2039.94107
HD 53705_2,HD 53705,1.597,0.089,2.478,13.971,17.059,1.04,1.49,0.077767,337.551265,1.581418,0.61471,1,6,7,2039.94107
HD 53705_3,HD 53705,0.715,0.026,1.359,2.038,17.059,1.04,1.49,,,0.696414,0.144926,0,0,7,2039.94107
HD 53705_4,HD 53705,0.527,0.092,2.437,10.745,17.059,1.04,1.49,,,0.499286,0.531536,0,0,7,2039.94107
HD 26965 A_1,HD 26965 A,0.482,0.058,1.38,2.403,5.01,0.86,0.41,0.07795,299.551925,0.454141,0.668938,1,8,8,2039.957514
HD 26965 A_2,HD 26965 A,0.345,0.049,0.5,0.06,5.01,0.86,0.41,0.063112,329.662919,0.340013,0.481978,1,8,8,2039.957514
HD 131977_0,HD 131977,2.114,0.033,1.305,3.47,5.886,0.72,0.223,0.352617,227.009607,2.179201,0.168003,1,6,6,2039.961813
HD 165499_0,HD 165499,3.777,0.071,0.637,0.161,17.753,1.08,1.731,,,3.723812,0.967386,0,1,7,2039.996918
HD 165499_1,HD 165499,0.192,0.04,0.654,0.106,17.753,1.08,1.731,,,0.184428,0.94479,0,0,7,2039.996918
HD 165499_3,HD 165499,0.221,0.065,0.75,0.229,17.753,1.08,1.731,,,0.219297,0.011893,0,0,7,2039.996918
HD 165499_4,HD 165499,1.569,0.062,3.377,24.497,17.753,1.08,1.731,0.074634,173.293736,1.633149,0.639901,1,6,7,2039.996918
HD 128167_0,HD 128167,1.283,0.14,1.15,1.29,15.756,1.39,3.182,0.070346,266.937863,1.105943,0.290011,1,4,7,2040.001564
HD 128167_2,HD 128167,3.433,0.063,1.328,2.483,15.756,1.39,3.182,,,3.220593,0.040287,0,5,7,2040.001564
HD 128167_3,HD 128167,4.878,0.117,2.132,5.678,15.756,1.39,3.182,0.246357,156.808093,4.492169,0.108217,1,7,7,2040.001564
HD 128167_4,HD 128167,1.323,0.044,1.923,2.477,15.756,1.39,3.182,0.088282,55.15954,1.339617,0.288168,1,4,7,2040.001564
HD 17051_0,HD 17051,1.593,0.055,0.8,0.166,17.357,1.14,1.737,,,1.506012,0.019841,0,5,7,2040.004912
HD 17051_1,HD 17051,2.146,0.107,1.035,0.971,17.357,1.14,1.737,0.066369,196.391443,1.919049,0.821569,1,5,7,2040.004912
HD 17051_2,HD 17051,4.311,0.108,1.302,2.591,17.357,1.14,1.737,0.238265,175.042112,4.592237,0.576124,1,4,7,2040.004912
HD 160691_0,HD 160691,1.46,0.051,0.67,0.675,15.604,1.0,1.899,0.065979,19.975572,1.51628,0.788424,1,7,7,2040.01121
HD 160691_1,HD 160691,0.274,0.085,0.88,0.645,15.604,1.0,1.899,,,0.285558,0.116098,0,0,7,2040.01121
HD 160691_2,HD 160691,0.346,0.144,0.58,0.053,15.604,1.0,1.899,,,0.323132,0.039684,0,0,7,2040.01121
HD 160691_3,HD 160691,0.123,0.058,0.556,0.091,15.604,1.0,1.899,,,0.128297,0.876096,0,0,7,2040.01121
HD 160691_4,HD 160691,2.415,0.073,1.777,2.687,15.604,1.0,1.899,0.091547,278.215286,2.341305,0.031971,1,4,7,2040.01121
HD 160691_6,HD 160691,2.937,0.058,2.424,6.338,15.604,1.0,1.899,,,3.088781,0.009299,0,4,7,2040.01121
HD 160691_7,HD 160691,3.23,0.098,2.375,5.354,15.604,1.0,1.899,0.18275,197.252053,3.038768,0.544693,1,6,7,2040.01121
HD 140538 A_0,HD 140538 A,2.088,0.047,0.685,0.069,14.793,0.94,0.834,,,1.997214,0.011628,0,2,6,2040.023876
HD 140538 A_1,HD 140538 A,0.512,0.053,2.798,18.338,14.793,0.94,0.834,,,0.537227,0.136815,0,0,6,2040.023876
HD 140538 A_2,HD 140538 A,4.137,0.053,0.916,0.304,14.793,0.94,0.834,,,4.269395,0.03704,0,4,6,2040.023876
HD 90839_0,HD 90839,3.665,0.022,0.781,0.186,12.945,1.18,1.605,0.250192,215.49531,3.603466,0.591081,1,2,6,2040.040354
HD 90839_1,HD 90839,0.191,0.094,1.403,2.751,12.945,1.18,1.605,,,0.198332,0.649259,0,0,6,2040.040354
HD 90839_2,HD 90839,3.378,0.112,1.125,1.619,12.945,1.18,1.605,0.178996,111.406225,3.047855,0.716168,1,4,6,2040.040354
HD 90839_5,HD 90839,0.15,0.051,2.273,4.226,12.945,1.18,1.605,,,0.156656,0.617448,0,0,6,2040.040354
HD 201091_1,HD 201091,1.051,0.108,0.699,0.293,3.497,0.68,0.142,0.292386,337.063713,1.089971,0.175734,1,6,6,2040.064552
HD 201091_2,HD 201091,2.964,0.153,0.94,0.359,3.497,0.68,0.142,0.826888,356.339169,3.114859,0.150683,1,5,6,2040.064552
HD 201091_4,HD 201091,2.241,0.067,3.013,8.159,3.497,0.68,0.142,0.616782,186.185151,2.194808,0.231466,1,4,6,2040.064552
HD 50692_0,HD 50692,3.95,0.04,2.831,10.297,17.405,1.08,1.293,0.2173,271.631054,3.797502,0.38287,1,5,6,2040.072418
HD 50692_1,HD 50692,0.28,0.064,0.734,0.092,17.405,1.08,1.293,,,0.26212,0.187624,0,0,6,2040.072418
HD 50692_2,HD 50692,0.513,0.081,1.798,3.652,17.405,1.08,1.293,,,0.553691,0.291155,0,0,6,2040.072418
HD 50692_3,HD 50692,0.925,0.032,2.849,9.197,17.405,1.08,1.293,,,0.895872,0.781808,0,0,6,2040.072418
HD 201092_1,HD 201092,2.708,0.059,2.37,8.514,3.496,0.63,0.078,0.636623,47.773002,2.684667,0.648416,1,6,6,2040.099388
HD 4628_0,HD 4628,0.299,0.054,1.741,4.304,7.435,0.78,0.3,,,0.283793,0.231035,0,0,6,2040.103556
HD 4628_1,HD 4628,4.258,0.031,1.273,1.784,7.435,0.78,0.3,0.26809,135.614484,4.281375,0.894433,1,3,6,2040.103556
HD 4628_4,HD 4628,4.069,0.034,0.981,0.876,7.435,0.78,0.3,0.527365,258.886779,3.938817,0.354925,1,6,6,2040.103556
HD 4628_5,HD 4628,3.681,0.025,0.897,0.617,7.435,0.78,0.3,0.377045,51.378366,3.765988,0.724188,1,3,6,2040.103556
HD 4628_6,HD 4628,1.476,0.055,1.942,4.324,7.435,0.78,0.3,0.161636,86.336149,1.549867,0.694824,1,6,6,2040.103556
HD 100623 A_0,HD 100623 A,4.014,0.105,2.503,8.448,9.559,0.88,0.37,0.383506,284.349494,3.985509,0.539106,1,4,6,2040.119008
HD 100623 A_2,HD 100623 A,0.102,0.086,0.559,0.245,9.559,0.88,0.37,,,0.098475,0.29296,0,0,6,2040.119008
HD 100623 A_3,HD 100623 A,4.384,0.075,1.441,2.214,9.559,0.88,0.37,,,4.089231,0.014548,0,5,6,2040.119008
HD 100623 A_4,HD 100623 A,2.524,0.072,0.66,0.613,9.559,0.88,0.37,,,2.643032,0.114171,0,2,6,2040.119008
HD 100623 A_5,HD 100623 A,4.18,0.038,0.734,0.337,9.559,0.88,0.37,,,4.252912,0.11864,0,3,6,2040.119008
HD 100623 A_6,HD 100623 A,0.362,0.165,0.555,0.359,9.559,0.88,0.37,,,0.334628,0.413259,0,0,6,2040.119008
HD 100623 A_7,HD 100623 A,4.073,0.068,1.365,1.972,9.559,0.88,0.37,0.39737,316.720025,4.348456,0.605589,1,5,6,2040.119008
HD 216803_1,HD 216803,3.539,0.087,2.035,5.879,7.601,0.72,0.196,0.459801,280.257012,3.508581,0.339406,1,6,6,2040.120377
HD 216803_3,HD 216803,0.104,0.044,0.893,0.284,7.601,0.72,0.196,,,0.100207,0.297308,0,0,6,2040.120377
HD 216803_4,HD 216803,2.738,0.038,2.631,12.08,7.601,0.72,0.196,,,2.7503,0.999959,0,5,6,2040.120377
HD 216803_5,HD 216803,0.109,0.06,0.686,0.431,7.601,0.72,0.196,,,0.111386,0.62533,0,0,6,2040.120377
HD 216803_6,HD 216803,0.431,0.071,1.431,2.693,7.601,0.72,0.196,,,0.442602,0.096334,0,0,6,2040.120377
HD 32147_1,HD 32147,0.121,0.122,1.044,1.526,8.844,0.75,0.29,,,0.108452,0.029659,0,0,6,2040.121747
HD 32147_2,HD 32147,3.272,0.062,1.942,2.786,8.844,0.75,0.29,,,3.279763,0.030635,0,5,6,2040.121747
HD 95128_1,HD 95128,2.285,0.074,0.586,0.282,13.887,1.07,1.577,0.153924,29.865773,2.181785,0.235025,1,5,7,2040.18732
HD 95128_2,HD 95128,4.586,0.035,0.538,0.083,13.887,1.07,1.577,,,4.472297,0.833134,0,0,7,2040.18732
HD 95128_3,HD 95128,0.343,0.031,2.771,10.086,13.887,1.07,1.577,,,0.340987,0.650668,0,0,7,2040.18732
HD 95128_4,HD 95128,2.15,0.173,1.218,6.511,13.887,1.07,1.577,0.079191,15.455634,2.118395,0.88638,1,4,7,2040.18732
HD 95128_5,HD 95128,0.6,0.105,2.299,8.137,13.887,1.07,1.577,,,0.539559,0.150282,0,0,7,2040.18732
HD 95128_6,HD 95128,0.335,0.024,2.419,8.582,13.887,1.07,1.577,,,0.333766,0.107248,0,0,7,2040.18732
HD 95128_7,HD 95128,0.847,0.089,1.394,3.129,13.887,1.07,1.577,0.060858,269.165729,0.919942,0.341066,1,2,7,2040.18732
HD 95128_8,HD 95128,0.588,0.034,2.182,8.46,13.887,1.07,1.577,,,0.56901,0.555964,0,0,7,2040.18732
HD 46588 A_0,HD 46588 A,1.961,0.092,1.375,5.123,18.202,1.18,1.826,0.103741,165.641273,1.847279,0.238752,1,7,7,2040.189739
HD 46588 A_2,HD 46588 A,0.149,0.051,1.651,3.767,18.202,1.18,1.826,,,0.155744,0.528808,0,0,7,2040.189739
HD 46588 A_4,HD 46588 A,0.634,0.042,1.252,1.899,18.202,1.18,1.826,,,0.611942,0.660276,0,0,7,2040.189739
HD 46588 A_5,HD 46588 A,0.119,0.052,0.593,0.101,18.202,1.18,1.826,,,0.123842,0.327128,0,0,7,2040.189739
HD 46588 A_6,HD 46588 A,0.647,0.045,2.121,5.747,18.202,1.18,1.826,,,0.641442,0.029001,0,0,7,2040.189739
HD 46588 A_7,HD 46588 A,1.085,0.088,1.256,5.584,18.202,1.18,1.826,,,0.990506,0.928974,0,0,7,2040.189739
HD 46588 A_8,HD 46588 A,2.008,0.017,0.521,0.08,18.202,1.18,1.826,,,2.037705,0.048073,0,3,7,2040.189739
HD 1581_1,HD 1581,1.541,0.046,2.633,10.663,8.607,1.11,1.262,0.13684,327.076534,1.472849,0.693876,1,8,8,2040.191109
HD 1581_2,HD 1581,0.181,0.101,0.988,1.538,8.607,1.11,1.262,,,0.164671,0.001424,0,0,8,2040.191109
HD 1581_3,HD 1581,1.491,0.126,2.76,10.6,8.607,1.11,1.262,0.134992,110.43337,1.675617,0.050648,1,5,8,2040.191109
HD 1581_4,HD 1581,0.208,0.109,2.378,6.033,8.607,1.11,1.262,,,0.187109,0.114166,0,0,8,2040.191109
HD 84737_0,HD 84737,0.596,0.087,1.352,1.551,18.823,1.08,2.795,,,0.627995,0.560554,0,0,7,2040.213808
HD 84737_1,HD 84737,3.025,0.071,1.189,1.926,18.823,1.08,2.795,0.111663,119.831241,2.816614,0.694563,1,3,7,2040.213808
HD 84737_2,HD 84737,1.078,0.014,1.079,0.698,18.823,1.08,2.795,,,1.088734,0.067439,0,0,7,2040.213808
HD 84737_3,HD 84737,3.774,0.025,0.833,0.848,18.823,1.08,2.795,0.078042,350.691747,3.750293,0.93391,1,4,7,2040.213808
HD 84737_4,HD 84737,0.254,0.074,3.133,13.741,18.823,1.08,2.795,,,0.236158,0.75871,0,0,7,2040.213808
HD 84737_5,HD 84737,2.993,0.205,0.508,0.086,18.823,1.08,2.795,,,3.254014,0.440585,0,0,7,2040.213808
HD 34411_0,HD 34411,0.295,0.082,3.192,8.429,12.562,1.08,1.732,,,0.311129,0.424424,0,0,8,2040.222109
HD 34411_1,HD 34411,1.539,0.078,0.897,0.713,12.562,1.08,1.732,0.113477,145.079896,1.628975,0.13463,1,7,8,2040.222109
HD 34411_3,HD 34411,1.691,0.074,0.798,0.808,12.562,1.08,1.732,0.141013,297.304639,1.782871,0.269519,1,7,8,2040.222109
HD 43042_0,HD 43042,4.095,0.078,0.558,0.185,21.776,1.29,2.936,,,4.323684,0.082914,0,2,7,2040.234973
HD 43042_1,HD 43042,0.434,0.11,0.533,0.05,21.776,1.29,2.936,,,0.479211,0.005669,0,0,7,2040.234973
HD 43042_3,HD 43042,0.724,0.14,0.733,0.758,21.776,1.29,2.936,,,0.645944,0.078469,0,0,7,2040.234973
HD 22484_0,HD 22484,0.838,0.146,1.142,1.607,13.92,1.14,3.068,,,0.746215,0.653057,0,0,7,2040.258624
HD 22484_1,HD 22484,1.12,0.109,1.996,7.679,13.92,1.14,3.068,,,1.007998,0.852349,0,5,7,2040.258624
HD 22484_2,HD 22484,0.469,0.117,1.765,3.166,13.92,1.14,3.068,,,0.458329,0.432484,0,0,7,2040.258624
HD 22484_5,HD 22484,4.456,0.081,0.516,0.034,13.92,1.14,3.068,,,4.813338,0.743763,0,0,7,2040.258624
HD 22484_7,HD 22484,3.201,0.074,0.943,1.501,13.92,1.14,3.068,0.218935,231.938713,2.991,0.300932,1,5,7,2040.258624
HD 136352_0,HD 136352,1.127,0.083,0.501,0.05,14.739,1.02,1.029,,,1.075254,0.063966,0,6,7,2040.275346
HD 136352_2,HD 136352,0.995,0.082,1.549,3.519,14.739,1.02,1.029,0.0627,174.66037,0.985811,0.545986,1,1,7,2040.275346
HD 136352_3,HD 136352,3.774,0.069,2.041,4.78,14.739,1.02,1.029,0.251081,0.715574,4.018834,0.144126,1,7,7,2040.275346
HD 136352_4,HD 136352,1.831,0.068,0.826,0.342,14.739,1.02,1.029,0.129588,349.345358,1.873606,0.298517,1,7,7,2040.275346
HD 20794_0,HD 20794,4.322,0.17,2.962,5.742,6.041,0.97,0.654,0.732055,328.512238,4.634977,0.488507,1,5,7,2040.279048
HD 20794_1,HD 20794,2.398,0.095,1.302,2.525,6.041,0.97,0.654,0.321814,283.336202,2.624606,0.730398,1,6,7,2040.279048
HD 86728 A_0,HD 86728 A,0.138,0.113,0.53,0.078,14.926,1.0,1.378,,,0.15359,0.998951,0,0,7,2040.289307
HD 86728 A_1,HD 86728 A,1.194,0.049,0.519,0.144,14.926,1.0,1.378,,,1.247442,0.032779,0,4,7,2040.289307
HD 86728 A_2,HD 86728 A,1.586,0.024,0.736,0.367,14.926,1.0,1.378,0.104472,22.516735,1.619175,0.486428,1,6,7,2040.289307
HD 86728 A_3,HD 86728 A,0.34,0.077,0.971,1.901,14.926,1.0,1.378,,,0.337185,0.381936,0,0,7,2040.289307
HD 86728 A_4,HD 86728 A,3.143,0.15,2.985,16.709,14.926,1.0,1.378,0.10024,334.314197,2.770542,0.863261,1,6,7,2040.289307
HD 86728 A_5,HD 86728 A,0.238,0.132,1.155,6.008,14.926,1.0,1.378,,,0.219354,0.018699,0,0,7,2040.289307
HD 86728 A_6,HD 86728 A,2.84,0.137,2.462,3.621,14.926,1.0,1.378,0.143551,170.55746,2.850906,0.719659,1,7,7,2040.289307
HD 10700_0,HD 10700,1.625,0.099,0.563,0.087,3.652,0.94,0.506,0.410632,189.385003,1.646894,0.139642,1,8,8,2040.290677
HD 143761_0,HD 143761,2.268,0.052,0.622,0.131,17.511,0.97,1.812,,,2.225462,0.078623,0,3,7,2040.319742
HD 143761_3,HD 143761,0.463,0.017,0.834,0.619,17.511,0.97,1.812,,,0.456034,0.483843,0,0,7,2040.319742
HD 143761_4,HD 143761,1.096,0.157,0.808,0.895,17.511,0.97,1.812,,,1.007172,0.030972,0,4,7,2040.319742
HD 143761_5,HD 143761,0.834,0.096,1.155,1.684,17.511,0.97,1.812,,,0.829632,0.254038,0,0,7,2040.319742
HD 143761_7,HD 143761,2.609,0.089,2.154,12.289,17.511,0.97,1.812,,,2.817182,0.004644,0,5,7,2040.319742
HD 19373_0,HD 19373,0.74,0.034,3.212,9.93,10.577,1.08,2.23,,,0.718467,0.025076,0,2,8,2040.356681
HD 19373_2,HD 19373,0.724,0.048,1.483,3.085,10.577,1.08,2.23,0.062822,179.633,0.691517,0.201895,1,5,8,2040.356681
HD 19373_3,HD 19373,0.676,0.061,1.037,1.075,10.577,1.08,2.23,,,0.636868,0.799694,0,1,8,2040.356681
HD 19373_6,HD 19373,0.114,0.04,2.433,8.086,10.577,1.08,2.23,,,0.11153,0.590806,0,0,8,2040.356681
HD 19373_7,HD 19373,2.87,0.048,1.622,2.945,10.577,1.08,2.23,0.280707,148.282615,3.004758,0.403136,1,8,8,2040.356681
HD 190360_0,HD 190360,0.922,0.17,1.79,3.759,16.003,0.96,1.165,0.07017,302.287101,1.076271,0.280474,1,1,7,2040.360108
HD 190360_1,HD 190360,3.764,0.081,1.071,1.582,16.003,0.96,1.165,0.212422,161.108213,3.576763,0.493617,1,5,7,2040.360108
HD 190360_3,HD 190360,3.632,0.139,2.733,10.267,16.003,0.96,1.165,0.156503,94.548193,3.229737,0.078037,1,6,7,2040.360108
HD 190360_4,HD 190360,1.735,0.021,0.534,0.045,16.003,0.96,1.165,,,1.745272,0.126186,0,6,7,2040.360108
HD 190360_5,HD 190360,0.581,0.08,1.934,2.88,16.003,0.96,1.165,,,0.627448,0.731627,0,0,7,2040.360108
HD 141004_0,HD 141004,2.629,0.092,2.901,8.518,11.916,1.09,2.004,,,2.508552,0.001167,0,4,7,2040.376009
HD 141004_1,HD 141004,0.651,0.071,0.654,0.168,11.916,1.09,2.004,,,0.627931,0.249649,0,0,7,2040.376009
HD 141004_2,HD 141004,4.426,0.098,1.019,2.941,11.916,1.09,2.004,0.376155,132.645312,4.840824,0.523449,1,2,7,2040.376009
HD 141004_3,HD 141004,4.115,0.06,0.578,0.125,11.916,1.09,2.004,,,4.23481,0.210858,0,0,7,2040.376009
HD 141004_4,HD 141004,3.163,0.091,1.732,4.206,11.916,1.09,2.004,0.261168,228.993723,3.371441,0.51963,1,7,7,2040.376009
HD 16895 A_0,HD 16895 A,3.595,0.047,2.816,7.544,11.15,1.21,2.246,0.303927,287.466072,3.755778,0.121268,1,7,7,2040.407514
HD 16895 A_4,HD 16895 A,4.424,0.091,1.274,1.913,11.15,1.21,2.246,0.134831,350.001157,4.385023,0.940954,1,3,7,2040.407514
HD 16895 A_5,HD 16895 A,1.554,0.05,3.144,9.969,11.15,1.21,2.246,0.089783,70.241476,1.55269,0.028296,1,7,7,2040.407514
HD 16895 A_6,HD 16895 A,0.108,0.029,0.508,0.042,11.15,1.21,2.246,,,0.105623,0.828028,0,0,7,2040.407514
HD 128620_0,HD 128620,1.567,0.074,0.945,0.738,1.332,1.11,1.521,,,1.463633,0.006873,0,4,8,2040.413557
HD 128620_1,HD 128620,1.266,0.016,1.198,6.221,1.332,1.11,1.521,0.793473,102.845035,1.270929,0.646402,1,8,8,2040.413557
HD 4614 A_0,HD 4614 A,4.718,0.051,1.358,3.151,5.01,1.14,1.252,0.69454,185.935717,4.517128,0.701629,1,3,7,2040.425591
HD 4614 A_1,HD 4614 A,0.651,0.133,0.728,0.235,5.01,1.14,1.252,0.07783,242.892935,0.719801,0.885418,1,7,7,2040.425591
HD 4614 A_2,HD 4614 A,2.584,0.017,1.361,2.842,5.01,1.14,1.252,0.468226,191.078313,2.558838,0.148673,1,7,7,2040.425591
HD 210302_0,HD 210302,0.937,0.087,1.293,2.482,18.458,1.25,2.918,,,1.004776,0.214826,0,0,7,2040.436218
HD 210302_1,HD 210302,0.316,0.034,0.672,0.291,18.458,1.25,2.918,,,0.305795,0.004887,0,0,7,2040.436218
HD 210302_2,HD 210302,0.162,0.125,0.82,0.565,18.458,1.25,2.918,,,0.168086,0.805302,0,0,7,2040.436218
HD 210302_3,HD 210302,0.925,0.123,2.909,15.97,18.458,1.25,2.918,,,0.87078,0.140263,0,0,7,2040.436218
HD 210302_4,HD 210302,1.629,0.122,1.727,5.061,18.458,1.25,2.918,,,1.513437,0.754224,0,2,7,2040.436218
HD 693_0,HD 693,1.045,0.058,1.136,2.579,18.886,1.18,2.997,,,1.097259,0.476486,0,0,7,2040.453213
HD 693_1,HD 693,0.139,0.106,2.768,7.407,18.886,1.18,2.997,,,0.143832,0.440741,0,0,7,2040.453213
HD 693_3,HD 693,1.448,0.069,1.975,3.042,18.886,1.18,2.997,0.069092,93.914149,1.374708,0.233013,1,6,7,2040.453213
HD 693_4,HD 693,1.744,0.105,1.392,2.348,18.886,1.18,2.997,0.100737,303.611869,1.926987,0.187199,1,5,7,2040.453213
HD 693_5,HD 693,2.909,0.1,1.423,2.794,18.886,1.18,2.997,,,2.692964,0.039361,0,4,7,2040.453213
HD 693_6,HD 693,2.914,0.024,0.574,0.316,18.886,1.18,2.997,0.087615,100.020535,2.931006,0.858443,1,4,7,2040.453213
HD 693_7,HD 693,3.93,0.01,2.298,5.004,18.886,1.18,2.997,0.200672,261.818016,3.932876,0.199813,1,6,7,2040.453213
HD 23249_0,HD 23249,2.38,0.039,0.804,0.586,9.089,0.87,2.941,,,2.366216,0.051881,0,5,7,2040.467532
HD 23249_1,HD 23249,2.348,0.031,1.487,3.029,9.089,0.87,2.941,0.233988,289.649003,2.343795,0.563222,1,6,7,2040.467532
HD 58855_0,HD 58855,3.917,0.055,2.746,11.124,20.402,1.16,2.445,0.16253,282.366031,3.772202,0.135108,1,7,8,2040.478341
HD 58855_3,HD 58855,0.12,0.023,0.846,0.314,20.402,1.16,2.445,,,0.120759,0.125463,0,0,8,2040.478341
HD 58855_4,HD 58855,1.787,0.062,0.53,0.101,20.402,1.16,2.445,,,1.741312,0.001131,0,2,8,2040.478341
HD 58855_5,HD 58855,2.753,0.078,0.74,0.361,20.402,1.16,2.445,0.128556,319.1681,2.58813,0.399772,1,6,8,2040.478341
HD 58855_6,HD 58855,3.408,0.008,0.67,0.197,20.402,1.16,2.445,,,3.424493,0.052107,0,3,8,2040.478341
HD 58855_7,HD 58855,0.511,0.017,1.169,2.72,20.402,1.16,2.445,,,0.504001,0.179313,0,0,8,2040.478341
HD 58855_8,HD 58855,3.679,0.02,1.665,3.725,20.402,1.16,2.445,,,3.751565,0.01222,0,5,8,2040.478341
HD 115617_0,HD 115617,1.956,0.004,0.732,1.017,8.534,0.97,0.825,0.231972,171.184072,1.963383,0.313694,1,8,8,2040.479711
HD 115617_1,HD 115617,0.76,0.09,2.931,6.157,8.534,0.97,0.825,0.08742,249.698787,0.777104,0.515359,1,5,8,2040.479711
HD 115617_2,HD 115617,0.621,0.047,0.562,0.059,8.534,0.97,0.825,0.073358,295.277595,0.644627,0.343762,1,6,8,2040.479711
HD 115617_3,HD 115617,0.199,0.073,3.38,12.207,8.534,0.97,0.825,,,0.195211,0.181385,0,0,8,2040.479711
HD 115617_4,HD 115617,2.599,0.104,0.763,0.174,8.534,0.97,0.825,0.105576,75.069734,2.793985,0.948791,1,7,8,2040.479711
HD 115617_5,HD 115617,2.098,0.045,1.487,3.177,8.534,0.97,0.825,0.250303,149.128325,2.150116,0.312393,1,8,8,2040.479711
HD 115617_6,HD 115617,3.003,0.084,0.942,0.936,8.534,0.97,0.825,,,3.106469,0.009782,0,3,8,2040.479711
HD 109358_0,HD 109358,0.599,0.064,0.661,0.193,8.473,1.08,1.151,0.062384,184.896505,0.59255,0.448922,1,8,8,2040.501978
HD 109358_1,HD 109358,0.313,0.024,1.946,4.835,8.473,1.08,1.151,,,0.320334,0.928093,0,0,8,2040.501978
HD 109358_3,HD 109358,0.172,0.066,1.409,1.609,8.473,1.08,1.151,,,0.166463,0.573565,0,0,8,2040.501978
HD 109358_4,HD 109358,1.488,0.078,0.58,0.237,8.473,1.08,1.151,0.139881,104.061339,1.5,0.699268,1,6,8,2040.501978
HD 109358_5,HD 109358,3.968,0.05,3.285,25.806,8.473,1.08,1.151,0.275677,78.270719,4.147491,0.851496,1,6,8,2040.501978
HD 7570_0,HD 7570,3.031,0.054,1.134,3.652,15.261,1.14,2.004,0.087124,159.166527,2.897701,0.898053,1,4,7,2040.503816
HD 7570_1,HD 7570,0.15,0.071,0.941,0.218,15.261,1.14,2.004,,,0.159536,0.049682,0,0,7,2040.503816
HD 7570_2,HD 7570,1.977,0.063,1.73,3.716,15.261,1.14,2.004,0.123849,131.333579,1.90963,0.318195,1,5,7,2040.503816
HD 7570_3,HD 7570,3.034,0.079,1.364,1.913,15.261,1.14,2.004,0.155343,49.917236,3.190352,0.733735,1,6,7,2040.503816
HD 7570_4,HD 7570,0.569,0.099,0.726,0.483,15.261,1.14,2.004,,,0.515632,0.486753,0,0,7,2040.503816
HD 217987_0,HD 217987,3.278,0.032,3.1,17.272,3.287,0.49,0.036,0.941674,329.435617,3.212603,0.466668,1,6,8,2040.510685
HD 217987_1,HD 217987,0.104,0.158,2.049,6.333,3.287,0.49,0.036,,,0.093333,0.57541,0,0,8,2040.510685
HD 142860_0,HD 142860,0.405,0.081,2.385,6.459,11.254,1.25,3.039,,,0.437764,0.151569,0,0,7,2040.523496
HD 142860_2,HD 142860,3.184,0.073,1.146,0.989,11.254,1.25,3.039,0.288321,204.474433,3.261687,0.426233,1,7,7,2040.523496
HD 142860_3,HD 142860,0.465,0.068,1.963,1.786,11.254,1.25,3.039,,,0.486654,0.128891,0,0,7,2040.523496
HD 142860_5,HD 142860,0.92,0.074,2.443,8.017,11.254,1.25,3.039,0.061944,177.486791,0.852874,0.076584,1,6,7,2040.523496
HD 142860_6,HD 142860,0.627,0.092,3.102,5.436,11.254,1.25,3.039,,,0.580294,0.885247,0,0,7,2040.523496
HD 39091_1,HD 39091,3.12,0.028,1.191,1.952,18.287,1.08,1.533,,,3.164115,0.067217,0,4,7,2040.544865
HD 39091_2,HD 39091,2.865,0.029,0.677,0.089,18.287,1.08,1.533,,,2.849597,0.21687,0,3,7,2040.544865
HD 39091_3,HD 39091,3.55,0.072,1.069,0.919,18.287,1.08,1.533,,,3.378491,0.108638,0,5,7,2040.544865
HD 39091_4,HD 39091,4.534,0.027,1.234,1.811,18.287,1.08,1.533,0.240232,330.326808,4.478407,0.217471,1,3,7,2040.544865
HD 39091_5,HD 39091,1.437,0.051,1.31,1.974,18.287,1.08,1.533,0.075174,151.836539,1.388837,0.394301,1,7,7,2040.544865
HD 39091_6,HD 39091,0.67,0.012,2.604,6.457,18.287,1.08,1.533,,,0.676702,0.128322,0,0,7,2040.544865
HD 149661_2,HD 149661,2.991,0.073,1.285,2.935,9.894,0.87,0.462,0.306311,83.707746,3.147076,0.452872,1,6,7,2040.589994
HD 149661_3,HD 149661,2.364,0.065,0.7,0.315,9.894,0.87,0.462,0.252361,129.462898,2.453221,0.325905,1,3,7,2040.589994
HD 149661_5,HD 149661,3.155,0.051,2.936,7.428,9.894,0.87,0.462,0.175768,351.093569,3.000898,0.834604,1,6,7,2040.589994
HD 10780_0,HD 10780,0.841,0.11,1.077,1.181,10.041,0.9,0.516,0.074916,211.704489,0.78186,0.539477,1,8,8,2040.610438
HD 10780_3,HD 10780,2.25,0.098,1.348,1.367,10.041,0.9,0.516,0.236591,89.528202,2.402476,0.229093,1,7,8,2040.610438
HD 10780_4,HD 10780,2.669,0.102,2.513,12.001,10.041,0.9,0.516,0.234324,71.250484,2.710222,0.106573,1,8,8,2040.610438
HD 4628_0,HD 4628,0.299,0.054,1.741,4.304,7.435,0.78,0.3,,,0.294921,0.004445,0,0,7,2040.611808
HD 4628_1,HD 4628,4.258,0.031,1.273,1.784,7.435,0.78,0.3,0.20183,95.997933,4.320796,0.941989,1,4,7,2040.611808
HD 4628_4,HD 4628,4.069,0.034,0.981,0.876,7.435,0.78,0.3,0.534281,238.093137,3.963125,0.355057,1,7,7,2040.611808
HD 4628_5,HD 4628,3.681,0.025,0.897,0.617,7.435,0.78,0.3,0.23708,36.014542,3.7461,0.892251,1,4,7,2040.611808
HD 4628_6,HD 4628,1.476,0.055,1.942,4.324,7.435,0.78,0.3,0.147062,51.719307,1.44422,0.054463,1,7,7,2040.611808
HD 128167_0,HD 128167,1.283,0.14,1.15,1.29,15.756,1.39,3.182,0.093516,87.663542,1.460301,0.320818,1,5,8,2040.62547
HD 128167_2,HD 128167,3.433,0.063,1.328,2.483,15.756,1.39,3.182,0.201316,179.642321,3.308178,0.202715,1,6,8,2040.62547
HD 128167_3,HD 128167,4.878,0.117,2.132,5.678,15.756,1.39,3.182,,,4.716201,0.031601,0,7,8,2040.62547
HD 128167_4,HD 128167,1.323,0.044,1.923,2.477,15.756,1.39,3.182,0.080893,238.672607,1.31728,0.231063,1,5,8,2040.62547
HD 46588 A_0,HD 46588 A,1.961,0.092,1.375,5.123,18.202,1.18,1.826,0.108981,99.034133,2.037832,0.21183,1,8,8,2040.636203
HD 46588 A_2,HD 46588 A,0.149,0.051,1.651,3.767,18.202,1.18,1.826,,,0.141403,0.04338,0,0,8,2040.636203
HD 46588 A_4,HD 46588 A,0.634,0.042,1.252,1.899,18.202,1.18,1.826,,,0.616489,0.529219,0,0,8,2040.636203
HD 46588 A_5,HD 46588 A,0.119,0.052,0.593,0.101,18.202,1.18,1.826,,,0.115158,0.31477,0,0,8,2040.636203
HD 46588 A_6,HD 46588 A,0.647,0.045,2.121,5.747,18.202,1.18,1.826,,,0.629927,0.007979,0,0,8,2040.636203
HD 46588 A_7,HD 46588 A,1.085,0.088,1.256,5.584,18.202,1.18,1.826,,,1.176481,0.001587,0,0,8,2040.636203
HD 46588 A_8,HD 46588 A,2.008,0.017,0.521,0.08,18.202,1.18,1.826,,,2.007765,0.092651,0,3,8,2040.636203
HD 203608_0,HD 203608,2.203,0.092,1.79,3.488,9.258,1.14,1.466,0.186878,138.098846,2.078459,0.624853,1,8,8,2040.640221
HD 203608_1,HD 203608,2.342,0.1,0.502,0.104,9.258,1.14,1.466,,,2.41394,0.271625,0,4,8,2040.640221
HD 203608_2,HD 203608,2.74,0.062,1.086,1.189,9.258,1.14,1.466,,,2.577893,0.022426,0,6,8,2040.640221
HD 203608_5,HD 203608,4.293,0.038,0.929,0.698,9.258,1.14,1.466,0.140846,6.397988,4.131112,0.953856,1,3,8,2040.640221
HD 203608_6,HD 203608,0.526,0.072,0.985,0.486,9.258,1.14,1.466,0.055581,174.026437,0.56277,0.252221,1,1,8,2040.640221
HD 102365_0,HD 102365,1.154,0.024,2.235,11.472,9.319,1.02,0.844,0.11621,26.011521,1.179077,0.563727,1,8,8,2040.676107
HD 102365_1,HD 102365,4.021,0.031,1.113,0.834,9.319,1.02,0.844,0.384859,163.409561,3.986929,0.567667,1,4,8,2040.676107
HD 102365_2,HD 102365,0.113,0.031,0.976,0.303,9.319,1.02,0.844,,,0.11494,0.719821,0,0,8,2040.676107
HD 140538 A_0,HD 140538 A,2.088,0.047,0.685,0.069,14.793,0.94,0.834,0.134165,209.114039,2.040004,0.519387,1,3,7,2040.71275
HD 140538 A_1,HD 140538 A,0.512,0.053,2.798,18.338,14.793,0.94,0.834,,,0.533008,0.615204,0,0,7,2040.71275
HD 140538 A_2,HD 140538 A,4.137,0.053,0.916,0.304,14.793,0.94,0.834,,,4.335066,0.00607,0,4,7,2040.71275
HD 187691 A_0,HD 187691 A,3.127,0.076,1.475,4.454,19.488,1.25,2.835,0.151596,83.835207,3.260979,0.16203,1,8,8,2040.71789
HD 187691 A_1,HD 187691 A,2.61,0.091,1.018,1.386,19.488,1.25,2.835,0.115962,76.372546,2.660847,0.605066,1,5,8,2040.71789
HD 187691 A_2,HD 187691 A,3.249,0.037,0.764,1.364,19.488,1.25,2.835,0.120152,196.035633,3.362488,0.775501,1,5,8,2040.71789
HD 187691 A_3,HD 187691 A,2.018,0.038,2.654,10.557,19.488,1.25,2.835,0.101633,253.354836,2.002194,0.437749,1,4,8,2040.71789
HD 212330 A_0,HD 212330 A,1.747,0.031,3.281,9.208,20.34,1.02,2.726,0.088336,326.062628,1.793523,0.415679,1,4,7,2040.72612
HD 20807_0,HD 20807,0.337,0.072,1.793,3.234,12.039,1.07,1.017,,,0.361077,0.143432,0,0,8,2040.764508
HD 20807_1,HD 20807,1.546,0.069,0.954,0.846,12.039,1.07,1.017,0.120449,217.023175,1.606539,0.597603,1,8,8,2040.764508
HD 20807_2,HD 20807,2.979,0.055,2.038,8.298,12.039,1.07,1.017,,,3.123619,0.013905,0,5,8,2040.764508
HD 17051_0,HD 17051,1.593,0.055,0.8,0.166,17.357,1.14,1.737,0.082483,51.563396,1.674523,0.615667,1,6,8,2040.794487
HD 17051_1,HD 17051,2.146,0.107,1.035,0.971,17.357,1.14,1.737,0.12655,57.483435,2.224999,0.440711,1,6,8,2040.794487
HD 17051_2,HD 17051,4.311,0.108,1.302,2.591,17.357,1.14,1.737,0.17178,153.515734,4.74391,0.804942,1,5,8,2040.794487
HD 136352_0,HD 136352,1.127,0.083,0.501,0.05,14.739,1.02,1.029,0.058982,17.281378,1.171208,0.7101,1,7,8,2040.823291
HD 136352_2,HD 136352,0.995,0.082,1.549,3.519,14.739,1.02,1.029,0.064583,356.733178,0.988094,0.154543,1,2,8,2040.823291
HD 136352_3,HD 136352,3.774,0.069,2.041,4.78,14.739,1.02,1.029,0.261117,337.821115,4.033192,0.185338,1,8,8,2040.823291
HD 136352_4,HD 136352,1.831,0.068,0.826,0.342,14.739,1.02,1.029,0.102975,269.812418,1.720809,0.630427,1,8,8,2040.823291
HD 43386_0,HD 43386,2.541,0.037,0.504,0.177,19.588,1.33,2.957,0.110684,126.206689,2.472454,0.571712,1,4,8,2040.831309
HD 43386_1,HD 43386,1.141,0.101,1.584,2.873,19.588,1.33,2.957,,,1.0614,0.375709,0,0,8,2040.831309
HD 43386_3,HD 43386,0.289,0.045,1.072,0.429,19.588,1.33,2.957,,,0.291343,0.75584,0,0,8,2040.831309
HD 17206_0,HD 17206,1.742,0.09,0.885,1.25,14.276,1.21,2.617,0.128756,150.880973,1.898753,0.205279,1,8,8,2040.835766
HD 17206_1,HD 17206,0.879,0.039,2.253,5.781,14.276,1.21,2.617,0.060223,72.867901,0.882486,0.389279,1,4,8,2040.835766
HD 17206_2,HD 17206,0.485,0.035,0.762,0.888,14.276,1.21,2.617,,,0.475186,0.046668,0,0,8,2040.835766
HD 142373_0,HD 142373,1.268,0.168,0.757,0.148,15.898,1.08,3.136,0.060771,314.079134,1.302884,0.681932,1,4,7,2040.84477
HD 142373_1,HD 142373,1.76,0.092,0.868,0.535,15.898,1.08,3.136,0.096478,203.48064,1.921465,0.660503,1,7,7,2040.84477
HD 142373_2,HD 142373,0.834,0.129,2.923,6.259,15.898,1.08,3.136,,,0.740657,0.557675,0,0,7,2040.84477
HD 142373_4,HD 142373,1.161,0.006,1.265,2.536,15.898,1.08,3.136,,,1.158693,0.75593,0,3,7,2040.84477
HD 142373_6,HD 142373,4.705,0.105,0.947,0.923,15.898,1.08,3.136,0.206587,82.556354,4.807922,0.765186,1,2,7,2040.84477
HD 142373_7,HD 142373,1.878,0.051,2.611,6.816,15.898,1.08,3.136,0.117995,188.404328,1.854724,0.348065,1,5,7,2040.84477
HD 142373_8,HD 142373,3.092,0.053,1.805,7.326,15.898,1.08,3.136,0.121795,64.120063,2.985807,0.797349,1,6,7,2040.84477
HD 84117_2,HD 84117,0.48,0.183,0.807,0.707,14.951,1.14,1.977,,,0.566601,0.111119,0,0,8,2040.868662
HD 84117_3,HD 84117,2.469,0.127,0.583,0.157,14.951,1.14,1.977,0.067922,320.901923,2.593703,0.914639,1,4,8,2040.868662
HD 84117_5,HD 84117,2.421,0.095,0.605,0.239,14.951,1.14,1.977,,,2.31765,0.108699,0,6,8,2040.868662
HD 95128_1,HD 95128,2.285,0.074,0.586,0.282,13.887,1.07,1.577,0.065823,324.89792,2.136276,0.90409,1,6,8,2040.886805
HD 95128_2,HD 95128,4.586,0.035,0.538,0.083,13.887,1.07,1.577,,,4.432971,0.959175,0,0,8,2040.886805
HD 95128_3,HD 95128,0.343,0.031,2.771,10.086,13.887,1.07,1.577,,,0.351352,0.022064,0,0,8,2040.886805
HD 95128_4,HD 95128,2.15,0.173,1.218,6.511,13.887,1.07,1.577,0.180088,341.441724,2.501805,0.285033,1,5,8,2040.886805
HD 95128_5,HD 95128,0.6,0.105,2.299,8.137,13.887,1.07,1.577,,,0.653247,0.496181,0,0,8,2040.886805
HD 95128_6,HD 95128,0.335,0.024,2.419,8.582,13.887,1.07,1.577,,,0.34304,0.193373,0,0,8,2040.886805
HD 95128_7,HD 95128,0.847,0.089,1.394,3.129,13.887,1.07,1.577,0.059627,283.64874,0.921393,0.473955,1,3,8,2040.886805
HD 95128_8,HD 95128,0.588,0.034,2.182,8.46,13.887,1.07,1.577,,,0.599866,0.052258,0,0,8,2040.886805
HD 156274 A_3,HD 156274 A,4.433,0.138,1.608,3.519,8.791,0.9,0.452,0.391332,60.561788,3.865841,0.572832,1,3,7,2040.905382
HD 30652_0,HD 30652,0.357,0.032,0.524,0.119,8.068,1.25,2.71,,,0.368396,0.00471,0,0,8,2040.91717
HD 30652_1,HD 30652,3.379,0.099,2.314,9.159,8.068,1.25,2.71,,,3.503909,0.011536,0,6,8,2040.91717
HD 30652_2,HD 30652,1.418,0.081,1.563,7.047,8.068,1.25,2.71,0.166452,301.937044,1.49727,0.125393,1,8,8,2040.91717
HD 30652_3,HD 30652,3.27,0.133,2.129,5.731,8.068,1.25,2.71,0.444727,164.228621,3.5988,0.384162,1,8,8,2040.91717
HD 30652_4,HD 30652,2.754,0.119,2.49,10.16,8.068,1.25,2.71,0.196192,292.616092,2.48907,0.804849,1,8,8,2040.91717
HD 22484_0,HD 22484,0.838,0.146,1.142,1.607,13.92,1.14,3.068,,,0.722333,0.875424,0,0,8,2040.938545
HD 22484_1,HD 22484,1.12,0.109,1.996,7.679,13.92,1.14,3.068,0.07253,345.853958,1.187771,0.091311,1,6,8,2040.938545
HD 22484_2,HD 22484,0.469,0.117,1.765,3.166,13.92,1.14,3.068,,,0.418746,0.738841,0,0,8,2040.938545
HD 22484_5,HD 22484,4.456,0.081,0.516,0.034,13.92,1.14,3.068,,,4.755421,0.572122,0,0,8,2040.938545
HD 22484_7,HD 22484,3.201,0.074,0.943,1.501,13.92,1.14,3.068,0.193169,183.938278,2.980756,0.556641,1,6,8,2040.938545
HD 53705_0,HD 53705,0.273,0.081,1.735,2.717,17.059,1.04,1.49,,,0.259621,0.767984,0,0,8,2040.939915
HD 53705_1,HD 53705,2.604,0.083,3.306,16.05,17.059,1.04,1.49,0.155318,88.53828,2.785831,0.458045,1,8,8,2040.939915
HD 53705_2,HD 53705,1.597,0.089,2.478,13.971,17.059,1.04,1.49,0.093185,159.202208,1.632605,0.218232,1,7,8,2040.939915
HD 53705_3,HD 53705,0.715,0.026,1.359,2.038,17.059,1.04,1.49,,,0.722891,0.273749,0,0,8,2040.939915
HD 53705_4,HD 53705,0.527,0.092,2.437,10.745,17.059,1.04,1.49,,,0.57508,0.051873,0,0,8,2040.939915
HD 131977_0,HD 131977,2.114,0.033,1.305,3.47,5.886,0.72,0.223,0.318,117.125751,2.080003,0.13525,1,7,7,2040.960712
HD 140538 A_0,HD 140538 A,2.088,0.047,0.685,0.069,14.793,0.94,0.834,0.088652,195.350288,2.093477,0.823708,1,4,8,2040.990665
HD 140538 A_1,HD 140538 A,0.512,0.053,2.798,18.338,14.793,0.94,0.834,,,0.493035,0.803668,0,0,8,2040.990665
HD 140538 A_2,HD 140538 A,4.137,0.053,0.916,0.304,14.793,0.94,0.834,,,4.349355,0.004261,0,4,8,2040.990665
HD 165499_0,HD 165499,3.777,0.071,0.637,0.161,17.753,1.08,1.731,0.139489,267.286667,3.53475,0.750523,1,2,8,2040.995948
HD 165499_1,HD 165499,0.192,0.04,0.654,0.106,17.753,1.08,1.731,,,0.195,0.123985,0,0,8,2040.995948
HD 165499_3,HD 165499,0.221,0.065,0.75,0.229,17.753,1.08,1.731,,,0.220174,0.014249,0,0,8,2040.995948
HD 165499_4,HD 165499,1.569,0.062,3.377,24.497,17.753,1.08,1.731,0.082734,347.341831,1.527768,0.227137,1,7,8,2040.995948
HD 160691_0,HD 160691,1.46,0.051,0.67,0.675,15.604,1.0,1.899,,,1.389958,0.082544,0,7,8,2041.010664
HD 160691_1,HD 160691,0.274,0.085,0.88,0.645,15.604,1.0,1.899,,,0.277631,0.165543,0,0,8,2041.010664
HD 160691_2,HD 160691,0.346,0.144,0.58,0.053,15.604,1.0,1.899,,,0.303826,0.007344,0,0,8,2041.010664
HD 160691_3,HD 160691,0.123,0.058,0.556,0.091,15.604,1.0,1.899,,,0.12838,0.725454,0,0,8,2041.010664
HD 160691_4,HD 160691,2.415,0.073,1.777,2.687,15.604,1.0,1.899,0.131367,263.27562,2.579414,0.699255,1,5,8,2041.010664
HD 160691_6,HD 160691,2.937,0.058,2.424,6.338,15.604,1.0,1.899,0.183399,152.296555,2.917222,0.243598,1,5,8,2041.010664
HD 160691_7,HD 160691,3.23,0.098,2.375,5.354,15.604,1.0,1.899,0.130656,173.560281,2.924366,0.041683,1,7,8,2041.010664
HD 190360_0,HD 190360,0.922,0.17,1.79,3.759,16.003,0.96,1.165,,,0.899479,0.004577,0,1,8,2041.023051
HD 190360_1,HD 190360,3.764,0.081,1.071,1.582,16.003,0.96,1.165,0.203803,122.072116,3.473784,0.479851,1,6,8,2041.023051
HD 190360_3,HD 190360,3.632,0.139,2.733,10.267,16.003,0.96,1.165,,,3.491069,0.001523,0,6,8,2041.023051
HD 190360_4,HD 190360,1.735,0.021,0.534,0.045,16.003,0.96,1.165,0.102066,193.424263,1.698614,0.436571,1,7,8,2041.023051
HD 190360_5,HD 190360,0.581,0.08,1.934,2.88,16.003,0.96,1.165,,,0.536215,0.026069,0,0,8,2041.023051
HD 90839_0,HD 90839,3.665,0.022,0.781,0.186,12.945,1.18,1.605,,,3.587749,0.113222,0,2,7,2041.040165
HD 90839_1,HD 90839,0.191,0.094,1.403,2.751,12.945,1.18,1.605,,,0.196765,0.673968,0,0,7,2041.040165
HD 90839_2,HD 90839,3.378,0.112,1.125,1.619,12.945,1.18,1.605,0.18144,3.529404,3.414059,0.76946,1,5,7,2041.040165
HD 90839_5,HD 90839,0.15,0.051,2.273,4.226,12.945,1.18,1.605,,,0.143177,0.104417,0,0,7,2041.040165
HD 201091_1,HD 201091,1.051,0.108,0.699,0.293,3.497,0.68,0.142,0.265825,75.224807,0.945539,0.223366,1,7,7,2041.06349
HD 201091_2,HD 201091,2.964,0.153,0.94,0.359,3.497,0.68,0.142,,,2.671038,0.005405,0,5,7,2041.06349
HD 201091_4,HD 201091,2.241,0.067,3.013,8.159,3.497,0.68,0.142,0.257427,100.15499,2.101154,0.915775,1,5,7,2041.06349
HD 50692_0,HD 50692,3.95,0.04,2.831,10.297,17.405,1.08,1.293,0.131681,243.007907,3.819618,0.81866,1,6,7,2041.072381
HD 50692_1,HD 50692,0.28,0.064,0.734,0.092,17.405,1.08,1.293,,,0.262083,0.170358,0,0,7,2041.072381
HD 50692_2,HD 50692,0.513,0.081,1.798,3.652,17.405,1.08,1.293,,,0.541306,0.712664,0,0,7,2041.072381
HD 50692_3,HD 50692,0.925,0.032,2.849,9.197,17.405,1.08,1.293,,,0.906806,0.198217,0,0,7,2041.072381
HD 201092_1,HD 201092,2.708,0.059,2.37,8.514,3.496,0.63,0.078,0.721651,349.482058,2.553693,0.253912,1,7,7,2041.099266
HD 100623 A_0,HD 100623 A,4.014,0.105,2.503,8.448,9.559,0.88,0.37,0.219412,264.351515,4.267191,0.880813,1,5,7,2041.118982
HD 100623 A_2,HD 100623 A,0.102,0.086,0.559,0.245,9.559,0.88,0.37,,,0.103166,0.31103,0,0,7,2041.118982
HD 100623 A_3,HD 100623 A,4.384,0.075,1.441,2.214,9.559,0.88,0.37,,,4.064144,0.004999,0,5,7,2041.118982
HD 100623 A_4,HD 100623 A,2.524,0.072,0.66,0.613,9.559,0.88,0.37,0.277385,135.921516,2.681488,0.363925,1,3,7,2041.118982
HD 100623 A_5,HD 100623 A,4.18,0.038,0.734,0.337,9.559,0.88,0.37,,,4.32488,0.052688,0,3,7,2041.118982
HD 100623 A_6,HD 100623 A,0.362,0.165,0.555,0.359,9.559,0.88,0.37,,,0.42042,0.001792,0,0,7,2041.118982
HD 100623 A_7,HD 100623 A,4.073,0.068,1.365,1.972,9.559,0.88,0.37,0.446476,309.29328,4.269772,0.266271,1,6,7,2041.118982
HD 216803_1,HD 216803,3.539,0.087,2.035,5.879,7.601,0.72,0.196,0.457441,239.112917,3.733307,0.508288,1,7,7,2041.120352
HD 216803_3,HD 216803,0.104,0.044,0.893,0.284,7.601,0.72,0.196,,,0.100218,0.295555,0,0,7,2041.120352
HD 216803_4,HD 216803,2.738,0.038,2.631,12.08,7.601,0.72,0.196,0.333234,358.051641,2.837338,0.56872,1,6,7,2041.120352
HD 216803_5,HD 216803,0.109,0.06,0.686,0.431,7.601,0.72,0.196,,,0.115532,0.451501,0,0,7,2041.120352
HD 216803_6,HD 216803,0.431,0.071,1.431,2.693,7.601,0.72,0.196,,,0.443107,0.097341,0,0,7,2041.120352
HD 32147_1,HD 32147,0.121,0.122,1.044,1.526,8.844,0.75,0.29,,,0.10909,0.45248,0,0,7,2041.121722
HD 32147_2,HD 32147,3.272,0.062,1.942,2.786,8.844,0.75,0.29,0.375238,337.32139,3.434939,0.186799,1,6,7,2041.121722
HD 142860_0,HD 142860,0.405,0.081,2.385,6.459,11.254,1.25,3.039,,,0.421962,0.655081,0,0,8,2041.174179
HD 142860_2,HD 142860,3.184,0.073,1.146,0.989,11.254,1.25,3.039,0.299024,163.309446,3.392086,0.304207,1,8,8,2041.174179
HD 142860_3,HD 142860,0.465,0.068,1.963,1.786,11.254,1.25,3.039,,,0.483173,0.122644,0,0,8,2041.174179
HD 142860_5,HD 142860,0.92,0.074,2.443,8.017,11.254,1.25,3.039,0.060653,195.422458,0.883724,0.637826,1,7,8,2041.174179
HD 142860_6,HD 142860,0.627,0.092,3.102,5.436,11.254,1.25,3.039,,,0.670036,0.013435,0,0,8,2041.174179
HD 143761_0,HD 143761,2.268,0.052,0.622,0.131,17.511,0.97,1.812,0.093167,350.819222,2.377725,0.764368,1,4,8,2041.199745
HD 143761_3,HD 143761,0.463,0.017,0.834,0.619,17.511,0.97,1.812,,,0.466713,0.163874,0,0,8,2041.199745
HD 143761_4,HD 143761,1.096,0.157,0.808,0.895,17.511,0.97,1.812,,,0.970123,0.700112,0,4,8,2041.199745
HD 143761_5,HD 143761,0.834,0.096,1.155,1.684,17.511,0.97,1.812,,,0.890709,0.042002,0,0,8,2041.199745
HD 143761_7,HD 143761,2.609,0.089,2.154,12.289,17.511,0.97,1.812,0.150869,19.37304,2.781324,0.146111,1,6,8,2041.199745
HD 84737_0,HD 84737,0.596,0.087,1.352,1.551,18.823,1.08,2.795,,,0.639071,0.031852,0,0,8,2041.21355
HD 84737_1,HD 84737,3.025,0.071,1.189,1.926,18.823,1.08,2.795,,,2.922979,0.05918,0,3,8,2041.21355
HD 84737_2,HD 84737,1.078,0.014,1.079,0.698,18.823,1.08,2.795,,,1.092258,0.181758,0,0,8,2041.21355
HD 84737_3,HD 84737,3.774,0.025,0.833,0.848,18.823,1.08,2.795,0.149737,266.366144,3.68755,0.709871,1,5,8,2041.21355
HD 84737_4,HD 84737,0.254,0.074,3.133,13.741,18.823,1.08,2.795,,,0.246649,0.614214,0,0,8,2041.21355
HD 84737_5,HD 84737,2.993,0.205,0.508,0.086,18.823,1.08,2.795,,,3.605901,0.639708,0,0,8,2041.21355
HD 43042_0,HD 43042,4.095,0.078,0.558,0.185,21.776,1.29,2.936,,,4.082628,0.046342,0,2,8,2041.233725
HD 43042_1,HD 43042,0.434,0.11,0.533,0.05,21.776,1.29,2.936,,,0.480709,0.005583,0,0,8,2041.233725
HD 43042_3,HD 43042,0.724,0.14,0.733,0.758,21.776,1.29,2.936,,,0.632562,0.023723,0,0,8,2041.233725
HD 20794_0,HD 20794,4.322,0.17,2.962,5.742,6.041,0.97,0.654,0.812621,310.94018,4.962199,0.25022,1,6,8,2041.278262
HD 20794_1,HD 20794,2.398,0.095,1.302,2.525,6.041,0.97,0.654,0.331532,164.646346,2.372272,0.646048,1,7,8,2041.278262
HD 210302_0,HD 210302,0.937,0.087,1.293,2.482,18.458,1.25,2.918,,,1.014307,0.248891,0,0,8,2041.284263
HD 210302_1,HD 210302,0.316,0.034,0.672,0.291,18.458,1.25,2.918,,,0.318666,0.575716,0,0,8,2041.284263
HD 210302_2,HD 210302,0.162,0.125,0.82,0.565,18.458,1.25,2.918,,,0.146541,0.011696,0,0,8,2041.284263
HD 210302_3,HD 210302,0.925,0.123,2.909,15.97,18.458,1.25,2.918,,,0.917852,0.050569,0,0,8,2041.284263
HD 210302_4,HD 210302,1.629,0.122,1.727,5.061,18.458,1.25,2.918,,,1.73264,0.03316,0,2,8,2041.284263
HD 86728 A_0,HD 86728 A,0.138,0.113,0.53,0.078,14.926,1.0,1.378,,,0.125734,0.036925,0,0,8,2041.288836
HD 86728 A_1,HD 86728 A,1.194,0.049,0.519,0.144,14.926,1.0,1.378,0.080463,213.077965,1.177152,0.260051,1,5,8,2041.288836
HD 86728 A_2,HD 86728 A,1.586,0.024,0.736,0.367,14.926,1.0,1.378,0.094751,210.981521,1.55325,0.171087,1,7,8,2041.288836
HD 86728 A_3,HD 86728 A,0.34,0.077,0.971,1.901,14.926,1.0,1.378,,,0.329415,0.481216,0,0,8,2041.288836
HD 86728 A_4,HD 86728 A,3.143,0.15,2.985,16.709,14.926,1.0,1.378,0.179304,227.208806,2.767654,0.445206,1,7,8,2041.288836
HD 86728 A_5,HD 86728 A,0.238,0.132,1.155,6.008,14.926,1.0,1.378,,,0.242372,0.945398,0,0,8,2041.288836
HD 86728 A_6,HD 86728 A,2.84,0.137,2.462,3.621,14.926,1.0,1.378,0.205104,127.028388,3.208879,0.233634,1,8,8,2041.288836
HD 39091_1,HD 39091,3.12,0.028,1.191,1.952,18.287,1.08,1.533,0.145861,98.418361,3.086484,0.102727,1,5,8,2041.325402
HD 39091_2,HD 39091,2.865,0.029,0.677,0.089,18.287,1.08,1.533,0.112284,124.104861,2.9277,0.762247,1,4,8,2041.325402
HD 39091_3,HD 39091,3.55,0.072,1.069,0.919,18.287,1.08,1.533,0.189431,172.828592,3.561494,0.383071,1,6,8,2041.325402
HD 39091_4,HD 39091,4.534,0.027,1.234,1.811,18.287,1.08,1.533,0.230445,326.3663,4.430404,0.494751,1,4,8,2041.325402
HD 39091_5,HD 39091,1.437,0.051,1.31,1.974,18.287,1.08,1.533,0.080027,329.807318,1.479197,0.245792,1,8,8,2041.325402
HD 39091_6,HD 39091,0.67,0.012,2.604,6.457,18.287,1.08,1.533,,,0.663947,0.612668,0,0,8,2041.325402
HD 4614 A_0,HD 4614 A,4.718,0.051,1.358,3.151,5.01,1.14,1.252,0.696677,137.864441,4.629496,0.722147,1,4,8,2041.329491
HD 4614 A_1,HD 4614 A,0.651,0.133,0.728,0.235,5.01,1.14,1.252,0.112776,312.197242,0.646459,0.651416,1,8,8,2041.329491
HD 4614 A_2,HD 4614 A,2.584,0.017,1.361,2.842,5.01,1.14,1.252,0.442104,91.492573,2.545904,0.107798,1,8,8,2041.329491
HD 23249_0,HD 23249,2.38,0.039,0.804,0.586,9.089,0.87,2.941,0.235683,217.623953,2.287268,0.163177,1,6,8,2041.36023
HD 23249_1,HD 23249,2.348,0.031,1.487,3.029,9.089,0.87,2.941,0.074159,118.558789,2.419354,0.96313,1,7,8,2041.36023
HD 141004_0,HD 141004,2.629,0.092,2.901,8.518,11.916,1.09,2.004,0.233296,332.077917,2.830941,0.384426,1,5,8,2041.375473
HD 141004_1,HD 141004,0.651,0.071,0.654,0.168,11.916,1.09,2.004,,,0.63139,0.290147,0,0,8,2041.375473
HD 141004_2,HD 141004,4.426,0.098,1.019,2.941,11.916,1.09,2.004,0.276109,107.168809,4.834076,0.771505,1,3,8,2041.375473
HD 141004_3,HD 141004,4.115,0.06,0.578,0.125,11.916,1.09,2.004,,,4.349922,0.059071,0,0,8,2041.375473
HD 141004_4,HD 141004,3.163,0.091,1.732,4.206,11.916,1.09,2.004,0.273878,169.78528,3.436802,0.489132,1,8,8,2041.375473
HD 16895 A_0,HD 16895 A,3.595,0.047,2.816,7.544,11.15,1.21,2.246,0.297405,227.835001,3.728669,0.124783,1,8,8,2041.407397
HD 16895 A_4,HD 16895 A,4.424,0.091,1.274,1.913,11.15,1.21,2.246,0.166257,203.242946,4.115884,0.898746,1,4,8,2041.407397
HD 16895 A_5,HD 16895 A,1.554,0.05,3.144,9.969,11.15,1.21,2.246,0.081894,232.52127,1.530185,0.831771,1,8,8,2041.407397
HD 16895 A_6,HD 16895 A,0.108,0.029,0.508,0.042,11.15,1.21,2.246,,,0.109992,0.084753,0,0,8,2041.407397
HD 693_0,HD 693,1.045,0.058,1.136,2.579,18.886,1.18,2.997,,,1.099907,0.426764,0,0,8,2041.452671
HD 693_1,HD 693,0.139,0.106,2.768,7.407,18.886,1.18,2.997,,,0.153446,0.058993,0,0,8,2041.452671
HD 693_3,HD 693,1.448,0.069,1.975,3.042,18.886,1.18,2.997,,,1.547678,0.745233,0,6,8,2041.452671
HD 693_4,HD 693,1.744,0.105,1.392,2.348,18.886,1.18,2.997,0.083014,128.408438,1.563029,0.369819,1,6,8,2041.452671
HD 693_5,HD 693,2.909,0.1,1.423,2.794,18.886,1.18,2.997,0.100301,23.131633,2.70181,0.76967,1,5,8,2041.452671
HD 693_6,HD 693,2.914,0.024,0.574,0.316,18.886,1.18,2.997,,,2.850482,0.157655,0,4,8,2041.452671
HD 693_7,HD 693,3.93,0.01,2.298,5.004,18.886,1.18,2.997,,,3.961846,0.037753,0,6,8,2041.452671
HD 7570_0,HD 7570,3.031,0.054,1.134,3.652,15.261,1.14,2.004,0.182287,142.867542,2.907806,0.187594,1,5,8,2041.503193
HD 7570_1,HD 7570,0.15,0.071,0.941,0.218,15.261,1.14,2.004,,,0.150822,0.027754,0,0,8,2041.503193
HD 7570_2,HD 7570,1.977,0.063,1.73,3.716,15.261,1.14,2.004,0.11296,313.670766,1.971676,0.585531,1,6,8,2041.503193
HD 7570_3,HD 7570,3.034,0.079,1.364,1.913,15.261,1.14,2.004,0.182394,336.059198,2.908629,0.434691,1,7,8,2041.503193
HD 7570_4,HD 7570,0.569,0.099,0.726,0.483,15.261,1.14,2.004,,,0.624341,0.208964,0,0,8,2041.503193
HD 149661_2,HD 149661,2.991,0.073,1.285,2.935,9.894,0.87,0.462,0.273741,40.243753,2.941799,0.140707,1,7,8,2041.511102
HD 149661_3,HD 149661,2.364,0.065,0.7,0.315,9.894,0.87,0.462,0.100909,47.697001,2.245906,0.912767,1,4,8,2041.511102
HD 149661_5,HD 149661,3.155,0.051,2.936,7.428,9.894,0.87,0.462,0.312498,319.633785,3.034007,0.309231,1,7,8,2041.511102
HD 4628_0,HD 4628,0.299,0.054,1.741,4.304,7.435,0.78,0.3,,,0.294845,0.770265,0,0,8,2041.61105
HD 4628_1,HD 4628,4.258,0.031,1.273,1.784,7.435,0.78,0.3,0.36152,28.119749,4.376426,0.817705,1,5,8,2041.61105
HD 4628_4,HD 4628,4.069,0.034,0.981,0.876,7.435,0.78,0.3,0.537346,198.671258,4.04365,0.342141,1,8,8,2041.61105
HD 4628_5,HD 4628,3.681,0.025,0.897,0.617,7.435,0.78,0.3,0.202153,280.783405,3.681724,0.919993,1,5,8,2041.61105
HD 4628_6,HD 4628,1.476,0.055,1.942,4.324,7.435,0.78,0.3,0.135546,227.798343,1.511567,0.807445,1,8,8,2041.61105
HD 212330 A_0,HD 212330 A,1.747,0.031,3.281,9.208,20.34,1.02,2.726,0.066808,156.797582,1.716621,0.08018,1,5,8,2041.725358
HD 201091_1,HD 201091,1.051,0.108,0.699,0.293,3.497,0.68,0.142,0.320867,247.174551,1.144969,0.447097,1,8,8,2041.782975
HD 201091_2,HD 201091,2.964,0.153,0.94,0.359,3.497,0.68,0.142,,,2.510652,0.077106,0,5,8,2041.782975
HD 201091_4,HD 201091,2.241,0.067,3.013,8.159,3.497,0.68,0.142,0.589333,12.557307,2.234295,0.531019,1,6,8,2041.782975
HD 142373_0,HD 142373,1.268,0.168,0.757,0.148,15.898,1.08,3.136,0.071016,54.674577,1.479407,0.720832,1,5,8,2041.843519
HD 142373_1,HD 142373,1.76,0.092,0.868,0.535,15.898,1.08,3.136,0.084541,46.560998,1.60501,0.11361,1,8,8,2041.843519
HD 142373_2,HD 142373,0.834,0.129,2.923,6.259,15.898,1.08,3.136,,,0.873016,0.041046,0,0,8,2041.843519
HD 142373_4,HD 142373,1.161,0.006,1.265,2.536,15.898,1.08,3.136,,,1.165658,0.764805,0,3,8,2041.843519
HD 142373_6,HD 142373,4.705,0.105,0.947,0.923,15.898,1.08,3.136,0.123557,33.282593,5.065508,0.929729,1,3,8,2041.843519
HD 142373_7,HD 142373,1.878,0.051,2.611,6.816,15.898,1.08,3.136,0.085903,20.831519,1.954919,0.047224,1,6,8,2041.843519
HD 142373_8,HD 142373,3.092,0.053,1.805,7.326,15.898,1.08,3.136,0.16968,324.299963,2.940715,0.559754,1,7,8,2041.843519
HD 156274 A_3,HD 156274 A,4.433,0.138,1.608,3.519,8.791,0.9,0.452,0.112832,55.727446,3.859164,0.966838,1,4,8,2041.905335
HD 90839_0,HD 90839,3.665,0.022,0.781,0.186,12.945,1.18,1.605,,,3.632979,0.001196,0,2,8,2041.922168
HD 90839_1,HD 90839,0.191,0.094,1.403,2.751,12.945,1.18,1.605,,,0.193515,0.051148,0,0,8,2041.922168
HD 90839_2,HD 90839,3.378,0.112,1.125,1.619,12.945,1.18,1.605,0.282258,328.805981,3.698978,0.396337,1,6,8,2041.922168
HD 90839_5,HD 90839,0.15,0.051,2.273,4.226,12.945,1.18,1.605,,,0.150979,0.815868,0,0,8,2041.922168
HD 131977_0,HD 131977,2.114,0.033,1.305,3.47,5.886,0.72,0.223,0.301317,24.15398,2.061652,0.60345,1,8,8,2041.95961
HD 100623 A_0,HD 100623 A,4.014,0.105,2.503,8.448,9.559,0.88,0.37,0.123913,180.731698,4.414471,0.967222,1,6,8,2042.020327
HD 100623 A_2,HD 100623 A,0.102,0.086,0.559,0.245,9.559,0.88,0.37,,,0.110768,0.650905,0,0,8,2042.020327
HD 100623 A_3,HD 100623 A,4.384,0.075,1.441,2.214,9.559,0.88,0.37,,,4.16741,0.084415,0,5,8,2042.020327
HD 100623 A_4,HD 100623 A,2.524,0.072,0.66,0.613,9.559,0.88,0.37,0.220288,63.498157,2.480433,0.629888,1,4,8,2042.020327
HD 100623 A_5,HD 100623 A,4.18,0.038,0.734,0.337,9.559,0.88,0.37,,,4.336358,0.064275,0,3,8,2042.020327
HD 100623 A_6,HD 100623 A,0.362,0.165,0.555,0.359,9.559,0.88,0.37,,,0.401736,0.026166,0,0,8,2042.020327
HD 100623 A_7,HD 100623 A,4.073,0.068,1.365,1.972,9.559,0.88,0.37,,,4.117979,0.064181,0,6,8,2042.020327
HD 50692_0,HD 50692,3.95,0.04,2.831,10.297,17.405,1.08,1.293,0.109217,144.557169,3.930834,0.883386,1,7,8,2042.072344
HD 50692_1,HD 50692,0.28,0.064,0.734,0.092,17.405,1.08,1.293,,,0.262089,0.154056,0,0,8,2042.072344
HD 50692_2,HD 50692,0.513,0.081,1.798,3.652,17.405,1.08,1.293,,,0.499359,0.810314,0,0,8,2042.072344
HD 50692_3,HD 50692,0.925,0.032,2.849,9.197,17.405,1.08,1.293,,,0.9365,0.002428,0,0,8,2042.072344
HD 201092_1,HD 201092,2.708,0.059,2.37,8.514,3.496,0.63,0.078,0.566041,277.500948,2.611049,0.061051,1,8,8,2042.099144
HD 216803_1,HD 216803,3.539,0.087,2.035,5.879,7.601,0.72,0.196,0.447774,196.325017,3.843761,0.579041,1,8,8,2042.119316
HD 216803_3,HD 216803,0.104,0.044,0.893,0.284,7.601,0.72,0.196,,,0.100703,0.228691,0,0,8,2042.119316
HD 216803_4,HD 216803,2.738,0.038,2.631,12.08,7.601,0.72,0.196,0.296184,356.977813,2.807889,0.077604,1,7,8,2042.119316
HD 216803_5,HD 216803,0.109,0.06,0.686,0.431,7.601,0.72,0.196,,,0.11111,0.161238,0,0,8,2042.119316
HD 216803_6,HD 216803,0.431,0.071,1.431,2.693,7.601,0.72,0.196,,,0.443088,0.097303,0,0,8,2042.119316
HD 32147_1,HD 32147,0.121,0.122,1.044,1.526,8.844,0.75,0.29,,,0.123698,0.908812,0,0,8,2042.121512
HD 32147_2,HD 32147,3.272,0.062,1.942,2.786,8.844,0.75,0.29,0.365657,310.018474,3.469523,0.52639,1,7,8,2042.121512
