PlanetID,period,ecc,StarName,Rp_REarth,M_sol,FinalPosteriorEpoch,NDetectedEpochs
HD 142373_1,2.2429355675186575,0.10185162340986337,HD 142373,0.868,1.08,8,8
HD 142373_1,2.240676622344644,0.09789373857623078,HD 142373,0.868,1.08,8,8
HD 142373_1,2.236532049456442,0.11344135290415555,HD 142373,0.868,1.08,8,8
HD 142373_1,2.236521787319328,0.09707753263351471,HD 142373,0.868,1.08,8,8
HD 142373_1,2.246782125234385,0.095815893658624,HD 142373,0.868,1.08,8,8
HD 142373_1,2.240141142664949,0.09862054095679074,HD 142373,0.868,1.08,8,8
HD 142373_1,2.243621898107768,0.11240388793708553,HD 142373,0.868,1.08,8,8
HD 142373_1,2.2421279925395177,0.1005916837324285,HD 142373,0.868,1.08,8,8
HD 142373_1,2.2461781132338317,0.10169905379646342,HD 142373,0.868,1.08,8,8
HD 142373_1,2.2399239389146492,0.10483675360475533,HD 142373,0.868,1.08,8,8
HD 142373_1,2.2457607927928085,0.09851163326810808,HD 142373,0.868,1.08,8,8
HD 142373_1,2.2459688861989204,0.1005976790277383,HD 142373,0.868,1.08,8,8
HD 142373_1,2.2439991245269275,0.09889727804248494,HD 142373,0.868,1.08,8,8
HD 142373_1,2.2413932366044733,0.10347745414119135,HD 142373,0.868,1.08,8,8
HD 142373_1,2.241906253874623,0.10679302224446463,HD 142373,0.868,1.08,8,8
HD 142373_1,2.239551773597174,0.10149287089056654,HD 142373,0.868,1.08,8,8
HD 142373_1,2.2408711860381803,0.09686112030416541,HD 142373,0.868,1.08,8,8
HD 142373_1,2.2508889207277303,0.1014309749389324,HD 142373,0.868,1.08,8,8
HD 142373_1,2.2432144867397295,0.10532502273581877,HD 142373,0.868,1.08,8,8
HD 142373_1,2.243700340054037,0.10837567188878863,HD 142373,0.868,1.08,8,8
HD 142373_1,2.242591643054905,0.09241330586737924,HD 142373,0.868,1.08,8,8
HD 142373_1,2.2389915247231578,0.09844042223288334,HD 142373,0.868,1.08,8,8
HD 142373_1,2.2440125357950063,0.09082388684856972,HD 142373,0.868,1.08,8,8
HD 142373_1,2.239633691339728,0.10829843590747994,HD 142373,0.868,1.08,8,8
HD 142373_1,2.240968509405816,0.10171789440236989,HD 142373,0.868,1.08,8,8
HD 142373_1,2.2454249080183435,0.10737904568838204,HD 142373,0.868,1.08,8,8
HD 142373_1,2.247107674124704,0.09851416315228935,HD 142373,0.868,1.08,8,8
HD 142373_1,2.241309336793537,0.10882235522582256,HD 142373,0.868,1.08,8,8
HD 142373_1,2.241475067424446,0.11252084753475382,HD 142373,0.868,1.08,8,8
HD 142373_1,2.2431777008400107,0.10632117811059426,HD 142373,0.868,1.08,8,8
HD 142373_1,2.241412086592373,0.0956886587945205,HD 142373,0.868,1.08,8,8
HD 142373_1,2.2482074220996022,0.08751096464429806,HD 142373,0.868,1.08,8,8
HD 142373_1,2.2483291344823866,0.10287570322802089,HD 142373,0.868,1.08,8,8
HD 142373_1,2.2404706531143,0.101326193906449,HD 142373,0.868,1.08,8,8
HD 142373_1,2.2361071367597005,0.09305004935153942,HD 142373,0.868,1.08,8,8
HD 142373_1,2.246325278351571,0.1081541203340831,HD 142373,0.868,1.08,8,8
HD 142373_1,2.2414212285458275,0.1108960778692067,HD 142373,0.868,1.08,8,8
HD 142373_1,2.246348265815112,0.10258209425969278,HD 142373,0.868,1.08,8,8
HD 142373_1,2.242336271745014,0.095163493439316,HD 142373,0.868,1.08,8,8
HD 142373_1,2.236434427926917,0.09794999940537896,HD 142373,0.868,1.08,8,8
HD 142373_1,2.243724854497693,0.09744158673240029,HD 142373,0.868,1.08,8,8
HD 142373_1,2.2449247263598506,0.11500095595714446,HD 142373,0.868,1.08,8,8
HD 142373_1,2.2407543218422656,0.09291508966333654,HD 142373,0.868,1.08,8,8
HD 142373_1,2.239314729417353,0.0896094230923854,HD 142373,0.868,1.08,8,8
HD 142373_1,2.2478297400128415,0.08400630858442107,HD 142373,0.868,1.08,8,8
HD 142373_1,2.248781573800998,0.09613785479115892,HD 142373,0.868,1.08,8,8
HD 142373_1,2.24209787011945,0.09071616081900138,HD 142373,0.868,1.08,8,8
HD 142373_1,2.240015190564054,0.10538416663181685,HD 142373,0.868,1.08,8,8
HD 142373_1,2.2402770215654075,0.0975202740890084,HD 142373,0.868,1.08,8,8
HD 142373_1,2.236519982853244,0.10275021884607573,HD 142373,0.868,1.08,8,8
HD 142373_1,2.240793225338702,0.09234411667493617,HD 142373,0.868,1.08,8,8
HD 142373_1,2.24220572610135,0.10358346815572521,HD 142373,0.868,1.08,8,8
HD 142373_1,2.2476585892097063,0.09796264386224862,HD 142373,0.868,1.08,8,8
HD 142373_1,2.235844872090628,0.10141993375853003,HD 142373,0.868,1.08,8,8
HD 142373_1,2.240550235138278,0.08934423694334194,HD 142373,0.868,1.08,8,8
HD 142373_1,2.249112652678967,0.09497809475807127,HD 142373,0.868,1.08,8,8
HD 142373_1,2.2457925791266704,0.09408514156744172,HD 142373,0.868,1.08,8,8
HD 142373_1,2.244995120354195,0.09047409869966158,HD 142373,0.868,1.08,8,8
HD 142373_1,2.24370717528003,0.09202256612228449,HD 142373,0.868,1.08,8,8
HD 142373_1,2.2480990599108677,0.09260857165668684,HD 142373,0.868,1.08,8,8
HD 142373_1,2.2415705746990513,0.1028516650711069,HD 142373,0.868,1.08,8,8
HD 142373_1,2.241886547042881,0.09087357673769131,HD 142373,0.868,1.08,8,8
HD 142373_1,2.2448955397321737,0.10190960178577728,HD 142373,0.868,1.08,8,8
HD 142373_1,2.246801087178273,0.10865555808152896,HD 142373,0.868,1.08,8,8
HD 142373_1,2.241653172576406,0.09959247876683319,HD 142373,0.868,1.08,8,8
HD 142373_1,2.2444212617700003,0.09742933623238449,HD 142373,0.868,1.08,8,8
HD 142373_1,2.2462244505699536,0.0861232441587529,HD 142373,0.868,1.08,8,8
HD 142373_1,2.248462857484857,0.08582020131913347,HD 142373,0.868,1.08,8,8
HD 142373_1,2.246250042487899,0.09108232197281743,HD 142373,0.868,1.08,8,8
HD 142373_1,2.2385305129712583,0.10069699209489857,HD 142373,0.868,1.08,8,8
HD 142373_1,2.245370770485962,0.11050501975756707,HD 142373,0.868,1.08,8,8
HD 142373_1,2.2393121300285213,0.10277398586689265,HD 142373,0.868,1.08,8,8
HD 142373_1,2.249506967254744,0.09021141556859606,HD 142373,0.868,1.08,8,8
HD 142373_1,2.244140529339285,0.09353351575834032,HD 142373,0.868,1.08,8,8
HD 142373_1,2.2489516696716447,0.09535639333588457,HD 142373,0.868,1.08,8,8
HD 142373_1,2.239482811475409,0.10803753699431233,HD 142373,0.868,1.08,8,8
HD 142373_1,2.2447205083808037,0.1035942653929833,HD 142373,0.868,1.08,8,8
HD 142373_1,2.246850925815086,0.0990003189661186,HD 142373,0.868,1.08,8,8
HD 142373_1,2.2400569112416826,0.09619577189626861,HD 142373,0.868,1.08,8,8
HD 142373_1,2.242347524719311,0.1112763653717826,HD 142373,0.868,1.08,8,8
HD 142373_1,2.247090080810598,0.1073363744357587,HD 142373,0.868,1.08,8,8
HD 142373_1,2.2468608753349906,0.09687794096529458,HD 142373,0.868,1.08,8,8
HD 142373_1,2.238669240369769,0.10606444427974063,HD 142373,0.868,1.08,8,8
HD 142373_1,2.2448950901313602,0.08901879744312603,HD 142373,0.868,1.08,8,8
HD 142373_1,2.2386995140718358,0.10621517938797252,HD 142373,0.868,1.08,8,8
HD 142373_1,2.2360005837933596,0.10259682301823711,HD 142373,0.868,1.08,8,8
HD 142373_1,2.245118846807897,0.0918053400579451,HD 142373,0.868,1.08,8,8
HD 142373_1,2.242291618709006,0.09425649285965967,HD 142373,0.868,1.08,8,8
HD 142373_1,2.240495672820884,0.09879013050288957,HD 142373,0.868,1.08,8,8
HD 142373_1,2.2457511160043246,0.1147191080372477,HD 142373,0.868,1.08,8,8
HD 142373_1,2.242308680257097,0.09795273688069667,HD 142373,0.868,1.08,8,8
HD 142373_1,2.242950535425559,0.09282983599213558,HD 142373,0.868,1.08,8,8
HD 142373_1,2.2428306937730915,0.10054205553712917,HD 142373,0.868,1.08,8,8
HD 142373_1,2.245465181053522,0.0977212919124332,HD 142373,0.868,1.08,8,8
HD 142373_1,2.244678034057567,0.09734000911875404,HD 142373,0.868,1.08,8,8
HD 142373_1,2.248035210116843,0.10626141007161874,HD 142373,0.868,1.08,8,8
HD 142373_1,2.246713996436184,0.10230158549122838,HD 142373,0.868,1.08,8,8
HD 142373_1,2.243079605257799,0.09536393501008941,HD 142373,0.868,1.08,8,8
HD 142373_1,2.244093444179153,0.10613797772561169,HD 142373,0.868,1.08,8,8
HD 142373_1,2.2438608576680967,0.1050983671961636,HD 142373,0.868,1.08,8,8
HD 142373_1,2.2443410823017196,0.09162078459780278,HD 142373,0.868,1.08,8,8
HD 142373_1,2.2421477574250064,0.10058389588173054,HD 142373,0.868,1.08,8,8
HD 142373_1,2.238161186946283,0.09799756172263804,HD 142373,0.868,1.08,8,8
HD 142373_1,2.2449940538560336,0.10684892430223385,HD 142373,0.868,1.08,8,8
HD 142373_1,2.241842790961655,0.1023602725214065,HD 142373,0.868,1.08,8,8
HD 142373_1,2.247158874495538,0.1027035872073882,HD 142373,0.868,1.08,8,8
HD 142373_1,2.248523201910532,0.09093324995202307,HD 142373,0.868,1.08,8,8
HD 142373_1,2.2476316865964168,0.09481668874852305,HD 142373,0.868,1.08,8,8
HD 142373_1,2.2406525444431438,0.09580516634766212,HD 142373,0.868,1.08,8,8
HD 142373_1,2.2388338017315084,0.10192034230363659,HD 142373,0.868,1.08,8,8
HD 142373_1,2.236006406912774,0.1017053911263807,HD 142373,0.868,1.08,8,8
HD 142373_1,2.244447532274901,0.10438046069611703,HD 142373,0.868,1.08,8,8
HD 142373_1,2.244047492165783,0.10083524820576267,HD 142373,0.868,1.08,8,8
HD 142373_1,2.2409919466256003,0.10938173214730935,HD 142373,0.868,1.08,8,8
HD 142373_1,2.2455238476726995,0.09593054253723696,HD 142373,0.868,1.08,8,8
HD 142373_1,2.248931066888441,0.097796866714784,HD 142373,0.868,1.08,8,8
HD 142373_1,2.2459317994331203,0.0966043290728231,HD 142373,0.868,1.08,8,8
HD 142373_1,2.242971673177373,0.0871545419736533,HD 142373,0.868,1.08,8,8
HD 142373_1,2.2447644481434796,0.10045626061023841,HD 142373,0.868,1.08,8,8
HD 142373_1,2.2363694121912063,0.09572759559249569,HD 142373,0.868,1.08,8,8
HD 142373_1,2.2458044310123633,0.09864924798194992,HD 142373,0.868,1.08,8,8
HD 142373_1,2.251403411114576,0.09340217138437806,HD 142373,0.868,1.08,8,8
HD 142373_1,2.2470676115117927,0.1110619324648868,HD 142373,0.868,1.08,8,8
HD 142373_1,2.252239879119037,0.09830901907062525,HD 142373,0.868,1.08,8,8
HD 142373_1,2.2492282245121307,0.09111149363435708,HD 142373,0.868,1.08,8,8
HD 142373_1,2.2481212161982636,0.1040882328922036,HD 142373,0.868,1.08,8,8
HD 142373_1,2.244066631838522,0.10160582777295693,HD 142373,0.868,1.08,8,8
HD 142373_1,2.244305072682449,0.09440269287874052,HD 142373,0.868,1.08,8,8
HD 142373_1,2.245048093674173,0.09454343221142765,HD 142373,0.868,1.08,8,8
HD 142373_1,2.2405732343297817,0.1006058161374491,HD 142373,0.868,1.08,8,8
HD 142373_1,2.2482258161065607,0.10861211619535094,HD 142373,0.868,1.08,8,8
HD 142373_1,2.2442245578137157,0.08983692726106739,HD 142373,0.868,1.08,8,8
HD 142373_1,2.246481183053286,0.10102130374993185,HD 142373,0.868,1.08,8,8
HD 142373_1,2.249560630761467,0.09231232370499447,HD 142373,0.868,1.08,8,8
HD 142373_1,2.2433433990530816,0.08777386007691507,HD 142373,0.868,1.08,8,8
HD 142373_1,2.2456318826500743,0.10294398555492579,HD 142373,0.868,1.08,8,8
HD 142373_1,2.2416100817650393,0.09991219375984499,HD 142373,0.868,1.08,8,8
HD 142373_1,2.2471355300554396,0.10244542016890643,HD 142373,0.868,1.08,8,8
HD 142373_1,2.2391843587645663,0.08916006802676953,HD 142373,0.868,1.08,8,8
HD 142373_1,2.246422075922462,0.10023982854023994,HD 142373,0.868,1.08,8,8
HD 142373_1,2.237167961805195,0.10254063985075107,HD 142373,0.868,1.08,8,8
HD 142373_1,2.243055438852276,0.09486457520940805,HD 142373,0.868,1.08,8,8
HD 142373_1,2.240722811610378,0.09813289174581663,HD 142373,0.868,1.08,8,8
HD 142373_1,2.242249199210706,0.09904076904149445,HD 142373,0.868,1.08,8,8
HD 142373_1,2.240235817886914,0.10489927404932814,HD 142373,0.868,1.08,8,8
HD 142373_1,2.247718504113821,0.08480121569564068,HD 142373,0.868,1.08,8,8
HD 142373_1,2.2449811307983807,0.10125724129079057,HD 142373,0.868,1.08,8,8
HD 142373_1,2.2484517399769937,0.10066542230311598,HD 142373,0.868,1.08,8,8
HD 142373_1,2.2450522843012464,0.11071539860442367,HD 142373,0.868,1.08,8,8
HD 142373_1,2.240857422629261,0.0927381411721112,HD 142373,0.868,1.08,8,8
HD 142373_1,2.242677116848775,0.10190142801293803,HD 142373,0.868,1.08,8,8
HD 142373_1,2.243177854173665,0.09479468984017919,HD 142373,0.868,1.08,8,8
HD 142373_1,2.248316713513964,0.09579372051770459,HD 142373,0.868,1.08,8,8
HD 142373_1,2.2409634713183575,0.09887520240385515,HD 142373,0.868,1.08,8,8
HD 142373_1,2.2437277201120915,0.08459250278325144,HD 142373,0.868,1.08,8,8
HD 142373_1,2.236816631230394,0.09343307992671468,HD 142373,0.868,1.08,8,8
HD 142373_1,2.2456642397128834,0.10040029922669001,HD 142373,0.868,1.08,8,8
HD 142373_1,2.2452111089099196,0.0949415058224346,HD 142373,0.868,1.08,8,8
HD 142373_1,2.2407636388332643,0.103004502618398,HD 142373,0.868,1.08,8,8
HD 142373_1,2.248273650427028,0.10564413362006833,HD 142373,0.868,1.08,8,8
HD 142373_1,2.240944211835497,0.10795351577933036,HD 142373,0.868,1.08,8,8
HD 142373_1,2.246473265842788,0.10572168383563608,HD 142373,0.868,1.08,8,8
HD 142373_1,2.2393350621437267,0.10860993573713612,HD 142373,0.868,1.08,8,8
HD 142373_1,2.238114572914955,0.10163326161056759,HD 142373,0.868,1.08,8,8
HD 142373_1,2.2451174403698215,0.101423980893951,HD 142373,0.868,1.08,8,8
HD 142373_1,2.2509675800773934,0.09272300508602867,HD 142373,0.868,1.08,8,8
HD 142373_1,2.241427154210588,0.09756101157747314,HD 142373,0.868,1.08,8,8
HD 142373_1,2.2479125324407883,0.1099361602618215,HD 142373,0.868,1.08,8,8
HD 142373_1,2.2478858865276075,0.08933181173967422,HD 142373,0.868,1.08,8,8
HD 142373_1,2.2437517810769037,0.10559407208391466,HD 142373,0.868,1.08,8,8
HD 142373_1,2.242109648798085,0.09645825134994242,HD 142373,0.868,1.08,8,8
HD 142373_1,2.241877815764685,0.09576401251604304,HD 142373,0.868,1.08,8,8
HD 142373_1,2.2424550330371145,0.10611934101370027,HD 142373,0.868,1.08,8,8
HD 142373_1,2.2380869435421236,0.10744088153107262,HD 142373,0.868,1.08,8,8
HD 142373_1,2.2450557248210785,0.10364511264682144,HD 142373,0.868,1.08,8,8
HD 142373_1,2.247221306729708,0.10357481832695685,HD 142373,0.868,1.08,8,8
HD 142373_1,2.248051881862851,0.10589919124507494,HD 142373,0.868,1.08,8,8
HD 142373_1,2.243597185082375,0.09727730546142245,HD 142373,0.868,1.08,8,8
HD 142373_1,2.2448972489235244,0.09214703425408736,HD 142373,0.868,1.08,8,8
HD 142373_1,2.2421084232799013,0.11235459156399764,HD 142373,0.868,1.08,8,8
HD 142373_1,2.241352245893022,0.10625249884746304,HD 142373,0.868,1.08,8,8
HD 142373_1,2.253358057325896,0.10594092780788666,HD 142373,0.868,1.08,8,8
HD 142373_1,2.2454633227122076,0.09895196718336745,HD 142373,0.868,1.08,8,8
HD 142373_1,2.245225852279654,0.1014107143801381,HD 142373,0.868,1.08,8,8
HD 142373_1,2.2471817748973724,0.10968545693136209,HD 142373,0.868,1.08,8,8
HD 142373_1,2.2475209037979598,0.09622243919455789,HD 142373,0.868,1.08,8,8
HD 142373_1,2.243320004761328,0.10235760909909042,HD 142373,0.868,1.08,8,8
HD 142373_1,2.2369940190743165,0.08709743173529913,HD 142373,0.868,1.08,8,8
HD 142373_1,2.2417483021417652,0.09189060844175918,HD 142373,0.868,1.08,8,8
HD 142373_1,2.248626305628141,0.09454727648153513,HD 142373,0.868,1.08,8,8
HD 142373_1,2.2377224955326684,0.09281175899385334,HD 142373,0.868,1.08,8,8
HD 142373_1,2.2501620483754974,0.09646339218779468,HD 142373,0.868,1.08,8,8
HD 142373_1,2.2475905472372824,0.09037100882097368,HD 142373,0.868,1.08,8,8
HD 142373_1,2.2492283684826715,0.09777878395430753,HD 142373,0.868,1.08,8,8
HD 142373_1,2.2374192488635947,0.08443375186240967,HD 142373,0.868,1.08,8,8
HD 142373_1,2.2359001047395446,0.0994961656699978,HD 142373,0.868,1.08,8,8
HD 142373_1,2.240898908536803,0.11048538629457218,HD 142373,0.868,1.08,8,8
HD 142373_1,2.2456375812467164,0.0960199448853711,HD 142373,0.868,1.08,8,8
HD 142373_1,2.247722771235817,0.09065644376987891,HD 142373,0.868,1.08,8,8
HD 142373_1,2.2420246231031333,0.09784957153612012,HD 142373,0.868,1.08,8,8
HD 142373_1,2.2541481442432567,0.09392887840961109,HD 142373,0.868,1.08,8,8
HD 142373_1,2.2475107060545017,0.09206616342930879,HD 142373,0.868,1.08,8,8
HD 142373_1,2.240725067157646,0.08716861756876067,HD 142373,0.868,1.08,8,8
HD 142373_1,2.2384262755669044,0.09886190383960083,HD 142373,0.868,1.08,8,8
HD 142373_1,2.2409878914805477,0.11155434121710137,HD 142373,0.868,1.08,8,8
HD 142373_1,2.242085755920859,0.10172207755847418,HD 142373,0.868,1.08,8,8
HD 142373_1,2.246257379401481,0.11151890375735993,HD 142373,0.868,1.08,8,8
HD 142373_1,2.234711004908016,0.09588912462103362,HD 142373,0.868,1.08,8,8
HD 142373_1,2.2457594435659347,0.1021590445728619,HD 142373,0.868,1.08,8,8
HD 142373_1,2.2549054602048884,0.09199095339196763,HD 142373,0.868,1.08,8,8
HD 142373_1,2.239613239083475,0.10331100471740375,HD 142373,0.868,1.08,8,8
HD 142373_1,2.24201305207457,0.10675210095416887,HD 142373,0.868,1.08,8,8
HD 142373_1,2.249365444108206,0.1024642330379527,HD 142373,0.868,1.08,8,8
HD 142373_1,2.250216711411817,0.09360454641977105,HD 142373,0.868,1.08,8,8
HD 142373_1,2.2475752116518315,0.10512712495060314,HD 142373,0.868,1.08,8,8
HD 142373_1,2.244112571569533,0.10125527846226272,HD 142373,0.868,1.08,8,8
HD 142373_1,2.2429224334109277,0.11514456525286196,HD 142373,0.868,1.08,8,8
HD 142373_1,2.24563714231128,0.08416863246569639,HD 142373,0.868,1.08,8,8
HD 142373_1,2.249198796615954,0.0875636230809442,HD 142373,0.868,1.08,8,8
HD 142373_1,2.246231556174258,0.09720352107282927,HD 142373,0.868,1.08,8,8
HD 142373_1,2.2400921871671637,0.11360883890353371,HD 142373,0.868,1.08,8,8
HD 142373_1,2.2446895297896328,0.09635285681094363,HD 142373,0.868,1.08,8,8
HD 142373_1,2.240159027448611,0.1106735952653534,HD 142373,0.868,1.08,8,8
HD 142373_1,2.244858656806488,0.09841155170994792,HD 142373,0.868,1.08,8,8
HD 142373_1,2.2393508728398888,0.09065024594650956,HD 142373,0.868,1.08,8,8
HD 142373_1,2.2462479684683365,0.10420796145092875,HD 142373,0.868,1.08,8,8
HD 142373_1,2.2475196197315586,0.09954963559364566,HD 142373,0.868,1.08,8,8
HD 142373_1,2.2467445799021277,0.09461729632850589,HD 142373,0.868,1.08,8,8
HD 142373_1,2.2396625064546702,0.09006075293226165,HD 142373,0.868,1.08,8,8
HD 142373_1,2.240410898655089,0.09750354406942144,HD 142373,0.868,1.08,8,8
HD 142373_1,2.240856656753831,0.0955321565548651,HD 142373,0.868,1.08,8,8
HD 142373_1,2.2399732597420523,0.0868066913000933,HD 142373,0.868,1.08,8,8
HD 142373_1,2.2363937852486555,0.12524895302193662,HD 142373,0.868,1.08,8,8
HD 142373_1,2.239740178708789,0.09675743654459831,HD 142373,0.868,1.08,8,8
HD 142373_1,2.2429854584382745,0.08944692600794102,HD 142373,0.868,1.08,8,8
HD 142373_1,2.245727556798207,0.10497614418232686,HD 142373,0.868,1.08,8,8
HD 142373_1,2.2474174657385513,0.0907359105627661,HD 142373,0.868,1.08,8,8
HD 142373_1,2.243246562701036,0.09261291936992859,HD 142373,0.868,1.08,8,8
HD 142373_1,2.2446788018389285,0.09799523405653694,HD 142373,0.868,1.08,8,8
HD 142373_1,2.2404927237009638,0.09211852965160335,HD 142373,0.868,1.08,8,8
HD 142373_1,2.249419445387363,0.10320953928168639,HD 142373,0.868,1.08,8,8
HD 142373_1,2.2464507913882965,0.10102887817297602,HD 142373,0.868,1.08,8,8
HD 142373_1,2.242046723904148,0.09533930365287838,HD 142373,0.868,1.08,8,8
HD 142373_1,2.2442188775841716,0.09723255884572486,HD 142373,0.868,1.08,8,8
HD 142373_1,2.2470398685915822,0.10506371858708023,HD 142373,0.868,1.08,8,8
HD 142373_1,2.24834405157081,0.10014465987927898,HD 142373,0.868,1.08,8,8
HD 142373_1,2.248387565904603,0.09241099696188265,HD 142373,0.868,1.08,8,8
HD 142373_1,2.2473891710071507,0.10666525355145984,HD 142373,0.868,1.08,8,8
HD 142373_1,2.248003893389574,0.10658837642127297,HD 142373,0.868,1.08,8,8
HD 142373_1,2.2437712780740893,0.11691371824906968,HD 142373,0.868,1.08,8,8
HD 142373_1,2.24216968345395,0.08881174255071742,HD 142373,0.868,1.08,8,8
HD 142373_1,2.2450295472179094,0.09687740630217982,HD 142373,0.868,1.08,8,8
HD 142373_1,2.242557342159464,0.09438961239757698,HD 142373,0.868,1.08,8,8
HD 142373_1,2.246566599414786,0.09688341347555321,HD 142373,0.868,1.08,8,8
HD 142373_1,2.243554250126879,0.09343915554494098,HD 142373,0.868,1.08,8,8
HD 142373_1,2.244710334165905,0.11160784988747001,HD 142373,0.868,1.08,8,8
HD 142373_1,2.243837868930442,0.09576543011505279,HD 142373,0.868,1.08,8,8
HD 142373_1,2.2382493713012535,0.1068275466506012,HD 142373,0.868,1.08,8,8
HD 142373_1,2.249081311627242,0.09994871161994907,HD 142373,0.868,1.08,8,8
HD 142373_1,2.2418975374077217,0.09743887602494193,HD 142373,0.868,1.08,8,8
HD 142373_1,2.240447076991461,0.09962807676015853,HD 142373,0.868,1.08,8,8
HD 142373_1,2.2500734481581226,0.0871985754007873,HD 142373,0.868,1.08,8,8
HD 142373_1,2.2386010459615826,0.09917336715875957,HD 142373,0.868,1.08,8,8
HD 142373_1,2.248870438358651,0.10586027270901693,HD 142373,0.868,1.08,8,8
HD 142373_1,2.2414958960134514,0.09791737902289342,HD 142373,0.868,1.08,8,8
HD 142373_1,2.2403345287299388,0.1013648599200661,HD 142373,0.868,1.08,8,8
HD 142373_1,2.246381838895995,0.1083028068340019,HD 142373,0.868,1.08,8,8
HD 142373_1,2.2341982369562667,0.09453870511052061,HD 142373,0.868,1.08,8,8
HD 142373_1,2.2400135909259253,0.10021451140262963,HD 142373,0.868,1.08,8,8
HD 142373_1,2.241485348277411,0.09331194146807457,HD 142373,0.868,1.08,8,8
HD 142373_1,2.2444198458243005,0.11379807789289324,HD 142373,0.868,1.08,8,8
HD 142373_1,2.248192861321165,0.10568753300843674,HD 142373,0.868,1.08,8,8
HD 142373_1,2.2423334417072502,0.09693220087023828,HD 142373,0.868,1.08,8,8
HD 142373_1,2.247160616868035,0.08811386666959871,HD 142373,0.868,1.08,8,8
HD 142373_1,2.245444788046236,0.09459781647397461,HD 142373,0.868,1.08,8,8
HD 142373_1,2.242540371047396,0.10570845051686689,HD 142373,0.868,1.08,8,8
HD 142373_1,2.250123877168221,0.09641116039499631,HD 142373,0.868,1.08,8,8
HD 142373_1,2.2433797491654017,0.10735864313962042,HD 142373,0.868,1.08,8,8
HD 142373_1,2.253081668910582,0.09548104503441074,HD 142373,0.868,1.08,8,8
HD 142373_1,2.2443351611493574,0.09848985413235553,HD 142373,0.868,1.08,8,8
HD 142373_1,2.2444878385082174,0.10021463899562305,HD 142373,0.868,1.08,8,8
HD 142373_1,2.25256087651549,0.09811391218605993,HD 142373,0.868,1.08,8,8
HD 142373_1,2.243745237558304,0.10031372286084146,HD 142373,0.868,1.08,8,8
HD 142373_1,2.242021710472501,0.09542118479296521,HD 142373,0.868,1.08,8,8
HD 142373_1,2.2480747585277774,0.09413972831561063,HD 142373,0.868,1.08,8,8
HD 142373_1,2.24717528410687,0.10832816066917286,HD 142373,0.868,1.08,8,8
HD 142373_1,2.24637713577154,0.0960642662040756,HD 142373,0.868,1.08,8,8
HD 142373_1,2.2461172240422456,0.08759167932278165,HD 142373,0.868,1.08,8,8
HD 142373_1,2.240722334185438,0.10112038962374983,HD 142373,0.868,1.08,8,8
HD 142373_1,2.249904063399923,0.09822403472201864,HD 142373,0.868,1.08,8,8
HD 142373_1,2.2445233319063527,0.10416837457980685,HD 142373,0.868,1.08,8,8
HD 142373_1,2.242268638709809,0.10354036849337786,HD 142373,0.868,1.08,8,8
HD 142373_1,2.2363953383767123,0.09212992776735889,HD 142373,0.868,1.08,8,8
HD 142373_1,2.2406721915689203,0.0970907735668668,HD 142373,0.868,1.08,8,8
HD 142373_1,2.2382869415167526,0.09302943944714019,HD 142373,0.868,1.08,8,8
HD 142373_1,2.2413630311715163,0.10283346925565696,HD 142373,0.868,1.08,8,8
HD 142373_1,2.244724417192744,0.1126449189421361,HD 142373,0.868,1.08,8,8
HD 142373_1,2.2423472880449724,0.08797833737398592,HD 142373,0.868,1.08,8,8
HD 142373_1,2.237312678567949,0.10362088560158664,HD 142373,0.868,1.08,8,8
HD 142373_1,2.245833917064391,0.10553190722236606,HD 142373,0.868,1.08,8,8
HD 142373_1,2.250309953406952,0.09272741424240484,HD 142373,0.868,1.08,8,8
HD 142373_1,2.24638477172158,0.11082567803192893,HD 142373,0.868,1.08,8,8
HD 142373_1,2.2507827662740545,0.09429660816208349,HD 142373,0.868,1.08,8,8
HD 142373_1,2.251021981196662,0.10280565651994338,HD 142373,0.868,1.08,8,8
HD 142373_1,2.2511255749329964,0.11287474660007567,HD 142373,0.868,1.08,8,8
HD 142373_1,2.243175474840999,0.10598545604641552,HD 142373,0.868,1.08,8,8
HD 142373_1,2.242308853082066,0.10963767522701577,HD 142373,0.868,1.08,8,8
HD 142373_1,2.2396251177101387,0.09619326193280604,HD 142373,0.868,1.08,8,8
HD 142373_1,2.2390667828857698,0.10772947783007371,HD 142373,0.868,1.08,8,8
HD 142373_1,2.2409197118585595,0.10254493230262665,HD 142373,0.868,1.08,8,8
HD 142373_1,2.23987136790807,0.10560445600786961,HD 142373,0.868,1.08,8,8
HD 142373_1,2.2404033508928722,0.09906238195125415,HD 142373,0.868,1.08,8,8
HD 142373_1,2.248013737030074,0.10819680051162682,HD 142373,0.868,1.08,8,8
HD 142373_1,2.2415676717804742,0.10444982862163367,HD 142373,0.868,1.08,8,8
HD 142373_1,2.242641768522925,0.09067199505836457,HD 142373,0.868,1.08,8,8
HD 142373_1,2.2419779404504956,0.09866560169969864,HD 142373,0.868,1.08,8,8
HD 142373_1,2.2414465369072083,0.1021572413340273,HD 142373,0.868,1.08,8,8
HD 142373_1,2.252226804227168,0.08559880946026448,HD 142373,0.868,1.08,8,8
HD 142373_1,2.247538699026836,0.09591042711722086,HD 142373,0.868,1.08,8,8
HD 142373_1,2.23849159181707,0.09896822054625548,HD 142373,0.868,1.08,8,8
HD 142373_1,2.246263821289839,0.11781707164346861,HD 142373,0.868,1.08,8,8
HD 142373_1,2.2477259659317825,0.08267160231001927,HD 142373,0.868,1.08,8,8
HD 142373_1,2.239184983090718,0.10337020230470621,HD 142373,0.868,1.08,8,8
HD 142373_1,2.244095726352139,0.10196740490948762,HD 142373,0.868,1.08,8,8
HD 142373_1,2.244885602842473,0.10751802589123452,HD 142373,0.868,1.08,8,8
HD 142373_1,2.249071655229015,0.09946798808639964,HD 142373,0.868,1.08,8,8
HD 142373_1,2.2366181494509227,0.1023029690874834,HD 142373,0.868,1.08,8,8
HD 142373_1,2.2384462097637043,0.09288479668844433,HD 142373,0.868,1.08,8,8
HD 142373_1,2.2385726475885503,0.10385026702080716,HD 142373,0.868,1.08,8,8
HD 142373_1,2.2433635647449073,0.0955718342996209,HD 142373,0.868,1.08,8,8
HD 142373_1,2.2406764141773006,0.09173526287938662,HD 142373,0.868,1.08,8,8
HD 142373_1,2.2480720820103897,0.08759028023913994,HD 142373,0.868,1.08,8,8
HD 142373_1,2.2405057931982526,0.09912487009914032,HD 142373,0.868,1.08,8,8
HD 142373_1,2.2455796668998587,0.0974386006512455,HD 142373,0.868,1.08,8,8
HD 142373_1,2.2418364553817187,0.10197467275819044,HD 142373,0.868,1.08,8,8
HD 142373_1,2.242082138163994,0.10730640736484902,HD 142373,0.868,1.08,8,8
HD 142373_1,2.239693208884831,0.09070052909171453,HD 142373,0.868,1.08,8,8
HD 142373_1,2.2473590998165256,0.10158230665117951,HD 142373,0.868,1.08,8,8
HD 142373_1,2.2426241948103263,0.10121220734154598,HD 142373,0.868,1.08,8,8
HD 142373_1,2.2454179145331574,0.08656614723634189,HD 142373,0.868,1.08,8,8
HD 142373_1,2.2481175184725735,0.08863871565487326,HD 142373,0.868,1.08,8,8
HD 142373_1,2.249624862835929,0.08314243441840914,HD 142373,0.868,1.08,8,8
HD 142373_1,2.23923118578858,0.08882006770445722,HD 142373,0.868,1.08,8,8
HD 142373_1,2.2410061187877366,0.10140314747550257,HD 142373,0.868,1.08,8,8
HD 142373_1,2.242122377798898,0.09382077096526889,HD 142373,0.868,1.08,8,8
HD 142373_1,2.2391983259938404,0.09319455190766929,HD 142373,0.868,1.08,8,8
HD 142373_1,2.2383989695848303,0.08933957666242,HD 142373,0.868,1.08,8,8
HD 142373_1,2.241322836889879,0.09564451608541627,HD 142373,0.868,1.08,8,8
HD 142373_1,2.2424984062301103,0.09561920707088803,HD 142373,0.868,1.08,8,8
HD 142373_1,2.2435158744277506,0.1016857611055684,HD 142373,0.868,1.08,8,8
HD 142373_1,2.243418996610854,0.09170159613370049,HD 142373,0.868,1.08,8,8
HD 142373_1,2.2456057256444666,0.09510437672329454,HD 142373,0.868,1.08,8,8
HD 142373_1,2.2360648961150167,0.09282999652066704,HD 142373,0.868,1.08,8,8
HD 142373_1,2.247467955713216,0.10117292255414763,HD 142373,0.868,1.08,8,8
HD 142373_1,2.247638790595377,0.08269519291332462,HD 142373,0.868,1.08,8,8
HD 142373_1,2.247227794444719,0.09333844774103141,HD 142373,0.868,1.08,8,8
HD 142373_1,2.2426435542610084,0.10845714139238263,HD 142373,0.868,1.08,8,8
HD 142373_1,2.248133606524537,0.10425438545843607,HD 142373,0.868,1.08,8,8
HD 142373_1,2.2439814957107935,0.10321882404079716,HD 142373,0.868,1.08,8,8
HD 142373_1,2.248516127072284,0.08150617198073905,HD 142373,0.868,1.08,8,8
HD 142373_1,2.247740485980131,0.10104457242731163,HD 142373,0.868,1.08,8,8
HD 142373_1,2.242537018736076,0.09682513320950609,HD 142373,0.868,1.08,8,8
HD 142373_1,2.2407082773598246,0.09725002156413956,HD 142373,0.868,1.08,8,8
HD 142373_1,2.2445186819853595,0.10603038360764537,HD 142373,0.868,1.08,8,8
HD 142373_1,2.2437618589103385,0.09562891181078821,HD 142373,0.868,1.08,8,8
HD 142373_1,2.2405015129661066,0.10052778289568456,HD 142373,0.868,1.08,8,8
HD 142373_1,2.23947636300614,0.09074410686413732,HD 142373,0.868,1.08,8,8
HD 142373_1,2.2489842823450292,0.10356376118075547,HD 142373,0.868,1.08,8,8
HD 142373_1,2.244574517140351,0.09821060273732243,HD 142373,0.868,1.08,8,8
HD 142373_1,2.2500077933060822,0.10531032744085504,HD 142373,0.868,1.08,8,8
HD 142373_1,2.2420055118736077,0.09776507038234507,HD 142373,0.868,1.08,8,8
HD 142373_1,2.2417817172622323,0.09925676526241589,HD 142373,0.868,1.08,8,8
HD 142373_1,2.2395025666379933,0.10644911910832056,HD 142373,0.868,1.08,8,8
HD 142373_1,2.245685805552091,0.08515042260384169,HD 142373,0.868,1.08,8,8
HD 142373_1,2.2495424441658396,0.10632959316955151,HD 142373,0.868,1.08,8,8
HD 142373_1,2.2531204094665664,0.09183079377136523,HD 142373,0.868,1.08,8,8
HD 142373_1,2.243565116176007,0.09419472927089484,HD 142373,0.868,1.08,8,8
HD 142373_1,2.238902696823462,0.10820517617626621,HD 142373,0.868,1.08,8,8
HD 142373_1,2.239663739321157,0.09209688768493,HD 142373,0.868,1.08,8,8
HD 142373_1,2.24537701899243,0.10161682569393128,HD 142373,0.868,1.08,8,8
HD 142373_1,2.240542261250369,0.09500615796033827,HD 142373,0.868,1.08,8,8
HD 142373_1,2.242485901477152,0.09184971836041245,HD 142373,0.868,1.08,8,8
HD 142373_1,2.24149020052176,0.10245788439257933,HD 142373,0.868,1.08,8,8
HD 142373_1,2.250289105129034,0.09810355864270048,HD 142373,0.868,1.08,8,8
HD 142373_1,2.2381240486406577,0.09601537795871709,HD 142373,0.868,1.08,8,8
HD 142373_1,2.2439370814663566,0.09692968401720527,HD 142373,0.868,1.08,8,8
HD 142373_1,2.2478891910453553,0.10883282079359773,HD 142373,0.868,1.08,8,8
HD 142373_1,2.24414736483264,0.08647630752423266,HD 142373,0.868,1.08,8,8
HD 142373_1,2.2442293585922037,0.09465169118151556,HD 142373,0.868,1.08,8,8
HD 142373_1,2.2370424163728067,0.10831446310883402,HD 142373,0.868,1.08,8,8
HD 142373_1,2.2407385637302846,0.08573613188479745,HD 142373,0.868,1.08,8,8
HD 142373_1,2.2376098697483426,0.08038015527030858,HD 142373,0.868,1.08,8,8
HD 142373_1,2.244274885464433,0.09662765739779895,HD 142373,0.868,1.08,8,8
HD 142373_1,2.244001941387912,0.09704427754939132,HD 142373,0.868,1.08,8,8
HD 142373_1,2.2404731449522957,0.08363315386646805,HD 142373,0.868,1.08,8,8
HD 142373_1,2.2443968897944893,0.10246363797538177,HD 142373,0.868,1.08,8,8
HD 142373_1,2.2480706429089383,0.10484843823893981,HD 142373,0.868,1.08,8,8
HD 142373_1,2.2469271838604463,0.11274816683981372,HD 142373,0.868,1.08,8,8
HD 142373_1,2.246819384293744,0.10412792498208226,HD 142373,0.868,1.08,8,8
HD 142373_1,2.237933512367683,0.10727565265006626,HD 142373,0.868,1.08,8,8
HD 142373_1,2.2472085301443334,0.09658660446838874,HD 142373,0.868,1.08,8,8
HD 142373_1,2.235227090463943,0.0998119712955183,HD 142373,0.868,1.08,8,8
HD 142373_1,2.246668842890154,0.09833663453232672,HD 142373,0.868,1.08,8,8
HD 142373_1,2.2470793985137023,0.08092322587842576,HD 142373,0.868,1.08,8,8
HD 142373_1,2.237441340578845,0.10347565527199733,HD 142373,0.868,1.08,8,8
HD 142373_1,2.242757845944922,0.10387395323025146,HD 142373,0.868,1.08,8,8
HD 142373_1,2.2397438911126066,0.09572299656909644,HD 142373,0.868,1.08,8,8
HD 142373_1,2.243553663723138,0.08669337229533483,HD 142373,0.868,1.08,8,8
HD 142373_1,2.2465867706335176,0.0939762019194115,HD 142373,0.868,1.08,8,8
HD 142373_1,2.243792027233923,0.1030882136982858,HD 142373,0.868,1.08,8,8
HD 142373_1,2.2496066341191954,0.08784231137220362,HD 142373,0.868,1.08,8,8
HD 142373_1,2.2359362175450794,0.10580525191050322,HD 142373,0.868,1.08,8,8
HD 142373_1,2.242979742975308,0.1075394324747977,HD 142373,0.868,1.08,8,8
HD 142373_1,2.238320641055163,0.10329489368463123,HD 142373,0.868,1.08,8,8
HD 142373_1,2.240493493914169,0.10249423506818438,HD 142373,0.868,1.08,8,8
HD 142373_1,2.2436443724522563,0.0961871413894902,HD 142373,0.868,1.08,8,8
HD 142373_1,2.249041068512673,0.09371219908689304,HD 142373,0.868,1.08,8,8
HD 142373_1,2.236921552744264,0.10175636321450596,HD 142373,0.868,1.08,8,8
HD 142373_1,2.241522670677948,0.10625227517968085,HD 142373,0.868,1.08,8,8
HD 142373_1,2.244734765910682,0.09243047814838606,HD 142373,0.868,1.08,8,8
HD 142373_1,2.2380039858449914,0.10448400522054262,HD 142373,0.868,1.08,8,8
HD 142373_1,2.2491440922312957,0.09928505453146366,HD 142373,0.868,1.08,8,8
HD 142373_1,2.233207047951575,0.0959425455853242,HD 142373,0.868,1.08,8,8
HD 142373_1,2.2450353385373742,0.09925890042230603,HD 142373,0.868,1.08,8,8
HD 142373_1,2.239580482606648,0.10105811607137186,HD 142373,0.868,1.08,8,8
HD 142373_1,2.239728466749614,0.10847664285652611,HD 142373,0.868,1.08,8,8
HD 142373_1,2.249454138100584,0.10866557007590401,HD 142373,0.868,1.08,8,8
HD 142373_1,2.245164186086154,0.10284677777965018,HD 142373,0.868,1.08,8,8
HD 142373_1,2.237452275448264,0.1057875392432948,HD 142373,0.868,1.08,8,8
HD 142373_1,2.250214519638772,0.10327562313843675,HD 142373,0.868,1.08,8,8
HD 142373_1,2.2452350698137713,0.07732100558597774,HD 142373,0.868,1.08,8,8
HD 142373_1,2.243266450089053,0.100437653596651,HD 142373,0.868,1.08,8,8
HD 142373_1,2.246110320869043,0.10623013732071224,HD 142373,0.868,1.08,8,8
HD 142373_1,2.2481697321596927,0.09651963486978865,HD 142373,0.868,1.08,8,8
HD 142373_1,2.2414722695121467,0.10519875726813957,HD 142373,0.868,1.08,8,8
HD 142373_1,2.2442594676703327,0.09731485198861141,HD 142373,0.868,1.08,8,8
HD 142373_1,2.242582989452099,0.09753294613859537,HD 142373,0.868,1.08,8,8
HD 142373_1,2.2405827734833488,0.09806088734436644,HD 142373,0.868,1.08,8,8
HD 142373_1,2.2447742885030344,0.10146976288993216,HD 142373,0.868,1.08,8,8
HD 142373_1,2.240532482459912,0.10129795123574875,HD 142373,0.868,1.08,8,8
HD 142373_1,2.23679945453034,0.10442644856788012,HD 142373,0.868,1.08,8,8
HD 142373_1,2.2453110013863715,0.08568492931470627,HD 142373,0.868,1.08,8,8
HD 142373_1,2.2455498253967634,0.10164281971776813,HD 142373,0.868,1.08,8,8
HD 142373_1,2.243595423467301,0.0870799203511165,HD 142373,0.868,1.08,8,8
HD 142373_1,2.245861768382651,0.09928886275660562,HD 142373,0.868,1.08,8,8
HD 142373_1,2.243577273144988,0.10128243000970281,HD 142373,0.868,1.08,8,8
HD 142373_1,2.2419020115251205,0.10030434351049479,HD 142373,0.868,1.08,8,8
HD 142373_1,2.238570716708311,0.09973553586767384,HD 142373,0.868,1.08,8,8
HD 142373_1,2.24446907825984,0.08933875059340926,HD 142373,0.868,1.08,8,8
HD 142373_1,2.243291977595251,0.08296606045160645,HD 142373,0.868,1.08,8,8
HD 142373_1,2.238450063416684,0.10285070670503127,HD 142373,0.868,1.08,8,8
HD 142373_1,2.2398707018736177,0.10313915063458726,HD 142373,0.868,1.08,8,8
HD 142373_1,2.2370362036014058,0.09737703265520821,HD 142373,0.868,1.08,8,8
HD 142373_1,2.2413122412100908,0.0976342563120133,HD 142373,0.868,1.08,8,8
HD 142373_1,2.2409562646248413,0.10087641376353729,HD 142373,0.868,1.08,8,8
HD 142373_1,2.2440460607243797,0.10574981885444418,HD 142373,0.868,1.08,8,8
HD 142373_1,2.242273417110497,0.10382872102606702,HD 142373,0.868,1.08,8,8
HD 142373_1,2.2468402196706805,0.09737393502973449,HD 142373,0.868,1.08,8,8
HD 142373_1,2.249139954321391,0.09391627582246224,HD 142373,0.868,1.08,8,8
HD 142373_1,2.244994932418696,0.09003173146011743,HD 142373,0.868,1.08,8,8
HD 142373_1,2.2490181768438986,0.10758371764158901,HD 142373,0.868,1.08,8,8
HD 142373_1,2.243993039943189,0.10685590464138923,HD 142373,0.868,1.08,8,8
HD 142373_1,2.24325216450209,0.09693554592113492,HD 142373,0.868,1.08,8,8
HD 142373_1,2.245876250626108,0.0983875536955965,HD 142373,0.868,1.08,8,8
HD 142373_1,2.2504997986978257,0.08614065956676295,HD 142373,0.868,1.08,8,8
HD 142373_1,2.2400209357855436,0.10523467666332251,HD 142373,0.868,1.08,8,8
HD 142373_1,2.2507630454954444,0.09048906723532504,HD 142373,0.868,1.08,8,8
HD 142373_1,2.244627210091195,0.0995859779520143,HD 142373,0.868,1.08,8,8
HD 142373_1,2.2400804861417356,0.10032968895747149,HD 142373,0.868,1.08,8,8
HD 142373_1,2.2509056738941444,0.10313583692290015,HD 142373,0.868,1.08,8,8
HD 142373_1,2.2491552132389336,0.09441768202076459,HD 142373,0.868,1.08,8,8
HD 142373_1,2.2457915327645734,0.0901982628120601,HD 142373,0.868,1.08,8,8
HD 142373_1,2.2413095499727547,0.08823765954979548,HD 142373,0.868,1.08,8,8
HD 142373_1,2.2431137225190128,0.10328395640818233,HD 142373,0.868,1.08,8,8
HD 142373_1,2.2444219985868408,0.10299886753427596,HD 142373,0.868,1.08,8,8
HD 142373_1,2.2484402554646596,0.09225352055694286,HD 142373,0.868,1.08,8,8
HD 142373_1,2.2390215509661853,0.08977916587504221,HD 142373,0.868,1.08,8,8
HD 142373_1,2.238731326570033,0.11367121522443803,HD 142373,0.868,1.08,8,8
HD 142373_1,2.246200174193821,0.0877733933965922,HD 142373,0.868,1.08,8,8
HD 142373_1,2.233709514814331,0.09889128911862642,HD 142373,0.868,1.08,8,8
HD 142373_1,2.25326481337126,0.1019361347437818,HD 142373,0.868,1.08,8,8
HD 142373_1,2.240019105009093,0.09541647466009583,HD 142373,0.868,1.08,8,8
HD 142373_1,2.241346362018996,0.09722863051477343,HD 142373,0.868,1.08,8,8
HD 142373_1,2.244058477730648,0.09074781692770373,HD 142373,0.868,1.08,8,8
HD 142373_1,2.24332476861738,0.10595589663371524,HD 142373,0.868,1.08,8,8
HD 142373_1,2.2451484045803207,0.10626551094163213,HD 142373,0.868,1.08,8,8
HD 142373_1,2.2407729115565527,0.10338351008619585,HD 142373,0.868,1.08,8,8
HD 142373_1,2.249435422788632,0.09025629299736017,HD 142373,0.868,1.08,8,8
HD 142373_1,2.2475852895497366,0.10783971554676501,HD 142373,0.868,1.08,8,8
HD 142373_1,2.2450790131467406,0.0965595497546919,HD 142373,0.868,1.08,8,8
HD 142373_1,2.240083528061828,0.08877574481751592,HD 142373,0.868,1.08,8,8
HD 142373_1,2.2448182513770276,0.11007765716076703,HD 142373,0.868,1.08,8,8
HD 142373_1,2.241198503732083,0.10117925606419194,HD 142373,0.868,1.08,8,8
HD 142373_1,2.2391311940844147,0.09645805879176612,HD 142373,0.868,1.08,8,8
HD 142373_1,2.244047599775976,0.1020970527052005,HD 142373,0.868,1.08,8,8
HD 142373_1,2.239520837615392,0.10427422151943345,HD 142373,0.868,1.08,8,8
HD 142373_1,2.2403268286696276,0.09823639137225612,HD 142373,0.868,1.08,8,8
HD 142373_1,2.2453702417997135,0.09635920099012801,HD 142373,0.868,1.08,8,8
HD 142373_1,2.2428906715914825,0.1016773037328671,HD 142373,0.868,1.08,8,8
HD 142373_1,2.24759552715862,0.10295349497447437,HD 142373,0.868,1.08,8,8
HD 23249_0,3.9109003525610766,0.03789388538180018,HD 23249,0.804,0.87,8,6
HD 23249_0,3.9100646836310307,0.03409601287609292,HD 23249,0.804,0.87,8,6
HD 23249_0,3.915800978002914,0.04340155002338581,HD 23249,0.804,0.87,8,6
HD 23249_0,3.9267596540082357,0.04119878995634977,HD 23249,0.804,0.87,8,6
HD 23249_0,3.904032640329238,0.03939453659880346,HD 23249,0.804,0.87,8,6
HD 23249_0,3.9264613100271775,0.037258693942166535,HD 23249,0.804,0.87,8,6
HD 23249_0,3.9099489288950413,0.04053668954370876,HD 23249,0.804,0.87,8,6
HD 23249_0,3.918145617269095,0.033485243905718866,HD 23249,0.804,0.87,8,6
HD 23249_0,3.9128854098633767,0.030386970386849427,HD 23249,0.804,0.87,8,6
HD 23249_0,3.904702591773876,0.03988385020542068,HD 23249,0.804,0.87,8,6
HD 23249_0,3.9195235790328558,0.028149106266160906,HD 23249,0.804,0.87,8,6
HD 23249_0,3.912654321799667,0.03220094646461716,HD 23249,0.804,0.87,8,6
HD 23249_0,3.9198350254575542,0.03442291977180709,HD 23249,0.804,0.87,8,6
HD 23249_0,3.9151569683821776,0.03520569643373608,HD 23249,0.804,0.87,8,6
HD 23249_0,3.914060672637357,0.04435579739310333,HD 23249,0.804,0.87,8,6
HD 23249_0,3.8970686459295827,0.03986063905727512,HD 23249,0.804,0.87,8,6
HD 23249_0,3.902744940545214,0.03810854207290537,HD 23249,0.804,0.87,8,6
HD 23249_0,3.9123211247092797,0.03450729991996555,HD 23249,0.804,0.87,8,6
HD 23249_0,3.909704451518319,0.042111604347769095,HD 23249,0.804,0.87,8,6
HD 23249_0,3.9252669829345077,0.03410390258524666,HD 23249,0.804,0.87,8,6
HD 23249_0,3.9127960236210044,0.03557832189073349,HD 23249,0.804,0.87,8,6
HD 23249_0,3.923585583471802,0.04346207657920483,HD 23249,0.804,0.87,8,6
HD 23249_0,3.9029616912576497,0.03635964010098253,HD 23249,0.804,0.87,8,6
HD 23249_0,3.908132263902544,0.03611944597954367,HD 23249,0.804,0.87,8,6
HD 23249_0,3.9081514821935457,0.041071045051384175,HD 23249,0.804,0.87,8,6
HD 23249_0,3.926970845955573,0.04153456352834746,HD 23249,0.804,0.87,8,6
HD 23249_0,3.906474745816646,0.028460030724083527,HD 23249,0.804,0.87,8,6
HD 23249_0,3.912820231420499,0.030271753065377792,HD 23249,0.804,0.87,8,6
HD 23249_0,3.91208515033758,0.04167861893097336,HD 23249,0.804,0.87,8,6
HD 23249_0,3.9217714797071848,0.043176028799870314,HD 23249,0.804,0.87,8,6
HD 23249_0,3.9118377435900573,0.0382273613133434,HD 23249,0.804,0.87,8,6
HD 23249_0,3.9081595340423565,0.03410194170932419,HD 23249,0.804,0.87,8,6
HD 23249_0,3.8912283941983827,0.04046169270581721,HD 23249,0.804,0.87,8,6
HD 23249_0,3.904342000635559,0.04386197809995634,HD 23249,0.804,0.87,8,6
HD 23249_0,3.9230108676532303,0.033665503232206025,HD 23249,0.804,0.87,8,6
HD 23249_0,3.9021907982937245,0.030851663544796945,HD 23249,0.804,0.87,8,6
HD 23249_0,3.9228346715384443,0.03655942983239556,HD 23249,0.804,0.87,8,6
HD 23249_0,3.920650178922305,0.040646366845373316,HD 23249,0.804,0.87,8,6
HD 23249_0,3.909989903414072,0.039183068828695516,HD 23249,0.804,0.87,8,6
HD 23249_0,3.921108765839692,0.032321879889615095,HD 23249,0.804,0.87,8,6
HD 23249_0,3.9062554897811848,0.02982635612839934,HD 23249,0.804,0.87,8,6
HD 23249_0,3.923432036326783,0.03718951932819163,HD 23249,0.804,0.87,8,6
HD 23249_0,3.921957164828514,0.0421155410082998,HD 23249,0.804,0.87,8,6
HD 23249_0,3.9057363739397575,0.041751321817130094,HD 23249,0.804,0.87,8,6
HD 23249_0,3.9092208650433498,0.03423862520624483,HD 23249,0.804,0.87,8,6
HD 23249_0,3.9149641600923086,0.034536666330274794,HD 23249,0.804,0.87,8,6
HD 23249_0,3.9199104411138577,0.03515367085896238,HD 23249,0.804,0.87,8,6
HD 23249_0,3.903443381747442,0.029513509484841483,HD 23249,0.804,0.87,8,6
HD 23249_0,3.932709606814036,0.039190148864547816,HD 23249,0.804,0.87,8,6
HD 23249_0,3.9086536231850753,0.03169018935856402,HD 23249,0.804,0.87,8,6
HD 23249_0,3.9236475354030733,0.041947284392901844,HD 23249,0.804,0.87,8,6
HD 23249_0,3.915110508514597,0.03313137365253632,HD 23249,0.804,0.87,8,6
HD 23249_0,3.913960965072958,0.03321297911016749,HD 23249,0.804,0.87,8,6
HD 23249_0,3.9065616723136074,0.032991247625474104,HD 23249,0.804,0.87,8,6
HD 23249_0,3.8982719946683115,0.04089860672843954,HD 23249,0.804,0.87,8,6
HD 23249_0,3.904813877200142,0.038247641030998876,HD 23249,0.804,0.87,8,6
HD 23249_0,3.906774909302571,0.034692078836641424,HD 23249,0.804,0.87,8,6
HD 23249_0,3.91572300614143,0.03849117836273875,HD 23249,0.804,0.87,8,6
HD 23249_0,3.9152862044884995,0.03760837268679108,HD 23249,0.804,0.87,8,6
HD 23249_0,3.913169077187957,0.0327059274775452,HD 23249,0.804,0.87,8,6
HD 23249_0,3.923188979398686,0.03810682383435704,HD 23249,0.804,0.87,8,6
HD 23249_0,3.918773201615403,0.03901582529634535,HD 23249,0.804,0.87,8,6
HD 23249_0,3.908760080485468,0.04100529797456253,HD 23249,0.804,0.87,8,6
HD 23249_0,3.913513158951771,0.04032691217652971,HD 23249,0.804,0.87,8,6
HD 23249_0,3.903115909251757,0.03691100903586258,HD 23249,0.804,0.87,8,6
HD 23249_0,3.9208471978971366,0.038238866592786865,HD 23249,0.804,0.87,8,6
HD 23249_0,3.903766221289895,0.032408270069088294,HD 23249,0.804,0.87,8,6
HD 23249_0,3.9214827355357835,0.04122438706762981,HD 23249,0.804,0.87,8,6
HD 23249_0,3.9124060493811283,0.0327378928588004,HD 23249,0.804,0.87,8,6
HD 23249_0,3.910650949666424,0.03924119850110437,HD 23249,0.804,0.87,8,6
HD 23249_0,3.9231898761170814,0.037773364074634636,HD 23249,0.804,0.87,8,6
HD 23249_0,3.916198604766509,0.042340302785797486,HD 23249,0.804,0.87,8,6
HD 23249_0,3.9031781360533455,0.03358488686774995,HD 23249,0.804,0.87,8,6
HD 23249_0,3.91467526109906,0.040027189413196176,HD 23249,0.804,0.87,8,6
HD 23249_0,3.9054049152870514,0.03877197004079611,HD 23249,0.804,0.87,8,6
HD 23249_0,3.9338495314186863,0.04178438319941896,HD 23249,0.804,0.87,8,6
HD 23249_0,3.9263557617332476,0.043391763985928124,HD 23249,0.804,0.87,8,6
HD 23249_0,3.9016252601900723,0.04103770933367182,HD 23249,0.804,0.87,8,6
HD 23249_0,3.919895507800745,0.04257512167969247,HD 23249,0.804,0.87,8,6
HD 23249_0,3.9045679086931266,0.02994690686510456,HD 23249,0.804,0.87,8,6
HD 23249_0,3.9261730828487424,0.029955279111576902,HD 23249,0.804,0.87,8,6
HD 23249_0,3.907654417090674,0.04325935161147238,HD 23249,0.804,0.87,8,6
HD 23249_0,3.919741457023655,0.03351817143063042,HD 23249,0.804,0.87,8,6
HD 23249_0,3.9107539036105012,0.040565782652086796,HD 23249,0.804,0.87,8,6
HD 23249_0,3.9287553256443153,0.033647640624173615,HD 23249,0.804,0.87,8,6
HD 23249_0,3.912786170184291,0.03438209204461893,HD 23249,0.804,0.87,8,6
HD 23249_0,3.9231985076032605,0.03559598486340457,HD 23249,0.804,0.87,8,6
HD 23249_0,3.9153094307232137,0.044481300888842,HD 23249,0.804,0.87,8,6
HD 23249_0,3.9237852216636977,0.04034372885152098,HD 23249,0.804,0.87,8,6
HD 23249_0,3.922491199125857,0.04019772020636761,HD 23249,0.804,0.87,8,6
HD 23249_0,3.9152962300169336,0.04271960884289658,HD 23249,0.804,0.87,8,6
HD 23249_0,3.9040896170920907,0.03697701389906055,HD 23249,0.804,0.87,8,6
HD 23249_0,3.908310776035653,0.04000801656913384,HD 23249,0.804,0.87,8,6
HD 23249_0,3.9273562476287176,0.034488121868619326,HD 23249,0.804,0.87,8,6
HD 23249_0,3.9162399482556123,0.03774666269588018,HD 23249,0.804,0.87,8,6
HD 23249_0,3.924235209520771,0.0388589952833316,HD 23249,0.804,0.87,8,6
HD 23249_0,3.929593741731604,0.04001434993123385,HD 23249,0.804,0.87,8,6
HD 23249_0,3.9222943153351815,0.031388003201765984,HD 23249,0.804,0.87,8,6
HD 23249_0,3.9076046387650756,0.03520222261287845,HD 23249,0.804,0.87,8,6
HD 23249_0,3.926042387387349,0.045031254401054516,HD 23249,0.804,0.87,8,6
HD 23249_0,3.911722157919507,0.043164151500085984,HD 23249,0.804,0.87,8,6
HD 23249_0,3.909745020098042,0.04096496240445456,HD 23249,0.804,0.87,8,6
HD 23249_0,3.91575564404778,0.03505646580642392,HD 23249,0.804,0.87,8,6
HD 23249_0,3.9151587619186716,0.03548577976199702,HD 23249,0.804,0.87,8,6
HD 23249_0,3.900338567459079,0.032456531645960573,HD 23249,0.804,0.87,8,6
HD 23249_0,3.9182597264483294,0.04641992922506264,HD 23249,0.804,0.87,8,6
HD 23249_0,3.922691834706198,0.03655341098705011,HD 23249,0.804,0.87,8,6
HD 23249_0,3.9084039612164756,0.03594039005750352,HD 23249,0.804,0.87,8,6
HD 23249_0,3.903489802311962,0.03763873331935798,HD 23249,0.804,0.87,8,6
HD 23249_0,3.9117048253947084,0.035673144821511155,HD 23249,0.804,0.87,8,6
HD 23249_0,3.914270725288202,0.04293646642968041,HD 23249,0.804,0.87,8,6
HD 23249_0,3.9248346908178817,0.03894379600207782,HD 23249,0.804,0.87,8,6
HD 23249_0,3.9148841896560156,0.037157093229723506,HD 23249,0.804,0.87,8,6
HD 23249_0,3.9232060760260503,0.041910757851031,HD 23249,0.804,0.87,8,6
HD 23249_0,3.91894104420158,0.03533900426837837,HD 23249,0.804,0.87,8,6
HD 23249_0,3.919387314622466,0.037611378876453314,HD 23249,0.804,0.87,8,6
HD 23249_0,3.9098373260151496,0.03332014899780193,HD 23249,0.804,0.87,8,6
HD 23249_0,3.928615287567554,0.03658302280884481,HD 23249,0.804,0.87,8,6
HD 23249_0,3.9197568075598705,0.030869456932414975,HD 23249,0.804,0.87,8,6
HD 23249_0,3.9279930564482193,0.04019482239198524,HD 23249,0.804,0.87,8,6
HD 23249_0,3.9074081202127893,0.03304801201039005,HD 23249,0.804,0.87,8,6
HD 23249_0,3.920705859594343,0.042715584242444836,HD 23249,0.804,0.87,8,6
HD 23249_0,3.9158231776599037,0.03419465048072263,HD 23249,0.804,0.87,8,6
HD 23249_0,3.9000412519134606,0.04111106698825611,HD 23249,0.804,0.87,8,6
HD 23249_0,3.9067520918189267,0.03638231396407138,HD 23249,0.804,0.87,8,6
HD 23249_0,3.9183334590431054,0.03424568817513283,HD 23249,0.804,0.87,8,6
HD 23249_0,3.9267010625966408,0.04425184693935011,HD 23249,0.804,0.87,8,6
HD 23249_0,3.924209746286588,0.03832799894977458,HD 23249,0.804,0.87,8,6
HD 23249_0,3.910873586849786,0.03696448363921836,HD 23249,0.804,0.87,8,6
HD 23249_0,3.92051308716922,0.032769439748454844,HD 23249,0.804,0.87,8,6
HD 23249_0,3.921364790417766,0.037296148810397875,HD 23249,0.804,0.87,8,6
HD 23249_0,3.922396940316586,0.027878136534418584,HD 23249,0.804,0.87,8,6
HD 23249_0,3.920855111731006,0.0332886544888971,HD 23249,0.804,0.87,8,6
HD 23249_0,3.9134052750625483,0.04213823611369527,HD 23249,0.804,0.87,8,6
HD 23249_0,3.9155946618142594,0.040641989483700854,HD 23249,0.804,0.87,8,6
HD 23249_0,3.9246645061650027,0.04048869045606253,HD 23249,0.804,0.87,8,6
HD 23249_0,3.9086089801135304,0.04360646217155753,HD 23249,0.804,0.87,8,6
HD 23249_0,3.9230566167856584,0.03628398573235452,HD 23249,0.804,0.87,8,6
HD 23249_0,3.925330260863636,0.04002552066606044,HD 23249,0.804,0.87,8,6
HD 23249_0,3.9221623891120956,0.04022158734811831,HD 23249,0.804,0.87,8,6
HD 23249_0,3.9088817114068033,0.034458344551358204,HD 23249,0.804,0.87,8,6
HD 23249_0,3.920428714837637,0.04518206937256085,HD 23249,0.804,0.87,8,6
HD 23249_0,3.90780632908822,0.03734899574757893,HD 23249,0.804,0.87,8,6
HD 23249_0,3.913488368007495,0.03448564821085425,HD 23249,0.804,0.87,8,6
HD 23249_0,3.91252977880831,0.0354993767699357,HD 23249,0.804,0.87,8,6
HD 23249_0,3.9083991568073007,0.03650224214182649,HD 23249,0.804,0.87,8,6
HD 23249_0,3.9060053736619937,0.035176196716910135,HD 23249,0.804,0.87,8,6
HD 23249_0,3.9121441125707705,0.03210010126001447,HD 23249,0.804,0.87,8,6
HD 23249_0,3.9023698296715605,0.03862464170955443,HD 23249,0.804,0.87,8,6
HD 23249_0,3.9233862928022343,0.03144860900438902,HD 23249,0.804,0.87,8,6
HD 23249_0,3.916542154570161,0.03729826388615417,HD 23249,0.804,0.87,8,6
HD 23249_0,3.9120914261371387,0.04023336298169309,HD 23249,0.804,0.87,8,6
HD 23249_0,3.912229834588772,0.03525283583932714,HD 23249,0.804,0.87,8,6
HD 23249_0,3.912636024379417,0.03631248902479231,HD 23249,0.804,0.87,8,6
HD 23249_0,3.9149932558956264,0.027792643446744324,HD 23249,0.804,0.87,8,6
HD 23249_0,3.9253590888662537,0.03791795805558976,HD 23249,0.804,0.87,8,6
HD 23249_0,3.924189836246275,0.038141939340276716,HD 23249,0.804,0.87,8,6
HD 23249_0,3.9284272278210466,0.03767602327653091,HD 23249,0.804,0.87,8,6
HD 23249_0,3.915197276873346,0.03845656931415331,HD 23249,0.804,0.87,8,6
HD 23249_0,3.9185689066357132,0.03818002682764535,HD 23249,0.804,0.87,8,6
HD 23249_0,3.9143234875217767,0.03571609243099821,HD 23249,0.804,0.87,8,6
HD 23249_0,3.910057757248567,0.041005199505017756,HD 23249,0.804,0.87,8,6
HD 23249_0,3.9191531500840813,0.040320549518523964,HD 23249,0.804,0.87,8,6
HD 23249_0,3.923945824125094,0.0348110555808734,HD 23249,0.804,0.87,8,6
HD 23249_0,3.921094021289174,0.04333300436114817,HD 23249,0.804,0.87,8,6
HD 23249_0,3.9031139134515747,0.039890489856840364,HD 23249,0.804,0.87,8,6
HD 23249_0,3.9057749918474105,0.03165647516666528,HD 23249,0.804,0.87,8,6
HD 23249_0,3.915010024679619,0.0376072887845712,HD 23249,0.804,0.87,8,6
HD 23249_0,3.911103015741749,0.04498565256740161,HD 23249,0.804,0.87,8,6
HD 23249_0,3.896351865225225,0.04294149691720199,HD 23249,0.804,0.87,8,6
HD 23249_0,3.9176671536160557,0.041302449300488826,HD 23249,0.804,0.87,8,6
HD 23249_0,3.9296609185578513,0.04184656883207453,HD 23249,0.804,0.87,8,6
HD 23249_0,3.9057110330012788,0.03771509163723655,HD 23249,0.804,0.87,8,6
HD 23249_0,3.8910685492590043,0.03709679477157731,HD 23249,0.804,0.87,8,6
HD 23249_0,3.9212043378502797,0.03166372201217327,HD 23249,0.804,0.87,8,6
HD 23249_0,3.9211776118542496,0.03810088782465095,HD 23249,0.804,0.87,8,6
HD 23249_0,3.9041367959389075,0.03350766661732908,HD 23249,0.804,0.87,8,6
HD 23249_0,3.899118626211669,0.03871000075794917,HD 23249,0.804,0.87,8,6
HD 23249_0,3.9134917809431267,0.03988489728413846,HD 23249,0.804,0.87,8,6
HD 23249_0,3.914318405884297,0.03882548266624125,HD 23249,0.804,0.87,8,6
HD 23249_0,3.915061163119135,0.0381602893144099,HD 23249,0.804,0.87,8,6
HD 23249_0,3.911083999271006,0.03533273059795432,HD 23249,0.804,0.87,8,6
HD 23249_0,3.907636318716277,0.03843805953699134,HD 23249,0.804,0.87,8,6
HD 23249_0,3.9252775453549176,0.034055671074945726,HD 23249,0.804,0.87,8,6
HD 23249_0,3.918554020006619,0.03887981399565124,HD 23249,0.804,0.87,8,6
HD 23249_0,3.9203312634530776,0.03418863723524248,HD 23249,0.804,0.87,8,6
HD 23249_0,3.9124260734550487,0.03452841400388225,HD 23249,0.804,0.87,8,6
HD 23249_0,3.907689894614667,0.04128763165081898,HD 23249,0.804,0.87,8,6
HD 23249_0,3.9141608574064293,0.030809821917300015,HD 23249,0.804,0.87,8,6
HD 23249_0,3.9232761355013626,0.034059692437543816,HD 23249,0.804,0.87,8,6
HD 23249_0,3.909966589991154,0.041382110963446884,HD 23249,0.804,0.87,8,6
HD 23249_0,3.91411191464654,0.03657743589286256,HD 23249,0.804,0.87,8,6
HD 23249_0,3.898451386584806,0.03438625417558569,HD 23249,0.804,0.87,8,6
HD 23249_0,3.9108072095255193,0.03777642588376232,HD 23249,0.804,0.87,8,6
HD 23249_0,3.928963829141677,0.031729816725996556,HD 23249,0.804,0.87,8,6
HD 23249_0,3.9082605132848856,0.03381683285643661,HD 23249,0.804,0.87,8,6
HD 23249_0,3.9068483827502165,0.04468866281310381,HD 23249,0.804,0.87,8,6
HD 23249_0,3.9166905544866317,0.032339035632787456,HD 23249,0.804,0.87,8,6
HD 23249_0,3.9103287795924615,0.04774057513394218,HD 23249,0.804,0.87,8,6
HD 23249_0,3.919854298068247,0.035161475536479726,HD 23249,0.804,0.87,8,6
HD 23249_0,3.9177606169977888,0.03857786142116004,HD 23249,0.804,0.87,8,6
HD 23249_0,3.8949197621844203,0.02662493896441996,HD 23249,0.804,0.87,8,6
HD 23249_0,3.9242789884635036,0.04671811071365631,HD 23249,0.804,0.87,8,6
HD 23249_0,3.9186019404056482,0.03669424871737889,HD 23249,0.804,0.87,8,6
HD 23249_0,3.9020814729327915,0.037525042589725215,HD 23249,0.804,0.87,8,6
HD 23249_0,3.9051996283608417,0.039565401222258184,HD 23249,0.804,0.87,8,6
HD 23249_0,3.9136129653966125,0.03885383679306823,HD 23249,0.804,0.87,8,6
HD 23249_0,3.908943011964574,0.03536430108602756,HD 23249,0.804,0.87,8,6
HD 23249_0,3.8960536864116015,0.031148981105536426,HD 23249,0.804,0.87,8,6
HD 23249_0,3.926780520818701,0.03908047027993702,HD 23249,0.804,0.87,8,6
HD 23249_0,3.918245674868497,0.041434351874643886,HD 23249,0.804,0.87,8,6
HD 23249_0,3.9377555824180432,0.04099566648578759,HD 23249,0.804,0.87,8,6
HD 23249_0,3.903456911723607,0.040231214422480774,HD 23249,0.804,0.87,8,6
HD 23249_0,3.914052157447423,0.04386404298114315,HD 23249,0.804,0.87,8,6
HD 23249_0,3.912480589726087,0.034326253628394324,HD 23249,0.804,0.87,8,6
HD 23249_0,3.9168592118298995,0.03635100419100485,HD 23249,0.804,0.87,8,6
HD 23249_0,3.9102081284101553,0.03966895468130202,HD 23249,0.804,0.87,8,6
HD 23249_0,3.9304277171170545,0.03265636911233449,HD 23249,0.804,0.87,8,6
HD 23249_0,3.915084724532478,0.03943780270403909,HD 23249,0.804,0.87,8,6
HD 23249_0,3.915780776169856,0.04551604413994442,HD 23249,0.804,0.87,8,6
HD 23249_0,3.917823252596733,0.036850082236863826,HD 23249,0.804,0.87,8,6
HD 23249_0,3.921175947833355,0.03874540126600378,HD 23249,0.804,0.87,8,6
HD 23249_0,3.9124919129940405,0.03385373509235046,HD 23249,0.804,0.87,8,6
HD 23249_0,3.923221430966425,0.03205376771477128,HD 23249,0.804,0.87,8,6
HD 23249_0,3.90733803691149,0.04238569410671687,HD 23249,0.804,0.87,8,6
HD 23249_0,3.913635348355562,0.0416213264117471,HD 23249,0.804,0.87,8,6
HD 23249_0,3.913799320261489,0.03729355438246705,HD 23249,0.804,0.87,8,6
HD 23249_0,3.915496164082797,0.034133651739680165,HD 23249,0.804,0.87,8,6
HD 23249_0,3.9204764570614317,0.0319716286711731,HD 23249,0.804,0.87,8,6
HD 23249_0,3.911536678122538,0.038295271306828804,HD 23249,0.804,0.87,8,6
HD 23249_0,3.9180445126041623,0.03631283694443979,HD 23249,0.804,0.87,8,6
HD 23249_0,3.911562377856945,0.03569201802712945,HD 23249,0.804,0.87,8,6
HD 23249_0,3.9053440603727294,0.031531805048274394,HD 23249,0.804,0.87,8,6
HD 23249_0,3.920115690089085,0.028332345386952777,HD 23249,0.804,0.87,8,6
HD 23249_0,3.9022948360704035,0.03522691064889236,HD 23249,0.804,0.87,8,6
HD 23249_0,3.914117214788399,0.02956257292870662,HD 23249,0.804,0.87,8,6
HD 23249_0,3.914860009046195,0.04007372240236585,HD 23249,0.804,0.87,8,6
HD 23249_0,3.91012504762079,0.04105182008303982,HD 23249,0.804,0.87,8,6
HD 23249_0,3.9120002650293166,0.03848769543037048,HD 23249,0.804,0.87,8,6
HD 23249_0,3.927320298407572,0.04019395589624209,HD 23249,0.804,0.87,8,6
HD 23249_0,3.9256884400479812,0.04247462384187847,HD 23249,0.804,0.87,8,6
HD 23249_0,3.9067741148267823,0.033946241632259636,HD 23249,0.804,0.87,8,6
HD 23249_0,3.916080200836431,0.04657487084745295,HD 23249,0.804,0.87,8,6
HD 23249_0,3.9086808448948327,0.038820944589844954,HD 23249,0.804,0.87,8,6
HD 23249_0,3.9177876530496913,0.033655926664401266,HD 23249,0.804,0.87,8,6
HD 23249_0,3.9130202969157044,0.02915789839799831,HD 23249,0.804,0.87,8,6
HD 23249_0,3.921373776002862,0.03930706751148725,HD 23249,0.804,0.87,8,6
HD 23249_0,3.9246515912142335,0.03494516023630419,HD 23249,0.804,0.87,8,6
HD 23249_0,3.908522637523145,0.03418974765866682,HD 23249,0.804,0.87,8,6
HD 23249_0,3.9301171635972882,0.040161567751130695,HD 23249,0.804,0.87,8,6
HD 23249_0,3.9192967795114924,0.04027765766958372,HD 23249,0.804,0.87,8,6
HD 23249_0,3.913009092313743,0.047832924138534856,HD 23249,0.804,0.87,8,6
HD 23249_0,3.9219489706329527,0.036420694350004355,HD 23249,0.804,0.87,8,6
HD 23249_0,3.920741287313938,0.03329097925075241,HD 23249,0.804,0.87,8,6
HD 23249_0,3.912882820650962,0.028880305581855975,HD 23249,0.804,0.87,8,6
HD 23249_0,3.917228637053763,0.03890969315252944,HD 23249,0.804,0.87,8,6
HD 23249_0,3.9212921417952065,0.03476624951589403,HD 23249,0.804,0.87,8,6
HD 23249_0,3.914285570977213,0.03216402065204463,HD 23249,0.804,0.87,8,6
HD 23249_0,3.9099849279190706,0.03208175676591576,HD 23249,0.804,0.87,8,6
HD 23249_0,3.9232833282932917,0.04318802696006169,HD 23249,0.804,0.87,8,6
HD 23249_0,3.9100924028740978,0.03995910745263814,HD 23249,0.804,0.87,8,6
HD 23249_0,3.924377120711194,0.03456478432309646,HD 23249,0.804,0.87,8,6
HD 23249_0,3.9252516208727415,0.04216435500134506,HD 23249,0.804,0.87,8,6
HD 23249_0,3.906086065228574,0.03123330068332051,HD 23249,0.804,0.87,8,6
HD 23249_0,3.9222385028063256,0.034747336770198735,HD 23249,0.804,0.87,8,6
HD 23249_0,3.9201725019854066,0.03843005732898702,HD 23249,0.804,0.87,8,6
HD 23249_0,3.9153800360908604,0.034067018529219915,HD 23249,0.804,0.87,8,6
HD 23249_0,3.921486886062519,0.038540222265928806,HD 23249,0.804,0.87,8,6
HD 23249_0,3.9284994966315674,0.03377007544019886,HD 23249,0.804,0.87,8,6
HD 23249_0,3.916609054943616,0.035959862106557064,HD 23249,0.804,0.87,8,6
HD 23249_0,3.930038121524576,0.03497789700726527,HD 23249,0.804,0.87,8,6
HD 23249_0,3.9156616371629522,0.03130364650906432,HD 23249,0.804,0.87,8,6
HD 23249_0,3.911237004004303,0.03347799084015062,HD 23249,0.804,0.87,8,6
HD 23249_0,3.9127261268002407,0.03972340019220617,HD 23249,0.804,0.87,8,6
HD 23249_0,3.9092131523927147,0.046704083889568274,HD 23249,0.804,0.87,8,6
HD 23249_0,3.907432106477682,0.03649237554015905,HD 23249,0.804,0.87,8,6
HD 23249_0,3.9068303666800253,0.03170277927318106,HD 23249,0.804,0.87,8,6
HD 23249_0,3.909189460918625,0.0352416857661314,HD 23249,0.804,0.87,8,6
HD 23249_0,3.909753134157365,0.03609727997218833,HD 23249,0.804,0.87,8,6
HD 23249_0,3.912214056642292,0.03209480558785377,HD 23249,0.804,0.87,8,6
HD 23249_0,3.905464831031726,0.0390348114637997,HD 23249,0.804,0.87,8,6
HD 23249_0,3.925830867660058,0.03663835900389102,HD 23249,0.804,0.87,8,6
HD 23249_0,3.9137750136317164,0.041113276033312975,HD 23249,0.804,0.87,8,6
HD 23249_0,3.9223834088006098,0.035254956923052395,HD 23249,0.804,0.87,8,6
HD 23249_0,3.925884320506435,0.037815221953933345,HD 23249,0.804,0.87,8,6
HD 23249_0,3.911269087077316,0.03056000963859877,HD 23249,0.804,0.87,8,6
HD 23249_0,3.919827861386139,0.03559915923854056,HD 23249,0.804,0.87,8,6
HD 23249_0,3.9125855839247037,0.036803728151281884,HD 23249,0.804,0.87,8,6
HD 23249_0,3.9157330680824782,0.030262244110352388,HD 23249,0.804,0.87,8,6
HD 23249_0,3.913138932589345,0.034754748077376704,HD 23249,0.804,0.87,8,6
HD 23249_0,3.9194724819414817,0.039247859805887964,HD 23249,0.804,0.87,8,6
HD 23249_0,3.924783670488209,0.03890480837285905,HD 23249,0.804,0.87,8,6
HD 23249_0,3.913921891440186,0.037788543137816995,HD 23249,0.804,0.87,8,6
HD 23249_0,3.913093571224742,0.03457089339229087,HD 23249,0.804,0.87,8,6
HD 23249_0,3.906635858379729,0.03583265876076445,HD 23249,0.804,0.87,8,6
HD 23249_0,3.9096160536842066,0.0348199860812298,HD 23249,0.804,0.87,8,6
HD 23249_0,3.9070787206498547,0.04497698799270301,HD 23249,0.804,0.87,8,6
HD 23249_0,3.905173940833623,0.034075957370401866,HD 23249,0.804,0.87,8,6
HD 23249_0,3.922124075630073,0.03525215196589789,HD 23249,0.804,0.87,8,6
HD 23249_0,3.91791156320989,0.03934514810333816,HD 23249,0.804,0.87,8,6
HD 23249_0,3.9096437756852382,0.036861416503361076,HD 23249,0.804,0.87,8,6
HD 23249_0,3.910009930956883,0.03725031942556426,HD 23249,0.804,0.87,8,6
HD 23249_0,3.909878189084043,0.031060090068003834,HD 23249,0.804,0.87,8,6
HD 23249_0,3.903745421830016,0.03359449356363865,HD 23249,0.804,0.87,8,6
HD 23249_0,3.9237855423106627,0.03320385371027502,HD 23249,0.804,0.87,8,6
HD 23249_0,3.914520924961244,0.02979052715459649,HD 23249,0.804,0.87,8,6
HD 23249_0,3.9104900402959455,0.034264176256256856,HD 23249,0.804,0.87,8,6
HD 23249_0,3.910802997401189,0.03435259060292659,HD 23249,0.804,0.87,8,6
HD 23249_0,3.9200995362356355,0.034665482999237995,HD 23249,0.804,0.87,8,6
HD 23249_0,3.9225613260274885,0.03309433917554009,HD 23249,0.804,0.87,8,6
HD 23249_0,3.894926911257499,0.04414515928179161,HD 23249,0.804,0.87,8,6
HD 23249_0,3.911731699283022,0.03376641447512496,HD 23249,0.804,0.87,8,6
HD 23249_0,3.9274784435879333,0.03830233950452905,HD 23249,0.804,0.87,8,6
HD 23249_0,3.9091994985625758,0.03271664623643528,HD 23249,0.804,0.87,8,6
HD 23249_0,3.9001968485635627,0.03541110400888252,HD 23249,0.804,0.87,8,6
HD 23249_0,3.8963850435739085,0.03739874020402276,HD 23249,0.804,0.87,8,6
HD 23249_0,3.929214641362844,0.040029167044604845,HD 23249,0.804,0.87,8,6
HD 23249_0,3.9088973446674915,0.03040319384338365,HD 23249,0.804,0.87,8,6
HD 23249_0,3.9290513582095277,0.03669194353311913,HD 23249,0.804,0.87,8,6
HD 23249_0,3.9240412609282016,0.035806670929947985,HD 23249,0.804,0.87,8,6
HD 23249_0,3.9122517070652405,0.040804778202167824,HD 23249,0.804,0.87,8,6
HD 23249_0,3.894627861241743,0.04529007985634867,HD 23249,0.804,0.87,8,6
HD 23249_0,3.9136377764570978,0.028978960413723807,HD 23249,0.804,0.87,8,6
HD 23249_0,3.9161914990903135,0.033815285912357704,HD 23249,0.804,0.87,8,6
HD 23249_0,3.9145161814056273,0.03904519756373829,HD 23249,0.804,0.87,8,6
HD 23249_0,3.914468415523944,0.027513571544950557,HD 23249,0.804,0.87,8,6
HD 23249_0,3.9236639341830792,0.03492844855363772,HD 23249,0.804,0.87,8,6
HD 23249_0,3.9306278334486953,0.0435740532222965,HD 23249,0.804,0.87,8,6
HD 23249_0,3.926321689162238,0.04155164965748258,HD 23249,0.804,0.87,8,6
HD 23249_0,3.8935292843390923,0.03831433637965286,HD 23249,0.804,0.87,8,6
HD 23249_0,3.898441855352901,0.03690934128869842,HD 23249,0.804,0.87,8,6
HD 23249_0,3.932140517750769,0.033152959158395834,HD 23249,0.804,0.87,8,6
HD 23249_0,3.9184483033382924,0.03689569901138325,HD 23249,0.804,0.87,8,6
HD 23249_0,3.917720497197833,0.037136678028875936,HD 23249,0.804,0.87,8,6
HD 23249_0,3.917648671739951,0.040628123746451715,HD 23249,0.804,0.87,8,6
HD 23249_0,3.9002801952473267,0.04163055689281755,HD 23249,0.804,0.87,8,6
HD 23249_0,3.9300866282204514,0.04280730152498982,HD 23249,0.804,0.87,8,6
HD 23249_0,3.913221374056377,0.03743902481899335,HD 23249,0.804,0.87,8,6
HD 23249_0,3.9135082365158813,0.0318009715130889,HD 23249,0.804,0.87,8,6
HD 23249_0,3.9164332987669384,0.03358003304350508,HD 23249,0.804,0.87,8,6
HD 23249_0,3.9224075236812688,0.03611754919349535,HD 23249,0.804,0.87,8,6
HD 23249_0,3.9205453161194255,0.037718105517519404,HD 23249,0.804,0.87,8,6
HD 23249_0,3.9151489215976314,0.03003833904407262,HD 23249,0.804,0.87,8,6
HD 23249_0,3.916502827563078,0.04061913333071107,HD 23249,0.804,0.87,8,6
HD 23249_0,3.911999499804461,0.050013907650952066,HD 23249,0.804,0.87,8,6
HD 23249_0,3.919066363680197,0.043659876193673376,HD 23249,0.804,0.87,8,6
HD 23249_0,3.9127093527346317,0.03483203840611325,HD 23249,0.804,0.87,8,6
HD 23249_0,3.920808429885729,0.03325931146304826,HD 23249,0.804,0.87,8,6
HD 23249_0,3.9104795217119395,0.033375400055509444,HD 23249,0.804,0.87,8,6
HD 23249_0,3.915513744501798,0.03155583400793396,HD 23249,0.804,0.87,8,6
HD 23249_0,3.916599036397146,0.03646291599449702,HD 23249,0.804,0.87,8,6
HD 23249_0,3.9113766144436197,0.03374986562608999,HD 23249,0.804,0.87,8,6
HD 23249_0,3.919328963826609,0.03383030144809179,HD 23249,0.804,0.87,8,6
HD 23249_0,3.915043563420537,0.03695965594569213,HD 23249,0.804,0.87,8,6
HD 23249_0,3.920608855707231,0.04056055563497928,HD 23249,0.804,0.87,8,6
HD 23249_0,3.914816892070545,0.04609991729534643,HD 23249,0.804,0.87,8,6
HD 23249_0,3.9122297758489157,0.034669216488495136,HD 23249,0.804,0.87,8,6
HD 23249_0,3.9137845654028927,0.03410445389512743,HD 23249,0.804,0.87,8,6
HD 23249_0,3.9087394628350616,0.03386037396738318,HD 23249,0.804,0.87,8,6
HD 23249_0,3.919444129081627,0.041349834281021305,HD 23249,0.804,0.87,8,6
HD 23249_0,3.9230262865657908,0.04059197279572486,HD 23249,0.804,0.87,8,6
HD 23249_0,3.9069898830274705,0.035469766900904524,HD 23249,0.804,0.87,8,6
HD 23249_0,3.914286270910045,0.03397547136008545,HD 23249,0.804,0.87,8,6
HD 23249_0,3.913286610724305,0.036866555944972006,HD 23249,0.804,0.87,8,6
HD 23249_0,3.902430777103772,0.03752411560621443,HD 23249,0.804,0.87,8,6
HD 23249_0,3.91144991536677,0.03783109209710011,HD 23249,0.804,0.87,8,6
HD 23249_0,3.9033958323615905,0.056873835640177825,HD 23249,0.804,0.87,8,6
HD 23249_0,3.90396394829663,0.031167040151667325,HD 23249,0.804,0.87,8,6
HD 23249_0,3.91322879920177,0.034707848285513404,HD 23249,0.804,0.87,8,6
HD 23249_0,3.928041781149783,0.03859304815035762,HD 23249,0.804,0.87,8,6
HD 23249_0,3.913836005799479,0.03784021061598246,HD 23249,0.804,0.87,8,6
HD 23249_0,3.9278206640850546,0.03311404096131448,HD 23249,0.804,0.87,8,6
HD 23249_0,3.916170354637619,0.03414855935478823,HD 23249,0.804,0.87,8,6
HD 23249_0,3.9083479943718316,0.03697449786947801,HD 23249,0.804,0.87,8,6
HD 23249_0,3.915881921561381,0.04000757167033121,HD 23249,0.804,0.87,8,6
HD 23249_0,3.9175705830279557,0.042358151613788385,HD 23249,0.804,0.87,8,6
HD 23249_0,3.913479387952185,0.03208232903495922,HD 23249,0.804,0.87,8,6
HD 23249_0,3.9187146134351445,0.03407644388296921,HD 23249,0.804,0.87,8,6
HD 23249_0,3.9296820888872626,0.03819437303225695,HD 23249,0.804,0.87,8,6
HD 23249_0,3.9170689885009726,0.040521786732326606,HD 23249,0.804,0.87,8,6
HD 23249_0,3.9095414073395407,0.03535387697087519,HD 23249,0.804,0.87,8,6
HD 23249_0,3.9045685198116993,0.03873283720250834,HD 23249,0.804,0.87,8,6
HD 23249_0,3.908793258011203,0.0315292420368431,HD 23249,0.804,0.87,8,6
HD 23249_0,3.898564928735687,0.04488571937239415,HD 23249,0.804,0.87,8,6
HD 23249_0,3.912765493886691,0.03623795803235538,HD 23249,0.804,0.87,8,6
HD 23249_0,3.9142227431098013,0.037902801960073895,HD 23249,0.804,0.87,8,6
HD 23249_0,3.9166393302483673,0.03189199311765394,HD 23249,0.804,0.87,8,6
HD 23249_0,3.9050194085315146,0.03572882338828583,HD 23249,0.804,0.87,8,6
HD 23249_0,3.911480875517362,0.038864780790836946,HD 23249,0.804,0.87,8,6
HD 23249_0,3.9040567435339213,0.03463334630399904,HD 23249,0.804,0.87,8,6
HD 23249_0,3.908910935438917,0.0326257058048835,HD 23249,0.804,0.87,8,6
HD 23249_0,3.915631099495466,0.029906394468991702,HD 23249,0.804,0.87,8,6
HD 23249_0,3.918201367837419,0.03698692863360822,HD 23249,0.804,0.87,8,6
HD 23249_0,3.9158591878385334,0.04015832978448183,HD 23249,0.804,0.87,8,6
HD 23249_0,3.898763033416675,0.02737589695415254,HD 23249,0.804,0.87,8,6
HD 23249_0,3.9164259337609653,0.031311149063711075,HD 23249,0.804,0.87,8,6
HD 23249_0,3.9128232644381282,0.033884610326659216,HD 23249,0.804,0.87,8,6
HD 23249_0,3.9137866871260134,0.04422069050744162,HD 23249,0.804,0.87,8,6
HD 23249_0,3.921642463037871,0.039554458749825376,HD 23249,0.804,0.87,8,6
HD 23249_0,3.896861492171337,0.03495061627192971,HD 23249,0.804,0.87,8,6
HD 23249_0,3.909930104414523,0.037581953244961754,HD 23249,0.804,0.87,8,6
HD 23249_0,3.91402405861997,0.03406413761232166,HD 23249,0.804,0.87,8,6
HD 23249_0,3.900081621253544,0.043744100622982666,HD 23249,0.804,0.87,8,6
HD 23249_0,3.904080698096062,0.037075899227057535,HD 23249,0.804,0.87,8,6
HD 23249_0,3.8996974442351577,0.03961684967933832,HD 23249,0.804,0.87,8,6
HD 23249_0,3.911559367335004,0.03752442147062866,HD 23249,0.804,0.87,8,6
HD 23249_0,3.9274464046033257,0.04549703589818633,HD 23249,0.804,0.87,8,6
HD 23249_0,3.9200616205282572,0.03906699427386246,HD 23249,0.804,0.87,8,6
HD 23249_0,3.9093429763263576,0.03960965913680062,HD 23249,0.804,0.87,8,6
HD 23249_0,3.9184808086824945,0.03686218117684965,HD 23249,0.804,0.87,8,6
HD 23249_0,3.900617956128824,0.03942072399320398,HD 23249,0.804,0.87,8,6
HD 23249_0,3.9153265002725677,0.03468136199322843,HD 23249,0.804,0.87,8,6
HD 23249_0,3.906317728926171,0.032563086552650056,HD 23249,0.804,0.87,8,6
HD 23249_0,3.90660043687446,0.03527780537470718,HD 23249,0.804,0.87,8,6
HD 23249_0,3.9163395876867617,0.030758319088695894,HD 23249,0.804,0.87,8,6
HD 23249_0,3.911439499279295,0.03674645273599074,HD 23249,0.804,0.87,8,6
HD 23249_0,3.9177447010111535,0.03758109977773447,HD 23249,0.804,0.87,8,6
HD 23249_0,3.931161366039367,0.04108682112219056,HD 23249,0.804,0.87,8,6
HD 23249_0,3.9084108977844583,0.04318485800245386,HD 23249,0.804,0.87,8,6
HD 23249_0,3.912225524576638,0.03691289581563438,HD 23249,0.804,0.87,8,6
HD 23249_0,3.919409942914859,0.03722470930572369,HD 23249,0.804,0.87,8,6
HD 23249_0,3.91353480426656,0.04267878662453724,HD 23249,0.804,0.87,8,6
HD 23249_0,3.911556174921744,0.035836457915226404,HD 23249,0.804,0.87,8,6
HD 23249_0,3.9076872484374143,0.03231681910830556,HD 23249,0.804,0.87,8,6
HD 23249_0,3.918381438278217,0.04164692450821021,HD 23249,0.804,0.87,8,6
HD 23249_0,3.9158951534623254,0.038237852600168994,HD 23249,0.804,0.87,8,6
HD 23249_0,3.911109554601456,0.038094559491212,HD 23249,0.804,0.87,8,6
HD 23249_0,3.917793454228456,0.03516713800452653,HD 23249,0.804,0.87,8,6
HD 23249_0,3.9142130513837916,0.03401706077955036,HD 23249,0.804,0.87,8,6
HD 23249_0,3.9200550183777163,0.05272050689762799,HD 23249,0.804,0.87,8,6
HD 23249_0,3.904181565173394,0.035648147360470984,HD 23249,0.804,0.87,8,6
HD 23249_0,3.912617063269595,0.03625157293768413,HD 23249,0.804,0.87,8,6
HD 23249_0,3.9134470268300148,0.03671960870421843,HD 23249,0.804,0.87,8,6
HD 23249_0,3.9197630849546217,0.03207632635054607,HD 23249,0.804,0.87,8,6
HD 23249_0,3.9287793348011597,0.03483296142942079,HD 23249,0.804,0.87,8,6
HD 23249_0,3.912612510934205,0.028294183839121897,HD 23249,0.804,0.87,8,6
HD 23249_0,3.919521201184116,0.030846460651725867,HD 23249,0.804,0.87,8,6
HD 23249_0,3.922493574900403,0.043412209074123805,HD 23249,0.804,0.87,8,6
HD 23249_0,3.913994156773328,0.0381919181056294,HD 23249,0.804,0.87,8,6
HD 23249_0,3.912215427734466,0.029875296946283415,HD 23249,0.804,0.87,8,6
HD 23249_0,3.932502970353275,0.03506031368282479,HD 23249,0.804,0.87,8,6
HD 23249_0,3.895919706735627,0.037714280480677695,HD 23249,0.804,0.87,8,6
HD 23249_0,3.9023830100694257,0.033098507169766235,HD 23249,0.804,0.87,8,6
HD 23249_0,3.9169716922704194,0.03465025648016715,HD 23249,0.804,0.87,8,6
HD 23249_0,3.9221663175383465,0.041765553284569275,HD 23249,0.804,0.87,8,6
HD 23249_0,3.915925156916347,0.03746070814830248,HD 23249,0.804,0.87,8,6
HD 23249_0,3.9219241638809774,0.03879731374709256,HD 23249,0.804,0.87,8,6
HD 23249_0,3.9056995757119592,0.03135497559889087,HD 23249,0.804,0.87,8,6
HD 23249_0,3.912104302774375,0.035080357424589544,HD 23249,0.804,0.87,8,6
HD 23249_0,3.9259129212572237,0.040447777312805015,HD 23249,0.804,0.87,8,6
HD 23249_0,3.919035453668445,0.04542775139450953,HD 23249,0.804,0.87,8,6
HD 23249_0,3.921414800633159,0.036263661597567186,HD 23249,0.804,0.87,8,6
HD 23249_0,3.9201738221118325,0.03676731339731258,HD 23249,0.804,0.87,8,6
HD 23249_0,3.9165754178072225,0.031338427700353104,HD 23249,0.804,0.87,8,6
HD 23249_0,3.900828106235477,0.03532181725720248,HD 23249,0.804,0.87,8,6
HD 23249_0,3.914129063660565,0.03804530434840447,HD 23249,0.804,0.87,8,6
HD 23249_0,3.9205853515563107,0.03392451578187149,HD 23249,0.804,0.87,8,6
HD 23249_0,3.9123714020902463,0.03635875623186338,HD 23249,0.804,0.87,8,6
HD 23249_0,3.9109110919847057,0.03637830444801127,HD 23249,0.804,0.87,8,6
HD 23249_0,3.914631187818309,0.033206033816225,HD 23249,0.804,0.87,8,6
HD 23249_0,3.9242593932259044,0.03720435113448193,HD 23249,0.804,0.87,8,6
HD 23249_0,3.9135120082926953,0.041013844334924034,HD 23249,0.804,0.87,8,6
HD 23249_0,3.9192075212463107,0.037676640004204696,HD 23249,0.804,0.87,8,6
HD 23249_0,3.9129368586891236,0.03857431621009121,HD 23249,0.804,0.87,8,6
HD 23249_0,3.92256137398678,0.04028802767279036,HD 23249,0.804,0.87,8,6
HD 23249_0,3.9054840318472888,0.04091006419756787,HD 23249,0.804,0.87,8,6
HD 23249_0,3.9144281942269163,0.030946777596501097,HD 23249,0.804,0.87,8,6
HD 23249_0,3.9057978439048426,0.02976327708545068,HD 23249,0.804,0.87,8,6
HD 23249_0,3.8951664927407967,0.03244990186738693,HD 23249,0.804,0.87,8,6
HD 23249_0,3.907617286523973,0.0416807995920184,HD 23249,0.804,0.87,8,6
HD 23249_0,3.9270073548459576,0.03894530274773869,HD 23249,0.804,0.87,8,6
HD 23249_0,3.910901528571775,0.039605162495151496,HD 23249,0.804,0.87,8,6
HD 23249_0,3.9054638906331025,0.031298291902702786,HD 23249,0.804,0.87,8,6
HD 23249_0,3.9074977844765186,0.03304269088289187,HD 23249,0.804,0.87,8,6
HD 23249_0,3.912019692302317,0.03874437813516396,HD 23249,0.804,0.87,8,6
HD 23249_0,3.9222838374955487,0.03933489037351018,HD 23249,0.804,0.87,8,6
HD 23249_0,3.919314878966411,0.04120762377044109,HD 23249,0.804,0.87,8,6
HD 23249_0,3.9252714876543413,0.03665814074628021,HD 23249,0.804,0.87,8,6
HD 23249_0,3.9056508808200903,0.037878531127096944,HD 23249,0.804,0.87,8,6
HD 23249_0,3.9157709601250374,0.04656424463166042,HD 23249,0.804,0.87,8,6
HD 23249_0,3.9194120514957094,0.03920817979586024,HD 23249,0.804,0.87,8,6
HD 23249_0,3.9183590115470373,0.03658672723856258,HD 23249,0.804,0.87,8,6
HD 23249_0,3.9108421179337673,0.03651221893372167,HD 23249,0.804,0.87,8,6
HD 23249_0,3.921106862871491,0.03379266007458415,HD 23249,0.804,0.87,8,6
HD 23249_0,3.917629481759865,0.034428567879645725,HD 23249,0.804,0.87,8,6
HD 23249_0,3.920242841253528,0.04713267671075591,HD 23249,0.804,0.87,8,6
HD 23249_0,3.9189036511647046,0.03408808962754328,HD 23249,0.804,0.87,8,6
HD 23249_0,3.9248324129430006,0.03946531937442848,HD 23249,0.804,0.87,8,6
HD 23249_0,3.9200862564389296,0.038453498245471236,HD 23249,0.804,0.87,8,6
HD 23249_0,3.914330126512151,0.04318883396204545,HD 23249,0.804,0.87,8,6
HD 23249_0,3.914887417823591,0.04305888092703782,HD 23249,0.804,0.87,8,6
HD 23249_0,3.92008805243782,0.03519144028245051,HD 23249,0.804,0.87,8,6
HD 23249_0,3.919688668929246,0.03553104422649204,HD 23249,0.804,0.87,8,6
HD 23249_0,3.906228290395093,0.03748894705873515,HD 23249,0.804,0.87,8,6
HD 23249_0,3.9225835568112664,0.0431085014081576,HD 23249,0.804,0.87,8,6
HD 23249_0,3.915580794082764,0.04076927431955711,HD 23249,0.804,0.87,8,6
HD 23249_0,3.9061427124380477,0.04075800219006774,HD 23249,0.804,0.87,8,6
HD 23249_0,3.9167535811997136,0.035624260976434986,HD 23249,0.804,0.87,8,6
HD 23249_0,3.9028773048140786,0.03434398405762115,HD 23249,0.804,0.87,8,6
HD 23249_0,3.90840074044117,0.0284653214015654,HD 23249,0.804,0.87,8,6
HD 693_4,2.135322922066236,0.11588552205168265,HD 693,1.392,1.18,8,5
HD 693_4,2.1645072978059816,0.19735800535294554,HD 693,1.392,1.18,8,5
HD 693_4,2.1381617137157747,0.09467482108610346,HD 693,1.392,1.18,8,5
HD 693_4,2.1333197403820936,0.14895648962167737,HD 693,1.392,1.18,8,5
HD 693_4,2.1170476255093043,0.10474122605822854,HD 693,1.392,1.18,8,5
HD 693_4,2.120872608454723,0.08813068128100576,HD 693,1.392,1.18,8,5
HD 693_4,2.1467278091440885,0.11965183107362584,HD 693,1.392,1.18,8,5
HD 693_4,2.1642524401326395,0.11322556232583941,HD 693,1.392,1.18,8,5
HD 693_4,2.1396640710671475,0.13953779462198584,HD 693,1.392,1.18,8,5
HD 693_4,2.129539840975462,0.10555791593187797,HD 693,1.392,1.18,8,5
HD 693_4,2.11968441052096,0.1213700666722183,HD 693,1.392,1.18,8,5
HD 693_4,2.1178918246701195,0.09362701749446714,HD 693,1.392,1.18,8,5
HD 693_4,2.1451128358907106,0.11455178180780105,HD 693,1.392,1.18,8,5
HD 693_4,2.1415242230699607,0.1286821541453383,HD 693,1.392,1.18,8,5
HD 693_4,2.1241123200595373,0.12131579846283329,HD 693,1.392,1.18,8,5
HD 693_4,2.136304766078202,0.11034435020268993,HD 693,1.392,1.18,8,5
HD 693_4,2.11776082986305,0.13593447872582948,HD 693,1.392,1.18,8,5
HD 693_4,2.1585402325224607,0.11476218855535184,HD 693,1.392,1.18,8,5
HD 693_4,2.0982238827355295,0.08685212421540828,HD 693,1.392,1.18,8,5
HD 693_4,2.1825650479702134,0.18494420390215893,HD 693,1.392,1.18,8,5
HD 693_4,2.1233301332222316,0.10972181829834612,HD 693,1.392,1.18,8,5
HD 693_4,2.1291864805771175,0.11419656906851725,HD 693,1.392,1.18,8,5
HD 693_4,2.132045391221514,0.11658206794411827,HD 693,1.392,1.18,8,5
HD 693_4,2.1283921935882937,0.13438879214450808,HD 693,1.392,1.18,8,5
HD 693_4,2.1274158384699366,0.11116688472759892,HD 693,1.392,1.18,8,5
HD 693_4,2.1364143683832726,0.09764680279597149,HD 693,1.392,1.18,8,5
HD 693_4,2.120773102660659,0.1270644945275964,HD 693,1.392,1.18,8,5
HD 693_4,2.143946487198401,0.14143375191190447,HD 693,1.392,1.18,8,5
HD 693_4,2.15507977077017,0.14002085545438955,HD 693,1.392,1.18,8,5
HD 693_4,2.1219082589357328,0.10024379306715564,HD 693,1.392,1.18,8,5
HD 693_4,2.136725206062046,0.10250686685247029,HD 693,1.392,1.18,8,5
HD 693_4,2.132271917302769,0.10902512308014004,HD 693,1.392,1.18,8,5
HD 693_4,2.1587683218450913,0.12952992742125713,HD 693,1.392,1.18,8,5
HD 693_4,2.1550844862465004,0.14528771633230939,HD 693,1.392,1.18,8,5
HD 693_4,2.1123746256011326,0.10055846119329383,HD 693,1.392,1.18,8,5
HD 693_4,2.1502807719592303,0.16174325463070677,HD 693,1.392,1.18,8,5
HD 693_4,2.1439046320262904,0.13856844344538966,HD 693,1.392,1.18,8,5
HD 693_4,2.1173085286636972,0.1062594434245474,HD 693,1.392,1.18,8,5
HD 693_4,2.1220662389120997,0.10089432689914558,HD 693,1.392,1.18,8,5
HD 693_4,2.1058616215626866,0.1529377396113045,HD 693,1.392,1.18,8,5
HD 693_4,2.1141135992995945,0.09834099545946773,HD 693,1.392,1.18,8,5
HD 693_4,2.13364029015638,0.16418505585039878,HD 693,1.392,1.18,8,5
HD 693_4,2.1440813081061365,0.09339917482572951,HD 693,1.392,1.18,8,5
HD 693_4,2.1312677799577218,0.1046580386696426,HD 693,1.392,1.18,8,5
HD 693_4,2.1558211384086206,0.1123921180664607,HD 693,1.392,1.18,8,5
HD 693_4,2.128364543936047,0.10696737629612478,HD 693,1.392,1.18,8,5
HD 693_4,2.1218702997911243,0.1096772661848757,HD 693,1.392,1.18,8,5
HD 693_4,2.154919805394571,0.1405711898836544,HD 693,1.392,1.18,8,5
HD 693_4,2.130451992236725,0.1137769187840943,HD 693,1.392,1.18,8,5
HD 693_4,2.1577580430515155,0.14136693667828854,HD 693,1.392,1.18,8,5
HD 693_4,2.1227859787478467,0.08428022359987167,HD 693,1.392,1.18,8,5
HD 693_4,2.131558187934223,0.11849935674049605,HD 693,1.392,1.18,8,5
HD 693_4,2.1358383477691096,0.12144869412915085,HD 693,1.392,1.18,8,5
HD 693_4,2.1341315739930997,0.11227500382999452,HD 693,1.392,1.18,8,5
HD 693_4,2.129192498582996,0.07367591752231248,HD 693,1.392,1.18,8,5
HD 693_4,2.141440667188695,0.13125637661837797,HD 693,1.392,1.18,8,5
HD 693_4,2.1212250165552775,0.1055969548882113,HD 693,1.392,1.18,8,5
HD 693_4,2.115933973649337,0.10287348288813677,HD 693,1.392,1.18,8,5
HD 693_4,2.129882068465704,0.1265605275642759,HD 693,1.392,1.18,8,5
HD 693_4,2.1211627967828077,0.0976778364702567,HD 693,1.392,1.18,8,5
HD 693_4,2.137990539056079,0.10892577961666755,HD 693,1.392,1.18,8,5
HD 693_4,2.1531361456585887,0.13923812623461201,HD 693,1.392,1.18,8,5
HD 693_4,2.130461502980471,0.13717890031078653,HD 693,1.392,1.18,8,5
HD 693_4,2.1346928648913663,0.10513218402186528,HD 693,1.392,1.18,8,5
HD 693_4,2.130136580921403,0.12796025229190455,HD 693,1.392,1.18,8,5
HD 693_4,2.1355035056223772,0.11765727016866903,HD 693,1.392,1.18,8,5
HD 693_4,2.120956904218167,0.08008640741805428,HD 693,1.392,1.18,8,5
HD 693_4,2.1455109549925866,0.1781275559462202,HD 693,1.392,1.18,8,5
HD 693_4,2.1503265841869736,0.128606426917458,HD 693,1.392,1.18,8,5
HD 693_4,2.1694307761073777,0.1824417167937345,HD 693,1.392,1.18,8,5
HD 693_4,2.127599755322369,0.10875779528920312,HD 693,1.392,1.18,8,5
HD 693_4,2.1120860021700762,0.09602411763550744,HD 693,1.392,1.18,8,5
HD 693_4,2.1148819963236356,0.08346682825330742,HD 693,1.392,1.18,8,5
HD 693_4,2.1351296342565975,0.09691883186324486,HD 693,1.392,1.18,8,5
HD 693_4,2.147399919029039,0.12589146714851776,HD 693,1.392,1.18,8,5
HD 693_4,2.140812115406585,0.09627061148984914,HD 693,1.392,1.18,8,5
HD 693_4,2.1627338001546326,0.14348145162968218,HD 693,1.392,1.18,8,5
HD 693_4,2.1151495614980043,0.17308640004531944,HD 693,1.392,1.18,8,5
HD 693_4,2.1354756918748032,0.17628822786200488,HD 693,1.392,1.18,8,5
HD 693_4,2.1202950102029003,0.09220629734815272,HD 693,1.392,1.18,8,5
HD 693_4,2.15914893113559,0.13929260940456117,HD 693,1.392,1.18,8,5
HD 693_4,2.1577765493144905,0.14490189551990487,HD 693,1.392,1.18,8,5
HD 693_4,2.121650676774871,0.09540362275911958,HD 693,1.392,1.18,8,5
HD 693_4,2.1363370113457916,0.11248418385399063,HD 693,1.392,1.18,8,5
HD 693_4,2.097471491540036,0.0815496249570782,HD 693,1.392,1.18,8,5
HD 693_4,2.1400958633227356,0.1012956385697571,HD 693,1.392,1.18,8,5
HD 693_4,2.131226970165395,0.11298557909585634,HD 693,1.392,1.18,8,5
HD 693_4,2.163751588736042,0.15504038427005437,HD 693,1.392,1.18,8,5
HD 693_4,2.1322879926187697,0.12042378330140827,HD 693,1.392,1.18,8,5
HD 693_4,2.1123809783203704,0.10854083175214907,HD 693,1.392,1.18,8,5
HD 693_4,2.1211317910424046,0.11701727719761568,HD 693,1.392,1.18,8,5
HD 693_4,2.1079575408995566,0.10310252731654122,HD 693,1.392,1.18,8,5
HD 693_4,2.135684960553717,0.11879894586221733,HD 693,1.392,1.18,8,5
HD 693_4,2.1236850619465835,0.12213262487313589,HD 693,1.392,1.18,8,5
HD 693_4,2.168382848813422,0.12083594437812342,HD 693,1.392,1.18,8,5
HD 693_4,2.1485303230769355,0.1284678835540236,HD 693,1.392,1.18,8,5
HD 693_4,2.125858483313323,0.12463076844321024,HD 693,1.392,1.18,8,5
HD 693_4,2.1183517076440297,0.11282484150299062,HD 693,1.392,1.18,8,5
HD 693_4,2.1413763055890285,0.11485012043610564,HD 693,1.392,1.18,8,5
HD 693_4,2.1300576807820764,0.12755556825639208,HD 693,1.392,1.18,8,5
HD 693_4,2.1365229083837027,0.1295178395728834,HD 693,1.392,1.18,8,5
HD 693_4,2.1260991971693386,0.11076192900027436,HD 693,1.392,1.18,8,5
HD 693_4,2.14442727646348,0.11436923208503275,HD 693,1.392,1.18,8,5
HD 693_4,2.1212245811909876,0.11203974672559971,HD 693,1.392,1.18,8,5
HD 693_4,2.1613530814136017,0.14039888024179425,HD 693,1.392,1.18,8,5
HD 693_4,2.128220974523892,0.11646812982357578,HD 693,1.392,1.18,8,5
HD 693_4,2.1255752820301117,0.12154782880726464,HD 693,1.392,1.18,8,5
HD 693_4,2.1232230911285663,0.10609660432156787,HD 693,1.392,1.18,8,5
HD 693_4,2.1451362826468627,0.1157995265675056,HD 693,1.392,1.18,8,5
HD 693_4,2.101055032916719,0.08562181034654434,HD 693,1.392,1.18,8,5
HD 693_4,2.150931398972098,0.15852944968519023,HD 693,1.392,1.18,8,5
HD 693_4,2.1223091689359137,0.11050782273267527,HD 693,1.392,1.18,8,5
HD 693_4,2.123675563693343,0.11253116569206567,HD 693,1.392,1.18,8,5
HD 693_4,2.147551972543902,0.1130228224530891,HD 693,1.392,1.18,8,5
HD 693_4,2.100475355792206,0.10214618478019949,HD 693,1.392,1.18,8,5
HD 693_4,2.143816893424015,0.09705090160409792,HD 693,1.392,1.18,8,5
HD 693_4,2.13977451714771,0.11133999316868065,HD 693,1.392,1.18,8,5
HD 693_4,2.138125883812959,0.12595583121054385,HD 693,1.392,1.18,8,5
HD 693_4,2.163512087811622,0.1587684675715082,HD 693,1.392,1.18,8,5
HD 693_4,2.1297220989832804,0.1507523438313861,HD 693,1.392,1.18,8,5
HD 693_4,2.142031102231213,0.13574562018250838,HD 693,1.392,1.18,8,5
HD 693_4,2.1419050311907943,0.11933319688180646,HD 693,1.392,1.18,8,5
HD 693_4,2.114389154290039,0.10484237833564179,HD 693,1.392,1.18,8,5
HD 693_4,2.20461764208816,0.231140134053094,HD 693,1.392,1.18,8,5
HD 693_4,2.1182838952112006,0.12283436497123625,HD 693,1.392,1.18,8,5
HD 693_4,2.160041616103653,0.1381719481798968,HD 693,1.392,1.18,8,5
HD 693_4,2.138212160577525,0.13569452709515156,HD 693,1.392,1.18,8,5
HD 693_4,2.1433872282059996,0.10129968718401823,HD 693,1.392,1.18,8,5
HD 693_4,2.1149935198533756,0.11792314365084261,HD 693,1.392,1.18,8,5
HD 693_4,2.176413179317392,0.17709499719883828,HD 693,1.392,1.18,8,5
HD 693_4,2.1256521894282847,0.13598961220627515,HD 693,1.392,1.18,8,5
HD 693_4,2.120961096123692,0.11047179185474668,HD 693,1.392,1.18,8,5
HD 693_4,2.1395591813015193,0.09708680110134943,HD 693,1.392,1.18,8,5
HD 693_4,2.1110894066505144,0.1052418907392014,HD 693,1.392,1.18,8,5
HD 693_4,2.098071515489742,0.10002559323917924,HD 693,1.392,1.18,8,5
HD 693_4,2.124385624887049,0.09697268866104478,HD 693,1.392,1.18,8,5
HD 693_4,2.1387163969534346,0.13518459553710013,HD 693,1.392,1.18,8,5
HD 693_4,2.1157400788608145,0.10958944672244303,HD 693,1.392,1.18,8,5
HD 693_4,2.138253909218763,0.11173322327114926,HD 693,1.392,1.18,8,5
HD 693_4,2.1286712559239356,0.11803452113049147,HD 693,1.392,1.18,8,5
HD 693_4,2.127287159869379,0.1427303388857536,HD 693,1.392,1.18,8,5
HD 693_4,2.1223805350575757,0.07279136300327324,HD 693,1.392,1.18,8,5
HD 693_4,2.134528068084996,0.12574775711891947,HD 693,1.392,1.18,8,5
HD 693_4,2.1044325450342125,0.11726651337581803,HD 693,1.392,1.18,8,5
HD 693_4,2.10387730970044,0.13474250701914522,HD 693,1.392,1.18,8,5
HD 693_4,2.134086241952098,0.11273450437541466,HD 693,1.392,1.18,8,5
HD 693_4,2.1322782948027617,0.1460831055962313,HD 693,1.392,1.18,8,5
HD 693_4,2.1507506775682543,0.11778676009723744,HD 693,1.392,1.18,8,5
HD 693_4,2.1564980766220905,0.16641819628236054,HD 693,1.392,1.18,8,5
HD 693_4,2.116626738978794,0.11055057188319134,HD 693,1.392,1.18,8,5
HD 693_4,2.142600555149561,0.10739524411499825,HD 693,1.392,1.18,8,5
HD 693_4,2.1509913794489197,0.13293664769621985,HD 693,1.392,1.18,8,5
HD 693_4,2.1404848665721037,0.12567207827810525,HD 693,1.392,1.18,8,5
HD 693_4,2.114860362331095,0.10215481895556314,HD 693,1.392,1.18,8,5
HD 693_4,2.1172412309074926,0.11048549513183428,HD 693,1.392,1.18,8,5
HD 693_4,2.1317646793184233,0.13201434216578398,HD 693,1.392,1.18,8,5
HD 693_4,2.167513907714253,0.1333481814673893,HD 693,1.392,1.18,8,5
HD 693_4,2.131154809284297,0.10627033643300003,HD 693,1.392,1.18,8,5
HD 693_4,2.122395054914661,0.1096586961402645,HD 693,1.392,1.18,8,5
HD 693_4,2.1276928265054305,0.13555787422517906,HD 693,1.392,1.18,8,5
HD 693_4,2.103506201237214,0.11670519783226638,HD 693,1.392,1.18,8,5
HD 693_4,2.1586756794995576,0.1437633206134486,HD 693,1.392,1.18,8,5
HD 693_4,2.1607635681824653,0.14202588301192653,HD 693,1.392,1.18,8,5
HD 693_4,2.1384281021317553,0.10096390293269276,HD 693,1.392,1.18,8,5
HD 693_4,2.125549193210717,0.10771104146655751,HD 693,1.392,1.18,8,5
HD 693_4,2.1421096255320813,0.0905404104806688,HD 693,1.392,1.18,8,5
HD 693_4,2.0990535588778445,0.10046998551895381,HD 693,1.392,1.18,8,5
HD 693_4,2.1563990974943392,0.11423745243063542,HD 693,1.392,1.18,8,5
HD 693_4,2.1337836101654872,0.0880396770828115,HD 693,1.392,1.18,8,5
HD 693_4,2.11478413304961,0.10509459930294818,HD 693,1.392,1.18,8,5
HD 693_4,2.149469604610431,0.13375243776085127,HD 693,1.392,1.18,8,5
HD 693_4,2.1287599386965113,0.1030228296835011,HD 693,1.392,1.18,8,5
HD 693_4,2.133942570277793,0.12327915409578594,HD 693,1.392,1.18,8,5
HD 693_4,2.11061533508373,0.11947141461048184,HD 693,1.392,1.18,8,5
HD 693_4,2.138270001006195,0.12374767912952901,HD 693,1.392,1.18,8,5
HD 693_4,2.1345025954773336,0.14520128737139482,HD 693,1.392,1.18,8,5
HD 693_4,2.1417224333882436,0.13575576228895686,HD 693,1.392,1.18,8,5
HD 693_4,2.16810931094577,0.13957973822970168,HD 693,1.392,1.18,8,5
HD 693_4,2.1162942157113305,0.10131421104837897,HD 693,1.392,1.18,8,5
HD 693_4,2.1602117858410277,0.1385904898245859,HD 693,1.392,1.18,8,5
HD 693_4,2.1186782059897085,0.13658647770705967,HD 693,1.392,1.18,8,5
HD 693_4,2.1517974333857213,0.1169526384802457,HD 693,1.392,1.18,8,5
HD 693_4,2.130027814168784,0.10862552452002247,HD 693,1.392,1.18,8,5
HD 693_4,2.1435722940623196,0.1252022027338996,HD 693,1.392,1.18,8,5
HD 693_4,2.13139438960287,0.11653917820512369,HD 693,1.392,1.18,8,5
HD 693_4,2.1509154681186047,0.1039202617257055,HD 693,1.392,1.18,8,5
HD 693_4,2.120576101820758,0.11547621625939389,HD 693,1.392,1.18,8,5
HD 693_4,2.102629109742314,0.09280301042623987,HD 693,1.392,1.18,8,5
HD 693_4,2.155112468580258,0.12824551853899827,HD 693,1.392,1.18,8,5
HD 693_4,2.1415991198052975,0.1366132033767477,HD 693,1.392,1.18,8,5
HD 693_4,2.139527281627871,0.11223834463002291,HD 693,1.392,1.18,8,5
HD 693_4,2.110475010521694,0.12480418264662767,HD 693,1.392,1.18,8,5
HD 693_4,2.1111782168791877,0.12073293698311324,HD 693,1.392,1.18,8,5
HD 693_4,2.14256309230249,0.1348814031538763,HD 693,1.392,1.18,8,5
HD 693_4,2.10311972677916,0.09129066219345133,HD 693,1.392,1.18,8,5
HD 693_4,2.1098863636852956,0.10092076093770805,HD 693,1.392,1.18,8,5
HD 693_4,2.1169408698002585,0.11619860277136672,HD 693,1.392,1.18,8,5
HD 693_4,2.16251683673354,0.11381831128942611,HD 693,1.392,1.18,8,5
HD 693_4,2.1250831980058322,0.16131789752232914,HD 693,1.392,1.18,8,5
HD 693_4,2.0882543714039623,0.05689879903488382,HD 693,1.392,1.18,8,5
HD 693_4,2.1514338980783703,0.10769739999944068,HD 693,1.392,1.18,8,5
HD 693_4,2.1433813969572504,0.1271656402175374,HD 693,1.392,1.18,8,5
HD 693_4,2.137144208191852,0.11212136839280536,HD 693,1.392,1.18,8,5
HD 693_4,2.139211902946011,0.11847442610721567,HD 693,1.392,1.18,8,5
HD 693_4,2.1366150870761653,0.14642076451142388,HD 693,1.392,1.18,8,5
HD 693_4,2.142452145820614,0.12240601624269366,HD 693,1.392,1.18,8,5
HD 693_4,2.1266035437995634,0.11255800272460788,HD 693,1.392,1.18,8,5
HD 693_4,2.1403238534493463,0.09124692442423718,HD 693,1.392,1.18,8,5
HD 693_4,2.1487957109370677,0.14860846986182336,HD 693,1.392,1.18,8,5
HD 693_4,2.122219415295849,0.11528429444720649,HD 693,1.392,1.18,8,5
HD 693_4,2.115727058485651,0.11740825576808529,HD 693,1.392,1.18,8,5
HD 693_4,2.1537384771183627,0.12262353473212344,HD 693,1.392,1.18,8,5
HD 693_4,2.1397153063800176,0.12626901805200336,HD 693,1.392,1.18,8,5
HD 693_4,2.159683276378636,0.12166497616705181,HD 693,1.392,1.18,8,5
HD 693_4,2.1448392408760992,0.07069189379352774,HD 693,1.392,1.18,8,5
HD 693_4,2.1311218786368884,0.11685377235926932,HD 693,1.392,1.18,8,5
HD 693_4,2.118481727566144,0.1074376822090098,HD 693,1.392,1.18,8,5
HD 693_4,2.1510166558567922,0.11887981995802371,HD 693,1.392,1.18,8,5
HD 693_4,2.13032888084855,0.11441819167799559,HD 693,1.392,1.18,8,5
HD 693_4,2.1212105537847816,0.09264441588600708,HD 693,1.392,1.18,8,5
HD 693_4,2.1820489564935435,0.1669743626333211,HD 693,1.392,1.18,8,5
HD 693_4,2.12869425970848,0.09622661546153094,HD 693,1.392,1.18,8,5
HD 693_4,2.1077740839290446,0.089414363418483,HD 693,1.392,1.18,8,5
HD 693_4,2.1423324346367885,0.13215704537252862,HD 693,1.392,1.18,8,5
HD 693_4,2.1474577994990747,0.1251373994891351,HD 693,1.392,1.18,8,5
HD 693_4,2.131948895577491,0.10417104791759282,HD 693,1.392,1.18,8,5
HD 693_4,2.137974113632073,0.15269007143325297,HD 693,1.392,1.18,8,5
HD 693_4,2.1200986873906302,0.1292584909734259,HD 693,1.392,1.18,8,5
HD 693_4,2.1306346604581035,0.15074769847841624,HD 693,1.392,1.18,8,5
HD 693_4,2.1267137613713145,0.10970558680981515,HD 693,1.392,1.18,8,5
HD 693_4,2.1201289265291297,0.10996353542850515,HD 693,1.392,1.18,8,5
HD 693_4,2.1241901510192958,0.13378492791559327,HD 693,1.392,1.18,8,5
HD 693_4,2.1199836641878465,0.11188387581516444,HD 693,1.392,1.18,8,5
HD 693_4,2.1500810115363924,0.13170846319661164,HD 693,1.392,1.18,8,5
HD 693_4,2.151014296605573,0.14413952737341096,HD 693,1.392,1.18,8,5
HD 693_4,2.1450325443751215,0.1251020819079503,HD 693,1.392,1.18,8,5
HD 693_4,2.114420502121264,0.11728394132966954,HD 693,1.392,1.18,8,5
HD 693_4,2.1317515135969667,0.1343982369183049,HD 693,1.392,1.18,8,5
HD 693_4,2.109048416048669,0.09804887189895359,HD 693,1.392,1.18,8,5
HD 693_4,2.1343787914758687,0.12824234618249472,HD 693,1.392,1.18,8,5
HD 693_4,2.175494043305647,0.19208389783582525,HD 693,1.392,1.18,8,5
HD 693_4,2.1178948530744313,0.10113203348658616,HD 693,1.392,1.18,8,5
HD 693_4,2.1270113537395945,0.1175859723733669,HD 693,1.392,1.18,8,5
HD 693_4,2.134503802564941,0.1174817706721778,HD 693,1.392,1.18,8,5
HD 693_4,2.1335195059416483,0.10302336111557965,HD 693,1.392,1.18,8,5
HD 693_4,2.1201344438866965,0.09667164145733992,HD 693,1.392,1.18,8,5
HD 693_4,2.154014978666635,0.13034672036646566,HD 693,1.392,1.18,8,5
HD 693_4,2.1651860489801575,0.16768240432218556,HD 693,1.392,1.18,8,5
HD 693_4,2.1288873931271213,0.1124442413735089,HD 693,1.392,1.18,8,5
HD 693_4,2.0974873945172234,0.12015022047556931,HD 693,1.392,1.18,8,5
HD 693_4,2.137594082236625,0.09502336733643431,HD 693,1.392,1.18,8,5
HD 693_4,2.1215903574514483,0.14035201350104048,HD 693,1.392,1.18,8,5
HD 693_4,2.1435156028709814,0.14015509013736488,HD 693,1.392,1.18,8,5
HD 693_4,2.1254738756627085,0.08035998119765464,HD 693,1.392,1.18,8,5
HD 693_4,2.1421486781430783,0.11845077763367175,HD 693,1.392,1.18,8,5
HD 693_4,2.1670748509611126,0.14296824360736532,HD 693,1.392,1.18,8,5
HD 693_4,2.131151628646514,0.10415968954261604,HD 693,1.392,1.18,8,5
HD 693_4,2.135579213947249,0.11476630762367084,HD 693,1.392,1.18,8,5
HD 693_4,2.161495778830728,0.1471980222692798,HD 693,1.392,1.18,8,5
HD 693_4,2.1044524913292904,0.1174898669803272,HD 693,1.392,1.18,8,5
HD 693_4,2.115417856119227,0.14976051301850302,HD 693,1.392,1.18,8,5
HD 693_4,2.136014679271324,0.13353850168269876,HD 693,1.392,1.18,8,5
HD 693_4,2.1351876811309856,0.10838307562152683,HD 693,1.392,1.18,8,5
HD 693_4,2.1475334511014874,0.11211730396437607,HD 693,1.392,1.18,8,5
HD 693_4,2.1380123752627203,0.0922680811465556,HD 693,1.392,1.18,8,5
HD 693_4,2.1144544427760033,0.10033687039500737,HD 693,1.392,1.18,8,5
HD 693_4,2.1140250857136884,0.1336593863271479,HD 693,1.392,1.18,8,5
HD 693_4,2.132733292955325,0.11237987927900119,HD 693,1.392,1.18,8,5
HD 693_4,2.1775940658728477,0.17675553769422486,HD 693,1.392,1.18,8,5
HD 693_4,2.1289064183770128,0.12157279668016188,HD 693,1.392,1.18,8,5
HD 693_4,2.1129826189406855,0.09181271317305378,HD 693,1.392,1.18,8,5
HD 693_4,2.1356167373443293,0.11204045655594196,HD 693,1.392,1.18,8,5
HD 693_4,2.1389501787191953,0.1009549714406194,HD 693,1.392,1.18,8,5
HD 693_4,2.1084372327529937,0.10614172351151406,HD 693,1.392,1.18,8,5
HD 693_4,2.1323119521942226,0.11754251598856791,HD 693,1.392,1.18,8,5
HD 693_4,2.1194950508956603,0.10876959550788844,HD 693,1.392,1.18,8,5
HD 693_4,2.111317032519361,0.14018787793069218,HD 693,1.392,1.18,8,5
HD 693_4,2.1220861610867474,0.13521273339051948,HD 693,1.392,1.18,8,5
HD 693_4,2.174756373844327,0.14689132492708185,HD 693,1.392,1.18,8,5
HD 693_4,2.117567912637958,0.10990110449517587,HD 693,1.392,1.18,8,5
HD 693_4,2.1065072195507177,0.12460833363516066,HD 693,1.392,1.18,8,5
HD 693_4,2.1265330987011066,0.09992983945822563,HD 693,1.392,1.18,8,5
HD 693_4,2.1394230217013632,0.1164830028770437,HD 693,1.392,1.18,8,5
HD 693_4,2.1369261614814845,0.09638182509086475,HD 693,1.392,1.18,8,5
HD 693_4,2.113961350678128,0.08526087814362188,HD 693,1.392,1.18,8,5
HD 693_4,2.147828258365824,0.13925987885449054,HD 693,1.392,1.18,8,5
HD 693_4,2.1658318397706102,0.17154814309011987,HD 693,1.392,1.18,8,5
HD 693_4,2.1244314168116443,0.11702356902743187,HD 693,1.392,1.18,8,5
HD 693_4,2.1336792771354807,0.13694278072367094,HD 693,1.392,1.18,8,5
HD 693_4,2.1304337738854775,0.10860186054088879,HD 693,1.392,1.18,8,5
HD 693_4,2.1352889337758794,0.12425381545800407,HD 693,1.392,1.18,8,5
HD 693_4,2.1449560106791314,0.13381961233934017,HD 693,1.392,1.18,8,5
HD 693_4,2.1357044387133666,0.11072402544477244,HD 693,1.392,1.18,8,5
HD 693_4,2.1778095543634275,0.13306938517469402,HD 693,1.392,1.18,8,5
HD 693_4,2.1329371674133,0.11199053813851105,HD 693,1.392,1.18,8,5
HD 693_4,2.149741870628923,0.11699348953321184,HD 693,1.392,1.18,8,5
HD 693_4,2.0947926832144126,0.0843225103204799,HD 693,1.392,1.18,8,5
HD 693_4,2.109467943234388,0.1277865866090596,HD 693,1.392,1.18,8,5
HD 693_4,2.106763699311735,0.10366845368267195,HD 693,1.392,1.18,8,5
HD 693_4,2.1319648263210937,0.13087610599580057,HD 693,1.392,1.18,8,5
HD 693_4,2.1343049283048376,0.13724686124453078,HD 693,1.392,1.18,8,5
HD 693_4,2.1198209542588904,0.09392588538019028,HD 693,1.392,1.18,8,5
HD 693_4,2.1551720704510435,0.10633412594613045,HD 693,1.392,1.18,8,5
HD 693_4,2.111873849738087,0.10596107343762695,HD 693,1.392,1.18,8,5
HD 693_4,2.1174264603453206,0.12186441149438124,HD 693,1.392,1.18,8,5
HD 693_4,2.1173672663436127,0.08324177961526241,HD 693,1.392,1.18,8,5
HD 693_4,2.1293272093060494,0.12938269658302232,HD 693,1.392,1.18,8,5
HD 693_4,2.141097691305434,0.12865884711584522,HD 693,1.392,1.18,8,5
HD 693_4,2.1555746642563864,0.11186262477836051,HD 693,1.392,1.18,8,5
HD 693_4,2.147603351469568,0.11708465794352761,HD 693,1.392,1.18,8,5
HD 693_4,2.1272719520880616,0.11150053899251874,HD 693,1.392,1.18,8,5
HD 693_4,2.132862785732435,0.11850268132462966,HD 693,1.392,1.18,8,5
HD 693_4,2.1344800952477576,0.10642926141186385,HD 693,1.392,1.18,8,5
HD 693_4,2.1419935061932986,0.11400090298732873,HD 693,1.392,1.18,8,5
HD 693_4,2.1409751156614227,0.10702054723982236,HD 693,1.392,1.18,8,5
HD 693_4,2.1228003698295677,0.12107301679734903,HD 693,1.392,1.18,8,5
HD 693_4,2.1352748616258466,0.12465718103531544,HD 693,1.392,1.18,8,5
HD 693_4,2.1092365493781684,0.09973166112278706,HD 693,1.392,1.18,8,5
HD 693_4,2.146293872644041,0.15145903236289052,HD 693,1.392,1.18,8,5
HD 693_4,2.1381365576238176,0.12007387696728572,HD 693,1.392,1.18,8,5
HD 693_4,2.1402507811529667,0.11833332453386233,HD 693,1.392,1.18,8,5
HD 693_4,2.1921871001350537,0.1784007634279388,HD 693,1.392,1.18,8,5
HD 693_4,2.1028274825997473,0.12091231406965747,HD 693,1.392,1.18,8,5
HD 693_4,2.1313372955126217,0.10400060966594385,HD 693,1.392,1.18,8,5
HD 693_4,2.1290405195402435,0.1292295053495119,HD 693,1.392,1.18,8,5
HD 693_4,2.119749634113418,0.08953308606944206,HD 693,1.392,1.18,8,5
HD 693_4,2.109751900141153,0.11725066137007459,HD 693,1.392,1.18,8,5
HD 693_4,2.1349768691937863,0.13525757113895825,HD 693,1.392,1.18,8,5
HD 693_4,2.135720884971105,0.12203325003662649,HD 693,1.392,1.18,8,5
HD 693_4,2.1279072673897854,0.07645590639091973,HD 693,1.392,1.18,8,5
HD 693_4,2.1384278293954053,0.1596808916500235,HD 693,1.392,1.18,8,5
HD 693_4,2.1376228806334097,0.0872045320632837,HD 693,1.392,1.18,8,5
HD 693_4,2.117453237538089,0.11712603832894725,HD 693,1.392,1.18,8,5
HD 693_4,2.125646513750733,0.10989425654115195,HD 693,1.392,1.18,8,5
HD 693_4,2.1260262640993135,0.09509258705691355,HD 693,1.392,1.18,8,5
HD 693_4,2.164328115471428,0.11483522526259016,HD 693,1.392,1.18,8,5
HD 693_4,2.1223356692075375,0.11287794998778897,HD 693,1.392,1.18,8,5
HD 693_4,2.1268676095530643,0.10482905425347527,HD 693,1.392,1.18,8,5
HD 693_4,2.123075536583102,0.13393038986739145,HD 693,1.392,1.18,8,5
HD 693_4,2.151460328316988,0.13064121852704252,HD 693,1.392,1.18,8,5
HD 693_4,2.1154480308046675,0.10710336398749329,HD 693,1.392,1.18,8,5
HD 693_4,2.1553475208078523,0.14660701285594938,HD 693,1.392,1.18,8,5
HD 693_4,2.1544624124116796,0.13687203133646253,HD 693,1.392,1.18,8,5
HD 693_4,2.1267124353926516,0.11669936858788868,HD 693,1.392,1.18,8,5
HD 693_4,2.151960818970548,0.13835823422967244,HD 693,1.392,1.18,8,5
HD 693_4,2.13689356578302,0.12521521245069525,HD 693,1.392,1.18,8,5
HD 693_4,2.142050002923219,0.1485831935349181,HD 693,1.392,1.18,8,5
HD 693_4,2.1336853800889295,0.12257972548109856,HD 693,1.392,1.18,8,5
HD 693_4,2.1253434196357834,0.11142897545779823,HD 693,1.392,1.18,8,5
HD 693_4,2.1147084280327264,0.11256168037965346,HD 693,1.392,1.18,8,5
HD 693_4,2.1247211997326803,0.13238160901252155,HD 693,1.392,1.18,8,5
HD 693_4,2.1253437235775223,0.09698068123371212,HD 693,1.392,1.18,8,5
HD 693_4,2.0988819602773656,0.12164394201390713,HD 693,1.392,1.18,8,5
HD 693_4,2.1465210418712797,0.13716891717188748,HD 693,1.392,1.18,8,5
HD 693_4,2.1172899088175616,0.12273868404114223,HD 693,1.392,1.18,8,5
HD 693_4,2.1293981154730424,0.12785356766135197,HD 693,1.392,1.18,8,5
HD 693_4,2.15898206776085,0.1109747717235518,HD 693,1.392,1.18,8,5
HD 693_4,2.1454901012810565,0.10929098037207738,HD 693,1.392,1.18,8,5
HD 693_4,2.145931336031068,0.130389607290081,HD 693,1.392,1.18,8,5
HD 693_4,2.1376810250110796,0.1490777294399556,HD 693,1.392,1.18,8,5
HD 693_4,2.100266944730104,0.10518723184131527,HD 693,1.392,1.18,8,5
HD 693_4,2.1149745241408153,0.13368700656313307,HD 693,1.392,1.18,8,5
HD 693_4,2.1449994068333766,0.1493241107926496,HD 693,1.392,1.18,8,5
HD 693_4,2.1494286388152504,0.15373911013910918,HD 693,1.392,1.18,8,5
HD 693_4,2.1571878041793555,0.14429581910231656,HD 693,1.392,1.18,8,5
HD 693_4,2.1231915693198853,0.15286311258319332,HD 693,1.392,1.18,8,5
HD 693_4,2.146147414495728,0.13269052065142256,HD 693,1.392,1.18,8,5
HD 693_4,2.1332600453787043,0.11929343984196594,HD 693,1.392,1.18,8,5
HD 693_4,2.127740855825852,0.12054320785292767,HD 693,1.392,1.18,8,5
HD 693_4,2.1303511177955192,0.09856410016918167,HD 693,1.392,1.18,8,5
HD 693_4,2.1032992655831353,0.11606916349411862,HD 693,1.392,1.18,8,5
HD 693_4,2.127983352062014,0.11362078724686893,HD 693,1.392,1.18,8,5
HD 693_4,2.1173768286935517,0.10460039339924743,HD 693,1.392,1.18,8,5
HD 693_4,2.129239477665767,0.11234056191328994,HD 693,1.392,1.18,8,5
HD 693_4,2.1569591499160286,0.12379705878609197,HD 693,1.392,1.18,8,5
HD 693_4,2.137107785084283,0.13976010371661196,HD 693,1.392,1.18,8,5
HD 693_4,2.1354551425784174,0.11062335925004751,HD 693,1.392,1.18,8,5
HD 693_4,2.1330523527680247,0.10337912212086942,HD 693,1.392,1.18,8,5
HD 693_4,2.1392845547858337,0.13529090325151047,HD 693,1.392,1.18,8,5
HD 693_4,2.1453804645848953,0.14982775331124476,HD 693,1.392,1.18,8,5
HD 693_4,2.154206883541887,0.11623626925967973,HD 693,1.392,1.18,8,5
HD 693_4,2.142037802796737,0.14272190893607478,HD 693,1.392,1.18,8,5
HD 693_4,2.1223761178568594,0.11231519003205667,HD 693,1.392,1.18,8,5
HD 693_4,2.126167454458306,0.1519375520738524,HD 693,1.392,1.18,8,5
HD 693_4,2.192958194313733,0.26293890318783397,HD 693,1.392,1.18,8,5
HD 693_4,2.1155588504008613,0.07868309620787764,HD 693,1.392,1.18,8,5
HD 693_4,2.1387607931294856,0.08640402513900762,HD 693,1.392,1.18,8,5
HD 693_4,2.1744943417401372,0.1776653665052625,HD 693,1.392,1.18,8,5
HD 693_4,2.1501561848077344,0.14603123881839114,HD 693,1.392,1.18,8,5
HD 693_4,2.109425491469216,0.12465148408352662,HD 693,1.392,1.18,8,5
HD 693_4,2.124275252024966,0.1198514926726165,HD 693,1.392,1.18,8,5
HD 693_4,2.1231719639010365,0.1092273783443327,HD 693,1.392,1.18,8,5
HD 693_4,2.109566080018858,0.0929114762128069,HD 693,1.392,1.18,8,5
HD 693_4,2.141381850782235,0.13071370434730473,HD 693,1.392,1.18,8,5
HD 693_4,2.134355992386041,0.1503090525168359,HD 693,1.392,1.18,8,5
HD 693_4,2.122114965574539,0.09356506312156843,HD 693,1.392,1.18,8,5
HD 693_4,2.1361099742299623,0.11742336738360955,HD 693,1.392,1.18,8,5
HD 693_4,2.159664343993343,0.14331749908100203,HD 693,1.392,1.18,8,5
HD 693_4,2.1425064563011085,0.13275733488742217,HD 693,1.392,1.18,8,5
HD 693_4,2.145860563379694,0.10129984264197316,HD 693,1.392,1.18,8,5
HD 693_4,2.132843680423714,0.080738381219401,HD 693,1.392,1.18,8,5
HD 693_4,2.104430181076413,0.06341145173749002,HD 693,1.392,1.18,8,5
HD 693_4,2.101016926241807,0.09802133624506393,HD 693,1.392,1.18,8,5
HD 693_4,2.1138833849606518,0.10307496886136085,HD 693,1.392,1.18,8,5
HD 693_4,2.1165363064632703,0.1055362804745394,HD 693,1.392,1.18,8,5
HD 693_4,2.138339778172589,0.12608614185412345,HD 693,1.392,1.18,8,5
HD 693_4,2.1245708423550944,0.12458783385800704,HD 693,1.392,1.18,8,5
HD 693_4,2.1201621882860486,0.10096542449316073,HD 693,1.392,1.18,8,5
HD 693_4,2.1334364841660243,0.10537939160719581,HD 693,1.392,1.18,8,5
HD 693_4,2.1342243059612067,0.10977505935317178,HD 693,1.392,1.18,8,5
HD 693_4,2.1430779744877566,0.1474767124139947,HD 693,1.392,1.18,8,5
HD 693_4,2.1342074543630836,0.108241077166087,HD 693,1.392,1.18,8,5
HD 693_4,2.1040001974147953,0.10261429026179807,HD 693,1.392,1.18,8,5
HD 693_4,2.1666548542954605,0.2187209164812337,HD 693,1.392,1.18,8,5
HD 693_4,2.107767709238012,0.11537137345247339,HD 693,1.392,1.18,8,5
HD 693_4,2.1251501840144433,0.10570852770394165,HD 693,1.392,1.18,8,5
HD 693_4,2.135396312464387,0.13048181122237704,HD 693,1.392,1.18,8,5
HD 693_4,2.132273654748692,0.10410427478530136,HD 693,1.392,1.18,8,5
HD 693_4,2.126614935154404,0.13236113284333811,HD 693,1.392,1.18,8,5
HD 693_4,2.134877882885968,0.1423492570839222,HD 693,1.392,1.18,8,5
HD 693_4,2.152083809139015,0.16871841640075147,HD 693,1.392,1.18,8,5
HD 693_4,2.1222545733289566,0.11513224669491363,HD 693,1.392,1.18,8,5
HD 693_4,2.145738367583382,0.08958430924526621,HD 693,1.392,1.18,8,5
HD 693_4,2.1636051840678037,0.14130296204989376,HD 693,1.392,1.18,8,5
HD 693_4,2.1312095931072577,0.11999891961167848,HD 693,1.392,1.18,8,5
HD 693_4,2.1440778434111905,0.0899667829637567,HD 693,1.392,1.18,8,5
HD 693_4,2.1280023359088673,0.11253681443537558,HD 693,1.392,1.18,8,5
HD 693_4,2.1474542212387293,0.14590681414394485,HD 693,1.392,1.18,8,5
HD 693_4,2.1436618183164975,0.11703542348192975,HD 693,1.392,1.18,8,5
HD 693_4,2.169189609118436,0.14748504425032477,HD 693,1.392,1.18,8,5
HD 693_4,2.1580814459595707,0.11734996102908203,HD 693,1.392,1.18,8,5
HD 693_4,2.134988323086547,0.1452375051942143,HD 693,1.392,1.18,8,5
HD 693_4,2.156491913784471,0.1479815142977766,HD 693,1.392,1.18,8,5
HD 693_4,2.1485034052594507,0.1250097138568129,HD 693,1.392,1.18,8,5
HD 693_4,2.1453770225397926,0.14126580189502255,HD 693,1.392,1.18,8,5
HD 693_4,2.1627091404983054,0.14872108298808,HD 693,1.392,1.18,8,5
HD 693_4,2.1262854325821876,0.11652658759226954,HD 693,1.392,1.18,8,5
HD 693_4,2.14456939765763,0.11477152904068831,HD 693,1.392,1.18,8,5
HD 693_4,2.115997407613394,0.10960173078434281,HD 693,1.392,1.18,8,5
HD 693_4,2.1814561372237287,0.16105032338952663,HD 693,1.392,1.18,8,5
HD 693_4,2.137637005706966,0.1242531620353761,HD 693,1.392,1.18,8,5
HD 693_4,2.120820945231943,0.11276503419179787,HD 693,1.392,1.18,8,5
HD 693_4,2.125622616448484,0.10314930743213857,HD 693,1.392,1.18,8,5
HD 693_4,2.130220757295162,0.11128292085670771,HD 693,1.392,1.18,8,5
HD 693_4,2.146423705817243,0.10756807053161223,HD 693,1.392,1.18,8,5
HD 693_4,2.129273430160224,0.10291265903848897,HD 693,1.392,1.18,8,5
HD 693_4,2.130194675045734,0.1143175207145283,HD 693,1.392,1.18,8,5
HD 693_4,2.1307507088414948,0.11064831108174061,HD 693,1.392,1.18,8,5
HD 693_4,2.117198660489947,0.10723958078403045,HD 693,1.392,1.18,8,5
HD 693_4,2.133199729055331,0.10537546063155462,HD 693,1.392,1.18,8,5
HD 693_4,2.124340720559963,0.08436643247169232,HD 693,1.392,1.18,8,5
HD 693_4,2.135020896528334,0.11515143923944281,HD 693,1.392,1.18,8,5
HD 693_4,2.145949234373363,0.1444843061146705,HD 693,1.392,1.18,8,5
HD 693_4,2.1089732524940246,0.101316303331475,HD 693,1.392,1.18,8,5
HD 693_4,2.1473568774944116,0.11266924088761407,HD 693,1.392,1.18,8,5
HD 693_4,2.140463992366647,0.09079073359436396,HD 693,1.392,1.18,8,5
HD 693_4,2.1319309164250915,0.12856640110595127,HD 693,1.392,1.18,8,5
HD 693_4,2.1184616175776014,0.10138839602546235,HD 693,1.392,1.18,8,5
HD 693_4,2.148748272214005,0.13919665938069142,HD 693,1.392,1.18,8,5
HD 693_4,2.1355535992396577,0.09266971251704324,HD 693,1.392,1.18,8,5
HD 693_4,2.1283174200011215,0.12142954654173448,HD 693,1.392,1.18,8,5
HD 693_4,2.116248428117573,0.12567454903971625,HD 693,1.392,1.18,8,5
HD 693_4,2.1361263874152936,0.13967269967062618,HD 693,1.392,1.18,8,5
HD 693_4,2.113602359481478,0.1029604802831301,HD 693,1.392,1.18,8,5
HD 693_4,2.1348034502366247,0.109335961917682,HD 693,1.392,1.18,8,5
HD 693_4,2.1333192342986234,0.10993354381537086,HD 693,1.392,1.18,8,5
HD 693_4,2.1215110296114457,0.1105469591285084,HD 693,1.392,1.18,8,5
HD 693_4,2.149282386146757,0.12485204001436201,HD 693,1.392,1.18,8,5
HD 693_4,2.0997387805609424,0.10597227975647093,HD 693,1.392,1.18,8,5
HD 693_4,2.1377394162818075,0.1011867296174568,HD 693,1.392,1.18,8,5
HD 693_4,2.1565397969985134,0.15206784485390637,HD 693,1.392,1.18,8,5
HD 693_4,2.1361616565251773,0.1232943794429625,HD 693,1.392,1.18,8,5
HD 693_4,2.131552526075973,0.09916956942904387,HD 693,1.392,1.18,8,5
HD 693_4,2.1169915742525056,0.09736906452973056,HD 693,1.392,1.18,8,5
HD 693_4,2.1230910413449613,0.12081239594666995,HD 693,1.392,1.18,8,5
HD 693_4,2.114902951917773,0.12716260765834217,HD 693,1.392,1.18,8,5
HD 693_4,2.130470352288045,0.14347762254087634,HD 693,1.392,1.18,8,5
HD 693_4,2.1491882658876214,0.13438252041815663,HD 693,1.392,1.18,8,5
HD 693_4,2.158897849701645,0.1890113656490372,HD 693,1.392,1.18,8,5
HD 693_4,2.1247146196198816,0.1372212758112218,HD 693,1.392,1.18,8,5
HD 693_4,2.1288217389317574,0.13190760093052473,HD 693,1.392,1.18,8,5
HD 693_4,2.126027910386609,0.10035924441437773,HD 693,1.392,1.18,8,5
HD 693_4,2.1275416166667673,0.13449303380692054,HD 693,1.392,1.18,8,5
HD 693_4,2.1282958799578955,0.09072396644842019,HD 693,1.392,1.18,8,5
HD 693_4,2.1495492376399246,0.14222239876331286,HD 693,1.392,1.18,8,5
HD 693_4,2.1528642012085064,0.11643706031080212,HD 693,1.392,1.18,8,5
HD 693_4,2.1485612917974977,0.1305475173657312,HD 693,1.392,1.18,8,5
HD 693_4,2.1532858502626397,0.16483781874987374,HD 693,1.392,1.18,8,5
HD 693_4,2.1411180353807326,0.10161187664378318,HD 693,1.392,1.18,8,5
HD 693_4,2.1666460676441375,0.14886597765196855,HD 693,1.392,1.18,8,5
HD 693_4,2.1135784058619635,0.10780250507312412,HD 693,1.392,1.18,8,5
HD 693_4,2.1468668867816483,0.15319649554669826,HD 693,1.392,1.18,8,5
HD 693_4,2.126033398397911,0.12054803632729555,HD 693,1.392,1.18,8,5
HD 693_4,2.115191824200316,0.13496799250329816,HD 693,1.392,1.18,8,5
HD 693_4,2.1422969130129434,0.1387440091856905,HD 693,1.392,1.18,8,5
HD 693_4,2.138077034220966,0.13360137532303965,HD 693,1.392,1.18,8,5
HD 693_4,2.1071110089770313,0.09804766763853838,HD 693,1.392,1.18,8,5
HD 693_4,2.1070673438147067,0.09936548707291837,HD 693,1.392,1.18,8,5
HD 693_4,2.1343530239580977,0.13176903570271717,HD 693,1.392,1.18,8,5
HD 693_4,2.1515924990044035,0.12763761582213148,HD 693,1.392,1.18,8,5
HD 17206_0,2.0857012548717533,0.0975975450282705,HD 17206,0.885,1.21,8,8
HD 17206_0,2.085867743943349,0.10696043694786289,HD 17206,0.885,1.21,8,8
HD 17206_0,2.0872124434228074,0.08713192975694249,HD 17206,0.885,1.21,8,8
HD 17206_0,2.0957418641597734,0.09196361669394719,HD 17206,0.885,1.21,8,8
HD 17206_0,2.0843507579570075,0.08216943139919893,HD 17206,0.885,1.21,8,8
HD 17206_0,2.0938031881476413,0.08780486509221307,HD 17206,0.885,1.21,8,8
HD 17206_0,2.091898349620026,0.09104885451101256,HD 17206,0.885,1.21,8,8
HD 17206_0,2.0857218759232783,0.09044488826121994,HD 17206,0.885,1.21,8,8
HD 17206_0,2.087982686873322,0.09144193495732741,HD 17206,0.885,1.21,8,8
HD 17206_0,2.0932401069523783,0.08692854260901037,HD 17206,0.885,1.21,8,8
HD 17206_0,2.0852633941293632,0.08518306906508287,HD 17206,0.885,1.21,8,8
HD 17206_0,2.085585364602973,0.08556092243326285,HD 17206,0.885,1.21,8,8
HD 17206_0,2.088338542703753,0.08815727998610312,HD 17206,0.885,1.21,8,8
HD 17206_0,2.086475581873888,0.07985814056144205,HD 17206,0.885,1.21,8,8
HD 17206_0,2.0902154080782314,0.0871358017156937,HD 17206,0.885,1.21,8,8
HD 17206_0,2.079880541694088,0.08462547908655156,HD 17206,0.885,1.21,8,8
HD 17206_0,2.08331264733113,0.0917748823890214,HD 17206,0.885,1.21,8,8
HD 17206_0,2.084082681641849,0.08477192325087105,HD 17206,0.885,1.21,8,8
HD 17206_0,2.0850202570668657,0.08132424091962115,HD 17206,0.885,1.21,8,8
HD 17206_0,2.0855199574007997,0.08847441273119026,HD 17206,0.885,1.21,8,8
HD 17206_0,2.0910845044774087,0.08997015413070056,HD 17206,0.885,1.21,8,8
HD 17206_0,2.0875282114818168,0.08188717242930381,HD 17206,0.885,1.21,8,8
HD 17206_0,2.086058221539766,0.09054356227535473,HD 17206,0.885,1.21,8,8
HD 17206_0,2.093959637412198,0.08225149379511044,HD 17206,0.885,1.21,8,8
HD 17206_0,2.094127263004876,0.0834679327155289,HD 17206,0.885,1.21,8,8
HD 17206_0,2.0875667877339215,0.07848080129790981,HD 17206,0.885,1.21,8,8
HD 17206_0,2.0846128432420112,0.09254698935697557,HD 17206,0.885,1.21,8,8
HD 17206_0,2.093768108415352,0.08336347005104286,HD 17206,0.885,1.21,8,8
HD 17206_0,2.087085752999822,0.07948439733795327,HD 17206,0.885,1.21,8,8
HD 17206_0,2.085852638052196,0.09099091443651806,HD 17206,0.885,1.21,8,8
HD 17206_0,2.0791167150302297,0.08821128445296053,HD 17206,0.885,1.21,8,8
HD 17206_0,2.083223038761572,0.08508790909833175,HD 17206,0.885,1.21,8,8
HD 17206_0,2.0821456963645257,0.08356939834302388,HD 17206,0.885,1.21,8,8
HD 17206_0,2.0857705279624437,0.09093385840426789,HD 17206,0.885,1.21,8,8
HD 17206_0,2.0938566339747067,0.08592043050325315,HD 17206,0.885,1.21,8,8
HD 17206_0,2.084241453885029,0.08553197227742847,HD 17206,0.885,1.21,8,8
HD 17206_0,2.084891896910842,0.09387589281600826,HD 17206,0.885,1.21,8,8
HD 17206_0,2.087027216504315,0.07803631348928186,HD 17206,0.885,1.21,8,8
HD 17206_0,2.097001077926989,0.08719960979780836,HD 17206,0.885,1.21,8,8
HD 17206_0,2.091441721729925,0.08573926426871016,HD 17206,0.885,1.21,8,8
HD 17206_0,2.0978610778486373,0.0851531038743426,HD 17206,0.885,1.21,8,8
HD 17206_0,2.093083723086059,0.09983764987146272,HD 17206,0.885,1.21,8,8
HD 17206_0,2.0899481163226925,0.08750322280898938,HD 17206,0.885,1.21,8,8
HD 17206_0,2.086188037710847,0.08690926685025516,HD 17206,0.885,1.21,8,8
HD 17206_0,2.0939961873848403,0.08845420000912291,HD 17206,0.885,1.21,8,8
HD 17206_0,2.092677211150286,0.09473450682326985,HD 17206,0.885,1.21,8,8
HD 17206_0,2.084129826076746,0.08434169325466183,HD 17206,0.885,1.21,8,8
HD 17206_0,2.090165445085942,0.08608846938498456,HD 17206,0.885,1.21,8,8
HD 17206_0,2.083937689900208,0.09310926270334499,HD 17206,0.885,1.21,8,8
HD 17206_0,2.092474350110247,0.07847614594650082,HD 17206,0.885,1.21,8,8
HD 17206_0,2.089983895454404,0.10429208834037339,HD 17206,0.885,1.21,8,8
HD 17206_0,2.082550959027783,0.07457786506889154,HD 17206,0.885,1.21,8,8
HD 17206_0,2.0868088587675264,0.0898742391258629,HD 17206,0.885,1.21,8,8
HD 17206_0,2.0908639587093503,0.08393436786614483,HD 17206,0.885,1.21,8,8
HD 17206_0,2.08681380318688,0.08180641057915156,HD 17206,0.885,1.21,8,8
HD 17206_0,2.093090205851462,0.09833866201073758,HD 17206,0.885,1.21,8,8
HD 17206_0,2.092999479568044,0.08027460819164167,HD 17206,0.885,1.21,8,8
HD 17206_0,2.084601189286477,0.0880677355271576,HD 17206,0.885,1.21,8,8
HD 17206_0,2.0879005257324503,0.09196821882887564,HD 17206,0.885,1.21,8,8
HD 17206_0,2.092909358426527,0.08093462958877273,HD 17206,0.885,1.21,8,8
HD 17206_0,2.0866566026290574,0.091854690399922,HD 17206,0.885,1.21,8,8
HD 17206_0,2.0972081182426225,0.09157602784412987,HD 17206,0.885,1.21,8,8
HD 17206_0,2.084888968700305,0.08654926452910497,HD 17206,0.885,1.21,8,8
HD 17206_0,2.090236213728356,0.08645567364426887,HD 17206,0.885,1.21,8,8
HD 17206_0,2.0906408912923857,0.09553098284527696,HD 17206,0.885,1.21,8,8
HD 17206_0,2.089796845126538,0.09276501332812191,HD 17206,0.885,1.21,8,8
HD 17206_0,2.084224941883497,0.09956143944987808,HD 17206,0.885,1.21,8,8
HD 17206_0,2.0942421136388587,0.08376711065107996,HD 17206,0.885,1.21,8,8
HD 17206_0,2.0817534955675217,0.07544869715337288,HD 17206,0.885,1.21,8,8
HD 17206_0,2.090131842567125,0.08829693560685338,HD 17206,0.885,1.21,8,8
HD 17206_0,2.085511097056374,0.09390927972422142,HD 17206,0.885,1.21,8,8
HD 17206_0,2.0802673241069307,0.08949307701688403,HD 17206,0.885,1.21,8,8
HD 17206_0,2.0866746442838937,0.08986515697940947,HD 17206,0.885,1.21,8,8
HD 17206_0,2.0774405184748286,0.0931822012781735,HD 17206,0.885,1.21,8,8
HD 17206_0,2.091031846508563,0.08228026078638749,HD 17206,0.885,1.21,8,8
HD 17206_0,2.08740476930852,0.08593754518432506,HD 17206,0.885,1.21,8,8
HD 17206_0,2.0872795367260975,0.09358815374956579,HD 17206,0.885,1.21,8,8
HD 17206_0,2.091660178150817,0.08286279662048474,HD 17206,0.885,1.21,8,8
HD 17206_0,2.090497849402339,0.0839373330352226,HD 17206,0.885,1.21,8,8
HD 17206_0,2.096377158271232,0.09212187833772624,HD 17206,0.885,1.21,8,8
HD 17206_0,2.0877078127270736,0.08147868670444088,HD 17206,0.885,1.21,8,8
HD 17206_0,2.093715971118983,0.08424333527448676,HD 17206,0.885,1.21,8,8
HD 17206_0,2.08557628105513,0.09180915135161459,HD 17206,0.885,1.21,8,8
HD 17206_0,2.088855995130388,0.08814184549105007,HD 17206,0.885,1.21,8,8
HD 17206_0,2.0874043365705717,0.08294026142158312,HD 17206,0.885,1.21,8,8
HD 17206_0,2.089017018316091,0.07902035135756949,HD 17206,0.885,1.21,8,8
HD 17206_0,2.084100537210151,0.09204357817039752,HD 17206,0.885,1.21,8,8
HD 17206_0,2.0886087669313183,0.08590452012347319,HD 17206,0.885,1.21,8,8
HD 17206_0,2.0923131881834274,0.08071285374009979,HD 17206,0.885,1.21,8,8
HD 17206_0,2.0880965976307797,0.09331999196091242,HD 17206,0.885,1.21,8,8
HD 17206_0,2.0880410888193714,0.08755041214184808,HD 17206,0.885,1.21,8,8
HD 17206_0,2.0931674837389003,0.08989027931996796,HD 17206,0.885,1.21,8,8
HD 17206_0,2.09348358220367,0.08589600769288852,HD 17206,0.885,1.21,8,8
HD 17206_0,2.0800466839532152,0.07760900294250576,HD 17206,0.885,1.21,8,8
HD 17206_0,2.0810204497328755,0.08062351220790352,HD 17206,0.885,1.21,8,8
HD 17206_0,2.0895917596596454,0.08189648495436086,HD 17206,0.885,1.21,8,8
HD 17206_0,2.0795543447909575,0.09258765603239927,HD 17206,0.885,1.21,8,8
HD 17206_0,2.0793804432362855,0.08640377750350092,HD 17206,0.885,1.21,8,8
HD 17206_0,2.0968524007859095,0.07931327439567766,HD 17206,0.885,1.21,8,8
HD 17206_0,2.0899330235064175,0.08151831174075767,HD 17206,0.885,1.21,8,8
HD 17206_0,2.0865465491514175,0.09261786280877252,HD 17206,0.885,1.21,8,8
HD 17206_0,2.0839928151234193,0.08411577924141092,HD 17206,0.885,1.21,8,8
HD 17206_0,2.084264594120675,0.09300122920340209,HD 17206,0.885,1.21,8,8
HD 17206_0,2.0922068260367093,0.08167121395189743,HD 17206,0.885,1.21,8,8
HD 17206_0,2.0888575442043695,0.08956062429853692,HD 17206,0.885,1.21,8,8
HD 17206_0,2.091805808449014,0.07969022638775523,HD 17206,0.885,1.21,8,8
HD 17206_0,2.085577186154554,0.09181243456334509,HD 17206,0.885,1.21,8,8
HD 17206_0,2.091260880926859,0.08425870978931038,HD 17206,0.885,1.21,8,8
HD 17206_0,2.0880125529831726,0.08794073876021713,HD 17206,0.885,1.21,8,8
HD 17206_0,2.086171335483345,0.1000626798460133,HD 17206,0.885,1.21,8,8
HD 17206_0,2.0869844797059365,0.08456929359624894,HD 17206,0.885,1.21,8,8
HD 17206_0,2.0851089710486836,0.08344464125652172,HD 17206,0.885,1.21,8,8
HD 17206_0,2.0833681789738883,0.08349532116330749,HD 17206,0.885,1.21,8,8
HD 17206_0,2.0850810186617057,0.08141075889152162,HD 17206,0.885,1.21,8,8
HD 17206_0,2.0934819493153034,0.08700185689198661,HD 17206,0.885,1.21,8,8
HD 17206_0,2.0912288742379497,0.0848127986338537,HD 17206,0.885,1.21,8,8
HD 17206_0,2.0895360949822135,0.08679723799015107,HD 17206,0.885,1.21,8,8
HD 17206_0,2.0872205333673772,0.08454026677004549,HD 17206,0.885,1.21,8,8
HD 17206_0,2.083901941609355,0.08939975874074102,HD 17206,0.885,1.21,8,8
HD 17206_0,2.092027692649951,0.08998917446276809,HD 17206,0.885,1.21,8,8
HD 17206_0,2.090110071615792,0.08504025371469279,HD 17206,0.885,1.21,8,8
HD 17206_0,2.0906387688573815,0.08104411036417003,HD 17206,0.885,1.21,8,8
HD 17206_0,2.0883622134760467,0.08840360862727349,HD 17206,0.885,1.21,8,8
HD 17206_0,2.0877535403431544,0.09784706469388134,HD 17206,0.885,1.21,8,8
HD 17206_0,2.076337072518968,0.09086389783334875,HD 17206,0.885,1.21,8,8
HD 17206_0,2.084036517430147,0.0859590720080732,HD 17206,0.885,1.21,8,8
HD 17206_0,2.0889252687213777,0.09061951140227865,HD 17206,0.885,1.21,8,8
HD 17206_0,2.0908868615370637,0.08413112482104373,HD 17206,0.885,1.21,8,8
HD 17206_0,2.088780950030674,0.09003336843631943,HD 17206,0.885,1.21,8,8
HD 17206_0,2.088485535207578,0.0867160185488881,HD 17206,0.885,1.21,8,8
HD 17206_0,2.0896597154522887,0.08691543103901689,HD 17206,0.885,1.21,8,8
HD 17206_0,2.0907557184053065,0.09279142925385829,HD 17206,0.885,1.21,8,8
HD 17206_0,2.0871269912667696,0.08466779521630378,HD 17206,0.885,1.21,8,8
HD 17206_0,2.089665644049163,0.08608432942520855,HD 17206,0.885,1.21,8,8
HD 17206_0,2.0870070879434977,0.09605153729390559,HD 17206,0.885,1.21,8,8
HD 17206_0,2.0907763301212956,0.08760075884922076,HD 17206,0.885,1.21,8,8
HD 17206_0,2.0937453675617923,0.08887516309756671,HD 17206,0.885,1.21,8,8
HD 17206_0,2.084243490531859,0.08625271226992454,HD 17206,0.885,1.21,8,8
HD 17206_0,2.0866893433318916,0.0832728713758866,HD 17206,0.885,1.21,8,8
HD 17206_0,2.0938364311530417,0.07932705322218851,HD 17206,0.885,1.21,8,8
HD 17206_0,2.0878747143673073,0.08791350862088265,HD 17206,0.885,1.21,8,8
HD 17206_0,2.0937187159048896,0.09363463988095296,HD 17206,0.885,1.21,8,8
HD 17206_0,2.087806885834549,0.09710324059855308,HD 17206,0.885,1.21,8,8
HD 17206_0,2.0839053367301053,0.0958887053463228,HD 17206,0.885,1.21,8,8
HD 17206_0,2.090461698613221,0.0871711623296837,HD 17206,0.885,1.21,8,8
HD 17206_0,2.0914902697324376,0.09035695612182547,HD 17206,0.885,1.21,8,8
HD 17206_0,2.089629886459975,0.10025642403253096,HD 17206,0.885,1.21,8,8
HD 17206_0,2.081703370469811,0.09405869789797941,HD 17206,0.885,1.21,8,8
HD 17206_0,2.0873787376791673,0.08641424224185829,HD 17206,0.885,1.21,8,8
HD 17206_0,2.0867171061984062,0.10127301968098693,HD 17206,0.885,1.21,8,8
HD 17206_0,2.0869746970078893,0.09617134686919984,HD 17206,0.885,1.21,8,8
HD 17206_0,2.09063014241495,0.09017990597318608,HD 17206,0.885,1.21,8,8
HD 17206_0,2.089885540760017,0.08699858361457583,HD 17206,0.885,1.21,8,8
HD 17206_0,2.089737182615102,0.08743874970470318,HD 17206,0.885,1.21,8,8
HD 17206_0,2.0872386302837937,0.09148600409065703,HD 17206,0.885,1.21,8,8
HD 17206_0,2.0855197012575677,0.09125347755249788,HD 17206,0.885,1.21,8,8
HD 17206_0,2.0796244784105937,0.08974999777408998,HD 17206,0.885,1.21,8,8
HD 17206_0,2.089020584583573,0.0948757981916572,HD 17206,0.885,1.21,8,8
HD 17206_0,2.0931074416300195,0.0885636528846423,HD 17206,0.885,1.21,8,8
HD 17206_0,2.0933331838880345,0.09149232218770283,HD 17206,0.885,1.21,8,8
HD 17206_0,2.0885004041104307,0.09451601275342668,HD 17206,0.885,1.21,8,8
HD 17206_0,2.0893963148483947,0.08740320522283973,HD 17206,0.885,1.21,8,8
HD 17206_0,2.087375959238723,0.09509370807756636,HD 17206,0.885,1.21,8,8
HD 17206_0,2.09267389667504,0.08911241301028733,HD 17206,0.885,1.21,8,8
HD 17206_0,2.091548237337652,0.08766252919605877,HD 17206,0.885,1.21,8,8
HD 17206_0,2.0927526022180736,0.08664974274523816,HD 17206,0.885,1.21,8,8
HD 17206_0,2.0903589014025123,0.09724713859927978,HD 17206,0.885,1.21,8,8
HD 17206_0,2.088200381511717,0.08281383861161408,HD 17206,0.885,1.21,8,8
HD 17206_0,2.0897490053120222,0.08365239791374177,HD 17206,0.885,1.21,8,8
HD 17206_0,2.0872456770340015,0.08709270261118893,HD 17206,0.885,1.21,8,8
HD 17206_0,2.0866981768797186,0.08850071996837709,HD 17206,0.885,1.21,8,8
HD 17206_0,2.0955005711407537,0.09015673156382234,HD 17206,0.885,1.21,8,8
HD 17206_0,2.0842059578239605,0.08593750224162267,HD 17206,0.885,1.21,8,8
HD 17206_0,2.0943270207081337,0.0865306787547723,HD 17206,0.885,1.21,8,8
HD 17206_0,2.091201061014885,0.08991087233888359,HD 17206,0.885,1.21,8,8
HD 17206_0,2.0872377459973133,0.0877404533430165,HD 17206,0.885,1.21,8,8
HD 17206_0,2.087628877648882,0.08780616021882721,HD 17206,0.885,1.21,8,8
HD 17206_0,2.0880468396401892,0.08659429772104633,HD 17206,0.885,1.21,8,8
HD 17206_0,2.0855593632441547,0.08981912595529783,HD 17206,0.885,1.21,8,8
HD 17206_0,2.0906329802372317,0.07780251745540849,HD 17206,0.885,1.21,8,8
HD 17206_0,2.0964491329255512,0.09181212821228966,HD 17206,0.885,1.21,8,8
HD 17206_0,2.086277120607485,0.09906314055144815,HD 17206,0.885,1.21,8,8
HD 17206_0,2.089197264235429,0.095610176669291,HD 17206,0.885,1.21,8,8
HD 17206_0,2.093315905592071,0.096579026297298,HD 17206,0.885,1.21,8,8
HD 17206_0,2.0849815523292685,0.08921947863257802,HD 17206,0.885,1.21,8,8
HD 17206_0,2.084063514660489,0.08688190569622599,HD 17206,0.885,1.21,8,8
HD 17206_0,2.0896229774713575,0.08154990878292505,HD 17206,0.885,1.21,8,8
HD 17206_0,2.090876534607624,0.08708941027386131,HD 17206,0.885,1.21,8,8
HD 17206_0,2.0939854506837023,0.08885561231687607,HD 17206,0.885,1.21,8,8
HD 17206_0,2.09607036183765,0.092498323879256,HD 17206,0.885,1.21,8,8
HD 17206_0,2.0911425259714593,0.08336625984577903,HD 17206,0.885,1.21,8,8
HD 17206_0,2.0876206030174833,0.08190546999179589,HD 17206,0.885,1.21,8,8
HD 17206_0,2.0852275467701125,0.09314940872746269,HD 17206,0.885,1.21,8,8
HD 17206_0,2.089087658171633,0.08710081407296887,HD 17206,0.885,1.21,8,8
HD 17206_0,2.086101756104244,0.08311086526786399,HD 17206,0.885,1.21,8,8
HD 17206_0,2.082645530850762,0.08034814666947675,HD 17206,0.885,1.21,8,8
HD 17206_0,2.0922569951148526,0.08585500628979988,HD 17206,0.885,1.21,8,8
HD 17206_0,2.0848157247989136,0.08135260421353631,HD 17206,0.885,1.21,8,8
HD 17206_0,2.0915065324732462,0.08874442422952003,HD 17206,0.885,1.21,8,8
HD 17206_0,2.0834175805679305,0.0982181359815609,HD 17206,0.885,1.21,8,8
HD 17206_0,2.088899091438362,0.09308600928623503,HD 17206,0.885,1.21,8,8
HD 17206_0,2.0875317905838724,0.08531165755656318,HD 17206,0.885,1.21,8,8
HD 17206_0,2.0855976085054966,0.07831981828416446,HD 17206,0.885,1.21,8,8
HD 17206_0,2.090520065487936,0.08185278667187856,HD 17206,0.885,1.21,8,8
HD 17206_0,2.085454179320319,0.08711103873538366,HD 17206,0.885,1.21,8,8
HD 17206_0,2.0838593307924715,0.08693833902849618,HD 17206,0.885,1.21,8,8
HD 17206_0,2.0939776819684814,0.08524628583932393,HD 17206,0.885,1.21,8,8
HD 17206_0,2.083932263553109,0.09047953462793508,HD 17206,0.885,1.21,8,8
HD 17206_0,2.0841375452929984,0.08182667394428175,HD 17206,0.885,1.21,8,8
HD 17206_0,2.0873977985203975,0.09856569709186325,HD 17206,0.885,1.21,8,8
HD 17206_0,2.0953343006844283,0.09723985035815255,HD 17206,0.885,1.21,8,8
HD 17206_0,2.089611291046658,0.09111594846391297,HD 17206,0.885,1.21,8,8
HD 17206_0,2.094019772461502,0.08834110021729231,HD 17206,0.885,1.21,8,8
HD 17206_0,2.088654489393272,0.08708180667202531,HD 17206,0.885,1.21,8,8
HD 17206_0,2.0860132715714874,0.09438448920371173,HD 17206,0.885,1.21,8,8
HD 17206_0,2.090119521915056,0.09349098784145782,HD 17206,0.885,1.21,8,8
HD 17206_0,2.0869766179406595,0.0817596516148013,HD 17206,0.885,1.21,8,8
HD 17206_0,2.0885089646930686,0.09468086177420189,HD 17206,0.885,1.21,8,8
HD 17206_0,2.0916651391508885,0.0847714025407191,HD 17206,0.885,1.21,8,8
HD 17206_0,2.0853591442106065,0.08173908968814636,HD 17206,0.885,1.21,8,8
HD 17206_0,2.086215526180789,0.09060935225549438,HD 17206,0.885,1.21,8,8
HD 17206_0,2.0932545564807565,0.09267277023253487,HD 17206,0.885,1.21,8,8
HD 17206_0,2.088708436878924,0.08029822158173269,HD 17206,0.885,1.21,8,8
HD 17206_0,2.0875871591145136,0.08653261204111723,HD 17206,0.885,1.21,8,8
HD 17206_0,2.0905096312769724,0.08051848660104237,HD 17206,0.885,1.21,8,8
HD 17206_0,2.086082586236394,0.09613213158170866,HD 17206,0.885,1.21,8,8
HD 17206_0,2.0927675861387387,0.08550258643084832,HD 17206,0.885,1.21,8,8
HD 17206_0,2.087532628464908,0.09942342289905208,HD 17206,0.885,1.21,8,8
HD 17206_0,2.0819595148201873,0.08710934675552244,HD 17206,0.885,1.21,8,8
HD 17206_0,2.0925547093746006,0.08470470428708819,HD 17206,0.885,1.21,8,8
HD 17206_0,2.0890478772570127,0.0905720345884602,HD 17206,0.885,1.21,8,8
HD 17206_0,2.088068557667875,0.08687005383436477,HD 17206,0.885,1.21,8,8
HD 17206_0,2.09017628153153,0.09787376697945326,HD 17206,0.885,1.21,8,8
HD 17206_0,2.0842421313212434,0.07960830995410191,HD 17206,0.885,1.21,8,8
HD 17206_0,2.0870024846516904,0.08780698398304583,HD 17206,0.885,1.21,8,8
HD 17206_0,2.0820759832212006,0.09230515647284764,HD 17206,0.885,1.21,8,8
HD 17206_0,2.0848590473257333,0.09213542377214785,HD 17206,0.885,1.21,8,8
HD 17206_0,2.091631693376188,0.08410264821509632,HD 17206,0.885,1.21,8,8
HD 17206_0,2.0919903857618487,0.09384125816926805,HD 17206,0.885,1.21,8,8
HD 17206_0,2.080709627619378,0.09322633963024712,HD 17206,0.885,1.21,8,8
HD 17206_0,2.0824232881569205,0.08904714527132426,HD 17206,0.885,1.21,8,8
HD 17206_0,2.0931916801382093,0.08722627361837934,HD 17206,0.885,1.21,8,8
HD 17206_0,2.0894564894138417,0.082915287756924,HD 17206,0.885,1.21,8,8
HD 17206_0,2.090060507466299,0.08924037445723557,HD 17206,0.885,1.21,8,8
HD 17206_0,2.0862777565562136,0.08743536696001052,HD 17206,0.885,1.21,8,8
HD 17206_0,2.084073504890517,0.08207075206950537,HD 17206,0.885,1.21,8,8
HD 17206_0,2.086074196410338,0.09414975817225336,HD 17206,0.885,1.21,8,8
HD 17206_0,2.0871892252009827,0.07814871613169484,HD 17206,0.885,1.21,8,8
HD 17206_0,2.088989296953214,0.0968603237898809,HD 17206,0.885,1.21,8,8
HD 17206_0,2.0919902039123994,0.09033918834307958,HD 17206,0.885,1.21,8,8
HD 17206_0,2.0980860852891485,0.09175949168516995,HD 17206,0.885,1.21,8,8
HD 17206_0,2.0906360558812485,0.08449733587741337,HD 17206,0.885,1.21,8,8
HD 17206_0,2.0876678699747884,0.09134071773731792,HD 17206,0.885,1.21,8,8
HD 17206_0,2.0834640859120053,0.09631824353639264,HD 17206,0.885,1.21,8,8
HD 17206_0,2.0844953320125006,0.09430868302528958,HD 17206,0.885,1.21,8,8
HD 17206_0,2.0912900388925775,0.08709180304205606,HD 17206,0.885,1.21,8,8
HD 17206_0,2.0892125158182346,0.08847008147756767,HD 17206,0.885,1.21,8,8
HD 17206_0,2.0853660334870554,0.08206651159211188,HD 17206,0.885,1.21,8,8
HD 17206_0,2.0902322510344518,0.0846757920652168,HD 17206,0.885,1.21,8,8
HD 17206_0,2.090886702735098,0.09497837993726704,HD 17206,0.885,1.21,8,8
HD 17206_0,2.0855876109658,0.08880090179293404,HD 17206,0.885,1.21,8,8
HD 17206_0,2.090227005512326,0.08565770030771544,HD 17206,0.885,1.21,8,8
HD 17206_0,2.0818175159441497,0.08653379457898921,HD 17206,0.885,1.21,8,8
HD 17206_0,2.0867490309736536,0.08820627650835378,HD 17206,0.885,1.21,8,8
HD 17206_0,2.092112149338719,0.08632542658168273,HD 17206,0.885,1.21,8,8
HD 17206_0,2.0862314861552664,0.08925324322306762,HD 17206,0.885,1.21,8,8
HD 17206_0,2.0869305408976597,0.09015153604614747,HD 17206,0.885,1.21,8,8
HD 17206_0,2.0824523234000485,0.09073342799248396,HD 17206,0.885,1.21,8,8
HD 17206_0,2.0856911171137877,0.0885736989590232,HD 17206,0.885,1.21,8,8
HD 17206_0,2.09093453700517,0.07746951889795244,HD 17206,0.885,1.21,8,8
HD 17206_0,2.0854085775731135,0.07737167099929904,HD 17206,0.885,1.21,8,8
HD 17206_0,2.0934937413773556,0.07958174640943926,HD 17206,0.885,1.21,8,8
HD 17206_0,2.0931007720724715,0.08852178515401775,HD 17206,0.885,1.21,8,8
HD 17206_0,2.0882741687122217,0.08748762715657256,HD 17206,0.885,1.21,8,8
HD 17206_0,2.0870986924749113,0.09152106831484202,HD 17206,0.885,1.21,8,8
HD 17206_0,2.090075117669391,0.09082257097872813,HD 17206,0.885,1.21,8,8
HD 17206_0,2.0785524155400763,0.09110161764238772,HD 17206,0.885,1.21,8,8
HD 17206_0,2.0818654193442105,0.0828173330893908,HD 17206,0.885,1.21,8,8
HD 17206_0,2.0913218982901545,0.08783492998204742,HD 17206,0.885,1.21,8,8
HD 17206_0,2.0985610577076304,0.0860171709301602,HD 17206,0.885,1.21,8,8
HD 17206_0,2.0921028400961137,0.08864593464310247,HD 17206,0.885,1.21,8,8
HD 17206_0,2.09178331557713,0.08660275349436475,HD 17206,0.885,1.21,8,8
HD 17206_0,2.09352731118943,0.08455832556303826,HD 17206,0.885,1.21,8,8
HD 17206_0,2.0826119859949976,0.09312794825810004,HD 17206,0.885,1.21,8,8
HD 17206_0,2.0927993532477647,0.0863058852910495,HD 17206,0.885,1.21,8,8
HD 17206_0,2.08782801584121,0.09083284185973274,HD 17206,0.885,1.21,8,8
HD 17206_0,2.089973967418986,0.08325030061389141,HD 17206,0.885,1.21,8,8
HD 17206_0,2.0867147204522856,0.09181004607987833,HD 17206,0.885,1.21,8,8
HD 17206_0,2.083949820247826,0.08008692817444364,HD 17206,0.885,1.21,8,8
HD 17206_0,2.0825760879523174,0.09207878259642746,HD 17206,0.885,1.21,8,8
HD 17206_0,2.0818240429205246,0.08197139635377079,HD 17206,0.885,1.21,8,8
HD 17206_0,2.0939582775483583,0.09103009995560266,HD 17206,0.885,1.21,8,8
HD 17206_0,2.089478979004285,0.09715226684800125,HD 17206,0.885,1.21,8,8
HD 17206_0,2.093527081548617,0.08464863983644662,HD 17206,0.885,1.21,8,8
HD 17206_0,2.0878884281167824,0.10124187213326931,HD 17206,0.885,1.21,8,8
HD 17206_0,2.084605385687785,0.08636787584260994,HD 17206,0.885,1.21,8,8
HD 17206_0,2.090153883674275,0.09045492316010137,HD 17206,0.885,1.21,8,8
HD 17206_0,2.095021215684453,0.07869782101903292,HD 17206,0.885,1.21,8,8
HD 17206_0,2.080083170357133,0.08551608021605689,HD 17206,0.885,1.21,8,8
HD 17206_0,2.0891623502201764,0.07915564260119391,HD 17206,0.885,1.21,8,8
HD 17206_0,2.087051851337632,0.09206363401565365,HD 17206,0.885,1.21,8,8
HD 17206_0,2.093506002078287,0.0792243063297098,HD 17206,0.885,1.21,8,8
HD 17206_0,2.0881345046996893,0.10039133098430937,HD 17206,0.885,1.21,8,8
HD 17206_0,2.093478072607201,0.09680680654203251,HD 17206,0.885,1.21,8,8
HD 17206_0,2.083900058131982,0.07467745401169185,HD 17206,0.885,1.21,8,8
HD 17206_0,2.0875760687441356,0.09747174852752738,HD 17206,0.885,1.21,8,8
HD 17206_0,2.0823905867156967,0.08949844874637466,HD 17206,0.885,1.21,8,8
HD 17206_0,2.0856526457647044,0.08076216055835632,HD 17206,0.885,1.21,8,8
HD 17206_0,2.0886709322830934,0.09608270666788749,HD 17206,0.885,1.21,8,8
HD 17206_0,2.0890619021751826,0.07949700718872836,HD 17206,0.885,1.21,8,8
HD 17206_0,2.090679823394308,0.07978950280034616,HD 17206,0.885,1.21,8,8
HD 17206_0,2.0913621937955718,0.09051744416428896,HD 17206,0.885,1.21,8,8
HD 17206_0,2.0871383598511373,0.08240559541089491,HD 17206,0.885,1.21,8,8
HD 17206_0,2.0851049171845557,0.08417570124082173,HD 17206,0.885,1.21,8,8
HD 17206_0,2.0892074358213715,0.08800445550345451,HD 17206,0.885,1.21,8,8
HD 17206_0,2.090439865261782,0.09215083015532718,HD 17206,0.885,1.21,8,8
HD 17206_0,2.0876002744509328,0.08084079741694163,HD 17206,0.885,1.21,8,8
HD 17206_0,2.0870416504723805,0.09466130192288034,HD 17206,0.885,1.21,8,8
HD 17206_0,2.0901514775055925,0.08270918422734802,HD 17206,0.885,1.21,8,8
HD 17206_0,2.085277210550043,0.08719705945249308,HD 17206,0.885,1.21,8,8
HD 17206_0,2.09678515582183,0.09047811780997095,HD 17206,0.885,1.21,8,8
HD 17206_0,2.09355536282572,0.08001211258520995,HD 17206,0.885,1.21,8,8
HD 17206_0,2.0883521515931514,0.08435808412972488,HD 17206,0.885,1.21,8,8
HD 17206_0,2.079841934577383,0.09717822686606464,HD 17206,0.885,1.21,8,8
HD 17206_0,2.0883258266070555,0.09322938231728047,HD 17206,0.885,1.21,8,8
HD 17206_0,2.090309644078053,0.08960459438975824,HD 17206,0.885,1.21,8,8
HD 17206_0,2.085102555155616,0.09743052640728644,HD 17206,0.885,1.21,8,8
HD 17206_0,2.0804872175422764,0.08760226383433789,HD 17206,0.885,1.21,8,8
HD 17206_0,2.09103793163759,0.08558607795949229,HD 17206,0.885,1.21,8,8
HD 17206_0,2.088239552519845,0.08980295455893235,HD 17206,0.885,1.21,8,8
HD 17206_0,2.089213269895553,0.09495214028945186,HD 17206,0.885,1.21,8,8
HD 17206_0,2.086933438288096,0.07623740711497283,HD 17206,0.885,1.21,8,8
HD 17206_0,2.0932500083054384,0.09102600528177479,HD 17206,0.885,1.21,8,8
HD 17206_0,2.0849713518000046,0.08871602454199728,HD 17206,0.885,1.21,8,8
HD 17206_0,2.093309195952203,0.0904289169594182,HD 17206,0.885,1.21,8,8
HD 17206_0,2.0880629666166866,0.08698143476830271,HD 17206,0.885,1.21,8,8
HD 17206_0,2.099285969424035,0.08741751830850764,HD 17206,0.885,1.21,8,8
HD 17206_0,2.0836520249157737,0.09512926317221101,HD 17206,0.885,1.21,8,8
HD 17206_0,2.084079503507868,0.0896032861571022,HD 17206,0.885,1.21,8,8
HD 17206_0,2.089385692099897,0.0865378671176676,HD 17206,0.885,1.21,8,8
HD 17206_0,2.0908804333848354,0.09070239416531367,HD 17206,0.885,1.21,8,8
HD 17206_0,2.0872891625700043,0.08612127355405169,HD 17206,0.885,1.21,8,8
HD 17206_0,2.092353024321857,0.09338522126573834,HD 17206,0.885,1.21,8,8
HD 17206_0,2.093150667301547,0.08566468984575294,HD 17206,0.885,1.21,8,8
HD 17206_0,2.095230399189797,0.08891146730284685,HD 17206,0.885,1.21,8,8
HD 17206_0,2.0773970710557106,0.08932939106324728,HD 17206,0.885,1.21,8,8
HD 17206_0,2.0917084477930032,0.08801036251630263,HD 17206,0.885,1.21,8,8
HD 17206_0,2.0904798853218693,0.08599973889367436,HD 17206,0.885,1.21,8,8
HD 17206_0,2.0785524155400763,0.09110161764238772,HD 17206,0.885,1.21,8,8
HD 17206_0,2.0909818427300175,0.08917097201861668,HD 17206,0.885,1.21,8,8
HD 17206_0,2.0919076670018737,0.08896188113442174,HD 17206,0.885,1.21,8,8
HD 17206_0,2.0913878868481515,0.08052857764088232,HD 17206,0.885,1.21,8,8
HD 17206_0,2.0835709734775136,0.09685708306875741,HD 17206,0.885,1.21,8,8
HD 17206_0,2.081568891392972,0.09528680889375701,HD 17206,0.885,1.21,8,8
HD 17206_0,2.0845470076633377,0.08693978348846843,HD 17206,0.885,1.21,8,8
HD 17206_0,2.0954976053388767,0.08245189948472363,HD 17206,0.885,1.21,8,8
HD 17206_0,2.087037036237486,0.08946886760687713,HD 17206,0.885,1.21,8,8
HD 17206_0,2.0861166681089904,0.07663286809627345,HD 17206,0.885,1.21,8,8
HD 17206_0,2.0899715560663314,0.09328155791795022,HD 17206,0.885,1.21,8,8
HD 17206_0,2.08304362287668,0.08318313145408707,HD 17206,0.885,1.21,8,8
HD 17206_0,2.0842041757974514,0.09218123573459343,HD 17206,0.885,1.21,8,8
HD 17206_0,2.0897907955428443,0.07954959284155554,HD 17206,0.885,1.21,8,8
HD 17206_0,2.0869620499618526,0.08812821215227133,HD 17206,0.885,1.21,8,8
HD 17206_0,2.090301866121093,0.08221414543299059,HD 17206,0.885,1.21,8,8
HD 17206_0,2.0875128755831818,0.0884941134554967,HD 17206,0.885,1.21,8,8
HD 17206_0,2.0930258971460365,0.08314290007888805,HD 17206,0.885,1.21,8,8
HD 17206_0,2.081738527915059,0.0984599346396033,HD 17206,0.885,1.21,8,8
HD 17206_0,2.0870758830243186,0.07752064942798123,HD 17206,0.885,1.21,8,8
HD 17206_0,2.098136996279445,0.08451270550402741,HD 17206,0.885,1.21,8,8
HD 17206_0,2.0871484037198225,0.08732556918829609,HD 17206,0.885,1.21,8,8
HD 17206_0,2.0821662902948233,0.08845199066870273,HD 17206,0.885,1.21,8,8
HD 17206_0,2.0897142704459033,0.07742058343806048,HD 17206,0.885,1.21,8,8
HD 17206_0,2.094416973550463,0.08430826080899416,HD 17206,0.885,1.21,8,8
HD 17206_0,2.0815649268723226,0.08160413081575446,HD 17206,0.885,1.21,8,8
HD 17206_0,2.0923873042736756,0.08920662844842338,HD 17206,0.885,1.21,8,8
HD 17206_0,2.0837437952211544,0.0782905406668234,HD 17206,0.885,1.21,8,8
HD 17206_0,2.092994605750596,0.08550121653258425,HD 17206,0.885,1.21,8,8
HD 17206_0,2.0815989351532074,0.0886195291015459,HD 17206,0.885,1.21,8,8
HD 17206_0,2.0915658722111727,0.08325622411478946,HD 17206,0.885,1.21,8,8
HD 17206_0,2.083325850122638,0.07737833800101276,HD 17206,0.885,1.21,8,8
HD 17206_0,2.091790053307313,0.0926750373268152,HD 17206,0.885,1.21,8,8
HD 17206_0,2.0880103735654894,0.08093094727817751,HD 17206,0.885,1.21,8,8
HD 17206_0,2.0936751667808235,0.09635949030249545,HD 17206,0.885,1.21,8,8
HD 17206_0,2.084136660622439,0.09318898835847289,HD 17206,0.885,1.21,8,8
HD 17206_0,2.087397670065239,0.09241089194340472,HD 17206,0.885,1.21,8,8
HD 17206_0,2.0951894522894534,0.08973116828137132,HD 17206,0.885,1.21,8,8
HD 17206_0,2.0876443875711033,0.09474290009026808,HD 17206,0.885,1.21,8,8
HD 17206_0,2.083949759893007,0.09300462242304763,HD 17206,0.885,1.21,8,8
HD 17206_0,2.082488347108351,0.09012547211567534,HD 17206,0.885,1.21,8,8
HD 17206_0,2.089597434480546,0.08978816079731537,HD 17206,0.885,1.21,8,8
HD 17206_0,2.0835211464084105,0.08611290237965057,HD 17206,0.885,1.21,8,8
HD 17206_0,2.086472257689043,0.0909967924947542,HD 17206,0.885,1.21,8,8
HD 17206_0,2.088609661240179,0.08610677865887507,HD 17206,0.885,1.21,8,8
HD 17206_0,2.0889477875099467,0.0991425433158167,HD 17206,0.885,1.21,8,8
HD 17206_0,2.0847862114060596,0.096076432036211,HD 17206,0.885,1.21,8,8
HD 17206_0,2.095091909872237,0.08545644088366894,HD 17206,0.885,1.21,8,8
HD 17206_0,2.0874567949677054,0.08928445550583043,HD 17206,0.885,1.21,8,8
HD 17206_0,2.096300281590024,0.09070994151812903,HD 17206,0.885,1.21,8,8
HD 17206_0,2.0823183804512717,0.08324471423012908,HD 17206,0.885,1.21,8,8
HD 17206_0,2.0832060398476373,0.09194195665437799,HD 17206,0.885,1.21,8,8
HD 17206_0,2.0822887927350764,0.07978055625726496,HD 17206,0.885,1.21,8,8
HD 17206_0,2.085565510382167,0.08777987512517077,HD 17206,0.885,1.21,8,8
HD 17206_0,2.084978477606,0.08254386597167263,HD 17206,0.885,1.21,8,8
HD 17206_0,2.0856497892208012,0.0890522229684863,HD 17206,0.885,1.21,8,8
HD 17206_0,2.083797654004179,0.08999283818487515,HD 17206,0.885,1.21,8,8
HD 17206_0,2.0853312308275553,0.08737124153436271,HD 17206,0.885,1.21,8,8
HD 17206_0,2.088535899357157,0.09208687339137232,HD 17206,0.885,1.21,8,8
HD 17206_0,2.089556175649361,0.09362575556893742,HD 17206,0.885,1.21,8,8
HD 17206_0,2.089432074252038,0.0854255840600618,HD 17206,0.885,1.21,8,8
HD 17206_0,2.080825049104209,0.07759992555678458,HD 17206,0.885,1.21,8,8
HD 17206_0,2.0810166265378025,0.08886622477025775,HD 17206,0.885,1.21,8,8
HD 17206_0,2.0869694035090647,0.08980020403742038,HD 17206,0.885,1.21,8,8
HD 17206_0,2.09286453281226,0.09524911006116449,HD 17206,0.885,1.21,8,8
HD 17206_0,2.0868591508776926,0.08835052126094747,HD 17206,0.885,1.21,8,8
HD 17206_0,2.085589679155386,0.08367998113053227,HD 17206,0.885,1.21,8,8
HD 17206_0,2.0926804388711324,0.08933992782815281,HD 17206,0.885,1.21,8,8
HD 17206_0,2.0851528637675307,0.08924789904422022,HD 17206,0.885,1.21,8,8
HD 17206_0,2.097976459444342,0.08575835376929068,HD 17206,0.885,1.21,8,8
HD 17206_0,2.083136081290683,0.08397290638981349,HD 17206,0.885,1.21,8,8
HD 17206_0,2.086739112535641,0.07547617802423008,HD 17206,0.885,1.21,8,8
HD 17206_0,2.09346761500584,0.07998688184930364,HD 17206,0.885,1.21,8,8
HD 17206_0,2.0867429951321466,0.0912987524894927,HD 17206,0.885,1.21,8,8
HD 17206_0,2.0899525806714423,0.08812579951022301,HD 17206,0.885,1.21,8,8
HD 17206_0,2.0944498820826447,0.08676969124801,HD 17206,0.885,1.21,8,8
HD 17206_0,2.086859724454526,0.08156117152844145,HD 17206,0.885,1.21,8,8
HD 17206_0,2.0862001962644614,0.09456312370368915,HD 17206,0.885,1.21,8,8
HD 17206_0,2.0877813246520973,0.08550341914113288,HD 17206,0.885,1.21,8,8
HD 17206_0,2.0885937060638518,0.09404584630682399,HD 17206,0.885,1.21,8,8
HD 17206_0,2.0920308515030657,0.09580594309206864,HD 17206,0.885,1.21,8,8
HD 17206_0,2.08050668212672,0.07747241927750252,HD 17206,0.885,1.21,8,8
HD 17206_0,2.0877938215551475,0.0816357375764306,HD 17206,0.885,1.21,8,8
HD 17206_0,2.0873665793882226,0.08479210580493791,HD 17206,0.885,1.21,8,8
HD 17206_0,2.0816826266169746,0.09371553120473926,HD 17206,0.885,1.21,8,8
HD 17206_0,2.0913200960725753,0.08506730426630928,HD 17206,0.885,1.21,8,8
HD 17206_0,2.088963534062311,0.09319661507234511,HD 17206,0.885,1.21,8,8
HD 17206_0,2.090346174798468,0.08830800410621802,HD 17206,0.885,1.21,8,8
HD 17206_0,2.0860422741948756,0.09220335869415537,HD 17206,0.885,1.21,8,8
HD 17206_0,2.090898839936957,0.08101826096932487,HD 17206,0.885,1.21,8,8
HD 17206_0,2.0882527189032207,0.08864849524050994,HD 17206,0.885,1.21,8,8
HD 17206_0,2.0820356115192826,0.0862433800563733,HD 17206,0.885,1.21,8,8
HD 17206_0,2.0895173060061443,0.0923781694079223,HD 17206,0.885,1.21,8,8
HD 17206_0,2.0846564612968863,0.08323038902540873,HD 17206,0.885,1.21,8,8
HD 17206_0,2.0929546386927114,0.09106102746887904,HD 17206,0.885,1.21,8,8
HD 17206_0,2.087655748564813,0.0898861409964624,HD 17206,0.885,1.21,8,8
HD 17206_0,2.0845280219936697,0.08556567502718916,HD 17206,0.885,1.21,8,8
HD 17206_0,2.0928734929962913,0.0934349760997898,HD 17206,0.885,1.21,8,8
HD 17206_0,2.085665174252138,0.09143632436010549,HD 17206,0.885,1.21,8,8
HD 17206_0,2.082130751425616,0.08793979401225657,HD 17206,0.885,1.21,8,8
HD 17206_0,2.0881462817371843,0.09269237499772423,HD 17206,0.885,1.21,8,8
HD 17206_0,2.085310204375916,0.09307630262554176,HD 17206,0.885,1.21,8,8
HD 17206_0,2.088450602998891,0.08154017392359489,HD 17206,0.885,1.21,8,8
HD 17206_0,2.0944842360432,0.08887562581774851,HD 17206,0.885,1.21,8,8
HD 17206_0,2.0838059853133153,0.08436466320939819,HD 17206,0.885,1.21,8,8
HD 17206_0,2.0965371053586814,0.09311441305378833,HD 17206,0.885,1.21,8,8
HD 17206_0,2.08515286938351,0.09387526659033499,HD 17206,0.885,1.21,8,8
HD 17206_0,2.090689658200666,0.09116843519360347,HD 17206,0.885,1.21,8,8
HD 17206_0,2.092603392082579,0.08668519671513628,HD 17206,0.885,1.21,8,8
HD 17206_0,2.0885162520521297,0.09325707776461732,HD 17206,0.885,1.21,8,8
HD 17206_0,2.093578241970134,0.09222950526718193,HD 17206,0.885,1.21,8,8
HD 17206_0,2.0873369531723376,0.08077820433959068,HD 17206,0.885,1.21,8,8
HD 17206_0,2.0840986775859376,0.0888051136636459,HD 17206,0.885,1.21,8,8
HD 17206_0,2.087148122958828,0.093288522207072,HD 17206,0.885,1.21,8,8
HD 17206_0,2.088702701724323,0.09983105817192298,HD 17206,0.885,1.21,8,8
HD 17206_0,2.0884102764173367,0.08435480147211047,HD 17206,0.885,1.21,8,8
HD 17206_0,2.0878153873447918,0.08788365174126234,HD 17206,0.885,1.21,8,8
HD 17206_0,2.090519315327582,0.09282062164959835,HD 17206,0.885,1.21,8,8
HD 17206_0,2.0872654287679273,0.0849487795104178,HD 17206,0.885,1.21,8,8
HD 17206_0,2.090860838297629,0.08959110959831294,HD 17206,0.885,1.21,8,8
HD 17206_0,2.08680489708651,0.09674682943167319,HD 17206,0.885,1.21,8,8
HD 17206_0,2.0879467807418606,0.09042416253748865,HD 17206,0.885,1.21,8,8
HD 17206_0,2.089761028865217,0.08589371429718735,HD 17206,0.885,1.21,8,8
HD 17206_0,2.090196575445402,0.08722501797700134,HD 17206,0.885,1.21,8,8
HD 17206_0,2.0886978158059595,0.08656967948504675,HD 17206,0.885,1.21,8,8
HD 17206_0,2.0833571885438067,0.08822076639512533,HD 17206,0.885,1.21,8,8
HD 17206_0,2.0887743539927293,0.09074650714856733,HD 17206,0.885,1.21,8,8
HD 17206_0,2.086010756294466,0.08751405799865741,HD 17206,0.885,1.21,8,8
HD 17206_0,2.0968226228353566,0.07971031134644606,HD 17206,0.885,1.21,8,8
HD 17206_0,2.0898897781151486,0.07998080616835938,HD 17206,0.885,1.21,8,8
HD 17206_0,2.085753604173554,0.09251210201244067,HD 17206,0.885,1.21,8,8
HD 17206_0,2.089949377774103,0.09686138664051425,HD 17206,0.885,1.21,8,8
HD 17206_0,2.0948198868432564,0.08930560938800564,HD 17206,0.885,1.21,8,8
HD 17206_0,2.087103692966019,0.08731788975089917,HD 17206,0.885,1.21,8,8
HD 17206_0,2.0853380400524917,0.09431848353612546,HD 17206,0.885,1.21,8,8
HD 17206_0,2.0955398807385563,0.09846783665672536,HD 17206,0.885,1.21,8,8
HD 17206_0,2.0877645454164577,0.09176122300459652,HD 17206,0.885,1.21,8,8
HD 17206_0,2.086312310341634,0.09752655861662465,HD 17206,0.885,1.21,8,8
HD 17206_0,2.0846484227642166,0.07903724676774114,HD 17206,0.885,1.21,8,8
HD 17206_0,2.0901475140896912,0.09266126134563042,HD 17206,0.885,1.21,8,8
HD 17206_0,2.088893240546531,0.09085081810657812,HD 17206,0.885,1.21,8,8
HD 17206_0,2.0867764028097344,0.08162117667959057,HD 17206,0.885,1.21,8,8
HD 17206_0,2.084242732285242,0.0853755983278862,HD 17206,0.885,1.21,8,8
HD 17206_0,2.091692570487237,0.08980217551296907,HD 17206,0.885,1.21,8,8
HD 17206_0,2.0981871889575268,0.08906413777525538,HD 17206,0.885,1.21,8,8
HD 17206_0,2.0934864396703716,0.08757168795129891,HD 17206,0.885,1.21,8,8
HD 17206_0,2.090013675834765,0.09425084193321893,HD 17206,0.885,1.21,8,8
HD 17206_0,2.084755673282359,0.0842526136574445,HD 17206,0.885,1.21,8,8
HD 17206_0,2.0950635445546566,0.09447666573829801,HD 17206,0.885,1.21,8,8
HD 17206_0,2.0977496326932643,0.08805258633587618,HD 17206,0.885,1.21,8,8
HD 17206_0,2.091709222995279,0.08646114460301745,HD 17206,0.885,1.21,8,8
HD 17206_0,2.0930112383916564,0.0915845163366787,HD 17206,0.885,1.21,8,8
HD 128620_0,0.6785733741134058,0.6392488867812381,HD 128620,0.945,1.11,8,2
HD 128620_0,0.6990765042655459,0.08519990826396735,HD 128620,0.945,1.11,8,2
HD 128620_0,1.1448116513727928,0.24530395179455391,HD 128620,0.945,1.11,8,2
HD 128620_0,0.3334708544193853,0.5145734297686225,HD 128620,0.945,1.11,8,2
HD 128620_0,0.4120884848848786,0.5140956409668349,HD 128620,0.945,1.11,8,2
HD 128620_0,0.46502664128606663,0.3567087953223464,HD 128620,0.945,1.11,8,2
HD 128620_0,0.4654037355578343,0.10295923406781392,HD 128620,0.945,1.11,8,2
HD 128620_0,0.4635403983467497,0.7436993390325938,HD 128620,0.945,1.11,8,2
HD 128620_0,0.4674597586336688,0.2497278319214877,HD 128620,0.945,1.11,8,2
HD 128620_0,0.37592285934769504,0.601650005828407,HD 128620,0.945,1.11,8,2
HD 128620_0,1.1656754980954545,0.1785567353198906,HD 128620,0.945,1.11,8,2
HD 128620_0,2.0023679730266357,0.10258955241420349,HD 128620,0.945,1.11,8,2
HD 128620_0,0.6108116830218066,0.3455034799270386,HD 128620,0.945,1.11,8,2
HD 128620_0,0.6667292352382362,0.09649048075070256,HD 128620,0.945,1.11,8,2
HD 128620_0,0.6136192131761454,0.10696191900646575,HD 128620,0.945,1.11,8,2
HD 128620_0,0.9987719914516281,0.16812851902265671,HD 128620,0.945,1.11,8,2
HD 128620_0,0.29185848270804593,0.5322841486673492,HD 128620,0.945,1.11,8,2
HD 128620_0,0.5975726875062156,0.011194914306481018,HD 128620,0.945,1.11,8,2
HD 128620_0,0.3589332449748628,0.5919798668166414,HD 128620,0.945,1.11,8,2
HD 128620_0,0.4019101752582155,0.2626536736892866,HD 128620,0.945,1.11,8,2
HD 128620_0,0.2611557350898775,0.8244833835268089,HD 128620,0.945,1.11,8,2
HD 128620_0,0.9369726134775939,0.05655442937982628,HD 128620,0.945,1.11,8,2
HD 128620_0,0.41240166298172726,0.8934929041435037,HD 128620,0.945,1.11,8,2
HD 128620_0,0.44941903839618946,0.45149154023203025,HD 128620,0.945,1.11,8,2
HD 128620_0,0.33748223108165043,0.3784900507043106,HD 128620,0.945,1.11,8,2
HD 128620_0,0.9350025949987818,0.19627986422173052,HD 128620,0.945,1.11,8,2
HD 128620_0,0.6763074407070303,0.38925054165879863,HD 128620,0.945,1.11,8,2
HD 128620_0,0.39634023755593584,0.7336671392596744,HD 128620,0.945,1.11,8,2
HD 128620_0,0.20125586798915582,0.9250951353707454,HD 128620,0.945,1.11,8,2
HD 128620_0,0.5070406001976205,0.07526295987629432,HD 128620,0.945,1.11,8,2
HD 128620_0,0.29160853456715435,0.7168958758575593,HD 128620,0.945,1.11,8,2
HD 128620_0,0.4015750106350133,0.24087384633260575,HD 128620,0.945,1.11,8,2
HD 128620_0,0.6207776186134536,0.05746954333127868,HD 128620,0.945,1.11,8,2
HD 128620_0,0.5980774160484682,0.009346403833786975,HD 128620,0.945,1.11,8,2
HD 128620_0,0.619661947914085,0.07232263094520712,HD 128620,0.945,1.11,8,2
HD 128620_0,0.9403606640745328,0.19607798340378044,HD 128620,0.945,1.11,8,2
HD 128620_0,0.6223120629958957,0.08131201783060701,HD 128620,0.945,1.11,8,2
HD 128620_0,0.8377124863515444,0.0260147551194762,HD 128620,0.945,1.11,8,2
HD 128620_0,0.37207271169938766,0.2708599859037115,HD 128620,0.945,1.11,8,2
HD 128620_0,0.5260466633838828,0.20526822620207907,HD 128620,0.945,1.11,8,2
HD 128620_0,0.6629799966295092,0.31373341766546864,HD 128620,0.945,1.11,8,2
HD 128620_0,0.6052658806064707,0.05462178681509742,HD 128620,0.945,1.11,8,2
HD 128620_0,1.0022126411948542,0.04621251025927599,HD 128620,0.945,1.11,8,2
HD 128620_0,0.293672260965685,0.5559702815578422,HD 128620,0.945,1.11,8,2
HD 128620_0,0.47170273182807543,0.4127349132040736,HD 128620,0.945,1.11,8,2
HD 128620_0,0.7361636830720243,0.22772813110534557,HD 128620,0.945,1.11,8,2
HD 128620_0,0.2902675531157455,0.5316909920658036,HD 128620,0.945,1.11,8,2
HD 128620_0,0.5040719583966206,0.05791813674741406,HD 128620,0.945,1.11,8,2
HD 128620_0,1.845265064314093,0.2948163028615956,HD 128620,0.945,1.11,8,2
HD 128620_0,0.8765082234660926,0.2925786985436536,HD 128620,0.945,1.11,8,2
HD 128620_0,0.6696252885865612,0.13641230365405804,HD 128620,0.945,1.11,8,2
HD 128620_0,0.6248644689467372,0.2631144194002671,HD 128620,0.945,1.11,8,2
HD 128620_0,0.6114353399397696,0.08203868462091116,HD 128620,0.945,1.11,8,2
HD 128620_0,0.3100001545805068,0.45695804056754696,HD 128620,0.945,1.11,8,2
HD 128620_0,0.923269978491475,0.4535638230463976,HD 128620,0.945,1.11,8,2
HD 128620_0,0.40033143395838516,0.29135845412059486,HD 128620,0.945,1.11,8,2
HD 128620_0,0.4695121707621848,0.3230378638604123,HD 128620,0.945,1.11,8,2
HD 128620_0,0.6228358499071308,0.049113126719400615,HD 128620,0.945,1.11,8,2
HD 128620_0,0.849293805683512,0.0552074929412394,HD 128620,0.945,1.11,8,2
HD 128620_0,0.9990040525178958,0.06420973468843112,HD 128620,0.945,1.11,8,2
HD 128620_0,0.6859785083083701,0.31675277673200586,HD 128620,0.945,1.11,8,2
HD 128620_0,0.3079878622045907,0.4917243791009239,HD 128620,0.945,1.11,8,2
HD 128620_0,0.2875693952648751,0.8753621398122626,HD 128620,0.945,1.11,8,2
HD 128620_0,0.66547443732565,0.23828188459899993,HD 128620,0.945,1.11,8,2
HD 128620_0,0.4650047498119543,0.10823423831571534,HD 128620,0.945,1.11,8,2
HD 128620_0,0.6717018105049516,0.3558527154313175,HD 128620,0.945,1.11,8,2
HD 128620_0,0.6262468822374827,0.2651608545155246,HD 128620,0.945,1.11,8,2
HD 128620_0,1.8712459086266067,0.1090595919051893,HD 128620,0.945,1.11,8,2
HD 128620_0,0.39782405651524744,0.5061495250929445,HD 128620,0.945,1.11,8,2
HD 128620_0,0.617807339916121,0.5335893349066614,HD 128620,0.945,1.11,8,2
HD 128620_0,0.6676647881982505,0.07844081591977523,HD 128620,0.945,1.11,8,2
HD 128620_0,0.6678552894495202,0.08876988399747092,HD 128620,0.945,1.11,8,2
HD 128620_0,0.6000951837239572,0.011067861575526772,HD 128620,0.945,1.11,8,2
HD 128620_0,0.5463858712399419,0.4791531120748178,HD 128620,0.945,1.11,8,2
HD 128620_0,0.43484673522252026,0.41774311772590333,HD 128620,0.945,1.11,8,2
HD 128620_0,0.2685702435844175,0.683131182621681,HD 128620,0.945,1.11,8,2
HD 128620_0,0.3652128480958165,0.4759086404874981,HD 128620,0.945,1.11,8,2
HD 128620_0,0.6634649015092233,0.28468220573214587,HD 128620,0.945,1.11,8,2
HD 128620_0,0.6749418457748211,0.9203916107289236,HD 128620,0.945,1.11,8,2
HD 128620_0,0.6169141317504879,0.14734533670456015,HD 128620,0.945,1.11,8,2
HD 128620_0,0.41442254716618143,0.3652651479060465,HD 128620,0.945,1.11,8,2
HD 128620_0,0.6182542182024817,0.8044381123815424,HD 128620,0.945,1.11,8,2
HD 128620_0,0.601392854106622,0.02590889870553685,HD 128620,0.945,1.11,8,2
HD 128620_0,0.5775691395877259,0.16732835723199765,HD 128620,0.945,1.11,8,2
HD 128620_0,1.8709033371127473,0.25850506584236055,HD 128620,0.945,1.11,8,2
HD 128620_0,0.26888542545273664,0.7723827171690544,HD 128620,0.945,1.11,8,2
HD 128620_0,0.6024479028074821,0.05786004052089657,HD 128620,0.945,1.11,8,2
HD 128620_0,0.31228687462913707,0.5886627919525446,HD 128620,0.945,1.11,8,2
HD 128620_0,0.7201755682117791,0.13014070838496566,HD 128620,0.945,1.11,8,2
HD 128620_0,0.5784419115494654,0.2789800239843873,HD 128620,0.945,1.11,8,2
HD 128620_0,0.43972427408057535,0.4596031237949869,HD 128620,0.945,1.11,8,2
HD 128620_0,0.5228912676239014,0.23049702634358465,HD 128620,0.945,1.11,8,2
HD 128620_0,0.8175171583501486,0.6757225844315525,HD 128620,0.945,1.11,8,2
HD 128620_0,0.5107261393448392,0.16314386656513186,HD 128620,0.945,1.11,8,2
HD 128620_0,0.6112583495428479,0.08337166525133734,HD 128620,0.945,1.11,8,2
HD 128620_0,0.5051151488546799,0.03546303694682011,HD 128620,0.945,1.11,8,2
HD 128620_0,0.7373566376126521,0.6243858850921169,HD 128620,0.945,1.11,8,2
HD 128620_0,0.6802386484365804,0.14943733364783152,HD 128620,0.945,1.11,8,2
HD 128620_0,0.9415951451132084,0.1921640033360966,HD 128620,0.945,1.11,8,2
HD 128620_0,0.5114036737380344,0.04124533840093104,HD 128620,0.945,1.11,8,2
HD 128620_0,0.9428483725145486,0.19922658495741125,HD 128620,0.945,1.11,8,2
HD 128620_0,2.011079908881623,0.030956404691059508,HD 128620,0.945,1.11,8,2
HD 128620_0,0.3103837450193101,0.45327202764251584,HD 128620,0.945,1.11,8,2
HD 128620_0,0.6120798806194846,0.12022437115798627,HD 128620,0.945,1.11,8,2
HD 128620_0,0.2865142517667395,0.5807570418127469,HD 128620,0.945,1.11,8,2
HD 128620_0,0.41966112611333234,0.3721429921762832,HD 128620,0.945,1.11,8,2
HD 128620_0,0.4147035479316084,0.26851137289658517,HD 128620,0.945,1.11,8,2
HD 128620_0,0.6653203084346835,0.1709577753754405,HD 128620,0.945,1.11,8,2
HD 128620_0,0.6700726752808339,0.09578180272972993,HD 128620,0.945,1.11,8,2
HD 128620_0,0.9330449197916244,0.23205959404147472,HD 128620,0.945,1.11,8,2
HD 128620_0,0.333822089278018,0.43344839627329595,HD 128620,0.945,1.11,8,2
HD 128620_0,0.5962133775006293,0.013462663546991445,HD 128620,0.945,1.11,8,2
HD 128620_0,1.0138334904222166,0.3713794798699321,HD 128620,0.945,1.11,8,2
HD 128620_0,2.0147566189245905,0.0829804254950322,HD 128620,0.945,1.11,8,2
HD 128620_0,0.3738997886377324,0.404066193540056,HD 128620,0.945,1.11,8,2
HD 128620_0,0.2941145930654296,0.6759110897185397,HD 128620,0.945,1.11,8,2
HD 128620_0,0.3336928841797622,0.6329023989466139,HD 128620,0.945,1.11,8,2
HD 128620_0,0.464079229580452,0.11874454119205786,HD 128620,0.945,1.11,8,2
HD 128620_0,0.5037334745832527,0.07751084315533502,HD 128620,0.945,1.11,8,2
HD 128620_0,0.618116487763893,0.11926972724763182,HD 128620,0.945,1.11,8,2
HD 128620_0,0.7786755492168126,0.28706869494110965,HD 128620,0.945,1.11,8,2
HD 128620_0,0.839950390844357,0.01700615115646596,HD 128620,0.945,1.11,8,2
HD 128620_0,0.402062587749227,0.4828879475402946,HD 128620,0.945,1.11,8,2
HD 128620_0,0.9997984678168248,0.014998584988132623,HD 128620,0.945,1.11,8,2
HD 128620_0,2.007870264404495,0.04499008465471148,HD 128620,0.945,1.11,8,2
HD 128620_0,0.5203710417081442,0.2622034539298359,HD 128620,0.945,1.11,8,2
HD 128620_0,1.0057545714016147,0.20858204719537218,HD 128620,0.945,1.11,8,2
HD 128620_0,2.0861964898851184,0.6116211310344849,HD 128620,0.945,1.11,8,2
HD 128620_0,0.6905071012074957,0.12909642894150758,HD 128620,0.945,1.11,8,2
HD 128620_0,0.5002667568369153,0.35246768282757307,HD 128620,0.945,1.11,8,2
HD 128620_0,0.6203286608721269,0.0954391042895889,HD 128620,0.945,1.11,8,2
HD 128620_0,0.8337184249127898,0.43207801670625345,HD 128620,0.945,1.11,8,2
HD 128620_0,0.46717502379157944,0.30191046246174874,HD 128620,0.945,1.11,8,2
HD 128620_0,0.40806901136641155,0.4000431298332778,HD 128620,0.945,1.11,8,2
HD 128620_0,0.5043685716059038,0.054035800022891836,HD 128620,0.945,1.11,8,2
HD 128620_0,2.010577704671075,0.03084690394120279,HD 128620,0.945,1.11,8,2
HD 128620_0,0.4594898387693367,0.38726566132679363,HD 128620,0.945,1.11,8,2
HD 128620_0,0.6061280976133321,0.11064555345180162,HD 128620,0.945,1.11,8,2
HD 128620_0,0.9416526178567435,0.19422127646700416,HD 128620,0.945,1.11,8,2
HD 128620_0,0.44838288809546756,0.32189302790516566,HD 128620,0.945,1.11,8,2
HD 128620_0,0.6673931023891583,0.06842714109069097,HD 128620,0.945,1.11,8,2
HD 128620_0,0.9379126465985447,0.0009148042214560007,HD 128620,0.945,1.11,8,2
HD 128620_0,0.37699533572140037,0.5120700472614232,HD 128620,0.945,1.11,8,2
HD 128620_0,0.43804762116671425,0.3630374255523966,HD 128620,0.945,1.11,8,2
HD 128620_0,1.1374303245744417,0.09510307721348772,HD 128620,0.945,1.11,8,2
HD 128620_0,0.6696647857709698,0.10792278542088417,HD 128620,0.945,1.11,8,2
HD 128620_0,0.37520110227799686,0.42118187007836866,HD 128620,0.945,1.11,8,2
HD 128620_0,0.4018126929813835,0.31481630756954426,HD 128620,0.945,1.11,8,2
HD 128620_0,0.6221556402529717,0.07242482632889277,HD 128620,0.945,1.11,8,2
HD 128620_0,0.3115807217395331,0.502589402616249,HD 128620,0.945,1.11,8,2
HD 128620_0,0.6694428904236419,0.08144102159583434,HD 128620,0.945,1.11,8,2
HD 128620_0,0.622058541304507,0.5418845580127807,HD 128620,0.945,1.11,8,2
HD 128620_0,0.6233212947682826,0.0475882901718793,HD 128620,0.945,1.11,8,2
HD 128620_0,0.4681774330040987,0.3628632246121301,HD 128620,0.945,1.11,8,2
HD 128620_0,0.2875279695342132,0.6028018056344273,HD 128620,0.945,1.11,8,2
HD 128620_0,0.7075971601198797,0.44969061115250397,HD 128620,0.945,1.11,8,2
HD 128620_0,0.5486303098169232,0.4564119210271428,HD 128620,0.945,1.11,8,2
HD 128620_0,0.5059586259873591,0.04560274069836127,HD 128620,0.945,1.11,8,2
HD 128620_0,0.36071508261070107,0.6054268507412378,HD 128620,0.945,1.11,8,2
HD 128620_0,0.31276279432545107,0.5576215475795493,HD 128620,0.945,1.11,8,2
HD 128620_0,0.5986702307387973,0.05618841673253927,HD 128620,0.945,1.11,8,2
HD 128620_0,0.37661661382031897,0.575024737236731,HD 128620,0.945,1.11,8,2
HD 128620_0,0.5020798012187616,0.11057330919200616,HD 128620,0.945,1.11,8,2
HD 128620_0,0.6143744945209587,0.1207388947199666,HD 128620,0.945,1.11,8,2
HD 128620_0,0.5055096368754072,0.04428721372340605,HD 128620,0.945,1.11,8,2
HD 128620_0,0.267316527576063,0.6443135234369918,HD 128620,0.945,1.11,8,2
HD 128620_0,0.931209752748535,0.2889113469343857,HD 128620,0.945,1.11,8,2
HD 128620_0,0.4978582783441633,0.30058689651374876,HD 128620,0.945,1.11,8,2
HD 128620_0,0.6764666940624628,0.1882077683999489,HD 128620,0.945,1.11,8,2
HD 128620_0,0.5002616060756071,0.23915474680621396,HD 128620,0.945,1.11,8,2
HD 128620_0,0.9387190010928541,0.09722954527798318,HD 128620,0.945,1.11,8,2
HD 128620_0,0.6655386239622698,0.5238956319592192,HD 128620,0.945,1.11,8,2
HD 128620_0,0.5688117314286956,0.5208407189254878,HD 128620,0.945,1.11,8,2
HD 128620_0,0.46565813887616625,0.12131263308334178,HD 128620,0.945,1.11,8,2
HD 128620_0,0.3747062407193402,0.3403214207387102,HD 128620,0.945,1.11,8,2
HD 128620_0,0.2855771721025233,0.62551408164039,HD 128620,0.945,1.11,8,2
HD 128620_0,0.9348819847646713,0.1645713001359899,HD 128620,0.945,1.11,8,2
HD 128620_0,0.6791526793023515,0.1514109831018962,HD 128620,0.945,1.11,8,2
HD 128620_0,0.6855021209918756,0.3830920144751951,HD 128620,0.945,1.11,8,2
HD 128620_0,1.0006000785988853,0.14351276488459921,HD 128620,0.945,1.11,8,2
HD 128620_0,0.4660074258863619,0.18708616165896907,HD 128620,0.945,1.11,8,2
HD 128620_0,0.6076908769616584,0.07722864303154867,HD 128620,0.945,1.11,8,2
HD 128620_0,0.3750389002269998,0.6969589388381551,HD 128620,0.945,1.11,8,2
HD 128620_0,0.23134699750148666,0.751067299235447,HD 128620,0.945,1.11,8,2
HD 128620_0,0.6807738703197315,0.2183792043764647,HD 128620,0.945,1.11,8,2
HD 128620_0,1.9937024754570092,0.3152945989481247,HD 128620,0.945,1.11,8,2
HD 128620_0,1.1743762459089087,0.1618313054443742,HD 128620,0.945,1.11,8,2
HD 128620_0,0.22669836608692437,0.8121302704777099,HD 128620,0.945,1.11,8,2
HD 128620_0,0.6309947232544115,0.4578371935278011,HD 128620,0.945,1.11,8,2
HD 128620_0,0.4027672937570052,0.2343071852436067,HD 128620,0.945,1.11,8,2
HD 128620_0,0.4724393016535964,0.5236595814376568,HD 128620,0.945,1.11,8,2
HD 128620_0,0.5093664971966546,0.03792042938585529,HD 128620,0.945,1.11,8,2
HD 128620_0,0.6074431099717239,0.08350355745265406,HD 128620,0.945,1.11,8,2
HD 128620_0,0.9371989321148791,0.0702802120104918,HD 128620,0.945,1.11,8,2
HD 128620_0,0.4575310712264132,0.12443612856458128,HD 128620,0.945,1.11,8,2
HD 128620_0,0.6002819556873327,0.04600479612162736,HD 128620,0.945,1.11,8,2
HD 128620_0,0.46931007449319234,0.5162284485573786,HD 128620,0.945,1.11,8,2
HD 128620_0,0.4647018681599333,0.17054372602719156,HD 128620,0.945,1.11,8,2
HD 128620_0,0.9971927621105763,0.10732018995734821,HD 128620,0.945,1.11,8,2
HD 128620_0,2.002635940798374,0.2257525815339133,HD 128620,0.945,1.11,8,2
HD 128620_0,1.179445983617593,0.006793079856367256,HD 128620,0.945,1.11,8,2
HD 128620_0,0.5104120068635151,0.10277103718783204,HD 128620,0.945,1.11,8,2
HD 128620_0,1.2027803279257259,0.053809301641766595,HD 128620,0.945,1.11,8,2
HD 128620_0,0.5029038296518218,0.3660140197634866,HD 128620,0.945,1.11,8,2
HD 128620_0,0.5068596340756022,0.07819832359113539,HD 128620,0.945,1.11,8,2
HD 128620_0,0.31182406975565297,0.5395557620688892,HD 128620,0.945,1.11,8,2
HD 128620_0,1.868416696619282,0.019720026732921163,HD 128620,0.945,1.11,8,2
HD 128620_0,1.037259674459368,0.4540907050497597,HD 128620,0.945,1.11,8,2
HD 128620_0,0.8144470476273489,0.12419178552644557,HD 128620,0.945,1.11,8,2
HD 128620_0,0.46501478044458006,0.10022947449465659,HD 128620,0.945,1.11,8,2
HD 128620_0,0.6144371833933131,0.10621203403823987,HD 128620,0.945,1.11,8,2
HD 128620_0,0.6760103241623603,0.3821919699997043,HD 128620,0.945,1.11,8,2
HD 128620_0,0.33250751881045487,0.5792891323432336,HD 128620,0.945,1.11,8,2
HD 128620_0,0.2859729338084367,0.6194750716278224,HD 128620,0.945,1.11,8,2
HD 128620_0,0.5972341070306968,0.045467726787971334,HD 128620,0.945,1.11,8,2
HD 128620_0,0.3643045819448366,0.3679380826021706,HD 128620,0.945,1.11,8,2
HD 128620_0,0.8937436813511287,0.2409642439375657,HD 128620,0.945,1.11,8,2
HD 128620_0,0.40292115958503333,0.35681983851488785,HD 128620,0.945,1.11,8,2
HD 128620_0,0.4028580704886246,0.5040428153352328,HD 128620,0.945,1.11,8,2
HD 128620_0,1.8673882062842213,0.01925475594723039,HD 128620,0.945,1.11,8,2
HD 128620_0,0.6221617537318787,0.049656773900477506,HD 128620,0.945,1.11,8,2
HD 128620_0,0.4558886875735432,0.16612886200740842,HD 128620,0.945,1.11,8,2
HD 128620_0,1.8751629579356381,0.24559672302720387,HD 128620,0.945,1.11,8,2
HD 128620_0,10.574315367360041,0.5257105276366811,HD 128620,0.945,1.11,8,2
HD 128620_0,0.5789564468692578,0.569007935789099,HD 128620,0.945,1.11,8,2
HD 128620_0,0.3359030708348484,0.39743867714391634,HD 128620,0.945,1.11,8,2
HD 128620_0,1.0065153280395938,0.3078684112460654,HD 128620,0.945,1.11,8,2
HD 128620_0,0.4688893478299271,0.2492296332928246,HD 128620,0.945,1.11,8,2
HD 128620_0,0.5084405855839353,0.13221129723934888,HD 128620,0.945,1.11,8,2
HD 128620_0,0.5056760846178151,0.18312754246165833,HD 128620,0.945,1.11,8,2
HD 128620_0,0.5124435863490097,0.30455042801300686,HD 128620,0.945,1.11,8,2
HD 128620_0,0.8374183192079668,0.014350373488843203,HD 128620,0.945,1.11,8,2
HD 128620_0,2.0052496278491208,0.37048519569920385,HD 128620,0.945,1.11,8,2
HD 128620_0,1.1296130363889145,0.25751002556273117,HD 128620,0.945,1.11,8,2
HD 128620_0,0.9362336525879166,0.07040188348060607,HD 128620,0.945,1.11,8,2
HD 128620_0,0.6269963012919253,0.15294898599970252,HD 128620,0.945,1.11,8,2
HD 128620_0,0.5083617433014648,0.07684598505507324,HD 128620,0.945,1.11,8,2
HD 128620_0,0.367193227088637,0.3364808038797795,HD 128620,0.945,1.11,8,2
HD 128620_0,1.0003967611288396,0.15949069575161118,HD 128620,0.945,1.11,8,2
HD 128620_0,0.5920330982594468,0.10115485539940443,HD 128620,0.945,1.11,8,2
HD 128620_0,1.008608106460126,0.2625167158085927,HD 128620,0.945,1.11,8,2
HD 128620_0,1.7924918754665533,0.5870576722242389,HD 128620,0.945,1.11,8,2
HD 128620_0,0.4038446095729393,0.3724958551563677,HD 128620,0.945,1.11,8,2
HD 128620_0,0.580143987752896,0.14910262961710663,HD 128620,0.945,1.11,8,2
HD 128620_0,1.0867274125101267,0.3966551355081867,HD 128620,0.945,1.11,8,2
HD 128620_0,0.6036538169923169,0.08013805030162251,HD 128620,0.945,1.11,8,2
HD 128620_0,0.4650171145605877,0.10860588478346976,HD 128620,0.945,1.11,8,2
HD 128620_0,0.625130168675503,0.06420755940048509,HD 128620,0.945,1.11,8,2
HD 128620_0,0.5905109580636986,0.07793201172842502,HD 128620,0.945,1.11,8,2
HD 128620_0,0.6182019632393472,0.4002249273686068,HD 128620,0.945,1.11,8,2
HD 128620_0,0.93950300813838,0.14493319422786982,HD 128620,0.945,1.11,8,2
HD 128620_0,0.6234527341976192,0.1363032171876875,HD 128620,0.945,1.11,8,2
HD 128620_0,0.8327042173452709,0.03599906403033995,HD 128620,0.945,1.11,8,2
HD 128620_0,0.4028179813440604,0.2876497161738114,HD 128620,0.945,1.11,8,2
HD 128620_0,0.3756602340150906,0.48994651083164,HD 128620,0.945,1.11,8,2
HD 128620_0,0.8365871109951368,0.016308051289459398,HD 128620,0.945,1.11,8,2
HD 128620_0,0.6215559752957793,0.08570135892061152,HD 128620,0.945,1.11,8,2
HD 128620_0,1.8798050138658084,0.3883153895876505,HD 128620,0.945,1.11,8,2
HD 128620_0,0.9415029201471914,0.10545371729743568,HD 128620,0.945,1.11,8,2
HD 128620_0,0.2904798954795252,0.530339025680173,HD 128620,0.945,1.11,8,2
HD 128620_0,0.6232144881605529,0.014495426446193485,HD 128620,0.945,1.11,8,2
HD 128620_0,0.6266596988232395,0.24447478027352607,HD 128620,0.945,1.11,8,2
HD 128620_0,0.8317544147936815,0.1856380651492013,HD 128620,0.945,1.11,8,2
HD 128620_0,0.4068302558754158,0.27255490193946963,HD 128620,0.945,1.11,8,2
HD 128620_0,0.5007553454160926,0.2086900818592456,HD 128620,0.945,1.11,8,2
HD 128620_0,0.6258046072776556,0.2045154592561983,HD 128620,0.945,1.11,8,2
HD 128620_0,0.5072313687699203,0.05768861491434616,HD 128620,0.945,1.11,8,2
HD 128620_0,0.6259385270002668,0.2836704806889444,HD 128620,0.945,1.11,8,2
HD 128620_0,0.9371994467526267,0.0927261062524772,HD 128620,0.945,1.11,8,2
HD 128620_0,0.4031301127034579,0.22046305146380363,HD 128620,0.945,1.11,8,2
HD 128620_0,0.3795065951863841,0.8796698085250357,HD 128620,0.945,1.11,8,2
HD 128620_0,0.3642711014454497,0.3481088922873008,HD 128620,0.945,1.11,8,2
HD 128620_0,0.37197186680176153,0.6805224267705182,HD 128620,0.945,1.11,8,2
HD 128620_0,0.3700163534287355,0.3694130879494105,HD 128620,0.945,1.11,8,2
HD 128620_0,0.46192510211722376,0.14217365983696548,HD 128620,0.945,1.11,8,2
HD 128620_0,0.4719605853664002,0.4163182170566026,HD 128620,0.945,1.11,8,2
HD 128620_0,0.5009603513465873,0.2427413681830331,HD 128620,0.945,1.11,8,2
HD 128620_0,0.4498626713791197,0.2088208056978167,HD 128620,0.945,1.11,8,2
HD 128620_0,0.3995237615651124,0.407032486880135,HD 128620,0.945,1.11,8,2
HD 128620_0,0.7348668314870872,0.13669192451321557,HD 128620,0.945,1.11,8,2
HD 128620_0,0.9346914622865591,0.0794877396754703,HD 128620,0.945,1.11,8,2
HD 128620_0,0.6917565689303423,0.304324080769571,HD 128620,0.945,1.11,8,2
HD 128620_0,0.5075233387476891,0.4138891598577505,HD 128620,0.945,1.11,8,2
HD 128620_0,0.46267686777523753,0.11307821822856073,HD 128620,0.945,1.11,8,2
HD 128620_0,1.52860988618723,0.18406785494411151,HD 128620,0.945,1.11,8,2
HD 128620_0,0.46304855555210567,0.22973043115675304,HD 128620,0.945,1.11,8,2
HD 128620_0,0.6683716010441554,0.06203515400849873,HD 128620,0.945,1.11,8,2
HD 128620_0,1.160815177351306,0.23648150950785787,HD 128620,0.945,1.11,8,2
HD 128620_0,0.5714434112386362,0.2930501889753173,HD 128620,0.945,1.11,8,2
HD 128620_0,0.667611651830435,0.002849453176838596,HD 128620,0.945,1.11,8,2
HD 128620_0,0.5001044808508154,0.13173119643538445,HD 128620,0.945,1.11,8,2
HD 128620_0,0.6650389465701148,0.20131098137451126,HD 128620,0.945,1.11,8,2
HD 128620_0,0.7090239879089759,0.031766667668984366,HD 128620,0.945,1.11,8,2
HD 128620_0,0.6619214909274181,0.38064775405149054,HD 128620,0.945,1.11,8,2
HD 128620_0,1.0677041220106303,0.24734482706743427,HD 128620,0.945,1.11,8,2
HD 128620_0,0.6671387274885093,0.028761910001664396,HD 128620,0.945,1.11,8,2
HD 128620_0,0.35525251764827603,0.7475987539132123,HD 128620,0.945,1.11,8,2
HD 128620_0,0.45310195552939325,0.20080416910581853,HD 128620,0.945,1.11,8,2
HD 128620_0,0.5956074455084918,0.1263389709885625,HD 128620,0.945,1.11,8,2
HD 128620_0,1.0120359947238042,0.47113594705466655,HD 128620,0.945,1.11,8,2
HD 128620_0,0.6234639190122694,0.005528928886481005,HD 128620,0.945,1.11,8,2
HD 128620_0,0.738809041920216,0.19107390096837662,HD 128620,0.945,1.11,8,2
HD 128620_0,0.4130217247304408,0.25206025215002875,HD 128620,0.945,1.11,8,2
HD 128620_0,0.6245018990703485,0.02865781740287488,HD 128620,0.945,1.11,8,2
HD 128620_0,0.9989232436215866,0.06576591356286822,HD 128620,0.945,1.11,8,2
HD 128620_0,0.598821216068736,0.021499966282359406,HD 128620,0.945,1.11,8,2
HD 128620_0,0.6074576993193916,0.4677302006339834,HD 128620,0.945,1.11,8,2
HD 128620_0,0.6252182962309981,0.34033929190300566,HD 128620,0.945,1.11,8,2
HD 128620_0,0.6196361049014473,0.6578865398455271,HD 128620,0.945,1.11,8,2
HD 128620_0,0.8240637534177045,0.24821406999824167,HD 128620,0.945,1.11,8,2
HD 128620_0,0.6170110351474065,0.33037545960502823,HD 128620,0.945,1.11,8,2
HD 128620_0,0.622186380924566,0.07339474242588367,HD 128620,0.945,1.11,8,2
HD 128620_0,0.6250576565255063,0.06039874124922051,HD 128620,0.945,1.11,8,2
HD 128620_0,1.408200615676232,0.011272810860177644,HD 128620,0.945,1.11,8,2
HD 128620_0,0.34480927215245766,0.4634745261404699,HD 128620,0.945,1.11,8,2
HD 128620_0,1.008685609236129,0.28483350819291114,HD 128620,0.945,1.11,8,2
HD 128620_0,0.5050146014355525,0.04783291818966047,HD 128620,0.945,1.11,8,2
HD 128620_0,0.7059781288010256,0.16291195589375257,HD 128620,0.945,1.11,8,2
HD 128620_0,0.5046582284488369,0.04591002711902454,HD 128620,0.945,1.11,8,2
HD 128620_0,0.6840317048402765,0.14463655334879572,HD 128620,0.945,1.11,8,2
HD 128620_0,0.5072209831600816,0.16624886351963586,HD 128620,0.945,1.11,8,2
HD 128620_0,0.4682344755663814,0.34220572179347775,HD 128620,0.945,1.11,8,2
HD 128620_0,0.777764738029637,0.3973819638648298,HD 128620,0.945,1.11,8,2
HD 128620_0,0.5086778979761987,0.7252741585043774,HD 128620,0.945,1.11,8,2
HD 128620_0,0.8310518425143831,0.03630250170391244,HD 128620,0.945,1.11,8,2
HD 128620_0,0.3397834876291248,0.7464421218832197,HD 128620,0.945,1.11,8,2
HD 128620_0,1.9959710785023126,0.26101697824488834,HD 128620,0.945,1.11,8,2
HD 128620_0,0.6822494318376483,0.18742040010130243,HD 128620,0.945,1.11,8,2
HD 128620_0,2.017580620331266,0.2752437755460091,HD 128620,0.945,1.11,8,2
HD 128620_0,0.7563434180484321,0.4104284307044903,HD 128620,0.945,1.11,8,2
HD 128620_0,0.5073162325788525,0.04019755104035949,HD 128620,0.945,1.11,8,2
HD 128620_0,0.759421624907008,0.2880538587527506,HD 128620,0.945,1.11,8,2
HD 128620_0,0.6659680845824018,0.11082065851177228,HD 128620,0.945,1.11,8,2
HD 128620_0,0.29146240308321225,0.6871136476147206,HD 128620,0.945,1.11,8,2
HD 128620_0,0.4205235747063458,0.6100971806782515,HD 128620,0.945,1.11,8,2
HD 128620_0,0.4106169191181915,0.3762691776186015,HD 128620,0.945,1.11,8,2
HD 128620_0,0.46895676318280616,0.3692563140824418,HD 128620,0.945,1.11,8,2
HD 128620_0,0.624729816662218,0.03624547763535192,HD 128620,0.945,1.11,8,2
HD 128620_0,0.4590872423200638,0.2915552577404051,HD 128620,0.945,1.11,8,2
HD 128620_0,0.5254639147540171,0.15295841020684392,HD 128620,0.945,1.11,8,2
HD 128620_0,0.9027773998493328,0.3060602852671508,HD 128620,0.945,1.11,8,2
HD 128620_0,0.6644970842208184,0.4087390980015994,HD 128620,0.945,1.11,8,2
HD 128620_0,0.2881340748239475,0.6340547244158702,HD 128620,0.945,1.11,8,2
HD 128620_0,0.5035263789602838,0.07860946539158856,HD 128620,0.945,1.11,8,2
HD 128620_0,0.6225136847275228,0.08393565643033643,HD 128620,0.945,1.11,8,2
HD 128620_0,0.4562441044427487,0.15926397025899658,HD 128620,0.945,1.11,8,2
HD 128620_0,0.6683142087843078,0.16246550257589273,HD 128620,0.945,1.11,8,2
HD 128620_0,0.82355764785742,0.09502053081632647,HD 128620,0.945,1.11,8,2
HD 128620_0,0.47048512456066666,0.3328389255035451,HD 128620,0.945,1.11,8,2
HD 128620_0,0.502898208915216,0.08935983083350311,HD 128620,0.945,1.11,8,2
HD 128620_0,0.5281636488471514,0.3910103524436796,HD 128620,0.945,1.11,8,2
HD 128620_0,0.6210829577279581,0.2541663763069159,HD 128620,0.945,1.11,8,2
HD 128620_0,0.6677922270541963,0.019489626581327617,HD 128620,0.945,1.11,8,2
HD 128620_0,1.4244417939681004,0.06570144016888985,HD 128620,0.945,1.11,8,2
HD 128620_0,0.34041932305484274,0.37277505102186576,HD 128620,0.945,1.11,8,2
HD 128620_0,0.46939604993988215,0.2870095133642481,HD 128620,0.945,1.11,8,2
HD 128620_0,0.4014725718870263,0.2630163846128798,HD 128620,0.945,1.11,8,2
HD 128620_0,1.8451777021782088,0.5629400903836074,HD 128620,0.945,1.11,8,2
HD 128620_0,0.2531974921113731,0.6730641982726634,HD 128620,0.945,1.11,8,2
HD 128620_0,0.5925773749292468,0.11993086067150655,HD 128620,0.945,1.11,8,2
HD 128620_0,0.6965309815118628,0.12165654345679136,HD 128620,0.945,1.11,8,2
HD 128620_0,0.6115736140231837,0.39733145983580914,HD 128620,0.945,1.11,8,2
HD 128620_0,0.5947103974361749,0.10329013718552439,HD 128620,0.945,1.11,8,2
HD 128620_0,2.01571245770339,0.31835272120980324,HD 128620,0.945,1.11,8,2
HD 128620_0,0.7453317653019003,0.43242938117972773,HD 128620,0.945,1.11,8,2
HD 128620_0,0.5087302997172543,0.36155349011269927,HD 128620,0.945,1.11,8,2
HD 128620_0,0.5278136806644407,0.20503091276641938,HD 128620,0.945,1.11,8,2
HD 128620_0,0.5011953688403482,0.1985201751061876,HD 128620,0.945,1.11,8,2
HD 128620_0,0.9984263260405114,0.07736828685265974,HD 128620,0.945,1.11,8,2
HD 128620_0,0.22488949489279866,0.7875487548271165,HD 128620,0.945,1.11,8,2
HD 128620_0,0.4659085638994635,0.348582086252728,HD 128620,0.945,1.11,8,2
HD 128620_0,0.4575456378355918,0.2583260180544339,HD 128620,0.945,1.11,8,2
HD 128620_0,0.22670812004180912,0.8200029219225654,HD 128620,0.945,1.11,8,2
HD 128620_0,0.5016105369939297,0.12016518040573093,HD 128620,0.945,1.11,8,2
HD 128620_0,0.616229495286886,0.08717747823028438,HD 128620,0.945,1.11,8,2
HD 128620_0,0.6142865237710103,0.11424731915860781,HD 128620,0.945,1.11,8,2
HD 128620_0,0.33531158399927724,0.6106430433717426,HD 128620,0.945,1.11,8,2
HD 128620_0,1.006053945469283,0.21020778108899527,HD 128620,0.945,1.11,8,2
HD 128620_0,0.40170962160310225,0.3687206624757507,HD 128620,0.945,1.11,8,2
HD 128620_0,0.4543074680116456,0.25788623126775,HD 128620,0.945,1.11,8,2
HD 128620_0,1.8463855689249387,0.2859240507601705,HD 128620,0.945,1.11,8,2
HD 128620_0,0.4024272853159085,0.46852745042884447,HD 128620,0.945,1.11,8,2
HD 128620_0,0.9985253450156557,0.04984326030994048,HD 128620,0.945,1.11,8,2
HD 128620_0,1.846873603168843,0.27997883545744395,HD 128620,0.945,1.11,8,2
HD 128620_0,2.009164680572439,0.036008199684451334,HD 128620,0.945,1.11,8,2
HD 128620_0,0.9356848938894371,0.0945924339524927,HD 128620,0.945,1.11,8,2
HD 128620_0,0.41130043851232734,0.6048050415427704,HD 128620,0.945,1.11,8,2
HD 128620_0,0.5176444542730329,0.09324577494927061,HD 128620,0.945,1.11,8,2
HD 128620_0,2.053504440360292,0.5932375159171861,HD 128620,0.945,1.11,8,2
HD 128620_0,0.3363324629302721,0.426034677335807,HD 128620,0.945,1.11,8,2
HD 128620_0,0.6190216128006832,0.09625237102735187,HD 128620,0.945,1.11,8,2
HD 128620_0,1.8650062114227564,0.06995455899823924,HD 128620,0.945,1.11,8,2
HD 128620_0,0.5949898045048482,0.08436342424756221,HD 128620,0.945,1.11,8,2
HD 128620_0,0.5137981662316742,0.0748894742420089,HD 128620,0.945,1.11,8,2
HD 128620_0,0.44297055088445275,0.7835209173327609,HD 128620,0.945,1.11,8,2
HD 128620_0,0.36709122957133916,0.3299410747400736,HD 128620,0.945,1.11,8,2
HD 128620_0,0.33999090168734275,0.4049020590697907,HD 128620,0.945,1.11,8,2
HD 128620_0,0.4043435341756902,0.21011996343487271,HD 128620,0.945,1.11,8,2
HD 128620_0,2.002011103985346,0.27002487272043313,HD 128620,0.945,1.11,8,2
HD 128620_0,0.264220902294428,0.7335447337740386,HD 128620,0.945,1.11,8,2
HD 128620_0,1.8413470354878134,0.3404625060574669,HD 128620,0.945,1.11,8,2
HD 128620_0,0.9385789396021039,0.13669798949764725,HD 128620,0.945,1.11,8,2
HD 128620_0,0.43960129271734777,0.6950819771448238,HD 128620,0.945,1.11,8,2
HD 128620_0,0.6269326052212201,0.16788421561859804,HD 128620,0.945,1.11,8,2
HD 128620_0,0.8723137304021453,0.2635488586212472,HD 128620,0.945,1.11,8,2
HD 128620_0,0.46824031440016717,0.17656395925267457,HD 128620,0.945,1.11,8,2
HD 128620_0,0.9906589028950994,0.47920925251559376,HD 128620,0.945,1.11,8,2
HD 128620_0,0.312711150017443,0.5922500038996152,HD 128620,0.945,1.11,8,2
HD 128620_0,0.6239080054274677,0.030339716504225112,HD 128620,0.945,1.11,8,2
HD 128620_0,0.5022473466862903,0.07891275926335006,HD 128620,0.945,1.11,8,2
HD 128620_0,0.4008500630178964,0.32252239373302627,HD 128620,0.945,1.11,8,2
HD 128620_0,0.46216489263484173,0.1267670967119071,HD 128620,0.945,1.11,8,2
HD 128620_0,1.354054024679305,0.3108293937490403,HD 128620,0.945,1.11,8,2
HD 128620_0,0.37430015269629985,0.6697584787089101,HD 128620,0.945,1.11,8,2
HD 128620_0,0.624135731550906,0.01652979436251732,HD 128620,0.945,1.11,8,2
HD 128620_0,0.42780967997604274,0.7080031186938708,HD 128620,0.945,1.11,8,2
HD 128620_0,0.5043778121777251,0.22652297587852627,HD 128620,0.945,1.11,8,2
HD 128620_0,0.2646580813902339,0.6376301203140333,HD 128620,0.945,1.11,8,2
HD 128620_0,0.5986416730942138,0.026891151062853013,HD 128620,0.945,1.11,8,2
HD 128620_0,0.6110049185613865,0.07947392545240549,HD 128620,0.945,1.11,8,2
HD 128620_0,0.41568334049885375,0.5376588160609495,HD 128620,0.945,1.11,8,2
HD 128620_0,0.8829971739454263,0.21388108011353613,HD 128620,0.945,1.11,8,2
HD 128620_0,0.3344923701388493,0.3836767820464142,HD 128620,0.945,1.11,8,2
HD 128620_0,0.5011809783497636,0.12398890673726132,HD 128620,0.945,1.11,8,2
HD 128620_0,0.5224333423703992,0.14820042197246916,HD 128620,0.945,1.11,8,2
HD 128620_0,0.409398028884676,0.36478359673230354,HD 128620,0.945,1.11,8,2
HD 128620_0,0.6242942846130043,0.045921361126244786,HD 128620,0.945,1.11,8,2
HD 128620_0,0.6277707706206673,0.2598353370106461,HD 128620,0.945,1.11,8,2
HD 128620_0,0.30750476116602943,0.5962255512751827,HD 128620,0.945,1.11,8,2
HD 128620_0,0.621129744519271,0.07624679997134928,HD 128620,0.945,1.11,8,2
HD 128620_0,0.5015393798795271,0.13544671272286682,HD 128620,0.945,1.11,8,2
HD 128620_0,0.5346527358624911,0.24490136866699871,HD 128620,0.945,1.11,8,2
HD 128620_0,0.623832238327388,0.011444304669673347,HD 128620,0.945,1.11,8,2
HD 128620_0,0.4606173581377223,0.15886025535360435,HD 128620,0.945,1.11,8,2
HD 128620_0,0.602413366835568,0.027506965132524094,HD 128620,0.945,1.11,8,2
HD 128620_0,0.5926756448326014,0.13130796218573684,HD 128620,0.945,1.11,8,2
HD 128620_0,0.4096059491205228,0.38244449733694696,HD 128620,0.945,1.11,8,2
HD 128620_0,0.6843955539020551,0.4691239188067254,HD 128620,0.945,1.11,8,2
HD 128620_0,0.499137489456289,0.21935697486017194,HD 128620,0.945,1.11,8,2
HD 128620_0,0.49791964060016947,0.46157232724581637,HD 128620,0.945,1.11,8,2
HD 128620_0,0.6257940305689687,0.45099725198363416,HD 128620,0.945,1.11,8,2
HD 128620_0,0.9398302437938459,0.05365280732762744,HD 128620,0.945,1.11,8,2
HD 128620_0,1.8524111675420454,0.3567430065592931,HD 128620,0.945,1.11,8,2
HD 128620_0,0.3716574833730581,0.4174241111496639,HD 128620,0.945,1.11,8,2
HD 128620_0,1.0000958051338575,0.5457838516507906,HD 128620,0.945,1.11,8,2
HD 128620_0,0.28983036743160284,0.5055470403861818,HD 128620,0.945,1.11,8,2
HD 128620_0,0.5963900124092103,0.15261230886794253,HD 128620,0.945,1.11,8,2
HD 128620_0,0.5965347646164552,0.3008696586554601,HD 128620,0.945,1.11,8,2
HD 128620_0,0.3464355647884549,0.4626295331557336,HD 128620,0.945,1.11,8,2
HD 128620_0,0.30897540961888503,0.4482966293612321,HD 128620,0.945,1.11,8,2
HD 128620_0,0.9401307087672812,0.30892125972768825,HD 128620,0.945,1.11,8,2
HD 128620_0,1.0008268021882774,0.1628198772014361,HD 128620,0.945,1.11,8,2
HD 128620_0,0.5075788524716386,0.9168595855269271,HD 128620,0.945,1.11,8,2
HD 128620_0,0.37554345997381106,0.4624012438951929,HD 128620,0.945,1.11,8,2
HD 128620_0,0.4698742588862545,0.251810796985766,HD 128620,0.945,1.11,8,2
HD 128620_0,1.0956804995533962,0.21162634583289275,HD 128620,0.945,1.11,8,2
HD 128620_0,0.35305764538138223,0.6008595176520243,HD 128620,0.945,1.11,8,2
HD 128620_0,0.6757321754449496,0.30734130475283106,HD 128620,0.945,1.11,8,2
HD 128620_0,0.6168462527219754,0.4566730195683442,HD 128620,0.945,1.11,8,2
HD 128620_0,0.5758300301034086,0.3311209699617044,HD 128620,0.945,1.11,8,2
HD 128620_0,0.676765556665836,0.17282460002357,HD 128620,0.945,1.11,8,2
HD 128620_0,0.29314506179562133,0.6452697056197946,HD 128620,0.945,1.11,8,2
HD 128620_0,0.675299535190644,0.1511829770138077,HD 128620,0.945,1.11,8,2
HD 128620_0,0.9357009566405982,0.29665664372606315,HD 128620,0.945,1.11,8,2
HD 128620_0,1.776770669938903,0.6772465993144897,HD 128620,0.945,1.11,8,2
HD 128620_0,0.513241265704058,0.288203239478097,HD 128620,0.945,1.11,8,2
HD 128620_0,0.7284394618446259,0.11447956362292035,HD 128620,0.945,1.11,8,2
HD 128620_0,0.47423523048112726,0.6976373749494198,HD 128620,0.945,1.11,8,2
HD 128620_0,0.4562908682006516,0.16851312744559988,HD 128620,0.945,1.11,8,2
HD 128620_0,0.5055865787696945,0.044037733893003396,HD 128620,0.945,1.11,8,2
HD 128620_0,0.6246962566760546,0.01727651873506571,HD 128620,0.945,1.11,8,2
HD 128620_0,0.9391630662647489,0.1070285602945029,HD 128620,0.945,1.11,8,2
HD 128620_0,0.3694857964667377,0.3878873523263454,HD 128620,0.945,1.11,8,2
HD 128620_0,0.35904844323136637,0.4487535755524736,HD 128620,0.945,1.11,8,2
HD 128620_0,0.6680842583408276,0.05220051299413842,HD 128620,0.945,1.11,8,2
HD 128620_0,0.5013240275893437,0.34100386920476133,HD 128620,0.945,1.11,8,2
HD 128620_0,0.5035830695443089,0.07227275790035413,HD 128620,0.945,1.11,8,2
HD 128620_0,0.6754786416349742,0.7089579757526432,HD 128620,0.945,1.11,8,2
HD 128620_0,0.7357972755922917,0.3710909145304938,HD 128620,0.945,1.11,8,2
HD 128620_0,0.33683141324565335,0.446160367001506,HD 128620,0.945,1.11,8,2
HD 128620_0,0.35963258440670837,0.41899123698902013,HD 128620,0.945,1.11,8,2
HD 128620_0,0.8378062971049166,0.1995625823885672,HD 128620,0.945,1.11,8,2
HD 128620_0,0.6036456344990776,0.038314335080995826,HD 128620,0.945,1.11,8,2
HD 128620_0,0.7015249350797893,0.10158563463461522,HD 128620,0.945,1.11,8,2
HD 128620_0,0.5139338329833457,0.32717086122517264,HD 128620,0.945,1.11,8,2
HD 128620_0,0.938119127368893,0.03699890834784207,HD 128620,0.945,1.11,8,2
HD 128620_0,0.9362810553852927,0.07096662953009134,HD 128620,0.945,1.11,8,2
HD 128620_0,1.0204930499142575,0.5033981001479029,HD 128620,0.945,1.11,8,2
HD 128620_0,0.4619983652489506,0.13771989095117898,HD 128620,0.945,1.11,8,2
HD 128620_0,0.673556596518479,0.3085985652682711,HD 128620,0.945,1.11,8,2
HD 128620_0,0.7874033278610703,0.25442804660717877,HD 128620,0.945,1.11,8,2
HD 128620_0,0.6679495961496216,0.003023491653438589,HD 128620,0.945,1.11,8,2
HD 128620_0,0.6043048106437965,0.24267190223583995,HD 128620,0.945,1.11,8,2
HD 128620_0,1.0315050750299677,0.3715893065089747,HD 128620,0.945,1.11,8,2
HD 128620_0,0.9422183375657264,0.18132137840810333,HD 128620,0.945,1.11,8,2
HD 128620_0,0.8680929247263502,0.12417686625128045,HD 128620,0.945,1.11,8,2
HD 128620_0,0.5630118377670382,0.4591576613523346,HD 128620,0.945,1.11,8,2
HD 128620_0,0.532402510086246,0.20921372905931887,HD 128620,0.945,1.11,8,2
HD 128620_0,0.3323350452280157,0.5420627748328212,HD 128620,0.945,1.11,8,2
HD 128620_0,0.5058130318693796,0.28849347820237753,HD 128620,0.945,1.11,8,2
HD 128620_1,1.3526482459572007,0.019115407047708633,HD 128620,1.198,1.11,8,8
HD 128620_1,1.3520441177277864,0.01795372360551343,HD 128620,1.198,1.11,8,8
HD 128620_1,1.3524906041432707,0.018542651319133657,HD 128620,1.198,1.11,8,8
HD 128620_1,1.351521026564736,0.017785935658468626,HD 128620,1.198,1.11,8,8
HD 128620_1,1.3522520989166604,0.017122289301330827,HD 128620,1.198,1.11,8,8
HD 128620_1,1.3516219772918892,0.0169144087331091,HD 128620,1.198,1.11,8,8
HD 128620_1,1.3517802013877878,0.017439141494986016,HD 128620,1.198,1.11,8,8
HD 128620_1,1.3518651498640313,0.015853748603689904,HD 128620,1.198,1.11,8,8
HD 128620_1,1.35171895841094,0.018756153397392995,HD 128620,1.198,1.11,8,8
HD 128620_1,1.3524663947530293,0.018989174991068294,HD 128620,1.198,1.11,8,8
HD 128620_1,1.3517805864148176,0.018173022454397524,HD 128620,1.198,1.11,8,8
HD 128620_1,1.3522732061772191,0.018033558605141945,HD 128620,1.198,1.11,8,8
HD 128620_1,1.351342260567495,0.01680936706185261,HD 128620,1.198,1.11,8,8
HD 128620_1,1.3525884884929593,0.016587842425350795,HD 128620,1.198,1.11,8,8
HD 128620_1,1.3520045468862956,0.015149579728583306,HD 128620,1.198,1.11,8,8
HD 128620_1,1.351877208263571,0.01660957900825166,HD 128620,1.198,1.11,8,8
HD 128620_1,1.3521286415876312,0.01800531577148073,HD 128620,1.198,1.11,8,8
HD 128620_1,1.3518989353612196,0.017517150902284718,HD 128620,1.198,1.11,8,8
HD 128620_1,1.3518748607747222,0.017049948169944276,HD 128620,1.198,1.11,8,8
HD 128620_1,1.3514574080165116,0.016467866135428083,HD 128620,1.198,1.11,8,8
HD 128620_1,1.351821373421038,0.01741566503653963,HD 128620,1.198,1.11,8,8
HD 128620_1,1.3518300754068335,0.01760895587429554,HD 128620,1.198,1.11,8,8
HD 128620_1,1.3523681587112777,0.01734923218263677,HD 128620,1.198,1.11,8,8
HD 128620_1,1.3520404192592161,0.017004442071595002,HD 128620,1.198,1.11,8,8
HD 128620_1,1.3523017092785143,0.016705437234569662,HD 128620,1.198,1.11,8,8
HD 128620_1,1.3515312295640696,0.015493429407792825,HD 128620,1.198,1.11,8,8
HD 128620_1,1.3521111138185968,0.015222822422890248,HD 128620,1.198,1.11,8,8
HD 128620_1,1.3521343709070417,0.016640038906490053,HD 128620,1.198,1.11,8,8
HD 128620_1,1.3524043059422695,0.015928765708901754,HD 128620,1.198,1.11,8,8
HD 128620_1,1.352120961379134,0.01653841871018304,HD 128620,1.198,1.11,8,8
HD 128620_1,1.3521929768732028,0.016034743095512966,HD 128620,1.198,1.11,8,8
HD 128620_1,1.352124600936499,0.017032431625253624,HD 128620,1.198,1.11,8,8
HD 128620_1,1.351906496152974,0.01609426242581991,HD 128620,1.198,1.11,8,8
HD 128620_1,1.3517019481865602,0.016207192970974102,HD 128620,1.198,1.11,8,8
HD 128620_1,1.3516416270930627,0.017635246074535052,HD 128620,1.198,1.11,8,8
HD 128620_1,1.3516503459944478,0.01853314595409356,HD 128620,1.198,1.11,8,8
HD 128620_1,1.3523526273179203,0.017034192408013998,HD 128620,1.198,1.11,8,8
HD 128620_1,1.3516083016292,0.01815388939679725,HD 128620,1.198,1.11,8,8
HD 128620_1,1.3521849959412628,0.014986942120387883,HD 128620,1.198,1.11,8,8
HD 128620_1,1.351965041980116,0.017034001499093926,HD 128620,1.198,1.11,8,8
HD 128620_1,1.3519288975521526,0.015795128315028214,HD 128620,1.198,1.11,8,8
HD 128620_1,1.351924390718443,0.017473188747054842,HD 128620,1.198,1.11,8,8
HD 128620_1,1.3517652273742717,0.016563310278545566,HD 128620,1.198,1.11,8,8
HD 128620_1,1.352061853244256,0.01678939945991988,HD 128620,1.198,1.11,8,8
HD 128620_1,1.3521906747781165,0.016275326497750563,HD 128620,1.198,1.11,8,8
HD 128620_1,1.3522271182558827,0.016492732473702084,HD 128620,1.198,1.11,8,8
HD 128620_1,1.3521703384858872,0.017497530286260714,HD 128620,1.198,1.11,8,8
HD 128620_1,1.351775506453794,0.016940893201931286,HD 128620,1.198,1.11,8,8
HD 128620_1,1.3514853510557707,0.016699907986940807,HD 128620,1.198,1.11,8,8
HD 128620_1,1.3520191484967135,0.016919630934482757,HD 128620,1.198,1.11,8,8
HD 128620_1,1.3519715341827803,0.016255645465432293,HD 128620,1.198,1.11,8,8
HD 128620_1,1.3525953296786817,0.01930743691906588,HD 128620,1.198,1.11,8,8
HD 128620_1,1.3522637004943079,0.018444856943839752,HD 128620,1.198,1.11,8,8
HD 128620_1,1.3525416705500168,0.018117751822853613,HD 128620,1.198,1.11,8,8
HD 128620_1,1.351773498620494,0.01580267228093049,HD 128620,1.198,1.11,8,8
HD 128620_1,1.3524655848272307,0.0181697322927624,HD 128620,1.198,1.11,8,8
HD 128620_1,1.3531193926905323,0.017585997285751366,HD 128620,1.198,1.11,8,8
HD 128620_1,1.3525306461217566,0.017412380666742572,HD 128620,1.198,1.11,8,8
HD 128620_1,1.3516490337878735,0.016557026345646916,HD 128620,1.198,1.11,8,8
HD 128620_1,1.3520081777857134,0.018164826000230047,HD 128620,1.198,1.11,8,8
HD 128620_1,1.3524146471091196,0.017164225011774437,HD 128620,1.198,1.11,8,8
HD 128620_1,1.3520449843630946,0.01889946781714575,HD 128620,1.198,1.11,8,8
HD 128620_1,1.3527218573786264,0.018135084359360763,HD 128620,1.198,1.11,8,8
HD 128620_1,1.3520413909741467,0.017210281605027675,HD 128620,1.198,1.11,8,8
HD 128620_1,1.3523198401370904,0.01518315975288264,HD 128620,1.198,1.11,8,8
HD 128620_1,1.3522787464879105,0.01766461179552822,HD 128620,1.198,1.11,8,8
HD 128620_1,1.352133189968441,0.017115569146612792,HD 128620,1.198,1.11,8,8
HD 128620_1,1.3521476382562079,0.015861448490406493,HD 128620,1.198,1.11,8,8
HD 128620_1,1.351994063008648,0.01731679686770343,HD 128620,1.198,1.11,8,8
HD 128620_1,1.3523775384119028,0.0174655922204614,HD 128620,1.198,1.11,8,8
HD 128620_1,1.35190512353157,0.01667813456009592,HD 128620,1.198,1.11,8,8
HD 128620_1,1.3519164339230636,0.014998732873689977,HD 128620,1.198,1.11,8,8
HD 128620_1,1.351811330652052,0.016453905253417254,HD 128620,1.198,1.11,8,8
HD 128620_1,1.35217082967743,0.017783136565294396,HD 128620,1.198,1.11,8,8
HD 128620_1,1.3522182830522895,0.018717953309275396,HD 128620,1.198,1.11,8,8
HD 128620_1,1.35153962115448,0.01598871554726282,HD 128620,1.198,1.11,8,8
HD 128620_1,1.3519198389140779,0.017729209956273223,HD 128620,1.198,1.11,8,8
HD 128620_1,1.3518971192340596,0.016366627443578783,HD 128620,1.198,1.11,8,8
HD 128620_1,1.3519129057565997,0.018133848802913535,HD 128620,1.198,1.11,8,8
HD 128620_1,1.3523790238575204,0.016486528143420217,HD 128620,1.198,1.11,8,8
HD 128620_1,1.3514429042224014,0.017450453990204673,HD 128620,1.198,1.11,8,8
HD 128620_1,1.3522099705197776,0.017959276747677222,HD 128620,1.198,1.11,8,8
HD 128620_1,1.3516981946086948,0.016301322567016885,HD 128620,1.198,1.11,8,8
HD 128620_1,1.3513768012839986,0.016500809529409046,HD 128620,1.198,1.11,8,8
HD 128620_1,1.3527522118952249,0.017115990059347486,HD 128620,1.198,1.11,8,8
HD 128620_1,1.3517976259490934,0.016947576963336302,HD 128620,1.198,1.11,8,8
HD 128620_1,1.3520790427494727,0.01780904179655868,HD 128620,1.198,1.11,8,8
HD 128620_1,1.3525532983169026,0.015773865500170924,HD 128620,1.198,1.11,8,8
HD 128620_1,1.3517554787357942,0.017675484524789294,HD 128620,1.198,1.11,8,8
HD 128620_1,1.3524840859045617,0.01712565247743011,HD 128620,1.198,1.11,8,8
HD 128620_1,1.3520559012151232,0.0170232220273994,HD 128620,1.198,1.11,8,8
HD 128620_1,1.3522211868631144,0.018196707195220554,HD 128620,1.198,1.11,8,8
HD 128620_1,1.352738398747607,0.01781011488091591,HD 128620,1.198,1.11,8,8
HD 128620_1,1.3520816922058765,0.01718808214997892,HD 128620,1.198,1.11,8,8
HD 128620_1,1.3522044756013218,0.02026203013985403,HD 128620,1.198,1.11,8,8
HD 128620_1,1.351887271454895,0.015413861523348811,HD 128620,1.198,1.11,8,8
HD 128620_1,1.3518907508234603,0.01828899539890284,HD 128620,1.198,1.11,8,8
HD 128620_1,1.3520931027095897,0.01885924813646681,HD 128620,1.198,1.11,8,8
HD 128620_1,1.3522745736709292,0.01707572166504081,HD 128620,1.198,1.11,8,8
HD 128620_1,1.3520051306241576,0.015478942300729355,HD 128620,1.198,1.11,8,8
HD 128620_1,1.351672423858034,0.017143530303453985,HD 128620,1.198,1.11,8,8
HD 128620_1,1.3521055635446415,0.01727587833966929,HD 128620,1.198,1.11,8,8
HD 128620_1,1.3520144329725832,0.016387811732871477,HD 128620,1.198,1.11,8,8
HD 128620_1,1.352047543689022,0.018130509051413817,HD 128620,1.198,1.11,8,8
HD 128620_1,1.3526562400287705,0.014786852358841437,HD 128620,1.198,1.11,8,8
HD 128620_1,1.3521402491448828,0.016159683736042738,HD 128620,1.198,1.11,8,8
HD 128620_1,1.3517473777872233,0.019243942180704146,HD 128620,1.198,1.11,8,8
HD 128620_1,1.3521175419758824,0.017149883917283604,HD 128620,1.198,1.11,8,8
HD 128620_1,1.3517323990918126,0.016077482479886204,HD 128620,1.198,1.11,8,8
HD 128620_1,1.351170322321191,0.01713619784166486,HD 128620,1.198,1.11,8,8
HD 128620_1,1.3516292899606428,0.01847924604875497,HD 128620,1.198,1.11,8,8
HD 128620_1,1.351625514941832,0.016220907973173954,HD 128620,1.198,1.11,8,8
HD 128620_1,1.3515406914918509,0.016574489902611882,HD 128620,1.198,1.11,8,8
HD 128620_1,1.3519553326015792,0.016939293038343007,HD 128620,1.198,1.11,8,8
HD 128620_1,1.3519416835939244,0.016877731753213318,HD 128620,1.198,1.11,8,8
HD 128620_1,1.3519879851176528,0.016666206074042584,HD 128620,1.198,1.11,8,8
HD 128620_1,1.351859799486695,0.016331284365665756,HD 128620,1.198,1.11,8,8
HD 128620_1,1.3515443524754724,0.017004477930485408,HD 128620,1.198,1.11,8,8
HD 128620_1,1.3521185101402102,0.01838772221016642,HD 128620,1.198,1.11,8,8
HD 128620_1,1.3517558438550978,0.01673017966243913,HD 128620,1.198,1.11,8,8
HD 128620_1,1.3515827297375573,0.017235121964006304,HD 128620,1.198,1.11,8,8
HD 128620_1,1.3523068761377206,0.016724475658298422,HD 128620,1.198,1.11,8,8
HD 128620_1,1.35167232701702,0.016084495559239995,HD 128620,1.198,1.11,8,8
HD 128620_1,1.3515499387381062,0.01660922274298334,HD 128620,1.198,1.11,8,8
HD 128620_1,1.3531264232023632,0.017651320851382442,HD 128620,1.198,1.11,8,8
HD 128620_1,1.3520326741626423,0.016345641558838428,HD 128620,1.198,1.11,8,8
HD 128620_1,1.3518323042935554,0.018756405262450107,HD 128620,1.198,1.11,8,8
HD 128620_1,1.3520516395157947,0.017018509881996928,HD 128620,1.198,1.11,8,8
HD 128620_1,1.352027889562244,0.016351232704593096,HD 128620,1.198,1.11,8,8
HD 128620_1,1.351965854384216,0.015268511155065756,HD 128620,1.198,1.11,8,8
HD 128620_1,1.352298819711513,0.01693875369290024,HD 128620,1.198,1.11,8,8
HD 128620_1,1.3525841231736604,0.01838294004128179,HD 128620,1.198,1.11,8,8
HD 128620_1,1.3520379395539117,0.01661831443311942,HD 128620,1.198,1.11,8,8
HD 128620_1,1.3519628802049155,0.016313020414191852,HD 128620,1.198,1.11,8,8
HD 128620_1,1.3521093633074939,0.01738785656349376,HD 128620,1.198,1.11,8,8
HD 128620_1,1.3525757311398539,0.016994676033141178,HD 128620,1.198,1.11,8,8
HD 128620_1,1.3519659904826369,0.016957382863116318,HD 128620,1.198,1.11,8,8
HD 128620_1,1.3514881187510894,0.01517435994529188,HD 128620,1.198,1.11,8,8
HD 128620_1,1.3528919709574443,0.017773430403357382,HD 128620,1.198,1.11,8,8
HD 128620_1,1.3520375480689173,0.015924852735297156,HD 128620,1.198,1.11,8,8
HD 128620_1,1.3507692323991711,0.015173391184663525,HD 128620,1.198,1.11,8,8
HD 128620_1,1.3521048006627407,0.017275145677319255,HD 128620,1.198,1.11,8,8
HD 128620_1,1.3520657308036985,0.01675477025441675,HD 128620,1.198,1.11,8,8
HD 128620_1,1.3513944592791833,0.015772076692425634,HD 128620,1.198,1.11,8,8
HD 128620_1,1.3526209430190848,0.017086322365179006,HD 128620,1.198,1.11,8,8
HD 128620_1,1.3520849790263367,0.017326039523699176,HD 128620,1.198,1.11,8,8
HD 128620_1,1.3518138529981574,0.01656953818543056,HD 128620,1.198,1.11,8,8
HD 128620_1,1.3524909154743048,0.016349903153923158,HD 128620,1.198,1.11,8,8
HD 128620_1,1.3518810315941594,0.01735849602885234,HD 128620,1.198,1.11,8,8
HD 128620_1,1.35184514596482,0.016496770290605874,HD 128620,1.198,1.11,8,8
HD 128620_1,1.3517563748286685,0.01583726490865933,HD 128620,1.198,1.11,8,8
HD 128620_1,1.3515174169243183,0.01728607067214633,HD 128620,1.198,1.11,8,8
HD 128620_1,1.351316038067618,0.01648375959945432,HD 128620,1.198,1.11,8,8
HD 128620_1,1.3520488932269514,0.016917977338706827,HD 128620,1.198,1.11,8,8
HD 128620_1,1.3522023429158323,0.01666340279937957,HD 128620,1.198,1.11,8,8
HD 128620_1,1.3526756334949273,0.015722339342039284,HD 128620,1.198,1.11,8,8
HD 128620_1,1.3515286002201163,0.015880018727310343,HD 128620,1.198,1.11,8,8
HD 128620_1,1.3527240408427073,0.016586445046283125,HD 128620,1.198,1.11,8,8
HD 128620_1,1.3516927135751915,0.01651350144907309,HD 128620,1.198,1.11,8,8
HD 128620_1,1.3524491432190033,0.016927906425177823,HD 128620,1.198,1.11,8,8
HD 128620_1,1.352351998156131,0.01680155797831323,HD 128620,1.198,1.11,8,8
HD 128620_1,1.3517834048619282,0.01743160240545693,HD 128620,1.198,1.11,8,8
HD 128620_1,1.3514679892538453,0.016158568544982675,HD 128620,1.198,1.11,8,8
HD 128620_1,1.3523717558407449,0.017566163953008588,HD 128620,1.198,1.11,8,8
HD 128620_1,1.351572723477007,0.015935693989285713,HD 128620,1.198,1.11,8,8
HD 128620_1,1.35279390946604,0.01743544572322387,HD 128620,1.198,1.11,8,8
HD 128620_1,1.3529405272188946,0.01683830176084632,HD 128620,1.198,1.11,8,8
HD 128620_1,1.352121439614293,0.017647672124897748,HD 128620,1.198,1.11,8,8
HD 128620_1,1.352027784347947,0.0176491135285741,HD 128620,1.198,1.11,8,8
HD 128620_1,1.351548172427284,0.016061831282236354,HD 128620,1.198,1.11,8,8
HD 128620_1,1.351845929327134,0.015956444269404037,HD 128620,1.198,1.11,8,8
HD 128620_1,1.3521222303791745,0.016147569593819373,HD 128620,1.198,1.11,8,8
HD 128620_1,1.3509925981219768,0.017444149005329156,HD 128620,1.198,1.11,8,8
HD 128620_1,1.3521935293936687,0.016590350120598053,HD 128620,1.198,1.11,8,8
HD 128620_1,1.3520448688907136,0.01633534900233073,HD 128620,1.198,1.11,8,8
HD 128620_1,1.3522654520957251,0.014720926994862332,HD 128620,1.198,1.11,8,8
HD 128620_1,1.351552619381741,0.01688420680331259,HD 128620,1.198,1.11,8,8
HD 128620_1,1.352038022585116,0.016826975195188873,HD 128620,1.198,1.11,8,8
HD 128620_1,1.351806551169168,0.01443479431641772,HD 128620,1.198,1.11,8,8
HD 128620_1,1.352467105881876,0.017898612707057112,HD 128620,1.198,1.11,8,8
HD 128620_1,1.352402692330505,0.018540380606374786,HD 128620,1.198,1.11,8,8
HD 128620_1,1.351819634186255,0.01827998243430896,HD 128620,1.198,1.11,8,8
HD 128620_1,1.3522231299974488,0.017737819623963952,HD 128620,1.198,1.11,8,8
HD 128620_1,1.3519732219843403,0.014508428096462632,HD 128620,1.198,1.11,8,8
HD 128620_1,1.352270416957172,0.01617669267591841,HD 128620,1.198,1.11,8,8
HD 128620_1,1.352116005246463,0.017298092293015262,HD 128620,1.198,1.11,8,8
HD 128620_1,1.3517293969098751,0.015270998248283228,HD 128620,1.198,1.11,8,8
HD 128620_1,1.3523472160858518,0.016097071789760685,HD 128620,1.198,1.11,8,8
HD 128620_1,1.3518428542140637,0.017249365556671916,HD 128620,1.198,1.11,8,8
HD 128620_1,1.3522892241650544,0.018486070984626287,HD 128620,1.198,1.11,8,8
HD 128620_1,1.3521748460550025,0.014644778135153514,HD 128620,1.198,1.11,8,8
HD 128620_1,1.3523883202779015,0.017064262467902366,HD 128620,1.198,1.11,8,8
HD 128620_1,1.3515907066114707,0.01750702402027165,HD 128620,1.198,1.11,8,8
HD 128620_1,1.35146254986073,0.015217154249141407,HD 128620,1.198,1.11,8,8
HD 128620_1,1.3513985622572637,0.016443427151679384,HD 128620,1.198,1.11,8,8
HD 128620_1,1.3515263352405087,0.017146582020697212,HD 128620,1.198,1.11,8,8
HD 128620_1,1.3518984496865547,0.017632339723213285,HD 128620,1.198,1.11,8,8
HD 128620_1,1.3518701103521318,0.016441256754839345,HD 128620,1.198,1.11,8,8
HD 128620_1,1.3517399733108575,0.01718592664118658,HD 128620,1.198,1.11,8,8
HD 128620_1,1.3517971399183202,0.015969389274002634,HD 128620,1.198,1.11,8,8
HD 128620_1,1.351649800007315,0.017447016777419843,HD 128620,1.198,1.11,8,8
HD 128620_1,1.351101159647053,0.01625768805960758,HD 128620,1.198,1.11,8,8
HD 128620_1,1.351506157036308,0.01635590290982448,HD 128620,1.198,1.11,8,8
HD 128620_1,1.3518382560967401,0.016339133368803216,HD 128620,1.198,1.11,8,8
HD 128620_1,1.3520048931805486,0.017321006553149373,HD 128620,1.198,1.11,8,8
HD 128620_1,1.351464348392913,0.01658387788567754,HD 128620,1.198,1.11,8,8
HD 128620_1,1.352015078824589,0.015268654862649009,HD 128620,1.198,1.11,8,8
HD 128620_1,1.3526815237375018,0.019082955698249478,HD 128620,1.198,1.11,8,8
HD 128620_1,1.3514110629345142,0.018313171799960934,HD 128620,1.198,1.11,8,8
HD 128620_1,1.352417784672744,0.018988292566226743,HD 128620,1.198,1.11,8,8
HD 128620_1,1.35206264449941,0.017071553323929983,HD 128620,1.198,1.11,8,8
HD 128620_1,1.35263854588402,0.016324093994160394,HD 128620,1.198,1.11,8,8
HD 128620_1,1.3520862989447686,0.016417073333314724,HD 128620,1.198,1.11,8,8
HD 128620_1,1.3516662621744644,0.01639058323238143,HD 128620,1.198,1.11,8,8
HD 128620_1,1.352011415860555,0.014544893737744789,HD 128620,1.198,1.11,8,8
HD 128620_1,1.3527635852508058,0.01765980075950986,HD 128620,1.198,1.11,8,8
HD 128620_1,1.3520482754143524,0.01660669380789583,HD 128620,1.198,1.11,8,8
HD 128620_1,1.351581454413359,0.018125391788412208,HD 128620,1.198,1.11,8,8
HD 128620_1,1.3515414234808862,0.017925849016365947,HD 128620,1.198,1.11,8,8
HD 128620_1,1.3524330859326055,0.01634524297450616,HD 128620,1.198,1.11,8,8
HD 128620_1,1.3519219072493707,0.017252269573823326,HD 128620,1.198,1.11,8,8
HD 128620_1,1.3518529242224848,0.01874972215290266,HD 128620,1.198,1.11,8,8
HD 128620_1,1.3520661220504941,0.019071002321817476,HD 128620,1.198,1.11,8,8
HD 128620_1,1.3516891022410114,0.016493730524848677,HD 128620,1.198,1.11,8,8
HD 128620_1,1.351941518080315,0.01618836679801123,HD 128620,1.198,1.11,8,8
HD 128620_1,1.3522808428320643,0.0171879008926687,HD 128620,1.198,1.11,8,8
HD 128620_1,1.3518198155920171,0.018222034854276512,HD 128620,1.198,1.11,8,8
HD 128620_1,1.3516298154032487,0.018024173412506797,HD 128620,1.198,1.11,8,8
HD 128620_1,1.3520388787509887,0.015302902944996024,HD 128620,1.198,1.11,8,8
HD 128620_1,1.3520642270748493,0.01659111597458425,HD 128620,1.198,1.11,8,8
HD 128620_1,1.3520913211919123,0.01730284309085057,HD 128620,1.198,1.11,8,8
HD 128620_1,1.352001167471033,0.0183986249377546,HD 128620,1.198,1.11,8,8
HD 128620_1,1.3515187306923446,0.01662671366595319,HD 128620,1.198,1.11,8,8
HD 128620_1,1.3519263216370159,0.018336856957105373,HD 128620,1.198,1.11,8,8
HD 128620_1,1.3523188779035678,0.017155245127054904,HD 128620,1.198,1.11,8,8
HD 128620_1,1.352365405820329,0.017057427344177617,HD 128620,1.198,1.11,8,8
HD 128620_1,1.3518887845973768,0.01695882059074882,HD 128620,1.198,1.11,8,8
HD 128620_1,1.3516926337108097,0.016968463799180437,HD 128620,1.198,1.11,8,8
HD 128620_1,1.3520685709959657,0.019242443466308372,HD 128620,1.198,1.11,8,8
HD 128620_1,1.3523876856595445,0.015680756510444004,HD 128620,1.198,1.11,8,8
HD 128620_1,1.3519867946995425,0.015433182344887067,HD 128620,1.198,1.11,8,8
HD 128620_1,1.3522604955022504,0.017727810026193613,HD 128620,1.198,1.11,8,8
HD 128620_1,1.3515927195589768,0.017792578979767305,HD 128620,1.198,1.11,8,8
HD 128620_1,1.351877490688255,0.01608053331108499,HD 128620,1.198,1.11,8,8
HD 128620_1,1.3522063877328392,0.0160824153292616,HD 128620,1.198,1.11,8,8
HD 128620_1,1.3524881295861355,0.016494230729887017,HD 128620,1.198,1.11,8,8
HD 128620_1,1.3516902271949438,0.017210846095552904,HD 128620,1.198,1.11,8,8
HD 128620_1,1.3522358466902509,0.017509138723169226,HD 128620,1.198,1.11,8,8
HD 128620_1,1.3517592400222882,0.018219520010401377,HD 128620,1.198,1.11,8,8
HD 128620_1,1.3515366124804322,0.017081769750150605,HD 128620,1.198,1.11,8,8
HD 128620_1,1.3521432847693233,0.017169142180884223,HD 128620,1.198,1.11,8,8
HD 128620_1,1.35193562558482,0.01628207688790861,HD 128620,1.198,1.11,8,8
HD 128620_1,1.3523339365915747,0.016364731681569038,HD 128620,1.198,1.11,8,8
HD 128620_1,1.3521307691404145,0.016422785418574712,HD 128620,1.198,1.11,8,8
HD 128620_1,1.3518636006027527,0.017660005810321806,HD 128620,1.198,1.11,8,8
HD 128620_1,1.3521120639430733,0.017428723650156606,HD 128620,1.198,1.11,8,8
HD 128620_1,1.3519989517566078,0.016594326615200047,HD 128620,1.198,1.11,8,8
HD 128620_1,1.3518806992004744,0.016402009725801657,HD 128620,1.198,1.11,8,8
HD 128620_1,1.3517302643114062,0.018155169575991836,HD 128620,1.198,1.11,8,8
HD 128620_1,1.352159881941413,0.018495711191891733,HD 128620,1.198,1.11,8,8
HD 128620_1,1.3528127890662192,0.018089902633870933,HD 128620,1.198,1.11,8,8
HD 128620_1,1.3525220824085455,0.017473104837379017,HD 128620,1.198,1.11,8,8
HD 128620_1,1.351703286896112,0.014919904374009167,HD 128620,1.198,1.11,8,8
HD 128620_1,1.3520791182880558,0.017444087286609903,HD 128620,1.198,1.11,8,8
HD 128620_1,1.3523979684492275,0.016244097106046726,HD 128620,1.198,1.11,8,8
HD 128620_1,1.351538450913806,0.016387867140553757,HD 128620,1.198,1.11,8,8
HD 128620_1,1.351991551559082,0.018451584495328965,HD 128620,1.198,1.11,8,8
HD 128620_1,1.3520500289308417,0.01776962728034839,HD 128620,1.198,1.11,8,8
HD 128620_1,1.3521215122259278,0.01728082580398803,HD 128620,1.198,1.11,8,8
HD 128620_1,1.352598782534763,0.015499784008193091,HD 128620,1.198,1.11,8,8
HD 128620_1,1.3526771571779106,0.016905954992195923,HD 128620,1.198,1.11,8,8
HD 128620_1,1.352185094516569,0.0172231097309443,HD 128620,1.198,1.11,8,8
HD 128620_1,1.3523205883451304,0.016970674491528243,HD 128620,1.198,1.11,8,8
HD 128620_1,1.3520189509564382,0.017964570890380276,HD 128620,1.198,1.11,8,8
HD 128620_1,1.3520560673694366,0.01652419579847436,HD 128620,1.198,1.11,8,8
HD 128620_1,1.3518714377347838,0.016169252884169122,HD 128620,1.198,1.11,8,8
HD 128620_1,1.3516582562039787,0.017471969007054562,HD 128620,1.198,1.11,8,8
HD 128620_1,1.351908766100158,0.01700554674545776,HD 128620,1.198,1.11,8,8
HD 128620_1,1.352220089721868,0.017343744079570997,HD 128620,1.198,1.11,8,8
HD 128620_1,1.3515393339024162,0.017058226686392914,HD 128620,1.198,1.11,8,8
HD 128620_1,1.352300195303665,0.018740940392161225,HD 128620,1.198,1.11,8,8
HD 128620_1,1.3520909597000337,0.01810427559779102,HD 128620,1.198,1.11,8,8
HD 128620_1,1.352348571295774,0.0165536069052793,HD 128620,1.198,1.11,8,8
HD 128620_1,1.352077309805559,0.017088535724778926,HD 128620,1.198,1.11,8,8
HD 128620_1,1.3522834882638894,0.01761990009129437,HD 128620,1.198,1.11,8,8
HD 128620_1,1.3519486534832499,0.018289239305987418,HD 128620,1.198,1.11,8,8
HD 128620_1,1.3523607317093007,0.01741099643169091,HD 128620,1.198,1.11,8,8
HD 128620_1,1.3523415822926113,0.01769619318277482,HD 128620,1.198,1.11,8,8
HD 128620_1,1.3510905692225046,0.01807399243434352,HD 128620,1.198,1.11,8,8
HD 128620_1,1.3523611674275149,0.016755103875203237,HD 128620,1.198,1.11,8,8
HD 128620_1,1.3522061593368973,0.016645441887463253,HD 128620,1.198,1.11,8,8
HD 128620_1,1.3522338459688976,0.01641937790612402,HD 128620,1.198,1.11,8,8
HD 128620_1,1.351687485837885,0.016580161792569756,HD 128620,1.198,1.11,8,8
HD 128620_1,1.3523778517757774,0.01574236368965101,HD 128620,1.198,1.11,8,8
HD 128620_1,1.3527846391428686,0.01584467529254907,HD 128620,1.198,1.11,8,8
HD 128620_1,1.3519630563091416,0.01720579290710304,HD 128620,1.198,1.11,8,8
HD 128620_1,1.3517889790169972,0.014390004522484288,HD 128620,1.198,1.11,8,8
HD 128620_1,1.3524663289884407,0.01623647104410193,HD 128620,1.198,1.11,8,8
HD 128620_1,1.3521184362405527,0.01725130261952306,HD 128620,1.198,1.11,8,8
HD 128620_1,1.3516802737842466,0.01688797816462297,HD 128620,1.198,1.11,8,8
HD 128620_1,1.3522685908464256,0.01770881071479076,HD 128620,1.198,1.11,8,8
HD 128620_1,1.3514558293201804,0.017363429993256654,HD 128620,1.198,1.11,8,8
HD 128620_1,1.35209893843671,0.017214968102422467,HD 128620,1.198,1.11,8,8
HD 128620_1,1.3521591906473664,0.017047170538108374,HD 128620,1.198,1.11,8,8
HD 128620_1,1.3519762629911747,0.01790754269376836,HD 128620,1.198,1.11,8,8
HD 128620_1,1.351615260175322,0.016114953385125714,HD 128620,1.198,1.11,8,8
HD 128620_1,1.3524655874018985,0.018799234424355164,HD 128620,1.198,1.11,8,8
HD 128620_1,1.3514847155747955,0.015743958737863606,HD 128620,1.198,1.11,8,8
HD 128620_1,1.3521083517221937,0.017066379069961394,HD 128620,1.198,1.11,8,8
HD 128620_1,1.3521152603139566,0.018156900372221067,HD 128620,1.198,1.11,8,8
HD 128620_1,1.3516577859836083,0.01717753745822413,HD 128620,1.198,1.11,8,8
HD 128620_1,1.3520237928277599,0.018869592890247273,HD 128620,1.198,1.11,8,8
HD 128620_1,1.3523623106692277,0.017058299873415988,HD 128620,1.198,1.11,8,8
HD 128620_1,1.3518423998328748,0.01736619839599903,HD 128620,1.198,1.11,8,8
HD 128620_1,1.3517046246122189,0.01719232381427577,HD 128620,1.198,1.11,8,8
HD 128620_1,1.351566775423085,0.016001344641847663,HD 128620,1.198,1.11,8,8
HD 128620_1,1.3523825722827487,0.016104318773902098,HD 128620,1.198,1.11,8,8
HD 128620_1,1.3509266326474265,0.01699167501854917,HD 128620,1.198,1.11,8,8
HD 128620_1,1.3515066277147918,0.01644393476231217,HD 128620,1.198,1.11,8,8
HD 128620_1,1.3516379192220287,0.01804682839742191,HD 128620,1.198,1.11,8,8
HD 128620_1,1.3517957814747696,0.016770139717904014,HD 128620,1.198,1.11,8,8
HD 128620_1,1.3524926056573752,0.01640928203389894,HD 128620,1.198,1.11,8,8
HD 128620_1,1.3520917169842084,0.015496277230225973,HD 128620,1.198,1.11,8,8
HD 128620_1,1.3522407404502153,0.01735475857532952,HD 128620,1.198,1.11,8,8
HD 128620_1,1.3519593746246787,0.0178470262052455,HD 128620,1.198,1.11,8,8
HD 128620_1,1.352216004338419,0.016277986706589444,HD 128620,1.198,1.11,8,8
HD 128620_1,1.3520411466195112,0.01666042700679509,HD 128620,1.198,1.11,8,8
HD 128620_1,1.3521555077143208,0.016783048421918995,HD 128620,1.198,1.11,8,8
HD 128620_1,1.352467861384299,0.017836202088892306,HD 128620,1.198,1.11,8,8
HD 128620_1,1.3521293497908449,0.017553518601049426,HD 128620,1.198,1.11,8,8
HD 128620_1,1.3522552842067872,0.017240373336039807,HD 128620,1.198,1.11,8,8
HD 128620_1,1.351368878662658,0.016318774969374866,HD 128620,1.198,1.11,8,8
HD 128620_1,1.3518550977742112,0.016962659957452456,HD 128620,1.198,1.11,8,8
HD 128620_1,1.3522140775298914,0.019039517317960435,HD 128620,1.198,1.11,8,8
HD 128620_1,1.35142685020129,0.01752256885773836,HD 128620,1.198,1.11,8,8
HD 128620_1,1.3521620659354117,0.017520777560756984,HD 128620,1.198,1.11,8,8
HD 128620_1,1.351759773001547,0.017124052068985873,HD 128620,1.198,1.11,8,8
HD 128620_1,1.3517396806654065,0.01803088402437986,HD 128620,1.198,1.11,8,8
HD 128620_1,1.352066078655648,0.018137138073087523,HD 128620,1.198,1.11,8,8
HD 128620_1,1.3518347016250047,0.014866975332924092,HD 128620,1.198,1.11,8,8
HD 128620_1,1.3523256968265553,0.0177903234444349,HD 128620,1.198,1.11,8,8
HD 128620_1,1.3514115538846194,0.01665237749201909,HD 128620,1.198,1.11,8,8
HD 128620_1,1.3518147948379182,0.017383730408267274,HD 128620,1.198,1.11,8,8
HD 128620_1,1.3523884734091178,0.016668481066579317,HD 128620,1.198,1.11,8,8
HD 128620_1,1.3526818639093432,0.01674255571834152,HD 128620,1.198,1.11,8,8
HD 128620_1,1.3521830543092506,0.016250448171890884,HD 128620,1.198,1.11,8,8
HD 128620_1,1.3520222202772023,0.019254001372880865,HD 128620,1.198,1.11,8,8
HD 128620_1,1.3520928168651243,0.018471292344415392,HD 128620,1.198,1.11,8,8
HD 128620_1,1.35156987727774,0.016412970908059012,HD 128620,1.198,1.11,8,8
HD 128620_1,1.3513853545243095,0.016641367565166796,HD 128620,1.198,1.11,8,8
HD 128620_1,1.3517236569674935,0.017053508610942583,HD 128620,1.198,1.11,8,8
HD 128620_1,1.3519291779405518,0.01672113734875048,HD 128620,1.198,1.11,8,8
HD 128620_1,1.3514340215788925,0.0153296702694627,HD 128620,1.198,1.11,8,8
HD 128620_1,1.3515779906432397,0.017380311795822473,HD 128620,1.198,1.11,8,8
HD 128620_1,1.3524557963392272,0.018708203473733285,HD 128620,1.198,1.11,8,8
HD 128620_1,1.3515369109675222,0.02029040578168532,HD 128620,1.198,1.11,8,8
HD 128620_1,1.3520867014723228,0.018392095894308496,HD 128620,1.198,1.11,8,8
HD 128620_1,1.351707414256192,0.01642340966660704,HD 128620,1.198,1.11,8,8
HD 128620_1,1.3522465537631392,0.017720242650670584,HD 128620,1.198,1.11,8,8
HD 128620_1,1.352043898504592,0.01680009934506757,HD 128620,1.198,1.11,8,8
HD 128620_1,1.3524848116012762,0.015596001512165975,HD 128620,1.198,1.11,8,8
HD 128620_1,1.351469911707926,0.015377111168804006,HD 128620,1.198,1.11,8,8
HD 128620_1,1.3521132762416912,0.016999879671716383,HD 128620,1.198,1.11,8,8
HD 128620_1,1.3521294119625156,0.01690848232539165,HD 128620,1.198,1.11,8,8
HD 128620_1,1.3521312653041073,0.016003975832705998,HD 128620,1.198,1.11,8,8
HD 128620_1,1.3521848786203472,0.015360872011217261,HD 128620,1.198,1.11,8,8
HD 128620_1,1.3522684687939723,0.017361257214789313,HD 128620,1.198,1.11,8,8
HD 128620_1,1.3520161200354535,0.01655183733351417,HD 128620,1.198,1.11,8,8
HD 128620_1,1.3517251410951665,0.015977514432509467,HD 128620,1.198,1.11,8,8
HD 128620_1,1.3520564471429348,0.01789405693645109,HD 128620,1.198,1.11,8,8
HD 128620_1,1.3522518868734457,0.017130210882465042,HD 128620,1.198,1.11,8,8
HD 128620_1,1.350874216001274,0.016769055282472724,HD 128620,1.198,1.11,8,8
HD 128620_1,1.351879870765618,0.015400437946618042,HD 128620,1.198,1.11,8,8
HD 128620_1,1.351993151525927,0.01738046516488439,HD 128620,1.198,1.11,8,8
HD 128620_1,1.3518602547552654,0.017713467072356444,HD 128620,1.198,1.11,8,8
HD 128620_1,1.3516611417123459,0.016437766359224993,HD 128620,1.198,1.11,8,8
HD 128620_1,1.3521494628471522,0.01710113078691692,HD 128620,1.198,1.11,8,8
HD 128620_1,1.3519930385436325,0.016439272951987462,HD 128620,1.198,1.11,8,8
HD 128620_1,1.351858821130573,0.01909071073861632,HD 128620,1.198,1.11,8,8
HD 128620_1,1.3518363520128285,0.01750295195347893,HD 128620,1.198,1.11,8,8
HD 128620_1,1.3522215011022565,0.01753136977636185,HD 128620,1.198,1.11,8,8
HD 128620_1,1.3518143124409765,0.015803710370989387,HD 128620,1.198,1.11,8,8
HD 128620_1,1.3519609590864385,0.016300665520035798,HD 128620,1.198,1.11,8,8
HD 128620_1,1.3518687265830318,0.01706535575785977,HD 128620,1.198,1.11,8,8
HD 128620_1,1.3522627341845004,0.01641284194391458,HD 128620,1.198,1.11,8,8
HD 128620_1,1.3519530202523284,0.01554394535269563,HD 128620,1.198,1.11,8,8
HD 128620_1,1.3520465001409634,0.016301559106463217,HD 128620,1.198,1.11,8,8
HD 128620_1,1.35252494032819,0.019169913938783662,HD 128620,1.198,1.11,8,8
HD 128620_1,1.3521319310184294,0.018726031590214614,HD 128620,1.198,1.11,8,8
HD 128620_1,1.3522542606463126,0.017192418761409416,HD 128620,1.198,1.11,8,8
HD 128620_1,1.351834394636728,0.014993678817209692,HD 128620,1.198,1.11,8,8
HD 128620_1,1.352046000869547,0.01656686589361538,HD 128620,1.198,1.11,8,8
HD 128620_1,1.3520770578491517,0.01587937639092748,HD 128620,1.198,1.11,8,8
HD 128620_1,1.3518872835307807,0.01759759041085359,HD 128620,1.198,1.11,8,8
HD 128620_1,1.3517817474831666,0.017772426675849162,HD 128620,1.198,1.11,8,8
HD 128620_1,1.3519163364062095,0.016302871897999772,HD 128620,1.198,1.11,8,8
HD 128620_1,1.3518391664748168,0.016119569592721317,HD 128620,1.198,1.11,8,8
HD 128620_1,1.3523951646230012,0.0163038213785943,HD 128620,1.198,1.11,8,8
HD 128620_1,1.3514779966660353,0.01660275363811466,HD 128620,1.198,1.11,8,8
HD 128620_1,1.3519028669340258,0.015334117561864632,HD 128620,1.198,1.11,8,8
HD 128620_1,1.3515418646802395,0.01546053840375616,HD 128620,1.198,1.11,8,8
HD 128620_1,1.352377962144263,0.01822122887775772,HD 128620,1.198,1.11,8,8
HD 128620_1,1.3512560618992138,0.01669760024168999,HD 128620,1.198,1.11,8,8
HD 128620_1,1.3518456143614102,0.015644816177510807,HD 128620,1.198,1.11,8,8
HD 128620_1,1.3519436907084628,0.017461091988452134,HD 128620,1.198,1.11,8,8
HD 128620_1,1.351920195631757,0.018071323118831223,HD 128620,1.198,1.11,8,8
HD 128620_1,1.3518074449086577,0.01737826852709144,HD 128620,1.198,1.11,8,8
HD 128620_1,1.3522759686388421,0.018488407615843146,HD 128620,1.198,1.11,8,8
HD 128620_1,1.352708170061793,0.01765877720415775,HD 128620,1.198,1.11,8,8
HD 128620_1,1.351864588824424,0.018014171774424062,HD 128620,1.198,1.11,8,8
HD 128620_1,1.3518372383211608,0.016795331235347648,HD 128620,1.198,1.11,8,8
HD 128620_1,1.3515583995645877,0.017253890154796232,HD 128620,1.198,1.11,8,8
HD 128620_1,1.3515045726685384,0.017332664232547635,HD 128620,1.198,1.11,8,8
HD 128620_1,1.3515500868733152,0.016743938824293387,HD 128620,1.198,1.11,8,8
HD 128620_1,1.3522932853310923,0.018527728126086,HD 128620,1.198,1.11,8,8
HD 128620_1,1.3523569335117263,0.01642427109799909,HD 128620,1.198,1.11,8,8
HD 128620_1,1.3518917772719146,0.016902855884019966,HD 128620,1.198,1.11,8,8
HD 128620_1,1.3518759451755755,0.017294853414116896,HD 128620,1.198,1.11,8,8
HD 128620_1,1.3519307675814893,0.01717882353502723,HD 128620,1.198,1.11,8,8
HD 128620_1,1.3522370116309241,0.015076562990773453,HD 128620,1.198,1.11,8,8
HD 128620_1,1.351821200677546,0.017303240673253242,HD 128620,1.198,1.11,8,8
HD 128620_1,1.3519801366801674,0.019084645460514808,HD 128620,1.198,1.11,8,8
HD 128620_1,1.3525347748948084,0.018968889126565535,HD 128620,1.198,1.11,8,8
HD 128620_1,1.3520490111770478,0.017424799737938982,HD 128620,1.198,1.11,8,8
HD 128620_1,1.3530335348725424,0.01680152091982591,HD 128620,1.198,1.11,8,8
HD 128620_1,1.351663533316849,0.017242457626710183,HD 128620,1.198,1.11,8,8
HD 128620_1,1.351700777593174,0.01728067904856927,HD 128620,1.198,1.11,8,8
HD 128620_1,1.3517221925409955,0.01710962474558091,HD 128620,1.198,1.11,8,8
HD 128620_1,1.3512346921761405,0.015975742190100208,HD 128620,1.198,1.11,8,8
HD 128620_1,1.3516880285592139,0.01715421888493896,HD 128620,1.198,1.11,8,8
HD 128620_1,1.351843183992784,0.017766965794345665,HD 128620,1.198,1.11,8,8
HD 128620_1,1.3515841901851564,0.015769705852073622,HD 128620,1.198,1.11,8,8
HD 128620_1,1.3520321925879013,0.01740773131060948,HD 128620,1.198,1.11,8,8
HD 128620_1,1.352017851001116,0.01787348951307493,HD 128620,1.198,1.11,8,8
HD 128620_1,1.352211033159796,0.017197860729178793,HD 128620,1.198,1.11,8,8
HD 128620_1,1.3519117106806613,0.017108614852016122,HD 128620,1.198,1.11,8,8
HD 128620_1,1.352478814366689,0.01650334432724274,HD 128620,1.198,1.11,8,8
HD 128620_1,1.3525304574306094,0.016615403548680425,HD 128620,1.198,1.11,8,8
HD 128620_1,1.3521531417346802,0.018363466962957452,HD 128620,1.198,1.11,8,8
HD 128620_1,1.3513480945450593,0.015351383898565652,HD 128620,1.198,1.11,8,8
HD 128620_1,1.351871071557617,0.016376619191876503,HD 128620,1.198,1.11,8,8
HD 128620_1,1.3523826173821667,0.016666766126646974,HD 128620,1.198,1.11,8,8
HD 128620_1,1.3516340947297831,0.017523352786933743,HD 128620,1.198,1.11,8,8
HD 128620_1,1.3519287717149557,0.018512957731504298,HD 128620,1.198,1.11,8,8
HD 128620_1,1.3516947947372906,0.017354970926661297,HD 128620,1.198,1.11,8,8
HD 128620_1,1.3521691193028813,0.015543166648664706,HD 128620,1.198,1.11,8,8
HD 128620_1,1.3520931443814865,0.018042638577577607,HD 128620,1.198,1.11,8,8
HD 128620_1,1.3516111521681766,0.015765645261065456,HD 128620,1.198,1.11,8,8
HD 128620_1,1.3520098333708486,0.015981974258096172,HD 128620,1.198,1.11,8,8
HD 128620_1,1.3516293448506693,0.018006959610141423,HD 128620,1.198,1.11,8,8
HD 128620_1,1.3522189406569933,0.017916877765714403,HD 128620,1.198,1.11,8,8
HD 128620_1,1.3522616047714573,0.016048837547130854,HD 128620,1.198,1.11,8,8
HD 128620_1,1.3520248666091357,0.018042266628007918,HD 128620,1.198,1.11,8,8
HD 128620_1,1.3512501208078567,0.016664698956846236,HD 128620,1.198,1.11,8,8
HD 128620_1,1.3521406234315279,0.015711095814412337,HD 128620,1.198,1.11,8,8
HD 128620_1,1.3526106128375355,0.01942844255489513,HD 128620,1.198,1.11,8,8
HD 128620_1,1.352216753785435,0.015351295746898749,HD 128620,1.198,1.11,8,8
HD 128620_1,1.3524957319129542,0.017407128342868727,HD 128620,1.198,1.11,8,8
HD 128620_1,1.3515252702856706,0.017132977751765647,HD 128620,1.198,1.11,8,8
HD 128620_1,1.3515492412208612,0.01663933408351791,HD 128620,1.198,1.11,8,8
HD 128620_1,1.3519443130456046,0.01674240173330397,HD 128620,1.198,1.11,8,8
HD 128620_1,1.3516973405901886,0.016880197641455402,HD 128620,1.198,1.11,8,8
HD 128620_1,1.3516578207090768,0.01870130341558806,HD 128620,1.198,1.11,8,8
HD 128620_1,1.3522338253787334,0.015939313914665548,HD 128620,1.198,1.11,8,8
HD 128620_1,1.3525023350895768,0.01771307553908789,HD 128620,1.198,1.11,8,8
HD 128620_1,1.3524516364565977,0.017451954102661003,HD 128620,1.198,1.11,8,8
HD 128620_1,1.3520927264102252,0.015981961353147483,HD 128620,1.198,1.11,8,8
HD 128620_1,1.3517514756667193,0.016295543541772692,HD 128620,1.198,1.11,8,8
HD 128620_1,1.3523166882080722,0.01637131097828408,HD 128620,1.198,1.11,8,8
HD 128620_1,1.3514669080540787,0.01734296653331434,HD 128620,1.198,1.11,8,8
HD 128620_1,1.3521622056767688,0.015709372687566395,HD 128620,1.198,1.11,8,8
HD 128620_1,1.3516952085951899,0.017323998433051033,HD 128620,1.198,1.11,8,8
HD 128620_1,1.3520279768897563,0.016955055259286752,HD 128620,1.198,1.11,8,8
HD 128620_1,1.3525668663773138,0.01968787698369983,HD 128620,1.198,1.11,8,8
HD 128620_1,1.3523968824593227,0.016048971937130375,HD 128620,1.198,1.11,8,8
HD 128620_1,1.3521879875326914,0.016650508352015276,HD 128620,1.198,1.11,8,8
HD 128620_1,1.3522360131273572,0.01630860781250632,HD 128620,1.198,1.11,8,8
HD 128620_1,1.3516988992497263,0.01577825295901265,HD 128620,1.198,1.11,8,8
HD 128620_1,1.3520557679327128,0.018024864203570207,HD 128620,1.198,1.11,8,8
HD 128620_1,1.352051343809357,0.01570612124947935,HD 128620,1.198,1.11,8,8
HD 128620_1,1.3523576950510752,0.017952707040671465,HD 128620,1.198,1.11,8,8
HD 128620_1,1.3521104150397671,0.017529515301739282,HD 128620,1.198,1.11,8,8
HD 128620_1,1.352812362445255,0.018605306831590306,HD 128620,1.198,1.11,8,8
HD 128620_1,1.3515602923180845,0.01589861090506511,HD 128620,1.198,1.11,8,8
HD 128620_1,1.351833392799523,0.01618845174112329,HD 128620,1.198,1.11,8,8
HD 128620_1,1.352302818341734,0.016122230835182015,HD 128620,1.198,1.11,8,8
HD 128620_1,1.3509801272016975,0.017370611336461887,HD 128620,1.198,1.11,8,8
HD 128620_1,1.3518498741667155,0.017053702808290914,HD 128620,1.198,1.11,8,8
HD 128620_1,1.3521174929043258,0.016856249065268895,HD 128620,1.198,1.11,8,8
HD 128620_1,1.3517256088449963,0.017676567747531142,HD 128620,1.198,1.11,8,8
HD 128620_1,1.3522065054900858,0.017921585077713312,HD 128620,1.198,1.11,8,8
HD 128620_1,1.3518415181899337,0.016691554134505494,HD 128620,1.198,1.11,8,8
HD 128620_1,1.3512085728415368,0.015606123942722174,HD 128620,1.198,1.11,8,8
HD 128620_1,1.3513357209948542,0.017410204265999808,HD 128620,1.198,1.11,8,8
HD 128620_1,1.3522408181062788,0.018115673104010188,HD 128620,1.198,1.11,8,8
HD 128620_1,1.351708145450259,0.018530144998430934,HD 128620,1.198,1.11,8,8
HD 128620_1,1.3524692884039795,0.015412060063109023,HD 128620,1.198,1.11,8,8
HD 128620_1,1.3520982812397466,0.016899848657826216,HD 128620,1.198,1.11,8,8
HD 128620_1,1.3523506199655773,0.020989658205031986,HD 128620,1.198,1.11,8,8
HD 128620_1,1.3520747982685637,0.017229535160766377,HD 128620,1.198,1.11,8,8
HD 187691 A_1,3.7311858218111094,0.10446374911798258,HD 187691 A,1.018,1.25,8,5
HD 187691 A_1,3.7817850081228572,0.12654843854492165,HD 187691 A,1.018,1.25,8,5
HD 187691 A_1,3.7304085120693524,0.09101693872192808,HD 187691 A,1.018,1.25,8,5
HD 187691 A_1,3.7388563783604294,0.11230828374753264,HD 187691 A,1.018,1.25,8,5
HD 187691 A_1,3.766107591941149,0.11155244466503077,HD 187691 A,1.018,1.25,8,5
HD 187691 A_1,3.774764085618183,0.09352259404003468,HD 187691 A,1.018,1.25,8,5
HD 187691 A_1,3.7645772548237586,0.12051933141094599,HD 187691 A,1.018,1.25,8,5
HD 187691 A_1,3.724001626129568,0.11479284363307606,HD 187691 A,1.018,1.25,8,5
HD 187691 A_1,3.754522510462553,0.11823192039079079,HD 187691 A,1.018,1.25,8,5
HD 187691 A_1,3.6983866303709463,0.13969513346358683,HD 187691 A,1.018,1.25,8,5
HD 187691 A_1,3.772149036046203,0.10912527204601608,HD 187691 A,1.018,1.25,8,5
HD 187691 A_1,3.726230676972042,0.1196751867707762,HD 187691 A,1.018,1.25,8,5
HD 187691 A_1,3.7132791625612493,0.1190738826154871,HD 187691 A,1.018,1.25,8,5
HD 187691 A_1,3.7627012039625254,0.08429990104262702,HD 187691 A,1.018,1.25,8,5
HD 187691 A_1,3.735975140281557,0.1027537466692737,HD 187691 A,1.018,1.25,8,5
HD 187691 A_1,3.7005751078814044,0.1095144248875494,HD 187691 A,1.018,1.25,8,5
HD 187691 A_1,3.7352319389742688,0.10679489880641173,HD 187691 A,1.018,1.25,8,5
HD 187691 A_1,3.6963803674758666,0.12167342023060886,HD 187691 A,1.018,1.25,8,5
HD 187691 A_1,3.7081657976561075,0.09866181064944751,HD 187691 A,1.018,1.25,8,5
HD 187691 A_1,3.7502969540723194,0.11146921697207272,HD 187691 A,1.018,1.25,8,5
HD 187691 A_1,3.730335776788545,0.08474538919672257,HD 187691 A,1.018,1.25,8,5
HD 187691 A_1,3.6796803118547334,0.116455816816119,HD 187691 A,1.018,1.25,8,5
HD 187691 A_1,3.738074603480987,0.08707869755185421,HD 187691 A,1.018,1.25,8,5
HD 187691 A_1,3.785885195045968,0.10511052173632504,HD 187691 A,1.018,1.25,8,5
HD 187691 A_1,3.75368533826721,0.09157123759217259,HD 187691 A,1.018,1.25,8,5
HD 187691 A_1,3.7184128035076727,0.10407047442328558,HD 187691 A,1.018,1.25,8,5
HD 187691 A_1,3.782937617861267,0.11097986490949238,HD 187691 A,1.018,1.25,8,5
HD 187691 A_1,3.7711647540188187,0.11367650293706012,HD 187691 A,1.018,1.25,8,5
HD 187691 A_1,3.690663101212284,0.11214136525826228,HD 187691 A,1.018,1.25,8,5
HD 187691 A_1,3.6906557981133523,0.11003811037378858,HD 187691 A,1.018,1.25,8,5
HD 187691 A_1,3.717426589978223,0.10443114014613922,HD 187691 A,1.018,1.25,8,5
HD 187691 A_1,3.7511151190895586,0.10439055436833727,HD 187691 A,1.018,1.25,8,5
HD 187691 A_1,3.6937098158787984,0.0974673318819981,HD 187691 A,1.018,1.25,8,5
HD 187691 A_1,3.7195474566911315,0.10152805177680244,HD 187691 A,1.018,1.25,8,5
HD 187691 A_1,3.7287403404063797,0.09665408134865647,HD 187691 A,1.018,1.25,8,5
HD 187691 A_1,3.7831834242660047,0.10919469024707829,HD 187691 A,1.018,1.25,8,5
HD 187691 A_1,3.7416536755722936,0.11021917251513849,HD 187691 A,1.018,1.25,8,5
HD 187691 A_1,3.791913886747863,0.08116024962117539,HD 187691 A,1.018,1.25,8,5
HD 187691 A_1,3.7239641429751487,0.11376175895633862,HD 187691 A,1.018,1.25,8,5
HD 187691 A_1,3.7186002725389016,0.1335586742680766,HD 187691 A,1.018,1.25,8,5
HD 187691 A_1,3.7361046871271206,0.10900927196057103,HD 187691 A,1.018,1.25,8,5
HD 187691 A_1,3.706038785526244,0.09906186458683154,HD 187691 A,1.018,1.25,8,5
HD 187691 A_1,3.733325754765208,0.12075330537063612,HD 187691 A,1.018,1.25,8,5
HD 187691 A_1,3.767038591185296,0.08524981053673639,HD 187691 A,1.018,1.25,8,5
HD 187691 A_1,3.7583521520434946,0.1047015687812103,HD 187691 A,1.018,1.25,8,5
HD 187691 A_1,3.7421201016838697,0.12333387557933177,HD 187691 A,1.018,1.25,8,5
HD 187691 A_1,3.671203510026858,0.13003805620664283,HD 187691 A,1.018,1.25,8,5
HD 187691 A_1,3.725265198647884,0.12078310311287326,HD 187691 A,1.018,1.25,8,5
HD 187691 A_1,3.672043432849628,0.11060998739250442,HD 187691 A,1.018,1.25,8,5
HD 187691 A_1,3.7112499685762645,0.12937430321185145,HD 187691 A,1.018,1.25,8,5
HD 187691 A_1,3.6742361995183948,0.10463051664333693,HD 187691 A,1.018,1.25,8,5
HD 187691 A_1,3.724265810611952,0.09637761403066625,HD 187691 A,1.018,1.25,8,5
HD 187691 A_1,3.7928857351636793,0.11268907850168519,HD 187691 A,1.018,1.25,8,5
HD 187691 A_1,3.7723560427336853,0.10993321605428429,HD 187691 A,1.018,1.25,8,5
HD 187691 A_1,3.6930470665830764,0.09602835731907308,HD 187691 A,1.018,1.25,8,5
HD 187691 A_1,3.640826439711687,0.11375075649179896,HD 187691 A,1.018,1.25,8,5
HD 187691 A_1,3.770832916647775,0.11479823269842851,HD 187691 A,1.018,1.25,8,5
HD 187691 A_1,3.7695195854575703,0.09034259820120669,HD 187691 A,1.018,1.25,8,5
HD 187691 A_1,3.7520061607142905,0.10304387500382908,HD 187691 A,1.018,1.25,8,5
HD 187691 A_1,3.748610626974179,0.09975444467876346,HD 187691 A,1.018,1.25,8,5
HD 187691 A_1,3.7280240334814643,0.10107216391992181,HD 187691 A,1.018,1.25,8,5
HD 187691 A_1,3.7143531007261976,0.11934206824729564,HD 187691 A,1.018,1.25,8,5
HD 187691 A_1,3.767235417265545,0.09410069304758055,HD 187691 A,1.018,1.25,8,5
HD 187691 A_1,3.7423678617461658,0.11441306469461208,HD 187691 A,1.018,1.25,8,5
HD 187691 A_1,3.7214169128969377,0.09382189081148286,HD 187691 A,1.018,1.25,8,5
HD 187691 A_1,3.7287908843777586,0.07528096206699969,HD 187691 A,1.018,1.25,8,5
HD 187691 A_1,3.782681540001428,0.10968201099314681,HD 187691 A,1.018,1.25,8,5
HD 187691 A_1,3.743871203841245,0.11309068518538079,HD 187691 A,1.018,1.25,8,5
HD 187691 A_1,3.6629002331474037,0.12299485628513475,HD 187691 A,1.018,1.25,8,5
HD 187691 A_1,3.710723530797314,0.0973420897216943,HD 187691 A,1.018,1.25,8,5
HD 187691 A_1,3.7538654624910857,0.10307429630183829,HD 187691 A,1.018,1.25,8,5
HD 187691 A_1,3.767493807903769,0.11114972971755843,HD 187691 A,1.018,1.25,8,5
HD 187691 A_1,3.7088800765556384,0.11813857091065565,HD 187691 A,1.018,1.25,8,5
HD 187691 A_1,3.7488416983328112,0.11186290595582736,HD 187691 A,1.018,1.25,8,5
HD 187691 A_1,3.7284720580570827,0.11568794780483199,HD 187691 A,1.018,1.25,8,5
HD 187691 A_1,3.721413142352953,0.10198731327411595,HD 187691 A,1.018,1.25,8,5
HD 187691 A_1,3.737599703091077,0.11773707865804267,HD 187691 A,1.018,1.25,8,5
HD 187691 A_1,3.712947402584852,0.12347421829329448,HD 187691 A,1.018,1.25,8,5
HD 187691 A_1,3.7242965959499212,0.09846721353920417,HD 187691 A,1.018,1.25,8,5
HD 187691 A_1,3.761096133008161,0.12349044516597699,HD 187691 A,1.018,1.25,8,5
HD 187691 A_1,3.7173608271769147,0.09932827330531961,HD 187691 A,1.018,1.25,8,5
HD 187691 A_1,3.7731207249712124,0.11456357171511877,HD 187691 A,1.018,1.25,8,5
HD 187691 A_1,3.731783619662099,0.11789273678209639,HD 187691 A,1.018,1.25,8,5
HD 187691 A_1,3.731904434729497,0.10862754258064583,HD 187691 A,1.018,1.25,8,5
HD 187691 A_1,3.70154804508389,0.11306425002565544,HD 187691 A,1.018,1.25,8,5
HD 187691 A_1,3.73275833152937,0.09646559947090418,HD 187691 A,1.018,1.25,8,5
HD 187691 A_1,3.705232970214536,0.10228654824081312,HD 187691 A,1.018,1.25,8,5
HD 187691 A_1,3.7529411189265787,0.10954172489722133,HD 187691 A,1.018,1.25,8,5
HD 187691 A_1,3.6969237801984143,0.11730255156776524,HD 187691 A,1.018,1.25,8,5
HD 187691 A_1,3.7053728637971033,0.10157096555278404,HD 187691 A,1.018,1.25,8,5
HD 187691 A_1,3.7183325428643017,0.09521266129078979,HD 187691 A,1.018,1.25,8,5
HD 187691 A_1,3.8385084421705744,0.11945545871393196,HD 187691 A,1.018,1.25,8,5
HD 187691 A_1,3.714190191406756,0.08008624004945795,HD 187691 A,1.018,1.25,8,5
HD 187691 A_1,3.6832432253088343,0.09697553666972072,HD 187691 A,1.018,1.25,8,5
HD 187691 A_1,3.7393415581253397,0.10685660412672691,HD 187691 A,1.018,1.25,8,5
HD 187691 A_1,3.7259228065717496,0.10912509386082464,HD 187691 A,1.018,1.25,8,5
HD 187691 A_1,3.7370510220993394,0.12060254070539304,HD 187691 A,1.018,1.25,8,5
HD 187691 A_1,3.7224103261001313,0.12342976258320142,HD 187691 A,1.018,1.25,8,5
HD 187691 A_1,3.8088946021739982,0.13349651136231744,HD 187691 A,1.018,1.25,8,5
HD 187691 A_1,3.72307861211345,0.12058790618022326,HD 187691 A,1.018,1.25,8,5
HD 187691 A_1,3.727460763287555,0.11015647931964195,HD 187691 A,1.018,1.25,8,5
HD 187691 A_1,3.7078170983374084,0.07585485288060649,HD 187691 A,1.018,1.25,8,5
HD 187691 A_1,3.717999771238166,0.10468827736653746,HD 187691 A,1.018,1.25,8,5
HD 187691 A_1,3.6476048808407415,0.09822048310609115,HD 187691 A,1.018,1.25,8,5
HD 187691 A_1,3.6757041241744743,0.12579181208940785,HD 187691 A,1.018,1.25,8,5
HD 187691 A_1,3.7208231986290747,0.10647486492558023,HD 187691 A,1.018,1.25,8,5
HD 187691 A_1,3.731904974263873,0.10594580742088641,HD 187691 A,1.018,1.25,8,5
HD 187691 A_1,3.7884534163395274,0.10056071474692253,HD 187691 A,1.018,1.25,8,5
HD 187691 A_1,3.712632625128886,0.09639837884408012,HD 187691 A,1.018,1.25,8,5
HD 187691 A_1,3.792261592727188,0.09635693156451791,HD 187691 A,1.018,1.25,8,5
HD 187691 A_1,3.7800432716215275,0.11165332832779076,HD 187691 A,1.018,1.25,8,5
HD 187691 A_1,3.7336200192265645,0.11458124975464885,HD 187691 A,1.018,1.25,8,5
HD 187691 A_1,3.705463846293822,0.09410427790439574,HD 187691 A,1.018,1.25,8,5
HD 187691 A_1,3.6924555749118726,0.09747825336570225,HD 187691 A,1.018,1.25,8,5
HD 187691 A_1,3.7676508451473483,0.10578881828179734,HD 187691 A,1.018,1.25,8,5
HD 187691 A_1,3.6724011860274386,0.10524983175164723,HD 187691 A,1.018,1.25,8,5
HD 187691 A_1,3.731771464972037,0.08792419046009069,HD 187691 A,1.018,1.25,8,5
HD 187691 A_1,3.76803255898195,0.12108357560015569,HD 187691 A,1.018,1.25,8,5
HD 187691 A_1,3.684701186175037,0.1371032974558709,HD 187691 A,1.018,1.25,8,5
HD 187691 A_1,3.687679628097568,0.1118772206826474,HD 187691 A,1.018,1.25,8,5
HD 187691 A_1,3.7371687560480664,0.09355548138546003,HD 187691 A,1.018,1.25,8,5
HD 187691 A_1,3.7468111295489095,0.08242994327536393,HD 187691 A,1.018,1.25,8,5
HD 187691 A_1,3.6959686890888315,0.11589403812022601,HD 187691 A,1.018,1.25,8,5
HD 187691 A_1,3.7349694193140075,0.1289627535203406,HD 187691 A,1.018,1.25,8,5
HD 187691 A_1,3.7375314961587525,0.10238465596093305,HD 187691 A,1.018,1.25,8,5
HD 187691 A_1,3.746280878642314,0.1297076516053929,HD 187691 A,1.018,1.25,8,5
HD 187691 A_1,3.7494160966078924,0.11299432885622908,HD 187691 A,1.018,1.25,8,5
HD 187691 A_1,3.760343960525149,0.09982110880795161,HD 187691 A,1.018,1.25,8,5
HD 187691 A_1,3.747735694300073,0.13820200742788333,HD 187691 A,1.018,1.25,8,5
HD 187691 A_1,3.6967982934571935,0.09567831492075268,HD 187691 A,1.018,1.25,8,5
HD 187691 A_1,3.7374798712996005,0.08321013226276561,HD 187691 A,1.018,1.25,8,5
HD 187691 A_1,3.7425271848405592,0.11361553547223978,HD 187691 A,1.018,1.25,8,5
HD 187691 A_1,3.741089096340676,0.12679908927992545,HD 187691 A,1.018,1.25,8,5
HD 187691 A_1,3.7302890344776203,0.10329144210985897,HD 187691 A,1.018,1.25,8,5
HD 187691 A_1,3.793840044700258,0.13048972926270103,HD 187691 A,1.018,1.25,8,5
HD 187691 A_1,3.748118662233182,0.10172782538150252,HD 187691 A,1.018,1.25,8,5
HD 187691 A_1,3.729296767241758,0.11469397172900563,HD 187691 A,1.018,1.25,8,5
HD 187691 A_1,3.715280812259611,0.06263664591498609,HD 187691 A,1.018,1.25,8,5
HD 187691 A_1,3.7591708413511844,0.10749750547494831,HD 187691 A,1.018,1.25,8,5
HD 187691 A_1,3.7692469812272797,0.08981348123646338,HD 187691 A,1.018,1.25,8,5
HD 187691 A_1,3.7170950568771084,0.11325971429365081,HD 187691 A,1.018,1.25,8,5
HD 187691 A_1,3.723726797160406,0.10919381403115616,HD 187691 A,1.018,1.25,8,5
HD 187691 A_1,3.753451343171225,0.12118822530987737,HD 187691 A,1.018,1.25,8,5
HD 187691 A_1,3.7103462830778096,0.13019381536976798,HD 187691 A,1.018,1.25,8,5
HD 187691 A_1,3.735596826840846,0.097423313158822,HD 187691 A,1.018,1.25,8,5
HD 187691 A_1,3.7186833499693583,0.12051401397863812,HD 187691 A,1.018,1.25,8,5
HD 187691 A_1,3.727945848043728,0.09688243105123308,HD 187691 A,1.018,1.25,8,5
HD 187691 A_1,3.7575664408726186,0.10378137679292314,HD 187691 A,1.018,1.25,8,5
HD 187691 A_1,3.7034075781022704,0.1198945115176757,HD 187691 A,1.018,1.25,8,5
HD 187691 A_1,3.7204406949901503,0.1253973893834028,HD 187691 A,1.018,1.25,8,5
HD 187691 A_1,3.741005391997349,0.1321249467032386,HD 187691 A,1.018,1.25,8,5
HD 187691 A_1,3.7303142374238347,0.11779840912030183,HD 187691 A,1.018,1.25,8,5
HD 187691 A_1,3.6878629170749635,0.08678836405196161,HD 187691 A,1.018,1.25,8,5
HD 187691 A_1,3.6823518846086283,0.09467462363645818,HD 187691 A,1.018,1.25,8,5
HD 187691 A_1,3.777718341052921,0.10203532082161762,HD 187691 A,1.018,1.25,8,5
HD 187691 A_1,3.739552915817427,0.11402890438692793,HD 187691 A,1.018,1.25,8,5
HD 187691 A_1,3.709416371431463,0.11819468354818599,HD 187691 A,1.018,1.25,8,5
HD 187691 A_1,3.6890717781794695,0.13626714923489516,HD 187691 A,1.018,1.25,8,5
HD 187691 A_1,3.6775835310788887,0.10682334612417724,HD 187691 A,1.018,1.25,8,5
HD 187691 A_1,3.713589101552058,0.10660581244217572,HD 187691 A,1.018,1.25,8,5
HD 187691 A_1,3.7007374097169543,0.11297042416553882,HD 187691 A,1.018,1.25,8,5
HD 187691 A_1,3.7619792669786793,0.1121262674314464,HD 187691 A,1.018,1.25,8,5
HD 187691 A_1,3.7432234605249537,0.08518629786334042,HD 187691 A,1.018,1.25,8,5
HD 187691 A_1,3.7001214497588153,0.11606604260068482,HD 187691 A,1.018,1.25,8,5
HD 187691 A_1,3.7222467159975143,0.1038293762264246,HD 187691 A,1.018,1.25,8,5
HD 187691 A_1,3.720044343771715,0.1024439519285866,HD 187691 A,1.018,1.25,8,5
HD 187691 A_1,3.705689595069644,0.11159446243068277,HD 187691 A,1.018,1.25,8,5
HD 187691 A_1,3.7245267333043075,0.09406082198399296,HD 187691 A,1.018,1.25,8,5
HD 187691 A_1,3.768730953985751,0.11807122475305973,HD 187691 A,1.018,1.25,8,5
HD 187691 A_1,3.7190696966239005,0.11637115597984563,HD 187691 A,1.018,1.25,8,5
HD 187691 A_1,3.7516469425919214,0.10666434992420788,HD 187691 A,1.018,1.25,8,5
HD 187691 A_1,3.70808298943859,0.1006177676717248,HD 187691 A,1.018,1.25,8,5
HD 187691 A_1,3.7228817822067692,0.11541179223951868,HD 187691 A,1.018,1.25,8,5
HD 187691 A_1,3.7387732675372294,0.11842194998400545,HD 187691 A,1.018,1.25,8,5
HD 187691 A_1,3.681737335734829,0.1316645422952254,HD 187691 A,1.018,1.25,8,5
HD 187691 A_1,3.7666925691412088,0.08157115732501746,HD 187691 A,1.018,1.25,8,5
HD 187691 A_1,3.751251319430681,0.12119881586991194,HD 187691 A,1.018,1.25,8,5
HD 187691 A_1,3.7125018990874166,0.10749766886605172,HD 187691 A,1.018,1.25,8,5
HD 187691 A_1,3.767359329044858,0.11499224715899833,HD 187691 A,1.018,1.25,8,5
HD 187691 A_1,3.7142734259891235,0.11463231524362459,HD 187691 A,1.018,1.25,8,5
HD 187691 A_1,3.7714856570277973,0.10665035816302944,HD 187691 A,1.018,1.25,8,5
HD 187691 A_1,3.76895924904423,0.1246384179220221,HD 187691 A,1.018,1.25,8,5
HD 187691 A_1,3.7249618058273763,0.1261708739436591,HD 187691 A,1.018,1.25,8,5
HD 187691 A_1,3.6887155072412776,0.12524280739524699,HD 187691 A,1.018,1.25,8,5
HD 187691 A_1,3.737061303620572,0.11172065665236687,HD 187691 A,1.018,1.25,8,5
HD 187691 A_1,3.6918141418346773,0.1096754910377094,HD 187691 A,1.018,1.25,8,5
HD 187691 A_1,3.8076306046920037,0.10881466632054675,HD 187691 A,1.018,1.25,8,5
HD 187691 A_1,3.717370299542153,0.09872878548476419,HD 187691 A,1.018,1.25,8,5
HD 187691 A_1,3.764066231725916,0.09484939501634992,HD 187691 A,1.018,1.25,8,5
HD 187691 A_1,3.7472594315186143,0.1116664796573145,HD 187691 A,1.018,1.25,8,5
HD 187691 A_1,3.751594220974873,0.10498226616622755,HD 187691 A,1.018,1.25,8,5
HD 187691 A_1,3.7430502340431198,0.11589138897632209,HD 187691 A,1.018,1.25,8,5
HD 187691 A_1,3.704649571713539,0.1234245348038956,HD 187691 A,1.018,1.25,8,5
HD 187691 A_1,3.7225073215475284,0.09676236404695349,HD 187691 A,1.018,1.25,8,5
HD 187691 A_1,3.7381044640775056,0.10668911144114354,HD 187691 A,1.018,1.25,8,5
HD 187691 A_1,3.7018428277622353,0.11697698641314594,HD 187691 A,1.018,1.25,8,5
HD 187691 A_1,3.707836751841849,0.10759703066685455,HD 187691 A,1.018,1.25,8,5
HD 187691 A_1,3.6718671145328248,0.1211013442226711,HD 187691 A,1.018,1.25,8,5
HD 187691 A_1,3.742402271419144,0.12692206498522818,HD 187691 A,1.018,1.25,8,5
HD 187691 A_1,3.720391087714428,0.10882733661550573,HD 187691 A,1.018,1.25,8,5
HD 187691 A_1,3.783970510951758,0.08231209389536216,HD 187691 A,1.018,1.25,8,5
HD 187691 A_1,3.7309394564089393,0.11277206943546983,HD 187691 A,1.018,1.25,8,5
HD 187691 A_1,3.7745773252317214,0.10491326347640285,HD 187691 A,1.018,1.25,8,5
HD 187691 A_1,3.724224960963257,0.10503504609180261,HD 187691 A,1.018,1.25,8,5
HD 187691 A_1,3.6953198406867935,0.10553941515282575,HD 187691 A,1.018,1.25,8,5
HD 187691 A_1,3.769373823465766,0.11794024161327492,HD 187691 A,1.018,1.25,8,5
HD 187691 A_1,3.7847235315382046,0.1182550456048809,HD 187691 A,1.018,1.25,8,5
HD 187691 A_1,3.713901295542598,0.13178750005055592,HD 187691 A,1.018,1.25,8,5
HD 187691 A_1,3.7264850395132325,0.09903312693755366,HD 187691 A,1.018,1.25,8,5
HD 187691 A_1,3.7353583008692803,0.11445675090296187,HD 187691 A,1.018,1.25,8,5
HD 187691 A_1,3.7856292870356474,0.11465935664478197,HD 187691 A,1.018,1.25,8,5
HD 187691 A_1,3.6267882678093772,0.08286358715805463,HD 187691 A,1.018,1.25,8,5
HD 187691 A_1,3.704739059866824,0.12022936432977599,HD 187691 A,1.018,1.25,8,5
HD 187691 A_1,3.7474627822113766,0.12191873461290995,HD 187691 A,1.018,1.25,8,5
HD 187691 A_1,3.737094504714386,0.11104722746819358,HD 187691 A,1.018,1.25,8,5
HD 187691 A_1,3.7470659106507727,0.12644119884236474,HD 187691 A,1.018,1.25,8,5
HD 187691 A_1,3.7947922061850274,0.09298622533322883,HD 187691 A,1.018,1.25,8,5
HD 187691 A_1,3.812527138506032,0.12025532914198742,HD 187691 A,1.018,1.25,8,5
HD 187691 A_1,3.7079975113600976,0.1103447503037784,HD 187691 A,1.018,1.25,8,5
HD 187691 A_1,3.788870845141263,0.11929052971801979,HD 187691 A,1.018,1.25,8,5
HD 187691 A_1,3.7533541657061265,0.1154693354911697,HD 187691 A,1.018,1.25,8,5
HD 187691 A_1,3.6971869283056917,0.11380877650574232,HD 187691 A,1.018,1.25,8,5
HD 187691 A_1,3.75324745945774,0.10957152363879107,HD 187691 A,1.018,1.25,8,5
HD 187691 A_1,3.7420275318134086,0.1175451757480157,HD 187691 A,1.018,1.25,8,5
HD 187691 A_1,3.7316858379076794,0.10277333923372074,HD 187691 A,1.018,1.25,8,5
HD 187691 A_1,3.6747106165342287,0.1056515649732355,HD 187691 A,1.018,1.25,8,5
HD 187691 A_1,3.761430297053495,0.10698159942476626,HD 187691 A,1.018,1.25,8,5
HD 187691 A_1,3.7517136185590574,0.12195374809354574,HD 187691 A,1.018,1.25,8,5
HD 187691 A_1,3.688331884444639,0.10417416205437842,HD 187691 A,1.018,1.25,8,5
HD 187691 A_1,3.7364958982848626,0.13738972862779966,HD 187691 A,1.018,1.25,8,5
HD 187691 A_1,3.7201126325118765,0.09811631300018252,HD 187691 A,1.018,1.25,8,5
HD 187691 A_1,3.763933303776099,0.10246991802995459,HD 187691 A,1.018,1.25,8,5
HD 187691 A_1,3.7326437758285484,0.09408830057905589,HD 187691 A,1.018,1.25,8,5
HD 187691 A_1,3.727792219305132,0.11478305175882417,HD 187691 A,1.018,1.25,8,5
HD 187691 A_1,3.7185353864909363,0.1140011507663647,HD 187691 A,1.018,1.25,8,5
HD 187691 A_1,3.740514209147408,0.1017700190799483,HD 187691 A,1.018,1.25,8,5
HD 187691 A_1,3.7204532478482566,0.09709170267942624,HD 187691 A,1.018,1.25,8,5
HD 187691 A_1,3.7436618867425113,0.10416762272097371,HD 187691 A,1.018,1.25,8,5
HD 187691 A_1,3.730622113500412,0.1148737592421743,HD 187691 A,1.018,1.25,8,5
HD 187691 A_1,3.7351478999015124,0.13559246257695792,HD 187691 A,1.018,1.25,8,5
HD 187691 A_1,3.757503338468955,0.10581646624132414,HD 187691 A,1.018,1.25,8,5
HD 187691 A_1,3.731418694799042,0.0903577231176797,HD 187691 A,1.018,1.25,8,5
HD 187691 A_1,3.72783905567946,0.11489600745149693,HD 187691 A,1.018,1.25,8,5
HD 187691 A_1,3.6858972804285246,0.1215539226723559,HD 187691 A,1.018,1.25,8,5
HD 187691 A_1,3.7559551454199633,0.09612508922298359,HD 187691 A,1.018,1.25,8,5
HD 187691 A_1,3.698325086339096,0.12380698713337948,HD 187691 A,1.018,1.25,8,5
HD 187691 A_1,3.7022827910979905,0.10162355478926939,HD 187691 A,1.018,1.25,8,5
HD 187691 A_1,3.6899369707193586,0.11058098442272703,HD 187691 A,1.018,1.25,8,5
HD 187691 A_1,3.7088789238677076,0.10761202486738627,HD 187691 A,1.018,1.25,8,5
HD 187691 A_1,3.691260038067211,0.101691774644118,HD 187691 A,1.018,1.25,8,5
HD 187691 A_1,3.7003212409794997,0.11406063002091772,HD 187691 A,1.018,1.25,8,5
HD 187691 A_1,3.7165717539550127,0.11340152844742893,HD 187691 A,1.018,1.25,8,5
HD 187691 A_1,3.7250737589293137,0.11049952880622557,HD 187691 A,1.018,1.25,8,5
HD 187691 A_1,3.7171008672615513,0.11319894730079809,HD 187691 A,1.018,1.25,8,5
HD 187691 A_1,3.7664509322772424,0.10531513416452193,HD 187691 A,1.018,1.25,8,5
HD 187691 A_1,3.7540233643418213,0.09123902431979528,HD 187691 A,1.018,1.25,8,5
HD 187691 A_1,3.7941884606727676,0.12532942567645192,HD 187691 A,1.018,1.25,8,5
HD 187691 A_1,3.701827080677395,0.11691990793962598,HD 187691 A,1.018,1.25,8,5
HD 187691 A_1,3.6543839710307378,0.1106054405900881,HD 187691 A,1.018,1.25,8,5
HD 187691 A_1,3.7293482782967655,0.1147837717734397,HD 187691 A,1.018,1.25,8,5
HD 187691 A_1,3.6848619194365875,0.11427907705261835,HD 187691 A,1.018,1.25,8,5
HD 187691 A_1,3.707721502945629,0.11747832806061642,HD 187691 A,1.018,1.25,8,5
HD 187691 A_1,3.692711984016156,0.09247453864837146,HD 187691 A,1.018,1.25,8,5
HD 187691 A_1,3.736814807434447,0.09023515088503964,HD 187691 A,1.018,1.25,8,5
HD 187691 A_1,3.6821248774293998,0.1212054091203289,HD 187691 A,1.018,1.25,8,5
HD 187691 A_1,3.7126139318152678,0.11382712169364137,HD 187691 A,1.018,1.25,8,5
HD 187691 A_1,3.7952046985817196,0.10867994228122824,HD 187691 A,1.018,1.25,8,5
HD 187691 A_1,3.72998149138757,0.11337493702335921,HD 187691 A,1.018,1.25,8,5
HD 187691 A_1,3.7194933992133254,0.0969501285848342,HD 187691 A,1.018,1.25,8,5
HD 187691 A_1,3.6783873518816934,0.10877264075939501,HD 187691 A,1.018,1.25,8,5
HD 187691 A_1,3.6855458094214977,0.11293091297468913,HD 187691 A,1.018,1.25,8,5
HD 187691 A_1,3.746434027968744,0.12128960732336272,HD 187691 A,1.018,1.25,8,5
HD 187691 A_1,3.7038831465027586,0.10293380487962504,HD 187691 A,1.018,1.25,8,5
HD 187691 A_1,3.737169023148343,0.11110081722446688,HD 187691 A,1.018,1.25,8,5
HD 187691 A_1,3.7398452486208575,0.08877387673660934,HD 187691 A,1.018,1.25,8,5
HD 187691 A_1,3.7687786895132103,0.10224708502749327,HD 187691 A,1.018,1.25,8,5
HD 187691 A_1,3.683317892649809,0.11847595116458338,HD 187691 A,1.018,1.25,8,5
HD 187691 A_1,3.777589818151038,0.10604788860560463,HD 187691 A,1.018,1.25,8,5
HD 187691 A_1,3.6836172771937896,0.11576963902955772,HD 187691 A,1.018,1.25,8,5
HD 187691 A_1,3.7624343728281127,0.107722184573986,HD 187691 A,1.018,1.25,8,5
HD 187691 A_1,3.7917990867612303,0.10555667923497644,HD 187691 A,1.018,1.25,8,5
HD 187691 A_1,3.6725500086506178,0.13676869617085782,HD 187691 A,1.018,1.25,8,5
HD 187691 A_1,3.707627614241729,0.12923826686540832,HD 187691 A,1.018,1.25,8,5
HD 187691 A_1,3.7392975614339576,0.1196704690721503,HD 187691 A,1.018,1.25,8,5
HD 187691 A_1,3.797511110237871,0.10559265897709315,HD 187691 A,1.018,1.25,8,5
HD 187691 A_1,3.750138928354949,0.10231736371972863,HD 187691 A,1.018,1.25,8,5
HD 187691 A_1,3.7244257578449975,0.10680642890819118,HD 187691 A,1.018,1.25,8,5
HD 187691 A_1,3.683420843042764,0.1042091168583222,HD 187691 A,1.018,1.25,8,5
HD 187691 A_1,3.728281803886632,0.1233728951219511,HD 187691 A,1.018,1.25,8,5
HD 187691 A_1,3.726959762452522,0.1195456799063797,HD 187691 A,1.018,1.25,8,5
HD 187691 A_1,3.740989100863076,0.12465364761222172,HD 187691 A,1.018,1.25,8,5
HD 187691 A_1,3.729429700616408,0.10679271696561089,HD 187691 A,1.018,1.25,8,5
HD 187691 A_1,3.6826483867289874,0.0960867060146409,HD 187691 A,1.018,1.25,8,5
HD 187691 A_1,3.7513998082281006,0.120736206097546,HD 187691 A,1.018,1.25,8,5
HD 187691 A_1,3.693316735636802,0.09283175576228915,HD 187691 A,1.018,1.25,8,5
HD 187691 A_1,3.7825537695052507,0.11796022818096057,HD 187691 A,1.018,1.25,8,5
HD 187691 A_1,3.7278826634138955,0.11562101487058067,HD 187691 A,1.018,1.25,8,5
HD 187691 A_1,3.7420787515167273,0.09677173842631669,HD 187691 A,1.018,1.25,8,5
HD 187691 A_1,3.7250462101356954,0.10206985056931876,HD 187691 A,1.018,1.25,8,5
HD 187691 A_1,3.754223178394633,0.10272159472897077,HD 187691 A,1.018,1.25,8,5
HD 187691 A_1,3.7411524879636824,0.1137905791697417,HD 187691 A,1.018,1.25,8,5
HD 187691 A_1,3.706883713799409,0.09517818421279492,HD 187691 A,1.018,1.25,8,5
HD 187691 A_1,3.727433215687738,0.0927693817293447,HD 187691 A,1.018,1.25,8,5
HD 187691 A_1,3.766668901330514,0.12112856368540087,HD 187691 A,1.018,1.25,8,5
HD 187691 A_1,3.7546282142032106,0.10603076142656927,HD 187691 A,1.018,1.25,8,5
HD 187691 A_1,3.750991644412684,0.0976391736893949,HD 187691 A,1.018,1.25,8,5
HD 187691 A_1,3.6397247192545974,0.11962130157000556,HD 187691 A,1.018,1.25,8,5
HD 187691 A_1,3.700638220542399,0.09910163685890312,HD 187691 A,1.018,1.25,8,5
HD 187691 A_1,3.7698869369491983,0.09541420369740694,HD 187691 A,1.018,1.25,8,5
HD 187691 A_1,3.758875086873123,0.05633092058570408,HD 187691 A,1.018,1.25,8,5
HD 187691 A_1,3.7139486306048504,0.11850432388797014,HD 187691 A,1.018,1.25,8,5
HD 187691 A_1,3.728225858695525,0.14569409995236082,HD 187691 A,1.018,1.25,8,5
HD 187691 A_1,3.7369455570563814,0.10409087865824475,HD 187691 A,1.018,1.25,8,5
HD 187691 A_1,3.7174485850622,0.10467199201211438,HD 187691 A,1.018,1.25,8,5
HD 187691 A_1,3.72206340981707,0.0780227063402485,HD 187691 A,1.018,1.25,8,5
HD 187691 A_1,3.7552133474802463,0.10564077034294614,HD 187691 A,1.018,1.25,8,5
HD 187691 A_1,3.74388052788868,0.10256490977445044,HD 187691 A,1.018,1.25,8,5
HD 187691 A_1,3.7053512100402424,0.09463448822370867,HD 187691 A,1.018,1.25,8,5
HD 187691 A_1,3.7446894768071384,0.10427100547978516,HD 187691 A,1.018,1.25,8,5
HD 187691 A_1,3.7364678404727436,0.10283400280393698,HD 187691 A,1.018,1.25,8,5
HD 187691 A_1,3.6698605194149354,0.07707698847283412,HD 187691 A,1.018,1.25,8,5
HD 187691 A_1,3.7903977615687556,0.10724082163299539,HD 187691 A,1.018,1.25,8,5
HD 187691 A_1,3.7715047335883427,0.1252290118563589,HD 187691 A,1.018,1.25,8,5
HD 187691 A_1,3.670336528369704,0.09488459961663898,HD 187691 A,1.018,1.25,8,5
HD 187691 A_1,3.706103620073739,0.10919340173220436,HD 187691 A,1.018,1.25,8,5
HD 187691 A_1,3.688241014480901,0.09843969121912181,HD 187691 A,1.018,1.25,8,5
HD 187691 A_1,3.7078274285653303,0.12312614297607538,HD 187691 A,1.018,1.25,8,5
HD 187691 A_1,3.7366987312259528,0.12492000268708064,HD 187691 A,1.018,1.25,8,5
HD 187691 A_1,3.771805973582605,0.10093977702932459,HD 187691 A,1.018,1.25,8,5
HD 187691 A_1,3.697119219064099,0.13225104009749242,HD 187691 A,1.018,1.25,8,5
HD 187691 A_1,3.738770637051584,0.11330519590942897,HD 187691 A,1.018,1.25,8,5
HD 187691 A_1,3.757430951796343,0.11858083401639159,HD 187691 A,1.018,1.25,8,5
HD 187691 A_1,3.71093021081377,0.09688470105043297,HD 187691 A,1.018,1.25,8,5
HD 187691 A_1,3.7364257454877183,0.10462612992016831,HD 187691 A,1.018,1.25,8,5
HD 187691 A_1,3.7310499857752655,0.1235516266330821,HD 187691 A,1.018,1.25,8,5
HD 187691 A_1,3.7684651702023553,0.10103659070306648,HD 187691 A,1.018,1.25,8,5
HD 187691 A_1,3.76982874733362,0.10101373165600569,HD 187691 A,1.018,1.25,8,5
HD 187691 A_1,3.7394224764758355,0.11378498166213306,HD 187691 A,1.018,1.25,8,5
HD 187691 A_1,3.736992354300044,0.0994003134288215,HD 187691 A,1.018,1.25,8,5
HD 187691 A_1,3.7274607453635347,0.12313068833549957,HD 187691 A,1.018,1.25,8,5
HD 187691 A_1,3.7867632270229614,0.12312235011060738,HD 187691 A,1.018,1.25,8,5
HD 187691 A_1,3.7812953737701176,0.10765133946210065,HD 187691 A,1.018,1.25,8,5
HD 187691 A_1,3.758076927714814,0.09998755104367849,HD 187691 A,1.018,1.25,8,5
HD 187691 A_1,3.740532434982638,0.1050268798255368,HD 187691 A,1.018,1.25,8,5
HD 187691 A_1,3.692036169284557,0.11414587136958743,HD 187691 A,1.018,1.25,8,5
HD 187691 A_1,3.7723716024908067,0.1266684862485345,HD 187691 A,1.018,1.25,8,5
HD 187691 A_1,3.722238607899569,0.09274290957840564,HD 187691 A,1.018,1.25,8,5
HD 187691 A_1,3.72179263896343,0.10154574313706177,HD 187691 A,1.018,1.25,8,5
HD 187691 A_1,3.699047048826641,0.11157826396312018,HD 187691 A,1.018,1.25,8,5
HD 187691 A_1,3.7485607055255334,0.11566312981082517,HD 187691 A,1.018,1.25,8,5
HD 187691 A_1,3.702203020583655,0.09358043124354301,HD 187691 A,1.018,1.25,8,5
HD 187691 A_1,3.725625238936019,0.09791532468828407,HD 187691 A,1.018,1.25,8,5
HD 187691 A_1,3.7372687951242685,0.1215059563869049,HD 187691 A,1.018,1.25,8,5
HD 187691 A_1,3.6989645756516394,0.09671501556694662,HD 187691 A,1.018,1.25,8,5
HD 187691 A_1,3.7384790151434544,0.11118083778933105,HD 187691 A,1.018,1.25,8,5
HD 187691 A_1,3.8032801890721735,0.1172337961966374,HD 187691 A,1.018,1.25,8,5
HD 187691 A_1,3.735563809172528,0.11364084459734518,HD 187691 A,1.018,1.25,8,5
HD 187691 A_1,3.760079653129208,0.10960021410049185,HD 187691 A,1.018,1.25,8,5
HD 187691 A_1,3.7072151574284957,0.12335443622788766,HD 187691 A,1.018,1.25,8,5
HD 187691 A_1,3.708285569445266,0.1153739823951974,HD 187691 A,1.018,1.25,8,5
HD 187691 A_1,3.701900144006787,0.11903536260305214,HD 187691 A,1.018,1.25,8,5
HD 187691 A_1,3.7212001716290577,0.11186816625211382,HD 187691 A,1.018,1.25,8,5
HD 187691 A_1,3.7350047056564137,0.1152575818699027,HD 187691 A,1.018,1.25,8,5
HD 187691 A_1,3.701089531353225,0.10221547510258847,HD 187691 A,1.018,1.25,8,5
HD 187691 A_1,3.719912297642774,0.10001982007789188,HD 187691 A,1.018,1.25,8,5
HD 187691 A_1,3.7154575996386687,0.09744714643899077,HD 187691 A,1.018,1.25,8,5
HD 187691 A_1,3.7375681727108128,0.09608371180216568,HD 187691 A,1.018,1.25,8,5
HD 187691 A_1,3.744101081416816,0.07899117131904135,HD 187691 A,1.018,1.25,8,5
HD 187691 A_1,3.7232044984377866,0.08782268968392433,HD 187691 A,1.018,1.25,8,5
HD 187691 A_1,3.7089991748865674,0.07756159692728062,HD 187691 A,1.018,1.25,8,5
HD 187691 A_1,3.689124928152355,0.11923801695160469,HD 187691 A,1.018,1.25,8,5
HD 187691 A_1,3.726917945285854,0.13354176635580298,HD 187691 A,1.018,1.25,8,5
HD 187691 A_1,3.692912691922667,0.11106203757823795,HD 187691 A,1.018,1.25,8,5
HD 187691 A_1,3.6886586155224905,0.1089253949084261,HD 187691 A,1.018,1.25,8,5
HD 187691 A_1,3.748660792573969,0.09443749839307825,HD 187691 A,1.018,1.25,8,5
HD 187691 A_1,3.681022789509633,0.1205060107296025,HD 187691 A,1.018,1.25,8,5
HD 187691 A_1,3.720948927553061,0.09212003246330741,HD 187691 A,1.018,1.25,8,5
HD 187691 A_1,3.7572073089334306,0.10747452254812033,HD 187691 A,1.018,1.25,8,5
HD 187691 A_1,3.728057095566154,0.1329110354658041,HD 187691 A,1.018,1.25,8,5
HD 187691 A_1,3.719818378396934,0.11900702993035765,HD 187691 A,1.018,1.25,8,5
HD 187691 A_1,3.7083887347706104,0.10398541069218319,HD 187691 A,1.018,1.25,8,5
HD 187691 A_1,3.725245071473764,0.08917317926999219,HD 187691 A,1.018,1.25,8,5
HD 187691 A_1,3.7216892415189746,0.09587180603502796,HD 187691 A,1.018,1.25,8,5
HD 187691 A_1,3.71237037441328,0.11274054751663969,HD 187691 A,1.018,1.25,8,5
HD 187691 A_1,3.7180897400749484,0.0985786243388187,HD 187691 A,1.018,1.25,8,5
HD 187691 A_1,3.6830670065225863,0.10397654739532937,HD 187691 A,1.018,1.25,8,5
HD 187691 A_1,3.740747200435081,0.09964308939271704,HD 187691 A,1.018,1.25,8,5
HD 187691 A_1,3.7224262354186024,0.09167919418030288,HD 187691 A,1.018,1.25,8,5
HD 187691 A_1,3.7000911425881124,0.13059507702553183,HD 187691 A,1.018,1.25,8,5
HD 187691 A_1,3.736736356635996,0.10177491540840942,HD 187691 A,1.018,1.25,8,5
HD 187691 A_1,3.7066799867416953,0.10648357648982795,HD 187691 A,1.018,1.25,8,5
HD 187691 A_1,3.7410832162601806,0.09066856586223318,HD 187691 A,1.018,1.25,8,5
HD 187691 A_1,3.7520174506522177,0.10295838217372813,HD 187691 A,1.018,1.25,8,5
HD 187691 A_1,3.739124019552336,0.08157767400731428,HD 187691 A,1.018,1.25,8,5
HD 187691 A_1,3.6960383879499634,0.10120787049182367,HD 187691 A,1.018,1.25,8,5
HD 187691 A_1,3.7326759252749855,0.10232738498889435,HD 187691 A,1.018,1.25,8,5
HD 187691 A_1,3.719727061384704,0.0980968705617703,HD 187691 A,1.018,1.25,8,5
HD 187691 A_1,3.6996456406586815,0.1151539492973257,HD 187691 A,1.018,1.25,8,5
HD 187691 A_1,3.771036183888702,0.12098325206941929,HD 187691 A,1.018,1.25,8,5
HD 187691 A_1,3.682170464641488,0.11389356292703348,HD 187691 A,1.018,1.25,8,5
HD 187691 A_1,3.7185552277053966,0.11915325790098277,HD 187691 A,1.018,1.25,8,5
HD 187691 A_1,3.815262738479703,0.12139101498648344,HD 187691 A,1.018,1.25,8,5
HD 187691 A_1,3.7028445751430943,0.0921883088165929,HD 187691 A,1.018,1.25,8,5
HD 187691 A_1,3.7257355059714756,0.11859802316605132,HD 187691 A,1.018,1.25,8,5
HD 187691 A_1,3.7557202328320884,0.08321578361863645,HD 187691 A,1.018,1.25,8,5
HD 187691 A_1,3.782543594346077,0.10839763085299868,HD 187691 A,1.018,1.25,8,5
HD 187691 A_1,3.7125834344160986,0.11507617501356816,HD 187691 A,1.018,1.25,8,5
HD 187691 A_1,3.7073886048546716,0.11453129273370702,HD 187691 A,1.018,1.25,8,5
HD 187691 A_1,3.772023483799463,0.08250716024625906,HD 187691 A,1.018,1.25,8,5
HD 187691 A_1,3.7008242900181734,0.1006895692283156,HD 187691 A,1.018,1.25,8,5
HD 187691 A_1,3.698927354886261,0.11354446789820914,HD 187691 A,1.018,1.25,8,5
HD 187691 A_1,3.734111528993098,0.0998538941088655,HD 187691 A,1.018,1.25,8,5
HD 187691 A_1,3.762018726162106,0.1198232838432979,HD 187691 A,1.018,1.25,8,5
HD 187691 A_1,3.6685671185781747,0.09554048534901116,HD 187691 A,1.018,1.25,8,5
HD 187691 A_1,3.7163806978805067,0.11147448374795553,HD 187691 A,1.018,1.25,8,5
HD 187691 A_1,3.7225653188720216,0.11660584281269354,HD 187691 A,1.018,1.25,8,5
HD 187691 A_1,3.6899195184756906,0.1082517550163484,HD 187691 A,1.018,1.25,8,5
HD 187691 A_1,3.7539737636903876,0.11580732585115008,HD 187691 A,1.018,1.25,8,5
HD 187691 A_1,3.7243498820172554,0.10866193292115803,HD 187691 A,1.018,1.25,8,5
HD 187691 A_1,3.7408141955328476,0.0976540714477504,HD 187691 A,1.018,1.25,8,5
HD 187691 A_1,3.7349046214456503,0.12166905360665513,HD 187691 A,1.018,1.25,8,5
HD 187691 A_1,3.732618283606924,0.09268764683703967,HD 187691 A,1.018,1.25,8,5
HD 187691 A_1,3.715141785465923,0.11366164999713177,HD 187691 A,1.018,1.25,8,5
HD 187691 A_1,3.7215016029270354,0.13103587112698623,HD 187691 A,1.018,1.25,8,5
HD 187691 A_1,3.7228769125665435,0.08739842263233218,HD 187691 A,1.018,1.25,8,5
HD 187691 A_1,3.7262143584134266,0.11034949978988096,HD 187691 A,1.018,1.25,8,5
HD 187691 A_1,3.7841070438542714,0.08729495806055995,HD 187691 A,1.018,1.25,8,5
HD 187691 A_1,3.721228714968936,0.1101785879265308,HD 187691 A,1.018,1.25,8,5
HD 187691 A_1,3.7464588530913017,0.08893525576452889,HD 187691 A,1.018,1.25,8,5
HD 187691 A_1,3.730289482374733,0.11794610550377509,HD 187691 A,1.018,1.25,8,5
HD 187691 A_1,3.7324762972188195,0.09537572244151073,HD 187691 A,1.018,1.25,8,5
HD 187691 A_1,3.7697200828153736,0.11496390325119243,HD 187691 A,1.018,1.25,8,5
HD 187691 A_1,3.7428062988048865,0.09974391272315376,HD 187691 A,1.018,1.25,8,5
HD 187691 A_1,3.7125373548580853,0.08927024645956315,HD 187691 A,1.018,1.25,8,5
HD 187691 A_1,3.672326589948169,0.13391069587742746,HD 187691 A,1.018,1.25,8,5
HD 187691 A_1,3.7775110558106673,0.09243971792044979,HD 187691 A,1.018,1.25,8,5
HD 187691 A_1,3.744175267066383,0.11085315340104554,HD 187691 A,1.018,1.25,8,5
HD 187691 A_1,3.715522689568246,0.08803207568162763,HD 187691 A,1.018,1.25,8,5
HD 187691 A_1,3.750901409076265,0.11956123683318173,HD 187691 A,1.018,1.25,8,5
HD 187691 A_1,3.7611878985433735,0.10246909371769092,HD 187691 A,1.018,1.25,8,5
HD 187691 A_1,3.7437474566478293,0.09997523075078572,HD 187691 A,1.018,1.25,8,5
HD 187691 A_1,3.727345317408373,0.09459247485400772,HD 187691 A,1.018,1.25,8,5
HD 187691 A_1,3.689170034404731,0.11402045729738383,HD 187691 A,1.018,1.25,8,5
HD 187691 A_1,3.6984670155284847,0.09981100563159238,HD 187691 A,1.018,1.25,8,5
HD 187691 A_1,3.764198877786027,0.09242956131978534,HD 187691 A,1.018,1.25,8,5
HD 187691 A_1,3.7305285655532368,0.09815928341360905,HD 187691 A,1.018,1.25,8,5
HD 187691 A_1,3.7363858311799483,0.07822246038203806,HD 187691 A,1.018,1.25,8,5
HD 187691 A_1,3.763716671184484,0.09212030114536555,HD 187691 A,1.018,1.25,8,5
HD 187691 A_1,3.771359874407408,0.12226633917215232,HD 187691 A,1.018,1.25,8,5
HD 187691 A_1,3.705708464930024,0.08035230647446037,HD 187691 A,1.018,1.25,8,5
HD 187691 A_1,3.7085397479850224,0.08512643591615808,HD 187691 A,1.018,1.25,8,5
HD 187691 A_1,3.743051636011663,0.11461761705239468,HD 187691 A,1.018,1.25,8,5
HD 187691 A_1,3.7578434047162794,0.09337922603094355,HD 187691 A,1.018,1.25,8,5
HD 187691 A_1,3.653881569938737,0.13215144626815564,HD 187691 A,1.018,1.25,8,5
HD 187691 A_1,3.804223254491071,0.11124559144699679,HD 187691 A,1.018,1.25,8,5
HD 187691 A_1,3.7468306704624257,0.10250974503926774,HD 187691 A,1.018,1.25,8,5
HD 187691 A_1,3.7556226749025887,0.08200506503112978,HD 187691 A,1.018,1.25,8,5
HD 187691 A_1,3.766335357119327,0.08141764629909728,HD 187691 A,1.018,1.25,8,5
HD 187691 A_1,3.6596383681993436,0.10386349515324741,HD 187691 A,1.018,1.25,8,5
HD 187691 A_1,3.7281532728951032,0.10264282972637466,HD 187691 A,1.018,1.25,8,5
HD 187691 A_1,3.7481891254470936,0.09965406193246688,HD 187691 A,1.018,1.25,8,5
HD 187691 A_1,3.7733167997273185,0.10787152612379496,HD 187691 A,1.018,1.25,8,5
HD 187691 A_1,3.7412144539103527,0.10503914465750669,HD 187691 A,1.018,1.25,8,5
HD 187691 A_1,3.7445863727325874,0.12179782925937362,HD 187691 A,1.018,1.25,8,5
HD 187691 A_1,3.7676255614572605,0.09588782147028864,HD 187691 A,1.018,1.25,8,5
HD 187691 A_1,3.773774943870381,0.1183087971810235,HD 187691 A,1.018,1.25,8,5
HD 187691 A_1,3.7752954413521085,0.12293409812872479,HD 187691 A,1.018,1.25,8,5
HD 187691 A_1,3.7515881874146304,0.12174348836089471,HD 187691 A,1.018,1.25,8,5
HD 187691 A_1,3.7869214446144017,0.09716027297230978,HD 187691 A,1.018,1.25,8,5
HD 187691 A_1,3.740815215695783,0.10678956577509512,HD 187691 A,1.018,1.25,8,5
HD 187691 A_1,3.7605073797599102,0.11048395076638007,HD 187691 A,1.018,1.25,8,5
HD 187691 A_1,3.7590503093326677,0.11648688087188758,HD 187691 A,1.018,1.25,8,5
HD 187691 A_1,3.777617322277255,0.07812019321047817,HD 187691 A,1.018,1.25,8,5
HD 187691 A_1,3.7173204958135617,0.11371895702186906,HD 187691 A,1.018,1.25,8,5
HD 187691 A_1,3.769847477737279,0.10514424263029297,HD 187691 A,1.018,1.25,8,5
HD 187691 A_1,3.728281803886632,0.1233728951219511,HD 187691 A,1.018,1.25,8,5
HD 187691 A_1,3.7827632083027383,0.09491732679322197,HD 187691 A,1.018,1.25,8,5
HD 187691 A_1,3.748822733362543,0.09964977101781815,HD 187691 A,1.018,1.25,8,5
HD 187691 A_1,3.756567472745075,0.10859124390954293,HD 187691 A,1.018,1.25,8,5
HD 187691 A_1,3.7072151574284957,0.12335443622788766,HD 187691 A,1.018,1.25,8,5
HD 187691 A_1,3.7487459293342367,0.11897142429591065,HD 187691 A,1.018,1.25,8,5
HD 187691 A_1,3.7628920838559208,0.1038432360873884,HD 187691 A,1.018,1.25,8,5
HD 187691 A_1,3.67837070924357,0.1204301114608594,HD 187691 A,1.018,1.25,8,5
HD 187691 A_1,3.7446512371095206,0.08577977821076319,HD 187691 A,1.018,1.25,8,5
HD 187691 A_1,3.6575524590496453,0.11666432908779209,HD 187691 A,1.018,1.25,8,5
HD 187691 A_1,3.718503674245235,0.09251632071443608,HD 187691 A,1.018,1.25,8,5
HD 187691 A_1,3.676120646041924,0.12830169419505702,HD 187691 A,1.018,1.25,8,5
HD 187691 A_1,3.745854092289369,0.10509875057642072,HD 187691 A,1.018,1.25,8,5
HD 187691 A_1,3.734116540688842,0.09949831719308222,HD 187691 A,1.018,1.25,8,5
HD 187691 A_1,3.7232054759859206,0.09754752586660885,HD 187691 A,1.018,1.25,8,5
HD 187691 A_1,3.7502461081165133,0.11318276153843032,HD 187691 A,1.018,1.25,8,5
HD 187691 A_1,3.7533251815026447,0.1292828797456098,HD 187691 A,1.018,1.25,8,5
HD 187691 A_1,3.7354533183168006,0.0964315035726521,HD 187691 A,1.018,1.25,8,5
HD 187691 A_1,3.6735637860539025,0.10645631267176278,HD 187691 A,1.018,1.25,8,5
HD 187691 A_1,3.810726690794743,0.11333254383158567,HD 187691 A,1.018,1.25,8,5
HD 187691 A_1,3.764314007846639,0.10300194427662274,HD 187691 A,1.018,1.25,8,5
HD 187691 A_1,3.750500726361466,0.13414453415697383,HD 187691 A,1.018,1.25,8,5
HD 187691 A_1,3.7560617616968024,0.09912743064883267,HD 187691 A,1.018,1.25,8,5
HD 187691 A_1,3.729563109981864,0.11182266742862544,HD 187691 A,1.018,1.25,8,5
HD 187691 A_1,3.7478169054670536,0.0965707021229181,HD 187691 A,1.018,1.25,8,5
HD 34411_1,1.843457891278127,0.07756059739901827,HD 34411,0.897,1.08,8,7
HD 34411_1,1.8406265237293256,0.07851170760154669,HD 34411,0.897,1.08,8,7
HD 34411_1,1.8386910222175645,0.07352393620074218,HD 34411,0.897,1.08,8,7
HD 34411_1,1.8306990358048811,0.11268031198285847,HD 34411,0.897,1.08,8,7
HD 34411_1,1.8402710054176918,0.07971640001940011,HD 34411,0.897,1.08,8,7
HD 34411_1,1.8432997394410884,0.09808416911354026,HD 34411,0.897,1.08,8,7
HD 34411_1,1.8385427361131825,0.09733645285740725,HD 34411,0.897,1.08,8,7
HD 34411_1,1.846604769494695,0.09486604414863233,HD 34411,0.897,1.08,8,7
HD 34411_1,1.8403647070356264,0.08219824176902837,HD 34411,0.897,1.08,8,7
HD 34411_1,1.836792417038759,0.07468578768527773,HD 34411,0.897,1.08,8,7
HD 34411_1,1.8415806437929207,0.08912437998159645,HD 34411,0.897,1.08,8,7
HD 34411_1,1.837775687763579,0.08698326166985777,HD 34411,0.897,1.08,8,7
HD 34411_1,1.843635295783393,0.08048713624164038,HD 34411,0.897,1.08,8,7
HD 34411_1,1.838132470177995,0.0777125192097293,HD 34411,0.897,1.08,8,7
HD 34411_1,1.8342578416380761,0.08495256294634172,HD 34411,0.897,1.08,8,7
HD 34411_1,1.836305961643803,0.06950956645844811,HD 34411,0.897,1.08,8,7
HD 34411_1,1.8372636652316523,0.07935879407106314,HD 34411,0.897,1.08,8,7
HD 34411_1,1.8482335954710951,0.0823319349004808,HD 34411,0.897,1.08,8,7
HD 34411_1,1.8383615022598447,0.09067299339298221,HD 34411,0.897,1.08,8,7
HD 34411_1,1.8438463910359535,0.07653065085089301,HD 34411,0.897,1.08,8,7
HD 34411_1,1.843172115293551,0.06619447326466095,HD 34411,0.897,1.08,8,7
HD 34411_1,1.8407891644991576,0.07987387354739525,HD 34411,0.897,1.08,8,7
HD 34411_1,1.8438978977999052,0.08055716445488029,HD 34411,0.897,1.08,8,7
HD 34411_1,1.8441683001333062,0.07680820503299689,HD 34411,0.897,1.08,8,7
HD 34411_1,1.8364695384492498,0.09247867339766144,HD 34411,0.897,1.08,8,7
HD 34411_1,1.837543444712513,0.09382142245681924,HD 34411,0.897,1.08,8,7
HD 34411_1,1.8417446101168158,0.09261806700659704,HD 34411,0.897,1.08,8,7
HD 34411_1,1.8405196264609573,0.09770898074753057,HD 34411,0.897,1.08,8,7
HD 34411_1,1.8429306864596582,0.08039443314383757,HD 34411,0.897,1.08,8,7
HD 34411_1,1.8409945614330399,0.09033368162589597,HD 34411,0.897,1.08,8,7
HD 34411_1,1.8353711639691366,0.10621855905476885,HD 34411,0.897,1.08,8,7
HD 34411_1,1.8420275215372288,0.07609495851234468,HD 34411,0.897,1.08,8,7
HD 34411_1,1.8375795100637815,0.09765449604323037,HD 34411,0.897,1.08,8,7
HD 34411_1,1.8365705594484492,0.08475480426530184,HD 34411,0.897,1.08,8,7
HD 34411_1,1.842959376610675,0.09988185516165689,HD 34411,0.897,1.08,8,7
HD 34411_1,1.8427748500020698,0.06987621670507657,HD 34411,0.897,1.08,8,7
HD 34411_1,1.8356955621137363,0.07362173747489421,HD 34411,0.897,1.08,8,7
HD 34411_1,1.838663668198079,0.0648024048759684,HD 34411,0.897,1.08,8,7
HD 34411_1,1.847876706224898,0.08857886701816586,HD 34411,0.897,1.08,8,7
HD 34411_1,1.8424335025174277,0.08079300815582122,HD 34411,0.897,1.08,8,7
HD 34411_1,1.8442129887516103,0.08465547347553347,HD 34411,0.897,1.08,8,7
HD 34411_1,1.8358412975476948,0.08299440349152647,HD 34411,0.897,1.08,8,7
HD 34411_1,1.8402970968435193,0.08557412336024263,HD 34411,0.897,1.08,8,7
HD 34411_1,1.8394234930677835,0.07701450513375972,HD 34411,0.897,1.08,8,7
HD 34411_1,1.840823967580263,0.07554376198149275,HD 34411,0.897,1.08,8,7
HD 34411_1,1.8343230951833693,0.09786588697199868,HD 34411,0.897,1.08,8,7
HD 34411_1,1.8377520818514779,0.08215398093317412,HD 34411,0.897,1.08,8,7
HD 34411_1,1.843338919915254,0.09317260942479526,HD 34411,0.897,1.08,8,7
HD 34411_1,1.8364690773365755,0.08431512570808763,HD 34411,0.897,1.08,8,7
HD 34411_1,1.8425974281427056,0.08841588407664773,HD 34411,0.897,1.08,8,7
HD 34411_1,1.8370864562759086,0.08518962631022103,HD 34411,0.897,1.08,8,7
HD 34411_1,1.8406405470526679,0.08261991941474389,HD 34411,0.897,1.08,8,7
HD 34411_1,1.8449267269816405,0.09112251341438199,HD 34411,0.897,1.08,8,7
HD 34411_1,1.8352758942460088,0.09198200020703103,HD 34411,0.897,1.08,8,7
HD 34411_1,1.838997968308851,0.08311411366959164,HD 34411,0.897,1.08,8,7
HD 34411_1,1.8410317994537118,0.08713046914576629,HD 34411,0.897,1.08,8,7
HD 34411_1,1.847557359943829,0.09141745616326999,HD 34411,0.897,1.08,8,7
HD 34411_1,1.8333717226082398,0.09484760263573488,HD 34411,0.897,1.08,8,7
HD 34411_1,1.833296085726307,0.08586868250095747,HD 34411,0.897,1.08,8,7
HD 34411_1,1.8442621861228288,0.08305570778961284,HD 34411,0.897,1.08,8,7
HD 34411_1,1.841710880863401,0.09306823598652031,HD 34411,0.897,1.08,8,7
HD 34411_1,1.8412356793853775,0.10607585699548824,HD 34411,0.897,1.08,8,7
HD 34411_1,1.8407765124869886,0.08606512382328381,HD 34411,0.897,1.08,8,7
HD 34411_1,1.8416001740340815,0.08494237948643567,HD 34411,0.897,1.08,8,7
HD 34411_1,1.8375511115779426,0.09480017067767382,HD 34411,0.897,1.08,8,7
HD 34411_1,1.838552465829546,0.09185699294743886,HD 34411,0.897,1.08,8,7
HD 34411_1,1.8446693934051779,0.09728120635729286,HD 34411,0.897,1.08,8,7
HD 34411_1,1.8397524746819904,0.0980487248545803,HD 34411,0.897,1.08,8,7
HD 34411_1,1.8481700262832688,0.06943979417066916,HD 34411,0.897,1.08,8,7
HD 34411_1,1.8419489330486052,0.09515323234465616,HD 34411,0.897,1.08,8,7
HD 34411_1,1.8413672755606794,0.08394118438715052,HD 34411,0.897,1.08,8,7
HD 34411_1,1.8421574911156704,0.07477647009814223,HD 34411,0.897,1.08,8,7
HD 34411_1,1.8452998437369037,0.058076032663583216,HD 34411,0.897,1.08,8,7
HD 34411_1,1.8383035630113447,0.09829778001549672,HD 34411,0.897,1.08,8,7
HD 34411_1,1.8351646749778305,0.0869683660880739,HD 34411,0.897,1.08,8,7
HD 34411_1,1.8372002838917352,0.08804537219128865,HD 34411,0.897,1.08,8,7
HD 34411_1,1.8378023869182425,0.06926693537729144,HD 34411,0.897,1.08,8,7
HD 34411_1,1.8448533851792195,0.09035925755250954,HD 34411,0.897,1.08,8,7
HD 34411_1,1.8380232712481972,0.09955720372612549,HD 34411,0.897,1.08,8,7
HD 34411_1,1.840553270326602,0.09202558644545779,HD 34411,0.897,1.08,8,7
HD 34411_1,1.8376127462332625,0.10512832868287467,HD 34411,0.897,1.08,8,7
HD 34411_1,1.8360462846271157,0.08383983666578113,HD 34411,0.897,1.08,8,7
HD 34411_1,1.8411994230963686,0.09856379635963122,HD 34411,0.897,1.08,8,7
HD 34411_1,1.8418852328998967,0.07622550391770272,HD 34411,0.897,1.08,8,7
HD 34411_1,1.8359298983725691,0.07787480116120858,HD 34411,0.897,1.08,8,7
HD 34411_1,1.8376375518875236,0.0706554961946825,HD 34411,0.897,1.08,8,7
HD 34411_1,1.8324884028613466,0.10204135647766897,HD 34411,0.897,1.08,8,7
HD 34411_1,1.8433339554005728,0.09538008253501948,HD 34411,0.897,1.08,8,7
HD 34411_1,1.8446176099529943,0.08231065887539761,HD 34411,0.897,1.08,8,7
HD 34411_1,1.8409352391713723,0.08974842341206007,HD 34411,0.897,1.08,8,7
HD 34411_1,1.8428018391114676,0.09705309884020653,HD 34411,0.897,1.08,8,7
HD 34411_1,1.8445935825269764,0.07423608333408331,HD 34411,0.897,1.08,8,7
HD 34411_1,1.8381086086382554,0.0799383112425957,HD 34411,0.897,1.08,8,7
HD 34411_1,1.8408355091817674,0.07532140526756897,HD 34411,0.897,1.08,8,7
HD 34411_1,1.842390394428315,0.10587478189746452,HD 34411,0.897,1.08,8,7
HD 34411_1,1.8407411682290549,0.07962960216361971,HD 34411,0.897,1.08,8,7
HD 34411_1,1.8414298053196863,0.07350920047145679,HD 34411,0.897,1.08,8,7
HD 34411_1,1.8436247328495696,0.08668636729509022,HD 34411,0.897,1.08,8,7
HD 34411_1,1.8377953844450465,0.08773419306376427,HD 34411,0.897,1.08,8,7
HD 34411_1,1.8386285178173607,0.10449674708621529,HD 34411,0.897,1.08,8,7
HD 34411_1,1.8533356669322532,0.07772692159059207,HD 34411,0.897,1.08,8,7
HD 34411_1,1.8392048671269075,0.07610473565592879,HD 34411,0.897,1.08,8,7
HD 34411_1,1.8463262789685309,0.108462686427672,HD 34411,0.897,1.08,8,7
HD 34411_1,1.8432738845823307,0.08579698559006046,HD 34411,0.897,1.08,8,7
HD 34411_1,1.843389307256069,0.07865415079154307,HD 34411,0.897,1.08,8,7
HD 34411_1,1.8377801582592301,0.10232750722894744,HD 34411,0.897,1.08,8,7
HD 34411_1,1.8394120849003943,0.09429711897679337,HD 34411,0.897,1.08,8,7
HD 34411_1,1.8478506994116,0.07335289034455417,HD 34411,0.897,1.08,8,7
HD 34411_1,1.8426034670473816,0.08353257929003631,HD 34411,0.897,1.08,8,7
HD 34411_1,1.8387625558860943,0.08002161655746347,HD 34411,0.897,1.08,8,7
HD 34411_1,1.8342336254254086,0.1058832008360613,HD 34411,0.897,1.08,8,7
HD 34411_1,1.8414413223544492,0.07691979478208777,HD 34411,0.897,1.08,8,7
HD 34411_1,1.8467947054101435,0.07266812017245239,HD 34411,0.897,1.08,8,7
HD 34411_1,1.8394561740392066,0.09864826025623225,HD 34411,0.897,1.08,8,7
HD 34411_1,1.8376450791947025,0.06939524506015066,HD 34411,0.897,1.08,8,7
HD 34411_1,1.840285597342337,0.07227582414720127,HD 34411,0.897,1.08,8,7
HD 34411_1,1.8384194860884429,0.09343420976113669,HD 34411,0.897,1.08,8,7
HD 34411_1,1.8362891392434295,0.07791487254347974,HD 34411,0.897,1.08,8,7
HD 34411_1,1.8443253753470426,0.08267495138296985,HD 34411,0.897,1.08,8,7
HD 34411_1,1.8358002039736916,0.08342704292601785,HD 34411,0.897,1.08,8,7
HD 34411_1,1.838387773932367,0.08365020309890296,HD 34411,0.897,1.08,8,7
HD 34411_1,1.8402635939035585,0.10244368974172352,HD 34411,0.897,1.08,8,7
HD 34411_1,1.8433572046366566,0.07355637757563836,HD 34411,0.897,1.08,8,7
HD 34411_1,1.8480053912851577,0.07621858997946879,HD 34411,0.897,1.08,8,7
HD 34411_1,1.8407767554751715,0.09040846462882247,HD 34411,0.897,1.08,8,7
HD 34411_1,1.8394307766477318,0.07584414222006564,HD 34411,0.897,1.08,8,7
HD 34411_1,1.8440529483318566,0.08555888314181742,HD 34411,0.897,1.08,8,7
HD 34411_1,1.8448686998217312,0.0792761925801753,HD 34411,0.897,1.08,8,7
HD 34411_1,1.8416279378226428,0.08433344255507635,HD 34411,0.897,1.08,8,7
HD 34411_1,1.841184255360751,0.07904993693876619,HD 34411,0.897,1.08,8,7
HD 34411_1,1.8405080202042052,0.10322619448554848,HD 34411,0.897,1.08,8,7
HD 34411_1,1.844380939454527,0.09468918074651703,HD 34411,0.897,1.08,8,7
HD 34411_1,1.8385231324608822,0.08321454579514126,HD 34411,0.897,1.08,8,7
HD 34411_1,1.8435298450095778,0.09516927724867749,HD 34411,0.897,1.08,8,7
HD 34411_1,1.8384922176054057,0.07979689048152137,HD 34411,0.897,1.08,8,7
HD 34411_1,1.846879838286726,0.0849211444940416,HD 34411,0.897,1.08,8,7
HD 34411_1,1.8374892694136251,0.080963576711762,HD 34411,0.897,1.08,8,7
HD 34411_1,1.8439874631168787,0.07099734997248708,HD 34411,0.897,1.08,8,7
HD 34411_1,1.846895681774312,0.08873020130331441,HD 34411,0.897,1.08,8,7
HD 34411_1,1.837718493630799,0.08450734785419088,HD 34411,0.897,1.08,8,7
HD 34411_1,1.8419305675901367,0.08883163768423132,HD 34411,0.897,1.08,8,7
HD 34411_1,1.8402346138948618,0.08482752920115043,HD 34411,0.897,1.08,8,7
HD 34411_1,1.842756026076484,0.0904095293599259,HD 34411,0.897,1.08,8,7
HD 34411_1,1.844002908103295,0.07819007601652414,HD 34411,0.897,1.08,8,7
HD 34411_1,1.8450573269374002,0.09069615870013605,HD 34411,0.897,1.08,8,7
HD 34411_1,1.8461831914013538,0.08897873999245867,HD 34411,0.897,1.08,8,7
HD 34411_1,1.8382345158805717,0.09900114925755535,HD 34411,0.897,1.08,8,7
HD 34411_1,1.8470324500972548,0.08022764702670934,HD 34411,0.897,1.08,8,7
HD 34411_1,1.8366430538945737,0.07756991213249224,HD 34411,0.897,1.08,8,7
HD 34411_1,1.8402862717950772,0.07893132032307403,HD 34411,0.897,1.08,8,7
HD 34411_1,1.8387253254561442,0.11445474970056058,HD 34411,0.897,1.08,8,7
HD 34411_1,1.8383526474232923,0.08753382579262023,HD 34411,0.897,1.08,8,7
HD 34411_1,1.8413348863296641,0.09149134279791092,HD 34411,0.897,1.08,8,7
HD 34411_1,1.8445142978190705,0.09976399430254916,HD 34411,0.897,1.08,8,7
HD 34411_1,1.8380975976296494,0.09720482566345993,HD 34411,0.897,1.08,8,7
HD 34411_1,1.8468826547288386,0.0835715401995182,HD 34411,0.897,1.08,8,7
HD 34411_1,1.8460098795238384,0.0620932719820979,HD 34411,0.897,1.08,8,7
HD 34411_1,1.8439505364239623,0.08559001678556419,HD 34411,0.897,1.08,8,7
HD 34411_1,1.8423302166117963,0.08140381813378716,HD 34411,0.897,1.08,8,7
HD 34411_1,1.8386834015603961,0.09577306976229365,HD 34411,0.897,1.08,8,7
HD 34411_1,1.8335689748477666,0.10048216723119885,HD 34411,0.897,1.08,8,7
HD 34411_1,1.8383293529895273,0.08522127031729822,HD 34411,0.897,1.08,8,7
HD 34411_1,1.8361265493272734,0.10248757067706564,HD 34411,0.897,1.08,8,7
HD 34411_1,1.844894422383843,0.11027779715340556,HD 34411,0.897,1.08,8,7
HD 34411_1,1.8441421059556764,0.08609774450834348,HD 34411,0.897,1.08,8,7
HD 34411_1,1.8363517736432884,0.06337613840543688,HD 34411,0.897,1.08,8,7
HD 34411_1,1.8369908290568422,0.08279454568912084,HD 34411,0.897,1.08,8,7
HD 34411_1,1.8393663730317842,0.11424645985921004,HD 34411,0.897,1.08,8,7
HD 34411_1,1.8391083427229433,0.10291793350740834,HD 34411,0.897,1.08,8,7
HD 34411_1,1.843323240570917,0.09233822664730683,HD 34411,0.897,1.08,8,7
HD 34411_1,1.83985521366081,0.0782822657684563,HD 34411,0.897,1.08,8,7
HD 34411_1,1.8395887083158187,0.10330465282880752,HD 34411,0.897,1.08,8,7
HD 34411_1,1.835521002936286,0.08916425422286797,HD 34411,0.897,1.08,8,7
HD 34411_1,1.8360861656188818,0.09450902380128628,HD 34411,0.897,1.08,8,7
HD 34411_1,1.842363045018823,0.06826048566058981,HD 34411,0.897,1.08,8,7
HD 34411_1,1.8384242017775865,0.08758572047403286,HD 34411,0.897,1.08,8,7
HD 34411_1,1.8341928309845383,0.09790245575597352,HD 34411,0.897,1.08,8,7
HD 34411_1,1.8419609801574495,0.07634743397706915,HD 34411,0.897,1.08,8,7
HD 34411_1,1.8344178841349223,0.08792337425433966,HD 34411,0.897,1.08,8,7
HD 34411_1,1.8455822571464744,0.06891470668720907,HD 34411,0.897,1.08,8,7
HD 34411_1,1.8373468496575873,0.10051815420746157,HD 34411,0.897,1.08,8,7
HD 34411_1,1.8456373220695375,0.0946167337760127,HD 34411,0.897,1.08,8,7
HD 34411_1,1.8445068227971113,0.08103893589578197,HD 34411,0.897,1.08,8,7
HD 34411_1,1.834883532230243,0.09360664183708478,HD 34411,0.897,1.08,8,7
HD 34411_1,1.8389455313752956,0.07525913155772998,HD 34411,0.897,1.08,8,7
HD 34411_1,1.844462943452037,0.10498486906335243,HD 34411,0.897,1.08,8,7
HD 34411_1,1.8415048772235496,0.08946367447640684,HD 34411,0.897,1.08,8,7
HD 34411_1,1.8383501641798279,0.10528178692329679,HD 34411,0.897,1.08,8,7
HD 34411_1,1.8431765627927807,0.08813687170923998,HD 34411,0.897,1.08,8,7
HD 34411_1,1.8442653835820098,0.08576635075689783,HD 34411,0.897,1.08,8,7
HD 34411_1,1.8390610290472877,0.08954919738224046,HD 34411,0.897,1.08,8,7
HD 34411_1,1.8416450370680528,0.0759058250635726,HD 34411,0.897,1.08,8,7
HD 34411_1,1.8387518795533502,0.08822175518701919,HD 34411,0.897,1.08,8,7
HD 34411_1,1.844382115108358,0.09816631071589518,HD 34411,0.897,1.08,8,7
HD 34411_1,1.8353806814739602,0.09515172854671232,HD 34411,0.897,1.08,8,7
HD 34411_1,1.8377209329474191,0.0794342900021415,HD 34411,0.897,1.08,8,7
HD 34411_1,1.8459908478596672,0.09199510951963889,HD 34411,0.897,1.08,8,7
HD 34411_1,1.8420383398836515,0.08669174210782572,HD 34411,0.897,1.08,8,7
HD 34411_1,1.844471372404341,0.07851975152121429,HD 34411,0.897,1.08,8,7
HD 34411_1,1.8389878335630283,0.0658485717920035,HD 34411,0.897,1.08,8,7
HD 34411_1,1.8370110037082812,0.08228094111264211,HD 34411,0.897,1.08,8,7
HD 34411_1,1.8377677474799696,0.07722959401561226,HD 34411,0.897,1.08,8,7
HD 34411_1,1.8429662883794236,0.07717713424049102,HD 34411,0.897,1.08,8,7
HD 34411_1,1.8423387453028601,0.08467511844045429,HD 34411,0.897,1.08,8,7
HD 34411_1,1.837019593811186,0.08698701717116028,HD 34411,0.897,1.08,8,7
HD 34411_1,1.8393376526649128,0.08270962123962601,HD 34411,0.897,1.08,8,7
HD 34411_1,1.838611584211845,0.10133407182124078,HD 34411,0.897,1.08,8,7
HD 34411_1,1.839150178163461,0.09733139760506336,HD 34411,0.897,1.08,8,7
HD 34411_1,1.8425408809522485,0.07016084689101282,HD 34411,0.897,1.08,8,7
HD 34411_1,1.8439420094400207,0.058081472219942476,HD 34411,0.897,1.08,8,7
HD 34411_1,1.844019289161444,0.08370979729342964,HD 34411,0.897,1.08,8,7
HD 34411_1,1.8402201436416192,0.09101179926660197,HD 34411,0.897,1.08,8,7
HD 34411_1,1.8475048775307994,0.0871585810792834,HD 34411,0.897,1.08,8,7
HD 34411_1,1.842046989913289,0.09465984625842752,HD 34411,0.897,1.08,8,7
HD 34411_1,1.8399281876934714,0.07911939924869703,HD 34411,0.897,1.08,8,7
HD 34411_1,1.834683316703759,0.10397020589471759,HD 34411,0.897,1.08,8,7
HD 34411_1,1.8409685693078512,0.09023846156571277,HD 34411,0.897,1.08,8,7
HD 34411_1,1.8405065946662549,0.07535815915164912,HD 34411,0.897,1.08,8,7
HD 34411_1,1.8425636489703137,0.09811127847142377,HD 34411,0.897,1.08,8,7
HD 34411_1,1.84247809077218,0.08323949128726789,HD 34411,0.897,1.08,8,7
HD 34411_1,1.842804807175559,0.07983917494043041,HD 34411,0.897,1.08,8,7
HD 34411_1,1.84483737645468,0.08582404930085548,HD 34411,0.897,1.08,8,7
HD 34411_1,1.8370738678003364,0.0802978038542304,HD 34411,0.897,1.08,8,7
HD 34411_1,1.8427524245106288,0.08547236513332851,HD 34411,0.897,1.08,8,7
HD 34411_1,1.8450696466406828,0.09285227595936936,HD 34411,0.897,1.08,8,7
HD 34411_1,1.8471886366163044,0.08069455094352374,HD 34411,0.897,1.08,8,7
HD 34411_1,1.8357587036378036,0.0944814134978818,HD 34411,0.897,1.08,8,7
HD 34411_1,1.8401729225182342,0.08260304382644124,HD 34411,0.897,1.08,8,7
HD 34411_1,1.8413221175672834,0.0720949205253469,HD 34411,0.897,1.08,8,7
HD 34411_1,1.8373224101117671,0.09405958367284914,HD 34411,0.897,1.08,8,7
HD 34411_1,1.8378216979234312,0.07127205139133826,HD 34411,0.897,1.08,8,7
HD 34411_1,1.840380123740515,0.10055979712560488,HD 34411,0.897,1.08,8,7
HD 34411_1,1.8388397855335614,0.07871736288903927,HD 34411,0.897,1.08,8,7
HD 34411_1,1.8476633461415881,0.08554234492418311,HD 34411,0.897,1.08,8,7
HD 34411_1,1.8391798481269939,0.09015942934960498,HD 34411,0.897,1.08,8,7
HD 34411_1,1.8444034932865467,0.08381616956148077,HD 34411,0.897,1.08,8,7
HD 34411_1,1.8411671587466079,0.08301705336611488,HD 34411,0.897,1.08,8,7
HD 34411_1,1.8434583551625285,0.08930353212785407,HD 34411,0.897,1.08,8,7
HD 34411_1,1.8412321423393188,0.08672460596218776,HD 34411,0.897,1.08,8,7
HD 34411_1,1.8414560024925175,0.08935552457953197,HD 34411,0.897,1.08,8,7
HD 34411_1,1.840443186120854,0.07676152274659569,HD 34411,0.897,1.08,8,7
HD 34411_1,1.8400055186534485,0.09872341894383238,HD 34411,0.897,1.08,8,7
HD 34411_1,1.8430570444339194,0.09865788339532772,HD 34411,0.897,1.08,8,7
HD 34411_1,1.8443098955170945,0.0769221421744317,HD 34411,0.897,1.08,8,7
HD 34411_1,1.842841968187327,0.07886152164458357,HD 34411,0.897,1.08,8,7
HD 34411_1,1.8410918967983794,0.08503685449013801,HD 34411,0.897,1.08,8,7
HD 34411_1,1.8461507438883393,0.0983861032494496,HD 34411,0.897,1.08,8,7
HD 34411_1,1.835316538533261,0.09159724253426087,HD 34411,0.897,1.08,8,7
HD 34411_1,1.8397431583033237,0.09263936279879681,HD 34411,0.897,1.08,8,7
HD 34411_1,1.8417497739877284,0.08053660167652439,HD 34411,0.897,1.08,8,7
HD 34411_1,1.8385455033522093,0.09072251985302725,HD 34411,0.897,1.08,8,7
HD 34411_1,1.845911457740016,0.1049939713642343,HD 34411,0.897,1.08,8,7
HD 34411_1,1.8437764512739347,0.08498683664565816,HD 34411,0.897,1.08,8,7
HD 34411_1,1.8362276277453038,0.07637497157035128,HD 34411,0.897,1.08,8,7
HD 34411_1,1.8444096519720818,0.08437046642478843,HD 34411,0.897,1.08,8,7
HD 34411_1,1.8387117616823725,0.06576980678944534,HD 34411,0.897,1.08,8,7
HD 34411_1,1.8446008622136365,0.09103075359122677,HD 34411,0.897,1.08,8,7
HD 34411_1,1.8426767224582326,0.09176180710532539,HD 34411,0.897,1.08,8,7
HD 34411_1,1.8408281859315514,0.09096941560538417,HD 34411,0.897,1.08,8,7
HD 34411_1,1.8431006688906963,0.08069853112835455,HD 34411,0.897,1.08,8,7
HD 34411_1,1.8433623799257643,0.08114191276565791,HD 34411,0.897,1.08,8,7
HD 34411_1,1.8439656055756952,0.08352928505157294,HD 34411,0.897,1.08,8,7
HD 34411_1,1.840612776957588,0.09776476109893822,HD 34411,0.897,1.08,8,7
HD 34411_1,1.8418969046095515,0.09136897786792454,HD 34411,0.897,1.08,8,7
HD 34411_1,1.8477921027622648,0.09095574786274088,HD 34411,0.897,1.08,8,7
HD 34411_1,1.8489738613836495,0.08466508773132692,HD 34411,0.897,1.08,8,7
HD 34411_1,1.8395006811466683,0.09046691805534895,HD 34411,0.897,1.08,8,7
HD 34411_1,1.8417521297249047,0.09573572322477969,HD 34411,0.897,1.08,8,7
HD 34411_1,1.850704031869078,0.09614313955685971,HD 34411,0.897,1.08,8,7
HD 34411_1,1.8411354178693273,0.10062302702632608,HD 34411,0.897,1.08,8,7
HD 34411_1,1.8394991233116504,0.10173624021815983,HD 34411,0.897,1.08,8,7
HD 34411_1,1.8379003739543285,0.10045105719534733,HD 34411,0.897,1.08,8,7
HD 34411_1,1.8354837937550728,0.0917421605349647,HD 34411,0.897,1.08,8,7
HD 34411_1,1.8411057546776035,0.08528666421903296,HD 34411,0.897,1.08,8,7
HD 34411_1,1.8352818986815347,0.10100483292720625,HD 34411,0.897,1.08,8,7
HD 34411_1,1.8371778276550426,0.0946617536615532,HD 34411,0.897,1.08,8,7
HD 34411_1,1.8374663570376257,0.07830421614943196,HD 34411,0.897,1.08,8,7
HD 34411_1,1.8387016376361027,0.0891201006304981,HD 34411,0.897,1.08,8,7
HD 34411_1,1.8394750660492747,0.057014709216721776,HD 34411,0.897,1.08,8,7
HD 34411_1,1.8413695048570335,0.08040055136249626,HD 34411,0.897,1.08,8,7
HD 34411_1,1.8443926510210014,0.1050759773851659,HD 34411,0.897,1.08,8,7
HD 34411_1,1.8426225279833395,0.08782374970481441,HD 34411,0.897,1.08,8,7
HD 34411_1,1.8280325298942006,0.0931869250633814,HD 34411,0.897,1.08,8,7
HD 34411_1,1.8462176956860448,0.09011830719129495,HD 34411,0.897,1.08,8,7
HD 34411_1,1.8415568233616846,0.08927296044696244,HD 34411,0.897,1.08,8,7
HD 34411_1,1.8415322934159046,0.09473006860411659,HD 34411,0.897,1.08,8,7
HD 34411_1,1.8429722590688518,0.08303974020790743,HD 34411,0.897,1.08,8,7
HD 34411_1,1.840448337522241,0.08301967104269437,HD 34411,0.897,1.08,8,7
HD 34411_1,1.8397714431872105,0.08960649409388108,HD 34411,0.897,1.08,8,7
HD 34411_1,1.8356071008718053,0.08681332503962418,HD 34411,0.897,1.08,8,7
HD 34411_1,1.8418458378323563,0.08258390578658077,HD 34411,0.897,1.08,8,7
HD 34411_1,1.8389626643991501,0.07723320770565792,HD 34411,0.897,1.08,8,7
HD 34411_1,1.8389609412157741,0.09289421150277274,HD 34411,0.897,1.08,8,7
HD 34411_1,1.8385116938318629,0.08026440086268206,HD 34411,0.897,1.08,8,7
HD 34411_1,1.8404761633616231,0.08279785266568802,HD 34411,0.897,1.08,8,7
HD 34411_1,1.8400385960754042,0.06889954162990783,HD 34411,0.897,1.08,8,7
HD 34411_1,1.8469068864815195,0.07081589350209623,HD 34411,0.897,1.08,8,7
HD 34411_1,1.8419732397638617,0.0941499418996983,HD 34411,0.897,1.08,8,7
HD 34411_1,1.8368777911425405,0.06967846024975279,HD 34411,0.897,1.08,8,7
HD 34411_1,1.8434959033118399,0.08563661883895224,HD 34411,0.897,1.08,8,7
HD 34411_1,1.841746511925246,0.07970287904629678,HD 34411,0.897,1.08,8,7
HD 34411_1,1.8405780052225942,0.08329211464185257,HD 34411,0.897,1.08,8,7
HD 34411_1,1.8345822146926385,0.08601301289971208,HD 34411,0.897,1.08,8,7
HD 34411_1,1.8382945394441819,0.08982320624246729,HD 34411,0.897,1.08,8,7
HD 34411_1,1.838760352156666,0.08025732476324832,HD 34411,0.897,1.08,8,7
HD 34411_1,1.8449149496676351,0.07874472569152295,HD 34411,0.897,1.08,8,7
HD 34411_1,1.8427343530562377,0.10378774308228424,HD 34411,0.897,1.08,8,7
HD 34411_1,1.8430876972122996,0.07608640224199488,HD 34411,0.897,1.08,8,7
HD 34411_1,1.8357412420699066,0.10268973768069317,HD 34411,0.897,1.08,8,7
HD 34411_1,1.8343811785339494,0.0965443648664797,HD 34411,0.897,1.08,8,7
HD 34411_1,1.8358622680846968,0.09598604761695093,HD 34411,0.897,1.08,8,7
HD 34411_1,1.8439096552087981,0.0780082795015606,HD 34411,0.897,1.08,8,7
HD 34411_1,1.8424060635149706,0.08628681440301418,HD 34411,0.897,1.08,8,7
HD 34411_1,1.8410715805907754,0.08112307765251142,HD 34411,0.897,1.08,8,7
HD 34411_1,1.83502188673153,0.0764580670634266,HD 34411,0.897,1.08,8,7
HD 34411_1,1.8394329458666583,0.0828336531336943,HD 34411,0.897,1.08,8,7
HD 34411_1,1.8400287687615984,0.10612517181298883,HD 34411,0.897,1.08,8,7
HD 34411_1,1.8381540016804565,0.08692173920537781,HD 34411,0.897,1.08,8,7
HD 34411_1,1.842954105443025,0.07793353732920334,HD 34411,0.897,1.08,8,7
HD 34411_1,1.8422712062686053,0.07978121927072318,HD 34411,0.897,1.08,8,7
HD 34411_1,1.8380424309659504,0.07878014312950155,HD 34411,0.897,1.08,8,7
HD 34411_1,1.8443819254037166,0.09585633800018273,HD 34411,0.897,1.08,8,7
HD 34411_1,1.8326111741730482,0.06742939193906308,HD 34411,0.897,1.08,8,7
HD 34411_1,1.8359242672728486,0.0823822071366788,HD 34411,0.897,1.08,8,7
HD 34411_1,1.843573281206495,0.07220170699424622,HD 34411,0.897,1.08,8,7
HD 34411_1,1.8332544612749375,0.09134558415703857,HD 34411,0.897,1.08,8,7
HD 34411_1,1.8390871262428952,0.0717623395806893,HD 34411,0.897,1.08,8,7
HD 34411_1,1.844924057579763,0.09258246558599215,HD 34411,0.897,1.08,8,7
HD 34411_1,1.8392515671235758,0.0968635795477209,HD 34411,0.897,1.08,8,7
HD 34411_1,1.8393810142353109,0.10441319050359725,HD 34411,0.897,1.08,8,7
HD 34411_1,1.8426199415538036,0.10664124525299351,HD 34411,0.897,1.08,8,7
HD 34411_1,1.8349440345610397,0.10284179200464301,HD 34411,0.897,1.08,8,7
HD 34411_1,1.8450593342551507,0.09454277042507364,HD 34411,0.897,1.08,8,7
HD 34411_1,1.8446330147465837,0.10347548117621175,HD 34411,0.897,1.08,8,7
HD 34411_1,1.8450676287815102,0.08911298310261237,HD 34411,0.897,1.08,8,7
HD 34411_1,1.8445872515165713,0.0809874794981051,HD 34411,0.897,1.08,8,7
HD 34411_1,1.8376109428471512,0.0851635648691991,HD 34411,0.897,1.08,8,7
HD 34411_1,1.8416359171547356,0.09873044796547789,HD 34411,0.897,1.08,8,7
HD 34411_1,1.8423254252600147,0.0704541686027262,HD 34411,0.897,1.08,8,7
HD 34411_1,1.8369800899090525,0.10724575430859734,HD 34411,0.897,1.08,8,7
HD 34411_1,1.845195151198378,0.05731623381099265,HD 34411,0.897,1.08,8,7
HD 34411_1,1.8442439049732224,0.07804639217314999,HD 34411,0.897,1.08,8,7
HD 34411_1,1.8427180666368081,0.10409215518500109,HD 34411,0.897,1.08,8,7
HD 34411_1,1.8364840588177478,0.084338928157251,HD 34411,0.897,1.08,8,7
HD 34411_1,1.8410634299464865,0.07691808503388793,HD 34411,0.897,1.08,8,7
HD 34411_1,1.8494946177496068,0.08691082688899794,HD 34411,0.897,1.08,8,7
HD 34411_1,1.841316542045529,0.08632781727454676,HD 34411,0.897,1.08,8,7
HD 34411_1,1.8424357026400422,0.08027023482197096,HD 34411,0.897,1.08,8,7
HD 34411_1,1.8437361318191585,0.08216878830337768,HD 34411,0.897,1.08,8,7
HD 34411_1,1.8423150196173126,0.08196970197958559,HD 34411,0.897,1.08,8,7
HD 34411_1,1.8367795055476408,0.06449012054963849,HD 34411,0.897,1.08,8,7
HD 34411_1,1.834674588135613,0.0930303323481036,HD 34411,0.897,1.08,8,7
HD 34411_1,1.8424554829310529,0.08336328392248267,HD 34411,0.897,1.08,8,7
HD 34411_1,1.846844920112144,0.07474410524832567,HD 34411,0.897,1.08,8,7
HD 34411_1,1.8399495258505607,0.08170048491158771,HD 34411,0.897,1.08,8,7
HD 34411_1,1.8401232942950934,0.08585359668761929,HD 34411,0.897,1.08,8,7
HD 34411_1,1.8421510428950438,0.1133342058831347,HD 34411,0.897,1.08,8,7
HD 34411_1,1.8459915048826798,0.09008847243382312,HD 34411,0.897,1.08,8,7
HD 34411_1,1.8415903633350545,0.08567023695971351,HD 34411,0.897,1.08,8,7
HD 34411_1,1.8336606389767856,0.09619556445071506,HD 34411,0.897,1.08,8,7
HD 34411_1,1.8377662436194298,0.10210221221397241,HD 34411,0.897,1.08,8,7
HD 34411_1,1.842720499809897,0.10075458884103118,HD 34411,0.897,1.08,8,7
HD 34411_1,1.8405767555634105,0.08661467433582248,HD 34411,0.897,1.08,8,7
HD 34411_1,1.8367389600197785,0.08146527273846471,HD 34411,0.897,1.08,8,7
HD 34411_1,1.8404145654546131,0.0745946729729201,HD 34411,0.897,1.08,8,7
HD 34411_1,1.8336730998568598,0.09871459274149287,HD 34411,0.897,1.08,8,7
HD 34411_1,1.8420618405898415,0.0794912504486735,HD 34411,0.897,1.08,8,7
HD 34411_1,1.840779822771066,0.07811812411019671,HD 34411,0.897,1.08,8,7
HD 34411_1,1.8396474344792195,0.09120858070015483,HD 34411,0.897,1.08,8,7
HD 34411_1,1.845758689884931,0.10690301522474291,HD 34411,0.897,1.08,8,7
HD 34411_1,1.839047570706084,0.0947250999296659,HD 34411,0.897,1.08,8,7
HD 34411_1,1.8459377156565249,0.07747351537435436,HD 34411,0.897,1.08,8,7
HD 34411_1,1.8390234097289595,0.11089511620366804,HD 34411,0.897,1.08,8,7
HD 34411_1,1.8414732931973006,0.08894456863908204,HD 34411,0.897,1.08,8,7
HD 34411_1,1.8419732678935947,0.07847931956470747,HD 34411,0.897,1.08,8,7
HD 34411_1,1.8406284738554888,0.0993278781337872,HD 34411,0.897,1.08,8,7
HD 34411_1,1.8351467017582577,0.08764096072435373,HD 34411,0.897,1.08,8,7
HD 34411_1,1.8408963953412218,0.08703350285545959,HD 34411,0.897,1.08,8,7
HD 34411_1,1.8457076423370729,0.09956327941099377,HD 34411,0.897,1.08,8,7
HD 34411_1,1.8415576278619732,0.07824578578622504,HD 34411,0.897,1.08,8,7
HD 34411_1,1.8395043143748537,0.10032045114575248,HD 34411,0.897,1.08,8,7
HD 34411_1,1.8424282302516437,0.07898224283297363,HD 34411,0.897,1.08,8,7
HD 34411_1,1.8424682325278336,0.06541705906918983,HD 34411,0.897,1.08,8,7
HD 34411_1,1.8399176762126375,0.08885927318473333,HD 34411,0.897,1.08,8,7
HD 34411_1,1.8430712774519837,0.08211462012654089,HD 34411,0.897,1.08,8,7
HD 34411_1,1.842217168204367,0.07623022412497718,HD 34411,0.897,1.08,8,7
HD 34411_1,1.8408419759357602,0.08573813906341919,HD 34411,0.897,1.08,8,7
HD 34411_1,1.8373748742159224,0.08422719709078243,HD 34411,0.897,1.08,8,7
HD 34411_1,1.8390885035728735,0.07856909635769047,HD 34411,0.897,1.08,8,7
HD 34411_1,1.8466699677770142,0.08241914772172161,HD 34411,0.897,1.08,8,7
HD 34411_1,1.8402778264812485,0.07733867470951933,HD 34411,0.897,1.08,8,7
HD 34411_1,1.8456518186088988,0.08473311856962767,HD 34411,0.897,1.08,8,7
HD 34411_1,1.8382480972392667,0.08604560360288135,HD 34411,0.897,1.08,8,7
HD 34411_1,1.838540612975463,0.08710888382913756,HD 34411,0.897,1.08,8,7
HD 34411_1,1.8346037948225644,0.08706530759283852,HD 34411,0.897,1.08,8,7
HD 34411_1,1.8343045265168114,0.08221340701363719,HD 34411,0.897,1.08,8,7
HD 34411_1,1.833899567264839,0.10090915645316284,HD 34411,0.897,1.08,8,7
HD 34411_1,1.8422070980831,0.0939359182683513,HD 34411,0.897,1.08,8,7
HD 34411_1,1.8404013399328638,0.08731541809046511,HD 34411,0.897,1.08,8,7
HD 34411_1,1.8419124564727227,0.09064546789380531,HD 34411,0.897,1.08,8,7
HD 34411_1,1.836823710268224,0.09610709856361234,HD 34411,0.897,1.08,8,7
HD 34411_1,1.8442823240406623,0.0677129648561147,HD 34411,0.897,1.08,8,7
HD 34411_1,1.8447227567694624,0.073985999654406,HD 34411,0.897,1.08,8,7
HD 34411_1,1.8440664307438552,0.08922128238205215,HD 34411,0.897,1.08,8,7
HD 34411_1,1.844345878728625,0.08560071728137815,HD 34411,0.897,1.08,8,7
HD 34411_1,1.8418720058931504,0.10181278799790215,HD 34411,0.897,1.08,8,7
HD 34411_1,1.8386259377024952,0.08352738656421461,HD 34411,0.897,1.08,8,7
HD 34411_1,1.8392402097967964,0.07536999090107618,HD 34411,0.897,1.08,8,7
HD 34411_1,1.838536459900147,0.08174152468715763,HD 34411,0.897,1.08,8,7
HD 34411_1,1.8481804950901937,0.08548437430991498,HD 34411,0.897,1.08,8,7
HD 34411_1,1.8375699080809287,0.10138450288001453,HD 34411,0.897,1.08,8,7
HD 34411_1,1.8434824049359393,0.10792194192667055,HD 34411,0.897,1.08,8,7
HD 34411_1,1.8440785473186603,0.075764026847704,HD 34411,0.897,1.08,8,7
HD 34411_1,1.8455780236718877,0.09084814334113805,HD 34411,0.897,1.08,8,7
HD 34411_1,1.838985382784532,0.08646616886150069,HD 34411,0.897,1.08,8,7
HD 34411_1,1.8395439223405772,0.08845557655343868,HD 34411,0.897,1.08,8,7
HD 34411_1,1.8405711357787276,0.08399686683521812,HD 34411,0.897,1.08,8,7
HD 34411_1,1.8370878802962682,0.09329862181076894,HD 34411,0.897,1.08,8,7
HD 34411_1,1.8348023146761825,0.09443835211144257,HD 34411,0.897,1.08,8,7
HD 34411_1,1.842590461813139,0.07729110807161105,HD 34411,0.897,1.08,8,7
HD 34411_1,1.840553733236833,0.09404909047733619,HD 34411,0.897,1.08,8,7
HD 34411_1,1.8395426333397242,0.09223464237809006,HD 34411,0.897,1.08,8,7
HD 34411_1,1.8434423277049918,0.08254677170199305,HD 34411,0.897,1.08,8,7
HD 34411_1,1.8410335947598635,0.07487408576721132,HD 34411,0.897,1.08,8,7
HD 34411_1,1.8429977739668975,0.09078641022738958,HD 34411,0.897,1.08,8,7
HD 34411_1,1.8449183229463548,0.08952855832250313,HD 34411,0.897,1.08,8,7
HD 34411_1,1.8411385552748183,0.08148916860333538,HD 34411,0.897,1.08,8,7
HD 34411_1,1.8373155208627643,0.09056454668166221,HD 34411,0.897,1.08,8,7
HD 34411_1,1.8384925332561415,0.10620676421821103,HD 34411,0.897,1.08,8,7
HD 34411_1,1.8404379165518396,0.09240548566617664,HD 34411,0.897,1.08,8,7
HD 34411_1,1.8449939527568089,0.07898402203814317,HD 34411,0.897,1.08,8,7
HD 34411_1,1.841245768579904,0.08590672264262282,HD 34411,0.897,1.08,8,7
HD 34411_1,1.8405673061914036,0.06625358502819867,HD 34411,0.897,1.08,8,7
HD 34411_1,1.8399158792956123,0.10132210618924987,HD 34411,0.897,1.08,8,7
HD 34411_1,1.8443703969378966,0.08602510928624295,HD 34411,0.897,1.08,8,7
HD 34411_1,1.8403419593079318,0.06142915475206988,HD 34411,0.897,1.08,8,7
HD 34411_1,1.8484551537641187,0.08650107277266664,HD 34411,0.897,1.08,8,7
HD 34411_1,1.8393561056890502,0.08446703007948686,HD 34411,0.897,1.08,8,7
HD 34411_1,1.8322807746632077,0.10379487075968896,HD 34411,0.897,1.08,8,7
HD 34411_1,1.8414343969589102,0.095748058440909,HD 34411,0.897,1.08,8,7
HD 34411_1,1.835978712819885,0.10189287672424585,HD 34411,0.897,1.08,8,7
HD 34411_1,1.8482176325424902,0.09659157277409403,HD 34411,0.897,1.08,8,7
HD 34411_1,1.8437085478406614,0.07115059740263434,HD 34411,0.897,1.08,8,7
HD 34411_1,1.8433868910632545,0.071135512433363,HD 34411,0.897,1.08,8,7
HD 34411_1,1.8395596051681975,0.0874458997578479,HD 34411,0.897,1.08,8,7
HD 34411_1,1.8435109444977862,0.09410611420629571,HD 34411,0.897,1.08,8,7
HD 34411_1,1.8360700633340588,0.07535741477796869,HD 34411,0.897,1.08,8,7
HD 34411_1,1.8431012186616362,0.08418620470912602,HD 34411,0.897,1.08,8,7
HD 34411_1,1.8429565580807783,0.08204422135200118,HD 34411,0.897,1.08,8,7
HD 34411_1,1.8378111234113983,0.07148484348225503,HD 34411,0.897,1.08,8,7
HD 34411_1,1.8388660136829214,0.07085931955017977,HD 34411,0.897,1.08,8,7
HD 34411_1,1.8370536695995796,0.07083937172490659,HD 34411,0.897,1.08,8,7
HD 34411_1,1.8476115944671667,0.07082182436957693,HD 34411,0.897,1.08,8,7
HD 34411_1,1.8395376122512244,0.07917271162402297,HD 34411,0.897,1.08,8,7
HD 34411_1,1.845815654749243,0.07804955187556803,HD 34411,0.897,1.08,8,7
HD 34411_1,1.837625934495212,0.07755072683113884,HD 34411,0.897,1.08,8,7
HD 34411_1,1.8446345737192251,0.08999936577762786,HD 34411,0.897,1.08,8,7
HD 34411_1,1.8432932098377102,0.10209564984395479,HD 34411,0.897,1.08,8,7
HD 34411_1,1.8432693430354843,0.08318112684283452,HD 34411,0.897,1.08,8,7
HD 34411_1,1.841303681407316,0.08807728024335611,HD 34411,0.897,1.08,8,7
HD 34411_1,1.8460537161508586,0.0818318271075557,HD 34411,0.897,1.08,8,7
HD 34411_1,1.8377140419221842,0.110648256401027,HD 34411,0.897,1.08,8,7
HD 34411_1,1.8439845648069895,0.11049079104463977,HD 34411,0.897,1.08,8,7
HD 34411_1,1.8360190415065782,0.09496920789365629,HD 34411,0.897,1.08,8,7
HD 34411_1,1.8421857493803748,0.07885330680541335,HD 34411,0.897,1.08,8,7
HD 34411_1,1.8401649822865307,0.0809319651335966,HD 34411,0.897,1.08,8,7
HD 34411_1,1.8419008452091825,0.09722889526285022,HD 34411,0.897,1.08,8,7
HD 34411_1,1.8335517006535755,0.08914833053091621,HD 34411,0.897,1.08,8,7
HD 34411_1,1.8424586092720434,0.10442876061617883,HD 34411,0.897,1.08,8,7
HD 34411_1,1.8420814983337717,0.07967233662923177,HD 34411,0.897,1.08,8,7
HD 34411_1,1.841573016530781,0.08723354860667709,HD 34411,0.897,1.08,8,7
HD 34411_1,1.8406071223048142,0.07586740888049887,HD 34411,0.897,1.08,8,7
HD 34411_1,1.8409420841126192,0.07931676372411603,HD 34411,0.897,1.08,8,7
HD 34411_1,1.8407066479052372,0.0876958988904329,HD 34411,0.897,1.08,8,7
HD 34411_1,1.8472801757539314,0.09650820197593245,HD 34411,0.897,1.08,8,7
HD 34411_1,1.8474518248098937,0.08236887264267316,HD 34411,0.897,1.08,8,7
HD 34411_1,1.838120251105695,0.07388111141174598,HD 34411,0.897,1.08,8,7
HD 34411_1,1.841177382407577,0.10851133339493124,HD 34411,0.897,1.08,8,7
HD 34411_1,1.8440719823548724,0.07819952014353827,HD 34411,0.897,1.08,8,7
HD 34411_1,1.8426618859740365,0.08402855798987331,HD 34411,0.897,1.08,8,7
HD 34411_1,1.833877514854588,0.08546962433547475,HD 34411,0.897,1.08,8,7
HD 34411_1,1.846195405677926,0.06112481030313409,HD 34411,0.897,1.08,8,7
HD 34411_1,1.8363819396490941,0.10657645037301818,HD 34411,0.897,1.08,8,7
HD 34411_1,1.837864775733826,0.0890244000168426,HD 34411,0.897,1.08,8,7
HD 34411_1,1.8373551582541379,0.08156800316841674,HD 34411,0.897,1.08,8,7
HD 34411_1,1.8486838113459485,0.07649133588509203,HD 34411,0.897,1.08,8,7
HD 34411_1,1.8462336743095784,0.09069158701176155,HD 34411,0.897,1.08,8,7
HD 34411_1,1.8415354232750838,0.10381116526204459,HD 34411,0.897,1.08,8,7
HD 34411_1,1.8388455794513292,0.0903335024593179,HD 34411,0.897,1.08,8,7
HD 34411_1,1.8419276255648724,0.09511479956758255,HD 34411,0.897,1.08,8,7
HD 34411_1,1.8429213384725225,0.06373584602210677,HD 34411,0.897,1.08,8,7
HD 34411_1,1.8388080589155986,0.07783015325626107,HD 34411,0.897,1.08,8,7
HD 34411_1,1.8383416277487492,0.08536123657400019,HD 34411,0.897,1.08,8,7
HD 34411_1,1.8418631648413117,0.06700336564165042,HD 34411,0.897,1.08,8,7
HD 34411_1,1.8370874067462217,0.061182110333955264,HD 34411,0.897,1.08,8,7
HD 34411_1,1.842843307671903,0.09047522075014405,HD 34411,0.897,1.08,8,7
HD 34411_1,1.8468673600050127,0.07674861993824748,HD 34411,0.897,1.08,8,7
HD 34411_1,1.8369654868404754,0.08792445666821917,HD 34411,0.897,1.08,8,7
HD 34411_1,1.8407011688705905,0.08752254067025815,HD 34411,0.897,1.08,8,7
HD 34411_1,1.8380181780958982,0.08725733641852199,HD 34411,0.897,1.08,8,7
HD 46588 A_0,2.534952104781218,0.08873308076861294,HD 46588 A,1.375,1.18,8,8
HD 46588 A_0,2.5208404272514784,0.0947287779476517,HD 46588 A,1.375,1.18,8,8
HD 46588 A_0,2.5198432253861105,0.09199019196379382,HD 46588 A,1.375,1.18,8,8
HD 46588 A_0,2.525615441414355,0.09839325942797944,HD 46588 A,1.375,1.18,8,8
HD 46588 A_0,2.518226750557893,0.08346582038769568,HD 46588 A,1.375,1.18,8,8
HD 46588 A_0,2.5156879051648184,0.09751589593968069,HD 46588 A,1.375,1.18,8,8
HD 46588 A_0,2.5265505253336062,0.08472729072839139,HD 46588 A,1.375,1.18,8,8
HD 46588 A_0,2.522344076927196,0.08717586508794746,HD 46588 A,1.375,1.18,8,8
HD 46588 A_0,2.530885588406588,0.07617740813330416,HD 46588 A,1.375,1.18,8,8
HD 46588 A_0,2.51664005798229,0.09198739187954157,HD 46588 A,1.375,1.18,8,8
HD 46588 A_0,2.530839318784581,0.09809721337884916,HD 46588 A,1.375,1.18,8,8
HD 46588 A_0,2.52826664398826,0.09040589939039706,HD 46588 A,1.375,1.18,8,8
HD 46588 A_0,2.537409204371949,0.09866379762080342,HD 46588 A,1.375,1.18,8,8
HD 46588 A_0,2.5221618137513695,0.08561303688544133,HD 46588 A,1.375,1.18,8,8
HD 46588 A_0,2.519382897862799,0.11113523264918243,HD 46588 A,1.375,1.18,8,8
HD 46588 A_0,2.5264927419213077,0.08499485537663173,HD 46588 A,1.375,1.18,8,8
HD 46588 A_0,2.5173766158357016,0.0935883676292735,HD 46588 A,1.375,1.18,8,8
HD 46588 A_0,2.521615029344118,0.08693268115533007,HD 46588 A,1.375,1.18,8,8
HD 46588 A_0,2.5147381852465562,0.08511201302457007,HD 46588 A,1.375,1.18,8,8
HD 46588 A_0,2.5247188324447234,0.08525169457864787,HD 46588 A,1.375,1.18,8,8
HD 46588 A_0,2.5308391688754757,0.08950877689160365,HD 46588 A,1.375,1.18,8,8
HD 46588 A_0,2.5306527540046995,0.08976123253254709,HD 46588 A,1.375,1.18,8,8
HD 46588 A_0,2.5249216040130906,0.08994892938279336,HD 46588 A,1.375,1.18,8,8
HD 46588 A_0,2.529851777590529,0.0796800968562324,HD 46588 A,1.375,1.18,8,8
HD 46588 A_0,2.5207024043346373,0.09669269454870318,HD 46588 A,1.375,1.18,8,8
HD 46588 A_0,2.5304183002667084,0.08137731276224484,HD 46588 A,1.375,1.18,8,8
HD 46588 A_0,2.5258812079967914,0.09383544820113938,HD 46588 A,1.375,1.18,8,8
HD 46588 A_0,2.5224394982450242,0.09788258899962476,HD 46588 A,1.375,1.18,8,8
HD 46588 A_0,2.5316995786071996,0.09515482820811862,HD 46588 A,1.375,1.18,8,8
HD 46588 A_0,2.517332628054867,0.08037805152408625,HD 46588 A,1.375,1.18,8,8
HD 46588 A_0,2.5325682911229674,0.09738192697707654,HD 46588 A,1.375,1.18,8,8
HD 46588 A_0,2.524544127826092,0.08627440682324107,HD 46588 A,1.375,1.18,8,8
HD 46588 A_0,2.524109292895878,0.09969426934287559,HD 46588 A,1.375,1.18,8,8
HD 46588 A_0,2.50867178290569,0.10149054536531,HD 46588 A,1.375,1.18,8,8
HD 46588 A_0,2.5162456403597564,0.08990758011770741,HD 46588 A,1.375,1.18,8,8
HD 46588 A_0,2.5186335441332375,0.10670181797175977,HD 46588 A,1.375,1.18,8,8
HD 46588 A_0,2.5201364458664846,0.08905082908341351,HD 46588 A,1.375,1.18,8,8
HD 46588 A_0,2.5272019275965985,0.09216112869720709,HD 46588 A,1.375,1.18,8,8
HD 46588 A_0,2.5183544740847625,0.08621137241397651,HD 46588 A,1.375,1.18,8,8
HD 46588 A_0,2.5344755098460374,0.08889843711536102,HD 46588 A,1.375,1.18,8,8
HD 46588 A_0,2.5267070230922473,0.0883452239721741,HD 46588 A,1.375,1.18,8,8
HD 46588 A_0,2.5324974311803743,0.08914441839516206,HD 46588 A,1.375,1.18,8,8
HD 46588 A_0,2.524125185627018,0.08976069721130805,HD 46588 A,1.375,1.18,8,8
HD 46588 A_0,2.518875548398328,0.08892144387611815,HD 46588 A,1.375,1.18,8,8
HD 46588 A_0,2.5093552155555763,0.09955811739565901,HD 46588 A,1.375,1.18,8,8
HD 46588 A_0,2.5151485463053693,0.09769978890558324,HD 46588 A,1.375,1.18,8,8
HD 46588 A_0,2.529119423426066,0.09614103529764062,HD 46588 A,1.375,1.18,8,8
HD 46588 A_0,2.518053209262319,0.09411889422363443,HD 46588 A,1.375,1.18,8,8
HD 46588 A_0,2.519420368162754,0.09163706627778742,HD 46588 A,1.375,1.18,8,8
HD 46588 A_0,2.5124683947338977,0.09395431254113583,HD 46588 A,1.375,1.18,8,8
HD 46588 A_0,2.5256800291519044,0.09049352857552545,HD 46588 A,1.375,1.18,8,8
HD 46588 A_0,2.5221502284336963,0.09248678939359194,HD 46588 A,1.375,1.18,8,8
HD 46588 A_0,2.5179078908838233,0.08470102352781983,HD 46588 A,1.375,1.18,8,8
HD 46588 A_0,2.5251726349980284,0.09579225892498748,HD 46588 A,1.375,1.18,8,8
HD 46588 A_0,2.5231828079639165,0.08168084583155469,HD 46588 A,1.375,1.18,8,8
HD 46588 A_0,2.524771586581355,0.09485963866979491,HD 46588 A,1.375,1.18,8,8
HD 46588 A_0,2.533129889496952,0.0878756867920789,HD 46588 A,1.375,1.18,8,8
HD 46588 A_0,2.5209482841856654,0.09066346368809307,HD 46588 A,1.375,1.18,8,8
HD 46588 A_0,2.5287154090596604,0.09247786412487086,HD 46588 A,1.375,1.18,8,8
HD 46588 A_0,2.536583100626126,0.08607806222498354,HD 46588 A,1.375,1.18,8,8
HD 46588 A_0,2.5126827762280115,0.09993067281799048,HD 46588 A,1.375,1.18,8,8
HD 46588 A_0,2.5197853632235065,0.09546126754641565,HD 46588 A,1.375,1.18,8,8
HD 46588 A_0,2.5140547154049733,0.09967951121342424,HD 46588 A,1.375,1.18,8,8
HD 46588 A_0,2.519650921300052,0.08925281011020969,HD 46588 A,1.375,1.18,8,8
HD 46588 A_0,2.523386503351247,0.09199807611057743,HD 46588 A,1.375,1.18,8,8
HD 46588 A_0,2.5181870774329846,0.07723040753108533,HD 46588 A,1.375,1.18,8,8
HD 46588 A_0,2.5265097990144896,0.09535358275205712,HD 46588 A,1.375,1.18,8,8
HD 46588 A_0,2.5184008641243563,0.09390964798359604,HD 46588 A,1.375,1.18,8,8
HD 46588 A_0,2.515704469681485,0.09509879599769493,HD 46588 A,1.375,1.18,8,8
HD 46588 A_0,2.5347507118467925,0.0897100006042842,HD 46588 A,1.375,1.18,8,8
HD 46588 A_0,2.5208194087948876,0.08784159702031201,HD 46588 A,1.375,1.18,8,8
HD 46588 A_0,2.5119085202202505,0.10186526382965579,HD 46588 A,1.375,1.18,8,8
HD 46588 A_0,2.524067375622286,0.09803581946892254,HD 46588 A,1.375,1.18,8,8
HD 46588 A_0,2.5157337422670043,0.08892559977299774,HD 46588 A,1.375,1.18,8,8
HD 46588 A_0,2.530822309236951,0.09238197603316782,HD 46588 A,1.375,1.18,8,8
HD 46588 A_0,2.532445938528738,0.08289865000189313,HD 46588 A,1.375,1.18,8,8
HD 46588 A_0,2.525146048650353,0.0881872217509513,HD 46588 A,1.375,1.18,8,8
HD 46588 A_0,2.5228905771933965,0.0910282703925307,HD 46588 A,1.375,1.18,8,8
HD 46588 A_0,2.5130565689897835,0.09891757621914686,HD 46588 A,1.375,1.18,8,8
HD 46588 A_0,2.523014098211324,0.09318984992141,HD 46588 A,1.375,1.18,8,8
HD 46588 A_0,2.520021390535308,0.09551670109417482,HD 46588 A,1.375,1.18,8,8
HD 46588 A_0,2.5258512580440904,0.10003605828085668,HD 46588 A,1.375,1.18,8,8
HD 46588 A_0,2.5121270774572446,0.0967734984161175,HD 46588 A,1.375,1.18,8,8
HD 46588 A_0,2.520548656588041,0.08623583977165844,HD 46588 A,1.375,1.18,8,8
HD 46588 A_0,2.5115489242978515,0.08992583824281355,HD 46588 A,1.375,1.18,8,8
HD 46588 A_0,2.5146316815062724,0.10016509481523063,HD 46588 A,1.375,1.18,8,8
HD 46588 A_0,2.536917455919509,0.08551649907508155,HD 46588 A,1.375,1.18,8,8
HD 46588 A_0,2.524720055847695,0.09296846605120179,HD 46588 A,1.375,1.18,8,8
HD 46588 A_0,2.52200444710721,0.08652926031400275,HD 46588 A,1.375,1.18,8,8
HD 46588 A_0,2.5154098499452373,0.09202227198252445,HD 46588 A,1.375,1.18,8,8
HD 46588 A_0,2.5149945483492813,0.08895809193588629,HD 46588 A,1.375,1.18,8,8
HD 46588 A_0,2.5272461145738405,0.08995340934210524,HD 46588 A,1.375,1.18,8,8
HD 46588 A_0,2.52264506760252,0.09275406388448369,HD 46588 A,1.375,1.18,8,8
HD 46588 A_0,2.541834005545517,0.08747639567912709,HD 46588 A,1.375,1.18,8,8
HD 46588 A_0,2.5183293936643834,0.09554305151962822,HD 46588 A,1.375,1.18,8,8
HD 46588 A_0,2.5165814155279382,0.08404786350462133,HD 46588 A,1.375,1.18,8,8
HD 46588 A_0,2.5174222846707854,0.09081883043220662,HD 46588 A,1.375,1.18,8,8
HD 46588 A_0,2.5248835875481586,0.08786541163701476,HD 46588 A,1.375,1.18,8,8
HD 46588 A_0,2.5189022917038586,0.09691408815472963,HD 46588 A,1.375,1.18,8,8
HD 46588 A_0,2.5181598350989,0.09165831740211884,HD 46588 A,1.375,1.18,8,8
HD 46588 A_0,2.5201465297671324,0.08336987200275302,HD 46588 A,1.375,1.18,8,8
HD 46588 A_0,2.5109157389598593,0.093802754071244,HD 46588 A,1.375,1.18,8,8
HD 46588 A_0,2.5293182107639565,0.09604443623169204,HD 46588 A,1.375,1.18,8,8
HD 46588 A_0,2.514680198634617,0.0938166235084249,HD 46588 A,1.375,1.18,8,8
HD 46588 A_0,2.526770670443723,0.09685495315566978,HD 46588 A,1.375,1.18,8,8
HD 46588 A_0,2.5274452386971866,0.09084909950609095,HD 46588 A,1.375,1.18,8,8
HD 46588 A_0,2.5297253618948314,0.08204242440493721,HD 46588 A,1.375,1.18,8,8
HD 46588 A_0,2.5135925205292384,0.08570130042426605,HD 46588 A,1.375,1.18,8,8
HD 46588 A_0,2.5131897852576692,0.08931795334045538,HD 46588 A,1.375,1.18,8,8
HD 46588 A_0,2.5193091611688434,0.0862749139478653,HD 46588 A,1.375,1.18,8,8
HD 46588 A_0,2.510548794242561,0.09414803175711402,HD 46588 A,1.375,1.18,8,8
HD 46588 A_0,2.524131997828856,0.0914114852635022,HD 46588 A,1.375,1.18,8,8
HD 46588 A_0,2.5174221319428742,0.0950135010745296,HD 46588 A,1.375,1.18,8,8
HD 46588 A_0,2.513928058238619,0.09164868883063473,HD 46588 A,1.375,1.18,8,8
HD 46588 A_0,2.5235186299921817,0.08821588189865946,HD 46588 A,1.375,1.18,8,8
HD 46588 A_0,2.5108863739889538,0.10128779365203236,HD 46588 A,1.375,1.18,8,8
HD 46588 A_0,2.5295278885087513,0.08182239757036328,HD 46588 A,1.375,1.18,8,8
HD 46588 A_0,2.518740845611515,0.08147281536165309,HD 46588 A,1.375,1.18,8,8
HD 46588 A_0,2.5336522985420338,0.1073630083636833,HD 46588 A,1.375,1.18,8,8
HD 46588 A_0,2.519511988937525,0.09253244038255348,HD 46588 A,1.375,1.18,8,8
HD 46588 A_0,2.5272244976511455,0.08947770976490828,HD 46588 A,1.375,1.18,8,8
HD 46588 A_0,2.516955200912714,0.09835032013369224,HD 46588 A,1.375,1.18,8,8
HD 46588 A_0,2.529531066853111,0.08993154747087946,HD 46588 A,1.375,1.18,8,8
HD 46588 A_0,2.523374331187035,0.09049607547455908,HD 46588 A,1.375,1.18,8,8
HD 46588 A_0,2.5235142518764304,0.10156546702819107,HD 46588 A,1.375,1.18,8,8
HD 46588 A_0,2.517731893871811,0.09315781504471417,HD 46588 A,1.375,1.18,8,8
HD 46588 A_0,2.5221572695418555,0.09161445699531172,HD 46588 A,1.375,1.18,8,8
HD 46588 A_0,2.523286804350424,0.1073991471601472,HD 46588 A,1.375,1.18,8,8
HD 46588 A_0,2.524616029795224,0.09114557352394034,HD 46588 A,1.375,1.18,8,8
HD 46588 A_0,2.5261348954118517,0.08983856536318827,HD 46588 A,1.375,1.18,8,8
HD 46588 A_0,2.5154259585286036,0.09128839272350607,HD 46588 A,1.375,1.18,8,8
HD 46588 A_0,2.513598276508233,0.0949981927912835,HD 46588 A,1.375,1.18,8,8
HD 46588 A_0,2.5252420492686922,0.08881483211963716,HD 46588 A,1.375,1.18,8,8
HD 46588 A_0,2.5187126686974355,0.08990305529215427,HD 46588 A,1.375,1.18,8,8
HD 46588 A_0,2.5166065618743256,0.09315767429643478,HD 46588 A,1.375,1.18,8,8
HD 46588 A_0,2.5209163163735986,0.08903312403519162,HD 46588 A,1.375,1.18,8,8
HD 46588 A_0,2.530308372729711,0.0799194762723702,HD 46588 A,1.375,1.18,8,8
HD 46588 A_0,2.511701832288361,0.10024827926252386,HD 46588 A,1.375,1.18,8,8
HD 46588 A_0,2.52149825247266,0.09191957071718286,HD 46588 A,1.375,1.18,8,8
HD 46588 A_0,2.5067699594573387,0.10676695913754339,HD 46588 A,1.375,1.18,8,8
HD 46588 A_0,2.5297296559347546,0.09747907543199606,HD 46588 A,1.375,1.18,8,8
HD 46588 A_0,2.5264832173300347,0.08958538926124593,HD 46588 A,1.375,1.18,8,8
HD 46588 A_0,2.5130952812406138,0.09228939374577542,HD 46588 A,1.375,1.18,8,8
HD 46588 A_0,2.5163278126670345,0.0760244099553655,HD 46588 A,1.375,1.18,8,8
HD 46588 A_0,2.5241231990160498,0.09751736330139889,HD 46588 A,1.375,1.18,8,8
HD 46588 A_0,2.5209276482734393,0.09058521357536821,HD 46588 A,1.375,1.18,8,8
HD 46588 A_0,2.5077854005074935,0.09610959850563043,HD 46588 A,1.375,1.18,8,8
HD 46588 A_0,2.51655117183354,0.08575883418201477,HD 46588 A,1.375,1.18,8,8
HD 46588 A_0,2.5277455159665334,0.10357994232656197,HD 46588 A,1.375,1.18,8,8
HD 46588 A_0,2.515744639359947,0.10613239574230389,HD 46588 A,1.375,1.18,8,8
HD 46588 A_0,2.517474830584214,0.09571460978504608,HD 46588 A,1.375,1.18,8,8
HD 46588 A_0,2.515750287968968,0.10111856584713876,HD 46588 A,1.375,1.18,8,8
HD 46588 A_0,2.5291173040719483,0.08766116920592,HD 46588 A,1.375,1.18,8,8
HD 46588 A_0,2.5257841386978854,0.09872992393751644,HD 46588 A,1.375,1.18,8,8
HD 46588 A_0,2.526925344122802,0.09286004931250375,HD 46588 A,1.375,1.18,8,8
HD 46588 A_0,2.518806900484529,0.09486116271223898,HD 46588 A,1.375,1.18,8,8
HD 46588 A_0,2.5147063952035764,0.10443575210610118,HD 46588 A,1.375,1.18,8,8
HD 46588 A_0,2.5145904468746356,0.09282000848136358,HD 46588 A,1.375,1.18,8,8
HD 46588 A_0,2.5074243401832885,0.10213954593836039,HD 46588 A,1.375,1.18,8,8
HD 46588 A_0,2.5264926741348077,0.08652850414792507,HD 46588 A,1.375,1.18,8,8
HD 46588 A_0,2.5152631617234977,0.10065232820942958,HD 46588 A,1.375,1.18,8,8
HD 46588 A_0,2.518785409413405,0.08822801115771886,HD 46588 A,1.375,1.18,8,8
HD 46588 A_0,2.5188657154327303,0.09443722080988058,HD 46588 A,1.375,1.18,8,8
HD 46588 A_0,2.537731919548203,0.09389301543461134,HD 46588 A,1.375,1.18,8,8
HD 46588 A_0,2.5185974457761757,0.10671934782555978,HD 46588 A,1.375,1.18,8,8
HD 46588 A_0,2.525758879869586,0.08948415765748899,HD 46588 A,1.375,1.18,8,8
HD 46588 A_0,2.5218251285929014,0.08056063623317125,HD 46588 A,1.375,1.18,8,8
HD 46588 A_0,2.5291772645695714,0.08751598124315686,HD 46588 A,1.375,1.18,8,8
HD 46588 A_0,2.525105089911939,0.08666248205942444,HD 46588 A,1.375,1.18,8,8
HD 46588 A_0,2.526316103453972,0.0783893628023647,HD 46588 A,1.375,1.18,8,8
HD 46588 A_0,2.5120483454499443,0.08734245419126085,HD 46588 A,1.375,1.18,8,8
HD 46588 A_0,2.512488732656951,0.09826267825584929,HD 46588 A,1.375,1.18,8,8
HD 46588 A_0,2.5146644300671865,0.09761812145487234,HD 46588 A,1.375,1.18,8,8
HD 46588 A_0,2.5146211437684283,0.098536471740519,HD 46588 A,1.375,1.18,8,8
HD 46588 A_0,2.516737872172298,0.09230978265667818,HD 46588 A,1.375,1.18,8,8
HD 46588 A_0,2.5240297761296415,0.0921405115166315,HD 46588 A,1.375,1.18,8,8
HD 46588 A_0,2.5252820473194535,0.08425454495111759,HD 46588 A,1.375,1.18,8,8
HD 46588 A_0,2.5195457624209987,0.09432687200996386,HD 46588 A,1.375,1.18,8,8
HD 46588 A_0,2.517024542548939,0.10440621201606046,HD 46588 A,1.375,1.18,8,8
HD 46588 A_0,2.525781878582017,0.09546037991291645,HD 46588 A,1.375,1.18,8,8
HD 46588 A_0,2.5249144732216817,0.07678768530100727,HD 46588 A,1.375,1.18,8,8
HD 46588 A_0,2.5180682627776885,0.09672429030114058,HD 46588 A,1.375,1.18,8,8
HD 46588 A_0,2.5272360200977206,0.07526627314679778,HD 46588 A,1.375,1.18,8,8
HD 46588 A_0,2.5342228763385815,0.08987539058812326,HD 46588 A,1.375,1.18,8,8
HD 46588 A_0,2.5112743937457624,0.09886803929331262,HD 46588 A,1.375,1.18,8,8
HD 46588 A_0,2.517142718303045,0.08346813288086824,HD 46588 A,1.375,1.18,8,8
HD 46588 A_0,2.5215291997099443,0.09531765907315704,HD 46588 A,1.375,1.18,8,8
HD 46588 A_0,2.522327913796388,0.09916103989737912,HD 46588 A,1.375,1.18,8,8
HD 46588 A_0,2.5312497072329068,0.08863128983329407,HD 46588 A,1.375,1.18,8,8
HD 46588 A_0,2.5187449486972042,0.0954423912828502,HD 46588 A,1.375,1.18,8,8
HD 46588 A_0,2.5329821226144484,0.09660833074817834,HD 46588 A,1.375,1.18,8,8
HD 46588 A_0,2.5245742572678607,0.08803246345656486,HD 46588 A,1.375,1.18,8,8
HD 46588 A_0,2.5295020114467066,0.0934531331626563,HD 46588 A,1.375,1.18,8,8
HD 46588 A_0,2.514986470290865,0.09530417660993551,HD 46588 A,1.375,1.18,8,8
HD 46588 A_0,2.5176076414248634,0.10175640767965806,HD 46588 A,1.375,1.18,8,8
HD 46588 A_0,2.5251917585736687,0.08651686817711861,HD 46588 A,1.375,1.18,8,8
HD 46588 A_0,2.5125431371660523,0.08792049540709942,HD 46588 A,1.375,1.18,8,8
HD 46588 A_0,2.5251264256318824,0.09602605523624208,HD 46588 A,1.375,1.18,8,8
HD 46588 A_0,2.51101544628128,0.08581526329702711,HD 46588 A,1.375,1.18,8,8
HD 46588 A_0,2.5235861732616587,0.10389794816965756,HD 46588 A,1.375,1.18,8,8
HD 46588 A_0,2.5058083175612538,0.1019822985056289,HD 46588 A,1.375,1.18,8,8
HD 46588 A_0,2.509193494634805,0.08523090146015688,HD 46588 A,1.375,1.18,8,8
HD 46588 A_0,2.5181469455134424,0.08218243711851456,HD 46588 A,1.375,1.18,8,8
HD 46588 A_0,2.52383391007699,0.08679112647516882,HD 46588 A,1.375,1.18,8,8
HD 46588 A_0,2.517038923143955,0.08862977207859528,HD 46588 A,1.375,1.18,8,8
HD 46588 A_0,2.525133932769028,0.08963635071077239,HD 46588 A,1.375,1.18,8,8
HD 46588 A_0,2.506827167818124,0.10192215581643349,HD 46588 A,1.375,1.18,8,8
HD 46588 A_0,2.528258741195874,0.09584547934226789,HD 46588 A,1.375,1.18,8,8
HD 46588 A_0,2.52777873652584,0.10380535064254148,HD 46588 A,1.375,1.18,8,8
HD 46588 A_0,2.5247518155674316,0.09136532175545328,HD 46588 A,1.375,1.18,8,8
HD 46588 A_0,2.5222596771609354,0.09465949484466273,HD 46588 A,1.375,1.18,8,8
HD 46588 A_0,2.519904136582537,0.10157283330294001,HD 46588 A,1.375,1.18,8,8
HD 46588 A_0,2.5193759500417197,0.09498921264829484,HD 46588 A,1.375,1.18,8,8
HD 46588 A_0,2.5243288015746295,0.09213202952142595,HD 46588 A,1.375,1.18,8,8
HD 46588 A_0,2.525398952118169,0.10082646934085365,HD 46588 A,1.375,1.18,8,8
HD 46588 A_0,2.526547027684084,0.08793762798659682,HD 46588 A,1.375,1.18,8,8
HD 46588 A_0,2.522721925408436,0.10015719069644119,HD 46588 A,1.375,1.18,8,8
HD 46588 A_0,2.52020014320323,0.09263880768828284,HD 46588 A,1.375,1.18,8,8
HD 46588 A_0,2.5273634940113086,0.09616644726875037,HD 46588 A,1.375,1.18,8,8
HD 46588 A_0,2.5138176742097254,0.09099734923818863,HD 46588 A,1.375,1.18,8,8
HD 46588 A_0,2.5233891795192296,0.09184906684697544,HD 46588 A,1.375,1.18,8,8
HD 46588 A_0,2.533136969263896,0.08115979444796535,HD 46588 A,1.375,1.18,8,8
HD 46588 A_0,2.5190953814758585,0.0831375125267255,HD 46588 A,1.375,1.18,8,8
HD 46588 A_0,2.544444537580601,0.08834967830220491,HD 46588 A,1.375,1.18,8,8
HD 46588 A_0,2.52482067587673,0.08458409585185925,HD 46588 A,1.375,1.18,8,8
HD 46588 A_0,2.5150753886566584,0.09150167561232112,HD 46588 A,1.375,1.18,8,8
HD 46588 A_0,2.540825667461495,0.08936160774261716,HD 46588 A,1.375,1.18,8,8
HD 46588 A_0,2.5258953014658623,0.09297180194231958,HD 46588 A,1.375,1.18,8,8
HD 46588 A_0,2.5255023579148133,0.0998144961686829,HD 46588 A,1.375,1.18,8,8
HD 46588 A_0,2.5187791859304607,0.09950784187944846,HD 46588 A,1.375,1.18,8,8
HD 46588 A_0,2.520117842000358,0.08287810994235989,HD 46588 A,1.375,1.18,8,8
HD 46588 A_0,2.5153158392169623,0.08808870127465608,HD 46588 A,1.375,1.18,8,8
HD 46588 A_0,2.5231043475572106,0.09615424451169403,HD 46588 A,1.375,1.18,8,8
HD 46588 A_0,2.524238074988831,0.08374432733438791,HD 46588 A,1.375,1.18,8,8
HD 46588 A_0,2.5283703952030394,0.08933710978438071,HD 46588 A,1.375,1.18,8,8
HD 46588 A_0,2.5148938336668456,0.10271314397519843,HD 46588 A,1.375,1.18,8,8
HD 46588 A_0,2.513713153442829,0.10178060957638359,HD 46588 A,1.375,1.18,8,8
HD 46588 A_0,2.5280427688003577,0.09064508080697635,HD 46588 A,1.375,1.18,8,8
HD 46588 A_0,2.525630162918021,0.09734306676923182,HD 46588 A,1.375,1.18,8,8
HD 46588 A_0,2.5052191646835515,0.08716002712042878,HD 46588 A,1.375,1.18,8,8
HD 46588 A_0,2.515633351706892,0.09641113317191911,HD 46588 A,1.375,1.18,8,8
HD 46588 A_0,2.5212401477648445,0.09377889989790648,HD 46588 A,1.375,1.18,8,8
HD 46588 A_0,2.5362428787047047,0.09061772554545335,HD 46588 A,1.375,1.18,8,8
HD 46588 A_0,2.527363876910005,0.09280337841908656,HD 46588 A,1.375,1.18,8,8
HD 46588 A_0,2.5228276513861334,0.09064804448456219,HD 46588 A,1.375,1.18,8,8
HD 46588 A_0,2.5201605850196485,0.0904014304559817,HD 46588 A,1.375,1.18,8,8
HD 46588 A_0,2.518875249206039,0.08550719850334403,HD 46588 A,1.375,1.18,8,8
HD 46588 A_0,2.5135582432726093,0.09143102150129265,HD 46588 A,1.375,1.18,8,8
HD 46588 A_0,2.5230481448619684,0.08829125750298714,HD 46588 A,1.375,1.18,8,8
HD 46588 A_0,2.5151478000203693,0.08633290352043216,HD 46588 A,1.375,1.18,8,8
HD 46588 A_0,2.518099453830137,0.07949678402219128,HD 46588 A,1.375,1.18,8,8
HD 46588 A_0,2.5311606183592548,0.09967897779180854,HD 46588 A,1.375,1.18,8,8
HD 46588 A_0,2.5263790764867196,0.0812560499461947,HD 46588 A,1.375,1.18,8,8
HD 46588 A_0,2.5224760632977823,0.08734830499056882,HD 46588 A,1.375,1.18,8,8
HD 46588 A_0,2.5263908615857256,0.107005274141665,HD 46588 A,1.375,1.18,8,8
HD 46588 A_0,2.5252294329734535,0.08630663028611921,HD 46588 A,1.375,1.18,8,8
HD 46588 A_0,2.518833263351587,0.09703718729512469,HD 46588 A,1.375,1.18,8,8
HD 46588 A_0,2.5126377081311944,0.09909769479229216,HD 46588 A,1.375,1.18,8,8
HD 46588 A_0,2.5081078871826694,0.08693944700039198,HD 46588 A,1.375,1.18,8,8
HD 46588 A_0,2.5085155193300865,0.09727417221970683,HD 46588 A,1.375,1.18,8,8
HD 46588 A_0,2.531810403157784,0.0806276412554232,HD 46588 A,1.375,1.18,8,8
HD 46588 A_0,2.5272993835210555,0.09291575292928946,HD 46588 A,1.375,1.18,8,8
HD 46588 A_0,2.5115319886676546,0.09106146912305813,HD 46588 A,1.375,1.18,8,8
HD 46588 A_0,2.5251966659657046,0.08853478878468499,HD 46588 A,1.375,1.18,8,8
HD 46588 A_0,2.532035469913567,0.07578430540459374,HD 46588 A,1.375,1.18,8,8
HD 46588 A_0,2.519658992402128,0.09269674643855538,HD 46588 A,1.375,1.18,8,8
HD 46588 A_0,2.534383445459377,0.09257925316165164,HD 46588 A,1.375,1.18,8,8
HD 46588 A_0,2.520930706377702,0.10359122174336169,HD 46588 A,1.375,1.18,8,8
HD 46588 A_0,2.512528838696499,0.09532941154439468,HD 46588 A,1.375,1.18,8,8
HD 46588 A_0,2.5144682417286957,0.10424421173325525,HD 46588 A,1.375,1.18,8,8
HD 46588 A_0,2.5269571578166508,0.09356619544605291,HD 46588 A,1.375,1.18,8,8
HD 46588 A_0,2.5266718013089897,0.09558420139191984,HD 46588 A,1.375,1.18,8,8
HD 46588 A_0,2.5175951810806514,0.09881237145563593,HD 46588 A,1.375,1.18,8,8
HD 46588 A_0,2.52176196740775,0.08875312202097693,HD 46588 A,1.375,1.18,8,8
HD 46588 A_0,2.529185852830491,0.10174960636771897,HD 46588 A,1.375,1.18,8,8
HD 46588 A_0,2.5202751186710564,0.08873883832458487,HD 46588 A,1.375,1.18,8,8
HD 46588 A_0,2.513681294259691,0.09504397386228546,HD 46588 A,1.375,1.18,8,8
HD 46588 A_0,2.5202599751043304,0.08539008602629879,HD 46588 A,1.375,1.18,8,8
HD 46588 A_0,2.5203466707694373,0.09645002801318368,HD 46588 A,1.375,1.18,8,8
HD 46588 A_0,2.5345611558217565,0.08518909578220295,HD 46588 A,1.375,1.18,8,8
HD 46588 A_0,2.5161622614398524,0.09190702774503373,HD 46588 A,1.375,1.18,8,8
HD 46588 A_0,2.5078574689902924,0.08310476100737715,HD 46588 A,1.375,1.18,8,8
HD 46588 A_0,2.521416013531635,0.08497423645104887,HD 46588 A,1.375,1.18,8,8
HD 46588 A_0,2.5235307499716217,0.10278154180947836,HD 46588 A,1.375,1.18,8,8
HD 46588 A_0,2.514880343063626,0.08805006119403423,HD 46588 A,1.375,1.18,8,8
HD 46588 A_0,2.5167970698416,0.09341730044121313,HD 46588 A,1.375,1.18,8,8
HD 46588 A_0,2.5388472748948008,0.09438282283578338,HD 46588 A,1.375,1.18,8,8
HD 46588 A_0,2.5220336167047614,0.08557186240815644,HD 46588 A,1.375,1.18,8,8
HD 46588 A_0,2.5196039041141276,0.08881546236327252,HD 46588 A,1.375,1.18,8,8
HD 46588 A_0,2.512518999998866,0.09812523983486063,HD 46588 A,1.375,1.18,8,8
HD 46588 A_0,2.5150040058243874,0.08857382647873122,HD 46588 A,1.375,1.18,8,8
HD 46588 A_0,2.5155879585967376,0.09100258923388894,HD 46588 A,1.375,1.18,8,8
HD 46588 A_0,2.524155126065816,0.09004822942811404,HD 46588 A,1.375,1.18,8,8
HD 46588 A_0,2.51609881600765,0.09228067009080229,HD 46588 A,1.375,1.18,8,8
HD 46588 A_0,2.5209711860645223,0.10232493984985437,HD 46588 A,1.375,1.18,8,8
HD 46588 A_0,2.5228228465981326,0.09969251940478285,HD 46588 A,1.375,1.18,8,8
HD 46588 A_0,2.5236239836517416,0.09127345293259093,HD 46588 A,1.375,1.18,8,8
HD 46588 A_0,2.514292353145819,0.09082657387808121,HD 46588 A,1.375,1.18,8,8
HD 46588 A_0,2.525443364294135,0.09933571723960824,HD 46588 A,1.375,1.18,8,8
HD 46588 A_0,2.524984588101511,0.08909744077240002,HD 46588 A,1.375,1.18,8,8
HD 46588 A_0,2.5310731720575057,0.0983981858277952,HD 46588 A,1.375,1.18,8,8
HD 46588 A_0,2.518650519186509,0.07940030829359206,HD 46588 A,1.375,1.18,8,8
HD 46588 A_0,2.522895850841841,0.0908062274316791,HD 46588 A,1.375,1.18,8,8
HD 46588 A_0,2.5245792666493614,0.08725469039584034,HD 46588 A,1.375,1.18,8,8
HD 46588 A_0,2.5208807803456676,0.09118992246916845,HD 46588 A,1.375,1.18,8,8
HD 46588 A_0,2.525874077942543,0.08828926979903273,HD 46588 A,1.375,1.18,8,8
HD 46588 A_0,2.518186038913038,0.09181629357527928,HD 46588 A,1.375,1.18,8,8
HD 46588 A_0,2.524971211635397,0.08649289177462628,HD 46588 A,1.375,1.18,8,8
HD 46588 A_0,2.526462438090537,0.09403710433923722,HD 46588 A,1.375,1.18,8,8
HD 46588 A_0,2.529648461964565,0.09066428566445146,HD 46588 A,1.375,1.18,8,8
HD 46588 A_0,2.508351267164788,0.08843143466188857,HD 46588 A,1.375,1.18,8,8
HD 46588 A_0,2.52034054572148,0.09283688478804085,HD 46588 A,1.375,1.18,8,8
HD 46588 A_0,2.52371171103555,0.09945116107134945,HD 46588 A,1.375,1.18,8,8
HD 46588 A_0,2.524483166495044,0.08389396832505021,HD 46588 A,1.375,1.18,8,8
HD 46588 A_0,2.5326937188493996,0.09857171872754328,HD 46588 A,1.375,1.18,8,8
HD 46588 A_0,2.53004677118788,0.07817893535354398,HD 46588 A,1.375,1.18,8,8
HD 46588 A_0,2.517452788385908,0.08395399648135372,HD 46588 A,1.375,1.18,8,8
HD 46588 A_0,2.515584862158794,0.08948659639716153,HD 46588 A,1.375,1.18,8,8
HD 46588 A_0,2.528170693956802,0.09361357402187187,HD 46588 A,1.375,1.18,8,8
HD 46588 A_0,2.4999730170135557,0.11046495417821325,HD 46588 A,1.375,1.18,8,8
HD 46588 A_0,2.5352903318587825,0.08844421112277984,HD 46588 A,1.375,1.18,8,8
HD 46588 A_0,2.5251919731753825,0.0890604985949259,HD 46588 A,1.375,1.18,8,8
HD 46588 A_0,2.5176123458987814,0.08878841316706329,HD 46588 A,1.375,1.18,8,8
HD 46588 A_0,2.518634052575112,0.09198339244168349,HD 46588 A,1.375,1.18,8,8
HD 46588 A_0,2.5259430682793913,0.09607389444222977,HD 46588 A,1.375,1.18,8,8
HD 46588 A_0,2.5205047431844028,0.09191097410810821,HD 46588 A,1.375,1.18,8,8
HD 46588 A_0,2.510014871097126,0.09889206343096504,HD 46588 A,1.375,1.18,8,8
HD 46588 A_0,2.51787157829642,0.09591921989754362,HD 46588 A,1.375,1.18,8,8
HD 46588 A_0,2.5254375250241625,0.0940774037521078,HD 46588 A,1.375,1.18,8,8
HD 46588 A_0,2.5272801081774308,0.08959935140840564,HD 46588 A,1.375,1.18,8,8
HD 46588 A_0,2.537175609497636,0.09377744642903645,HD 46588 A,1.375,1.18,8,8
HD 46588 A_0,2.5250738147434717,0.08556829778993284,HD 46588 A,1.375,1.18,8,8
HD 46588 A_0,2.513605286047567,0.08752967256178153,HD 46588 A,1.375,1.18,8,8
HD 46588 A_0,2.52929591345635,0.09574460127857629,HD 46588 A,1.375,1.18,8,8
HD 46588 A_0,2.521065909276294,0.08926479165837149,HD 46588 A,1.375,1.18,8,8
HD 46588 A_0,2.5211305186497404,0.08925223292842221,HD 46588 A,1.375,1.18,8,8
HD 46588 A_0,2.5159455692983372,0.09189593298460111,HD 46588 A,1.375,1.18,8,8
HD 46588 A_0,2.522366175584912,0.09550737877809118,HD 46588 A,1.375,1.18,8,8
HD 46588 A_0,2.5221047618729324,0.0795626409152523,HD 46588 A,1.375,1.18,8,8
HD 46588 A_0,2.5162276712037728,0.08850083976083496,HD 46588 A,1.375,1.18,8,8
HD 46588 A_0,2.521412431222907,0.10039623053694653,HD 46588 A,1.375,1.18,8,8
HD 46588 A_0,2.526209119568158,0.09171201744146415,HD 46588 A,1.375,1.18,8,8
HD 46588 A_0,2.519575328983389,0.09572589011175076,HD 46588 A,1.375,1.18,8,8
HD 46588 A_0,2.5222114660544612,0.09579693394562597,HD 46588 A,1.375,1.18,8,8
HD 46588 A_0,2.5245953406124877,0.0800954416640308,HD 46588 A,1.375,1.18,8,8
HD 46588 A_0,2.5205334661748635,0.08803821451900425,HD 46588 A,1.375,1.18,8,8
HD 46588 A_0,2.5259943460878778,0.09954222521741046,HD 46588 A,1.375,1.18,8,8
HD 46588 A_0,2.521653315710531,0.09635248708357808,HD 46588 A,1.375,1.18,8,8
HD 46588 A_0,2.5212425706616246,0.09444825445714139,HD 46588 A,1.375,1.18,8,8
HD 46588 A_0,2.519596263444859,0.1049505067602081,HD 46588 A,1.375,1.18,8,8
HD 46588 A_0,2.5222913952794492,0.08720245358104758,HD 46588 A,1.375,1.18,8,8
HD 46588 A_0,2.5172986904846004,0.09705484097203049,HD 46588 A,1.375,1.18,8,8
HD 46588 A_0,2.5173885390648616,0.09681677382108851,HD 46588 A,1.375,1.18,8,8
HD 46588 A_0,2.5109796255687664,0.09600409375574026,HD 46588 A,1.375,1.18,8,8
HD 46588 A_0,2.520906599216778,0.10421258264449557,HD 46588 A,1.375,1.18,8,8
HD 46588 A_0,2.5028422670237402,0.08683761209444968,HD 46588 A,1.375,1.18,8,8
HD 46588 A_0,2.5135546100225503,0.09728749918971134,HD 46588 A,1.375,1.18,8,8
HD 46588 A_0,2.5169214353438285,0.09602277414674007,HD 46588 A,1.375,1.18,8,8
HD 46588 A_0,2.5183899692029614,0.09157747367357698,HD 46588 A,1.375,1.18,8,8
HD 46588 A_0,2.51488545362835,0.09433819590492634,HD 46588 A,1.375,1.18,8,8
HD 46588 A_0,2.5298554810245393,0.08997079456617556,HD 46588 A,1.375,1.18,8,8
HD 46588 A_0,2.5061693558273626,0.08361065437134967,HD 46588 A,1.375,1.18,8,8
HD 46588 A_0,2.516196971290752,0.1034727012390291,HD 46588 A,1.375,1.18,8,8
HD 46588 A_0,2.5233718665640383,0.07517885405460063,HD 46588 A,1.375,1.18,8,8
HD 46588 A_0,2.5239969273703733,0.09147419898457768,HD 46588 A,1.375,1.18,8,8
HD 46588 A_0,2.525424442473122,0.08822644910046024,HD 46588 A,1.375,1.18,8,8
HD 46588 A_0,2.524725768075512,0.08714952353472243,HD 46588 A,1.375,1.18,8,8
HD 46588 A_0,2.522094995399292,0.08974640860447124,HD 46588 A,1.375,1.18,8,8
HD 46588 A_0,2.5316008916266672,0.08845045589186286,HD 46588 A,1.375,1.18,8,8
HD 46588 A_0,2.5221101236119354,0.0856919318000356,HD 46588 A,1.375,1.18,8,8
HD 46588 A_0,2.5200346274618766,0.09649498166592944,HD 46588 A,1.375,1.18,8,8
HD 46588 A_0,2.5296770664903336,0.09483017518754633,HD 46588 A,1.375,1.18,8,8
HD 46588 A_0,2.525803458745891,0.09370378915256083,HD 46588 A,1.375,1.18,8,8
HD 46588 A_0,2.521523910698016,0.08174613061990042,HD 46588 A,1.375,1.18,8,8
HD 46588 A_0,2.5217413904219868,0.09015759166416007,HD 46588 A,1.375,1.18,8,8
HD 46588 A_0,2.51719195809685,0.09298818151702469,HD 46588 A,1.375,1.18,8,8
HD 46588 A_0,2.527337555798552,0.10268227624491856,HD 46588 A,1.375,1.18,8,8
HD 46588 A_0,2.517288815260831,0.08810293231101625,HD 46588 A,1.375,1.18,8,8
HD 46588 A_0,2.5247301512128995,0.0996455812061089,HD 46588 A,1.375,1.18,8,8
HD 46588 A_0,2.5176244646548582,0.0951032852710703,HD 46588 A,1.375,1.18,8,8
HD 46588 A_0,2.525123563279506,0.1004036442349945,HD 46588 A,1.375,1.18,8,8
HD 46588 A_0,2.5106631567846796,0.09035131169285819,HD 46588 A,1.375,1.18,8,8
HD 46588 A_0,2.5217530473380894,0.09253065760005469,HD 46588 A,1.375,1.18,8,8
HD 46588 A_0,2.5213128799055453,0.09718002692840147,HD 46588 A,1.375,1.18,8,8
HD 46588 A_0,2.5303811861367222,0.08584706518074706,HD 46588 A,1.375,1.18,8,8
HD 46588 A_0,2.522445282558427,0.1003594618027344,HD 46588 A,1.375,1.18,8,8
HD 46588 A_0,2.5125018187904358,0.09752459670917568,HD 46588 A,1.375,1.18,8,8
HD 46588 A_0,2.5206640595053753,0.08696446055815028,HD 46588 A,1.375,1.18,8,8
HD 46588 A_0,2.515435455239188,0.09857390076884451,HD 46588 A,1.375,1.18,8,8
HD 46588 A_0,2.520011671430565,0.09156599201152386,HD 46588 A,1.375,1.18,8,8
HD 46588 A_0,2.5187272741489175,0.08275576938072238,HD 46588 A,1.375,1.18,8,8
HD 46588 A_0,2.522512007897534,0.0947561683723949,HD 46588 A,1.375,1.18,8,8
HD 46588 A_0,2.528062578601252,0.09055629302288616,HD 46588 A,1.375,1.18,8,8
HD 46588 A_0,2.5180324186636702,0.09837787851723942,HD 46588 A,1.375,1.18,8,8
HD 46588 A_0,2.5212594332821388,0.09432648211628213,HD 46588 A,1.375,1.18,8,8
HD 46588 A_0,2.532158541700753,0.08828621277437934,HD 46588 A,1.375,1.18,8,8
HD 46588 A_0,2.5198579262519023,0.08320689853843845,HD 46588 A,1.375,1.18,8,8
HD 46588 A_0,2.529807350368923,0.08637236265900464,HD 46588 A,1.375,1.18,8,8
HD 46588 A_0,2.5322168950397397,0.0858229648527361,HD 46588 A,1.375,1.18,8,8
HD 46588 A_0,2.518935275585877,0.10270939826280534,HD 46588 A,1.375,1.18,8,8
HD 46588 A_0,2.5053580465975784,0.10941074858897806,HD 46588 A,1.375,1.18,8,8
HD 46588 A_0,2.526349084862528,0.0939774644854672,HD 46588 A,1.375,1.18,8,8
HD 46588 A_0,2.514331340657658,0.09270749530028217,HD 46588 A,1.375,1.18,8,8
HD 46588 A_0,2.52807741352839,0.09202262749858804,HD 46588 A,1.375,1.18,8,8
HD 46588 A_0,2.5253941371257094,0.08796128875563597,HD 46588 A,1.375,1.18,8,8
HD 46588 A_0,2.528943533522554,0.0933882104568242,HD 46588 A,1.375,1.18,8,8
HD 46588 A_0,2.516575505114049,0.09632437278708324,HD 46588 A,1.375,1.18,8,8
HD 46588 A_0,2.5263961949313765,0.09260628201879528,HD 46588 A,1.375,1.18,8,8
HD 46588 A_0,2.5170493023337412,0.1038771915181399,HD 46588 A,1.375,1.18,8,8
HD 46588 A_0,2.5223284502985317,0.09076747238772437,HD 46588 A,1.375,1.18,8,8
HD 46588 A_0,2.531776680710252,0.08374660381781522,HD 46588 A,1.375,1.18,8,8
HD 46588 A_0,2.5190468703930313,0.08457235399951217,HD 46588 A,1.375,1.18,8,8
HD 46588 A_0,2.5284821866256784,0.0990494847660947,HD 46588 A,1.375,1.18,8,8
HD 46588 A_0,2.51030003824965,0.09977431617898738,HD 46588 A,1.375,1.18,8,8
HD 46588 A_0,2.521532342946704,0.08688370783718286,HD 46588 A,1.375,1.18,8,8
HD 46588 A_0,2.5255656685432037,0.08141420655825471,HD 46588 A,1.375,1.18,8,8
HD 46588 A_0,2.5156436596043625,0.08628045572470067,HD 46588 A,1.375,1.18,8,8
HD 46588 A_0,2.517631436458692,0.09285752088889258,HD 46588 A,1.375,1.18,8,8
HD 46588 A_0,2.5204406185932826,0.10435217112521895,HD 46588 A,1.375,1.18,8,8
HD 46588 A_0,2.532728767583764,0.09683662047913906,HD 46588 A,1.375,1.18,8,8
HD 46588 A_0,2.5183677456657882,0.09343916547491347,HD 46588 A,1.375,1.18,8,8
HD 46588 A_0,2.5289103690517156,0.09390508635140098,HD 46588 A,1.375,1.18,8,8
HD 46588 A_0,2.5225117614471015,0.08870494889835447,HD 46588 A,1.375,1.18,8,8
HD 46588 A_0,2.516481233089008,0.0812897458943534,HD 46588 A,1.375,1.18,8,8
HD 46588 A_0,2.5224817234217194,0.09247242629506285,HD 46588 A,1.375,1.18,8,8
HD 46588 A_0,2.5065035037530206,0.10077091977111882,HD 46588 A,1.375,1.18,8,8
HD 46588 A_0,2.5237983344386037,0.09724781465644067,HD 46588 A,1.375,1.18,8,8
HD 46588 A_0,2.5235115726777058,0.10481388198666673,HD 46588 A,1.375,1.18,8,8
HD 46588 A_0,2.5191586964168993,0.09443846605531887,HD 46588 A,1.375,1.18,8,8
HD 46588 A_0,2.5124328783651064,0.09234007778741606,HD 46588 A,1.375,1.18,8,8
HD 46588 A_0,2.53205938339123,0.09463367055766742,HD 46588 A,1.375,1.18,8,8
HD 46588 A_0,2.527324130854257,0.09638163504744472,HD 46588 A,1.375,1.18,8,8
HD 46588 A_0,2.531681749731135,0.07878150003390089,HD 46588 A,1.375,1.18,8,8
HD 46588 A_0,2.5208998429307434,0.0935528587867372,HD 46588 A,1.375,1.18,8,8
HD 46588 A_0,2.516559930820466,0.08797624527635722,HD 46588 A,1.375,1.18,8,8
HD 46588 A_0,2.537767165706026,0.09301975086385106,HD 46588 A,1.375,1.18,8,8
HD 46588 A_0,2.534980179428788,0.08500763456533636,HD 46588 A,1.375,1.18,8,8
HD 46588 A_0,2.5234353091792854,0.09080521505673604,HD 46588 A,1.375,1.18,8,8
HD 46588 A_0,2.5260886898964734,0.09270915266797522,HD 46588 A,1.375,1.18,8,8
HD 46588 A_0,2.5247539026563337,0.09124955748248549,HD 46588 A,1.375,1.18,8,8
HD 46588 A_0,2.521903247219314,0.08483389438260251,HD 46588 A,1.375,1.18,8,8
HD 46588 A_0,2.5175423085677546,0.08985204781364294,HD 46588 A,1.375,1.18,8,8
HD 46588 A_0,2.5152883017226713,0.09726255462501815,HD 46588 A,1.375,1.18,8,8
HD 46588 A_0,2.5196658909674206,0.09462265541735573,HD 46588 A,1.375,1.18,8,8
HD 46588 A_0,2.5232520319912104,0.0936941217733297,HD 46588 A,1.375,1.18,8,8
HD 46588 A_0,2.5141086544380884,0.09344745434220005,HD 46588 A,1.375,1.18,8,8
HD 46588 A_0,2.523910193445354,0.09494175271507972,HD 46588 A,1.375,1.18,8,8
HD 46588 A_0,2.5268877576840274,0.10135862194638046,HD 46588 A,1.375,1.18,8,8
HD 46588 A_0,2.5306442883448326,0.09369916078686807,HD 46588 A,1.375,1.18,8,8
HD 46588 A_0,2.527363048910331,0.08982109530987528,HD 46588 A,1.375,1.18,8,8
HD 46588 A_0,2.523133334971628,0.10221159230521705,HD 46588 A,1.375,1.18,8,8
HD 46588 A_0,2.5129119068954107,0.09559094302347959,HD 46588 A,1.375,1.18,8,8
HD 46588 A_0,2.5247156224150338,0.092908376267694,HD 46588 A,1.375,1.18,8,8
HD 46588 A_0,2.527172725374224,0.08210203760156765,HD 46588 A,1.375,1.18,8,8
HD 46588 A_0,2.5318010449436383,0.08619146493018358,HD 46588 A,1.375,1.18,8,8
HD 46588 A_0,2.5140102666538917,0.10368790780042758,HD 46588 A,1.375,1.18,8,8
HD 46588 A_0,2.522430745336622,0.10047851594922141,HD 46588 A,1.375,1.18,8,8
HD 46588 A_0,2.5295723597697832,0.08557858013014513,HD 46588 A,1.375,1.18,8,8
HD 46588 A_0,2.5202076470364156,0.08423081300937012,HD 46588 A,1.375,1.18,8,8
HD 46588 A_0,2.5120625061351864,0.08837983534535836,HD 46588 A,1.375,1.18,8,8
HD 46588 A_0,2.5226921092183283,0.09477840230927169,HD 46588 A,1.375,1.18,8,8
HD 46588 A_0,2.506423705426219,0.09391929300390087,HD 46588 A,1.375,1.18,8,8
HD 46588 A_0,2.5188202970713163,0.09175256067867149,HD 46588 A,1.375,1.18,8,8
HD 46588 A_0,2.5136220317522593,0.08338928262313779,HD 46588 A,1.375,1.18,8,8
HD 46588 A_0,2.5259720711228706,0.09257052296030499,HD 46588 A,1.375,1.18,8,8
HD 46588 A_0,2.5196006880048545,0.09680115081357443,HD 46588 A,1.375,1.18,8,8
HD 46588 A_0,2.523147725664051,0.09832016241829236,HD 46588 A,1.375,1.18,8,8
HD 46588 A_0,2.5201444863822147,0.09348407636518698,HD 46588 A,1.375,1.18,8,8
HD 46588 A_0,2.537185143783791,0.10020335736079632,HD 46588 A,1.375,1.18,8,8
HD 46588 A_0,2.527217842378931,0.09589782376868164,HD 46588 A,1.375,1.18,8,8
HD 46588 A_0,2.5160364971797136,0.09161776393079106,HD 46588 A,1.375,1.18,8,8
HD 46588 A_0,2.5096364571628276,0.08951986966529231,HD 46588 A,1.375,1.18,8,8
HD 46588 A_0,2.521886605313685,0.09381276027237245,HD 46588 A,1.375,1.18,8,8
HD 46588 A_0,2.5286912829996466,0.1007067827365548,HD 46588 A,1.375,1.18,8,8
HD 46588 A_0,2.516372349104798,0.09889043497806965,HD 46588 A,1.375,1.18,8,8
HD 46588 A_0,2.523197944101997,0.09753267210684391,HD 46588 A,1.375,1.18,8,8
HD 46588 A_0,2.527965218030892,0.09343916593381871,HD 46588 A,1.375,1.18,8,8
HD 46588 A_0,2.5140624129744307,0.09636727213500962,HD 46588 A,1.375,1.18,8,8
HD 46588 A_0,2.5212715592490356,0.08934686321140396,HD 46588 A,1.375,1.18,8,8
HD 46588 A_0,2.521567206510811,0.079459876935513,HD 46588 A,1.375,1.18,8,8
HD 46588 A_0,2.510340507076983,0.09179192692545723,HD 46588 A,1.375,1.18,8,8
HD 46588 A_0,2.531439439633108,0.10060543484784246,HD 46588 A,1.375,1.18,8,8
HD 46588 A_0,2.518356172778661,0.09577342949891789,HD 46588 A,1.375,1.18,8,8
HD 46588 A_0,2.521404969421072,0.09927445843389808,HD 46588 A,1.375,1.18,8,8
HD 46588 A_0,2.518222085776518,0.09929416079922662,HD 46588 A,1.375,1.18,8,8
HD 46588 A_0,2.5200678043772045,0.09972251720288577,HD 46588 A,1.375,1.18,8,8
HD 46588 A_0,2.5273244807959836,0.07523191371185098,HD 46588 A,1.375,1.18,8,8
HD 46588 A_0,2.5283848200046877,0.09476030589087711,HD 46588 A,1.375,1.18,8,8
HD 46588 A_0,2.5319459201903443,0.09231843734397616,HD 46588 A,1.375,1.18,8,8
HD 46588 A_0,2.526454261005115,0.08650968190456405,HD 46588 A,1.375,1.18,8,8
HD 46588 A_0,2.524131732716357,0.08486331048818313,HD 46588 A,1.375,1.18,8,8
HD 46588 A_0,2.5181111744618794,0.09629094829455809,HD 46588 A,1.375,1.18,8,8
HD 46588 A_0,2.5240870448836104,0.10250057281435099,HD 46588 A,1.375,1.18,8,8
HD 46588 A_0,2.5041623537583475,0.10279926981605575,HD 46588 A,1.375,1.18,8,8
HD 46588 A_0,2.513951215908628,0.09449144023191214,HD 46588 A,1.375,1.18,8,8
HD 46588 A_0,2.5188187495424716,0.09414421517382454,HD 46588 A,1.375,1.18,8,8
HD 46588 A_0,2.5104357570228277,0.0956362246294224,HD 46588 A,1.375,1.18,8,8
HD 46588 A_0,2.5193773991529396,0.0851590380313536,HD 46588 A,1.375,1.18,8,8
HD 46588 A_0,2.5267891860609386,0.09321664253383534,HD 46588 A,1.375,1.18,8,8
HD 46588 A_0,2.5246457924407197,0.0971858490727876,HD 46588 A,1.375,1.18,8,8
HD 17051_0,1.8862928919072974,0.007217376936400871,HD 17051,0.8,1.14,8,6
HD 17051_0,1.88192183673586,0.01574727705389868,HD 17051,0.8,1.14,8,6
HD 17051_0,1.87982632907503,0.024852358397262367,HD 17051,0.8,1.14,8,6
HD 17051_0,1.876440450766371,0.040632240493706784,HD 17051,0.8,1.14,8,6
HD 17051_0,1.8708421331382052,0.017196641041281588,HD 17051,0.8,1.14,8,6
HD 17051_0,1.908925369500173,0.0809053073200044,HD 17051,0.8,1.14,8,6
HD 17051_0,1.8860892925211137,0.012313389699682292,HD 17051,0.8,1.14,8,6
HD 17051_0,1.872084587105252,0.007005317166100537,HD 17051,0.8,1.14,8,6
HD 17051_0,1.892304771102624,0.029057344591933827,HD 17051,0.8,1.14,8,6
HD 17051_0,1.8955183201307249,0.05122732149745639,HD 17051,0.8,1.14,8,6
HD 17051_0,1.8821755190389644,0.04462753549550636,HD 17051,0.8,1.14,8,6
HD 17051_0,1.8750270089496024,0.014134945920334062,HD 17051,0.8,1.14,8,6
HD 17051_0,1.8739502670935688,0.09081971937466403,HD 17051,0.8,1.14,8,6
HD 17051_0,1.8882223960998992,0.04440416115358274,HD 17051,0.8,1.14,8,6
HD 17051_0,1.8775714977085223,0.0189366756769273,HD 17051,0.8,1.14,8,6
HD 17051_0,1.8882183139410036,0.019331169237714045,HD 17051,0.8,1.14,8,6
HD 17051_0,1.8537382617926785,0.016130866309711667,HD 17051,0.8,1.14,8,6
HD 17051_0,1.8705215942671913,0.07198770299344179,HD 17051,0.8,1.14,8,6
HD 17051_0,1.8645034987611349,0.05383054629054346,HD 17051,0.8,1.14,8,6
HD 17051_0,1.8700491905929473,0.062010509469923925,HD 17051,0.8,1.14,8,6
HD 17051_0,1.8806515289857546,0.055802519750223344,HD 17051,0.8,1.14,8,6
HD 17051_0,1.8808207456268407,0.05674321147064755,HD 17051,0.8,1.14,8,6
HD 17051_0,1.8694294651427863,0.08870232856159224,HD 17051,0.8,1.14,8,6
HD 17051_0,1.8632006458273003,0.07272236143032981,HD 17051,0.8,1.14,8,6
HD 17051_0,1.8792741911818662,0.0013097303191330345,HD 17051,0.8,1.14,8,6
HD 17051_0,1.890634874316066,0.07391806120777433,HD 17051,0.8,1.14,8,6
HD 17051_0,1.8705508155169581,0.08869677574441456,HD 17051,0.8,1.14,8,6
HD 17051_0,1.8880514766911032,0.09644828535907676,HD 17051,0.8,1.14,8,6
HD 17051_0,1.8695372769465635,0.08285156158883952,HD 17051,0.8,1.14,8,6
HD 17051_0,1.881131697488472,0.04079959336907826,HD 17051,0.8,1.14,8,6
HD 17051_0,1.8851809675771225,0.07304543000823913,HD 17051,0.8,1.14,8,6
HD 17051_0,1.884143428888128,0.02839619843533906,HD 17051,0.8,1.14,8,6
HD 17051_0,1.9091343690486007,0.019548982726538152,HD 17051,0.8,1.14,8,6
HD 17051_0,1.8804336775797255,0.04648736974552918,HD 17051,0.8,1.14,8,6
HD 17051_0,1.8742841170150912,0.09412900360717288,HD 17051,0.8,1.14,8,6
HD 17051_0,1.8730031277353942,0.042142217247613724,HD 17051,0.8,1.14,8,6
HD 17051_0,1.8763243832985845,0.07248815635572861,HD 17051,0.8,1.14,8,6
HD 17051_0,1.8743929771803993,0.030840752785836586,HD 17051,0.8,1.14,8,6
HD 17051_0,1.909077009267069,0.024099977160866655,HD 17051,0.8,1.14,8,6
HD 17051_0,1.8890552604272568,0.03215962548409577,HD 17051,0.8,1.14,8,6
HD 17051_0,1.8663557779047966,0.03038946447111618,HD 17051,0.8,1.14,8,6
HD 17051_0,1.8884823049622677,0.02788603190253104,HD 17051,0.8,1.14,8,6
HD 17051_0,1.9009541888613044,0.06442356364504112,HD 17051,0.8,1.14,8,6
HD 17051_0,1.869153892337311,0.009991988678722481,HD 17051,0.8,1.14,8,6
HD 17051_0,1.8710094401754875,0.018181520409663667,HD 17051,0.8,1.14,8,6
HD 17051_0,1.862997073154129,0.051549582163035366,HD 17051,0.8,1.14,8,6
HD 17051_0,1.8582826886021422,0.06442150496873025,HD 17051,0.8,1.14,8,6
HD 17051_0,1.9196259935183655,0.029099418712898544,HD 17051,0.8,1.14,8,6
HD 17051_0,1.8730596783217641,0.019796641606382875,HD 17051,0.8,1.14,8,6
HD 17051_0,1.8742363522477519,0.03479945342030931,HD 17051,0.8,1.14,8,6
HD 17051_0,1.873233977588248,0.002639658209360341,HD 17051,0.8,1.14,8,6
HD 17051_0,1.8937228413870437,0.0010406752832000932,HD 17051,0.8,1.14,8,6
HD 17051_0,1.8827556219596298,0.03529194977587647,HD 17051,0.8,1.14,8,6
HD 17051_0,1.8842521095492406,0.0666752922022459,HD 17051,0.8,1.14,8,6
HD 17051_0,1.8944521994712475,0.06849503276374469,HD 17051,0.8,1.14,8,6
HD 17051_0,1.8759902436455704,0.04185612573747974,HD 17051,0.8,1.14,8,6
HD 17051_0,1.8701099714774092,0.0361480896492454,HD 17051,0.8,1.14,8,6
HD 17051_0,1.8971570902452841,0.05787477507869223,HD 17051,0.8,1.14,8,6
HD 17051_0,1.8740287229354191,0.029741337470770186,HD 17051,0.8,1.14,8,6
HD 17051_0,1.853940099970046,0.03532938934868682,HD 17051,0.8,1.14,8,6
HD 17051_0,1.885609183047493,0.006005418285692815,HD 17051,0.8,1.14,8,6
HD 17051_0,1.8861370533518027,0.07525339343581244,HD 17051,0.8,1.14,8,6
HD 17051_0,1.8856497128285792,0.02087888224019948,HD 17051,0.8,1.14,8,6
HD 17051_0,1.8750850236762469,0.02298418730902943,HD 17051,0.8,1.14,8,6
HD 17051_0,1.8629423378864365,0.03910595241500083,HD 17051,0.8,1.14,8,6
HD 17051_0,1.8779074216489422,0.025239837446300862,HD 17051,0.8,1.14,8,6
HD 17051_0,1.8866300015198234,0.04945362699633685,HD 17051,0.8,1.14,8,6
HD 17051_0,1.8601738726874104,0.0028278605778997955,HD 17051,0.8,1.14,8,6
HD 17051_0,1.8735859883936745,0.05660716066099167,HD 17051,0.8,1.14,8,6
HD 17051_0,1.8917408657508143,0.007230222240127995,HD 17051,0.8,1.14,8,6
HD 17051_0,1.8630974001133989,0.016356887352559052,HD 17051,0.8,1.14,8,6
HD 17051_0,1.8807315229128734,0.015041564522287956,HD 17051,0.8,1.14,8,6
HD 17051_0,1.882584555980485,0.0509925385833867,HD 17051,0.8,1.14,8,6
HD 17051_0,1.8680267689004033,0.0917374702137177,HD 17051,0.8,1.14,8,6
HD 17051_0,1.8765652764855707,0.06781655735517364,HD 17051,0.8,1.14,8,6
HD 17051_0,1.8669943823493418,0.04765760747160385,HD 17051,0.8,1.14,8,6
HD 17051_0,1.868142010627971,0.0169679507030319,HD 17051,0.8,1.14,8,6
HD 17051_0,1.869985470857513,0.022807187503447034,HD 17051,0.8,1.14,8,6
HD 17051_0,1.88148447216399,0.06157550077493743,HD 17051,0.8,1.14,8,6
HD 17051_0,1.9136456585243828,0.02214216183623703,HD 17051,0.8,1.14,8,6
HD 17051_0,1.8923763158396865,0.054040551567125755,HD 17051,0.8,1.14,8,6
HD 17051_0,1.8533898798684978,0.0378166115564365,HD 17051,0.8,1.14,8,6
HD 17051_0,1.8879426010246405,0.04642997881712259,HD 17051,0.8,1.14,8,6
HD 17051_0,1.8624874790785497,0.10799392762907359,HD 17051,0.8,1.14,8,6
HD 17051_0,1.8731638709139373,0.039714200545687424,HD 17051,0.8,1.14,8,6
HD 17051_0,1.8746202101016212,0.07699561750036459,HD 17051,0.8,1.14,8,6
HD 17051_0,1.8860565249717631,0.043728392903906316,HD 17051,0.8,1.14,8,6
HD 17051_0,1.8776997725743751,0.05237441277835152,HD 17051,0.8,1.14,8,6
HD 17051_0,1.8680381110880682,0.039191320641966586,HD 17051,0.8,1.14,8,6
HD 17051_0,1.8649628929404942,0.06211681135871981,HD 17051,0.8,1.14,8,6
HD 17051_0,1.8828263801582348,0.043633760879655946,HD 17051,0.8,1.14,8,6
HD 17051_0,1.8646003221472294,0.07687035091347824,HD 17051,0.8,1.14,8,6
HD 17051_0,1.8855666725812261,0.037263421747719,HD 17051,0.8,1.14,8,6
HD 17051_0,1.8731603178149785,0.032700323679535945,HD 17051,0.8,1.14,8,6
HD 17051_0,1.8641079077093363,0.0392855717497326,HD 17051,0.8,1.14,8,6
HD 17051_0,1.8957090182121936,0.02589955622602441,HD 17051,0.8,1.14,8,6
HD 17051_0,1.8856423412063998,0.03207220010092143,HD 17051,0.8,1.14,8,6
HD 17051_0,1.8773853497788833,0.028259150745744022,HD 17051,0.8,1.14,8,6
HD 17051_0,1.882319675749423,0.04182845751516927,HD 17051,0.8,1.14,8,6
HD 17051_0,1.8990958088335543,0.03800607140026207,HD 17051,0.8,1.14,8,6
HD 17051_0,1.8798734290933061,0.059624083836744265,HD 17051,0.8,1.14,8,6
HD 17051_0,1.8827768123400674,0.06581065112343386,HD 17051,0.8,1.14,8,6
HD 17051_0,1.8804635708477144,0.05847772960023233,HD 17051,0.8,1.14,8,6
HD 17051_0,1.8603060447141349,0.10863743994671604,HD 17051,0.8,1.14,8,6
HD 17051_0,1.8631144513454003,0.05369402532207365,HD 17051,0.8,1.14,8,6
HD 17051_0,1.895994954263253,0.024694975769387548,HD 17051,0.8,1.14,8,6
HD 17051_0,1.8798169547239127,0.025137628238758116,HD 17051,0.8,1.14,8,6
HD 17051_0,1.8713713940017893,0.019533658384208355,HD 17051,0.8,1.14,8,6
HD 17051_0,1.8685713035822242,0.03063178918961127,HD 17051,0.8,1.14,8,6
HD 17051_0,1.8749939848184456,0.037613460346394,HD 17051,0.8,1.14,8,6
HD 17051_0,1.8807842480519705,0.0009946767224435424,HD 17051,0.8,1.14,8,6
HD 17051_0,1.8638806401576222,0.06149181833637523,HD 17051,0.8,1.14,8,6
HD 17051_0,1.8702602962529857,0.020551291127727078,HD 17051,0.8,1.14,8,6
HD 17051_0,1.8844303978240644,0.011049829727088428,HD 17051,0.8,1.14,8,6
HD 17051_0,1.8681304515629145,0.04582199935156204,HD 17051,0.8,1.14,8,6
HD 17051_0,1.86548505640876,0.06401317675328748,HD 17051,0.8,1.14,8,6
HD 17051_0,1.8557626847537418,0.05841238338346706,HD 17051,0.8,1.14,8,6
HD 17051_0,1.8776101003575345,0.10946997721378081,HD 17051,0.8,1.14,8,6
HD 17051_0,1.8705835335693315,0.034215547099182786,HD 17051,0.8,1.14,8,6
HD 17051_0,1.8818131158317477,0.05954555579753719,HD 17051,0.8,1.14,8,6
HD 17051_0,1.8826804257451353,0.0595949711464287,HD 17051,0.8,1.14,8,6
HD 17051_0,1.8607610274134636,0.0219279368589915,HD 17051,0.8,1.14,8,6
HD 17051_0,1.8939677655992013,0.04116454780361119,HD 17051,0.8,1.14,8,6
HD 17051_0,1.863243459672123,0.051231154672494235,HD 17051,0.8,1.14,8,6
HD 17051_0,1.8971522290494272,0.021636993112030226,HD 17051,0.8,1.14,8,6
HD 17051_0,1.8798499203304961,0.02833334118348744,HD 17051,0.8,1.14,8,6
HD 17051_0,1.8908192135236528,0.0939620731950091,HD 17051,0.8,1.14,8,6
HD 17051_0,1.8882912269167769,0.07975335379615542,HD 17051,0.8,1.14,8,6
HD 17051_0,1.8608591396947176,0.04415832908753008,HD 17051,0.8,1.14,8,6
HD 17051_0,1.8675445893780727,0.03582672125613664,HD 17051,0.8,1.14,8,6
HD 17051_0,1.8651207578455669,0.05523572964353977,HD 17051,0.8,1.14,8,6
HD 17051_0,1.8927581339332633,0.0748832789255642,HD 17051,0.8,1.14,8,6
HD 17051_0,1.880840535924309,0.03316702124049071,HD 17051,0.8,1.14,8,6
HD 17051_0,1.882115210769164,0.06088101299818962,HD 17051,0.8,1.14,8,6
HD 17051_0,1.90213729812812,0.02989650376852379,HD 17051,0.8,1.14,8,6
HD 17051_0,1.8645358413284536,0.04036531182297612,HD 17051,0.8,1.14,8,6
HD 17051_0,1.8687205123772404,0.018321916231977445,HD 17051,0.8,1.14,8,6
HD 17051_0,1.9028540595880874,0.006777440478326671,HD 17051,0.8,1.14,8,6
HD 17051_0,1.8608841330608288,0.04806961916507303,HD 17051,0.8,1.14,8,6
HD 17051_0,1.8699193246787107,0.06964729839827634,HD 17051,0.8,1.14,8,6
HD 17051_0,1.8622777780610544,0.024085039266600113,HD 17051,0.8,1.14,8,6
HD 17051_0,1.8683785823577983,0.13149882205545912,HD 17051,0.8,1.14,8,6
HD 17051_0,1.8883736736380647,0.02265196838923988,HD 17051,0.8,1.14,8,6
HD 17051_0,1.8694952068870732,0.033549382092871546,HD 17051,0.8,1.14,8,6
HD 17051_0,1.8547670427643559,0.0783805577150549,HD 17051,0.8,1.14,8,6
HD 17051_0,1.8687963606137432,0.04051805772604634,HD 17051,0.8,1.14,8,6
HD 17051_0,1.8849476159814726,0.05962234977650023,HD 17051,0.8,1.14,8,6
HD 17051_0,1.874367656997758,0.057727797560127324,HD 17051,0.8,1.14,8,6
HD 17051_0,1.878681751153776,0.036637286783758875,HD 17051,0.8,1.14,8,6
HD 17051_0,1.87358109900379,0.0240204735158494,HD 17051,0.8,1.14,8,6
HD 17051_0,1.8887053140547807,0.03330281576351188,HD 17051,0.8,1.14,8,6
HD 17051_0,1.8870770411536804,0.02097094822967205,HD 17051,0.8,1.14,8,6
HD 17051_0,1.8930184325962573,0.006992998152271002,HD 17051,0.8,1.14,8,6
HD 17051_0,1.8656493751851002,0.060875383309004105,HD 17051,0.8,1.14,8,6
HD 17051_0,1.8555864894634402,0.03323688607896702,HD 17051,0.8,1.14,8,6
HD 17051_0,1.8693691511294712,0.06844066104104732,HD 17051,0.8,1.14,8,6
HD 17051_0,1.8891262601830805,0.02015982211923236,HD 17051,0.8,1.14,8,6
HD 17051_0,1.8859222313449713,0.031852480264329235,HD 17051,0.8,1.14,8,6
HD 17051_0,1.8809814552933029,0.041969347777796644,HD 17051,0.8,1.14,8,6
HD 17051_0,1.8881685489970856,0.05744681532675663,HD 17051,0.8,1.14,8,6
HD 17051_0,1.878757248246509,0.06800885563302753,HD 17051,0.8,1.14,8,6
HD 17051_0,1.89152545387642,0.024232136152084464,HD 17051,0.8,1.14,8,6
HD 17051_0,1.8705416738876228,0.04079672594545118,HD 17051,0.8,1.14,8,6
HD 17051_0,1.8645724370731063,0.026758043645564472,HD 17051,0.8,1.14,8,6
HD 17051_0,1.8739042324281165,0.006751858482740489,HD 17051,0.8,1.14,8,6
HD 17051_0,1.8788719966176755,0.05487094411176165,HD 17051,0.8,1.14,8,6
HD 17051_0,1.85550875943902,0.05617545371982117,HD 17051,0.8,1.14,8,6
HD 17051_0,1.8866924658397994,0.0030132689174436067,HD 17051,0.8,1.14,8,6
HD 17051_0,1.8952021980505094,0.05677270372667725,HD 17051,0.8,1.14,8,6
HD 17051_0,1.8838803664243189,0.04698157254150594,HD 17051,0.8,1.14,8,6
HD 17051_0,1.9152632561040241,0.0008895875360654532,HD 17051,0.8,1.14,8,6
HD 17051_0,1.8693733060816933,0.04092288823623249,HD 17051,0.8,1.14,8,6
HD 17051_0,1.8834075224528433,0.04403697874494053,HD 17051,0.8,1.14,8,6
HD 17051_0,1.8742358135002646,0.06509820383118364,HD 17051,0.8,1.14,8,6
HD 17051_0,1.8874820779995245,0.00606807649903951,HD 17051,0.8,1.14,8,6
HD 17051_0,1.8681806614742138,0.03260091751074675,HD 17051,0.8,1.14,8,6
HD 17051_0,1.874261754473706,0.010274591978881285,HD 17051,0.8,1.14,8,6
HD 17051_0,1.8703557403349573,0.08387890151506944,HD 17051,0.8,1.14,8,6
HD 17051_0,1.8886600843486554,0.02028220757044064,HD 17051,0.8,1.14,8,6
HD 17051_0,1.864825878362437,0.07525061622830381,HD 17051,0.8,1.14,8,6
HD 17051_0,1.873855536259313,0.03585216530294406,HD 17051,0.8,1.14,8,6
HD 17051_0,1.8910482354644973,0.06342880727575902,HD 17051,0.8,1.14,8,6
HD 17051_0,1.8712110932327661,0.016811400134029795,HD 17051,0.8,1.14,8,6
HD 17051_0,1.878087632339898,0.06509920951042955,HD 17051,0.8,1.14,8,6
HD 17051_0,1.8904950128723572,0.011778119342048601,HD 17051,0.8,1.14,8,6
HD 17051_0,1.8734739547155301,0.05784592765196601,HD 17051,0.8,1.14,8,6
HD 17051_0,1.8894269556935035,0.04693200481159469,HD 17051,0.8,1.14,8,6
HD 17051_0,1.8592504122508053,0.04685010668040131,HD 17051,0.8,1.14,8,6
HD 17051_0,1.891495836423243,0.007734174982279601,HD 17051,0.8,1.14,8,6
HD 17051_0,1.8700488089021459,0.05092048414202399,HD 17051,0.8,1.14,8,6
HD 17051_0,1.8749953421702619,0.04620767491641556,HD 17051,0.8,1.14,8,6
HD 17051_0,1.8691825061539245,0.006331626376496265,HD 17051,0.8,1.14,8,6
HD 17051_0,1.87588272263809,0.046408883846012314,HD 17051,0.8,1.14,8,6
HD 17051_0,1.892516709559209,0.029620847544786687,HD 17051,0.8,1.14,8,6
HD 17051_0,1.8866163629814399,0.015270954456548507,HD 17051,0.8,1.14,8,6
HD 17051_0,1.8745624569654171,0.03912198930984811,HD 17051,0.8,1.14,8,6
HD 17051_0,1.8790322236885846,0.054591157147002946,HD 17051,0.8,1.14,8,6
HD 17051_0,1.8834323894830505,0.0023331062517220474,HD 17051,0.8,1.14,8,6
HD 17051_0,1.8675156925593095,0.038128861503700054,HD 17051,0.8,1.14,8,6
HD 17051_0,1.8735603951571906,0.05350369367155945,HD 17051,0.8,1.14,8,6
HD 17051_0,1.879332277679199,0.08807462721066095,HD 17051,0.8,1.14,8,6
HD 17051_0,1.8774317550759154,0.02406182974269565,HD 17051,0.8,1.14,8,6
HD 17051_0,1.8985790204511808,0.07744534822592004,HD 17051,0.8,1.14,8,6
HD 17051_0,1.8948833195914687,0.021215339786911414,HD 17051,0.8,1.14,8,6
HD 17051_0,1.8775561300584778,0.07066803325443702,HD 17051,0.8,1.14,8,6
HD 17051_0,1.8806136381943237,0.05182881343683677,HD 17051,0.8,1.14,8,6
HD 17051_0,1.8569315947561695,0.021231385104456997,HD 17051,0.8,1.14,8,6
HD 17051_0,1.905815561219532,0.06352030129695856,HD 17051,0.8,1.14,8,6
HD 17051_0,1.8633045633411751,0.027230925283282588,HD 17051,0.8,1.14,8,6
HD 17051_0,1.9032008176767299,0.05397134143704135,HD 17051,0.8,1.14,8,6
HD 17051_0,1.8863972667678122,0.039475938185805914,HD 17051,0.8,1.14,8,6
HD 17051_0,1.8760237228154264,0.05538008881371182,HD 17051,0.8,1.14,8,6
HD 17051_0,1.8770434856127967,0.04032756558947275,HD 17051,0.8,1.14,8,6
HD 17051_0,1.8644942190132086,0.07981594617186312,HD 17051,0.8,1.14,8,6
HD 17051_0,1.8735841135391333,0.029208048429188543,HD 17051,0.8,1.14,8,6
HD 17051_0,1.8857869656344994,0.03950365237800719,HD 17051,0.8,1.14,8,6
HD 17051_0,1.8729520993708233,0.06015123659967223,HD 17051,0.8,1.14,8,6
HD 17051_0,1.8884447930890955,0.044917760697554585,HD 17051,0.8,1.14,8,6
HD 17051_0,1.867985895832394,0.04947370302188923,HD 17051,0.8,1.14,8,6
HD 17051_0,1.8778659657200893,0.08290121629718959,HD 17051,0.8,1.14,8,6
HD 17051_0,1.8776879253099148,0.07205649526161356,HD 17051,0.8,1.14,8,6
HD 17051_0,1.8794039418648458,0.028453127161017246,HD 17051,0.8,1.14,8,6
HD 17051_0,1.8784385416202933,0.013093612155055365,HD 17051,0.8,1.14,8,6
HD 17051_0,1.8796214421399726,0.04412332529023558,HD 17051,0.8,1.14,8,6
HD 17051_0,1.8680153446777243,0.03575407445482767,HD 17051,0.8,1.14,8,6
HD 17051_0,1.8663666378108574,0.07201193511954829,HD 17051,0.8,1.14,8,6
HD 17051_0,1.883644978097008,0.042912012923338155,HD 17051,0.8,1.14,8,6
HD 17051_0,1.876263939213299,0.04259074984982682,HD 17051,0.8,1.14,8,6
HD 17051_0,1.884129928605019,0.03619760003215687,HD 17051,0.8,1.14,8,6
HD 17051_0,1.868710355700084,0.014236579609326783,HD 17051,0.8,1.14,8,6
HD 17051_0,1.8723036987066095,0.05748902607475191,HD 17051,0.8,1.14,8,6
HD 17051_0,1.8722445431628325,0.01735108772621212,HD 17051,0.8,1.14,8,6
HD 17051_0,1.8840300796865912,0.06051358630043473,HD 17051,0.8,1.14,8,6
HD 17051_0,1.8760300473755478,0.03406909025327993,HD 17051,0.8,1.14,8,6
HD 17051_0,1.8702025226844947,0.030846466874120446,HD 17051,0.8,1.14,8,6
HD 17051_0,1.8762031104790635,0.0063160951087706495,HD 17051,0.8,1.14,8,6
HD 17051_0,1.878032979370294,0.03299036030539189,HD 17051,0.8,1.14,8,6
HD 17051_0,1.8729313548240738,0.03155951335658903,HD 17051,0.8,1.14,8,6
HD 17051_0,1.900016827391993,0.0011167001152289982,HD 17051,0.8,1.14,8,6
HD 17051_0,1.8748349246345934,0.049690364404399764,HD 17051,0.8,1.14,8,6
HD 17051_0,1.885217457992067,0.04562720203228184,HD 17051,0.8,1.14,8,6
HD 17051_0,1.9163604994330172,0.039174710724386726,HD 17051,0.8,1.14,8,6
HD 17051_0,1.8749623016306318,0.06633397295283427,HD 17051,0.8,1.14,8,6
HD 17051_0,1.8887667705780897,0.047074559574666115,HD 17051,0.8,1.14,8,6
HD 17051_0,1.8707690565768018,0.07512028872087334,HD 17051,0.8,1.14,8,6
HD 17051_0,1.8823987310525532,0.06382755815680137,HD 17051,0.8,1.14,8,6
HD 17051_0,1.8789156669163483,0.04384842933235637,HD 17051,0.8,1.14,8,6
HD 17051_0,1.8748689425426284,0.035539502825705824,HD 17051,0.8,1.14,8,6
HD 17051_0,1.8631628625875416,0.02251200478136483,HD 17051,0.8,1.14,8,6
HD 17051_0,1.901726556167389,0.03927287051961839,HD 17051,0.8,1.14,8,6
HD 17051_0,1.8733900804945647,0.08204290852012362,HD 17051,0.8,1.14,8,6
HD 17051_0,1.890638121853884,0.08142512944273353,HD 17051,0.8,1.14,8,6
HD 17051_0,1.8594486794667948,0.03513738632142623,HD 17051,0.8,1.14,8,6
HD 17051_0,1.8813269089229394,0.042227461615151195,HD 17051,0.8,1.14,8,6
HD 17051_0,1.9067722081254652,0.07329009688051384,HD 17051,0.8,1.14,8,6
HD 17051_0,1.8694131107157725,0.053516518556574494,HD 17051,0.8,1.14,8,6
HD 17051_0,1.8849448225111716,0.043451704442451125,HD 17051,0.8,1.14,8,6
HD 17051_0,1.884243914897296,0.04725024453835315,HD 17051,0.8,1.14,8,6
HD 17051_0,1.8775112212967113,0.02653054224234279,HD 17051,0.8,1.14,8,6
HD 17051_0,1.8803684527952467,0.04277559454922837,HD 17051,0.8,1.14,8,6
HD 17051_0,1.8696239213552568,0.013155963230493783,HD 17051,0.8,1.14,8,6
HD 17051_0,1.8635658374296864,0.014049759225324865,HD 17051,0.8,1.14,8,6
HD 17051_0,1.8702545336247414,0.03190049958908091,HD 17051,0.8,1.14,8,6
HD 17051_0,1.8594631073570613,0.02525055797370032,HD 17051,0.8,1.14,8,6
HD 17051_0,1.870923055628186,0.0814315568403743,HD 17051,0.8,1.14,8,6
HD 17051_0,1.8726462840321467,0.05359181618892541,HD 17051,0.8,1.14,8,6
HD 17051_0,1.8773486333132547,0.04729203639245138,HD 17051,0.8,1.14,8,6
HD 17051_0,1.8799934394342241,0.04495603902962303,HD 17051,0.8,1.14,8,6
HD 17051_0,1.882290228647233,0.005387869168477544,HD 17051,0.8,1.14,8,6
HD 17051_0,1.874552722838295,0.06223064957829706,HD 17051,0.8,1.14,8,6
HD 17051_0,1.876683000677834,0.0183010996311449,HD 17051,0.8,1.14,8,6
HD 17051_0,1.892269110247332,0.019335745250957045,HD 17051,0.8,1.14,8,6
HD 17051_0,1.8798903539153298,0.07373363334171787,HD 17051,0.8,1.14,8,6
HD 17051_0,1.855707062772875,0.06740144987374647,HD 17051,0.8,1.14,8,6
HD 17051_0,1.8894940707109016,0.015858672401371662,HD 17051,0.8,1.14,8,6
HD 17051_0,1.8846652378898792,0.09508813946026458,HD 17051,0.8,1.14,8,6
HD 17051_0,1.8622280360866723,0.02541388295440358,HD 17051,0.8,1.14,8,6
HD 17051_0,1.867122518139949,0.05788825200692043,HD 17051,0.8,1.14,8,6
HD 17051_0,1.8770461299682932,0.06630803412033645,HD 17051,0.8,1.14,8,6
HD 17051_0,1.8775547101094683,0.024454685003905303,HD 17051,0.8,1.14,8,6
HD 17051_0,1.877128869177381,0.021988757857133952,HD 17051,0.8,1.14,8,6
HD 17051_0,1.8859227555907163,0.013810654643848626,HD 17051,0.8,1.14,8,6
HD 17051_0,1.8882797670424771,0.05208497674502187,HD 17051,0.8,1.14,8,6
HD 17051_0,1.8569174791076044,0.06337537137559672,HD 17051,0.8,1.14,8,6
HD 17051_0,1.8941292493842306,0.026335760089907585,HD 17051,0.8,1.14,8,6
HD 17051_0,1.8912690645146701,0.03975870138592416,HD 17051,0.8,1.14,8,6
HD 17051_0,1.8859879880267463,0.017128658506426725,HD 17051,0.8,1.14,8,6
HD 17051_0,1.8713123808429626,0.04144782588955104,HD 17051,0.8,1.14,8,6
HD 17051_0,1.8626431756349717,0.08966485244115166,HD 17051,0.8,1.14,8,6
HD 17051_0,1.8862504616416849,0.06235462717758598,HD 17051,0.8,1.14,8,6
HD 17051_0,1.8702984055357794,0.05790241899103408,HD 17051,0.8,1.14,8,6
HD 17051_0,1.8835735537152702,0.05903850154434413,HD 17051,0.8,1.14,8,6
HD 17051_0,1.8827328800100487,0.03558255048876664,HD 17051,0.8,1.14,8,6
HD 17051_0,1.8849872827608896,0.06219625448272122,HD 17051,0.8,1.14,8,6
HD 17051_0,1.8723216233829787,0.05999977204836868,HD 17051,0.8,1.14,8,6
HD 17051_0,1.8937188288360203,0.01164002023538123,HD 17051,0.8,1.14,8,6
HD 17051_0,1.8943018267281033,0.06907106666942162,HD 17051,0.8,1.14,8,6
HD 17051_0,1.8728963539188428,0.06994906004829408,HD 17051,0.8,1.14,8,6
HD 17051_0,1.8940202968728526,0.012129012462992734,HD 17051,0.8,1.14,8,6
HD 17051_0,1.8687527147350296,0.009537918217410091,HD 17051,0.8,1.14,8,6
HD 17051_0,1.8851920334094354,0.03545766919383536,HD 17051,0.8,1.14,8,6
HD 17051_0,1.8709630262905277,0.07095191374253101,HD 17051,0.8,1.14,8,6
HD 17051_0,1.877839631432332,0.06792105718493772,HD 17051,0.8,1.14,8,6
HD 17051_0,1.8801530043086279,0.02906451156900378,HD 17051,0.8,1.14,8,6
HD 17051_0,1.861075290771159,0.0628013521493829,HD 17051,0.8,1.14,8,6
HD 17051_0,1.8834271570439751,0.11911556283667737,HD 17051,0.8,1.14,8,6
HD 17051_0,1.868642514293514,0.03304400688994163,HD 17051,0.8,1.14,8,6
HD 17051_0,1.8739019041597522,0.04481717222435262,HD 17051,0.8,1.14,8,6
HD 17051_0,1.8800847016389424,0.05637253677378355,HD 17051,0.8,1.14,8,6
HD 17051_0,1.8780826105273607,0.051679366401783916,HD 17051,0.8,1.14,8,6
HD 17051_0,1.9044705662338002,0.027322840310622466,HD 17051,0.8,1.14,8,6
HD 17051_0,1.88097912028054,0.02691153692246351,HD 17051,0.8,1.14,8,6
HD 17051_0,1.8579773905944592,0.02584689423483168,HD 17051,0.8,1.14,8,6
HD 17051_0,1.8780358850341208,0.039936220640638745,HD 17051,0.8,1.14,8,6
HD 17051_0,1.8854084814427121,0.023535117922584007,HD 17051,0.8,1.14,8,6
HD 17051_0,1.8969225817423485,0.011873525803263632,HD 17051,0.8,1.14,8,6
HD 17051_0,1.8752505731106401,0.03221112272541139,HD 17051,0.8,1.14,8,6
HD 17051_0,1.8691272092112645,0.03900113703853297,HD 17051,0.8,1.14,8,6
HD 17051_0,1.8749245612976266,0.04771339935306762,HD 17051,0.8,1.14,8,6
HD 17051_0,1.8553788922277146,0.04783952873619747,HD 17051,0.8,1.14,8,6
HD 17051_0,1.9008473639118735,0.033406238366864516,HD 17051,0.8,1.14,8,6
HD 17051_0,1.8650290574120854,0.01751554387504224,HD 17051,0.8,1.14,8,6
HD 17051_0,1.8676692146381557,0.0376881824591934,HD 17051,0.8,1.14,8,6
HD 17051_0,1.8808633253742588,0.04333185296067536,HD 17051,0.8,1.14,8,6
HD 17051_0,1.8715519889248577,0.02163328679405192,HD 17051,0.8,1.14,8,6
HD 17051_0,1.8707277815841838,0.059468736758466506,HD 17051,0.8,1.14,8,6
HD 17051_0,1.8951054933225806,0.023700803723307105,HD 17051,0.8,1.14,8,6
HD 17051_0,1.872730181238113,0.03094205077848803,HD 17051,0.8,1.14,8,6
HD 17051_0,1.8759106483319306,0.0007701486509958909,HD 17051,0.8,1.14,8,6
HD 17051_0,1.8755872441552046,0.042475206350888944,HD 17051,0.8,1.14,8,6
HD 17051_0,1.8605543371655604,0.054889432620455016,HD 17051,0.8,1.14,8,6
HD 17051_0,1.8666514396104856,0.03699653975481056,HD 17051,0.8,1.14,8,6
HD 17051_0,1.868060200644813,0.025003860965775206,HD 17051,0.8,1.14,8,6
HD 17051_0,1.8682319461125019,0.039156764371900445,HD 17051,0.8,1.14,8,6
HD 17051_0,1.8712748898628508,0.045203430317826275,HD 17051,0.8,1.14,8,6
HD 17051_0,1.882298607354453,0.014673783985230716,HD 17051,0.8,1.14,8,6
HD 17051_0,1.8706441212821774,0.04281155834528763,HD 17051,0.8,1.14,8,6
HD 17051_0,1.8843652841162295,0.019771825018631485,HD 17051,0.8,1.14,8,6
HD 17051_0,1.8957889878016299,0.041612095260225315,HD 17051,0.8,1.14,8,6
HD 17051_0,1.88373930425816,0.018173469310647228,HD 17051,0.8,1.14,8,6
HD 17051_0,1.8820115215667097,0.05682060457675136,HD 17051,0.8,1.14,8,6
HD 17051_0,1.8886776679021402,0.022070718799122587,HD 17051,0.8,1.14,8,6
HD 17051_0,1.886224373164856,0.02019184933771151,HD 17051,0.8,1.14,8,6
HD 17051_0,1.8867257025821473,0.022531124392868692,HD 17051,0.8,1.14,8,6
HD 17051_0,1.883695416244527,0.009872795650769673,HD 17051,0.8,1.14,8,6
HD 17051_0,1.879186984832772,0.03053245573216841,HD 17051,0.8,1.14,8,6
HD 17051_0,1.8670785864214259,0.02119232338143036,HD 17051,0.8,1.14,8,6
HD 17051_0,1.8836141939010183,0.044301752705371955,HD 17051,0.8,1.14,8,6
HD 17051_0,1.8781089140305098,0.025289256012380204,HD 17051,0.8,1.14,8,6
HD 17051_0,1.881687988327292,0.011541124133009381,HD 17051,0.8,1.14,8,6
HD 17051_0,1.8728807022011384,0.032586272817950436,HD 17051,0.8,1.14,8,6
HD 17051_0,1.869431985217526,0.028291014570429304,HD 17051,0.8,1.14,8,6
HD 17051_0,1.886960356512971,0.0583625639897421,HD 17051,0.8,1.14,8,6
HD 17051_0,1.8700614767949444,0.04827784108988831,HD 17051,0.8,1.14,8,6
HD 17051_0,1.8661528384651824,0.05472123446472087,HD 17051,0.8,1.14,8,6
HD 17051_0,1.9009640070667373,0.09968113723551075,HD 17051,0.8,1.14,8,6
HD 17051_0,1.8865361938710465,0.046605633900860435,HD 17051,0.8,1.14,8,6
HD 17051_0,1.8738280461049444,0.04939026194890257,HD 17051,0.8,1.14,8,6
HD 17051_0,1.8601441819518647,0.01746962676228083,HD 17051,0.8,1.14,8,6
HD 17051_0,1.904877101081192,0.03529565295908004,HD 17051,0.8,1.14,8,6
HD 17051_0,1.8839249289293265,0.046102784740044825,HD 17051,0.8,1.14,8,6
HD 17051_0,1.8973876061805843,0.00707455996745014,HD 17051,0.8,1.14,8,6
HD 17051_0,1.8871803213787304,0.03569248357527177,HD 17051,0.8,1.14,8,6
HD 17051_0,1.8599087305781252,0.045806936811607704,HD 17051,0.8,1.14,8,6
HD 17051_0,1.8811492286162137,0.061017650459400996,HD 17051,0.8,1.14,8,6
HD 17051_0,1.8841304813426785,0.028231627376643153,HD 17051,0.8,1.14,8,6
HD 17051_0,1.8707087418094874,0.0399587590481238,HD 17051,0.8,1.14,8,6
HD 17051_0,1.8799516207743578,0.056559591711092726,HD 17051,0.8,1.14,8,6
HD 17051_0,1.8648497484257442,0.028752669100298306,HD 17051,0.8,1.14,8,6
HD 17051_0,1.873974616772013,0.03565399791897595,HD 17051,0.8,1.14,8,6
HD 17051_0,1.86894977581012,0.004872267035785671,HD 17051,0.8,1.14,8,6
HD 17051_0,1.8785916975665902,0.020729016601338315,HD 17051,0.8,1.14,8,6
HD 17051_0,1.8941205230454268,0.051250210822270034,HD 17051,0.8,1.14,8,6
HD 17051_0,1.9118238646536052,0.0024834902797839717,HD 17051,0.8,1.14,8,6
HD 17051_0,1.8871292221789342,0.10034995314034609,HD 17051,0.8,1.14,8,6
HD 17051_0,1.8798226572160488,0.05229151482360053,HD 17051,0.8,1.14,8,6
HD 17051_0,1.8786059272282474,0.0015279326180024852,HD 17051,0.8,1.14,8,6
HD 17051_0,1.874138581269396,0.029253593704341756,HD 17051,0.8,1.14,8,6
HD 17051_0,1.888785771874668,0.05672789286672378,HD 17051,0.8,1.14,8,6
HD 17051_0,1.8474882015376757,0.02210706251532309,HD 17051,0.8,1.14,8,6
HD 17051_0,1.8758523070551207,0.06284070429836675,HD 17051,0.8,1.14,8,6
HD 17051_0,1.8782189816306563,0.07230391431155017,HD 17051,0.8,1.14,8,6
HD 17051_0,1.8856801487021788,0.025387260821518088,HD 17051,0.8,1.14,8,6
HD 17051_0,1.8719688001232129,0.044260155797409745,HD 17051,0.8,1.14,8,6
HD 17051_0,1.8577183815365264,0.060331401686902056,HD 17051,0.8,1.14,8,6
HD 17051_0,1.8689865307394986,0.021180317964670507,HD 17051,0.8,1.14,8,6
HD 17051_0,1.8806857075643322,0.041150144234229,HD 17051,0.8,1.14,8,6
HD 17051_0,1.902775033490275,0.054216104676351004,HD 17051,0.8,1.14,8,6
HD 17051_0,1.8779901640149403,0.02318425247209728,HD 17051,0.8,1.14,8,6
HD 17051_0,1.8730952702879775,0.02759301662334765,HD 17051,0.8,1.14,8,6
HD 17051_0,1.8759265573255919,0.039686767468136486,HD 17051,0.8,1.14,8,6
HD 17051_0,1.8703396003163475,0.0358556177860475,HD 17051,0.8,1.14,8,6
HD 17051_0,1.8821565145485881,0.008703966379228725,HD 17051,0.8,1.14,8,6
HD 17051_0,1.88646337345331,0.032419378793582115,HD 17051,0.8,1.14,8,6
HD 17051_0,1.8793018643405976,0.052162707255145914,HD 17051,0.8,1.14,8,6
HD 17051_0,1.8719688001232129,0.044260155797409745,HD 17051,0.8,1.14,8,6
HD 17051_0,1.8707470898814915,0.03362448075305541,HD 17051,0.8,1.14,8,6
HD 17051_0,1.8761963806142248,0.010420599271485717,HD 17051,0.8,1.14,8,6
HD 17051_0,1.8873540066359338,0.04282592662605278,HD 17051,0.8,1.14,8,6
HD 17051_0,1.8688434234131497,0.05184212193899331,HD 17051,0.8,1.14,8,6
HD 17051_0,1.8818626976119988,0.042983834333310676,HD 17051,0.8,1.14,8,6
HD 17051_0,1.880413693393463,0.02596773822363303,HD 17051,0.8,1.14,8,6
HD 17051_0,1.8719374389918988,0.05239361900104699,HD 17051,0.8,1.14,8,6
HD 17051_0,1.9024077726372117,0.045621179440286756,HD 17051,0.8,1.14,8,6
HD 17051_0,1.8742427675102227,0.05475015051629878,HD 17051,0.8,1.14,8,6
HD 17051_0,1.8681990378511109,0.021613566409001687,HD 17051,0.8,1.14,8,6
HD 17051_0,1.8675008735683403,0.052021221366376304,HD 17051,0.8,1.14,8,6
HD 17051_0,1.8783965368862878,0.07785932316215327,HD 17051,0.8,1.14,8,6
HD 17051_0,1.8670682982701707,0.035374218374050505,HD 17051,0.8,1.14,8,6
HD 17051_0,1.8743238390674433,0.07906981031228694,HD 17051,0.8,1.14,8,6
HD 17051_0,1.8553161106416227,0.06751092923976994,HD 17051,0.8,1.14,8,6
HD 17051_0,1.8824328695587835,0.028289795424328697,HD 17051,0.8,1.14,8,6
HD 17051_0,1.880590976165684,0.04556413635595105,HD 17051,0.8,1.14,8,6
HD 17051_0,1.8697220404346815,0.03376637346523791,HD 17051,0.8,1.14,8,6
HD 17051_0,1.875150180541391,0.03102069105179426,HD 17051,0.8,1.14,8,6
HD 17051_0,1.8601807883740658,0.03310736880469231,HD 17051,0.8,1.14,8,6
HD 17051_0,1.8585902897542217,0.0780443438908374,HD 17051,0.8,1.14,8,6
HD 17051_0,1.9030646176996446,0.11208889175798131,HD 17051,0.8,1.14,8,6
HD 17051_0,1.8592889018997794,0.028902975708587013,HD 17051,0.8,1.14,8,6
HD 17051_0,1.893496773144875,0.07723274652572762,HD 17051,0.8,1.14,8,6
HD 17051_0,1.8844730766129694,0.05108759434829986,HD 17051,0.8,1.14,8,6
HD 17051_0,1.8531061106312872,0.02688440499656674,HD 17051,0.8,1.14,8,6
HD 17051_0,1.8827274439759876,0.03436249013727211,HD 17051,0.8,1.14,8,6
HD 17051_0,1.865364064478237,0.01101973630637526,HD 17051,0.8,1.14,8,6
HD 17051_0,1.8689888028093586,0.05883886808496969,HD 17051,0.8,1.14,8,6
HD 17051_0,1.8688116153469099,0.02815086393159302,HD 17051,0.8,1.14,8,6
HD 17051_0,1.8630250057616222,0.051644519082591045,HD 17051,0.8,1.14,8,6
HD 17051_0,1.8685337728462241,0.06299310434225906,HD 17051,0.8,1.14,8,6
HD 17051_0,1.8691765352091427,0.07983795386410895,HD 17051,0.8,1.14,8,6
HD 17051_0,1.8654371481608392,0.10436744794568825,HD 17051,0.8,1.14,8,6
HD 17051_0,1.867159020612061,0.022802489118092475,HD 17051,0.8,1.14,8,6
HD 17051_0,1.8869740875925534,0.03946308009478244,HD 17051,0.8,1.14,8,6
HD 17051_0,1.8546102546406944,0.09828227418707161,HD 17051,0.8,1.14,8,6
HD 17051_0,1.8692154389080795,0.06471222115596617,HD 17051,0.8,1.14,8,6
HD 17051_0,1.878256237176242,0.026114526425953632,HD 17051,0.8,1.14,8,6
HD 17051_0,1.864080323500082,0.012805449327976628,HD 17051,0.8,1.14,8,6
HD 17051_0,1.8842454979485068,0.05009076587395847,HD 17051,0.8,1.14,8,6
HD 17051_0,1.888962780823055,0.0799772595525307,HD 17051,0.8,1.14,8,6
HD 17051_0,1.8893938532615027,0.0323711691794912,HD 17051,0.8,1.14,8,6
HD 17051_0,1.8770586103268214,0.013455348157216676,HD 17051,0.8,1.14,8,6
HD 17051_0,1.8759184026473412,0.05937443132170619,HD 17051,0.8,1.14,8,6
HD 17051_0,1.8663070801324573,0.042589648364988505,HD 17051,0.8,1.14,8,6
HD 17051_0,1.889433710515784,0.038310046474348144,HD 17051,0.8,1.14,8,6
HD 17051_0,1.8761710163852106,0.013258168892734946,HD 17051,0.8,1.14,8,6
HD 17051_0,1.870058811138667,0.047627646489981884,HD 17051,0.8,1.14,8,6
HD 17051_0,1.8945705986046757,0.05149552066746124,HD 17051,0.8,1.14,8,6
HD 17051_0,1.8642684283209896,0.05548543030077046,HD 17051,0.8,1.14,8,6
HD 17051_0,1.8769545902120606,0.0030775875382482373,HD 17051,0.8,1.14,8,6
HD 17051_0,1.8875705278733135,0.0643771448765394,HD 17051,0.8,1.14,8,6
HD 17051_0,1.8641291159863878,0.028958633533911763,HD 17051,0.8,1.14,8,6
HD 17051_0,1.8868511823089644,0.07066972828352563,HD 17051,0.8,1.14,8,6
HD 17051_0,1.888874033640643,0.04600190754190717,HD 17051,0.8,1.14,8,6
HD 17051_0,1.8896157346335865,0.046085870807206816,HD 17051,0.8,1.14,8,6
HD 17051_0,1.8711612165144913,0.06204779394067142,HD 17051,0.8,1.14,8,6
HD 17051_0,1.8760411496692695,0.06853577539264155,HD 17051,0.8,1.14,8,6
HD 17051_0,1.8867370764499527,0.04016140525693759,HD 17051,0.8,1.14,8,6
HD 17051_0,1.8728945175233833,0.027663392615311932,HD 17051,0.8,1.14,8,6
HD 17051_0,1.8803395765868929,0.02768866957215561,HD 17051,0.8,1.14,8,6
HD 17051_0,1.8686288736368215,0.012346501316924509,HD 17051,0.8,1.14,8,6
HD 17051_0,1.881843015830185,0.035513349414583645,HD 17051,0.8,1.14,8,6
HD 17051_0,1.8749339001738103,0.039141893395370636,HD 17051,0.8,1.14,8,6
HD 17051_0,1.8864623976921742,0.052244782441509714,HD 17051,0.8,1.14,8,6
HD 17051_0,1.8759131785821288,0.07141334911951326,HD 17051,0.8,1.14,8,6
HD 17051_0,1.886137752391569,0.03337759856502338,HD 17051,0.8,1.14,8,6
HD 17051_0,1.886868012196833,0.044769221757793326,HD 17051,0.8,1.14,8,6
HD 17051_0,1.882901793029431,0.0411492967374986,HD 17051,0.8,1.14,8,6
HD 17051_0,1.8689310896134295,0.06045663015390634,HD 17051,0.8,1.14,8,6
HD 17051_0,1.9068360980424683,0.07288929502530844,HD 17051,0.8,1.14,8,6
HD 17051_0,1.8750953490597697,0.020375338990907054,HD 17051,0.8,1.14,8,6
HD 17051_0,1.8795947089960126,0.020933960858987917,HD 17051,0.8,1.14,8,6
HD 17051_0,1.8689758584943565,0.100407549532369,HD 17051,0.8,1.14,8,6
HD 17051_0,1.901479177819818,0.05716240801649841,HD 17051,0.8,1.14,8,6
HD 17051_0,1.879155154712033,0.0203791326174316,HD 17051,0.8,1.14,8,6
HD 17051_0,1.869953868752855,0.1249964214904035,HD 17051,0.8,1.14,8,6
HD 17051_0,1.876454556674822,0.03961625087225115,HD 17051,0.8,1.14,8,6
HD 17051_0,1.873416367550135,0.04390166995013274,HD 17051,0.8,1.14,8,6
HD 17051_0,1.8763805687554533,0.020158152944067274,HD 17051,0.8,1.14,8,6
HD 17051_0,1.8677987190811243,0.11323748035732162,HD 17051,0.8,1.14,8,6
HD 17051_0,1.8742505712782989,0.04258044788851108,HD 17051,0.8,1.14,8,6
HD 17051_0,1.8733106003674391,0.005817784067189663,HD 17051,0.8,1.14,8,6
HD 17051_0,1.8652097415103248,0.0651076164666872,HD 17051,0.8,1.14,8,6
HD 17051_0,1.8707967132385448,0.06015833590498698,HD 17051,0.8,1.14,8,6
HD 17051_0,1.8893800896797757,0.10376349449385498,HD 17051,0.8,1.14,8,6
HD 17051_0,1.8733002254795348,0.035253503694939105,HD 17051,0.8,1.14,8,6
HD 17051_0,1.8783833261521479,0.05560530350906409,HD 17051,0.8,1.14,8,6
HD 17051_0,1.8929374140525397,0.08055861020985257,HD 17051,0.8,1.14,8,6
HD 17051_0,1.8667076825942044,0.04774458851159244,HD 17051,0.8,1.14,8,6
HD 17051_0,1.9004786368811808,0.10423176409248895,HD 17051,0.8,1.14,8,6
HD 17051_0,1.8735371527426752,0.00556307458450777,HD 17051,0.8,1.14,8,6
HD 17051_0,1.8762157003844744,0.13185288982668394,HD 17051,0.8,1.14,8,6
HD 17051_0,1.8552688644390185,0.049359706359481184,HD 17051,0.8,1.14,8,6
HD 17051_0,1.8782326820644417,0.05253238123767799,HD 17051,0.8,1.14,8,6
HD 17051_0,1.8826345822457775,0.03768432780824101,HD 17051,0.8,1.14,8,6
HD 17051_0,1.8970646662041548,0.007642501697557209,HD 17051,0.8,1.14,8,6
HD 17051_0,1.880835638841331,0.011643476126520724,HD 17051,0.8,1.14,8,6
HD 17051_0,1.8754020536627223,0.020604910040358422,HD 17051,0.8,1.14,8,6
HD 17051_0,1.877724160936188,0.05912641161627338,HD 17051,0.8,1.14,8,6
HD 17051_0,1.8734470532115928,0.04219580883933944,HD 17051,0.8,1.14,8,6
HD 17051_0,1.8527440786140272,0.09435326996437143,HD 17051,0.8,1.14,8,6
HD 17051_0,1.8736923551114986,0.01821949670791262,HD 17051,0.8,1.14,8,6
HD 39091_5,1.6609894611332547,0.07213580815976825,HD 39091,1.31,1.08,8,8
HD 39091_5,1.653903983053221,0.06292842804135032,HD 39091,1.31,1.08,8,8
HD 39091_5,1.6532355717805096,0.04533749951947674,HD 39091,1.31,1.08,8,8
HD 39091_5,1.653957953246203,0.06569819137745345,HD 39091,1.31,1.08,8,8
HD 39091_5,1.6589732759259832,0.09614918674983,HD 39091,1.31,1.08,8,8
HD 39091_5,1.6571301867341606,0.05476235218057651,HD 39091,1.31,1.08,8,8
HD 39091_5,1.6556314784369135,0.04928990926965872,HD 39091,1.31,1.08,8,8
HD 39091_5,1.6508849457472137,0.07528588844793868,HD 39091,1.31,1.08,8,8
HD 39091_5,1.6537494885359851,0.061646767919917654,HD 39091,1.31,1.08,8,8
HD 39091_5,1.6611379733974518,0.050882769510520294,HD 39091,1.31,1.08,8,8
HD 39091_5,1.6518639127481745,0.08045394781749685,HD 39091,1.31,1.08,8,8
HD 39091_5,1.6513590879915379,0.06955894597345663,HD 39091,1.31,1.08,8,8
HD 39091_5,1.6547318537285756,0.07034370498588624,HD 39091,1.31,1.08,8,8
HD 39091_5,1.6526427335409777,0.06862743017003044,HD 39091,1.31,1.08,8,8
HD 39091_5,1.6524613327729902,0.07894994284849813,HD 39091,1.31,1.08,8,8
HD 39091_5,1.6548511154947487,0.06785627435167232,HD 39091,1.31,1.08,8,8
HD 39091_5,1.65111021993773,0.054807314710179876,HD 39091,1.31,1.08,8,8
HD 39091_5,1.6556160811584437,0.07027956107038197,HD 39091,1.31,1.08,8,8
HD 39091_5,1.6556310942777743,0.06356356312269634,HD 39091,1.31,1.08,8,8
HD 39091_5,1.6571810117426122,0.06950735782405999,HD 39091,1.31,1.08,8,8
HD 39091_5,1.6507721351498952,0.06137576320960242,HD 39091,1.31,1.08,8,8
HD 39091_5,1.6540541570398786,0.06420707869769889,HD 39091,1.31,1.08,8,8
HD 39091_5,1.6599225931716401,0.06896404210785802,HD 39091,1.31,1.08,8,8
HD 39091_5,1.6541029991605594,0.054503944292171556,HD 39091,1.31,1.08,8,8
HD 39091_5,1.6553600879214332,0.054382431662817414,HD 39091,1.31,1.08,8,8
HD 39091_5,1.654287528559598,0.06840036056692111,HD 39091,1.31,1.08,8,8
HD 39091_5,1.6470715384984724,0.05348968192091233,HD 39091,1.31,1.08,8,8
HD 39091_5,1.651416691986004,0.07970696307245673,HD 39091,1.31,1.08,8,8
HD 39091_5,1.6586793913753215,0.05167018586350531,HD 39091,1.31,1.08,8,8
HD 39091_5,1.655071600411524,0.08230163222840231,HD 39091,1.31,1.08,8,8
HD 39091_5,1.6533341193877953,0.056415221197994636,HD 39091,1.31,1.08,8,8
HD 39091_5,1.6496291108779217,0.06648620254908828,HD 39091,1.31,1.08,8,8
HD 39091_5,1.6533557085090524,0.07268674417237733,HD 39091,1.31,1.08,8,8
HD 39091_5,1.6537383989875303,0.055129659430538595,HD 39091,1.31,1.08,8,8
HD 39091_5,1.654193148177559,0.048783945468644146,HD 39091,1.31,1.08,8,8
HD 39091_5,1.6559624592598572,0.037824257150834206,HD 39091,1.31,1.08,8,8
HD 39091_5,1.6484107104732986,0.08962291310924017,HD 39091,1.31,1.08,8,8
HD 39091_5,1.654794233065564,0.0677232153228656,HD 39091,1.31,1.08,8,8
HD 39091_5,1.6521734657774507,0.06270403843771333,HD 39091,1.31,1.08,8,8
HD 39091_5,1.6521586854954344,0.052595129472869234,HD 39091,1.31,1.08,8,8
HD 39091_5,1.657748658276387,0.06354078633728028,HD 39091,1.31,1.08,8,8
HD 39091_5,1.6590563025454532,0.060943885805671366,HD 39091,1.31,1.08,8,8
HD 39091_5,1.6536655382895504,0.04821401500983297,HD 39091,1.31,1.08,8,8
HD 39091_5,1.6518556262800363,0.08158910273444522,HD 39091,1.31,1.08,8,8
HD 39091_5,1.6476387028541217,0.09124670740263292,HD 39091,1.31,1.08,8,8
HD 39091_5,1.6521096760214833,0.05101306655119724,HD 39091,1.31,1.08,8,8
HD 39091_5,1.6533035335912214,0.06569633462327851,HD 39091,1.31,1.08,8,8
HD 39091_5,1.6524138755766316,0.065368814668666,HD 39091,1.31,1.08,8,8
HD 39091_5,1.6569771121387185,0.08012420191556663,HD 39091,1.31,1.08,8,8
HD 39091_5,1.646088095296574,0.09283172380324624,HD 39091,1.31,1.08,8,8
HD 39091_5,1.652721630018709,0.06001702590126044,HD 39091,1.31,1.08,8,8
HD 39091_5,1.6595161834642649,0.05389441632066093,HD 39091,1.31,1.08,8,8
HD 39091_5,1.6498928387394978,0.07291015202139366,HD 39091,1.31,1.08,8,8
HD 39091_5,1.6500101616240097,0.07485723465584337,HD 39091,1.31,1.08,8,8
HD 39091_5,1.658282252390404,0.06395787529058816,HD 39091,1.31,1.08,8,8
HD 39091_5,1.656301861268476,0.04719909429191473,HD 39091,1.31,1.08,8,8
HD 39091_5,1.65569974120302,0.08358246220761253,HD 39091,1.31,1.08,8,8
HD 39091_5,1.6558859030946345,0.06466984106206423,HD 39091,1.31,1.08,8,8
HD 39091_5,1.6522045504970724,0.05252528072104724,HD 39091,1.31,1.08,8,8
HD 39091_5,1.6561227335598279,0.052957540636943225,HD 39091,1.31,1.08,8,8
HD 39091_5,1.655593581705553,0.09207963299225932,HD 39091,1.31,1.08,8,8
HD 39091_5,1.660279841558712,0.07237576783881568,HD 39091,1.31,1.08,8,8
HD 39091_5,1.659525216057393,0.0789158768848953,HD 39091,1.31,1.08,8,8
HD 39091_5,1.6548646710654809,0.061014325672196605,HD 39091,1.31,1.08,8,8
HD 39091_5,1.6564785490483829,0.06386258578630184,HD 39091,1.31,1.08,8,8
HD 39091_5,1.6527571791639768,0.04957722274254116,HD 39091,1.31,1.08,8,8
HD 39091_5,1.6551050700859755,0.062149624493386055,HD 39091,1.31,1.08,8,8
HD 39091_5,1.6561591124464052,0.07205917048504537,HD 39091,1.31,1.08,8,8
HD 39091_5,1.655486007949377,0.03849410122029127,HD 39091,1.31,1.08,8,8
HD 39091_5,1.6518415409650513,0.05013559372984084,HD 39091,1.31,1.08,8,8
HD 39091_5,1.6463230490036043,0.06545880043185856,HD 39091,1.31,1.08,8,8
HD 39091_5,1.6557510879219117,0.06283455377234821,HD 39091,1.31,1.08,8,8
HD 39091_5,1.648240545135102,0.08350810031299173,HD 39091,1.31,1.08,8,8
HD 39091_5,1.6558177080218848,0.09500304755585681,HD 39091,1.31,1.08,8,8
HD 39091_5,1.6541426650862874,0.07825606030223278,HD 39091,1.31,1.08,8,8
HD 39091_5,1.6465053845110236,0.08215687439209804,HD 39091,1.31,1.08,8,8
HD 39091_5,1.6598431079202833,0.044075708592906424,HD 39091,1.31,1.08,8,8
HD 39091_5,1.6501624003855102,0.06772669534238504,HD 39091,1.31,1.08,8,8
HD 39091_5,1.6555562322642843,0.07447414772585874,HD 39091,1.31,1.08,8,8
HD 39091_5,1.652897785600076,0.08267552642532765,HD 39091,1.31,1.08,8,8
HD 39091_5,1.6592709720421643,0.046589144248240344,HD 39091,1.31,1.08,8,8
HD 39091_5,1.64528228771862,0.05923085024145146,HD 39091,1.31,1.08,8,8
HD 39091_5,1.6519870895347752,0.07527244123593843,HD 39091,1.31,1.08,8,8
HD 39091_5,1.6498047948085335,0.07222808171872223,HD 39091,1.31,1.08,8,8
HD 39091_5,1.6568292451077835,0.06752095490799566,HD 39091,1.31,1.08,8,8
HD 39091_5,1.6554697018547055,0.061458668497959834,HD 39091,1.31,1.08,8,8
HD 39091_5,1.6579062453285751,0.08584781595223347,HD 39091,1.31,1.08,8,8
HD 39091_5,1.6581962559632417,0.07253146074071092,HD 39091,1.31,1.08,8,8
HD 39091_5,1.6581241300771568,0.05904022815406798,HD 39091,1.31,1.08,8,8
HD 39091_5,1.6506704693484007,0.06338957873306056,HD 39091,1.31,1.08,8,8
HD 39091_5,1.649723388123189,0.05369677396272572,HD 39091,1.31,1.08,8,8
HD 39091_5,1.6521701223019813,0.0535571849167503,HD 39091,1.31,1.08,8,8
HD 39091_5,1.655840671804437,0.07434141007592387,HD 39091,1.31,1.08,8,8
HD 39091_5,1.656201514372424,0.07093180078394878,HD 39091,1.31,1.08,8,8
HD 39091_5,1.6537146211286367,0.06659381751295393,HD 39091,1.31,1.08,8,8
HD 39091_5,1.6651024128386618,0.0445762690806385,HD 39091,1.31,1.08,8,8
HD 39091_5,1.6604584474061623,0.06498573456305173,HD 39091,1.31,1.08,8,8
HD 39091_5,1.6527326818812447,0.08445701745362302,HD 39091,1.31,1.08,8,8
HD 39091_5,1.6607722350979783,0.06640210954028422,HD 39091,1.31,1.08,8,8
HD 39091_5,1.652170509987657,0.03547565028997812,HD 39091,1.31,1.08,8,8
HD 39091_5,1.650641166757691,0.061572468820923175,HD 39091,1.31,1.08,8,8
HD 39091_5,1.65855339790024,0.0691459921317925,HD 39091,1.31,1.08,8,8
HD 39091_5,1.6555944564689333,0.06353260240401089,HD 39091,1.31,1.08,8,8
HD 39091_5,1.6552699644534348,0.0779455854960164,HD 39091,1.31,1.08,8,8
HD 39091_5,1.6558817418269398,0.06130241098725073,HD 39091,1.31,1.08,8,8
HD 39091_5,1.6519359864924035,0.07803980987978149,HD 39091,1.31,1.08,8,8
HD 39091_5,1.6573712152429672,0.07861989672005237,HD 39091,1.31,1.08,8,8
HD 39091_5,1.662969750433198,0.06079290891313301,HD 39091,1.31,1.08,8,8
HD 39091_5,1.6481665295795136,0.04894425375704163,HD 39091,1.31,1.08,8,8
HD 39091_5,1.657440629747175,0.04720588775115866,HD 39091,1.31,1.08,8,8
HD 39091_5,1.6506930181723873,0.06395251249940252,HD 39091,1.31,1.08,8,8
HD 39091_5,1.6539940587039117,0.04689118774703148,HD 39091,1.31,1.08,8,8
HD 39091_5,1.6557088801242026,0.04698953891139023,HD 39091,1.31,1.08,8,8
HD 39091_5,1.65588550395958,0.07694163444974243,HD 39091,1.31,1.08,8,8
HD 39091_5,1.6541103535692105,0.04550341520922022,HD 39091,1.31,1.08,8,8
HD 39091_5,1.6466484263253538,0.0954346952146986,HD 39091,1.31,1.08,8,8
HD 39091_5,1.6581570863093107,0.06935589424895591,HD 39091,1.31,1.08,8,8
HD 39091_5,1.6588591704876425,0.07803403046894335,HD 39091,1.31,1.08,8,8
HD 39091_5,1.6552489867143003,0.08650068929530966,HD 39091,1.31,1.08,8,8
HD 39091_5,1.6569372924903942,0.061311716488139295,HD 39091,1.31,1.08,8,8
HD 39091_5,1.6521556427826618,0.06655627031898116,HD 39091,1.31,1.08,8,8
HD 39091_5,1.6532866545899534,0.042357623845920706,HD 39091,1.31,1.08,8,8
HD 39091_5,1.659841275636435,0.056608419027912596,HD 39091,1.31,1.08,8,8
HD 39091_5,1.6581564902885448,0.06507224902079448,HD 39091,1.31,1.08,8,8
HD 39091_5,1.6527864438940205,0.059152834348765775,HD 39091,1.31,1.08,8,8
HD 39091_5,1.6538337216745178,0.035535150768574345,HD 39091,1.31,1.08,8,8
HD 39091_5,1.65402320554429,0.05793149847224653,HD 39091,1.31,1.08,8,8
HD 39091_5,1.649281833497327,0.07588553577623115,HD 39091,1.31,1.08,8,8
HD 39091_5,1.657176500946491,0.052946807457530005,HD 39091,1.31,1.08,8,8
HD 39091_5,1.659943743834222,0.07092803754073895,HD 39091,1.31,1.08,8,8
HD 39091_5,1.6578208574385505,0.05930573052758189,HD 39091,1.31,1.08,8,8
HD 39091_5,1.6490976142351308,0.07023622831989605,HD 39091,1.31,1.08,8,8
HD 39091_5,1.6567181019326316,0.06786545989631919,HD 39091,1.31,1.08,8,8
HD 39091_5,1.655312764371825,0.06163028464734476,HD 39091,1.31,1.08,8,8
HD 39091_5,1.6576651404103142,0.08179312476178253,HD 39091,1.31,1.08,8,8
HD 39091_5,1.658224722503177,0.06768406030869907,HD 39091,1.31,1.08,8,8
HD 39091_5,1.6526067880289892,0.07788603303913424,HD 39091,1.31,1.08,8,8
HD 39091_5,1.6521595182477051,0.06759551274317813,HD 39091,1.31,1.08,8,8
HD 39091_5,1.650919092339545,0.07672193078674516,HD 39091,1.31,1.08,8,8
HD 39091_5,1.652184481713345,0.07434867466960045,HD 39091,1.31,1.08,8,8
HD 39091_5,1.6545187232776433,0.04627162985327986,HD 39091,1.31,1.08,8,8
HD 39091_5,1.651346717971253,0.05906087017899135,HD 39091,1.31,1.08,8,8
HD 39091_5,1.6488029245444877,0.08070540209159432,HD 39091,1.31,1.08,8,8
HD 39091_5,1.6613489520768732,0.07184960572873975,HD 39091,1.31,1.08,8,8
HD 39091_5,1.652122558668143,0.06891743122383712,HD 39091,1.31,1.08,8,8
HD 39091_5,1.6548951987388325,0.03511710346518138,HD 39091,1.31,1.08,8,8
HD 39091_5,1.6576642312502174,0.065327085525111,HD 39091,1.31,1.08,8,8
HD 39091_5,1.6540614981809347,0.07021553986636539,HD 39091,1.31,1.08,8,8
HD 39091_5,1.6578660579935527,0.06453266983300919,HD 39091,1.31,1.08,8,8
HD 39091_5,1.6499651751146118,0.0902054558564192,HD 39091,1.31,1.08,8,8
HD 39091_5,1.653121208811362,0.08148566234527614,HD 39091,1.31,1.08,8,8
HD 39091_5,1.6514497020898475,0.06831791613872187,HD 39091,1.31,1.08,8,8
HD 39091_5,1.6539181662044997,0.07300599363696639,HD 39091,1.31,1.08,8,8
HD 39091_5,1.653622453000386,0.0756541854122065,HD 39091,1.31,1.08,8,8
HD 39091_5,1.6481256959020245,0.08062835198831951,HD 39091,1.31,1.08,8,8
HD 39091_5,1.6514954815806893,0.05774603448734832,HD 39091,1.31,1.08,8,8
HD 39091_5,1.654413679207274,0.05212525478207611,HD 39091,1.31,1.08,8,8
HD 39091_5,1.655167871252007,0.06903346605237044,HD 39091,1.31,1.08,8,8
HD 39091_5,1.6479241568407828,0.0851385881458533,HD 39091,1.31,1.08,8,8
HD 39091_5,1.6597164499799164,0.06026095137678494,HD 39091,1.31,1.08,8,8
HD 39091_5,1.6491409611586116,0.07667098067260601,HD 39091,1.31,1.08,8,8
HD 39091_5,1.651087870385735,0.06564778412395175,HD 39091,1.31,1.08,8,8
HD 39091_5,1.6532061871516475,0.068117296274887,HD 39091,1.31,1.08,8,8
HD 39091_5,1.650885777804556,0.06656136692912976,HD 39091,1.31,1.08,8,8
HD 39091_5,1.6505826710326463,0.08932871533341108,HD 39091,1.31,1.08,8,8
HD 39091_5,1.651088013100043,0.046196826351138004,HD 39091,1.31,1.08,8,8
HD 39091_5,1.6529306841017333,0.07365122591631869,HD 39091,1.31,1.08,8,8
HD 39091_5,1.6519066498463895,0.06730928846756516,HD 39091,1.31,1.08,8,8
HD 39091_5,1.6530704232579074,0.07510723115835168,HD 39091,1.31,1.08,8,8
HD 39091_5,1.6496434074973223,0.06245905972034319,HD 39091,1.31,1.08,8,8
HD 39091_5,1.6555088992326865,0.05001979731668911,HD 39091,1.31,1.08,8,8
HD 39091_5,1.6500745455101176,0.07520888874307294,HD 39091,1.31,1.08,8,8
HD 39091_5,1.6457580198384911,0.09022576016268846,HD 39091,1.31,1.08,8,8
HD 39091_5,1.653743084485723,0.05498148461661297,HD 39091,1.31,1.08,8,8
HD 39091_5,1.6561234259774478,0.06951730878267,HD 39091,1.31,1.08,8,8
HD 39091_5,1.652857675003786,0.07295900357504276,HD 39091,1.31,1.08,8,8
HD 39091_5,1.6530667927764804,0.06625912559311864,HD 39091,1.31,1.08,8,8
HD 39091_5,1.6477573125011646,0.08844092583849965,HD 39091,1.31,1.08,8,8
HD 39091_5,1.6488279406387039,0.06408680680660482,HD 39091,1.31,1.08,8,8
HD 39091_5,1.6519665434007416,0.059141400984660794,HD 39091,1.31,1.08,8,8
HD 39091_5,1.655783233371429,0.05649424179876608,HD 39091,1.31,1.08,8,8
HD 39091_5,1.6534116816806679,0.044390756966541864,HD 39091,1.31,1.08,8,8
HD 39091_5,1.6526999315334538,0.06098629377215631,HD 39091,1.31,1.08,8,8
HD 39091_5,1.6550801443928798,0.07174509121068232,HD 39091,1.31,1.08,8,8
HD 39091_5,1.6537804055155243,0.07026838673120588,HD 39091,1.31,1.08,8,8
HD 39091_5,1.654937721233712,0.09390668344538622,HD 39091,1.31,1.08,8,8
HD 39091_5,1.653862640741901,0.08747309912269727,HD 39091,1.31,1.08,8,8
HD 39091_5,1.6585833655962514,0.05516870349488661,HD 39091,1.31,1.08,8,8
HD 39091_5,1.6538400069518957,0.07778804217549362,HD 39091,1.31,1.08,8,8
HD 39091_5,1.6536635132711464,0.07003945195872983,HD 39091,1.31,1.08,8,8
HD 39091_5,1.6604284988876137,0.0806906720895747,HD 39091,1.31,1.08,8,8
HD 39091_5,1.6589222286094913,0.06486409409294329,HD 39091,1.31,1.08,8,8
HD 39091_5,1.6501184264570146,0.05647692420051245,HD 39091,1.31,1.08,8,8
HD 39091_5,1.6511998312015814,0.08476387213901077,HD 39091,1.31,1.08,8,8
HD 39091_5,1.6596799612741249,0.07145201326580637,HD 39091,1.31,1.08,8,8
HD 39091_5,1.6534923047056576,0.061121964793716795,HD 39091,1.31,1.08,8,8
HD 39091_5,1.6578865790356314,0.07218228881879483,HD 39091,1.31,1.08,8,8
HD 39091_5,1.653961956487771,0.0635255374067994,HD 39091,1.31,1.08,8,8
HD 39091_5,1.6508414034668437,0.057986723278652355,HD 39091,1.31,1.08,8,8
HD 39091_5,1.6584129181097835,0.07141330168248071,HD 39091,1.31,1.08,8,8
HD 39091_5,1.6529779647529919,0.0665027755772103,HD 39091,1.31,1.08,8,8
HD 39091_5,1.6548745507472713,0.06232163715477974,HD 39091,1.31,1.08,8,8
HD 39091_5,1.655695870594461,0.06658851852965522,HD 39091,1.31,1.08,8,8
HD 39091_5,1.6500876807066265,0.06417556942030198,HD 39091,1.31,1.08,8,8
HD 39091_5,1.652882966235041,0.06155572579222207,HD 39091,1.31,1.08,8,8
HD 39091_5,1.6559427326319895,0.07008684299912343,HD 39091,1.31,1.08,8,8
HD 39091_5,1.6561211399391007,0.04307460655422866,HD 39091,1.31,1.08,8,8
HD 39091_5,1.6614177245908301,0.062865682180373,HD 39091,1.31,1.08,8,8
HD 39091_5,1.6464497375535143,0.076288825971969,HD 39091,1.31,1.08,8,8
HD 39091_5,1.6538862654748563,0.07334425216531078,HD 39091,1.31,1.08,8,8
HD 39091_5,1.6503393462771476,0.051253839928679844,HD 39091,1.31,1.08,8,8
HD 39091_5,1.6582617662357346,0.06023468324012195,HD 39091,1.31,1.08,8,8
HD 39091_5,1.6592280157918524,0.07704539491208066,HD 39091,1.31,1.08,8,8
HD 39091_5,1.6512672504789816,0.077236368333557,HD 39091,1.31,1.08,8,8
HD 39091_5,1.6565777039745995,0.06358833321881936,HD 39091,1.31,1.08,8,8
HD 39091_5,1.6528850885557576,0.05797512026013881,HD 39091,1.31,1.08,8,8
HD 39091_5,1.6503685166772928,0.0628075067618758,HD 39091,1.31,1.08,8,8
HD 39091_5,1.6565880699162139,0.05058577084491457,HD 39091,1.31,1.08,8,8
HD 39091_5,1.6549556415965676,0.06170159709109977,HD 39091,1.31,1.08,8,8
HD 39091_5,1.64564163781689,0.07261808349143002,HD 39091,1.31,1.08,8,8
HD 39091_5,1.6567254212286384,0.07983744262830074,HD 39091,1.31,1.08,8,8
HD 39091_5,1.6548937193878563,0.06174679148324947,HD 39091,1.31,1.08,8,8
HD 39091_5,1.6478815885922369,0.07647503197468014,HD 39091,1.31,1.08,8,8
HD 39091_5,1.6499306214027731,0.037107221890273774,HD 39091,1.31,1.08,8,8
HD 39091_5,1.6541222476602924,0.06826511315826582,HD 39091,1.31,1.08,8,8
HD 39091_5,1.6562272333080417,0.06891367190047869,HD 39091,1.31,1.08,8,8
HD 39091_5,1.6495315214959558,0.057220672758656374,HD 39091,1.31,1.08,8,8
HD 39091_5,1.6510188687963092,0.07635713955699545,HD 39091,1.31,1.08,8,8
HD 39091_5,1.6527538928720265,0.06434207513357791,HD 39091,1.31,1.08,8,8
HD 39091_5,1.6468831055828403,0.06885758870151573,HD 39091,1.31,1.08,8,8
HD 39091_5,1.6506249730882676,0.07757713686103909,HD 39091,1.31,1.08,8,8
HD 39091_5,1.6527823603247391,0.05398745334090153,HD 39091,1.31,1.08,8,8
HD 39091_5,1.653801827450779,0.06972661481620004,HD 39091,1.31,1.08,8,8
HD 39091_5,1.6592185941253208,0.0798043859129455,HD 39091,1.31,1.08,8,8
HD 39091_5,1.6491436497235714,0.07120224756162816,HD 39091,1.31,1.08,8,8
HD 39091_5,1.6519528277783266,0.06366180237039747,HD 39091,1.31,1.08,8,8
HD 39091_5,1.65775353236037,0.07652519983051381,HD 39091,1.31,1.08,8,8
HD 39091_5,1.6579738289427677,0.07696910153856139,HD 39091,1.31,1.08,8,8
HD 39091_5,1.6499169502555804,0.058935610806209834,HD 39091,1.31,1.08,8,8
HD 39091_5,1.6482767779255314,0.06059128197507769,HD 39091,1.31,1.08,8,8
HD 39091_5,1.6565222943308258,0.07161582769722936,HD 39091,1.31,1.08,8,8
HD 39091_5,1.6485516896215617,0.059116920254860664,HD 39091,1.31,1.08,8,8
HD 39091_5,1.6596167061529359,0.06382759648642784,HD 39091,1.31,1.08,8,8
HD 39091_5,1.6522975433363947,0.05972010266881681,HD 39091,1.31,1.08,8,8
HD 39091_5,1.6606432276447631,0.06974352461753189,HD 39091,1.31,1.08,8,8
HD 39091_5,1.656063145689365,0.05611013657127196,HD 39091,1.31,1.08,8,8
HD 39091_5,1.647801577354038,0.04927372382111571,HD 39091,1.31,1.08,8,8
HD 39091_5,1.651394787412362,0.08471396045928319,HD 39091,1.31,1.08,8,8
HD 39091_5,1.6494403784568215,0.07144775173145378,HD 39091,1.31,1.08,8,8
HD 39091_5,1.6503987256175405,0.07977757007988698,HD 39091,1.31,1.08,8,8
HD 39091_5,1.6529943957770346,0.053833018982404966,HD 39091,1.31,1.08,8,8
HD 39091_5,1.6558331461346145,0.05944152658788177,HD 39091,1.31,1.08,8,8
HD 39091_5,1.648887356773493,0.08315083427771647,HD 39091,1.31,1.08,8,8
HD 39091_5,1.651347156905003,0.06449816202660374,HD 39091,1.31,1.08,8,8
HD 39091_5,1.65737766971701,0.08169277390130233,HD 39091,1.31,1.08,8,8
HD 39091_5,1.6503023259052778,0.08063098727516141,HD 39091,1.31,1.08,8,8
HD 39091_5,1.653263593951842,0.06003623884624638,HD 39091,1.31,1.08,8,8
HD 39091_5,1.652651837211393,0.07653165369831491,HD 39091,1.31,1.08,8,8
HD 39091_5,1.6594442525460562,0.06252787323250113,HD 39091,1.31,1.08,8,8
HD 39091_5,1.6550335037126955,0.05826356447562536,HD 39091,1.31,1.08,8,8
HD 39091_5,1.6480984403950667,0.06313519168694479,HD 39091,1.31,1.08,8,8
HD 39091_5,1.6490429818180885,0.05031160981614324,HD 39091,1.31,1.08,8,8
HD 39091_5,1.6556505321901767,0.0752905647003497,HD 39091,1.31,1.08,8,8
HD 39091_5,1.655118609021136,0.07257724365062844,HD 39091,1.31,1.08,8,8
HD 39091_5,1.6596155281978942,0.0486212666401426,HD 39091,1.31,1.08,8,8
HD 39091_5,1.6524621498536278,0.07383008879089438,HD 39091,1.31,1.08,8,8
HD 39091_5,1.6518468100638166,0.059708875667070525,HD 39091,1.31,1.08,8,8
HD 39091_5,1.6574311997933102,0.06346458174158177,HD 39091,1.31,1.08,8,8
HD 39091_5,1.653439292248442,0.06023795800950526,HD 39091,1.31,1.08,8,8
HD 39091_5,1.6520704489682916,0.05584621743880652,HD 39091,1.31,1.08,8,8
HD 39091_5,1.6582353769556593,0.047566946874106425,HD 39091,1.31,1.08,8,8
HD 39091_5,1.6513060647676947,0.055888666813435614,HD 39091,1.31,1.08,8,8
HD 39091_5,1.6550695640078286,0.05418721572429468,HD 39091,1.31,1.08,8,8
HD 39091_5,1.652053895739554,0.05972995879656576,HD 39091,1.31,1.08,8,8
HD 39091_5,1.6571759879451127,0.07232397974975938,HD 39091,1.31,1.08,8,8
HD 39091_5,1.6584369518961557,0.04913314988197019,HD 39091,1.31,1.08,8,8
HD 39091_5,1.6544161645588837,0.08396949936822375,HD 39091,1.31,1.08,8,8
HD 39091_5,1.6544867384703623,0.0665005281324242,HD 39091,1.31,1.08,8,8
HD 39091_5,1.6640276304414823,0.051305369389027,HD 39091,1.31,1.08,8,8
HD 39091_5,1.6598053663586012,0.05979508798420147,HD 39091,1.31,1.08,8,8
HD 39091_5,1.654253955919694,0.05186109487802088,HD 39091,1.31,1.08,8,8
HD 39091_5,1.656783460799347,0.052028468674933916,HD 39091,1.31,1.08,8,8
HD 39091_5,1.6448106669799964,0.05433692590152036,HD 39091,1.31,1.08,8,8
HD 39091_5,1.6521817111469819,0.06239521910592192,HD 39091,1.31,1.08,8,8
HD 39091_5,1.6559018017738545,0.06816243860936179,HD 39091,1.31,1.08,8,8
HD 39091_5,1.6492661557602137,0.0841081606659971,HD 39091,1.31,1.08,8,8
HD 39091_5,1.6545599309247554,0.07285594924179385,HD 39091,1.31,1.08,8,8
HD 39091_5,1.6557493708727211,0.03220324937817742,HD 39091,1.31,1.08,8,8
HD 39091_5,1.6541981252738194,0.06429452710186688,HD 39091,1.31,1.08,8,8
HD 39091_5,1.6548364296449705,0.06978773036954386,HD 39091,1.31,1.08,8,8
HD 39091_5,1.6523070884797226,0.06982382948434246,HD 39091,1.31,1.08,8,8
HD 39091_5,1.6592256013200781,0.06587354165388236,HD 39091,1.31,1.08,8,8
HD 39091_5,1.655572288477941,0.07011615932176721,HD 39091,1.31,1.08,8,8
HD 39091_5,1.6542849623309552,0.06950468345314668,HD 39091,1.31,1.08,8,8
HD 39091_5,1.6488490608891504,0.08872106888503883,HD 39091,1.31,1.08,8,8
HD 39091_5,1.6569470999812903,0.061515853182491496,HD 39091,1.31,1.08,8,8
HD 39091_5,1.6507974040402587,0.07849566922984134,HD 39091,1.31,1.08,8,8
HD 39091_5,1.6519034363797467,0.06832566041991346,HD 39091,1.31,1.08,8,8
HD 39091_5,1.6527396254361248,0.06238854842598421,HD 39091,1.31,1.08,8,8
HD 39091_5,1.6477856003907754,0.06652936905357189,HD 39091,1.31,1.08,8,8
HD 39091_5,1.6538010383879964,0.058808847907074614,HD 39091,1.31,1.08,8,8
HD 39091_5,1.6560848534720853,0.059764022751550405,HD 39091,1.31,1.08,8,8
HD 39091_5,1.6564241047147406,0.04224939278688867,HD 39091,1.31,1.08,8,8
HD 39091_5,1.6578497823023566,0.06826842905351234,HD 39091,1.31,1.08,8,8
HD 39091_5,1.6568109217132838,0.037998734942231195,HD 39091,1.31,1.08,8,8
HD 39091_5,1.6534118544503411,0.07398527444152031,HD 39091,1.31,1.08,8,8
HD 39091_5,1.6547893883373554,0.06098172033036187,HD 39091,1.31,1.08,8,8
HD 39091_5,1.6586146009493998,0.0665812000707209,HD 39091,1.31,1.08,8,8
HD 39091_5,1.6539988351539514,0.042707493610064,HD 39091,1.31,1.08,8,8
HD 39091_5,1.6569879413592719,0.03615489581893677,HD 39091,1.31,1.08,8,8
HD 39091_5,1.655551192184379,0.06965224714851527,HD 39091,1.31,1.08,8,8
HD 39091_5,1.65161586250982,0.07048609218669005,HD 39091,1.31,1.08,8,8
HD 39091_5,1.6564029065858041,0.05727566649678684,HD 39091,1.31,1.08,8,8
HD 39091_5,1.6517090496328766,0.07081568632637067,HD 39091,1.31,1.08,8,8
HD 39091_5,1.6572004850445379,0.06182803069346122,HD 39091,1.31,1.08,8,8
HD 39091_5,1.6494621062388042,0.06155607570976755,HD 39091,1.31,1.08,8,8
HD 39091_5,1.6527632054881807,0.05295931879095325,HD 39091,1.31,1.08,8,8
HD 39091_5,1.6597109627332356,0.052840519911850015,HD 39091,1.31,1.08,8,8
HD 39091_5,1.6511266975941474,0.03496721144170553,HD 39091,1.31,1.08,8,8
HD 39091_5,1.6534737081906397,0.07488390277896727,HD 39091,1.31,1.08,8,8
HD 39091_5,1.6550104128355994,0.08296593732439236,HD 39091,1.31,1.08,8,8
HD 39091_5,1.6543199666987347,0.05385589484993781,HD 39091,1.31,1.08,8,8
HD 39091_5,1.6565277676891315,0.05511035376096094,HD 39091,1.31,1.08,8,8
HD 39091_5,1.6545309540651314,0.060755090573366324,HD 39091,1.31,1.08,8,8
HD 39091_5,1.6543667626385532,0.06648673669569545,HD 39091,1.31,1.08,8,8
HD 39091_5,1.651258721138006,0.07168882851639408,HD 39091,1.31,1.08,8,8
HD 39091_5,1.660809600872625,0.04564402236988371,HD 39091,1.31,1.08,8,8
HD 39091_5,1.6548398766958152,0.06423226262170473,HD 39091,1.31,1.08,8,8
HD 39091_5,1.654779982179243,0.05884324166353073,HD 39091,1.31,1.08,8,8
HD 39091_5,1.6513602428560263,0.052746761093202116,HD 39091,1.31,1.08,8,8
HD 39091_5,1.6498235187216463,0.06466687839596816,HD 39091,1.31,1.08,8,8
HD 39091_5,1.6532349234514243,0.039873920174833474,HD 39091,1.31,1.08,8,8
HD 39091_5,1.6563712048562016,0.06825823654985975,HD 39091,1.31,1.08,8,8
HD 39091_5,1.6615642692192312,0.06073135258317369,HD 39091,1.31,1.08,8,8
HD 39091_5,1.650663813680236,0.08064260556887619,HD 39091,1.31,1.08,8,8
HD 39091_5,1.650988163786143,0.08888801697147294,HD 39091,1.31,1.08,8,8
HD 39091_5,1.647029854136842,0.0776611065159131,HD 39091,1.31,1.08,8,8
HD 39091_5,1.6502925637422705,0.07124955142944164,HD 39091,1.31,1.08,8,8
HD 39091_5,1.6502383878218954,0.07921822588831867,HD 39091,1.31,1.08,8,8
HD 39091_5,1.6536643280007932,0.06040903769220267,HD 39091,1.31,1.08,8,8
HD 39091_5,1.6484316570250206,0.06413982530697479,HD 39091,1.31,1.08,8,8
HD 39091_5,1.6527687805389049,0.09064459868382581,HD 39091,1.31,1.08,8,8
HD 39091_5,1.6533199168216988,0.06220800238190406,HD 39091,1.31,1.08,8,8
HD 39091_5,1.6545322679951926,0.07547419032783964,HD 39091,1.31,1.08,8,8
HD 39091_5,1.6555109821492549,0.09006939106838122,HD 39091,1.31,1.08,8,8
HD 39091_5,1.65815646428612,0.05826580562131738,HD 39091,1.31,1.08,8,8
HD 39091_5,1.6519951404041386,0.07783813494425,HD 39091,1.31,1.08,8,8
HD 39091_5,1.6543632126457213,0.03983185656998695,HD 39091,1.31,1.08,8,8
HD 39091_5,1.6547763272068907,0.07260544734389236,HD 39091,1.31,1.08,8,8
HD 39091_5,1.661579491487886,0.06455413668386506,HD 39091,1.31,1.08,8,8
HD 39091_5,1.6579402738828892,0.07623340625934448,HD 39091,1.31,1.08,8,8
HD 39091_5,1.6522745287497573,0.06095617189034906,HD 39091,1.31,1.08,8,8
HD 39091_5,1.651720256971833,0.05560494583223959,HD 39091,1.31,1.08,8,8
HD 39091_5,1.6490374347169248,0.05974723933259308,HD 39091,1.31,1.08,8,8
HD 39091_5,1.6494499166455097,0.06383458309910875,HD 39091,1.31,1.08,8,8
HD 39091_5,1.6524624981092628,0.08885505470635123,HD 39091,1.31,1.08,8,8
HD 39091_5,1.6472384047955388,0.0837284042551096,HD 39091,1.31,1.08,8,8
HD 39091_5,1.6526121103874367,0.07610439334442087,HD 39091,1.31,1.08,8,8
HD 39091_5,1.6561471631839368,0.06502622531598932,HD 39091,1.31,1.08,8,8
HD 39091_5,1.6553407698494838,0.06527245502694254,HD 39091,1.31,1.08,8,8
HD 39091_5,1.6501319508065404,0.06722300782562414,HD 39091,1.31,1.08,8,8
HD 39091_5,1.6554956170576745,0.07491596658090142,HD 39091,1.31,1.08,8,8
HD 39091_5,1.660855157546469,0.041652296492533214,HD 39091,1.31,1.08,8,8
HD 39091_5,1.6607379604332038,0.07393832345356394,HD 39091,1.31,1.08,8,8
HD 39091_5,1.6522979997993192,0.08690635830952766,HD 39091,1.31,1.08,8,8
HD 39091_5,1.6500646005098911,0.06632004820644427,HD 39091,1.31,1.08,8,8
HD 39091_5,1.6542420223221053,0.04144242136565605,HD 39091,1.31,1.08,8,8
HD 39091_5,1.6490736542128002,0.08007507720918922,HD 39091,1.31,1.08,8,8
HD 39091_5,1.6551781338710223,0.052251770187227396,HD 39091,1.31,1.08,8,8
HD 39091_5,1.6493620065200598,0.05637823248528967,HD 39091,1.31,1.08,8,8
HD 39091_5,1.6616745882317923,0.06936874323225473,HD 39091,1.31,1.08,8,8
HD 39091_5,1.6555023754096463,0.07609156447211668,HD 39091,1.31,1.08,8,8
HD 39091_5,1.6562914090826597,0.07769645074294679,HD 39091,1.31,1.08,8,8
HD 39091_5,1.6541491548136165,0.0841178816280501,HD 39091,1.31,1.08,8,8
HD 39091_5,1.6567857705956355,0.0359955206457772,HD 39091,1.31,1.08,8,8
HD 39091_5,1.6627744769656048,0.07182415289688718,HD 39091,1.31,1.08,8,8
HD 39091_5,1.6508655430602206,0.07864783167357582,HD 39091,1.31,1.08,8,8
HD 39091_5,1.656786502451739,0.05616812385436555,HD 39091,1.31,1.08,8,8
HD 39091_5,1.6525909799550604,0.07101843505264333,HD 39091,1.31,1.08,8,8
HD 39091_5,1.653179066758947,0.049207651430763055,HD 39091,1.31,1.08,8,8
HD 39091_5,1.6520747276298582,0.03899689097004711,HD 39091,1.31,1.08,8,8
HD 39091_5,1.6622803530147792,0.05611134037388911,HD 39091,1.31,1.08,8,8
HD 39091_5,1.6580026994300092,0.07581566224198485,HD 39091,1.31,1.08,8,8
HD 39091_5,1.6584912228699118,0.058845620998391385,HD 39091,1.31,1.08,8,8
HD 39091_5,1.6528397904866572,0.07205150406751601,HD 39091,1.31,1.08,8,8
HD 39091_5,1.655865630559501,0.06307535992145662,HD 39091,1.31,1.08,8,8
HD 39091_5,1.658417074404132,0.07366189084594205,HD 39091,1.31,1.08,8,8
HD 39091_5,1.6501065353134392,0.06689479682558142,HD 39091,1.31,1.08,8,8
HD 39091_5,1.650428171288274,0.05400378376173138,HD 39091,1.31,1.08,8,8
HD 39091_5,1.651023079960378,0.07437391185692006,HD 39091,1.31,1.08,8,8
HD 39091_5,1.6527055888244808,0.06690659579181113,HD 39091,1.31,1.08,8,8
HD 39091_5,1.654807314146922,0.07426421462017291,HD 39091,1.31,1.08,8,8
HD 39091_5,1.6589286457772672,0.08361956982643592,HD 39091,1.31,1.08,8,8
HD 39091_5,1.6489734500247477,0.07388373567057127,HD 39091,1.31,1.08,8,8
HD 39091_5,1.6576232418278836,0.07541583302166088,HD 39091,1.31,1.08,8,8
HD 39091_5,1.6469966933028224,0.05334603192999166,HD 39091,1.31,1.08,8,8
HD 39091_5,1.6540919428492906,0.050508445794170416,HD 39091,1.31,1.08,8,8
HD 39091_5,1.6524817680251849,0.0551008302266839,HD 39091,1.31,1.08,8,8
HD 39091_5,1.651343493546153,0.05075813700094058,HD 39091,1.31,1.08,8,8
HD 39091_5,1.6592747248490174,0.05428823597304165,HD 39091,1.31,1.08,8,8
HD 39091_5,1.6477870553690703,0.06682134876400649,HD 39091,1.31,1.08,8,8
HD 39091_5,1.6570620331464037,0.050218620600462394,HD 39091,1.31,1.08,8,8
HD 39091_5,1.650876549578917,0.07363764027207267,HD 39091,1.31,1.08,8,8
HD 39091_5,1.6577722420106977,0.06155382782609896,HD 39091,1.31,1.08,8,8
HD 39091_5,1.6476157549508696,0.07863421002194682,HD 39091,1.31,1.08,8,8
HD 39091_5,1.6535936543201906,0.06989522759105517,HD 39091,1.31,1.08,8,8
HD 39091_5,1.6525232532943213,0.05189373300363425,HD 39091,1.31,1.08,8,8
HD 39091_5,1.6527754091447568,0.08223116125509289,HD 39091,1.31,1.08,8,8
HD 39091_5,1.649197426213725,0.04292686344140194,HD 39091,1.31,1.08,8,8
HD 39091_5,1.6546898966694412,0.06012621815331849,HD 39091,1.31,1.08,8,8
HD 39091_5,1.652184893370001,0.08844858173176133,HD 39091,1.31,1.08,8,8
HD 39091_5,1.6546456514754202,0.07184295081478727,HD 39091,1.31,1.08,8,8
HD 39091_5,1.6525923557638378,0.0737650784071614,HD 39091,1.31,1.08,8,8
HD 39091_5,1.662077669569459,0.0446611963562975,HD 39091,1.31,1.08,8,8
HD 39091_5,1.648719051895258,0.07017042085505026,HD 39091,1.31,1.08,8,8
HD 39091_5,1.6538995795703537,0.07757320888440346,HD 39091,1.31,1.08,8,8
HD 39091_5,1.6542784103729467,0.08644342601199759,HD 39091,1.31,1.08,8,8
HD 39091_5,1.6585520457549063,0.052868812042480354,HD 39091,1.31,1.08,8,8
HD 39091_5,1.6583573018353697,0.06797817411359428,HD 39091,1.31,1.08,8,8
HD 39091_5,1.6570188243001867,0.04632638102319074,HD 39091,1.31,1.08,8,8
HD 39091_5,1.6607139599478682,0.04517496391405822,HD 39091,1.31,1.08,8,8
HD 39091_5,1.6503146171151317,0.06812486941222372,HD 39091,1.31,1.08,8,8
HD 39091_5,1.648810457869033,0.0602302072548032,HD 39091,1.31,1.08,8,8
HD 39091_5,1.6581778678226928,0.07329629260526255,HD 39091,1.31,1.08,8,8
HD 39091_5,1.6581457211428001,0.06354359523355728,HD 39091,1.31,1.08,8,8
HD 39091_5,1.65487619218642,0.07908658504209647,HD 39091,1.31,1.08,8,8
HD 39091_5,1.6516895973962369,0.06072480981918241,HD 39091,1.31,1.08,8,8
HD 39091_5,1.6501225157518737,0.06381592666437902,HD 39091,1.31,1.08,8,8
HD 39091_5,1.655306341442253,0.06434749230556285,HD 39091,1.31,1.08,8,8
HD 39091_5,1.6507052143671508,0.07381339028902967,HD 39091,1.31,1.08,8,8
HD 39091_5,1.6632596232034336,0.06387552899261363,HD 39091,1.31,1.08,8,8
HD 39091_5,1.654923074338204,0.0768841113225799,HD 39091,1.31,1.08,8,8
HD 39091_5,1.6555290377762588,0.09148271318365772,HD 39091,1.31,1.08,8,8
HD 39091_5,1.6462368931695162,0.059847133634949236,HD 39091,1.31,1.08,8,8
HD 39091_5,1.6546523186184463,0.0757947464622806,HD 39091,1.31,1.08,8,8
HD 39091_5,1.645666176017907,0.08041299343098193,HD 39091,1.31,1.08,8,8
HD 39091_5,1.6481954539886097,0.08488993482246014,HD 39091,1.31,1.08,8,8
HD 39091_5,1.657682817497809,0.04539518558515103,HD 39091,1.31,1.08,8,8
HD 39091_5,1.6528059380605198,0.07250085575210263,HD 39091,1.31,1.08,8,8
HD 39091_5,1.65299506804067,0.06500907333609483,HD 39091,1.31,1.08,8,8
HD 39091_5,1.6546127868536855,0.06926935479358184,HD 39091,1.31,1.08,8,8
HD 39091_5,1.663636433488175,0.06266194197092631,HD 39091,1.31,1.08,8,8
HD 39091_5,1.6447035125262035,0.07314153358208778,HD 39091,1.31,1.08,8,8
HD 39091_5,1.6594742741639887,0.07030132854240403,HD 39091,1.31,1.08,8,8
HD 39091_5,1.6512338604294325,0.05728580277364992,HD 39091,1.31,1.08,8,8
HD 39091_5,1.6544623199083877,0.0731530252274377,HD 39091,1.31,1.08,8,8
HD 39091_5,1.659094966889392,0.05014849865521322,HD 39091,1.31,1.08,8,8
HD 39091_5,1.652531067691287,0.06936955784774505,HD 39091,1.31,1.08,8,8
HD 39091_5,1.6533389266588905,0.06047021178569966,HD 39091,1.31,1.08,8,8
HD 39091_5,1.6532180440222635,0.07106490289244842,HD 39091,1.31,1.08,8,8
HD 39091_5,1.6499295497771747,0.05749751664386561,HD 39091,1.31,1.08,8,8
HD 39091_5,1.6521075173751059,0.048952495631065344,HD 39091,1.31,1.08,8,8
HD 39091_5,1.6492219105712242,0.06955583726814189,HD 39091,1.31,1.08,8,8
HD 39091_5,1.6597147848062326,0.06414822007931031,HD 39091,1.31,1.08,8,8
HD 39091_5,1.6541030726125259,0.04305998329641249,HD 39091,1.31,1.08,8,8
HD 39091_5,1.6562824556629774,0.07591335085622639,HD 39091,1.31,1.08,8,8
HD 39091_5,1.6544413729085476,0.07811404541175772,HD 39091,1.31,1.08,8,8
HD 39091_5,1.653837553862024,0.05134820024032303,HD 39091,1.31,1.08,8,8
HD 39091_5,1.652605265213154,0.06230449702926515,HD 39091,1.31,1.08,8,8
HD 39091_5,1.6509309557974758,0.07489295292334194,HD 39091,1.31,1.08,8,8
HD 39091_5,1.6526785198079854,0.06653765043975454,HD 39091,1.31,1.08,8,8
HD 39091_5,1.6553521752324425,0.05679140889161374,HD 39091,1.31,1.08,8,8
HD 39091_5,1.6482174777562295,0.05893139732912257,HD 39091,1.31,1.08,8,8
HD 39091_5,1.6472204888701638,0.08109243716129895,HD 39091,1.31,1.08,8,8
HD 39091_5,1.6560962516021012,0.0667823585863753,HD 39091,1.31,1.08,8,8
HD 39091_5,1.657036596489579,0.06704165284202046,HD 39091,1.31,1.08,8,8
HD 39091_5,1.656918482019451,0.057771047970658795,HD 39091,1.31,1.08,8,8
HD 39091_5,1.6513781767001154,0.06469823044407941,HD 39091,1.31,1.08,8,8
HD 39091_5,1.6544792461495355,0.07886735248965011,HD 39091,1.31,1.08,8,8
HD 39091_5,1.6537587518432393,0.055361634355872526,HD 39091,1.31,1.08,8,8
HD 39091_5,1.658498616917876,0.0653123313686174,HD 39091,1.31,1.08,8,8
HD 39091_5,1.6591719487147651,0.0779989055787003,HD 39091,1.31,1.08,8,8
HD 39091_5,1.6508881372252693,0.049633752372135145,HD 39091,1.31,1.08,8,8
HD 39091_5,1.6602178984255471,0.053471580427404644,HD 39091,1.31,1.08,8,8
HD 39091_5,1.6584200364176438,0.05310310934061774,HD 39091,1.31,1.08,8,8
HD 39091_5,1.6535890733304925,0.08323559142154582,HD 39091,1.31,1.08,8,8
HD 39091_5,1.65617429549679,0.04286893145731716,HD 39091,1.31,1.08,8,8
HD 39091_5,1.6511862675695015,0.0824454471460721,HD 39091,1.31,1.08,8,8
HD 39091_5,1.6537042187828817,0.056291284250164414,HD 39091,1.31,1.08,8,8
HD 39091_5,1.6530543690023687,0.05972296384937309,HD 39091,1.31,1.08,8,8
HD 39091_5,1.650981195625044,0.05779818828730508,HD 39091,1.31,1.08,8,8
HD 39091_5,1.6567957617653488,0.07261948768942848,HD 39091,1.31,1.08,8,8
HD 39091_5,1.659461247173171,0.06730050581639403,HD 39091,1.31,1.08,8,8
HD 39091_5,1.6590901521333867,0.062111377550680254,HD 39091,1.31,1.08,8,8
HD 39091_5,1.6542057445737577,0.06627765890286234,HD 39091,1.31,1.08,8,8
HD 39091_5,1.6511166868504206,0.08250904295281977,HD 39091,1.31,1.08,8,8
HD 39091_5,1.6549765676850334,0.08017812985539206,HD 39091,1.31,1.08,8,8
HD 39091_5,1.6512845220541883,0.06263104743641847,HD 39091,1.31,1.08,8,8
HD 39091_5,1.649169947139144,0.08071038073297629,HD 39091,1.31,1.08,8,8
HD 39091_5,1.652418958439557,0.06128270572252173,HD 39091,1.31,1.08,8,8
HD 39091_5,1.6508279356158306,0.07385780258957252,HD 39091,1.31,1.08,8,8
HD 39091_5,1.6534387475593573,0.07748606564126452,HD 39091,1.31,1.08,8,8
HD 39091_5,1.6536783244246425,0.07440032066018565,HD 39091,1.31,1.08,8,8
HD 39091_5,1.6478670943334108,0.07788807897249073,HD 39091,1.31,1.08,8,8
HD 39091_5,1.6558776995597388,0.07015638300355292,HD 39091,1.31,1.08,8,8
HD 39091_5,1.6562096209364916,0.06211430446113449,HD 39091,1.31,1.08,8,8
HD 39091_5,1.6518527228178668,0.07110816799386954,HD 39091,1.31,1.08,8,8
HD 39091_5,1.6510236453837575,0.054372634726104,HD 39091,1.31,1.08,8,8
HD 39091_5,1.6527867331936201,0.05514412059308308,HD 39091,1.31,1.08,8,8
HD 39091_5,1.656747850523897,0.08407937525639529,HD 39091,1.31,1.08,8,8
HD 20807_1,1.853280292023071,0.03155221965740242,HD 20807,0.954,1.07,8,8
HD 20807_1,1.8620642252538822,0.06501977984828074,HD 20807,0.954,1.07,8,8
HD 20807_1,1.8632610560188825,0.0490415299307255,HD 20807,0.954,1.07,8,8
HD 20807_1,1.8503434458781327,0.04440621092085802,HD 20807,0.954,1.07,8,8
HD 20807_1,1.8584646295716845,0.05534377820679686,HD 20807,0.954,1.07,8,8
HD 20807_1,1.858987666494777,0.046143705113151384,HD 20807,0.954,1.07,8,8
HD 20807_1,1.8550893055885012,0.06313854105614225,HD 20807,0.954,1.07,8,8
HD 20807_1,1.849745695540066,0.073560886405428,HD 20807,0.954,1.07,8,8
HD 20807_1,1.8595486047743672,0.04926614776119075,HD 20807,0.954,1.07,8,8
HD 20807_1,1.8563041183061366,0.051559892568249485,HD 20807,0.954,1.07,8,8
HD 20807_1,1.8584925153760805,0.06342856791080495,HD 20807,0.954,1.07,8,8
HD 20807_1,1.8632941367025948,0.06885037109948272,HD 20807,0.954,1.07,8,8
HD 20807_1,1.8586498503307147,0.051894055657156095,HD 20807,0.954,1.07,8,8
HD 20807_1,1.8568287868476905,0.06418633003816858,HD 20807,0.954,1.07,8,8
HD 20807_1,1.8534885869269508,0.04591657949996678,HD 20807,0.954,1.07,8,8
HD 20807_1,1.8549568765273634,0.046734823198980716,HD 20807,0.954,1.07,8,8
HD 20807_1,1.8602399216314232,0.03617018025154613,HD 20807,0.954,1.07,8,8
HD 20807_1,1.8572119480159406,0.06021861650136606,HD 20807,0.954,1.07,8,8
HD 20807_1,1.8591251024618711,0.06197328495527599,HD 20807,0.954,1.07,8,8
HD 20807_1,1.869610865316016,0.06165995768376572,HD 20807,0.954,1.07,8,8
HD 20807_1,1.8560486602027226,0.06761954600042439,HD 20807,0.954,1.07,8,8
HD 20807_1,1.8568734622965306,0.052433329697502765,HD 20807,0.954,1.07,8,8
HD 20807_1,1.8593549697979133,0.07436848052570441,HD 20807,0.954,1.07,8,8
HD 20807_1,1.8691250781516324,0.050334776710747674,HD 20807,0.954,1.07,8,8
HD 20807_1,1.857299550723507,0.058448150627799796,HD 20807,0.954,1.07,8,8
HD 20807_1,1.859530785760221,0.06898167245654221,HD 20807,0.954,1.07,8,8
HD 20807_1,1.8608812245456483,0.06922809344805067,HD 20807,0.954,1.07,8,8
HD 20807_1,1.8609445651465186,0.04192309329960573,HD 20807,0.954,1.07,8,8
HD 20807_1,1.86111646136916,0.048597603612244675,HD 20807,0.954,1.07,8,8
HD 20807_1,1.853428967265275,0.050936484682741284,HD 20807,0.954,1.07,8,8
HD 20807_1,1.8584745766920665,0.060043456220191416,HD 20807,0.954,1.07,8,8
HD 20807_1,1.8622667342773604,0.061069744796542945,HD 20807,0.954,1.07,8,8
HD 20807_1,1.8538053203868867,0.056745016040041216,HD 20807,0.954,1.07,8,8
HD 20807_1,1.8578147133753176,0.05782154889132106,HD 20807,0.954,1.07,8,8
HD 20807_1,1.8649107981146145,0.05274093414449806,HD 20807,0.954,1.07,8,8
HD 20807_1,1.8618273147260516,0.036248713817497336,HD 20807,0.954,1.07,8,8
HD 20807_1,1.8549069026535456,0.038554266633603736,HD 20807,0.954,1.07,8,8
HD 20807_1,1.8573426212514097,0.054868648806693274,HD 20807,0.954,1.07,8,8
HD 20807_1,1.8558813424151162,0.06792004875097699,HD 20807,0.954,1.07,8,8
HD 20807_1,1.8607399956016715,0.049118018904530644,HD 20807,0.954,1.07,8,8
HD 20807_1,1.8598188581814235,0.0532312439687276,HD 20807,0.954,1.07,8,8
HD 20807_1,1.8633378393250184,0.06141451264877772,HD 20807,0.954,1.07,8,8
HD 20807_1,1.8601976898803778,0.05451418714392393,HD 20807,0.954,1.07,8,8
HD 20807_1,1.8617249729146488,0.07092125424951679,HD 20807,0.954,1.07,8,8
HD 20807_1,1.8597124552377866,0.059609148945953115,HD 20807,0.954,1.07,8,8
HD 20807_1,1.8596387802096346,0.06569810261926913,HD 20807,0.954,1.07,8,8
HD 20807_1,1.8609603205991632,0.06564286693210158,HD 20807,0.954,1.07,8,8
HD 20807_1,1.857998405342582,0.05245913395130354,HD 20807,0.954,1.07,8,8
HD 20807_1,1.8572694402301926,0.048174212925055596,HD 20807,0.954,1.07,8,8
HD 20807_1,1.8561478379591831,0.050993793132554116,HD 20807,0.954,1.07,8,8
HD 20807_1,1.8570462460504367,0.04976914322311512,HD 20807,0.954,1.07,8,8
HD 20807_1,1.8583787970872125,0.0699430296784011,HD 20807,0.954,1.07,8,8
HD 20807_1,1.8594538726972827,0.07416834873303219,HD 20807,0.954,1.07,8,8
HD 20807_1,1.851957808091799,0.0431811623310672,HD 20807,0.954,1.07,8,8
HD 20807_1,1.8598834262180663,0.0574926485685545,HD 20807,0.954,1.07,8,8
HD 20807_1,1.8592246487901583,0.07570418108267724,HD 20807,0.954,1.07,8,8
HD 20807_1,1.8591749646888365,0.07177890099642963,HD 20807,0.954,1.07,8,8
HD 20807_1,1.8544269986898145,0.05498726636866609,HD 20807,0.954,1.07,8,8
HD 20807_1,1.8620392809317725,0.06250951059943935,HD 20807,0.954,1.07,8,8
HD 20807_1,1.8597669689726992,0.040841631036435996,HD 20807,0.954,1.07,8,8
HD 20807_1,1.8538872052511295,0.049631272914691216,HD 20807,0.954,1.07,8,8
HD 20807_1,1.8558401332594054,0.0503289963139775,HD 20807,0.954,1.07,8,8
HD 20807_1,1.8591111874446333,0.04861873070673095,HD 20807,0.954,1.07,8,8
HD 20807_1,1.8516212949812352,0.06293504400450198,HD 20807,0.954,1.07,8,8
HD 20807_1,1.863967527891221,0.058743945229746845,HD 20807,0.954,1.07,8,8
HD 20807_1,1.8516872664795379,0.04739069416899659,HD 20807,0.954,1.07,8,8
HD 20807_1,1.8620698787671541,0.037746130928146965,HD 20807,0.954,1.07,8,8
HD 20807_1,1.8617139459422518,0.05963621644184565,HD 20807,0.954,1.07,8,8
HD 20807_1,1.8610787248331875,0.06665755734385594,HD 20807,0.954,1.07,8,8
HD 20807_1,1.8575360368631224,0.050574960055588467,HD 20807,0.954,1.07,8,8
HD 20807_1,1.860318804078703,0.049415003433327644,HD 20807,0.954,1.07,8,8
HD 20807_1,1.8578430192083735,0.039893828557212734,HD 20807,0.954,1.07,8,8
HD 20807_1,1.8557920818177522,0.05539694880582723,HD 20807,0.954,1.07,8,8
HD 20807_1,1.8513267302870262,0.05326180351927183,HD 20807,0.954,1.07,8,8
HD 20807_1,1.8495592848135836,0.05175879734158218,HD 20807,0.954,1.07,8,8
HD 20807_1,1.8626413725674402,0.04975212570546862,HD 20807,0.954,1.07,8,8
HD 20807_1,1.8603178599590602,0.05166313424849523,HD 20807,0.954,1.07,8,8
HD 20807_1,1.8594945258325866,0.059892955856126445,HD 20807,0.954,1.07,8,8
HD 20807_1,1.8576085757499807,0.0529890760038233,HD 20807,0.954,1.07,8,8
HD 20807_1,1.8583324521197881,0.060453519128044364,HD 20807,0.954,1.07,8,8
HD 20807_1,1.852571552923459,0.05659083880177168,HD 20807,0.954,1.07,8,8
HD 20807_1,1.8588051316167524,0.05283138494127337,HD 20807,0.954,1.07,8,8
HD 20807_1,1.860527691974485,0.061184336391053216,HD 20807,0.954,1.07,8,8
HD 20807_1,1.8613847196776816,0.051481639049888686,HD 20807,0.954,1.07,8,8
HD 20807_1,1.85320153228429,0.06449723103808944,HD 20807,0.954,1.07,8,8
HD 20807_1,1.8490601394988326,0.04462031198018218,HD 20807,0.954,1.07,8,8
HD 20807_1,1.8514852533285575,0.07544557704897824,HD 20807,0.954,1.07,8,8
HD 20807_1,1.8583076308176556,0.08836995350509416,HD 20807,0.954,1.07,8,8
HD 20807_1,1.8624777885283879,0.08168324956026014,HD 20807,0.954,1.07,8,8
HD 20807_1,1.8602364582471784,0.03672680178487701,HD 20807,0.954,1.07,8,8
HD 20807_1,1.8533592087080304,0.05142772719825127,HD 20807,0.954,1.07,8,8
HD 20807_1,1.8501413888537903,0.0457020238133518,HD 20807,0.954,1.07,8,8
HD 20807_1,1.8584184908764918,0.059950075594110995,HD 20807,0.954,1.07,8,8
HD 20807_1,1.8629493779307549,0.04852816916105629,HD 20807,0.954,1.07,8,8
HD 20807_1,1.858236025435313,0.04746802277655134,HD 20807,0.954,1.07,8,8
HD 20807_1,1.8561451704213396,0.06802721415304129,HD 20807,0.954,1.07,8,8
HD 20807_1,1.8603222533893828,0.05853198629680575,HD 20807,0.954,1.07,8,8
HD 20807_1,1.8542660450011763,0.05784841362292348,HD 20807,0.954,1.07,8,8
HD 20807_1,1.8588267849979967,0.06049667198198655,HD 20807,0.954,1.07,8,8
HD 20807_1,1.8598032832062974,0.04719034706150336,HD 20807,0.954,1.07,8,8
HD 20807_1,1.8599893946040162,0.05382659417100641,HD 20807,0.954,1.07,8,8
HD 20807_1,1.851119105034923,0.0532532662626681,HD 20807,0.954,1.07,8,8
HD 20807_1,1.8541674423368828,0.05585868838215112,HD 20807,0.954,1.07,8,8
HD 20807_1,1.857033860905883,0.06103264602812112,HD 20807,0.954,1.07,8,8
HD 20807_1,1.8559669355470616,0.05902477959103333,HD 20807,0.954,1.07,8,8
HD 20807_1,1.856205290558864,0.06200857542581849,HD 20807,0.954,1.07,8,8
HD 20807_1,1.862524775594543,0.07753497384210624,HD 20807,0.954,1.07,8,8
HD 20807_1,1.8573711932632058,0.061835718373369,HD 20807,0.954,1.07,8,8
HD 20807_1,1.8681306113903577,0.06879544495894431,HD 20807,0.954,1.07,8,8
HD 20807_1,1.8545897591151799,0.054962987186803994,HD 20807,0.954,1.07,8,8
HD 20807_1,1.8620776260741445,0.054447808681647766,HD 20807,0.954,1.07,8,8
HD 20807_1,1.859085245165436,0.04867682810705947,HD 20807,0.954,1.07,8,8
HD 20807_1,1.8557922367312571,0.05684829200235063,HD 20807,0.954,1.07,8,8
HD 20807_1,1.8544805485929128,0.05681837663595773,HD 20807,0.954,1.07,8,8
HD 20807_1,1.8584219160078306,0.054755651993092874,HD 20807,0.954,1.07,8,8
HD 20807_1,1.8601071188552707,0.04956925365403766,HD 20807,0.954,1.07,8,8
HD 20807_1,1.8628501046828843,0.04551162646459714,HD 20807,0.954,1.07,8,8
HD 20807_1,1.8539979346638387,0.054460678080423826,HD 20807,0.954,1.07,8,8
HD 20807_1,1.8555581121618903,0.0570291604881714,HD 20807,0.954,1.07,8,8
HD 20807_1,1.8603780979313613,0.07444821500269419,HD 20807,0.954,1.07,8,8
HD 20807_1,1.8623201829383924,0.05616550199576659,HD 20807,0.954,1.07,8,8
HD 20807_1,1.8555868931421058,0.06359150940133144,HD 20807,0.954,1.07,8,8
HD 20807_1,1.854155282258624,0.06945750021669773,HD 20807,0.954,1.07,8,8
HD 20807_1,1.865968828586921,0.05793617280286919,HD 20807,0.954,1.07,8,8
HD 20807_1,1.861053487169696,0.06143524141024576,HD 20807,0.954,1.07,8,8
HD 20807_1,1.861160337816209,0.05239713353439051,HD 20807,0.954,1.07,8,8
HD 20807_1,1.8582493260136344,0.07190742974288097,HD 20807,0.954,1.07,8,8
HD 20807_1,1.8487311992351285,0.057271534931411634,HD 20807,0.954,1.07,8,8
HD 20807_1,1.8566202227115027,0.06012520216897821,HD 20807,0.954,1.07,8,8
HD 20807_1,1.8550316088171934,0.053508522261117034,HD 20807,0.954,1.07,8,8
HD 20807_1,1.8588633457799386,0.045174183345393484,HD 20807,0.954,1.07,8,8
HD 20807_1,1.8495572287476363,0.064892643843348,HD 20807,0.954,1.07,8,8
HD 20807_1,1.8553691676087543,0.041791969614545836,HD 20807,0.954,1.07,8,8
HD 20807_1,1.853359583456018,0.0460339291594082,HD 20807,0.954,1.07,8,8
HD 20807_1,1.8558571829667214,0.047508102325127366,HD 20807,0.954,1.07,8,8
HD 20807_1,1.857845360854967,0.06790851349843224,HD 20807,0.954,1.07,8,8
HD 20807_1,1.8586634504043944,0.07750281607665242,HD 20807,0.954,1.07,8,8
HD 20807_1,1.86300546574964,0.05594542793672724,HD 20807,0.954,1.07,8,8
HD 20807_1,1.8537677642271286,0.05337596260459602,HD 20807,0.954,1.07,8,8
HD 20807_1,1.8603875711071636,0.06591749747824331,HD 20807,0.954,1.07,8,8
HD 20807_1,1.8502992031253804,0.057680131171461174,HD 20807,0.954,1.07,8,8
HD 20807_1,1.8576583548859107,0.05746339889396953,HD 20807,0.954,1.07,8,8
HD 20807_1,1.8571692606812886,0.05462163977348705,HD 20807,0.954,1.07,8,8
HD 20807_1,1.8553842252950579,0.050845310743585115,HD 20807,0.954,1.07,8,8
HD 20807_1,1.84903032565206,0.06610370574650458,HD 20807,0.954,1.07,8,8
HD 20807_1,1.8537977651216029,0.06013286794323176,HD 20807,0.954,1.07,8,8
HD 20807_1,1.8554059285496818,0.06628244103601474,HD 20807,0.954,1.07,8,8
HD 20807_1,1.856995780478284,0.04033032573722637,HD 20807,0.954,1.07,8,8
HD 20807_1,1.8585804476206707,0.08632447006043731,HD 20807,0.954,1.07,8,8
HD 20807_1,1.8579254706057982,0.06321321927865851,HD 20807,0.954,1.07,8,8
HD 20807_1,1.8573462849725235,0.05755837199475684,HD 20807,0.954,1.07,8,8
HD 20807_1,1.8519519253103545,0.05717559993912898,HD 20807,0.954,1.07,8,8
HD 20807_1,1.8656996320392918,0.05475977040496626,HD 20807,0.954,1.07,8,8
HD 20807_1,1.8604933967453612,0.047363712748347775,HD 20807,0.954,1.07,8,8
HD 20807_1,1.863261811030973,0.03433980282661406,HD 20807,0.954,1.07,8,8
HD 20807_1,1.8538512596885284,0.03467461755665438,HD 20807,0.954,1.07,8,8
HD 20807_1,1.8611404519726331,0.06472010786096034,HD 20807,0.954,1.07,8,8
HD 20807_1,1.8608662001807226,0.06076409743399838,HD 20807,0.954,1.07,8,8
HD 20807_1,1.8528153521931319,0.07074878295249688,HD 20807,0.954,1.07,8,8
HD 20807_1,1.8580217334612197,0.06190096984166821,HD 20807,0.954,1.07,8,8
HD 20807_1,1.8573561315753837,0.057031640252138256,HD 20807,0.954,1.07,8,8
HD 20807_1,1.8610465901226683,0.058801816101504964,HD 20807,0.954,1.07,8,8
HD 20807_1,1.8619949289487046,0.042881404582865136,HD 20807,0.954,1.07,8,8
HD 20807_1,1.8606585382333463,0.05548384719958778,HD 20807,0.954,1.07,8,8
HD 20807_1,1.8608986820037707,0.038199340334955784,HD 20807,0.954,1.07,8,8
HD 20807_1,1.8536056566486612,0.0499246637756961,HD 20807,0.954,1.07,8,8
HD 20807_1,1.8596713173734012,0.058271124462789974,HD 20807,0.954,1.07,8,8
HD 20807_1,1.8628801805827533,0.041710103360028936,HD 20807,0.954,1.07,8,8
HD 20807_1,1.8571710316578405,0.05451787131788985,HD 20807,0.954,1.07,8,8
HD 20807_1,1.8537470694415117,0.05638616040481087,HD 20807,0.954,1.07,8,8
HD 20807_1,1.858574569044922,0.06781639017933816,HD 20807,0.954,1.07,8,8
HD 20807_1,1.8584230377946611,0.05283086972789516,HD 20807,0.954,1.07,8,8
HD 20807_1,1.8588664318473322,0.05246212740186097,HD 20807,0.954,1.07,8,8
HD 20807_1,1.8592171097980703,0.034501980324073714,HD 20807,0.954,1.07,8,8
HD 20807_1,1.8542534695518047,0.06506580443986115,HD 20807,0.954,1.07,8,8
HD 20807_1,1.8577798401058259,0.041121149742819746,HD 20807,0.954,1.07,8,8
HD 20807_1,1.8527466598627689,0.046071419609376975,HD 20807,0.954,1.07,8,8
HD 20807_1,1.8615942375311654,0.05279726383665665,HD 20807,0.954,1.07,8,8
HD 20807_1,1.8538092171247897,0.04821670626145817,HD 20807,0.954,1.07,8,8
HD 20807_1,1.8550602773804077,0.04708368049434633,HD 20807,0.954,1.07,8,8
HD 20807_1,1.8553982790756534,0.04951876372073966,HD 20807,0.954,1.07,8,8
HD 20807_1,1.8605997018248075,0.06542353234522963,HD 20807,0.954,1.07,8,8
HD 20807_1,1.8587162312730616,0.057896852445226646,HD 20807,0.954,1.07,8,8
HD 20807_1,1.857395670261181,0.060344352371283536,HD 20807,0.954,1.07,8,8
HD 20807_1,1.8480670055627062,0.044950303995844036,HD 20807,0.954,1.07,8,8
HD 20807_1,1.857106014942889,0.07757884779350485,HD 20807,0.954,1.07,8,8
HD 20807_1,1.8610961340524892,0.03822137744606367,HD 20807,0.954,1.07,8,8
HD 20807_1,1.85354352061485,0.055119091665130335,HD 20807,0.954,1.07,8,8
HD 20807_1,1.8595671376482354,0.05167078107362252,HD 20807,0.954,1.07,8,8
HD 20807_1,1.8519256081853614,0.044241867592835674,HD 20807,0.954,1.07,8,8
HD 20807_1,1.8575119406884115,0.038828712977700346,HD 20807,0.954,1.07,8,8
HD 20807_1,1.8584677451291673,0.05227637085141659,HD 20807,0.954,1.07,8,8
HD 20807_1,1.852711315111984,0.03581096887514568,HD 20807,0.954,1.07,8,8
HD 20807_1,1.8622715380357286,0.056178374357713126,HD 20807,0.954,1.07,8,8
HD 20807_1,1.855684619160501,0.05585730600621149,HD 20807,0.954,1.07,8,8
HD 20807_1,1.8579856062686297,0.052863603736339845,HD 20807,0.954,1.07,8,8
HD 20807_1,1.8597235336426343,0.06654854936887684,HD 20807,0.954,1.07,8,8
HD 20807_1,1.856083509415452,0.08079014662305273,HD 20807,0.954,1.07,8,8
HD 20807_1,1.8602541951304266,0.0795540561637689,HD 20807,0.954,1.07,8,8
HD 20807_1,1.8551970249536405,0.053470315891696076,HD 20807,0.954,1.07,8,8
HD 20807_1,1.8548700192724257,0.05245508675161971,HD 20807,0.954,1.07,8,8
HD 20807_1,1.856199631927388,0.05897841606491878,HD 20807,0.954,1.07,8,8
HD 20807_1,1.8638062928501302,0.05413012044963125,HD 20807,0.954,1.07,8,8
HD 20807_1,1.866302766388555,0.06916566352685005,HD 20807,0.954,1.07,8,8
HD 20807_1,1.8536262965014596,0.05584772174983126,HD 20807,0.954,1.07,8,8
HD 20807_1,1.8632544726991858,0.04855246287693408,HD 20807,0.954,1.07,8,8
HD 20807_1,1.8562724389589162,0.04798599366152607,HD 20807,0.954,1.07,8,8
HD 20807_1,1.8582092772666878,0.0376877415308056,HD 20807,0.954,1.07,8,8
HD 20807_1,1.8589864969675682,0.06618074251230202,HD 20807,0.954,1.07,8,8
HD 20807_1,1.8609192029072785,0.054083229233489065,HD 20807,0.954,1.07,8,8
HD 20807_1,1.8508432133606985,0.05359368372766107,HD 20807,0.954,1.07,8,8
HD 20807_1,1.8567760739488426,0.06510583416076593,HD 20807,0.954,1.07,8,8
HD 20807_1,1.8498394125978108,0.05772668844173178,HD 20807,0.954,1.07,8,8
HD 20807_1,1.8547135247607787,0.04531611683932657,HD 20807,0.954,1.07,8,8
HD 20807_1,1.8531003098851786,0.05274280537747071,HD 20807,0.954,1.07,8,8
HD 20807_1,1.8604461961755365,0.047209201941410296,HD 20807,0.954,1.07,8,8
HD 20807_1,1.8560862702775216,0.05509504443952533,HD 20807,0.954,1.07,8,8
HD 20807_1,1.8572926902312228,0.06273062165137316,HD 20807,0.954,1.07,8,8
HD 20807_1,1.854147811990632,0.07149746991803545,HD 20807,0.954,1.07,8,8
HD 20807_1,1.8529086233808376,0.030639121693138427,HD 20807,0.954,1.07,8,8
HD 20807_1,1.8516682647184082,0.052683833790112794,HD 20807,0.954,1.07,8,8
HD 20807_1,1.8593891740193365,0.06503963955463811,HD 20807,0.954,1.07,8,8
HD 20807_1,1.860631565912935,0.0486308067430929,HD 20807,0.954,1.07,8,8
HD 20807_1,1.8589271014793145,0.05596586749546972,HD 20807,0.954,1.07,8,8
HD 20807_1,1.8647231561903486,0.04858155838419364,HD 20807,0.954,1.07,8,8
HD 20807_1,1.8597597599143152,0.05678353066806413,HD 20807,0.954,1.07,8,8
HD 20807_1,1.8565870126871455,0.06905540353922254,HD 20807,0.954,1.07,8,8
HD 20807_1,1.8598944686443792,0.0636482215736615,HD 20807,0.954,1.07,8,8
HD 20807_1,1.8566777594133015,0.056438651274508755,HD 20807,0.954,1.07,8,8
HD 20807_1,1.8600673803791983,0.06630501757303073,HD 20807,0.954,1.07,8,8
HD 20807_1,1.85177471751886,0.06034328225157532,HD 20807,0.954,1.07,8,8
HD 20807_1,1.8612014042521994,0.08864306654468898,HD 20807,0.954,1.07,8,8
HD 20807_1,1.8531285584216455,0.06388492449659457,HD 20807,0.954,1.07,8,8
HD 20807_1,1.8614152848459442,0.0661235754401172,HD 20807,0.954,1.07,8,8
HD 20807_1,1.8561912914188166,0.05924299757419938,HD 20807,0.954,1.07,8,8
HD 20807_1,1.8582365411706703,0.05558583397458698,HD 20807,0.954,1.07,8,8
HD 20807_1,1.8485887748884435,0.05262470027296174,HD 20807,0.954,1.07,8,8
HD 20807_1,1.858704216464165,0.047016050604043035,HD 20807,0.954,1.07,8,8
HD 20807_1,1.8534879280067134,0.05446302742326217,HD 20807,0.954,1.07,8,8
HD 20807_1,1.8645495727381975,0.05838462641800163,HD 20807,0.954,1.07,8,8
HD 20807_1,1.8533477801719762,0.0692401061356668,HD 20807,0.954,1.07,8,8
HD 20807_1,1.859594485746038,0.04704232683926793,HD 20807,0.954,1.07,8,8
HD 20807_1,1.8569330997364724,0.055648476624607916,HD 20807,0.954,1.07,8,8
HD 20807_1,1.8565183086768584,0.06836578868427472,HD 20807,0.954,1.07,8,8
HD 20807_1,1.8601793147018841,0.06078121206799392,HD 20807,0.954,1.07,8,8
HD 20807_1,1.8548372870466778,0.06686508899002938,HD 20807,0.954,1.07,8,8
HD 20807_1,1.862783864126403,0.053692132759126175,HD 20807,0.954,1.07,8,8
HD 20807_1,1.8597754225295613,0.060720730474152676,HD 20807,0.954,1.07,8,8
HD 20807_1,1.863466505290899,0.06677145044331108,HD 20807,0.954,1.07,8,8
HD 20807_1,1.8578882369384033,0.06065930135444109,HD 20807,0.954,1.07,8,8
HD 20807_1,1.8596362315419002,0.05814698622178442,HD 20807,0.954,1.07,8,8
HD 20807_1,1.8599974123649956,0.06344244212026995,HD 20807,0.954,1.07,8,8
HD 20807_1,1.8605953865264515,0.07980964945035758,HD 20807,0.954,1.07,8,8
HD 20807_1,1.8505917499671605,0.03583195141312064,HD 20807,0.954,1.07,8,8
HD 20807_1,1.8597869472399897,0.05893926969540196,HD 20807,0.954,1.07,8,8
HD 20807_1,1.8541952024979291,0.05692535097488195,HD 20807,0.954,1.07,8,8
HD 20807_1,1.849122881831615,0.05457864166689548,HD 20807,0.954,1.07,8,8
HD 20807_1,1.8605938373248943,0.05865305492169306,HD 20807,0.954,1.07,8,8
HD 20807_1,1.858039162516878,0.0625783385012467,HD 20807,0.954,1.07,8,8
HD 20807_1,1.8620003184294824,0.08614945528428403,HD 20807,0.954,1.07,8,8
HD 20807_1,1.8565896678829972,0.0730066045180387,HD 20807,0.954,1.07,8,8
HD 20807_1,1.8553115297489984,0.044604049285636715,HD 20807,0.954,1.07,8,8
HD 20807_1,1.8570144789393617,0.06304622641746727,HD 20807,0.954,1.07,8,8
HD 20807_1,1.8618538366674322,0.07103867143313,HD 20807,0.954,1.07,8,8
HD 20807_1,1.857628345872253,0.05690189775004492,HD 20807,0.954,1.07,8,8
HD 20807_1,1.8527841641610152,0.049503858897886735,HD 20807,0.954,1.07,8,8
HD 20807_1,1.8541877531353672,0.055889536316391285,HD 20807,0.954,1.07,8,8
HD 20807_1,1.8595001434066456,0.05403321374972193,HD 20807,0.954,1.07,8,8
HD 20807_1,1.856777785073729,0.0578022646316926,HD 20807,0.954,1.07,8,8
HD 20807_1,1.8578185377259044,0.07652804073566172,HD 20807,0.954,1.07,8,8
HD 20807_1,1.8590316680070138,0.05883267290397241,HD 20807,0.954,1.07,8,8
HD 20807_1,1.8573814342148287,0.07024719786739039,HD 20807,0.954,1.07,8,8
HD 20807_1,1.8590323198853553,0.058408793220799914,HD 20807,0.954,1.07,8,8
HD 20807_1,1.86227861574565,0.06836822198698206,HD 20807,0.954,1.07,8,8
HD 20807_1,1.8547748948583753,0.062278534906431704,HD 20807,0.954,1.07,8,8
HD 20807_1,1.8540047526857,0.03312776978342851,HD 20807,0.954,1.07,8,8
HD 20807_1,1.8547443691367314,0.05444801430582291,HD 20807,0.954,1.07,8,8
HD 20807_1,1.8626036784225048,0.061132568414382346,HD 20807,0.954,1.07,8,8
HD 20807_1,1.8563657131937972,0.06525237006815446,HD 20807,0.954,1.07,8,8
HD 20807_1,1.8644159956968593,0.04927082045407021,HD 20807,0.954,1.07,8,8
HD 20807_1,1.8579266022243075,0.05485118658076749,HD 20807,0.954,1.07,8,8
HD 20807_1,1.8612686920093071,0.04674166650738385,HD 20807,0.954,1.07,8,8
HD 20807_1,1.856830770938799,0.06849686613747172,HD 20807,0.954,1.07,8,8
HD 20807_1,1.8624665892736347,0.05055238624388584,HD 20807,0.954,1.07,8,8
HD 20807_1,1.861189449297453,0.05125981068019035,HD 20807,0.954,1.07,8,8
HD 20807_1,1.856427954699312,0.0607859661823885,HD 20807,0.954,1.07,8,8
HD 20807_1,1.8634370703103065,0.05665841988472928,HD 20807,0.954,1.07,8,8
HD 20807_1,1.8568154326084427,0.04712371486648881,HD 20807,0.954,1.07,8,8
HD 20807_1,1.8593745394559236,0.07694310277247969,HD 20807,0.954,1.07,8,8
HD 20807_1,1.8595695482955352,0.07573986451243925,HD 20807,0.954,1.07,8,8
HD 20807_1,1.858600397218699,0.057654713676586804,HD 20807,0.954,1.07,8,8
HD 20807_1,1.8553031989906443,0.06374125039038447,HD 20807,0.954,1.07,8,8
HD 20807_1,1.859992981864373,0.06444403365501807,HD 20807,0.954,1.07,8,8
HD 20807_1,1.8558124153442905,0.0480656207159966,HD 20807,0.954,1.07,8,8
HD 20807_1,1.8620575174113763,0.05215307823599272,HD 20807,0.954,1.07,8,8
HD 20807_1,1.8628652482907726,0.05161272178929341,HD 20807,0.954,1.07,8,8
HD 20807_1,1.8600285893236654,0.07238572385103495,HD 20807,0.954,1.07,8,8
HD 20807_1,1.8586609122600963,0.057924633575948604,HD 20807,0.954,1.07,8,8
HD 20807_1,1.8532859985690315,0.057069574934632376,HD 20807,0.954,1.07,8,8
HD 20807_1,1.8564564005456363,0.04396380009507864,HD 20807,0.954,1.07,8,8
HD 20807_1,1.859144970020886,0.0708062112809218,HD 20807,0.954,1.07,8,8
HD 20807_1,1.8544961697046878,0.054605450915703235,HD 20807,0.954,1.07,8,8
HD 20807_1,1.859978645157996,0.05077473950270946,HD 20807,0.954,1.07,8,8
HD 20807_1,1.8585197290967512,0.05628889746174497,HD 20807,0.954,1.07,8,8
HD 20807_1,1.8549309104851344,0.05082792527045962,HD 20807,0.954,1.07,8,8
HD 20807_1,1.8547826525996474,0.06484096934403802,HD 20807,0.954,1.07,8,8
HD 20807_1,1.8567532714415715,0.06707276232016039,HD 20807,0.954,1.07,8,8
HD 20807_1,1.8653656314447027,0.045956848484183646,HD 20807,0.954,1.07,8,8
HD 20807_1,1.8614998133663432,0.05529762693390676,HD 20807,0.954,1.07,8,8
HD 20807_1,1.8570204304286606,0.06135216189862661,HD 20807,0.954,1.07,8,8
HD 20807_1,1.8630549675195167,0.06529458129804921,HD 20807,0.954,1.07,8,8
HD 20807_1,1.858562500088319,0.04871817394590057,HD 20807,0.954,1.07,8,8
HD 20807_1,1.85515753998043,0.04010688789443398,HD 20807,0.954,1.07,8,8
HD 20807_1,1.8610465706610666,0.0432839850148313,HD 20807,0.954,1.07,8,8
HD 20807_1,1.857168464513869,0.0426891539077538,HD 20807,0.954,1.07,8,8
HD 20807_1,1.8618071333042083,0.08429429482278467,HD 20807,0.954,1.07,8,8
HD 20807_1,1.8558347459203195,0.053992099003708036,HD 20807,0.954,1.07,8,8
HD 20807_1,1.859174709489793,0.04983178701011813,HD 20807,0.954,1.07,8,8
HD 20807_1,1.8551542638671359,0.06369871973295499,HD 20807,0.954,1.07,8,8
HD 20807_1,1.8585934782021085,0.0629507502034385,HD 20807,0.954,1.07,8,8
HD 20807_1,1.8645408661887128,0.05152081651059763,HD 20807,0.954,1.07,8,8
HD 20807_1,1.8605765735255242,0.04876995204681382,HD 20807,0.954,1.07,8,8
HD 20807_1,1.854300429983551,0.052722026291874065,HD 20807,0.954,1.07,8,8
HD 20807_1,1.8543422618481742,0.061422678466991884,HD 20807,0.954,1.07,8,8
HD 20807_1,1.8549563000958567,0.03577409200992458,HD 20807,0.954,1.07,8,8
HD 20807_1,1.8593569392970835,0.04605058695926709,HD 20807,0.954,1.07,8,8
HD 20807_1,1.8574464446393533,0.049557252476672746,HD 20807,0.954,1.07,8,8
HD 20807_1,1.8541791152699174,0.03383189674146776,HD 20807,0.954,1.07,8,8
HD 20807_1,1.8529177612994696,0.03585659611609979,HD 20807,0.954,1.07,8,8
HD 20807_1,1.8587206148409159,0.05494116922017157,HD 20807,0.954,1.07,8,8
HD 20807_1,1.8547117543195706,0.03250323758109762,HD 20807,0.954,1.07,8,8
HD 20807_1,1.853519120725478,0.06531158215430072,HD 20807,0.954,1.07,8,8
HD 20807_1,1.8553916193024345,0.051267758745445396,HD 20807,0.954,1.07,8,8
HD 20807_1,1.8576492893268008,0.05216782197759486,HD 20807,0.954,1.07,8,8
HD 20807_1,1.8552850258407867,0.038821011343521075,HD 20807,0.954,1.07,8,8
HD 20807_1,1.861597044908856,0.030710575030397636,HD 20807,0.954,1.07,8,8
HD 20807_1,1.8564125822113355,0.04863408394041554,HD 20807,0.954,1.07,8,8
HD 20807_1,1.854481876416018,0.06713715304253684,HD 20807,0.954,1.07,8,8
HD 20807_1,1.8632070974004886,0.04207037612980528,HD 20807,0.954,1.07,8,8
HD 20807_1,1.8563538753646527,0.07854668312447202,HD 20807,0.954,1.07,8,8
HD 20807_1,1.852231647050707,0.04399200396487785,HD 20807,0.954,1.07,8,8
HD 20807_1,1.8510729094876701,0.05187635568648895,HD 20807,0.954,1.07,8,8
HD 20807_1,1.8570626880597498,0.06781429710261674,HD 20807,0.954,1.07,8,8
HD 20807_1,1.853737570064475,0.057781660836759334,HD 20807,0.954,1.07,8,8
HD 20807_1,1.8520169414312486,0.027210169612626615,HD 20807,0.954,1.07,8,8
HD 20807_1,1.8633435377891718,0.05722030928803058,HD 20807,0.954,1.07,8,8
HD 20807_1,1.8616856797088759,0.04704551530003673,HD 20807,0.954,1.07,8,8
HD 20807_1,1.8672849316528157,0.03424335474323256,HD 20807,0.954,1.07,8,8
HD 20807_1,1.8557526378904092,0.04523765615540697,HD 20807,0.954,1.07,8,8
HD 20807_1,1.8657356949646362,0.05339212942559414,HD 20807,0.954,1.07,8,8
HD 20807_1,1.8560459695366507,0.055786981892615356,HD 20807,0.954,1.07,8,8
HD 20807_1,1.862448033450999,0.060941944717256835,HD 20807,0.954,1.07,8,8
HD 20807_1,1.858647516877203,0.04628996058167585,HD 20807,0.954,1.07,8,8
HD 20807_1,1.8598044317947016,0.05153413399351001,HD 20807,0.954,1.07,8,8
HD 20807_1,1.8641375993200167,0.05590390897392061,HD 20807,0.954,1.07,8,8
HD 20807_1,1.8618599434155563,0.053677707232625375,HD 20807,0.954,1.07,8,8
HD 20807_1,1.8555665287025633,0.06688908417195824,HD 20807,0.954,1.07,8,8
HD 20807_1,1.862270825492039,0.06046975638665261,HD 20807,0.954,1.07,8,8
HD 20807_1,1.8556846966104095,0.04275759276841746,HD 20807,0.954,1.07,8,8
HD 20807_1,1.8578969096990703,0.05417992754613164,HD 20807,0.954,1.07,8,8
HD 20807_1,1.857529192953124,0.0577228284588527,HD 20807,0.954,1.07,8,8
HD 20807_1,1.854399243208697,0.07128241239896338,HD 20807,0.954,1.07,8,8
HD 20807_1,1.859145482582916,0.03800940255964108,HD 20807,0.954,1.07,8,8
HD 20807_1,1.854075732625571,0.058702508723499504,HD 20807,0.954,1.07,8,8
HD 20807_1,1.8610731864428165,0.05340122088697889,HD 20807,0.954,1.07,8,8
HD 20807_1,1.856966126216964,0.06493673652933707,HD 20807,0.954,1.07,8,8
HD 20807_1,1.857451136572711,0.05704991481687338,HD 20807,0.954,1.07,8,8
HD 20807_1,1.8625292520973675,0.05451834589068702,HD 20807,0.954,1.07,8,8
HD 20807_1,1.8606267259343434,0.0684052646249878,HD 20807,0.954,1.07,8,8
HD 20807_1,1.8553891616499258,0.05078524560055377,HD 20807,0.954,1.07,8,8
HD 20807_1,1.8564646849737811,0.047454925336758214,HD 20807,0.954,1.07,8,8
HD 20807_1,1.858436153058351,0.04693981235228757,HD 20807,0.954,1.07,8,8
HD 20807_1,1.8562038467286284,0.05774000495598855,HD 20807,0.954,1.07,8,8
HD 20807_1,1.8559066433683007,0.0745658669378098,HD 20807,0.954,1.07,8,8
HD 20807_1,1.8549304126443455,0.06055437535397224,HD 20807,0.954,1.07,8,8
HD 20807_1,1.8546414640128872,0.06998647065517709,HD 20807,0.954,1.07,8,8
HD 20807_1,1.857801432366633,0.03567135881036151,HD 20807,0.954,1.07,8,8
HD 20807_1,1.8544921180036569,0.06928211041953328,HD 20807,0.954,1.07,8,8
HD 20807_1,1.8581393056846573,0.051234725618219124,HD 20807,0.954,1.07,8,8
HD 20807_1,1.8621286035185887,0.06096239047151649,HD 20807,0.954,1.07,8,8
HD 20807_1,1.8617579382881162,0.04554287463911258,HD 20807,0.954,1.07,8,8
HD 20807_1,1.8605156283099888,0.04855141794415227,HD 20807,0.954,1.07,8,8
HD 20807_1,1.8596314606989337,0.061151291131739956,HD 20807,0.954,1.07,8,8
HD 20807_1,1.8583559517180193,0.04787176244994086,HD 20807,0.954,1.07,8,8
HD 20807_1,1.852969462920684,0.04903374004496856,HD 20807,0.954,1.07,8,8
HD 20807_1,1.8606572185540355,0.08263714433035413,HD 20807,0.954,1.07,8,8
HD 20807_1,1.8578442389313223,0.05850075480592935,HD 20807,0.954,1.07,8,8
HD 20807_1,1.8572664319665164,0.06615543090922776,HD 20807,0.954,1.07,8,8
HD 20807_1,1.85419904675093,0.07166965412876088,HD 20807,0.954,1.07,8,8
HD 20807_1,1.8544071644501126,0.04255421464391941,HD 20807,0.954,1.07,8,8
HD 20807_1,1.8582147961900222,0.040069429716581895,HD 20807,0.954,1.07,8,8
HD 20807_1,1.8595055569355223,0.0749732979471863,HD 20807,0.954,1.07,8,8
HD 20807_1,1.8577330937056167,0.0583790401496421,HD 20807,0.954,1.07,8,8
HD 20807_1,1.8634937723728993,0.0721729058699617,HD 20807,0.954,1.07,8,8
HD 20807_1,1.856801877248827,0.05346992785304414,HD 20807,0.954,1.07,8,8
HD 20807_1,1.8560168193714777,0.05966844720473291,HD 20807,0.954,1.07,8,8
HD 20807_1,1.8555111271022686,0.056814178098874714,HD 20807,0.954,1.07,8,8
HD 20807_1,1.855997884562773,0.0639488576928776,HD 20807,0.954,1.07,8,8
HD 20807_1,1.8588072463309377,0.04151025342066206,HD 20807,0.954,1.07,8,8
HD 20807_1,1.8603448673842415,0.0597458252937798,HD 20807,0.954,1.07,8,8
HD 20807_1,1.8622296922199713,0.052669687067189,HD 20807,0.954,1.07,8,8
HD 20807_1,1.8602302406299431,0.07330383747613785,HD 20807,0.954,1.07,8,8
HD 20807_1,1.8600948393948447,0.06568859076484153,HD 20807,0.954,1.07,8,8
HD 20807_1,1.8561426944995736,0.051007864267236434,HD 20807,0.954,1.07,8,8
HD 20807_1,1.8543360562262403,0.043565523560988986,HD 20807,0.954,1.07,8,8
HD 20807_1,1.8602637992923496,0.06818200533645964,HD 20807,0.954,1.07,8,8
HD 20807_1,1.8533338412146554,0.06046886971555171,HD 20807,0.954,1.07,8,8
HD 20807_1,1.8614042960980492,0.06674904074363895,HD 20807,0.954,1.07,8,8
HD 20807_1,1.8576499281082746,0.03997411407295705,HD 20807,0.954,1.07,8,8
HD 20807_1,1.8579775242127181,0.043644124278515654,HD 20807,0.954,1.07,8,8
HD 20807_1,1.85892574713514,0.06221013043804906,HD 20807,0.954,1.07,8,8
HD 20807_1,1.8630785538715349,0.04408226105481366,HD 20807,0.954,1.07,8,8
HD 20807_1,1.8625349251204322,0.06433461348931406,HD 20807,0.954,1.07,8,8
HD 20807_1,1.8602806252929758,0.03547576736470277,HD 20807,0.954,1.07,8,8
HD 20807_1,1.8546432937931707,0.055610287989809264,HD 20807,0.954,1.07,8,8
HD 20807_1,1.8606846561368608,0.07293397007572697,HD 20807,0.954,1.07,8,8
HD 20807_1,1.8610126624873344,0.05224619609185471,HD 20807,0.954,1.07,8,8
HD 20807_1,1.8593619012783125,0.03826957097823504,HD 20807,0.954,1.07,8,8
HD 20807_1,1.852317981264956,0.05506086432479694,HD 20807,0.954,1.07,8,8
HD 20807_1,1.862221620259776,0.04816198747652607,HD 20807,0.954,1.07,8,8
HD 20807_1,1.861511745745269,0.05309107871328526,HD 20807,0.954,1.07,8,8
HD 20807_1,1.8593649914553614,0.05357413909126993,HD 20807,0.954,1.07,8,8
HD 20807_1,1.8621781779980404,0.04794498145543012,HD 20807,0.954,1.07,8,8
HD 20807_1,1.857575885549683,0.05250305808062248,HD 20807,0.954,1.07,8,8
HD 20807_1,1.8620892397712756,0.041838139366696336,HD 20807,0.954,1.07,8,8
HD 20807_1,1.8529252488752639,0.05088711167147604,HD 20807,0.954,1.07,8,8
HD 20807_1,1.8650813595181008,0.0652370848396053,HD 20807,0.954,1.07,8,8
HD 20807_1,1.8563116507665312,0.06808019385963007,HD 20807,0.954,1.07,8,8
HD 20807_1,1.861624521728158,0.06100151251106929,HD 20807,0.954,1.07,8,8
HD 20807_1,1.858579380149564,0.0527981372122155,HD 20807,0.954,1.07,8,8
HD 20807_1,1.856459575945856,0.06685573814840087,HD 20807,0.954,1.07,8,8
HD 20807_1,1.8630285482291646,0.07096634592116481,HD 20807,0.954,1.07,8,8
HD 20807_1,1.8625708975750275,0.06921966103567923,HD 20807,0.954,1.07,8,8
HD 20807_1,1.8572990949092474,0.05632115236878816,HD 20807,0.954,1.07,8,8
HD 20807_1,1.8599731789418505,0.05929663791465174,HD 20807,0.954,1.07,8,8
HD 20807_1,1.8599665675384132,0.057775326204098774,HD 20807,0.954,1.07,8,8
HD 20807_1,1.8618721747968627,0.0570591079970606,HD 20807,0.954,1.07,8,8
HD 20807_1,1.8577197842789352,0.054937298046937776,HD 20807,0.954,1.07,8,8
HD 20807_1,1.8568952033443236,0.05457007660415978,HD 20807,0.954,1.07,8,8
HD 20807_1,1.8541848309679179,0.0645767922064976,HD 20807,0.954,1.07,8,8
HD 20807_1,1.8537181405725653,0.056429884051910746,HD 20807,0.954,1.07,8,8
HD 20807_1,1.856459728660428,0.08024552462892134,HD 20807,0.954,1.07,8,8
HD 20807_1,1.8507589797750967,0.04457276324883526,HD 20807,0.954,1.07,8,8
HD 20807_1,1.8620048674770528,0.05709131478718478,HD 20807,0.954,1.07,8,8
HD 20807_1,1.8627756211926874,0.04119959810840741,HD 20807,0.954,1.07,8,8
HD 20807_1,1.857179162361881,0.05858596352262979,HD 20807,0.954,1.07,8,8
HD 20807_1,1.8604526565733648,0.05722612568258613,HD 20807,0.954,1.07,8,8
HD 20807_1,1.854075998444916,0.07596557778613215,HD 20807,0.954,1.07,8,8
HD 20807_1,1.8484875290707616,0.04075811337422107,HD 20807,0.954,1.07,8,8
HD 20807_1,1.8519894295615584,0.05209154762492123,HD 20807,0.954,1.07,8,8
HD 20807_1,1.8552249386508537,0.05704754154813281,HD 20807,0.954,1.07,8,8
HD 20807_1,1.8554821453587982,0.03824266333398478,HD 20807,0.954,1.07,8,8
HD 20807_1,1.848866648123131,0.06635386877272995,HD 20807,0.954,1.07,8,8
HD 20807_1,1.865500392252043,0.05912282774698638,HD 20807,0.954,1.07,8,8
HD 20807_1,1.8570875510026048,0.08383175893612697,HD 20807,0.954,1.07,8,8
HD 20807_1,1.859568667566453,0.06370164268141336,HD 20807,0.954,1.07,8,8
HD 20807_1,1.8564905825819882,0.06443139580491145,HD 20807,0.954,1.07,8,8
HD 20807_1,1.8531680228264438,0.039378673203337475,HD 20807,0.954,1.07,8,8
HD 20807_1,1.8560568694086677,0.04847035483309014,HD 20807,0.954,1.07,8,8
HD 20807_1,1.8568927907241655,0.07741430833118007,HD 20807,0.954,1.07,8,8
HD 20807_1,1.8524750022896315,0.04561273664916782,HD 20807,0.954,1.07,8,8
HD 20807_1,1.8616345255153217,0.060693794705061685,HD 20807,0.954,1.07,8,8
HD 20807_1,1.864174408583714,0.05715514458936277,HD 20807,0.954,1.07,8,8
HD 20807_1,1.8596548429070814,0.048683440727911836,HD 20807,0.954,1.07,8,8
HD 20807_1,1.861175315600468,0.04715518805647502,HD 20807,0.954,1.07,8,8
HD 20807_1,1.8639427000920095,0.04006965869052559,HD 20807,0.954,1.07,8,8
HD 20807_1,1.8570939951430883,0.07302084350238788,HD 20807,0.954,1.07,8,8
HD 20807_1,1.861095190641512,0.06293877007398344,HD 20807,0.954,1.07,8,8
HD 20807_1,1.8601521766012667,0.056546492665810924,HD 20807,0.954,1.07,8,8
HD 20807_1,1.8578276358358865,0.062342562238649944,HD 20807,0.954,1.07,8,8
HD 20807_1,1.8604438838807011,0.051723300238894,HD 20807,0.954,1.07,8,8
HD 20807_1,1.8639263272940199,0.04766817110296639,HD 20807,0.954,1.07,8,8
HD 20807_1,1.8578345012997302,0.03622663098494506,HD 20807,0.954,1.07,8,8
HD 20807_1,1.8576344371664897,0.05247645147358992,HD 20807,0.954,1.07,8,8
HD 20807_1,1.861649011624154,0.04685634976906608,HD 20807,0.954,1.07,8,8
HD 20807_1,1.8535344928243738,0.03540216710356585,HD 20807,0.954,1.07,8,8
HD 20807_1,1.8573368490750044,0.060299692117262715,HD 20807,0.954,1.07,8,8
HD 20807_1,1.8650964797632499,0.060384096183736385,HD 20807,0.954,1.07,8,8
HD 20807_1,1.8571517565899553,0.05914903138033928,HD 20807,0.954,1.07,8,8
HD 20807_1,1.8593341645110049,0.05242445022976873,HD 20807,0.954,1.07,8,8
HD 20807_1,1.8557976723933902,0.0612651335464123,HD 20807,0.954,1.07,8,8
HD 20807_1,1.8578970863217599,0.05559808093594844,HD 20807,0.954,1.07,8,8
HD 20807_1,1.8513217208081378,0.06528507096480962,HD 20807,0.954,1.07,8,8
HD 20807_1,1.8591212536401416,0.05824385993549018,HD 20807,0.954,1.07,8,8
HD 20807_1,1.8562052775718876,0.0656657820917849,HD 20807,0.954,1.07,8,8
HD 20807_1,1.8546994378271744,0.05871138270865122,HD 20807,0.954,1.07,8,8
HD 20807_1,1.8592957728627686,0.06164100126003337,HD 20807,0.954,1.07,8,8
HD 20807_1,1.8586355804255592,0.07132975324036343,HD 20807,0.954,1.07,8,8
HD 20807_1,1.8590026030088636,0.07384712755664805,HD 20807,0.954,1.07,8,8
HD 20807_1,1.8605789204962615,0.05787304773625168,HD 20807,0.954,1.07,8,8
HD 20807_1,1.859793762971017,0.06728844031095572,HD 20807,0.954,1.07,8,8
HD 20807_1,1.86231887081915,0.050433682559321756,HD 20807,0.954,1.07,8,8
HD 20807_1,1.8542483774160161,0.06775534088110463,HD 20807,0.954,1.07,8,8
HD 20807_1,1.8540400629554468,0.04837892282259141,HD 20807,0.954,1.07,8,8
HD 20807_1,1.8486909250333925,0.03067148348747206,HD 20807,0.954,1.07,8,8
HD 20807_1,1.861604694434455,0.06796541560390003,HD 20807,0.954,1.07,8,8
HD 20807_1,1.866232600840529,0.057579644547367706,HD 20807,0.954,1.07,8,8
HD 20807_1,1.859684497113485,0.06094097434982369,HD 20807,0.954,1.07,8,8
HD 20807_1,1.8556559367589522,0.04975160313671844,HD 20807,0.954,1.07,8,8
HD 20807_1,1.8649756415509702,0.062186068177979045,HD 20807,0.954,1.07,8,8
HD 65907 A_1,1.4635269085965554,0.060435395536803584,HD 65907 A,0.982,1.11,8,6
HD 65907 A_1,1.455886888549012,0.07782547829115188,HD 65907 A,0.982,1.11,8,6
HD 65907 A_1,1.4658619115156424,0.12277725802977668,HD 65907 A,0.982,1.11,8,6
HD 65907 A_1,1.4622392706799268,0.07721236073971748,HD 65907 A,0.982,1.11,8,6
HD 65907 A_1,1.4381478362992601,0.044864464220471245,HD 65907 A,0.982,1.11,8,6
HD 65907 A_1,1.4426861134029678,0.08903495662204663,HD 65907 A,0.982,1.11,8,6
HD 65907 A_1,1.4606102441026112,0.10126138557006978,HD 65907 A,0.982,1.11,8,6
HD 65907 A_1,1.4391657685797734,0.07191234631331912,HD 65907 A,0.982,1.11,8,6
HD 65907 A_1,1.4698041492756326,0.06311486382040146,HD 65907 A,0.982,1.11,8,6
HD 65907 A_1,1.4483293624479032,0.0611116159411226,HD 65907 A,0.982,1.11,8,6
HD 65907 A_1,1.447438712223898,0.07666612788474808,HD 65907 A,0.982,1.11,8,6
HD 65907 A_1,1.4519237442053554,0.07216013218109876,HD 65907 A,0.982,1.11,8,6
HD 65907 A_1,1.4516653138102729,0.07650028179093014,HD 65907 A,0.982,1.11,8,6
HD 65907 A_1,1.4529401020601875,0.09254803845394956,HD 65907 A,0.982,1.11,8,6
HD 65907 A_1,1.4579828844658742,0.08260421442074954,HD 65907 A,0.982,1.11,8,6
HD 65907 A_1,1.4669221607362815,0.06129092241543525,HD 65907 A,0.982,1.11,8,6
HD 65907 A_1,1.4515391602265417,0.08402952268966377,HD 65907 A,0.982,1.11,8,6
HD 65907 A_1,1.4660989236745106,0.09493312360544803,HD 65907 A,0.982,1.11,8,6
HD 65907 A_1,1.455409876596346,0.10886707692483433,HD 65907 A,0.982,1.11,8,6
HD 65907 A_1,1.4554903635752696,0.11223902565850769,HD 65907 A,0.982,1.11,8,6
HD 65907 A_1,1.4410611190330767,0.09660131021943319,HD 65907 A,0.982,1.11,8,6
HD 65907 A_1,1.4411286064156434,0.07899476566991567,HD 65907 A,0.982,1.11,8,6
HD 65907 A_1,1.4520708368818551,0.05468069125131508,HD 65907 A,0.982,1.11,8,6
HD 65907 A_1,1.4473013827557113,0.06769842598023111,HD 65907 A,0.982,1.11,8,6
HD 65907 A_1,1.4445553326421998,0.04949650686857512,HD 65907 A,0.982,1.11,8,6
HD 65907 A_1,1.4646227182475342,0.09798951974352547,HD 65907 A,0.982,1.11,8,6
HD 65907 A_1,1.4506913354113518,0.04921953114800087,HD 65907 A,0.982,1.11,8,6
HD 65907 A_1,1.459150034710525,0.04807864414901578,HD 65907 A,0.982,1.11,8,6
HD 65907 A_1,1.4543896871736666,0.08019211625629277,HD 65907 A,0.982,1.11,8,6
HD 65907 A_1,1.462616175028962,0.11667200414767356,HD 65907 A,0.982,1.11,8,6
HD 65907 A_1,1.4570071498886297,0.1075847416388125,HD 65907 A,0.982,1.11,8,6
HD 65907 A_1,1.4247703705037902,0.04206735203977099,HD 65907 A,0.982,1.11,8,6
HD 65907 A_1,1.4655210229380036,0.07965129616049169,HD 65907 A,0.982,1.11,8,6
HD 65907 A_1,1.4499056286360068,0.07082714122365205,HD 65907 A,0.982,1.11,8,6
HD 65907 A_1,1.458127920257485,0.08491896884495018,HD 65907 A,0.982,1.11,8,6
HD 65907 A_1,1.4415898828816858,0.03143544040731536,HD 65907 A,0.982,1.11,8,6
HD 65907 A_1,1.4677884382470272,0.08738182757734116,HD 65907 A,0.982,1.11,8,6
HD 65907 A_1,1.4420078006376642,0.04717757500561433,HD 65907 A,0.982,1.11,8,6
HD 65907 A_1,1.4435571865453594,0.07393192872565811,HD 65907 A,0.982,1.11,8,6
HD 65907 A_1,1.455918434216983,0.10708004119945325,HD 65907 A,0.982,1.11,8,6
HD 65907 A_1,1.4583302595720906,0.062259836067241704,HD 65907 A,0.982,1.11,8,6
HD 65907 A_1,1.4472520245611007,0.029241870512997616,HD 65907 A,0.982,1.11,8,6
HD 65907 A_1,1.4463357699635118,0.050093595831243704,HD 65907 A,0.982,1.11,8,6
HD 65907 A_1,1.4503979324247456,0.07137615578357792,HD 65907 A,0.982,1.11,8,6
HD 65907 A_1,1.436971591116233,0.08685329940260966,HD 65907 A,0.982,1.11,8,6
HD 65907 A_1,1.4371307951037464,0.031819492324552584,HD 65907 A,0.982,1.11,8,6
HD 65907 A_1,1.4415091702760263,0.05617115537566907,HD 65907 A,0.982,1.11,8,6
HD 65907 A_1,1.4303965672373635,0.020672762519722318,HD 65907 A,0.982,1.11,8,6
HD 65907 A_1,1.4529843738547232,0.0689133459592764,HD 65907 A,0.982,1.11,8,6
HD 65907 A_1,1.446142664496552,0.07701367139756841,HD 65907 A,0.982,1.11,8,6
HD 65907 A_1,1.4527262869615583,0.058562416202639175,HD 65907 A,0.982,1.11,8,6
HD 65907 A_1,1.439162722044089,0.05485578927516812,HD 65907 A,0.982,1.11,8,6
HD 65907 A_1,1.4348826241800603,0.06950082766798434,HD 65907 A,0.982,1.11,8,6
HD 65907 A_1,1.4470859328421715,0.06755702181850798,HD 65907 A,0.982,1.11,8,6
HD 65907 A_1,1.4537909073944402,0.03859819248990313,HD 65907 A,0.982,1.11,8,6
HD 65907 A_1,1.4384628525903507,0.052141369806054966,HD 65907 A,0.982,1.11,8,6
HD 65907 A_1,1.463446426599733,0.10261908447225776,HD 65907 A,0.982,1.11,8,6
HD 65907 A_1,1.458362827924778,0.0719446898749704,HD 65907 A,0.982,1.11,8,6
HD 65907 A_1,1.4699424661159044,0.07806579691092234,HD 65907 A,0.982,1.11,8,6
HD 65907 A_1,1.42620885401951,0.04050841326092869,HD 65907 A,0.982,1.11,8,6
HD 65907 A_1,1.4522684603855944,0.06322272545300295,HD 65907 A,0.982,1.11,8,6
HD 65907 A_1,1.470421672054782,0.07879044844143872,HD 65907 A,0.982,1.11,8,6
HD 65907 A_1,1.4780055532230325,0.12735881406586053,HD 65907 A,0.982,1.11,8,6
HD 65907 A_1,1.4569163301152583,0.06917422343883434,HD 65907 A,0.982,1.11,8,6
HD 65907 A_1,1.4691220402130325,0.12770548635557188,HD 65907 A,0.982,1.11,8,6
HD 65907 A_1,1.4618050947324155,0.07738587404556284,HD 65907 A,0.982,1.11,8,6
HD 65907 A_1,1.4645100012882404,0.0779191728318735,HD 65907 A,0.982,1.11,8,6
HD 65907 A_1,1.4402800027374563,0.05055369676023189,HD 65907 A,0.982,1.11,8,6
HD 65907 A_1,1.4647185164060834,0.11626698668228269,HD 65907 A,0.982,1.11,8,6
HD 65907 A_1,1.4660633514827925,0.10585832531793418,HD 65907 A,0.982,1.11,8,6
HD 65907 A_1,1.4505536660668807,0.054898205636682955,HD 65907 A,0.982,1.11,8,6
HD 65907 A_1,1.4684369078786415,0.06808997602501711,HD 65907 A,0.982,1.11,8,6
HD 65907 A_1,1.4550121603757893,0.1361987829255058,HD 65907 A,0.982,1.11,8,6
HD 65907 A_1,1.4537247740167176,0.05312758019457029,HD 65907 A,0.982,1.11,8,6
HD 65907 A_1,1.4449788347252777,0.04067727506007153,HD 65907 A,0.982,1.11,8,6
HD 65907 A_1,1.45408035633708,0.05309740592645089,HD 65907 A,0.982,1.11,8,6
HD 65907 A_1,1.4487179295759407,0.046813408136918505,HD 65907 A,0.982,1.11,8,6
HD 65907 A_1,1.4475624445907644,0.07398792951918816,HD 65907 A,0.982,1.11,8,6
HD 65907 A_1,1.4737208318394361,0.1315639502661924,HD 65907 A,0.982,1.11,8,6
HD 65907 A_1,1.4478010822396277,0.042400950911424914,HD 65907 A,0.982,1.11,8,6
HD 65907 A_1,1.4400659613686086,0.07136782878196989,HD 65907 A,0.982,1.11,8,6
HD 65907 A_1,1.4573843545180254,0.05063540745068737,HD 65907 A,0.982,1.11,8,6
HD 65907 A_1,1.450677163503339,0.06636075148235865,HD 65907 A,0.982,1.11,8,6
HD 65907 A_1,1.4565417771341298,0.06016138102356654,HD 65907 A,0.982,1.11,8,6
HD 65907 A_1,1.4523013155776912,0.08022232921612317,HD 65907 A,0.982,1.11,8,6
HD 65907 A_1,1.4489960600564846,0.03727849248706494,HD 65907 A,0.982,1.11,8,6
HD 65907 A_1,1.4399835488122898,0.03945486616665007,HD 65907 A,0.982,1.11,8,6
HD 65907 A_1,1.4525112414461259,0.08409378399808358,HD 65907 A,0.982,1.11,8,6
HD 65907 A_1,1.4586199417759727,0.09818131945362381,HD 65907 A,0.982,1.11,8,6
HD 65907 A_1,1.460684519712135,0.08944026907759861,HD 65907 A,0.982,1.11,8,6
HD 65907 A_1,1.4636642062653673,0.08526051535723583,HD 65907 A,0.982,1.11,8,6
HD 65907 A_1,1.4424458276341319,0.04940088285304683,HD 65907 A,0.982,1.11,8,6
HD 65907 A_1,1.459637953028297,0.08615064959536167,HD 65907 A,0.982,1.11,8,6
HD 65907 A_1,1.4584058884905473,0.09932851930482736,HD 65907 A,0.982,1.11,8,6
HD 65907 A_1,1.4454280366166254,0.075667893525142,HD 65907 A,0.982,1.11,8,6
HD 65907 A_1,1.453249475295869,0.09255855595595117,HD 65907 A,0.982,1.11,8,6
HD 65907 A_1,1.4523221870888505,0.06300374524430319,HD 65907 A,0.982,1.11,8,6
HD 65907 A_1,1.4643154765338526,0.1224212129605953,HD 65907 A,0.982,1.11,8,6
HD 65907 A_1,1.4632050410470732,0.10401343573647723,HD 65907 A,0.982,1.11,8,6
HD 65907 A_1,1.4428212151485864,0.03410885037896341,HD 65907 A,0.982,1.11,8,6
HD 65907 A_1,1.4570143383589833,0.12259503604268249,HD 65907 A,0.982,1.11,8,6
HD 65907 A_1,1.465618182783311,0.14837632162014097,HD 65907 A,0.982,1.11,8,6
HD 65907 A_1,1.4496095799246744,0.03364763855311387,HD 65907 A,0.982,1.11,8,6
HD 65907 A_1,1.4566303655950894,0.06999104245573634,HD 65907 A,0.982,1.11,8,6
HD 65907 A_1,1.4416526199193753,0.08897197943476003,HD 65907 A,0.982,1.11,8,6
HD 65907 A_1,1.4453693964423717,0.07042208346766744,HD 65907 A,0.982,1.11,8,6
HD 65907 A_1,1.4602759267010965,0.11964871581479554,HD 65907 A,0.982,1.11,8,6
HD 65907 A_1,1.4577119260914455,0.059463938583355996,HD 65907 A,0.982,1.11,8,6
HD 65907 A_1,1.4596189504583459,0.09587728292135479,HD 65907 A,0.982,1.11,8,6
HD 65907 A_1,1.4698742183792641,0.03154790535368912,HD 65907 A,0.982,1.11,8,6
HD 65907 A_1,1.4580985661382377,0.0796561539305613,HD 65907 A,0.982,1.11,8,6
HD 65907 A_1,1.4478234242681274,0.06879708711703522,HD 65907 A,0.982,1.11,8,6
HD 65907 A_1,1.4541694161020506,0.044670527455802855,HD 65907 A,0.982,1.11,8,6
HD 65907 A_1,1.44939522283694,0.10310579962245772,HD 65907 A,0.982,1.11,8,6
HD 65907 A_1,1.4389292664443472,0.04822169179252779,HD 65907 A,0.982,1.11,8,6
HD 65907 A_1,1.4545611574930895,0.052698369799093675,HD 65907 A,0.982,1.11,8,6
HD 65907 A_1,1.4518382252507354,0.03504744704920784,HD 65907 A,0.982,1.11,8,6
HD 65907 A_1,1.4640796109899434,0.09915776229795324,HD 65907 A,0.982,1.11,8,6
HD 65907 A_1,1.451622435861997,0.07726526947742607,HD 65907 A,0.982,1.11,8,6
HD 65907 A_1,1.4592648589130037,0.09006001701385004,HD 65907 A,0.982,1.11,8,6
HD 65907 A_1,1.4469289383028232,0.06194150187167742,HD 65907 A,0.982,1.11,8,6
HD 65907 A_1,1.4683122985720385,0.06804613993412681,HD 65907 A,0.982,1.11,8,6
HD 65907 A_1,1.466600249562408,0.0833246433214495,HD 65907 A,0.982,1.11,8,6
HD 65907 A_1,1.4578492595406978,0.09911592371625998,HD 65907 A,0.982,1.11,8,6
HD 65907 A_1,1.4493172162083745,0.06216552933752809,HD 65907 A,0.982,1.11,8,6
HD 65907 A_1,1.4410727227677196,0.08876943043181675,HD 65907 A,0.982,1.11,8,6
HD 65907 A_1,1.4334031099674431,0.027984964209825464,HD 65907 A,0.982,1.11,8,6
HD 65907 A_1,1.4391606079407901,0.06708329583141276,HD 65907 A,0.982,1.11,8,6
HD 65907 A_1,1.4504995015290765,0.02593578852936647,HD 65907 A,0.982,1.11,8,6
HD 65907 A_1,1.4533543849323478,0.10496429298978795,HD 65907 A,0.982,1.11,8,6
HD 65907 A_1,1.433139556602522,0.038863154796994155,HD 65907 A,0.982,1.11,8,6
HD 65907 A_1,1.4473270708623733,0.06203326630201649,HD 65907 A,0.982,1.11,8,6
HD 65907 A_1,1.4539000471143526,0.09063439851085342,HD 65907 A,0.982,1.11,8,6
HD 65907 A_1,1.4266164476233743,0.04591484076421211,HD 65907 A,0.982,1.11,8,6
HD 65907 A_1,1.4363970320479984,0.06080335882947613,HD 65907 A,0.982,1.11,8,6
HD 65907 A_1,1.4518251970458111,0.11427835832574681,HD 65907 A,0.982,1.11,8,6
HD 65907 A_1,1.4542030113573599,0.06296307807413086,HD 65907 A,0.982,1.11,8,6
HD 65907 A_1,1.464850296778474,0.09040702226448943,HD 65907 A,0.982,1.11,8,6
HD 65907 A_1,1.452541594739192,0.06796576327781997,HD 65907 A,0.982,1.11,8,6
HD 65907 A_1,1.4598173102012482,0.08077239856015608,HD 65907 A,0.982,1.11,8,6
HD 65907 A_1,1.4567804823399024,0.05548073455044441,HD 65907 A,0.982,1.11,8,6
HD 65907 A_1,1.4569053180842595,0.08277275782508983,HD 65907 A,0.982,1.11,8,6
HD 65907 A_1,1.4587475245667452,0.05776438288098127,HD 65907 A,0.982,1.11,8,6
HD 65907 A_1,1.4517436463645566,0.09447323383253395,HD 65907 A,0.982,1.11,8,6
HD 65907 A_1,1.4564739766655297,0.04624695704003446,HD 65907 A,0.982,1.11,8,6
HD 65907 A_1,1.4493189236495772,0.06330338510697289,HD 65907 A,0.982,1.11,8,6
HD 65907 A_1,1.4636378467311373,0.09395882537417664,HD 65907 A,0.982,1.11,8,6
HD 65907 A_1,1.4568272317414794,0.06895578297916927,HD 65907 A,0.982,1.11,8,6
HD 65907 A_1,1.4645797929317081,0.12346369873345035,HD 65907 A,0.982,1.11,8,6
HD 65907 A_1,1.4619919313149645,0.09787450482466103,HD 65907 A,0.982,1.11,8,6
HD 65907 A_1,1.45261807137855,0.10088090128154557,HD 65907 A,0.982,1.11,8,6
HD 65907 A_1,1.4400987467514104,0.06139001121457345,HD 65907 A,0.982,1.11,8,6
HD 65907 A_1,1.4619057073802744,0.06997392111564156,HD 65907 A,0.982,1.11,8,6
HD 65907 A_1,1.452441446816696,0.10335001729411218,HD 65907 A,0.982,1.11,8,6
HD 65907 A_1,1.4594760051818187,0.08812572835302293,HD 65907 A,0.982,1.11,8,6
HD 65907 A_1,1.4449580574616894,0.08920320998005357,HD 65907 A,0.982,1.11,8,6
HD 65907 A_1,1.4511820401082605,0.08442954527753863,HD 65907 A,0.982,1.11,8,6
HD 65907 A_1,1.4601339693111643,0.06372346045739577,HD 65907 A,0.982,1.11,8,6
HD 65907 A_1,1.4516250643309851,0.04508620938934116,HD 65907 A,0.982,1.11,8,6
HD 65907 A_1,1.447167801385952,0.06710011530123351,HD 65907 A,0.982,1.11,8,6
HD 65907 A_1,1.4377860747994309,0.029125892075388335,HD 65907 A,0.982,1.11,8,6
HD 65907 A_1,1.4570464355564465,0.051673328814028995,HD 65907 A,0.982,1.11,8,6
HD 65907 A_1,1.4599961811658206,0.08926270519647236,HD 65907 A,0.982,1.11,8,6
HD 65907 A_1,1.4546915359663017,0.09269026355970478,HD 65907 A,0.982,1.11,8,6
HD 65907 A_1,1.4483746404193802,0.09273432658251515,HD 65907 A,0.982,1.11,8,6
HD 65907 A_1,1.4610792537307309,0.04187326506521579,HD 65907 A,0.982,1.11,8,6
HD 65907 A_1,1.453310257622141,0.06704799219849915,HD 65907 A,0.982,1.11,8,6
HD 65907 A_1,1.4617571858237486,0.11121092321126472,HD 65907 A,0.982,1.11,8,6
HD 65907 A_1,1.448804987225755,0.03844509122937241,HD 65907 A,0.982,1.11,8,6
HD 65907 A_1,1.457855494627853,0.07540083652538443,HD 65907 A,0.982,1.11,8,6
HD 65907 A_1,1.448153094812318,0.07863260642505389,HD 65907 A,0.982,1.11,8,6
HD 65907 A_1,1.437540692260834,0.06646933503830513,HD 65907 A,0.982,1.11,8,6
HD 65907 A_1,1.45023910467997,0.048944604544419595,HD 65907 A,0.982,1.11,8,6
HD 65907 A_1,1.4427703645604983,0.08721723881197033,HD 65907 A,0.982,1.11,8,6
HD 65907 A_1,1.4672120471923287,0.05659150829219445,HD 65907 A,0.982,1.11,8,6
HD 65907 A_1,1.4496971075265497,0.051118317821625556,HD 65907 A,0.982,1.11,8,6
HD 65907 A_1,1.4461825538771562,0.08886475997028359,HD 65907 A,0.982,1.11,8,6
HD 65907 A_1,1.4492447212589312,0.10178387848965949,HD 65907 A,0.982,1.11,8,6
HD 65907 A_1,1.4537313965163265,0.08618852209524999,HD 65907 A,0.982,1.11,8,6
HD 65907 A_1,1.4645257374201517,0.08468178095368978,HD 65907 A,0.982,1.11,8,6
HD 65907 A_1,1.4394351799402862,0.0437956645405525,HD 65907 A,0.982,1.11,8,6
HD 65907 A_1,1.456057259764242,0.061399526965150025,HD 65907 A,0.982,1.11,8,6
HD 65907 A_1,1.452674314966082,0.04118256259845703,HD 65907 A,0.982,1.11,8,6
HD 65907 A_1,1.4447494704414336,0.08869389557093432,HD 65907 A,0.982,1.11,8,6
HD 65907 A_1,1.4447961523675843,0.02826612988861703,HD 65907 A,0.982,1.11,8,6
HD 65907 A_1,1.4547579474315646,0.08802157342798313,HD 65907 A,0.982,1.11,8,6
HD 65907 A_1,1.4558596750308364,0.04366104622285304,HD 65907 A,0.982,1.11,8,6
HD 65907 A_1,1.4402001894581706,0.07879795885800309,HD 65907 A,0.982,1.11,8,6
HD 65907 A_1,1.4551401396969141,0.05498663108051004,HD 65907 A,0.982,1.11,8,6
HD 65907 A_1,1.454483577559775,0.05198029639324892,HD 65907 A,0.982,1.11,8,6
HD 65907 A_1,1.4604976666270308,0.09723607479184371,HD 65907 A,0.982,1.11,8,6
HD 65907 A_1,1.4586973325442552,0.0871518975236412,HD 65907 A,0.982,1.11,8,6
HD 65907 A_1,1.4438721323761525,0.040313415187291486,HD 65907 A,0.982,1.11,8,6
HD 65907 A_1,1.4300990897247248,0.023377200989758942,HD 65907 A,0.982,1.11,8,6
HD 65907 A_1,1.4662577187301207,0.10108325358770234,HD 65907 A,0.982,1.11,8,6
HD 65907 A_1,1.4452061201800168,0.09002346233959867,HD 65907 A,0.982,1.11,8,6
HD 65907 A_1,1.4615161475935154,0.0741124358140285,HD 65907 A,0.982,1.11,8,6
HD 65907 A_1,1.4544313638793451,0.09465215890551562,HD 65907 A,0.982,1.11,8,6
HD 65907 A_1,1.460826140444368,0.0665930212724658,HD 65907 A,0.982,1.11,8,6
HD 65907 A_1,1.4583124955543953,0.075941898310401,HD 65907 A,0.982,1.11,8,6
HD 65907 A_1,1.4557405550469822,0.0789531198346684,HD 65907 A,0.982,1.11,8,6
HD 65907 A_1,1.4570959182069962,0.10885398988743701,HD 65907 A,0.982,1.11,8,6
HD 65907 A_1,1.4491667559138763,0.0871518245197027,HD 65907 A,0.982,1.11,8,6
HD 65907 A_1,1.4583818396484187,0.08514228413253375,HD 65907 A,0.982,1.11,8,6
HD 65907 A_1,1.4500211237643235,0.06676855452183936,HD 65907 A,0.982,1.11,8,6
HD 65907 A_1,1.4460110428039086,0.07106894872374926,HD 65907 A,0.982,1.11,8,6
HD 65907 A_1,1.4590109930868826,0.08620541457781672,HD 65907 A,0.982,1.11,8,6
HD 65907 A_1,1.4613469762331919,0.08341198952251178,HD 65907 A,0.982,1.11,8,6
HD 65907 A_1,1.4699078433210662,0.09975206651581606,HD 65907 A,0.982,1.11,8,6
HD 65907 A_1,1.4485767126117326,0.0810833852049705,HD 65907 A,0.982,1.11,8,6
HD 65907 A_1,1.454638264982654,0.056233311695320407,HD 65907 A,0.982,1.11,8,6
HD 65907 A_1,1.4504008987371904,0.0622617419283714,HD 65907 A,0.982,1.11,8,6
HD 65907 A_1,1.4503177909856155,0.011541978575735051,HD 65907 A,0.982,1.11,8,6
HD 65907 A_1,1.4488307263145874,0.11428827186989365,HD 65907 A,0.982,1.11,8,6
HD 65907 A_1,1.453181486491288,0.10941958549264305,HD 65907 A,0.982,1.11,8,6
HD 65907 A_1,1.4345948012416705,0.027014121629413856,HD 65907 A,0.982,1.11,8,6
HD 65907 A_1,1.463928518101995,0.09497238114694861,HD 65907 A,0.982,1.11,8,6
HD 65907 A_1,1.469735080233837,0.06035369255416721,HD 65907 A,0.982,1.11,8,6
HD 65907 A_1,1.4612732448022587,0.0854127074751843,HD 65907 A,0.982,1.11,8,6
HD 65907 A_1,1.447190320137444,0.07537820924709933,HD 65907 A,0.982,1.11,8,6
HD 65907 A_1,1.4583270933375414,0.06009356345476022,HD 65907 A,0.982,1.11,8,6
HD 65907 A_1,1.4541857755600291,0.07707388848030547,HD 65907 A,0.982,1.11,8,6
HD 65907 A_1,1.451069251286477,0.07796039215541704,HD 65907 A,0.982,1.11,8,6
HD 65907 A_1,1.4506806378136061,0.05758974325710354,HD 65907 A,0.982,1.11,8,6
HD 65907 A_1,1.4589681331473494,0.06598337636893242,HD 65907 A,0.982,1.11,8,6
HD 65907 A_1,1.4503477148752766,0.07212447483184763,HD 65907 A,0.982,1.11,8,6
HD 65907 A_1,1.4466209754832053,0.07203551054748347,HD 65907 A,0.982,1.11,8,6
HD 65907 A_1,1.449325062939581,0.04236849282915495,HD 65907 A,0.982,1.11,8,6
HD 65907 A_1,1.4502794699789,0.05836551173152299,HD 65907 A,0.982,1.11,8,6
HD 65907 A_1,1.4427131604384185,0.06519587543135881,HD 65907 A,0.982,1.11,8,6
HD 65907 A_1,1.4273395930454804,0.04908614489377498,HD 65907 A,0.982,1.11,8,6
HD 65907 A_1,1.4664674416204004,0.05513347985107004,HD 65907 A,0.982,1.11,8,6
HD 65907 A_1,1.4550222493569052,0.06694595570708589,HD 65907 A,0.982,1.11,8,6
HD 65907 A_1,1.4456045059160765,0.02763026109751368,HD 65907 A,0.982,1.11,8,6
HD 65907 A_1,1.4326371034389451,0.04778311967373866,HD 65907 A,0.982,1.11,8,6
HD 65907 A_1,1.4446024249975695,0.07334864121400815,HD 65907 A,0.982,1.11,8,6
HD 65907 A_1,1.442703551576643,0.03732128281142173,HD 65907 A,0.982,1.11,8,6
HD 65907 A_1,1.463848820930795,0.09118603101790904,HD 65907 A,0.982,1.11,8,6
HD 65907 A_1,1.4610693555958374,0.11917834519137184,HD 65907 A,0.982,1.11,8,6
HD 65907 A_1,1.4528362800224994,0.0848427144565124,HD 65907 A,0.982,1.11,8,6
HD 65907 A_1,1.4368660186684006,0.055336065206742814,HD 65907 A,0.982,1.11,8,6
HD 65907 A_1,1.4406393189825804,0.11284666254692338,HD 65907 A,0.982,1.11,8,6
HD 65907 A_1,1.4429661438114227,0.06446519898904624,HD 65907 A,0.982,1.11,8,6
HD 65907 A_1,1.4542441057969038,0.09927421258397598,HD 65907 A,0.982,1.11,8,6
HD 65907 A_1,1.459199711220468,0.0956576925585711,HD 65907 A,0.982,1.11,8,6
HD 65907 A_1,1.4508572530173802,0.041634125199782386,HD 65907 A,0.982,1.11,8,6
HD 65907 A_1,1.4369488796914762,0.05544017627459035,HD 65907 A,0.982,1.11,8,6
HD 65907 A_1,1.461451636046777,0.07996704954421771,HD 65907 A,0.982,1.11,8,6
HD 65907 A_1,1.4365569470197141,0.04172195087039252,HD 65907 A,0.982,1.11,8,6
HD 65907 A_1,1.4626011144993745,0.07021421276700027,HD 65907 A,0.982,1.11,8,6
HD 65907 A_1,1.447931943931716,0.07600155252677637,HD 65907 A,0.982,1.11,8,6
HD 65907 A_1,1.4631107842150188,0.10052256207057934,HD 65907 A,0.982,1.11,8,6
HD 65907 A_1,1.4547348730999126,0.11284216566971528,HD 65907 A,0.982,1.11,8,6
HD 65907 A_1,1.4461335519407297,0.07925723360988274,HD 65907 A,0.982,1.11,8,6
HD 65907 A_1,1.4471917337784566,0.038110050020126324,HD 65907 A,0.982,1.11,8,6
HD 65907 A_1,1.4621217517814664,0.0935510013057306,HD 65907 A,0.982,1.11,8,6
HD 65907 A_1,1.4407949931287334,0.031542446179557045,HD 65907 A,0.982,1.11,8,6
HD 65907 A_1,1.4489144123898474,0.09225113694451446,HD 65907 A,0.982,1.11,8,6
HD 65907 A_1,1.4739731852502331,0.03871310304088262,HD 65907 A,0.982,1.11,8,6
HD 65907 A_1,1.4494388307896653,0.1364204258921408,HD 65907 A,0.982,1.11,8,6
HD 65907 A_1,1.4305633296969489,0.05047223230633069,HD 65907 A,0.982,1.11,8,6
HD 65907 A_1,1.4402106475174248,0.07269293376675671,HD 65907 A,0.982,1.11,8,6
HD 65907 A_1,1.4327093200918977,0.06375804587934532,HD 65907 A,0.982,1.11,8,6
HD 65907 A_1,1.455131246922007,0.09106980679676216,HD 65907 A,0.982,1.11,8,6
HD 65907 A_1,1.4610424383555367,0.08328193378520003,HD 65907 A,0.982,1.11,8,6
HD 65907 A_1,1.4602729620707338,0.06598007487288018,HD 65907 A,0.982,1.11,8,6
HD 65907 A_1,1.4540072038367586,0.06040984135599011,HD 65907 A,0.982,1.11,8,6
HD 65907 A_1,1.4505446014486094,0.08708412562694154,HD 65907 A,0.982,1.11,8,6
HD 65907 A_1,1.4574641583187222,0.13134773035945022,HD 65907 A,0.982,1.11,8,6
HD 65907 A_1,1.4522454081459408,0.09845600428284718,HD 65907 A,0.982,1.11,8,6
HD 65907 A_1,1.4490871994302372,0.07894581604612955,HD 65907 A,0.982,1.11,8,6
HD 65907 A_1,1.4354139938996506,0.06629489586139,HD 65907 A,0.982,1.11,8,6
HD 65907 A_1,1.467183736276345,0.06587604931209261,HD 65907 A,0.982,1.11,8,6
HD 65907 A_1,1.4592565753965356,0.07284243732490868,HD 65907 A,0.982,1.11,8,6
HD 65907 A_1,1.4503219703394965,0.04962844315652288,HD 65907 A,0.982,1.11,8,6
HD 65907 A_1,1.4735046205541518,0.11106423512327344,HD 65907 A,0.982,1.11,8,6
HD 65907 A_1,1.4494692477683695,0.06729006396312565,HD 65907 A,0.982,1.11,8,6
HD 65907 A_1,1.450418228651146,0.07324121233093939,HD 65907 A,0.982,1.11,8,6
HD 65907 A_1,1.4585683866223684,0.07292607287867625,HD 65907 A,0.982,1.11,8,6
HD 65907 A_1,1.451758678830123,0.07382220852156571,HD 65907 A,0.982,1.11,8,6
HD 65907 A_1,1.4789657042436553,0.09264695620313436,HD 65907 A,0.982,1.11,8,6
HD 65907 A_1,1.436343682924021,0.06885711053570062,HD 65907 A,0.982,1.11,8,6
HD 65907 A_1,1.4702613290361461,0.11985274742741338,HD 65907 A,0.982,1.11,8,6
HD 65907 A_1,1.4358190881583937,0.02938435672926583,HD 65907 A,0.982,1.11,8,6
HD 65907 A_1,1.4613701002866843,0.1251685010068711,HD 65907 A,0.982,1.11,8,6
HD 65907 A_1,1.4661687598807227,0.09797894841976858,HD 65907 A,0.982,1.11,8,6
HD 65907 A_1,1.4552890293283163,0.07430758559991393,HD 65907 A,0.982,1.11,8,6
HD 65907 A_1,1.4546963058655524,0.07668399580962726,HD 65907 A,0.982,1.11,8,6
HD 65907 A_1,1.467341886981627,0.10191192091154955,HD 65907 A,0.982,1.11,8,6
HD 65907 A_1,1.436759143731226,0.06378132026795047,HD 65907 A,0.982,1.11,8,6
HD 65907 A_1,1.4608716099380417,0.07329790892914918,HD 65907 A,0.982,1.11,8,6
HD 65907 A_1,1.4585860707228884,0.06870626305937916,HD 65907 A,0.982,1.11,8,6
HD 65907 A_1,1.4351747504397248,0.07201660038197932,HD 65907 A,0.982,1.11,8,6
HD 65907 A_1,1.4536058584682572,0.059383613850065756,HD 65907 A,0.982,1.11,8,6
HD 65907 A_1,1.4511961488500655,0.10043673917890639,HD 65907 A,0.982,1.11,8,6
HD 65907 A_1,1.4610101461801872,0.10802257947624858,HD 65907 A,0.982,1.11,8,6
HD 65907 A_1,1.4409187082864972,0.06907638207994463,HD 65907 A,0.982,1.11,8,6
HD 65907 A_1,1.4593633304014535,0.08591445106610061,HD 65907 A,0.982,1.11,8,6
HD 65907 A_1,1.4504919278878095,0.05448321167498629,HD 65907 A,0.982,1.11,8,6
HD 65907 A_1,1.4540878649985687,0.06668350095578175,HD 65907 A,0.982,1.11,8,6
HD 65907 A_1,1.4641723009358734,0.07716843747072727,HD 65907 A,0.982,1.11,8,6
HD 65907 A_1,1.4442013566763043,0.053986037297975895,HD 65907 A,0.982,1.11,8,6
HD 65907 A_1,1.4352383828891597,0.06502166480142135,HD 65907 A,0.982,1.11,8,6
HD 65907 A_1,1.4604338948133888,0.06781040875207693,HD 65907 A,0.982,1.11,8,6
HD 65907 A_1,1.4546558482762788,0.05433792901930819,HD 65907 A,0.982,1.11,8,6
HD 65907 A_1,1.4478052413678495,0.07870187201827099,HD 65907 A,0.982,1.11,8,6
HD 65907 A_1,1.4402114816214955,0.0941593887840817,HD 65907 A,0.982,1.11,8,6
HD 65907 A_1,1.4622919728242059,0.11869247678180203,HD 65907 A,0.982,1.11,8,6
HD 65907 A_1,1.4406349418365565,0.024942059844608056,HD 65907 A,0.982,1.11,8,6
HD 65907 A_1,1.4575291301298416,0.07401694030071894,HD 65907 A,0.982,1.11,8,6
HD 65907 A_1,1.4485130993935333,0.0692581558234303,HD 65907 A,0.982,1.11,8,6
HD 65907 A_1,1.4616581084677913,0.0681491495757851,HD 65907 A,0.982,1.11,8,6
HD 65907 A_1,1.4591161119418898,0.1062485209399333,HD 65907 A,0.982,1.11,8,6
HD 65907 A_1,1.4450186823956477,0.07320254673046567,HD 65907 A,0.982,1.11,8,6
HD 65907 A_1,1.4474457653815929,0.04898477829351144,HD 65907 A,0.982,1.11,8,6
HD 65907 A_1,1.4599129849506596,0.1354279839219168,HD 65907 A,0.982,1.11,8,6
HD 65907 A_1,1.4373727181439955,0.05652695315005555,HD 65907 A,0.982,1.11,8,6
HD 65907 A_1,1.4484796877806552,0.09194363403766187,HD 65907 A,0.982,1.11,8,6
HD 65907 A_1,1.4410420113539144,0.04454223599140375,HD 65907 A,0.982,1.11,8,6
HD 65907 A_1,1.4677200618524635,0.08969252888044366,HD 65907 A,0.982,1.11,8,6
HD 65907 A_1,1.439604521059935,0.041367979119704565,HD 65907 A,0.982,1.11,8,6
HD 65907 A_1,1.4549618376171172,0.0907960855563371,HD 65907 A,0.982,1.11,8,6
HD 65907 A_1,1.4613368441403745,0.10082464613380851,HD 65907 A,0.982,1.11,8,6
HD 65907 A_1,1.4345318653915018,0.041678004228218525,HD 65907 A,0.982,1.11,8,6
HD 65907 A_1,1.4525472428826067,0.11056997875733235,HD 65907 A,0.982,1.11,8,6
HD 65907 A_1,1.4523308877051815,0.07429249004287025,HD 65907 A,0.982,1.11,8,6
HD 65907 A_1,1.4207496023068167,0.04074490691786886,HD 65907 A,0.982,1.11,8,6
HD 65907 A_1,1.4538832866118652,0.0807563139350798,HD 65907 A,0.982,1.11,8,6
HD 65907 A_1,1.455487957304483,0.08558047479410641,HD 65907 A,0.982,1.11,8,6
HD 65907 A_1,1.4682941103881133,0.08278289782989383,HD 65907 A,0.982,1.11,8,6
HD 65907 A_1,1.4632745729183259,0.0925508816952694,HD 65907 A,0.982,1.11,8,6
HD 65907 A_1,1.4534518529822542,0.06584216175335242,HD 65907 A,0.982,1.11,8,6
HD 65907 A_1,1.4346948598136897,0.01752950850151017,HD 65907 A,0.982,1.11,8,6
HD 65907 A_1,1.4492801576290189,0.09465936961653496,HD 65907 A,0.982,1.11,8,6
HD 65907 A_1,1.4427349958206734,0.06865783553932628,HD 65907 A,0.982,1.11,8,6
HD 65907 A_1,1.46814366205746,0.10582226227016264,HD 65907 A,0.982,1.11,8,6
HD 65907 A_1,1.4562602390826402,0.07034293540149199,HD 65907 A,0.982,1.11,8,6
HD 65907 A_1,1.4513704972612742,0.07628792409467787,HD 65907 A,0.982,1.11,8,6
HD 65907 A_1,1.4571559480220082,0.106899802529803,HD 65907 A,0.982,1.11,8,6
HD 65907 A_1,1.4395793684331806,0.03587725478812723,HD 65907 A,0.982,1.11,8,6
HD 65907 A_1,1.4530434677969772,0.1028479397584909,HD 65907 A,0.982,1.11,8,6
HD 65907 A_1,1.4542569985207112,0.07682468904349808,HD 65907 A,0.982,1.11,8,6
HD 65907 A_1,1.4580998975475472,0.08732568774202912,HD 65907 A,0.982,1.11,8,6
HD 65907 A_1,1.4506921997338966,0.07603384697037983,HD 65907 A,0.982,1.11,8,6
HD 65907 A_1,1.4465308364820755,0.09834139216044069,HD 65907 A,0.982,1.11,8,6
HD 65907 A_1,1.4599357923437504,0.06878210547856702,HD 65907 A,0.982,1.11,8,6
HD 65907 A_1,1.4516162999215876,0.06107748876872611,HD 65907 A,0.982,1.11,8,6
HD 65907 A_1,1.4539472937720461,0.07179756282215356,HD 65907 A,0.982,1.11,8,6
HD 65907 A_1,1.4546242090387962,0.0636749146320142,HD 65907 A,0.982,1.11,8,6
HD 65907 A_1,1.4554772848571031,0.07558225309023159,HD 65907 A,0.982,1.11,8,6
HD 65907 A_1,1.445326634095741,0.06858826162167081,HD 65907 A,0.982,1.11,8,6
HD 65907 A_1,1.4375403601164407,0.04990070195987787,HD 65907 A,0.982,1.11,8,6
HD 65907 A_1,1.4479725030718216,0.07263903766023087,HD 65907 A,0.982,1.11,8,6
HD 65907 A_1,1.4587878905388547,0.05876292348522066,HD 65907 A,0.982,1.11,8,6
HD 65907 A_1,1.4678813151293717,0.09631118355601224,HD 65907 A,0.982,1.11,8,6
HD 65907 A_1,1.4370617350273025,0.05792285541785372,HD 65907 A,0.982,1.11,8,6
HD 65907 A_1,1.451853531614612,0.06450858085995276,HD 65907 A,0.982,1.11,8,6
HD 65907 A_1,1.4502451565278112,0.05905530880045827,HD 65907 A,0.982,1.11,8,6
HD 65907 A_1,1.4520014064878226,0.0762322722763628,HD 65907 A,0.982,1.11,8,6
HD 65907 A_1,1.4506241078930608,0.0885099376710553,HD 65907 A,0.982,1.11,8,6
HD 65907 A_1,1.453745438652038,0.07074865586431212,HD 65907 A,0.982,1.11,8,6
HD 65907 A_1,1.4521295857957648,0.10933968281214462,HD 65907 A,0.982,1.11,8,6
HD 65907 A_1,1.4326447183814308,0.056880532019832106,HD 65907 A,0.982,1.11,8,6
HD 65907 A_1,1.4446939823317928,0.0884603953039853,HD 65907 A,0.982,1.11,8,6
HD 65907 A_1,1.4507600963405827,0.0927869229386899,HD 65907 A,0.982,1.11,8,6
HD 65907 A_1,1.435403325807426,0.03291447002748241,HD 65907 A,0.982,1.11,8,6
HD 65907 A_1,1.440777734602296,0.07016532492081089,HD 65907 A,0.982,1.11,8,6
HD 65907 A_1,1.4595971412663697,0.044695819746830845,HD 65907 A,0.982,1.11,8,6
HD 65907 A_1,1.4566741622320638,0.06088297347436458,HD 65907 A,0.982,1.11,8,6
HD 65907 A_1,1.456699083127151,0.08542874551703741,HD 65907 A,0.982,1.11,8,6
HD 65907 A_1,1.4692854407192228,0.11380493056723412,HD 65907 A,0.982,1.11,8,6
HD 65907 A_1,1.4541531626896536,0.07550270896133787,HD 65907 A,0.982,1.11,8,6
HD 65907 A_1,1.4267846191685294,0.06467411531209105,HD 65907 A,0.982,1.11,8,6
HD 65907 A_1,1.4461187967097975,0.06731048673857687,HD 65907 A,0.982,1.11,8,6
HD 65907 A_1,1.4555277000544082,0.08597876853850708,HD 65907 A,0.982,1.11,8,6
HD 65907 A_1,1.4535111192935266,0.10673318245451237,HD 65907 A,0.982,1.11,8,6
HD 65907 A_1,1.469993417249502,0.0808538313158865,HD 65907 A,0.982,1.11,8,6
HD 65907 A_1,1.4419795476366841,0.021955350193103476,HD 65907 A,0.982,1.11,8,6
HD 65907 A_1,1.4460273952600387,0.05179525260494945,HD 65907 A,0.982,1.11,8,6
HD 65907 A_1,1.4523576638557263,0.060976020584283176,HD 65907 A,0.982,1.11,8,6
HD 65907 A_1,1.4549191304146314,0.09486445721553108,HD 65907 A,0.982,1.11,8,6
HD 65907 A_1,1.4534283072252103,0.06567016448470472,HD 65907 A,0.982,1.11,8,6
HD 65907 A_1,1.4501205984627379,0.07573467074755913,HD 65907 A,0.982,1.11,8,6
HD 65907 A_1,1.446745645531033,0.09612163628774552,HD 65907 A,0.982,1.11,8,6
HD 65907 A_1,1.4514162517300515,0.03713901813524812,HD 65907 A,0.982,1.11,8,6
HD 65907 A_1,1.4511405605795544,0.0964536586976934,HD 65907 A,0.982,1.11,8,6
HD 65907 A_1,1.4489105334103116,0.07388495434164002,HD 65907 A,0.982,1.11,8,6
HD 65907 A_1,1.4594002306445137,0.1021282055542216,HD 65907 A,0.982,1.11,8,6
HD 65907 A_1,1.4608928269313208,0.058947674637217645,HD 65907 A,0.982,1.11,8,6
HD 65907 A_1,1.4624293623713451,0.09858170982559915,HD 65907 A,0.982,1.11,8,6
HD 65907 A_1,1.4625182751663832,0.06872659625077421,HD 65907 A,0.982,1.11,8,6
HD 65907 A_1,1.4480810420630617,0.05706897479837149,HD 65907 A,0.982,1.11,8,6
HD 65907 A_1,1.4571814114644872,0.09761319897359963,HD 65907 A,0.982,1.11,8,6
HD 65907 A_1,1.4523674208891364,0.08576201703070505,HD 65907 A,0.982,1.11,8,6
HD 65907 A_1,1.4534458600250026,0.05540510039741064,HD 65907 A,0.982,1.11,8,6
HD 65907 A_1,1.455493254524268,0.07224571883875057,HD 65907 A,0.982,1.11,8,6
HD 65907 A_1,1.459269782683065,0.09201822836046382,HD 65907 A,0.982,1.11,8,6
HD 65907 A_1,1.4535886163184544,0.046779069730372186,HD 65907 A,0.982,1.11,8,6
HD 65907 A_1,1.4592919512127893,0.10218251792496463,HD 65907 A,0.982,1.11,8,6
HD 65907 A_1,1.449868235167841,0.06655850320116398,HD 65907 A,0.982,1.11,8,6
HD 65907 A_1,1.4726292481140002,0.07619776360944436,HD 65907 A,0.982,1.11,8,6
HD 65907 A_1,1.4459358698475184,0.06012597699064,HD 65907 A,0.982,1.11,8,6
HD 65907 A_1,1.4625407296575983,0.0671212147881162,HD 65907 A,0.982,1.11,8,6
HD 65907 A_1,1.4680200257024942,0.07108414971576356,HD 65907 A,0.982,1.11,8,6
HD 65907 A_1,1.4619295091089903,0.12410867403428817,HD 65907 A,0.982,1.11,8,6
HD 65907 A_1,1.452191066378564,0.059810462831057495,HD 65907 A,0.982,1.11,8,6
HD 65907 A_1,1.4630675776554174,0.0895423726077316,HD 65907 A,0.982,1.11,8,6
HD 65907 A_1,1.4652239383242684,0.09053350285290362,HD 65907 A,0.982,1.11,8,6
HD 65907 A_1,1.450797950493015,0.10628853279852736,HD 65907 A,0.982,1.11,8,6
HD 65907 A_1,1.4416221209799915,0.036666852252990205,HD 65907 A,0.982,1.11,8,6
HD 65907 A_1,1.4458579213872316,0.05524534625666177,HD 65907 A,0.982,1.11,8,6
HD 65907 A_1,1.4535720673545933,0.05507338867216861,HD 65907 A,0.982,1.11,8,6
HD 65907 A_1,1.4478319816057923,0.04700151760833032,HD 65907 A,0.982,1.11,8,6
HD 65907 A_1,1.4429574362684425,0.08684139637299808,HD 65907 A,0.982,1.11,8,6
HD 65907 A_1,1.4450569511999838,0.09969274977623513,HD 65907 A,0.982,1.11,8,6
HD 65907 A_1,1.452813700404389,0.0517338907934678,HD 65907 A,0.982,1.11,8,6
HD 65907 A_1,1.4508732737376695,0.11056184352792298,HD 65907 A,0.982,1.11,8,6
HD 65907 A_1,1.452202192473872,0.07102453013660115,HD 65907 A,0.982,1.11,8,6
HD 65907 A_1,1.4637734924885408,0.07375644014995716,HD 65907 A,0.982,1.11,8,6
HD 65907 A_1,1.4531046147870308,0.08176300520379892,HD 65907 A,0.982,1.11,8,6
HD 65907 A_1,1.4559143285912703,0.07077507370742196,HD 65907 A,0.982,1.11,8,6
HD 65907 A_1,1.4778732932328595,0.06712462006402384,HD 65907 A,0.982,1.11,8,6
HD 65907 A_1,1.451831480334295,0.1076130262041117,HD 65907 A,0.982,1.11,8,6
HD 65907 A_1,1.4503384522326475,0.10240834407723941,HD 65907 A,0.982,1.11,8,6
HD 65907 A_1,1.444969267871472,0.08128105841631424,HD 65907 A,0.982,1.11,8,6
HD 65907 A_1,1.459069742475577,0.053943063340558574,HD 65907 A,0.982,1.11,8,6
HD 65907 A_1,1.4364257854670497,0.06148870377405205,HD 65907 A,0.982,1.11,8,6
HD 65907 A_1,1.452843070430055,0.05588981201769257,HD 65907 A,0.982,1.11,8,6
HD 65907 A_1,1.4599618138833828,0.06002997433562114,HD 65907 A,0.982,1.11,8,6
HD 65907 A_1,1.463732964690949,0.08270861016095665,HD 65907 A,0.982,1.11,8,6
HD 65907 A_1,1.4504829215210318,0.10185839468726801,HD 65907 A,0.982,1.11,8,6
HD 65907 A_1,1.4751311958965432,0.14364621772479771,HD 65907 A,0.982,1.11,8,6
HD 65907 A_1,1.4562557252142068,0.0873843166110283,HD 65907 A,0.982,1.11,8,6
HD 65907 A_1,1.471702372779683,0.11665910294387753,HD 65907 A,0.982,1.11,8,6
HD 65907 A_1,1.4397625864354562,0.05260569508689805,HD 65907 A,0.982,1.11,8,6
HD 65907 A_1,1.4554775809051808,0.04061504011900471,HD 65907 A,0.982,1.11,8,6
HD 65907 A_1,1.4361153002142364,0.03558288235641998,HD 65907 A,0.982,1.11,8,6
HD 65907 A_1,1.4476424399246213,0.09650063909633205,HD 65907 A,0.982,1.11,8,6
HD 65907 A_1,1.4453001610744567,0.03350279728882075,HD 65907 A,0.982,1.11,8,6
HD 65907 A_1,1.4533260546496345,0.03464227694535091,HD 65907 A,0.982,1.11,8,6
HD 65907 A_1,1.452756862774905,0.07234528097227719,HD 65907 A,0.982,1.11,8,6
HD 65907 A_1,1.4395441422593351,0.08471150121237868,HD 65907 A,0.982,1.11,8,6
HD 65907 A_1,1.4672899251681428,0.0942850784984967,HD 65907 A,0.982,1.11,8,6
HD 65907 A_1,1.4707961121165762,0.08871335656182508,HD 65907 A,0.982,1.11,8,6
HD 65907 A_1,1.4352515663376075,0.026717978553531314,HD 65907 A,0.982,1.11,8,6
HD 65907 A_1,1.4536780503410152,0.06725346235962118,HD 65907 A,0.982,1.11,8,6
HD 65907 A_1,1.451549665373438,0.09451900975509837,HD 65907 A,0.982,1.11,8,6
HD 65907 A_1,1.4334076854677784,0.049944141485579886,HD 65907 A,0.982,1.11,8,6
HD 65907 A_1,1.4447298906336299,0.06465155298961213,HD 65907 A,0.982,1.11,8,6
HD 65907 A_1,1.4528779109658418,0.06661529019251174,HD 65907 A,0.982,1.11,8,6
HD 65907 A_1,1.4462308355849895,0.07146826551803896,HD 65907 A,0.982,1.11,8,6
HD 65907 A_1,1.4593110272512495,0.05901499368828181,HD 65907 A,0.982,1.11,8,6
HD 65907 A_1,1.4390738566115926,0.024973462434066285,HD 65907 A,0.982,1.11,8,6
HD 65907 A_1,1.4352030060606993,0.05145834956619359,HD 65907 A,0.982,1.11,8,6
HD 65907 A_1,1.4586189962644671,0.04749721716539696,HD 65907 A,0.982,1.11,8,6
HD 65907 A_1,1.443208824126593,0.06102607679135804,HD 65907 A,0.982,1.11,8,6
HD 65907 A_1,1.445935587869962,0.027000331520643447,HD 65907 A,0.982,1.11,8,6
HD 65907 A_1,1.4509123928569778,0.07638063579275174,HD 65907 A,0.982,1.11,8,6
HD 65907 A_1,1.4291663816743905,0.0456009826501881,HD 65907 A,0.982,1.11,8,6
HD 65907 A_1,1.4552545162070294,0.04018032204986452,HD 65907 A,0.982,1.11,8,6
HD 65907 A_1,1.455275390911495,0.11737333407890464,HD 65907 A,0.982,1.11,8,6
HD 65907 A_1,1.4546958094688769,0.06622279368292767,HD 65907 A,0.982,1.11,8,6
HD 65907 A_1,1.4465514971528384,0.07951006461419056,HD 65907 A,0.982,1.11,8,6
HD 65907 A_1,1.4464673923457645,0.05935660031968142,HD 65907 A,0.982,1.11,8,6
HD 65907 A_1,1.4392601292244793,0.057067567481263085,HD 65907 A,0.982,1.11,8,6
HD 65907 A_1,1.4448800290002386,0.11201341666065431,HD 65907 A,0.982,1.11,8,6
HD 65907 A_1,1.4709408221729727,0.08088945979985133,HD 65907 A,0.982,1.11,8,6
HD 65907 A_1,1.4426998958921393,0.07511320135897115,HD 65907 A,0.982,1.11,8,6
HD 65907 A_1,1.4539786145127556,0.09903272277264197,HD 65907 A,0.982,1.11,8,6
HD 65907 A_1,1.4521880035841885,0.060896783323012744,HD 65907 A,0.982,1.11,8,6
HD 65907 A_1,1.4422909759415437,0.08161260275038695,HD 65907 A,0.982,1.11,8,6
HD 65907 A_1,1.4440479041787013,0.05076366129575935,HD 65907 A,0.982,1.11,8,6
HD 65907 A_1,1.4496353134634263,0.050253958764131475,HD 65907 A,0.982,1.11,8,6
HD 65907 A_1,1.4528747206544088,0.05785630996998195,HD 65907 A,0.982,1.11,8,6
HD 65907 A_1,1.4694920073800564,0.07507759165520851,HD 65907 A,0.982,1.11,8,6
HD 65907 A_1,1.4402994360048844,0.057347201247551556,HD 65907 A,0.982,1.11,8,6
HD 65907 A_1,1.4459170113600126,0.05060953241653321,HD 65907 A,0.982,1.11,8,6
HD 65907 A_1,1.4650970431460921,0.07391566387545981,HD 65907 A,0.982,1.11,8,6
HD 65907 A_1,1.4390081791851321,0.08279127096448047,HD 65907 A,0.982,1.11,8,6
HD 65907 A_1,1.4566021283811104,0.08321112718451568,HD 65907 A,0.982,1.11,8,6
HD 65907 A_1,1.4641285154126147,0.10336886661969583,HD 65907 A,0.982,1.11,8,6
HD 65907 A_1,1.457748979662,0.06866531319248995,HD 65907 A,0.982,1.11,8,6
HD 65907 A_1,1.450528053885366,0.08158415516434066,HD 65907 A,0.982,1.11,8,6
HD 65907 A_1,1.4657546743629328,0.08308577724707242,HD 65907 A,0.982,1.11,8,6
HD 65907 A_1,1.4537248579144448,0.0712629934572489,HD 65907 A,0.982,1.11,8,6
HD 65907 A_1,1.4581702842434732,0.06474354316419181,HD 65907 A,0.982,1.11,8,6
HD 65907 A_1,1.4650337071670012,0.08391237084565573,HD 65907 A,0.982,1.11,8,6
HD 65907 A_1,1.4615637460596367,0.08116836892801407,HD 65907 A,0.982,1.11,8,6
HD 65907 A_1,1.464631872726077,0.0754706071580595,HD 65907 A,0.982,1.11,8,6
HD 65907 A_1,1.4433783103007416,0.0864470092303884,HD 65907 A,0.982,1.11,8,6
HD 65907 A_1,1.4673404615398262,0.10412392209209151,HD 65907 A,0.982,1.11,8,6
HD 65907 A_1,1.455462209407054,0.07426585820815093,HD 65907 A,0.982,1.11,8,6
HD 65907 A_1,1.454697957652871,0.05633157882121659,HD 65907 A,0.982,1.11,8,6
HD 65907 A_1,1.4495952939272303,0.06473874006641918,HD 65907 A,0.982,1.11,8,6
HD 65907 A_1,1.4450431236707428,0.04571007753239282,HD 65907 A,0.982,1.11,8,6
HD 65907 A_1,1.4698766997194144,0.09179066636550079,HD 65907 A,0.982,1.11,8,6
HD 65907 A_1,1.4547348730999126,0.11284216566971528,HD 65907 A,0.982,1.11,8,6
HD 65907 A_1,1.442580106171096,0.06010210719691976,HD 65907 A,0.982,1.11,8,6
HD 65907 A_1,1.4678492185061176,0.0893876361887149,HD 65907 A,0.982,1.11,8,6
HD 65907 A_1,1.4401567444066574,0.05981114836985319,HD 65907 A,0.982,1.11,8,6
HD 65907 A_2,0.9513334269240548,0.07635753797404031,HD 65907 A,1.202,1.11,8,5
HD 65907 A_2,0.9545819863942214,0.014101320724620864,HD 65907 A,1.202,1.11,8,5
HD 65907 A_2,0.9605417101938231,0.0315297174991699,HD 65907 A,1.202,1.11,8,5
HD 65907 A_2,0.9545373827174161,0.06431283894933389,HD 65907 A,1.202,1.11,8,5
HD 65907 A_2,0.9595220728788767,0.05539940515404596,HD 65907 A,1.202,1.11,8,5
HD 65907 A_2,0.956271837490275,0.04745221781229576,HD 65907 A,1.202,1.11,8,5
HD 65907 A_2,0.9542786932262529,0.058868174248117855,HD 65907 A,1.202,1.11,8,5
HD 65907 A_2,0.9515481334111028,0.039913815564265674,HD 65907 A,1.202,1.11,8,5
HD 65907 A_2,0.955523784052144,0.044377496749076414,HD 65907 A,1.202,1.11,8,5
HD 65907 A_2,0.9572988062146072,0.03696055917890355,HD 65907 A,1.202,1.11,8,5
HD 65907 A_2,0.9549199097750335,0.06409154857138238,HD 65907 A,1.202,1.11,8,5
HD 65907 A_2,0.9596136179811058,0.053069649167220304,HD 65907 A,1.202,1.11,8,5
HD 65907 A_2,0.9564364821013618,0.0329485900892887,HD 65907 A,1.202,1.11,8,5
HD 65907 A_2,0.9574302243261413,0.05133280061974082,HD 65907 A,1.202,1.11,8,5
HD 65907 A_2,0.9561664456129556,0.10376921343192579,HD 65907 A,1.202,1.11,8,5
HD 65907 A_2,0.9549641561383629,0.042006240114913614,HD 65907 A,1.202,1.11,8,5
HD 65907 A_2,0.9517962621862674,0.024486856328409183,HD 65907 A,1.202,1.11,8,5
HD 65907 A_2,0.9510213029772857,0.05466069460469355,HD 65907 A,1.202,1.11,8,5
HD 65907 A_2,0.95194429619133,0.03430943448990051,HD 65907 A,1.202,1.11,8,5
HD 65907 A_2,0.9535132751415153,0.06310755736381812,HD 65907 A,1.202,1.11,8,5
HD 65907 A_2,0.9554301623690634,0.026299973223741745,HD 65907 A,1.202,1.11,8,5
HD 65907 A_2,0.9507917138457883,0.052241521627450764,HD 65907 A,1.202,1.11,8,5
HD 65907 A_2,0.9582263493157903,0.0035920698356879804,HD 65907 A,1.202,1.11,8,5
HD 65907 A_2,0.9617022572450881,0.016572268538088648,HD 65907 A,1.202,1.11,8,5
HD 65907 A_2,0.9614717579809319,0.050805996454726034,HD 65907 A,1.202,1.11,8,5
HD 65907 A_2,0.9550986478497968,0.09723730139052672,HD 65907 A,1.202,1.11,8,5
HD 65907 A_2,0.9551087807732771,0.031786774779460236,HD 65907 A,1.202,1.11,8,5
HD 65907 A_2,0.9556894287619577,0.060571899659243256,HD 65907 A,1.202,1.11,8,5
HD 65907 A_2,0.955091245499833,0.06343360478953466,HD 65907 A,1.202,1.11,8,5
HD 65907 A_2,0.9541834716544223,0.05507958788368254,HD 65907 A,1.202,1.11,8,5
HD 65907 A_2,0.9554987944714715,0.04264649452335962,HD 65907 A,1.202,1.11,8,5
HD 65907 A_2,0.9575535420072165,0.05605159872051926,HD 65907 A,1.202,1.11,8,5
HD 65907 A_2,0.9509005482933576,0.05545244156794387,HD 65907 A,1.202,1.11,8,5
HD 65907 A_2,0.9536007722411263,0.06753882268162546,HD 65907 A,1.202,1.11,8,5
HD 65907 A_2,0.9476535747302807,0.03425806916743835,HD 65907 A,1.202,1.11,8,5
HD 65907 A_2,0.9533859452593717,0.04539350885861772,HD 65907 A,1.202,1.11,8,5
HD 65907 A_2,0.9497887474656487,0.06286218502783973,HD 65907 A,1.202,1.11,8,5
HD 65907 A_2,0.9619189584160527,0.04930207680571656,HD 65907 A,1.202,1.11,8,5
HD 65907 A_2,0.9532537027405258,0.056453787514027465,HD 65907 A,1.202,1.11,8,5
HD 65907 A_2,0.9528218077730302,0.05736007881060263,HD 65907 A,1.202,1.11,8,5
HD 65907 A_2,0.9651194303831767,0.06727575952084701,HD 65907 A,1.202,1.11,8,5
HD 65907 A_2,0.9574718674558178,0.03128790177692445,HD 65907 A,1.202,1.11,8,5
HD 65907 A_2,0.9588169508293866,0.052211045779134074,HD 65907 A,1.202,1.11,8,5
HD 65907 A_2,0.9610909108066016,0.05305200413055189,HD 65907 A,1.202,1.11,8,5
HD 65907 A_2,0.9476575366238246,0.054852119456933995,HD 65907 A,1.202,1.11,8,5
HD 65907 A_2,0.95993014933116,0.03694330977652963,HD 65907 A,1.202,1.11,8,5
HD 65907 A_2,0.9596593578765802,0.023725435405573037,HD 65907 A,1.202,1.11,8,5
HD 65907 A_2,0.9584704452195497,0.017274560634601102,HD 65907 A,1.202,1.11,8,5
HD 65907 A_2,0.9599969213548996,0.04152830083426639,HD 65907 A,1.202,1.11,8,5
HD 65907 A_2,0.9521886120289041,0.08521089752078526,HD 65907 A,1.202,1.11,8,5
HD 65907 A_2,0.9603469713899928,0.0497255509412968,HD 65907 A,1.202,1.11,8,5
HD 65907 A_2,0.9580120437544688,0.008967075277392607,HD 65907 A,1.202,1.11,8,5
HD 65907 A_2,0.9507462831725253,0.06326154220736724,HD 65907 A,1.202,1.11,8,5
HD 65907 A_2,0.9537933622319579,0.07242292283706869,HD 65907 A,1.202,1.11,8,5
HD 65907 A_2,0.9541387196478499,0.07250652011995168,HD 65907 A,1.202,1.11,8,5
HD 65907 A_2,0.9549999502535155,0.0818487832175486,HD 65907 A,1.202,1.11,8,5
HD 65907 A_2,0.9499260232252899,0.06894371179227629,HD 65907 A,1.202,1.11,8,5
HD 65907 A_2,0.9511083439977772,0.11023770286575858,HD 65907 A,1.202,1.11,8,5
HD 65907 A_2,0.9558259151091597,0.06288068095889035,HD 65907 A,1.202,1.11,8,5
HD 65907 A_2,0.9530062685044043,0.06421554720976602,HD 65907 A,1.202,1.11,8,5
HD 65907 A_2,0.9532575536470479,0.06406876482128031,HD 65907 A,1.202,1.11,8,5
HD 65907 A_2,0.9542726566277271,0.06515812523671902,HD 65907 A,1.202,1.11,8,5
HD 65907 A_2,0.9559414233440383,0.04775399058655124,HD 65907 A,1.202,1.11,8,5
HD 65907 A_2,0.9525731542464269,0.047539124953014114,HD 65907 A,1.202,1.11,8,5
HD 65907 A_2,0.9553805168409991,0.09423855907802084,HD 65907 A,1.202,1.11,8,5
HD 65907 A_2,0.9632167592040134,0.006695059267984069,HD 65907 A,1.202,1.11,8,5
HD 65907 A_2,0.9540689904012086,0.06583455108872306,HD 65907 A,1.202,1.11,8,5
HD 65907 A_2,0.9602222418086092,0.020020278939226484,HD 65907 A,1.202,1.11,8,5
HD 65907 A_2,0.9587982910367693,0.08588952926777033,HD 65907 A,1.202,1.11,8,5
HD 65907 A_2,0.9574430320199337,0.023944773879950518,HD 65907 A,1.202,1.11,8,5
HD 65907 A_2,0.9580478825055727,0.08386809775464965,HD 65907 A,1.202,1.11,8,5
HD 65907 A_2,0.9544613441261525,0.04024519436928801,HD 65907 A,1.202,1.11,8,5
HD 65907 A_2,0.9588662458150077,0.0603576497084838,HD 65907 A,1.202,1.11,8,5
HD 65907 A_2,0.9516844038807953,0.06771831793093772,HD 65907 A,1.202,1.11,8,5
HD 65907 A_2,0.9594531294358761,0.07025196026531093,HD 65907 A,1.202,1.11,8,5
HD 65907 A_2,0.9540689904012086,0.06583455108872306,HD 65907 A,1.202,1.11,8,5
HD 65907 A_2,0.952983855977679,0.07622706228997167,HD 65907 A,1.202,1.11,8,5
HD 65907 A_2,0.9574870167885292,0.018953568159522784,HD 65907 A,1.202,1.11,8,5
HD 65907 A_2,0.9587249802239585,0.054580449641329805,HD 65907 A,1.202,1.11,8,5
HD 65907 A_2,0.95958042419519,0.06548994666267549,HD 65907 A,1.202,1.11,8,5
HD 65907 A_2,0.9626269585401969,0.020369746065681885,HD 65907 A,1.202,1.11,8,5
HD 65907 A_2,0.9556626344665918,0.04591740365424771,HD 65907 A,1.202,1.11,8,5
HD 65907 A_2,0.9564301988922418,0.05091589229702578,HD 65907 A,1.202,1.11,8,5
HD 65907 A_2,0.9574574111493471,0.05933151589437531,HD 65907 A,1.202,1.11,8,5
HD 65907 A_2,0.9541366591729925,0.07007032447460874,HD 65907 A,1.202,1.11,8,5
HD 65907 A_2,0.9550738741423912,0.05054240321109329,HD 65907 A,1.202,1.11,8,5
HD 65907 A_2,0.9576963233067455,0.04842215922724683,HD 65907 A,1.202,1.11,8,5
HD 65907 A_2,0.9554654515704223,0.026253072327473172,HD 65907 A,1.202,1.11,8,5
HD 65907 A_2,0.9579231230100995,0.0936980210857403,HD 65907 A,1.202,1.11,8,5
HD 65907 A_2,0.9577874737632084,0.08658911814171849,HD 65907 A,1.202,1.11,8,5
HD 65907 A_2,0.9599529365278229,0.0666457147768784,HD 65907 A,1.202,1.11,8,5
HD 65907 A_2,0.9631200155286876,0.04095427890066793,HD 65907 A,1.202,1.11,8,5
HD 65907 A_2,0.9550688762180765,0.08653576596622536,HD 65907 A,1.202,1.11,8,5
HD 65907 A_2,0.9546117199992039,0.06126222244328496,HD 65907 A,1.202,1.11,8,5
HD 65907 A_2,0.9543067919171246,0.03619551931117404,HD 65907 A,1.202,1.11,8,5
HD 65907 A_2,0.9550743746230829,0.09246554322344804,HD 65907 A,1.202,1.11,8,5
HD 65907 A_2,0.9530108721130043,0.08871805340874625,HD 65907 A,1.202,1.11,8,5
HD 65907 A_2,0.9510323573943092,0.038058662557371226,HD 65907 A,1.202,1.11,8,5
HD 65907 A_2,0.9500252114087606,0.0652928271930389,HD 65907 A,1.202,1.11,8,5
HD 65907 A_2,0.9599495176008684,0.036280924068367644,HD 65907 A,1.202,1.11,8,5
HD 65907 A_2,0.9536183015970665,0.08437199237329025,HD 65907 A,1.202,1.11,8,5
HD 65907 A_2,0.9558101221856525,0.058639697686477935,HD 65907 A,1.202,1.11,8,5
HD 65907 A_2,0.9625309458763366,0.025095595621441272,HD 65907 A,1.202,1.11,8,5
HD 65907 A_2,0.9569253082258676,0.030406614936450745,HD 65907 A,1.202,1.11,8,5
HD 65907 A_2,0.9547020231491499,0.05633335888268832,HD 65907 A,1.202,1.11,8,5
HD 65907 A_2,0.9558957505163941,0.07839881906580008,HD 65907 A,1.202,1.11,8,5
HD 65907 A_2,0.9599449280658222,0.04654773939779096,HD 65907 A,1.202,1.11,8,5
HD 65907 A_2,0.9619701623607422,0.05045953212205419,HD 65907 A,1.202,1.11,8,5
HD 65907 A_2,0.9542346926984063,0.02544380057095009,HD 65907 A,1.202,1.11,8,5
HD 65907 A_2,0.9513685342688011,0.043726383660489344,HD 65907 A,1.202,1.11,8,5
HD 65907 A_2,0.9507999621569952,0.04355497188932244,HD 65907 A,1.202,1.11,8,5
HD 65907 A_2,0.9516198498357313,0.03855379266018202,HD 65907 A,1.202,1.11,8,5
HD 65907 A_2,0.9526359987627724,0.09054795465331589,HD 65907 A,1.202,1.11,8,5
HD 65907 A_2,0.956984610286534,0.06964791834417568,HD 65907 A,1.202,1.11,8,5
HD 65907 A_2,0.9510997436511486,0.05308881485482008,HD 65907 A,1.202,1.11,8,5
HD 65907 A_2,0.9531561097008607,0.09379947646917007,HD 65907 A,1.202,1.11,8,5
HD 65907 A_2,0.9583676586775796,0.024250614460152715,HD 65907 A,1.202,1.11,8,5
HD 65907 A_2,0.958353300871594,0.043373166383827606,HD 65907 A,1.202,1.11,8,5
HD 65907 A_2,0.9513843941627846,0.05989516652070201,HD 65907 A,1.202,1.11,8,5
HD 65907 A_2,0.9569445659477348,0.031907994908080536,HD 65907 A,1.202,1.11,8,5
HD 65907 A_2,0.952090960920007,0.03400458193627997,HD 65907 A,1.202,1.11,8,5
HD 65907 A_2,0.9543551846497609,0.10475069093092526,HD 65907 A,1.202,1.11,8,5
HD 65907 A_2,0.9588285834475299,0.030461691074036217,HD 65907 A,1.202,1.11,8,5
HD 65907 A_2,0.9589216516754422,0.03440633787540588,HD 65907 A,1.202,1.11,8,5
HD 65907 A_2,0.9550701230661759,0.08132998264490038,HD 65907 A,1.202,1.11,8,5
HD 65907 A_2,0.9584469706610178,0.03235186109210243,HD 65907 A,1.202,1.11,8,5
HD 65907 A_2,0.9530037608211176,0.03323456414502625,HD 65907 A,1.202,1.11,8,5
HD 65907 A_2,0.9599326812842224,0.06589307543871602,HD 65907 A,1.202,1.11,8,5
HD 65907 A_2,0.9553976622820277,0.04894155165467168,HD 65907 A,1.202,1.11,8,5
HD 65907 A_2,0.9651369088608047,0.06468145735270703,HD 65907 A,1.202,1.11,8,5
HD 65907 A_2,0.961034049026758,0.044856624249354535,HD 65907 A,1.202,1.11,8,5
HD 65907 A_2,0.954174447289099,0.04467793688017667,HD 65907 A,1.202,1.11,8,5
HD 65907 A_2,0.9520761217175991,0.045695964305122266,HD 65907 A,1.202,1.11,8,5
HD 65907 A_2,0.9580559728144281,0.03205324257943771,HD 65907 A,1.202,1.11,8,5
HD 65907 A_2,0.9561345182618279,0.05278124056489976,HD 65907 A,1.202,1.11,8,5
HD 65907 A_2,0.956268324579666,0.040642209908309065,HD 65907 A,1.202,1.11,8,5
HD 65907 A_2,0.9562818054016503,0.04245159816439375,HD 65907 A,1.202,1.11,8,5
HD 65907 A_2,0.9586422678657051,0.057262730370370454,HD 65907 A,1.202,1.11,8,5
HD 65907 A_2,0.9569442985745725,0.04783471654347826,HD 65907 A,1.202,1.11,8,5
HD 65907 A_2,0.9557630659145516,0.06768971377735995,HD 65907 A,1.202,1.11,8,5
HD 65907 A_2,0.9540197979111548,0.041598112542909196,HD 65907 A,1.202,1.11,8,5
HD 65907 A_2,0.952555776988979,0.04045409301337667,HD 65907 A,1.202,1.11,8,5
HD 65907 A_2,0.9559406958878891,0.07522921538254207,HD 65907 A,1.202,1.11,8,5
HD 65907 A_2,0.9616643837972262,0.0578497678926472,HD 65907 A,1.202,1.11,8,5
HD 65907 A_2,0.9568484544364315,0.07020470791244227,HD 65907 A,1.202,1.11,8,5
HD 65907 A_2,0.9527593414607028,0.04325307139902958,HD 65907 A,1.202,1.11,8,5
HD 65907 A_2,0.9544513451281964,0.03929943860870497,HD 65907 A,1.202,1.11,8,5
HD 65907 A_2,0.9495527746464051,0.10083156890267106,HD 65907 A,1.202,1.11,8,5
HD 65907 A_2,0.9581536152320377,0.0352567721439944,HD 65907 A,1.202,1.11,8,5
HD 65907 A_2,0.9562296042524903,0.06049248475688473,HD 65907 A,1.202,1.11,8,5
HD 65907 A_2,0.9541096788247808,0.04698946124703272,HD 65907 A,1.202,1.11,8,5
HD 65907 A_2,0.9585020949733137,0.05399052416504389,HD 65907 A,1.202,1.11,8,5
HD 65907 A_2,0.9553628408348837,0.09627513096895887,HD 65907 A,1.202,1.11,8,5
HD 65907 A_2,0.9582234074652103,0.05283758627484285,HD 65907 A,1.202,1.11,8,5
HD 65907 A_2,0.9587254500569391,0.0272545586939871,HD 65907 A,1.202,1.11,8,5
HD 65907 A_2,0.9542111420128578,0.046118702125907546,HD 65907 A,1.202,1.11,8,5
HD 65907 A_2,0.9498525460493996,0.04363894759207271,HD 65907 A,1.202,1.11,8,5
HD 65907 A_2,0.9555241578209809,0.08508023702333156,HD 65907 A,1.202,1.11,8,5
HD 65907 A_2,0.9589591373302622,0.047353560351264715,HD 65907 A,1.202,1.11,8,5
HD 65907 A_2,0.953523936285189,0.04762663016052879,HD 65907 A,1.202,1.11,8,5
HD 65907 A_2,0.957299127736142,0.05408541373247237,HD 65907 A,1.202,1.11,8,5
HD 65907 A_2,0.9535294525784568,0.03217684476840927,HD 65907 A,1.202,1.11,8,5
HD 65907 A_2,0.9506407568248275,0.08853364367274887,HD 65907 A,1.202,1.11,8,5
HD 65907 A_2,0.9561155493189554,0.06363732990889481,HD 65907 A,1.202,1.11,8,5
HD 65907 A_2,0.9585271128126513,0.05239492735744519,HD 65907 A,1.202,1.11,8,5
HD 65907 A_2,0.9500434594280991,0.05228856768650918,HD 65907 A,1.202,1.11,8,5
HD 65907 A_2,0.9585665880454473,0.06201525621239412,HD 65907 A,1.202,1.11,8,5
HD 65907 A_2,0.952806820931709,0.0468401098137636,HD 65907 A,1.202,1.11,8,5
HD 65907 A_2,0.9582906138214806,0.07431570894595133,HD 65907 A,1.202,1.11,8,5
HD 65907 A_2,0.9601438809609895,0.06959664199276207,HD 65907 A,1.202,1.11,8,5
HD 65907 A_2,0.9606318289460226,0.08462105476552152,HD 65907 A,1.202,1.11,8,5
HD 65907 A_2,0.9534650546145659,0.07523778797497156,HD 65907 A,1.202,1.11,8,5
HD 65907 A_2,0.9609421639809378,0.042219638306898066,HD 65907 A,1.202,1.11,8,5
HD 65907 A_2,0.95950342166925,0.04673428573329236,HD 65907 A,1.202,1.11,8,5
HD 65907 A_2,0.9579067537578707,0.02622323374541304,HD 65907 A,1.202,1.11,8,5
HD 65907 A_2,0.9597154330303006,0.081163566602317,HD 65907 A,1.202,1.11,8,5
HD 65907 A_2,0.9585254946139605,0.04157259290814051,HD 65907 A,1.202,1.11,8,5
HD 65907 A_2,0.9604466545171096,0.08192211654035711,HD 65907 A,1.202,1.11,8,5
HD 65907 A_2,0.9545471173684397,0.04312528438118431,HD 65907 A,1.202,1.11,8,5
HD 65907 A_2,0.9577315924675263,0.04387632532768696,HD 65907 A,1.202,1.11,8,5
HD 65907 A_2,0.953954949032736,0.08830329763898633,HD 65907 A,1.202,1.11,8,5
HD 65907 A_2,0.9552555283282335,0.07609355788460204,HD 65907 A,1.202,1.11,8,5
HD 65907 A_2,0.9555924800797759,0.05137592891990747,HD 65907 A,1.202,1.11,8,5
HD 65907 A_2,0.9595323333880137,0.04337318558048316,HD 65907 A,1.202,1.11,8,5
HD 65907 A_2,0.954658953228855,0.05505053339352735,HD 65907 A,1.202,1.11,8,5
HD 65907 A_2,0.9605687833318934,0.03951963613354671,HD 65907 A,1.202,1.11,8,5
HD 65907 A_2,0.9584906513748711,0.05327928985894916,HD 65907 A,1.202,1.11,8,5
HD 65907 A_2,0.9544411955144324,0.031524879307812496,HD 65907 A,1.202,1.11,8,5
HD 65907 A_2,0.9567940051525715,0.024574473481693303,HD 65907 A,1.202,1.11,8,5
HD 65907 A_2,0.9532473329945595,0.07769702480760714,HD 65907 A,1.202,1.11,8,5
HD 65907 A_2,0.9575579835009017,0.04841280437558885,HD 65907 A,1.202,1.11,8,5
HD 65907 A_2,0.949879354201127,0.050843837591013796,HD 65907 A,1.202,1.11,8,5
HD 65907 A_2,0.952981911808266,0.07919654976454359,HD 65907 A,1.202,1.11,8,5
HD 65907 A_2,0.953544833949368,0.07701315979745733,HD 65907 A,1.202,1.11,8,5
HD 65907 A_2,0.9568017392023086,0.05303990236308975,HD 65907 A,1.202,1.11,8,5
HD 65907 A_2,0.9535099308391835,0.07052047090724979,HD 65907 A,1.202,1.11,8,5
HD 65907 A_2,0.9618764518534282,0.03276567925971381,HD 65907 A,1.202,1.11,8,5
HD 65907 A_2,0.9621445599780883,0.0696458496841318,HD 65907 A,1.202,1.11,8,5
HD 65907 A_2,0.9624905076906637,0.026029364200838,HD 65907 A,1.202,1.11,8,5
HD 65907 A_2,0.9557835788113805,0.05121134833055721,HD 65907 A,1.202,1.11,8,5
HD 65907 A_2,0.952782476492756,0.10933563482483247,HD 65907 A,1.202,1.11,8,5
HD 65907 A_2,0.9559283943421348,0.03075818280447676,HD 65907 A,1.202,1.11,8,5
HD 65907 A_2,0.9535739969855688,0.06412771183172582,HD 65907 A,1.202,1.11,8,5
HD 65907 A_2,0.9578885776752256,0.06528181780980034,HD 65907 A,1.202,1.11,8,5
HD 65907 A_2,0.9561808137205771,0.07143327101679947,HD 65907 A,1.202,1.11,8,5
HD 65907 A_2,0.9526027065580285,0.04375187979585532,HD 65907 A,1.202,1.11,8,5
HD 65907 A_2,0.954730678428563,0.07544007398939571,HD 65907 A,1.202,1.11,8,5
HD 65907 A_2,0.9550916052250313,0.0645180061515473,HD 65907 A,1.202,1.11,8,5
HD 65907 A_2,0.961071735928739,0.03332079003490291,HD 65907 A,1.202,1.11,8,5
HD 65907 A_2,0.9511488802625482,0.05731426238310082,HD 65907 A,1.202,1.11,8,5
HD 65907 A_2,0.9555687761918646,0.049527567936830365,HD 65907 A,1.202,1.11,8,5
HD 65907 A_2,0.9552959134026457,0.045965496288748645,HD 65907 A,1.202,1.11,8,5
HD 65907 A_2,0.958259587603821,0.07008470289491997,HD 65907 A,1.202,1.11,8,5
HD 65907 A_2,0.945983746643916,0.08723490709410771,HD 65907 A,1.202,1.11,8,5
HD 65907 A_2,0.9531275688811388,0.04956686275637942,HD 65907 A,1.202,1.11,8,5
HD 65907 A_2,0.9585734091130191,0.05889594120877516,HD 65907 A,1.202,1.11,8,5
HD 65907 A_2,0.9606452195270373,0.04547808147110716,HD 65907 A,1.202,1.11,8,5
HD 65907 A_2,0.9496307596396668,0.039903559157552185,HD 65907 A,1.202,1.11,8,5
HD 65907 A_2,0.9530646149486505,0.05099040229360715,HD 65907 A,1.202,1.11,8,5
HD 65907 A_2,0.9571530642085407,0.04320031811225784,HD 65907 A,1.202,1.11,8,5
HD 65907 A_2,0.9534450041734839,0.05093522791405715,HD 65907 A,1.202,1.11,8,5
HD 65907 A_2,0.9597312769431587,0.03874120088717113,HD 65907 A,1.202,1.11,8,5
HD 65907 A_2,0.9559704284480439,0.05052809925342061,HD 65907 A,1.202,1.11,8,5
HD 65907 A_2,0.9563827127892952,0.051503661719289606,HD 65907 A,1.202,1.11,8,5
HD 65907 A_2,0.9506575071733945,0.05348025985534186,HD 65907 A,1.202,1.11,8,5
HD 65907 A_2,0.9583216979548987,0.020773298830992534,HD 65907 A,1.202,1.11,8,5
HD 65907 A_2,0.962414305224974,0.054247969006632785,HD 65907 A,1.202,1.11,8,5
HD 65907 A_2,0.9579019682506492,0.09029636349093455,HD 65907 A,1.202,1.11,8,5
HD 65907 A_2,0.9588169044663319,0.08476663677654314,HD 65907 A,1.202,1.11,8,5
HD 65907 A_2,0.9586135973801707,0.07156737586293553,HD 65907 A,1.202,1.11,8,5
HD 65907 A_2,0.953078713846936,0.06396280294803282,HD 65907 A,1.202,1.11,8,5
HD 65907 A_2,0.9607499420791648,0.026056633743473688,HD 65907 A,1.202,1.11,8,5
HD 65907 A_2,0.9552226397648417,0.056364249320108376,HD 65907 A,1.202,1.11,8,5
HD 65907 A_2,0.9493164322776267,0.032958708850553645,HD 65907 A,1.202,1.11,8,5
HD 65907 A_2,0.9512965291928323,0.09321731782885714,HD 65907 A,1.202,1.11,8,5
HD 65907 A_2,0.953805921801047,0.035371827863032355,HD 65907 A,1.202,1.11,8,5
HD 65907 A_2,0.9560563777442744,0.03990736758698643,HD 65907 A,1.202,1.11,8,5
HD 65907 A_2,0.9579099676466953,0.0516500916957545,HD 65907 A,1.202,1.11,8,5
HD 65907 A_2,0.9555455114423164,0.048846023326173216,HD 65907 A,1.202,1.11,8,5
HD 65907 A_2,0.9561233362844728,0.08073203735614877,HD 65907 A,1.202,1.11,8,5
HD 65907 A_2,0.9578585777545552,0.06230328373178168,HD 65907 A,1.202,1.11,8,5
HD 65907 A_2,0.9627122507999053,0.03931840208227226,HD 65907 A,1.202,1.11,8,5
HD 65907 A_2,0.9487696876744538,0.04116419608498212,HD 65907 A,1.202,1.11,8,5
HD 65907 A_2,0.9583104378843966,0.04105720532142482,HD 65907 A,1.202,1.11,8,5
HD 65907 A_2,0.9557078980101132,0.05603459225369125,HD 65907 A,1.202,1.11,8,5
HD 65907 A_2,0.9516037698034118,0.07926031020749154,HD 65907 A,1.202,1.11,8,5
HD 65907 A_2,0.9558414660156552,0.030655750624552718,HD 65907 A,1.202,1.11,8,5
HD 65907 A_2,0.952547927124032,0.027391690220956666,HD 65907 A,1.202,1.11,8,5
HD 65907 A_2,0.9530444862698878,0.07128133521747604,HD 65907 A,1.202,1.11,8,5
HD 65907 A_2,0.9536257443516549,0.045244179931494974,HD 65907 A,1.202,1.11,8,5
HD 65907 A_2,0.9562761719670172,0.0811134528753584,HD 65907 A,1.202,1.11,8,5
HD 65907 A_2,0.9514773206753707,0.07520586004116388,HD 65907 A,1.202,1.11,8,5
HD 65907 A_2,0.9491057561133691,0.06292647537834181,HD 65907 A,1.202,1.11,8,5
HD 65907 A_2,0.9541927374311685,0.04708512918480903,HD 65907 A,1.202,1.11,8,5
HD 65907 A_2,0.9553209805489662,0.11543047613573297,HD 65907 A,1.202,1.11,8,5
HD 65907 A_2,0.9575538215912477,0.054542970819782786,HD 65907 A,1.202,1.11,8,5
HD 65907 A_2,0.9585882230568652,0.05899355152342226,HD 65907 A,1.202,1.11,8,5
HD 65907 A_2,0.9536459243468542,0.07481594452427004,HD 65907 A,1.202,1.11,8,5
HD 65907 A_2,0.9532320994176225,0.0593252246566492,HD 65907 A,1.202,1.11,8,5
HD 65907 A_2,0.9546882357970262,0.035182163333656716,HD 65907 A,1.202,1.11,8,5
HD 65907 A_2,0.9527479356528296,0.04591288384199094,HD 65907 A,1.202,1.11,8,5
HD 65907 A_2,0.9643035316155775,0.03997072482159887,HD 65907 A,1.202,1.11,8,5
HD 65907 A_2,0.9512286340553215,0.05260652173869686,HD 65907 A,1.202,1.11,8,5
HD 65907 A_2,0.9545728947785416,0.07861856524120797,HD 65907 A,1.202,1.11,8,5
HD 65907 A_2,0.9606350657408584,0.06679927675875824,HD 65907 A,1.202,1.11,8,5
HD 65907 A_2,0.9566335238393572,0.04961357929200676,HD 65907 A,1.202,1.11,8,5
HD 65907 A_2,0.9562665372711983,0.04695002700087366,HD 65907 A,1.202,1.11,8,5
HD 65907 A_2,0.9555327923338084,0.05116252629074684,HD 65907 A,1.202,1.11,8,5
HD 65907 A_2,0.9600147362098902,0.04541989776203087,HD 65907 A,1.202,1.11,8,5
HD 65907 A_2,0.9533308321280227,0.06294812451594087,HD 65907 A,1.202,1.11,8,5
HD 65907 A_2,0.9597816136457297,0.06863034879253929,HD 65907 A,1.202,1.11,8,5
HD 65907 A_2,0.9520309637646821,0.0223168953051152,HD 65907 A,1.202,1.11,8,5
HD 65907 A_2,0.9554406881011509,0.040700646007580076,HD 65907 A,1.202,1.11,8,5
HD 65907 A_2,0.9517787748435868,0.060924673243217584,HD 65907 A,1.202,1.11,8,5
HD 65907 A_2,0.9540283568050392,0.057674521631466455,HD 65907 A,1.202,1.11,8,5
HD 65907 A_2,0.9570599316909685,0.08066925532607962,HD 65907 A,1.202,1.11,8,5
HD 65907 A_2,0.9586709241144836,0.05931381222655773,HD 65907 A,1.202,1.11,8,5
HD 65907 A_2,0.9583197825712161,0.06573483159441232,HD 65907 A,1.202,1.11,8,5
HD 65907 A_2,0.9562456645559865,0.03342935060882182,HD 65907 A,1.202,1.11,8,5
HD 65907 A_2,0.9485387107704693,0.06536515046525282,HD 65907 A,1.202,1.11,8,5
HD 65907 A_2,0.9520362115093893,0.0853901922597864,HD 65907 A,1.202,1.11,8,5
HD 65907 A_2,0.9611265260847492,0.04925243878427473,HD 65907 A,1.202,1.11,8,5
HD 65907 A_2,0.9565519108086135,0.07273657444420421,HD 65907 A,1.202,1.11,8,5
HD 65907 A_2,0.956992123376714,0.09739478878021689,HD 65907 A,1.202,1.11,8,5
HD 65907 A_2,0.952805171405388,0.04553054704873723,HD 65907 A,1.202,1.11,8,5
HD 65907 A_2,0.9489550149830573,0.06091628889738686,HD 65907 A,1.202,1.11,8,5
HD 65907 A_2,0.9486952503315388,0.058482878791580685,HD 65907 A,1.202,1.11,8,5
HD 65907 A_2,0.9578397998173321,0.045311284823993304,HD 65907 A,1.202,1.11,8,5
HD 65907 A_2,0.9572855039604592,0.042432544002959864,HD 65907 A,1.202,1.11,8,5
HD 65907 A_2,0.9556737076794967,0.07702491055641847,HD 65907 A,1.202,1.11,8,5
HD 65907 A_2,0.9552335443546831,0.051112057023577434,HD 65907 A,1.202,1.11,8,5
HD 65907 A_2,0.9522842579750084,0.07199924539776631,HD 65907 A,1.202,1.11,8,5
HD 65907 A_2,0.955382720244867,0.05845573138698018,HD 65907 A,1.202,1.11,8,5
HD 65907 A_2,0.9509578676137853,0.07388476640702557,HD 65907 A,1.202,1.11,8,5
HD 65907 A_2,0.9500013376332269,0.06963731534719753,HD 65907 A,1.202,1.11,8,5
HD 65907 A_2,0.962454212387022,0.04945770094320296,HD 65907 A,1.202,1.11,8,5
HD 65907 A_2,0.9582132955520272,0.031319597355867035,HD 65907 A,1.202,1.11,8,5
HD 65907 A_2,0.9581751797930823,0.08921405784252104,HD 65907 A,1.202,1.11,8,5
HD 65907 A_2,0.9551846600269192,0.07052433114977628,HD 65907 A,1.202,1.11,8,5
HD 65907 A_2,0.9600084817115884,0.04375112953912842,HD 65907 A,1.202,1.11,8,5
HD 65907 A_2,0.9616455624921454,0.06455982092612164,HD 65907 A,1.202,1.11,8,5
HD 65907 A_2,0.9613991599635019,0.04073442223608711,HD 65907 A,1.202,1.11,8,5
HD 65907 A_2,0.9509242644011832,0.08746381749393156,HD 65907 A,1.202,1.11,8,5
HD 65907 A_2,0.9540201227362956,0.0595651896279753,HD 65907 A,1.202,1.11,8,5
HD 65907 A_2,0.9549899841530536,0.05835582707362688,HD 65907 A,1.202,1.11,8,5
HD 65907 A_2,0.9544525569689779,0.06829621943426192,HD 65907 A,1.202,1.11,8,5
HD 65907 A_2,0.9571651074963106,0.056169507614973406,HD 65907 A,1.202,1.11,8,5
HD 65907 A_2,0.9578389773843293,0.03620745304388145,HD 65907 A,1.202,1.11,8,5
HD 65907 A_2,0.9597998309150574,0.03872018242068571,HD 65907 A,1.202,1.11,8,5
HD 65907 A_2,0.9524416597484587,0.048092907165170104,HD 65907 A,1.202,1.11,8,5
HD 65907 A_2,0.9545453073044755,0.06554128226569558,HD 65907 A,1.202,1.11,8,5
HD 65907 A_2,0.9596140863915847,0.06149720582893194,HD 65907 A,1.202,1.11,8,5
HD 65907 A_2,0.9534291577457938,0.044700153399891016,HD 65907 A,1.202,1.11,8,5
HD 65907 A_2,0.9568820705112682,0.04305493888613219,HD 65907 A,1.202,1.11,8,5
HD 65907 A_2,0.9526000188763769,0.07019402238242689,HD 65907 A,1.202,1.11,8,5
HD 65907 A_2,0.9576750113318022,0.02463339077565357,HD 65907 A,1.202,1.11,8,5
HD 65907 A_2,0.9502487427754966,0.054380315951270575,HD 65907 A,1.202,1.11,8,5
HD 65907 A_2,0.9512538280623194,0.017567204777326574,HD 65907 A,1.202,1.11,8,5
HD 65907 A_2,0.9539596214156092,0.08005835084855399,HD 65907 A,1.202,1.11,8,5
HD 65907 A_2,0.9611445621505335,0.0493235426993182,HD 65907 A,1.202,1.11,8,5
HD 65907 A_2,0.9605726112981244,0.031167864294154718,HD 65907 A,1.202,1.11,8,5
HD 65907 A_2,0.9562591527547954,0.056788241314983806,HD 65907 A,1.202,1.11,8,5
HD 65907 A_2,0.9546262779358861,0.038634361947251665,HD 65907 A,1.202,1.11,8,5
HD 65907 A_2,0.9596367053446032,0.05997185444118698,HD 65907 A,1.202,1.11,8,5
HD 65907 A_2,0.9549825672997505,0.07602116655114767,HD 65907 A,1.202,1.11,8,5
HD 65907 A_2,0.952351235662649,0.060666387484347176,HD 65907 A,1.202,1.11,8,5
HD 65907 A_2,0.956912731714731,0.053372612428911566,HD 65907 A,1.202,1.11,8,5
HD 65907 A_2,0.9517558655480982,0.07374855881906717,HD 65907 A,1.202,1.11,8,5
HD 65907 A_2,0.9559803837137677,0.066329416958257,HD 65907 A,1.202,1.11,8,5
HD 65907 A_2,0.957263313349689,0.053003259946760084,HD 65907 A,1.202,1.11,8,5
HD 65907 A_2,0.9514163191242275,0.04006243653337708,HD 65907 A,1.202,1.11,8,5
HD 65907 A_2,0.9570866392779637,0.04481545862376454,HD 65907 A,1.202,1.11,8,5
HD 65907 A_2,0.9550325322044919,0.07795735825580866,HD 65907 A,1.202,1.11,8,5
HD 65907 A_2,0.95390977738891,0.06010659636557286,HD 65907 A,1.202,1.11,8,5
HD 65907 A_2,0.9572448843726001,0.06598945704622006,HD 65907 A,1.202,1.11,8,5
HD 65907 A_2,0.9547089085076621,0.04926400189226384,HD 65907 A,1.202,1.11,8,5
HD 65907 A_2,0.9489964553427188,0.049454323053450225,HD 65907 A,1.202,1.11,8,5
HD 65907 A_2,0.9593623246263202,0.05115210751033696,HD 65907 A,1.202,1.11,8,5
HD 65907 A_2,0.9601084016213756,0.019954321375560455,HD 65907 A,1.202,1.11,8,5
HD 65907 A_2,0.9574630345319602,0.052272874376225104,HD 65907 A,1.202,1.11,8,5
HD 65907 A_2,0.9500685568061026,0.08001551866208795,HD 65907 A,1.202,1.11,8,5
HD 65907 A_2,0.9527675367269693,0.04555762648520725,HD 65907 A,1.202,1.11,8,5
HD 65907 A_2,0.9574064729899607,0.11159020783533474,HD 65907 A,1.202,1.11,8,5
HD 65907 A_2,0.9586787858809648,0.006743629075931484,HD 65907 A,1.202,1.11,8,5
HD 65907 A_2,0.9531430103591045,0.05999052148748922,HD 65907 A,1.202,1.11,8,5
HD 65907 A_2,0.9586705928442883,0.05719677895886182,HD 65907 A,1.202,1.11,8,5
HD 65907 A_2,0.9522501208989494,0.1220275086733566,HD 65907 A,1.202,1.11,8,5
HD 65907 A_2,0.9590348149852855,0.060043457216977646,HD 65907 A,1.202,1.11,8,5
HD 65907 A_2,0.9563957458125016,0.056012562488974224,HD 65907 A,1.202,1.11,8,5
HD 65907 A_2,0.9554259091220257,0.035221760918245956,HD 65907 A,1.202,1.11,8,5
HD 65907 A_2,0.9513155715931152,0.06574871071038911,HD 65907 A,1.202,1.11,8,5
HD 65907 A_2,0.9586488542943755,0.05725452135394282,HD 65907 A,1.202,1.11,8,5
HD 65907 A_2,0.9552791172899247,0.05889281789454065,HD 65907 A,1.202,1.11,8,5
HD 65907 A_2,0.9554144476857431,0.04590831963302558,HD 65907 A,1.202,1.11,8,5
HD 65907 A_2,0.9531066658504938,0.032095531152397085,HD 65907 A,1.202,1.11,8,5
HD 65907 A_2,0.955973832928499,0.0462085366941857,HD 65907 A,1.202,1.11,8,5
HD 65907 A_2,0.9623153490001666,0.04927649337160662,HD 65907 A,1.202,1.11,8,5
HD 65907 A_2,0.9543008941621216,0.06192478472349421,HD 65907 A,1.202,1.11,8,5
HD 65907 A_2,0.958847163819291,0.03486803178550693,HD 65907 A,1.202,1.11,8,5
HD 65907 A_2,0.957672473359092,0.052722213236419325,HD 65907 A,1.202,1.11,8,5
HD 65907 A_2,0.95110053294564,0.05277117628688538,HD 65907 A,1.202,1.11,8,5
HD 65907 A_2,0.9577332874816467,0.04672613049930473,HD 65907 A,1.202,1.11,8,5
HD 65907 A_2,0.9491899372998149,0.07632565769914001,HD 65907 A,1.202,1.11,8,5
HD 65907 A_2,0.9505384773448502,0.05978425382556277,HD 65907 A,1.202,1.11,8,5
HD 65907 A_2,0.9583180134561736,0.04071470515210056,HD 65907 A,1.202,1.11,8,5
HD 65907 A_2,0.9556963829207425,0.06418157317463587,HD 65907 A,1.202,1.11,8,5
HD 65907 A_2,0.96018049888221,0.05595568084153443,HD 65907 A,1.202,1.11,8,5
HD 65907 A_2,0.9565365834860907,0.0269506427631432,HD 65907 A,1.202,1.11,8,5
HD 65907 A_2,0.9549939917837706,0.06989042702942393,HD 65907 A,1.202,1.11,8,5
HD 65907 A_2,0.9536936737550288,0.06378149976763411,HD 65907 A,1.202,1.11,8,5
HD 65907 A_2,0.9563579646814171,0.053367527709258566,HD 65907 A,1.202,1.11,8,5
HD 65907 A_2,0.9554485140956819,0.024136036952688303,HD 65907 A,1.202,1.11,8,5
HD 65907 A_2,0.9568646437753029,0.07199449686705817,HD 65907 A,1.202,1.11,8,5
HD 65907 A_2,0.9611165699949512,0.02665818737492103,HD 65907 A,1.202,1.11,8,5
HD 65907 A_2,0.9544943319327797,0.10043732575977997,HD 65907 A,1.202,1.11,8,5
HD 65907 A_2,0.9612998141463376,0.05266239199280547,HD 65907 A,1.202,1.11,8,5
HD 65907 A_2,0.9579847043557003,0.06311379879756583,HD 65907 A,1.202,1.11,8,5
HD 65907 A_2,0.9565589370295116,0.03746649013985611,HD 65907 A,1.202,1.11,8,5
HD 65907 A_2,0.9515852707222283,0.05635456589311232,HD 65907 A,1.202,1.11,8,5
HD 65907 A_2,0.9596744802075869,0.02969051731444017,HD 65907 A,1.202,1.11,8,5
HD 65907 A_2,0.9526548646281646,0.047186280402126274,HD 65907 A,1.202,1.11,8,5
HD 65907 A_2,0.9563376559332821,0.041344183950166744,HD 65907 A,1.202,1.11,8,5
HD 65907 A_2,0.9516403051944499,0.07553786519350793,HD 65907 A,1.202,1.11,8,5
HD 65907 A_2,0.9491292422368711,0.08565124278914882,HD 65907 A,1.202,1.11,8,5
HD 65907 A_2,0.9542023475488692,0.10691249710113218,HD 65907 A,1.202,1.11,8,5
HD 65907 A_2,0.9581862095256389,0.058566759652397826,HD 65907 A,1.202,1.11,8,5
HD 65907 A_2,0.9529420288634125,0.06653362264829657,HD 65907 A,1.202,1.11,8,5
HD 65907 A_2,0.955532864235773,0.05668832186148542,HD 65907 A,1.202,1.11,8,5
HD 65907 A_2,0.9543802826654901,0.046025351534764024,HD 65907 A,1.202,1.11,8,5
HD 65907 A_2,0.95274258170168,0.05434920472636959,HD 65907 A,1.202,1.11,8,5
HD 65907 A_2,0.9535403578439049,0.04002027298110189,HD 65907 A,1.202,1.11,8,5
HD 65907 A_2,0.9609795974639638,0.0442054401292397,HD 65907 A,1.202,1.11,8,5
HD 65907 A_2,0.9510831442792527,0.05642674521815072,HD 65907 A,1.202,1.11,8,5
HD 65907 A_2,0.9527511441128512,0.0871917807856544,HD 65907 A,1.202,1.11,8,5
HD 65907 A_2,0.9562455860473857,0.06057703831325051,HD 65907 A,1.202,1.11,8,5
HD 65907 A_2,0.9580322211324571,0.061303632462668206,HD 65907 A,1.202,1.11,8,5
HD 65907 A_2,0.954291107371356,0.07636983701275021,HD 65907 A,1.202,1.11,8,5
HD 65907 A_2,0.9504461587978774,0.055595348119879685,HD 65907 A,1.202,1.11,8,5
HD 65907 A_2,0.9568369206765501,0.07677684375017838,HD 65907 A,1.202,1.11,8,5
HD 65907 A_2,0.9578265254855232,0.04605322177814962,HD 65907 A,1.202,1.11,8,5
HD 65907 A_2,0.9578559624572747,0.04054704470985951,HD 65907 A,1.202,1.11,8,5
HD 65907 A_2,0.9605239269905433,0.04960251561375276,HD 65907 A,1.202,1.11,8,5
HD 65907 A_2,0.9579289736852027,0.0514650706274203,HD 65907 A,1.202,1.11,8,5
HD 65907 A_2,0.9561033806203789,0.062357563656025045,HD 65907 A,1.202,1.11,8,5
HD 65907 A_2,0.9568037269922746,0.08078775549446914,HD 65907 A,1.202,1.11,8,5
HD 65907 A_2,0.95896072642748,0.05039498583056384,HD 65907 A,1.202,1.11,8,5
HD 65907 A_2,0.9607591834378901,0.04001441700883709,HD 65907 A,1.202,1.11,8,5
HD 65907 A_2,0.9610384954925913,0.04565504086172458,HD 65907 A,1.202,1.11,8,5
HD 65907 A_2,0.9567449735215663,0.04104651743164026,HD 65907 A,1.202,1.11,8,5
HD 65907 A_2,0.9539113404342785,0.045389653445520324,HD 65907 A,1.202,1.11,8,5
HD 65907 A_2,0.9547786480864598,0.06765594259599074,HD 65907 A,1.202,1.11,8,5
HD 65907 A_2,0.9508220293141172,0.06381022476270991,HD 65907 A,1.202,1.11,8,5
HD 65907 A_2,0.9545123427668402,0.053688205700496885,HD 65907 A,1.202,1.11,8,5
HD 65907 A_2,0.9551514149680257,0.1069938554691134,HD 65907 A,1.202,1.11,8,5
HD 65907 A_2,0.9546129621591224,0.1015243241124731,HD 65907 A,1.202,1.11,8,5
HD 65907 A_2,0.9594170787037307,0.03128107438133314,HD 65907 A,1.202,1.11,8,5
HD 65907 A_2,0.9564514331003778,0.08080413850495048,HD 65907 A,1.202,1.11,8,5
HD 65907 A_2,0.9560766901470845,0.07331815758709383,HD 65907 A,1.202,1.11,8,5
HD 65907 A_2,0.9550581724441698,0.08320278176271922,HD 65907 A,1.202,1.11,8,5
HD 65907 A_2,0.9588364026888999,0.04689382558279161,HD 65907 A,1.202,1.11,8,5
HD 65907 A_2,0.9578049635293217,0.05158780567987152,HD 65907 A,1.202,1.11,8,5
HD 65907 A_2,0.9557637098666967,0.06419804744236529,HD 65907 A,1.202,1.11,8,5
HD 65907 A_2,0.9515353172553204,0.0959206501122036,HD 65907 A,1.202,1.11,8,5
HD 65907 A_2,0.9547171560148294,0.06529756429752143,HD 65907 A,1.202,1.11,8,5
HD 65907 A_2,0.9537218655326505,0.04915315516924996,HD 65907 A,1.202,1.11,8,5
HD 65907 A_2,0.9588251220419718,0.06795776752326138,HD 65907 A,1.202,1.11,8,5
HD 65907 A_2,0.9556821029091853,0.06059233483568384,HD 65907 A,1.202,1.11,8,5
HD 65907 A_2,0.9532213192495393,0.06779295335028053,HD 65907 A,1.202,1.11,8,5
HD 65907 A_2,0.956257403664685,0.054805926804401064,HD 65907 A,1.202,1.11,8,5
HD 65907 A_2,0.9572451116708028,0.07382467967813464,HD 65907 A,1.202,1.11,8,5
HD 65907 A_2,0.9579935268758826,0.06104103170770844,HD 65907 A,1.202,1.11,8,5
HD 65907 A_2,0.9504325685574285,0.05819016861074174,HD 65907 A,1.202,1.11,8,5
HD 65907 A_2,0.9551501016921297,0.06085718536853034,HD 65907 A,1.202,1.11,8,5
HD 65907 A_2,0.9498558594541104,0.0472533823406356,HD 65907 A,1.202,1.11,8,5
HD 65907 A_2,0.9552152227413081,0.07285129294755159,HD 65907 A,1.202,1.11,8,5
HD 65907 A_2,0.9561942498354195,0.0782479615291129,HD 65907 A,1.202,1.11,8,5
HD 65907 A_2,0.9600436571200942,0.04880813157431432,HD 65907 A,1.202,1.11,8,5
HD 65907 A_2,0.9572548102185923,0.05500210992360924,HD 65907 A,1.202,1.11,8,5
HD 65907 A_2,0.9620061651783189,0.04427987485054608,HD 65907 A,1.202,1.11,8,5
HD 65907 A_2,0.9577069441806771,0.03651657865788264,HD 65907 A,1.202,1.11,8,5
HD 65907 A_2,0.9535894597486095,0.06937225642364983,HD 65907 A,1.202,1.11,8,5
HD 65907 A_2,0.9588103319995308,0.02869457787011942,HD 65907 A,1.202,1.11,8,5
HD 65907 A_2,0.9564178183569871,0.05906139290362465,HD 65907 A,1.202,1.11,8,5
HD 65907 A_2,0.9509715674171683,0.05881119288475657,HD 65907 A,1.202,1.11,8,5
HD 65907 A_2,0.9557624911047661,0.037590445832213236,HD 65907 A,1.202,1.11,8,5
HD 65907 A_2,0.9588250141019629,0.05701221330094972,HD 65907 A,1.202,1.11,8,5
HD 65907 A_2,0.957320959174971,0.0014421129161857893,HD 65907 A,1.202,1.11,8,5
HD 65907 A_2,0.9583632243448617,0.04834089893359067,HD 65907 A,1.202,1.11,8,5
HD 65907 A_2,0.9557588075644188,0.04777870478801039,HD 65907 A,1.202,1.11,8,5
HD 65907 A_2,0.958319949077512,0.07025328459849262,HD 65907 A,1.202,1.11,8,5
HD 65907 A_2,0.9586566064226636,0.032211855781573734,HD 65907 A,1.202,1.11,8,5
HD 65907 A_2,0.9540861635984529,0.036939495686297966,HD 65907 A,1.202,1.11,8,5
HD 65907 A_2,0.9508986040423848,0.06454166176528858,HD 65907 A,1.202,1.11,8,5
HD 65907 A_2,0.9532706257123574,0.06505361585743817,HD 65907 A,1.202,1.11,8,5
HD 65907 A_2,0.9462978132337209,0.06822045983011689,HD 65907 A,1.202,1.11,8,5
HD 65907 A_2,0.9507150224797968,0.051890622167394415,HD 65907 A,1.202,1.11,8,5
HD 65907 A_2,0.9606235253266387,0.014991345927777157,HD 65907 A,1.202,1.11,8,5
HD 65907 A_2,0.9504401732093385,0.0521443870032228,HD 65907 A,1.202,1.11,8,5
HD 65907 A_2,0.9597018044054968,0.043267705358255006,HD 65907 A,1.202,1.11,8,5
HD 65907 A_2,0.9565877031026581,0.06936435444564502,HD 65907 A,1.202,1.11,8,5
HD 65907 A_2,0.9569620981580298,0.029379483415279656,HD 65907 A,1.202,1.11,8,5
HD 65907 A_2,0.9642947206254379,0.026264704198062948,HD 65907 A,1.202,1.11,8,5
HD 65907 A_2,0.9598845544365009,0.03462071799750689,HD 65907 A,1.202,1.11,8,5
HD 65907 A_2,0.9561095127698822,0.059834228372106085,HD 65907 A,1.202,1.11,8,5
HD 65907 A_2,0.9565780289002404,0.06052943379639414,HD 65907 A,1.202,1.11,8,5
HD 65907 A_2,0.9539008439997866,0.039437649289995706,HD 65907 A,1.202,1.11,8,5
HD 65907 A_2,0.9522505059909426,0.032767509956569796,HD 65907 A,1.202,1.11,8,5
HD 65907 A_2,0.9583876033061873,0.027410692640203196,HD 65907 A,1.202,1.11,8,5
HD 65907 A_2,0.9641457733973414,0.035687037823946756,HD 65907 A,1.202,1.11,8,5
HD 65907 A_2,0.9538595130779736,0.0351309472193385,HD 65907 A,1.202,1.11,8,5
HD 65907 A_2,0.9531001400892478,0.06161074244582476,HD 65907 A,1.202,1.11,8,5
HD 65907 A_2,0.9567586519871967,0.049897783322648534,HD 65907 A,1.202,1.11,8,5
HD 65907 A_2,0.9558532995073925,0.028397151302228144,HD 65907 A,1.202,1.11,8,5
HD 65907 A_2,0.9624498828318422,0.050174230909850334,HD 65907 A,1.202,1.11,8,5
HD 65907 A_2,0.9532136993504139,0.03174354104638405,HD 65907 A,1.202,1.11,8,5
HD 65907 A_2,0.9552237772289269,0.08051051496759182,HD 65907 A,1.202,1.11,8,5
HD 65907 A_2,0.9554113319068777,0.04026157027938015,HD 65907 A,1.202,1.11,8,5
HD 65907 A_2,0.9600655373345148,0.022575325367284474,HD 65907 A,1.202,1.11,8,5
HD 65907 A_2,0.9624691527885353,0.008562820025783638,HD 65907 A,1.202,1.11,8,5
HD 65907 A_2,0.9608422454912007,0.03561880797345805,HD 65907 A,1.202,1.11,8,5
HD 65907 A_2,0.9532050985416315,0.03976055099368539,HD 65907 A,1.202,1.11,8,5
HD 65907 A_2,0.9564788029828631,0.08067775143412848,HD 65907 A,1.202,1.11,8,5
HD 65907 A_2,0.9503169401039416,0.05911283843082484,HD 65907 A,1.202,1.11,8,5
HD 65907 A_2,0.9529781398684214,0.04154120611267453,HD 65907 A,1.202,1.11,8,5
HD 65907 A_2,0.9582167441043803,0.07046760593307226,HD 65907 A,1.202,1.11,8,5
HD 65907 A_2,0.9517591369454899,0.030584572156058067,HD 65907 A,1.202,1.11,8,5
HD 65907 A_2,0.9584395385274562,0.04596547269165789,HD 65907 A,1.202,1.11,8,5
HD 65907 A_2,0.9528062001104448,0.045000619156064514,HD 65907 A,1.202,1.11,8,5
HD 65907 A_2,0.9502870344638344,0.06437413118839425,HD 65907 A,1.202,1.11,8,5
HD 65907 A_2,0.9500272376520846,0.06790434748432142,HD 65907 A,1.202,1.11,8,5
HD 65907 A_2,0.954231497079931,0.02546831095073316,HD 65907 A,1.202,1.11,8,5
HD 65907 A_2,0.9568879297779868,0.04122622314653805,HD 65907 A,1.202,1.11,8,5
HD 65907 A_2,0.9517737307579893,0.0644821933828018,HD 65907 A,1.202,1.11,8,5
HD 65907 A_2,0.9580698666552986,0.023741952970144562,HD 65907 A,1.202,1.11,8,5
HD 65907 A_2,0.9599838202553719,0.0535670367516407,HD 65907 A,1.202,1.11,8,5
HD 65907 A_2,0.9574929165626164,0.05167072730410224,HD 65907 A,1.202,1.11,8,5
HD 65907 A_2,0.9489169278055213,0.06327074497080412,HD 65907 A,1.202,1.11,8,5
HD 65907 A_2,0.9559961049119381,0.06161797772047699,HD 65907 A,1.202,1.11,8,5
HD 65907 A_2,0.9573486826821364,0.08023841544224784,HD 65907 A,1.202,1.11,8,5
HD 65907 A_2,0.9606402643225456,0.05799048977941657,HD 65907 A,1.202,1.11,8,5
HD 128621_4,1.2468184093101997,0.05576272038169253,HD 128621,1.179,0.94,8,8
HD 128621_4,1.246476184764007,0.05718625138159625,HD 128621,1.179,0.94,8,8
HD 128621_4,1.2466962449020635,0.0567695613774592,HD 128621,1.179,0.94,8,8
HD 128621_4,1.2463503990068192,0.057154986426628404,HD 128621,1.179,0.94,8,8
HD 128621_4,1.246247851414056,0.056682664519753276,HD 128621,1.179,0.94,8,8
HD 128621_4,1.2460064548705372,0.055859831859007045,HD 128621,1.179,0.94,8,8
HD 128621_4,1.246624107979804,0.05554034147895582,HD 128621,1.179,0.94,8,8
HD 128621_4,1.246365839712588,0.05611896597423917,HD 128621,1.179,0.94,8,8
HD 128621_4,1.2465921607054988,0.055368788896132816,HD 128621,1.179,0.94,8,8
HD 128621_4,1.2466424467296437,0.055785326885233355,HD 128621,1.179,0.94,8,8
HD 128621_4,1.2464319769113548,0.057154564181755435,HD 128621,1.179,0.94,8,8
HD 128621_4,1.2465831976615684,0.05701987772224098,HD 128621,1.179,0.94,8,8
HD 128621_4,1.2459929678458241,0.05718127827836628,HD 128621,1.179,0.94,8,8
HD 128621_4,1.2459250184246546,0.05594233891769791,HD 128621,1.179,0.94,8,8
HD 128621_4,1.2463753848905734,0.056403813620681094,HD 128621,1.179,0.94,8,8
HD 128621_4,1.246543061676921,0.057673876782715995,HD 128621,1.179,0.94,8,8
HD 128621_4,1.2469911761276524,0.05865446593862538,HD 128621,1.179,0.94,8,8
HD 128621_4,1.2461895599194457,0.05575574406681428,HD 128621,1.179,0.94,8,8
HD 128621_4,1.2468858462436694,0.05773199638671398,HD 128621,1.179,0.94,8,8
HD 128621_4,1.2465262852461134,0.0566901927109188,HD 128621,1.179,0.94,8,8
HD 128621_4,1.2469899015853383,0.05608397162587048,HD 128621,1.179,0.94,8,8
HD 128621_4,1.2460099533358953,0.05497537650934163,HD 128621,1.179,0.94,8,8
HD 128621_4,1.2470255956651117,0.05723307638432324,HD 128621,1.179,0.94,8,8
HD 128621_4,1.2463498681418346,0.05666708988708352,HD 128621,1.179,0.94,8,8
HD 128621_4,1.2461112646180024,0.05683380132750988,HD 128621,1.179,0.94,8,8
HD 128621_4,1.2467426774919268,0.05626381466407016,HD 128621,1.179,0.94,8,8
HD 128621_4,1.2466714330973336,0.05698894299836635,HD 128621,1.179,0.94,8,8
HD 128621_4,1.2466962599279796,0.05677314767287696,HD 128621,1.179,0.94,8,8
HD 128621_4,1.246584457590605,0.05781142749913086,HD 128621,1.179,0.94,8,8
HD 128621_4,1.2465727357085972,0.05525169648430907,HD 128621,1.179,0.94,8,8
HD 128621_4,1.2463285881265018,0.05483892918036918,HD 128621,1.179,0.94,8,8
HD 128621_4,1.2466313883937807,0.05649256964235735,HD 128621,1.179,0.94,8,8
HD 128621_4,1.2460090900963587,0.05704099237416595,HD 128621,1.179,0.94,8,8
HD 128621_4,1.24609527849784,0.054305967259987244,HD 128621,1.179,0.94,8,8
HD 128621_4,1.2469727809686264,0.056933599287281034,HD 128621,1.179,0.94,8,8
HD 128621_4,1.2465492389052408,0.05676513704043542,HD 128621,1.179,0.94,8,8
HD 128621_4,1.2465526333177004,0.058861552337619576,HD 128621,1.179,0.94,8,8
HD 128621_4,1.2467593277295088,0.057005699662309485,HD 128621,1.179,0.94,8,8
HD 128621_4,1.2461713693305132,0.056025110839001295,HD 128621,1.179,0.94,8,8
HD 128621_4,1.2466602621245022,0.05583106287668887,HD 128621,1.179,0.94,8,8
HD 128621_4,1.245903969809806,0.05619085150333535,HD 128621,1.179,0.94,8,8
HD 128621_4,1.2457619705820326,0.054218624450081805,HD 128621,1.179,0.94,8,8
HD 128621_4,1.2463524263332393,0.056342737232630426,HD 128621,1.179,0.94,8,8
HD 128621_4,1.247180988134171,0.05762762085056249,HD 128621,1.179,0.94,8,8
HD 128621_4,1.2464202902342507,0.05730138736935211,HD 128621,1.179,0.94,8,8
HD 128621_4,1.2464296669009562,0.056790938801084316,HD 128621,1.179,0.94,8,8
HD 128621_4,1.2467042557228942,0.056738051902000736,HD 128621,1.179,0.94,8,8
HD 128621_4,1.246680378225196,0.05560436342807539,HD 128621,1.179,0.94,8,8
HD 128621_4,1.246219544230177,0.057136741701380576,HD 128621,1.179,0.94,8,8
HD 128621_4,1.2463007865821156,0.0568198218179562,HD 128621,1.179,0.94,8,8
HD 128621_4,1.2462061662197823,0.05585901746428924,HD 128621,1.179,0.94,8,8
HD 128621_4,1.2466309894924161,0.058062428323670034,HD 128621,1.179,0.94,8,8
HD 128621_4,1.2464682565573753,0.056881962289505254,HD 128621,1.179,0.94,8,8
HD 128621_4,1.2464122288520811,0.05571416477195074,HD 128621,1.179,0.94,8,8
HD 128621_4,1.246745551063794,0.05743110811744275,HD 128621,1.179,0.94,8,8
HD 128621_4,1.2456754897303521,0.055524975614289304,HD 128621,1.179,0.94,8,8
HD 128621_4,1.2461944910005072,0.05516494433185758,HD 128621,1.179,0.94,8,8
HD 128621_4,1.246353990750972,0.057410937022112085,HD 128621,1.179,0.94,8,8
HD 128621_4,1.2463614789451531,0.05802204182497404,HD 128621,1.179,0.94,8,8
HD 128621_4,1.2463009742112243,0.056892827164492794,HD 128621,1.179,0.94,8,8
HD 128621_4,1.2468066217032026,0.0566963301865716,HD 128621,1.179,0.94,8,8
HD 128621_4,1.2461507040188828,0.05565175128033545,HD 128621,1.179,0.94,8,8
HD 128621_4,1.2466938364987976,0.05710757207133143,HD 128621,1.179,0.94,8,8
HD 128621_4,1.2465660427302825,0.055531163872315326,HD 128621,1.179,0.94,8,8
HD 128621_4,1.2464760635940626,0.05650748077989192,HD 128621,1.179,0.94,8,8
HD 128621_4,1.24638504031291,0.05606899437144913,HD 128621,1.179,0.94,8,8
HD 128621_4,1.2465889427225638,0.055403302312289134,HD 128621,1.179,0.94,8,8
HD 128621_4,1.2460812829365813,0.05639253749364979,HD 128621,1.179,0.94,8,8
HD 128621_4,1.246639107139036,0.05738084197171781,HD 128621,1.179,0.94,8,8
HD 128621_4,1.246944902983818,0.05512636929275336,HD 128621,1.179,0.94,8,8
HD 128621_4,1.246369526126574,0.05705142333304581,HD 128621,1.179,0.94,8,8
HD 128621_4,1.2465140106745658,0.05617258445299163,HD 128621,1.179,0.94,8,8
HD 128621_4,1.2464414053986683,0.0550222191545434,HD 128621,1.179,0.94,8,8
HD 128621_4,1.246270438158376,0.05441284786497343,HD 128621,1.179,0.94,8,8
HD 128621_4,1.246152061080943,0.058077059043369336,HD 128621,1.179,0.94,8,8
HD 128621_4,1.246526969881553,0.056021630504466485,HD 128621,1.179,0.94,8,8
HD 128621_4,1.2459158321331272,0.054688513109979846,HD 128621,1.179,0.94,8,8
HD 128621_4,1.2465138157298175,0.05733704486125812,HD 128621,1.179,0.94,8,8
HD 128621_4,1.2466740601692667,0.05742765244679557,HD 128621,1.179,0.94,8,8
HD 128621_4,1.2463607614835643,0.05587595309467916,HD 128621,1.179,0.94,8,8
HD 128621_4,1.2468578258806227,0.05659888538252279,HD 128621,1.179,0.94,8,8
HD 128621_4,1.246208953859645,0.05659394274920551,HD 128621,1.179,0.94,8,8
HD 128621_4,1.2459652750789019,0.05627390129600003,HD 128621,1.179,0.94,8,8
HD 128621_4,1.2462396795164699,0.05592309730072133,HD 128621,1.179,0.94,8,8
HD 128621_4,1.2462734932041528,0.055984117643643035,HD 128621,1.179,0.94,8,8
HD 128621_4,1.2463782683740334,0.05649734004561104,HD 128621,1.179,0.94,8,8
HD 128621_4,1.2467880424876128,0.05707880497261299,HD 128621,1.179,0.94,8,8
HD 128621_4,1.246300811745135,0.058409329340503024,HD 128621,1.179,0.94,8,8
HD 128621_4,1.2467745593409458,0.05614602824375389,HD 128621,1.179,0.94,8,8
HD 128621_4,1.246472487485175,0.057214654403900854,HD 128621,1.179,0.94,8,8
HD 128621_4,1.2465873968634846,0.05673646526974127,HD 128621,1.179,0.94,8,8
HD 128621_4,1.2465767413168451,0.05657420366280282,HD 128621,1.179,0.94,8,8
HD 128621_4,1.246964998585579,0.05690589160689737,HD 128621,1.179,0.94,8,8
HD 128621_4,1.2465594588779716,0.057211589956599196,HD 128621,1.179,0.94,8,8
HD 128621_4,1.2464976405877812,0.05585951446549938,HD 128621,1.179,0.94,8,8
HD 128621_4,1.2461673906690076,0.055963023891367016,HD 128621,1.179,0.94,8,8
HD 128621_4,1.246703269264603,0.054962404083896584,HD 128621,1.179,0.94,8,8
HD 128621_4,1.2463475593913496,0.05537890580309947,HD 128621,1.179,0.94,8,8
HD 128621_4,1.2465979967387548,0.055945001365891325,HD 128621,1.179,0.94,8,8
HD 128621_4,1.2463827563261827,0.05744214964735963,HD 128621,1.179,0.94,8,8
HD 128621_4,1.2465388206849701,0.055430184130132655,HD 128621,1.179,0.94,8,8
HD 128621_4,1.2463790043019953,0.05673700036701451,HD 128621,1.179,0.94,8,8
HD 128621_4,1.2462512900958318,0.055114342503019796,HD 128621,1.179,0.94,8,8
HD 128621_4,1.2468993729601228,0.055049326924596825,HD 128621,1.179,0.94,8,8
HD 128621_4,1.2468364388547388,0.056006168577330935,HD 128621,1.179,0.94,8,8
HD 128621_4,1.2464955325485265,0.05630287132725378,HD 128621,1.179,0.94,8,8
HD 128621_4,1.246416713250132,0.0572941599420931,HD 128621,1.179,0.94,8,8
HD 128621_4,1.2461063979759048,0.05689348109687201,HD 128621,1.179,0.94,8,8
HD 128621_4,1.24652579956901,0.05892519605493258,HD 128621,1.179,0.94,8,8
HD 128621_4,1.246807771597845,0.055634583041802736,HD 128621,1.179,0.94,8,8
HD 128621_4,1.2463927048322576,0.05677146444279669,HD 128621,1.179,0.94,8,8
HD 128621_4,1.2462334819248162,0.05776544155921798,HD 128621,1.179,0.94,8,8
HD 128621_4,1.2463936046500628,0.05616206946506361,HD 128621,1.179,0.94,8,8
HD 128621_4,1.246162850930559,0.0548530691197795,HD 128621,1.179,0.94,8,8
HD 128621_4,1.2464257239147931,0.05664493095229348,HD 128621,1.179,0.94,8,8
HD 128621_4,1.246355076646083,0.05476830286281847,HD 128621,1.179,0.94,8,8
HD 128621_4,1.2466861809147367,0.058668223131009084,HD 128621,1.179,0.94,8,8
HD 128621_4,1.246863367737958,0.056053592120094566,HD 128621,1.179,0.94,8,8
HD 128621_4,1.246970142503666,0.05751289225098507,HD 128621,1.179,0.94,8,8
HD 128621_4,1.2467579359755347,0.055851108406884634,HD 128621,1.179,0.94,8,8
HD 128621_4,1.2463607192870296,0.0556035221179762,HD 128621,1.179,0.94,8,8
HD 128621_4,1.2463533045088935,0.057554689475355796,HD 128621,1.179,0.94,8,8
HD 128621_4,1.246731107405377,0.057699965468089705,HD 128621,1.179,0.94,8,8
HD 128621_4,1.246148052343719,0.05397386509807952,HD 128621,1.179,0.94,8,8
HD 128621_4,1.246383599129662,0.058217790903172306,HD 128621,1.179,0.94,8,8
HD 128621_4,1.2461457672705603,0.05549752527547863,HD 128621,1.179,0.94,8,8
HD 128621_4,1.2466254594016466,0.056170211809983606,HD 128621,1.179,0.94,8,8
HD 128621_4,1.2470573185466565,0.05614024661400831,HD 128621,1.179,0.94,8,8
HD 128621_4,1.2462003442586382,0.055804495518706226,HD 128621,1.179,0.94,8,8
HD 128621_4,1.246490011173982,0.05684420625924735,HD 128621,1.179,0.94,8,8
HD 128621_4,1.2460145669659939,0.05661841631625639,HD 128621,1.179,0.94,8,8
HD 128621_4,1.2466553328565497,0.05595884186380887,HD 128621,1.179,0.94,8,8
HD 128621_4,1.2463252458787204,0.05690228371160346,HD 128621,1.179,0.94,8,8
HD 128621_4,1.2463919692056518,0.05627883871009107,HD 128621,1.179,0.94,8,8
HD 128621_4,1.2463945605132372,0.057243260499181624,HD 128621,1.179,0.94,8,8
HD 128621_4,1.2465905557347412,0.05539432724128628,HD 128621,1.179,0.94,8,8
HD 128621_4,1.2469189164224204,0.05701242956364207,HD 128621,1.179,0.94,8,8
HD 128621_4,1.2465708613985511,0.057916045196295375,HD 128621,1.179,0.94,8,8
HD 128621_4,1.247045791490359,0.05832322083202329,HD 128621,1.179,0.94,8,8
HD 128621_4,1.2467068418776575,0.05482388472734856,HD 128621,1.179,0.94,8,8
HD 128621_4,1.2465745616358914,0.056899600759321024,HD 128621,1.179,0.94,8,8
HD 128621_4,1.2465764584253898,0.05694136410014367,HD 128621,1.179,0.94,8,8
HD 128621_4,1.24648886696922,0.05712804212098878,HD 128621,1.179,0.94,8,8
HD 128621_4,1.2459750423563503,0.056366802357639766,HD 128621,1.179,0.94,8,8
HD 128621_4,1.2461690558597756,0.05709282013495839,HD 128621,1.179,0.94,8,8
HD 128621_4,1.2464117417792508,0.05674103876768132,HD 128621,1.179,0.94,8,8
HD 128621_4,1.2466819772084943,0.05657126332804154,HD 128621,1.179,0.94,8,8
HD 128621_4,1.2464794944336806,0.05590968434985424,HD 128621,1.179,0.94,8,8
HD 128621_4,1.2464141391465142,0.055358507589275324,HD 128621,1.179,0.94,8,8
HD 128621_4,1.24608842881261,0.054828626126037006,HD 128621,1.179,0.94,8,8
HD 128621_4,1.2461991562323167,0.0569690955030006,HD 128621,1.179,0.94,8,8
HD 128621_4,1.2461334490402634,0.05606153909674411,HD 128621,1.179,0.94,8,8
HD 128621_4,1.246308309582021,0.05569478405103105,HD 128621,1.179,0.94,8,8
HD 128621_4,1.246313921882617,0.05663979698922281,HD 128621,1.179,0.94,8,8
HD 128621_4,1.2463001218393,0.055234741099670796,HD 128621,1.179,0.94,8,8
HD 128621_4,1.2458675306473181,0.057233893352976996,HD 128621,1.179,0.94,8,8
HD 128621_4,1.2464640105373355,0.05736720483843289,HD 128621,1.179,0.94,8,8
HD 128621_4,1.246291125224959,0.05722294523464993,HD 128621,1.179,0.94,8,8
HD 128621_4,1.2463806506907282,0.057125253210550175,HD 128621,1.179,0.94,8,8
HD 128621_4,1.2467379876697382,0.056089082716642286,HD 128621,1.179,0.94,8,8
HD 128621_4,1.2460680719370913,0.05628644489175181,HD 128621,1.179,0.94,8,8
HD 128621_4,1.2464696325587599,0.05633935015754662,HD 128621,1.179,0.94,8,8
HD 128621_4,1.2459160631973976,0.056186915651795316,HD 128621,1.179,0.94,8,8
HD 128621_4,1.246028329778781,0.05564688418822184,HD 128621,1.179,0.94,8,8
HD 128621_4,1.2464502450639232,0.05585004767912305,HD 128621,1.179,0.94,8,8
HD 128621_4,1.246646554567775,0.05454794798754681,HD 128621,1.179,0.94,8,8
HD 128621_4,1.2465919719730707,0.05652868206336566,HD 128621,1.179,0.94,8,8
HD 128621_4,1.2462142536268965,0.05605208805506425,HD 128621,1.179,0.94,8,8
HD 128621_4,1.2461696248479408,0.05681641683785329,HD 128621,1.179,0.94,8,8
HD 128621_4,1.2462689460776164,0.05792283102995272,HD 128621,1.179,0.94,8,8
HD 128621_4,1.246704473231803,0.0562093459518171,HD 128621,1.179,0.94,8,8
HD 128621_4,1.2460528132998006,0.05558538884778079,HD 128621,1.179,0.94,8,8
HD 128621_4,1.2465072812492153,0.055483668748646284,HD 128621,1.179,0.94,8,8
HD 128621_4,1.2463896348786534,0.05711452592171357,HD 128621,1.179,0.94,8,8
HD 128621_4,1.246167685102127,0.056294057825509496,HD 128621,1.179,0.94,8,8
HD 128621_4,1.2469990136704723,0.055713208473012886,HD 128621,1.179,0.94,8,8
HD 128621_4,1.2467244998970026,0.057283452209396714,HD 128621,1.179,0.94,8,8
HD 128621_4,1.2467660394516251,0.0570831613533374,HD 128621,1.179,0.94,8,8
HD 128621_4,1.2465697292408242,0.05732889652607332,HD 128621,1.179,0.94,8,8
HD 128621_4,1.2462630154619112,0.057139333393572515,HD 128621,1.179,0.94,8,8
HD 128621_4,1.2467031754818958,0.05774943305551345,HD 128621,1.179,0.94,8,8
HD 128621_4,1.2469057992917485,0.057369818038791764,HD 128621,1.179,0.94,8,8
HD 128621_4,1.2462096726215734,0.0546888542798213,HD 128621,1.179,0.94,8,8
HD 128621_4,1.245812307400046,0.05599839356256584,HD 128621,1.179,0.94,8,8
HD 128621_4,1.2461941750278045,0.05640264283526614,HD 128621,1.179,0.94,8,8
HD 128621_4,1.2460493294431825,0.05656791864322774,HD 128621,1.179,0.94,8,8
HD 128621_4,1.2465351081802156,0.057062273385552156,HD 128621,1.179,0.94,8,8
HD 128621_4,1.2459899656845013,0.05519020543780011,HD 128621,1.179,0.94,8,8
HD 128621_4,1.246079654372654,0.05482513662235049,HD 128621,1.179,0.94,8,8
HD 128621_4,1.2463758842447035,0.05706190130324441,HD 128621,1.179,0.94,8,8
HD 128621_4,1.246027207711722,0.05652924769991215,HD 128621,1.179,0.94,8,8
HD 128621_4,1.2462610572564827,0.05730327723919665,HD 128621,1.179,0.94,8,8
HD 128621_4,1.246518504008461,0.05760756621200252,HD 128621,1.179,0.94,8,8
HD 128621_4,1.2469417879637197,0.05443895375259332,HD 128621,1.179,0.94,8,8
HD 128621_4,1.2462415431866385,0.05554990984194678,HD 128621,1.179,0.94,8,8
HD 128621_4,1.246830091606598,0.05702699686034862,HD 128621,1.179,0.94,8,8
HD 128621_4,1.2471018370911013,0.058597670194892544,HD 128621,1.179,0.94,8,8
HD 128621_4,1.2466957002248469,0.05771413158182354,HD 128621,1.179,0.94,8,8
HD 128621_4,1.2462002106164154,0.05643282285505014,HD 128621,1.179,0.94,8,8
HD 128621_4,1.2466056429898476,0.0564271382407287,HD 128621,1.179,0.94,8,8
HD 128621_4,1.2463955933633497,0.05539733593125478,HD 128621,1.179,0.94,8,8
HD 128621_4,1.2464147603468372,0.05674079487616554,HD 128621,1.179,0.94,8,8
HD 128621_4,1.2463703745625017,0.05745346849407554,HD 128621,1.179,0.94,8,8
HD 128621_4,1.2463021379247843,0.05660982772319749,HD 128621,1.179,0.94,8,8
HD 128621_4,1.2465094326384842,0.05627482264469571,HD 128621,1.179,0.94,8,8
HD 128621_4,1.2466821765275824,0.05580931676400933,HD 128621,1.179,0.94,8,8
HD 128621_4,1.246294630884114,0.05646133433493949,HD 128621,1.179,0.94,8,8
HD 128621_4,1.246516744705126,0.057418990410544976,HD 128621,1.179,0.94,8,8
HD 128621_4,1.246658624993237,0.05779799280340133,HD 128621,1.179,0.94,8,8
HD 128621_4,1.2462706443254694,0.05604381006337075,HD 128621,1.179,0.94,8,8
HD 128621_4,1.2464863242826785,0.05596225846631434,HD 128621,1.179,0.94,8,8
HD 128621_4,1.2463822476909348,0.054355727292942795,HD 128621,1.179,0.94,8,8
HD 128621_4,1.2461710918524054,0.058120995249981426,HD 128621,1.179,0.94,8,8
HD 128621_4,1.2466744362745064,0.05687197442465808,HD 128621,1.179,0.94,8,8
HD 128621_4,1.24613461684749,0.055752972656745066,HD 128621,1.179,0.94,8,8
HD 128621_4,1.246442307089795,0.055512927570299075,HD 128621,1.179,0.94,8,8
HD 128621_4,1.2461336437261559,0.05656781590614037,HD 128621,1.179,0.94,8,8
HD 128621_4,1.2464310299439625,0.05730456931537374,HD 128621,1.179,0.94,8,8
HD 128621_4,1.2465565292921514,0.0550661632210587,HD 128621,1.179,0.94,8,8
HD 128621_4,1.2465623402757582,0.055276150351668586,HD 128621,1.179,0.94,8,8
HD 128621_4,1.2466597867380216,0.05585074160505229,HD 128621,1.179,0.94,8,8
HD 128621_4,1.24648491749031,0.05729448129975797,HD 128621,1.179,0.94,8,8
HD 128621_4,1.246091098405982,0.0560807974396657,HD 128621,1.179,0.94,8,8
HD 128621_4,1.2463406546933615,0.05707128362015383,HD 128621,1.179,0.94,8,8
HD 128621_4,1.2462028807459395,0.055029697378747876,HD 128621,1.179,0.94,8,8
HD 128621_4,1.2466576013272312,0.0566709822546894,HD 128621,1.179,0.94,8,8
HD 128621_4,1.246246328567312,0.05609355580935635,HD 128621,1.179,0.94,8,8
HD 128621_4,1.2469011029018133,0.05651121852023282,HD 128621,1.179,0.94,8,8
HD 128621_4,1.2466529479769928,0.057545666257114464,HD 128621,1.179,0.94,8,8
HD 128621_4,1.2461193793247407,0.05593233996405939,HD 128621,1.179,0.94,8,8
HD 128621_4,1.2462091752477382,0.05575556755660492,HD 128621,1.179,0.94,8,8
HD 128621_4,1.2460871765563046,0.05675660780636975,HD 128621,1.179,0.94,8,8
HD 128621_4,1.246580825989116,0.05732098642074898,HD 128621,1.179,0.94,8,8
HD 128621_4,1.246730303845534,0.056176321823533,HD 128621,1.179,0.94,8,8
HD 128621_4,1.2464638758397708,0.05632236244365202,HD 128621,1.179,0.94,8,8
HD 128621_4,1.246485163147224,0.055748271878412664,HD 128621,1.179,0.94,8,8
HD 128621_4,1.247046956199901,0.05658905199236459,HD 128621,1.179,0.94,8,8
HD 128621_4,1.2466246808638193,0.05672892685054832,HD 128621,1.179,0.94,8,8
HD 128621_4,1.247003000967402,0.05622492506331486,HD 128621,1.179,0.94,8,8
HD 128621_4,1.2460016987040918,0.055471007173876506,HD 128621,1.179,0.94,8,8
HD 128621_4,1.2462502992960927,0.05803083386957719,HD 128621,1.179,0.94,8,8
HD 128621_4,1.246533552069244,0.05719161179980531,HD 128621,1.179,0.94,8,8
HD 128621_4,1.2466460446375764,0.0573359885382488,HD 128621,1.179,0.94,8,8
HD 128621_4,1.2463911513287103,0.05678717504355401,HD 128621,1.179,0.94,8,8
HD 128621_4,1.2465527278460593,0.05696716794955805,HD 128621,1.179,0.94,8,8
HD 128621_4,1.2462939700068614,0.05765434642254166,HD 128621,1.179,0.94,8,8
HD 128621_4,1.2470300087559814,0.056093801256074674,HD 128621,1.179,0.94,8,8
HD 128621_4,1.2458214427457641,0.05551653646776298,HD 128621,1.179,0.94,8,8
HD 128621_4,1.2462528298505726,0.05703897234741938,HD 128621,1.179,0.94,8,8
HD 128621_4,1.2466389506902418,0.05666999368011437,HD 128621,1.179,0.94,8,8
HD 128621_4,1.246658791408551,0.05736722023721596,HD 128621,1.179,0.94,8,8
HD 128621_4,1.2463620321729159,0.0557505950519126,HD 128621,1.179,0.94,8,8
HD 128621_4,1.2467205968240584,0.0561447913922949,HD 128621,1.179,0.94,8,8
HD 128621_4,1.2463535965796781,0.05711397783338668,HD 128621,1.179,0.94,8,8
HD 128621_4,1.2469593947175996,0.05607034449806058,HD 128621,1.179,0.94,8,8
HD 128621_4,1.2469767188552214,0.0588012018201747,HD 128621,1.179,0.94,8,8
HD 128621_4,1.246513449550774,0.0564696455435624,HD 128621,1.179,0.94,8,8
HD 128621_4,1.2468953604217492,0.056621718129837365,HD 128621,1.179,0.94,8,8
HD 128621_4,1.245900658160527,0.05488777804867915,HD 128621,1.179,0.94,8,8
HD 128621_4,1.246044902335678,0.056959423384569684,HD 128621,1.179,0.94,8,8
HD 128621_4,1.2468711354197974,0.0556140525245302,HD 128621,1.179,0.94,8,8
HD 128621_4,1.2470747413944516,0.05662392565994161,HD 128621,1.179,0.94,8,8
HD 128621_4,1.2464609385775083,0.055062311571602324,HD 128621,1.179,0.94,8,8
HD 128621_4,1.2464011345722243,0.057202198869400186,HD 128621,1.179,0.94,8,8
HD 128621_4,1.245859140672936,0.05531110763775776,HD 128621,1.179,0.94,8,8
HD 128621_4,1.2461969743512447,0.05640196693981666,HD 128621,1.179,0.94,8,8
HD 128621_4,1.2466684997836641,0.05717780312628177,HD 128621,1.179,0.94,8,8
HD 128621_4,1.2466522442803427,0.05746242287442866,HD 128621,1.179,0.94,8,8
HD 128621_4,1.2462938990582295,0.05703648402029693,HD 128621,1.179,0.94,8,8
HD 128621_4,1.2470012743106764,0.05694022055314172,HD 128621,1.179,0.94,8,8
HD 128621_4,1.2458194397972704,0.05566462558773902,HD 128621,1.179,0.94,8,8
HD 128621_4,1.2464554441773599,0.054432900532381076,HD 128621,1.179,0.94,8,8
HD 128621_4,1.246347261820038,0.05458251270760495,HD 128621,1.179,0.94,8,8
HD 128621_4,1.2469594535505084,0.0558313579578302,HD 128621,1.179,0.94,8,8
HD 128621_4,1.2465487141486593,0.055944256248648044,HD 128621,1.179,0.94,8,8
HD 128621_4,1.246183536165431,0.059151243474915564,HD 128621,1.179,0.94,8,8
HD 128621_4,1.246701141568439,0.057253539636676405,HD 128621,1.179,0.94,8,8
HD 128621_4,1.2464291450515168,0.05599603508809445,HD 128621,1.179,0.94,8,8
HD 128621_4,1.2462307974626778,0.054690439474442375,HD 128621,1.179,0.94,8,8
HD 128621_4,1.2464571430968006,0.05748145523653225,HD 128621,1.179,0.94,8,8
HD 128621_4,1.2466469309849115,0.056773465130259285,HD 128621,1.179,0.94,8,8
HD 128621_4,1.2463171246228955,0.05616422445025059,HD 128621,1.179,0.94,8,8
HD 128621_4,1.2464133339705121,0.05633897312954241,HD 128621,1.179,0.94,8,8
HD 128621_4,1.2463023626094785,0.05669571461561537,HD 128621,1.179,0.94,8,8
HD 128621_4,1.246366382511941,0.05743756053970373,HD 128621,1.179,0.94,8,8
HD 128621_4,1.2463739359462498,0.05600494476409447,HD 128621,1.179,0.94,8,8
HD 128621_4,1.2464040164842851,0.05798322289968523,HD 128621,1.179,0.94,8,8
HD 128621_4,1.246193838583446,0.05902964098429851,HD 128621,1.179,0.94,8,8
HD 128621_4,1.246166309914569,0.05598291220779135,HD 128621,1.179,0.94,8,8
HD 128621_4,1.2461563835227947,0.05617981450319722,HD 128621,1.179,0.94,8,8
HD 128621_4,1.246720744720862,0.05749979419525173,HD 128621,1.179,0.94,8,8
HD 128621_4,1.2463164488803475,0.05768406045303667,HD 128621,1.179,0.94,8,8
HD 128621_4,1.246193495877557,0.05606627573077641,HD 128621,1.179,0.94,8,8
HD 128621_4,1.2463279904308602,0.05598271220188552,HD 128621,1.179,0.94,8,8
HD 128621_4,1.246945706766542,0.05705618835648972,HD 128621,1.179,0.94,8,8
HD 128621_4,1.2464042397110016,0.05594598206327297,HD 128621,1.179,0.94,8,8
HD 128621_4,1.2466442452480233,0.05684079038794752,HD 128621,1.179,0.94,8,8
HD 128621_4,1.2463656613327487,0.05554465502956146,HD 128621,1.179,0.94,8,8
HD 128621_4,1.2462991231994522,0.055887133507722654,HD 128621,1.179,0.94,8,8
HD 128621_4,1.2468409722027607,0.05582994437661156,HD 128621,1.179,0.94,8,8
HD 128621_4,1.2463928244733404,0.05556281956957442,HD 128621,1.179,0.94,8,8
HD 128621_4,1.246595947772178,0.056110163561135185,HD 128621,1.179,0.94,8,8
HD 128621_4,1.2459828243849045,0.05806994813349114,HD 128621,1.179,0.94,8,8
HD 128621_4,1.2471346215929582,0.05543540894481824,HD 128621,1.179,0.94,8,8
HD 128621_4,1.2467842390913475,0.05799352746470728,HD 128621,1.179,0.94,8,8
HD 128621_4,1.2459191403061396,0.05521292108664586,HD 128621,1.179,0.94,8,8
HD 128621_4,1.245698498519106,0.05476759367308034,HD 128621,1.179,0.94,8,8
HD 128621_4,1.2458680242932132,0.056467868702853745,HD 128621,1.179,0.94,8,8
HD 128621_4,1.246272774807294,0.05828568229535926,HD 128621,1.179,0.94,8,8
HD 128621_4,1.2463771295059614,0.05563580049727224,HD 128621,1.179,0.94,8,8
HD 128621_4,1.2465698577172766,0.05536076373493011,HD 128621,1.179,0.94,8,8
HD 128621_4,1.24590365362002,0.05559939585071301,HD 128621,1.179,0.94,8,8
HD 128621_4,1.24597626723723,0.055690362081400484,HD 128621,1.179,0.94,8,8
HD 128621_4,1.2467636123374564,0.05718752005428815,HD 128621,1.179,0.94,8,8
HD 128621_4,1.2465358981774661,0.056269961234778,HD 128621,1.179,0.94,8,8
HD 128621_4,1.2463209972246676,0.05471418885360775,HD 128621,1.179,0.94,8,8
HD 128621_4,1.2466277806394177,0.05665286228911903,HD 128621,1.179,0.94,8,8
HD 128621_4,1.246467115599702,0.05694211698487223,HD 128621,1.179,0.94,8,8
HD 128621_4,1.2464213065028273,0.05704015977506793,HD 128621,1.179,0.94,8,8
HD 128621_4,1.2464993383191338,0.05567625504847865,HD 128621,1.179,0.94,8,8
HD 128621_4,1.2463457302128051,0.05628581835891362,HD 128621,1.179,0.94,8,8
HD 128621_4,1.246530944488495,0.05640957100616901,HD 128621,1.179,0.94,8,8
HD 128621_4,1.24660004192,0.056458421637767285,HD 128621,1.179,0.94,8,8
HD 128621_4,1.246636422536408,0.057459014249133626,HD 128621,1.179,0.94,8,8
HD 128621_4,1.2464842783008308,0.054899444490219676,HD 128621,1.179,0.94,8,8
HD 128621_4,1.2468152616539494,0.05702747638710427,HD 128621,1.179,0.94,8,8
HD 128621_4,1.2464596170063424,0.05676294234803835,HD 128621,1.179,0.94,8,8
HD 128621_4,1.2465998909006393,0.05607248188589383,HD 128621,1.179,0.94,8,8
HD 128621_4,1.2465417145336035,0.056685873912767186,HD 128621,1.179,0.94,8,8
HD 128621_4,1.2466669317064,0.055074028500914494,HD 128621,1.179,0.94,8,8
HD 128621_4,1.2464855594787174,0.0576932031843391,HD 128621,1.179,0.94,8,8
HD 128621_4,1.2462911917558626,0.05557260889609116,HD 128621,1.179,0.94,8,8
HD 128621_4,1.2459945544943805,0.054900058123961024,HD 128621,1.179,0.94,8,8
HD 128621_4,1.2467536445708938,0.057247045426709525,HD 128621,1.179,0.94,8,8
HD 128621_4,1.2463209066741257,0.05660469765530318,HD 128621,1.179,0.94,8,8
HD 128621_4,1.2467482002894006,0.058751925767246894,HD 128621,1.179,0.94,8,8
HD 128621_4,1.2466176135034162,0.05490664279443862,HD 128621,1.179,0.94,8,8
HD 128621_4,1.2464743190029108,0.05696191099350435,HD 128621,1.179,0.94,8,8
HD 128621_4,1.246641340238573,0.0553823397367388,HD 128621,1.179,0.94,8,8
HD 128621_4,1.2468166039593405,0.05835883845778253,HD 128621,1.179,0.94,8,8
HD 128621_4,1.2459047989369914,0.055071145793703716,HD 128621,1.179,0.94,8,8
HD 128621_4,1.2458544620302137,0.05506689451529026,HD 128621,1.179,0.94,8,8
HD 128621_4,1.2460771290898827,0.0561316321728207,HD 128621,1.179,0.94,8,8
HD 128621_4,1.246034264582695,0.054113372394895706,HD 128621,1.179,0.94,8,8
HD 128621_4,1.2462831801235115,0.05596638539566247,HD 128621,1.179,0.94,8,8
HD 128621_4,1.246333149650697,0.058416783062279966,HD 128621,1.179,0.94,8,8
HD 128621_4,1.246641007644546,0.056779510281076646,HD 128621,1.179,0.94,8,8
HD 128621_4,1.2463284493682323,0.05613506954233071,HD 128621,1.179,0.94,8,8
HD 128621_4,1.2465493043617248,0.05556730710331251,HD 128621,1.179,0.94,8,8
HD 128621_4,1.2467254909086494,0.05540546329325459,HD 128621,1.179,0.94,8,8
HD 128621_4,1.2467295505893126,0.05723744258620543,HD 128621,1.179,0.94,8,8
HD 128621_4,1.246107051070729,0.05534597303113073,HD 128621,1.179,0.94,8,8
HD 128621_4,1.2466120088867174,0.05633554879264589,HD 128621,1.179,0.94,8,8
HD 128621_4,1.2461522952607134,0.05685667011551715,HD 128621,1.179,0.94,8,8
HD 128621_4,1.2464977861901363,0.055314448634152844,HD 128621,1.179,0.94,8,8
HD 128621_4,1.2464452985621932,0.05628138931453736,HD 128621,1.179,0.94,8,8
HD 128621_4,1.2467104777068962,0.05645091560433028,HD 128621,1.179,0.94,8,8
HD 128621_4,1.2467091043220888,0.05678030871163263,HD 128621,1.179,0.94,8,8
HD 128621_4,1.2459531281457865,0.0547773110168595,HD 128621,1.179,0.94,8,8
HD 128621_4,1.2465266086486324,0.0560200461951564,HD 128621,1.179,0.94,8,8
HD 128621_4,1.2465315044882639,0.05717713454645473,HD 128621,1.179,0.94,8,8
HD 128621_4,1.2458950220158962,0.05524960448248338,HD 128621,1.179,0.94,8,8
HD 128621_4,1.246403630176909,0.05765077494431178,HD 128621,1.179,0.94,8,8
HD 128621_4,1.2469794123106608,0.05693297244093409,HD 128621,1.179,0.94,8,8
HD 128621_4,1.2464818846638783,0.05585770451048046,HD 128621,1.179,0.94,8,8
HD 128621_4,1.2462250341105412,0.0551263116257307,HD 128621,1.179,0.94,8,8
HD 128621_4,1.2464924056391453,0.05574761408904746,HD 128621,1.179,0.94,8,8
HD 128621_4,1.246379461135006,0.0568231476044186,HD 128621,1.179,0.94,8,8
HD 128621_4,1.246382097848609,0.05555071252716166,HD 128621,1.179,0.94,8,8
HD 128621_4,1.2466622608638516,0.05550630723008936,HD 128621,1.179,0.94,8,8
HD 128621_4,1.2464722449853858,0.05738488868173356,HD 128621,1.179,0.94,8,8
HD 128621_4,1.2461643534591829,0.056924814636306165,HD 128621,1.179,0.94,8,8
HD 128621_4,1.2461369684082242,0.05677199017986773,HD 128621,1.179,0.94,8,8
HD 128621_4,1.2464526607537096,0.05643532717489983,HD 128621,1.179,0.94,8,8
HD 128621_4,1.2466416358774546,0.05625539041821984,HD 128621,1.179,0.94,8,8
HD 128621_4,1.2464388015230576,0.05695907580583143,HD 128621,1.179,0.94,8,8
HD 128621_4,1.2465978990248803,0.057440821964448295,HD 128621,1.179,0.94,8,8
HD 128621_4,1.2462870191985944,0.05638462331508403,HD 128621,1.179,0.94,8,8
HD 128621_4,1.2461154794647287,0.05522869339184925,HD 128621,1.179,0.94,8,8
HD 128621_4,1.2471025152500008,0.056108589358654155,HD 128621,1.179,0.94,8,8
HD 128621_4,1.246190396850632,0.05803658300785938,HD 128621,1.179,0.94,8,8
HD 128621_4,1.2463906173340822,0.05691257688886393,HD 128621,1.179,0.94,8,8
HD 128621_4,1.2467279341807576,0.05629381584810705,HD 128621,1.179,0.94,8,8
HD 128621_4,1.2467150224090335,0.056752021598799406,HD 128621,1.179,0.94,8,8
HD 128621_4,1.2471045171480848,0.05582702643088768,HD 128621,1.179,0.94,8,8
HD 128621_4,1.2463323400089008,0.05515439649207153,HD 128621,1.179,0.94,8,8
HD 128621_4,1.2466192102584166,0.0575723798867763,HD 128621,1.179,0.94,8,8
HD 128621_4,1.2465655227445223,0.05695760584795543,HD 128621,1.179,0.94,8,8
HD 128621_4,1.246853360514363,0.056862555534051125,HD 128621,1.179,0.94,8,8
HD 128621_4,1.2462650255175602,0.05623268490220938,HD 128621,1.179,0.94,8,8
HD 128621_4,1.2465411155136477,0.05556110495011569,HD 128621,1.179,0.94,8,8
HD 128621_4,1.2465967687789254,0.056444118430758194,HD 128621,1.179,0.94,8,8
HD 128621_4,1.2465170481114582,0.0575259829319021,HD 128621,1.179,0.94,8,8
HD 128621_4,1.2466171648724207,0.05699826681604652,HD 128621,1.179,0.94,8,8
HD 128621_4,1.2466199630904902,0.057223629137838204,HD 128621,1.179,0.94,8,8
HD 128621_4,1.2463278567723022,0.05642511595786821,HD 128621,1.179,0.94,8,8
HD 128621_4,1.2460717203590386,0.05558295114838951,HD 128621,1.179,0.94,8,8
HD 128621_4,1.2467561841087222,0.05657901710013401,HD 128621,1.179,0.94,8,8
HD 128621_4,1.2463959182215958,0.054460160781281186,HD 128621,1.179,0.94,8,8
HD 128621_4,1.2464486405593456,0.05718596948525927,HD 128621,1.179,0.94,8,8
HD 128621_4,1.2465704424059572,0.054278921334154344,HD 128621,1.179,0.94,8,8
HD 128621_4,1.2461072013709804,0.053046972263975,HD 128621,1.179,0.94,8,8
HD 128621_4,1.2465582513253006,0.056825980625937765,HD 128621,1.179,0.94,8,8
HD 128621_4,1.2462008371192181,0.055648250931870584,HD 128621,1.179,0.94,8,8
HD 128621_4,1.2457271186265988,0.05651121976927484,HD 128621,1.179,0.94,8,8
HD 128621_4,1.2460930901153973,0.055888129366722605,HD 128621,1.179,0.94,8,8
HD 128621_4,1.2462313686558528,0.05598238945515259,HD 128621,1.179,0.94,8,8
HD 128621_4,1.2470057219403354,0.05636554443808093,HD 128621,1.179,0.94,8,8
HD 128621_4,1.2467931941039891,0.05777650598650261,HD 128621,1.179,0.94,8,8
HD 128621_4,1.2462161502355629,0.055314883875959564,HD 128621,1.179,0.94,8,8
HD 128621_4,1.2466093587101525,0.056692882425309975,HD 128621,1.179,0.94,8,8
HD 128621_4,1.2464552109723726,0.05570940326683763,HD 128621,1.179,0.94,8,8
HD 128621_4,1.2464295089159156,0.057362974715280374,HD 128621,1.179,0.94,8,8
HD 128621_4,1.246305083027753,0.05681812761967825,HD 128621,1.179,0.94,8,8
HD 128621_4,1.2465220403858623,0.055994996515678463,HD 128621,1.179,0.94,8,8
HD 128621_4,1.2467580128768532,0.05404233491942155,HD 128621,1.179,0.94,8,8
HD 128621_4,1.2463670963801723,0.056662456641783834,HD 128621,1.179,0.94,8,8
HD 128621_4,1.2463479827232637,0.05722399483986535,HD 128621,1.179,0.94,8,8
HD 128621_4,1.2459155460303213,0.05502403989962743,HD 128621,1.179,0.94,8,8
HD 128621_4,1.2467453591208018,0.056443849986316824,HD 128621,1.179,0.94,8,8
HD 128621_4,1.2463383060418018,0.05704055242232327,HD 128621,1.179,0.94,8,8
HD 128621_4,1.2460214256752185,0.05634249919219389,HD 128621,1.179,0.94,8,8
HD 128621_4,1.2461891405516972,0.05596080868180903,HD 128621,1.179,0.94,8,8
HD 128621_4,1.2460354415895278,0.05448174603543524,HD 128621,1.179,0.94,8,8
HD 128621_4,1.2459161835752979,0.05554043719440094,HD 128621,1.179,0.94,8,8
HD 128621_4,1.2461650082793985,0.05484439353892611,HD 128621,1.179,0.94,8,8
HD 128621_4,1.2465519583236884,0.056695451287080215,HD 128621,1.179,0.94,8,8
HD 128621_4,1.2458532982626382,0.056443969008875154,HD 128621,1.179,0.94,8,8
HD 128621_4,1.2466769744040362,0.057186196762254664,HD 128621,1.179,0.94,8,8
HD 128621_4,1.246946190140947,0.05752416036834334,HD 128621,1.179,0.94,8,8
HD 128621_4,1.2462550306716595,0.05693123277534084,HD 128621,1.179,0.94,8,8
HD 128621_4,1.2464449322248692,0.057395022223906605,HD 128621,1.179,0.94,8,8
HD 128621_4,1.2471427071674417,0.05696008119799913,HD 128621,1.179,0.94,8,8
HD 128621_4,1.2464991507788155,0.0569980811748004,HD 128621,1.179,0.94,8,8
HD 128621_4,1.2464488010394532,0.056505171874780276,HD 128621,1.179,0.94,8,8
HD 128621_4,1.2466392531260586,0.05412461653351339,HD 128621,1.179,0.94,8,8
HD 128621_4,1.2463007453869288,0.05591261844888519,HD 128621,1.179,0.94,8,8
HD 128621_4,1.2468118646835942,0.056633702859338886,HD 128621,1.179,0.94,8,8
HD 128621_4,1.2460887101869411,0.05503430683670068,HD 128621,1.179,0.94,8,8
HD 128621_4,1.2462733644285544,0.05642939953186871,HD 128621,1.179,0.94,8,8
HD 128621_4,1.2465413272686656,0.05939502182951553,HD 128621,1.179,0.94,8,8
HD 128621_4,1.2467622262214504,0.05626743093939787,HD 128621,1.179,0.94,8,8
HD 128621_4,1.246506483798797,0.05636500982737694,HD 128621,1.179,0.94,8,8
HD 128621_4,1.2467712072571673,0.05668261127645058,HD 128621,1.179,0.94,8,8
HD 128621_4,1.2459502583632518,0.05552147478882503,HD 128621,1.179,0.94,8,8
HD 128621_4,1.2464028571097625,0.05747842559077588,HD 128621,1.179,0.94,8,8
HD 128621_4,1.2467429800601146,0.056915782109506055,HD 128621,1.179,0.94,8,8
HD 128621_4,1.246513239248322,0.055146694735718114,HD 128621,1.179,0.94,8,8
HD 128621_4,1.2466009664674664,0.05668342490549976,HD 128621,1.179,0.94,8,8
HD 128621_4,1.2462478006515512,0.05542075858326907,HD 128621,1.179,0.94,8,8
HD 128621_4,1.246339104609611,0.05533294430603196,HD 128621,1.179,0.94,8,8
HD 128621_4,1.246063372549506,0.05515078424199751,HD 128621,1.179,0.94,8,8
HD 128621_4,1.2466308181259242,0.05661313243953675,HD 128621,1.179,0.94,8,8
HD 128621_4,1.2469418639163943,0.05756057669850286,HD 128621,1.179,0.94,8,8
HD 128621_4,1.2460712341728801,0.057255745728822964,HD 128621,1.179,0.94,8,8
HD 128621_4,1.2458576063109381,0.05647780403706047,HD 128621,1.179,0.94,8,8
HD 128621_4,1.246413515536271,0.0544006758428834,HD 128621,1.179,0.94,8,8
HD 128621_4,1.2465979850695874,0.05715696537069513,HD 128621,1.179,0.94,8,8
HD 128621_4,1.246732632706022,0.05445182104421247,HD 128621,1.179,0.94,8,8
HD 128621_4,1.2465187500242008,0.05595752398915674,HD 128621,1.179,0.94,8,8
HD 128621_4,1.2460197665075703,0.05663449562212485,HD 128621,1.179,0.94,8,8
HD 128621_4,1.2462992893791727,0.057277075408913275,HD 128621,1.179,0.94,8,8
HD 128621_4,1.2459929449122427,0.057702775313131616,HD 128621,1.179,0.94,8,8
HD 128621_4,1.2462202221978993,0.056888189749602816,HD 128621,1.179,0.94,8,8
HD 128621_4,1.2464144302723983,0.05647554148621124,HD 128621,1.179,0.94,8,8
HD 128621_4,1.2462658876417516,0.05799300660795734,HD 128621,1.179,0.94,8,8
HD 128621_4,1.246338906408448,0.05502445555786229,HD 128621,1.179,0.94,8,8
HD 128621_4,1.246581694583518,0.056738880944795574,HD 128621,1.179,0.94,8,8
HD 128621_4,1.245697840388469,0.0558424945641465,HD 128621,1.179,0.94,8,8
HD 128621_4,1.2467246750444705,0.056637861355826276,HD 128621,1.179,0.94,8,8
HD 128621_4,1.2465573246764021,0.05695143481588308,HD 128621,1.179,0.94,8,8
HD 128621_4,1.247087197724856,0.0572743192649909,HD 128621,1.179,0.94,8,8
HD 128621_4,1.2464089581340057,0.05664656316040306,HD 128621,1.179,0.94,8,8
HD 128621_4,1.24635761283266,0.056429856729139506,HD 128621,1.179,0.94,8,8
HD 128621_4,1.2462459607993281,0.05637868214309669,HD 128621,1.179,0.94,8,8
HD 128621_4,1.246888769065135,0.05943603769297452,HD 128621,1.179,0.94,8,8
HD 128621_4,1.2460264620647206,0.055912052668245074,HD 128621,1.179,0.94,8,8
HD 128621_4,1.2465269159624988,0.05588102818015723,HD 128621,1.179,0.94,8,8
HD 128621_4,1.246712780799472,0.05521389522353367,HD 128621,1.179,0.94,8,8
HD 128621_4,1.2462705693107718,0.05817637946091797,HD 128621,1.179,0.94,8,8
HD 128621_4,1.2464812904096292,0.057150911713970964,HD 128621,1.179,0.94,8,8
HD 128621_4,1.2464181786209916,0.05545762529512874,HD 128621,1.179,0.94,8,8
HD 128621_4,1.2465958462625633,0.05740035092856431,HD 128621,1.179,0.94,8,8
HD 128621_4,1.2462565884570815,0.055448056148344166,HD 128621,1.179,0.94,8,8
HD 128621_4,1.2464867358895266,0.05502843330900788,HD 128621,1.179,0.94,8,8
HD 128621_4,1.246259939919041,0.05546416130973771,HD 128621,1.179,0.94,8,8
HD 128621_4,1.2463204764491018,0.05660048207714235,HD 128621,1.179,0.94,8,8
HD 128621_4,1.2465061234401047,0.05533711046185126,HD 128621,1.179,0.94,8,8
HD 128621_4,1.2465231878114116,0.055835760621152024,HD 128621,1.179,0.94,8,8
HD 128621_4,1.2464669951973226,0.05687920850656948,HD 128621,1.179,0.94,8,8
HD 128621_4,1.2464965573769793,0.05549710491182214,HD 128621,1.179,0.94,8,8
HD 128621_4,1.2467518842685341,0.05742781545907464,HD 128621,1.179,0.94,8,8
HD 128621_4,1.2461075829841606,0.05649131438492118,HD 128621,1.179,0.94,8,8
HD 128621_4,1.2463327410516305,0.0556131914623428,HD 128621,1.179,0.94,8,8
HD 128621_4,1.246083055614616,0.05466400604343015,HD 128621,1.179,0.94,8,8
HD 128621_4,1.246418993497181,0.055948219377182334,HD 128621,1.179,0.94,8,8
HD 128621_4,1.2467323813927824,0.058790482458422506,HD 128621,1.179,0.94,8,8
HD 128621_4,1.2464688803819677,0.056662685201548914,HD 128621,1.179,0.94,8,8
HD 128621_4,1.2464999806238575,0.05751737581973297,HD 128621,1.179,0.94,8,8
HD 128621_4,1.246471183032743,0.054904882079295496,HD 128621,1.179,0.94,8,8
HD 101501_7,0.846309187816282,0.05070641091763747,HD 101501,0.887,0.94,8,4
HD 101501_7,0.8494212414088779,0.03234456927934786,HD 101501,0.887,0.94,8,4
HD 101501_7,0.8324208242417003,0.029093317530564065,HD 101501,0.887,0.94,8,4
HD 101501_7,0.8564170141288047,0.029076254041909784,HD 101501,0.887,0.94,8,4
HD 101501_7,0.8425620137092191,0.0289932556724127,HD 101501,0.887,0.94,8,4
HD 101501_7,0.8770816530901423,0.03647034962658784,HD 101501,0.887,0.94,8,4
HD 101501_7,0.8294877710940384,0.04396020856436862,HD 101501,0.887,0.94,8,4
HD 101501_7,0.8373152188542461,0.0048411968863681515,HD 101501,0.887,0.94,8,4
HD 101501_7,0.8321684753318007,0.03540710439861306,HD 101501,0.887,0.94,8,4
HD 101501_7,0.8398762762328983,0.05271913112083521,HD 101501,0.887,0.94,8,4
HD 101501_7,0.8489244234355604,0.018303771698645034,HD 101501,0.887,0.94,8,4
HD 101501_7,0.8460001113558926,0.03548132046100108,HD 101501,0.887,0.94,8,4
HD 101501_7,0.8713449889107903,0.025909168856266124,HD 101501,0.887,0.94,8,4
HD 101501_7,0.8377505779226592,0.04455362954772574,HD 101501,0.887,0.94,8,4
HD 101501_7,0.866705504172257,0.03667381705226213,HD 101501,0.887,0.94,8,4
HD 101501_7,0.8324251844078705,0.0003325218065618543,HD 101501,0.887,0.94,8,4
HD 101501_7,0.8477130260103752,0.0518928680429632,HD 101501,0.887,0.94,8,4
HD 101501_7,0.8367381040153611,0.021211854470192464,HD 101501,0.887,0.94,8,4
HD 101501_7,0.9046987054080298,0.05194273976695873,HD 101501,0.887,0.94,8,4
HD 101501_7,0.846192322061159,0.024826558607323572,HD 101501,0.887,0.94,8,4
HD 101501_7,0.8352711202879404,0.032998283749762394,HD 101501,0.887,0.94,8,4
HD 101501_7,0.8980421428905243,0.07779134245849367,HD 101501,0.887,0.94,8,4
HD 101501_7,0.8308977206879727,0.016974577022089057,HD 101501,0.887,0.94,8,4
HD 101501_7,0.8474158635192506,0.010573983423208116,HD 101501,0.887,0.94,8,4
HD 101501_7,0.8403840713821549,0.04221493164084482,HD 101501,0.887,0.94,8,4
HD 101501_7,0.840584133361567,0.013542912923995903,HD 101501,0.887,0.94,8,4
HD 101501_7,0.8427226989970404,0.007083752782462292,HD 101501,0.887,0.94,8,4
HD 101501_7,0.8516623004705605,0.0233004823429911,HD 101501,0.887,0.94,8,4
HD 101501_7,0.8766753385886018,0.027587822123331114,HD 101501,0.887,0.94,8,4
HD 101501_7,0.8436109684138183,0.019426148839221884,HD 101501,0.887,0.94,8,4
HD 101501_7,0.8800397182783528,0.052025740981401475,HD 101501,0.887,0.94,8,4
HD 101501_7,0.8396631247037409,0.0017103118233039727,HD 101501,0.887,0.94,8,4
HD 101501_7,0.8461280414002523,0.03921556479635013,HD 101501,0.887,0.94,8,4
HD 101501_7,0.8331889404481231,0.027720277161491454,HD 101501,0.887,0.94,8,4
HD 101501_7,0.8244961001321273,0.0021425731452487176,HD 101501,0.887,0.94,8,4
HD 101501_7,0.8542044100007689,0.015278798233980886,HD 101501,0.887,0.94,8,4
HD 101501_7,0.8359495244292328,0.04493945643730176,HD 101501,0.887,0.94,8,4
HD 101501_7,0.8389572335871867,0.025763506539265218,HD 101501,0.887,0.94,8,4
HD 101501_7,0.8421321094691195,0.060566162798013176,HD 101501,0.887,0.94,8,4
HD 101501_7,0.8296711651495184,0.03674685644700804,HD 101501,0.887,0.94,8,4
HD 101501_7,0.8473304878214358,0.0573162916610441,HD 101501,0.887,0.94,8,4
HD 101501_7,0.8371432371339812,0.0363694080625965,HD 101501,0.887,0.94,8,4
HD 101501_7,0.8768218427033541,0.039779466873378674,HD 101501,0.887,0.94,8,4
HD 101501_7,0.8469589661783644,0.00859946905572409,HD 101501,0.887,0.94,8,4
HD 101501_7,0.8467172960513215,0.007491653238340451,HD 101501,0.887,0.94,8,4
HD 101501_7,0.847213450228746,0.026763253004147426,HD 101501,0.887,0.94,8,4
HD 101501_7,0.8391115362109588,0.0003442199687070033,HD 101501,0.887,0.94,8,4
HD 101501_7,0.8660738095239026,0.033151034551377495,HD 101501,0.887,0.94,8,4
HD 101501_7,0.8495247962727731,0.026036588094267815,HD 101501,0.887,0.94,8,4
HD 101501_7,0.8305053781511608,0.04845598252389587,HD 101501,0.887,0.94,8,4
HD 101501_7,0.8431941693314239,0.005220895048724666,HD 101501,0.887,0.94,8,4
HD 101501_7,0.8431812303542913,0.021200513979196284,HD 101501,0.887,0.94,8,4
HD 101501_7,0.8330979946995166,0.015555646478572834,HD 101501,0.887,0.94,8,4
HD 101501_7,0.8496145801007241,0.08985471891651536,HD 101501,0.887,0.94,8,4
HD 101501_7,0.8499693545685976,0.036983880711447904,HD 101501,0.887,0.94,8,4
HD 101501_7,0.8412450003398091,0.014961494066227765,HD 101501,0.887,0.94,8,4
HD 101501_7,0.8318755036635715,0.07965765577663678,HD 101501,0.887,0.94,8,4
HD 101501_7,0.8407966500332915,0.010910818800175165,HD 101501,0.887,0.94,8,4
HD 101501_7,0.8500490028071886,0.04317767244209546,HD 101501,0.887,0.94,8,4
HD 101501_7,0.8560570605014625,0.044079472738507354,HD 101501,0.887,0.94,8,4
HD 101501_7,0.8538997592894024,0.016872876698507046,HD 101501,0.887,0.94,8,4
HD 101501_7,0.851655588599668,0.027607004491547373,HD 101501,0.887,0.94,8,4
HD 101501_7,0.8529754146579036,0.026106946271830286,HD 101501,0.887,0.94,8,4
HD 101501_7,0.8585617207750673,0.02935281904721188,HD 101501,0.887,0.94,8,4
HD 101501_7,0.8516193044064936,0.05166520684334343,HD 101501,0.887,0.94,8,4
HD 101501_7,0.8251335525270377,0.027701714144222626,HD 101501,0.887,0.94,8,4
HD 101501_7,0.8487679026846467,0.006174454332416458,HD 101501,0.887,0.94,8,4
HD 101501_7,0.8461282516733015,0.03566197102059453,HD 101501,0.887,0.94,8,4
HD 101501_7,0.8546147905900364,0.07925140288016233,HD 101501,0.887,0.94,8,4
HD 101501_7,0.8353560300880611,0.003605475635761031,HD 101501,0.887,0.94,8,4
HD 101501_7,0.8249137383958205,0.030378051123650378,HD 101501,0.887,0.94,8,4
HD 101501_7,0.8460313135220269,0.013755729111200553,HD 101501,0.887,0.94,8,4
HD 101501_7,0.84048265681728,0.0003556067789531811,HD 101501,0.887,0.94,8,4
HD 101501_7,0.8516917333093463,0.09014508362763142,HD 101501,0.887,0.94,8,4
HD 101501_7,0.8535790106063491,0.015882708577491664,HD 101501,0.887,0.94,8,4
HD 101501_7,0.847624893637298,0.017043879936357205,HD 101501,0.887,0.94,8,4
HD 101501_7,0.8334292404231638,0.032864405440766783,HD 101501,0.887,0.94,8,4
HD 101501_7,0.8444441904527534,0.03471905113193348,HD 101501,0.887,0.94,8,4
HD 101501_7,0.8406522156524447,0.02322283134097855,HD 101501,0.887,0.94,8,4
HD 101501_7,0.86696419839796,0.06403439705783331,HD 101501,0.887,0.94,8,4
HD 101501_7,0.8486499805092381,0.0246870070947967,HD 101501,0.887,0.94,8,4
HD 101501_7,0.881206649960622,0.034807326105071854,HD 101501,0.887,0.94,8,4
HD 101501_7,0.8590404684362868,0.01088618489670382,HD 101501,0.887,0.94,8,4
HD 101501_7,0.8427561822844846,0.041295521122569956,HD 101501,0.887,0.94,8,4
HD 101501_7,0.8441231613745889,0.002045882642603321,HD 101501,0.887,0.94,8,4
HD 101501_7,0.876740384398286,0.01747231582586871,HD 101501,0.887,0.94,8,4
HD 101501_7,0.8330621447226614,0.0430233179614257,HD 101501,0.887,0.94,8,4
HD 101501_7,0.8400352049783559,0.02754178420244755,HD 101501,0.887,0.94,8,4
HD 101501_7,0.8480286932650071,0.08148011437621558,HD 101501,0.887,0.94,8,4
HD 101501_7,0.882089621332302,0.016740164126489206,HD 101501,0.887,0.94,8,4
HD 101501_7,0.8416051436684019,0.030293932054061806,HD 101501,0.887,0.94,8,4
HD 101501_7,0.8523211752025616,0.041239900773906,HD 101501,0.887,0.94,8,4
HD 101501_7,0.8501915419364875,0.01249572830908182,HD 101501,0.887,0.94,8,4
HD 101501_7,0.841086521717657,0.025694567487839354,HD 101501,0.887,0.94,8,4
HD 101501_7,0.8415060675017674,0.0329293005926712,HD 101501,0.887,0.94,8,4
HD 101501_7,0.8572446193715904,0.04144255371126345,HD 101501,0.887,0.94,8,4
HD 101501_7,0.8395017434782169,0.06371636578466977,HD 101501,0.887,0.94,8,4
HD 101501_7,0.8301441137050751,0.09435691278409514,HD 101501,0.887,0.94,8,4
HD 101501_7,0.8397793246819106,0.011694140339686182,HD 101501,0.887,0.94,8,4
HD 101501_7,0.8796266777339541,0.04548682072768831,HD 101501,0.887,0.94,8,4
HD 101501_7,0.8570050401459122,0.01578742629513321,HD 101501,0.887,0.94,8,4
HD 101501_7,0.8643938534263822,0.1043624177502484,HD 101501,0.887,0.94,8,4
HD 101501_7,0.8616802176247241,0.01903611049139857,HD 101501,0.887,0.94,8,4
HD 101501_7,0.8401385700508055,0.009487328826181462,HD 101501,0.887,0.94,8,4
HD 101501_7,0.8459661795115785,0.10341667529373617,HD 101501,0.887,0.94,8,4
HD 101501_7,0.8266630322488863,0.0019693269014505396,HD 101501,0.887,0.94,8,4
HD 101501_7,0.8477845960833456,0.0036501914453282956,HD 101501,0.887,0.94,8,4
HD 101501_7,0.8350256680801659,0.017680736027025065,HD 101501,0.887,0.94,8,4
HD 101501_7,0.8853470469671175,0.04496481830919096,HD 101501,0.887,0.94,8,4
HD 101501_7,0.8666322009889493,0.013971231797542664,HD 101501,0.887,0.94,8,4
HD 101501_7,0.8225687732084552,0.043481624065666705,HD 101501,0.887,0.94,8,4
HD 101501_7,0.8377712792118461,0.04742006439800212,HD 101501,0.887,0.94,8,4
HD 101501_7,0.842303473048985,0.01869522174385274,HD 101501,0.887,0.94,8,4
HD 101501_7,0.8426930516045095,0.011554952010429827,HD 101501,0.887,0.94,8,4
HD 101501_7,0.8365004890317358,0.06618049688812469,HD 101501,0.887,0.94,8,4
HD 101501_7,0.8650874171197913,0.044935794597325274,HD 101501,0.887,0.94,8,4
HD 101501_7,0.8393750188826522,0.04308961746090857,HD 101501,0.887,0.94,8,4
HD 101501_7,0.840024675245075,0.01188265401242186,HD 101501,0.887,0.94,8,4
HD 101501_7,0.8514290884579475,0.02528236447834282,HD 101501,0.887,0.94,8,4
HD 101501_7,0.8503641755888193,0.010451374168067275,HD 101501,0.887,0.94,8,4
HD 101501_7,0.8504287332300103,0.02851122281514518,HD 101501,0.887,0.94,8,4
HD 101501_7,0.8405812237909844,0.05376866661528236,HD 101501,0.887,0.94,8,4
HD 101501_7,0.8444482078923683,0.03234961596779269,HD 101501,0.887,0.94,8,4
HD 101501_7,0.8379147774652436,0.009600879811863798,HD 101501,0.887,0.94,8,4
HD 101501_7,0.8583559686847547,0.038328420839872535,HD 101501,0.887,0.94,8,4
HD 101501_7,0.8443411194928881,0.009089491381025036,HD 101501,0.887,0.94,8,4
HD 101501_7,0.8890923628314338,0.05149106052939923,HD 101501,0.887,0.94,8,4
HD 101501_7,0.8523818647673166,0.09991469229274413,HD 101501,0.887,0.94,8,4
HD 101501_7,0.8683837047160441,0.04037812421989898,HD 101501,0.887,0.94,8,4
HD 101501_7,0.8412718204927198,0.12586451662326906,HD 101501,0.887,0.94,8,4
HD 101501_7,0.846214456500162,0.06038306798456406,HD 101501,0.887,0.94,8,4
HD 101501_7,0.8630300303446149,0.05392371320788077,HD 101501,0.887,0.94,8,4
HD 101501_7,0.892377920839877,0.08185555041119966,HD 101501,0.887,0.94,8,4
HD 101501_7,0.8259747840539753,0.015946777497522876,HD 101501,0.887,0.94,8,4
HD 101501_7,0.8417064853618452,0.07021351872107255,HD 101501,0.887,0.94,8,4
HD 101501_7,0.8422536900479217,0.01621136116273631,HD 101501,0.887,0.94,8,4
HD 101501_7,0.8566374341774863,0.018477949963945615,HD 101501,0.887,0.94,8,4
HD 101501_7,0.8461913595760289,0.0345779335383132,HD 101501,0.887,0.94,8,4
HD 101501_7,0.863311833124735,0.039237833909749276,HD 101501,0.887,0.94,8,4
HD 101501_7,0.8484718536884163,0.01836693953665272,HD 101501,0.887,0.94,8,4
HD 101501_7,0.8516101572704499,0.03737246957501062,HD 101501,0.887,0.94,8,4
HD 101501_7,0.8294720890366207,0.04932518583846013,HD 101501,0.887,0.94,8,4
HD 101501_7,0.8492933168996755,0.015077847885978449,HD 101501,0.887,0.94,8,4
HD 101501_7,0.8562593191214916,0.01624864020586105,HD 101501,0.887,0.94,8,4
HD 101501_7,0.8353481339461578,0.03800648092220346,HD 101501,0.887,0.94,8,4
HD 101501_7,0.8647173164685525,0.005641668257201561,HD 101501,0.887,0.94,8,4
HD 101501_7,0.8631734511975239,0.04716539467136754,HD 101501,0.887,0.94,8,4
HD 101501_7,0.8347933301965202,0.007775972172413853,HD 101501,0.887,0.94,8,4
HD 101501_7,0.8297696962140845,0.05955191040904623,HD 101501,0.887,0.94,8,4
HD 101501_7,0.8639166200664317,0.0462474694543699,HD 101501,0.887,0.94,8,4
HD 101501_7,0.8461785110627382,0.062385434376664196,HD 101501,0.887,0.94,8,4
HD 101501_7,0.8373314310744098,0.04148035754737528,HD 101501,0.887,0.94,8,4
HD 101501_7,0.8297692505055149,0.02996909223251476,HD 101501,0.887,0.94,8,4
HD 101501_7,0.881028679417,0.04148625079157368,HD 101501,0.887,0.94,8,4
HD 101501_7,0.8933420842193943,0.08911842111812754,HD 101501,0.887,0.94,8,4
HD 101501_7,0.88401237841872,0.06221351134108856,HD 101501,0.887,0.94,8,4
HD 101501_7,0.8650390814798726,0.023071398432763714,HD 101501,0.887,0.94,8,4
HD 101501_7,0.8760146139913885,0.03985069689710432,HD 101501,0.887,0.94,8,4
HD 101501_7,0.8641417859699694,0.09587224141256516,HD 101501,0.887,0.94,8,4
HD 101501_7,0.8417129413276797,0.04331929433357711,HD 101501,0.887,0.94,8,4
HD 101501_7,0.8522184189387753,0.03452952777887338,HD 101501,0.887,0.94,8,4
HD 101501_7,0.8380246358678325,0.01800642216639659,HD 101501,0.887,0.94,8,4
HD 101501_7,0.8466667503020644,0.020446501714174038,HD 101501,0.887,0.94,8,4
HD 101501_7,0.8705930347121622,0.047618071963877046,HD 101501,0.887,0.94,8,4
HD 101501_7,0.8355208672724651,0.01864251360918271,HD 101501,0.887,0.94,8,4
HD 101501_7,0.8319659949011109,0.03305512914420726,HD 101501,0.887,0.94,8,4
HD 101501_7,0.8383527291573988,0.02768407745613221,HD 101501,0.887,0.94,8,4
HD 101501_7,0.8403631619190262,0.019814932149770224,HD 101501,0.887,0.94,8,4
HD 101501_7,0.8340058403991369,0.011613414806376801,HD 101501,0.887,0.94,8,4
HD 101501_7,0.8281734603553276,0.02376847747731526,HD 101501,0.887,0.94,8,4
HD 101501_7,0.8415354190271793,0.03807129715058007,HD 101501,0.887,0.94,8,4
HD 101501_7,0.8614997927153448,0.01783204791549802,HD 101501,0.887,0.94,8,4
HD 101501_7,0.8400349938033113,0.010554569932601943,HD 101501,0.887,0.94,8,4
HD 101501_7,0.8428559783930688,0.00247164625342995,HD 101501,0.887,0.94,8,4
HD 101501_7,0.8510810874935215,0.018887370820821606,HD 101501,0.887,0.94,8,4
HD 101501_7,0.8458082795361452,0.018365542153705946,HD 101501,0.887,0.94,8,4
HD 101501_7,0.8464382953846997,0.0039530447833329985,HD 101501,0.887,0.94,8,4
HD 101501_7,0.8721947331030545,0.01648597279948205,HD 101501,0.887,0.94,8,4
HD 101501_7,0.8549431307099281,0.06442103460436135,HD 101501,0.887,0.94,8,4
HD 101501_7,0.8528758059760717,0.013823422252500847,HD 101501,0.887,0.94,8,4
HD 101501_7,0.8618061615230357,0.0447632313273708,HD 101501,0.887,0.94,8,4
HD 101501_7,0.8517319234561627,0.03300755427747543,HD 101501,0.887,0.94,8,4
HD 101501_7,0.8598920782781674,0.024926082920848525,HD 101501,0.887,0.94,8,4
HD 101501_7,0.8283281134488782,0.030397685251382898,HD 101501,0.887,0.94,8,4
HD 101501_7,0.9033671218851725,0.053375860427099395,HD 101501,0.887,0.94,8,4
HD 101501_7,0.8581297523219366,0.018767522797641354,HD 101501,0.887,0.94,8,4
HD 101501_7,0.8857871037733379,0.06001337158386959,HD 101501,0.887,0.94,8,4
HD 101501_7,0.8614250200218574,0.04085460968018347,HD 101501,0.887,0.94,8,4
HD 101501_7,0.8401942720744369,0.06568531032059027,HD 101501,0.887,0.94,8,4
HD 101501_7,0.8556168623641232,0.0028257151913179054,HD 101501,0.887,0.94,8,4
HD 101501_7,0.8620622557753387,0.014174116202325449,HD 101501,0.887,0.94,8,4
HD 101501_7,0.8488583533171703,0.03409141431071195,HD 101501,0.887,0.94,8,4
HD 101501_7,0.8634243609149553,9.482929887685149e-05,HD 101501,0.887,0.94,8,4
HD 101501_7,0.8480765902901294,0.038857837920439356,HD 101501,0.887,0.94,8,4
HD 101501_7,0.8589823193207565,0.011898152669076886,HD 101501,0.887,0.94,8,4
HD 101501_7,0.8511422490670659,0.01940907406833218,HD 101501,0.887,0.94,8,4
HD 101501_7,0.8635112381055735,0.03046523769723502,HD 101501,0.887,0.94,8,4
HD 101501_7,0.8725101353958258,0.04145723647717431,HD 101501,0.887,0.94,8,4
HD 101501_7,0.8333925845692499,0.021490725424369674,HD 101501,0.887,0.94,8,4
HD 101501_7,0.8766626257949973,0.06197498109216072,HD 101501,0.887,0.94,8,4
HD 101501_7,0.8355629427119484,0.03697002573712711,HD 101501,0.887,0.94,8,4
HD 101501_7,0.8583241848559419,0.022643451769430285,HD 101501,0.887,0.94,8,4
HD 101501_7,0.8599041889098158,0.006863894324393549,HD 101501,0.887,0.94,8,4
HD 101501_7,0.8279576140887848,0.027002617429624762,HD 101501,0.887,0.94,8,4
HD 101501_7,0.8400275020318422,0.039856591041846134,HD 101501,0.887,0.94,8,4
HD 101501_7,0.8327145205732315,0.033735327120606895,HD 101501,0.887,0.94,8,4
HD 101501_7,0.8998233270809748,0.04892607569621186,HD 101501,0.887,0.94,8,4
HD 101501_7,0.8384348108048085,0.0548758408854558,HD 101501,0.887,0.94,8,4
HD 101501_7,0.845059617180247,0.04005354339416973,HD 101501,0.887,0.94,8,4
HD 101501_7,0.8355832117891762,0.029671486076135484,HD 101501,0.887,0.94,8,4
HD 101501_7,0.8378708285268867,0.03208553229304932,HD 101501,0.887,0.94,8,4
HD 101501_7,0.8497147043487546,0.042278140986740285,HD 101501,0.887,0.94,8,4
HD 101501_7,0.8609656852018589,0.057361732653165645,HD 101501,0.887,0.94,8,4
HD 101501_7,0.8640675289440269,0.04371676076604707,HD 101501,0.887,0.94,8,4
HD 101501_7,0.8527364283015849,0.022635611894891973,HD 101501,0.887,0.94,8,4
HD 101501_7,0.8456385477890238,0.026048482672783015,HD 101501,0.887,0.94,8,4
HD 101501_7,0.8550090369699611,0.009798441532002862,HD 101501,0.887,0.94,8,4
HD 101501_7,0.8347249164622242,0.022734131107646847,HD 101501,0.887,0.94,8,4
HD 101501_7,0.8201483234950219,0.026315204646342193,HD 101501,0.887,0.94,8,4
HD 101501_7,0.859087448917726,0.03766839975183242,HD 101501,0.887,0.94,8,4
HD 101501_7,0.8436612850430796,0.028806547503683295,HD 101501,0.887,0.94,8,4
HD 101501_7,0.847177381825423,0.05702755332574184,HD 101501,0.887,0.94,8,4
HD 101501_7,0.8569924190996127,0.00881780443956601,HD 101501,0.887,0.94,8,4
HD 101501_7,0.8563284142534543,0.014333871127277565,HD 101501,0.887,0.94,8,4
HD 101501_7,0.8436671993124315,0.03746705853920963,HD 101501,0.887,0.94,8,4
HD 101501_7,0.8374719729217887,0.03905593671119504,HD 101501,0.887,0.94,8,4
HD 101501_7,0.8406696425285368,0.006904993147881892,HD 101501,0.887,0.94,8,4
HD 101501_7,0.8367732718196184,0.009939709576301754,HD 101501,0.887,0.94,8,4
HD 101501_7,0.8456766929739296,0.013776264652306275,HD 101501,0.887,0.94,8,4
HD 101501_7,0.8655267549851938,0.06249261143359372,HD 101501,0.887,0.94,8,4
HD 101501_7,0.8729706933714807,0.038053402149833326,HD 101501,0.887,0.94,8,4
HD 101501_7,0.8434161071954916,0.050617475614886026,HD 101501,0.887,0.94,8,4
HD 101501_7,0.8394250463278822,0.04274556910043255,HD 101501,0.887,0.94,8,4
HD 101501_7,0.8539791161911433,0.028656842035717004,HD 101501,0.887,0.94,8,4
HD 101501_7,0.8533673474961271,0.010535292306725268,HD 101501,0.887,0.94,8,4
HD 101501_7,0.8369510076237261,0.02026546284056048,HD 101501,0.887,0.94,8,4
HD 101501_7,0.841038107745142,0.05300085502179444,HD 101501,0.887,0.94,8,4
HD 101501_7,0.8429779634107996,0.010708214616833828,HD 101501,0.887,0.94,8,4
HD 101501_7,0.9021645374265476,0.07731084498973606,HD 101501,0.887,0.94,8,4
HD 101501_7,0.8452858586407966,0.012125441974248884,HD 101501,0.887,0.94,8,4
HD 101501_7,0.8522811500357294,0.003905208803225372,HD 101501,0.887,0.94,8,4
HD 101501_7,0.9028827881042691,0.07010708161310474,HD 101501,0.887,0.94,8,4
HD 101501_7,0.8638007707199127,0.010330327059226325,HD 101501,0.887,0.94,8,4
HD 101501_7,0.8524223561336083,0.05954530999162311,HD 101501,0.887,0.94,8,4
HD 101501_7,0.8559169510891954,0.006619025438706725,HD 101501,0.887,0.94,8,4
HD 101501_7,0.8394956839910452,0.02006970402190977,HD 101501,0.887,0.94,8,4
HD 101501_7,0.8458511804722957,0.0207883690159582,HD 101501,0.887,0.94,8,4
HD 101501_7,0.8622690617503111,0.03398156543780701,HD 101501,0.887,0.94,8,4
HD 101501_7,0.8576517013697672,0.029469470598684884,HD 101501,0.887,0.94,8,4
HD 101501_7,0.8806529680578435,0.024562793842697987,HD 101501,0.887,0.94,8,4
HD 101501_7,0.8310007040087894,0.0176124737513778,HD 101501,0.887,0.94,8,4
HD 101501_7,0.8560537985781177,0.0029188470594252855,HD 101501,0.887,0.94,8,4
HD 101501_7,0.871126961186259,0.02403107124117462,HD 101501,0.887,0.94,8,4
HD 101501_7,0.8375136538573997,0.09226193806925856,HD 101501,0.887,0.94,8,4
HD 101501_7,0.8399663279210356,0.00608136287872086,HD 101501,0.887,0.94,8,4
HD 101501_7,0.8786340068879201,0.03223289458673813,HD 101501,0.887,0.94,8,4
HD 101501_7,0.8439371460029393,0.01825524321174959,HD 101501,0.887,0.94,8,4
HD 101501_7,0.8399237402053817,0.055100251698440975,HD 101501,0.887,0.94,8,4
HD 101501_7,0.8365841318671984,0.050444678360738016,HD 101501,0.887,0.94,8,4
HD 101501_7,0.8439154627630816,0.014235793119302061,HD 101501,0.887,0.94,8,4
HD 101501_7,0.8361609758553932,0.059826403778398284,HD 101501,0.887,0.94,8,4
HD 101501_7,0.8373436408130593,0.02049205449040506,HD 101501,0.887,0.94,8,4
HD 101501_7,0.8369163440112989,0.05065863119500015,HD 101501,0.887,0.94,8,4
HD 101501_7,0.8370226030633509,0.04193267881199298,HD 101501,0.887,0.94,8,4
HD 101501_7,0.8915876269965802,0.0496052213701964,HD 101501,0.887,0.94,8,4
HD 101501_7,0.8304914896868962,0.009762080657866809,HD 101501,0.887,0.94,8,4
HD 101501_7,0.8507235552258455,0.047171548961456464,HD 101501,0.887,0.94,8,4
HD 101501_7,0.8578619255107357,0.05655793787280212,HD 101501,0.887,0.94,8,4
HD 101501_7,0.8381933673901217,0.051789617767676085,HD 101501,0.887,0.94,8,4
HD 101501_7,0.8416517497401056,0.04839404375787185,HD 101501,0.887,0.94,8,4
HD 101501_7,0.8537777459678555,0.03502135024202015,HD 101501,0.887,0.94,8,4
HD 101501_7,0.8842709198177034,0.050144070059337006,HD 101501,0.887,0.94,8,4
HD 101501_7,0.8365489098000399,0.02045517883785828,HD 101501,0.887,0.94,8,4
HD 101501_7,0.8462607583128466,0.003626101851674215,HD 101501,0.887,0.94,8,4
HD 101501_7,0.8281375680061474,0.028090377358429917,HD 101501,0.887,0.94,8,4
HD 101501_7,0.8320503570753998,0.01061374636509529,HD 101501,0.887,0.94,8,4
HD 101501_7,0.8418639634185673,0.025154886283461582,HD 101501,0.887,0.94,8,4
HD 101501_7,0.8616175302992631,0.022889691853484127,HD 101501,0.887,0.94,8,4
HD 101501_7,0.8686246668747246,0.011377434545541763,HD 101501,0.887,0.94,8,4
HD 101501_7,0.8478020164833937,0.015999668776370858,HD 101501,0.887,0.94,8,4
HD 101501_7,0.8434884130529889,0.030839992519935265,HD 101501,0.887,0.94,8,4
HD 101501_7,0.8415481307583463,0.03839519375001979,HD 101501,0.887,0.94,8,4
HD 101501_7,0.8551735644872892,0.021700252755513637,HD 101501,0.887,0.94,8,4
HD 101501_7,0.8416105660659926,0.017289174448383612,HD 101501,0.887,0.94,8,4
HD 101501_7,0.8716383160767287,0.05070756236767657,HD 101501,0.887,0.94,8,4
HD 101501_7,0.8514095616519389,0.03650936038040738,HD 101501,0.887,0.94,8,4
HD 101501_7,0.8430730302117316,0.026873767517139793,HD 101501,0.887,0.94,8,4
HD 101501_7,0.838402565625138,0.016009492287009833,HD 101501,0.887,0.94,8,4
HD 101501_7,0.8347947664151336,0.021389004480511984,HD 101501,0.887,0.94,8,4
HD 101501_7,0.8429041324716151,0.038750071759078575,HD 101501,0.887,0.94,8,4
HD 101501_7,0.8640490524388423,0.028743045124119484,HD 101501,0.887,0.94,8,4
HD 101501_7,0.8313681530966353,0.05933433693332379,HD 101501,0.887,0.94,8,4
HD 101501_7,0.8361480754824895,0.002649957561206933,HD 101501,0.887,0.94,8,4
HD 101501_7,0.829435352973742,0.038257587956139094,HD 101501,0.887,0.94,8,4
HD 101501_7,0.8542439704078072,9.993817901500501e-05,HD 101501,0.887,0.94,8,4
HD 101501_7,0.9051819654423119,0.1383052858855145,HD 101501,0.887,0.94,8,4
HD 101501_7,0.8336893675048869,0.0021698621050078998,HD 101501,0.887,0.94,8,4
HD 101501_7,0.8474573806253004,0.020050936284618532,HD 101501,0.887,0.94,8,4
HD 101501_7,0.8304345328164704,0.013240453639730025,HD 101501,0.887,0.94,8,4
HD 101501_7,0.8455876729077746,0.05537462852253901,HD 101501,0.887,0.94,8,4
HD 101501_7,0.8756913694936478,0.045533549497042726,HD 101501,0.887,0.94,8,4
HD 101501_7,0.8508392640698239,0.02826301635076172,HD 101501,0.887,0.94,8,4
HD 101501_7,0.8346745575458066,0.03850117764367121,HD 101501,0.887,0.94,8,4
HD 101501_7,0.8372654357875124,0.033939857548284345,HD 101501,0.887,0.94,8,4
HD 101501_7,0.8881774507661823,0.02394137069491684,HD 101501,0.887,0.94,8,4
HD 101501_7,0.8401917727160947,0.07783610077396205,HD 101501,0.887,0.94,8,4
HD 101501_7,0.8573686273238058,0.048256971107666496,HD 101501,0.887,0.94,8,4
HD 101501_7,0.8331856926416908,0.01705516763852553,HD 101501,0.887,0.94,8,4
HD 101501_7,0.8540566038645722,0.0037517967252681736,HD 101501,0.887,0.94,8,4
HD 101501_7,0.8477589920823556,0.020178419470586836,HD 101501,0.887,0.94,8,4
HD 101501_7,0.8371694714095557,0.017962740929290927,HD 101501,0.887,0.94,8,4
HD 101501_7,0.8697444790429488,0.060772510927314435,HD 101501,0.887,0.94,8,4
HD 101501_7,0.8306343735795928,0.004814540287878213,HD 101501,0.887,0.94,8,4
HD 101501_7,0.8386533837955558,0.0019735062306124387,HD 101501,0.887,0.94,8,4
HD 101501_7,0.8496649323540557,0.07205013950043168,HD 101501,0.887,0.94,8,4
HD 101501_7,0.8359831650757056,0.036787540229478166,HD 101501,0.887,0.94,8,4
HD 101501_7,0.8433435263680665,0.0008842475315528064,HD 101501,0.887,0.94,8,4
HD 101501_7,0.8753248740964698,0.06212974538242792,HD 101501,0.887,0.94,8,4
HD 101501_7,0.8357336158092922,0.010426007262852161,HD 101501,0.887,0.94,8,4
HD 101501_7,0.853162341099427,0.035726604341130085,HD 101501,0.887,0.94,8,4
HD 101501_7,0.8521808744765396,0.032171870084895256,HD 101501,0.887,0.94,8,4
HD 101501_7,0.8430367421941406,0.057029975337584284,HD 101501,0.887,0.94,8,4
HD 101501_7,0.827279071017133,0.003309995796457313,HD 101501,0.887,0.94,8,4
HD 101501_7,0.8811211479256805,0.0908834298846829,HD 101501,0.887,0.94,8,4
HD 101501_7,0.8378609664699143,0.06081697466776172,HD 101501,0.887,0.94,8,4
HD 101501_7,0.8764718269137447,0.0026932051124359544,HD 101501,0.887,0.94,8,4
HD 101501_7,0.896707007069623,0.06629660084286283,HD 101501,0.887,0.94,8,4
HD 101501_7,0.8423860348777903,0.008808971141985561,HD 101501,0.887,0.94,8,4
HD 101501_7,0.8403599708071401,0.018430717367469245,HD 101501,0.887,0.94,8,4
HD 101501_7,0.8438546566035428,0.03938230604115703,HD 101501,0.887,0.94,8,4
HD 101501_7,0.8459747930626316,0.03006141937470036,HD 101501,0.887,0.94,8,4
HD 101501_7,0.8265818351355481,0.03320704875061005,HD 101501,0.887,0.94,8,4
HD 101501_7,0.8407680219007306,0.0029132436730562664,HD 101501,0.887,0.94,8,4
HD 101501_7,0.8385937524067594,0.030242439465884917,HD 101501,0.887,0.94,8,4
HD 101501_7,0.8649964520047186,0.01737919093396314,HD 101501,0.887,0.94,8,4
HD 101501_7,0.839040414321573,0.05583887356766387,HD 101501,0.887,0.94,8,4
HD 101501_7,0.8481512087238268,0.06543167961650267,HD 101501,0.887,0.94,8,4
HD 101501_7,0.8365795174921249,0.013269267988979611,HD 101501,0.887,0.94,8,4
HD 101501_7,0.8403910738834542,0.04341382197390426,HD 101501,0.887,0.94,8,4
HD 101501_7,0.8526833457016504,0.04028971323959986,HD 101501,0.887,0.94,8,4
HD 101501_7,0.8442358631560211,0.02090488822640542,HD 101501,0.887,0.94,8,4
HD 101501_7,0.868056606557058,0.025543623758534677,HD 101501,0.887,0.94,8,4
HD 101501_7,0.8501392428007282,0.03146119156010429,HD 101501,0.887,0.94,8,4
HD 101501_7,0.8636446221885316,0.034236367702193994,HD 101501,0.887,0.94,8,4
HD 101501_7,0.8375528309000109,0.001540229562284369,HD 101501,0.887,0.94,8,4
HD 101501_7,0.8458432342192196,0.02341148488639068,HD 101501,0.887,0.94,8,4
HD 101501_7,0.858616478581973,0.009706038442416982,HD 101501,0.887,0.94,8,4
HD 101501_7,0.8436640317738682,0.026615658136273243,HD 101501,0.887,0.94,8,4
HD 101501_7,0.8699627964384621,0.10100511886631178,HD 101501,0.887,0.94,8,4
HD 101501_7,0.8677380218387104,0.033802473149684556,HD 101501,0.887,0.94,8,4
HD 101501_7,0.8378876164955912,0.031394927859460575,HD 101501,0.887,0.94,8,4
HD 101501_7,0.8527765250164356,0.05201989328458191,HD 101501,0.887,0.94,8,4
HD 101501_7,0.850861537781867,0.001789800666797313,HD 101501,0.887,0.94,8,4
HD 101501_7,0.8565679045719997,0.07159828055915382,HD 101501,0.887,0.94,8,4
HD 101501_7,0.8230592575767188,0.04240122824617381,HD 101501,0.887,0.94,8,4
HD 101501_7,0.8336450952638075,0.028707967521667,HD 101501,0.887,0.94,8,4
HD 101501_7,0.8468324815468865,0.01977125920678232,HD 101501,0.887,0.94,8,4
HD 101501_7,0.8643718819163899,0.02704174369132831,HD 101501,0.887,0.94,8,4
HD 101501_7,0.8394287874178674,0.02451260251258142,HD 101501,0.887,0.94,8,4
HD 101501_7,0.83117791612692,0.011248027961572905,HD 101501,0.887,0.94,8,4
HD 101501_7,0.8820980258136544,0.05213713057379507,HD 101501,0.887,0.94,8,4
HD 101501_7,0.869700425876895,0.04698771685275287,HD 101501,0.887,0.94,8,4
HD 101501_7,0.899625740620303,0.1047552307966986,HD 101501,0.887,0.94,8,4
HD 101501_7,0.8477647561900709,0.003443386741958943,HD 101501,0.887,0.94,8,4
HD 101501_7,0.8597704416947394,0.07378145757896837,HD 101501,0.887,0.94,8,4
HD 101501_7,0.8452304714825289,0.0316163106624249,HD 101501,0.887,0.94,8,4
HD 101501_7,0.900101464851713,0.04130356262911471,HD 101501,0.887,0.94,8,4
HD 101501_7,0.8350036006386315,0.03762893309296035,HD 101501,0.887,0.94,8,4
HD 101501_7,0.8430442339312222,0.05530395727287475,HD 101501,0.887,0.94,8,4
HD 101501_7,0.8411563522949514,0.07753940400410937,HD 101501,0.887,0.94,8,4
HD 101501_7,0.8699151331723145,0.05310576595980359,HD 101501,0.887,0.94,8,4
HD 101501_7,0.847488413678752,0.06657582713496461,HD 101501,0.887,0.94,8,4
HD 101501_7,0.8390018292921537,0.010940279949505458,HD 101501,0.887,0.94,8,4
HD 101501_7,0.8394367097886956,0.04009128135568045,HD 101501,0.887,0.94,8,4
HD 101501_7,0.8272355038440204,0.014393572160587065,HD 101501,0.887,0.94,8,4
HD 101501_7,0.8376542259477334,0.0016027634764009605,HD 101501,0.887,0.94,8,4
HD 101501_7,0.8524797683678718,0.05176096188110564,HD 101501,0.887,0.94,8,4
HD 101501_7,0.8405700314841449,0.00804930532124109,HD 101501,0.887,0.94,8,4
HD 101501_7,0.833933844129482,0.03436299222375394,HD 101501,0.887,0.94,8,4
HD 101501_7,0.9098288095912515,0.1046026038124187,HD 101501,0.887,0.94,8,4
HD 101501_7,0.831763525688905,0.02378593364795978,HD 101501,0.887,0.94,8,4
HD 101501_7,0.8599077289096044,0.009478857995941885,HD 101501,0.887,0.94,8,4
HD 101501_7,0.8645112644399121,0.0022456083133698714,HD 101501,0.887,0.94,8,4
HD 101501_7,0.843855919639521,0.052547427544002046,HD 101501,0.887,0.94,8,4
HD 101501_7,0.8653482602747418,0.1443953424142946,HD 101501,0.887,0.94,8,4
HD 101501_7,0.8328605769422484,0.05065662298292253,HD 101501,0.887,0.94,8,4
HD 101501_7,0.8376542259477334,0.0016027634764009605,HD 101501,0.887,0.94,8,4
HD 101501_7,0.8330137231262343,0.014649535819014368,HD 101501,0.887,0.94,8,4
HD 101501_7,0.8447818559920438,0.002842001813893262,HD 101501,0.887,0.94,8,4
HD 101501_7,0.8506064494165624,0.050441070990420014,HD 101501,0.887,0.94,8,4
HD 101501_7,0.8516294674456719,0.024634194989117016,HD 101501,0.887,0.94,8,4
HD 101501_7,0.8675308532395497,0.08689610074374102,HD 101501,0.887,0.94,8,4
HD 101501_7,0.8583031697524645,0.035290546162375244,HD 101501,0.887,0.94,8,4
HD 101501_7,0.8425924894580554,0.0012138730183145381,HD 101501,0.887,0.94,8,4
HD 101501_7,0.8441513270762322,0.055075722439370506,HD 101501,0.887,0.94,8,4
HD 101501_7,0.8332524448394426,0.004827462843627131,HD 101501,0.887,0.94,8,4
HD 101501_7,0.8560044325584037,0.010590422983771431,HD 101501,0.887,0.94,8,4
HD 101501_7,0.8745683868775922,0.0917228098537348,HD 101501,0.887,0.94,8,4
HD 101501_7,0.8350105530394893,0.02455550069145304,HD 101501,0.887,0.94,8,4
HD 101501_7,0.8402564095903469,0.027756912232060983,HD 101501,0.887,0.94,8,4
HD 101501_7,0.8556481982278562,0.04113983944736854,HD 101501,0.887,0.94,8,4
HD 101501_7,0.8373339378781178,0.0033495341392459146,HD 101501,0.887,0.94,8,4
HD 101501_7,0.8411078919422149,0.019198083991046513,HD 101501,0.887,0.94,8,4
HD 101501_7,0.8405941132352307,0.031230915531597646,HD 101501,0.887,0.94,8,4
HD 101501_7,0.8404763063263868,0.013588386109449091,HD 101501,0.887,0.94,8,4
HD 101501_7,0.8529916732901767,0.010679014020962885,HD 101501,0.887,0.94,8,4
HD 101501_7,0.8583091766571711,0.10696626989066667,HD 101501,0.887,0.94,8,4
HD 101501_7,0.8429259044288377,0.07666218382099346,HD 101501,0.887,0.94,8,4
HD 101501_7,0.8886151641718907,0.028617365343463978,HD 101501,0.887,0.94,8,4
HD 101501_7,0.8433975323738665,0.0036879275023814495,HD 101501,0.887,0.94,8,4
HD 101501_7,0.8547443710264949,0.02353959299896801,HD 101501,0.887,0.94,8,4
HD 101501_7,0.8645121376947044,0.010895222769905871,HD 101501,0.887,0.94,8,4
HD 101501_7,0.8470137858571,0.11334079554983734,HD 101501,0.887,0.94,8,4
HD 101501_7,0.8557459903067205,0.013821365278340244,HD 101501,0.887,0.94,8,4
HD 101501_7,0.8273755262153182,0.00011059232176785592,HD 101501,0.887,0.94,8,4
HD 101501_7,0.8913775842494123,0.0579034865939734,HD 101501,0.887,0.94,8,4
HD 101501_7,0.8781076009811654,0.0957698256530786,HD 101501,0.887,0.94,8,4
HD 101501_7,0.8305619859394062,0.018920409422348756,HD 101501,0.887,0.94,8,4
HD 101501_7,0.8367322430713487,0.03878206814372137,HD 101501,0.887,0.94,8,4
HD 101501_7,0.8317423932921053,0.011711648094628376,HD 101501,0.887,0.94,8,4
HD 101501_7,0.8366186606264776,0.01305877332522709,HD 101501,0.887,0.94,8,4
HD 101501_7,0.8353912676504828,0.007471273362028124,HD 101501,0.887,0.94,8,4
HD 101501_7,0.8303206910160379,0.03240687999241768,HD 101501,0.887,0.94,8,4
HD 101501_7,0.8457398889140018,0.001962734794916714,HD 101501,0.887,0.94,8,4
HD 101501_7,0.8693145804314344,0.056090896757618,HD 101501,0.887,0.94,8,4
HD 101501_7,0.8436014858507163,0.018129213728481433,HD 101501,0.887,0.94,8,4
HD 101501_7,0.8434007279286626,0.058836113122363365,HD 101501,0.887,0.94,8,4
HD 101501_7,0.8320100942643528,0.03462291192363552,HD 101501,0.887,0.94,8,4
HD 101501_7,0.839595308996285,0.008588816443927361,HD 101501,0.887,0.94,8,4
HD 101501_7,0.8393736049528743,0.04295732529821412,HD 101501,0.887,0.94,8,4
HD 101501_7,0.8523415797930032,0.019307757877071535,HD 101501,0.887,0.94,8,4
HD 101501_7,0.8424084861672555,0.04467072017874099,HD 101501,0.887,0.94,8,4
HD 101501_7,0.8496840270181036,0.038604264477743615,HD 101501,0.887,0.94,8,4
HD 101501_7,0.8586631653332418,0.033301687834888564,HD 101501,0.887,0.94,8,4
HD 101501_7,0.8407561818706698,0.0053679920904129985,HD 101501,0.887,0.94,8,4
HD 101501_7,0.8612396130444425,0.04730520678397365,HD 101501,0.887,0.94,8,4
HD 101501_7,0.8422862608133298,0.003208604772540348,HD 101501,0.887,0.94,8,4
HD 101501_7,0.8514095616519389,0.03650936038040738,HD 101501,0.887,0.94,8,4
HD 101501_7,0.8486550497316944,0.026978215111966426,HD 101501,0.887,0.94,8,4
HD 101501_7,0.8427809384230194,0.0002998160334193589,HD 101501,0.887,0.94,8,4
HD 101501_7,0.8358588287383453,0.025002139098999718,HD 101501,0.887,0.94,8,4
HD 101501_7,0.8537335126983525,0.021551787463205505,HD 101501,0.887,0.94,8,4
HD 101501_7,0.8544917048516806,0.03400102324439577,HD 101501,0.887,0.94,8,4
HD 101501_7,0.8481193604851823,0.026276468304014113,HD 101501,0.887,0.94,8,4
HD 101501_7,0.8623664722591073,0.05630228928952266,HD 101501,0.887,0.94,8,4
HD 101501_7,0.8489211530692455,0.042296855257178995,HD 101501,0.887,0.94,8,4
HD 101501_7,0.8543893619420966,0.014350335874604988,HD 101501,0.887,0.94,8,4
HD 101501_7,0.8499083841184427,0.05525859365793317,HD 101501,0.887,0.94,8,4
HD 101501_7,0.8380504898934091,0.030720114733533616,HD 101501,0.887,0.94,8,4
HD 101501_7,0.8499605571006618,0.026211736616159602,HD 101501,0.887,0.94,8,4
HD 101501_7,0.8558947146200334,0.03166935130428093,HD 101501,0.887,0.94,8,4
HD 101501_7,0.8368986030748605,0.0027914073916970386,HD 101501,0.887,0.94,8,4
HD 101501_7,0.8378201986667075,0.03032701812405889,HD 101501,0.887,0.94,8,4
HD 101501_7,0.8433793139404786,0.026132177791114628,HD 101501,0.887,0.94,8,4
HD 101501_7,0.8516559932727218,0.0028068862207338416,HD 101501,0.887,0.94,8,4
HD 101501_7,0.8315413128321373,0.0017071141278774543,HD 101501,0.887,0.94,8,4
HD 101501_7,0.8261372707530232,0.015072422610910434,HD 101501,0.887,0.94,8,4
HD 101501_7,0.8315059907963857,0.0023348443345853898,HD 101501,0.887,0.94,8,4
HD 101501_7,0.8585875373189311,0.057835305046549906,HD 101501,0.887,0.94,8,4
HD 101501_7,0.8437810103754122,0.020063625613342195,HD 101501,0.887,0.94,8,4
HD 101501_7,0.8380964516295563,0.049375979623925176,HD 101501,0.887,0.94,8,4
HD 101501_7,0.8500476606204251,0.014092788751034348,HD 101501,0.887,0.94,8,4
HD 101501_7,0.8577571898321984,0.012569176157814346,HD 101501,0.887,0.94,8,4
HD 101501_7,0.8600369059611425,0.042278337732928675,HD 101501,0.887,0.94,8,4
HD 101501_7,0.839057692773029,0.04144180453345027,HD 101501,0.887,0.94,8,4
HD 101501_7,0.842903784556074,0.050135583629604664,HD 101501,0.887,0.94,8,4
HD 101501_7,0.8471406097856944,0.059271347369012545,HD 101501,0.887,0.94,8,4
HD 101501_7,0.8294329040095176,0.006864607204743418,HD 101501,0.887,0.94,8,4
HD 101501_7,0.8384133672481886,0.048128838940431844,HD 101501,0.887,0.94,8,4
HD 101501_7,0.8548060238810854,0.008488412964772398,HD 101501,0.887,0.94,8,4
HD 101501_7,0.8563580583041801,0.04224252891115038,HD 101501,0.887,0.94,8,4
HD 101501_7,0.8610453945195657,0.03199315382197379,HD 101501,0.887,0.94,8,4
HD 101501_7,0.8503578968105813,0.019038742278755877,HD 101501,0.887,0.94,8,4
HD 101501_7,0.8586462761561787,0.025578785998454347,HD 101501,0.887,0.94,8,4
HD 101501_7,0.8536190370862285,0.090211829752702,HD 101501,0.887,0.94,8,4
HD 101501_7,0.8846758914315624,0.05225118761445499,HD 101501,0.887,0.94,8,4
HD 101501_7,0.8528832429024824,0.062053176894116546,HD 101501,0.887,0.94,8,4
HD 101501_7,0.8348054119202134,0.025990192704314262,HD 101501,0.887,0.94,8,4
HD 101501_7,0.8475413850151355,0.010689380169483792,HD 101501,0.887,0.94,8,4
HD 101501_7,0.834715643154198,0.01758196356668816,HD 101501,0.887,0.94,8,4
HD 101501_7,0.8462841969798526,0.0258971547658958,HD 101501,0.887,0.94,8,4
HD 101501_7,0.8394660023124905,0.04902096666817528,HD 101501,0.887,0.94,8,4
HD 101501_7,0.8370901703088717,0.02641233899616054,HD 101501,0.887,0.94,8,4
HD 101501_7,0.8422191520708816,0.02696033764561679,HD 101501,0.887,0.94,8,4
HD 101501_7,0.8346582461667634,0.03767000709957712,HD 101501,0.887,0.94,8,4
HD 101501_7,0.8566726532072837,0.024194906380346316,HD 101501,0.887,0.94,8,4
HD 101501_7,0.8594615812661852,0.053834691410276074,HD 101501,0.887,0.94,8,4
HD 101501_7,0.8275381705950666,0.035732910216484504,HD 101501,0.887,0.94,8,4
HD 101501_7,0.8927797725192154,0.05332015786694551,HD 101501,0.887,0.94,8,4
HD 101501_7,0.8367348112973791,0.0594008353569239,HD 101501,0.887,0.94,8,4
HD 101501_7,0.8554092072115749,0.06851892700696982,HD 101501,0.887,0.94,8,4
HD 101501_7,0.8353600388004283,0.020305335758657055,HD 101501,0.887,0.94,8,4
HD 101501_7,0.9295300543703472,0.16362716226456275,HD 101501,0.887,0.94,8,4
HD 101501_7,0.8291414768738167,0.006398385498972495,HD 101501,0.887,0.94,8,4
HD 101501_7,0.8317231480013618,0.0017583145422409574,HD 101501,0.887,0.94,8,4
HD 101501_7,0.8603888702890743,0.03566736266661667,HD 101501,0.887,0.94,8,4
HD 101501_7,0.8309450499496145,0.04799369661818207,HD 101501,0.887,0.94,8,4
HD 101501_7,0.846147998460371,0.05422796770616584,HD 101501,0.887,0.94,8,4
HD 101501_7,0.8282053816651991,0.08970871599660671,HD 101501,0.887,0.94,8,4
HD 101501_7,0.8421799589560016,0.04675896445268446,HD 101501,0.887,0.94,8,4
HD 10780_0,0.811381722043085,0.11282291690305053,HD 10780,1.077,0.9,8,8
HD 10780_0,0.8155551713432849,0.10414197051348358,HD 10780,1.077,0.9,8,8
HD 10780_0,0.8148355348449591,0.10912109750140138,HD 10780,1.077,0.9,8,8
HD 10780_0,0.8117200169472484,0.13634041752301201,HD 10780,1.077,0.9,8,8
HD 10780_0,0.8134323212686325,0.09421700892124024,HD 10780,1.077,0.9,8,8
HD 10780_0,0.8135175653747735,0.10056844186343407,HD 10780,1.077,0.9,8,8
HD 10780_0,0.8120201226060884,0.11220636339367655,HD 10780,1.077,0.9,8,8
HD 10780_0,0.8114270291049669,0.1248754618160233,HD 10780,1.077,0.9,8,8
HD 10780_0,0.8107985567086858,0.13259056687485485,HD 10780,1.077,0.9,8,8
HD 10780_0,0.8124147158553211,0.12494541675017248,HD 10780,1.077,0.9,8,8
HD 10780_0,0.8128635655176427,0.1159072980914195,HD 10780,1.077,0.9,8,8
HD 10780_0,0.8141451609557941,0.1049461545571156,HD 10780,1.077,0.9,8,8
HD 10780_0,0.8124446145885338,0.12023720330950562,HD 10780,1.077,0.9,8,8
HD 10780_0,0.8124391572374332,0.10851832698720024,HD 10780,1.077,0.9,8,8
HD 10780_0,0.8135991730503872,0.11246188069722943,HD 10780,1.077,0.9,8,8
HD 10780_0,0.8135091980924481,0.11168303615580982,HD 10780,1.077,0.9,8,8
HD 10780_0,0.8125693076594651,0.1297074545474078,HD 10780,1.077,0.9,8,8
HD 10780_0,0.812367385537696,0.12508917146949017,HD 10780,1.077,0.9,8,8
HD 10780_0,0.8128803725255329,0.12230720011110564,HD 10780,1.077,0.9,8,8
HD 10780_0,0.8117679055072773,0.13043404587266702,HD 10780,1.077,0.9,8,8
HD 10780_0,0.8126593883279835,0.10891458225533937,HD 10780,1.077,0.9,8,8
HD 10780_0,0.815447707196102,0.10954466251442685,HD 10780,1.077,0.9,8,8
HD 10780_0,0.8147480644672849,0.09543402037641877,HD 10780,1.077,0.9,8,8
HD 10780_0,0.8143302818785452,0.08996030882159346,HD 10780,1.077,0.9,8,8
HD 10780_0,0.8130834624750152,0.11494412675380336,HD 10780,1.077,0.9,8,8
HD 10780_0,0.8115406104160371,0.11695052561755631,HD 10780,1.077,0.9,8,8
HD 10780_0,0.8143140293513744,0.11159226602680103,HD 10780,1.077,0.9,8,8
HD 10780_0,0.8137036961031449,0.12194376235432818,HD 10780,1.077,0.9,8,8
HD 10780_0,0.815521281851282,0.08931724391943928,HD 10780,1.077,0.9,8,8
HD 10780_0,0.8145369083407618,0.11846439919397443,HD 10780,1.077,0.9,8,8
HD 10780_0,0.8152266694632944,0.09116461531957147,HD 10780,1.077,0.9,8,8
HD 10780_0,0.8154545647940703,0.07598775725653743,HD 10780,1.077,0.9,8,8
HD 10780_0,0.8131069845585999,0.11117613062158552,HD 10780,1.077,0.9,8,8
HD 10780_0,0.8142969774550721,0.12044075686972161,HD 10780,1.077,0.9,8,8
HD 10780_0,0.8139044969610622,0.11800234218991977,HD 10780,1.077,0.9,8,8
HD 10780_0,0.8103914096876687,0.1436018189869048,HD 10780,1.077,0.9,8,8
HD 10780_0,0.8135866793566499,0.1142143660295985,HD 10780,1.077,0.9,8,8
HD 10780_0,0.8121032374011214,0.11174519773489755,HD 10780,1.077,0.9,8,8
HD 10780_0,0.8146287652712858,0.09945117714780974,HD 10780,1.077,0.9,8,8
HD 10780_0,0.8140443060430352,0.11022136526669277,HD 10780,1.077,0.9,8,8
HD 10780_0,0.8118789441337414,0.12415765720858044,HD 10780,1.077,0.9,8,8
HD 10780_0,0.8127076462071612,0.09972363782358895,HD 10780,1.077,0.9,8,8
HD 10780_0,0.8135587672041392,0.10716812034669412,HD 10780,1.077,0.9,8,8
HD 10780_0,0.8133703759207958,0.10797293200355174,HD 10780,1.077,0.9,8,8
HD 10780_0,0.8118554674251188,0.13680874289113584,HD 10780,1.077,0.9,8,8
HD 10780_0,0.8142795976206673,0.12217124404680027,HD 10780,1.077,0.9,8,8
HD 10780_0,0.8139633118330463,0.12709497427084654,HD 10780,1.077,0.9,8,8
HD 10780_0,0.8106989736390823,0.12733823241997355,HD 10780,1.077,0.9,8,8
HD 10780_0,0.8122095080883625,0.11379433865564825,HD 10780,1.077,0.9,8,8
HD 10780_0,0.8152050303760435,0.1079114368113774,HD 10780,1.077,0.9,8,8
HD 10780_0,0.8131314998036535,0.12907327854413758,HD 10780,1.077,0.9,8,8
HD 10780_0,0.8143886657470064,0.09838471990811495,HD 10780,1.077,0.9,8,8
HD 10780_0,0.8143489524297303,0.09603078839774111,HD 10780,1.077,0.9,8,8
HD 10780_0,0.8109705822916847,0.12468579109371974,HD 10780,1.077,0.9,8,8
HD 10780_0,0.8134388898455088,0.10955524495336713,HD 10780,1.077,0.9,8,8
HD 10780_0,0.8136383934084803,0.11120796892362167,HD 10780,1.077,0.9,8,8
HD 10780_0,0.8142518494468125,0.10385999941674533,HD 10780,1.077,0.9,8,8
HD 10780_0,0.8130356373161876,0.10087128394090611,HD 10780,1.077,0.9,8,8
HD 10780_0,0.8124543640387751,0.11327491060017349,HD 10780,1.077,0.9,8,8
HD 10780_0,0.814624702721267,0.08384025074296848,HD 10780,1.077,0.9,8,8
HD 10780_0,0.8141015049868432,0.09055680819435574,HD 10780,1.077,0.9,8,8
HD 10780_0,0.8103493119899111,0.1520307336929546,HD 10780,1.077,0.9,8,8
HD 10780_0,0.8145421161152269,0.09080281225279103,HD 10780,1.077,0.9,8,8
HD 10780_0,0.8141158485344995,0.12756417154555166,HD 10780,1.077,0.9,8,8
HD 10780_0,0.8137265232596417,0.12191385778815202,HD 10780,1.077,0.9,8,8
HD 10780_0,0.8124566766761231,0.1171668716561778,HD 10780,1.077,0.9,8,8
HD 10780_0,0.8138115224260104,0.11541699273946958,HD 10780,1.077,0.9,8,8
HD 10780_0,0.812334939958642,0.11233179695863721,HD 10780,1.077,0.9,8,8
HD 10780_0,0.8139518380407071,0.11223043603586745,HD 10780,1.077,0.9,8,8
HD 10780_0,0.8163112229157553,0.09435553989530958,HD 10780,1.077,0.9,8,8
HD 10780_0,0.8138069944881186,0.1024156776323082,HD 10780,1.077,0.9,8,8
HD 10780_0,0.8125611872589874,0.10138421512928113,HD 10780,1.077,0.9,8,8
HD 10780_0,0.8130895371129501,0.11269898551144306,HD 10780,1.077,0.9,8,8
HD 10780_0,0.8121563763560107,0.11288629647726223,HD 10780,1.077,0.9,8,8
HD 10780_0,0.8093508544050336,0.10500549098149528,HD 10780,1.077,0.9,8,8
HD 10780_0,0.8126000032540546,0.10848155020297347,HD 10780,1.077,0.9,8,8
HD 10780_0,0.8143072435161529,0.11532172869399865,HD 10780,1.077,0.9,8,8
HD 10780_0,0.8121425142826729,0.10405201888876373,HD 10780,1.077,0.9,8,8
HD 10780_0,0.8118306612368827,0.11353898785081726,HD 10780,1.077,0.9,8,8
HD 10780_0,0.8137556474278003,0.09871668441128365,HD 10780,1.077,0.9,8,8
HD 10780_0,0.815206569998231,0.10397388224698662,HD 10780,1.077,0.9,8,8
HD 10780_0,0.8157858877636803,0.10125570692706516,HD 10780,1.077,0.9,8,8
HD 10780_0,0.8124148033798614,0.10692133594131996,HD 10780,1.077,0.9,8,8
HD 10780_0,0.8113451163701719,0.12089861764249471,HD 10780,1.077,0.9,8,8
HD 10780_0,0.8135496064377261,0.1086279264482048,HD 10780,1.077,0.9,8,8
HD 10780_0,0.8135084385556112,0.10866401914553928,HD 10780,1.077,0.9,8,8
HD 10780_0,0.8134270251396972,0.10981053309996947,HD 10780,1.077,0.9,8,8
HD 10780_0,0.8126020933021693,0.11102008425339735,HD 10780,1.077,0.9,8,8
HD 10780_0,0.8118253532454648,0.13521690730622493,HD 10780,1.077,0.9,8,8
HD 10780_0,0.8123778564644868,0.10248913712093534,HD 10780,1.077,0.9,8,8
HD 10780_0,0.8144166740906057,0.08938914276665318,HD 10780,1.077,0.9,8,8
HD 10780_0,0.8124457300743336,0.10401703195509697,HD 10780,1.077,0.9,8,8
HD 10780_0,0.8143671665535351,0.11810055991540962,HD 10780,1.077,0.9,8,8
HD 10780_0,0.8131534080132906,0.11713022583775062,HD 10780,1.077,0.9,8,8
HD 10780_0,0.8114847719629209,0.12224093765633975,HD 10780,1.077,0.9,8,8
HD 10780_0,0.8142275317705373,0.10683884274894326,HD 10780,1.077,0.9,8,8
HD 10780_0,0.8121137569586204,0.1235367367988337,HD 10780,1.077,0.9,8,8
HD 10780_0,0.8152050664618985,0.08833517658619802,HD 10780,1.077,0.9,8,8
HD 10780_0,0.8126218521199463,0.1255329509849263,HD 10780,1.077,0.9,8,8
HD 10780_0,0.8152540456847859,0.09754177546097127,HD 10780,1.077,0.9,8,8
HD 10780_0,0.8118755607922843,0.11106494282254553,HD 10780,1.077,0.9,8,8
HD 10780_0,0.8134072398497301,0.10357953589217261,HD 10780,1.077,0.9,8,8
HD 10780_0,0.81382449469888,0.11073712628401894,HD 10780,1.077,0.9,8,8
HD 10780_0,0.8141383824183951,0.10107745957703546,HD 10780,1.077,0.9,8,8
HD 10780_0,0.8124349124720746,0.10698435879651359,HD 10780,1.077,0.9,8,8
HD 10780_0,0.8111031875793526,0.14685754506308146,HD 10780,1.077,0.9,8,8
HD 10780_0,0.8097456733936477,0.13209494479423065,HD 10780,1.077,0.9,8,8
HD 10780_0,0.8139602256170705,0.1275534554877238,HD 10780,1.077,0.9,8,8
HD 10780_0,0.8112821125999431,0.11144594284529061,HD 10780,1.077,0.9,8,8
HD 10780_0,0.8134026947385117,0.11565470938020414,HD 10780,1.077,0.9,8,8
HD 10780_0,0.8141490699116909,0.11253535028112793,HD 10780,1.077,0.9,8,8
HD 10780_0,0.8141748632997589,0.10455196813094877,HD 10780,1.077,0.9,8,8
HD 10780_0,0.8111514342951848,0.1484864038948735,HD 10780,1.077,0.9,8,8
HD 10780_0,0.8157410426387238,0.08747847839827233,HD 10780,1.077,0.9,8,8
HD 10780_0,0.8155228052315304,0.09559561915278195,HD 10780,1.077,0.9,8,8
HD 10780_0,0.8131581604380215,0.10884766580297878,HD 10780,1.077,0.9,8,8
HD 10780_0,0.8135963116063367,0.10219561634377863,HD 10780,1.077,0.9,8,8
HD 10780_0,0.8133577981341228,0.10336396868028229,HD 10780,1.077,0.9,8,8
HD 10780_0,0.8132562171294457,0.11467908645102284,HD 10780,1.077,0.9,8,8
HD 10780_0,0.8145216036525796,0.0929856944205801,HD 10780,1.077,0.9,8,8
HD 10780_0,0.8133103638331435,0.11779623021957046,HD 10780,1.077,0.9,8,8
HD 10780_0,0.8129047026840016,0.10718908655469594,HD 10780,1.077,0.9,8,8
HD 10780_0,0.8146704054261286,0.10509241678243891,HD 10780,1.077,0.9,8,8
HD 10780_0,0.813913501179481,0.11550700794487975,HD 10780,1.077,0.9,8,8
HD 10780_0,0.8145864648524247,0.10916779093983359,HD 10780,1.077,0.9,8,8
HD 10780_0,0.8143678951645915,0.10277324403693158,HD 10780,1.077,0.9,8,8
HD 10780_0,0.8149106442329909,0.11128821382977848,HD 10780,1.077,0.9,8,8
HD 10780_0,0.8139506138729504,0.1095599043411731,HD 10780,1.077,0.9,8,8
HD 10780_0,0.8149252004450898,0.10119541898093522,HD 10780,1.077,0.9,8,8
HD 10780_0,0.8147721604612841,0.11001063717466986,HD 10780,1.077,0.9,8,8
HD 10780_0,0.812185435251607,0.13130783757810865,HD 10780,1.077,0.9,8,8
HD 10780_0,0.8127974853689431,0.1238429411718824,HD 10780,1.077,0.9,8,8
HD 10780_0,0.8125516199980548,0.10570586076168509,HD 10780,1.077,0.9,8,8
HD 10780_0,0.8111093915026995,0.13319820240515282,HD 10780,1.077,0.9,8,8
HD 10780_0,0.8111712589343687,0.1368588723967622,HD 10780,1.077,0.9,8,8
HD 10780_0,0.8129327199476778,0.10425328924644166,HD 10780,1.077,0.9,8,8
HD 10780_0,0.8121064191836056,0.12150408246946767,HD 10780,1.077,0.9,8,8
HD 10780_0,0.8121273559550631,0.10841517410875436,HD 10780,1.077,0.9,8,8
HD 10780_0,0.8144645722098822,0.09902743591110502,HD 10780,1.077,0.9,8,8
HD 10780_0,0.8111148750057606,0.11459888753606179,HD 10780,1.077,0.9,8,8
HD 10780_0,0.8116737757556687,0.11459886027250347,HD 10780,1.077,0.9,8,8
HD 10780_0,0.8144223675771037,0.11979660860771216,HD 10780,1.077,0.9,8,8
HD 10780_0,0.8141960459390567,0.1130668806903288,HD 10780,1.077,0.9,8,8
HD 10780_0,0.8101819620082924,0.13561089429019302,HD 10780,1.077,0.9,8,8
HD 10780_0,0.8124776422403509,0.1289977884123359,HD 10780,1.077,0.9,8,8
HD 10780_0,0.8155432741450886,0.09534864981998502,HD 10780,1.077,0.9,8,8
HD 10780_0,0.8126654130631077,0.11414934678784,HD 10780,1.077,0.9,8,8
HD 10780_0,0.8132122150293455,0.11056854081320162,HD 10780,1.077,0.9,8,8
HD 10780_0,0.8133540849250973,0.11494751745162965,HD 10780,1.077,0.9,8,8
HD 10780_0,0.8121893333729217,0.10807910637384988,HD 10780,1.077,0.9,8,8
HD 10780_0,0.8129184434207183,0.11223354606383588,HD 10780,1.077,0.9,8,8
HD 10780_0,0.8125001548987952,0.11392581462389917,HD 10780,1.077,0.9,8,8
HD 10780_0,0.8116303249615603,0.12816576391044898,HD 10780,1.077,0.9,8,8
HD 10780_0,0.8134270307565468,0.11146039247400857,HD 10780,1.077,0.9,8,8
HD 10780_0,0.8115696236559073,0.11759651567873491,HD 10780,1.077,0.9,8,8
HD 10780_0,0.8146300276682048,0.11269421638936701,HD 10780,1.077,0.9,8,8
HD 10780_0,0.813456012237277,0.11804813961324767,HD 10780,1.077,0.9,8,8
HD 10780_0,0.8139349938413769,0.09723019479260506,HD 10780,1.077,0.9,8,8
HD 10780_0,0.8140972178005664,0.12047775700706725,HD 10780,1.077,0.9,8,8
HD 10780_0,0.8169392343198072,0.10462518314560879,HD 10780,1.077,0.9,8,8
HD 10780_0,0.8102220043225925,0.1426865464494004,HD 10780,1.077,0.9,8,8
HD 10780_0,0.8160587422141674,0.10259794349534317,HD 10780,1.077,0.9,8,8
HD 10780_0,0.8125536596679045,0.10702050133112427,HD 10780,1.077,0.9,8,8
HD 10780_0,0.8127044387592423,0.11189980364760196,HD 10780,1.077,0.9,8,8
HD 10780_0,0.8125544472033921,0.12498269284705493,HD 10780,1.077,0.9,8,8
HD 10780_0,0.8127214975365895,0.10420735003017699,HD 10780,1.077,0.9,8,8
HD 10780_0,0.8123214592692128,0.13824483475719257,HD 10780,1.077,0.9,8,8
HD 10780_0,0.8127747452332131,0.1218169345045216,HD 10780,1.077,0.9,8,8
HD 10780_0,0.815974988635717,0.07293536337953795,HD 10780,1.077,0.9,8,8
HD 10780_0,0.8161408124125733,0.10107925328351393,HD 10780,1.077,0.9,8,8
HD 10780_0,0.8125811221624034,0.12106787050270065,HD 10780,1.077,0.9,8,8
HD 10780_0,0.8145943794091239,0.0990772774334375,HD 10780,1.077,0.9,8,8
HD 10780_0,0.8147457389084398,0.10470521809501632,HD 10780,1.077,0.9,8,8
HD 10780_0,0.8146435616027652,0.09809701113988763,HD 10780,1.077,0.9,8,8
HD 10780_0,0.8138781737239963,0.10301894621441784,HD 10780,1.077,0.9,8,8
HD 10780_0,0.8146099953577883,0.11154656910158614,HD 10780,1.077,0.9,8,8
HD 10780_0,0.8132170204611372,0.10867914643330978,HD 10780,1.077,0.9,8,8
HD 10780_0,0.8123422414293117,0.10152428047523346,HD 10780,1.077,0.9,8,8
HD 10780_0,0.8105019347391396,0.13201274436391938,HD 10780,1.077,0.9,8,8
HD 10780_0,0.8138737176094217,0.12321866837059411,HD 10780,1.077,0.9,8,8
HD 10780_0,0.8115807199312083,0.1105839589595492,HD 10780,1.077,0.9,8,8
HD 10780_0,0.8128757418042736,0.1198325136153505,HD 10780,1.077,0.9,8,8
HD 10780_0,0.8131734587441588,0.11963730489738589,HD 10780,1.077,0.9,8,8
HD 10780_0,0.8122229399131816,0.12346137950164612,HD 10780,1.077,0.9,8,8
HD 10780_0,0.813525616689199,0.09997028513984545,HD 10780,1.077,0.9,8,8
HD 10780_0,0.8140917148036899,0.09435358703545386,HD 10780,1.077,0.9,8,8
HD 10780_0,0.8128252283772762,0.10403895023137381,HD 10780,1.077,0.9,8,8
HD 10780_0,0.8148401196935733,0.09030060316876415,HD 10780,1.077,0.9,8,8
HD 10780_0,0.8129576975596173,0.11654060391047476,HD 10780,1.077,0.9,8,8
HD 10780_0,0.81381181831259,0.10682710828455662,HD 10780,1.077,0.9,8,8
HD 10780_0,0.8126029977779531,0.12799477432009104,HD 10780,1.077,0.9,8,8
HD 10780_0,0.8122471321661998,0.11848120475146262,HD 10780,1.077,0.9,8,8
HD 10780_0,0.8122745555919263,0.10068501654041191,HD 10780,1.077,0.9,8,8
HD 10780_0,0.8137854111791599,0.10621312745268836,HD 10780,1.077,0.9,8,8
HD 10780_0,0.8122596547656129,0.11733531164822683,HD 10780,1.077,0.9,8,8
HD 10780_0,0.8122662938275828,0.12008021752631068,HD 10780,1.077,0.9,8,8
HD 10780_0,0.8114838135396225,0.12893779175507838,HD 10780,1.077,0.9,8,8
HD 10780_0,0.8122129663444413,0.11604137097002835,HD 10780,1.077,0.9,8,8
HD 10780_0,0.8113646017960005,0.13732701744704623,HD 10780,1.077,0.9,8,8
HD 10780_0,0.8105251004382765,0.11608490549627155,HD 10780,1.077,0.9,8,8
HD 10780_0,0.8149935576782682,0.110891268931846,HD 10780,1.077,0.9,8,8
HD 10780_0,0.8141409456604733,0.10038489090883702,HD 10780,1.077,0.9,8,8
HD 10780_0,0.8130272121686922,0.11336806643066197,HD 10780,1.077,0.9,8,8
HD 10780_0,0.8110310826283348,0.12014889630969483,HD 10780,1.077,0.9,8,8
HD 10780_0,0.8139463558980468,0.11276070787686629,HD 10780,1.077,0.9,8,8
HD 10780_0,0.8127826842935504,0.10980833978882831,HD 10780,1.077,0.9,8,8
HD 10780_0,0.8138170225612765,0.1257606505730547,HD 10780,1.077,0.9,8,8
HD 10780_0,0.8125561788813233,0.12731767217567969,HD 10780,1.077,0.9,8,8
HD 10780_0,0.8132816236272674,0.11416302164212211,HD 10780,1.077,0.9,8,8
HD 10780_0,0.8132928910069245,0.08884811992359287,HD 10780,1.077,0.9,8,8
HD 10780_0,0.812807427853903,0.11825714811388564,HD 10780,1.077,0.9,8,8
HD 10780_0,0.8159451338210607,0.08408099529782163,HD 10780,1.077,0.9,8,8
HD 10780_0,0.8126112818096438,0.11510439674745818,HD 10780,1.077,0.9,8,8
HD 10780_0,0.8122609138604471,0.1096183949600725,HD 10780,1.077,0.9,8,8
HD 10780_0,0.8151349126622399,0.1188308504868219,HD 10780,1.077,0.9,8,8
HD 10780_0,0.8119679397596385,0.11699018042317393,HD 10780,1.077,0.9,8,8
HD 10780_0,0.8150351812751911,0.11816830253062825,HD 10780,1.077,0.9,8,8
HD 10780_0,0.8129255420873688,0.10905645322298602,HD 10780,1.077,0.9,8,8
HD 10780_0,0.8138062721238789,0.1199786166721206,HD 10780,1.077,0.9,8,8
HD 10780_0,0.8117103451759026,0.10975698738550896,HD 10780,1.077,0.9,8,8
HD 10780_0,0.8142448146477095,0.1010267055721743,HD 10780,1.077,0.9,8,8
HD 10780_0,0.8120017084337402,0.12567539262015176,HD 10780,1.077,0.9,8,8
HD 10780_0,0.8110035175358496,0.13089121137461757,HD 10780,1.077,0.9,8,8
HD 10780_0,0.8131312412464219,0.11172014720978664,HD 10780,1.077,0.9,8,8
HD 10780_0,0.8143670292576513,0.11690053109999499,HD 10780,1.077,0.9,8,8
HD 10780_0,0.8128322964391264,0.11755379099145481,HD 10780,1.077,0.9,8,8
HD 10780_0,0.8135765340262919,0.1070169772685258,HD 10780,1.077,0.9,8,8
HD 10780_0,0.8131464079224342,0.11709930885088189,HD 10780,1.077,0.9,8,8
HD 10780_0,0.8133105642182249,0.11154802052419655,HD 10780,1.077,0.9,8,8
HD 10780_0,0.8132659411833663,0.10920783444144584,HD 10780,1.077,0.9,8,8
HD 10780_0,0.8122129340565494,0.10467226138829859,HD 10780,1.077,0.9,8,8
HD 10780_0,0.8123875259640873,0.13591855072931477,HD 10780,1.077,0.9,8,8
HD 10780_0,0.8133863730676628,0.09979240857425555,HD 10780,1.077,0.9,8,8
HD 10780_0,0.8126072626185877,0.11686003467154649,HD 10780,1.077,0.9,8,8
HD 10780_0,0.8141305970474546,0.11045176481206288,HD 10780,1.077,0.9,8,8
HD 10780_0,0.8138425108076148,0.11800033911542297,HD 10780,1.077,0.9,8,8
HD 10780_0,0.8115231398826253,0.12153017024643506,HD 10780,1.077,0.9,8,8
HD 10780_0,0.8115040820710501,0.12406901024300054,HD 10780,1.077,0.9,8,8
HD 10780_0,0.8144531822874572,0.11287168806068705,HD 10780,1.077,0.9,8,8
HD 10780_0,0.814801148765804,0.09778273345791316,HD 10780,1.077,0.9,8,8
HD 10780_0,0.8130256132465667,0.11182187209336056,HD 10780,1.077,0.9,8,8
HD 10780_0,0.8123664650693756,0.13454060106391688,HD 10780,1.077,0.9,8,8
HD 10780_0,0.8136376159193169,0.09920109416951481,HD 10780,1.077,0.9,8,8
HD 10780_0,0.8160834257194937,0.0998303175938518,HD 10780,1.077,0.9,8,8
HD 10780_0,0.81262533067172,0.11553851034031005,HD 10780,1.077,0.9,8,8
HD 10780_0,0.8131195824245483,0.10565607028736207,HD 10780,1.077,0.9,8,8
HD 10780_0,0.8147845681739267,0.09923521664627337,HD 10780,1.077,0.9,8,8
HD 10780_0,0.813026035582881,0.1357299358631325,HD 10780,1.077,0.9,8,8
HD 10780_0,0.8137062320048047,0.11421018637218716,HD 10780,1.077,0.9,8,8
HD 10780_0,0.8143957037640885,0.10389615238652702,HD 10780,1.077,0.9,8,8
HD 10780_0,0.8114107849223782,0.12436940105345407,HD 10780,1.077,0.9,8,8
HD 10780_0,0.8119600920297276,0.10933346412244706,HD 10780,1.077,0.9,8,8
HD 10780_0,0.8144341275769416,0.09672893910570171,HD 10780,1.077,0.9,8,8
HD 10780_0,0.8138252231373106,0.10054339824458958,HD 10780,1.077,0.9,8,8
HD 10780_0,0.8116713184605164,0.11893824254627823,HD 10780,1.077,0.9,8,8
HD 10780_0,0.8144357931765707,0.09435169995008254,HD 10780,1.077,0.9,8,8
HD 10780_0,0.8127539817192235,0.1024756519661918,HD 10780,1.077,0.9,8,8
HD 10780_0,0.812411548890914,0.11468977737552084,HD 10780,1.077,0.9,8,8
HD 10780_0,0.8094486979458969,0.1358706816583884,HD 10780,1.077,0.9,8,8
HD 10780_0,0.8129342190576745,0.12330242786508169,HD 10780,1.077,0.9,8,8
HD 10780_0,0.8139976262744627,0.09808993981930011,HD 10780,1.077,0.9,8,8
HD 10780_0,0.8135807779098524,0.12089150679873356,HD 10780,1.077,0.9,8,8
HD 10780_0,0.8161861595954617,0.10330466918622946,HD 10780,1.077,0.9,8,8
HD 10780_0,0.8138956024067822,0.12413125697690705,HD 10780,1.077,0.9,8,8
HD 10780_0,0.8155501217156428,0.10117301922049965,HD 10780,1.077,0.9,8,8
HD 10780_0,0.8130822627652968,0.12386776615300463,HD 10780,1.077,0.9,8,8
HD 10780_0,0.812023305474045,0.12488309046973452,HD 10780,1.077,0.9,8,8
HD 10780_0,0.8145433803976301,0.10493249245298801,HD 10780,1.077,0.9,8,8
HD 10780_0,0.8115409781630367,0.12110345997078187,HD 10780,1.077,0.9,8,8
HD 10780_0,0.8129633859304376,0.11695519554319189,HD 10780,1.077,0.9,8,8
HD 10780_0,0.8135278766642629,0.10401844929655256,HD 10780,1.077,0.9,8,8
HD 10780_0,0.8108439258764583,0.107992167147414,HD 10780,1.077,0.9,8,8
HD 10780_0,0.8136469525353276,0.11479057101006408,HD 10780,1.077,0.9,8,8
HD 10780_0,0.8130255135074583,0.10029431675696654,HD 10780,1.077,0.9,8,8
HD 10780_0,0.8141414079037292,0.11996422310882361,HD 10780,1.077,0.9,8,8
HD 10780_0,0.8148276707650998,0.09157386082194588,HD 10780,1.077,0.9,8,8
HD 10780_0,0.8134636495384613,0.09793014276637418,HD 10780,1.077,0.9,8,8
HD 10780_0,0.8134778361797499,0.11801731624575351,HD 10780,1.077,0.9,8,8
HD 10780_0,0.8150406090046282,0.08974787800233325,HD 10780,1.077,0.9,8,8
HD 10780_0,0.8125421595978102,0.10492450760658442,HD 10780,1.077,0.9,8,8
HD 10780_0,0.8140672689147731,0.11105932349951098,HD 10780,1.077,0.9,8,8
HD 10780_0,0.8123952996121917,0.13332147956748974,HD 10780,1.077,0.9,8,8
HD 10780_0,0.8118830284386277,0.12849791659096402,HD 10780,1.077,0.9,8,8
HD 10780_0,0.8145759823821795,0.11452799076936326,HD 10780,1.077,0.9,8,8
HD 10780_0,0.8152285563637964,0.09539145632604586,HD 10780,1.077,0.9,8,8
HD 10780_0,0.8138279263904696,0.10646907268061107,HD 10780,1.077,0.9,8,8
HD 10780_0,0.813060948568154,0.11634954499068967,HD 10780,1.077,0.9,8,8
HD 10780_0,0.8138773847308118,0.1190382961213596,HD 10780,1.077,0.9,8,8
HD 10780_0,0.8123997602381837,0.12576711687359088,HD 10780,1.077,0.9,8,8
HD 10780_0,0.8131012172816461,0.12741280750930423,HD 10780,1.077,0.9,8,8
HD 10780_0,0.8107357047235603,0.12717553494891373,HD 10780,1.077,0.9,8,8
HD 10780_0,0.8166340729513748,0.09704425506475092,HD 10780,1.077,0.9,8,8
HD 10780_0,0.8117499204749364,0.12418379889679217,HD 10780,1.077,0.9,8,8
HD 10780_0,0.8124411833650396,0.11299899878760623,HD 10780,1.077,0.9,8,8
HD 10780_0,0.8115693365471798,0.1167904676108577,HD 10780,1.077,0.9,8,8
HD 10780_0,0.813417304695682,0.10530094553943825,HD 10780,1.077,0.9,8,8
HD 10780_0,0.8149902499797975,0.09903549975450648,HD 10780,1.077,0.9,8,8
HD 10780_0,0.8139145084313942,0.09549535649540516,HD 10780,1.077,0.9,8,8
HD 10780_0,0.8120292498073193,0.10773657732138948,HD 10780,1.077,0.9,8,8
HD 10780_0,0.8137156940486003,0.11085602153023988,HD 10780,1.077,0.9,8,8
HD 10780_0,0.8112436810338226,0.12596474782963857,HD 10780,1.077,0.9,8,8
HD 10780_0,0.8132716723723618,0.11030460481263565,HD 10780,1.077,0.9,8,8
HD 10780_0,0.8139458219088447,0.11276375239022819,HD 10780,1.077,0.9,8,8
HD 10780_0,0.8149031703561718,0.1110906968661486,HD 10780,1.077,0.9,8,8
HD 10780_0,0.8154225543003076,0.09165543045665406,HD 10780,1.077,0.9,8,8
HD 10780_0,0.8140039428453741,0.1219378890289349,HD 10780,1.077,0.9,8,8
HD 10780_0,0.8133767337492804,0.1343720767279857,HD 10780,1.077,0.9,8,8
HD 10780_0,0.8136583671997643,0.10257156062499134,HD 10780,1.077,0.9,8,8
HD 10780_0,0.8144283563903746,0.10589225766820225,HD 10780,1.077,0.9,8,8
HD 10780_0,0.8154624557860823,0.09619177762309339,HD 10780,1.077,0.9,8,8
HD 10780_0,0.8127111086009978,0.10910218671881315,HD 10780,1.077,0.9,8,8
HD 10780_0,0.8144441940531566,0.10878656095234161,HD 10780,1.077,0.9,8,8
HD 10780_0,0.8156276006313685,0.10351402759913457,HD 10780,1.077,0.9,8,8
HD 10780_0,0.8130561756668122,0.13605946855664824,HD 10780,1.077,0.9,8,8
HD 10780_0,0.8127658544223814,0.1146316964383216,HD 10780,1.077,0.9,8,8
HD 10780_0,0.8110372419144167,0.12702596756362966,HD 10780,1.077,0.9,8,8
HD 10780_0,0.813097409488735,0.11827467997909091,HD 10780,1.077,0.9,8,8
HD 10780_0,0.812553563059313,0.10693977153011541,HD 10780,1.077,0.9,8,8
HD 10780_0,0.8127600734482879,0.11675207514770146,HD 10780,1.077,0.9,8,8
HD 10780_0,0.8138279263904696,0.10646907268061107,HD 10780,1.077,0.9,8,8
HD 10780_0,0.8116723028050784,0.11980677100340412,HD 10780,1.077,0.9,8,8
HD 10780_0,0.8107290667065287,0.11544259816317898,HD 10780,1.077,0.9,8,8
HD 10780_0,0.8138280614797688,0.10206221128197214,HD 10780,1.077,0.9,8,8
HD 10780_0,0.8146907132992383,0.0825735716751223,HD 10780,1.077,0.9,8,8
HD 10780_0,0.8130450479145073,0.11478619478369874,HD 10780,1.077,0.9,8,8
HD 10780_0,0.8129231106597042,0.1192352092870839,HD 10780,1.077,0.9,8,8
HD 10780_0,0.8123901275739146,0.11324992505148572,HD 10780,1.077,0.9,8,8
HD 10780_0,0.8121866429219756,0.11693163957118494,HD 10780,1.077,0.9,8,8
HD 10780_0,0.8118900552860522,0.11094602411629442,HD 10780,1.077,0.9,8,8
HD 10780_0,0.8142285967522631,0.116311008205619,HD 10780,1.077,0.9,8,8
HD 10780_0,0.812503390480177,0.12192284650886924,HD 10780,1.077,0.9,8,8
HD 10780_0,0.8132535792061325,0.10817336317439036,HD 10780,1.077,0.9,8,8
HD 10780_0,0.8154110463085003,0.08112198336713461,HD 10780,1.077,0.9,8,8
HD 10780_0,0.8138731742247606,0.12135346293319421,HD 10780,1.077,0.9,8,8
HD 10780_0,0.8139293272375268,0.10915658885715032,HD 10780,1.077,0.9,8,8
HD 10780_0,0.8140349776497278,0.1272347101306737,HD 10780,1.077,0.9,8,8
HD 10780_0,0.8132908369057069,0.09196053474994699,HD 10780,1.077,0.9,8,8
HD 10780_0,0.8136644233013441,0.10690441058241076,HD 10780,1.077,0.9,8,8
HD 10780_0,0.8150070121152657,0.10227016716714726,HD 10780,1.077,0.9,8,8
HD 10780_0,0.8120912049644463,0.12276186177659876,HD 10780,1.077,0.9,8,8
HD 10780_0,0.8149818163975433,0.11159316125047974,HD 10780,1.077,0.9,8,8
HD 10780_0,0.8169852887748915,0.08995920254040166,HD 10780,1.077,0.9,8,8
HD 10780_0,0.8135399992411031,0.10655123686143905,HD 10780,1.077,0.9,8,8
HD 10780_0,0.8141005365061664,0.09994493285499173,HD 10780,1.077,0.9,8,8
HD 10780_0,0.813831991824397,0.11984083482618098,HD 10780,1.077,0.9,8,8
HD 10780_0,0.813338884468158,0.10722015868306707,HD 10780,1.077,0.9,8,8
HD 10780_0,0.8151226348464414,0.11550964140305878,HD 10780,1.077,0.9,8,8
HD 10780_0,0.8140555068423261,0.11014068200642696,HD 10780,1.077,0.9,8,8
HD 10780_0,0.8127853880258419,0.10586088949549952,HD 10780,1.077,0.9,8,8
HD 10780_0,0.810090345488115,0.13382641677095214,HD 10780,1.077,0.9,8,8
HD 10780_0,0.8137252990087834,0.11956124720542888,HD 10780,1.077,0.9,8,8
HD 10780_0,0.8139811046046047,0.08205393625418318,HD 10780,1.077,0.9,8,8
HD 10780_0,0.8137184368491894,0.11115385530486822,HD 10780,1.077,0.9,8,8
HD 10780_0,0.814078378839282,0.10953336944426888,HD 10780,1.077,0.9,8,8
HD 10780_0,0.8122713232621102,0.10983043387656513,HD 10780,1.077,0.9,8,8
HD 10780_0,0.8131388088864485,0.11932671539983956,HD 10780,1.077,0.9,8,8
HD 10780_0,0.8120736165253806,0.10023152281597897,HD 10780,1.077,0.9,8,8
HD 10780_0,0.8149966961402275,0.10439412270615002,HD 10780,1.077,0.9,8,8
HD 10780_0,0.8129981557569314,0.10895568520481162,HD 10780,1.077,0.9,8,8
HD 10780_0,0.8112537182177294,0.1302801766111005,HD 10780,1.077,0.9,8,8
HD 10780_0,0.8121777149639798,0.10398553360850171,HD 10780,1.077,0.9,8,8
HD 10780_0,0.8147946172113621,0.080969855390515,HD 10780,1.077,0.9,8,8
HD 10780_0,0.8111981066946882,0.1210301866968393,HD 10780,1.077,0.9,8,8
HD 10780_0,0.8128366882357241,0.12777248574460998,HD 10780,1.077,0.9,8,8
HD 10780_0,0.8142290091967428,0.11600034425689094,HD 10780,1.077,0.9,8,8
HD 10780_0,0.8119503821012218,0.10950674231551766,HD 10780,1.077,0.9,8,8
HD 10780_0,0.8127944749749026,0.1317526435272779,HD 10780,1.077,0.9,8,8
HD 10780_0,0.8127408725534688,0.14003218285558255,HD 10780,1.077,0.9,8,8
HD 10780_0,0.813143564056319,0.12270458832163313,HD 10780,1.077,0.9,8,8
HD 10780_0,0.8130034343992085,0.12757647784781734,HD 10780,1.077,0.9,8,8
HD 10780_0,0.8114827444662702,0.10976951764210535,HD 10780,1.077,0.9,8,8
HD 10780_0,0.8142861263086961,0.10052239548554151,HD 10780,1.077,0.9,8,8
HD 10780_0,0.8117580164274716,0.12651485492001058,HD 10780,1.077,0.9,8,8
HD 10780_0,0.8134387840690923,0.1048985476690456,HD 10780,1.077,0.9,8,8
HD 10780_0,0.8124340270233752,0.1154366218400467,HD 10780,1.077,0.9,8,8
HD 10780_0,0.8133350466678898,0.11726776489048976,HD 10780,1.077,0.9,8,8
HD 10780_0,0.8131315709885403,0.12028660997590576,HD 10780,1.077,0.9,8,8
HD 10780_0,0.811143913264017,0.1316311301715207,HD 10780,1.077,0.9,8,8
HD 10780_0,0.8125440130448106,0.127929487084376,HD 10780,1.077,0.9,8,8
HD 10780_0,0.8135327922943801,0.111826620091159,HD 10780,1.077,0.9,8,8
HD 10780_0,0.8123890459195128,0.11525779897676129,HD 10780,1.077,0.9,8,8
HD 10780_0,0.8119610380934125,0.11011073453355433,HD 10780,1.077,0.9,8,8
HD 10780_0,0.8118674340012614,0.09014690819779608,HD 10780,1.077,0.9,8,8
HD 10780_0,0.815613891083541,0.0889124776831183,HD 10780,1.077,0.9,8,8
HD 10780_0,0.8123537632808209,0.11513343719620289,HD 10780,1.077,0.9,8,8
HD 10780_0,0.8134767596625354,0.10777320771303735,HD 10780,1.077,0.9,8,8
HD 10780_0,0.8141729383333614,0.11156488767937198,HD 10780,1.077,0.9,8,8
HD 10780_0,0.8138051211316413,0.1134917171316086,HD 10780,1.077,0.9,8,8
HD 10780_0,0.8108324894361262,0.14157216390005742,HD 10780,1.077,0.9,8,8
HD 10780_0,0.8145864094636025,0.12094309108372818,HD 10780,1.077,0.9,8,8
HD 10780_0,0.8142199994711603,0.11627655304039099,HD 10780,1.077,0.9,8,8
HD 10780_0,0.8101538361099814,0.13214248539981854,HD 10780,1.077,0.9,8,8
HD 10780_0,0.8123185224652751,0.1000193457991552,HD 10780,1.077,0.9,8,8
HD 10780_0,0.8126761456584805,0.11594870332534234,HD 10780,1.077,0.9,8,8
HD 10780_0,0.8116177025618189,0.09363198104175502,HD 10780,1.077,0.9,8,8
HD 10780_0,0.8123006330039543,0.1138605694915737,HD 10780,1.077,0.9,8,8
HD 10780_0,0.8121820797442347,0.11243685509736719,HD 10780,1.077,0.9,8,8
HD 10780_0,0.8143251222631067,0.09373871544237652,HD 10780,1.077,0.9,8,8
HD 10780_0,0.8126265830098306,0.12553944146639512,HD 10780,1.077,0.9,8,8
HD 10780_0,0.8135707615832413,0.0982849472291778,HD 10780,1.077,0.9,8,8
HD 10780_0,0.8124416396985773,0.1035387401349175,HD 10780,1.077,0.9,8,8
HD 10780_0,0.8136668902496825,0.09202409535079425,HD 10780,1.077,0.9,8,8
HD 10780_0,0.8125241265812061,0.11956957766633802,HD 10780,1.077,0.9,8,8
HD 10780_0,0.8130730579235415,0.1031551016533267,HD 10780,1.077,0.9,8,8
HD 10780_0,0.8127910321013888,0.11755023746141038,HD 10780,1.077,0.9,8,8
HD 10780_0,0.8158555371185083,0.1018462822113422,HD 10780,1.077,0.9,8,8
HD 10780_0,0.8135130106141275,0.122250024259585,HD 10780,1.077,0.9,8,8
HD 10780_0,0.8113880055805468,0.11175515251783252,HD 10780,1.077,0.9,8,8
HD 10780_0,0.8103310525849484,0.1286921040681158,HD 10780,1.077,0.9,8,8
HD 10780_0,0.8147543152900668,0.09659360594730954,HD 10780,1.077,0.9,8,8
HD 10780_0,0.8130637321061374,0.09780800292038258,HD 10780,1.077,0.9,8,8
HD 10780_0,0.8158219540797949,0.10513361451857137,HD 10780,1.077,0.9,8,8
HD 10780_0,0.8093048418672756,0.14697561745461468,HD 10780,1.077,0.9,8,8
HD 10780_0,0.812786260570074,0.11434363994274654,HD 10780,1.077,0.9,8,8
HD 10780_0,0.8158947481994142,0.09387750918422366,HD 10780,1.077,0.9,8,8
HD 10780_0,0.8131929157175632,0.12020895452118065,HD 10780,1.077,0.9,8,8
HD 10780_0,0.8143282819800378,0.11595262727351538,HD 10780,1.077,0.9,8,8
HD 10780_0,0.8166117217602948,0.09104202281647221,HD 10780,1.077,0.9,8,8
HD 10780_0,0.8130945727196616,0.12555130784393634,HD 10780,1.077,0.9,8,8
HD 10780_0,0.8152778541186028,0.10518838487496258,HD 10780,1.077,0.9,8,8
HD 10780_0,0.8115801135250374,0.12001632418845438,HD 10780,1.077,0.9,8,8
HD 10780_0,0.8147696594826159,0.11227302725773698,HD 10780,1.077,0.9,8,8
HD 10780_0,0.8156133355930871,0.09421282004334183,HD 10780,1.077,0.9,8,8
HD 10780_0,0.8141251304668137,0.11267086714124278,HD 10780,1.077,0.9,8,8
HD 10780_0,0.8127166653108325,0.11044164232769776,HD 10780,1.077,0.9,8,8
HD 10780_0,0.8145555931847512,0.09755193007782245,HD 10780,1.077,0.9,8,8
HD 10780_0,0.8134967994316791,0.1323231160235532,HD 10780,1.077,0.9,8,8
HD 10780_0,0.811928168272504,0.11580874164331245,HD 10780,1.077,0.9,8,8
HD 10780_0,0.8140003351976963,0.10605462073000248,HD 10780,1.077,0.9,8,8
HD 10780_0,0.8147660641981148,0.11611033806000214,HD 10780,1.077,0.9,8,8
HD 10780_0,0.8126831509773929,0.11019777234933745,HD 10780,1.077,0.9,8,8
HD 10780_0,0.8135763630066621,0.11153746541769942,HD 10780,1.077,0.9,8,8
HD 10780_0,0.8143022201420567,0.10354337321726251,HD 10780,1.077,0.9,8,8
HD 10780_0,0.8136260083533072,0.12118041185094067,HD 10780,1.077,0.9,8,8
HD 10780_0,0.8160889706358244,0.09803911168040766,HD 10780,1.077,0.9,8,8
HD 10780_0,0.8118979825673646,0.13499468663179245,HD 10780,1.077,0.9,8,8
HD 10780_0,0.8134888734871345,0.11968087817875829,HD 10780,1.077,0.9,8,8
HD 10780_0,0.8130949205779415,0.12803174563190312,HD 10780,1.077,0.9,8,8
HD 10780_0,0.8133573737288915,0.09497845517213119,HD 10780,1.077,0.9,8,8
HD 10780_0,0.8115267566493544,0.12916047058402508,HD 10780,1.077,0.9,8,8
HD 10780_0,0.8135875096307045,0.09907364583427852,HD 10780,1.077,0.9,8,8
HD 10780_0,0.8132365951340123,0.11064927847799623,HD 10780,1.077,0.9,8,8
HD 10780_0,0.8115014413127972,0.11916650769338519,HD 10780,1.077,0.9,8,8
HD 10780_0,0.8129679446200055,0.1084278044118594,HD 10780,1.077,0.9,8,8
HD 10780_0,0.8125379789123719,0.11946620139110921,HD 10780,1.077,0.9,8,8
HD 10780_0,0.8141718117316432,0.12466293387055843,HD 10780,1.077,0.9,8,8
HD 10780_0,0.8162669467764352,0.09910038817073438,HD 10780,1.077,0.9,8,8
HD 10780_0,0.8131076174955135,0.10368011642949707,HD 10780,1.077,0.9,8,8
HD 10780_0,0.8115810404091096,0.11473872541176645,HD 10780,1.077,0.9,8,8
HD 10780_0,0.8144276462586668,0.11009322300680421,HD 10780,1.077,0.9,8,8
HD 10780_0,0.8110655470520106,0.13176824170260162,HD 10780,1.077,0.9,8,8
HD 10780_0,0.8115859356048122,0.132123765552771,HD 10780,1.077,0.9,8,8
HD 10780_0,0.8140976310470109,0.10562111361889638,HD 10780,1.077,0.9,8,8
HD 10780_0,0.8144174282977124,0.10761912784778326,HD 10780,1.077,0.9,8,8
HD 10780_0,0.8114660691975546,0.13603345226025368,HD 10780,1.077,0.9,8,8
HD 10780_0,0.8141019119921491,0.1039359215000617,HD 10780,1.077,0.9,8,8
HD 10780_0,0.812906462545702,0.1040790200638032,HD 10780,1.077,0.9,8,8
HD 10780_0,0.8130829410744754,0.1196920165180305,HD 10780,1.077,0.9,8,8
HD 10780_0,0.8119293493164009,0.11316396160888718,HD 10780,1.077,0.9,8,8
HD 10780_0,0.8110131937240009,0.12525142880456194,HD 10780,1.077,0.9,8,8
HD 10780_0,0.8121154673790809,0.10458001556270306,HD 10780,1.077,0.9,8,8
HD 10780_0,0.8118835007287838,0.12360562254954068,HD 10780,1.077,0.9,8,8
HD 10780_0,0.8128846608334328,0.1151142342800715,HD 10780,1.077,0.9,8,8
HD 10780_0,0.8131014378938255,0.11231307670401432,HD 10780,1.077,0.9,8,8
HD 10780_0,0.813757415991366,0.11835597304484999,HD 10780,1.077,0.9,8,8
HD 10780_0,0.8116633574139805,0.11337399122509279,HD 10780,1.077,0.9,8,8
HD 10780_0,0.8143055876727723,0.10778333837955381,HD 10780,1.077,0.9,8,8
HD 10780_0,0.8123296517643002,0.11386766695640588,HD 10780,1.077,0.9,8,8
HD 10780_0,0.8160211426836194,0.0960613194740654,HD 10780,1.077,0.9,8,8
HD 10780_0,0.8135861352010005,0.10792199651622927,HD 10780,1.077,0.9,8,8
HD 10780_0,0.8139202373473201,0.10096158636608474,HD 10780,1.077,0.9,8,8
HD 10780_0,0.8115919937220705,0.11468519690743183,HD 10780,1.077,0.9,8,8
HD 10780_0,0.8145621866677989,0.07637641583514475,HD 10780,1.077,0.9,8,8
HD 10780_0,0.8138200267697799,0.09475612121739974,HD 10780,1.077,0.9,8,8
HD 10780_0,0.8134298835207703,0.11101252671559594,HD 10780,1.077,0.9,8,8
HD 10780_0,0.8126413348884456,0.10759628811214735,HD 10780,1.077,0.9,8,8
HD 10780_0,0.8139213271656379,0.13207925486186586,HD 10780,1.077,0.9,8,8
HD 10780_0,0.8165507061862267,0.09301744580647353,HD 10780,1.077,0.9,8,8
HD 10780_0,0.8106714147501205,0.14578957946895393,HD 10780,1.077,0.9,8,8
HD 10780_0,0.813758524326635,0.12279558020298642,HD 10780,1.077,0.9,8,8
HD 10780_0,0.811901936289855,0.12102842904719847,HD 10780,1.077,0.9,8,8
HD 10780_0,0.8114886561908268,0.1355276751582926,HD 10780,1.077,0.9,8,8
HD 10780_0,0.8127575954538913,0.10747644166992543,HD 10780,1.077,0.9,8,8
HD 10780_0,0.8128976507980588,0.11066043686846022,HD 10780,1.077,0.9,8,8
HD 10780_0,0.8110159887271345,0.13977028064766273,HD 10780,1.077,0.9,8,8
HD 10780_0,0.8135588196863717,0.1274221013842456,HD 10780,1.077,0.9,8,8
HD 10780_0,0.8146333854545132,0.10319706657306975,HD 10780,1.077,0.9,8,8
HD 10780_0,0.8146910767405148,0.10616143552269558,HD 10780,1.077,0.9,8,8
HD 10780_0,0.812696000068714,0.11369936872292381,HD 10780,1.077,0.9,8,8
HD 10780_0,0.8128645932274665,0.10872036486739406,HD 10780,1.077,0.9,8,8
HD 10780_0,0.8129996957539174,0.10700232760238541,HD 10780,1.077,0.9,8,8
HD 10780_0,0.8111681898930246,0.12338968799353264,HD 10780,1.077,0.9,8,8
HD 10780_0,0.8151283081594931,0.10919518484902883,HD 10780,1.077,0.9,8,8
HD 10780_0,0.8128464616434289,0.12827435260853653,HD 10780,1.077,0.9,8,8
HD 10780_0,0.8134872910276274,0.1303274109774997,HD 10780,1.077,0.9,8,8
HD 10780_0,0.809309279965127,0.13469855987751417,HD 10780,1.077,0.9,8,8
HD 10780_0,0.8131011856230431,0.09639658694525467,HD 10780,1.077,0.9,8,8
HD 10780_0,0.8132670931489787,0.09907871356212214,HD 10780,1.077,0.9,8,8
HD 10780_0,0.8128106129234046,0.11753155703599162,HD 10780,1.077,0.9,8,8
HD 10780_0,0.8123190345937386,0.10400165358465738,HD 10780,1.077,0.9,8,8
HD 209100_5,0.596104612666055,0.07785745806571279,HD 209100,0.931,0.72,8,8
HD 209100_5,0.5959826277671909,0.08073372708448297,HD 209100,0.931,0.72,8,8
HD 209100_5,0.5958966815892474,0.08359329730382149,HD 209100,0.931,0.72,8,8
HD 209100_5,0.5958505876206024,0.07908348963991413,HD 209100,0.931,0.72,8,8
HD 209100_5,0.5963423894555344,0.08105435463424611,HD 209100,0.931,0.72,8,8
HD 209100_5,0.5962984724903355,0.07736404256287441,HD 209100,0.931,0.72,8,8
HD 209100_5,0.5962966294932041,0.07755047465931851,HD 209100,0.931,0.72,8,8
HD 209100_5,0.5960424068070066,0.08601626948831885,HD 209100,0.931,0.72,8,8
HD 209100_5,0.5955564245306508,0.08054186645586708,HD 209100,0.931,0.72,8,8
HD 209100_5,0.5954659782597609,0.07910972863988806,HD 209100,0.931,0.72,8,8
HD 209100_5,0.5959990539664446,0.08318237028047883,HD 209100,0.931,0.72,8,8
HD 209100_5,0.5969350408405213,0.08515246333189877,HD 209100,0.931,0.72,8,8
HD 209100_5,0.5961635132459489,0.08839581081364838,HD 209100,0.931,0.72,8,8
HD 209100_5,0.5956356993370937,0.09115605587237696,HD 209100,0.931,0.72,8,8
HD 209100_5,0.5959183603823255,0.07972763399816996,HD 209100,0.931,0.72,8,8
HD 209100_5,0.5961997685418133,0.07777071366686603,HD 209100,0.931,0.72,8,8
HD 209100_5,0.5952951919043233,0.08997050357905925,HD 209100,0.931,0.72,8,8
HD 209100_5,0.5958702117346936,0.0776949792682742,HD 209100,0.931,0.72,8,8
HD 209100_5,0.5962761158956547,0.0734024959549157,HD 209100,0.931,0.72,8,8
HD 209100_5,0.5961666693004966,0.08086243007881863,HD 209100,0.931,0.72,8,8
HD 209100_5,0.595902659404737,0.07700831109661191,HD 209100,0.931,0.72,8,8
HD 209100_5,0.5956644107935161,0.08425836844900507,HD 209100,0.931,0.72,8,8
HD 209100_5,0.5962411878994468,0.0807062394906669,HD 209100,0.931,0.72,8,8
HD 209100_5,0.5963486558611695,0.08208799846769717,HD 209100,0.931,0.72,8,8
HD 209100_5,0.5956784043505426,0.0804498835233453,HD 209100,0.931,0.72,8,8
HD 209100_5,0.5954400685216065,0.08291757474677831,HD 209100,0.931,0.72,8,8
HD 209100_5,0.5961271541083148,0.07758618079913444,HD 209100,0.931,0.72,8,8
HD 209100_5,0.5961431289643698,0.08222305574398914,HD 209100,0.931,0.72,8,8
HD 209100_5,0.5962114798965495,0.07622072159027127,HD 209100,0.931,0.72,8,8
HD 209100_5,0.5967197631007869,0.06992618841481042,HD 209100,0.931,0.72,8,8
HD 209100_5,0.5966529696362298,0.08135335633102149,HD 209100,0.931,0.72,8,8
HD 209100_5,0.5960992519210124,0.07222334818290327,HD 209100,0.931,0.72,8,8
HD 209100_5,0.5957300326911942,0.07532282355903729,HD 209100,0.931,0.72,8,8
HD 209100_5,0.5964515693479036,0.08635682874903039,HD 209100,0.931,0.72,8,8
HD 209100_5,0.5964047717790839,0.07872878571704867,HD 209100,0.931,0.72,8,8
HD 209100_5,0.5958950178276128,0.07530349537237728,HD 209100,0.931,0.72,8,8
HD 209100_5,0.5956773305017921,0.07833914721317567,HD 209100,0.931,0.72,8,8
HD 209100_5,0.5954898652707775,0.0735141588918589,HD 209100,0.931,0.72,8,8
HD 209100_5,0.5962950841927941,0.08081313306069468,HD 209100,0.931,0.72,8,8
HD 209100_5,0.5961814612002592,0.07917230710992973,HD 209100,0.931,0.72,8,8
HD 209100_5,0.5963692241965017,0.06749852907513187,HD 209100,0.931,0.72,8,8
HD 209100_5,0.5959762238403763,0.07811071596881931,HD 209100,0.931,0.72,8,8
HD 209100_5,0.595636237250471,0.07997870857084054,HD 209100,0.931,0.72,8,8
HD 209100_5,0.5952199260691459,0.07370556276683066,HD 209100,0.931,0.72,8,8
HD 209100_5,0.5962009450398293,0.0885464837550738,HD 209100,0.931,0.72,8,8
HD 209100_5,0.5964155141641738,0.08621314117793714,HD 209100,0.931,0.72,8,8
HD 209100_5,0.596223393298919,0.06954346508299851,HD 209100,0.931,0.72,8,8
HD 209100_5,0.5958989304091615,0.07638129009966678,HD 209100,0.931,0.72,8,8
HD 209100_5,0.5957606773759596,0.0869424929866019,HD 209100,0.931,0.72,8,8
HD 209100_5,0.5960279607636174,0.08331510780240431,HD 209100,0.931,0.72,8,8
HD 209100_5,0.5963750707266177,0.08213037813028617,HD 209100,0.931,0.72,8,8
HD 209100_5,0.5959661065027144,0.07805798541185853,HD 209100,0.931,0.72,8,8
HD 209100_5,0.5961418923592052,0.07523572459367273,HD 209100,0.931,0.72,8,8
HD 209100_5,0.5961514021865368,0.08698103951072528,HD 209100,0.931,0.72,8,8
HD 209100_5,0.5952893134236623,0.0724653975903704,HD 209100,0.931,0.72,8,8
HD 209100_5,0.5958494938939657,0.08683478994689126,HD 209100,0.931,0.72,8,8
HD 209100_5,0.596129109566054,0.07899847624127079,HD 209100,0.931,0.72,8,8
HD 209100_5,0.5961227884917824,0.07703550851198415,HD 209100,0.931,0.72,8,8
HD 209100_5,0.5958806721539929,0.08261472564792428,HD 209100,0.931,0.72,8,8
HD 209100_5,0.5959044370212263,0.08028656796566377,HD 209100,0.931,0.72,8,8
HD 209100_5,0.5956629043797482,0.07226621024079483,HD 209100,0.931,0.72,8,8
HD 209100_5,0.5960166559571689,0.0776179474427221,HD 209100,0.931,0.72,8,8
HD 209100_5,0.5962975189309634,0.07231668008171785,HD 209100,0.931,0.72,8,8
HD 209100_5,0.5965176762543769,0.07607595892029419,HD 209100,0.931,0.72,8,8
HD 209100_5,0.5960813311002426,0.08304015297786041,HD 209100,0.931,0.72,8,8
HD 209100_5,0.595739020737958,0.07038414182789482,HD 209100,0.931,0.72,8,8
HD 209100_5,0.5960190385093266,0.08980563898711676,HD 209100,0.931,0.72,8,8
HD 209100_5,0.5959112014923506,0.08445237212701237,HD 209100,0.931,0.72,8,8
HD 209100_5,0.5961317305317071,0.08345049923888377,HD 209100,0.931,0.72,8,8
HD 209100_5,0.5953742098290273,0.0766653254926093,HD 209100,0.931,0.72,8,8
HD 209100_5,0.5955048963478653,0.08583740948039194,HD 209100,0.931,0.72,8,8
HD 209100_5,0.5961709677420672,0.08320084459463278,HD 209100,0.931,0.72,8,8
HD 209100_5,0.5955248138975656,0.08397125316936811,HD 209100,0.931,0.72,8,8
HD 209100_5,0.5962652440932391,0.08078645876768525,HD 209100,0.931,0.72,8,8
HD 209100_5,0.596073214641426,0.08594766409400131,HD 209100,0.931,0.72,8,8
HD 209100_5,0.596203574233932,0.0771826392536856,HD 209100,0.931,0.72,8,8
HD 209100_5,0.595922245804132,0.07820094601444964,HD 209100,0.931,0.72,8,8
HD 209100_5,0.596445253254854,0.08375077836237158,HD 209100,0.931,0.72,8,8
HD 209100_5,0.5962734624867755,0.07793759104017682,HD 209100,0.931,0.72,8,8
HD 209100_5,0.5966656014280608,0.08395611802397245,HD 209100,0.931,0.72,8,8
HD 209100_5,0.595998376468911,0.08361804235049808,HD 209100,0.931,0.72,8,8
HD 209100_5,0.5959621823062526,0.07379952166786291,HD 209100,0.931,0.72,8,8
HD 209100_5,0.5958645453162377,0.07652315957706618,HD 209100,0.931,0.72,8,8
HD 209100_5,0.5965106562835506,0.07730338328719312,HD 209100,0.931,0.72,8,8
HD 209100_5,0.5956084518291173,0.08513976503074588,HD 209100,0.931,0.72,8,8
HD 209100_5,0.5959032799300766,0.07346367361789147,HD 209100,0.931,0.72,8,8
HD 209100_5,0.5955960388736645,0.07073699975704037,HD 209100,0.931,0.72,8,8
HD 209100_5,0.5956666774411212,0.07869057407817913,HD 209100,0.931,0.72,8,8
HD 209100_5,0.5957083251545333,0.07585172495989131,HD 209100,0.931,0.72,8,8
HD 209100_5,0.5961798650361281,0.07799714611905682,HD 209100,0.931,0.72,8,8
HD 209100_5,0.5960535711501772,0.08000255342838766,HD 209100,0.931,0.72,8,8
HD 209100_5,0.5959812960796667,0.0825921807335082,HD 209100,0.931,0.72,8,8
HD 209100_5,0.5958586951431021,0.07983550655794965,HD 209100,0.931,0.72,8,8
HD 209100_5,0.5962364810782372,0.07578027147820403,HD 209100,0.931,0.72,8,8
HD 209100_5,0.5961990679723245,0.07918479765424861,HD 209100,0.931,0.72,8,8
HD 209100_5,0.5958884974710603,0.08103840748603088,HD 209100,0.931,0.72,8,8
HD 209100_5,0.5963518487453084,0.08115620981054249,HD 209100,0.931,0.72,8,8
HD 209100_5,0.5957954261255325,0.08496891237137558,HD 209100,0.931,0.72,8,8
HD 209100_5,0.5957458100724741,0.07393432002176424,HD 209100,0.931,0.72,8,8
HD 209100_5,0.5959647423444414,0.0824058233955626,HD 209100,0.931,0.72,8,8
HD 209100_5,0.596224028265588,0.0804798094747312,HD 209100,0.931,0.72,8,8
HD 209100_5,0.5953322199761886,0.07748414560041482,HD 209100,0.931,0.72,8,8
HD 209100_5,0.5956895075620481,0.08870853296122509,HD 209100,0.931,0.72,8,8
HD 209100_5,0.5960082447310203,0.08013001910004615,HD 209100,0.931,0.72,8,8
HD 209100_5,0.5951217673598093,0.08852032511200193,HD 209100,0.931,0.72,8,8
HD 209100_5,0.5962588156725457,0.08310820722797614,HD 209100,0.931,0.72,8,8
HD 209100_5,0.5958541822560997,0.08036054332886747,HD 209100,0.931,0.72,8,8
HD 209100_5,0.5957064981361925,0.08640184767267675,HD 209100,0.931,0.72,8,8
HD 209100_5,0.5954645426696578,0.08651417584985813,HD 209100,0.931,0.72,8,8
HD 209100_5,0.5960824827191298,0.08804472467714831,HD 209100,0.931,0.72,8,8
HD 209100_5,0.5959735892733861,0.08544300470929238,HD 209100,0.931,0.72,8,8
HD 209100_5,0.5960261391774316,0.07917165416662193,HD 209100,0.931,0.72,8,8
HD 209100_5,0.596067581404632,0.07686134733596464,HD 209100,0.931,0.72,8,8
HD 209100_5,0.5960009065922707,0.07997628428950913,HD 209100,0.931,0.72,8,8
HD 209100_5,0.5963743564063813,0.07841074154931602,HD 209100,0.931,0.72,8,8
HD 209100_5,0.5961351866620104,0.08043468149649746,HD 209100,0.931,0.72,8,8
HD 209100_5,0.5959278136633227,0.07119198220412963,HD 209100,0.931,0.72,8,8
HD 209100_5,0.5964658945552834,0.08112801340758881,HD 209100,0.931,0.72,8,8
HD 209100_5,0.5959799928512858,0.08086498067011359,HD 209100,0.931,0.72,8,8
HD 209100_5,0.5965665493169549,0.07998026753085069,HD 209100,0.931,0.72,8,8
HD 209100_5,0.5962876800893457,0.07576832303384438,HD 209100,0.931,0.72,8,8
HD 209100_5,0.5965000411813101,0.07800129924458697,HD 209100,0.931,0.72,8,8
HD 209100_5,0.5953602350957404,0.0776699434139355,HD 209100,0.931,0.72,8,8
HD 209100_5,0.5961790540478487,0.08121045302372014,HD 209100,0.931,0.72,8,8
HD 209100_5,0.5961543863927914,0.0781305997118706,HD 209100,0.931,0.72,8,8
HD 209100_5,0.5961978456814154,0.07983168790811679,HD 209100,0.931,0.72,8,8
HD 209100_5,0.5956289969970248,0.0775579334936116,HD 209100,0.931,0.72,8,8
HD 209100_5,0.5962106847288813,0.08081885427885324,HD 209100,0.931,0.72,8,8
HD 209100_5,0.5955253191935199,0.07598291226001692,HD 209100,0.931,0.72,8,8
HD 209100_5,0.5957003299874978,0.08272984624242351,HD 209100,0.931,0.72,8,8
HD 209100_5,0.5966208511258476,0.0690486658186222,HD 209100,0.931,0.72,8,8
HD 209100_5,0.5959816700398644,0.08126936211395647,HD 209100,0.931,0.72,8,8
HD 209100_5,0.5961125386583837,0.08881218766834226,HD 209100,0.931,0.72,8,8
HD 209100_5,0.5961371678657763,0.07556744839323157,HD 209100,0.931,0.72,8,8
HD 209100_5,0.5963064613236789,0.07831680596703391,HD 209100,0.931,0.72,8,8
HD 209100_5,0.5963836863528397,0.079275003550941,HD 209100,0.931,0.72,8,8
HD 209100_5,0.5958399288162405,0.07302728116597258,HD 209100,0.931,0.72,8,8
HD 209100_5,0.5955575902260929,0.08285887899691848,HD 209100,0.931,0.72,8,8
HD 209100_5,0.5959019902154591,0.08015924548277172,HD 209100,0.931,0.72,8,8
HD 209100_5,0.5962064305476594,0.06811079222889935,HD 209100,0.931,0.72,8,8
HD 209100_5,0.5960679713026275,0.06784968942542184,HD 209100,0.931,0.72,8,8
HD 209100_5,0.5963994284793777,0.07530073553784838,HD 209100,0.931,0.72,8,8
HD 209100_5,0.5964180559001109,0.08079761593278209,HD 209100,0.931,0.72,8,8
HD 209100_5,0.5962439950340847,0.07978930906015101,HD 209100,0.931,0.72,8,8
HD 209100_5,0.5963667657803722,0.07648922272974656,HD 209100,0.931,0.72,8,8
HD 209100_5,0.596315625894657,0.0754843240277157,HD 209100,0.931,0.72,8,8
HD 209100_5,0.5961644733338691,0.08600448193958361,HD 209100,0.931,0.72,8,8
HD 209100_5,0.5963590286049034,0.07750590929260494,HD 209100,0.931,0.72,8,8
HD 209100_5,0.5953488967854814,0.07777301709974722,HD 209100,0.931,0.72,8,8
HD 209100_5,0.5960659958547091,0.07909353948933637,HD 209100,0.931,0.72,8,8
HD 209100_5,0.5954242308816542,0.0817476805162237,HD 209100,0.931,0.72,8,8
HD 209100_5,0.5961377455031962,0.07376417231325498,HD 209100,0.931,0.72,8,8
HD 209100_5,0.5956978808243736,0.0796015182949357,HD 209100,0.931,0.72,8,8
HD 209100_5,0.5961434368802656,0.08128723241139515,HD 209100,0.931,0.72,8,8
HD 209100_5,0.5959232140679328,0.08009057409754546,HD 209100,0.931,0.72,8,8
HD 209100_5,0.5960554541109654,0.07546578755201881,HD 209100,0.931,0.72,8,8
HD 209100_5,0.5960841820955226,0.09060824622571478,HD 209100,0.931,0.72,8,8
HD 209100_5,0.5959521690680094,0.0760801363907713,HD 209100,0.931,0.72,8,8
HD 209100_5,0.5963299606136758,0.08168765396447705,HD 209100,0.931,0.72,8,8
HD 209100_5,0.5962585056268824,0.08476719181647101,HD 209100,0.931,0.72,8,8
HD 209100_5,0.5956418538903433,0.07285343401473171,HD 209100,0.931,0.72,8,8
HD 209100_5,0.5959320671476237,0.08386200369254818,HD 209100,0.931,0.72,8,8
HD 209100_5,0.5962206463766074,0.07898589926976342,HD 209100,0.931,0.72,8,8
HD 209100_5,0.5962222556321212,0.08110103130512106,HD 209100,0.931,0.72,8,8
HD 209100_5,0.595761002722349,0.08130197595460632,HD 209100,0.931,0.72,8,8
HD 209100_5,0.5957308015130398,0.08498799984410187,HD 209100,0.931,0.72,8,8
HD 209100_5,0.5960695611009185,0.0813089879594492,HD 209100,0.931,0.72,8,8
HD 209100_5,0.5963327363394114,0.07718030395366085,HD 209100,0.931,0.72,8,8
HD 209100_5,0.5958684198606623,0.08396171020554678,HD 209100,0.931,0.72,8,8
HD 209100_5,0.5965651503151712,0.07212836759689668,HD 209100,0.931,0.72,8,8
HD 209100_5,0.5958353116520819,0.08285118610620952,HD 209100,0.931,0.72,8,8
HD 209100_5,0.5960276883049455,0.08243448745214142,HD 209100,0.931,0.72,8,8
HD 209100_5,0.5959855599261302,0.07478912382667073,HD 209100,0.931,0.72,8,8
HD 209100_5,0.5956784281394791,0.0773430168367101,HD 209100,0.931,0.72,8,8
HD 209100_5,0.5962647034647686,0.08440654382580351,HD 209100,0.931,0.72,8,8
HD 209100_5,0.5959024067077148,0.08803366063779323,HD 209100,0.931,0.72,8,8
HD 209100_5,0.5960880692827778,0.08181873357538876,HD 209100,0.931,0.72,8,8
HD 209100_5,0.5963079613594965,0.08044254442714677,HD 209100,0.931,0.72,8,8
HD 209100_5,0.5961306141891988,0.07709378085245612,HD 209100,0.931,0.72,8,8
HD 209100_5,0.5962265522039083,0.08290305257027787,HD 209100,0.931,0.72,8,8
HD 209100_5,0.5958732173131464,0.08349923789650958,HD 209100,0.931,0.72,8,8
HD 209100_5,0.5959277264798631,0.07770286455584445,HD 209100,0.931,0.72,8,8
HD 209100_5,0.5958269230182224,0.08903187308558708,HD 209100,0.931,0.72,8,8
HD 209100_5,0.5965027721232676,0.08085918673726551,HD 209100,0.931,0.72,8,8
HD 209100_5,0.5964564077513776,0.07418354630813381,HD 209100,0.931,0.72,8,8
HD 209100_5,0.5958136696590796,0.07710547314974507,HD 209100,0.931,0.72,8,8
HD 209100_5,0.5954266620935346,0.08260756016381539,HD 209100,0.931,0.72,8,8
HD 209100_5,0.5960993316268451,0.08035218563119469,HD 209100,0.931,0.72,8,8
HD 209100_5,0.5959877782983377,0.08580389531120929,HD 209100,0.931,0.72,8,8
HD 209100_5,0.5959995334384304,0.07535231420681496,HD 209100,0.931,0.72,8,8
HD 209100_5,0.5955322659482428,0.08234530208312896,HD 209100,0.931,0.72,8,8
HD 209100_5,0.5958748652620679,0.07857078238661079,HD 209100,0.931,0.72,8,8
HD 209100_5,0.5958673093513402,0.07731184269803061,HD 209100,0.931,0.72,8,8
HD 209100_5,0.5957753579038706,0.08763161014438442,HD 209100,0.931,0.72,8,8
HD 209100_5,0.5964843862052327,0.07668328115318725,HD 209100,0.931,0.72,8,8
HD 209100_5,0.5958412241598483,0.07456756517958348,HD 209100,0.931,0.72,8,8
HD 209100_5,0.5961826892605859,0.07739906309903909,HD 209100,0.931,0.72,8,8
HD 209100_5,0.596786274103971,0.08107031061860091,HD 209100,0.931,0.72,8,8
HD 209100_5,0.5956402293405808,0.0769507398830061,HD 209100,0.931,0.72,8,8
HD 209100_5,0.5958358422831308,0.08067665471358974,HD 209100,0.931,0.72,8,8
HD 209100_5,0.5959556042428168,0.07152408549141222,HD 209100,0.931,0.72,8,8
HD 209100_5,0.5957476082948857,0.09287118487649672,HD 209100,0.931,0.72,8,8
HD 209100_5,0.5955101940268418,0.08027724923541024,HD 209100,0.931,0.72,8,8
HD 209100_5,0.5959475891013406,0.07706785749558272,HD 209100,0.931,0.72,8,8
HD 209100_5,0.5951336642391144,0.08339317491773142,HD 209100,0.931,0.72,8,8
HD 209100_5,0.5959653796652161,0.08229153391032203,HD 209100,0.931,0.72,8,8
HD 209100_5,0.5962111436027175,0.08105833519510415,HD 209100,0.931,0.72,8,8
HD 209100_5,0.5967425899437625,0.07750342935415082,HD 209100,0.931,0.72,8,8
HD 209100_5,0.5958124293696143,0.07954582863021449,HD 209100,0.931,0.72,8,8
HD 209100_5,0.5957260773622508,0.07668585287149327,HD 209100,0.931,0.72,8,8
HD 209100_5,0.5963964544699036,0.07642288726549652,HD 209100,0.931,0.72,8,8
HD 209100_5,0.596731293653696,0.07260584938642105,HD 209100,0.931,0.72,8,8
HD 209100_5,0.5962524542474132,0.07630335559899089,HD 209100,0.931,0.72,8,8
HD 209100_5,0.5959946933127849,0.07062968716681212,HD 209100,0.931,0.72,8,8
HD 209100_5,0.5957351887471889,0.07737457342336462,HD 209100,0.931,0.72,8,8
HD 209100_5,0.5965194086121223,0.08082384354266503,HD 209100,0.931,0.72,8,8
HD 209100_5,0.595860616203288,0.07730916341729177,HD 209100,0.931,0.72,8,8
HD 209100_5,0.596281200813118,0.07044757309482227,HD 209100,0.931,0.72,8,8
HD 209100_5,0.5963317549206887,0.07248713396060873,HD 209100,0.931,0.72,8,8
HD 209100_5,0.5957957765828716,0.08343152995098098,HD 209100,0.931,0.72,8,8
HD 209100_5,0.5959212581235278,0.08867900674754214,HD 209100,0.931,0.72,8,8
HD 209100_5,0.5962936826576823,0.07689561445496403,HD 209100,0.931,0.72,8,8
HD 209100_5,0.5961337246292736,0.07394754039982315,HD 209100,0.931,0.72,8,8
HD 209100_5,0.5958248485712251,0.0823931887565351,HD 209100,0.931,0.72,8,8
HD 209100_5,0.596413892971541,0.07778395608623012,HD 209100,0.931,0.72,8,8
HD 209100_5,0.5958283192862877,0.07961594639910903,HD 209100,0.931,0.72,8,8
HD 209100_5,0.5960741354409093,0.07851107281792531,HD 209100,0.931,0.72,8,8
HD 209100_5,0.5955386424728434,0.07663484031193142,HD 209100,0.931,0.72,8,8
HD 209100_5,0.5958862926261264,0.07960434879964945,HD 209100,0.931,0.72,8,8
HD 209100_5,0.5968092361082713,0.07190185332384406,HD 209100,0.931,0.72,8,8
HD 209100_5,0.5962175554560035,0.08424657743995942,HD 209100,0.931,0.72,8,8
HD 209100_5,0.5964510703827912,0.07518604251862562,HD 209100,0.931,0.72,8,8
HD 209100_5,0.5961406800024808,0.07153412477703645,HD 209100,0.931,0.72,8,8
HD 209100_5,0.5955937304264245,0.06630064368427878,HD 209100,0.931,0.72,8,8
HD 209100_5,0.5964052103448824,0.08335274872666672,HD 209100,0.931,0.72,8,8
HD 209100_5,0.5958124843087316,0.07583852267627125,HD 209100,0.931,0.72,8,8
HD 209100_5,0.5963717034998003,0.07960703245761326,HD 209100,0.931,0.72,8,8
HD 209100_5,0.5965264900204943,0.08161938598159688,HD 209100,0.931,0.72,8,8
HD 209100_5,0.5964706799555393,0.0788232041475058,HD 209100,0.931,0.72,8,8
HD 209100_5,0.5962250168069594,0.08383929180176486,HD 209100,0.931,0.72,8,8
HD 209100_5,0.596020926593402,0.08198539549597314,HD 209100,0.931,0.72,8,8
HD 209100_5,0.5962471168566816,0.07751209736337802,HD 209100,0.931,0.72,8,8
HD 209100_5,0.5960957720683728,0.07827597015798603,HD 209100,0.931,0.72,8,8
HD 209100_5,0.5961610495929395,0.08048373198602393,HD 209100,0.931,0.72,8,8
HD 209100_5,0.5962317655360023,0.08755346725532982,HD 209100,0.931,0.72,8,8
HD 209100_5,0.5959647679845208,0.0730609205754282,HD 209100,0.931,0.72,8,8
HD 209100_5,0.5956630543412602,0.08583810501351366,HD 209100,0.931,0.72,8,8
HD 209100_5,0.5957264356596497,0.082981594870521,HD 209100,0.931,0.72,8,8
HD 209100_5,0.5961618893411967,0.07749257776109858,HD 209100,0.931,0.72,8,8
HD 209100_5,0.5958957052310887,0.07544262781668262,HD 209100,0.931,0.72,8,8
HD 209100_5,0.5962875167523135,0.08634892771649735,HD 209100,0.931,0.72,8,8
HD 209100_5,0.595906095596568,0.07451095722484269,HD 209100,0.931,0.72,8,8
HD 209100_5,0.595870338369613,0.078203692347508,HD 209100,0.931,0.72,8,8
HD 209100_5,0.5959801494849131,0.07808881870121669,HD 209100,0.931,0.72,8,8
HD 209100_5,0.5955845529898275,0.07149263830190442,HD 209100,0.931,0.72,8,8
HD 209100_5,0.5964395156135156,0.06977166599783148,HD 209100,0.931,0.72,8,8
HD 209100_5,0.5959421321608964,0.08555091521657779,HD 209100,0.931,0.72,8,8
HD 209100_5,0.5959198996387821,0.07857071484256124,HD 209100,0.931,0.72,8,8
HD 209100_5,0.5957897779640069,0.07698845388567106,HD 209100,0.931,0.72,8,8
HD 209100_5,0.5958408755466638,0.0901097724688611,HD 209100,0.931,0.72,8,8
HD 209100_5,0.5960492573977054,0.0751092589139625,HD 209100,0.931,0.72,8,8
HD 209100_5,0.5963545233885035,0.07856210516738535,HD 209100,0.931,0.72,8,8
HD 209100_5,0.5958400767831675,0.07775195574426842,HD 209100,0.931,0.72,8,8
HD 209100_5,0.5959761469663993,0.08180903594891485,HD 209100,0.931,0.72,8,8
HD 209100_5,0.5959332667031354,0.0764078251912135,HD 209100,0.931,0.72,8,8
HD 209100_5,0.5964233357075622,0.07401148681861555,HD 209100,0.931,0.72,8,8
HD 209100_5,0.5955563003426947,0.08225472730142473,HD 209100,0.931,0.72,8,8
HD 209100_5,0.5961409897834895,0.0853219078245898,HD 209100,0.931,0.72,8,8
HD 209100_5,0.5964053082811747,0.07752082183092661,HD 209100,0.931,0.72,8,8
HD 209100_5,0.5960046636082008,0.07330762919767433,HD 209100,0.931,0.72,8,8
HD 209100_5,0.5961278200983393,0.08403900640396948,HD 209100,0.931,0.72,8,8
HD 209100_5,0.5961866163491847,0.0796100628614382,HD 209100,0.931,0.72,8,8
HD 209100_5,0.5959059220667169,0.08503460279662912,HD 209100,0.931,0.72,8,8
HD 209100_5,0.5961430706773101,0.07573329936984671,HD 209100,0.931,0.72,8,8
HD 209100_5,0.5957718890280825,0.08731488583846121,HD 209100,0.931,0.72,8,8
HD 209100_5,0.5959801147604593,0.08048403263694999,HD 209100,0.931,0.72,8,8
HD 209100_5,0.5957944399246194,0.07993338197884718,HD 209100,0.931,0.72,8,8
HD 209100_5,0.5957194265697049,0.08177710691681495,HD 209100,0.931,0.72,8,8
HD 209100_5,0.5965980232469291,0.08522278630828345,HD 209100,0.931,0.72,8,8
HD 209100_5,0.5959468146628701,0.08222781944709363,HD 209100,0.931,0.72,8,8
HD 209100_5,0.5961119829538524,0.0704071273230892,HD 209100,0.931,0.72,8,8
HD 209100_5,0.5963462063215522,0.08050919095173747,HD 209100,0.931,0.72,8,8
HD 209100_5,0.5965779751113157,0.07497235599973054,HD 209100,0.931,0.72,8,8
HD 209100_5,0.5956178272093019,0.08403969978717961,HD 209100,0.931,0.72,8,8
HD 209100_5,0.5962633198761442,0.06673176024074876,HD 209100,0.931,0.72,8,8
HD 209100_5,0.5950547466495011,0.08309523582793003,HD 209100,0.931,0.72,8,8
HD 209100_5,0.5961995831438078,0.08475190094530043,HD 209100,0.931,0.72,8,8
HD 209100_5,0.5965583363831648,0.08435892460132337,HD 209100,0.931,0.72,8,8
HD 209100_5,0.5960048050527167,0.08672092912050729,HD 209100,0.931,0.72,8,8
HD 209100_5,0.5961054123668716,0.0869347845386593,HD 209100,0.931,0.72,8,8
HD 209100_5,0.5961796049908066,0.0842511199135216,HD 209100,0.931,0.72,8,8
HD 209100_5,0.5960821752347516,0.07799873056360854,HD 209100,0.931,0.72,8,8
HD 209100_5,0.5960792684057447,0.07635934294120933,HD 209100,0.931,0.72,8,8
HD 209100_5,0.5962990663591802,0.08000533207304347,HD 209100,0.931,0.72,8,8
HD 209100_5,0.5959223306767749,0.07517613241055839,HD 209100,0.931,0.72,8,8
HD 209100_5,0.5966078494763496,0.08685721721138759,HD 209100,0.931,0.72,8,8
HD 209100_5,0.5956188621554024,0.07970302931082598,HD 209100,0.931,0.72,8,8
HD 209100_5,0.5965158715518599,0.07330851595067976,HD 209100,0.931,0.72,8,8
HD 209100_5,0.5958494438249667,0.07587140004252071,HD 209100,0.931,0.72,8,8
HD 209100_5,0.5960455025896155,0.07206920429086956,HD 209100,0.931,0.72,8,8
HD 209100_5,0.5957002620581836,0.0852682278332457,HD 209100,0.931,0.72,8,8
HD 209100_5,0.5958365950645806,0.0802869601042805,HD 209100,0.931,0.72,8,8
HD 209100_5,0.5962353729760878,0.07990068234389909,HD 209100,0.931,0.72,8,8
HD 209100_5,0.5960017959082856,0.07595963387556098,HD 209100,0.931,0.72,8,8
HD 209100_5,0.5962898861228545,0.07927611728192815,HD 209100,0.931,0.72,8,8
HD 209100_5,0.5957375508436986,0.08455198526407644,HD 209100,0.931,0.72,8,8
HD 209100_5,0.5970556132614702,0.08270299424957074,HD 209100,0.931,0.72,8,8
HD 209100_5,0.5960112124297112,0.07207799288069734,HD 209100,0.931,0.72,8,8
HD 209100_5,0.5954457873191843,0.08810431373899215,HD 209100,0.931,0.72,8,8
HD 209100_5,0.5956709767930043,0.08631531963719781,HD 209100,0.931,0.72,8,8
HD 209100_5,0.5964911584571306,0.08040010862356507,HD 209100,0.931,0.72,8,8
HD 209100_5,0.5960675501770916,0.08021457575541559,HD 209100,0.931,0.72,8,8
HD 209100_5,0.5963687026094266,0.0763759520481329,HD 209100,0.931,0.72,8,8
HD 209100_5,0.5955149921409413,0.07895818406943965,HD 209100,0.931,0.72,8,8
HD 209100_5,0.5964260257053368,0.08267483489477077,HD 209100,0.931,0.72,8,8
HD 209100_5,0.5956374874997946,0.07891691634714294,HD 209100,0.931,0.72,8,8
HD 209100_5,0.5956567585864941,0.0785705126874219,HD 209100,0.931,0.72,8,8
HD 209100_5,0.5957722691863343,0.07271322380874987,HD 209100,0.931,0.72,8,8
HD 209100_5,0.5959482293827955,0.07580040185289945,HD 209100,0.931,0.72,8,8
HD 209100_5,0.5960846226379984,0.07977478458771607,HD 209100,0.931,0.72,8,8
HD 209100_5,0.5966105661834512,0.08102762846424111,HD 209100,0.931,0.72,8,8
HD 209100_5,0.5965678087447729,0.08329728128407372,HD 209100,0.931,0.72,8,8
HD 209100_5,0.595971024268705,0.07852427175702356,HD 209100,0.931,0.72,8,8
HD 209100_5,0.596008739255676,0.07959225512282578,HD 209100,0.931,0.72,8,8
HD 209100_5,0.5959967473056033,0.08540691014239976,HD 209100,0.931,0.72,8,8
HD 209100_5,0.5955834039198825,0.08137419534648789,HD 209100,0.931,0.72,8,8
HD 209100_5,0.5960152164880402,0.08065256936928812,HD 209100,0.931,0.72,8,8
HD 209100_5,0.5962646863785925,0.07170560683919727,HD 209100,0.931,0.72,8,8
HD 209100_5,0.5957504524903575,0.08039948795813524,HD 209100,0.931,0.72,8,8
HD 209100_5,0.5957140355094855,0.06827906281473355,HD 209100,0.931,0.72,8,8
HD 209100_5,0.5959646822877515,0.08366230999833876,HD 209100,0.931,0.72,8,8
HD 209100_5,0.5957873016905963,0.08313100298064499,HD 209100,0.931,0.72,8,8
HD 209100_5,0.5960096951038135,0.08842328057101219,HD 209100,0.931,0.72,8,8
HD 209100_5,0.596282895023373,0.07947582231576546,HD 209100,0.931,0.72,8,8
HD 209100_5,0.5965255472928408,0.07966781368291216,HD 209100,0.931,0.72,8,8
HD 209100_5,0.5959646730107567,0.07848753769157993,HD 209100,0.931,0.72,8,8
HD 209100_5,0.5960161534291488,0.07476560507814291,HD 209100,0.931,0.72,8,8
HD 209100_5,0.5968427666141083,0.08167102200536508,HD 209100,0.931,0.72,8,8
HD 209100_5,0.5959824994705217,0.09000003298470442,HD 209100,0.931,0.72,8,8
HD 209100_5,0.596595789935094,0.08399937448664901,HD 209100,0.931,0.72,8,8
HD 209100_5,0.5959613977290501,0.07562718572347787,HD 209100,0.931,0.72,8,8
HD 209100_5,0.5955727509622712,0.08469743688131798,HD 209100,0.931,0.72,8,8
HD 209100_5,0.5962727520668267,0.08054672694423028,HD 209100,0.931,0.72,8,8
HD 209100_5,0.5962359979763264,0.08650676825552575,HD 209100,0.931,0.72,8,8
HD 209100_5,0.5964985604922337,0.07606385807748327,HD 209100,0.931,0.72,8,8
HD 209100_5,0.5958926838492942,0.08422426892700262,HD 209100,0.931,0.72,8,8
HD 209100_5,0.5960375159877747,0.07200984352388266,HD 209100,0.931,0.72,8,8
HD 209100_5,0.5959695391553959,0.08218533973249506,HD 209100,0.931,0.72,8,8
HD 209100_5,0.5962574843366056,0.07290378580983134,HD 209100,0.931,0.72,8,8
HD 209100_5,0.5962706998711571,0.08878889599673305,HD 209100,0.931,0.72,8,8
HD 209100_5,0.595835065392271,0.07828903421142239,HD 209100,0.931,0.72,8,8
HD 209100_5,0.5966091815711427,0.0793455323868807,HD 209100,0.931,0.72,8,8
HD 209100_5,0.5962778882074798,0.07804328653843301,HD 209100,0.931,0.72,8,8
HD 209100_5,0.5961031822650681,0.07943345254809032,HD 209100,0.931,0.72,8,8
HD 209100_5,0.5958750188913204,0.077796635193809,HD 209100,0.931,0.72,8,8
HD 209100_5,0.5959940729550635,0.08284810429576177,HD 209100,0.931,0.72,8,8
HD 209100_5,0.5965958415069741,0.08317761415659682,HD 209100,0.931,0.72,8,8
HD 209100_5,0.5960903992498883,0.08381168375708196,HD 209100,0.931,0.72,8,8
HD 209100_5,0.5963048850937501,0.07573609394555715,HD 209100,0.931,0.72,8,8
HD 209100_5,0.5961011808626073,0.07537964354599455,HD 209100,0.931,0.72,8,8
HD 209100_5,0.5952440215634488,0.07442421320468076,HD 209100,0.931,0.72,8,8
HD 209100_5,0.5960867228042864,0.0768470786041284,HD 209100,0.931,0.72,8,8
HD 209100_5,0.5962393060505897,0.07599684819953616,HD 209100,0.931,0.72,8,8
HD 209100_5,0.5959969294068495,0.07982962028760127,HD 209100,0.931,0.72,8,8
HD 209100_5,0.5959116357527823,0.07492277842451096,HD 209100,0.931,0.72,8,8
HD 209100_5,0.5957393282670047,0.08107790345190426,HD 209100,0.931,0.72,8,8
HD 209100_5,0.596551340051144,0.0771458727339568,HD 209100,0.931,0.72,8,8
HD 209100_5,0.5963857373159355,0.08170579582648993,HD 209100,0.931,0.72,8,8
HD 209100_5,0.5958286157204815,0.08071293720258331,HD 209100,0.931,0.72,8,8
HD 209100_5,0.5961593111505717,0.0825788060630035,HD 209100,0.931,0.72,8,8
HD 209100_5,0.5959116221884475,0.08004730848304752,HD 209100,0.931,0.72,8,8
HD 209100_5,0.5956301121431291,0.08494281909206802,HD 209100,0.931,0.72,8,8
HD 209100_5,0.5958875768307024,0.07883211356677737,HD 209100,0.931,0.72,8,8
HD 209100_5,0.5956160973794128,0.07929863421927688,HD 209100,0.931,0.72,8,8
HD 209100_5,0.5962805296795659,0.07855328455796723,HD 209100,0.931,0.72,8,8
HD 209100_5,0.5956682609098374,0.07865306403918322,HD 209100,0.931,0.72,8,8
HD 209100_5,0.5962529741968948,0.06786271834615347,HD 209100,0.931,0.72,8,8
HD 209100_5,0.5960856517019827,0.08051975219529452,HD 209100,0.931,0.72,8,8
HD 209100_5,0.5960079886221996,0.07633692540883286,HD 209100,0.931,0.72,8,8
HD 209100_5,0.5961454608504919,0.07730605823739761,HD 209100,0.931,0.72,8,8
HD 209100_5,0.5955807931703011,0.07787359784618701,HD 209100,0.931,0.72,8,8
HD 209100_5,0.5967689227010087,0.07730571967083615,HD 209100,0.931,0.72,8,8
HD 209100_5,0.59633827349348,0.07222018564391713,HD 209100,0.931,0.72,8,8
HD 209100_5,0.5957742591363621,0.07828288931411269,HD 209100,0.931,0.72,8,8
HD 209100_5,0.5960567766495413,0.08044853737616645,HD 209100,0.931,0.72,8,8
HD 209100_5,0.5962672572939054,0.06808887891821452,HD 209100,0.931,0.72,8,8
HD 209100_5,0.5959052466764386,0.07802823712310095,HD 209100,0.931,0.72,8,8
HD 209100_5,0.5961098386923434,0.07105386602746479,HD 209100,0.931,0.72,8,8
HD 209100_5,0.5958862171436294,0.07899424506719091,HD 209100,0.931,0.72,8,8
HD 209100_5,0.5966219611472263,0.08020306818709927,HD 209100,0.931,0.72,8,8
HD 209100_5,0.595605841160336,0.0754000831119716,HD 209100,0.931,0.72,8,8
HD 209100_5,0.5954882447201244,0.07830187503689148,HD 209100,0.931,0.72,8,8
HD 209100_5,0.5960450268615037,0.07353803621440481,HD 209100,0.931,0.72,8,8
HD 209100_5,0.595797729933879,0.0829392239860295,HD 209100,0.931,0.72,8,8
HD 209100_5,0.5955297084480264,0.08254530254657816,HD 209100,0.931,0.72,8,8
HD 209100_5,0.5960277809437843,0.08144243818505867,HD 209100,0.931,0.72,8,8
HD 209100_5,0.5964423310032206,0.08456278771844547,HD 209100,0.931,0.72,8,8
HD 209100_5,0.5953687676654544,0.08012064556407486,HD 209100,0.931,0.72,8,8
HD 209100_5,0.5956202741554104,0.0799817486136577,HD 209100,0.931,0.72,8,8
HD 209100_5,0.5958940083866722,0.08403777481725198,HD 209100,0.931,0.72,8,8
HD 209100_5,0.5968524756581295,0.07648622811989653,HD 209100,0.931,0.72,8,8
HD 209100_5,0.5960571942330237,0.08346973272605773,HD 209100,0.931,0.72,8,8
HD 209100_5,0.5959928766421099,0.08532864768521994,HD 209100,0.931,0.72,8,8
HD 209100_5,0.595773388336365,0.08229416872331867,HD 209100,0.931,0.72,8,8
HD 209100_5,0.5962643242792565,0.07963516092746956,HD 209100,0.931,0.72,8,8
HD 209100_5,0.5960617650357505,0.07951246722835795,HD 209100,0.931,0.72,8,8
HD 209100_5,0.5966199300528725,0.08140429419129683,HD 209100,0.931,0.72,8,8
HD 209100_5,0.5953900089396553,0.08175847497655842,HD 209100,0.931,0.72,8,8
HD 209100_5,0.5954378809828419,0.08829208896227086,HD 209100,0.931,0.72,8,8
HD 209100_5,0.5954851188968185,0.08238377009922289,HD 209100,0.931,0.72,8,8
HD 209100_5,0.5955303045475001,0.08012375554468325,HD 209100,0.931,0.72,8,8
HD 209100_5,0.5963633792650963,0.07710382641037283,HD 209100,0.931,0.72,8,8
HD 209100_5,0.5961953773474732,0.08367514078552478,HD 209100,0.931,0.72,8,8
HD 209100_5,0.5959666178253825,0.07283444746263293,HD 209100,0.931,0.72,8,8
HD 209100_5,0.5960146578662717,0.08111639024272346,HD 209100,0.931,0.72,8,8
HD 209100_5,0.5959976669046297,0.07794905451137266,HD 209100,0.931,0.72,8,8
HD 209100_5,0.5960941111458191,0.08125778760243209,HD 209100,0.931,0.72,8,8
HD 209100_5,0.595987110459022,0.08010883451776478,HD 209100,0.931,0.72,8,8
HD 209100_5,0.596002758706677,0.08168228273945753,HD 209100,0.931,0.72,8,8
HD 209100_5,0.5962703082944076,0.08398966511645807,HD 209100,0.931,0.72,8,8
HD 209100_5,0.5962455773215402,0.0719453542584073,HD 209100,0.931,0.72,8,8
HD 209100_5,0.5962656193272893,0.09135854147653447,HD 209100,0.931,0.72,8,8
HD 209100_5,0.5952407235916919,0.08920953664869608,HD 209100,0.931,0.72,8,8
HD 209100_5,0.5962250210034914,0.0826891479767944,HD 209100,0.931,0.72,8,8
HD 209100_5,0.5963182585707867,0.07856560504939562,HD 209100,0.931,0.72,8,8
HD 209100_5,0.5959610068899823,0.07726392510187982,HD 209100,0.931,0.72,8,8
HD 209100_5,0.596663927613596,0.0833514715991541,HD 209100,0.931,0.72,8,8
HD 209100_5,0.5965689824964673,0.07565727184276617,HD 209100,0.931,0.72,8,8
HD 209100_5,0.5965628482876314,0.07729358827581152,HD 209100,0.931,0.72,8,8
HD 209100_5,0.5962111896589993,0.08681634722944682,HD 209100,0.931,0.72,8,8
HD 209100_5,0.5965983762765831,0.07986516041889903,HD 209100,0.931,0.72,8,8
HD 209100_5,0.5960849349678092,0.08769204857906224,HD 209100,0.931,0.72,8,8
HD 209100_5,0.5960930833270879,0.07801245410711875,HD 209100,0.931,0.72,8,8
HD 209100_5,0.5960866647097731,0.07087848371348932,HD 209100,0.931,0.72,8,8
HD 209100_5,0.5957041971508786,0.07373227065945727,HD 209100,0.931,0.72,8,8
HD 209100_5,0.5956686488062821,0.08736166250406661,HD 209100,0.931,0.72,8,8
HD 209100_5,0.5960047884573272,0.09384193210332481,HD 209100,0.931,0.72,8,8
HD 209100_5,0.5956290295182325,0.08844201325016855,HD 209100,0.931,0.72,8,8
HD 209100_5,0.5963922123535152,0.08254239257909712,HD 209100,0.931,0.72,8,8
HD 209100_5,0.5959789213234132,0.07845035261302642,HD 209100,0.931,0.72,8,8
HD 209100_5,0.5961210024992976,0.08667862791191909,HD 209100,0.931,0.72,8,8
HD 209100_5,0.5963147325616649,0.08549560903998532,HD 209100,0.931,0.72,8,8
HD 209100_5,0.5961605778941383,0.07538911932929539,HD 209100,0.931,0.72,8,8
HD 209100_5,0.5958686050310212,0.07862322907222682,HD 209100,0.931,0.72,8,8
HD 209100_5,0.5956827769504908,0.07921080833517258,HD 209100,0.931,0.72,8,8
HD 209100_5,0.596367966161063,0.07623794869825667,HD 209100,0.931,0.72,8,8
HD 209100_5,0.596412890254038,0.07347806825613529,HD 209100,0.931,0.72,8,8
HD 209100_5,0.5962165968427742,0.0779965682467661,HD 209100,0.931,0.72,8,8
HD 209100_5,0.5964643130081803,0.08188937634712946,HD 209100,0.931,0.72,8,8
HD 209100_5,0.5956532468440797,0.08242085650456128,HD 209100,0.931,0.72,8,8
HD 209100_5,0.5953355800486644,0.08273279653644235,HD 209100,0.931,0.72,8,8
HD 209100_5,0.5958548337965831,0.08318527241740248,HD 209100,0.931,0.72,8,8
HD 209100_5,0.5958594911426747,0.07796027657477039,HD 209100,0.931,0.72,8,8
HD 209100_5,0.5965912055988206,0.07882298011809644,HD 209100,0.931,0.72,8,8
HD 209100_5,0.5959642780379927,0.0793716786603292,HD 209100,0.931,0.72,8,8
HD 209100_5,0.5958338664534792,0.08419917976604648,HD 209100,0.931,0.72,8,8
HD 209100_5,0.5958023976428829,0.07958522801038852,HD 209100,0.931,0.72,8,8
HD 209100_5,0.5963766809962595,0.08264277134155706,HD 209100,0.931,0.72,8,8
HD 209100_5,0.5965837346752833,0.07515921263785129,HD 209100,0.931,0.72,8,8
HD 209100_5,0.59591934663014,0.08033091685838302,HD 209100,0.931,0.72,8,8
HD 209100_5,0.5964058051886034,0.07988107793372294,HD 209100,0.931,0.72,8,8
HD 209100_5,0.5957937910931972,0.06991619237230015,HD 209100,0.931,0.72,8,8
HD 209100_5,0.5960397418412952,0.06840046539219143,HD 209100,0.931,0.72,8,8
HD 209100_5,0.5961856331743041,0.07954437512023163,HD 209100,0.931,0.72,8,8
HD 209100_5,0.5953024740978599,0.07975545306166261,HD 209100,0.931,0.72,8,8
HD 209100_5,0.5958290865263671,0.06851908511668056,HD 209100,0.931,0.72,8,8
HD 209100_5,0.5957113892242467,0.07468555835064998,HD 209100,0.931,0.72,8,8
HD 209100_5,0.596198665314123,0.07606939369967647,HD 209100,0.931,0.72,8,8
HD 209100_5,0.5962658357677074,0.08151189312173047,HD 209100,0.931,0.72,8,8
HD 209100_5,0.5956155913703746,0.08723852845260484,HD 209100,0.931,0.72,8,8
HD 209100_5,0.5965339540121042,0.07933426800436717,HD 209100,0.931,0.72,8,8
HD 209100_5,0.5960125684361988,0.08644361575068815,HD 209100,0.931,0.72,8,8
HD 209100_5,0.5967280257963008,0.08315767977587303,HD 209100,0.931,0.72,8,8
HD 209100_5,0.5957852948746306,0.07750232517512694,HD 209100,0.931,0.72,8,8
HD 209100_5,0.5959459059902783,0.08780469502351987,HD 209100,0.931,0.72,8,8
HD 209100_5,0.5960440784114835,0.08091523284332043,HD 209100,0.931,0.72,8,8
HD 209100_5,0.5962518012116597,0.09120026826071774,HD 209100,0.931,0.72,8,8
HD 209100_5,0.5963218530841595,0.07539931659127622,HD 209100,0.931,0.72,8,8
HD 209100_5,0.5957668536943515,0.07532817441045825,HD 209100,0.931,0.72,8,8
HD 209100_5,0.5965025048893428,0.08135101148977139,HD 209100,0.931,0.72,8,8
HD 209100_5,0.5958749459585888,0.07956668990816941,HD 209100,0.931,0.72,8,8
HD 209100_5,0.5955198738977227,0.07861998021165476,HD 209100,0.931,0.72,8,8
HD 209100_5,0.5958204909023743,0.07760567356488757,HD 209100,0.931,0.72,8,8
HD 209100_5,0.5957166850747427,0.0777192130107507,HD 209100,0.931,0.72,8,8
HD 209100_5,0.596042751461667,0.08078574401135624,HD 209100,0.931,0.72,8,8
HD 209100_5,0.5961253493286683,0.08539854767112585,HD 209100,0.931,0.72,8,8
HD 209100_5,0.5965420079386802,0.07971934213672205,HD 209100,0.931,0.72,8,8
HD 209100_5,0.5965610434223945,0.0802573595973619,HD 209100,0.931,0.72,8,8
HD 209100_5,0.5960555725917916,0.08242792463906559,HD 209100,0.931,0.72,8,8
HD 209100_5,0.5959188157183554,0.08188679749396217,HD 209100,0.931,0.72,8,8
HD 209100_5,0.5962532861448236,0.07562093985620327,HD 209100,0.931,0.72,8,8
HD 209100_5,0.595977975843731,0.07965707195850673,HD 209100,0.931,0.72,8,8
HD 209100_5,0.5963526688432033,0.0726067435185365,HD 209100,0.931,0.72,8,8
HD 209100_5,0.5962539784985179,0.08650557490411077,HD 209100,0.931,0.72,8,8
HD 209100_5,0.5958666212007113,0.07656412972388091,HD 209100,0.931,0.72,8,8
HD 209100_5,0.5960245013780486,0.0649271722663699,HD 209100,0.931,0.72,8,8
HD 209100_5,0.5959266799247185,0.0799638632541297,HD 209100,0.931,0.72,8,8
HD 209100_5,0.5962559036718105,0.07520842259072383,HD 209100,0.931,0.72,8,8
HD 209100_5,0.5959258645018345,0.08758342569533124,HD 209100,0.931,0.72,8,8
HD 209100_5,0.5958185040981541,0.08915753562291154,HD 209100,0.931,0.72,8,8
HD 219134_2,0.37541008994003827,0.11198353381431199,HD 219134,1.279,0.75,8,5
HD 219134_2,0.37488997439113164,0.09699286211171007,HD 219134,1.279,0.75,8,5
HD 219134_2,0.3726590011963518,0.1443120242825967,HD 219134,1.279,0.75,8,5
HD 219134_2,0.37419577182878755,0.12723041656014306,HD 219134,1.279,0.75,8,5
HD 219134_2,0.3768689499939549,0.10203205714079629,HD 219134,1.279,0.75,8,5
HD 219134_2,0.37593417375634924,0.11715758808533885,HD 219134,1.279,0.75,8,5
HD 219134_2,0.3755991904893534,0.10730103154910928,HD 219134,1.279,0.75,8,5
HD 219134_2,0.3752177278130184,0.16653489048097173,HD 219134,1.279,0.75,8,5
HD 219134_2,0.36830368390071866,0.19988490191908698,HD 219134,1.279,0.75,8,5
HD 219134_2,0.37370179709698426,0.12152588550614822,HD 219134,1.279,0.75,8,5
HD 219134_2,0.3718187589514109,0.15097979973980769,HD 219134,1.279,0.75,8,5
HD 219134_2,0.37300575411696635,0.12725183560310155,HD 219134,1.279,0.75,8,5
HD 219134_2,0.37280535123726927,0.1432933467807041,HD 219134,1.279,0.75,8,5
HD 219134_2,0.375931896108573,0.1245782490664783,HD 219134,1.279,0.75,8,5
HD 219134_2,0.3738236621299253,0.12041114995778944,HD 219134,1.279,0.75,8,5
HD 219134_2,0.3736959480820032,0.129688259140211,HD 219134,1.279,0.75,8,5
HD 219134_2,0.3757802372943566,0.12410329073847798,HD 219134,1.279,0.75,8,5
HD 219134_2,0.37144732727781277,0.15160599888988655,HD 219134,1.279,0.75,8,5
HD 219134_2,0.3769367210714173,0.0979696621345686,HD 219134,1.279,0.75,8,5
HD 219134_2,0.37301704474304875,0.13616062248075192,HD 219134,1.279,0.75,8,5
HD 219134_2,0.37609710302411176,0.15200577762958414,HD 219134,1.279,0.75,8,5
HD 219134_2,0.3759036431815545,0.15108585601144175,HD 219134,1.279,0.75,8,5
HD 219134_2,0.37501789289719306,0.1361227164814527,HD 219134,1.279,0.75,8,5
HD 219134_2,0.37529578969164407,0.11850414303109988,HD 219134,1.279,0.75,8,5
HD 219134_2,0.37619671057050313,0.1237303016827407,HD 219134,1.279,0.75,8,5
HD 219134_2,0.37422279158814004,0.13011392093172486,HD 219134,1.279,0.75,8,5
HD 219134_2,0.3720198280212639,0.14631867219852018,HD 219134,1.279,0.75,8,5
HD 219134_2,0.37273463510265725,0.13136776223748592,HD 219134,1.279,0.75,8,5
HD 219134_2,0.37060879221277837,0.16678970629299056,HD 219134,1.279,0.75,8,5
HD 219134_2,0.37254357941100136,0.12514990902087153,HD 219134,1.279,0.75,8,5
HD 219134_2,0.3740617122677271,0.09661570556172802,HD 219134,1.279,0.75,8,5
HD 219134_2,0.3749460291602756,0.1444291240757224,HD 219134,1.279,0.75,8,5
HD 219134_2,0.3745596162365309,0.14684160820163109,HD 219134,1.279,0.75,8,5
HD 219134_2,0.374813472252866,0.13083432964984648,HD 219134,1.279,0.75,8,5
HD 219134_2,0.3743446276129727,0.12344989538888868,HD 219134,1.279,0.75,8,5
HD 219134_2,0.3722900497691649,0.1424301287717311,HD 219134,1.279,0.75,8,5
HD 219134_2,0.37306779511227683,0.16460469197068245,HD 219134,1.279,0.75,8,5
HD 219134_2,0.37256473623951264,0.17683534788889815,HD 219134,1.279,0.75,8,5
HD 219134_2,0.37839664541896745,0.08173639839513613,HD 219134,1.279,0.75,8,5
HD 219134_2,0.37579237469430665,0.10860428456766379,HD 219134,1.279,0.75,8,5
HD 219134_2,0.37550709942334115,0.10903463297645073,HD 219134,1.279,0.75,8,5
HD 219134_2,0.37396112850564334,0.1335980634325781,HD 219134,1.279,0.75,8,5
HD 219134_2,0.3728403281998562,0.1461894830879032,HD 219134,1.279,0.75,8,5
HD 219134_2,0.37437775862088923,0.15746409496626237,HD 219134,1.279,0.75,8,5
HD 219134_2,0.37464296638129047,0.10567099419835607,HD 219134,1.279,0.75,8,5
HD 219134_2,0.3718784951554079,0.1518644003209604,HD 219134,1.279,0.75,8,5
HD 219134_2,0.37081346957310607,0.15125556472332635,HD 219134,1.279,0.75,8,5
HD 219134_2,0.3724184970885265,0.19134451577420017,HD 219134,1.279,0.75,8,5
HD 219134_2,0.3750205864416493,0.1391882392638575,HD 219134,1.279,0.75,8,5
HD 219134_2,0.3786269000994859,0.0799851262798,HD 219134,1.279,0.75,8,5
HD 219134_2,0.3717315111055204,0.13431115859623716,HD 219134,1.279,0.75,8,5
HD 219134_2,0.37614432435801404,0.1020748920286359,HD 219134,1.279,0.75,8,5
HD 219134_2,0.3726832402935748,0.07318804759533708,HD 219134,1.279,0.75,8,5
HD 219134_2,0.3712082308129161,0.14860847860272894,HD 219134,1.279,0.75,8,5
HD 219134_2,0.3740926568883926,0.14206165035623164,HD 219134,1.279,0.75,8,5
HD 219134_2,0.36876762131470636,0.18687579906303742,HD 219134,1.279,0.75,8,5
HD 219134_2,0.3742134787989531,0.1570988868551263,HD 219134,1.279,0.75,8,5
HD 219134_2,0.37298576325332616,0.1647336130440829,HD 219134,1.279,0.75,8,5
HD 219134_2,0.37359627967253556,0.1599139104777253,HD 219134,1.279,0.75,8,5
HD 219134_2,0.3720628437983105,0.1513852774559927,HD 219134,1.279,0.75,8,5
HD 219134_2,0.37239502130661595,0.1282583660530484,HD 219134,1.279,0.75,8,5
HD 219134_2,0.3779202475631449,0.1124415752459681,HD 219134,1.279,0.75,8,5
HD 219134_2,0.3771220953533418,0.11473550681118917,HD 219134,1.279,0.75,8,5
HD 219134_2,0.3741717453882325,0.13112592747719817,HD 219134,1.279,0.75,8,5
HD 219134_2,0.3732157861884383,0.14599260338114428,HD 219134,1.279,0.75,8,5
HD 219134_2,0.37620220469005433,0.11269907210947944,HD 219134,1.279,0.75,8,5
HD 219134_2,0.3729585247123408,0.12714218800962,HD 219134,1.279,0.75,8,5
HD 219134_2,0.37273667637363705,0.16521328049693634,HD 219134,1.279,0.75,8,5
HD 219134_2,0.37494963650749175,0.1150812673834193,HD 219134,1.279,0.75,8,5
HD 219134_2,0.374504161265767,0.10950623606156665,HD 219134,1.279,0.75,8,5
HD 219134_2,0.3736539707223388,0.14545085332624613,HD 219134,1.279,0.75,8,5
HD 219134_2,0.3747930206474203,0.09555861692712712,HD 219134,1.279,0.75,8,5
HD 219134_2,0.3731819212947749,0.11980338306473515,HD 219134,1.279,0.75,8,5
HD 219134_2,0.3727713240189393,0.12233408794871808,HD 219134,1.279,0.75,8,5
HD 219134_2,0.3754735091143971,0.12174265855647795,HD 219134,1.279,0.75,8,5
HD 219134_2,0.37402933200925975,0.11554443523924934,HD 219134,1.279,0.75,8,5
HD 219134_2,0.37441088421990504,0.1274093320003764,HD 219134,1.279,0.75,8,5
HD 219134_2,0.376884371412584,0.12633728233369337,HD 219134,1.279,0.75,8,5
HD 219134_2,0.3736922989164315,0.14156293287460542,HD 219134,1.279,0.75,8,5
HD 219134_2,0.37351929343144624,0.15381422950657828,HD 219134,1.279,0.75,8,5
HD 219134_2,0.37475753918458865,0.105980613270529,HD 219134,1.279,0.75,8,5
HD 219134_2,0.37398779270284327,0.15221786211523342,HD 219134,1.279,0.75,8,5
HD 219134_2,0.37637303389899285,0.1230158244296185,HD 219134,1.279,0.75,8,5
HD 219134_2,0.37438944605233737,0.16172489600423234,HD 219134,1.279,0.75,8,5
HD 219134_2,0.3737230174419605,0.11876095789679475,HD 219134,1.279,0.75,8,5
HD 219134_2,0.3721199724414467,0.1622718633486131,HD 219134,1.279,0.75,8,5
HD 219134_2,0.3764226435910545,0.12921885844443542,HD 219134,1.279,0.75,8,5
HD 219134_2,0.37627487247769786,0.0944673751970653,HD 219134,1.279,0.75,8,5
HD 219134_2,0.3732409211166531,0.1582787985457661,HD 219134,1.279,0.75,8,5
HD 219134_2,0.3713976592831712,0.16824463166556147,HD 219134,1.279,0.75,8,5
HD 219134_2,0.3718264882505062,0.1714249246651248,HD 219134,1.279,0.75,8,5
HD 219134_2,0.3741534137674945,0.13179770141938957,HD 219134,1.279,0.75,8,5
HD 219134_2,0.37650126488552765,0.13312581887241326,HD 219134,1.279,0.75,8,5
HD 219134_2,0.37358283737853476,0.15930335418913935,HD 219134,1.279,0.75,8,5
HD 219134_2,0.37409785001102713,0.11675377613846533,HD 219134,1.279,0.75,8,5
HD 219134_2,0.37491858813904627,0.09530132290464069,HD 219134,1.279,0.75,8,5
HD 219134_2,0.3759156839413557,0.11632850984404784,HD 219134,1.279,0.75,8,5
HD 219134_2,0.37567355950320697,0.11973597043266657,HD 219134,1.279,0.75,8,5
HD 219134_2,0.3722558270222118,0.1476738443851342,HD 219134,1.279,0.75,8,5
HD 219134_2,0.37237096836693206,0.1718756314890495,HD 219134,1.279,0.75,8,5
HD 219134_2,0.37093684338371924,0.13815087933230233,HD 219134,1.279,0.75,8,5
HD 219134_2,0.37382613330464665,0.09652320691352106,HD 219134,1.279,0.75,8,5
HD 219134_2,0.3761686572974716,0.06445251846710512,HD 219134,1.279,0.75,8,5
HD 219134_2,0.3736453382762409,0.142601342267538,HD 219134,1.279,0.75,8,5
HD 219134_2,0.3720086742925674,0.17922854580369313,HD 219134,1.279,0.75,8,5
HD 219134_2,0.3739348050146936,0.09842491299937911,HD 219134,1.279,0.75,8,5
HD 219134_2,0.37553166516404796,0.10582474082364689,HD 219134,1.279,0.75,8,5
HD 219134_2,0.3768233817890161,0.11927488089894592,HD 219134,1.279,0.75,8,5
HD 219134_2,0.3743021887458632,0.1006148763833451,HD 219134,1.279,0.75,8,5
HD 219134_2,0.37470051949240046,0.14363949112682223,HD 219134,1.279,0.75,8,5
HD 219134_2,0.37487029255656623,0.11214266501652739,HD 219134,1.279,0.75,8,5
HD 219134_2,0.3752480386041616,0.11044899086697929,HD 219134,1.279,0.75,8,5
HD 219134_2,0.3742919103011699,0.1244314270782074,HD 219134,1.279,0.75,8,5
HD 219134_2,0.3754665060902343,0.11621698541870479,HD 219134,1.279,0.75,8,5
HD 219134_2,0.376030824590843,0.09262443559745451,HD 219134,1.279,0.75,8,5
HD 219134_2,0.3716918526974103,0.1450035177036769,HD 219134,1.279,0.75,8,5
HD 219134_2,0.3753655987806246,0.0931809379839155,HD 219134,1.279,0.75,8,5
HD 219134_2,0.37558127798459073,0.09044257829166683,HD 219134,1.279,0.75,8,5
HD 219134_2,0.37752339153380604,0.08564924355747143,HD 219134,1.279,0.75,8,5
HD 219134_2,0.3727726924453662,0.14260856269529293,HD 219134,1.279,0.75,8,5
HD 219134_2,0.37322941633815127,0.15046007060976638,HD 219134,1.279,0.75,8,5
HD 219134_2,0.3750035781073539,0.14823680622634677,HD 219134,1.279,0.75,8,5
HD 219134_2,0.3753236925819329,0.10759042379761591,HD 219134,1.279,0.75,8,5
HD 219134_2,0.3705915757736015,0.16033040591499254,HD 219134,1.279,0.75,8,5
HD 219134_2,0.3721480155087484,0.16522520976461555,HD 219134,1.279,0.75,8,5
HD 219134_2,0.37162414090280066,0.17021241593043637,HD 219134,1.279,0.75,8,5
HD 219134_2,0.373676453108164,0.11555020124692797,HD 219134,1.279,0.75,8,5
HD 219134_2,0.3741052835493294,0.14048696921190285,HD 219134,1.279,0.75,8,5
HD 219134_2,0.373352526436718,0.10346924372912658,HD 219134,1.279,0.75,8,5
HD 219134_2,0.3734301778607397,0.15992308845192615,HD 219134,1.279,0.75,8,5
HD 219134_2,0.3732534655158736,0.17271064513018425,HD 219134,1.279,0.75,8,5
HD 219134_2,0.372012834418328,0.16432656122268105,HD 219134,1.279,0.75,8,5
HD 219134_2,0.3752558894927439,0.12481650865535535,HD 219134,1.279,0.75,8,5
HD 219134_2,0.37271527865033116,0.11379825763238571,HD 219134,1.279,0.75,8,5
HD 219134_2,0.37464850843623204,0.10947628883099035,HD 219134,1.279,0.75,8,5
HD 219134_2,0.37504948057807364,0.1376862842097339,HD 219134,1.279,0.75,8,5
HD 219134_2,0.3744553891721045,0.08124338678224079,HD 219134,1.279,0.75,8,5
HD 219134_2,0.3740672641501356,0.13556037768723694,HD 219134,1.279,0.75,8,5
HD 219134_2,0.37362661667220926,0.13298859743875444,HD 219134,1.279,0.75,8,5
HD 219134_2,0.3744845015993508,0.12781045128747578,HD 219134,1.279,0.75,8,5
HD 219134_2,0.3744458338853486,0.13397037184735247,HD 219134,1.279,0.75,8,5
HD 219134_2,0.37650489071919724,0.10294640238146845,HD 219134,1.279,0.75,8,5
HD 219134_2,0.37072235732480374,0.17462241776508497,HD 219134,1.279,0.75,8,5
HD 219134_2,0.3708581238719571,0.13865766486611222,HD 219134,1.279,0.75,8,5
HD 219134_2,0.372333859330933,0.15523078552478314,HD 219134,1.279,0.75,8,5
HD 219134_2,0.37251270094492955,0.1531821759741039,HD 219134,1.279,0.75,8,5
HD 219134_2,0.3713989274517903,0.15769139208269334,HD 219134,1.279,0.75,8,5
HD 219134_2,0.3730555450154361,0.13485252624631638,HD 219134,1.279,0.75,8,5
HD 219134_2,0.37627713653486367,0.09595908148658308,HD 219134,1.279,0.75,8,5
HD 219134_2,0.3766017321685249,0.0952461193137649,HD 219134,1.279,0.75,8,5
HD 219134_2,0.37409461532337696,0.14948191627662527,HD 219134,1.279,0.75,8,5
HD 219134_2,0.37272374823453497,0.14218006377709264,HD 219134,1.279,0.75,8,5
HD 219134_2,0.3752356482814984,0.12583268459434394,HD 219134,1.279,0.75,8,5
HD 219134_2,0.3746867408801554,0.11301924382547607,HD 219134,1.279,0.75,8,5
HD 219134_2,0.37278462047608535,0.15077692405562879,HD 219134,1.279,0.75,8,5
HD 219134_2,0.37559473485978834,0.12433609370565821,HD 219134,1.279,0.75,8,5
HD 219134_2,0.3740662716804728,0.10992426845981242,HD 219134,1.279,0.75,8,5
HD 219134_2,0.37373537405858787,0.11714939144043894,HD 219134,1.279,0.75,8,5
HD 219134_2,0.37635607365912255,0.11600435731777561,HD 219134,1.279,0.75,8,5
HD 219134_2,0.372090825686293,0.1736731218286518,HD 219134,1.279,0.75,8,5
HD 219134_2,0.3731206128814076,0.1318076619231009,HD 219134,1.279,0.75,8,5
HD 219134_2,0.37800361816986405,0.09269380311941482,HD 219134,1.279,0.75,8,5
HD 219134_2,0.3717582451425006,0.13884402586259914,HD 219134,1.279,0.75,8,5
HD 219134_2,0.37344098284775207,0.1366015479569033,HD 219134,1.279,0.75,8,5
HD 219134_2,0.37398740250565904,0.14862764091609612,HD 219134,1.279,0.75,8,5
HD 219134_2,0.3727295834700013,0.1492093268397614,HD 219134,1.279,0.75,8,5
HD 219134_2,0.37568914885781457,0.13585350754873485,HD 219134,1.279,0.75,8,5
HD 219134_2,0.3739268298039991,0.1638802136694613,HD 219134,1.279,0.75,8,5
HD 219134_2,0.37143467182023754,0.16042191723636068,HD 219134,1.279,0.75,8,5
HD 219134_2,0.37389488354634703,0.13075317049945673,HD 219134,1.279,0.75,8,5
HD 219134_2,0.3723267440614121,0.13730087806447738,HD 219134,1.279,0.75,8,5
HD 219134_2,0.3716438692010045,0.15776767020064614,HD 219134,1.279,0.75,8,5
HD 219134_2,0.3754287994145051,0.1463096420794396,HD 219134,1.279,0.75,8,5
HD 219134_2,0.3751504780017945,0.12528895042612856,HD 219134,1.279,0.75,8,5
HD 219134_2,0.3737222889797069,0.1550791513803252,HD 219134,1.279,0.75,8,5
HD 219134_2,0.37583907440629916,0.14251426673179457,HD 219134,1.279,0.75,8,5
HD 219134_2,0.37672461896986614,0.10166281880824542,HD 219134,1.279,0.75,8,5
HD 219134_2,0.3766419710552089,0.08185231626522824,HD 219134,1.279,0.75,8,5
HD 219134_2,0.3733996578242613,0.14568346584919317,HD 219134,1.279,0.75,8,5
HD 219134_2,0.3741906872372359,0.1454825720957987,HD 219134,1.279,0.75,8,5
HD 219134_2,0.37427856310350577,0.12196836394538402,HD 219134,1.279,0.75,8,5
HD 219134_2,0.3721586098390562,0.15346531275175268,HD 219134,1.279,0.75,8,5
HD 219134_2,0.37464329979718713,0.13951161751894844,HD 219134,1.279,0.75,8,5
HD 219134_2,0.3736254589703476,0.16123492785276586,HD 219134,1.279,0.75,8,5
HD 219134_2,0.3740000311848903,0.15250328687178266,HD 219134,1.279,0.75,8,5
HD 219134_2,0.372484092483191,0.13600412020845257,HD 219134,1.279,0.75,8,5
HD 219134_2,0.37548990026712065,0.13624553656407062,HD 219134,1.279,0.75,8,5
HD 219134_2,0.37405823509483777,0.137288313237719,HD 219134,1.279,0.75,8,5
HD 219134_2,0.37750547729429684,0.08824848592157014,HD 219134,1.279,0.75,8,5
HD 219134_2,0.3745325138750083,0.12440620471262312,HD 219134,1.279,0.75,8,5
HD 219134_2,0.373877031441886,0.10966546231912437,HD 219134,1.279,0.75,8,5
HD 219134_2,0.3758474436253826,0.09021751570809491,HD 219134,1.279,0.75,8,5
HD 219134_2,0.37192109600963796,0.12174969120958781,HD 219134,1.279,0.75,8,5
HD 219134_2,0.3716600880400734,0.14662820567325982,HD 219134,1.279,0.75,8,5
HD 219134_2,0.3746927380663246,0.10925797942343421,HD 219134,1.279,0.75,8,5
HD 219134_2,0.3705463183573929,0.16701530402259454,HD 219134,1.279,0.75,8,5
HD 219134_2,0.3743200410451404,0.12500523738497327,HD 219134,1.279,0.75,8,5
HD 219134_2,0.37213306116010947,0.16338893860707326,HD 219134,1.279,0.75,8,5
HD 219134_2,0.3757966246593581,0.08775898671337147,HD 219134,1.279,0.75,8,5
HD 219134_2,0.3762838835889347,0.09581895074404417,HD 219134,1.279,0.75,8,5
HD 219134_2,0.3738762088116986,0.14137377335392365,HD 219134,1.279,0.75,8,5
HD 219134_2,0.3747894114474893,0.13889803464300027,HD 219134,1.279,0.75,8,5
HD 219134_2,0.37287331615373015,0.18124456757513124,HD 219134,1.279,0.75,8,5
HD 219134_2,0.37196518057755124,0.1677820779005303,HD 219134,1.279,0.75,8,5
HD 219134_2,0.37533413296610885,0.14785908386887395,HD 219134,1.279,0.75,8,5
HD 219134_2,0.3754617635507869,0.068380773562337,HD 219134,1.279,0.75,8,5
HD 219134_2,0.3727738767844381,0.1384625289330513,HD 219134,1.279,0.75,8,5
HD 219134_2,0.3752243319668923,0.06326614747968336,HD 219134,1.279,0.75,8,5
HD 219134_2,0.3751664098177312,0.09984428843479703,HD 219134,1.279,0.75,8,5
HD 219134_2,0.37250469969228944,0.1544411113818331,HD 219134,1.279,0.75,8,5
HD 219134_2,0.3752769952306289,0.1636266471796079,HD 219134,1.279,0.75,8,5
HD 219134_2,0.3681611664070246,0.20428892797306047,HD 219134,1.279,0.75,8,5
HD 219134_2,0.37613853372184164,0.10121139455717104,HD 219134,1.279,0.75,8,5
HD 219134_2,0.37420056354642234,0.1387291446164137,HD 219134,1.279,0.75,8,5
HD 219134_2,0.37319331290105284,0.13058011364002695,HD 219134,1.279,0.75,8,5
HD 219134_2,0.3741507845530579,0.11585260297608634,HD 219134,1.279,0.75,8,5
HD 219134_2,0.3746119172292095,0.11331736121174885,HD 219134,1.279,0.75,8,5
HD 219134_2,0.3734920582748929,0.12454981527142438,HD 219134,1.279,0.75,8,5
HD 219134_2,0.3778164018982336,0.08808455174678279,HD 219134,1.279,0.75,8,5
HD 219134_2,0.37693856142468407,0.111872569235657,HD 219134,1.279,0.75,8,5
HD 219134_2,0.37335938519670964,0.10424708929124146,HD 219134,1.279,0.75,8,5
HD 219134_2,0.3734217612243807,0.15638435337022194,HD 219134,1.279,0.75,8,5
HD 219134_2,0.3758760628537197,0.12695823819684246,HD 219134,1.279,0.75,8,5
HD 219134_2,0.37645536830601417,0.10619854147017435,HD 219134,1.279,0.75,8,5
HD 219134_2,0.3759057608962352,0.1293033916971386,HD 219134,1.279,0.75,8,5
HD 219134_2,0.3742143757307052,0.1572182652061543,HD 219134,1.279,0.75,8,5
HD 219134_2,0.3759798524787094,0.05178600509814622,HD 219134,1.279,0.75,8,5
HD 219134_2,0.37366652422580104,0.13821549079994133,HD 219134,1.279,0.75,8,5
HD 219134_2,0.3762817078882764,0.12150806378475254,HD 219134,1.279,0.75,8,5
HD 219134_2,0.3753484969297781,0.08059362634942693,HD 219134,1.279,0.75,8,5
HD 219134_2,0.3754782609402695,0.14181034853565805,HD 219134,1.279,0.75,8,5
HD 219134_2,0.3759080707702676,0.1226030264682074,HD 219134,1.279,0.75,8,5
HD 219134_2,0.37651819410756243,0.093115952231781,HD 219134,1.279,0.75,8,5
HD 219134_2,0.37283018245725835,0.10879957532735342,HD 219134,1.279,0.75,8,5
HD 219134_2,0.3717971710505213,0.11813773396633505,HD 219134,1.279,0.75,8,5
HD 219134_2,0.3755040275539952,0.09297383979537722,HD 219134,1.279,0.75,8,5
HD 219134_2,0.3771353262234371,0.129060742525281,HD 219134,1.279,0.75,8,5
HD 219134_2,0.37556439901707034,0.11129468287660836,HD 219134,1.279,0.75,8,5
HD 219134_2,0.37573648123411374,0.1239280181901293,HD 219134,1.279,0.75,8,5
HD 219134_2,0.3697603589961366,0.17200782041518975,HD 219134,1.279,0.75,8,5
HD 219134_2,0.37935423070116026,0.10075664973972712,HD 219134,1.279,0.75,8,5
HD 219134_2,0.3725667021351105,0.1536661166013623,HD 219134,1.279,0.75,8,5
HD 219134_2,0.3745736890415501,0.09149454945020088,HD 219134,1.279,0.75,8,5
HD 219134_2,0.3756829181092191,0.0926451965430871,HD 219134,1.279,0.75,8,5
HD 219134_2,0.3770352658370426,0.10587660254467235,HD 219134,1.279,0.75,8,5
HD 219134_2,0.37612515502271504,0.10771523624913651,HD 219134,1.279,0.75,8,5
HD 219134_2,0.3689973700463909,0.1909767988152266,HD 219134,1.279,0.75,8,5
HD 219134_2,0.3743095907079971,0.14424627345898988,HD 219134,1.279,0.75,8,5
HD 219134_2,0.37336575391448984,0.15620297096209151,HD 219134,1.279,0.75,8,5
HD 219134_2,0.37512760794836947,0.13407937992886967,HD 219134,1.279,0.75,8,5
HD 219134_2,0.3739944991605698,0.1299108588101612,HD 219134,1.279,0.75,8,5
HD 219134_2,0.3751386464421012,0.11040147612139761,HD 219134,1.279,0.75,8,5
HD 219134_2,0.3731307167941083,0.13433049920226095,HD 219134,1.279,0.75,8,5
HD 219134_2,0.37647886742270853,0.09794121228128194,HD 219134,1.279,0.75,8,5
HD 219134_2,0.376753719751036,0.13077262954488808,HD 219134,1.279,0.75,8,5
HD 219134_2,0.3737434309387519,0.16212916122551776,HD 219134,1.279,0.75,8,5
HD 219134_2,0.37357120296577456,0.13484432112289407,HD 219134,1.279,0.75,8,5
HD 219134_2,0.37423351310973235,0.1301634034605588,HD 219134,1.279,0.75,8,5
HD 219134_2,0.3741876654622105,0.15862897657842923,HD 219134,1.279,0.75,8,5
HD 219134_2,0.3779219550455065,0.0917411717108319,HD 219134,1.279,0.75,8,5
HD 219134_2,0.3734393108312067,0.1401907133657463,HD 219134,1.279,0.75,8,5
HD 219134_2,0.37700067507203006,0.14753249334480315,HD 219134,1.279,0.75,8,5
HD 219134_2,0.37231867586903217,0.16017835759657356,HD 219134,1.279,0.75,8,5
HD 219134_2,0.3724822884922411,0.09988817554600364,HD 219134,1.279,0.75,8,5
HD 219134_2,0.3733129015798601,0.1273737068389669,HD 219134,1.279,0.75,8,5
HD 219134_2,0.37379974985419717,0.1504944472719698,HD 219134,1.279,0.75,8,5
HD 219134_2,0.3728054746592732,0.14021206445846998,HD 219134,1.279,0.75,8,5
HD 219134_2,0.37019259566757584,0.2187479989679728,HD 219134,1.279,0.75,8,5
HD 219134_2,0.3762839140492061,0.12217574267061082,HD 219134,1.279,0.75,8,5
HD 219134_2,0.37226733712875903,0.13077446892920566,HD 219134,1.279,0.75,8,5
HD 219134_2,0.37518172574541164,0.15209600935946785,HD 219134,1.279,0.75,8,5
HD 219134_2,0.37431241718138886,0.13253773588030926,HD 219134,1.279,0.75,8,5
HD 219134_2,0.3741363322475009,0.12969851107314692,HD 219134,1.279,0.75,8,5
HD 219134_2,0.37383489965225797,0.14465554936477648,HD 219134,1.279,0.75,8,5
HD 219134_2,0.37266997027676235,0.18633687366435203,HD 219134,1.279,0.75,8,5
HD 219134_2,0.37188005463430773,0.16987368777520662,HD 219134,1.279,0.75,8,5
HD 219134_2,0.3737078442902624,0.1413696825610647,HD 219134,1.279,0.75,8,5
HD 219134_2,0.37064763249947175,0.1507982237653194,HD 219134,1.279,0.75,8,5
HD 219134_2,0.37442861154825013,0.1353229015473941,HD 219134,1.279,0.75,8,5
HD 219134_2,0.37430823739289387,0.1353832829120308,HD 219134,1.279,0.75,8,5
HD 219134_2,0.3765406710774216,0.0893067227490228,HD 219134,1.279,0.75,8,5
HD 219134_2,0.37561511829681943,0.11013271916664273,HD 219134,1.279,0.75,8,5
HD 219134_2,0.3744438520409545,0.14950279520161475,HD 219134,1.279,0.75,8,5
HD 219134_2,0.37480039090539885,0.1553471237922846,HD 219134,1.279,0.75,8,5
HD 219134_2,0.3711937805553675,0.17655866332755998,HD 219134,1.279,0.75,8,5
HD 219134_2,0.37181998620502676,0.11060822030862161,HD 219134,1.279,0.75,8,5
HD 219134_2,0.3744877594434953,0.10992001855416783,HD 219134,1.279,0.75,8,5
HD 219134_2,0.3783045676212218,0.08275746359381561,HD 219134,1.279,0.75,8,5
HD 219134_2,0.3742303779853785,0.1376181872029999,HD 219134,1.279,0.75,8,5
HD 219134_2,0.3755725330885387,0.11035061876893396,HD 219134,1.279,0.75,8,5
HD 219134_2,0.3739106650533768,0.15160522800023735,HD 219134,1.279,0.75,8,5
HD 219134_2,0.37727264279997813,0.07911165119615893,HD 219134,1.279,0.75,8,5
HD 219134_2,0.37452785120228616,0.16969268319714598,HD 219134,1.279,0.75,8,5
HD 219134_2,0.37791371566321114,0.10860781322229111,HD 219134,1.279,0.75,8,5
HD 219134_2,0.37081890900081116,0.14059068111613954,HD 219134,1.279,0.75,8,5
HD 219134_2,0.37763346600468467,0.10137308301666548,HD 219134,1.279,0.75,8,5
HD 219134_2,0.37566678300437595,0.12305773349181076,HD 219134,1.279,0.75,8,5
HD 219134_2,0.37417931922282444,0.13798714751613855,HD 219134,1.279,0.75,8,5
HD 219134_2,0.37707061588311364,0.10077147796004159,HD 219134,1.279,0.75,8,5
HD 219134_2,0.37649823818208594,0.11049792508855383,HD 219134,1.279,0.75,8,5
HD 219134_2,0.3721974801019485,0.18425984032222706,HD 219134,1.279,0.75,8,5
HD 219134_2,0.37287201943937,0.13916413979070846,HD 219134,1.279,0.75,8,5
HD 219134_2,0.37134907472347467,0.16925406326079273,HD 219134,1.279,0.75,8,5
HD 219134_2,0.3753850848116439,0.1595263683381632,HD 219134,1.279,0.75,8,5
HD 219134_2,0.37324144626549094,0.12668582440779041,HD 219134,1.279,0.75,8,5
HD 219134_2,0.3738935892727669,0.12651813230353828,HD 219134,1.279,0.75,8,5
HD 219134_2,0.37184723019374466,0.1480186247800149,HD 219134,1.279,0.75,8,5
HD 219134_2,0.3738729136698088,0.16420835259008676,HD 219134,1.279,0.75,8,5
HD 219134_2,0.3758527828840066,0.09015533397503045,HD 219134,1.279,0.75,8,5
HD 219134_2,0.37456213582954684,0.1371741943696012,HD 219134,1.279,0.75,8,5
HD 219134_2,0.37775246351095937,0.11040201913362158,HD 219134,1.279,0.75,8,5
HD 219134_2,0.3718987462709104,0.1280429375972011,HD 219134,1.279,0.75,8,5
HD 219134_2,0.37534308597909943,0.10983615751265088,HD 219134,1.279,0.75,8,5
HD 219134_2,0.37032228948116813,0.1898592324510424,HD 219134,1.279,0.75,8,5
HD 219134_2,0.3758462309950002,0.0963662716257194,HD 219134,1.279,0.75,8,5
HD 219134_2,0.3712697094876666,0.16383852339202443,HD 219134,1.279,0.75,8,5
HD 219134_2,0.3746047339997746,0.12017106206632527,HD 219134,1.279,0.75,8,5
HD 219134_2,0.37417385121558605,0.12903887333380437,HD 219134,1.279,0.75,8,5
HD 219134_2,0.37295515336669827,0.12270815097269631,HD 219134,1.279,0.75,8,5
HD 219134_2,0.3778276457785169,0.08373443287607021,HD 219134,1.279,0.75,8,5
HD 219134_2,0.37795128195416744,0.11539460782944183,HD 219134,1.279,0.75,8,5
HD 219134_2,0.3773930668536343,0.1007249680255639,HD 219134,1.279,0.75,8,5
HD 219134_2,0.3751952650242771,0.10244063511833296,HD 219134,1.279,0.75,8,5
HD 219134_2,0.3755699845824912,0.12447830095519494,HD 219134,1.279,0.75,8,5
HD 219134_2,0.3736754258181747,0.1328997153565446,HD 219134,1.279,0.75,8,5
HD 219134_2,0.37498001657602137,0.11150234058457358,HD 219134,1.279,0.75,8,5
HD 219134_2,0.3701225456548759,0.15389734851350936,HD 219134,1.279,0.75,8,5
HD 219134_2,0.37605611378289344,0.11679022432485944,HD 219134,1.279,0.75,8,5
HD 219134_2,0.3745647311346883,0.110017267895172,HD 219134,1.279,0.75,8,5
HD 219134_2,0.37729432886078584,0.07486559131537113,HD 219134,1.279,0.75,8,5
HD 219134_2,0.37678183084369077,0.09492128821905858,HD 219134,1.279,0.75,8,5
HD 219134_2,0.3736439283681266,0.10780086203473462,HD 219134,1.279,0.75,8,5
HD 219134_2,0.3747443400925989,0.11969725087020817,HD 219134,1.279,0.75,8,5
HD 219134_2,0.372906519721415,0.14087435138726237,HD 219134,1.279,0.75,8,5
HD 219134_2,0.3761321860671561,0.10494358686838709,HD 219134,1.279,0.75,8,5
HD 219134_2,0.37377173105680117,0.1292420182685972,HD 219134,1.279,0.75,8,5
HD 219134_2,0.3735080111238069,0.12936957835616877,HD 219134,1.279,0.75,8,5
HD 219134_2,0.37645690056351894,0.09878361984571364,HD 219134,1.279,0.75,8,5
HD 219134_2,0.3767069816197202,0.11131457847732827,HD 219134,1.279,0.75,8,5
HD 219134_2,0.37451484191788426,0.12229797103776677,HD 219134,1.279,0.75,8,5
HD 219134_2,0.3769979944118223,0.11563048330874925,HD 219134,1.279,0.75,8,5
HD 219134_2,0.37686440466249926,0.09041121761298228,HD 219134,1.279,0.75,8,5
HD 219134_2,0.37262500059145115,0.12995842250814701,HD 219134,1.279,0.75,8,5
HD 219134_2,0.3740728402201936,0.13903662063663488,HD 219134,1.279,0.75,8,5
HD 219134_2,0.37585527980142014,0.10909257250619021,HD 219134,1.279,0.75,8,5
HD 219134_2,0.37401220854103073,0.12290937351805525,HD 219134,1.279,0.75,8,5
HD 219134_2,0.376080999294776,0.11127619840344202,HD 219134,1.279,0.75,8,5
HD 219134_2,0.3751179472180914,0.08762529588729684,HD 219134,1.279,0.75,8,5
HD 219134_2,0.3772091211225587,0.07828163342131028,HD 219134,1.279,0.75,8,5
HD 219134_2,0.3746672146933617,0.15102304520850893,HD 219134,1.279,0.75,8,5
HD 219134_2,0.3763564007051977,0.10492149468677822,HD 219134,1.279,0.75,8,5
HD 219134_2,0.3731985947370268,0.16252537295683953,HD 219134,1.279,0.75,8,5
HD 219134_2,0.3752405709221965,0.10708108420216139,HD 219134,1.279,0.75,8,5
HD 219134_2,0.3760539781456606,0.10080208457058866,HD 219134,1.279,0.75,8,5
HD 219134_2,0.37358738029020533,0.11909022583242163,HD 219134,1.279,0.75,8,5
HD 219134_2,0.3778191777583796,0.09736841601161843,HD 219134,1.279,0.75,8,5
HD 219134_2,0.37534123510779804,0.11436795828635336,HD 219134,1.279,0.75,8,5
HD 219134_2,0.3721832259812367,0.15671967675797235,HD 219134,1.279,0.75,8,5
HD 219134_2,0.3738918423802628,0.1256252922955801,HD 219134,1.279,0.75,8,5
HD 219134_2,0.37434124499472254,0.14338164288446414,HD 219134,1.279,0.75,8,5
HD 219134_2,0.3751042244103712,0.1582701422429138,HD 219134,1.279,0.75,8,5
HD 219134_2,0.37370157636623047,0.1190755858759783,HD 219134,1.279,0.75,8,5
HD 219134_2,0.3745680044857035,0.14304840621707707,HD 219134,1.279,0.75,8,5
HD 219134_2,0.3720012566722565,0.11982672067920966,HD 219134,1.279,0.75,8,5
HD 219134_2,0.3714793528557433,0.1566265489402861,HD 219134,1.279,0.75,8,5
HD 219134_2,0.3735408799182079,0.15398588975693484,HD 219134,1.279,0.75,8,5
HD 219134_2,0.3730332785732392,0.16253544908348444,HD 219134,1.279,0.75,8,5
HD 219134_2,0.37612879909075586,0.10934677059171649,HD 219134,1.279,0.75,8,5
HD 219134_2,0.37540579631349824,0.07756339483141453,HD 219134,1.279,0.75,8,5
HD 219134_2,0.37271296521928887,0.15602958452273932,HD 219134,1.279,0.75,8,5
HD 219134_2,0.3705297557070368,0.15755376392641895,HD 219134,1.279,0.75,8,5
HD 219134_2,0.37477295184676,0.11885819055553787,HD 219134,1.279,0.75,8,5
HD 219134_2,0.37499707319167463,0.12424173143493669,HD 219134,1.279,0.75,8,5
HD 219134_2,0.3708066144708195,0.15679189651149122,HD 219134,1.279,0.75,8,5
HD 219134_2,0.37531589669438026,0.10998679846802431,HD 219134,1.279,0.75,8,5
HD 219134_2,0.37732364990519307,0.08426570411161541,HD 219134,1.279,0.75,8,5
HD 219134_2,0.37521474445461095,0.099504115982374,HD 219134,1.279,0.75,8,5
HD 219134_2,0.37507221940017277,0.07338111732763052,HD 219134,1.279,0.75,8,5
HD 219134_2,0.37550398600570145,0.12421735213214805,HD 219134,1.279,0.75,8,5
HD 219134_2,0.37173349418063134,0.15709903390610355,HD 219134,1.279,0.75,8,5
HD 219134_2,0.375261623779649,0.10032604265004574,HD 219134,1.279,0.75,8,5
HD 219134_2,0.3707163417711452,0.12976611135245814,HD 219134,1.279,0.75,8,5
HD 219134_2,0.37460330693749117,0.11788338356630233,HD 219134,1.279,0.75,8,5
HD 219134_2,0.3768639398434134,0.10252980292831862,HD 219134,1.279,0.75,8,5
HD 219134_2,0.3736051330639911,0.12832076931159053,HD 219134,1.279,0.75,8,5
HD 219134_2,0.37414724332459875,0.12677233860500942,HD 219134,1.279,0.75,8,5
HD 219134_2,0.3760643666234043,0.10016101221195658,HD 219134,1.279,0.75,8,5
HD 219134_2,0.37196391584074223,0.15860911427680854,HD 219134,1.279,0.75,8,5
HD 219134_2,0.3705945756194868,0.20125736634718905,HD 219134,1.279,0.75,8,5
HD 219134_2,0.37574931914812865,0.14209745325345471,HD 219134,1.279,0.75,8,5
HD 219134_2,0.3752755243054218,0.10823196316962183,HD 219134,1.279,0.75,8,5
HD 219134_2,0.3763971253936871,0.11630981498818532,HD 219134,1.279,0.75,8,5
HD 219134_2,0.3719778241903734,0.13688951250071418,HD 219134,1.279,0.75,8,5
HD 219134_2,0.37566018632400505,0.13461279824553685,HD 219134,1.279,0.75,8,5
HD 219134_2,0.3758497011738243,0.11135292131874437,HD 219134,1.279,0.75,8,5
HD 219134_2,0.3764122003376818,0.10394932903967835,HD 219134,1.279,0.75,8,5
HD 219134_2,0.3736183309560659,0.17006930259957076,HD 219134,1.279,0.75,8,5
HD 219134_2,0.3754219044187987,0.10970272628385991,HD 219134,1.279,0.75,8,5
HD 219134_2,0.37352849487259643,0.13314891177755941,HD 219134,1.279,0.75,8,5
HD 219134_2,0.37386285712532247,0.12645705432251073,HD 219134,1.279,0.75,8,5
HD 219134_2,0.37500419789730766,0.17549013543681846,HD 219134,1.279,0.75,8,5
HD 219134_2,0.3781853818545705,0.09797345363304222,HD 219134,1.279,0.75,8,5
HD 219134_2,0.3731008787573077,0.15551705572050645,HD 219134,1.279,0.75,8,5
HD 219134_2,0.37469713692861545,0.1496260325888637,HD 219134,1.279,0.75,8,5
HD 219134_2,0.3740333642662558,0.12560539473884025,HD 219134,1.279,0.75,8,5
HD 219134_2,0.3729331844389682,0.16768873530967673,HD 219134,1.279,0.75,8,5
HD 219134_2,0.3753003354771936,0.12556007390550747,HD 219134,1.279,0.75,8,5
HD 219134_2,0.37075309702693826,0.16275499968756682,HD 219134,1.279,0.75,8,5
HD 219134_2,0.3754844518239915,0.09344218710033567,HD 219134,1.279,0.75,8,5
HD 219134_2,0.3726097768100365,0.13593195077137732,HD 219134,1.279,0.75,8,5
HD 219134_2,0.37299554579899274,0.14345520045955132,HD 219134,1.279,0.75,8,5
HD 219134_2,0.37601115776770067,0.11272565875986681,HD 219134,1.279,0.75,8,5
HD 219134_2,0.3792224333369676,0.066427606230316,HD 219134,1.279,0.75,8,5
HD 219134_2,0.37693153405672203,0.10496106300166744,HD 219134,1.279,0.75,8,5
HD 219134_2,0.37434582913956316,0.12607307123845238,HD 219134,1.279,0.75,8,5
HD 219134_2,0.37709059326567235,0.09020282411193849,HD 219134,1.279,0.75,8,5
HD 219134_2,0.3735318018196377,0.15091783247903906,HD 219134,1.279,0.75,8,5
HD 219134_2,0.3754942932580579,0.10381034222669071,HD 219134,1.279,0.75,8,5
HD 219134_2,0.37329569070875285,0.11736814711771328,HD 219134,1.279,0.75,8,5
HD 219134_2,0.37200847681901006,0.13078765862193623,HD 219134,1.279,0.75,8,5
HD 219134_2,0.3734670798247597,0.1480057089076072,HD 219134,1.279,0.75,8,5
HD 219134_2,0.371256964195904,0.14627460338303605,HD 219134,1.279,0.75,8,5
HD 219134_2,0.37432692242579285,0.14367296807285743,HD 219134,1.279,0.75,8,5
HD 219134_2,0.37607655092097675,0.13365403112773924,HD 219134,1.279,0.75,8,5
HD 219134_2,0.37529797042302987,0.12505416324402754,HD 219134,1.279,0.75,8,5
HD 219134_2,0.3763995663883838,0.11350876690039399,HD 219134,1.279,0.75,8,5
HD 219134_2,0.3747842629012637,0.17161932092254095,HD 219134,1.279,0.75,8,5
HD 219134_2,0.3717306868462924,0.17590234055604415,HD 219134,1.279,0.75,8,5
HD 219134_2,0.37951407163003925,0.07422023261223974,HD 219134,1.279,0.75,8,5
HD 219134_2,0.37101230425218096,0.14383302005067508,HD 219134,1.279,0.75,8,5
HD 219134_2,0.3726386787701698,0.15991809625794667,HD 219134,1.279,0.75,8,5
HD 219134_2,0.37681332987694616,0.11706007796765032,HD 219134,1.279,0.75,8,5
HD 219134_2,0.3779359129014165,0.0663333213587742,HD 219134,1.279,0.75,8,5
HD 219134_2,0.37409886577488344,0.14071191277794257,HD 219134,1.279,0.75,8,5
HD 219134_2,0.3765965419548673,0.10503369743139489,HD 219134,1.279,0.75,8,5
HD 219134_2,0.37729143483956884,0.12803214655866646,HD 219134,1.279,0.75,8,5
HD 219134_2,0.3762707413033506,0.09161128925409463,HD 219134,1.279,0.75,8,5
HD 219134_2,0.37613044244991223,0.07106044859667959,HD 219134,1.279,0.75,8,5
HD 219134_2,0.3742662621731513,0.12573957006575295,HD 219134,1.279,0.75,8,5
HD 219134_2,0.37554419838821385,0.15328062800941622,HD 219134,1.279,0.75,8,5
HD 219134_2,0.372749478196597,0.1438815885936226,HD 219134,1.279,0.75,8,5
HD 219134_2,0.3764659679421554,0.13068137268743352,HD 219134,1.279,0.75,8,5
HD 219134_2,0.37281251495390977,0.17594697297215114,HD 219134,1.279,0.75,8,5
HD 219134_2,0.3734442895077404,0.15047353084282353,HD 219134,1.279,0.75,8,5
HD 219134_2,0.37822684740138757,0.11347925469690918,HD 219134,1.279,0.75,8,5
HD 219134_2,0.3747119049938326,0.15395764257053007,HD 219134,1.279,0.75,8,5
HD 219134_2,0.37414588254928005,0.16523197062357756,HD 219134,1.279,0.75,8,5
HD 219134_2,0.3694738609916895,0.1715991605502043,HD 219134,1.279,0.75,8,5
HD 219134_2,0.37231582487963577,0.12586517866341157,HD 219134,1.279,0.75,8,5
HD 219134_2,0.3771199129316768,0.10503147380911122,HD 219134,1.279,0.75,8,5
HD 219134_2,0.3743097153902885,0.14742464357301205,HD 219134,1.279,0.75,8,5
HD 219134_2,0.3733544443861202,0.14433000396535586,HD 219134,1.279,0.75,8,5
HD 219134_2,0.37336849646009823,0.15796828796542745,HD 219134,1.279,0.75,8,5
HD 219134_2,0.373527615215643,0.14900435274237062,HD 219134,1.279,0.75,8,5
HD 219134_2,0.37281909271212177,0.14094992544689672,HD 219134,1.279,0.75,8,5
HD 219134_2,0.3766779826706767,0.10637821026990868,HD 219134,1.279,0.75,8,5
HD 219134_2,0.37363912512245623,0.14039619243389045,HD 219134,1.279,0.75,8,5
HD 219134_2,0.37247630723962905,0.1482507063537846,HD 219134,1.279,0.75,8,5
HD 219134_2,0.3738167499013468,0.10020755594824904,HD 219134,1.279,0.75,8,5
HD 219134_2,0.375584590724906,0.12714015775844373,HD 219134,1.279,0.75,8,5
HD 219134_2,0.3731557095524098,0.18229561037803427,HD 219134,1.279,0.75,8,5
HD 219134_2,0.37690267226553015,0.09290617675797584,HD 219134,1.279,0.75,8,5
HD 219134_2,0.3767616886448812,0.10037205771440144,HD 219134,1.279,0.75,8,5
HD 219134_2,0.3762466035991305,0.13250177205669483,HD 219134,1.279,0.75,8,5
HD 219134_2,0.3775247610815816,0.09389688912214943,HD 219134,1.279,0.75,8,5
HD 219134_2,0.37238488455018004,0.12034354808286102,HD 219134,1.279,0.75,8,5
HD 219134_2,0.37598204474502117,0.1311020626947207,HD 219134,1.279,0.75,8,5
HD 219134_2,0.3749590989253536,0.11172625132034121,HD 219134,1.279,0.75,8,5
HD 219134_2,0.3749386264081208,0.1225725422482137,HD 219134,1.279,0.75,8,5
HD 219134_2,0.377369015066591,0.08481250855188813,HD 219134,1.279,0.75,8,5
HD 219134_2,0.3746672146933617,0.15102304520850893,HD 219134,1.279,0.75,8,5
HD 219134_2,0.3738784045185669,0.1274401783065107,HD 219134,1.279,0.75,8,5
HD 219134_2,0.37286208553296357,0.14732516492130143,HD 219134,1.279,0.75,8,5
HD 219134_2,0.37674553370083963,0.12288563247266521,HD 219134,1.279,0.75,8,5
HD 219134_2,0.3737736620263552,0.13590611825854773,HD 219134,1.279,0.75,8,5
HD 219134_2,0.37393668079970827,0.15955394862646305,HD 219134,1.279,0.75,8,5
HD 219134_2,0.37508608398878995,0.12015523640457565,HD 219134,1.279,0.75,8,5
HD 219134_2,0.3756053320548793,0.11028362006338979,HD 219134,1.279,0.75,8,5
HD 219134_2,0.374912993515304,0.1414920689766528,HD 219134,1.279,0.75,8,5
HD 219134_2,0.37139043661973814,0.15155395384823753,HD 219134,1.279,0.75,8,5
HD 219134_2,0.3752500800047897,0.12102394581535977,HD 219134,1.279,0.75,8,5
HD 219134_2,0.3721913332446208,0.14182279344468696,HD 219134,1.279,0.75,8,5
HD 219134_2,0.3733528645559075,0.10282996024342231,HD 219134,1.279,0.75,8,5
HD 219134_2,0.3744912087208079,0.1263767249433857,HD 219134,1.279,0.75,8,5
HD 219134_2,0.37605010492618973,0.10253006322068796,HD 219134,1.279,0.75,8,5
HD 219134_2,0.3765834088272669,0.1018368250585229,HD 219134,1.279,0.75,8,5
HD 219134_2,0.3766219980388031,0.10110356529558677,HD 219134,1.279,0.75,8,5
HD 219134_2,0.3751080194817097,0.12201950787889923,HD 219134,1.279,0.75,8,5
HD 219134_2,0.3724787804138093,0.14637390996379085,HD 219134,1.279,0.75,8,5
HD 219134_2,0.37662853398512963,0.0871584992985767,HD 219134,1.279,0.75,8,5
HD 219134_2,0.3781682785467376,0.09429897771445898,HD 219134,1.279,0.75,8,5
HD 219134_2,0.3765798349748104,0.1320137655945683,HD 219134,1.279,0.75,8,5
HD 219134_2,0.37332203083623733,0.14378740738144963,HD 219134,1.279,0.75,8,5
HD 219134_2,0.37491486579876837,0.1276902865429904,HD 219134,1.279,0.75,8,5
HD 219134_2,0.37433285068096095,0.12190684151434159,HD 219134,1.279,0.75,8,5
HD 219134_2,0.3748982609297521,0.08154008535186662,HD 219134,1.279,0.75,8,5
HD 219134_2,0.3738938024207669,0.16286567351596343,HD 219134,1.279,0.75,8,5
HD 219134_2,0.3776310992776746,0.11457038436332276,HD 219134,1.279,0.75,8,5
HD 219134_2,0.3750968202547979,0.1158689585423642,HD 219134,1.279,0.75,8,5
HD 219134_2,0.37103278072471024,0.16000015757951946,HD 219134,1.279,0.75,8,5
HD 10361_1,0.7532402778874515,0.0015604899209245848,HD 10361,1.303,0.77,8,6
HD 10361_1,0.7534317603125671,0.032264104530826725,HD 10361,1.303,0.77,8,6
HD 10361_1,0.7532783034130176,0.06089488613976844,HD 10361,1.303,0.77,8,6
HD 10361_1,0.7517268649146782,0.0019165790062341571,HD 10361,1.303,0.77,8,6
HD 10361_1,0.7546223757748226,0.033503874361221764,HD 10361,1.303,0.77,8,6
HD 10361_1,0.7545624569994753,0.030493049665022025,HD 10361,1.303,0.77,8,6
HD 10361_1,0.7539298001193069,0.04225873821851299,HD 10361,1.303,0.77,8,6
HD 10361_1,0.7548358326339486,0.01312210497704671,HD 10361,1.303,0.77,8,6
HD 10361_1,0.7534409332404887,0.03591685666739998,HD 10361,1.303,0.77,8,6
HD 10361_1,0.7522051338805718,0.01700943914194869,HD 10361,1.303,0.77,8,6
HD 10361_1,0.7527032984661471,0.03301170347246847,HD 10361,1.303,0.77,8,6
HD 10361_1,0.7545766767867899,0.04052629996922703,HD 10361,1.303,0.77,8,6
HD 10361_1,0.7539172561730123,0.001023915496965025,HD 10361,1.303,0.77,8,6
HD 10361_1,0.754716782428322,0.00170472134266203,HD 10361,1.303,0.77,8,6
HD 10361_1,0.7540378015973389,0.04579944018544904,HD 10361,1.303,0.77,8,6
HD 10361_1,0.7545544956812364,0.029188566916083077,HD 10361,1.303,0.77,8,6
HD 10361_1,0.7551265525762172,0.046186507529821196,HD 10361,1.303,0.77,8,6
HD 10361_1,0.7540317542424458,0.013877510805492087,HD 10361,1.303,0.77,8,6
HD 10361_1,0.7540974838574184,0.04327769418421513,HD 10361,1.303,0.77,8,6
HD 10361_1,0.7524660749213304,0.017427305057289726,HD 10361,1.303,0.77,8,6
HD 10361_1,0.7560697848844505,0.0031098005319270226,HD 10361,1.303,0.77,8,6
HD 10361_1,0.7546463522602994,0.012010658264072648,HD 10361,1.303,0.77,8,6
HD 10361_1,0.7542838524587784,0.012332763587022438,HD 10361,1.303,0.77,8,6
HD 10361_1,0.7522095559475518,0.0223163008724428,HD 10361,1.303,0.77,8,6
HD 10361_1,0.7547744543740187,0.01174655022611919,HD 10361,1.303,0.77,8,6
HD 10361_1,0.7544156755646927,0.025917057308925368,HD 10361,1.303,0.77,8,6
HD 10361_1,0.7554291173346255,0.008572591529500122,HD 10361,1.303,0.77,8,6
HD 10361_1,0.7543445024462506,0.019142220390436185,HD 10361,1.303,0.77,8,6
HD 10361_1,0.754430575568346,0.03349309000007028,HD 10361,1.303,0.77,8,6
HD 10361_1,0.7542153674173327,0.03989212772370476,HD 10361,1.303,0.77,8,6
HD 10361_1,0.7548761874870241,0.006074177299566698,HD 10361,1.303,0.77,8,6
HD 10361_1,0.7538101413732045,0.01686608371994973,HD 10361,1.303,0.77,8,6
HD 10361_1,0.7589443322773095,0.03275970585004109,HD 10361,1.303,0.77,8,6
HD 10361_1,0.753755851790956,0.02193989273280649,HD 10361,1.303,0.77,8,6
HD 10361_1,0.7541218579867686,0.04322651671122419,HD 10361,1.303,0.77,8,6
HD 10361_1,0.7538247987281621,0.01984977743982052,HD 10361,1.303,0.77,8,6
HD 10361_1,0.7533130820025825,0.01257870340482657,HD 10361,1.303,0.77,8,6
HD 10361_1,0.7553648989925915,0.05191578677190726,HD 10361,1.303,0.77,8,6
HD 10361_1,0.7561032594851658,0.005119521288055973,HD 10361,1.303,0.77,8,6
HD 10361_1,0.7531501444779796,0.022878068602536883,HD 10361,1.303,0.77,8,6
HD 10361_1,0.7513021814573305,0.05792319640349089,HD 10361,1.303,0.77,8,6
HD 10361_1,0.7534170191832102,0.022501946591548815,HD 10361,1.303,0.77,8,6
HD 10361_1,0.7533536172463193,0.00036852407037544057,HD 10361,1.303,0.77,8,6
HD 10361_1,0.7559401264681778,0.04387972336845035,HD 10361,1.303,0.77,8,6
HD 10361_1,0.7549740439701383,0.027730212170691194,HD 10361,1.303,0.77,8,6
HD 10361_1,0.7551477604196398,0.04394297456859948,HD 10361,1.303,0.77,8,6
HD 10361_1,0.7533490368750554,0.03280518246182395,HD 10361,1.303,0.77,8,6
HD 10361_1,0.7547815774222074,0.01528367735778131,HD 10361,1.303,0.77,8,6
HD 10361_1,0.7563425611010398,0.030289412465257678,HD 10361,1.303,0.77,8,6
HD 10361_1,0.7552122221388735,0.033558350880020536,HD 10361,1.303,0.77,8,6
HD 10361_1,0.7530461786681436,0.003125529919862865,HD 10361,1.303,0.77,8,6
HD 10361_1,0.7547218197036426,0.014226100060720807,HD 10361,1.303,0.77,8,6
HD 10361_1,0.7549574428778393,0.023718146110395133,HD 10361,1.303,0.77,8,6
HD 10361_1,0.755324298333451,0.008793243906165883,HD 10361,1.303,0.77,8,6
HD 10361_1,0.7545993967828042,0.015332924079154918,HD 10361,1.303,0.77,8,6
HD 10361_1,0.7548380298713817,0.0013514175543082405,HD 10361,1.303,0.77,8,6
HD 10361_1,0.7550305726959149,0.009361139696095835,HD 10361,1.303,0.77,8,6
HD 10361_1,0.7535819866829924,0.03847666785359831,HD 10361,1.303,0.77,8,6
HD 10361_1,0.7517795331794597,0.05709011318476781,HD 10361,1.303,0.77,8,6
HD 10361_1,0.7532946557810403,0.03273241301135882,HD 10361,1.303,0.77,8,6
HD 10361_1,0.75250163507453,0.014202879747361195,HD 10361,1.303,0.77,8,6
HD 10361_1,0.7530589212497639,0.020090944101314817,HD 10361,1.303,0.77,8,6
HD 10361_1,0.754414129009335,0.0028164798501859184,HD 10361,1.303,0.77,8,6
HD 10361_1,0.7506498900521008,0.0508999601530966,HD 10361,1.303,0.77,8,6
HD 10361_1,0.7545599882379729,0.008186974363922697,HD 10361,1.303,0.77,8,6
HD 10361_1,0.7541734322403837,0.031244855057762172,HD 10361,1.303,0.77,8,6
HD 10361_1,0.7544268379985866,0.013523528327571772,HD 10361,1.303,0.77,8,6
HD 10361_1,0.753693551130195,0.000550133080485864,HD 10361,1.303,0.77,8,6
HD 10361_1,0.7527663012916078,0.02150620171558456,HD 10361,1.303,0.77,8,6
HD 10361_1,0.7541633511916894,0.018024690793162726,HD 10361,1.303,0.77,8,6
HD 10361_1,0.7553640240240738,0.012931289271658798,HD 10361,1.303,0.77,8,6
HD 10361_1,0.7550820029198889,0.036052212081318785,HD 10361,1.303,0.77,8,6
HD 10361_1,0.7512279109588685,6.922653971070183e-05,HD 10361,1.303,0.77,8,6
HD 10361_1,0.7525303880181257,0.02380473577812453,HD 10361,1.303,0.77,8,6
HD 10361_1,0.7548580296712313,0.02674002481217722,HD 10361,1.303,0.77,8,6
HD 10361_1,0.7537537150223562,0.0007493973443576107,HD 10361,1.303,0.77,8,6
HD 10361_1,0.7528761438789227,0.02555138695910683,HD 10361,1.303,0.77,8,6
HD 10361_1,0.7550064362184741,0.04660760710785127,HD 10361,1.303,0.77,8,6
HD 10361_1,0.7547350355374753,0.0014679585390874066,HD 10361,1.303,0.77,8,6
HD 10361_1,0.7517220341945124,0.0027154768671600374,HD 10361,1.303,0.77,8,6
HD 10361_1,0.754392780648294,0.053363850711954194,HD 10361,1.303,0.77,8,6
HD 10361_1,0.7535152197050429,0.03902064148683742,HD 10361,1.303,0.77,8,6
HD 10361_1,0.7543198001070041,0.008400640366210584,HD 10361,1.303,0.77,8,6
HD 10361_1,0.7530169360619133,0.01861673748388177,HD 10361,1.303,0.77,8,6
HD 10361_1,0.7551121246364055,0.04244029837687627,HD 10361,1.303,0.77,8,6
HD 10361_1,0.7546538179427593,0.03735386986262015,HD 10361,1.303,0.77,8,6
HD 10361_1,0.7554794943121199,0.029706039721957237,HD 10361,1.303,0.77,8,6
HD 10361_1,0.7533335721020705,0.010272443680525763,HD 10361,1.303,0.77,8,6
HD 10361_1,0.7557067658116152,0.006958828332925163,HD 10361,1.303,0.77,8,6
HD 10361_1,0.7517080110203558,0.031107251096380177,HD 10361,1.303,0.77,8,6
HD 10361_1,0.7540702532753929,0.027110726595527823,HD 10361,1.303,0.77,8,6
HD 10361_1,0.7519013397292872,0.03576235070237415,HD 10361,1.303,0.77,8,6
HD 10361_1,0.7561021916813678,0.034387810570509734,HD 10361,1.303,0.77,8,6
HD 10361_1,0.7527974549786736,0.029153897670520332,HD 10361,1.303,0.77,8,6
HD 10361_1,0.7552751753626907,0.00599461215039301,HD 10361,1.303,0.77,8,6
HD 10361_1,0.7528082220800013,0.03643247964529295,HD 10361,1.303,0.77,8,6
HD 10361_1,0.753982898851531,0.02687139556671346,HD 10361,1.303,0.77,8,6
HD 10361_1,0.7522770681216253,0.06590818479744219,HD 10361,1.303,0.77,8,6
HD 10361_1,0.7509126003777387,0.02942441315618142,HD 10361,1.303,0.77,8,6
HD 10361_1,0.7538952611779616,0.0034110964671498073,HD 10361,1.303,0.77,8,6
HD 10361_1,0.7531508801872963,0.03192019792993696,HD 10361,1.303,0.77,8,6
HD 10361_1,0.7562202139744588,0.01015622500351418,HD 10361,1.303,0.77,8,6
HD 10361_1,0.754166658928328,0.04297878714096101,HD 10361,1.303,0.77,8,6
HD 10361_1,0.7562255745020441,0.03395204305483996,HD 10361,1.303,0.77,8,6
HD 10361_1,0.7531262139582342,0.02774713884746309,HD 10361,1.303,0.77,8,6
HD 10361_1,0.7524926845054413,0.03111419841495628,HD 10361,1.303,0.77,8,6
HD 10361_1,0.7558115310876609,0.037061122939111395,HD 10361,1.303,0.77,8,6
HD 10361_1,0.7528535033027671,0.029160074634649084,HD 10361,1.303,0.77,8,6
HD 10361_1,0.7515302947404613,0.03865236516101594,HD 10361,1.303,0.77,8,6
HD 10361_1,0.7535984887834619,0.012237865729866064,HD 10361,1.303,0.77,8,6
HD 10361_1,0.7527615731393112,0.008852957239151506,HD 10361,1.303,0.77,8,6
HD 10361_1,0.7532048843457132,0.030414636856685863,HD 10361,1.303,0.77,8,6
HD 10361_1,0.7560027932315869,0.043622997725160276,HD 10361,1.303,0.77,8,6
HD 10361_1,0.7519458496630113,0.03823404953366546,HD 10361,1.303,0.77,8,6
HD 10361_1,0.7563215498172149,0.0467159566392934,HD 10361,1.303,0.77,8,6
HD 10361_1,0.7549727203628529,0.014773859637529047,HD 10361,1.303,0.77,8,6
HD 10361_1,0.7560396159612598,0.032345027065610286,HD 10361,1.303,0.77,8,6
HD 10361_1,0.7554404849290954,0.044213767484122896,HD 10361,1.303,0.77,8,6
HD 10361_1,0.7543753273691773,0.040832343995265544,HD 10361,1.303,0.77,8,6
HD 10361_1,0.7537792618059784,0.01696865603689045,HD 10361,1.303,0.77,8,6
HD 10361_1,0.7543537882426249,0.0449570386368616,HD 10361,1.303,0.77,8,6
HD 10361_1,0.754061107598488,0.009821508140652382,HD 10361,1.303,0.77,8,6
HD 10361_1,0.755515135405001,0.0004187537261443712,HD 10361,1.303,0.77,8,6
HD 10361_1,0.7545324045176798,0.009584406971322623,HD 10361,1.303,0.77,8,6
HD 10361_1,0.7549966736240786,0.003503925206476018,HD 10361,1.303,0.77,8,6
HD 10361_1,0.7549495755502994,0.021920394771387585,HD 10361,1.303,0.77,8,6
HD 10361_1,0.7563807087395352,0.001983908932660393,HD 10361,1.303,0.77,8,6
HD 10361_1,0.7535946016902928,0.025056714333550528,HD 10361,1.303,0.77,8,6
HD 10361_1,0.7549921774971109,0.03886119756700361,HD 10361,1.303,0.77,8,6
HD 10361_1,0.7532181603435322,0.024471655541150772,HD 10361,1.303,0.77,8,6
HD 10361_1,0.7555549637784869,0.033375587806073484,HD 10361,1.303,0.77,8,6
HD 10361_1,0.7520466669306207,0.016582266090770112,HD 10361,1.303,0.77,8,6
HD 10361_1,0.7534010760802592,0.03218820290218887,HD 10361,1.303,0.77,8,6
HD 10361_1,0.7543706573800083,0.02376548171288964,HD 10361,1.303,0.77,8,6
HD 10361_1,0.7541841374657079,0.04403230834293981,HD 10361,1.303,0.77,8,6
HD 10361_1,0.7573287320366007,0.04038183544101613,HD 10361,1.303,0.77,8,6
HD 10361_1,0.7535909693251911,0.03101708487551943,HD 10361,1.303,0.77,8,6
HD 10361_1,0.7574966270089784,0.014862402593024376,HD 10361,1.303,0.77,8,6
HD 10361_1,0.7540262613243793,0.01490173503218874,HD 10361,1.303,0.77,8,6
HD 10361_1,0.7560792946801606,0.00788032329553235,HD 10361,1.303,0.77,8,6
HD 10361_1,0.7555453529141687,0.014777848422434898,HD 10361,1.303,0.77,8,6
HD 10361_1,0.7555723122312354,0.0329239313491862,HD 10361,1.303,0.77,8,6
HD 10361_1,0.7547546676293163,0.0022470722724150377,HD 10361,1.303,0.77,8,6
HD 10361_1,0.7539901213221368,0.0009465866821998098,HD 10361,1.303,0.77,8,6
HD 10361_1,0.7544061145935275,0.061563357923247485,HD 10361,1.303,0.77,8,6
HD 10361_1,0.7530537574307732,0.033021394006427986,HD 10361,1.303,0.77,8,6
HD 10361_1,0.753429493270715,0.01165508427416067,HD 10361,1.303,0.77,8,6
HD 10361_1,0.7552042620740402,0.042723593852292005,HD 10361,1.303,0.77,8,6
HD 10361_1,0.7550329644618885,0.027277552873311777,HD 10361,1.303,0.77,8,6
HD 10361_1,0.7545626051105934,0.011745366223870925,HD 10361,1.303,0.77,8,6
HD 10361_1,0.7541759410801543,0.04772829151059069,HD 10361,1.303,0.77,8,6
HD 10361_1,0.7588295243548789,0.01997525268579542,HD 10361,1.303,0.77,8,6
HD 10361_1,0.7504716339138652,0.023081003293193392,HD 10361,1.303,0.77,8,6
HD 10361_1,0.754246928373824,0.022927921645511273,HD 10361,1.303,0.77,8,6
HD 10361_1,0.7523998565905402,0.03905656044678404,HD 10361,1.303,0.77,8,6
HD 10361_1,0.7517332443460729,0.005748206430382489,HD 10361,1.303,0.77,8,6
HD 10361_1,0.7536391104627381,0.019735962884832942,HD 10361,1.303,0.77,8,6
HD 10361_1,0.7545720010746935,0.024818047874057274,HD 10361,1.303,0.77,8,6
HD 10361_1,0.7535675683957256,0.006957824417252027,HD 10361,1.303,0.77,8,6
HD 10361_1,0.7535360959907512,0.01404569041176661,HD 10361,1.303,0.77,8,6
HD 10361_1,0.7529376176378667,0.008285326172796805,HD 10361,1.303,0.77,8,6
HD 10361_1,0.753327947155789,0.04996247703434913,HD 10361,1.303,0.77,8,6
HD 10361_1,0.7547007058368455,0.004219045062528456,HD 10361,1.303,0.77,8,6
HD 10361_1,0.7531976508395777,0.01947727998800096,HD 10361,1.303,0.77,8,6
HD 10361_1,0.7525172110960692,0.013807890880022655,HD 10361,1.303,0.77,8,6
HD 10361_1,0.7540802049573063,0.0038130914226486116,HD 10361,1.303,0.77,8,6
HD 10361_1,0.7511797187067367,0.04362258580563631,HD 10361,1.303,0.77,8,6
HD 10361_1,0.7551708809808997,0.025898659373076748,HD 10361,1.303,0.77,8,6
HD 10361_1,0.7552955372860108,0.000430885277203516,HD 10361,1.303,0.77,8,6
HD 10361_1,0.7535672666543216,0.01904789152872076,HD 10361,1.303,0.77,8,6
HD 10361_1,0.7510669970479592,0.04770131379919831,HD 10361,1.303,0.77,8,6
HD 10361_1,0.7552909209929781,0.05096439331421875,HD 10361,1.303,0.77,8,6
HD 10361_1,0.7533982239909587,0.059145834675355086,HD 10361,1.303,0.77,8,6
HD 10361_1,0.7553389217826343,0.0007941523483231235,HD 10361,1.303,0.77,8,6
HD 10361_1,0.7555803028525113,0.005081246148116853,HD 10361,1.303,0.77,8,6
HD 10361_1,0.7550470050233797,0.026387431579619786,HD 10361,1.303,0.77,8,6
HD 10361_1,0.7538050925228259,0.015483733920051382,HD 10361,1.303,0.77,8,6
HD 10361_1,0.7562183606704964,0.03696455714478202,HD 10361,1.303,0.77,8,6
HD 10361_1,0.7550619455312635,0.03429395487413667,HD 10361,1.303,0.77,8,6
HD 10361_1,0.7526494310030121,0.00683355413573784,HD 10361,1.303,0.77,8,6
HD 10361_1,0.7550574811338918,0.0072096727990358924,HD 10361,1.303,0.77,8,6
HD 10361_1,0.7553608059134156,0.018307947087941562,HD 10361,1.303,0.77,8,6
HD 10361_1,0.7555236597645111,0.04712561182433177,HD 10361,1.303,0.77,8,6
HD 10361_1,0.7531332639959484,0.02794238500474505,HD 10361,1.303,0.77,8,6
HD 10361_1,0.7533907432793742,0.029445880883220945,HD 10361,1.303,0.77,8,6
HD 10361_1,0.752837697102285,0.007191437073982256,HD 10361,1.303,0.77,8,6
HD 10361_1,0.752451468608201,0.04562823884862698,HD 10361,1.303,0.77,8,6
HD 10361_1,0.7542234306748657,0.0012945973016570862,HD 10361,1.303,0.77,8,6
HD 10361_1,0.7561392666337822,0.03048396353643101,HD 10361,1.303,0.77,8,6
HD 10361_1,0.7522690917666582,0.03868934403917506,HD 10361,1.303,0.77,8,6
HD 10361_1,0.7559150484476113,0.023519623611447688,HD 10361,1.303,0.77,8,6
HD 10361_1,0.7529071449979556,0.04171736100478285,HD 10361,1.303,0.77,8,6
HD 10361_1,0.752376858984609,0.017223784582840043,HD 10361,1.303,0.77,8,6
HD 10361_1,0.7537260204639329,0.007353338282526706,HD 10361,1.303,0.77,8,6
HD 10361_1,0.7538737872929563,0.020167287214673098,HD 10361,1.303,0.77,8,6
HD 10361_1,0.7577545076355849,0.019134130800858955,HD 10361,1.303,0.77,8,6
HD 10361_1,0.7527614904271388,0.004594051952562859,HD 10361,1.303,0.77,8,6
HD 10361_1,0.7538576437875976,0.0036092092974275188,HD 10361,1.303,0.77,8,6
HD 10361_1,0.7536952948584422,0.03279341622218823,HD 10361,1.303,0.77,8,6
HD 10361_1,0.7552806993087235,0.004196128707759332,HD 10361,1.303,0.77,8,6
HD 10361_1,0.7553866407056168,0.019808523561358014,HD 10361,1.303,0.77,8,6
HD 10361_1,0.7571516555164681,0.011439097380902687,HD 10361,1.303,0.77,8,6
HD 10361_1,0.7566187116338984,0.0240192205929515,HD 10361,1.303,0.77,8,6
HD 10361_1,0.7546714910083409,0.021160375451413617,HD 10361,1.303,0.77,8,6
HD 10361_1,0.7555362927576719,0.012959605848609265,HD 10361,1.303,0.77,8,6
HD 10361_1,0.7552197589181713,0.05158243120239263,HD 10361,1.303,0.77,8,6
HD 10361_1,0.7535623391326949,0.021162997556871135,HD 10361,1.303,0.77,8,6
HD 10361_1,0.7546366014327054,0.019703459732537624,HD 10361,1.303,0.77,8,6
HD 10361_1,0.7553549699434796,0.033198721652245605,HD 10361,1.303,0.77,8,6
HD 10361_1,0.7561304531275379,0.028593484504763705,HD 10361,1.303,0.77,8,6
HD 10361_1,0.7540159151701783,0.01207479254780128,HD 10361,1.303,0.77,8,6
HD 10361_1,0.7520337909045373,0.031117430355585687,HD 10361,1.303,0.77,8,6
HD 10361_1,0.751070617222535,0.04789461889543751,HD 10361,1.303,0.77,8,6
HD 10361_1,0.7550755621069095,0.028388262815901955,HD 10361,1.303,0.77,8,6
HD 10361_1,0.7554048988732192,0.02055619922187857,HD 10361,1.303,0.77,8,6
HD 10361_1,0.7562691652762187,0.0227743806640047,HD 10361,1.303,0.77,8,6
HD 10361_1,0.7566514272304985,0.017490245064870034,HD 10361,1.303,0.77,8,6
HD 10361_1,0.7575469350334407,0.0008846272418930046,HD 10361,1.303,0.77,8,6
HD 10361_1,0.7549729244645561,0.014963967176877443,HD 10361,1.303,0.77,8,6
HD 10361_1,0.7525587238682091,0.04133408117193227,HD 10361,1.303,0.77,8,6
HD 10361_1,0.7566074270408246,0.003634970708800516,HD 10361,1.303,0.77,8,6
HD 10361_1,0.7523166091367176,0.03585023437714002,HD 10361,1.303,0.77,8,6
HD 10361_1,0.7574302332479661,0.041910639966303107,HD 10361,1.303,0.77,8,6
HD 10361_1,0.7541649822698924,0.008337883032059835,HD 10361,1.303,0.77,8,6
HD 10361_1,0.7544162135963656,0.00845367049804565,HD 10361,1.303,0.77,8,6
HD 10361_1,0.7562283479796742,0.029912975888029623,HD 10361,1.303,0.77,8,6
HD 10361_1,0.7565416516179428,0.02770703984811307,HD 10361,1.303,0.77,8,6
HD 10361_1,0.7514843614759483,0.033213948246667756,HD 10361,1.303,0.77,8,6
HD 10361_1,0.7555625499061118,0.02559845455301311,HD 10361,1.303,0.77,8,6
HD 10361_1,0.7570074832425177,0.003658813142188945,HD 10361,1.303,0.77,8,6
HD 10361_1,0.754788500072451,0.035807813357137834,HD 10361,1.303,0.77,8,6
HD 10361_1,0.7559994984630365,0.00047442504852838324,HD 10361,1.303,0.77,8,6
HD 10361_1,0.7524729182126343,0.011501709859163416,HD 10361,1.303,0.77,8,6
HD 10361_1,0.7547604084150958,0.0015635043320210984,HD 10361,1.303,0.77,8,6
HD 10361_1,0.7565444436569625,0.01936150082235681,HD 10361,1.303,0.77,8,6
HD 10361_1,0.7535761097058805,0.02152380249565413,HD 10361,1.303,0.77,8,6
HD 10361_1,0.7549184345054115,0.037848570869597,HD 10361,1.303,0.77,8,6
HD 10361_1,0.7535323052569706,0.027456916224117778,HD 10361,1.303,0.77,8,6
HD 10361_1,0.7551210973698314,0.0031849614780843976,HD 10361,1.303,0.77,8,6
HD 10361_1,0.7545827677261705,0.040892016222498925,HD 10361,1.303,0.77,8,6
HD 10361_1,0.7544773569937119,0.04075603737236706,HD 10361,1.303,0.77,8,6
HD 10361_1,0.7537157359660371,0.026172394526126214,HD 10361,1.303,0.77,8,6
HD 10361_1,0.7554939972783637,0.00820289692568978,HD 10361,1.303,0.77,8,6
HD 10361_1,0.7568949200181941,0.002200985849248688,HD 10361,1.303,0.77,8,6
HD 10361_1,0.7511108442349974,0.01574279166138242,HD 10361,1.303,0.77,8,6
HD 10361_1,0.7549018352678487,0.028782800334545396,HD 10361,1.303,0.77,8,6
HD 10361_1,0.7537840277977129,0.022814896021397472,HD 10361,1.303,0.77,8,6
HD 10361_1,0.7514623958778918,0.013879984672553618,HD 10361,1.303,0.77,8,6
HD 10361_1,0.7507624410488707,0.029825283014979994,HD 10361,1.303,0.77,8,6
HD 10361_1,0.751399164582803,0.016905030719513398,HD 10361,1.303,0.77,8,6
HD 10361_1,0.7526214849025349,0.012968018671337688,HD 10361,1.303,0.77,8,6
HD 10361_1,0.7537450455270273,0.035190770810571606,HD 10361,1.303,0.77,8,6
HD 10361_1,0.755147456627091,0.048158053253046944,HD 10361,1.303,0.77,8,6
HD 10361_1,0.7503341960558984,0.0013150334752837266,HD 10361,1.303,0.77,8,6
HD 10361_1,0.753939874351449,0.0013082422586719262,HD 10361,1.303,0.77,8,6
HD 10361_1,0.7558230251693486,0.015455469098248492,HD 10361,1.303,0.77,8,6
HD 10361_1,0.7534577651156826,0.003953053656819253,HD 10361,1.303,0.77,8,6
HD 10361_1,0.7558609720882628,0.00041460450080807454,HD 10361,1.303,0.77,8,6
HD 10361_1,0.7542410023142178,0.027221220970133804,HD 10361,1.303,0.77,8,6
HD 10361_1,0.7533478623646009,0.03635692278802541,HD 10361,1.303,0.77,8,6
HD 10361_1,0.7545340807724611,0.021987583239517494,HD 10361,1.303,0.77,8,6
HD 10361_1,0.7575701759583062,0.030180182315946755,HD 10361,1.303,0.77,8,6
HD 10361_1,0.7567281296035057,0.034053560080467345,HD 10361,1.303,0.77,8,6
HD 10361_1,0.7528051198554631,0.031464254698216884,HD 10361,1.303,0.77,8,6
HD 10361_1,0.751652779554009,0.024713375130561422,HD 10361,1.303,0.77,8,6
HD 10361_1,0.7528763410050942,0.0006807249383544711,HD 10361,1.303,0.77,8,6
HD 10361_1,0.7533943849729202,0.05757354773834643,HD 10361,1.303,0.77,8,6
HD 10361_1,0.754183950219452,0.0235880432491758,HD 10361,1.303,0.77,8,6
HD 10361_1,0.7533081582874246,0.010701324183477374,HD 10361,1.303,0.77,8,6
HD 10361_1,0.7535983357634561,0.02893288770102645,HD 10361,1.303,0.77,8,6
HD 10361_1,0.7561435684348794,0.04616123661655663,HD 10361,1.303,0.77,8,6
HD 10361_1,0.7519975752739172,0.02018705040627012,HD 10361,1.303,0.77,8,6
HD 10361_1,0.7537349359446941,0.03793054475316822,HD 10361,1.303,0.77,8,6
HD 10361_1,0.7524218901287141,0.025739848072867395,HD 10361,1.303,0.77,8,6
HD 10361_1,0.755591556851199,0.01955748899458693,HD 10361,1.303,0.77,8,6
HD 10361_1,0.7534584874093522,0.04063454726968577,HD 10361,1.303,0.77,8,6
HD 10361_1,0.7541816933901855,0.02510616498335072,HD 10361,1.303,0.77,8,6
HD 10361_1,0.7569458596988111,0.0156712760798995,HD 10361,1.303,0.77,8,6
HD 10361_1,0.7528585851851962,0.01906508338681799,HD 10361,1.303,0.77,8,6
HD 10361_1,0.7534076865886273,0.01697913155271827,HD 10361,1.303,0.77,8,6
HD 10361_1,0.7522450039498224,0.014312925036180292,HD 10361,1.303,0.77,8,6
HD 10361_1,0.7554058317642435,0.017217590347735644,HD 10361,1.303,0.77,8,6
HD 10361_1,0.7545301915089861,0.02244129838499386,HD 10361,1.303,0.77,8,6
HD 10361_1,0.7539798141434682,0.026322519597089936,HD 10361,1.303,0.77,8,6
HD 10361_1,0.7557949586763251,0.022974569637160016,HD 10361,1.303,0.77,8,6
HD 10361_1,0.7537204416231646,0.07328362338437858,HD 10361,1.303,0.77,8,6
HD 10361_1,0.7563164796710358,0.0013747495438145851,HD 10361,1.303,0.77,8,6
HD 10361_1,0.7532528877814926,0.014538693576708294,HD 10361,1.303,0.77,8,6
HD 10361_1,0.7531736593339913,0.0035891119204786107,HD 10361,1.303,0.77,8,6
HD 10361_1,0.7579416470185174,0.03378411632555771,HD 10361,1.303,0.77,8,6
HD 10361_1,0.7548688854880157,0.022748434082563156,HD 10361,1.303,0.77,8,6
HD 10361_1,0.7532948909595242,0.03522360185240483,HD 10361,1.303,0.77,8,6
HD 10361_1,0.7536791787146161,0.029244755796415188,HD 10361,1.303,0.77,8,6
HD 10361_1,0.7535485132986631,0.0064702400052540285,HD 10361,1.303,0.77,8,6
HD 10361_1,0.753369561312035,0.028268966986686524,HD 10361,1.303,0.77,8,6
HD 10361_1,0.7523494787110037,0.05182064613128405,HD 10361,1.303,0.77,8,6
HD 10361_1,0.7540836945531997,0.03769790672544002,HD 10361,1.303,0.77,8,6
HD 10361_1,0.7527420729376509,0.03133148699317228,HD 10361,1.303,0.77,8,6
HD 10361_1,0.7544972334798375,0.07051937613375227,HD 10361,1.303,0.77,8,6
HD 10361_1,0.7548466920266206,0.04033422945192933,HD 10361,1.303,0.77,8,6
HD 10361_1,0.7541002607633488,0.013085932098243594,HD 10361,1.303,0.77,8,6
HD 10361_1,0.7516159505582192,0.03301317224555752,HD 10361,1.303,0.77,8,6
HD 10361_1,0.7539667311442237,0.020991632985110916,HD 10361,1.303,0.77,8,6
HD 10361_1,0.7533603950848968,0.011122649372539224,HD 10361,1.303,0.77,8,6
HD 10361_1,0.754135733503918,0.025699444535776245,HD 10361,1.303,0.77,8,6
HD 10361_1,0.7530258232569612,0.02946542925787808,HD 10361,1.303,0.77,8,6
HD 10361_1,0.7536803347821349,0.018805168538707916,HD 10361,1.303,0.77,8,6
HD 10361_1,0.7547101328221004,0.026368152156794673,HD 10361,1.303,0.77,8,6
HD 10361_1,0.7560067197597983,0.005011149198213144,HD 10361,1.303,0.77,8,6
HD 10361_1,0.7574978324081304,0.034538764548822334,HD 10361,1.303,0.77,8,6
HD 10361_1,0.7557881422496318,0.026438922636173458,HD 10361,1.303,0.77,8,6
HD 10361_1,0.7539082022172382,0.019222692128711916,HD 10361,1.303,0.77,8,6
HD 10361_1,0.7544691432190327,0.0185432823404101,HD 10361,1.303,0.77,8,6
HD 10361_1,0.7545132112828435,0.05539419951042613,HD 10361,1.303,0.77,8,6
HD 10361_1,0.755762392949166,0.019615569661846837,HD 10361,1.303,0.77,8,6
HD 10361_1,0.7571396450285495,0.024804486009309998,HD 10361,1.303,0.77,8,6
HD 10361_1,0.754753963971063,0.017454681677439625,HD 10361,1.303,0.77,8,6
HD 10361_1,0.7539425035663225,0.034376239445081405,HD 10361,1.303,0.77,8,6
HD 10361_1,0.7554744264005845,0.010881909137161083,HD 10361,1.303,0.77,8,6
HD 10361_1,0.7541491319202261,0.02204885791114509,HD 10361,1.303,0.77,8,6
HD 10361_1,0.7552493263092032,0.006822702309470233,HD 10361,1.303,0.77,8,6
HD 10361_1,0.7547571724867522,0.06275634962594971,HD 10361,1.303,0.77,8,6
HD 10361_1,0.7534473977558416,0.005150650329639534,HD 10361,1.303,0.77,8,6
HD 10361_1,0.7539947863322016,0.028038421477603572,HD 10361,1.303,0.77,8,6
HD 10361_1,0.7515594435488606,0.017396668099964957,HD 10361,1.303,0.77,8,6
HD 10361_1,0.7529026961379139,0.004844943923202962,HD 10361,1.303,0.77,8,6
HD 10361_1,0.7549717768711189,0.012899476871623511,HD 10361,1.303,0.77,8,6
HD 10361_1,0.7531200500788352,0.04041531490531282,HD 10361,1.303,0.77,8,6
HD 10361_1,0.7523160717947993,0.024043282660610656,HD 10361,1.303,0.77,8,6
HD 10361_1,0.7552843838382699,0.047672991304515536,HD 10361,1.303,0.77,8,6
HD 10361_1,0.7533009744629994,0.014895776943371724,HD 10361,1.303,0.77,8,6
HD 10361_1,0.75379791304317,0.047719204013447654,HD 10361,1.303,0.77,8,6
HD 10361_1,0.7529318718956205,0.02132225110444249,HD 10361,1.303,0.77,8,6
HD 10361_1,0.7519966653064777,0.016850300106085875,HD 10361,1.303,0.77,8,6
HD 10361_1,0.7561049526835764,0.04657325426724333,HD 10361,1.303,0.77,8,6
HD 10361_1,0.7531072688255467,0.03847030881061047,HD 10361,1.303,0.77,8,6
HD 10361_1,0.7535155960393582,0.007988709342560685,HD 10361,1.303,0.77,8,6
HD 10361_1,0.7550299409832393,0.017684092800022057,HD 10361,1.303,0.77,8,6
HD 10361_1,0.7551650897182014,0.05065305996099054,HD 10361,1.303,0.77,8,6
HD 10361_1,0.7571286741749652,0.012004965117739543,HD 10361,1.303,0.77,8,6
HD 10361_1,0.753088378444634,0.05620993729341718,HD 10361,1.303,0.77,8,6
HD 10361_1,0.7557003717670076,0.007832480949838141,HD 10361,1.303,0.77,8,6
HD 10361_1,0.7545238007075099,0.03982129524135117,HD 10361,1.303,0.77,8,6
HD 10361_1,0.7557170770124307,0.0191450200823138,HD 10361,1.303,0.77,8,6
HD 10361_1,0.7518223935140814,0.02606070590233706,HD 10361,1.303,0.77,8,6
HD 10361_1,0.753070891231228,0.010983464452152548,HD 10361,1.303,0.77,8,6
HD 10361_1,0.7570850027893458,0.018814052946251776,HD 10361,1.303,0.77,8,6
HD 10361_1,0.7540024331818098,0.039274316992700134,HD 10361,1.303,0.77,8,6
HD 10361_1,0.7528176504473817,0.019526087438662326,HD 10361,1.303,0.77,8,6
HD 10361_1,0.7533861317008729,0.03324858859524176,HD 10361,1.303,0.77,8,6
HD 10361_1,0.7569132085616253,0.039089821784071985,HD 10361,1.303,0.77,8,6
HD 10361_1,0.7576667549827873,0.00014237795673573486,HD 10361,1.303,0.77,8,6
HD 10361_1,0.7515893735450443,0.047504191615841414,HD 10361,1.303,0.77,8,6
HD 10361_1,0.7555873917820509,0.013307884167422587,HD 10361,1.303,0.77,8,6
HD 10361_1,0.7550428914873187,0.04453719736893039,HD 10361,1.303,0.77,8,6
HD 10361_1,0.756589005541702,0.013049036654502352,HD 10361,1.303,0.77,8,6
HD 10361_1,0.7547917110635277,0.022899253169196075,HD 10361,1.303,0.77,8,6
HD 10361_1,0.7513663279287065,0.03441152914827057,HD 10361,1.303,0.77,8,6
HD 10361_1,0.7521922632649116,0.008076097358095797,HD 10361,1.303,0.77,8,6
HD 10361_1,0.7561157302490391,0.04786559842099131,HD 10361,1.303,0.77,8,6
HD 10361_1,0.7529201202618971,0.010540107233513915,HD 10361,1.303,0.77,8,6
HD 10361_1,0.7554531636152391,0.037387784563775554,HD 10361,1.303,0.77,8,6
HD 10361_1,0.755811890274694,0.019409225399975347,HD 10361,1.303,0.77,8,6
HD 10361_1,0.7526809075617961,0.02138798933310541,HD 10361,1.303,0.77,8,6
HD 10361_1,0.7553092553582488,0.0009646161305120644,HD 10361,1.303,0.77,8,6
HD 10361_1,0.7520120517920925,0.04913630583023159,HD 10361,1.303,0.77,8,6
HD 10361_1,0.7545315801222267,0.04656342332758865,HD 10361,1.303,0.77,8,6
HD 10361_1,0.7542380894298395,0.044356107351610975,HD 10361,1.303,0.77,8,6
HD 10361_1,0.7552171509956422,0.02157022125381314,HD 10361,1.303,0.77,8,6
HD 10361_1,0.7526766889360469,0.0248530683689725,HD 10361,1.303,0.77,8,6
HD 10361_1,0.7535149525519902,0.013290503820088199,HD 10361,1.303,0.77,8,6
HD 10361_1,0.7541841035253367,0.024862051180441144,HD 10361,1.303,0.77,8,6
HD 10361_1,0.7565951980517439,0.017720241964364856,HD 10361,1.303,0.77,8,6
HD 10361_1,0.7533991695506566,0.04821177580706269,HD 10361,1.303,0.77,8,6
HD 10361_1,0.7557869956424688,0.008748096394623258,HD 10361,1.303,0.77,8,6
HD 10361_1,0.7552519225356085,0.030429821918233534,HD 10361,1.303,0.77,8,6
HD 10361_1,0.7535040663790935,0.009714322427953549,HD 10361,1.303,0.77,8,6
HD 10361_1,0.75420025987519,0.010598268942600124,HD 10361,1.303,0.77,8,6
HD 10361_1,0.7540952962096361,0.026357143426727195,HD 10361,1.303,0.77,8,6
HD 10361_1,0.7516671558653928,0.01377770307994836,HD 10361,1.303,0.77,8,6
HD 10361_1,0.7515341171920003,0.03294092676202246,HD 10361,1.303,0.77,8,6
HD 10361_1,0.7550085166938727,0.0415555903809541,HD 10361,1.303,0.77,8,6
HD 10361_1,0.7548422626827884,0.046178407260891646,HD 10361,1.303,0.77,8,6
HD 10361_1,0.7558750892394808,0.006031633336584397,HD 10361,1.303,0.77,8,6
HD 10361_1,0.7548793739383174,0.02206671107178134,HD 10361,1.303,0.77,8,6
HD 10361_1,0.7528224957687278,0.03524194929311935,HD 10361,1.303,0.77,8,6
HD 10361_1,0.751677795065572,0.0284035724369482,HD 10361,1.303,0.77,8,6
HD 10361_1,0.7560899644251313,0.04162265294453817,HD 10361,1.303,0.77,8,6
HD 10361_1,0.7532508947423192,0.03257107360801703,HD 10361,1.303,0.77,8,6
HD 10361_1,0.7518904819479023,0.05242041806134326,HD 10361,1.303,0.77,8,6
HD 10361_1,0.7538614751257597,0.03328681201598826,HD 10361,1.303,0.77,8,6
HD 10361_1,0.7541182065006606,0.03484881745202768,HD 10361,1.303,0.77,8,6
HD 10361_1,0.7546901268402074,0.045062728785095096,HD 10361,1.303,0.77,8,6
HD 10361_1,0.7552614088110068,0.012253042662930095,HD 10361,1.303,0.77,8,6
HD 10361_1,0.7540949631800911,0.020006768256055612,HD 10361,1.303,0.77,8,6
HD 10361_1,0.7556302197649558,0.04421069817626176,HD 10361,1.303,0.77,8,6
HD 10361_1,0.754511071437832,0.009540447369285436,HD 10361,1.303,0.77,8,6
HD 10361_1,0.7544788830521727,0.01994667451709638,HD 10361,1.303,0.77,8,6
HD 10361_1,0.7555333782564895,0.05971577556465951,HD 10361,1.303,0.77,8,6
HD 10361_1,0.7533124685269397,0.012719546482743541,HD 10361,1.303,0.77,8,6
HD 10361_1,0.7535610701826821,0.006347372451900231,HD 10361,1.303,0.77,8,6
HD 10361_1,0.7542000200176686,0.028763735190194442,HD 10361,1.303,0.77,8,6
HD 10361_1,0.7533240308908029,0.054377072240669615,HD 10361,1.303,0.77,8,6
HD 10361_1,0.7536295806421954,0.02864581360089708,HD 10361,1.303,0.77,8,6
HD 10361_1,0.7534574898359422,0.03661244099517151,HD 10361,1.303,0.77,8,6
HD 10361_1,0.7546753420484069,0.02741644808920169,HD 10361,1.303,0.77,8,6
HD 10361_1,0.7568577125241442,0.03003533656466954,HD 10361,1.303,0.77,8,6
HD 10361_1,0.7543331958789047,0.03264466994286018,HD 10361,1.303,0.77,8,6
HD 10361_1,0.7543650272866439,0.008178549868204415,HD 10361,1.303,0.77,8,6
HD 10361_1,0.7533926793374084,0.018506680728017415,HD 10361,1.303,0.77,8,6
HD 10361_1,0.7524961572865306,0.022701491591113898,HD 10361,1.303,0.77,8,6
HD 10361_1,0.7535828941716085,0.02944315840193256,HD 10361,1.303,0.77,8,6
HD 10361_1,0.7513042860844904,0.015438235909530435,HD 10361,1.303,0.77,8,6
HD 10361_1,0.7532478702203719,0.011704836685755535,HD 10361,1.303,0.77,8,6
HD 10361_1,0.7556539842977841,0.023936687494540476,HD 10361,1.303,0.77,8,6
HD 10361_1,0.7540701576121552,0.010510314460916962,HD 10361,1.303,0.77,8,6
HD 10361_1,0.7533333539681915,0.02090549757530106,HD 10361,1.303,0.77,8,6
HD 10361_1,0.7542765749322263,0.03767534919082225,HD 10361,1.303,0.77,8,6
HD 10361_1,0.7554266966577792,0.004666883610667406,HD 10361,1.303,0.77,8,6
HD 10361_1,0.7564158336754231,0.022110966512145534,HD 10361,1.303,0.77,8,6
HD 10361_1,0.752653066310451,0.021273913620021737,HD 10361,1.303,0.77,8,6
HD 10361_1,0.7578077747277385,0.04292547572427477,HD 10361,1.303,0.77,8,6
HD 10361_1,0.7531758904954029,0.011189446941736996,HD 10361,1.303,0.77,8,6
HD 10361_1,0.7531340349159259,0.013231695755596858,HD 10361,1.303,0.77,8,6
HD 10361_1,0.7559658061618603,0.011536370240267303,HD 10361,1.303,0.77,8,6
HD 10361_1,0.7551770191559948,0.029204695528962602,HD 10361,1.303,0.77,8,6
HD 10361_1,0.7541817897839295,0.03605632890035507,HD 10361,1.303,0.77,8,6
HD 10361_1,0.7533614499668122,0.036454846290471396,HD 10361,1.303,0.77,8,6
HD 10361_1,0.7545001040864473,0.022352156002917217,HD 10361,1.303,0.77,8,6
HD 10361_1,0.7542840707238806,0.037102646011488674,HD 10361,1.303,0.77,8,6
HD 10361_1,0.7561860551864249,0.01347196188368013,HD 10361,1.303,0.77,8,6
HD 10361_1,0.7532947069030644,0.03917578655296829,HD 10361,1.303,0.77,8,6
HD 10361_1,0.7555400087461744,0.012197507051836391,HD 10361,1.303,0.77,8,6
HD 10361_1,0.7516740226861751,0.009967246538671995,HD 10361,1.303,0.77,8,6
HD 10361_1,0.7549101296848181,0.02670498290815114,HD 10361,1.303,0.77,8,6
HD 10361_1,0.7553031504684231,0.05214159020127286,HD 10361,1.303,0.77,8,6
HD 10361_1,0.7542526274771993,0.0039051934024922023,HD 10361,1.303,0.77,8,6
HD 10361_1,0.7534330040914176,0.025111809363642597,HD 10361,1.303,0.77,8,6
HD 10361_1,0.7548326903060019,0.03600246315028635,HD 10361,1.303,0.77,8,6
HD 10361_1,0.7535027740963306,0.014011145688043913,HD 10361,1.303,0.77,8,6
HD 10361_1,0.7519256625029429,0.03958986812330864,HD 10361,1.303,0.77,8,6
HD 10361_1,0.7508016436525697,0.023507119339334283,HD 10361,1.303,0.77,8,6
HD 10361_1,0.7560139341216096,0.03544279021595144,HD 10361,1.303,0.77,8,6
HD 10361_1,0.7561054012724019,0.02175123621353072,HD 10361,1.303,0.77,8,6
HD 10361_1,0.7516638347062565,0.01881001925391767,HD 10361,1.303,0.77,8,6
HD 10361_1,0.7544947365273826,0.0006502528362694526,HD 10361,1.303,0.77,8,6
HD 10361_1,0.7556499467363115,0.008277339555102028,HD 10361,1.303,0.77,8,6
HD 10361_1,0.7550102363845616,0.02604730422058473,HD 10361,1.303,0.77,8,6
HD 10361_1,0.755918062450518,0.020912754250188896,HD 10361,1.303,0.77,8,6
HD 10361_1,0.7521261046239236,0.015260300906571815,HD 10361,1.303,0.77,8,6
HD 10361_1,0.7545167233997633,0.013644583151767024,HD 10361,1.303,0.77,8,6
HD 10361_1,0.7528931736543252,0.03545492993049314,HD 10361,1.303,0.77,8,6
HD 10361_1,0.7542083403111229,0.019336941087162943,HD 10361,1.303,0.77,8,6
HD 10361_1,0.7544162259129216,0.0239517701089621,HD 10361,1.303,0.77,8,6
HD 10361_1,0.7536175855572698,0.047409936593195874,HD 10361,1.303,0.77,8,6
HD 10361_1,0.7541393498681227,0.06005278681027133,HD 10361,1.303,0.77,8,6
HD 10361_1,0.753306879263467,0.036086889925357885,HD 10361,1.303,0.77,8,6
HD 10361_1,0.7536570549274516,0.0007715770129626542,HD 10361,1.303,0.77,8,6
HD 10361_1,0.7510806547314367,0.022883408927094975,HD 10361,1.303,0.77,8,6
HD 10361_1,0.7543729881682517,0.013738742549592826,HD 10361,1.303,0.77,8,6
HD 10361_1,0.7566227343074359,0.017924162491031334,HD 10361,1.303,0.77,8,6
HD 10361_1,0.7543262751979858,0.0294426021046194,HD 10361,1.303,0.77,8,6
HD 10361_1,0.7528671175358681,0.054720911223514246,HD 10361,1.303,0.77,8,6
HD 10361_1,0.7558072315802438,0.006520243559992197,HD 10361,1.303,0.77,8,6
HD 10361_1,0.7541737865286047,0.04989651390992878,HD 10361,1.303,0.77,8,6
HD 10361_1,0.7536807579462338,0.014024073093868716,HD 10361,1.303,0.77,8,6
HD 10361_1,0.7537334316693742,0.00818285068328558,HD 10361,1.303,0.77,8,6
HD 10361_1,0.7546993118207471,0.005194570334702876,HD 10361,1.303,0.77,8,6
HD 10361_1,0.7529767247873367,0.04646865393114823,HD 10361,1.303,0.77,8,6
HD 10361_1,0.7540872324122827,0.030992590629804397,HD 10361,1.303,0.77,8,6
HD 10361_1,0.7573341675298548,0.012664578765155615,HD 10361,1.303,0.77,8,6
HD 10361_1,0.7552544809745787,0.0068323913367889875,HD 10361,1.303,0.77,8,6
HD 10361_1,0.7556223769605651,0.018194529262831424,HD 10361,1.303,0.77,8,6
HD 10361_1,0.7543653080161666,0.005903795728387434,HD 10361,1.303,0.77,8,6
HD 10361_1,0.7531463056664155,0.004764729301920139,HD 10361,1.303,0.77,8,6
HD 10361_1,0.7553057202972548,0.0151156131914951,HD 10361,1.303,0.77,8,6
HD 10361_1,0.7569649109237381,0.0056530621190997166,HD 10361,1.303,0.77,8,6
HD 10361_1,0.7529910140287158,0.018180756895240204,HD 10361,1.303,0.77,8,6
HD 10361_1,0.7534482163436941,0.05970496006622146,HD 10361,1.303,0.77,8,6
HD 10361_1,0.7519520500591372,0.03326971230145075,HD 10361,1.303,0.77,8,6
HD 10361_1,0.7521343302792463,0.0002047622745293548,HD 10361,1.303,0.77,8,6
HD 10361_1,0.7561549010233817,0.0021982923639789643,HD 10361,1.303,0.77,8,6
HD 10361_1,0.7522778299894008,0.01152188979546593,HD 10361,1.303,0.77,8,6
HD 10361_1,0.753468928489769,0.02134597835731137,HD 10361,1.303,0.77,8,6
HD 10361_1,0.7541980077485334,0.007754429769620066,HD 10361,1.303,0.77,8,6
HD 10361_1,0.7530749654432062,0.05869701275999608,HD 10361,1.303,0.77,8,6
HD 10361_1,0.752215777441877,0.0005174827002016559,HD 10361,1.303,0.77,8,6
HD 10361_1,0.7536887893669991,0.0049834886685740445,HD 10361,1.303,0.77,8,6
HD 10361_1,0.7548934781106302,0.040229557685500385,HD 10361,1.303,0.77,8,6
HD 10361_1,0.7533152700685678,0.03110228834198299,HD 10361,1.303,0.77,8,6
HD 10361_1,0.7537955756220438,0.027439093155330403,HD 10361,1.303,0.77,8,6
HD 10361_1,0.7536590255929667,0.04514354586028989,HD 10361,1.303,0.77,8,6
HD 10361_1,0.7571900418923179,0.04157774715873318,HD 10361,1.303,0.77,8,6
HD 10361_1,0.7547558094401375,0.011453261048537357,HD 10361,1.303,0.77,8,6
HD 10361_1,0.7545934565908626,0.05243886088986659,HD 10361,1.303,0.77,8,6
HD 10361_1,0.7539059713022201,0.00659865317746124,HD 10361,1.303,0.77,8,6
HD 10361_1,0.7547407336099985,0.022382401100025054,HD 10361,1.303,0.77,8,6
HD 10361_1,0.7536083587909067,0.025016295825696658,HD 10361,1.303,0.77,8,6
HD 10361_1,0.7548245296661606,0.02025463491426215,HD 10361,1.303,0.77,8,6
HD 10361_1,0.7568237820533208,0.006933795999776631,HD 10361,1.303,0.77,8,6
HD 3651 A_0,0.8008260546967044,0.053384596649918375,HD 3651 A,1.086,0.86,8,4
HD 3651 A_0,0.7969212926067026,0.04124455974268341,HD 3651 A,1.086,0.86,8,4
HD 3651 A_0,0.8068247233467462,0.055497186281113074,HD 3651 A,1.086,0.86,8,4
HD 3651 A_0,0.7932489761192933,0.1084324053860368,HD 3651 A,1.086,0.86,8,4
HD 3651 A_0,0.7961387291437313,0.06935163708389581,HD 3651 A,1.086,0.86,8,4
HD 3651 A_0,0.8015949493937736,0.05814684635448203,HD 3651 A,1.086,0.86,8,4
HD 3651 A_0,0.799011654688209,0.08413468529621448,HD 3651 A,1.086,0.86,8,4
HD 3651 A_0,0.7957055860180906,0.07567963485644832,HD 3651 A,1.086,0.86,8,4
HD 3651 A_0,0.796436121864882,0.10504414047456051,HD 3651 A,1.086,0.86,8,4
HD 3651 A_0,0.7962029698214298,0.0851006378627949,HD 3651 A,1.086,0.86,8,4
HD 3651 A_0,0.7953022892413433,0.051065169914812275,HD 3651 A,1.086,0.86,8,4
HD 3651 A_0,0.7948263802031063,0.09663642983359196,HD 3651 A,1.086,0.86,8,4
HD 3651 A_0,0.7940359695695575,0.05683623113393164,HD 3651 A,1.086,0.86,8,4
HD 3651 A_0,0.7741019827194839,0.012023628182964041,HD 3651 A,1.086,0.86,8,4
HD 3651 A_0,0.7958104521494754,0.07530354366802534,HD 3651 A,1.086,0.86,8,4
HD 3651 A_0,0.7928068040047414,0.09037051616083554,HD 3651 A,1.086,0.86,8,4
HD 3651 A_0,0.7952313267709907,0.07963910915641075,HD 3651 A,1.086,0.86,8,4
HD 3651 A_0,0.8012123751785881,0.057374789961399705,HD 3651 A,1.086,0.86,8,4
HD 3651 A_0,0.794338417814117,0.042138584127289436,HD 3651 A,1.086,0.86,8,4
HD 3651 A_0,0.797071126439833,0.057741303228154885,HD 3651 A,1.086,0.86,8,4
HD 3651 A_0,0.8004502633538997,0.1060475928604907,HD 3651 A,1.086,0.86,8,4
HD 3651 A_0,0.933912989097707,0.012276843123059173,HD 3651 A,1.086,0.86,8,4
HD 3651 A_0,0.7948573442102522,0.0648335013257539,HD 3651 A,1.086,0.86,8,4
HD 3651 A_0,0.8007621604221055,0.05399702719598674,HD 3651 A,1.086,0.86,8,4
HD 3651 A_0,0.7968962749751656,0.08907732170902198,HD 3651 A,1.086,0.86,8,4
HD 3651 A_0,0.7974089342577789,0.10000705406143406,HD 3651 A,1.086,0.86,8,4
HD 3651 A_0,0.7960474327092613,0.07720124891708177,HD 3651 A,1.086,0.86,8,4
HD 3651 A_0,0.7950066787310205,0.058440032112624225,HD 3651 A,1.086,0.86,8,4
HD 3651 A_0,0.7936080508862965,0.09827116265971725,HD 3651 A,1.086,0.86,8,4
HD 3651 A_0,0.800428950913128,0.05447852505226784,HD 3651 A,1.086,0.86,8,4
HD 3651 A_0,0.7963617863130071,0.06657412403306594,HD 3651 A,1.086,0.86,8,4
HD 3651 A_0,0.7970928698218813,0.053232928148510286,HD 3651 A,1.086,0.86,8,4
HD 3651 A_0,0.7947451337081894,0.037788772998021594,HD 3651 A,1.086,0.86,8,4
HD 3651 A_0,0.794269296227483,0.07761178362352573,HD 3651 A,1.086,0.86,8,4
HD 3651 A_0,0.9323028566032375,0.011446313711203415,HD 3651 A,1.086,0.86,8,4
HD 3651 A_0,0.7984536987498082,0.050564531821511584,HD 3651 A,1.086,0.86,8,4
HD 3651 A_0,0.7927910737320153,0.10460272402639233,HD 3651 A,1.086,0.86,8,4
HD 3651 A_0,0.7945985543138153,0.060283419102121635,HD 3651 A,1.086,0.86,8,4
HD 3651 A_0,0.7958663642343131,0.0817344044392582,HD 3651 A,1.086,0.86,8,4
HD 3651 A_0,0.7959595384522465,0.10461309082071091,HD 3651 A,1.086,0.86,8,4
HD 3651 A_0,0.7965060975263158,0.07565903580100813,HD 3651 A,1.086,0.86,8,4
HD 3651 A_0,0.7962670501207512,0.07217257285802983,HD 3651 A,1.086,0.86,8,4
HD 3651 A_0,0.7982585549497232,0.06570447854036936,HD 3651 A,1.086,0.86,8,4
HD 3651 A_0,0.7936783912318641,0.1073168893654607,HD 3651 A,1.086,0.86,8,4
HD 3651 A_0,0.7949193586806689,0.07047930790324256,HD 3651 A,1.086,0.86,8,4
HD 3651 A_0,0.7996659917482217,0.05890480252305784,HD 3651 A,1.086,0.86,8,4
HD 3651 A_0,0.7948088321299756,0.0633850825844622,HD 3651 A,1.086,0.86,8,4
HD 3651 A_0,0.7971580713683292,0.06316746433062166,HD 3651 A,1.086,0.86,8,4
HD 3651 A_0,0.7938037099002675,0.10720236168036856,HD 3651 A,1.086,0.86,8,4
HD 3651 A_0,0.7989242290713484,0.05137854439771677,HD 3651 A,1.086,0.86,8,4
HD 3651 A_0,0.7945108202330469,0.12380087852223831,HD 3651 A,1.086,0.86,8,4
HD 3651 A_0,0.7931521762652584,0.05992550513867398,HD 3651 A,1.086,0.86,8,4
HD 3651 A_0,0.7965458539807355,0.0694049231860145,HD 3651 A,1.086,0.86,8,4
HD 3651 A_0,0.7954261132250269,0.06993479665984145,HD 3651 A,1.086,0.86,8,4
HD 3651 A_0,0.7987611415323136,0.07747398391223786,HD 3651 A,1.086,0.86,8,4
HD 3651 A_0,0.7958262216118029,0.0880655682149157,HD 3651 A,1.086,0.86,8,4
HD 3651 A_0,0.7979321602503693,0.12005883873764794,HD 3651 A,1.086,0.86,8,4
HD 3651 A_0,0.9276468607302197,0.03397993990047004,HD 3651 A,1.086,0.86,8,4
HD 3651 A_0,0.7980576756747892,0.07175300256760883,HD 3651 A,1.086,0.86,8,4
HD 3651 A_0,0.7996346521637422,0.058114298716584925,HD 3651 A,1.086,0.86,8,4
HD 3651 A_0,0.8028066688872743,0.030294004719309174,HD 3651 A,1.086,0.86,8,4
HD 3651 A_0,0.8010322582422088,0.08441229491339484,HD 3651 A,1.086,0.86,8,4
HD 3651 A_0,0.7937541051573119,0.0892411840354776,HD 3651 A,1.086,0.86,8,4
HD 3651 A_0,0.7938396316927293,0.03508005249028315,HD 3651 A,1.086,0.86,8,4
HD 3651 A_0,0.7982902822881096,0.0670556853239916,HD 3651 A,1.086,0.86,8,4
HD 3651 A_0,0.7975303918812491,0.06867199699686985,HD 3651 A,1.086,0.86,8,4
HD 3651 A_0,0.7949273542137398,0.06195201558877185,HD 3651 A,1.086,0.86,8,4
HD 3651 A_0,0.7917397778565461,0.07279162025018276,HD 3651 A,1.086,0.86,8,4
HD 3651 A_0,0.7935283919730007,0.0903838011075053,HD 3651 A,1.086,0.86,8,4
HD 3651 A_0,0.7975951331248999,0.06935965499753914,HD 3651 A,1.086,0.86,8,4
HD 3651 A_0,0.7944024719557746,0.04836374292375551,HD 3651 A,1.086,0.86,8,4
HD 3651 A_0,0.7983137356071626,0.08961581975839016,HD 3651 A,1.086,0.86,8,4
HD 3651 A_0,0.7974925536083223,0.0669570680783468,HD 3651 A,1.086,0.86,8,4
HD 3651 A_0,0.7955856549500803,0.09713397589481254,HD 3651 A,1.086,0.86,8,4
HD 3651 A_0,0.8006853074410432,0.07222808355732238,HD 3651 A,1.086,0.86,8,4
HD 3651 A_0,0.7969118966562867,0.08447406586705675,HD 3651 A,1.086,0.86,8,4
HD 3651 A_0,0.7933392210978484,0.0591714521706799,HD 3651 A,1.086,0.86,8,4
HD 3651 A_0,0.7762136696793523,0.0412835961397771,HD 3651 A,1.086,0.86,8,4
HD 3651 A_0,0.8010051443584651,0.08499236861248015,HD 3651 A,1.086,0.86,8,4
HD 3651 A_0,0.7962368565981399,0.08878294821573235,HD 3651 A,1.086,0.86,8,4
HD 3651 A_0,0.9260825181347856,0.1028741469075806,HD 3651 A,1.086,0.86,8,4
HD 3651 A_0,0.9343896899107268,0.03947353263779674,HD 3651 A,1.086,0.86,8,4
HD 3651 A_0,0.7975948482776223,0.06137342939433528,HD 3651 A,1.086,0.86,8,4
HD 3651 A_0,0.7949364124631555,0.07255872806409663,HD 3651 A,1.086,0.86,8,4
HD 3651 A_0,0.7971228461491046,0.06324653610204964,HD 3651 A,1.086,0.86,8,4
HD 3651 A_0,0.7996309479371174,0.052796632214243015,HD 3651 A,1.086,0.86,8,4
HD 3651 A_0,0.7959874217358521,0.06126783093702744,HD 3651 A,1.086,0.86,8,4
HD 3651 A_0,0.802531180324854,0.06923780047955905,HD 3651 A,1.086,0.86,8,4
HD 3651 A_0,0.8043998296022374,0.04206356260062273,HD 3651 A,1.086,0.86,8,4
HD 3651 A_0,0.7943239412180847,0.07654103426315725,HD 3651 A,1.086,0.86,8,4
HD 3651 A_0,0.7994189247584482,0.08771433115639286,HD 3651 A,1.086,0.86,8,4
HD 3651 A_0,0.7941994302684112,0.12478638568713518,HD 3651 A,1.086,0.86,8,4
HD 3651 A_0,0.8003401417564356,0.09357483127822747,HD 3651 A,1.086,0.86,8,4
HD 3651 A_0,0.8003971195889991,0.057968539462209145,HD 3651 A,1.086,0.86,8,4
HD 3651 A_0,0.7987773018000026,0.022843707888983017,HD 3651 A,1.086,0.86,8,4
HD 3651 A_0,0.7961279061854176,0.06662672782039421,HD 3651 A,1.086,0.86,8,4
HD 3651 A_0,0.7937773823786732,0.07168120663376558,HD 3651 A,1.086,0.86,8,4
HD 3651 A_0,0.7924779845614639,0.05730047676659385,HD 3651 A,1.086,0.86,8,4
HD 3651 A_0,0.7956514750149662,0.04552409622302009,HD 3651 A,1.086,0.86,8,4
HD 3651 A_0,0.7935355171289599,0.05204017518333495,HD 3651 A,1.086,0.86,8,4
HD 3651 A_0,0.8003658051510625,0.08120163077804615,HD 3651 A,1.086,0.86,8,4
HD 3651 A_0,0.7988552354392066,0.11274356495997898,HD 3651 A,1.086,0.86,8,4
HD 3651 A_0,0.7936910757707475,0.08238789591032959,HD 3651 A,1.086,0.86,8,4
HD 3651 A_0,0.7948306304420045,0.07683220553290201,HD 3651 A,1.086,0.86,8,4
HD 3651 A_0,0.7954147507450122,0.054028472275304995,HD 3651 A,1.086,0.86,8,4
HD 3651 A_0,0.7960080193476013,0.06021616286884339,HD 3651 A,1.086,0.86,8,4
HD 3651 A_0,0.8007739085547777,0.08663098499828965,HD 3651 A,1.086,0.86,8,4
HD 3651 A_0,0.7985406206876984,0.07577570865410564,HD 3651 A,1.086,0.86,8,4
HD 3651 A_0,0.7993237677387492,0.04827873736290917,HD 3651 A,1.086,0.86,8,4
HD 3651 A_0,0.7950403571632731,0.06887641428059355,HD 3651 A,1.086,0.86,8,4
HD 3651 A_0,0.7959168541036065,0.07382842023426181,HD 3651 A,1.086,0.86,8,4
HD 3651 A_0,0.7983778654886532,0.07408352799228984,HD 3651 A,1.086,0.86,8,4
HD 3651 A_0,0.9317131315162862,0.057704231011088535,HD 3651 A,1.086,0.86,8,4
HD 3651 A_0,0.7960769457073353,0.05706092146651581,HD 3651 A,1.086,0.86,8,4
HD 3651 A_0,0.7964934189887555,0.06608560291756417,HD 3651 A,1.086,0.86,8,4
HD 3651 A_0,0.8006628799249436,0.05881871782308131,HD 3651 A,1.086,0.86,8,4
HD 3651 A_0,0.7989419225493608,0.08532979217068298,HD 3651 A,1.086,0.86,8,4
HD 3651 A_0,0.7942481614837417,0.10364623894929532,HD 3651 A,1.086,0.86,8,4
HD 3651 A_0,0.7966850828786433,0.09384915938114427,HD 3651 A,1.086,0.86,8,4
HD 3651 A_0,0.8006335657358196,0.05548652366023543,HD 3651 A,1.086,0.86,8,4
HD 3651 A_0,0.7959123561857863,0.05612321191750066,HD 3651 A,1.086,0.86,8,4
HD 3651 A_0,0.799215194251322,0.07252650104364523,HD 3651 A,1.086,0.86,8,4
HD 3651 A_0,0.7983651128684454,0.08413511380900827,HD 3651 A,1.086,0.86,8,4
HD 3651 A_0,0.7981173863422918,0.10544785241026686,HD 3651 A,1.086,0.86,8,4
HD 3651 A_0,0.801513761362132,0.043266738470059775,HD 3651 A,1.086,0.86,8,4
HD 3651 A_0,0.7963499580519953,0.06111928536112219,HD 3651 A,1.086,0.86,8,4
HD 3651 A_0,0.798178765150906,0.07620931309343798,HD 3651 A,1.086,0.86,8,4
HD 3651 A_0,0.8000435458685108,0.05523826299093065,HD 3651 A,1.086,0.86,8,4
HD 3651 A_0,0.9313329550500344,0.013987935655179917,HD 3651 A,1.086,0.86,8,4
HD 3651 A_0,0.7937914462900738,0.05492712592370557,HD 3651 A,1.086,0.86,8,4
HD 3651 A_0,0.7958472320282811,0.0701205158417531,HD 3651 A,1.086,0.86,8,4
HD 3651 A_0,0.8002972287595082,0.04530847395223888,HD 3651 A,1.086,0.86,8,4
HD 3651 A_0,0.8011600709758453,0.09104524816899733,HD 3651 A,1.086,0.86,8,4
HD 3651 A_0,0.795404709570841,0.032951131754417884,HD 3651 A,1.086,0.86,8,4
HD 3651 A_0,0.9396244665076874,0.1369823851784046,HD 3651 A,1.086,0.86,8,4
HD 3651 A_0,0.7983526244270884,0.056979817175186825,HD 3651 A,1.086,0.86,8,4
HD 3651 A_0,0.7957084361832495,0.06867162214372334,HD 3651 A,1.086,0.86,8,4
HD 3651 A_0,0.7959439810177247,0.05829190105597558,HD 3651 A,1.086,0.86,8,4
HD 3651 A_0,0.7755337661037933,0.03651989331782409,HD 3651 A,1.086,0.86,8,4
HD 3651 A_0,0.7982325719930335,0.06585430198593684,HD 3651 A,1.086,0.86,8,4
HD 3651 A_0,0.7987590865899162,0.04283843806198189,HD 3651 A,1.086,0.86,8,4
HD 3651 A_0,0.8003451295412932,0.034687955102926334,HD 3651 A,1.086,0.86,8,4
HD 3651 A_0,0.7975914097373228,0.04430315401929538,HD 3651 A,1.086,0.86,8,4
HD 3651 A_0,0.7953941890878641,0.06688215090831513,HD 3651 A,1.086,0.86,8,4
HD 3651 A_0,0.7992687202259124,0.11149440436461847,HD 3651 A,1.086,0.86,8,4
HD 3651 A_0,0.8008471715490442,0.0598121981559028,HD 3651 A,1.086,0.86,8,4
HD 3651 A_0,0.9336289609530906,0.05625809586295328,HD 3651 A,1.086,0.86,8,4
HD 3651 A_0,0.8003692193444428,0.07465874589874545,HD 3651 A,1.086,0.86,8,4
HD 3651 A_0,0.7938237844668063,0.07792344314850516,HD 3651 A,1.086,0.86,8,4
HD 3651 A_0,0.7994421350568391,0.0558891097217981,HD 3651 A,1.086,0.86,8,4
HD 3651 A_0,0.7950459723459894,0.07170531105477926,HD 3651 A,1.086,0.86,8,4
HD 3651 A_0,0.7963472230987669,0.07762706057859625,HD 3651 A,1.086,0.86,8,4
HD 3651 A_0,0.800975553181731,0.06276599228530719,HD 3651 A,1.086,0.86,8,4
HD 3651 A_0,0.7963716249715856,0.06763270606572185,HD 3651 A,1.086,0.86,8,4
HD 3651 A_0,0.8030403034180059,0.010804474573149397,HD 3651 A,1.086,0.86,8,4
HD 3651 A_0,0.7933272209798947,0.07446762612585395,HD 3651 A,1.086,0.86,8,4
HD 3651 A_0,0.7957576054029566,0.07010317475531545,HD 3651 A,1.086,0.86,8,4
HD 3651 A_0,0.7953058455916573,0.09605491398597915,HD 3651 A,1.086,0.86,8,4
HD 3651 A_0,0.7940690685953712,0.08976204282582291,HD 3651 A,1.086,0.86,8,4
HD 3651 A_0,0.8018443068193553,0.07998788754277414,HD 3651 A,1.086,0.86,8,4
HD 3651 A_0,0.7942115513575536,0.07023141413843378,HD 3651 A,1.086,0.86,8,4
HD 3651 A_0,0.8028915424726425,0.03964072898949855,HD 3651 A,1.086,0.86,8,4
HD 3651 A_0,0.7930453890561203,0.10426063580222428,HD 3651 A,1.086,0.86,8,4
HD 3651 A_0,0.7952301847831176,0.1034874846932419,HD 3651 A,1.086,0.86,8,4
HD 3651 A_0,0.795036574586199,0.06379235530256946,HD 3651 A,1.086,0.86,8,4
HD 3651 A_0,0.7950559738449867,0.07293374816456777,HD 3651 A,1.086,0.86,8,4
HD 3651 A_0,0.7942045263855121,0.10581712156170184,HD 3651 A,1.086,0.86,8,4
HD 3651 A_0,0.8015352871420345,0.0532051669925642,HD 3651 A,1.086,0.86,8,4
HD 3651 A_0,0.7986117828107274,0.051258969254033025,HD 3651 A,1.086,0.86,8,4
HD 3651 A_0,0.8028328552443905,0.06715129817578325,HD 3651 A,1.086,0.86,8,4
HD 3651 A_0,0.8010900863304918,0.07506923189793042,HD 3651 A,1.086,0.86,8,4
HD 3651 A_0,0.7970572317174618,0.08273387547978969,HD 3651 A,1.086,0.86,8,4
HD 3651 A_0,0.7941418068339344,0.07535644766587216,HD 3651 A,1.086,0.86,8,4
HD 3651 A_0,0.7931678385433935,0.0655846012821732,HD 3651 A,1.086,0.86,8,4
HD 3651 A_0,0.7962605149868096,0.08079530263666584,HD 3651 A,1.086,0.86,8,4
HD 3651 A_0,0.7977040223107357,0.07650672988342334,HD 3651 A,1.086,0.86,8,4
HD 3651 A_0,0.7937137016063481,0.0865926682778482,HD 3651 A,1.086,0.86,8,4
HD 3651 A_0,0.7961612088373945,0.09608324385568615,HD 3651 A,1.086,0.86,8,4
HD 3651 A_0,0.794246124883569,0.07542704785387633,HD 3651 A,1.086,0.86,8,4
HD 3651 A_0,0.7922618538113027,0.05552102881502582,HD 3651 A,1.086,0.86,8,4
HD 3651 A_0,1.1804895310943997,0.199079210226825,HD 3651 A,1.086,0.86,8,4
HD 3651 A_0,0.79802146390719,0.053845560676395884,HD 3651 A,1.086,0.86,8,4
HD 3651 A_0,0.7988989883408106,0.11099314819326016,HD 3651 A,1.086,0.86,8,4
HD 3651 A_0,0.931127284353825,0.06712408999966635,HD 3651 A,1.086,0.86,8,4
HD 3651 A_0,0.7931282238428878,0.08198358962300852,HD 3651 A,1.086,0.86,8,4
HD 3651 A_0,0.7977094671271276,0.09332167976052232,HD 3651 A,1.086,0.86,8,4
HD 3651 A_0,0.7946105165528266,0.0940584390207438,HD 3651 A,1.086,0.86,8,4
HD 3651 A_0,0.7931832296995217,0.06747422879134493,HD 3651 A,1.086,0.86,8,4
HD 3651 A_0,0.7992128639036816,0.07766328259032017,HD 3651 A,1.086,0.86,8,4
HD 3651 A_0,0.8028346047290043,0.07527892975131259,HD 3651 A,1.086,0.86,8,4
HD 3651 A_0,0.8008016286373157,0.04239893779824032,HD 3651 A,1.086,0.86,8,4
HD 3651 A_0,0.795224604039916,0.08298572780879951,HD 3651 A,1.086,0.86,8,4
HD 3651 A_0,0.8006514793907212,0.057006243419781624,HD 3651 A,1.086,0.86,8,4
HD 3651 A_0,0.7962068270557199,0.07482024956979137,HD 3651 A,1.086,0.86,8,4
HD 3651 A_0,0.801556965962603,0.04742669279613831,HD 3651 A,1.086,0.86,8,4
HD 3651 A_0,0.7997526528764265,0.028578432630903698,HD 3651 A,1.086,0.86,8,4
HD 3651 A_0,0.7962143558629728,0.08552393426927174,HD 3651 A,1.086,0.86,8,4
HD 3651 A_0,0.7989248109862088,0.056327544356821156,HD 3651 A,1.086,0.86,8,4
HD 3651 A_0,0.8043426982703166,0.07308824206386677,HD 3651 A,1.086,0.86,8,4
HD 3651 A_0,0.801171707273253,0.06066562653216665,HD 3651 A,1.086,0.86,8,4
HD 3651 A_0,0.9359090239610983,0.08171757117153086,HD 3651 A,1.086,0.86,8,4
HD 3651 A_0,0.7944626348441299,0.061094809934231595,HD 3651 A,1.086,0.86,8,4
HD 3651 A_0,0.9329022918786307,0.13190851397841308,HD 3651 A,1.086,0.86,8,4
HD 3651 A_0,0.7964150306594199,0.07595832087688516,HD 3651 A,1.086,0.86,8,4
HD 3651 A_0,0.9273029713559275,0.01980784686251292,HD 3651 A,1.086,0.86,8,4
HD 3651 A_0,0.796255124464085,0.06676474707977373,HD 3651 A,1.086,0.86,8,4
HD 3651 A_0,0.9323156726381413,0.03234139574942559,HD 3651 A,1.086,0.86,8,4
HD 3651 A_0,0.7946044306650346,0.09319172830828505,HD 3651 A,1.086,0.86,8,4
HD 3651 A_0,0.8017691145061548,0.10279276021197406,HD 3651 A,1.086,0.86,8,4
HD 3651 A_0,0.7987256927340394,0.06935962868462493,HD 3651 A,1.086,0.86,8,4
HD 3651 A_0,0.7932129402411435,0.07901513318965653,HD 3651 A,1.086,0.86,8,4
HD 3651 A_0,0.7958375433272765,0.08685133418399538,HD 3651 A,1.086,0.86,8,4
HD 3651 A_0,0.7967489749050203,0.09095171260811766,HD 3651 A,1.086,0.86,8,4
HD 3651 A_0,0.7929307811371222,0.060613370321067804,HD 3651 A,1.086,0.86,8,4
HD 3651 A_0,0.800303776409857,0.08580926877354264,HD 3651 A,1.086,0.86,8,4
HD 3651 A_0,0.7954406118320969,0.056767919753567736,HD 3651 A,1.086,0.86,8,4
HD 3651 A_0,0.7969950305748256,0.10521034197468641,HD 3651 A,1.086,0.86,8,4
HD 3651 A_0,0.7973676797692636,0.07873399088151246,HD 3651 A,1.086,0.86,8,4
HD 3651 A_0,0.7947615124709634,0.12127609277344571,HD 3651 A,1.086,0.86,8,4
HD 3651 A_0,0.9333433055412923,0.02026726416712743,HD 3651 A,1.086,0.86,8,4
HD 3651 A_0,0.8017764781894493,0.05009550896800817,HD 3651 A,1.086,0.86,8,4
HD 3651 A_0,0.8029980853717597,0.07964715857109711,HD 3651 A,1.086,0.86,8,4
HD 3651 A_0,0.7966486089967109,0.06533605424054618,HD 3651 A,1.086,0.86,8,4
HD 3651 A_0,0.7967714862737844,0.05375189177841985,HD 3651 A,1.086,0.86,8,4
HD 3651 A_0,0.7973062994440013,0.08037865200505588,HD 3651 A,1.086,0.86,8,4
HD 3651 A_0,0.8019863137173908,0.07185778472196064,HD 3651 A,1.086,0.86,8,4
HD 3651 A_0,0.7988565879537841,0.075904628726846,HD 3651 A,1.086,0.86,8,4
HD 3651 A_0,0.7991973021192832,0.03786997135185507,HD 3651 A,1.086,0.86,8,4
HD 3651 A_0,0.7990165008947331,0.06683012876146724,HD 3651 A,1.086,0.86,8,4
HD 3651 A_0,0.77621659255153,0.03886280884356601,HD 3651 A,1.086,0.86,8,4
HD 3651 A_0,0.8006994573675288,0.06571123176466932,HD 3651 A,1.086,0.86,8,4
HD 3651 A_0,0.7980822011205458,0.07795386580011676,HD 3651 A,1.086,0.86,8,4
HD 3651 A_0,0.7961904457278959,0.09580611919643796,HD 3651 A,1.086,0.86,8,4
HD 3651 A_0,0.9305801497112122,0.026717347540005924,HD 3651 A,1.086,0.86,8,4
HD 3651 A_0,0.8000928773395881,0.06707102510861372,HD 3651 A,1.086,0.86,8,4
HD 3651 A_0,0.7937429934536375,0.07617547309810153,HD 3651 A,1.086,0.86,8,4
HD 3651 A_0,0.9413671326801178,0.13585372581835645,HD 3651 A,1.086,0.86,8,4
HD 3651 A_0,0.801318158883247,0.07358617016159819,HD 3651 A,1.086,0.86,8,4
HD 3651 A_0,0.7958576190707365,0.08784730979641572,HD 3651 A,1.086,0.86,8,4
HD 3651 A_0,0.799423015840085,0.08549763102737178,HD 3651 A,1.086,0.86,8,4
HD 3651 A_0,0.7934784340114484,0.06465985096183566,HD 3651 A,1.086,0.86,8,4
HD 3651 A_0,0.7971977584180484,0.05972444838272545,HD 3651 A,1.086,0.86,8,4
HD 3651 A_0,0.795731486561876,0.07925435640220027,HD 3651 A,1.086,0.86,8,4
HD 3651 A_0,0.7968249911677255,0.048976205540177065,HD 3651 A,1.086,0.86,8,4
HD 3651 A_0,0.7981823885959904,0.10241625055734208,HD 3651 A,1.086,0.86,8,4
HD 3651 A_0,0.8008376221965788,0.05959680054942292,HD 3651 A,1.086,0.86,8,4
HD 3651 A_0,0.7936563782930236,0.0557116809973986,HD 3651 A,1.086,0.86,8,4
HD 3651 A_0,0.795213907390321,0.0552196200778681,HD 3651 A,1.086,0.86,8,4
HD 3651 A_0,0.7976767678645782,0.06400136936226782,HD 3651 A,1.086,0.86,8,4
HD 3651 A_0,0.7963730948402009,0.04844978226324712,HD 3651 A,1.086,0.86,8,4
HD 3651 A_0,0.804429180859079,0.06384729274689108,HD 3651 A,1.086,0.86,8,4
HD 3651 A_0,0.7972272025167346,0.07578898085944877,HD 3651 A,1.086,0.86,8,4
HD 3651 A_0,0.9329022918786307,0.13190851397841308,HD 3651 A,1.086,0.86,8,4
HD 3651 A_0,0.7953472868665941,0.09497737142889245,HD 3651 A,1.086,0.86,8,4
HD 3651 A_0,0.7985128595519072,0.08322737719438064,HD 3651 A,1.086,0.86,8,4
HD 3651 A_0,0.7940174455206377,0.08242159392169124,HD 3651 A,1.086,0.86,8,4
HD 3651 A_0,0.7985438006853972,0.10872521084221017,HD 3651 A,1.086,0.86,8,4
HD 3651 A_0,0.7951706629774233,0.059868185596480654,HD 3651 A,1.086,0.86,8,4
HD 3651 A_0,0.7960065798646782,0.06851489289063768,HD 3651 A,1.086,0.86,8,4
HD 3651 A_0,0.7982640204809774,0.04592139082128116,HD 3651 A,1.086,0.86,8,4
HD 3651 A_0,0.7959176420021947,0.059134229581430914,HD 3651 A,1.086,0.86,8,4
HD 3651 A_0,0.7987533390020094,0.11012494936943434,HD 3651 A,1.086,0.86,8,4
HD 3651 A_0,0.9338343620946491,0.13637268360548632,HD 3651 A,1.086,0.86,8,4
HD 3651 A_0,0.7985479375760324,0.07491110409177901,HD 3651 A,1.086,0.86,8,4
HD 3651 A_0,0.7941130442595055,0.05795019258843697,HD 3651 A,1.086,0.86,8,4
HD 3651 A_0,0.7957223466948417,0.07413957066552845,HD 3651 A,1.086,0.86,8,4
HD 3651 A_0,0.8026861847564091,0.0649684140758168,HD 3651 A,1.086,0.86,8,4
HD 3651 A_0,0.9266809839342833,0.02009724275108034,HD 3651 A,1.086,0.86,8,4
HD 3651 A_0,0.7940814716012053,0.09240466044074452,HD 3651 A,1.086,0.86,8,4
HD 3651 A_0,0.7929924558813293,0.05492327920209355,HD 3651 A,1.086,0.86,8,4
HD 3651 A_0,0.7950211515827955,0.06068779894541129,HD 3651 A,1.086,0.86,8,4
HD 3651 A_0,0.7968469072976672,0.04603938439990755,HD 3651 A,1.086,0.86,8,4
HD 3651 A_0,0.7984507372131364,0.10325457335533075,HD 3651 A,1.086,0.86,8,4
HD 3651 A_0,0.7981200588312143,0.06438394721509,HD 3651 A,1.086,0.86,8,4
HD 3651 A_0,0.7964731176962193,0.0725633055883499,HD 3651 A,1.086,0.86,8,4
HD 3651 A_0,0.7986093285980328,0.11394718903652326,HD 3651 A,1.086,0.86,8,4
HD 3651 A_0,0.7957220285630927,0.10732285908984779,HD 3651 A,1.086,0.86,8,4
HD 3651 A_0,0.7953193020296767,0.06593454661078255,HD 3651 A,1.086,0.86,8,4
HD 3651 A_0,0.7931750501412487,0.09546842283601767,HD 3651 A,1.086,0.86,8,4
HD 3651 A_0,0.7934485980238379,0.09914872974539549,HD 3651 A,1.086,0.86,8,4
HD 3651 A_0,0.7961779654065707,0.09562144012982036,HD 3651 A,1.086,0.86,8,4
HD 3651 A_0,0.7970019367646949,0.08230754104757917,HD 3651 A,1.086,0.86,8,4
HD 3651 A_0,0.7971991733391195,0.05366646928166839,HD 3651 A,1.086,0.86,8,4
HD 3651 A_0,0.7956935553929961,0.07570214205085105,HD 3651 A,1.086,0.86,8,4
HD 3651 A_0,0.7935464167263687,0.10305330930478482,HD 3651 A,1.086,0.86,8,4
HD 3651 A_0,0.7969308827729269,0.08223277665036244,HD 3651 A,1.086,0.86,8,4
HD 3651 A_0,0.7995309481635399,0.08438907513537622,HD 3651 A,1.086,0.86,8,4
HD 3651 A_0,0.7989584142789086,0.08963423131698793,HD 3651 A,1.086,0.86,8,4
HD 3651 A_0,0.8017311424494751,0.07660015894259,HD 3651 A,1.086,0.86,8,4
HD 3651 A_0,0.7955469214200027,0.06497017019284365,HD 3651 A,1.086,0.86,8,4
HD 3651 A_0,0.7953353970477902,0.0804619853239251,HD 3651 A,1.086,0.86,8,4
HD 3651 A_0,0.7937423511030283,0.07738873786488878,HD 3651 A,1.086,0.86,8,4
HD 3651 A_0,0.7989086663964783,0.07506673193891093,HD 3651 A,1.086,0.86,8,4
HD 3651 A_0,0.7949878000911345,0.07083335876426859,HD 3651 A,1.086,0.86,8,4
HD 3651 A_0,0.7952841114141935,0.08363994529373214,HD 3651 A,1.086,0.86,8,4
HD 3651 A_0,0.7986077196077681,0.04329584521011484,HD 3651 A,1.086,0.86,8,4
HD 3651 A_0,0.7967830405029924,0.061702162390091825,HD 3651 A,1.086,0.86,8,4
HD 3651 A_0,0.9345874576672358,0.027307414343964734,HD 3651 A,1.086,0.86,8,4
HD 3651 A_0,0.7968101833872467,0.08060693408900045,HD 3651 A,1.086,0.86,8,4
HD 3651 A_0,0.9356096721624219,0.1361535116855,HD 3651 A,1.086,0.86,8,4
HD 3651 A_0,0.7957556005819542,0.027934065057390572,HD 3651 A,1.086,0.86,8,4
HD 3651 A_0,0.7975422435954693,0.06888361474741625,HD 3651 A,1.086,0.86,8,4
HD 3651 A_0,0.7963273268430622,0.08771354411484744,HD 3651 A,1.086,0.86,8,4
HD 3651 A_0,0.7951760988440025,0.05797943790874158,HD 3651 A,1.086,0.86,8,4
HD 3651 A_0,0.7952327310960183,0.06952691825987113,HD 3651 A,1.086,0.86,8,4
HD 3651 A_0,0.9413103622647736,0.13991846625387055,HD 3651 A,1.086,0.86,8,4
HD 3651 A_0,0.7966366941618639,0.10986488971246121,HD 3651 A,1.086,0.86,8,4
HD 3651 A_0,0.7972061787429361,0.058909207213919616,HD 3651 A,1.086,0.86,8,4
HD 3651 A_0,0.7980436054959752,0.08860942131026255,HD 3651 A,1.086,0.86,8,4
HD 3651 A_0,0.7944142117593762,0.04568452019923604,HD 3651 A,1.086,0.86,8,4
HD 3651 A_0,0.797482916510824,0.07808962960445462,HD 3651 A,1.086,0.86,8,4
HD 3651 A_0,0.7951664526451452,0.059730741148221106,HD 3651 A,1.086,0.86,8,4
HD 3651 A_0,0.7968906695923152,0.08111754645916819,HD 3651 A,1.086,0.86,8,4
HD 3651 A_0,0.8004072018045945,0.07080816328578274,HD 3651 A,1.086,0.86,8,4
HD 3651 A_0,0.7956403669871508,0.05550421755342152,HD 3651 A,1.086,0.86,8,4
HD 3651 A_0,0.797675324541817,0.07148104189995827,HD 3651 A,1.086,0.86,8,4
HD 3651 A_0,0.799004645861217,0.05801224271854745,HD 3651 A,1.086,0.86,8,4
HD 3651 A_0,0.800677846201042,0.05922332409205903,HD 3651 A,1.086,0.86,8,4
HD 3651 A_0,0.7941499695380441,0.09393150296045945,HD 3651 A,1.086,0.86,8,4
HD 3651 A_0,0.8031112399984053,0.06722326372084336,HD 3651 A,1.086,0.86,8,4
HD 3651 A_0,0.7927397366613986,0.07207670521936337,HD 3651 A,1.086,0.86,8,4
HD 3651 A_0,1.1797553945515025,0.19791640623548956,HD 3651 A,1.086,0.86,8,4
HD 3651 A_0,0.7976330323374281,0.07396922120357162,HD 3651 A,1.086,0.86,8,4
HD 3651 A_0,0.7954624621207719,0.07010152988648757,HD 3651 A,1.086,0.86,8,4
HD 3651 A_0,0.927407208305646,0.0699390937332744,HD 3651 A,1.086,0.86,8,4
HD 3651 A_0,0.7924302225051003,0.06047750143119532,HD 3651 A,1.086,0.86,8,4
HD 3651 A_0,0.7972168871436489,0.0645220970793496,HD 3651 A,1.086,0.86,8,4
HD 3651 A_0,0.8001169240088569,0.04885422312392014,HD 3651 A,1.086,0.86,8,4
HD 3651 A_0,0.8031754515741535,0.07835106029907674,HD 3651 A,1.086,0.86,8,4
HD 3651 A_0,0.8035388191373087,0.05136796315166385,HD 3651 A,1.086,0.86,8,4
HD 3651 A_0,0.7959894226525559,0.06886257957438739,HD 3651 A,1.086,0.86,8,4
HD 3651 A_0,0.7954025087113598,0.04704479102560227,HD 3651 A,1.086,0.86,8,4
HD 3651 A_0,0.7955889416185696,0.10685034474164536,HD 3651 A,1.086,0.86,8,4
HD 3651 A_0,0.8021008689716859,0.0784700566967224,HD 3651 A,1.086,0.86,8,4
HD 3651 A_0,0.7964120382218226,0.09567536512805068,HD 3651 A,1.086,0.86,8,4
HD 3651 A_0,0.7988519128319398,0.06267699880942043,HD 3651 A,1.086,0.86,8,4
HD 3651 A_0,0.7965724998752418,0.06820912443891017,HD 3651 A,1.086,0.86,8,4
HD 3651 A_0,0.8008480018405398,0.059206919296412544,HD 3651 A,1.086,0.86,8,4
HD 3651 A_0,0.7974019387617779,0.042081431828994875,HD 3651 A,1.086,0.86,8,4
HD 3651 A_0,0.8018381956166856,0.062403594931012454,HD 3651 A,1.086,0.86,8,4
HD 3651 A_0,0.7927846456350098,0.06504469697580885,HD 3651 A,1.086,0.86,8,4
HD 3651 A_0,0.7963121471693747,0.06166058198132784,HD 3651 A,1.086,0.86,8,4
HD 3651 A_0,0.801278243673895,0.06528572749634651,HD 3651 A,1.086,0.86,8,4
HD 3651 A_0,0.7930497102787263,0.07757159745999664,HD 3651 A,1.086,0.86,8,4
HD 3651 A_0,0.7969451859973455,0.0759938297966499,HD 3651 A,1.086,0.86,8,4
HD 3651 A_0,0.800026318807532,0.06371767845168735,HD 3651 A,1.086,0.86,8,4
HD 3651 A_0,0.8027802116011855,0.08776955623464498,HD 3651 A,1.086,0.86,8,4
HD 3651 A_0,0.7962716366021865,0.0642939675996709,HD 3651 A,1.086,0.86,8,4
HD 3651 A_0,0.7937165571726994,0.06928486243121447,HD 3651 A,1.086,0.86,8,4
HD 3651 A_0,0.7765267895759133,0.041472022144669274,HD 3651 A,1.086,0.86,8,4
HD 3651 A_0,0.8014444859155985,0.05870942866251083,HD 3651 A,1.086,0.86,8,4
HD 3651 A_0,0.7740843064315274,0.043026882456554914,HD 3651 A,1.086,0.86,8,4
HD 3651 A_0,0.9286971697922316,0.06269048500321575,HD 3651 A,1.086,0.86,8,4
HD 3651 A_0,0.793683622328407,0.07413167717330993,HD 3651 A,1.086,0.86,8,4
HD 3651 A_0,0.7985061193105214,0.0252060021462652,HD 3651 A,1.086,0.86,8,4
HD 3651 A_0,0.7999642472651354,0.0728671881472894,HD 3651 A,1.086,0.86,8,4
HD 3651 A_0,0.7964677235364698,0.06881484615278685,HD 3651 A,1.086,0.86,8,4
HD 3651 A_0,0.9264137687967369,0.018525250528710194,HD 3651 A,1.086,0.86,8,4
HD 3651 A_0,0.7949850354807896,0.06256492505092784,HD 3651 A,1.086,0.86,8,4
HD 3651 A_0,0.7944751122471121,0.052434437782119106,HD 3651 A,1.086,0.86,8,4
HD 3651 A_0,0.7927416418569552,0.06610154334579675,HD 3651 A,1.086,0.86,8,4
HD 3651 A_0,0.7973343349308345,0.12116291598202393,HD 3651 A,1.086,0.86,8,4
HD 3651 A_0,0.8021621730955956,0.04179421789671643,HD 3651 A,1.086,0.86,8,4
HD 3651 A_0,0.7934391900273953,0.074590834976231,HD 3651 A,1.086,0.86,8,4
HD 3651 A_0,0.7966657123945832,0.06379013714269773,HD 3651 A,1.086,0.86,8,4
HD 3651 A_0,0.806686737337617,0.024104127652474536,HD 3651 A,1.086,0.86,8,4
HD 3651 A_0,0.7983848062649781,0.04131308652222037,HD 3651 A,1.086,0.86,8,4
HD 3651 A_0,0.7967977357896894,0.04673271934048615,HD 3651 A,1.086,0.86,8,4
HD 3651 A_0,0.7991773179167283,0.08202659499115343,HD 3651 A,1.086,0.86,8,4
HD 3651 A_0,0.793469030641079,0.06377226997819277,HD 3651 A,1.086,0.86,8,4
HD 3651 A_0,0.8018061028706559,0.09195333579142934,HD 3651 A,1.086,0.86,8,4
HD 3651 A_0,0.7986948974970681,0.06604224152297608,HD 3651 A,1.086,0.86,8,4
HD 3651 A_0,0.7988043420624733,0.07690383229963184,HD 3651 A,1.086,0.86,8,4
HD 3651 A_0,0.7934555185013594,0.09392112755961754,HD 3651 A,1.086,0.86,8,4
HD 3651 A_0,0.7948870075855649,0.07929686543903905,HD 3651 A,1.086,0.86,8,4
HD 3651 A_0,0.7942340271521007,0.06878288966957588,HD 3651 A,1.086,0.86,8,4
HD 3651 A_0,0.8020823179457414,0.07439004225428059,HD 3651 A,1.086,0.86,8,4
HD 3651 A_0,0.7933952125311882,0.09829835343498396,HD 3651 A,1.086,0.86,8,4
HD 3651 A_0,0.7971772645479248,0.06196940685799697,HD 3651 A,1.086,0.86,8,4
HD 3651 A_0,0.7992700621410094,0.0775945826566808,HD 3651 A,1.086,0.86,8,4
HD 3651 A_0,0.7943722387763176,0.07825033153209045,HD 3651 A,1.086,0.86,8,4
HD 3651 A_0,0.9319428656273873,0.020834431987958972,HD 3651 A,1.086,0.86,8,4
HD 3651 A_0,0.7947624757897908,0.07170426029697263,HD 3651 A,1.086,0.86,8,4
HD 3651 A_0,0.8028575007110073,0.04449830327099087,HD 3651 A,1.086,0.86,8,4
HD 3651 A_0,0.7935749537951644,0.0646489372858423,HD 3651 A,1.086,0.86,8,4
HD 3651 A_0,0.7940161027038777,0.06099113055122338,HD 3651 A,1.086,0.86,8,4
HD 3651 A_0,0.7964713473645341,0.05586289531474488,HD 3651 A,1.086,0.86,8,4
HD 3651 A_0,0.7972731498688131,0.053440519103437195,HD 3651 A,1.086,0.86,8,4
HD 3651 A_0,0.7926443978516883,0.08684185706359526,HD 3651 A,1.086,0.86,8,4
HD 3651 A_0,0.7996147006264126,0.08601996925510169,HD 3651 A,1.086,0.86,8,4
HD 3651 A_0,0.7931243413984415,0.04350588605366386,HD 3651 A,1.086,0.86,8,4
HD 3651 A_0,0.7946411272233552,0.08221683817992781,HD 3651 A,1.086,0.86,8,4
HD 3651 A_0,0.8005179741724879,0.047624342827278156,HD 3651 A,1.086,0.86,8,4
HD 3651 A_0,0.7981392459975934,0.05004122000323326,HD 3651 A,1.086,0.86,8,4
HD 3651 A_0,0.8030539826759348,0.06216318435514785,HD 3651 A,1.086,0.86,8,4
HD 3651 A_0,0.7972449210755397,0.08263210526871069,HD 3651 A,1.086,0.86,8,4
HD 3651 A_0,0.7993605643948826,0.062284698401816635,HD 3651 A,1.086,0.86,8,4
HD 3651 A_0,0.7997232493677398,0.09527263628258584,HD 3651 A,1.086,0.86,8,4
HD 3651 A_0,0.7986634135712366,0.0556182938298231,HD 3651 A,1.086,0.86,8,4
HD 3651 A_0,0.7958610770095284,0.07619263544716193,HD 3651 A,1.086,0.86,8,4
HD 3651 A_0,0.7985921196059387,0.06959432419625329,HD 3651 A,1.086,0.86,8,4
HD 3651 A_0,0.7986040097209148,0.060461744584432556,HD 3651 A,1.086,0.86,8,4
HD 3651 A_0,0.7998342584109138,0.061143858913941446,HD 3651 A,1.086,0.86,8,4
HD 3651 A_0,0.8005776261150758,0.06486657813327605,HD 3651 A,1.086,0.86,8,4
HD 3651 A_0,0.7962862949881723,0.055985257528043106,HD 3651 A,1.086,0.86,8,4
HD 3651 A_0,0.7966134165545379,0.08719767260762065,HD 3651 A,1.086,0.86,8,4
HD 3651 A_0,0.9300893779647582,0.021483464191627607,HD 3651 A,1.086,0.86,8,4
HD 3651 A_0,0.7997213064794805,0.05347027662153303,HD 3651 A,1.086,0.86,8,4
HD 3651 A_0,0.7956309042580921,0.03594973503764074,HD 3651 A,1.086,0.86,8,4
HD 3651 A_0,0.8004961832380936,0.04651056827704601,HD 3651 A,1.086,0.86,8,4
HD 3651 A_0,0.7950295244455114,0.05823047442391623,HD 3651 A,1.086,0.86,8,4
HD 3651 A_0,0.7992852454847298,0.08481252542943338,HD 3651 A,1.086,0.86,8,4
HD 3651 A_0,0.8003716607345316,0.06476442966662775,HD 3651 A,1.086,0.86,8,4
HD 3651 A_0,0.7970299032784728,0.04722134079141671,HD 3651 A,1.086,0.86,8,4
HD 3651 A_0,0.7957456295564842,0.11129508403308665,HD 3651 A,1.086,0.86,8,4
HD 3651 A_0,0.8002538145147623,0.07908530551972387,HD 3651 A,1.086,0.86,8,4
HD 3651 A_0,0.7973846940037141,0.06291336455913339,HD 3651 A,1.086,0.86,8,4
HD 3651 A_0,0.7993441239361082,0.04272445617627618,HD 3651 A,1.086,0.86,8,4
HD 3651 A_0,0.8005635178185145,0.07562873419913214,HD 3651 A,1.086,0.86,8,4
HD 3651 A_0,0.7978528831488191,0.07789206394572981,HD 3651 A,1.086,0.86,8,4
HD 3651 A_0,0.9377937479491844,0.13611813303454234,HD 3651 A,1.086,0.86,8,4
HD 3651 A_0,0.7965839835904419,0.072103194531248,HD 3651 A,1.086,0.86,8,4
HD 3651 A_0,0.7958614040194388,0.06497664594744922,HD 3651 A,1.086,0.86,8,4
HD 3651 A_0,0.7982894929327204,0.08271794010105296,HD 3651 A,1.086,0.86,8,4
HD 3651 A_0,0.7966794585734703,0.05910376714976769,HD 3651 A,1.086,0.86,8,4
HD 3651 A_0,0.7970965606807926,0.08081161869137071,HD 3651 A,1.086,0.86,8,4
HD 3651 A_0,0.9351713202773686,0.01488651204108093,HD 3651 A,1.086,0.86,8,4
HD 3651 A_0,0.7973748937966354,0.059547302901614675,HD 3651 A,1.086,0.86,8,4
HD 3651 A_0,0.7940946515298192,0.09046794396928398,HD 3651 A,1.086,0.86,8,4
HD 3651 A_0,0.7966204515493219,0.06332344273953562,HD 3651 A,1.086,0.86,8,4
HD 3651 A_0,0.7964602300415062,0.06342637252767647,HD 3651 A,1.086,0.86,8,4
HD 3651 A_0,0.7945658650413285,0.0751836480432526,HD 3651 A,1.086,0.86,8,4
HD 3651 A_0,0.7945493232458909,0.05157064115853556,HD 3651 A,1.086,0.86,8,4
HD 3651 A_0,0.8004522989249298,0.04193290263977068,HD 3651 A,1.086,0.86,8,4
HD 3651 A_0,0.8003683515491591,0.06858521864128478,HD 3651 A,1.086,0.86,8,4
HD 3651 A_0,0.7960956670367818,0.08738696670476448,HD 3651 A,1.086,0.86,8,4
HD 3651 A_0,0.7962735380250809,0.08557320674739673,HD 3651 A,1.086,0.86,8,4
HD 3651 A_0,0.795571725174284,0.09255549861000058,HD 3651 A,1.086,0.86,8,4
HD 3651 A_0,0.802423120748998,0.06451215723889056,HD 3651 A,1.086,0.86,8,4
HD 3651 A_0,0.7955305746244731,0.07752015477731597,HD 3651 A,1.086,0.86,8,4
HD 3651 A_0,0.7997742020920533,0.06182413943792753,HD 3651 A,1.086,0.86,8,4
HD 3651 A_0,0.7993245514440117,0.05566700578745297,HD 3651 A,1.086,0.86,8,4
HD 3651 A_0,0.7966110630012523,0.032102562042334096,HD 3651 A,1.086,0.86,8,4
HD 3651 A_0,0.795826534003454,0.09370006162758364,HD 3651 A,1.086,0.86,8,4
HD 3651 A_0,0.7951155995908011,0.06640259823420516,HD 3651 A,1.086,0.86,8,4
HD 3651 A_0,0.8009063788758102,0.06534527044871676,HD 3651 A,1.086,0.86,8,4
HD 3651 A_0,0.9313739833785838,0.01702420527746499,HD 3651 A,1.086,0.86,8,4
HD 3651 A_0,0.7967889819947409,0.08788636114553308,HD 3651 A,1.086,0.86,8,4
HD 3651 A_0,0.7997892873618923,0.06461941450868074,HD 3651 A,1.086,0.86,8,4
HD 3651 A_0,0.8018286060378818,0.062422650050684335,HD 3651 A,1.086,0.86,8,4
HD 3651 A_0,0.7965894875395805,0.040732169597635565,HD 3651 A,1.086,0.86,8,4
HD 3651 A_0,0.7944488082252176,0.07987013496814013,HD 3651 A,1.086,0.86,8,4
HD 3651 A_0,0.7998509556374495,0.08332781633889459,HD 3651 A,1.086,0.86,8,4
HD 3651 A_0,0.8026185169216862,0.06988235053633633,HD 3651 A,1.086,0.86,8,4
HD 3651 A_0,0.7969185537177722,0.07380744438205357,HD 3651 A,1.086,0.86,8,4
HD 3651 A_0,0.7950174333847024,0.08217603950431322,HD 3651 A,1.086,0.86,8,4
HD 3651 A_0,0.7958506655955734,0.07998665615552814,HD 3651 A,1.086,0.86,8,4
HD 3651 A_0,0.9303788594930642,0.08438439899129539,HD 3651 A,1.086,0.86,8,4
HD 3651 A_0,0.7940778967886888,0.06819480212515457,HD 3651 A,1.086,0.86,8,4
HD 3651 A_0,0.7949943627398962,0.08705485295656495,HD 3651 A,1.086,0.86,8,4
HD 3651 A_0,0.7955199822936314,0.04489522750756578,HD 3651 A,1.086,0.86,8,4
HD 3651 A_0,0.8001391055263418,0.06619673944236378,HD 3651 A,1.086,0.86,8,4
HD 3651 A_0,0.7915775275290378,0.0851621412287908,HD 3651 A,1.086,0.86,8,4
HD 3651 A_0,0.797901312388291,0.08580126511577835,HD 3651 A,1.086,0.86,8,4
HD 3651 A_0,0.798622405091412,0.09569817932436729,HD 3651 A,1.086,0.86,8,4
HD 3651 A_0,0.7937707003409853,0.02418719122628061,HD 3651 A,1.086,0.86,8,4
HD 3651 A_0,0.7973241327968984,0.07202278881722884,HD 3651 A,1.086,0.86,8,4
HD 3651 A_0,0.7769305976104,0.03332364387825433,HD 3651 A,1.086,0.86,8,4
HD 3651 A_0,0.7946138262520447,0.06428881645787873,HD 3651 A,1.086,0.86,8,4
HD 3651 A_0,0.8012471289551168,0.08835212588704247,HD 3651 A,1.086,0.86,8,4
HD 3651 A_0,0.7945931321786257,0.05434821216836824,HD 3651 A,1.086,0.86,8,4
HD 3651 A_0,0.7986037409279716,0.060518312384706424,HD 3651 A,1.086,0.86,8,4
HD 3651 A_0,0.7978206567484739,0.06830935349434925,HD 3651 A,1.086,0.86,8,4
HD 3651 A_0,0.7982315307708863,0.034414693986162925,HD 3651 A,1.086,0.86,8,4
HD 3651 A_0,0.7981801152967054,0.0524586116746059,HD 3651 A,1.086,0.86,8,4
HD 3651 A_0,0.7962143949733028,0.061044887619641205,HD 3651 A,1.086,0.86,8,4
HD 3651 A_0,0.7944627447411651,0.08534503700011113,HD 3651 A,1.086,0.86,8,4
HD 3651 A_0,0.8005312502538688,0.06394199080401937,HD 3651 A,1.086,0.86,8,4
HD 3651 A_0,0.7954970876951211,0.09673185495474212,HD 3651 A,1.086,0.86,8,4
HD 3651 A_0,0.7991109636975525,0.04494396414202305,HD 3651 A,1.086,0.86,8,4
HD 3651 A_0,0.7999713332627977,0.06000196704017493,HD 3651 A,1.086,0.86,8,4
HD 3651 A_0,0.7929332195181078,0.05085032174797497,HD 3651 A,1.086,0.86,8,4
HD 3651 A_0,0.7926500867417541,0.09040258037944253,HD 3651 A,1.086,0.86,8,4
HD 3651 A_0,0.7966098597327905,0.08895371259122398,HD 3651 A,1.086,0.86,8,4
HD 3651 A_0,0.7954961573848546,0.10312324788643122,HD 3651 A,1.086,0.86,8,4
HD 3651 A_0,0.79502667491871,0.040946105765099335,HD 3651 A,1.086,0.86,8,4
HD 3651 A_0,0.7951756006743016,0.06505224164747662,HD 3651 A,1.086,0.86,8,4
HD 3651 A_0,0.8030505851009007,0.05800409329917022,HD 3651 A,1.086,0.86,8,4
HD 3651 A_0,0.79308364519427,0.08235565202903355,HD 3651 A,1.086,0.86,8,4
HD 3651 A_0,0.798849314841296,0.051471930142966214,HD 3651 A,1.086,0.86,8,4
HD 3651 A_0,0.7927008421563647,0.05607512245100773,HD 3651 A,1.086,0.86,8,4
HD 3651 A_0,0.7979673530100834,0.07293412913065114,HD 3651 A,1.086,0.86,8,4
HD 3651 A_0,1.1790957092092877,0.19756950129515233,HD 3651 A,1.086,0.86,8,4
HD 3651 A_0,0.7944677618060908,0.0834857715038131,HD 3651 A,1.086,0.86,8,4
HD 3651 A_0,0.7989828084010406,0.0742889913194657,HD 3651 A,1.086,0.86,8,4
HD 3651 A_0,0.7987211613113704,0.07017131994464244,HD 3651 A,1.086,0.86,8,4
HD 3651 A_0,0.7970806874379768,0.08190956195304881,HD 3651 A,1.086,0.86,8,4
HD 3651 A_0,0.795688607670999,0.060061296479825395,HD 3651 A,1.086,0.86,8,4
HD 3651 A_0,0.7954335080946817,0.08913437466076399,HD 3651 A,1.086,0.86,8,4
HD 3651 A_0,0.7980923428770259,0.09259967464608121,HD 3651 A,1.086,0.86,8,4
HD 95735_3,0.10005161245044213,0.12502321782263154,HD 95735,0.847,0.44,8,7
HD 95735_3,0.09991857389841174,0.16410156032478002,HD 95735,0.847,0.44,8,7
HD 95735_3,0.09987859302748761,0.18693312165332931,HD 95735,0.847,0.44,8,7
HD 95735_3,0.09989022728365558,0.16871642669503958,HD 95735,0.847,0.44,8,7
HD 95735_3,0.09997853485632793,0.15072194272800168,HD 95735,0.847,0.44,8,7
HD 95735_3,0.10000388161340368,0.17141239111746562,HD 95735,0.847,0.44,8,7
HD 95735_3,0.0998276169910092,0.15813988599430998,HD 95735,0.847,0.44,8,7
HD 95735_3,0.10003261138132075,0.16138897557871112,HD 95735,0.847,0.44,8,7
HD 95735_3,0.10005857106015502,0.11523658093951408,HD 95735,0.847,0.44,8,7
HD 95735_3,0.09997263467118038,0.17150735382491508,HD 95735,0.847,0.44,8,7
HD 95735_3,0.09987296403884392,0.14991228289387468,HD 95735,0.847,0.44,8,7
HD 95735_3,0.09994123255763905,0.1620732173061698,HD 95735,0.847,0.44,8,7
HD 95735_3,0.09987386346675783,0.13530193098078036,HD 95735,0.847,0.44,8,7
HD 95735_3,0.10007741311411086,0.13016810909215853,HD 95735,0.847,0.44,8,7
HD 95735_3,0.09991567364812523,0.15983870039701642,HD 95735,0.847,0.44,8,7
HD 95735_3,0.09994089401328635,0.16275074182560334,HD 95735,0.847,0.44,8,7
HD 95735_3,0.09998682458382566,0.14516598845487422,HD 95735,0.847,0.44,8,7
HD 95735_3,0.10002945696664856,0.11602127357886216,HD 95735,0.847,0.44,8,7
HD 95735_3,0.09983267247240528,0.18113208116502177,HD 95735,0.847,0.44,8,7
HD 95735_3,0.10000938428523543,0.17325524756554284,HD 95735,0.847,0.44,8,7
HD 95735_3,0.0999535434665326,0.1510697146920818,HD 95735,0.847,0.44,8,7
HD 95735_3,0.0999537053698502,0.1452958819811726,HD 95735,0.847,0.44,8,7
HD 95735_3,0.09990515840802798,0.12406672335370102,HD 95735,0.847,0.44,8,7
HD 95735_3,0.09997879216166917,0.17540846346926653,HD 95735,0.847,0.44,8,7
HD 95735_3,0.09997048629683042,0.17081972032052745,HD 95735,0.847,0.44,8,7
HD 95735_3,0.09999384384862897,0.1618860801730683,HD 95735,0.847,0.44,8,7
HD 95735_3,0.09988026430829178,0.17463238875975512,HD 95735,0.847,0.44,8,7
HD 95735_3,0.09998386116318783,0.11248144047982936,HD 95735,0.847,0.44,8,7
HD 95735_3,0.10006162945901018,0.12106381058159135,HD 95735,0.847,0.44,8,7
HD 95735_3,0.09996246051247469,0.15273071501673002,HD 95735,0.847,0.44,8,7
HD 95735_3,0.09993369936436511,0.1561218448137594,HD 95735,0.847,0.44,8,7
HD 95735_3,0.0998570401885351,0.18947867793196982,HD 95735,0.847,0.44,8,7
HD 95735_3,0.10002544525464051,0.11012241437851772,HD 95735,0.847,0.44,8,7
HD 95735_3,0.09993381340814199,0.147594366624679,HD 95735,0.847,0.44,8,7
HD 95735_3,0.1000035698963736,0.12310728323302877,HD 95735,0.847,0.44,8,7
HD 95735_3,0.09985183860015791,0.15609295868354378,HD 95735,0.847,0.44,8,7
HD 95735_3,0.09979174588583888,0.19789101790896985,HD 95735,0.847,0.44,8,7
HD 95735_3,0.10004202380134239,0.10947351681531489,HD 95735,0.847,0.44,8,7
HD 95735_3,0.09999884119223144,0.10493312879752231,HD 95735,0.847,0.44,8,7
HD 95735_3,0.09996366339800965,0.16336276936451716,HD 95735,0.847,0.44,8,7
HD 95735_3,0.09996545872021001,0.15638095436783342,HD 95735,0.847,0.44,8,7
HD 95735_3,0.10000218005194234,0.1554532213537279,HD 95735,0.847,0.44,8,7
HD 95735_3,0.09997311813674443,0.16611177044069922,HD 95735,0.847,0.44,8,7
HD 95735_3,0.0997442990724629,0.205276359519665,HD 95735,0.847,0.44,8,7
HD 95735_3,0.09979512243589393,0.1661143811758542,HD 95735,0.847,0.44,8,7
HD 95735_3,0.09986643540791632,0.16424289817829715,HD 95735,0.847,0.44,8,7
HD 95735_3,0.0999688759972957,0.15702835105878651,HD 95735,0.847,0.44,8,7
HD 95735_3,0.09999064336581354,0.15422956377958616,HD 95735,0.847,0.44,8,7
HD 95735_3,0.09990794633938527,0.19988136014777164,HD 95735,0.847,0.44,8,7
HD 95735_3,0.10006669928021579,0.1367945701730942,HD 95735,0.847,0.44,8,7
HD 95735_3,0.09997878797901125,0.1275256641386718,HD 95735,0.847,0.44,8,7
HD 95735_3,0.10003293748842476,0.12110943180396005,HD 95735,0.847,0.44,8,7
HD 95735_3,0.09990595917018479,0.14315154271547104,HD 95735,0.847,0.44,8,7
HD 95735_3,0.0998974104109023,0.1677653727869105,HD 95735,0.847,0.44,8,7
HD 95735_3,0.09991779584888724,0.12371429967799778,HD 95735,0.847,0.44,8,7
HD 95735_3,0.09991518701023584,0.1356692620640559,HD 95735,0.847,0.44,8,7
HD 95735_3,0.0999556095274178,0.17557796505228798,HD 95735,0.847,0.44,8,7
HD 95735_3,0.09985896930259695,0.16898405636858618,HD 95735,0.847,0.44,8,7
HD 95735_3,0.0999595509057905,0.14719359011373967,HD 95735,0.847,0.44,8,7
HD 95735_3,0.0999454665417295,0.15822861414964717,HD 95735,0.847,0.44,8,7
HD 95735_3,0.09994946604756774,0.14265711549869328,HD 95735,0.847,0.44,8,7
HD 95735_3,0.10012180255714176,0.12418232470458947,HD 95735,0.847,0.44,8,7
HD 95735_3,0.0998000469280947,0.21245590840428685,HD 95735,0.847,0.44,8,7
HD 95735_3,0.09994225291950869,0.16709981261877033,HD 95735,0.847,0.44,8,7
HD 95735_3,0.10001246213501776,0.13419144190054735,HD 95735,0.847,0.44,8,7
HD 95735_3,0.09993974441015982,0.1626536200602163,HD 95735,0.847,0.44,8,7
HD 95735_3,0.0998635419830419,0.15222983096289056,HD 95735,0.847,0.44,8,7
HD 95735_3,0.10000655434103341,0.1570557120476712,HD 95735,0.847,0.44,8,7
HD 95735_3,0.09996257751860216,0.16775198192944646,HD 95735,0.847,0.44,8,7
HD 95735_3,0.09996189791394743,0.16075774752122873,HD 95735,0.847,0.44,8,7
HD 95735_3,0.10006047153903594,0.13637129022347472,HD 95735,0.847,0.44,8,7
HD 95735_3,0.10005721519830678,0.13430209857795275,HD 95735,0.847,0.44,8,7
HD 95735_3,0.0999142716804454,0.1807044369048403,HD 95735,0.847,0.44,8,7
HD 95735_3,0.10002331130215959,0.12496231360070571,HD 95735,0.847,0.44,8,7
HD 95735_3,0.0998391741214628,0.16383853047540115,HD 95735,0.847,0.44,8,7
HD 95735_3,0.09999348749165912,0.16552603759748508,HD 95735,0.847,0.44,8,7
HD 95735_3,0.0999177793135866,0.15119964527862328,HD 95735,0.847,0.44,8,7
HD 95735_3,0.09996745307731512,0.15260612633489903,HD 95735,0.847,0.44,8,7
HD 95735_3,0.10003631528011303,0.14506003751539168,HD 95735,0.847,0.44,8,7
HD 95735_3,0.09985986343236174,0.18372469903070285,HD 95735,0.847,0.44,8,7
HD 95735_3,0.09983108328278144,0.1476072271910228,HD 95735,0.847,0.44,8,7
HD 95735_3,0.09978750573041599,0.18955607211915645,HD 95735,0.847,0.44,8,7
HD 95735_3,0.09983722121164629,0.1613794321882085,HD 95735,0.847,0.44,8,7
HD 95735_3,0.09984808578289298,0.17820198926479902,HD 95735,0.847,0.44,8,7
HD 95735_3,0.10008912293942686,0.14380813152651392,HD 95735,0.847,0.44,8,7
HD 95735_3,0.1000570892837672,0.11478282743830626,HD 95735,0.847,0.44,8,7
HD 95735_3,0.09994245035476616,0.14108863783166264,HD 95735,0.847,0.44,8,7
HD 95735_3,0.09997269115062479,0.12961217975641168,HD 95735,0.847,0.44,8,7
HD 95735_3,0.09993488866287258,0.1153300368289426,HD 95735,0.847,0.44,8,7
HD 95735_3,0.09995652038970564,0.1459754127064277,HD 95735,0.847,0.44,8,7
HD 95735_3,0.09992122045766814,0.13018290825361553,HD 95735,0.847,0.44,8,7
HD 95735_3,0.09988001680959696,0.17396998049001255,HD 95735,0.847,0.44,8,7
HD 95735_3,0.10002278720779673,0.12188946266826857,HD 95735,0.847,0.44,8,7
HD 95735_3,0.09977934209459717,0.20231689104174302,HD 95735,0.847,0.44,8,7
HD 95735_3,0.09987080828259544,0.1543118578372841,HD 95735,0.847,0.44,8,7
HD 95735_3,0.09987224647354818,0.16187931101093989,HD 95735,0.847,0.44,8,7
HD 95735_3,0.10005913174466391,0.11295239322144332,HD 95735,0.847,0.44,8,7
HD 95735_3,0.09994275053859251,0.15211231247702833,HD 95735,0.847,0.44,8,7
HD 95735_3,0.09996404878283115,0.14709123976825578,HD 95735,0.847,0.44,8,7
HD 95735_3,0.09993969378671165,0.17454161802264337,HD 95735,0.847,0.44,8,7
HD 95735_3,0.1000001855987756,0.16377673571078066,HD 95735,0.847,0.44,8,7
HD 95735_3,0.09984687705417618,0.16645680570277882,HD 95735,0.847,0.44,8,7
HD 95735_3,0.09989774705801834,0.18029468718271854,HD 95735,0.847,0.44,8,7
HD 95735_3,0.10006462560065295,0.11663962188986296,HD 95735,0.847,0.44,8,7
HD 95735_3,0.10005236431820137,0.142294444458104,HD 95735,0.847,0.44,8,7
HD 95735_3,0.10000999053741731,0.15186849981764516,HD 95735,0.847,0.44,8,7
HD 95735_3,0.10002592615435066,0.17880176789053281,HD 95735,0.847,0.44,8,7
HD 95735_3,0.0998690019177858,0.17344760777838517,HD 95735,0.847,0.44,8,7
HD 95735_3,0.09994497911492825,0.16899434247056658,HD 95735,0.847,0.44,8,7
HD 95735_3,0.10010840852699,0.13622705199470905,HD 95735,0.847,0.44,8,7
HD 95735_3,0.10000373910837443,0.15408378429071895,HD 95735,0.847,0.44,8,7
HD 95735_3,0.09988950483641794,0.15892712346008322,HD 95735,0.847,0.44,8,7
HD 95735_3,0.10004219715126857,0.12559958053690468,HD 95735,0.847,0.44,8,7
HD 95735_3,0.09993914048556347,0.14735541850725645,HD 95735,0.847,0.44,8,7
HD 95735_3,0.09998627003676995,0.15300951249856962,HD 95735,0.847,0.44,8,7
HD 95735_3,0.09993626944087713,0.15842361805313482,HD 95735,0.847,0.44,8,7
HD 95735_3,0.10005432118602975,0.12088684754413948,HD 95735,0.847,0.44,8,7
HD 95735_3,0.10008782719700964,0.107041794240508,HD 95735,0.847,0.44,8,7
HD 95735_3,0.09982250018402064,0.21884425532263796,HD 95735,0.847,0.44,8,7
HD 95735_3,0.09993477752136054,0.12908981148676887,HD 95735,0.847,0.44,8,7
HD 95735_3,0.0999213973625366,0.18641574163327357,HD 95735,0.847,0.44,8,7
HD 95735_3,0.10008942047192285,0.10925309434629413,HD 95735,0.847,0.44,8,7
HD 95735_3,0.09995272289070742,0.18452467178960452,HD 95735,0.847,0.44,8,7
HD 95735_3,0.09992782740091248,0.19605729487947882,HD 95735,0.847,0.44,8,7
HD 95735_3,0.09983853400657952,0.16376256928822183,HD 95735,0.847,0.44,8,7
HD 95735_3,0.09994099507026546,0.14858450173176432,HD 95735,0.847,0.44,8,7
HD 95735_3,0.09996450977835186,0.16123997873118984,HD 95735,0.847,0.44,8,7
HD 95735_3,0.0999012064691845,0.178071397501511,HD 95735,0.847,0.44,8,7
HD 95735_3,0.10003821380140013,0.15509590710164536,HD 95735,0.847,0.44,8,7
HD 95735_3,0.0999527672010793,0.1611218508139401,HD 95735,0.847,0.44,8,7
HD 95735_3,0.09992801070061082,0.14535963437592272,HD 95735,0.847,0.44,8,7
HD 95735_3,0.10000481689252315,0.14452539713889243,HD 95735,0.847,0.44,8,7
HD 95735_3,0.09988156300219873,0.14639850877089014,HD 95735,0.847,0.44,8,7
HD 95735_3,0.09992122864226947,0.17604218678216293,HD 95735,0.847,0.44,8,7
HD 95735_3,0.10006462839354718,0.13546232116776083,HD 95735,0.847,0.44,8,7
HD 95735_3,0.09993738666847723,0.178229607620759,HD 95735,0.847,0.44,8,7
HD 95735_3,0.0998876712817199,0.15390112079301835,HD 95735,0.847,0.44,8,7
HD 95735_3,0.0999133522694323,0.14658223117700164,HD 95735,0.847,0.44,8,7
HD 95735_3,0.10000731281301041,0.11781922263191708,HD 95735,0.847,0.44,8,7
HD 95735_3,0.10003493520540108,0.1528317708119613,HD 95735,0.847,0.44,8,7
HD 95735_3,0.10003419820928613,0.13073233468914328,HD 95735,0.847,0.44,8,7
HD 95735_3,0.09999152707963449,0.14001332465686583,HD 95735,0.847,0.44,8,7
HD 95735_3,0.0997843762727849,0.1690545885286805,HD 95735,0.847,0.44,8,7
HD 95735_3,0.09979465875487059,0.20474722953974198,HD 95735,0.847,0.44,8,7
HD 95735_3,0.09991845484748452,0.20519115367270285,HD 95735,0.847,0.44,8,7
HD 95735_3,0.09996924840564758,0.13398173135258962,HD 95735,0.847,0.44,8,7
HD 95735_3,0.09991297155643518,0.1750664553543039,HD 95735,0.847,0.44,8,7
HD 95735_3,0.09993786286435168,0.1615317435753393,HD 95735,0.847,0.44,8,7
HD 95735_3,0.09995036635642104,0.15608771155388107,HD 95735,0.847,0.44,8,7
HD 95735_3,0.09994988261602719,0.1509545720916955,HD 95735,0.847,0.44,8,7
HD 95735_3,0.10000117751662696,0.16137140518024484,HD 95735,0.847,0.44,8,7
HD 95735_3,0.09997017921656244,0.15269480928864906,HD 95735,0.847,0.44,8,7
HD 95735_3,0.09994386991997825,0.1516982536858367,HD 95735,0.847,0.44,8,7
HD 95735_3,0.09991778034784389,0.14126549283320383,HD 95735,0.847,0.44,8,7
HD 95735_3,0.0999797197453219,0.19042469556747052,HD 95735,0.847,0.44,8,7
HD 95735_3,0.09999257595279352,0.10174028650915973,HD 95735,0.847,0.44,8,7
HD 95735_3,0.09985390933439794,0.17140734541525204,HD 95735,0.847,0.44,8,7
HD 95735_3,0.1000078574971195,0.14420369857292656,HD 95735,0.847,0.44,8,7
HD 95735_3,0.09972880195827323,0.21266524518980023,HD 95735,0.847,0.44,8,7
HD 95735_3,0.09996174121554503,0.1489112265996981,HD 95735,0.847,0.44,8,7
HD 95735_3,0.09996513644173832,0.17092077142597017,HD 95735,0.847,0.44,8,7
HD 95735_3,0.09989934332898949,0.16874364543802506,HD 95735,0.847,0.44,8,7
HD 95735_3,0.09990193091896653,0.16961351397992902,HD 95735,0.847,0.44,8,7
HD 95735_3,0.10002562923133827,0.14004243735544983,HD 95735,0.847,0.44,8,7
HD 95735_3,0.09985953406864446,0.19581259475790724,HD 95735,0.847,0.44,8,7
HD 95735_3,0.09999147588196579,0.13347795430168524,HD 95735,0.847,0.44,8,7
HD 95735_3,0.09992812662985123,0.17496107223824228,HD 95735,0.847,0.44,8,7
HD 95735_3,0.09988165095007336,0.16125515396887397,HD 95735,0.847,0.44,8,7
HD 95735_3,0.09990375568098607,0.17267167018704888,HD 95735,0.847,0.44,8,7
HD 95735_3,0.10007497440768623,0.15975648776048362,HD 95735,0.847,0.44,8,7
HD 95735_3,0.09999296885065001,0.16279356281575932,HD 95735,0.847,0.44,8,7
HD 95735_3,0.09999707023729601,0.13501164805436783,HD 95735,0.847,0.44,8,7
HD 95735_3,0.09986284358167424,0.177210777004957,HD 95735,0.847,0.44,8,7
HD 95735_3,0.09990988375095229,0.15206620066912144,HD 95735,0.847,0.44,8,7
HD 95735_3,0.09999754108376813,0.15742730237815433,HD 95735,0.847,0.44,8,7
HD 95735_3,0.0998802156838741,0.17127495842933418,HD 95735,0.847,0.44,8,7
HD 95735_3,0.0999717223267703,0.17152460605605768,HD 95735,0.847,0.44,8,7
HD 95735_3,0.09989510493244541,0.1690617052404636,HD 95735,0.847,0.44,8,7
HD 95735_3,0.09997226405521659,0.1559467769506792,HD 95735,0.847,0.44,8,7
HD 95735_3,0.09997841626103714,0.16083068833506542,HD 95735,0.847,0.44,8,7
HD 95735_3,0.09996942339808194,0.14401313407134722,HD 95735,0.847,0.44,8,7
HD 95735_3,0.09993349712224758,0.1753528597849892,HD 95735,0.847,0.44,8,7
HD 95735_3,0.09998439421810522,0.1440067603722987,HD 95735,0.847,0.44,8,7
HD 95735_3,0.09997502027722159,0.13595099197139188,HD 95735,0.847,0.44,8,7
HD 95735_3,0.0999107583275419,0.14927938224317447,HD 95735,0.847,0.44,8,7
HD 95735_3,0.099946487712327,0.13533654064920606,HD 95735,0.847,0.44,8,7
HD 95735_3,0.09988313146700936,0.15645392924025195,HD 95735,0.847,0.44,8,7
HD 95735_3,0.09997935450759102,0.14197482220097318,HD 95735,0.847,0.44,8,7
HD 95735_3,0.09993707906274242,0.16461950874810669,HD 95735,0.847,0.44,8,7
HD 95735_3,0.10000110033844072,0.12866148030277208,HD 95735,0.847,0.44,8,7
HD 95735_3,0.1000271195878632,0.14208406774794696,HD 95735,0.847,0.44,8,7
HD 95735_3,0.10013111018978807,0.13683006899011993,HD 95735,0.847,0.44,8,7
HD 95735_3,0.09992434971723836,0.14068867899902693,HD 95735,0.847,0.44,8,7
HD 95735_3,0.09993421584546164,0.13941305039609128,HD 95735,0.847,0.44,8,7
HD 95735_3,0.09992391849505838,0.16492394389280088,HD 95735,0.847,0.44,8,7
HD 95735_3,0.10008671112489378,0.12078852161792411,HD 95735,0.847,0.44,8,7
HD 95735_3,0.10008555077432477,0.13084636454676257,HD 95735,0.847,0.44,8,7
HD 95735_3,0.09997102519707836,0.1316230732055355,HD 95735,0.847,0.44,8,7
HD 95735_3,0.0998264856283436,0.19701820904608952,HD 95735,0.847,0.44,8,7
HD 95735_3,0.09987790126585461,0.19213398891572117,HD 95735,0.847,0.44,8,7
HD 95735_3,0.09993443915693102,0.1373444461248874,HD 95735,0.847,0.44,8,7
HD 95735_3,0.10002634113675535,0.12724656718397234,HD 95735,0.847,0.44,8,7
HD 95735_3,0.09992604587093108,0.17549230032987395,HD 95735,0.847,0.44,8,7
HD 95735_3,0.10008575643353346,0.10748349872150964,HD 95735,0.847,0.44,8,7
HD 95735_3,0.09997693616230051,0.16178337629071965,HD 95735,0.847,0.44,8,7
HD 95735_3,0.0998888859890344,0.1325016847432136,HD 95735,0.847,0.44,8,7
HD 95735_3,0.09976114669054074,0.19319812572338002,HD 95735,0.847,0.44,8,7
HD 95735_3,0.09982109048447285,0.16832694128632292,HD 95735,0.847,0.44,8,7
HD 95735_3,0.10008768774695494,0.1417432953930845,HD 95735,0.847,0.44,8,7
HD 95735_3,0.09994568521810229,0.1690518280809357,HD 95735,0.847,0.44,8,7
HD 95735_3,0.09986187965867185,0.1996425686785569,HD 95735,0.847,0.44,8,7
HD 95735_3,0.09992046517922244,0.1718406428609889,HD 95735,0.847,0.44,8,7
HD 95735_3,0.09970012801885399,0.18975654814659054,HD 95735,0.847,0.44,8,7
HD 95735_3,0.09995301601783314,0.15420782416039874,HD 95735,0.847,0.44,8,7
HD 95735_3,0.09992921478183289,0.17007040428248463,HD 95735,0.847,0.44,8,7
HD 95735_3,0.09998067449706252,0.1286140952384287,HD 95735,0.847,0.44,8,7
HD 95735_3,0.09992339926516441,0.15730744696811044,HD 95735,0.847,0.44,8,7
HD 95735_3,0.09993095157344874,0.15326501934306222,HD 95735,0.847,0.44,8,7
HD 95735_3,0.09990046291042277,0.15126210351457103,HD 95735,0.847,0.44,8,7
HD 95735_3,0.0998233295752766,0.18815604422458493,HD 95735,0.847,0.44,8,7
HD 95735_3,0.09979879561042376,0.20343634349602108,HD 95735,0.847,0.44,8,7
HD 95735_3,0.09999388254765494,0.16214984998396584,HD 95735,0.847,0.44,8,7
HD 95735_3,0.10000795235142312,0.12417086727354415,HD 95735,0.847,0.44,8,7
HD 95735_3,0.09989355150493599,0.19057821728832067,HD 95735,0.847,0.44,8,7
HD 95735_3,0.09991331830331325,0.1732049906892194,HD 95735,0.847,0.44,8,7
HD 95735_3,0.09995131931054395,0.14700123067142817,HD 95735,0.847,0.44,8,7
HD 95735_3,0.09986689619223751,0.1673395992552646,HD 95735,0.847,0.44,8,7
HD 95735_3,0.0999121700288125,0.15355289481194076,HD 95735,0.847,0.44,8,7
HD 95735_3,0.10001772987926218,0.13405043948589063,HD 95735,0.847,0.44,8,7
HD 95735_3,0.09984901253408655,0.16506756305129558,HD 95735,0.847,0.44,8,7
HD 95735_3,0.099876289823892,0.20237498043077445,HD 95735,0.847,0.44,8,7
HD 95735_3,0.09993512363249485,0.15262401683326496,HD 95735,0.847,0.44,8,7
HD 95735_3,0.09995029297387316,0.16278853974220822,HD 95735,0.847,0.44,8,7
HD 95735_3,0.10000779301561832,0.13439504179500678,HD 95735,0.847,0.44,8,7
HD 95735_3,0.09988754577660998,0.20017355269811332,HD 95735,0.847,0.44,8,7
HD 95735_3,0.0999609885084822,0.1379456865208291,HD 95735,0.847,0.44,8,7
HD 95735_3,0.0998901618476774,0.14351003201232987,HD 95735,0.847,0.44,8,7
HD 95735_3,0.10000912628611004,0.12051889160094714,HD 95735,0.847,0.44,8,7
HD 95735_3,0.09992909188998038,0.1563644499896932,HD 95735,0.847,0.44,8,7
HD 95735_3,0.09983795249260634,0.18345228697697522,HD 95735,0.847,0.44,8,7
HD 95735_3,0.09983937391620322,0.15688255770660672,HD 95735,0.847,0.44,8,7
HD 95735_3,0.09995471964260484,0.16513529421287082,HD 95735,0.847,0.44,8,7
HD 95735_3,0.09996762485617491,0.16184666799484249,HD 95735,0.847,0.44,8,7
HD 95735_3,0.10000583242696727,0.17755892154949685,HD 95735,0.847,0.44,8,7
HD 95735_3,0.09996754864435192,0.1655054350762148,HD 95735,0.847,0.44,8,7
HD 95735_3,0.09995958356338613,0.12480495582974463,HD 95735,0.847,0.44,8,7
HD 95735_3,0.10004909060103352,0.14404608917771608,HD 95735,0.847,0.44,8,7
HD 95735_3,0.10000468073848875,0.14245839839345675,HD 95735,0.847,0.44,8,7
HD 95735_3,0.10000281002086245,0.13866565243201878,HD 95735,0.847,0.44,8,7
HD 95735_3,0.09986014012901419,0.16969625210598938,HD 95735,0.847,0.44,8,7
HD 95735_3,0.09983532663300702,0.1827667837100216,HD 95735,0.847,0.44,8,7
HD 95735_3,0.09976630697083896,0.20763494268079402,HD 95735,0.847,0.44,8,7
HD 95735_3,0.09998690043247987,0.16714285319757433,HD 95735,0.847,0.44,8,7
HD 95735_3,0.0999895905285196,0.1343886795247321,HD 95735,0.847,0.44,8,7
HD 95735_3,0.09993695514554654,0.14078215966129648,HD 95735,0.847,0.44,8,7
HD 95735_3,0.09993745497235328,0.15997070481021566,HD 95735,0.847,0.44,8,7
HD 95735_3,0.09997012682499859,0.154665453847584,HD 95735,0.847,0.44,8,7
HD 95735_3,0.09985347995778722,0.14930911810279027,HD 95735,0.847,0.44,8,7
HD 95735_3,0.09997064451596145,0.15109416982022011,HD 95735,0.847,0.44,8,7
HD 95735_3,0.09994884696820047,0.1627465666978019,HD 95735,0.847,0.44,8,7
HD 95735_3,0.10002339596282113,0.1388204053476988,HD 95735,0.847,0.44,8,7
HD 95735_3,0.09998895716379778,0.14056293428068334,HD 95735,0.847,0.44,8,7
HD 95735_3,0.09968519270270113,0.21149457762043083,HD 95735,0.847,0.44,8,7
HD 95735_3,0.09988924886303524,0.16370684068908853,HD 95735,0.847,0.44,8,7
HD 95735_3,0.09996747724621055,0.12326272707131015,HD 95735,0.847,0.44,8,7
HD 95735_3,0.09999577145010516,0.1343352380322232,HD 95735,0.847,0.44,8,7
HD 95735_3,0.10003289205401417,0.15651695463930634,HD 95735,0.847,0.44,8,7
HD 95735_3,0.09996047774184699,0.14978993028331558,HD 95735,0.847,0.44,8,7
HD 95735_3,0.10002561000270352,0.12196527931254336,HD 95735,0.847,0.44,8,7
HD 95735_3,0.0999645975451776,0.17042502118146524,HD 95735,0.847,0.44,8,7
HD 95735_3,0.09994578252056126,0.1583344414407434,HD 95735,0.847,0.44,8,7
HD 95735_3,0.09988116672558242,0.17283606284379277,HD 95735,0.847,0.44,8,7
HD 95735_3,0.09989048708471832,0.19080244357977666,HD 95735,0.847,0.44,8,7
HD 95735_3,0.10000529602074706,0.14500183287020652,HD 95735,0.847,0.44,8,7
HD 95735_3,0.09993014241916294,0.15447410053645216,HD 95735,0.847,0.44,8,7
HD 95735_3,0.09989917166970451,0.16412374819584175,HD 95735,0.847,0.44,8,7
HD 95735_3,0.1000316765791742,0.1278470175342965,HD 95735,0.847,0.44,8,7
HD 95735_3,0.10001463923345885,0.12778204190368475,HD 95735,0.847,0.44,8,7
HD 95735_3,0.09995912443644359,0.15287256662122317,HD 95735,0.847,0.44,8,7
HD 95735_3,0.09988305882205102,0.16756671593071404,HD 95735,0.847,0.44,8,7
HD 95735_3,0.10002987161270013,0.15563065878588692,HD 95735,0.847,0.44,8,7
HD 95735_3,0.09988540211705477,0.17909934488920462,HD 95735,0.847,0.44,8,7
HD 95735_3,0.10001704082949422,0.13509907854060735,HD 95735,0.847,0.44,8,7
HD 95735_3,0.10007512238772195,0.12901071894143012,HD 95735,0.847,0.44,8,7
HD 95735_3,0.09999365900757158,0.15196314750988602,HD 95735,0.847,0.44,8,7
HD 95735_3,0.09986086186072474,0.1751638802656545,HD 95735,0.847,0.44,8,7
HD 95735_3,0.09992434146867864,0.16589925021184074,HD 95735,0.847,0.44,8,7
HD 95735_3,0.09994176663883111,0.16901173396081348,HD 95735,0.847,0.44,8,7
HD 95735_3,0.10011468373415577,0.10523270304010164,HD 95735,0.847,0.44,8,7
HD 95735_3,0.10000219103017119,0.1483956395571484,HD 95735,0.847,0.44,8,7
HD 95735_3,0.10010304920382757,0.1126721353709319,HD 95735,0.847,0.44,8,7
HD 95735_3,0.09998938498014026,0.12644205976555756,HD 95735,0.847,0.44,8,7
HD 95735_3,0.0999435869458123,0.14581756036764412,HD 95735,0.847,0.44,8,7
HD 95735_3,0.09999097818653005,0.1315697771846977,HD 95735,0.847,0.44,8,7
HD 95735_3,0.09992610101916012,0.17423000825145343,HD 95735,0.847,0.44,8,7
HD 95735_3,0.10000028061144965,0.14050114917682638,HD 95735,0.847,0.44,8,7
HD 95735_3,0.10000693821253141,0.13851968138885734,HD 95735,0.847,0.44,8,7
HD 95735_3,0.10000605739908319,0.15948150750328124,HD 95735,0.847,0.44,8,7
HD 95735_3,0.10002374512368284,0.14586804816005886,HD 95735,0.847,0.44,8,7
HD 95735_3,0.099981860287218,0.15179960036717677,HD 95735,0.847,0.44,8,7
HD 95735_3,0.09980941321949914,0.14277164867961276,HD 95735,0.847,0.44,8,7
HD 95735_3,0.09992057560841056,0.16418191762656065,HD 95735,0.847,0.44,8,7
HD 95735_3,0.09990548949489561,0.14479440964852291,HD 95735,0.847,0.44,8,7
HD 95735_3,0.10001920025001539,0.138114321943104,HD 95735,0.847,0.44,8,7
HD 95735_3,0.1000982951405072,0.11610644685328694,HD 95735,0.847,0.44,8,7
HD 95735_3,0.0999906587840008,0.12704142613864378,HD 95735,0.847,0.44,8,7
HD 95735_3,0.10005637979312404,0.14277162556977416,HD 95735,0.847,0.44,8,7
HD 95735_3,0.1000394095629348,0.1339116755127059,HD 95735,0.847,0.44,8,7
HD 95735_3,0.09997270275672297,0.1565076538966722,HD 95735,0.847,0.44,8,7
HD 95735_3,0.09990723078572229,0.15066340683458407,HD 95735,0.847,0.44,8,7
HD 95735_3,0.10006492452697763,0.13003442072934854,HD 95735,0.847,0.44,8,7
HD 95735_3,0.09995071242754869,0.16746102590313686,HD 95735,0.847,0.44,8,7
HD 95735_3,0.10001184755568068,0.16075856413385353,HD 95735,0.847,0.44,8,7
HD 95735_3,0.09991823897740637,0.1797797562502246,HD 95735,0.847,0.44,8,7
HD 95735_3,0.10001911019435407,0.14157413968630295,HD 95735,0.847,0.44,8,7
HD 95735_3,0.0997736064261824,0.1877488152546199,HD 95735,0.847,0.44,8,7
HD 95735_3,0.09994201401282968,0.11978792667724039,HD 95735,0.847,0.44,8,7
HD 95735_3,0.09987484633862354,0.17465453126941818,HD 95735,0.847,0.44,8,7
HD 95735_3,0.09978503309632827,0.21325740452941638,HD 95735,0.847,0.44,8,7
HD 95735_3,0.09996683217811887,0.19307738725667822,HD 95735,0.847,0.44,8,7
HD 95735_3,0.09997465577917726,0.1459587529803752,HD 95735,0.847,0.44,8,7
HD 95735_3,0.10002011091294005,0.14098447639438302,HD 95735,0.847,0.44,8,7
HD 95735_3,0.10000914149236094,0.14693396836619593,HD 95735,0.847,0.44,8,7
HD 95735_3,0.09985711577813226,0.17361704437884207,HD 95735,0.847,0.44,8,7
HD 95735_3,0.09981244517275015,0.18811336449978938,HD 95735,0.847,0.44,8,7
HD 95735_3,0.09992549258517394,0.14322329483037777,HD 95735,0.847,0.44,8,7
HD 95735_3,0.09980650255904613,0.19959220343484146,HD 95735,0.847,0.44,8,7
HD 95735_3,0.09995770503724877,0.1538404051025186,HD 95735,0.847,0.44,8,7
HD 95735_3,0.09998752740909957,0.15208344456582562,HD 95735,0.847,0.44,8,7
HD 95735_3,0.09986620513347351,0.17203084328428425,HD 95735,0.847,0.44,8,7
HD 95735_3,0.09991918238807372,0.1611911028789434,HD 95735,0.847,0.44,8,7
HD 95735_3,0.09983320799995106,0.18592151858322475,HD 95735,0.847,0.44,8,7
HD 95735_3,0.09992457130357507,0.16894715528438994,HD 95735,0.847,0.44,8,7
HD 95735_3,0.10003142781188328,0.14436259818716501,HD 95735,0.847,0.44,8,7
HD 95735_3,0.09997334826736862,0.15879310703904778,HD 95735,0.847,0.44,8,7
HD 95735_3,0.10002067779536672,0.145421033997482,HD 95735,0.847,0.44,8,7
HD 95735_3,0.10003085481470346,0.12062951186105281,HD 95735,0.847,0.44,8,7
HD 95735_3,0.10001591343491552,0.15567706960906275,HD 95735,0.847,0.44,8,7
HD 95735_3,0.0998498229334985,0.15899611038933142,HD 95735,0.847,0.44,8,7
HD 95735_3,0.09992283365696307,0.1489794736421059,HD 95735,0.847,0.44,8,7
HD 95735_3,0.09989903104086055,0.14363022473683668,HD 95735,0.847,0.44,8,7
HD 95735_3,0.09991481187081039,0.1827527123551228,HD 95735,0.847,0.44,8,7
HD 95735_3,0.09997593781236964,0.14432947302359836,HD 95735,0.847,0.44,8,7
HD 95735_3,0.10000020714123758,0.13181023340949485,HD 95735,0.847,0.44,8,7
HD 95735_3,0.09995120154202057,0.15997187316460987,HD 95735,0.847,0.44,8,7
HD 95735_3,0.09998229058325671,0.1454500210148396,HD 95735,0.847,0.44,8,7
HD 95735_3,0.10004480401638996,0.13780425072279132,HD 95735,0.847,0.44,8,7
HD 95735_3,0.09978622650836394,0.1994633697371225,HD 95735,0.847,0.44,8,7
HD 95735_3,0.09997042374857942,0.13975161942845202,HD 95735,0.847,0.44,8,7
HD 95735_3,0.09983831913124167,0.18122221068829655,HD 95735,0.847,0.44,8,7
HD 95735_3,0.09993543693667513,0.1394978113079043,HD 95735,0.847,0.44,8,7
HD 95735_3,0.09999047388653452,0.12691260498096207,HD 95735,0.847,0.44,8,7
HD 95735_3,0.09990062054452381,0.12375039808391158,HD 95735,0.847,0.44,8,7
HD 95735_3,0.09999603675359203,0.11699876183850191,HD 95735,0.847,0.44,8,7
HD 95735_3,0.10003148377071347,0.14399473865785778,HD 95735,0.847,0.44,8,7
HD 95735_3,0.0999477835370579,0.14673207379278064,HD 95735,0.847,0.44,8,7
HD 95735_3,0.09992601305246629,0.1418263104777969,HD 95735,0.847,0.44,8,7
HD 95735_3,0.09992653421544544,0.17531396474378527,HD 95735,0.847,0.44,8,7
HD 95735_3,0.09996640163119594,0.12488634991480034,HD 95735,0.847,0.44,8,7
HD 95735_3,0.10000836802205144,0.16313111738339028,HD 95735,0.847,0.44,8,7
HD 95735_3,0.10001903094345242,0.13876494057705246,HD 95735,0.847,0.44,8,7
HD 95735_3,0.09984874214176268,0.17593409774017932,HD 95735,0.847,0.44,8,7
HD 95735_3,0.0998970176177909,0.15472659287096252,HD 95735,0.847,0.44,8,7
HD 95735_3,0.09995476493145909,0.13943791606101388,HD 95735,0.847,0.44,8,7
HD 95735_3,0.09999380281744903,0.13903732609393152,HD 95735,0.847,0.44,8,7
HD 95735_3,0.10008980922686447,0.1280008050523136,HD 95735,0.847,0.44,8,7
HD 95735_3,0.09990779961869281,0.14137832966822106,HD 95735,0.847,0.44,8,7
HD 95735_3,0.10000468514364924,0.14148229507927074,HD 95735,0.847,0.44,8,7
HD 95735_3,0.09993704378122654,0.16374517029663738,HD 95735,0.847,0.44,8,7
HD 95735_3,0.0999916859259588,0.14528901807063813,HD 95735,0.847,0.44,8,7
HD 95735_3,0.09989510036132038,0.15755993496319215,HD 95735,0.847,0.44,8,7
HD 95735_3,0.09994157551610108,0.16386421155408426,HD 95735,0.847,0.44,8,7
HD 95735_3,0.10004915066756691,0.13757242098718703,HD 95735,0.847,0.44,8,7
HD 95735_3,0.09989063521797302,0.15981446004278707,HD 95735,0.847,0.44,8,7
HD 95735_3,0.10004498003665906,0.1481603132566499,HD 95735,0.847,0.44,8,7
HD 95735_3,0.09998951052600781,0.13956553301027763,HD 95735,0.847,0.44,8,7
HD 95735_3,0.0999584052812087,0.1551078625139495,HD 95735,0.847,0.44,8,7
HD 95735_3,0.09992886597973293,0.1445947989360858,HD 95735,0.847,0.44,8,7
HD 95735_3,0.09990596306880607,0.17358218282999452,HD 95735,0.847,0.44,8,7
HD 95735_3,0.09999531614673823,0.12738261969242734,HD 95735,0.847,0.44,8,7
HD 95735_3,0.0998851845448747,0.16355363265200745,HD 95735,0.847,0.44,8,7
HD 95735_3,0.09994057925670784,0.15151350586704845,HD 95735,0.847,0.44,8,7
HD 95735_3,0.10000258144422801,0.1560799910336189,HD 95735,0.847,0.44,8,7
HD 95735_3,0.09995809583247617,0.1356358762280353,HD 95735,0.847,0.44,8,7
HD 95735_3,0.09991187006941334,0.15738551350485064,HD 95735,0.847,0.44,8,7
HD 95735_3,0.10000908224475419,0.1295504932559565,HD 95735,0.847,0.44,8,7
HD 95735_3,0.09995695360672516,0.16949863979934066,HD 95735,0.847,0.44,8,7
HD 95735_3,0.10002136384500486,0.14939528957695328,HD 95735,0.847,0.44,8,7
HD 95735_3,0.09989788344575887,0.16629819748035343,HD 95735,0.847,0.44,8,7
HD 95735_3,0.0999928719267356,0.11479368315316102,HD 95735,0.847,0.44,8,7
HD 95735_3,0.09998174776511191,0.17582086588028156,HD 95735,0.847,0.44,8,7
HD 95735_3,0.09989297425547708,0.15505275421935646,HD 95735,0.847,0.44,8,7
HD 95735_3,0.09999587341917458,0.17507143080785775,HD 95735,0.847,0.44,8,7
HD 95735_3,0.09991933311853857,0.16737764389179882,HD 95735,0.847,0.44,8,7
HD 95735_3,0.09991159382074342,0.1507998481003131,HD 95735,0.847,0.44,8,7
HD 95735_3,0.10000816298683142,0.13365509610870557,HD 95735,0.847,0.44,8,7
HD 95735_3,0.10007082970771343,0.1293607869372455,HD 95735,0.847,0.44,8,7
HD 95735_3,0.09993307196394283,0.17939717315302836,HD 95735,0.847,0.44,8,7
HD 95735_3,0.10010715730781869,0.1274648698315515,HD 95735,0.847,0.44,8,7
HD 95735_3,0.0998528808804221,0.18175903657129355,HD 95735,0.847,0.44,8,7
HD 95735_3,0.09996142169163938,0.14524287020837798,HD 95735,0.847,0.44,8,7
HD 95735_3,0.09988221255712229,0.175924981648063,HD 95735,0.847,0.44,8,7
HD 95735_3,0.10000285558806496,0.13472620734240956,HD 95735,0.847,0.44,8,7
HD 95735_3,0.09999833346379125,0.1338672199850902,HD 95735,0.847,0.44,8,7
HD 95735_3,0.09991567832683924,0.17731994780360896,HD 95735,0.847,0.44,8,7
HD 95735_3,0.09996762869329748,0.14939692354611042,HD 95735,0.847,0.44,8,7
HD 95735_3,0.10000493740982425,0.13934644561041137,HD 95735,0.847,0.44,8,7
HD 95735_3,0.1000421999217125,0.16961003108119047,HD 95735,0.847,0.44,8,7
HD 95735_3,0.09991927858616019,0.13855985248268596,HD 95735,0.847,0.44,8,7
HD 95735_3,0.09994990737206778,0.14893993612736703,HD 95735,0.847,0.44,8,7
HD 95735_3,0.10007478864139246,0.13146829973044244,HD 95735,0.847,0.44,8,7
HD 95735_3,0.09972246406799572,0.20671337476915636,HD 95735,0.847,0.44,8,7
HD 95735_3,0.09996804714240942,0.15089912418710566,HD 95735,0.847,0.44,8,7
HD 95735_3,0.09982086353305984,0.2013791736618042,HD 95735,0.847,0.44,8,7
HD 95735_3,0.09996921497605966,0.1418739949314384,HD 95735,0.847,0.44,8,7
HD 95735_3,0.10004644455191125,0.13983079038996005,HD 95735,0.847,0.44,8,7
HD 95735_3,0.09990391978358894,0.16832178809871604,HD 95735,0.847,0.44,8,7
HD 95735_3,0.09990153450178862,0.15141281195373987,HD 95735,0.847,0.44,8,7
HD 95735_3,0.09997384961423564,0.141555058083755,HD 95735,0.847,0.44,8,7
HD 95735_3,0.1000827855274884,0.13784738986878214,HD 95735,0.847,0.44,8,7
HD 95735_3,0.09991749946021368,0.13277889594477146,HD 95735,0.847,0.44,8,7
HD 95735_3,0.09989734852420544,0.1882775699307767,HD 95735,0.847,0.44,8,7
HD 95735_3,0.09992967890198806,0.1727551898677725,HD 95735,0.847,0.44,8,7
HD 95735_3,0.0999742257073827,0.15419181446407876,HD 95735,0.847,0.44,8,7
HD 95735_3,0.09994153427601984,0.17172905100207114,HD 95735,0.847,0.44,8,7
HD 95735_3,0.09993814946215294,0.18761458567176842,HD 95735,0.847,0.44,8,7
HD 95735_3,0.10001558373471739,0.15514499688107616,HD 95735,0.847,0.44,8,7
HD 95735_3,0.09994638672607066,0.14989813497176874,HD 95735,0.847,0.44,8,7
HD 95735_3,0.09999650133403995,0.14197829105097542,HD 95735,0.847,0.44,8,7
HD 95735_3,0.09989426526166345,0.16046501662764098,HD 95735,0.847,0.44,8,7
HD 95735_3,0.09991813098346557,0.15362081917189196,HD 95735,0.847,0.44,8,7
HD 95735_3,0.1000005963078601,0.14719411027677354,HD 95735,0.847,0.44,8,7
HD 95735_3,0.09995135891149506,0.1628905378462965,HD 95735,0.847,0.44,8,7
HD 95735_3,0.09988137071141352,0.16782383304702736,HD 95735,0.847,0.44,8,7
HD 95735_3,0.09993068332922225,0.1587082177737103,HD 95735,0.847,0.44,8,7
HD 95735_3,0.10007672808183078,0.12048146703982285,HD 95735,0.847,0.44,8,7
HD 95735_3,0.0999307002747894,0.1375722391916549,HD 95735,0.847,0.44,8,7
HD 95735_3,0.09999036155927978,0.14975815659650993,HD 95735,0.847,0.44,8,7
HD 95735_3,0.09993961792845556,0.1526116302321323,HD 95735,0.847,0.44,8,7
HD 95735_3,0.09996390173696956,0.1514469195106743,HD 95735,0.847,0.44,8,7
HD 95735_3,0.09983269058861592,0.17342329118062855,HD 95735,0.847,0.44,8,7
HD 95735_3,0.10004933498233146,0.12009677311195646,HD 95735,0.847,0.44,8,7
HD 95735_3,0.09996613348345258,0.17536002459531924,HD 95735,0.847,0.44,8,7
HD 95735_3,0.099871003389032,0.16388918975592717,HD 95735,0.847,0.44,8,7
HD 95735_3,0.0998870678288471,0.19374522407682182,HD 95735,0.847,0.44,8,7
HD 95735_3,0.09994428431076538,0.14366558827974657,HD 95735,0.847,0.44,8,7
HD 95735_3,0.09995327102312816,0.14777536906428107,HD 95735,0.847,0.44,8,7
HD 95735_3,0.0998810895337997,0.17765688479997188,HD 95735,0.847,0.44,8,7
HD 95735_3,0.10005379947968325,0.14068971332236513,HD 95735,0.847,0.44,8,7
HD 95735_3,0.09993309111104717,0.1519826919242798,HD 95735,0.847,0.44,8,7
HD 95735_3,0.10001166200489817,0.1402795854567931,HD 95735,0.847,0.44,8,7
HD 95735_3,0.09992990149470501,0.1683410729884715,HD 95735,0.847,0.44,8,7
HD 95735_3,0.09998783530811627,0.13494511689900562,HD 95735,0.847,0.44,8,7
HD 95735_3,0.09997202508734238,0.1502944158133276,HD 95735,0.847,0.44,8,7
HD 95735_3,0.10004603520488214,0.12959602590190766,HD 95735,0.847,0.44,8,7
HD 95735_3,0.09985905844762082,0.18495773990852818,HD 95735,0.847,0.44,8,7
HD 95735_3,0.10001527325003767,0.11296508866046928,HD 95735,0.847,0.44,8,7
HD 95735_3,0.10002505720991786,0.14751158410206752,HD 95735,0.847,0.44,8,7
HD 95735_3,0.09982366811124291,0.19188665538742244,HD 95735,0.847,0.44,8,7
HD 95735_3,0.0999939599312041,0.1376570366570056,HD 95735,0.847,0.44,8,7
HD 95735_3,0.09992619000175326,0.15792454941618536,HD 95735,0.847,0.44,8,7
HD 95735_3,0.0999844925762143,0.12884595047578143,HD 95735,0.847,0.44,8,7
HD 95735_3,0.09992120714091039,0.11269944419084177,HD 95735,0.847,0.44,8,7
HD 95735_3,0.10004966746509569,0.14549774075870317,HD 95735,0.847,0.44,8,7
HD 95735_3,0.09991707972958165,0.16306906770632884,HD 95735,0.847,0.44,8,7
HD 95735_3,0.09987614515311465,0.16453682363458236,HD 95735,0.847,0.44,8,7
HD 95735_3,0.09999550657493408,0.15373675638680767,HD 95735,0.847,0.44,8,7
HD 95735_3,0.1000286657676631,0.13836000134849347,HD 95735,0.847,0.44,8,7
HD 95735_3,0.10004332045123486,0.12604921599427032,HD 95735,0.847,0.44,8,7
HD 95735_3,0.10003214154914677,0.1573243934203372,HD 95735,0.847,0.44,8,7
HD 95735_3,0.09990450565818516,0.18576239002588654,HD 95735,0.847,0.44,8,7
HD 95735_3,0.10004324591294116,0.11683915682164905,HD 95735,0.847,0.44,8,7
HD 95735_3,0.09991242932033981,0.16143327335761695,HD 95735,0.847,0.44,8,7
HD 95735_3,0.0998881398220823,0.17250580335701,HD 95735,0.847,0.44,8,7
HD 95735_3,0.10011609162091432,0.11615825404758738,HD 95735,0.847,0.44,8,7
HD 95735_3,0.09992555201075161,0.14571738844339133,HD 95735,0.847,0.44,8,7
HD 95735_3,0.09998667447850179,0.12366473502689224,HD 95735,0.847,0.44,8,7
HD 95735_3,0.1000356448659302,0.13983423216680868,HD 95735,0.847,0.44,8,7
HD 95735_3,0.09991072155547318,0.1639648273510795,HD 95735,0.847,0.44,8,7
HD 95735_3,0.09991894854804477,0.1406209867641749,HD 95735,0.847,0.44,8,7
HD 95735_3,0.0997327825270994,0.23241878286674528,HD 95735,0.847,0.44,8,7
HD 95735_3,0.10003084891490686,0.12218047901615231,HD 95735,0.847,0.44,8,7
HD 95735_3,0.09995080335214099,0.13487880555554227,HD 95735,0.847,0.44,8,7
HD 95735_3,0.09996598106476028,0.1350930620212702,HD 95735,0.847,0.44,8,7
HD 95735_3,0.10003257602022182,0.14515499475401525,HD 95735,0.847,0.44,8,7
HD 95735_3,0.10002137405316398,0.14041832136412075,HD 95735,0.847,0.44,8,7
HD 95735_3,0.0998579128476489,0.14840505891486344,HD 95735,0.847,0.44,8,7
HD 95735_3,0.09994416304309577,0.11707136072046637,HD 95735,0.847,0.44,8,7
HD 95735_3,0.09997559804913314,0.16312521324071366,HD 95735,0.847,0.44,8,7
HD 95735_3,0.09986815408384817,0.17701808325476642,HD 95735,0.847,0.44,8,7
HD 95735_3,0.09996964864745504,0.1651872200743069,HD 95735,0.847,0.44,8,7
HD 95735_3,0.09993962763751081,0.18395859581630525,HD 95735,0.847,0.44,8,7
HD 95735_3,0.10001893931185737,0.14822043067931248,HD 95735,0.847,0.44,8,7
HD 95735_3,0.09988726545298977,0.18936384174408152,HD 95735,0.847,0.44,8,7
HD 95735_3,0.10002438361606875,0.13679915957998937,HD 95735,0.847,0.44,8,7
HD 95735_3,0.09998238501673096,0.17391675562895603,HD 95735,0.847,0.44,8,7
HD 95735_3,0.1000114460023893,0.15393957314830906,HD 95735,0.847,0.44,8,7
HD 95735_3,0.09986071985898354,0.15481793712350697,HD 95735,0.847,0.44,8,7
HD 95735_3,0.09983781409259902,0.19083431977013604,HD 95735,0.847,0.44,8,7
HD 95735_3,0.09983362248266148,0.1817258012261506,HD 95735,0.847,0.44,8,7
HD 95735_6,0.05264509862076648,0.547919949989008,HD 95735,1.008,0.44,8,2
HD 95735_6,0.09319946240475974,0.3221757168720423,HD 95735,1.008,0.44,8,2
HD 95735_6,0.09795572251587208,0.03948738892423412,HD 95735,1.008,0.44,8,2
HD 95735_6,0.11273811250321425,0.011790829893067092,HD 95735,1.008,0.44,8,2
HD 95735_6,0.10748922390047663,0.04649622268930978,HD 95735,1.008,0.44,8,2
HD 95735_6,0.30854931731005353,0.009618505421064105,HD 95735,1.008,0.44,8,2
HD 95735_6,0.09459683366244295,0.12279620612688767,HD 95735,1.008,0.44,8,2
HD 95735_6,0.10062237290927048,0.17361773689209337,HD 95735,1.008,0.44,8,2
HD 95735_6,0.09805233923119629,0.0835672866629809,HD 95735,1.008,0.44,8,2
HD 95735_6,0.1090610382989463,0.019686908035430228,HD 95735,1.008,0.44,8,2
HD 95735_6,0.10824222351645843,0.22941635877695693,HD 95735,1.008,0.44,8,2
HD 95735_6,0.04938208711760936,0.7531507863119964,HD 95735,1.008,0.44,8,2
HD 95735_6,0.11184672062992279,0.04315450688595838,HD 95735,1.008,0.44,8,2
HD 95735_6,0.09765882731817101,0.07208894414361978,HD 95735,1.008,0.44,8,2
HD 95735_6,0.10540828226681942,0.15691789596345734,HD 95735,1.008,0.44,8,2
HD 95735_6,0.29532135975313917,0.08479590035381496,HD 95735,1.008,0.44,8,2
HD 95735_6,0.09613726324703789,0.23046955783823647,HD 95735,1.008,0.44,8,2
HD 95735_6,0.11251607440884215,0.220429345951074,HD 95735,1.008,0.44,8,2
HD 95735_6,0.10803604372482258,0.005701644953438982,HD 95735,1.008,0.44,8,2
HD 95735_6,0.09825505134306749,0.02849737905815491,HD 95735,1.008,0.44,8,2
HD 95735_6,0.09524908631536895,0.33552852705747016,HD 95735,1.008,0.44,8,2
HD 95735_6,0.11723623617779882,0.026796588237269953,HD 95735,1.008,0.44,8,2
HD 95735_6,0.1061912444437028,0.1856343692865182,HD 95735,1.008,0.44,8,2
HD 95735_6,0.10513234546088172,0.07748336840488562,HD 95735,1.008,0.44,8,2
HD 95735_6,0.10644136007189177,0.05794771471524081,HD 95735,1.008,0.44,8,2
HD 95735_6,0.09896089860077842,0.04087828332622871,HD 95735,1.008,0.44,8,2
HD 95735_6,0.10605073294251141,0.18156191146235515,HD 95735,1.008,0.44,8,2
HD 95735_6,0.11030472447903918,0.020994043932336323,HD 95735,1.008,0.44,8,2
HD 95735_6,0.10092763692937509,0.5180746203955809,HD 95735,1.008,0.44,8,2
HD 95735_6,0.09774140867821145,0.22220854686210328,HD 95735,1.008,0.44,8,2
HD 95735_6,0.10143443322608416,0.40242631323543343,HD 95735,1.008,0.44,8,2
HD 95735_6,0.10902465339681576,0.09167199122316652,HD 95735,1.008,0.44,8,2
HD 95735_6,0.11655049158724361,0.008957784214181388,HD 95735,1.008,0.44,8,2
HD 95735_6,0.10843073144876955,0.001431961740127744,HD 95735,1.008,0.44,8,2
HD 95735_6,0.048747842998089964,0.7149985925517364,HD 95735,1.008,0.44,8,2
HD 95735_6,0.1106966621521685,0.041453979376877365,HD 95735,1.008,0.44,8,2
HD 95735_6,0.09395712517429121,0.09656517639557853,HD 95735,1.008,0.44,8,2
HD 95735_6,0.10319232270834601,0.2438137312570483,HD 95735,1.008,0.44,8,2
HD 95735_6,0.10188810696231242,0.027744626499789534,HD 95735,1.008,0.44,8,2
HD 95735_6,0.11205556709483745,0.08362585926950156,HD 95735,1.008,0.44,8,2
HD 95735_6,0.10577564459699933,0.2099921586962973,HD 95735,1.008,0.44,8,2
HD 95735_6,0.09928190053551163,0.003640130625847466,HD 95735,1.008,0.44,8,2
HD 95735_6,0.10006323205152896,0.03702635924419982,HD 95735,1.008,0.44,8,2
HD 95735_6,0.09955850283431249,0.32993087422100065,HD 95735,1.008,0.44,8,2
HD 95735_6,0.1063438028887278,0.004703703232188392,HD 95735,1.008,0.44,8,2
HD 95735_6,0.10114150135310802,0.23188113516927653,HD 95735,1.008,0.44,8,2
HD 95735_6,0.09926833842960112,0.1035914072707243,HD 95735,1.008,0.44,8,2
HD 95735_6,0.09690434124231026,0.2919025067880996,HD 95735,1.008,0.44,8,2
HD 95735_6,0.11484854905394239,0.3988945449093501,HD 95735,1.008,0.44,8,2
HD 95735_6,0.09796619713055013,0.06086862213152359,HD 95735,1.008,0.44,8,2
HD 95735_6,0.10729442392648653,0.2408548191333023,HD 95735,1.008,0.44,8,2
HD 95735_6,0.10067183246850131,0.1869426866273761,HD 95735,1.008,0.44,8,2
HD 95735_6,0.11653343928519011,0.004851116308395441,HD 95735,1.008,0.44,8,2
HD 95735_6,0.09328036778298038,0.4325142875402889,HD 95735,1.008,0.44,8,2
HD 95735_6,0.09286497833058036,0.6293698082404899,HD 95735,1.008,0.44,8,2
HD 95735_6,0.11125838697360874,0.18460304591187895,HD 95735,1.008,0.44,8,2
HD 95735_6,0.11774325100179493,0.020678365489839326,HD 95735,1.008,0.44,8,2
HD 95735_6,0.3192228932851656,0.12843620494050995,HD 95735,1.008,0.44,8,2
HD 95735_6,0.05677854416368763,0.593178027463738,HD 95735,1.008,0.44,8,2
HD 95735_6,0.10059951553834438,0.4494017497478939,HD 95735,1.008,0.44,8,2
HD 95735_6,0.11232997337029901,0.025957496521027336,HD 95735,1.008,0.44,8,2
HD 95735_6,0.05298868733606319,0.5654621140228279,HD 95735,1.008,0.44,8,2
HD 95735_6,0.09990323310058534,0.24860133572187448,HD 95735,1.008,0.44,8,2
HD 95735_6,0.09851086143247746,0.10923400272857163,HD 95735,1.008,0.44,8,2
HD 95735_6,0.11827370613733126,0.0004894897004163234,HD 95735,1.008,0.44,8,2
HD 95735_6,0.09680795833737606,0.5095140711053258,HD 95735,1.008,0.44,8,2
HD 95735_6,0.12000382018514508,0.04383524471006216,HD 95735,1.008,0.44,8,2
HD 95735_6,0.11197122138127782,0.02305329661585524,HD 95735,1.008,0.44,8,2
HD 95735_6,0.11724849236140578,0.04415254497187988,HD 95735,1.008,0.44,8,2
HD 95735_6,0.09999667235379787,0.11204944227493313,HD 95735,1.008,0.44,8,2
HD 95735_6,0.10968596277996848,0.0218713512293704,HD 95735,1.008,0.44,8,2
HD 95735_6,0.11758473213605773,0.03742017522704279,HD 95735,1.008,0.44,8,2
HD 95735_6,0.10610145368269076,0.3280878016481283,HD 95735,1.008,0.44,8,2
HD 95735_6,0.09922762915458015,0.11870518477994432,HD 95735,1.008,0.44,8,2
HD 95735_6,0.10548596344159916,0.09818062765144177,HD 95735,1.008,0.44,8,2
HD 95735_6,0.12287419347868489,0.327471819709794,HD 95735,1.008,0.44,8,2
HD 95735_6,0.10108999257731542,0.4673928456666298,HD 95735,1.008,0.44,8,2
HD 95735_6,0.11687901212749949,0.06230638056756973,HD 95735,1.008,0.44,8,2
HD 95735_6,0.10765863282340048,0.04780840035522127,HD 95735,1.008,0.44,8,2
HD 95735_6,0.09800925706657897,0.08407847124164797,HD 95735,1.008,0.44,8,2
HD 95735_6,0.10790989874269709,0.1568013628120523,HD 95735,1.008,0.44,8,2
HD 95735_6,0.10622249743966458,0.2691961727593936,HD 95735,1.008,0.44,8,2
HD 95735_6,0.09380355580090377,0.5178071521851316,HD 95735,1.008,0.44,8,2
HD 95735_6,0.0971155375154415,0.30193885957070055,HD 95735,1.008,0.44,8,2
HD 95735_6,0.10794526720641902,0.7339177446947699,HD 95735,1.008,0.44,8,2
HD 95735_6,0.10952766025303855,0.041399078964198505,HD 95735,1.008,0.44,8,2
HD 95735_6,0.10095929490001697,0.084416810518958,HD 95735,1.008,0.44,8,2
HD 95735_6,0.09843357958285053,0.04753027607609929,HD 95735,1.008,0.44,8,2
HD 95735_6,0.09876386416809267,0.22814540400462446,HD 95735,1.008,0.44,8,2
HD 95735_6,0.10141110028718964,0.05271536188980309,HD 95735,1.008,0.44,8,2
HD 95735_6,0.0937670133776899,0.5034476306508323,HD 95735,1.008,0.44,8,2
HD 95735_6,0.12062745382754099,0.017670953845468823,HD 95735,1.008,0.44,8,2
HD 95735_6,0.09192830140294639,0.6474652162424409,HD 95735,1.008,0.44,8,2
HD 95735_6,0.09462904720885736,0.48518991506950143,HD 95735,1.008,0.44,8,2
HD 95735_6,0.09793655022975334,0.5277409135899017,HD 95735,1.008,0.44,8,2
HD 95735_6,0.10651358711083109,0.0183107556202394,HD 95735,1.008,0.44,8,2
HD 95735_6,0.09336678891318033,0.06374148940249809,HD 95735,1.008,0.44,8,2
HD 95735_6,0.05635360727062883,0.7570154675553625,HD 95735,1.008,0.44,8,2
HD 95735_6,0.09887594863328956,0.04636174095104221,HD 95735,1.008,0.44,8,2
HD 95735_6,0.05321614520311199,0.7721038123901179,HD 95735,1.008,0.44,8,2
HD 95735_6,0.09453007324966575,0.11984292136469193,HD 95735,1.008,0.44,8,2
HD 95735_6,0.08927378901954106,0.21266840178688123,HD 95735,1.008,0.44,8,2
HD 95735_6,0.10481223691831533,0.02092097911344237,HD 95735,1.008,0.44,8,2
HD 95735_6,0.10730952377472897,0.24415327176714724,HD 95735,1.008,0.44,8,2
HD 95735_6,0.09815878775637672,0.06304300702524737,HD 95735,1.008,0.44,8,2
HD 95735_6,0.09772993786592306,0.13433754077509397,HD 95735,1.008,0.44,8,2
HD 95735_6,0.1033346672137722,0.029239352069622065,HD 95735,1.008,0.44,8,2
HD 95735_6,0.09802717591846472,0.20513479589702333,HD 95735,1.008,0.44,8,2
HD 95735_6,0.09607427549916966,0.595402085022389,HD 95735,1.008,0.44,8,2
HD 95735_6,0.1050784298948973,0.24709770761534602,HD 95735,1.008,0.44,8,2
HD 95735_6,0.09736585998737925,0.1399332358580896,HD 95735,1.008,0.44,8,2
HD 95735_6,0.11204737123002201,0.5546058532275808,HD 95735,1.008,0.44,8,2
HD 95735_6,0.11865137919155379,0.0013982091604733923,HD 95735,1.008,0.44,8,2
HD 95735_6,0.05882849431706723,0.6778497990876255,HD 95735,1.008,0.44,8,2
HD 95735_6,0.11571491422206147,0.8685651756359581,HD 95735,1.008,0.44,8,2
HD 95735_6,0.10067684654307847,0.16798448354779,HD 95735,1.008,0.44,8,2
HD 95735_6,0.10762597245451412,0.029523342367072096,HD 95735,1.008,0.44,8,2
HD 95735_6,0.11184561416771577,0.19249101648535605,HD 95735,1.008,0.44,8,2
HD 95735_6,0.10645958262425134,0.03410939254785715,HD 95735,1.008,0.44,8,2
HD 95735_6,0.11473683807531804,0.022503611312818365,HD 95735,1.008,0.44,8,2
HD 95735_6,0.10322367814264764,0.007889251445161307,HD 95735,1.008,0.44,8,2
HD 95735_6,0.0978188909201705,0.22176938630533705,HD 95735,1.008,0.44,8,2
HD 95735_6,0.10616109119803989,0.08651142966355124,HD 95735,1.008,0.44,8,2
HD 95735_6,0.10046421696553831,0.03474950596044071,HD 95735,1.008,0.44,8,2
HD 95735_6,0.0998065851850464,0.29328384396115653,HD 95735,1.008,0.44,8,2
HD 95735_6,0.10787698675134019,0.5120729191533872,HD 95735,1.008,0.44,8,2
HD 95735_6,0.09503354778592116,0.9004416257973243,HD 95735,1.008,0.44,8,2
HD 95735_6,0.10413601791334208,0.005297865754516598,HD 95735,1.008,0.44,8,2
HD 95735_6,0.09972944269078453,0.3528927719942499,HD 95735,1.008,0.44,8,2
HD 95735_6,0.10592662142629211,0.07304639552818486,HD 95735,1.008,0.44,8,2
HD 95735_6,0.09893722221469298,0.18567121730145775,HD 95735,1.008,0.44,8,2
HD 95735_6,0.10555407659146154,0.09444798594473627,HD 95735,1.008,0.44,8,2
HD 95735_6,0.10246574949751368,0.03860666387553527,HD 95735,1.008,0.44,8,2
HD 95735_6,0.11036099285750181,0.0031613351910152188,HD 95735,1.008,0.44,8,2
HD 95735_6,0.10658744039465548,0.2940868046620687,HD 95735,1.008,0.44,8,2
HD 95735_6,0.09714628077522064,0.28947579010220625,HD 95735,1.008,0.44,8,2
HD 95735_6,0.09456637697026266,0.038549680496130195,HD 95735,1.008,0.44,8,2
HD 95735_6,0.09494141384887825,0.24480050453287452,HD 95735,1.008,0.44,8,2
HD 95735_6,0.11647654090102792,0.017571628270434153,HD 95735,1.008,0.44,8,2
HD 95735_6,0.054114385487974453,0.7493154311675648,HD 95735,1.008,0.44,8,2
HD 95735_6,0.08574725364852726,0.3581967274335711,HD 95735,1.008,0.44,8,2
HD 95735_6,0.10707064550231499,0.5545002820763919,HD 95735,1.008,0.44,8,2
HD 95735_6,0.10170042280365378,0.7750931931333552,HD 95735,1.008,0.44,8,2
HD 95735_6,0.1194150230261868,0.0013720775712285002,HD 95735,1.008,0.44,8,2
HD 95735_6,0.10974760904015697,0.05747312958723115,HD 95735,1.008,0.44,8,2
HD 95735_6,0.13540392222840655,0.07794957249767381,HD 95735,1.008,0.44,8,2
HD 95735_6,0.10021600893145942,0.3868880930641909,HD 95735,1.008,0.44,8,2
HD 95735_6,0.05554214205025674,0.7445269761142945,HD 95735,1.008,0.44,8,2
HD 95735_6,0.05235607212548794,0.4989143308933358,HD 95735,1.008,0.44,8,2
HD 95735_6,0.10341754657624193,0.5295692706443574,HD 95735,1.008,0.44,8,2
HD 95735_6,0.1053022649793228,0.13999753235293863,HD 95735,1.008,0.44,8,2
HD 95735_6,0.0995222893444723,0.04564457427139012,HD 95735,1.008,0.44,8,2
HD 95735_6,0.09942189401445731,0.015029083879927567,HD 95735,1.008,0.44,8,2
HD 95735_6,0.10684762955400176,0.056379557835662536,HD 95735,1.008,0.44,8,2
HD 95735_6,0.10172654439033912,0.10795576737053728,HD 95735,1.008,0.44,8,2
HD 95735_6,0.05620201936618793,0.6201770360233546,HD 95735,1.008,0.44,8,2
HD 95735_6,0.10079532472981846,0.0186444944020932,HD 95735,1.008,0.44,8,2
HD 95735_6,0.10060806263174248,0.02618889969844901,HD 95735,1.008,0.44,8,2
HD 95735_6,0.09386738759049118,0.345911582080301,HD 95735,1.008,0.44,8,2
HD 95735_6,0.12546119069129952,0.1489095413784602,HD 95735,1.008,0.44,8,2
HD 95735_6,0.05654274770759661,0.5883030087498708,HD 95735,1.008,0.44,8,2
HD 95735_6,0.12310065392417256,0.025655460990132148,HD 95735,1.008,0.44,8,2
HD 95735_6,0.10659768552435331,0.2146645982979653,HD 95735,1.008,0.44,8,2
HD 95735_6,0.32482754834791394,0.10257500382132176,HD 95735,1.008,0.44,8,2
HD 95735_6,0.10025199387083815,0.046449414957818444,HD 95735,1.008,0.44,8,2
HD 95735_6,0.09803620702124093,0.29880656682001794,HD 95735,1.008,0.44,8,2
HD 95735_6,0.1035381167182922,0.04623022947066054,HD 95735,1.008,0.44,8,2
HD 95735_6,0.10762053872708517,0.04107106497174308,HD 95735,1.008,0.44,8,2
HD 95735_6,0.0997617781446039,0.013002139509851936,HD 95735,1.008,0.44,8,2
HD 95735_6,0.10565626958662581,0.36232044899450216,HD 95735,1.008,0.44,8,2
HD 95735_6,0.09981478073096008,0.03876493432333621,HD 95735,1.008,0.44,8,2
HD 95735_6,0.11303653793428499,0.07120197403111653,HD 95735,1.008,0.44,8,2
HD 95735_6,0.1304081268014012,0.0499936542067512,HD 95735,1.008,0.44,8,2
HD 95735_6,0.10597860309278556,0.0513407490033481,HD 95735,1.008,0.44,8,2
HD 95735_6,0.04917408667761188,0.7456382838991779,HD 95735,1.008,0.44,8,2
HD 95735_6,0.11465901990795638,0.018346136168688104,HD 95735,1.008,0.44,8,2
HD 95735_6,0.09258790395445365,0.26284273695584864,HD 95735,1.008,0.44,8,2
HD 95735_6,0.09826724100888796,0.07600459907118302,HD 95735,1.008,0.44,8,2
HD 95735_6,0.09986038320378705,0.24393564414943075,HD 95735,1.008,0.44,8,2
HD 95735_6,0.11846719742614717,0.057391664383821955,HD 95735,1.008,0.44,8,2
HD 95735_6,0.1054310995091316,0.0487457505115673,HD 95735,1.008,0.44,8,2
HD 95735_6,0.10093127337783683,0.014494031839986314,HD 95735,1.008,0.44,8,2
HD 95735_6,0.0987686874132073,0.22853192862124502,HD 95735,1.008,0.44,8,2
HD 95735_6,0.10819535896374506,0.041124311484977645,HD 95735,1.008,0.44,8,2
HD 95735_6,0.10399883822972462,0.4570623276423068,HD 95735,1.008,0.44,8,2
HD 95735_6,0.10530718431719702,0.7780260836862978,HD 95735,1.008,0.44,8,2
HD 95735_6,0.09445895890537503,0.2369327909383378,HD 95735,1.008,0.44,8,2
HD 95735_6,0.10530309833773634,0.2288506117348905,HD 95735,1.008,0.44,8,2
HD 95735_6,0.10755160295599804,0.006227820646155421,HD 95735,1.008,0.44,8,2
HD 95735_6,0.10540457223488703,0.047362661158583265,HD 95735,1.008,0.44,8,2
HD 95735_6,0.10320154634716436,0.5035350206985844,HD 95735,1.008,0.44,8,2
HD 95735_6,0.04655115246231919,0.8382237116518271,HD 95735,1.008,0.44,8,2
HD 95735_6,0.1219318849602077,0.051667742776290104,HD 95735,1.008,0.44,8,2
HD 95735_6,0.09722834650716293,0.4544699493798682,HD 95735,1.008,0.44,8,2
HD 95735_6,0.10583170103179841,0.4979676357174017,HD 95735,1.008,0.44,8,2
HD 95735_6,0.11711120068220729,0.1002643034623855,HD 95735,1.008,0.44,8,2
HD 95735_6,0.09936788540270476,0.0969903373197424,HD 95735,1.008,0.44,8,2
HD 95735_6,0.09168078938843724,0.10253092270212211,HD 95735,1.008,0.44,8,2
HD 95735_6,0.1101706371834366,0.030546359751436034,HD 95735,1.008,0.44,8,2
HD 95735_6,0.11356012249755337,0.03866632976601437,HD 95735,1.008,0.44,8,2
HD 95735_6,0.09636222180440675,0.5505177899034359,HD 95735,1.008,0.44,8,2
HD 95735_6,0.1109691920284039,3.172214916426069e-05,HD 95735,1.008,0.44,8,2
HD 95735_6,0.10045458926347814,0.04308807779597913,HD 95735,1.008,0.44,8,2
HD 95735_6,0.11728311659392482,0.6044073032209057,HD 95735,1.008,0.44,8,2
HD 95735_6,0.1053787894340228,0.05953901954100356,HD 95735,1.008,0.44,8,2
HD 95735_6,0.0988245046531938,0.08203581427896495,HD 95735,1.008,0.44,8,2
HD 95735_6,0.05014209839801129,0.6285369410239005,HD 95735,1.008,0.44,8,2
HD 95735_6,0.10670062946703823,0.33869706582521936,HD 95735,1.008,0.44,8,2
HD 95735_6,0.0992103224606751,0.5545256719865205,HD 95735,1.008,0.44,8,2
HD 95735_6,0.10834713039947728,0.14689424311142077,HD 95735,1.008,0.44,8,2
HD 95735_6,0.11815324964193692,0.024556175957584695,HD 95735,1.008,0.44,8,2
HD 95735_6,0.10047154113991823,0.10707660851111546,HD 95735,1.008,0.44,8,2
HD 95735_6,0.05141612444682984,0.5663306120304673,HD 95735,1.008,0.44,8,2
HD 95735_6,0.10858223973416888,0.5734147010016724,HD 95735,1.008,0.44,8,2
HD 95735_6,0.10871925046951529,0.005423851295563662,HD 95735,1.008,0.44,8,2
HD 95735_6,0.10350873461549148,0.06178233507024466,HD 95735,1.008,0.44,8,2
HD 95735_6,0.05543533909180918,0.6123684287271928,HD 95735,1.008,0.44,8,2
HD 95735_6,0.1070781092703568,0.032949028445374486,HD 95735,1.008,0.44,8,2
HD 95735_6,0.0942432856098486,0.06761922109952662,HD 95735,1.008,0.44,8,2
HD 95735_6,0.09853834426675913,0.06781099310629203,HD 95735,1.008,0.44,8,2
HD 95735_6,0.1093873341024836,0.4307441076915575,HD 95735,1.008,0.44,8,2
HD 95735_6,0.11440462238042645,0.007695928367194403,HD 95735,1.008,0.44,8,2
HD 95735_6,0.10616034704829708,0.00912138026809646,HD 95735,1.008,0.44,8,2
HD 95735_6,0.11012101558775834,0.011570106714222959,HD 95735,1.008,0.44,8,2
HD 95735_6,0.09426820235957258,0.40097393931078096,HD 95735,1.008,0.44,8,2
HD 95735_6,0.08574205660428486,0.3101543699461426,HD 95735,1.008,0.44,8,2
HD 95735_6,0.10889863188457259,0.4969475610443274,HD 95735,1.008,0.44,8,2
HD 95735_6,0.12604242046875636,0.02293275567912075,HD 95735,1.008,0.44,8,2
HD 95735_6,0.10067084165135291,0.19084956311605117,HD 95735,1.008,0.44,8,2
HD 95735_6,0.10049898054687895,0.22643676593005083,HD 95735,1.008,0.44,8,2
HD 95735_6,0.10421999695238296,0.21623569205252402,HD 95735,1.008,0.44,8,2
HD 95735_6,0.10270501591872719,0.30956894755537084,HD 95735,1.008,0.44,8,2
HD 95735_6,0.10429454753814817,0.00035626390692542213,HD 95735,1.008,0.44,8,2
HD 95735_6,0.10244791093216048,0.3974926978004579,HD 95735,1.008,0.44,8,2
HD 95735_6,0.08934030521929408,0.20202549328314975,HD 95735,1.008,0.44,8,2
HD 95735_6,0.09143100153734193,0.20955241033645305,HD 95735,1.008,0.44,8,2
HD 95735_6,0.11620326253871378,0.0012533508970875367,HD 95735,1.008,0.44,8,2
HD 95735_6,0.10368254236915393,0.042827493565884035,HD 95735,1.008,0.44,8,2
HD 95735_6,0.10577973770317732,0.26717166425325195,HD 95735,1.008,0.44,8,2
HD 95735_6,0.09845462895817597,0.17680390628860115,HD 95735,1.008,0.44,8,2
HD 95735_6,0.10590224682664391,0.13422213984620435,HD 95735,1.008,0.44,8,2
HD 95735_6,0.10483584452225723,0.030129653566368965,HD 95735,1.008,0.44,8,2
HD 95735_6,0.10188157002596072,0.07278169551456165,HD 95735,1.008,0.44,8,2
HD 95735_6,0.10688607874260406,0.4149986966228091,HD 95735,1.008,0.44,8,2
HD 95735_6,0.10734542511894879,0.08138603514566252,HD 95735,1.008,0.44,8,2
HD 95735_6,0.08897048893561492,0.14839117386201597,HD 95735,1.008,0.44,8,2
HD 95735_6,0.10127207025772722,0.00440227338560973,HD 95735,1.008,0.44,8,2
HD 95735_6,0.1054552429361679,0.02994326790330383,HD 95735,1.008,0.44,8,2
HD 95735_6,0.08850259092702732,0.338451603503701,HD 95735,1.008,0.44,8,2
HD 95735_6,0.10941319669751777,0.3564142349886084,HD 95735,1.008,0.44,8,2
HD 95735_6,0.09142154627437853,0.24420007476192074,HD 95735,1.008,0.44,8,2
HD 95735_6,0.08770086179556498,0.2117396540154073,HD 95735,1.008,0.44,8,2
HD 95735_6,0.2341228839981269,0.6418605640288245,HD 95735,1.008,0.44,8,2
HD 95735_6,0.1262054002073578,0.08902513640955996,HD 95735,1.008,0.44,8,2
HD 95735_6,0.09823652064073296,0.14156097124429043,HD 95735,1.008,0.44,8,2
HD 95735_6,0.11030991831687005,0.06378822927292205,HD 95735,1.008,0.44,8,2
HD 95735_6,0.10835434805786152,0.4334164087602678,HD 95735,1.008,0.44,8,2
HD 95735_6,0.10402498071425449,0.1956021077559755,HD 95735,1.008,0.44,8,2
HD 95735_6,0.1214371134766421,0.00969454313358988,HD 95735,1.008,0.44,8,2
HD 95735_6,0.09139412435308492,0.6194962643726483,HD 95735,1.008,0.44,8,2
HD 95735_6,0.10654788784496479,0.2783026610741282,HD 95735,1.008,0.44,8,2
HD 95735_6,0.10609739705848223,0.024728931804004206,HD 95735,1.008,0.44,8,2
HD 95735_6,0.09621227476006944,0.2193533490169927,HD 95735,1.008,0.44,8,2
HD 95735_6,0.10739970012807519,0.074472228536402,HD 95735,1.008,0.44,8,2
HD 95735_6,0.09836122301742001,0.11079510376418189,HD 95735,1.008,0.44,8,2
HD 95735_6,0.10603524123859535,0.09795087841807427,HD 95735,1.008,0.44,8,2
HD 95735_6,0.10728039851512161,0.241228841897813,HD 95735,1.008,0.44,8,2
HD 95735_6,0.10146812328754264,0.16303880935171466,HD 95735,1.008,0.44,8,2
HD 95735_6,0.1009627695108718,0.39991835095892053,HD 95735,1.008,0.44,8,2
HD 95735_6,0.10772018969323677,0.09874431493640984,HD 95735,1.008,0.44,8,2
HD 95735_6,0.13555504035030783,0.10338550009875214,HD 95735,1.008,0.44,8,2
HD 95735_6,0.09868641969799052,0.5273678638146505,HD 95735,1.008,0.44,8,2
HD 95735_6,0.09721610185362917,0.20653853379385767,HD 95735,1.008,0.44,8,2
HD 95735_6,0.05354745041603459,0.48544041029560403,HD 95735,1.008,0.44,8,2
HD 95735_6,0.09396918178715785,0.2483399465497399,HD 95735,1.008,0.44,8,2
HD 95735_6,0.09574282932878918,0.146770754761526,HD 95735,1.008,0.44,8,2
HD 95735_6,0.10887044808135529,0.0421525245238485,HD 95735,1.008,0.44,8,2
HD 95735_6,0.10347579223598537,0.009223686972352612,HD 95735,1.008,0.44,8,2
HD 95735_6,0.09731454826508693,0.12858733530272937,HD 95735,1.008,0.44,8,2
HD 95735_6,0.05188266820988815,0.6823331927286236,HD 95735,1.008,0.44,8,2
HD 95735_6,0.09902078828248062,0.06826578592404331,HD 95735,1.008,0.44,8,2
HD 95735_6,0.09890368131339475,0.2206915306791208,HD 95735,1.008,0.44,8,2
HD 95735_6,0.1043273028506991,0.06605860997284173,HD 95735,1.008,0.44,8,2
HD 95735_6,0.10736429088789959,0.006832179744786961,HD 95735,1.008,0.44,8,2
HD 95735_6,0.130865891322589,0.25228731009333943,HD 95735,1.008,0.44,8,2
HD 95735_6,0.10579632622535218,0.3802822695894563,HD 95735,1.008,0.44,8,2
HD 95735_6,0.10619642745265709,0.07155515187431023,HD 95735,1.008,0.44,8,2
HD 95735_6,0.1265604118506797,0.1676616606783719,HD 95735,1.008,0.44,8,2
HD 95735_6,0.09884997944306449,0.47316336658315444,HD 95735,1.008,0.44,8,2
HD 95735_6,0.10701181812214902,0.04910428376727885,HD 95735,1.008,0.44,8,2
HD 95735_6,0.10808388755858182,0.06729081336447632,HD 95735,1.008,0.44,8,2
HD 95735_6,0.09204770530312663,0.2507206576202719,HD 95735,1.008,0.44,8,2
HD 95735_6,0.10530482096132705,0.0076973655152872324,HD 95735,1.008,0.44,8,2
HD 95735_6,0.0977045785690178,0.8868710422935859,HD 95735,1.008,0.44,8,2
HD 95735_6,0.10870382436593697,0.11494568140549552,HD 95735,1.008,0.44,8,2
HD 95735_6,0.0944613723103521,0.17681581909843663,HD 95735,1.008,0.44,8,2
HD 95735_6,0.10212818009123843,0.22657853378296838,HD 95735,1.008,0.44,8,2
HD 95735_6,0.10417064233157303,0.013046716345030691,HD 95735,1.008,0.44,8,2
HD 95735_6,0.10064542531895594,0.16334729070714685,HD 95735,1.008,0.44,8,2
HD 95735_6,0.10757881892823139,0.0714147693894553,HD 95735,1.008,0.44,8,2
HD 95735_6,0.1067388456397754,1.7070537266307528e-05,HD 95735,1.008,0.44,8,2
HD 95735_6,0.10744352013340186,0.12144220051956617,HD 95735,1.008,0.44,8,2
HD 95735_6,0.1096350420473342,0.0879637414632135,HD 95735,1.008,0.44,8,2
HD 95735_6,0.11081221560817305,0.2219958373917288,HD 95735,1.008,0.44,8,2
HD 95735_6,0.10867225161748398,0.12033160656948952,HD 95735,1.008,0.44,8,2
HD 95735_6,0.09774354490842074,0.2930366055005917,HD 95735,1.008,0.44,8,2
HD 95735_6,0.11851060933843205,0.2998231462711447,HD 95735,1.008,0.44,8,2
HD 95735_6,0.09304099309541686,0.14331382379345195,HD 95735,1.008,0.44,8,2
HD 95735_6,0.09920169152513028,0.09676359271270694,HD 95735,1.008,0.44,8,2
HD 95735_6,0.09615124422678441,0.36525467695817965,HD 95735,1.008,0.44,8,2
HD 95735_6,0.11924830155178893,0.05064375827153351,HD 95735,1.008,0.44,8,2
HD 95735_6,0.055340105010567034,0.8210420502081353,HD 95735,1.008,0.44,8,2
HD 95735_6,0.09533366326609483,0.14510445419077808,HD 95735,1.008,0.44,8,2
HD 95735_6,0.10668748473070165,0.37194768732619443,HD 95735,1.008,0.44,8,2
HD 95735_6,0.11811375016177118,0.05417870917692554,HD 95735,1.008,0.44,8,2
HD 95735_6,0.11080995842918144,0.08033586869291875,HD 95735,1.008,0.44,8,2
HD 95735_6,0.10676368053279844,0.01237601947694249,HD 95735,1.008,0.44,8,2
HD 95735_6,0.107520547391835,0.007488599279905332,HD 95735,1.008,0.44,8,2
HD 95735_6,0.09828746715328017,0.05925760830873838,HD 95735,1.008,0.44,8,2
HD 95735_6,0.12183684691683556,0.2764779372539833,HD 95735,1.008,0.44,8,2
HD 95735_6,0.12622531929078493,0.014362036652254558,HD 95735,1.008,0.44,8,2
HD 95735_6,0.10019019866756194,0.2764876079358039,HD 95735,1.008,0.44,8,2
HD 95735_6,0.11165753911875748,0.002973254806108624,HD 95735,1.008,0.44,8,2
HD 95735_6,0.09412193696142115,0.2514411702081911,HD 95735,1.008,0.44,8,2
HD 95735_6,0.0998901330678044,0.11186599354229303,HD 95735,1.008,0.44,8,2
HD 95735_6,0.11504266624937744,0.0112008191898484,HD 95735,1.008,0.44,8,2
HD 95735_6,0.0860283381542508,0.42338511375118487,HD 95735,1.008,0.44,8,2
HD 95735_6,0.09709823902918606,0.45011164398452447,HD 95735,1.008,0.44,8,2
HD 95735_6,0.1050052666815098,0.0465601003194139,HD 95735,1.008,0.44,8,2
HD 95735_6,0.12039852552806804,0.21342523208678915,HD 95735,1.008,0.44,8,2
HD 95735_6,0.10331572157584154,0.02613776831104011,HD 95735,1.008,0.44,8,2
HD 95735_6,0.09119194847275519,0.4034982180998562,HD 95735,1.008,0.44,8,2
HD 95735_6,0.1094268550067311,0.007201968781578462,HD 95735,1.008,0.44,8,2
HD 95735_6,0.09997919390291252,0.034750216054856176,HD 95735,1.008,0.44,8,2
HD 95735_6,0.09872808405681474,0.0672105819399087,HD 95735,1.008,0.44,8,2
HD 95735_6,0.10825229466019055,0.1795973742042232,HD 95735,1.008,0.44,8,2
HD 95735_6,0.10982753347121571,0.3519329333624755,HD 95735,1.008,0.44,8,2
HD 95735_6,0.10656049364189993,0.06171159596853563,HD 95735,1.008,0.44,8,2
HD 95735_6,0.10174398051970975,0.06298107204710819,HD 95735,1.008,0.44,8,2
HD 95735_6,0.05480493877327368,0.7255739737140732,HD 95735,1.008,0.44,8,2
HD 95735_6,0.10917427565345907,0.19940691200859373,HD 95735,1.008,0.44,8,2
HD 95735_6,0.0974014196256082,0.06390524833948837,HD 95735,1.008,0.44,8,2
HD 95735_6,0.10637933354757817,0.06264055778005526,HD 95735,1.008,0.44,8,2
HD 95735_6,0.09352548683349306,0.2732031857008128,HD 95735,1.008,0.44,8,2
HD 95735_6,0.10686352286887889,0.023541375794599737,HD 95735,1.008,0.44,8,2
HD 95735_6,0.09758773445548119,0.004836527496553137,HD 95735,1.008,0.44,8,2
HD 95735_6,0.1064364949647547,0.4087317023578251,HD 95735,1.008,0.44,8,2
HD 95735_6,0.1035853237822678,0.03719587568687619,HD 95735,1.008,0.44,8,2
HD 95735_6,0.10660307736390831,0.10479188862196702,HD 95735,1.008,0.44,8,2
HD 95735_6,0.0983716023211917,0.01616282948676731,HD 95735,1.008,0.44,8,2
HD 95735_6,0.052520404569534655,0.765101050239211,HD 95735,1.008,0.44,8,2
HD 95735_6,0.108017958384762,0.13684720918783302,HD 95735,1.008,0.44,8,2
HD 95735_6,0.09914015758011734,0.09510266428586511,HD 95735,1.008,0.44,8,2
HD 95735_6,0.0887964861071212,0.24954232753557345,HD 95735,1.008,0.44,8,2
HD 95735_6,0.10060172487272766,0.28098948851711975,HD 95735,1.008,0.44,8,2
HD 95735_6,0.10583464154433335,0.09200987982586274,HD 95735,1.008,0.44,8,2
HD 95735_6,0.10525458385467479,0.016469978947621155,HD 95735,1.008,0.44,8,2
HD 95735_6,0.11089170492832616,0.014078298647019661,HD 95735,1.008,0.44,8,2
HD 95735_6,0.10865458586944628,0.012537439911097794,HD 95735,1.008,0.44,8,2
HD 95735_6,0.11823471973271568,0.10824396784296704,HD 95735,1.008,0.44,8,2
HD 95735_6,0.1070800954646447,0.5455160282755422,HD 95735,1.008,0.44,8,2
HD 95735_6,0.1051727075646597,0.011122159756211296,HD 95735,1.008,0.44,8,2
HD 95735_6,0.09608081485032978,0.5071536922011388,HD 95735,1.008,0.44,8,2
HD 95735_6,0.10430148719816852,0.00863412672429343,HD 95735,1.008,0.44,8,2
HD 95735_6,0.09945187177163502,0.08411092369045195,HD 95735,1.008,0.44,8,2
HD 95735_6,0.10052433459226119,0.18404698857037088,HD 95735,1.008,0.44,8,2
HD 95735_6,0.10899019964499203,0.5382788826782613,HD 95735,1.008,0.44,8,2
HD 95735_6,0.09022540481042697,0.139616523062346,HD 95735,1.008,0.44,8,2
HD 95735_6,0.09823647089088144,0.742932020274956,HD 95735,1.008,0.44,8,2
HD 95735_6,0.1149688409859395,0.010515492443143898,HD 95735,1.008,0.44,8,2
HD 95735_6,0.10405898828857728,0.012034974556164882,HD 95735,1.008,0.44,8,2
HD 95735_6,0.10621597724760325,0.00884343650389554,HD 95735,1.008,0.44,8,2
HD 95735_6,0.10823173863154656,0.29589530900337907,HD 95735,1.008,0.44,8,2
HD 95735_6,0.10169895514484119,0.42790517296497904,HD 95735,1.008,0.44,8,2
HD 95735_6,0.10769156521167945,0.011645533985887545,HD 95735,1.008,0.44,8,2
HD 95735_6,0.09936878778597091,0.3422091232525881,HD 95735,1.008,0.44,8,2
HD 95735_6,0.12747942453365357,0.008540406609832747,HD 95735,1.008,0.44,8,2
HD 95735_6,0.09968910264143889,0.03462989941514329,HD 95735,1.008,0.44,8,2
HD 95735_6,0.10060338014374728,0.07049471987306062,HD 95735,1.008,0.44,8,2
HD 95735_6,0.051934754332168535,0.6743355104047952,HD 95735,1.008,0.44,8,2
HD 95735_6,0.12396031337209706,0.37638583778676604,HD 95735,1.008,0.44,8,2
HD 95735_6,0.0986802679528685,0.24285619516096002,HD 95735,1.008,0.44,8,2
HD 95735_6,0.10314458254399948,0.02403383068016981,HD 95735,1.008,0.44,8,2
HD 95735_6,0.10214745748758963,0.5351152266240097,HD 95735,1.008,0.44,8,2
HD 95735_6,0.10611337512611452,0.0799022746548018,HD 95735,1.008,0.44,8,2
HD 95735_6,0.10678590546982167,0.16213502113254263,HD 95735,1.008,0.44,8,2
HD 95735_6,0.09780801988680556,0.5626636065139521,HD 95735,1.008,0.44,8,2
HD 95735_6,0.10964265006046561,0.22582076819490637,HD 95735,1.008,0.44,8,2
HD 95735_6,0.11243209300553078,0.2813321891845296,HD 95735,1.008,0.44,8,2
HD 95735_6,0.1165869037019909,0.1750371284021353,HD 95735,1.008,0.44,8,2
HD 95735_6,0.13382465250567027,0.10170130497373717,HD 95735,1.008,0.44,8,2
HD 95735_6,0.08493815024327449,0.3017064976727006,HD 95735,1.008,0.44,8,2
HD 95735_6,0.11157045068549658,0.010157439309433462,HD 95735,1.008,0.44,8,2
HD 95735_6,0.10217504578253234,0.01879380980893457,HD 95735,1.008,0.44,8,2
HD 95735_6,0.10175603974436004,0.21505693537694845,HD 95735,1.008,0.44,8,2
HD 95735_6,0.106608892427224,0.0011957967620050494,HD 95735,1.008,0.44,8,2
HD 95735_6,0.10704089073977241,0.7225870859690963,HD 95735,1.008,0.44,8,2
HD 95735_6,0.10007532352465294,0.16207178107916323,HD 95735,1.008,0.44,8,2
HD 95735_6,0.10269401402192664,0.07565734273557484,HD 95735,1.008,0.44,8,2
HD 95735_6,0.09995075353620676,0.19912645925750105,HD 95735,1.008,0.44,8,2
HD 95735_6,0.09720681885020645,0.05835541711795853,HD 95735,1.008,0.44,8,2
HD 95735_6,0.04693728422478304,0.8165886793489873,HD 95735,1.008,0.44,8,2
HD 95735_6,0.10988949396234902,0.0010282624120708176,HD 95735,1.008,0.44,8,2
HD 95735_6,0.1005255436247011,0.3561260586328875,HD 95735,1.008,0.44,8,2
HD 95735_6,0.10951232452250165,0.012459399005887238,HD 95735,1.008,0.44,8,2
HD 95735_6,0.05697566830286178,0.5296092495998876,HD 95735,1.008,0.44,8,2
HD 95735_6,0.10624058411211311,0.1704124058342099,HD 95735,1.008,0.44,8,2
HD 95735_6,0.10942281503016826,0.22704087164370024,HD 95735,1.008,0.44,8,2
HD 95735_6,0.10185976674414725,0.18663620995747493,HD 95735,1.008,0.44,8,2
HD 95735_6,0.12269057857495078,0.16623939039964922,HD 95735,1.008,0.44,8,2
HD 95735_6,0.09624494277432674,0.3440199536837813,HD 95735,1.008,0.44,8,2
HD 95735_6,0.10475384491086999,0.23399277667802396,HD 95735,1.008,0.44,8,2
HD 95735_6,0.10486049050460523,0.07143347033954815,HD 95735,1.008,0.44,8,2
HD 95735_6,0.12175393655314856,0.04135659302550261,HD 95735,1.008,0.44,8,2
HD 95735_6,0.10997760625047594,0.030216320558447408,HD 95735,1.008,0.44,8,2
HD 95735_6,0.12572636747875313,0.023067286597763786,HD 95735,1.008,0.44,8,2
HD 95735_6,0.09388846590449895,0.3156841855865588,HD 95735,1.008,0.44,8,2
HD 95735_6,0.1035018623865746,0.12277409062487878,HD 95735,1.008,0.44,8,2
HD 95735_6,0.10529823402829319,0.12056653942066328,HD 95735,1.008,0.44,8,2
HD 95735_6,0.10689750317721813,0.06256766188263471,HD 95735,1.008,0.44,8,2
HD 95735_6,0.10726611430938862,0.316522755089711,HD 95735,1.008,0.44,8,2
HD 95735_6,0.10779788569504267,0.0759364172974449,HD 95735,1.008,0.44,8,2
HD 95735_6,0.10719529641903387,0.23594710067412158,HD 95735,1.008,0.44,8,2
HD 95735_6,0.09762415549010726,0.4799010845955443,HD 95735,1.008,0.44,8,2
HD 95735_6,0.09784317478002517,0.08466764276378275,HD 95735,1.008,0.44,8,2
HD 95735_6,0.09968823232797976,0.10417417363177525,HD 95735,1.008,0.44,8,2
HD 95735_6,0.09403791880295041,0.21199092132379146,HD 95735,1.008,0.44,8,2
HD 95735_6,0.09735994849196025,0.28501489433228633,HD 95735,1.008,0.44,8,2
HD 95735_6,0.11380917945920695,0.2276884514749704,HD 95735,1.008,0.44,8,2
HD 95735_6,0.09922719137988883,0.4579849279141915,HD 95735,1.008,0.44,8,2
HD 95735_6,0.1023160508898536,0.030940041762195232,HD 95735,1.008,0.44,8,2
HD 95735_6,0.1023144151636086,0.09897020997916797,HD 95735,1.008,0.44,8,2
HD 95735_6,0.10061205724622517,0.04572960937243894,HD 95735,1.008,0.44,8,2
HD 95735_6,0.10079395196538568,0.1615411785802902,HD 95735,1.008,0.44,8,2
HD 95735_6,0.10005592393539531,0.48705838908272814,HD 95735,1.008,0.44,8,2
HD 95735_6,0.09347628906961687,0.8455727578893507,HD 95735,1.008,0.44,8,2
HD 95735_6,0.09720437429131557,0.06294527071922298,HD 95735,1.008,0.44,8,2
HD 95735_6,0.10200600502364343,0.02642272372631418,HD 95735,1.008,0.44,8,2
HD 95735_6,0.09953538016513737,0.27792702924319507,HD 95735,1.008,0.44,8,2
HD 95735_6,0.09705216989053984,0.37918736558544447,HD 95735,1.008,0.44,8,2
HD 95735_6,0.10838098582144699,0.007484180444645855,HD 95735,1.008,0.44,8,2
HD 95735_6,0.09935954792261685,0.02905587688237743,HD 95735,1.008,0.44,8,2
HD 95735_6,0.09918302163117185,0.3305272546413373,HD 95735,1.008,0.44,8,2
HD 95735_6,0.10587894837629752,0.09439028963701634,HD 95735,1.008,0.44,8,2
HD 95735_6,0.11746143301466322,0.241296466060497,HD 95735,1.008,0.44,8,2
HD 95735_6,0.1068248676018455,0.2778308524398824,HD 95735,1.008,0.44,8,2
HD 95735_6,0.10134275187477541,0.06751365473844975,HD 95735,1.008,0.44,8,2
HD 95735_6,0.09086078045597044,0.19492792944888038,HD 95735,1.008,0.44,8,2
HD 95735_6,0.09391752437815519,0.08308025462965192,HD 95735,1.008,0.44,8,2
HD 95735_6,0.10434149898156618,0.12978161568773386,HD 95735,1.008,0.44,8,2
HD 95735_6,0.12919807102719436,0.43613613398879075,HD 95735,1.008,0.44,8,2
HD 95735_6,0.10657848864198947,0.2075477422708658,HD 95735,1.008,0.44,8,2
HD 95735_6,0.051105286873658215,0.6715503076497054,HD 95735,1.008,0.44,8,2
HD 95735_6,0.1085414372888419,0.11213963285543803,HD 95735,1.008,0.44,8,2
HD 95735_6,0.10441915580977094,0.00952566218859196,HD 95735,1.008,0.44,8,2
HD 95735_6,0.11392173186485885,0.01139846367081776,HD 95735,1.008,0.44,8,2
HD 95735_6,0.10486605579449534,0.024229372612503894,HD 95735,1.008,0.44,8,2
HD 95735_6,0.09401424772028019,0.13296738389040547,HD 95735,1.008,0.44,8,2
HD 95735_6,0.1299617704703649,0.05315459190803727,HD 95735,1.008,0.44,8,2
HD 95735_6,0.12021143039355099,0.03575150954313747,HD 95735,1.008,0.44,8,2
HD 95735_6,0.0940134094351472,0.06780975191609387,HD 95735,1.008,0.44,8,2
HD 95735_6,0.09345168729549906,0.3417648471683894,HD 95735,1.008,0.44,8,2
HD 95735_6,0.1071026023620787,0.20823153114221077,HD 95735,1.008,0.44,8,2
HD 95735_6,0.09697868104228817,0.10031816634966874,HD 95735,1.008,0.44,8,2
HD 95735_6,0.11771830764351818,0.0020589582861430663,HD 95735,1.008,0.44,8,2
HD 95735_6,0.10476992740766825,0.10804995181091578,HD 95735,1.008,0.44,8,2
HD 95735_6,0.1014457060314401,0.4604446344944824,HD 95735,1.008,0.44,8,2
HD 95735_6,0.11219188167339975,0.010649524581917284,HD 95735,1.008,0.44,8,2
HD 95735_6,0.3113992559004329,0.36813995906687963,HD 95735,1.008,0.44,8,2
HD 95735_6,0.11067620670133956,0.06083057985645076,HD 95735,1.008,0.44,8,2
HD 95735_6,0.10689915756526094,0.24567952214490232,HD 95735,1.008,0.44,8,2
HD 95735_6,0.09752956698447762,0.04673108524733357,HD 95735,1.008,0.44,8,2
HD 95735_6,0.10476749669902029,0.16447888103042146,HD 95735,1.008,0.44,8,2
HD 95735_6,0.09615547860160437,0.3361801017872236,HD 95735,1.008,0.44,8,2
HD 95735_6,0.10485205889213953,0.05031860722451624,HD 95735,1.008,0.44,8,2
HD 95735_6,0.11113378641801058,0.07196198955346955,HD 95735,1.008,0.44,8,2
HD 95735_6,0.10922030924793065,0.09693514208547724,HD 95735,1.008,0.44,8,2
HD 95735_6,0.11933619572228525,0.4144866793642244,HD 95735,1.008,0.44,8,2
HD 95735_6,0.10238703778253015,0.32009887607479615,HD 95735,1.008,0.44,8,2
HD 95735_6,0.1062168503374529,0.7681268128388336,HD 95735,1.008,0.44,8,2
HD 95735_6,0.10486517281721731,0.19054956998383443,HD 95735,1.008,0.44,8,2
HD 95735_6,0.0957918081780207,0.12619773937997192,HD 95735,1.008,0.44,8,2
HD 95735_6,0.054451020745900185,0.7401003296885292,HD 95735,1.008,0.44,8,2
HD 95735_6,0.10651795766037489,0.20413704531792468,HD 95735,1.008,0.44,8,2
HD 95735_6,0.10503412923106499,0.026486428596647526,HD 95735,1.008,0.44,8,2
HD 95735_6,0.1214949598047509,0.007326632158753259,HD 95735,1.008,0.44,8,2
HD 95735_6,0.10741869130363005,0.13419008045938785,HD 95735,1.008,0.44,8,2
HD 95735_6,0.10001619389986925,0.0805411933502845,HD 95735,1.008,0.44,8,2
HD 95735_6,0.11238350676069145,0.2023192400064878,HD 95735,1.008,0.44,8,2
HD 95735_6,0.10653244537314144,0.05805873936042079,HD 95735,1.008,0.44,8,2
HD 95735_6,0.1014695691056493,0.10958982411320285,HD 95735,1.008,0.44,8,2
HD 95735_6,0.10704747438238585,0.3498479094471403,HD 95735,1.008,0.44,8,2
HD 95735_6,0.10086150266307767,0.5448913225700704,HD 95735,1.008,0.44,8,2
HD 95735_6,0.10787091692575763,0.18724977031276294,HD 95735,1.008,0.44,8,2
HD 95735_6,0.10632155768626925,0.33578142077725115,HD 95735,1.008,0.44,8,2
HD 95735_6,0.1095606605029375,0.03829939604352182,HD 95735,1.008,0.44,8,2
HD 95735_6,0.10090303503378092,0.10327776177540697,HD 95735,1.008,0.44,8,2
HD 95735_6,0.10938274345103002,0.04434687230846133,HD 95735,1.008,0.44,8,2
HD 95735_6,0.09075602191082704,0.20082165523202505,HD 95735,1.008,0.44,8,2
HD 95735_6,0.0982279581995895,0.220071285440884,HD 95735,1.008,0.44,8,2
