PlanetID,StarName,SMA_AU,ecc,Rp_REarth,Mp_MEarth,d_pc,M_sol,L_sol,Sep,PA,3dDist,PhaseFunc,DetStatus,NDet,NObs,LastObs
HD 142860_0,HD 142860,0.405,0.081,2.385,6.459,11.254,1.25,3.039,,,0.432647,0.036004,0,0,1,2035.0
HD 142860_2,HD 142860,3.184,0.073,1.146,0.989,11.254,1.25,3.039,,,3.137289,0.489767,0,0,1,2035.0
HD 142860_3,HD 142860,0.465,0.068,1.963,1.786,11.254,1.25,3.039,,,0.448867,0.456699,0,0,1,2035.0
HD 142860_5,HD 142860,0.92,0.074,2.443,8.017,11.254,1.25,3.039,,,0.852826,0.077624,0,0,1,2035.0
HD 142860_6,HD 142860,0.627,0.092,3.102,5.436,11.254,1.25,3.039,,,0.683736,0.013926,0,0,1,2035.0
HD 30652_0,HD 30652,0.357,0.032,0.524,0.119,8.068,1.25,2.71,,,0.365285,0.141985,0,0,1,2035.00137
HD 30652_1,HD 30652,3.379,0.099,2.314,9.159,8.068,1.25,2.71,,,3.373288,0.06295,0,0,1,2035.00137
HD 30652_2,HD 30652,1.418,0.081,1.563,7.047,8.068,1.25,2.71,,,1.44625,0.03975,0,0,1,2035.00137
HD 30652_3,HD 30652,3.27,0.133,2.129,5.731,8.068,1.25,2.71,,,3.337398,0.228915,0,0,1,2035.00137
HD 30652_4,HD 30652,2.754,0.119,2.49,10.16,8.068,1.25,2.71,,,3.074861,0.071324,0,0,1,2035.00137
HD 22484_0,HD 22484,0.838,0.146,1.142,1.607,13.92,1.14,3.068,,,0.825329,0.367895,0,0,1,2035.00274
HD 22484_1,HD 22484,1.12,0.109,1.996,7.679,13.92,1.14,3.068,,,1.184084,0.073901,0,0,1,2035.00274
HD 22484_2,HD 22484,0.469,0.117,1.765,3.166,13.92,1.14,3.068,,,0.502049,0.057014,0,0,1,2035.00274
HD 22484_5,HD 22484,4.456,0.081,0.516,0.034,13.92,1.14,3.068,,,4.138022,0.021229,0,0,1,2035.00274
HD 22484_7,HD 22484,3.201,0.074,0.943,1.501,13.92,1.14,3.068,,,2.978093,0.341329,0,0,1,2035.00274
HD 128167_0,HD 128167,1.283,0.14,1.15,1.29,15.756,1.39,3.182,,,1.107643,0.520288,0,0,1,2035.00411
HD 128167_2,HD 128167,3.433,0.063,1.328,2.483,15.756,1.39,3.182,,,3.265018,0.121772,0,0,1,2035.00411
HD 128167_3,HD 128167,4.878,0.117,2.132,5.678,15.756,1.39,3.182,,,5.403185,0.339698,0,0,1,2035.00411
HD 128167_4,HD 128167,1.323,0.044,1.923,2.477,15.756,1.39,3.182,,,1.374304,0.059026,0,0,1,2035.00411
HD 142373_0,HD 142373,1.268,0.168,0.757,0.148,15.898,1.08,3.136,,,1.481024,0.754846,0,0,1,2035.005479
HD 142373_1,HD 142373,1.76,0.092,0.868,0.535,15.898,1.08,3.136,,,1.625407,0.160387,0,0,1,2035.005479
HD 142373_2,HD 142373,0.834,0.129,2.923,6.259,15.898,1.08,3.136,,,0.730608,0.424536,0,0,1,2035.005479
HD 142373_4,HD 142373,1.161,0.006,1.265,2.536,15.898,1.08,3.136,,,1.154317,0.348496,0,0,1,2035.005479
HD 142373_6,HD 142373,4.705,0.105,0.947,0.923,15.898,1.08,3.136,,,4.973728,0.358905,0,0,1,2035.005479
HD 142373_7,HD 142373,1.878,0.051,2.611,6.816,15.898,1.08,3.136,0.094618,352.503452,1.827809,0.663135,1,1,1,2035.005479
HD 142373_8,HD 142373,3.092,0.053,1.805,7.326,15.898,1.08,3.136,0.18193,107.698787,3.09827,0.536115,1,1,1,2035.005479
HD 134083_0,HD 134083,0.116,0.07,1.9,7.058,19.536,1.33,3.255,,,0.118939,0.82838,0,0,1,2035.006849
HD 134083_1,HD 134083,0.36,0.097,1.358,2.746,19.536,1.33,3.255,,,0.354097,0.624825,0,0,1,2035.006849
HD 134083_3,HD 134083,0.749,0.13,0.881,0.684,19.536,1.33,3.255,,,0.844037,0.065868,0,0,1,2035.006849
HD 134083_4,HD 134083,0.959,0.114,0.591,0.338,19.536,1.33,3.255,,,1.060201,0.077114,0,0,1,2035.006849
HD 23249_0,HD 23249,2.38,0.039,0.804,0.586,9.089,0.87,2.941,,,2.453909,0.743868,0,0,1,2035.008219
HD 23249_1,HD 23249,2.348,0.031,1.487,3.029,9.089,0.87,2.941,,,2.318859,0.037071,0,0,1,2035.008219
HD 38393_0,HD 38393,0.205,0.072,1.088,1.383,8.905,1.23,2.344,,,0.202099,0.205621,0,0,1,2035.009589
HD 38393_1,HD 38393,3.39,0.099,0.656,0.073,8.905,1.23,2.344,,,3.693629,0.172093,0,0,1,2035.009589
HD 38393_3,HD 38393,0.355,0.086,1.549,2.098,8.905,1.23,2.344,,,0.330317,0.803686,0,0,1,2035.009589
HD 38393_4,HD 38393,4.373,0.052,1.208,1.876,8.905,1.23,2.344,,,4.169242,0.052424,0,0,1,2035.009589
HD 693_0,HD 693,1.045,0.058,1.136,2.579,18.886,1.18,2.997,,,1.002562,0.081714,0,0,1,2035.010959
HD 693_1,HD 693,0.139,0.106,2.768,7.407,18.886,1.18,2.997,,,0.147385,0.001154,0,0,1,2035.010959
HD 693_3,HD 693,1.448,0.069,1.975,3.042,18.886,1.18,2.997,,,1.547879,0.720049,0,0,1,2035.010959
HD 693_4,HD 693,1.744,0.105,1.392,2.348,18.886,1.18,2.997,0.076276,128.346415,1.576986,0.23326,1,1,1,2035.010959
HD 693_5,HD 693,2.909,0.1,1.423,2.794,18.886,1.18,2.997,,,3.019863,0.014628,0,0,1,2035.010959
HD 693_6,HD 693,2.914,0.024,0.574,0.316,18.886,1.18,2.997,,,2.983042,0.840057,0,0,1,2035.010959
HD 693_7,HD 693,3.93,0.01,2.298,5.004,18.886,1.18,2.997,,,3.969299,0.030668,0,0,1,2035.010959
HD 17206_0,HD 17206,1.742,0.09,0.885,1.25,14.276,1.21,2.617,,,1.792125,0.177146,0,0,1,2035.012329
HD 17206_1,HD 17206,0.879,0.039,2.253,5.781,14.276,1.21,2.617,,,0.913142,0.018454,0,0,1,2035.012329
HD 17206_2,HD 17206,0.485,0.035,0.762,0.888,14.276,1.21,2.617,,,0.472626,0.020839,0,0,1,2035.012329
HD 210302_0,HD 210302,0.937,0.087,1.293,2.482,18.458,1.25,2.918,,,0.962589,0.493572,0,0,1,2035.013699
HD 210302_1,HD 210302,0.316,0.034,0.672,0.291,18.458,1.25,2.918,,,0.310093,0.062241,0,0,1,2035.013699
HD 210302_2,HD 210302,0.162,0.125,0.82,0.565,18.458,1.25,2.918,,,0.159697,0.106791,0,0,1,2035.013699
HD 210302_3,HD 210302,0.925,0.123,2.909,15.97,18.458,1.25,2.918,,,0.991222,0.015225,0,0,1,2035.013699
HD 210302_4,HD 210302,1.629,0.122,1.727,5.061,18.458,1.25,2.918,,,1.443954,0.902923,0,0,1,2035.013699
HD 128620_0,HD 128620,1.567,0.074,0.945,0.738,1.332,1.11,1.521,,,1.453625,0.003914,0,0,1,2035.015068
HD 128620_1,HD 128620,1.266,0.016,1.198,6.221,1.332,1.11,1.521,0.780136,100.436506,1.271789,0.661515,1,1,1,2035.015068
HD 43386_0,HD 43386,2.541,0.037,0.504,0.177,19.588,1.33,2.957,,,2.632362,0.000431,0,0,1,2035.016438
HD 43386_1,HD 43386,1.141,0.101,1.584,2.873,19.588,1.33,2.957,,,1.230615,0.16664,0,0,1,2035.016438
HD 43386_3,HD 43386,0.289,0.045,1.072,0.429,19.588,1.33,2.957,,,0.296689,0.541304,0,0,1,2035.016438
HD 19373_0,HD 19373,0.74,0.034,3.212,9.93,10.577,1.08,2.23,,,0.734069,0.513915,0,0,1,2035.017808
HD 19373_2,HD 19373,0.724,0.048,1.483,3.085,10.577,1.08,2.23,,,0.691267,0.195784,0,0,1,2035.017808
HD 19373_3,HD 19373,0.676,0.061,1.037,1.075,10.577,1.08,2.23,,,0.639038,0.842415,0,0,1,2035.017808
HD 19373_6,HD 19373,0.114,0.04,2.433,8.086,10.577,1.08,2.23,,,0.111213,0.017746,0,0,1,2035.017808
HD 19373_7,HD 19373,2.87,0.048,1.622,2.945,10.577,1.08,2.23,,,2.98063,0.225016,0,0,1,2035.017808
HD 16895 A_0,HD 16895 A,3.595,0.047,2.816,7.544,11.15,1.21,2.246,,,3.745591,0.11254,0,0,1,2035.019178
HD 16895 A_4,HD 16895 A,4.424,0.091,1.274,1.913,11.15,1.21,2.246,,,4.19751,0.065115,0,0,1,2035.019178
HD 16895 A_5,HD 16895 A,1.554,0.05,3.144,9.969,11.15,1.21,2.246,0.099724,99.569744,1.523988,0.054337,1,1,1,2035.019178
HD 16895 A_6,HD 16895 A,0.108,0.029,0.508,0.042,11.15,1.21,2.246,,,0.108591,0.180597,0,0,1,2035.019178
HD 84737_0,HD 84737,0.596,0.087,1.352,1.551,18.823,1.08,2.795,,,0.635327,0.019866,0,0,1,2035.020548
HD 84737_1,HD 84737,3.025,0.071,1.189,1.926,18.823,1.08,2.795,,,2.828699,0.793562,0,0,1,2035.020548
HD 84737_2,HD 84737,1.078,0.014,1.079,0.698,18.823,1.08,2.795,,,1.073196,0.016904,0,0,1,2035.020548
HD 84737_3,HD 84737,3.774,0.025,0.833,0.848,18.823,1.08,2.795,,,3.68617,0.298688,0,0,1,2035.020548
HD 84737_4,HD 84737,0.254,0.074,3.133,13.741,18.823,1.08,2.795,,,0.246559,0.277358,0,0,1,2035.020548
HD 84737_5,HD 84737,2.993,0.205,0.508,0.086,18.823,1.08,2.795,,,3.108158,0.37234,0,0,1,2035.020548
HD 187691 A_0,HD 187691 A,3.127,0.076,1.475,4.454,19.488,1.25,2.835,,,3.046951,0.177044,0,0,1,2035.021918
HD 187691 A_1,HD 187691 A,2.61,0.091,1.018,1.386,19.488,1.25,2.835,,,2.617092,0.031766,0,0,1,2035.021918
HD 187691 A_2,HD 187691 A,3.249,0.037,0.764,1.364,19.488,1.25,2.835,,,3.366988,0.873589,0,0,1,2035.021918
HD 187691 A_3,HD 187691 A,2.018,0.038,2.654,10.557,19.488,1.25,2.835,,,2.08837,0.012983,0,0,1,2035.021918
HD 43042_0,HD 43042,4.095,0.078,0.558,0.185,21.776,1.29,2.936,,,3.824635,0.191588,0,0,1,2035.023288
HD 43042_1,HD 43042,0.434,0.11,0.533,0.05,21.776,1.29,2.936,,,0.426025,0.241608,0,0,1,2035.023288
HD 43042_3,HD 43042,0.724,0.14,0.733,0.758,21.776,1.29,2.936,,,0.824759,0.91407,0,0,1,2035.023288
HD 212330 A_0,HD 212330 A,1.747,0.031,3.281,9.208,20.34,1.02,2.726,0.084513,147.600369,1.700129,0.224133,1,1,1,2035.024658
HD 141004_0,HD 141004,2.629,0.092,2.901,8.518,11.916,1.09,2.004,0.186819,153.947902,2.511255,0.585626,1,1,1,2035.026027
HD 141004_1,HD 141004,0.651,0.071,0.654,0.168,11.916,1.09,2.004,,,0.641736,0.13245,0,0,1,2035.026027
HD 141004_2,HD 141004,4.426,0.098,1.019,2.941,11.916,1.09,2.004,,,4.205225,0.505244,0,0,1,2035.026027
HD 141004_3,HD 141004,4.115,0.06,0.578,0.125,11.916,1.09,2.004,,,4.265546,0.066109,0,0,1,2035.026027
HD 141004_4,HD 141004,3.163,0.091,1.732,4.206,11.916,1.09,2.004,,,3.37971,0.522747,0,0,1,2035.026027
HD 4614 A_0,HD 4614 A,4.718,0.051,1.358,3.151,5.01,1.14,1.252,,,4.955754,0.125286,0,0,1,2035.027397
HD 4614 A_1,HD 4614 A,0.651,0.133,0.728,0.235,5.01,1.14,1.252,,,0.72724,0.873657,0,0,1,2035.027397
HD 4614 A_2,HD 4614 A,2.584,0.017,1.361,2.842,5.01,1.14,1.252,0.416993,323.629167,2.626719,0.684372,1,1,1,2035.027397
HD 58855_0,HD 58855,3.917,0.055,2.746,11.124,20.402,1.16,2.445,0.121451,236.325672,4.06952,0.825124,1,1,1,2035.028767
HD 58855_3,HD 58855,0.12,0.023,0.846,0.314,20.402,1.16,2.445,,,0.122586,0.087094,0,0,1,2035.028767
HD 58855_4,HD 58855,1.787,0.062,0.53,0.101,20.402,1.16,2.445,,,1.817384,0.982805,0,0,1,2035.028767
HD 58855_5,HD 58855,2.753,0.078,0.74,0.361,20.402,1.16,2.445,,,2.922913,0.866094,0,0,1,2035.028767
HD 58855_6,HD 58855,3.408,0.008,0.67,0.197,20.402,1.16,2.445,,,3.414191,0.042337,0,0,1,2035.028767
HD 58855_7,HD 58855,0.511,0.017,1.169,2.72,20.402,1.16,2.445,,,0.507161,0.04845,0,0,1,2035.028767
HD 58855_8,HD 58855,3.679,0.02,1.665,3.725,20.402,1.16,2.445,,,3.70516,0.049126,0,0,1,2035.028767
HD 7570_0,HD 7570,3.031,0.054,1.134,3.652,15.261,1.14,2.004,,,2.989966,0.959167,0,0,1,2035.030137
HD 7570_1,HD 7570,0.15,0.071,0.941,0.218,15.261,1.14,2.004,,,0.14013,0.744542,0,0,1,2035.030137
HD 7570_2,HD 7570,1.977,0.063,1.73,3.716,15.261,1.14,2.004,,,1.986874,0.078554,0,0,1,2035.030137
HD 7570_3,HD 7570,3.034,0.079,1.364,1.913,15.261,1.14,2.004,,,3.266998,0.652117,0,0,1,2035.030137
HD 7570_4,HD 7570,0.569,0.099,0.726,0.483,15.261,1.14,2.004,,,0.620946,0.316351,0,0,1,2035.030137
HD 84117_2,HD 84117,0.48,0.183,0.807,0.707,14.951,1.14,1.977,,,0.52059,0.006098,0,0,1,2035.031507
HD 84117_3,HD 84117,2.469,0.127,0.583,0.157,14.951,1.14,1.977,,,2.615849,0.05274,0,0,1,2035.031507
HD 84117_5,HD 84117,2.421,0.095,0.605,0.239,14.951,1.14,1.977,,,2.650765,0.505551,0,0,1,2035.031507
HD 190248_1,HD 190248,1.11,0.055,1.408,3.629,6.099,0.94,1.25,0.119773,172.284407,1.16077,0.817739,1,1,1,2035.032877
HD 190248_2,HD 190248,3.754,0.072,1.017,1.24,6.099,0.94,1.25,,,3.990551,0.100924,0,0,1,2035.032877
HD 190248_3,HD 190248,1.406,0.139,0.51,0.568,6.099,0.94,1.25,,,1.562443,0.003766,0,0,1,2035.032877
HD 34411_0,HD 34411,0.295,0.082,3.192,8.429,12.562,1.08,1.732,,,0.271889,0.320179,0,0,1,2035.034247
HD 34411_1,HD 34411,1.539,0.078,0.897,0.713,12.562,1.08,1.732,0.108852,110.134947,1.511207,0.554159,1,1,1,2035.034247
HD 34411_3,HD 34411,1.691,0.074,0.798,0.808,12.562,1.08,1.732,,,1.582592,0.429357,0,0,1,2035.034247
HD 203608_0,HD 203608,2.203,0.092,1.79,3.488,9.258,1.14,1.466,0.197248,52.207781,2.006949,0.576183,1,1,1,2035.035616
HD 203608_1,HD 203608,2.342,0.1,0.502,0.104,9.258,1.14,1.466,,,2.526834,0.960415,0,0,1,2035.035616
HD 203608_2,HD 203608,2.74,0.062,1.086,1.189,9.258,1.14,1.466,0.14209,129.580889,2.85772,0.897264,1,1,1,2035.035616
HD 203608_5,HD 203608,4.293,0.038,0.929,0.698,9.258,1.14,1.466,,,4.356817,0.106602,0,0,1,2035.035616
HD 203608_6,HD 203608,0.526,0.072,0.985,0.486,9.258,1.14,1.466,,,0.50732,0.787476,0,0,1,2035.035616
HD 160691_0,HD 160691,1.46,0.051,0.67,0.675,15.604,1.0,1.899,,,1.529518,0.333329,0,0,1,2035.036986
HD 160691_1,HD 160691,0.274,0.085,0.88,0.645,15.604,1.0,1.899,,,0.271924,0.440487,0,0,1,2035.036986
HD 160691_2,HD 160691,0.346,0.144,0.58,0.053,15.604,1.0,1.899,,,0.379378,0.916929,0,0,1,2035.036986
HD 160691_3,HD 160691,0.123,0.058,0.556,0.091,15.604,1.0,1.899,,,0.125676,0.46649,0,0,1,2035.036986
HD 160691_4,HD 160691,2.415,0.073,1.777,2.687,15.604,1.0,1.899,0.150282,91.222949,2.324506,0.349745,1,1,1,2035.036986
HD 160691_6,HD 160691,2.937,0.058,2.424,6.338,15.604,1.0,1.899,,,3.082808,0.011616,0,0,1,2035.036986
HD 160691_7,HD 160691,3.23,0.098,2.375,5.354,15.604,1.0,1.899,,,2.914052,0.084182,0,0,1,2035.036986
HD 114710_0,HD 114710,1.415,0.117,0.681,0.147,9.197,1.11,1.357,,,1.565091,0.626807,0,0,1,2035.038356
HD 114710_1,HD 114710,0.314,0.116,0.63,1.142,9.197,1.11,1.357,,,0.325852,0.123525,0,0,1,2035.038356
HD 114710_2,HD 114710,2.258,0.018,0.683,0.173,9.197,1.11,1.357,,,2.217916,0.112579,0,0,1,2035.038356
HD 114710_4,HD 114710,0.861,0.053,0.898,0.439,9.197,1.11,1.357,0.089396,58.262795,0.816108,0.263377,1,1,1,2035.038356
HD 114710_5,HD 114710,0.124,0.109,3.108,17.681,9.197,1.11,1.357,,,0.123158,0.832601,0,0,1,2035.038356
HD 1581_1,HD 1581,1.541,0.046,2.633,10.663,8.607,1.11,1.262,0.125233,235.669466,1.491259,0.771078,1,1,1,2035.039726
HD 1581_2,HD 1581,0.181,0.101,0.988,1.538,8.607,1.11,1.262,,,0.194113,0.924454,0,0,1,2035.039726
HD 1581_3,HD 1581,1.491,0.126,2.76,10.6,8.607,1.11,1.262,,,1.671432,0.037876,0,0,1,2035.039726
HD 1581_4,HD 1581,0.208,0.109,2.378,6.033,8.607,1.11,1.262,,,0.200619,0.638184,0,0,1,2035.039726
HD 90839_0,HD 90839,3.665,0.022,0.781,0.186,12.945,1.18,1.605,,,3.605815,0.022848,0,0,1,2035.041096
HD 90839_1,HD 90839,0.191,0.094,1.403,2.751,12.945,1.18,1.605,,,0.204658,0.507403,0,0,1,2035.041096
HD 90839_2,HD 90839,3.378,0.112,1.125,1.619,12.945,1.18,1.605,,,3.295797,0.844412,0,0,1,2035.041096
HD 90839_5,HD 90839,0.15,0.051,2.273,4.226,12.945,1.18,1.605,,,0.146401,0.034249,0,0,1,2035.041096
HD 33262 A_0,HD 33262 A,4.098,0.155,0.949,0.422,11.693,1.14,1.466,,,4.587633,0.1798,0,0,1,2035.042466
HD 33262 A_1,HD 33262 A,3.3,0.062,1.368,1.583,11.693,1.14,1.466,,,3.454879,0.009268,0,0,1,2035.042466
HD 33262 A_2,HD 33262 A,3.337,0.087,0.965,0.502,11.693,1.14,1.466,,,3.505654,0.134158,0,0,1,2035.042466
HD 33262 A_4,HD 33262 A,1.015,0.091,2.255,9.306,11.693,1.14,1.466,,,0.951321,0.98004,0,0,1,2035.042466
HD 33262 A_5,HD 33262 A,0.358,0.206,1.487,2.029,11.693,1.14,1.466,,,0.417593,0.506052,0,0,1,2035.042466
HD 33262 A_6,HD 33262 A,0.874,0.139,0.646,0.257,11.693,1.14,1.466,,,0.831092,0.022723,0,0,1,2035.042466
HD 33262 A_8,HD 33262 A,0.199,0.101,2.893,13.631,11.693,1.14,1.466,,,0.180977,0.915548,0,0,1,2035.042466
HD 109358_0,HD 109358,0.599,0.064,0.661,0.193,8.473,1.08,1.151,,,0.635742,0.265469,0,0,1,2035.043836
HD 109358_1,HD 109358,0.313,0.024,1.946,4.835,8.473,1.08,1.151,,,0.305824,0.005267,0,0,1,2035.043836
HD 109358_3,HD 109358,0.172,0.066,1.409,1.609,8.473,1.08,1.151,,,0.17368,0.25895,0,0,1,2035.043836
HD 109358_4,HD 109358,1.488,0.078,0.58,0.237,8.473,1.08,1.151,,,1.413669,0.524964,0,0,1,2035.043836
HD 109358_5,HD 109358,3.968,0.05,3.285,25.806,8.473,1.08,1.151,,,4.027805,0.10081,0,0,1,2035.043836
HD 95128_1,HD 95128,2.285,0.074,0.586,0.282,13.887,1.07,1.577,,,2.370145,0.414579,0,0,1,2035.045205
HD 95128_2,HD 95128,4.586,0.035,0.538,0.083,13.887,1.07,1.577,,,4.673924,0.045397,0,0,1,2035.045205
HD 95128_3,HD 95128,0.343,0.031,2.771,10.086,13.887,1.07,1.577,,,0.345269,0.074269,0,0,1,2035.045205
HD 95128_4,HD 95128,2.15,0.173,1.218,6.511,13.887,1.07,1.577,,,2.519242,0.136967,0,0,1,2035.045205
HD 95128_5,HD 95128,0.6,0.105,2.299,8.137,13.887,1.07,1.577,,,0.655141,0.507343,0,0,1,2035.045205
HD 95128_6,HD 95128,0.335,0.024,2.419,8.582,13.887,1.07,1.577,,,0.342238,0.309252,0,0,1,2035.045205
HD 95128_7,HD 95128,0.847,0.089,1.394,3.129,13.887,1.07,1.577,,,0.865437,0.100033,0,0,1,2035.045205
HD 95128_8,HD 95128,0.588,0.034,2.182,8.46,13.887,1.07,1.577,,,0.589313,0.751444,0,0,1,2035.045205
HD 143761_0,HD 143761,2.268,0.052,0.622,0.131,17.511,0.97,1.812,,,2.333319,0.822302,0,0,1,2035.046575
HD 143761_3,HD 143761,0.463,0.017,0.834,0.619,17.511,0.97,1.812,,,0.47043,0.161823,0,0,1,2035.046575
HD 143761_4,HD 143761,1.096,0.157,0.808,0.895,17.511,0.97,1.812,,,1.234497,0.576866,0,0,1,2035.046575
HD 143761_5,HD 143761,0.834,0.096,1.155,1.684,17.511,0.97,1.812,,,0.902229,0.022107,0,0,1,2035.046575
HD 143761_7,HD 143761,2.609,0.089,2.154,12.289,17.511,0.97,1.812,,,2.539452,0.213838,0,0,1,2035.046575
HD 46588 A_0,HD 46588 A,1.961,0.092,1.375,5.123,18.202,1.18,1.826,0.097619,178.754329,1.817941,0.260671,1,1,1,2035.047945
HD 46588 A_2,HD 46588 A,0.149,0.051,1.651,3.767,18.202,1.18,1.826,,,0.156031,0.578473,0,0,1,2035.047945
HD 46588 A_4,HD 46588 A,0.634,0.042,1.252,1.899,18.202,1.18,1.826,,,0.618896,0.470391,0,0,1,2035.047945
HD 46588 A_5,HD 46588 A,0.119,0.052,0.593,0.101,18.202,1.18,1.826,,,0.113607,0.311613,0,0,1,2035.047945
HD 46588 A_6,HD 46588 A,0.647,0.045,2.121,5.747,18.202,1.18,1.826,,,0.67586,0.592696,0,0,1,2035.047945
HD 46588 A_7,HD 46588 A,1.085,0.088,1.256,5.584,18.202,1.18,1.826,,,1.004074,0.74545,0,0,1,2035.047945
HD 46588 A_8,HD 46588 A,2.008,0.017,0.521,0.08,18.202,1.18,1.826,,,2.033142,0.03995,0,0,1,2035.047945
HD 17051_0,HD 17051,1.593,0.055,0.8,0.166,17.357,1.14,1.737,,,1.661579,0.457739,0,0,1,2035.049315
HD 17051_1,HD 17051,2.146,0.107,1.035,0.971,17.357,1.14,1.737,,,2.283371,0.307452,0,0,1,2035.049315
HD 17051_2,HD 17051,4.311,0.108,1.302,2.591,17.357,1.14,1.737,,,4.365158,0.533134,0,0,1,2035.049315
HD 165499_0,HD 165499,3.777,0.071,0.637,0.161,17.753,1.08,1.731,,,3.559203,0.169107,0,0,1,2035.050685
HD 165499_1,HD 165499,0.192,0.04,0.654,0.106,17.753,1.08,1.731,,,0.185617,0.833507,0,0,1,2035.050685
HD 165499_3,HD 165499,0.221,0.065,0.75,0.229,17.753,1.08,1.731,,,0.227605,0.894594,0,0,1,2035.050685
HD 165499_4,HD 165499,1.569,0.062,3.377,24.497,17.753,1.08,1.731,,,1.473166,0.006007,0,0,1,2035.050685
HD 10700_0,HD 10700,1.625,0.099,0.563,0.087,3.652,0.94,0.506,,,1.681619,0.473304,0,0,1,2035.052055
HD 86728 A_0,HD 86728 A,0.138,0.113,0.53,0.078,14.926,1.0,1.378,,,0.131774,0.191957,0,0,1,2035.053425
HD 86728 A_1,HD 86728 A,1.194,0.049,0.519,0.144,14.926,1.0,1.378,,,1.245556,0.033164,0,0,1,2035.053425
HD 86728 A_2,HD 86728 A,1.586,0.024,0.736,0.367,14.926,1.0,1.378,,,1.575997,0.083581,0,0,1,2035.053425
HD 86728 A_3,HD 86728 A,0.34,0.077,0.971,1.901,14.926,1.0,1.378,,,0.354795,0.127842,0,0,1,2035.053425
HD 86728 A_4,HD 86728 A,3.143,0.15,2.985,16.709,14.926,1.0,1.378,0.102645,282.806078,2.683119,0.849598,1,1,1,2035.053425
HD 86728 A_5,HD 86728 A,0.238,0.132,1.155,6.008,14.926,1.0,1.378,,,0.206604,0.341412,0,0,1,2035.053425
HD 86728 A_6,HD 86728 A,2.84,0.137,2.462,3.621,14.926,1.0,1.378,0.0961,219.97453,2.624537,0.856237,1,1,1,2035.053425
HD 20794_0,HD 20794,4.322,0.17,2.962,5.742,6.041,0.97,0.654,,,4.561039,0.020042,0,0,1,2035.054795
HD 20794_1,HD 20794,2.398,0.095,1.302,2.525,6.041,0.97,0.654,,,2.256886,0.023637,0,0,1,2035.054795
HD 115617_0,HD 115617,1.956,0.004,0.732,1.017,8.534,0.97,0.825,,,1.962295,0.261364,0,0,1,2035.056164
HD 115617_1,HD 115617,0.76,0.09,2.931,6.157,8.534,0.97,0.825,,,0.747042,0.760481,0,0,1,2035.056164
HD 115617_2,HD 115617,0.621,0.047,0.562,0.059,8.534,0.97,0.825,,,0.636127,0.173,0,0,1,2035.056164
HD 115617_3,HD 115617,0.199,0.073,3.38,12.207,8.534,0.97,0.825,,,0.185847,0.067562,0,0,1,2035.056164
HD 115617_4,HD 115617,2.599,0.104,0.763,0.174,8.534,0.97,0.825,,,2.784441,0.575468,0,0,1,2035.056164
HD 115617_5,HD 115617,2.098,0.045,1.487,3.177,8.534,0.97,0.825,0.172876,62.80419,2.021181,0.729494,1,1,1,2035.056164
HD 115617_6,HD 115617,3.003,0.084,0.942,0.936,8.534,0.97,0.825,,,3.067865,0.011644,0,0,1,2035.056164
HD 53705_0,HD 53705,0.273,0.081,1.735,2.717,17.059,1.04,1.49,,,0.261672,0.714843,0,0,1,2035.057534
HD 53705_1,HD 53705,2.604,0.083,3.306,16.05,17.059,1.04,1.49,0.136095,227.574812,2.514821,0.137243,1,1,1,2035.057534
HD 53705_2,HD 53705,1.597,0.089,2.478,13.971,17.059,1.04,1.49,0.085835,160.22212,1.610014,0.156887,1,1,1,2035.057534
HD 53705_3,HD 53705,0.715,0.026,1.359,2.038,17.059,1.04,1.49,,,0.715772,0.194856,0,0,1,2035.057534
HD 53705_4,HD 53705,0.527,0.092,2.437,10.745,17.059,1.04,1.49,,,0.505544,0.47274,0,0,1,2035.057534
HD 55575_0,HD 55575,1.084,0.09,0.727,0.186,16.852,1.14,1.463,,,1.008545,0.368835,0,0,1,2035.058904
HD 55575_1,HD 55575,0.133,0.053,0.578,0.677,16.852,1.14,1.463,,,0.136604,0.525853,0,0,1,2035.058904
HD 20630_1,HD 20630,0.648,0.142,1.547,4.726,9.276,0.98,0.857,,,0.624667,0.250397,0,0,1,2035.060274
HD 20630_5,HD 20630,1.387,0.083,0.621,0.63,9.276,0.98,0.857,,,1.27189,0.21337,0,0,1,2035.060274
HD 102365_0,HD 102365,1.154,0.024,2.235,11.472,9.319,1.02,0.844,0.115915,234.545794,1.126315,0.185647,1,1,1,2035.061644
HD 102365_1,HD 102365,4.021,0.031,1.113,0.834,9.319,1.02,0.844,,,4.145641,0.058764,0,0,1,2035.061644
HD 102365_2,HD 102365,0.113,0.031,0.976,0.303,9.319,1.02,0.844,,,0.110054,0.082971,0,0,1,2035.061644
HD 39091_1,HD 39091,3.12,0.028,1.191,1.952,18.287,1.08,1.533,,,3.178765,0.081053,0,0,1,2035.063014
HD 39091_2,HD 39091,2.865,0.029,0.677,0.089,18.287,1.08,1.533,,,2.784811,0.001729,0,0,1,2035.063014
HD 39091_3,HD 39091,3.55,0.072,1.069,0.919,18.287,1.08,1.533,,,3.604012,0.458319,0,0,1,2035.063014
HD 39091_4,HD 39091,4.534,0.027,1.234,1.811,18.287,1.08,1.533,,,4.528716,0.697234,0,0,1,2035.063014
HD 39091_5,HD 39091,1.437,0.051,1.31,1.974,18.287,1.08,1.533,,,1.504985,0.453653,0,0,1,2035.063014
HD 39091_6,HD 39091,0.67,0.012,2.604,6.457,18.287,1.08,1.533,,,0.661962,0.374724,0,0,1,2035.063014
HD 20807_0,HD 20807,0.337,0.072,1.793,3.234,12.039,1.07,1.017,,,0.353628,0.439844,0,0,1,2035.064384
HD 20807_1,HD 20807,1.546,0.069,0.954,0.846,12.039,1.07,1.017,0.097894,234.861664,1.635768,0.759778,1,1,1,2035.064384
HD 20807_2,HD 20807,2.979,0.055,2.038,8.298,12.039,1.07,1.017,,,3.009403,0.065147,0,0,1,2035.064384
HD 131156 A_0,HD 131156 A,0.922,0.01,2.426,6.027,6.754,0.96,0.553,0.138612,227.977848,0.922684,0.330173,1,1,1,2035.065753
HD 131156 A_1,HD 131156 A,1.097,0.147,1.932,4.971,6.754,0.96,0.553,0.102769,23.381078,1.13073,0.8219,1,1,1,2035.065753
HD 65907 A_0,HD 65907 A,0.584,0.099,0.585,0.122,16.172,1.11,1.29,,,0.539746,0.767797,0,0,1,2035.067123
HD 65907 A_1,HD 65907 A,1.316,0.075,0.982,3.131,16.172,1.11,1.29,,,1.413773,0.018583,0,0,1,2035.067123
HD 65907 A_2,HD 65907 A,1.009,0.058,1.202,5.136,16.172,1.11,1.29,,,0.95304,0.514092,0,0,1,2035.067123
HD 147513_0,HD 147513,1.541,0.04,0.645,0.152,12.892,1.07,1.001,,,1.599309,0.385826,0,0,1,2035.068493
HD 147513_1,HD 147513,1.513,0.099,0.537,0.038,12.892,1.07,1.001,,,1.643926,0.507219,0,0,1,2035.068493
HD 147513_2,HD 147513,4.633,0.075,1.379,7.403,12.892,1.07,1.001,,,4.331541,0.390819,0,0,1,2035.068493
HD 147513_4,HD 147513,0.196,0.111,0.74,0.096,12.892,1.07,1.001,,,0.174415,0.384095,0,0,1,2035.068493
HD 147513_5,HD 147513,4.52,0.075,0.624,0.254,12.892,1.07,1.001,,,4.666956,0.49568,0,0,1,2035.068493
HD 147513_6,HD 147513,1.743,0.075,1.796,2.912,12.892,1.07,1.001,0.091833,168.310129,1.613086,0.705628,1,1,1,2035.068493
HD 147513_7,HD 147513,2.47,0.028,0.667,0.174,12.892,1.07,1.001,,,2.406075,0.440876,0,0,1,2035.068493
HD 146233_0,HD 146233,0.356,0.047,2.679,8.19,14.137,1.02,1.094,,,0.340221,0.638656,0,0,1,2035.069863
HD 146233_1,HD 146233,0.206,0.044,2.032,3.376,14.137,1.02,1.094,,,0.200898,0.709799,0,0,1,2035.069863
HD 146233_4,HD 146233,0.539,0.141,1.433,3.682,14.137,1.02,1.094,,,0.532463,0.205133,0,0,1,2035.069863
HD 30495_0,HD 30495,1.934,0.08,0.989,1.288,13.24,1.04,0.966,0.084349,329.248869,2.088517,0.858792,1,1,1,2035.071233
HD 30495_2,HD 30495,0.416,0.06,1.179,0.557,13.24,1.04,0.966,,,0.394566,0.614433,0,0,1,2035.071233
HD 30495_3,HD 30495,1.848,0.089,0.623,0.48,13.24,1.04,0.966,,,1.760416,0.834135,0,0,1,2035.071233
HD 50692_0,HD 50692,3.95,0.04,2.831,10.297,17.405,1.08,1.293,0.174011,118.541369,4.002198,0.71295,1,1,1,2035.072603
HD 50692_1,HD 50692,0.28,0.064,0.734,0.092,17.405,1.08,1.293,,,0.262932,0.287258,0,0,1,2035.072603
HD 50692_2,HD 50692,0.513,0.081,1.798,3.652,17.405,1.08,1.293,,,0.549118,0.591622,0,0,1,2035.072603
HD 50692_3,HD 50692,0.925,0.032,2.849,9.197,17.405,1.08,1.293,,,0.905477,0.222453,0,0,1,2035.072603
HD 190360_0,HD 190360,0.922,0.17,1.79,3.759,16.003,0.96,1.165,,,1.046981,0.640566,0,0,1,2035.073973
HD 190360_1,HD 190360,3.764,0.081,1.071,1.582,16.003,0.96,1.165,,,3.612526,0.268701,0,0,1,2035.073973
HD 190360_3,HD 190360,3.632,0.139,2.733,10.267,16.003,0.96,1.165,,,3.950933,0.033362,0,0,1,2035.073973
HD 190360_4,HD 190360,1.735,0.021,0.534,0.045,16.003,0.96,1.165,,,1.769129,0.273692,0,0,1,2035.073973
HD 190360_5,HD 190360,0.581,0.08,1.934,2.88,16.003,0.96,1.165,,,0.570517,0.047838,0,0,1,2035.073973
HD 136352_0,HD 136352,1.127,0.083,0.501,0.05,14.739,1.02,1.029,,,1.218737,0.541886,0,0,1,2035.075342
HD 136352_2,HD 136352,0.995,0.082,1.549,3.519,14.739,1.02,1.029,,,0.922757,0.686012,0,0,1,2035.075342
HD 136352_3,HD 136352,3.774,0.069,2.041,4.78,14.739,1.02,1.029,,,3.832735,0.420149,0,0,1,2035.075342
HD 136352_4,HD 136352,1.831,0.068,0.826,0.342,14.739,1.02,1.029,,,1.940279,0.153806,0,0,1,2035.075342
HD 128621_0,HD 128621,0.181,0.076,0.591,0.281,1.332,0.94,0.503,0.097844,186.629075,0.1722,0.068992,1,1,1,2035.076712
HD 128621_1,HD 128621,3.969,0.152,0.756,0.624,1.332,0.94,0.503,,,3.712347,0.305545,0,0,1,2035.076712
HD 128621_3,HD 128621,4.377,0.084,0.667,0.424,1.332,0.94,0.503,,,4.648257,0.014492,0,0,1,2035.076712
HD 128621_4,HD 128621,1.135,0.055,1.179,1.502,1.332,0.94,0.503,0.872339,1.475577,1.170557,0.29052,1,1,1,2035.076712
HD 101501_3,HD 101501,0.112,0.069,1.262,2.497,9.576,0.94,0.609,,,0.114143,0.860515,0,0,1,2035.078082
HD 101501_7,HD 101501,0.888,0.054,0.887,0.333,9.576,0.94,0.609,,,0.934719,0.017558,0,0,1,2035.078082
HD 20766_0,HD 20766,1.336,0.161,1.674,3.092,12.045,1.01,0.794,0.101211,257.534778,1.359214,0.125807,1,1,1,2035.079452
HD 20766_1,HD 20766,0.327,0.097,2.659,6.922,12.045,1.01,0.794,,,0.320466,0.41596,0,0,1,2035.079452
HD 20766_4,HD 20766,1.915,0.031,0.912,0.441,12.045,1.01,0.794,0.082326,45.227275,1.878213,0.873867,1,1,1,2035.079452
HD 72905_1,HD 72905,0.661,0.069,0.5,0.051,14.439,1.08,0.973,,,0.616618,0.014637,0,0,1,2035.080822
HD 72905_3,HD 72905,0.899,0.099,2.776,19.234,14.439,1.08,0.973,,,0.823942,0.786187,0,0,1,2035.080822
HD 72905_4,HD 72905,0.923,0.214,1.407,2.24,14.439,1.08,0.973,,,0.829653,0.941196,0,0,1,2035.080822
HD 72905_5,HD 72905,3.175,0.086,0.525,0.068,14.439,1.08,0.973,,,2.972007,0.043419,0,0,1,2035.080822
HD 156274 A_3,HD 156274 A,4.433,0.138,1.608,3.519,8.791,0.9,0.452,,,4.854961,0.23086,0,0,1,2035.082192
HD 4391_0,HD 4391,0.363,0.182,1.471,1.692,15.049,0.98,0.923,,,0.428751,0.044655,0,0,1,2035.083562
HD 4391_1,HD 4391,1.544,0.114,0.614,0.159,15.049,0.98,0.923,,,1.593752,0.887129,0,0,1,2035.083562
HD 4391_2,HD 4391,0.361,0.058,0.863,0.256,15.049,0.98,0.923,,,0.359697,0.366544,0,0,1,2035.083562
HD 4391_3,HD 4391,0.102,0.064,0.942,1.344,15.049,0.98,0.923,,,0.100174,0.483282,0,0,1,2035.083562
HD 4391_4,HD 4391,0.526,0.038,2.712,11.881,15.049,0.98,0.923,,,0.533434,0.903532,0,0,1,2035.083562
HD 10780_0,HD 10780,0.841,0.11,1.077,1.181,10.041,0.9,0.516,,,0.761807,0.552077,0,0,1,2035.084932
HD 10780_3,HD 10780,2.25,0.098,1.348,1.367,10.041,0.9,0.516,0.14879,284.948223,2.192782,0.770791,1,1,1,2035.084932
HD 10780_4,HD 10780,2.669,0.102,2.513,12.001,10.041,0.9,0.516,0.241613,153.690714,2.417208,0.261327,1,1,1,2035.084932
HD 140538 A_0,HD 140538 A,2.088,0.047,0.685,0.069,14.793,0.94,0.834,,,2.150786,0.979614,0,0,1,2035.086301
HD 140538 A_1,HD 140538 A,0.512,0.053,2.798,18.338,14.793,0.94,0.834,,,0.539136,0.272469,0,0,1,2035.086301
HD 140538 A_2,HD 140538 A,4.137,0.053,0.916,0.304,14.793,0.94,0.834,,,4.110655,0.473456,0,0,1,2035.086301
HD 165341 A_0,HD 165341 A,3.482,0.036,1.359,2.775,5.113,0.88,0.532,,,3.423634,0.007784,0,0,1,2035.087671
HD 165341 A_2,HD 165341 A,0.277,0.022,2.947,13.11,5.113,0.88,0.532,,,0.270943,0.147712,0,0,1,2035.087671
HD 165341 A_3,HD 165341 A,0.642,0.027,1.615,1.833,5.113,0.88,0.532,0.09541,20.356791,0.658889,0.70458,1,1,1,2035.087671
HD 166_0,HD 166,1.592,0.09,1.08,2.182,13.766,0.94,0.647,0.098729,150.576435,1.71075,0.661535,1,1,1,2035.089041
HD 166_1,HD 166,0.635,0.021,0.515,0.062,13.766,0.94,0.647,,,0.630636,0.19071,0,0,1,2035.089041
HD 26965 A_1,HD 26965 A,0.482,0.058,1.38,2.403,5.01,0.86,0.41,0.085618,116.034983,0.509507,0.094009,1,1,1,2035.090411
HD 26965 A_2,HD 26965 A,0.345,0.049,0.5,0.06,5.01,0.86,0.41,,,0.361771,0.097031,0,0,1,2035.090411
HD 185144_1,HD 185144,0.747,0.07,0.5,0.019,5.764,0.87,0.434,,,0.719638,0.007817,0,0,1,2035.091781
HD 185144_3,HD 185144,0.688,0.135,2.317,4.389,5.764,0.87,0.434,0.108459,270.592498,0.644387,0.419542,1,1,1,2035.091781
HD 209100_0,HD 209100,2.433,0.127,0.524,0.078,3.638,0.72,0.222,,,2.227637,0.797102,0,0,1,2035.093151
HD 209100_1,HD 209100,1.218,0.094,0.54,0.224,3.638,0.72,0.222,0.193019,39.094526,1.19154,0.836737,1,1,1,2035.093151
HD 209100_2,HD 209100,0.989,0.073,1.925,7.679,3.638,0.72,0.222,0.29243,197.197691,1.061171,0.351868,1,1,1,2035.093151
HD 209100_4,HD 209100,3.542,0.022,2.632,11.464,3.638,0.72,0.222,0.903585,304.822234,3.497357,0.505826,1,1,1,2035.093151
HD 209100_5,HD 209100,0.635,0.076,0.931,0.965,3.638,0.72,0.222,0.157365,327.861159,0.65267,0.570759,1,1,1,2035.093151
HD 209100_6,HD 209100,1.701,0.082,0.885,1.719,3.638,0.72,0.222,,,1.725569,0.013341,0,0,1,2035.093151
HD 209100_8,HD 209100,2.097,0.099,2.488,10.973,3.638,0.72,0.222,0.406364,305.794122,1.899767,0.695073,1,1,1,2035.093151
HD 209100_9,HD 209100,0.782,0.071,2.297,6.298,3.638,0.72,0.222,0.222817,226.918553,0.805408,0.323659,1,1,1,2035.093151
HD 209100_10,HD 209100,0.182,0.056,2.026,7.17,3.638,0.72,0.222,,,0.186432,0.195279,0,0,1,2035.093151
HD 209100_11,HD 209100,0.917,0.107,1.174,2.417,3.638,0.72,0.222,0.206547,302.198676,0.879591,0.098154,1,1,1,2035.093151
HD 201091_1,HD 201091,1.051,0.108,0.699,0.293,3.497,0.68,0.142,,,1.1642,0.332423,0,0,1,2035.094521
HD 201091_2,HD 201091,2.964,0.153,0.94,0.359,3.497,0.68,0.142,,,2.593772,0.007047,0,0,1,2035.094521
HD 201091_4,HD 201091,2.241,0.067,3.013,8.159,3.497,0.68,0.142,,,2.371114,0.008413,0,0,1,2035.094521
HD 155885_0,HD 155885,0.424,0.016,1.08,0.365,5.948,0.85,0.332,,,0.430546,0.758343,0,0,1,2035.09589
HD 155885_1,HD 155885,0.125,0.137,2.355,7.262,5.948,0.85,0.332,,,0.112258,0.386583,0,0,1,2035.09589
HD 155885_4,HD 155885,2.293,0.052,0.991,0.685,5.948,0.85,0.332,0.260607,296.531982,2.376587,0.792068,1,1,1,2035.09589
HD 155886_1,HD 155886,0.511,0.064,0.698,0.549,5.952,0.85,0.327,0.082009,195.159645,0.530786,0.217725,1,1,1,2035.09726
HD 155886_2,HD 155886,0.232,0.069,1.589,4.704,5.952,0.85,0.327,,,0.245241,0.879506,0,0,1,2035.09726
HD 155886_3,HD 155886,1.253,0.044,2.915,7.774,5.952,0.85,0.327,0.199638,161.429573,1.271755,0.181433,1,1,1,2035.09726
HD 155886_4,HD 155886,0.305,0.028,0.94,0.937,5.952,0.85,0.327,,,0.313516,0.3491,0,0,1,2035.09726
HD 155886_5,HD 155886,0.201,0.128,1.339,2.779,5.952,0.85,0.327,,,0.175382,0.604307,0,0,1,2035.09726
HD 155886_6,HD 155886,0.316,0.044,0.948,1.735,5.952,0.85,0.327,,,0.319492,0.227643,0,0,1,2035.09726
HD 155886_7,HD 155886,0.59,0.079,3.352,16.163,5.952,0.85,0.327,0.095288,279.134953,0.603305,0.526574,1,1,1,2035.09726
HD 155886_8,HD 155886,3.879,0.087,2.635,16.445,5.952,0.85,0.327,,,4.145432,0.19935,0,0,1,2035.09726
HD 10476_0,HD 10476,0.171,0.07,0.738,0.088,7.644,0.85,0.454,,,0.170255,0.851554,0,0,1,2035.09863
HD 201092_1,HD 201092,2.708,0.059,2.37,8.514,3.496,0.63,0.078,0.727058,10.385815,2.587431,0.412783,1,1,1,2035.1
HD 165341 B_1,HD 165341 B,1.256,0.089,0.5,0.053,5.122,0.78,0.164,,,1.215487,0.073563,0,0,1,2035.10137
HD 165341 B_2,HD 165341 B,4.082,0.042,1.247,0.85,5.122,0.78,0.164,,,4.209675,0.024843,0,0,1,2035.10137
HD 165341 B_3,HD 165341 B,0.1,0.077,0.528,0.124,5.122,0.78,0.164,,,0.107432,0.747582,0,0,1,2035.10137
HD 165341 B_4,HD 165341 B,0.76,0.117,1.137,2.374,5.122,0.78,0.164,,,0.84506,0.001688,0,0,1,2035.10137
HD 131977_0,HD 131977,2.114,0.033,1.305,3.47,5.886,0.72,0.223,0.291299,337.718119,2.102222,0.659611,1,1,1,2035.10274
HD 219134_0,HD 219134,1.298,0.068,3.021,11.197,6.542,0.75,0.266,0.11909,353.884907,1.220185,0.036423,1,1,1,2035.10411
HD 219134_1,HD 219134,0.107,0.06,0.589,0.114,6.542,0.75,0.266,,,0.10848,0.030741,0,0,1,2035.10411
HD 219134_2,HD 219134,0.475,0.085,1.279,2.244,6.542,0.75,0.266,,,0.435062,0.053707,0,0,1,2035.10411
HD 219134_3,HD 219134,2.999,0.067,1.913,4.52,6.542,0.75,0.266,,,2.877752,0.21487,0,0,1,2035.10411
HD 219134_4,HD 219134,0.285,0.083,1.716,4.805,6.542,0.75,0.266,,,0.300276,0.370659,0,0,1,2035.10411
HD 219134_5,HD 219134,1.823,0.052,1.09,4.144,6.542,0.75,0.266,0.189697,314.888017,1.879411,0.781975,1,1,1,2035.10411
HD 219134_7,HD 219134,0.986,0.056,2.277,3.449,6.542,0.75,0.266,0.136942,242.758571,1.015802,0.108812,1,1,1,2035.10411
HD 88230_0,HD 88230,1.858,0.024,1.413,3.961,4.871,0.63,0.103,0.262603,142.346988,1.834197,0.765154,1,1,1,2035.105479
HD 88230_1,HD 88230,0.369,0.102,2.613,14.391,4.871,0.63,0.103,,,0.335625,0.764611,0,0,1,2035.105479
HD 88230_2,HD 88230,0.941,0.058,0.511,0.079,4.871,0.63,0.103,0.136257,177.849206,0.992933,0.777135,1,1,1,2035.105479
HD 88230_3,HD 88230,1.397,0.055,1.541,3.057,4.871,0.63,0.103,0.221632,217.775094,1.464467,0.732651,1,1,1,2035.105479
HD 88230_4,HD 88230,0.683,0.12,0.831,0.221,4.871,0.63,0.103,,,0.746524,0.00461,0,0,1,2035.105479
HD 88230_5,HD 88230,2.552,0.09,1.594,2.912,4.871,0.63,0.103,0.475831,357.487261,2.72261,0.626925,1,1,1,2035.105479
HD 88230_6,HD 88230,2.842,0.103,0.661,0.567,4.871,0.63,0.103,,,2.954847,0.024716,0,0,1,2035.105479
HD 4628_0,HD 4628,0.299,0.054,1.741,4.304,7.435,0.78,0.3,,,0.28349,0.204046,0,0,1,2035.106849
HD 4628_1,HD 4628,4.258,0.031,1.273,1.784,7.435,0.78,0.3,,,4.244516,0.021114,0,0,1,2035.106849
HD 4628_4,HD 4628,4.069,0.034,0.981,0.876,7.435,0.78,0.3,,,4.206743,0.28629,0,0,1,2035.106849
HD 4628_5,HD 4628,3.681,0.025,0.897,0.617,7.435,0.78,0.3,,,3.595941,0.331899,0,0,1,2035.106849
HD 4628_6,HD 4628,1.476,0.055,1.942,4.324,7.435,0.78,0.3,0.184519,257.905594,1.41548,0.170791,1,1,1,2035.106849
HD 192310_0,HD 192310,1.267,0.07,0.641,0.14,8.812,0.77,0.404,,,1.2183,0.018045,0,0,1,2035.108219
HD 192310_1,HD 192310,1.472,0.082,2.73,7.674,8.812,0.77,0.404,0.150943,298.215724,1.586498,0.103095,1,1,1,2035.108219
HD 192310_2,HD 192310,0.631,0.109,2.544,13.411,8.812,0.77,0.404,,,0.651487,0.572045,0,0,1,2035.108219
HD 192310_3,HD 192310,0.091,0.084,2.458,12.572,8.812,0.77,0.404,,,0.097956,0.392177,0,0,1,2035.108219
HD 10360_0,HD 10360,0.111,0.132,2.009,6.936,8.189,0.78,0.345,,,0.108731,0.125966,0,0,1,2035.109589
HD 10360_1,HD 10360,0.559,0.036,0.525,0.063,8.189,0.78,0.345,,,0.572107,0.959054,0,0,1,2035.109589
HD 10360_2,HD 10360,3.873,0.13,2.182,7.34,8.189,0.78,0.345,,,3.388588,0.250586,0,0,1,2035.109589
HD 10360_4,HD 10360,0.185,0.028,3.239,14.497,8.189,0.78,0.345,,,0.179909,0.883793,0,0,1,2035.109589
HD 10360_5,HD 10360,2.33,0.067,0.679,0.17,8.189,0.78,0.345,,,2.486109,0.465417,0,0,1,2035.109589
HD 156026_0,HD 156026,3.18,0.093,3.171,14.895,5.954,0.68,0.158,0.548918,179.783388,3.296357,0.390922,1,1,1,2035.110959
HD 156026_1,HD 156026,0.564,0.081,0.509,0.042,5.954,0.68,0.158,,,0.60731,0.163774,0,0,1,2035.110959
HD 156026_2,HD 156026,0.423,0.044,0.607,0.379,5.954,0.68,0.158,,,0.412575,0.429016,0,0,1,2035.110959
HD 156026_3,HD 156026,1.001,0.06,2.318,7.224,5.954,0.68,0.158,0.149762,66.574683,1.024541,0.620632,1,1,1,2035.110959
HD 156026_5,HD 156026,1.693,0.124,2.972,9.407,5.954,0.68,0.158,0.302385,226.256731,1.856428,0.479292,1,1,1,2035.110959
HD 149661_2,HD 149661,2.991,0.073,1.285,2.935,9.894,0.87,0.462,,,3.135582,0.427052,0,0,1,2035.112329
HD 149661_3,HD 149661,2.364,0.065,0.7,0.315,9.894,0.87,0.462,,,2.378339,0.055891,0,0,1,2035.112329
HD 149661_5,HD 149661,3.155,0.051,2.936,7.428,9.894,0.87,0.462,0.277543,329.309813,3.000914,0.536993,1,1,1,2035.112329
HD 10361_1,HD 10361,0.761,0.025,1.303,2.715,8.197,0.77,0.304,0.091188,193.197353,0.757113,0.324432,1,1,1,2035.113699
HD 10361_2,HD 10361,0.985,0.066,0.785,0.596,8.197,0.77,0.304,,,0.974541,0.195396,0,0,1,2035.113699
HD 10361_3,HD 10361,1.525,0.07,0.586,0.784,8.197,0.77,0.304,,,1.618161,0.641233,0,0,1,2035.113699
HD 10361_4,HD 10361,4.037,0.084,0.501,0.084,8.197,0.77,0.304,,,3.917319,0.486081,0,0,1,2035.113699
HD 3651 A_0,HD 3651 A,0.818,0.09,1.086,0.195,11.108,0.86,0.532,,,0.744423,0.331396,0,0,1,2035.115068
HD 3651 A_3,HD 3651 A,0.106,0.12,3.284,8.237,11.108,0.86,0.532,,,0.095235,0.859641,0,0,1,2035.115068
HD 3651 A_5,HD 3651 A,0.552,0.025,0.534,0.148,11.108,0.86,0.532,,,0.551645,0.929529,0,0,1,2035.115068
HD 100623 A_0,HD 100623 A,4.014,0.105,2.503,8.448,9.559,0.88,0.37,0.407492,117.77942,4.308132,0.567101,1,1,1,2035.116438
HD 100623 A_2,HD 100623 A,0.102,0.086,0.559,0.245,9.559,0.88,0.37,,,0.102263,0.426079,0,0,1,2035.116438
HD 100623 A_3,HD 100623 A,4.384,0.075,1.441,2.214,9.559,0.88,0.37,,,4.678145,0.90389,0,0,1,2035.116438
HD 100623 A_4,HD 100623 A,2.524,0.072,0.66,0.613,9.559,0.88,0.37,,,2.463401,0.127717,0,0,1,2035.116438
HD 100623 A_5,HD 100623 A,4.18,0.038,0.734,0.337,9.559,0.88,0.37,,,4.164676,0.423433,0,0,1,2035.116438
HD 100623 A_6,HD 100623 A,0.362,0.165,0.555,0.359,9.559,0.88,0.37,,,0.415044,0.021437,0,0,1,2035.116438
HD 100623 A_7,HD 100623 A,4.073,0.068,1.365,1.972,9.559,0.88,0.37,,,3.813558,0.020863,0,0,1,2035.116438
HD 216803_1,HD 216803,3.539,0.087,2.035,5.879,7.601,0.72,0.196,0.457635,160.17158,3.812161,0.537166,1,1,1,2035.117808
HD 216803_3,HD 216803,0.104,0.044,0.893,0.284,7.601,0.72,0.196,,,0.101566,0.14877,0,0,1,2035.117808
HD 216803_4,HD 216803,2.738,0.038,2.631,12.08,7.601,0.72,0.196,0.136889,359.336191,2.788779,0.934538,1,1,1,2035.117808
HD 216803_5,HD 216803,0.109,0.06,0.686,0.431,7.601,0.72,0.196,,,0.114613,0.561451,0,0,1,2035.117808
HD 216803_6,HD 216803,0.431,0.071,1.431,2.693,7.601,0.72,0.196,,,0.438546,0.090332,0,0,1,2035.117808
HD 32147_1,HD 32147,0.121,0.122,1.044,1.526,8.844,0.75,0.29,,,0.112966,0.652243,0,0,1,2035.119178
HD 32147_2,HD 32147,3.272,0.062,1.942,2.786,8.844,0.75,0.29,,,3.474146,0.462801,0,0,1,2035.119178
HD 17925_0,HD 17925,1.472,0.037,0.676,0.068,10.361,0.82,0.401,,,1.522683,0.150106,0,0,1,2035.120548
HD 17925_2,HD 17925,0.735,0.099,0.938,0.945,10.361,0.82,0.401,,,0.709169,0.013251,0,0,1,2035.120548
HD 17925_3,HD 17925,0.561,0.086,1.065,2.041,10.361,0.82,0.401,,,0.557004,0.103668,0,0,1,2035.120548
HD 17925_4,HD 17925,0.848,0.062,1.424,1.901,10.361,0.82,0.401,,,0.866283,0.086691,0,0,1,2035.120548
HD 17925_6,HD 17925,3.618,0.076,0.719,0.216,10.361,0.82,0.401,,,3.626281,0.368758,0,0,1,2035.120548
HD 37394_0,HD 37394,1.839,0.051,0.552,0.164,12.27,0.88,0.478,,,1.889844,0.799701,0,0,1,2035.121918
HD 37394_1,HD 37394,0.501,0.058,1.934,5.969,12.27,0.88,0.478,,,0.471985,0.045114,0,0,1,2035.121918
HD 37394_3,HD 37394,1.245,0.044,1.502,2.038,12.27,0.88,0.478,0.106425,341.698796,1.243149,0.255264,1,1,1,2035.121918
HD 37394_5,HD 37394,0.152,0.102,1.111,1.488,12.27,0.88,0.478,,,0.151,0.040555,0,0,1,2035.121918
HD 37394_9,HD 37394,0.863,0.077,0.726,0.552,12.27,0.88,0.478,,,0.813027,0.506157,0,0,1,2035.121918
HD 37394_10,HD 37394,0.093,0.059,3.205,15.21,12.27,0.88,0.478,,,0.087514,0.284477,0,0,1,2035.121918
HD 37394_11,HD 37394,1.171,0.065,2.415,5.91,12.27,0.88,0.478,0.099952,28.659812,1.228185,0.239745,1,1,1,2035.121918
HD 37394_15,HD 37394,0.222,0.142,1.093,0.563,12.27,0.88,0.478,,,0.239303,0.544119,0,0,1,2035.121918
HD 37394_16,HD 37394,2.623,0.055,2.621,9.008,12.27,0.88,0.478,0.19718,69.324228,2.563199,0.43851,1,1,1,2035.121918
HD 95735_0,HD 95735,0.673,0.041,0.901,1.876,2.546,0.44,0.02,0.266644,272.510422,0.685419,0.302869,1,1,1,2035.123288
HD 95735_2,HD 95735,0.392,0.078,0.638,0.252,2.546,0.44,0.02,0.124246,262.474575,0.420705,0.710669,1,1,1,2035.123288
HD 95735_3,HD 95735,0.164,0.146,0.847,1.655,2.546,0.44,0.02,,,0.154374,0.436062,0,0,1,2035.123288
HD 95735_4,HD 95735,2.481,0.023,1.454,2.402,2.546,0.44,0.02,0.708409,44.263697,2.506477,0.748419,1,1,1,2035.123288
HD 95735_6,HD 95735,0.163,0.047,1.008,2.764,2.546,0.44,0.02,,,0.159107,0.353457,0,0,1,2035.123288
HD 217987_0,HD 217987,3.278,0.032,3.1,17.272,3.287,0.49,0.036,0.955664,193.380872,3.265378,0.194412,1,1,1,2035.124658
HD 217987_1,HD 217987,0.104,0.158,2.049,6.333,3.287,0.49,0.036,,,0.09108,0.084001,0,0,1,2035.124658
HD 202560_0,HD 202560,0.846,0.075,1.59,2.013,3.97,0.59,0.083,0.079065,87.475991,0.807276,0.918563,1,1,1,2035.126027
HD 202560_1,HD 202560,0.552,0.052,0.674,0.125,3.97,0.59,0.083,0.130255,359.805591,0.523474,0.248063,1,1,1,2035.126027
HD 202560_3,HD 202560,0.867,0.117,1.589,3.604,3.97,0.59,0.083,0.234888,73.960797,0.960864,0.451898,1,1,1,2035.126027
HD 202560_4,HD 202560,2.302,0.14,0.558,0.251,3.97,0.59,0.083,,,2.250311,0.113653,0,0,1,2035.126027
HD 202560_5,HD 202560,3.244,0.082,0.847,0.372,3.97,0.59,0.083,,,3.466069,0.07817,0,0,1,2035.126027
HD 202560_6,HD 202560,0.414,0.085,0.785,0.225,3.97,0.59,0.083,0.11143,296.208935,0.448913,0.344343,1,1,1,2035.126027
HD 201091_1,HD 201091,1.051,0.108,0.699,0.293,3.497,0.68,0.142,,,1.159352,0.398395,0,0,2,2035.18113
HD 201091_2,HD 201091,2.964,0.153,0.94,0.359,3.497,0.68,0.142,,,2.569263,0.010727,0,0,2,2035.18113
HD 201091_4,HD 201091,2.241,0.067,3.013,8.159,3.497,0.68,0.142,,,2.360605,0.009903,0,0,2,2035.18113
HD 165341 B_1,HD 165341 B,1.256,0.089,0.5,0.053,5.122,0.78,0.164,,,1.254916,0.053194,0,0,2,2035.191462
HD 165341 B_2,HD 165341 B,4.082,0.042,1.247,0.85,5.122,0.78,0.164,,,4.216171,0.029027,0,0,2,2035.191462
HD 165341 B_3,HD 165341 B,0.1,0.077,0.528,0.124,5.122,0.78,0.164,,,0.092623,0.040475,0,0,2,2035.191462
HD 165341 B_4,HD 165341 B,0.76,0.117,1.137,2.374,5.122,0.78,0.164,,,0.809015,0.012085,0,0,2,2035.191462
HD 10700_0,HD 10700,1.625,0.099,0.563,0.087,3.652,0.94,0.506,,,1.750107,0.371837,0,0,2,2035.243106
HD 32147_1,HD 32147,0.121,0.122,1.044,1.526,8.844,0.75,0.29,,,0.1188,0.8376,0,0,2,2035.260065
HD 32147_2,HD 32147,3.272,0.062,1.942,2.786,8.844,0.75,0.29,,,3.470567,0.516015,0,0,2,2035.260065
HD 156274 A_3,HD 156274 A,4.433,0.138,1.608,3.519,8.791,0.9,0.452,,,4.898716,0.192079,0,0,2,2035.261596
HD 10360_0,HD 10360,0.111,0.132,2.009,6.936,8.189,0.78,0.345,,,0.097241,0.286445,0,0,2,2035.266958
HD 10360_1,HD 10360,0.559,0.036,0.525,0.063,8.189,0.78,0.345,,,0.566879,0.124387,0,0,2,2035.266958
HD 10360_2,HD 10360,3.873,0.13,2.182,7.34,8.189,0.78,0.345,,,3.410586,0.316195,0,0,2,2035.266958
HD 10360_4,HD 10360,0.185,0.028,3.239,14.497,8.189,0.78,0.345,,,0.184257,0.528873,0,0,2,2035.266958
HD 10360_5,HD 10360,2.33,0.067,0.679,0.17,8.189,0.78,0.345,,,2.482117,0.565712,0,0,2,2035.266958
HD 201091_1,HD 201091,1.051,0.108,0.699,0.293,3.497,0.68,0.142,0.311312,242.427618,1.138863,0.460861,1,1,3,2035.268328
HD 201091_2,HD 201091,2.964,0.153,0.94,0.359,3.497,0.68,0.142,,,2.548486,0.01708,0,0,3,2035.268328
HD 201091_4,HD 201091,2.241,0.067,3.013,8.159,3.497,0.68,0.142,,,2.348024,0.013573,0,0,3,2035.268328
HD 165341 B_1,HD 165341 B,1.256,0.089,0.5,0.053,5.122,0.78,0.164,,,1.293313,0.05664,0,0,3,2035.281554
HD 165341 B_2,HD 165341 B,4.082,0.042,1.247,0.85,5.122,0.78,0.164,,,4.222196,0.033978,0,0,3,2035.281554
HD 165341 B_3,HD 165341 B,0.1,0.077,0.528,0.124,5.122,0.78,0.164,,,0.107489,0.734036,0,0,3,2035.281554
HD 165341 B_4,HD 165341 B,0.76,0.117,1.137,2.374,5.122,0.78,0.164,0.140971,81.290408,0.746457,0.150222,1,1,3,2035.281554
HD 20794_0,HD 20794,4.322,0.17,2.962,5.742,6.041,0.97,0.654,,,4.454057,0.024309,0,0,2,2035.282924
HD 20794_1,HD 20794,2.398,0.095,1.302,2.525,6.041,0.97,0.654,,,2.337069,0.058553,0,0,2,2035.282924
HD 10476_0,HD 10476,0.171,0.07,0.738,0.088,7.644,0.85,0.454,,,0.179086,0.174407,0,0,2,2035.284294
HD 202560_0,HD 202560,0.846,0.075,1.59,2.013,3.97,0.59,0.083,0.155393,322.116926,0.783578,0.700671,1,2,2,2035.290923
HD 202560_1,HD 202560,0.552,0.052,0.674,0.125,3.97,0.59,0.083,0.143058,241.071628,0.560847,0.380209,1,2,2,2035.290923
HD 202560_3,HD 202560,0.867,0.117,1.589,3.604,3.97,0.59,0.083,0.228524,26.099504,0.956178,0.48867,1,2,2,2035.290923
HD 202560_4,HD 202560,2.302,0.14,0.558,0.251,3.97,0.59,0.083,,,2.177054,0.112064,0,0,2,2035.290923
HD 202560_5,HD 202560,3.244,0.082,0.847,0.372,3.97,0.59,0.083,,,3.482847,0.080568,0,0,2,2035.290923
HD 202560_6,HD 202560,0.414,0.085,0.785,0.225,3.97,0.59,0.083,0.093086,126.494386,0.378818,0.275548,1,2,2,2035.290923
HD 17925_0,HD 17925,1.472,0.037,0.676,0.068,10.361,0.82,0.401,,,1.525827,0.113374,0,0,2,2035.29236
HD 17925_2,HD 17925,0.735,0.099,0.938,0.945,10.361,0.82,0.401,,,0.801031,0.511998,0,0,2,2035.29236
HD 17925_3,HD 17925,0.561,0.086,1.065,2.041,10.361,0.82,0.401,,,0.602313,0.87713,0,0,2,2035.29236
HD 17925_4,HD 17925,0.848,0.062,1.424,1.901,10.361,0.82,0.401,,,0.900564,0.583802,0,0,2,2035.29236
HD 17925_6,HD 17925,3.618,0.076,0.719,0.216,10.361,0.82,0.401,,,3.664815,0.318389,0,0,2,2035.29236
HD 101501_3,HD 101501,0.112,0.069,1.262,2.497,9.576,0.94,0.609,,,0.10555,0.09874,0,0,2,2035.297615
HD 101501_7,HD 101501,0.888,0.054,0.887,0.333,9.576,0.94,0.609,0.083526,341.719427,0.900596,0.56347,1,1,2,2035.297615
HD 3651 A_0,HD 3651 A,0.818,0.09,1.086,0.195,11.108,0.86,0.532,,,0.82685,0.763044,0,0,2,2035.322458
HD 3651 A_3,HD 3651 A,0.106,0.12,3.284,8.237,11.108,0.86,0.532,,,0.118586,0.197158,0,0,2,2035.322458
HD 3651 A_5,HD 3651 A,0.552,0.025,0.534,0.148,11.108,0.86,0.532,,,0.550376,0.008484,0,0,2,2035.322458
HD 20630_1,HD 20630,0.648,0.142,1.547,4.726,9.276,0.98,0.857,,,0.705502,0.497581,0,0,2,2035.338069
HD 20630_5,HD 20630,1.387,0.083,0.621,0.63,9.276,0.98,0.857,,,1.339547,0.441004,0,0,2,2035.338069
HD 140538 A_0,HD 140538 A,2.088,0.047,0.685,0.069,14.793,0.94,0.834,,,2.18064,0.864795,0,0,2,2035.364216
HD 140538 A_1,HD 140538 A,0.512,0.053,2.798,18.338,14.793,0.94,0.834,,,0.511054,0.957935,0,0,2,2035.364216
HD 140538 A_2,HD 140538 A,4.137,0.053,0.916,0.304,14.793,0.94,0.834,,,4.067192,0.583721,0,0,2,2035.364216
HD 72905_1,HD 72905,0.661,0.069,0.5,0.051,14.439,1.08,0.973,,,0.699282,0.95126,0,0,2,2035.371876
HD 72905_3,HD 72905,0.899,0.099,2.776,19.234,14.439,1.08,0.973,,,0.920047,0.043926,0,0,2,2035.371876
HD 72905_4,HD 72905,0.923,0.214,1.407,2.24,14.439,1.08,0.973,,,1.119745,0.158872,0,0,2,2035.371876
HD 72905_5,HD 72905,3.175,0.086,0.525,0.068,14.439,1.08,0.973,,,3.048045,0.131833,0,0,2,2035.371876
HD 109358_0,HD 109358,0.599,0.064,0.661,0.193,8.473,1.08,1.151,,,0.610592,0.193567,0,0,2,2035.373974
HD 109358_1,HD 109358,0.313,0.024,1.946,4.835,8.473,1.08,1.151,,,0.305509,0.010853,0,0,2,2035.373974
HD 109358_3,HD 109358,0.172,0.066,1.409,1.609,8.473,1.08,1.151,,,0.183262,0.013594,0,0,2,2035.373974
HD 109358_4,HD 109358,1.488,0.078,0.58,0.237,8.473,1.08,1.151,,,1.543727,0.689424,0,0,2,2035.373974
HD 109358_5,HD 109358,3.968,0.05,3.285,25.806,8.473,1.08,1.151,,,3.975089,0.045782,0,0,2,2035.373974
HD 155886_1,HD 155886,0.511,0.064,0.698,0.549,5.952,0.85,0.327,0.082929,297.047729,0.532926,0.204562,1,2,2,2035.376318
HD 155886_2,HD 155886,0.232,0.069,1.589,4.704,5.952,0.85,0.327,,,0.237443,0.416342,0,0,2,2035.376318
HD 155886_3,HD 155886,1.253,0.044,2.915,7.774,5.952,0.85,0.327,0.145503,95.491204,1.307813,0.033975,1,2,2,2035.376318
HD 155886_4,HD 155886,0.305,0.028,0.94,0.937,5.952,0.85,0.327,,,0.296489,0.359076,0,0,2,2035.376318
HD 155886_5,HD 155886,0.201,0.128,1.339,2.779,5.952,0.85,0.327,,,0.18675,0.95015,0,0,2,2035.376318
HD 155886_6,HD 155886,0.316,0.044,0.948,1.735,5.952,0.85,0.327,,,0.309177,0.440598,0,0,2,2035.376318
HD 155886_7,HD 155886,0.59,0.079,3.352,16.163,5.952,0.85,0.327,0.089718,55.893675,0.60307,0.123339,1,2,2,2035.376318
HD 155886_8,HD 155886,3.879,0.087,2.635,16.445,5.952,0.85,0.327,,,4.099201,0.22249,0,0,2,2035.376318
HD 4391_0,HD 4391,0.363,0.182,1.471,1.692,15.049,0.98,0.923,,,0.333629,0.837747,0,0,2,2035.377688
HD 4391_1,HD 4391,1.544,0.114,0.614,0.159,15.049,0.98,0.923,,,1.432258,0.514225,0,0,2,2035.377688
HD 4391_2,HD 4391,0.361,0.058,0.863,0.256,15.049,0.98,0.923,,,0.379946,0.702555,0,0,2,2035.377688
HD 4391_3,HD 4391,0.102,0.064,0.942,1.344,15.049,0.98,0.923,,,0.103703,0.721765,0,0,2,2035.377688
HD 4391_4,HD 4391,0.526,0.038,2.712,11.881,15.049,0.98,0.923,,,0.545373,0.565116,0,0,2,2035.377688
HD 26965 A_1,HD 26965 A,0.482,0.058,1.38,2.403,5.01,0.86,0.41,,,0.497078,0.045257,0,1,2,2035.380174
HD 26965 A_2,HD 26965 A,0.345,0.049,0.5,0.06,5.01,0.86,0.41,,,0.339702,0.487318,0,0,2,2035.380174
HD 136352_0,HD 136352,1.127,0.083,0.501,0.05,14.739,1.02,1.029,,,1.146396,0.120286,0,0,2,2035.387672
HD 136352_2,HD 136352,0.995,0.082,1.549,3.519,14.739,1.02,1.029,,,1.000069,0.446643,0,0,2,2035.387672
HD 136352_3,HD 136352,3.774,0.069,2.041,4.78,14.739,1.02,1.029,,,3.763287,0.476161,0,0,2,2035.387672
HD 136352_4,HD 136352,1.831,0.068,0.826,0.342,14.739,1.02,1.029,,,1.868188,0.310406,0,0,2,2035.387672
HD 146233_0,HD 146233,0.356,0.047,2.679,8.19,14.137,1.02,1.094,,,0.369718,0.052744,0,0,2,2035.396875
HD 146233_1,HD 146233,0.206,0.044,2.032,3.376,14.137,1.02,1.094,,,0.210884,0.057623,0,0,2,2035.396875
HD 146233_4,HD 146233,0.539,0.141,1.433,3.682,14.137,1.02,1.094,,,0.467635,0.006091,0,0,2,2035.396875
HD 32147_1,HD 32147,0.121,0.122,1.044,1.526,8.844,0.75,0.29,,,0.124729,0.913816,0,0,3,2035.400951
HD 32147_2,HD 32147,3.272,0.062,1.942,2.786,8.844,0.75,0.29,0.355826,306.355215,3.464022,0.569045,1,1,3,2035.400951
HD 185144_1,HD 185144,0.747,0.07,0.5,0.019,5.764,0.87,0.434,0.108046,250.156662,0.790007,0.680063,1,1,2,2035.403022
HD 185144_3,HD 185144,0.688,0.135,2.317,4.389,5.764,0.87,0.434,0.128922,103.321156,0.745002,0.401074,1,2,2,2035.403022
HD 65907 A_0,HD 65907 A,0.584,0.099,0.585,0.122,16.172,1.11,1.29,,,0.594835,0.245251,0,0,2,2035.42184
HD 65907 A_1,HD 65907 A,1.316,0.075,0.982,3.131,16.172,1.11,1.29,,,1.310372,0.497073,0,0,2,2035.42184
HD 65907 A_2,HD 65907 A,1.009,0.058,1.202,5.136,16.172,1.11,1.29,,,1.037895,0.212074,0,0,2,2035.42184
HD 10360_0,HD 10360,0.111,0.132,2.009,6.936,8.189,0.78,0.345,,,0.117299,0.618257,0,0,3,2035.424326
HD 10360_1,HD 10360,0.559,0.036,0.525,0.063,8.189,0.78,0.345,,,0.539121,0.128256,0,0,3,2035.424326
HD 10360_2,HD 10360,3.873,0.13,2.182,7.34,8.189,0.78,0.345,,,3.440202,0.386778,0,0,3,2035.424326
HD 10360_4,HD 10360,0.185,0.028,3.239,14.497,8.189,0.78,0.345,,,0.190115,0.01169,0,0,3,2035.424326
HD 10360_5,HD 10360,2.33,0.067,0.679,0.17,8.189,0.78,0.345,,,2.470049,0.662023,0,0,3,2035.424326
HD 131156 A_0,HD 131156 A,0.922,0.01,2.426,6.027,6.754,0.96,0.553,0.136192,80.526861,0.916137,0.320331,1,2,2,2035.426731
HD 131156 A_1,HD 131156 A,1.097,0.147,1.932,4.971,6.754,0.96,0.553,0.171044,271.190039,1.247005,0.492559,1,2,2,2035.426731
HD 190360_0,HD 190360,0.922,0.17,1.79,3.759,16.003,0.96,1.165,,,0.76582,0.243538,0,0,2,2035.428101
HD 190360_1,HD 190360,3.764,0.081,1.071,1.582,16.003,0.96,1.165,,,3.699708,0.227662,0,0,2,2035.428101
HD 190360_3,HD 190360,3.632,0.139,2.733,10.267,16.003,0.96,1.165,,,4.04833,0.082477,0,0,2,2035.428101
HD 190360_4,HD 190360,1.735,0.021,0.534,0.045,16.003,0.96,1.165,,,1.765531,0.138122,0,0,2,2035.428101
HD 190360_5,HD 190360,0.581,0.08,1.934,2.88,16.003,0.96,1.165,,,0.622252,0.498147,0,0,2,2035.428101
HD 33262 A_0,HD 33262 A,4.098,0.155,0.949,0.422,11.693,1.14,1.466,,,4.679523,0.104468,0,0,2,2035.429471
HD 33262 A_1,HD 33262 A,3.3,0.062,1.368,1.583,11.693,1.14,1.466,,,3.387351,0.004503,0,0,2,2035.429471
HD 33262 A_2,HD 33262 A,3.337,0.087,0.965,0.502,11.693,1.14,1.466,,,3.584445,0.135561,0,0,2,2035.429471
HD 33262 A_4,HD 33262 A,1.015,0.091,2.255,9.306,11.693,1.14,1.466,,,1.106596,0.038557,0,0,2,2035.429471
HD 33262 A_5,HD 33262 A,0.358,0.206,1.487,2.029,11.693,1.14,1.466,,,0.395195,0.683142,0,0,2,2035.429471
HD 33262 A_6,HD 33262 A,0.874,0.139,0.646,0.257,11.693,1.14,1.466,,,0.939658,0.898425,0,0,2,2035.429471
HD 33262 A_8,HD 33262 A,0.199,0.101,2.893,13.631,11.693,1.14,1.466,,,0.20364,0.010559,0,0,2,2035.429471
HD 10700_0,HD 10700,1.625,0.099,0.563,0.087,3.652,0.94,0.506,,,1.783712,0.274371,0,0,3,2035.434158
HD 156274 A_3,HD 156274 A,4.433,0.138,1.608,3.519,8.791,0.9,0.452,,,4.937124,0.157529,0,0,3,2035.441001
HD 55575_0,HD 55575,1.084,0.09,0.727,0.186,16.852,1.14,1.463,,,1.179478,0.779388,0,0,2,2035.443569
HD 55575_1,HD 55575,0.133,0.053,0.578,0.677,16.852,1.14,1.463,,,0.12613,0.447558,0,0,2,2035.443569
HD 90839_0,HD 90839,3.665,0.022,0.781,0.186,12.945,1.18,1.605,,,3.631764,0.00141,0,0,2,2035.446386
HD 90839_1,HD 90839,0.191,0.094,1.403,2.751,12.945,1.18,1.605,,,0.203253,0.094821,0,0,2,2035.446386
HD 90839_2,HD 90839,3.378,0.112,1.125,1.619,12.945,1.18,1.605,,,3.462918,0.724709,0,0,2,2035.446386
HD 90839_5,HD 90839,0.15,0.051,2.273,4.226,12.945,1.18,1.605,,,0.154385,0.760627,0,0,2,2035.446386
HD 165341 A_0,HD 165341 A,3.482,0.036,1.359,2.775,5.113,0.88,0.532,,,3.462773,0.00159,0,0,2,2035.447756
HD 165341 A_2,HD 165341 A,0.277,0.022,2.947,13.11,5.113,0.88,0.532,,,0.280371,0.989523,0,0,2,2035.447756
HD 165341 A_3,HD 165341 A,0.642,0.027,1.615,1.833,5.113,0.88,0.532,,,0.629589,0.000552,0,1,2,2035.447756
HD 17925_0,HD 17925,1.472,0.037,0.676,0.068,10.361,0.82,0.401,,,1.514261,0.120536,0,0,3,2035.464171
HD 17925_2,HD 17925,0.735,0.099,0.938,0.945,10.361,0.82,0.401,,,0.774749,0.98579,0,0,3,2035.464171
HD 17925_3,HD 17925,0.561,0.086,1.065,2.041,10.361,0.82,0.401,,,0.514243,0.097832,0,0,3,2035.464171
HD 17925_4,HD 17925,0.848,0.062,1.424,1.901,10.361,0.82,0.401,,,0.868468,0.959994,0,0,3,2035.464171
HD 17925_6,HD 17925,3.618,0.076,0.719,0.216,10.361,0.82,0.401,,,3.70204,0.271993,0,0,3,2035.464171
HD 95128_1,HD 95128,2.285,0.074,0.586,0.282,13.887,1.07,1.577,,,2.446807,0.126277,0,0,2,2035.465541
HD 95128_2,HD 95128,4.586,0.035,0.538,0.083,13.887,1.07,1.577,,,4.706764,0.01575,0,0,2,2035.465541
HD 95128_3,HD 95128,0.343,0.031,2.771,10.086,13.887,1.07,1.577,,,0.353064,0.02758,0,0,2,2035.465541
HD 95128_4,HD 95128,2.15,0.173,1.218,6.511,13.887,1.07,1.577,,,2.388419,0.016201,0,0,2,2035.465541
HD 95128_5,HD 95128,0.6,0.105,2.299,8.137,13.887,1.07,1.577,,,0.662385,0.563262,0,0,2,2035.465541
HD 95128_6,HD 95128,0.335,0.024,2.419,8.582,13.887,1.07,1.577,,,0.339341,0.075229,0,0,2,2035.465541
HD 95128_7,HD 95128,0.847,0.089,1.394,3.129,13.887,1.07,1.577,,,0.868247,0.715726,0,0,2,2035.465541
HD 95128_8,HD 95128,0.588,0.034,2.182,8.46,13.887,1.07,1.577,,,0.584807,0.783131,0,0,2,2035.465541
HD 10476_0,HD 10476,0.171,0.07,0.738,0.088,7.644,0.85,0.454,,,0.159593,0.280228,0,0,3,2035.469512
HD 39091_1,HD 39091,3.12,0.028,1.191,1.952,18.287,1.08,1.533,,,3.142392,0.061148,0,0,2,2035.472318
HD 39091_2,HD 39091,2.865,0.029,0.677,0.089,18.287,1.08,1.533,,,2.808914,0.050501,0,0,2,2035.472318
HD 39091_3,HD 39091,3.55,0.072,1.069,0.919,18.287,1.08,1.533,,,3.694638,0.629935,0,0,2,2035.472318
HD 39091_4,HD 39091,4.534,0.027,1.234,1.811,18.287,1.08,1.533,,,4.562256,0.540575,0,0,2,2035.472318
HD 39091_5,HD 39091,1.437,0.051,1.31,1.974,18.287,1.08,1.533,,,1.412983,0.45509,0,0,2,2035.472318
HD 39091_6,HD 39091,0.67,0.012,2.604,6.457,18.287,1.08,1.533,,,0.668562,0.701147,0,0,2,2035.472318
HD 202560_0,HD 202560,0.846,0.075,1.59,2.013,3.97,0.59,0.083,0.187137,299.114137,0.834572,0.108752,1,3,3,2035.476367
HD 202560_1,HD 202560,0.552,0.052,0.674,0.125,3.97,0.59,0.083,0.142599,126.808996,0.571235,0.340627,1,3,3,2035.476367
HD 202560_3,HD 202560,0.867,0.117,1.589,3.604,3.97,0.59,0.083,0.213676,328.320402,0.869696,0.389872,1,3,3,2035.476367
HD 202560_4,HD 202560,2.302,0.14,0.558,0.251,3.97,0.59,0.083,,,2.100832,0.123343,0,0,3,2035.476367
HD 202560_5,HD 202560,3.244,0.082,0.847,0.372,3.97,0.59,0.083,,,3.497045,0.086229,0,0,3,2035.476367
HD 202560_6,HD 202560,0.414,0.085,0.785,0.225,3.97,0.59,0.083,0.114852,294.58112,0.448612,0.337204,1,3,3,2035.476367
HD 17051_0,HD 17051,1.593,0.055,0.8,0.166,17.357,1.14,1.737,,,1.659041,0.976741,0,0,2,2035.486836
HD 17051_1,HD 17051,2.146,0.107,1.035,0.971,17.357,1.14,1.737,,,2.375001,0.059985,0,0,2,2035.486836
HD 17051_2,HD 17051,4.311,0.108,1.302,2.591,17.357,1.14,1.737,,,4.212591,0.367904,0,0,2,2035.486836
HD 165499_0,HD 165499,3.777,0.071,0.637,0.161,17.753,1.08,1.731,,,3.641629,0.051323,0,0,2,2035.49903
HD 165499_1,HD 165499,0.192,0.04,0.654,0.106,17.753,1.08,1.731,,,0.199256,0.00742,0,0,2,2035.49903
HD 165499_3,HD 165499,0.221,0.065,0.75,0.229,17.753,1.08,1.731,,,0.217403,0.008848,0,0,2,2035.49903
HD 165499_4,HD 165499,1.569,0.062,3.377,24.497,17.753,1.08,1.731,0.08263,345.635613,1.582855,0.528606,1,1,2,2035.49903
HD 20794_0,HD 20794,4.322,0.17,2.962,5.742,6.041,0.97,0.654,,,4.341389,0.032879,0,0,3,2035.510905
HD 20794_1,HD 20794,2.398,0.095,1.302,2.525,6.041,0.97,0.654,,,2.423499,0.134468,0,0,3,2035.510905
HD 84117_2,HD 84117,0.48,0.183,0.807,0.707,14.951,1.14,1.977,,,0.495519,0.580029,0,0,2,2035.513625
HD 84117_3,HD 84117,2.469,0.127,0.583,0.157,14.951,1.14,1.977,,,2.364841,0.002181,0,0,2,2035.513625
HD 84117_5,HD 84117,2.421,0.095,0.605,0.239,14.951,1.14,1.977,,,2.575016,0.620259,0,0,2,2035.513625
HD 7570_0,HD 7570,3.031,0.054,1.134,3.652,15.261,1.14,2.004,,,2.903701,0.920314,0,0,2,2035.517185
HD 7570_1,HD 7570,0.15,0.071,0.941,0.218,15.261,1.14,2.004,,,0.141147,0.275365,0,0,2,2035.517185
HD 7570_2,HD 7570,1.977,0.063,1.73,3.716,15.261,1.14,2.004,0.103936,121.382777,1.864256,0.63503,1,1,2,2035.517185
HD 7570_3,HD 7570,3.034,0.079,1.364,1.913,15.261,1.14,2.004,,,3.19822,0.733159,0,0,2,2035.517185
HD 7570_4,HD 7570,0.569,0.099,0.726,0.483,15.261,1.14,2.004,,,0.607376,0.138685,0,0,2,2035.517185
HD 3651 A_0,HD 3651 A,0.818,0.09,1.086,0.195,11.108,0.86,0.532,,,0.891351,0.264434,0,0,3,2035.529847
HD 3651 A_3,HD 3651 A,0.106,0.12,3.284,8.237,11.108,0.86,0.532,,,0.098278,0.088143,0,0,3,2035.529847
HD 3651 A_5,HD 3651 A,0.552,0.025,0.534,0.148,11.108,0.86,0.532,,,0.556857,0.834945,0,0,3,2035.529847
HD 128621_0,HD 128621,0.181,0.076,0.591,0.281,1.332,0.94,0.503,0.122543,231.165374,0.190264,0.620369,1,2,2,2035.532667
HD 128621_1,HD 128621,3.969,0.152,0.756,0.624,1.332,0.94,0.503,,,3.924359,0.424977,0,0,2,2035.532667
HD 128621_3,HD 128621,4.377,0.084,0.667,0.424,1.332,0.94,0.503,,,4.706881,0.004228,0,0,2,2035.532667
HD 128621_4,HD 128621,1.135,0.055,1.179,1.502,1.332,0.94,0.503,,,1.155436,0.118215,0,1,2,2035.532667
HD 143761_0,HD 143761,2.268,0.052,0.622,0.131,17.511,0.97,1.812,,,2.233903,0.374429,0,0,2,2035.536167
HD 143761_3,HD 143761,0.463,0.017,0.834,0.619,17.511,0.97,1.812,,,0.455225,0.54261,0,0,2,2035.536167
HD 143761_4,HD 143761,1.096,0.157,0.808,0.895,17.511,0.97,1.812,,,0.930124,0.192995,0,0,2,2035.536167
HD 143761_5,HD 143761,0.834,0.096,1.155,1.684,17.511,0.97,1.812,,,0.756667,0.846263,0,0,2,2035.536167
HD 143761_7,HD 143761,2.609,0.089,2.154,12.289,17.511,0.97,1.812,,,2.701886,0.034675,0,0,2,2035.536167
HD 38393_0,HD 38393,0.205,0.072,1.088,1.383,8.905,1.23,2.344,,,0.192228,0.904911,0,0,2,2035.537537
HD 38393_1,HD 38393,3.39,0.099,0.656,0.073,8.905,1.23,2.344,,,3.724013,0.057422,0,0,2,2035.537537
HD 38393_3,HD 38393,0.355,0.086,1.549,2.098,8.905,1.23,2.344,,,0.337857,0.272588,0,0,2,2035.537537
HD 38393_4,HD 38393,4.373,0.052,1.208,1.876,8.905,1.23,2.344,,,4.145756,0.00702,0,0,2,2035.537537
HD 19373_0,HD 19373,0.74,0.034,3.212,9.93,10.577,1.08,2.23,,,0.719129,0.204943,0,0,2,2035.559956
HD 19373_2,HD 19373,0.724,0.048,1.483,3.085,10.577,1.08,2.23,,,0.690108,0.078052,0,0,2,2035.559956
HD 19373_3,HD 19373,0.676,0.061,1.037,1.075,10.577,1.08,2.23,,,0.640803,0.863021,0,0,2,2035.559956
HD 19373_6,HD 19373,0.114,0.04,2.433,8.086,10.577,1.08,2.23,,,0.118547,0.494845,0,0,2,2035.559956
HD 19373_7,HD 19373,2.87,0.048,1.622,2.945,10.577,1.08,2.23,,,3.007526,0.368933,0,0,2,2035.559956
HD 10360_0,HD 10360,0.111,0.132,2.009,6.936,8.189,0.78,0.345,,,0.124975,0.386834,0,0,4,2035.581695
HD 10360_1,HD 10360,0.559,0.036,0.525,0.063,8.189,0.78,0.345,,,0.571929,0.959925,0,0,4,2035.581695
HD 10360_2,HD 10360,3.873,0.13,2.182,7.34,8.189,0.78,0.345,0.403594,310.372019,3.476691,0.460203,1,1,4,2035.581695
HD 10360_4,HD 10360,0.185,0.028,3.239,14.497,8.189,0.78,0.345,,,0.185931,0.123696,0,0,4,2035.581695
HD 10360_5,HD 10360,2.33,0.067,0.679,0.17,8.189,0.78,0.345,,,2.450397,0.747151,0,0,4,2035.581695
HD 30652_0,HD 30652,0.357,0.032,0.524,0.119,8.068,1.25,2.71,,,0.3678,0.040563,0,0,2,2035.584645
HD 30652_1,HD 30652,3.379,0.099,2.314,9.159,8.068,1.25,2.71,,,3.574429,0.002072,0,0,2,2035.584645
HD 30652_2,HD 30652,1.418,0.081,1.563,7.047,8.068,1.25,2.71,0.142124,117.913237,1.33312,0.597931,1,1,2,2035.584645
HD 30652_3,HD 30652,3.27,0.133,2.129,5.731,8.068,1.25,2.71,,,3.584713,0.37295,0,0,2,2035.584645
HD 30652_4,HD 30652,2.754,0.119,2.49,10.16,8.068,1.25,2.71,,,3.024443,0.242249,0,0,2,2035.584645
HD 26965 A_1,HD 26965 A,0.482,0.058,1.38,2.403,5.01,0.86,0.41,,,0.45912,0.799107,0,1,3,2035.587745
HD 26965 A_2,HD 26965 A,0.345,0.049,0.5,0.06,5.01,0.86,0.41,,,0.344735,0.400833,0,0,3,2035.587745
HD 17206_0,HD 17206,1.742,0.09,0.885,1.25,14.276,1.21,2.617,,,1.585761,0.440073,0,0,2,2035.589841
HD 17206_1,HD 17206,0.879,0.039,2.253,5.781,14.276,1.21,2.617,,,0.881651,0.401227,0,0,2,2035.589841
HD 17206_2,HD 17206,0.485,0.035,0.762,0.888,14.276,1.21,2.617,,,0.483999,0.201888,0,0,2,2035.589841
HD 155886_1,HD 155886,0.511,0.064,0.698,0.549,5.952,0.85,0.327,,,0.480379,0.495702,0,2,3,2035.608801
HD 155886_2,HD 155886,0.232,0.069,1.589,4.704,5.952,0.85,0.327,,,0.243739,0.652814,0,0,3,2035.608801
HD 155886_3,HD 155886,1.253,0.044,2.915,7.774,5.952,0.85,0.327,0.180361,28.926917,1.290772,0.09704,1,3,3,2035.608801
HD 155886_4,HD 155886,0.305,0.028,0.94,0.937,5.952,0.85,0.327,,,0.306988,0.876587,0,0,3,2035.608801
HD 155886_5,HD 155886,0.201,0.128,1.339,2.779,5.952,0.85,0.327,,,0.20149,0.018697,0,0,3,2035.608801
HD 155886_6,HD 155886,0.316,0.044,0.948,1.735,5.952,0.85,0.327,,,0.325638,0.269582,0,0,3,2035.608801
HD 155886_7,HD 155886,0.59,0.079,3.352,16.163,5.952,0.85,0.327,0.092733,263.553154,0.592011,0.560687,1,3,3,2035.608801
HD 155886_8,HD 155886,3.879,0.087,2.635,16.445,5.952,0.85,0.327,,,4.05341,0.245535,0,0,3,2035.608801
HD 20630_1,HD 20630,0.648,0.142,1.547,4.726,9.276,0.98,0.857,,,0.594616,0.198957,0,0,3,2035.615863
HD 20630_5,HD 20630,1.387,0.083,0.621,0.63,9.276,0.98,0.857,,,1.454327,0.543695,0,0,3,2035.615863
HD 43386_0,HD 43386,2.541,0.037,0.504,0.177,19.588,1.33,2.957,,,2.60609,0.128595,0,0,2,2035.620128
HD 43386_1,HD 43386,1.141,0.101,1.584,2.873,19.588,1.33,2.957,,,1.031943,0.635432,0,0,2,2035.620128
HD 43386_3,HD 43386,0.289,0.045,1.072,0.429,19.588,1.33,2.957,,,0.280227,0.157645,0,0,2,2035.620128
HD 156274 A_3,HD 156274 A,4.433,0.138,1.608,3.519,8.791,0.9,0.452,,,4.970126,0.126913,0,0,4,2035.621498
HD 10700_0,HD 10700,1.625,0.099,0.563,0.087,3.652,0.94,0.506,,,1.776251,0.198036,0,0,4,2035.625209
HD 187691 A_0,HD 187691 A,3.127,0.076,1.475,4.454,19.488,1.25,2.835,,,3.224382,0.1556,0,0,2,2035.626579
HD 187691 A_1,HD 187691 A,2.61,0.091,1.018,1.386,19.488,1.25,2.835,,,2.407488,0.372214,0,0,2,2035.626579
HD 187691 A_2,HD 187691 A,3.249,0.037,0.764,1.364,19.488,1.25,2.835,,,3.354067,0.713549,0,0,2,2035.626579
HD 187691 A_3,HD 187691 A,2.018,0.038,2.654,10.557,19.488,1.25,2.835,0.097477,251.458065,1.995458,0.488105,1,1,2,2035.626579
HD 128167_0,HD 128167,1.283,0.14,1.15,1.29,15.756,1.39,3.182,,,1.461061,0.208711,0,0,2,2035.628015
HD 128167_2,HD 128167,3.433,0.063,1.328,2.483,15.756,1.39,3.182,,,3.402775,0.393346,0,0,2,2035.628015
HD 128167_3,HD 128167,4.878,0.117,2.132,5.678,15.756,1.39,3.182,,,5.278268,0.509726,0,0,2,2035.628015
HD 128167_4,HD 128167,1.323,0.044,1.923,2.477,15.756,1.39,3.182,,,1.276464,0.631383,0,0,2,2035.628015
HD 210302_0,HD 210302,0.937,0.087,1.293,2.482,18.458,1.25,2.918,,,1.017494,0.272901,0,0,2,2035.630237
HD 210302_1,HD 210302,0.316,0.034,0.672,0.291,18.458,1.25,2.918,,,0.31805,0.3238,0,0,2,2035.630237
HD 210302_2,HD 210302,0.162,0.125,0.82,0.565,18.458,1.25,2.918,,,0.180141,0.893712,0,0,2,2035.630237
HD 210302_3,HD 210302,0.925,0.123,2.909,15.97,18.458,1.25,2.918,,,0.843076,0.250211,0,0,2,2035.630237
HD 210302_4,HD 210302,1.629,0.122,1.727,5.061,18.458,1.25,2.918,,,1.687861,0.064327,0,0,2,2035.630237
HD 102365_0,HD 102365,1.154,0.024,2.235,11.472,9.319,1.02,0.844,0.122957,66.73107,1.180892,0.429374,1,2,2,2035.632203
HD 102365_1,HD 102365,4.021,0.031,1.113,0.834,9.319,1.02,0.844,,,4.134661,0.043424,0,0,2,2035.632203
HD 102365_2,HD 102365,0.113,0.031,0.976,0.303,9.319,1.02,0.844,,,0.109887,0.065517,0,0,2,2035.632203
HD 43042_0,HD 43042,4.095,0.078,0.558,0.185,21.776,1.29,2.936,,,3.775596,0.40057,0,0,2,2035.633573
HD 43042_1,HD 43042,0.434,0.11,0.533,0.05,21.776,1.29,2.936,,,0.431865,0.399577,0,0,2,2035.633573
HD 43042_3,HD 43042,0.724,0.14,0.733,0.758,21.776,1.29,2.936,,,0.808248,0.793726,0,0,2,2035.633573
HD 142860_0,HD 142860,0.405,0.081,2.385,6.459,11.254,1.25,3.039,,,0.425747,0.578754,0,0,2,2035.635615
HD 142860_2,HD 142860,3.184,0.073,1.146,0.989,11.254,1.25,3.039,,,3.310077,0.390255,0,0,2,2035.635615
HD 142860_3,HD 142860,0.465,0.068,1.963,1.786,11.254,1.25,3.039,,,0.439038,0.656186,0,0,2,2035.635615
HD 142860_5,HD 142860,0.92,0.074,2.443,8.017,11.254,1.25,3.039,,,0.891405,0.710161,0,0,2,2035.635615
HD 142860_6,HD 142860,0.627,0.092,3.102,5.436,11.254,1.25,3.039,,,0.58238,0.871572,0,0,2,2035.635615
HD 17925_0,HD 17925,1.472,0.037,0.676,0.068,10.361,0.82,0.401,,,1.490639,0.174832,0,0,4,2035.636985
HD 17925_2,HD 17925,0.735,0.099,0.938,0.945,10.361,0.82,0.401,,,0.673276,0.252099,0,0,4,2035.636985
HD 17925_3,HD 17925,0.561,0.086,1.065,2.041,10.361,0.82,0.401,,,0.588712,0.3369,0,0,4,2035.636985
HD 17925_4,HD 17925,0.848,0.062,1.424,1.901,10.361,0.82,0.401,,,0.807621,0.426488,0,0,4,2035.636985
HD 17925_6,HD 17925,3.618,0.076,0.719,0.216,10.361,0.82,0.401,,,3.737493,0.229868,0,0,4,2035.636985
HD 140538 A_0,HD 140538 A,2.088,0.047,0.685,0.069,14.793,0.94,0.834,,,2.184183,0.607461,0,0,3,2035.642131
HD 140538 A_1,HD 140538 A,0.512,0.053,2.798,18.338,14.793,0.94,0.834,,,0.485356,0.268653,0,0,3,2035.642131
HD 140538 A_2,HD 140538 A,4.137,0.053,0.916,0.304,14.793,0.94,0.834,,,4.026209,0.693576,0,0,3,2035.642131
HD 190248_1,HD 190248,1.11,0.055,1.408,3.629,6.099,0.94,1.25,,,1.065198,0.022954,0,1,2,2035.653173
HD 190248_2,HD 190248,3.754,0.072,1.017,1.24,6.099,0.94,1.25,,,4.024239,0.248691,0,0,2,2035.653173
HD 190248_3,HD 190248,1.406,0.139,0.51,0.568,6.099,0.94,1.25,,,1.438408,0.297605,0,0,2,2035.653173
HD 30495_0,HD 30495,1.934,0.08,0.989,1.288,13.24,1.04,0.966,,,1.965415,0.359263,0,1,2,2035.654543
HD 30495_2,HD 30495,0.416,0.06,1.179,0.557,13.24,1.04,0.966,,,0.424834,0.034265,0,0,2,2035.654543
HD 30495_3,HD 30495,1.848,0.089,0.623,0.48,13.24,1.04,0.966,,,1.977393,0.220133,0,0,2,2035.654543
HD 1581_1,HD 1581,1.541,0.046,2.633,10.663,8.607,1.11,1.262,,,1.609879,0.0622,0,1,2,2035.655913
HD 1581_2,HD 1581,0.181,0.101,0.988,1.538,8.607,1.11,1.262,,,0.176288,0.125075,0,0,2,2035.655913
HD 1581_3,HD 1581,1.491,0.126,2.76,10.6,8.607,1.11,1.262,0.157069,310.79469,1.342547,0.278269,1,1,2,2035.655913
HD 1581_4,HD 1581,0.208,0.109,2.378,6.033,8.607,1.11,1.262,,,0.221145,0.696162,0,0,2,2035.655913
HD 10476_0,HD 10476,0.171,0.07,0.738,0.088,7.644,0.85,0.454,,,0.182918,0.56706,0,0,4,2035.657283
HD 134083_0,HD 134083,0.116,0.07,1.9,7.058,19.536,1.33,3.255,,,0.110679,0.874281,0,0,2,2035.658653
HD 134083_1,HD 134083,0.36,0.097,1.358,2.746,19.536,1.33,3.255,,,0.37499,0.221608,0,0,2,2035.658653
HD 134083_3,HD 134083,0.749,0.13,0.881,0.684,19.536,1.33,3.255,,,0.825011,0.29313,0,0,2,2035.658653
HD 134083_4,HD 134083,0.959,0.114,0.591,0.338,19.536,1.33,3.255,,,1.03946,0.091042,0,0,2,2035.658653
HD 114710_0,HD 114710,1.415,0.117,0.681,0.147,9.197,1.11,1.357,,,1.254192,0.026476,0,0,2,2035.660023
HD 114710_1,HD 114710,0.314,0.116,0.63,1.142,9.197,1.11,1.357,,,0.348166,0.008253,0,0,2,2035.660023
HD 114710_2,HD 114710,2.258,0.018,0.683,0.173,9.197,1.11,1.357,,,2.238329,0.003184,0,0,2,2035.660023
HD 114710_4,HD 114710,0.861,0.053,0.898,0.439,9.197,1.11,1.357,,,0.851434,0.062908,0,1,2,2035.660023
HD 114710_5,HD 114710,0.124,0.109,3.108,17.681,9.197,1.11,1.357,,,0.110682,0.694126,0,0,2,2035.660023
HD 84737_0,HD 84737,0.596,0.087,1.352,1.551,18.823,1.08,2.795,,,0.550285,0.805063,0,0,2,2035.662756
HD 84737_1,HD 84737,3.025,0.071,1.189,1.926,18.823,1.08,2.795,,,2.830509,0.290023,0,0,2,2035.662756
HD 84737_2,HD 84737,1.078,0.014,1.079,0.698,18.823,1.08,2.795,,,1.090279,0.614337,0,0,2,2035.662756
HD 84737_3,HD 84737,3.774,0.025,0.833,0.848,18.823,1.08,2.795,,,3.719677,0.091029,0,0,2,2035.662756
HD 84737_4,HD 84737,0.254,0.074,3.133,13.741,18.823,1.08,2.795,,,0.236141,0.758523,0,0,2,2035.662756
HD 84737_5,HD 84737,2.993,0.205,0.508,0.086,18.823,1.08,2.795,,,3.481658,0.554728,0,0,2,2035.662756
HD 72905_1,HD 72905,0.661,0.069,0.5,0.051,14.439,1.08,0.973,,,0.639638,0.015723,0,0,3,2035.664126
HD 72905_3,HD 72905,0.899,0.099,2.776,19.234,14.439,1.08,0.973,,,0.964634,0.313402,0,0,3,2035.664126
HD 72905_4,HD 72905,0.923,0.214,1.407,2.24,14.439,1.08,0.973,,,0.87073,0.021814,0,0,3,2035.664126
HD 72905_5,HD 72905,3.175,0.086,0.525,0.068,14.439,1.08,0.973,,,3.137664,0.270246,0,0,3,2035.664126
HD 4391_0,HD 4391,0.363,0.182,1.471,1.692,15.049,0.98,0.923,,,0.344988,0.095625,0,0,3,2035.671378
HD 4391_1,HD 4391,1.544,0.114,0.614,0.159,15.049,0.98,0.923,,,1.370728,0.073533,0,0,3,2035.671378
HD 4391_2,HD 4391,0.361,0.058,0.863,0.256,15.049,0.98,0.923,,,0.34332,0.05953,0,0,3,2035.671378
HD 4391_3,HD 4391,0.102,0.064,0.942,1.344,15.049,0.98,0.923,,,0.107004,0.853263,0,0,3,2035.671378
HD 4391_4,HD 4391,0.526,0.038,2.712,11.881,15.049,0.98,0.923,,,0.523215,0.035128,0,0,3,2035.671378
HD 22484_0,HD 22484,0.838,0.146,1.142,1.607,13.92,1.14,3.068,,,0.875921,0.181186,0,0,2,2035.673072
HD 22484_1,HD 22484,1.12,0.109,1.996,7.679,13.92,1.14,3.068,,,1.013541,0.851496,0,0,2,2035.673072
HD 22484_2,HD 22484,0.469,0.117,1.765,3.166,13.92,1.14,3.068,,,0.520226,0.038599,0,0,2,2035.673072
HD 22484_5,HD 22484,4.456,0.081,0.516,0.034,13.92,1.14,3.068,,,4.095183,0.041449,0,0,2,2035.673072
HD 22484_7,HD 22484,3.201,0.074,0.943,1.501,13.92,1.14,3.068,,,2.993196,0.585143,0,0,2,2035.673072
HD 165341 A_0,HD 165341 A,3.482,0.036,1.359,2.775,5.113,0.88,0.532,,,3.48994,0.003459,0,0,3,2035.687022
HD 165341 A_2,HD 165341 A,0.277,0.022,2.947,13.11,5.113,0.88,0.532,,,0.272515,0.003355,0,0,3,2035.687022
HD 165341 A_3,HD 165341 A,0.642,0.027,1.615,1.833,5.113,0.88,0.532,,,0.658304,0.949144,0,1,3,2035.687022
HD 101501_3,HD 101501,0.112,0.069,1.262,2.497,9.576,0.94,0.609,,,0.104451,0.216284,0,0,3,2035.689751
HD 101501_7,HD 101501,0.888,0.054,0.887,0.333,9.576,0.94,0.609,0.084363,163.297455,0.866923,0.163261,1,2,3,2035.689751
HD 147513_0,HD 147513,1.541,0.04,0.645,0.152,12.892,1.07,1.001,,,1.530889,0.589949,0,0,2,2035.69185
HD 147513_1,HD 147513,1.513,0.099,0.537,0.038,12.892,1.07,1.001,,,1.520171,0.356363,0,0,2,2035.69185
HD 147513_2,HD 147513,4.633,0.075,1.379,7.403,12.892,1.07,1.001,,,4.286728,0.557866,0,0,2,2035.69185
HD 147513_4,HD 147513,0.196,0.111,0.74,0.096,12.892,1.07,1.001,,,0.216456,0.098511,0,0,2,2035.69185
HD 147513_5,HD 147513,4.52,0.075,0.624,0.254,12.892,1.07,1.001,,,4.531571,0.30173,0,0,2,2035.69185
HD 147513_6,HD 147513,1.743,0.075,1.796,2.912,12.892,1.07,1.001,0.127594,69.221827,1.76398,0.163716,1,2,2,2035.69185
HD 147513_7,HD 147513,2.47,0.028,0.667,0.174,12.892,1.07,1.001,,,2.416238,0.96533,0,0,2,2035.69185
HD 185144_1,HD 185144,0.747,0.07,0.5,0.019,5.764,0.87,0.434,,,0.695685,0.187217,0,1,3,2035.697824
HD 185144_3,HD 185144,0.688,0.135,2.317,4.389,5.764,0.87,0.434,0.110461,270.587341,0.639108,0.386283,1,3,3,2035.697824
HD 136352_0,HD 136352,1.127,0.083,0.501,0.05,14.739,1.02,1.029,,,1.033559,0.172311,0,0,3,2035.700001
HD 136352_2,HD 136352,0.995,0.082,1.549,3.519,14.739,1.02,1.029,,,1.070896,0.000114,0,0,3,2035.700001
HD 136352_3,HD 136352,3.774,0.069,2.041,4.78,14.739,1.02,1.029,0.233269,243.849129,3.693356,0.524127,1,1,3,2035.700001
HD 136352_4,HD 136352,1.831,0.068,0.826,0.342,14.739,1.02,1.029,,,1.771091,0.531534,0,0,3,2035.700001
HD 128620_0,HD 128620,1.567,0.074,0.945,0.738,1.332,1.11,1.521,0.54766,2.958335,1.663439,0.910942,1,1,2,2035.701371
HD 128620_1,HD 128620,1.266,0.016,1.198,6.221,1.332,1.11,1.521,,,1.259876,0.086398,0,1,2,2035.701371
HD 109358_0,HD 109358,0.599,0.064,0.661,0.193,8.473,1.08,1.151,,,0.561407,0.383571,0,0,3,2035.704112
HD 109358_1,HD 109358,0.313,0.024,1.946,4.835,8.473,1.08,1.151,,,0.305571,0.026608,0,0,3,2035.704112
HD 109358_3,HD 109358,0.172,0.066,1.409,1.609,8.473,1.08,1.151,,,0.176548,0.121877,0,0,3,2035.704112
HD 109358_4,HD 109358,1.488,0.078,0.58,0.237,8.473,1.08,1.151,,,1.603944,0.409904,0,0,3,2035.704112
HD 109358_5,HD 109358,3.968,0.05,3.285,25.806,8.473,1.08,1.151,,,3.921148,0.015572,0,0,3,2035.704112
HD 131156 A_0,HD 131156 A,0.922,0.01,2.426,6.027,6.754,0.96,0.553,0.135125,327.991607,0.930885,0.295939,1,3,3,2035.713736
HD 131156 A_1,HD 131156 A,1.097,0.147,1.932,4.971,6.754,0.96,0.553,0.107526,218.618972,1.056475,0.050435,1,3,3,2035.713736
HD 20766_0,HD 20766,1.336,0.161,1.674,3.092,12.045,1.01,0.794,0.096363,73.868108,1.264406,0.554839,1,2,2,2035.715106
HD 20766_1,HD 20766,0.327,0.097,2.659,6.922,12.045,1.01,0.794,,,0.323213,0.177177,0,0,2,2035.715106
HD 20766_4,HD 20766,1.915,0.031,0.912,0.441,12.045,1.01,0.794,,,1.867933,0.128318,0,1,2,2035.715106
HD 146233_0,HD 146233,0.356,0.047,2.679,8.19,14.137,1.02,1.094,,,0.346803,0.880699,0,0,3,2035.723888
HD 146233_1,HD 146233,0.206,0.044,2.032,3.376,14.137,1.02,1.094,,,0.202561,0.612744,0,0,3,2035.723888
HD 146233_4,HD 146233,0.539,0.141,1.433,3.682,14.137,1.02,1.094,,,0.48853,0.196148,0,0,3,2035.723888
HD 115617_0,HD 115617,1.956,0.004,0.732,1.017,8.534,0.97,0.825,,,1.951615,0.159511,0,0,2,2035.73301
HD 115617_1,HD 115617,0.76,0.09,2.931,6.157,8.534,0.97,0.825,,,0.750144,0.73616,0,0,2,2035.73301
HD 115617_2,HD 115617,0.621,0.047,0.562,0.059,8.534,0.97,0.825,,,0.592555,0.145151,0,0,2,2035.73301
HD 115617_3,HD 115617,0.199,0.073,3.38,12.207,8.534,0.97,0.825,,,0.21304,0.773251,0,0,2,2035.73301
HD 115617_4,HD 115617,2.599,0.104,0.763,0.174,8.534,0.97,0.825,,,2.867972,0.964379,0,0,2,2035.73301
HD 115617_5,HD 115617,2.098,0.045,1.487,3.177,8.534,0.97,0.825,0.235348,333.331546,2.033363,0.358412,1,2,2,2035.73301
HD 115617_6,HD 115617,3.003,0.084,0.942,0.936,8.534,0.97,0.825,,,3.218906,0.035656,0,0,2,2035.73301
HD 3651 A_0,HD 3651 A,0.818,0.09,1.086,0.195,11.108,0.86,0.532,,,0.813175,0.038972,0,0,4,2035.737236
HD 3651 A_3,HD 3651 A,0.106,0.12,3.284,8.237,11.108,0.86,0.532,,,0.108588,0.775466,0,0,4,2035.737236
HD 3651 A_5,HD 3651 A,0.552,0.025,0.534,0.148,11.108,0.86,0.532,,,0.545289,0.036121,0,0,4,2035.737236
HD 20794_0,HD 20794,4.322,0.17,2.962,5.742,6.041,0.97,0.654,,,4.225252,0.047383,0,0,4,2035.738886
HD 20794_1,HD 20794,2.398,0.095,1.302,2.525,6.041,0.97,0.654,,,2.503602,0.249229,0,0,4,2035.738886
HD 20807_0,HD 20807,0.337,0.072,1.793,3.234,12.039,1.07,1.017,,,0.314713,0.325431,0,0,2,2035.74063
HD 20807_1,HD 20807,1.546,0.069,0.954,0.846,12.039,1.07,1.017,,,1.443081,0.018656,0,1,2,2035.74063
HD 20807_2,HD 20807,2.979,0.055,2.038,8.298,12.039,1.07,1.017,,,3.11831,0.01314,0,0,2,2035.74063
HD 209100_0,HD 209100,2.433,0.127,0.524,0.078,3.638,0.72,0.222,,,2.501481,0.272205,0,0,2,2035.749186
HD 209100_1,HD 209100,1.218,0.094,0.54,0.224,3.638,0.72,0.222,,,1.309151,0.128834,0,1,2,2035.749186
HD 209100_2,HD 209100,0.989,0.073,1.925,7.679,3.638,0.72,0.222,0.22697,357.96023,0.922942,0.147168,1,2,2,2035.749186
HD 209100_4,HD 209100,3.542,0.022,2.632,11.464,3.638,0.72,0.222,0.682097,281.525023,3.471079,0.746955,1,2,2,2035.749186
HD 209100_5,HD 209100,0.635,0.076,0.931,0.965,3.638,0.72,0.222,0.167166,295.200539,0.622816,0.384727,1,2,2,2035.749186
HD 209100_6,HD 209100,1.701,0.082,0.885,1.719,3.638,0.72,0.222,,,1.5622,0.170699,0,0,2,2035.749186
HD 209100_8,HD 209100,2.097,0.099,2.488,10.973,3.638,0.72,0.222,0.356756,190.482434,2.090086,0.808558,1,2,2,2035.749186
HD 209100_9,HD 209100,0.782,0.071,2.297,6.298,3.638,0.72,0.222,0.191569,281.159688,0.837506,0.673388,1,2,2,2035.749186
HD 209100_10,HD 209100,0.182,0.056,2.026,7.17,3.638,0.72,0.222,,,0.178312,0.208314,0,0,2,2035.749186
HD 209100_11,HD 209100,0.917,0.107,1.174,2.417,3.638,0.72,0.222,0.273881,71.002248,1.012897,0.272416,1,2,2,2035.749186
HD 23249_0,HD 23249,2.38,0.039,0.804,0.586,9.089,0.87,2.941,,,2.461685,0.336893,0,0,2,2035.751603
HD 23249_1,HD 23249,2.348,0.031,1.487,3.029,9.089,0.87,2.941,,,2.275465,0.017925,0,0,2,2035.751603
HD 166_0,HD 166,1.592,0.09,1.08,2.182,13.766,0.94,0.647,,,1.468409,0.003503,0,1,2,2035.753017
HD 166_1,HD 166,0.635,0.021,0.515,0.062,13.766,0.94,0.647,,,0.623408,0.924178,0,0,2,2035.753017
HD 65907 A_0,HD 65907 A,0.584,0.099,0.585,0.122,16.172,1.11,1.29,,,0.636953,0.02671,0,0,3,2035.776557
HD 65907 A_1,HD 65907 A,1.316,0.075,0.982,3.131,16.172,1.11,1.29,,,1.218081,0.859777,0,0,3,2035.776557
HD 65907 A_2,HD 65907 A,1.009,0.058,1.202,5.136,16.172,1.11,1.29,,,1.032435,0.261629,0,0,3,2035.776557
HD 190360_0,HD 190360,0.922,0.17,1.79,3.759,16.003,0.96,1.165,,,1.057272,0.162572,0,0,3,2035.781455
HD 190360_1,HD 190360,3.764,0.081,1.071,1.582,16.003,0.96,1.165,,,3.790485,0.198378,0,0,3,2035.781455
HD 190360_3,HD 190360,3.632,0.139,2.733,10.267,16.003,0.96,1.165,,,4.110962,0.156154,0,0,3,2035.781455
HD 190360_4,HD 190360,1.735,0.021,0.534,0.045,16.003,0.96,1.165,,,1.736872,0.139849,0,0,3,2035.781455
HD 190360_5,HD 190360,0.581,0.08,1.934,2.88,16.003,0.96,1.165,,,0.613442,0.909908,0,0,3,2035.781455
HD 203608_0,HD 203608,2.203,0.092,1.79,3.488,9.258,1.14,1.466,,,2.265376,0.12358,0,1,2,2035.797585
HD 203608_1,HD 203608,2.342,0.1,0.502,0.104,9.258,1.14,1.466,,,2.231822,0.371441,0,0,2,2035.797585
HD 203608_2,HD 203608,2.74,0.062,1.086,1.189,9.258,1.14,1.466,,,2.682092,0.313571,0,1,2,2035.797585
HD 203608_5,HD 203608,4.293,0.038,0.929,0.698,9.258,1.14,1.466,,,4.426942,0.01726,0,0,2,2035.797585
HD 203608_6,HD 203608,0.526,0.072,0.985,0.486,9.258,1.14,1.466,,,0.488609,0.551894,0,0,2,2035.797585
HD 156274 A_3,HD 156274 A,4.433,0.138,1.608,3.519,8.791,0.9,0.452,,,4.997125,0.100437,0,0,5,2035.800903
HD 17925_0,HD 17925,1.472,0.037,0.676,0.068,10.361,0.82,0.401,,,1.461375,0.279949,0,0,5,2035.808797
HD 17925_2,HD 17925,0.735,0.099,0.938,0.945,10.361,0.82,0.401,,,0.704291,0.008437,0,0,5,2035.808797
HD 17925_3,HD 17925,0.561,0.086,1.065,2.041,10.361,0.82,0.401,,,0.577735,0.798826,0,0,5,2035.808797
HD 17925_4,HD 17925,0.848,0.062,1.424,1.901,10.361,0.82,0.401,,,0.805584,0.010787,0,0,5,2035.808797
HD 17925_6,HD 17925,3.618,0.076,0.719,0.216,10.361,0.82,0.401,,,3.770171,0.192778,0,0,5,2035.808797
HD 219134_0,HD 219134,1.298,0.068,3.021,11.197,6.542,0.75,0.266,0.153104,203.43342,1.349793,0.760841,1,2,2,2035.8115
HD 219134_1,HD 219134,0.107,0.06,0.589,0.114,6.542,0.75,0.266,,,0.10078,0.413767,0,0,2,2035.8115
HD 219134_2,HD 219134,0.475,0.085,1.279,2.244,6.542,0.75,0.266,,,0.44491,0.097236,0,0,2,2035.8115
HD 219134_3,HD 219134,2.999,0.067,1.913,4.52,6.542,0.75,0.266,0.411699,172.986818,3.020344,0.574707,1,1,2,2035.8115
HD 219134_4,HD 219134,0.285,0.083,1.716,4.805,6.542,0.75,0.266,,,0.298097,0.363521,0,0,2,2035.8115
HD 219134_5,HD 219134,1.823,0.052,1.09,4.144,6.542,0.75,0.266,,,1.746583,0.32662,0,1,2,2035.8115
HD 219134_7,HD 219134,0.986,0.056,2.277,3.449,6.542,0.75,0.266,0.147841,0.873455,1.003288,0.523549,1,2,2,2035.8115
HD 33262 A_0,HD 33262 A,4.098,0.155,0.949,0.422,11.693,1.14,1.466,,,4.726729,0.053972,0,0,3,2035.814727
HD 33262 A_1,HD 33262 A,3.3,0.062,1.368,1.583,11.693,1.14,1.466,,,3.303243,0.02327,0,0,3,2035.814727
HD 33262 A_2,HD 33262 A,3.337,0.087,0.965,0.502,11.693,1.14,1.466,,,3.623691,0.157659,0,0,3,2035.814727
HD 33262 A_4,HD 33262 A,1.015,0.091,2.255,9.306,11.693,1.14,1.466,,,0.934806,0.412484,0,0,3,2035.814727
HD 33262 A_5,HD 33262 A,0.358,0.206,1.487,2.029,11.693,1.14,1.466,,,0.36045,0.859518,0,0,3,2035.814727
HD 33262 A_6,HD 33262 A,0.874,0.139,0.646,0.257,11.693,1.14,1.466,,,0.838268,0.027426,0,0,3,2035.814727
HD 33262 A_8,HD 33262 A,0.199,0.101,2.893,13.631,11.693,1.14,1.466,,,0.213748,0.300494,0,0,3,2035.814727
HD 10700_0,HD 10700,1.625,0.099,0.563,0.087,3.652,0.94,0.506,,,1.729033,0.150931,0,0,5,2035.81626
HD 10361_1,HD 10361,0.761,0.025,1.303,2.715,8.197,0.77,0.304,0.087449,208.631729,0.764163,0.49737,1,2,2,2035.824871
HD 10361_2,HD 10361,0.985,0.066,0.785,0.596,8.197,0.77,0.304,,,1.04365,0.069411,0,0,2,2035.824871
HD 10361_3,HD 10361,1.525,0.07,0.586,0.784,8.197,0.77,0.304,,,1.535817,0.167717,0,0,2,2035.824871
HD 10361_4,HD 10361,4.037,0.084,0.501,0.084,8.197,0.77,0.304,,,4.08009,0.23367,0,0,2,2035.824871
HD 55575_0,HD 55575,1.084,0.09,0.727,0.186,16.852,1.14,1.463,,,1.045319,0.00403,0,0,3,2035.828233
HD 55575_1,HD 55575,0.133,0.053,0.578,0.677,16.852,1.14,1.463,,,0.138736,0.03745,0,0,3,2035.828233
HD 10476_0,HD 10476,0.171,0.07,0.738,0.088,7.644,0.85,0.454,,,0.162167,0.018436,0,0,5,2035.842501
HD 90839_0,HD 90839,3.665,0.022,0.781,0.186,12.945,1.18,1.605,,,3.662689,0.001801,0,0,3,2035.851677
HD 90839_1,HD 90839,0.191,0.094,1.403,2.751,12.945,1.18,1.605,,,0.176759,0.151225,0,0,3,2035.851677
HD 90839_2,HD 90839,3.378,0.112,1.125,1.619,12.945,1.18,1.605,,,3.607523,0.550614,0,0,3,2035.851677
HD 90839_5,HD 90839,0.15,0.051,2.273,4.226,12.945,1.18,1.605,,,0.145942,0.037498,0,0,3,2035.851677
HD 185144_1,HD 185144,0.747,0.07,0.5,0.019,5.764,0.87,0.434,,,0.761625,0.009911,0,1,4,2035.874818
HD 185144_3,HD 185144,0.688,0.135,2.317,4.389,5.764,0.87,0.434,,,0.774475,0.869352,0,3,4,2035.874818
HD 86728 A_0,HD 86728 A,0.138,0.113,0.53,0.078,14.926,1.0,1.378,,,0.123226,0.004164,0,0,2,2035.880351
HD 86728 A_1,HD 86728 A,1.194,0.049,0.519,0.144,14.926,1.0,1.378,,,1.138856,0.650156,0,0,2,2035.880351
HD 86728 A_2,HD 86728 A,1.586,0.024,0.736,0.367,14.926,1.0,1.378,,,1.577371,0.658943,0,0,2,2035.880351
HD 86728 A_3,HD 86728 A,0.34,0.077,0.971,1.901,14.926,1.0,1.378,,,0.366117,0.083006,0,0,2,2035.880351
HD 86728 A_4,HD 86728 A,3.143,0.15,2.985,16.709,14.926,1.0,1.378,0.191038,222.484352,2.834294,0.338831,1,2,2,2035.880351
HD 86728 A_5,HD 86728 A,0.238,0.132,1.155,6.008,14.926,1.0,1.378,,,0.217958,0.024691,0,0,2,2035.880351
HD 86728 A_6,HD 86728 A,2.84,0.137,2.462,3.621,14.926,1.0,1.378,0.188536,148.31667,3.028166,0.52182,1,2,2,2035.880351
HD 39091_1,HD 39091,3.12,0.028,1.191,1.952,18.287,1.08,1.533,,,3.100455,0.0836,0,0,3,2035.881721
HD 39091_2,HD 39091,2.865,0.029,0.677,0.089,18.287,1.08,1.533,,,2.849913,0.218485,0,0,3,2035.881721
HD 39091_3,HD 39091,3.55,0.072,1.069,0.919,18.287,1.08,1.533,,,3.762533,0.76712,0,0,3,2035.881721
HD 39091_4,HD 39091,4.534,0.027,1.234,1.811,18.287,1.08,1.533,,,4.593453,0.388759,0,0,3,2035.881721
HD 39091_5,HD 39091,1.437,0.051,1.31,1.974,18.287,1.08,1.533,,,1.368988,0.199503,0,0,3,2035.881721
HD 39091_6,HD 39091,0.67,0.012,2.604,6.457,18.287,1.08,1.533,,,0.677536,0.368519,0,0,3,2035.881721
HD 95128_1,HD 95128,2.285,0.074,0.586,0.282,13.887,1.07,1.577,,,2.437793,0.016002,0,0,3,2035.885574
HD 95128_2,HD 95128,4.586,0.035,0.538,0.083,13.887,1.07,1.577,,,4.730599,0.004303,0,0,3,2035.885574
HD 95128_3,HD 95128,0.343,0.031,2.771,10.086,13.887,1.07,1.577,,,0.351273,0.197555,0,0,3,2035.885574
HD 95128_4,HD 95128,2.15,0.173,1.218,6.511,13.887,1.07,1.577,,,2.101396,0.006928,0,0,3,2035.885574
HD 95128_5,HD 95128,0.6,0.105,2.299,8.137,13.887,1.07,1.577,,,0.661381,0.591086,0,0,3,2035.885574
HD 95128_6,HD 95128,0.335,0.024,2.419,8.582,13.887,1.07,1.577,,,0.328668,0.257367,0,0,3,2035.885574
HD 95128_7,HD 95128,0.847,0.089,1.394,3.129,13.887,1.07,1.577,,,0.81219,0.062807,0,0,3,2035.885574
HD 95128_8,HD 95128,0.588,0.034,2.182,8.46,13.887,1.07,1.577,,,0.58035,0.785707,0,0,3,2035.885574
HD 20630_1,HD 20630,0.648,0.142,1.547,4.726,9.276,0.98,0.857,,,0.724607,0.520629,0,0,4,2035.893658
HD 20630_5,HD 20630,1.387,0.083,0.621,0.63,9.276,0.98,0.857,,,1.502024,0.435247,0,0,4,2035.893658
HD 16895 A_0,HD 16895 A,3.595,0.047,2.816,7.544,11.15,1.21,2.246,,,3.633983,0.220232,0,0,2,2035.898513
HD 16895 A_4,HD 16895 A,4.424,0.091,1.274,1.913,11.15,1.21,2.246,,,4.452599,0.001111,0,0,2,2035.898513
HD 16895 A_5,HD 16895 A,1.554,0.05,3.144,9.969,11.15,1.21,2.246,0.114141,291.267739,1.590632,0.672708,1,2,2,2035.898513
HD 16895 A_6,HD 16895 A,0.108,0.029,0.508,0.042,11.15,1.21,2.246,,,0.107183,0.495972,0,0,2,2035.898513
HD 140538 A_0,HD 140538 A,2.088,0.047,0.685,0.069,14.793,0.94,0.834,,,2.160572,0.326591,0,0,4,2035.920046
HD 140538 A_1,HD 140538 A,0.512,0.053,2.798,18.338,14.793,0.94,0.834,,,0.520632,0.006338,0,0,4,2035.920046
HD 140538 A_2,HD 140538 A,4.137,0.053,0.916,0.304,14.793,0.94,0.834,,,3.989573,0.79452,0,0,4,2035.920046
HD 17051_0,HD 17051,1.593,0.055,0.8,0.166,17.357,1.14,1.737,,,1.543819,0.376625,0,0,3,2035.924357
HD 17051_1,HD 17051,2.146,0.107,1.035,0.971,17.357,1.14,1.737,,,2.30968,0.006874,0,0,3,2035.924357
HD 17051_2,HD 17051,4.311,0.108,1.302,2.591,17.357,1.14,1.737,,,4.065832,0.215208,0,0,3,2035.924357
HD 53705_0,HD 53705,0.273,0.081,1.735,2.717,17.059,1.04,1.49,,,0.256707,0.546878,0,0,2,2035.934323
HD 53705_1,HD 53705,2.604,0.083,3.306,16.05,17.059,1.04,1.49,0.159469,148.668958,2.771753,0.219312,1,2,2,2035.934323
HD 53705_2,HD 53705,1.597,0.089,2.478,13.971,17.059,1.04,1.49,0.086668,341.839561,1.558565,0.518896,1,2,2,2035.934323
HD 53705_3,HD 53705,0.715,0.026,1.359,2.038,17.059,1.04,1.49,,,0.712983,0.461462,0,0,2,2035.934323
HD 53705_4,HD 53705,0.527,0.092,2.437,10.745,17.059,1.04,1.49,,,0.508511,0.414992,0,0,2,2035.934323
HD 34411_0,HD 34411,0.295,0.082,3.192,8.429,12.562,1.08,1.732,,,0.283582,0.406968,0,0,2,2035.94032
HD 34411_1,HD 34411,1.539,0.078,0.897,0.713,12.562,1.08,1.732,,,1.579094,0.081658,0,1,2,2035.94032
HD 34411_3,HD 34411,1.691,0.074,0.798,0.808,12.562,1.08,1.732,,,1.770602,0.319305,0,0,2,2035.94032
HD 3651 A_0,HD 3651 A,0.818,0.09,1.086,0.195,11.108,0.86,0.532,,,0.746469,0.449911,0,0,5,2035.944625
HD 3651 A_3,HD 3651 A,0.106,0.12,3.284,8.237,11.108,0.86,0.532,,,0.113872,0.007107,0,0,5,2035.944625
HD 3651 A_5,HD 3651 A,0.552,0.025,0.534,0.148,11.108,0.86,0.532,,,0.561322,0.666061,0,0,5,2035.944625
HD 72905_1,HD 72905,0.661,0.069,0.5,0.051,14.439,1.08,0.973,,,0.670958,0.822487,0,0,4,2035.95518
HD 72905_3,HD 72905,0.899,0.099,2.776,19.234,14.439,1.08,0.973,,,0.810611,0.653081,0,0,4,2035.95518
HD 72905_4,HD 72905,0.923,0.214,1.407,2.24,14.439,1.08,0.973,,,0.860793,0.902284,0,0,4,2035.95518
HD 72905_5,HD 72905,3.175,0.086,0.525,0.068,14.439,1.08,0.973,,,3.228697,0.440153,0,0,4,2035.95518
HD 4391_0,HD 4391,0.363,0.182,1.471,1.692,15.049,0.98,0.923,,,0.429019,0.036889,0,0,4,2035.965069
HD 4391_1,HD 4391,1.544,0.114,0.614,0.159,15.049,0.98,0.923,,,1.48274,0.019081,0,0,4,2035.965069
HD 4391_2,HD 4391,0.361,0.058,0.863,0.256,15.049,0.98,0.923,,,0.362998,0.429288,0,0,4,2035.965069
HD 4391_3,HD 4391,0.102,0.064,0.942,1.344,15.049,0.98,0.923,,,0.108494,0.775931,0,0,4,2035.965069
HD 4391_4,HD 4391,0.526,0.038,2.712,11.881,15.049,0.98,0.923,,,0.506113,0.095738,0,0,4,2035.965069
HD 20794_0,HD 20794,4.322,0.17,2.962,5.742,6.041,0.97,0.654,,,4.108414,0.069968,0,0,5,2035.966867
HD 20794_1,HD 20794,2.398,0.095,1.302,2.525,6.041,0.97,0.654,,,2.567821,0.390551,0,0,5,2035.966867
HD 156274 A_3,HD 156274 A,4.433,0.138,1.608,3.519,8.791,0.9,0.452,,,5.018185,0.07771,0,0,6,2035.980308
HD 17925_0,HD 17925,1.472,0.037,0.676,0.068,10.361,0.82,0.401,,,1.434626,0.422815,0,0,6,2035.981677
HD 17925_2,HD 17925,0.735,0.099,0.938,0.945,10.361,0.82,0.401,,,0.799236,0.483341,0,0,6,2035.981677
HD 17925_3,HD 17925,0.561,0.086,1.065,2.041,10.361,0.82,0.401,,,0.519643,0.014365,0,0,6,2035.981677
HD 17925_4,HD 17925,0.848,0.062,1.424,1.901,10.361,0.82,0.401,,,0.865624,0.083636,0,0,6,2035.981677
HD 17925_6,HD 17925,3.618,0.076,0.719,0.216,10.361,0.82,0.401,,,3.799942,0.160341,0,0,6,2035.981677
HD 84117_2,HD 84117,0.48,0.183,0.807,0.707,14.951,1.14,1.977,,,0.468473,0.040414,0,0,3,2035.995744
HD 84117_3,HD 84117,2.469,0.127,0.583,0.157,14.951,1.14,1.977,,,2.171216,0.111334,0,0,3,2035.995744
HD 84117_5,HD 84117,2.421,0.095,0.605,0.239,14.951,1.14,1.977,,,2.397826,0.55,0,0,3,2035.995744
HD 142373_0,HD 142373,1.268,0.168,0.757,0.148,15.898,1.08,3.136,,,1.266652,0.190759,0,0,2,2035.997379
HD 142373_1,HD 142373,1.76,0.092,0.868,0.535,15.898,1.08,3.136,,,1.868323,0.479061,0,0,2,2035.997379
HD 142373_2,HD 142373,0.834,0.129,2.923,6.259,15.898,1.08,3.136,,,0.8871,0.059292,0,0,2,2035.997379
HD 142373_4,HD 142373,1.161,0.006,1.265,2.536,15.898,1.08,3.136,,,1.159797,0.802706,0,0,2,2035.997379
HD 142373_6,HD 142373,4.705,0.105,0.947,0.923,15.898,1.08,3.136,,,4.683939,0.124102,0,0,2,2035.997379
HD 142373_7,HD 142373,1.878,0.051,2.611,6.816,15.898,1.08,3.136,0.116351,182.694473,1.880059,0.224991,1,2,2,2035.997379
HD 142373_8,HD 142373,3.092,0.053,1.805,7.326,15.898,1.08,3.136,0.114531,17.23469,2.940094,0.815907,1,2,2,2035.997379
HD 147513_0,HD 147513,1.541,0.04,0.645,0.152,12.892,1.07,1.001,,,1.482825,0.265027,0,0,3,2035.998748
HD 147513_1,HD 147513,1.513,0.099,0.537,0.038,12.892,1.07,1.001,,,1.381189,0.173301,0,0,3,2035.998748
HD 147513_2,HD 147513,4.633,0.075,1.379,7.403,12.892,1.07,1.001,,,4.288591,0.630046,0,0,3,2035.998748
HD 147513_4,HD 147513,0.196,0.111,0.74,0.096,12.892,1.07,1.001,,,0.178634,0.138265,0,0,3,2035.998748
HD 147513_5,HD 147513,4.52,0.075,0.624,0.254,12.892,1.07,1.001,,,4.461136,0.216863,0,0,3,2035.998748
HD 147513_6,HD 147513,1.743,0.075,1.796,2.912,12.892,1.07,1.001,,,1.852649,0.066303,0,2,3,2035.998748
HD 147513_7,HD 147513,2.47,0.028,0.667,0.174,12.892,1.07,1.001,,,2.44511,0.95228,0,0,3,2035.998748
HD 10700_0,HD 10700,1.625,0.099,0.563,0.087,3.652,0.94,0.506,,,1.65121,0.139156,0,0,6,2036.007312
HD 693_0,HD 693,1.045,0.058,1.136,2.579,18.886,1.18,2.997,,,0.998333,0.110181,0,0,2,2036.010418
HD 693_1,HD 693,0.139,0.106,2.768,7.407,18.886,1.18,2.997,,,0.131844,0.203961,0,0,2,2036.010418
HD 693_3,HD 693,1.448,0.069,1.975,3.042,18.886,1.18,2.997,,,1.378045,0.039168,0,0,2,2036.010418
HD 693_4,HD 693,1.744,0.105,1.392,2.348,18.886,1.18,2.997,0.097146,311.448078,1.904009,0.409113,1,2,2,2036.010418
HD 693_5,HD 693,2.909,0.1,1.423,2.794,18.886,1.18,2.997,,,2.660481,0.079037,0,0,2,2036.010418
HD 693_6,HD 693,2.914,0.024,0.574,0.316,18.886,1.18,2.997,,,2.918152,0.772161,0,0,2,2036.010418
HD 693_7,HD 693,3.93,0.01,2.298,5.004,18.886,1.18,2.997,,,3.955168,0.159503,0,0,2,2036.010418
HD 212330 A_0,HD 212330 A,1.747,0.031,3.281,9.208,20.34,1.02,2.726,,,1.781439,0.595533,0,1,2,2036.023896
HD 141004_0,HD 141004,2.629,0.092,2.901,8.518,11.916,1.09,2.004,,,2.430623,0.001576,0,1,2,2036.025491
HD 141004_1,HD 141004,0.651,0.071,0.654,0.168,11.916,1.09,2.004,,,0.638011,0.106837,0,0,2,2036.025491
HD 141004_2,HD 141004,4.426,0.098,1.019,2.941,11.916,1.09,2.004,,,4.008543,0.166599,0,0,2,2036.025491
HD 141004_3,HD 141004,4.115,0.06,0.578,0.125,11.916,1.09,2.004,,,4.086031,0.244864,0,0,2,2036.025491
HD 141004_4,HD 141004,3.163,0.091,1.732,4.206,11.916,1.09,2.004,,,3.432844,0.48377,0,0,2,2036.025491
HD 143761_0,HD 143761,2.268,0.052,0.622,0.131,17.511,0.97,1.812,,,2.157505,0.048328,0,0,3,2036.026861
HD 143761_3,HD 143761,0.463,0.017,0.834,0.619,17.511,0.97,1.812,,,0.470859,0.130918,0,0,3,2036.026861
HD 143761_4,HD 143761,1.096,0.157,0.808,0.895,17.511,0.97,1.812,,,1.263475,0.246256,0,0,3,2036.026861
HD 143761_5,HD 143761,0.834,0.096,1.155,1.684,17.511,0.97,1.812,,,0.877052,0.123494,0,0,3,2036.026861
HD 143761_7,HD 143761,2.609,0.089,2.154,12.289,17.511,0.97,1.812,,,2.815057,0.004585,0,0,3,2036.026861
HD 4614 A_0,HD 4614 A,4.718,0.051,1.358,3.151,5.01,1.14,1.252,,,4.888784,0.05995,0,0,2,2036.028231
HD 4614 A_1,HD 4614 A,0.651,0.133,0.728,0.235,5.01,1.14,1.252,0.083933,211.786136,0.733658,0.841556,1,1,2,2036.028231
HD 4614 A_2,HD 4614 A,2.584,0.017,1.361,2.842,5.01,1.14,1.252,,,2.593176,0.363264,0,1,2,2036.028231
HD 58855_0,HD 58855,3.917,0.055,2.746,11.124,20.402,1.16,2.445,0.096403,146.66188,4.132186,0.902436,1,2,2,2036.029601
HD 58855_3,HD 58855,0.12,0.023,0.846,0.314,20.402,1.16,2.445,,,0.119554,0.243781,0,0,2,2036.029601
HD 58855_4,HD 58855,1.787,0.062,0.53,0.101,20.402,1.16,2.445,,,1.737023,0.001948,0,0,2,2036.029601
HD 58855_5,HD 58855,2.753,0.078,0.74,0.361,20.402,1.16,2.445,,,2.640555,0.574384,0,0,2,2036.029601
HD 58855_6,HD 58855,3.408,0.008,0.67,0.197,20.402,1.16,2.445,,,3.38752,0.185976,0,0,2,2036.029601
HD 58855_7,HD 58855,0.511,0.017,1.169,2.72,20.402,1.16,2.445,,,0.509646,0.013005,0,0,2,2036.029601
HD 58855_8,HD 58855,3.679,0.02,1.665,3.725,20.402,1.16,2.445,,,3.637538,0.367563,0,0,2,2036.029601
HD 10476_0,HD 10476,0.171,0.07,0.738,0.088,7.644,0.85,0.454,,,0.177817,0.890488,0,0,6,2036.030971
HD 109358_0,HD 109358,0.599,0.064,0.661,0.193,8.473,1.08,1.151,,,0.596725,0.438482,0,0,4,2036.03425
HD 109358_1,HD 109358,0.313,0.024,1.946,4.835,8.473,1.08,1.151,,,0.306006,0.057371,0,0,4,2036.03425
HD 109358_3,HD 109358,0.172,0.066,1.409,1.609,8.473,1.08,1.151,,,0.162675,0.727257,0,0,4,2036.03425
HD 109358_4,HD 109358,1.488,0.078,0.58,0.237,8.473,1.08,1.151,,,1.533852,0.127607,0,0,4,2036.03425
HD 109358_5,HD 109358,3.968,0.05,3.285,25.806,8.473,1.08,1.151,,,3.870063,0.004188,0,0,4,2036.03425
HD 160691_0,HD 160691,1.46,0.051,0.67,0.675,15.604,1.0,1.899,,,1.410356,0.549743,0,0,2,2036.03644
HD 160691_1,HD 160691,0.274,0.085,0.88,0.645,15.604,1.0,1.899,,,0.280451,0.331435,0,0,2,2036.03644
HD 160691_2,HD 160691,0.346,0.144,0.58,0.053,15.604,1.0,1.899,,,0.391782,0.899888,0,0,2,2036.03644
HD 160691_3,HD 160691,0.123,0.058,0.556,0.091,15.604,1.0,1.899,,,0.116419,0.001833,0,0,2,2036.03644
HD 160691_4,HD 160691,2.415,0.073,1.777,2.687,15.604,1.0,1.899,,,2.286447,0.002809,0,1,2,2036.03644
HD 160691_6,HD 160691,2.937,0.058,2.424,6.338,15.604,1.0,1.899,0.183136,149.501795,2.904345,0.276107,1,1,2,2036.03644
HD 160691_7,HD 160691,3.23,0.098,2.375,5.354,15.604,1.0,1.899,,,3.123995,0.0076,0,0,2,2036.03644
HD 46588 A_0,HD 46588 A,1.961,0.092,1.375,5.123,18.202,1.18,1.826,,,2.141172,0.289596,0,1,2,2036.047833
HD 46588 A_2,HD 46588 A,0.149,0.051,1.651,3.767,18.202,1.18,1.826,,,0.155957,0.947903,0,0,2,2036.047833
HD 46588 A_4,HD 46588 A,0.634,0.042,1.252,1.899,18.202,1.18,1.826,,,0.607374,0.879673,0,0,2,2036.047833
HD 46588 A_5,HD 46588 A,0.119,0.052,0.593,0.101,18.202,1.18,1.826,,,0.123899,0.32718,0,0,2,2036.047833
HD 46588 A_6,HD 46588 A,0.647,0.045,2.121,5.747,18.202,1.18,1.826,,,0.673887,0.821779,0,0,2,2036.047833
HD 46588 A_7,HD 46588 A,1.085,0.088,1.256,5.584,18.202,1.18,1.826,,,0.993499,0.876889,0,0,2,2036.047833
HD 46588 A_8,HD 46588 A,2.008,0.017,0.521,0.08,18.202,1.18,1.826,,,1.973866,0.618058,0,0,2,2036.047833
HD 101501_3,HD 101501,0.112,0.069,1.262,2.497,9.576,0.94,0.609,,,0.109384,0.867397,0,0,4,2036.049203
HD 101501_7,HD 101501,0.888,0.054,0.887,0.333,9.576,0.94,0.609,0.095794,348.618004,0.929777,0.177587,1,3,4,2036.049203
HD 146233_0,HD 146233,0.356,0.047,2.679,8.19,14.137,1.02,1.094,,,0.361774,0.011369,0,0,4,2036.0509
HD 146233_1,HD 146233,0.206,0.044,2.032,3.376,14.137,1.02,1.094,,,0.209267,0.093273,0,0,4,2036.0509
HD 146233_4,HD 146233,0.539,0.141,1.433,3.682,14.137,1.02,1.094,,,0.564543,0.723388,0,0,4,2036.0509
HD 185144_1,HD 185144,0.747,0.07,0.5,0.019,5.764,0.87,0.434,0.132952,249.431229,0.797693,0.489573,1,2,5,2036.053182
HD 185144_3,HD 185144,0.688,0.135,2.317,4.389,5.764,0.87,0.434,0.125478,92.477669,0.71471,0.24942,1,4,5,2036.053182
HD 38393_0,HD 38393,0.205,0.072,1.088,1.383,8.905,1.23,2.344,,,0.214738,0.170472,0,0,3,2036.064909
HD 38393_1,HD 38393,3.39,0.099,0.656,0.073,8.905,1.23,2.344,,,3.65975,0.01572,0,0,3,2036.064909
HD 38393_3,HD 38393,0.355,0.086,1.549,2.098,8.905,1.23,2.344,,,0.378684,0.033356,0,0,3,2036.064909
HD 38393_4,HD 38393,4.373,0.052,1.208,1.876,8.905,1.23,2.344,,,4.162405,0.001805,0,0,3,2036.064909
HD 50692_0,HD 50692,3.95,0.04,2.831,10.297,17.405,1.08,1.293,0.231889,95.051252,4.094037,0.316666,1,2,2,2036.072566
HD 50692_1,HD 50692,0.28,0.064,0.734,0.092,17.405,1.08,1.293,,,0.262687,0.265704,0,0,2,2036.072566
HD 50692_2,HD 50692,0.513,0.081,1.798,3.652,17.405,1.08,1.293,,,0.512727,0.857129,0,0,2,2036.072566
HD 50692_3,HD 50692,0.925,0.032,2.849,9.197,17.405,1.08,1.293,,,0.934943,0.003847,0,0,2,2036.072566
HD 10780_0,HD 10780,0.841,0.11,1.077,1.181,10.041,0.9,0.516,0.082366,33.132666,0.881716,0.155308,1,1,2,2036.084439
HD 10780_3,HD 10780,2.25,0.098,1.348,1.367,10.041,0.9,0.516,,,2.068999,0.010737,0,1,2,2036.084439
HD 10780_4,HD 10780,2.669,0.102,2.513,12.001,10.041,0.9,0.516,,,2.735248,0.108147,0,1,2,2036.084439
HD 201092_1,HD 201092,2.708,0.059,2.37,8.514,3.496,0.63,0.078,,,2.564523,0.094374,0,1,2,2036.088919
HD 155885_0,HD 155885,0.424,0.016,1.08,0.365,5.948,0.85,0.332,,,0.419819,0.531723,0,0,2,2036.090304
HD 155885_1,HD 155885,0.125,0.137,2.355,7.262,5.948,0.85,0.332,,,0.119911,0.028711,0,0,2,2036.090304
HD 155885_4,HD 155885,2.293,0.052,0.991,0.685,5.948,0.85,0.332,,,2.376834,0.228375,0,1,2,2036.090304
HD 131977_0,HD 131977,2.114,0.033,1.305,3.47,5.886,0.72,0.223,,,2.183675,0.257451,0,1,2,2036.094789
HD 19373_0,HD 19373,0.74,0.034,3.212,9.93,10.577,1.08,2.23,,,0.715153,0.045505,0,0,3,2036.102105
HD 19373_2,HD 19373,0.724,0.048,1.483,3.085,10.577,1.08,2.23,,,0.69942,0.044089,0,0,3,2036.102105
HD 19373_3,HD 19373,0.676,0.061,1.037,1.075,10.577,1.08,2.23,,,0.642837,0.87779,0,0,3,2036.102105
HD 19373_6,HD 19373,0.114,0.04,2.433,8.086,10.577,1.08,2.23,,,0.111818,0.625838,0,0,3,2036.102105
HD 19373_7,HD 19373,2.87,0.048,1.622,2.945,10.577,1.08,2.23,0.261717,119.287691,2.97022,0.515707,1,1,3,2036.102105
HD 88230_0,HD 88230,1.858,0.024,1.413,3.961,4.871,0.63,0.103,,,1.901857,0.234231,0,1,2,2036.104969
HD 88230_1,HD 88230,0.369,0.102,2.613,14.391,4.871,0.63,0.103,,,0.405793,0.013649,0,0,2,2036.104969
HD 88230_2,HD 88230,0.941,0.058,0.511,0.079,4.871,0.63,0.103,,,0.989762,0.388908,0,1,2,2036.104969
HD 88230_3,HD 88230,1.397,0.055,1.541,3.057,4.871,0.63,0.103,,,1.326972,0.055129,0,1,2,2036.104969
HD 88230_4,HD 88230,0.683,0.12,0.831,0.221,4.871,0.63,0.103,,,0.60252,0.965032,0,0,2,2036.104969
HD 88230_5,HD 88230,2.552,0.09,1.594,2.912,4.871,0.63,0.103,,,2.470811,0.227424,0,1,2,2036.104969
HD 88230_6,HD 88230,2.842,0.103,0.661,0.567,4.871,0.63,0.103,,,3.128376,0.0485,0,0,2,2036.104969
HD 192310_0,HD 192310,1.267,0.07,0.641,0.14,8.812,0.77,0.404,,,1.353932,0.949042,0,0,2,2036.106339
HD 192310_1,HD 192310,1.472,0.082,2.73,7.674,8.812,0.77,0.404,0.129491,115.620817,1.357178,0.631668,1,2,2,2036.106339
HD 192310_2,HD 192310,0.631,0.109,2.544,13.411,8.812,0.77,0.404,,,0.698538,0.215742,0,0,2,2036.106339
HD 192310_3,HD 192310,0.091,0.084,2.458,12.572,8.812,0.77,0.404,,,0.096734,0.793435,0,0,2,2036.106339
HD 4628_0,HD 4628,0.299,0.054,1.741,4.304,7.435,0.78,0.3,,,0.314502,0.77131,0,0,2,2036.107709
HD 4628_1,HD 4628,4.258,0.031,1.273,1.784,7.435,0.78,0.3,,,4.168754,0.006194,0,0,2,2036.107709
HD 4628_4,HD 4628,4.069,0.034,0.981,0.876,7.435,0.78,0.3,,,4.170209,0.283242,0,0,2,2036.107709
HD 4628_5,HD 4628,3.681,0.025,0.897,0.617,7.435,0.78,0.3,,,3.596771,0.051884,0,0,2,2036.107709
HD 4628_6,HD 4628,1.476,0.055,1.942,4.324,7.435,0.78,0.3,0.18579,79.547251,1.5422,0.599156,1,2,2,2036.107709
HD 156026_0,HD 156026,3.18,0.093,3.171,14.895,5.954,0.68,0.158,0.391118,152.411099,3.46161,0.779392,1,2,2,2036.110268
HD 156026_1,HD 156026,0.564,0.081,0.509,0.042,5.954,0.68,0.158,0.101394,146.156501,0.600945,0.273812,1,1,2,2036.110268
HD 156026_2,HD 156026,0.423,0.044,0.607,0.379,5.954,0.68,0.158,,,0.411789,0.456669,0,0,2,2036.110268
HD 156026_3,HD 156026,1.001,0.06,2.318,7.224,5.954,0.68,0.158,0.105995,152.005287,0.961269,0.768601,1,2,2,2036.110268
HD 156026_5,HD 156026,1.693,0.124,2.972,9.407,5.954,0.68,0.158,0.275182,104.032858,1.71392,0.511026,1,2,2,2036.110268
HD 149661_2,HD 149661,2.991,0.073,1.285,2.935,9.894,0.87,0.462,,,2.906784,0.109405,0,0,2,2036.111638
HD 149661_3,HD 149661,2.364,0.065,0.7,0.315,9.894,0.87,0.462,,,2.51734,0.059792,0,0,2,2036.111638
HD 149661_5,HD 149661,3.155,0.051,2.936,7.428,9.894,0.87,0.462,,,3.123312,0.078843,0,1,2,2036.111638
HD 26965 A_1,HD 26965 A,0.482,0.058,1.38,2.403,5.01,0.86,0.41,,,0.502045,0.03596,0,1,4,2036.115864
HD 26965 A_2,HD 26965 A,0.345,0.049,0.5,0.06,5.01,0.86,0.41,,,0.338788,0.319975,0,0,4,2036.115864
HD 100623 A_0,HD 100623 A,4.014,0.105,2.503,8.448,9.559,0.88,0.37,,,4.042843,0.225625,0,1,2,2036.117233
HD 100623 A_2,HD 100623 A,0.102,0.086,0.559,0.245,9.559,0.88,0.37,,,0.098118,0.168513,0,0,2,2036.117233
HD 100623 A_3,HD 100623 A,4.384,0.075,1.441,2.214,9.559,0.88,0.37,,,4.709774,0.963268,0,0,2,2036.117233
HD 100623 A_4,HD 100623 A,2.524,0.072,0.66,0.613,9.559,0.88,0.37,,,2.685598,0.154646,0,0,2,2036.117233
HD 100623 A_5,HD 100623 A,4.18,0.038,0.734,0.337,9.559,0.88,0.37,,,4.066257,0.670109,0,0,2,2036.117233
HD 100623 A_6,HD 100623 A,0.362,0.165,0.555,0.359,9.559,0.88,0.37,,,0.317337,0.777036,0,0,2,2036.117233
HD 100623 A_7,HD 100623 A,4.073,0.068,1.365,1.972,9.559,0.88,0.37,,,3.819094,0.232911,0,0,2,2036.117233
HD 216803_1,HD 216803,3.539,0.087,2.035,5.879,7.601,0.72,0.196,,,3.639263,0.390561,0,1,2,2036.118603
HD 216803_3,HD 216803,0.104,0.044,0.893,0.284,7.601,0.72,0.196,,,0.10109,0.188212,0,0,2,2036.118603
HD 216803_4,HD 216803,2.738,0.038,2.631,12.08,7.601,0.72,0.196,0.375083,357.320866,2.841706,0.362206,1,2,2,2036.118603
HD 216803_5,HD 216803,0.109,0.06,0.686,0.431,7.601,0.72,0.196,,,0.1148,0.315697,0,0,2,2036.118603
HD 216803_6,HD 216803,0.431,0.071,1.431,2.693,7.601,0.72,0.196,,,0.439527,0.091461,0,0,2,2036.118603
HD 37394_0,HD 37394,1.839,0.051,0.552,0.164,12.27,0.88,0.478,,,1.748638,0.001493,0,0,2,2036.119973
HD 37394_1,HD 37394,0.501,0.058,1.934,5.969,12.27,0.88,0.478,,,0.521463,0.661993,0,0,2,2036.119973
HD 37394_3,HD 37394,1.245,0.044,1.502,2.038,12.27,0.88,0.478,,,1.199179,0.042027,0,1,2,2036.119973
HD 37394_5,HD 37394,0.152,0.102,1.111,1.488,12.27,0.88,0.478,,,0.164045,0.162898,0,0,2,2036.119973
HD 37394_9,HD 37394,0.863,0.077,0.726,0.552,12.27,0.88,0.478,,,0.878337,0.106511,0,0,2,2036.119973
HD 37394_10,HD 37394,0.093,0.059,3.205,15.21,12.27,0.88,0.478,,,0.09386,0.982233,0,0,2,2036.119973
HD 37394_11,HD 37394,1.171,0.065,2.415,5.91,12.27,0.88,0.478,0.087836,124.43096,1.117204,0.20084,1,2,2,2036.119973
HD 37394_15,HD 37394,0.222,0.142,1.093,0.563,12.27,0.88,0.478,,,0.237972,0.537789,0,0,2,2036.119973
HD 37394_16,HD 37394,2.623,0.055,2.621,9.008,12.27,0.88,0.478,,,2.485523,0.005109,0,1,2,2036.119973
HD 95735_0,HD 95735,0.673,0.041,0.901,1.876,2.546,0.44,0.02,,,0.700441,0.013667,0,1,2,2036.122014
HD 95735_2,HD 95735,0.392,0.078,0.638,0.252,2.546,0.44,0.02,,,0.396174,0.023854,0,1,2,2036.122014
HD 95735_3,HD 95735,0.164,0.146,0.847,1.655,2.546,0.44,0.02,,,0.152537,0.455709,0,0,2,2036.122014
HD 95735_4,HD 95735,2.481,0.023,1.454,2.402,2.546,0.44,0.02,,,2.448598,0.190443,0,1,2,2036.122014
HD 95735_6,HD 95735,0.163,0.047,1.008,2.764,2.546,0.44,0.02,,,0.15615,0.673927,0,0,2,2036.122014
HD 217987_0,HD 217987,3.278,0.032,3.1,17.272,3.287,0.49,0.036,0.975899,150.286894,3.338484,0.193491,1,2,2,2036.124124
HD 217987_1,HD 217987,0.104,0.158,2.049,6.333,3.287,0.49,0.036,,,0.108337,0.101079,0,0,2,2036.124124
HD 165341 B_1,HD 165341 B,1.256,0.089,0.5,0.053,5.122,0.78,0.164,,,1.21682,0.742976,0,0,4,2036.125494
HD 165341 B_2,HD 165341 B,4.082,0.042,1.247,0.85,5.122,0.78,0.164,,,4.253061,0.126122,0,0,4,2036.125494
HD 165341 B_3,HD 165341 B,0.1,0.077,0.528,0.124,5.122,0.78,0.164,,,0.093913,0.007748,0,0,4,2036.125494
HD 165341 B_4,HD 165341 B,0.76,0.117,1.137,2.374,5.122,0.78,0.164,0.120585,74.886923,0.685589,0.582744,1,2,4,2036.125494
HD 65907 A_0,HD 65907 A,0.584,0.099,0.585,0.122,16.172,1.11,1.29,,,0.63405,0.017515,0,0,4,2036.131274
HD 65907 A_1,HD 65907 A,1.316,0.075,0.982,3.131,16.172,1.11,1.29,,,1.333166,0.092963,0,0,4,2036.131274
HD 65907 A_2,HD 65907 A,1.009,0.058,1.202,5.136,16.172,1.11,1.29,,,0.955335,0.484295,0,0,4,2036.131274
HD 190360_0,HD 190360,0.922,0.17,1.79,3.759,16.003,0.96,1.165,,,0.906259,0.946933,0,0,4,2036.134809
HD 190360_1,HD 190360,3.764,0.081,1.071,1.582,16.003,0.96,1.165,,,3.876934,0.180526,0,0,4,2036.134809
HD 190360_3,HD 190360,3.632,0.139,2.733,10.267,16.003,0.96,1.165,,,4.136336,0.253567,0,0,4,2036.134809
HD 190360_4,HD 190360,1.735,0.021,0.534,0.045,16.003,0.96,1.165,,,1.706272,0.289831,0,0,4,2036.134809
HD 190360_5,HD 190360,0.581,0.08,1.934,2.88,16.003,0.96,1.165,,,0.55516,0.430776,0,0,4,2036.134809
HD 3651 A_0,HD 3651 A,0.818,0.09,1.086,0.195,11.108,0.86,0.532,,,0.844192,0.712175,0,0,6,2036.152014
HD 3651 A_3,HD 3651 A,0.106,0.12,3.284,8.237,11.108,0.86,0.532,,,0.094197,0.768118,0,0,6,2036.152014
HD 3651 A_5,HD 3651 A,0.552,0.025,0.534,0.148,11.108,0.86,0.532,,,0.54118,0.11298,0,0,6,2036.152014
HD 202560_0,HD 202560,0.846,0.075,1.59,2.013,3.97,0.59,0.083,,,0.803057,0.939174,0,3,4,2036.153383
HD 202560_1,HD 202560,0.552,0.052,0.674,0.125,3.97,0.59,0.083,0.135025,28.607788,0.528535,0.243983,1,4,4,2036.153383
HD 202560_3,HD 202560,0.867,0.117,1.589,3.604,3.97,0.59,0.083,0.239719,80.187221,0.955191,0.438346,1,4,4,2036.153383
HD 202560_4,HD 202560,2.302,0.14,0.558,0.251,3.97,0.59,0.083,,,1.9845,0.322308,0,0,4,2036.153383
HD 202560_5,HD 202560,3.244,0.082,0.847,0.372,3.97,0.59,0.083,,,3.504501,0.135078,0,0,4,2036.153383
HD 202560_6,HD 202560,0.414,0.085,0.785,0.225,3.97,0.59,0.083,0.114946,309.159191,0.449007,0.373152,1,4,4,2036.153383
HD 190248_1,HD 190248,1.11,0.055,1.408,3.629,6.099,0.94,1.25,0.148244,199.080858,1.170153,0.703235,1,2,3,2036.154753
HD 190248_2,HD 190248,3.754,0.072,1.017,1.24,6.099,0.94,1.25,,,4.005663,0.416032,0,0,3,2036.154753
HD 190248_3,HD 190248,1.406,0.139,0.51,0.568,6.099,0.94,1.25,0.112991,88.829224,1.217653,0.854837,1,1,3,2036.154753
HD 17925_0,HD 17925,1.472,0.037,0.676,0.068,10.361,0.82,0.401,,,1.419109,0.554406,0,0,7,2036.156123
HD 17925_2,HD 17925,0.735,0.099,0.938,0.945,10.361,0.82,0.401,,,0.776835,0.988184,0,0,7,2036.156123
HD 17925_3,HD 17925,0.561,0.086,1.065,2.041,10.361,0.82,0.401,,,0.607618,0.64681,0,0,7,2036.156123
HD 17925_4,HD 17925,0.848,0.062,1.424,1.901,10.361,0.82,0.401,,,0.900569,0.586503,0,0,7,2036.156123
HD 17925_6,HD 17925,3.618,0.076,0.719,0.216,10.361,0.82,0.401,,,3.826363,0.132479,0,0,7,2036.156123
HD 156274 A_3,HD 156274 A,4.433,0.138,1.608,3.519,8.791,0.9,0.452,,,5.033189,0.058515,0,0,7,2036.159712
HD 102365_0,HD 102365,1.154,0.024,2.235,11.472,9.319,1.02,0.844,0.123889,269.318985,1.132746,0.324858,1,3,3,2036.161082
HD 102365_1,HD 102365,4.021,0.031,1.113,0.834,9.319,1.02,0.844,,,4.105197,0.058649,0,0,3,2036.161082
HD 102365_2,HD 102365,0.113,0.031,0.976,0.303,9.319,1.02,0.844,,,0.111121,0.203479,0,0,3,2036.161082
HD 17206_0,HD 17206,1.742,0.09,0.885,1.25,14.276,1.21,2.617,,,1.769689,0.402617,0,0,3,2036.167354
HD 17206_1,HD 17206,0.879,0.039,2.253,5.781,14.276,1.21,2.617,,,0.845258,0.912915,0,0,3,2036.167354
HD 17206_2,HD 17206,0.485,0.035,0.762,0.888,14.276,1.21,2.617,,,0.495674,0.566781,0,0,3,2036.167354
HD 20630_1,HD 20630,0.648,0.142,1.547,4.726,9.276,0.98,0.857,,,0.570643,0.164425,0,0,5,2036.171452
HD 20630_5,HD 20630,1.387,0.083,0.621,0.63,9.276,0.98,0.857,,,1.446165,0.253339,0,0,5,2036.171452
HD 203608_0,HD 203608,2.203,0.092,1.79,3.488,9.258,1.14,1.466,,,2.379857,0.075571,0,1,3,2036.182841
HD 203608_1,HD 203608,2.342,0.1,0.502,0.104,9.258,1.14,1.466,,,2.118355,0.065244,0,0,3,2036.182841
HD 203608_2,HD 203608,2.74,0.062,1.086,1.189,9.258,1.14,1.466,,,2.602876,0.082719,0,1,3,2036.182841
HD 203608_5,HD 203608,4.293,0.038,0.929,0.698,9.258,1.14,1.466,,,4.447514,0.005136,0,0,3,2036.182841
HD 203608_6,HD 203608,0.526,0.072,0.985,0.486,9.258,1.14,1.466,,,0.490768,0.321174,0,0,3,2036.182841
HD 128621_0,HD 128621,0.181,0.076,0.591,0.281,1.332,0.94,0.503,0.094543,179.829486,0.170944,0.048855,1,3,3,2036.18421
HD 128621_1,HD 128621,3.969,0.152,0.756,0.624,1.332,0.94,0.503,,,4.212504,0.570702,0,0,3,2036.18421
HD 128621_3,HD 128621,4.377,0.084,0.667,0.424,1.332,0.94,0.503,,,4.744085,0.004998,0,0,3,2036.18421
HD 128621_4,HD 128621,1.135,0.055,1.179,1.502,1.332,0.94,0.503,0.808542,34.244658,1.129837,0.495893,1,2,3,2036.18421
HD 20794_0,HD 20794,4.322,0.17,2.962,5.742,6.041,0.97,0.654,,,3.994165,0.10313,0,0,6,2036.194848
HD 20794_1,HD 20794,2.398,0.095,1.302,2.525,6.041,0.97,0.654,,,2.609744,0.541422,0,0,6,2036.194848
HD 140538 A_0,HD 140538 A,2.088,0.047,0.685,0.069,14.793,0.94,0.834,,,2.115579,0.114489,0,0,5,2036.197961
HD 140538 A_1,HD 140538 A,0.512,0.053,2.798,18.338,14.793,0.94,0.834,,,0.537507,0.439058,0,0,5,2036.197961
HD 140538 A_2,HD 140538 A,4.137,0.053,0.916,0.304,14.793,0.94,0.834,,,3.959048,0.8767,0,0,5,2036.197961
HD 10700_0,HD 10700,1.625,0.099,0.563,0.087,3.652,0.94,0.506,,,1.561211,0.173684,0,0,7,2036.199331
HD 33262 A_0,HD 33262 A,4.098,0.155,0.949,0.422,11.693,1.14,1.466,,,4.728024,0.023525,0,0,4,2036.200701
HD 33262 A_1,HD 33262 A,3.3,0.062,1.368,1.583,11.693,1.14,1.466,,,3.216283,0.096033,0,0,4,2036.200701
HD 33262 A_2,HD 33262 A,3.337,0.087,0.965,0.502,11.693,1.14,1.466,,,3.619494,0.199798,0,0,4,2036.200701
HD 33262 A_4,HD 33262 A,1.015,0.091,2.255,9.306,11.693,1.14,1.466,0.084847,357.15332,1.064343,0.412624,1,1,4,2036.200701
HD 33262 A_5,HD 33262 A,0.358,0.206,1.487,2.029,11.693,1.14,1.466,,,0.323158,0.900326,0,0,4,2036.200701
HD 33262 A_6,HD 33262 A,0.874,0.139,0.646,0.257,11.693,1.14,1.466,,,0.934707,0.899907,0,0,4,2036.200701
HD 33262 A_8,HD 33262 A,0.199,0.101,2.893,13.631,11.693,1.14,1.466,,,0.179107,0.781273,0,0,4,2036.200701
HD 10361_1,HD 10361,0.761,0.025,1.303,2.715,8.197,0.77,0.304,0.087416,21.143944,0.759897,0.227058,1,3,3,2036.210016
HD 10361_2,HD 10361,0.985,0.066,0.785,0.596,8.197,0.77,0.304,,,0.981029,0.160818,0,0,3,2036.210016
HD 10361_3,HD 10361,1.525,0.07,0.586,0.784,8.197,0.77,0.304,,,1.43176,0.0901,0,0,3,2036.210016
HD 10361_4,HD 10361,4.037,0.084,0.501,0.084,8.197,0.77,0.304,,,4.163968,0.137741,0,0,3,2036.210016
HD 55575_0,HD 55575,1.084,0.09,0.727,0.186,16.852,1.14,1.463,,,1.057211,0.725038,0,0,4,2036.212898
HD 55575_1,HD 55575,0.133,0.053,0.578,0.677,16.852,1.14,1.463,,,0.132991,0.74912,0,0,4,2036.212898
HD 10476_0,HD 10476,0.171,0.07,0.738,0.088,7.644,0.85,0.454,,,0.172377,0.038839,0,0,7,2036.216189
HD 43386_0,HD 43386,2.541,0.037,0.504,0.177,19.588,1.33,2.957,,,2.512636,0.649331,0,0,3,2036.223818
HD 43386_1,HD 43386,1.141,0.101,1.584,2.873,19.588,1.33,2.957,,,1.255165,0.024643,0,0,3,2036.223818
HD 43386_3,HD 43386,0.289,0.045,1.072,0.429,19.588,1.33,2.957,,,0.299773,0.373708,0,0,3,2036.223818
HD 43042_0,HD 43042,4.095,0.078,0.558,0.185,21.776,1.29,2.936,,,3.826624,0.632188,0,0,3,2036.243283
HD 43042_1,HD 43042,0.434,0.11,0.533,0.05,21.776,1.29,2.936,,,0.464209,0.030553,0,0,3,2036.243283
HD 43042_3,HD 43042,0.724,0.14,0.733,0.758,21.776,1.29,2.936,,,0.749465,0.475271,0,0,3,2036.243283
HD 72905_1,HD 72905,0.661,0.069,0.5,0.051,14.439,1.08,0.973,,,0.674853,0.183717,0,0,5,2036.246234
HD 72905_3,HD 72905,0.899,0.099,2.776,19.234,14.439,1.08,0.973,,,0.951495,0.032809,0,0,5,2036.246234
HD 72905_4,HD 72905,0.923,0.214,1.407,2.24,14.439,1.08,0.973,,,1.120357,0.12601,0,0,5,2036.246234
HD 72905_5,HD 72905,3.175,0.086,0.525,0.068,14.439,1.08,0.973,,,3.311635,0.618296,0,0,5,2036.246234
HD 210302_0,HD 210302,0.937,0.087,1.293,2.482,18.458,1.25,2.918,,,0.935789,0.157247,0,0,3,2036.247604
HD 210302_1,HD 210302,0.316,0.034,0.672,0.291,18.458,1.25,2.918,,,0.324519,0.693841,0,0,3,2036.247604
HD 210302_2,HD 210302,0.162,0.125,0.82,0.565,18.458,1.25,2.918,,,0.143715,0.144392,0,0,3,2036.247604
HD 210302_3,HD 210302,0.925,0.123,2.909,15.97,18.458,1.25,2.918,,,0.84668,0.878868,0,0,3,2036.247604
HD 210302_4,HD 210302,1.629,0.122,1.727,5.061,18.458,1.25,2.918,,,1.789787,0.103604,0,0,3,2036.247604
HD 128167_0,HD 128167,1.283,0.14,1.15,1.29,15.756,1.39,3.182,,,1.104914,0.465294,0,0,3,2036.251921
HD 128167_2,HD 128167,3.433,0.063,1.328,2.483,15.756,1.39,3.182,,,3.550929,0.702871,0,0,3,2036.251921
HD 128167_3,HD 128167,4.878,0.117,2.132,5.678,15.756,1.39,3.182,,,5.086424,0.690488,0,0,3,2036.251921
HD 128167_4,HD 128167,1.323,0.044,1.923,2.477,15.756,1.39,3.182,,,1.367712,0.097156,0,0,3,2036.251921
HD 90839_0,HD 90839,3.665,0.022,0.781,0.186,12.945,1.18,1.605,,,3.693718,0.02418,0,0,4,2036.256968
HD 90839_1,HD 90839,0.191,0.094,1.403,2.751,12.945,1.18,1.605,,,0.183563,0.738815,0,0,4,2036.256968
HD 90839_2,HD 90839,3.378,0.112,1.125,1.619,12.945,1.18,1.605,,,3.708575,0.375977,0,0,4,2036.256968
HD 90839_5,HD 90839,0.15,0.051,2.273,4.226,12.945,1.18,1.605,,,0.154786,0.743881,0,0,4,2036.256968
HD 4391_0,HD 4391,0.363,0.182,1.471,1.692,15.049,0.98,0.923,,,0.33906,0.792404,0,0,5,2036.258759
HD 4391_1,HD 4391,1.544,0.114,0.614,0.159,15.049,0.98,0.923,,,1.64111,0.188719,0,0,5,2036.258759
HD 4391_2,HD 4391,0.361,0.058,0.863,0.256,15.049,0.98,0.923,,,0.378534,0.662814,0,0,5,2036.258759
HD 4391_3,HD 4391,0.102,0.064,0.942,1.344,15.049,0.98,0.923,,,0.107755,0.552501,0,0,5,2036.258759
HD 4391_4,HD 4391,0.526,0.038,2.712,11.881,15.049,0.98,0.923,,,0.527081,0.793547,0,0,5,2036.258759
HD 201091_1,HD 201091,1.051,0.108,0.699,0.293,3.497,0.68,0.142,,,1.140193,0.237612,0,1,4,2036.265895
HD 201091_2,HD 201091,2.964,0.153,0.94,0.359,3.497,0.68,0.142,,,2.637802,0.422826,0,0,4,2036.265895
HD 201091_4,HD 201091,2.241,0.067,3.013,8.159,3.497,0.68,0.142,0.601663,175.710785,2.139243,0.43446,1,1,4,2036.265895
HD 142860_0,HD 142860,0.405,0.081,2.385,6.459,11.254,1.25,3.039,,,0.379553,0.887724,0,0,3,2036.27123
HD 142860_2,HD 142860,3.184,0.073,1.146,0.989,11.254,1.25,3.039,,,3.408941,0.273487,0,0,3,2036.27123
HD 142860_3,HD 142860,0.465,0.068,1.963,1.786,11.254,1.25,3.039,,,0.482845,0.158215,0,0,3,2036.27123
HD 142860_5,HD 142860,0.92,0.074,2.443,8.017,11.254,1.25,3.039,,,0.967577,0.928171,0,0,3,2036.27123
HD 142860_6,HD 142860,0.627,0.092,3.102,5.436,11.254,1.25,3.039,,,0.659055,0.027445,0,0,3,2036.27123
HD 39091_1,HD 39091,3.12,0.028,1.191,1.952,18.287,1.08,1.533,,,3.062608,0.158684,0,0,4,2036.291025
HD 39091_2,HD 39091,2.865,0.029,0.677,0.089,18.287,1.08,1.533,,,2.894821,0.494894,0,0,4,2036.291025
HD 39091_3,HD 39091,3.55,0.072,1.069,0.919,18.287,1.08,1.533,,,3.799764,0.842867,0,0,4,2036.291025
HD 39091_4,HD 39091,4.534,0.027,1.234,1.811,18.287,1.08,1.533,,,4.620052,0.255703,0,0,4,2036.291025
HD 39091_5,HD 39091,1.437,0.051,1.31,1.974,18.287,1.08,1.533,,,1.464878,0.218112,0,0,4,2036.291025
HD 39091_6,HD 39091,0.67,0.012,2.604,6.457,18.287,1.08,1.533,,,0.674121,0.079071,0,0,4,2036.291025
HD 155886_1,HD 155886,0.511,0.064,0.698,0.549,5.952,0.85,0.327,0.085023,189.330867,0.527419,0.232275,1,3,4,2036.293338
HD 155886_2,HD 155886,0.232,0.069,1.589,4.704,5.952,0.85,0.327,,,0.236403,0.597993,0,0,4,2036.293338
HD 155886_3,HD 155886,1.253,0.044,2.915,7.774,5.952,0.85,0.327,0.156286,219.30197,1.206218,0.704046,1,4,4,2036.293338
HD 155886_4,HD 155886,0.305,0.028,0.94,0.937,5.952,0.85,0.327,,,0.29656,0.393864,0,0,4,2036.293338
HD 155886_5,HD 155886,0.201,0.128,1.339,2.779,5.952,0.85,0.327,,,0.19907,0.027709,0,0,4,2036.293338
HD 155886_6,HD 155886,0.316,0.044,0.948,1.735,5.952,0.85,0.327,,,0.304265,0.395928,0,0,4,2036.293338
HD 155886_7,HD 155886,0.59,0.079,3.352,16.163,5.952,0.85,0.327,0.087579,110.027394,0.56442,0.171715,1,4,4,2036.293338
HD 155886_8,HD 155886,3.879,0.087,2.635,16.445,5.952,0.85,0.327,,,3.891296,0.331648,0,0,4,2036.293338
HD 147513_0,HD 147513,1.541,0.04,0.645,0.152,12.892,1.07,1.001,,,1.494563,0.085889,0,0,4,2036.297448
HD 147513_1,HD 147513,1.513,0.099,0.537,0.038,12.892,1.07,1.001,,,1.394273,0.180955,0,0,4,2036.297448
HD 147513_2,HD 147513,4.633,0.075,1.379,7.403,12.892,1.07,1.001,,,4.305749,0.68477,0,0,4,2036.297448
HD 147513_4,HD 147513,0.196,0.111,0.74,0.096,12.892,1.07,1.001,,,0.210393,0.582479,0,0,4,2036.297448
HD 147513_5,HD 147513,4.52,0.075,0.624,0.254,12.892,1.07,1.001,,,4.394013,0.146421,0,0,4,2036.297448
HD 147513_6,HD 147513,1.743,0.075,1.796,2.912,12.892,1.07,1.001,,,1.870811,0.08786,0,2,4,2036.297448
HD 147513_7,HD 147513,2.47,0.028,0.667,0.174,12.892,1.07,1.001,,,2.479209,0.744974,0,0,4,2036.297448
HD 84737_0,HD 84737,0.596,0.087,1.352,1.551,18.823,1.08,2.795,,,0.647457,0.121248,0,0,3,2036.304964
HD 84737_1,HD 84737,3.025,0.071,1.189,1.926,18.823,1.08,2.795,,,2.961949,0.026828,0,0,3,2036.304964
HD 84737_2,HD 84737,1.078,0.014,1.079,0.698,18.823,1.08,2.795,,,1.062912,0.313276,0,0,3,2036.304964
HD 84737_3,HD 84737,3.774,0.025,0.833,0.848,18.823,1.08,2.795,,,3.770514,0.013122,0,0,3,2036.304964
HD 84737_4,HD 84737,0.254,0.074,3.133,13.741,18.823,1.08,2.795,,,0.257473,0.391764,0,0,3,2036.304964
HD 84737_5,HD 84737,2.993,0.205,0.508,0.086,18.823,1.08,2.795,,,3.606283,0.64464,0,0,3,2036.304964
HD 95128_1,HD 95128,2.285,0.074,0.586,0.282,13.887,1.07,1.577,,,2.34671,0.014022,0,0,4,2036.306334
HD 95128_2,HD 95128,4.586,0.035,0.538,0.083,13.887,1.07,1.577,,,4.743931,0.002642,0,0,4,2036.306334
HD 95128_3,HD 95128,0.343,0.031,2.771,10.086,13.887,1.07,1.577,,,0.341323,0.637029,0,0,4,2036.306334
HD 95128_4,HD 95128,2.15,0.173,1.218,6.511,13.887,1.07,1.577,,,1.820294,0.220365,0,0,4,2036.306334
HD 95128_5,HD 95128,0.6,0.105,2.299,8.137,13.887,1.07,1.577,,,0.652426,0.58584,0,0,4,2036.306334
HD 95128_6,HD 95128,0.335,0.024,2.419,8.582,13.887,1.07,1.577,,,0.329785,0.676075,0,0,4,2036.306334
HD 95128_7,HD 95128,0.847,0.089,1.394,3.129,13.887,1.07,1.577,,,0.909337,0.603951,0,0,4,2036.306334
HD 95128_8,HD 95128,0.588,0.034,2.182,8.46,13.887,1.07,1.577,,,0.57645,0.758596,0,0,4,2036.306334
HD 134083_0,HD 134083,0.116,0.07,1.9,7.058,19.536,1.33,3.255,,,0.108147,0.555884,0,0,3,2036.307704
HD 134083_1,HD 134083,0.36,0.097,1.358,2.746,19.536,1.33,3.255,,,0.344752,0.501805,0,0,3,2036.307704
HD 134083_3,HD 134083,0.749,0.13,0.881,0.684,19.536,1.33,3.255,,,0.746191,0.690605,0,0,3,2036.307704
HD 134083_4,HD 134083,0.959,0.114,0.591,0.338,19.536,1.33,3.255,,,0.914503,0.394846,0,0,3,2036.307704
HD 17925_0,HD 17925,1.472,0.037,0.676,0.068,10.361,0.82,0.401,,,1.420421,0.605126,0,0,8,2036.327935
HD 17925_2,HD 17925,0.735,0.099,0.938,0.945,10.361,0.82,0.401,,,0.675267,0.276706,0,0,8,2036.327935
HD 17925_3,HD 17925,0.561,0.086,1.065,2.041,10.361,0.82,0.401,,,0.542495,0.46985,0,0,8,2036.327935
HD 17925_4,HD 17925,0.848,0.062,1.424,1.901,10.361,0.82,0.401,,,0.868205,0.959678,0,0,8,2036.327935
HD 17925_6,HD 17925,3.618,0.076,0.719,0.216,10.361,0.82,0.401,,,3.848453,0.109599,0,0,8,2036.327935
HD 156274 A_3,HD 156274 A,4.433,0.138,1.608,3.519,8.791,0.9,0.452,,,5.042056,0.042619,0,0,8,2036.339117
HD 22484_0,HD 22484,0.838,0.146,1.142,1.607,13.92,1.14,3.068,,,0.917949,0.071034,0,0,3,2036.343405
HD 22484_1,HD 22484,1.12,0.109,1.996,7.679,13.92,1.14,3.068,,,1.240201,0.005433,0,0,3,2036.343405
HD 22484_2,HD 22484,0.469,0.117,1.765,3.166,13.92,1.14,3.068,,,0.460884,0.410147,0,0,3,2036.343405
HD 22484_5,HD 22484,4.456,0.081,0.516,0.034,13.92,1.14,3.068,,,4.147094,0.13811,0,0,3,2036.343405
HD 22484_7,HD 22484,3.201,0.074,0.943,1.501,13.92,1.14,3.068,,,3.142682,0.631607,0,0,3,2036.343405
HD 20766_0,HD 20766,1.336,0.161,1.674,3.092,12.045,1.01,0.794,,,1.530324,0.084682,0,2,3,2036.344775
HD 20766_1,HD 20766,0.327,0.097,2.659,6.922,12.045,1.01,0.794,,,0.353515,0.972389,0,0,3,2036.344775
HD 20766_4,HD 20766,1.915,0.031,0.912,0.441,12.045,1.01,0.794,,,1.948111,0.014421,0,1,3,2036.344775
HD 156026_0,HD 156026,3.18,0.093,3.171,14.895,5.954,0.68,0.158,0.334889,140.862635,3.474059,0.84557,1,3,3,2036.353413
HD 156026_1,HD 156026,0.564,0.081,0.509,0.042,5.954,0.68,0.158,0.079884,335.487723,0.535735,0.196978,1,2,3,2036.353413
HD 156026_2,HD 156026,0.423,0.044,0.607,0.379,5.954,0.68,0.158,,,0.41076,0.822177,0,0,3,2036.353413
HD 156026_3,HD 156026,1.001,0.06,2.318,7.224,5.954,0.68,0.158,0.156026,60.132752,1.031929,0.568341,1,3,3,2036.353413
HD 156026_5,HD 156026,1.693,0.124,2.972,9.407,5.954,0.68,0.158,0.272598,74.322012,1.594964,0.334141,1,3,3,2036.353413
HD 3651 A_0,HD 3651 A,0.818,0.09,1.086,0.195,11.108,0.86,0.532,,,0.888022,0.198094,0,0,7,2036.359403
HD 3651 A_3,HD 3651 A,0.106,0.12,3.284,8.237,11.108,0.86,0.532,,,0.118193,0.25027,0,0,7,2036.359403
HD 3651 A_5,HD 3651 A,0.552,0.025,0.534,0.148,11.108,0.86,0.532,,,0.564428,0.470887,0,0,7,2036.359403
HD 30495_0,HD 30495,1.934,0.08,0.989,1.288,13.24,1.04,0.966,,,1.7793,0.017453,0,1,3,2036.360772
HD 30495_2,HD 30495,0.416,0.06,1.179,0.557,13.24,1.04,0.966,,,0.391184,0.938254,0,0,3,2036.360772
HD 30495_3,HD 30495,1.848,0.089,0.623,0.48,13.24,1.04,0.966,,,1.936107,0.017953,0,0,3,2036.360772
HD 17051_0,HD 17051,1.593,0.055,0.8,0.166,17.357,1.14,1.737,,,1.518766,0.001337,0,0,4,2036.362142
HD 17051_1,HD 17051,2.146,0.107,1.035,0.971,17.357,1.14,1.737,,,2.120906,0.080118,0,0,4,2036.362142
HD 17051_2,HD 17051,4.311,0.108,1.302,2.591,17.357,1.14,1.737,,,3.943996,0.098878,0,0,4,2036.362142
HD 109358_0,HD 109358,0.599,0.064,0.661,0.193,8.473,1.08,1.151,,,0.637271,0.240675,0,0,5,2036.364389
HD 109358_1,HD 109358,0.313,0.024,1.946,4.835,8.473,1.08,1.151,,,0.306789,0.106744,0,0,5,2036.364389
HD 109358_3,HD 109358,0.172,0.066,1.409,1.609,8.473,1.08,1.151,,,0.164364,0.687694,0,0,5,2036.364389
HD 109358_4,HD 109358,1.488,0.078,0.58,0.237,8.473,1.08,1.151,,,1.404866,0.083494,0,0,5,2036.364389
HD 109358_5,HD 109358,3.968,0.05,3.285,25.806,8.473,1.08,1.151,,,3.826011,0.003657,0,0,5,2036.364389
HD 128620_0,HD 128620,1.567,0.074,0.945,0.738,1.332,1.11,1.521,,,1.570779,0.319771,0,1,3,2036.365759
HD 128620_1,HD 128620,1.266,0.016,1.198,6.221,1.332,1.11,1.521,0.779885,100.975349,1.271671,0.659469,1,2,3,2036.365759
HD 146233_0,HD 146233,0.356,0.047,2.679,8.19,14.137,1.02,1.094,,,0.356866,0.84425,0,0,5,2036.377912
HD 146233_1,HD 146233,0.206,0.044,2.032,3.376,14.137,1.02,1.094,,,0.204358,0.510636,0,0,5,2036.377912
HD 146233_4,HD 146233,0.539,0.141,1.433,3.682,14.137,1.02,1.094,,,0.612036,0.931869,0,0,5,2036.377912
HD 10700_0,HD 10700,1.625,0.099,0.563,0.087,3.652,0.94,0.506,,,1.488984,0.268421,0,0,8,2036.390382
HD 185144_1,HD 185144,0.747,0.07,0.5,0.019,5.764,0.87,0.434,,,0.696741,0.153443,0,2,6,2036.398669
HD 185144_3,HD 185144,0.688,0.135,2.317,4.389,5.764,0.87,0.434,,,0.721493,0.807629,0,4,6,2036.398669
HD 32147_1,HD 32147,0.121,0.122,1.044,1.526,8.844,0.75,0.29,,,0.135011,0.67327,0,0,4,2036.400741
HD 32147_2,HD 32147,3.272,0.062,1.942,2.786,8.844,0.75,0.29,0.211431,253.819821,3.343688,0.843458,1,2,4,2036.400741
HD 10476_0,HD 10476,0.171,0.07,0.738,0.088,7.644,0.85,0.454,,,0.165033,0.662949,0,0,8,2036.402111
HD 20807_0,HD 20807,0.337,0.072,1.793,3.234,12.039,1.07,1.017,,,0.3601,0.259489,0,0,3,2036.403481
HD 20807_1,HD 20807,1.546,0.069,0.954,0.846,12.039,1.07,1.017,0.11627,0.129556,1.595514,0.60557,1,2,3,2036.403481
HD 20807_2,HD 20807,2.979,0.055,2.038,8.298,12.039,1.07,1.017,,,3.138088,0.076205,0,0,3,2036.403481
HD 1581_1,HD 1581,1.541,0.046,2.633,10.663,8.607,1.11,1.262,0.165644,353.458961,1.492345,0.459974,1,2,3,2036.410319
HD 1581_2,HD 1581,0.181,0.101,0.988,1.538,8.607,1.11,1.262,,,0.17069,0.22574,0,0,3,2036.410319
HD 1581_3,HD 1581,1.491,0.126,2.76,10.6,8.607,1.11,1.262,0.188797,130.338869,1.610401,0.384313,1,2,3,2036.410319
HD 1581_4,HD 1581,0.208,0.109,2.378,6.033,8.607,1.11,1.262,,,0.186608,0.125063,0,0,3,2036.410319
HD 20794_0,HD 20794,4.322,0.17,2.962,5.742,6.041,0.97,0.654,,,3.886291,0.149392,0,0,7,2036.422829
HD 20794_1,HD 20794,2.398,0.095,1.302,2.525,6.041,0.97,0.654,0.345907,289.919273,2.625708,0.682941,1,1,7,2036.422829
HD 155886_1,HD 155886,0.511,0.064,0.698,0.549,5.952,0.85,0.327,,,0.479512,0.499155,0,3,5,2036.43815
HD 155886_2,HD 155886,0.232,0.069,1.589,4.704,5.952,0.85,0.327,,,0.247904,0.922967,0,0,5,2036.43815
HD 155886_3,HD 155886,1.253,0.044,2.915,7.774,5.952,0.85,0.327,0.197364,190.122521,1.231646,0.457653,1,5,5,2036.43815
HD 155886_4,HD 155886,0.305,0.028,0.94,0.937,5.952,0.85,0.327,,,0.301812,0.020306,0,0,5,2036.43815
HD 155886_5,HD 155886,0.201,0.128,1.339,2.779,5.952,0.85,0.327,,,0.212372,0.503788,0,0,5,2036.43815
HD 155886_6,HD 155886,0.316,0.044,0.948,1.735,5.952,0.85,0.327,,,0.323588,0.203222,0,0,5,2036.43815
HD 155886_7,HD 155886,0.59,0.079,3.352,16.163,5.952,0.85,0.327,0.102596,2.335021,0.633911,0.202277,1,5,5,2036.43815
HD 155886_8,HD 155886,3.879,0.087,2.635,16.445,5.952,0.85,0.327,,,3.854199,0.352591,0,0,5,2036.43815
HD 131156 A_0,HD 131156 A,0.922,0.01,2.426,6.027,6.754,0.96,0.553,0.139575,35.738376,0.922873,0.302972,1,4,4,2036.443207
HD 131156 A_1,HD 131156 A,1.097,0.147,1.932,4.971,6.754,0.96,0.553,0.127893,300.189791,1.248077,0.765008,1,4,4,2036.443207
HD 37394_0,HD 37394,1.839,0.051,0.552,0.164,12.27,0.88,0.478,,,1.793952,0.060445,0,0,3,2036.444794
HD 37394_1,HD 37394,0.501,0.058,1.934,5.969,12.27,0.88,0.478,,,0.530021,0.765939,0,0,3,2036.444794
HD 37394_3,HD 37394,1.245,0.044,1.502,2.038,12.27,0.88,0.478,,,1.209068,0.041987,0,1,3,2036.444794
HD 37394_5,HD 37394,0.152,0.102,1.111,1.488,12.27,0.88,0.478,,,0.151193,0.040943,0,0,3,2036.444794
HD 37394_9,HD 37394,0.863,0.077,0.726,0.552,12.27,0.88,0.478,,,0.903472,0.19269,0,0,3,2036.444794
HD 37394_10,HD 37394,0.093,0.059,3.205,15.21,12.27,0.88,0.478,,,0.088532,0.653377,0,0,3,2036.444794
HD 37394_11,HD 37394,1.171,0.065,2.415,5.91,12.27,0.88,0.478,0.09542,35.410433,1.221722,0.226714,1,3,3,2036.444794
HD 37394_15,HD 37394,0.222,0.142,1.093,0.563,12.27,0.88,0.478,,,0.22475,0.460451,0,0,3,2036.444794
HD 37394_16,HD 37394,2.623,0.055,2.621,9.008,12.27,0.88,0.478,,,2.520505,0.003214,0,1,3,2036.444794
HD 20630_1,HD 20630,0.648,0.142,1.547,4.726,9.276,0.98,0.857,,,0.736304,0.526991,0,0,6,2036.449247
HD 20630_5,HD 20630,1.387,0.083,0.621,0.63,9.276,0.98,0.857,,,1.330086,0.146149,0,0,6,2036.449247
HD 165499_0,HD 165499,3.777,0.071,0.637,0.161,17.753,1.08,1.731,,,3.866039,0.000893,0,0,3,2036.467923
HD 165499_1,HD 165499,0.192,0.04,0.654,0.106,17.753,1.08,1.731,,,0.198481,0.019512,0,0,3,2036.467923
HD 165499_3,HD 165499,0.221,0.065,0.75,0.229,17.753,1.08,1.731,,,0.235336,0.489716,0,0,3,2036.467923
HD 165499_4,HD 165499,1.569,0.062,3.377,24.497,17.753,1.08,1.731,0.086339,168.945231,1.559358,0.217097,1,2,3,2036.467923
HD 26965 A_1,HD 26965 A,0.482,0.058,1.38,2.403,5.01,0.86,0.41,,,0.501592,0.036478,0,1,5,2036.475489
HD 26965 A_2,HD 26965 A,0.345,0.049,0.5,0.06,5.01,0.86,0.41,,,0.33727,0.528816,0,0,5,2036.475489
HD 140538 A_0,HD 140538 A,2.088,0.047,0.685,0.069,14.793,0.94,0.834,,,2.061072,0.015369,0,0,6,2036.476859
HD 140538 A_1,HD 140538 A,0.512,0.053,2.798,18.338,14.793,0.94,0.834,,,0.501586,0.936576,0,0,6,2036.476859
HD 140538 A_2,HD 140538 A,4.137,0.053,0.916,0.304,14.793,0.94,0.834,,,3.93611,0.93002,0,0,6,2036.476859
HD 84117_2,HD 84117,0.48,0.183,0.807,0.707,14.951,1.14,1.977,,,0.541,0.307947,0,0,4,2036.478229
HD 84117_3,HD 84117,2.469,0.127,0.583,0.157,14.951,1.14,1.977,,,2.215679,0.602138,0,0,4,2036.478229
HD 84117_5,HD 84117,2.421,0.095,0.605,0.239,14.951,1.14,1.977,,,2.227008,0.307166,0,0,4,2036.478229
HD 65907 A_0,HD 65907 A,0.584,0.099,0.585,0.122,16.172,1.11,1.29,,,0.587986,0.201776,0,0,5,2036.485991
HD 65907 A_1,HD 65907 A,1.316,0.075,0.982,3.131,16.172,1.11,1.29,,,1.414388,0.014619,0,0,5,2036.485991
HD 65907 A_2,HD 65907 A,1.009,0.058,1.202,5.136,16.172,1.11,1.29,,,1.062571,0.164701,0,0,5,2036.485991
HD 7570_0,HD 7570,3.031,0.054,1.134,3.652,15.261,1.14,2.004,,,2.897723,0.229694,0,0,3,2036.487361
HD 7570_1,HD 7570,0.15,0.071,0.941,0.218,15.261,1.14,2.004,,,0.160157,0.071039,0,0,3,2036.487361
HD 7570_2,HD 7570,1.977,0.063,1.73,3.716,15.261,1.14,2.004,0.132747,310.028153,2.027288,0.340619,1,2,3,2036.487361
HD 7570_3,HD 7570,3.034,0.079,1.364,1.913,15.261,1.14,2.004,,,2.92683,0.467631,0,0,3,2036.487361
HD 7570_4,HD 7570,0.569,0.099,0.726,0.483,15.261,1.14,2.004,,,0.516832,0.500225,0,0,3,2036.487361
HD 190360_0,HD 190360,0.922,0.17,1.79,3.759,16.003,0.96,1.165,,,0.883661,0.004121,0,0,5,2036.488731
HD 190360_1,HD 190360,3.764,0.081,1.071,1.582,16.003,0.96,1.165,,,3.952444,0.17312,0,0,5,2036.488731
HD 190360_3,HD 190360,3.632,0.139,2.733,10.267,16.003,0.96,1.165,0.258816,275.539307,4.123374,0.372427,1,1,5,2036.488731
HD 190360_4,HD 190360,1.735,0.021,0.534,0.045,16.003,0.96,1.165,,,1.700302,0.515012,0,0,5,2036.488731
HD 190360_5,HD 190360,0.581,0.08,1.934,2.88,16.003,0.96,1.165,,,0.5399,0.013151,0,0,5,2036.488731
HD 101501_3,HD 101501,0.112,0.069,1.262,2.497,9.576,0.94,0.609,,,0.119714,0.351996,0,0,5,2036.490101
HD 101501_7,HD 101501,0.888,0.054,0.887,0.333,9.576,0.94,0.609,0.089538,171.747471,0.849436,0.389487,1,4,5,2036.490101
HD 10780_0,HD 10780,0.841,0.11,1.077,1.181,10.041,0.9,0.516,0.079642,229.509819,0.817698,0.407655,1,2,3,2036.491471
HD 10780_3,HD 10780,2.25,0.098,1.348,1.367,10.041,0.9,0.516,,,2.205344,0.014567,0,1,3,2036.491471
HD 10780_4,HD 10780,2.669,0.102,2.513,12.001,10.041,0.9,0.516,,,2.859708,0.142581,0,1,3,2036.491471
HD 166_0,HD 166,1.592,0.09,1.08,2.182,13.766,0.94,0.647,0.094322,304.707419,1.630678,0.716925,1,2,3,2036.492841
HD 166_1,HD 166,0.635,0.021,0.515,0.062,13.766,0.94,0.647,,,0.648335,0.037931,0,0,3,2036.492841
HD 23249_0,HD 23249,2.38,0.039,0.804,0.586,9.089,0.87,2.941,,,2.371617,0.056868,0,0,3,2036.494986
HD 23249_1,HD 23249,2.348,0.031,1.487,3.029,9.089,0.87,2.941,0.248526,291.280843,2.33009,0.453494,1,1,3,2036.494986
HD 114710_0,HD 114710,1.415,0.117,0.681,0.147,9.197,1.11,1.357,,,1.580374,0.781975,0,0,3,2036.499702
HD 114710_1,HD 114710,0.314,0.116,0.63,1.142,9.197,1.11,1.357,,,0.349729,0.003448,0,0,3,2036.499702
HD 114710_2,HD 114710,2.258,0.018,0.683,0.173,9.197,1.11,1.357,,,2.294676,0.452549,0,0,3,2036.499702
HD 114710_4,HD 114710,0.861,0.053,0.898,0.439,9.197,1.11,1.357,,,0.825315,0.136462,0,1,3,2036.499702
HD 114710_5,HD 114710,0.124,0.109,3.108,17.681,9.197,1.11,1.357,,,0.110578,0.662752,0,0,3,2036.499702
HD 143761_0,HD 143761,2.268,0.052,0.622,0.131,17.511,0.97,1.812,,,2.169102,0.006509,0,0,4,2036.516453
HD 143761_3,HD 143761,0.463,0.017,0.834,0.619,17.511,0.97,1.812,,,0.455371,0.579253,0,0,4,2036.516453
HD 143761_4,HD 143761,1.096,0.157,0.808,0.895,17.511,0.97,1.812,,,0.987814,0.758033,0,0,4,2036.516453
HD 143761_5,HD 143761,0.834,0.096,1.155,1.684,17.511,0.97,1.812,,,0.867965,0.099717,0,0,4,2036.516453
HD 143761_7,HD 143761,2.609,0.089,2.154,12.289,17.511,0.97,1.812,,,2.837334,0.035737,0,0,4,2036.516453
HD 141004_0,HD 141004,2.629,0.092,2.901,8.518,11.916,1.09,2.004,,,2.591227,0.021733,0,1,3,2036.523585
HD 141004_1,HD 141004,0.651,0.071,0.654,0.168,11.916,1.09,2.004,,,0.635259,0.089507,0,0,3,2036.523585
HD 141004_2,HD 141004,4.426,0.098,1.019,2.941,11.916,1.09,2.004,,,3.995052,0.067912,0,0,3,2036.523585
HD 141004_3,HD 141004,4.115,0.06,0.578,0.125,11.916,1.09,2.004,,,3.99309,0.402568,0,0,3,2036.523585
HD 141004_4,HD 141004,3.163,0.091,1.732,4.206,11.916,1.09,2.004,,,3.342658,0.396565,0,0,3,2036.523585
HD 160691_0,HD 160691,1.46,0.051,0.67,0.675,15.604,1.0,1.899,,,1.524107,0.726241,0,0,3,2036.535893
HD 160691_1,HD 160691,0.274,0.085,0.88,0.645,15.604,1.0,1.899,,,0.266749,0.270928,0,0,3,2036.535893
HD 160691_2,HD 160691,0.346,0.144,0.58,0.053,15.604,1.0,1.899,,,0.29771,0.013802,0,0,3,2036.535893
HD 160691_3,HD 160691,0.123,0.058,0.556,0.091,15.604,1.0,1.899,,,0.129747,0.900525,0,0,3,2036.535893
HD 160691_4,HD 160691,2.415,0.073,1.777,2.687,15.604,1.0,1.899,,,2.422366,0.141738,0,1,3,2036.535893
HD 160691_6,HD 160691,2.937,0.058,2.424,6.338,15.604,1.0,1.899,0.151832,133.391419,2.810824,0.604883,1,2,3,2036.535893
HD 160691_7,HD 160691,3.23,0.098,2.375,5.354,15.604,1.0,1.899,,,3.293743,0.071553,0,0,3,2036.535893
HD 72905_1,HD 72905,0.661,0.069,0.5,0.051,14.439,1.08,0.973,,,0.635974,0.402245,0,0,6,2036.537289
HD 72905_3,HD 72905,0.899,0.099,2.776,19.234,14.439,1.08,0.973,,,0.937894,0.458581,0,0,6,2036.537289
HD 72905_4,HD 72905,0.923,0.214,1.407,2.24,14.439,1.08,0.973,,,0.841015,0.041141,0,0,6,2036.537289
HD 72905_5,HD 72905,3.175,0.086,0.525,0.068,14.439,1.08,0.973,,,3.378836,0.780925,0,0,6,2036.537289
HD 4391_0,HD 4391,0.363,0.182,1.471,1.692,15.049,0.98,0.923,,,0.33945,0.121794,0,0,6,2036.552449
HD 4391_1,HD 4391,1.544,0.114,0.614,0.159,15.049,0.98,0.923,,,1.718822,0.541341,0,0,6,2036.552449
HD 4391_2,HD 4391,0.361,0.058,0.863,0.256,15.049,0.98,0.923,,,0.341814,0.047845,0,0,6,2036.552449
HD 4391_3,HD 4391,0.102,0.064,0.942,1.344,15.049,0.98,0.923,,,0.104989,0.294223,0,0,6,2036.552449
HD 4391_4,HD 4391,0.526,0.038,2.712,11.881,15.049,0.98,0.923,,,0.545949,0.719379,0,0,6,2036.552449
HD 3651 A_0,HD 3651 A,0.818,0.09,1.086,0.195,11.108,0.86,0.532,,,0.794955,0.046959,0,0,8,2036.566792
HD 3651 A_3,HD 3651 A,0.106,0.12,3.284,8.237,11.108,0.86,0.532,,,0.100116,0.050004,0,0,8,2036.566792
HD 3651 A_5,HD 3651 A,0.552,0.025,0.534,0.148,11.108,0.86,0.532,,,0.538714,0.25301,0,0,8,2036.566792
HD 10360_0,HD 10360,0.111,0.132,2.009,6.936,8.189,0.78,0.345,,,0.112975,0.158681,0,0,5,2036.581529
HD 10360_1,HD 10360,0.559,0.036,0.525,0.063,8.189,0.78,0.345,,,0.578802,0.749382,0,0,5,2036.581529
HD 10360_2,HD 10360,3.873,0.13,2.182,7.34,8.189,0.78,0.345,0.249557,280.772636,3.808042,0.857029,1,2,5,2036.581529
HD 10360_4,HD 10360,0.185,0.028,3.239,14.497,8.189,0.78,0.345,,,0.188919,0.010626,0,0,5,2036.581529
HD 10360_5,HD 10360,2.33,0.067,0.679,0.17,8.189,0.78,0.345,,,2.233189,0.601609,0,0,5,2036.581529
HD 30652_0,HD 30652,0.357,0.032,0.524,0.119,8.068,1.25,2.71,,,0.360374,0.056554,0,0,3,2036.584358
HD 30652_1,HD 30652,3.379,0.099,2.314,9.159,8.068,1.25,2.71,,,3.712044,0.039262,0,0,3,2036.584358
HD 30652_2,HD 30652,1.418,0.081,1.563,7.047,8.068,1.25,2.71,,,1.412437,0.020389,0,1,3,2036.584358
HD 30652_3,HD 30652,3.27,0.133,2.129,5.731,8.068,1.25,2.71,0.409128,114.317115,3.686051,0.576659,1,1,3,2036.584358
HD 30652_4,HD 30652,2.754,0.119,2.49,10.16,8.068,1.25,2.71,0.217107,330.137909,2.588058,0.7792,1,1,3,2036.584358
HD 38393_0,HD 38393,0.205,0.072,1.088,1.383,8.905,1.23,2.344,,,0.215362,0.016896,0,0,4,2036.592281
HD 38393_1,HD 38393,3.39,0.099,0.656,0.073,8.905,1.23,2.344,,,3.51381,0.019791,0,0,4,2036.592281
HD 38393_3,HD 38393,0.355,0.086,1.549,2.098,8.905,1.23,2.344,,,0.378194,0.221843,0,0,4,2036.592281
HD 38393_4,HD 38393,4.373,0.052,1.208,1.876,8.905,1.23,2.344,,,4.215648,0.021101,0,0,4,2036.592281
HD 209100_0,HD 209100,2.433,0.127,0.524,0.078,3.638,0.72,0.222,,,2.732144,0.012264,0,0,3,2036.59365
HD 209100_1,HD 209100,1.218,0.094,0.54,0.224,3.638,0.72,0.222,0.215747,68.251948,1.155533,0.759912,1,2,3,2036.59365
HD 209100_2,HD 209100,0.989,0.073,1.925,7.679,3.638,0.72,0.222,0.185004,93.017698,0.976094,0.764513,1,3,3,2036.59365
HD 209100_4,HD 209100,3.542,0.022,2.632,11.464,3.638,0.72,0.222,0.498943,218.324385,3.466754,0.87031,1,3,3,2036.59365
HD 209100_5,HD 209100,0.635,0.076,0.931,0.965,3.638,0.72,0.222,0.169673,126.238238,0.62932,0.202376,1,3,3,2036.59365
HD 209100_6,HD 209100,1.701,0.082,0.885,1.719,3.638,0.72,0.222,0.149396,329.214332,1.760602,0.955361,1,1,3,2036.59365
HD 209100_8,HD 209100,2.097,0.099,2.488,10.973,3.638,0.72,0.222,0.616168,143.910847,2.300448,0.215626,1,3,3,2036.59365
HD 209100_9,HD 209100,0.782,0.071,2.297,6.298,3.638,0.72,0.222,0.198217,269.613614,0.83654,0.625548,1,3,3,2036.59365
HD 209100_10,HD 209100,0.182,0.056,2.026,7.17,3.638,0.72,0.222,,,0.171811,0.347281,0,0,3,2036.59365
HD 209100_11,HD 209100,0.917,0.107,1.174,2.417,3.638,0.72,0.222,0.227451,116.378226,0.944669,0.604477,1,3,3,2036.59365
HD 58855_0,HD 58855,3.917,0.055,2.746,11.124,20.402,1.16,2.445,0.143034,116.136618,4.104262,0.751138,1,3,3,2036.59502
HD 58855_3,HD 58855,0.12,0.023,0.846,0.314,20.402,1.16,2.445,,,0.120604,0.359917,0,0,3,2036.59502
HD 58855_4,HD 58855,1.787,0.062,0.53,0.101,20.402,1.16,2.445,,,1.886084,0.188638,0,0,3,2036.59502
HD 58855_5,HD 58855,2.753,0.078,0.74,0.361,20.402,1.16,2.445,,,2.539949,0.147734,0,0,3,2036.59502
HD 58855_6,HD 58855,3.408,0.008,0.67,0.197,20.402,1.16,2.445,,,3.380896,0.397641,0,0,3,2036.59502
HD 58855_7,HD 58855,0.511,0.017,1.169,2.72,20.402,1.16,2.445,,,0.519199,0.321906,0,0,3,2036.59502
HD 58855_8,HD 58855,3.679,0.02,1.665,3.725,20.402,1.16,2.445,,,3.611861,0.656982,0,0,3,2036.59502
HD 147513_0,HD 147513,1.541,0.04,0.645,0.152,12.892,1.07,1.001,,,1.552011,0.131492,0,0,5,2036.597518
HD 147513_1,HD 147513,1.513,0.099,0.537,0.038,12.892,1.07,1.001,,,1.538357,0.362279,0,0,5,2036.597518
HD 147513_2,HD 147513,4.633,0.075,1.379,7.403,12.892,1.07,1.001,,,4.337233,0.719077,0,0,5,2036.597518
HD 147513_4,HD 147513,0.196,0.111,0.74,0.096,12.892,1.07,1.001,,,0.19437,0.004442,0,0,5,2036.597518
HD 147513_5,HD 147513,4.52,0.075,0.624,0.254,12.892,1.07,1.001,,,4.33109,0.090492,0,0,5,2036.597518
HD 147513_6,HD 147513,1.743,0.075,1.796,2.912,12.892,1.07,1.001,0.13205,285.707963,1.812366,0.229222,1,3,5,2036.597518
HD 147513_7,HD 147513,2.47,0.028,0.667,0.174,12.892,1.07,1.001,,,2.510789,0.468714,0,0,5,2036.597518
HD 55575_0,HD 55575,1.084,0.09,0.727,0.186,16.852,1.14,1.463,,,1.176302,0.505042,0,0,5,2036.598888
HD 55575_1,HD 55575,0.133,0.053,0.578,0.677,16.852,1.14,1.463,,,0.129103,0.143773,0,0,5,2036.598888
HD 187691 A_0,HD 187691 A,3.127,0.076,1.475,4.454,19.488,1.25,2.835,,,3.364383,0.270755,0,0,3,2036.625808
HD 187691 A_1,HD 187691 A,2.61,0.091,1.018,1.386,19.488,1.25,2.835,,,2.534884,0.85271,0,0,3,2036.625808
HD 187691 A_2,HD 187691 A,3.249,0.037,0.764,1.364,19.488,1.25,2.835,,,3.235059,0.201841,0,0,3,2036.625808
HD 187691 A_3,HD 187691 A,2.018,0.038,2.654,10.557,19.488,1.25,2.835,0.095387,75.290528,1.993717,0.435179,1,2,3,2036.625808
HD 156026_0,HD 156026,3.18,0.093,3.171,14.895,5.954,0.68,0.158,0.270673,121.593456,3.473465,0.89594,1,4,4,2036.629434
HD 156026_1,HD 156026,0.564,0.081,0.509,0.042,5.954,0.68,0.158,0.099191,145.753106,0.602753,0.245619,1,3,4,2036.629434
HD 156026_2,HD 156026,0.423,0.044,0.607,0.379,5.954,0.68,0.158,,,0.429916,0.27836,0,0,4,2036.629434
HD 156026_3,HD 156026,1.001,0.06,2.318,7.224,5.954,0.68,0.158,0.159611,9.208537,1.05788,0.117416,1,4,4,2036.629434
HD 156026_5,HD 156026,1.693,0.124,2.972,9.407,5.954,0.68,0.158,0.232442,38.109566,1.497343,0.151685,1,4,4,2036.629434
HD 128621_0,HD 128621,0.181,0.076,0.591,0.281,1.332,0.94,0.503,0.109459,189.049342,0.173565,0.094116,1,4,4,2036.655234
HD 128621_1,HD 128621,3.969,0.152,0.756,0.624,1.332,0.94,0.503,,,4.380456,0.641985,0,0,4,2036.655234
HD 128621_3,HD 128621,4.377,0.084,0.667,0.424,1.332,0.94,0.503,,,4.734744,0.017376,0,0,4,2036.655234
HD 128621_4,HD 128621,1.135,0.055,1.179,1.502,1.332,0.94,0.503,,,1.185285,0.081954,0,2,4,2036.655234
HD 30495_0,HD 30495,1.934,0.08,0.989,1.288,13.24,1.04,0.966,,,1.820157,0.117741,0,1,4,2036.656603
HD 30495_2,HD 30495,0.416,0.06,1.179,0.557,13.24,1.04,0.966,,,0.397285,0.503214,0,0,4,2036.656603
HD 30495_3,HD 30495,1.848,0.089,0.623,0.48,13.24,1.04,0.966,,,1.81911,0.106156,0,0,4,2036.656603
HD 90839_0,HD 90839,3.665,0.022,0.781,0.186,12.945,1.18,1.605,,,3.72019,0.094636,0,0,5,2036.662258
HD 90839_1,HD 90839,0.191,0.094,1.403,2.751,12.945,1.18,1.605,,,0.207593,0.398049,0,0,5,2036.662258
HD 90839_2,HD 90839,3.378,0.112,1.125,1.619,12.945,1.18,1.605,,,3.75425,0.228645,0,0,5,2036.662258
HD 90839_5,HD 90839,0.15,0.051,2.273,4.226,12.945,1.18,1.605,,,0.145501,0.041777,0,0,5,2036.662258
HD 165341 A_0,HD 165341 A,3.482,0.036,1.359,2.775,5.113,0.88,0.532,,,3.583348,0.120662,0,0,4,2036.671493
HD 165341 A_2,HD 165341 A,0.277,0.022,2.947,13.11,5.113,0.88,0.532,,,0.276576,0.858345,0,0,4,2036.671493
HD 165341 A_3,HD 165341 A,0.642,0.027,1.615,1.833,5.113,0.88,0.532,0.125797,25.104699,0.652749,0.336679,1,2,4,2036.671493
HD 212330 A_0,HD 212330 A,1.747,0.031,3.281,9.208,20.34,1.02,2.726,,,1.782579,0.014835,0,1,3,2036.672862
HD 192310_0,HD 192310,1.267,0.07,0.641,0.14,8.812,0.77,0.404,,,1.233071,0.042474,0,0,3,2036.686005
HD 192310_1,HD 192310,1.472,0.082,2.73,7.674,8.812,0.77,0.404,0.168918,356.61515,1.537736,0.414736,1,3,3,2036.686005
HD 192310_2,HD 192310,0.631,0.109,2.544,13.411,8.812,0.77,0.404,,,0.699406,0.233137,0,0,3,2036.686005
HD 192310_3,HD 192310,0.091,0.084,2.458,12.572,8.812,0.77,0.404,,,0.094861,0.178425,0,0,3,2036.686005
HD 102365_0,HD 102365,1.154,0.024,2.235,11.472,9.319,1.02,0.844,0.125368,110.976457,1.16642,0.230372,1,4,4,2036.687375
HD 102365_1,HD 102365,4.021,0.031,1.113,0.834,9.319,1.02,0.844,,,4.061839,0.108579,0,0,4,2036.687375
HD 102365_2,HD 102365,0.113,0.031,0.976,0.303,9.319,1.02,0.844,,,0.1143,0.629704,0,0,4,2036.687375
HD 109358_0,HD 109358,0.599,0.064,0.661,0.193,8.473,1.08,1.151,,,0.601461,0.205089,0,0,6,2036.694527
HD 109358_1,HD 109358,0.313,0.024,1.946,4.835,8.473,1.08,1.151,,,0.307879,0.176151,0,0,6,2036.694527
HD 109358_3,HD 109358,0.172,0.066,1.409,1.609,8.473,1.08,1.151,,,0.178599,0.108453,0,0,6,2036.694527
HD 109358_4,HD 109358,1.488,0.078,0.58,0.237,8.473,1.08,1.151,,,1.386556,0.393701,0,0,6,2036.694527
HD 109358_5,HD 109358,3.968,0.05,3.285,25.806,8.473,1.08,1.151,,,3.792854,0.014025,0,0,6,2036.694527
HD 136352_0,HD 136352,1.127,0.083,0.501,0.05,14.739,1.02,1.029,,,1.085597,0.064636,0,0,4,2036.697262
HD 136352_2,HD 136352,0.995,0.082,1.549,3.519,14.739,1.02,1.029,,,1.068087,0.000115,0,0,4,2036.697262
HD 136352_3,HD 136352,3.774,0.069,2.041,4.78,14.739,1.02,1.029,0.214418,184.723024,3.529445,0.549554,1,2,4,2036.697262
HD 136352_4,HD 136352,1.831,0.068,0.826,0.342,14.739,1.02,1.029,,,1.836272,0.209923,0,0,4,2036.697262
HD 190248_1,HD 190248,1.11,0.055,1.408,3.629,6.099,0.94,1.25,0.150125,34.48967,1.049453,0.124445,1,3,4,2036.699707
HD 190248_2,HD 190248,3.754,0.072,1.017,1.24,6.099,0.94,1.25,,,3.941503,0.623043,0,0,4,2036.699707
HD 190248_3,HD 190248,1.406,0.139,0.51,0.568,6.099,0.94,1.25,,,1.539973,0.011157,0,1,4,2036.699707
HD 39091_1,HD 39091,3.12,0.028,1.191,1.952,18.287,1.08,1.533,,,3.038143,0.294762,0,0,5,2036.701077
HD 39091_2,HD 39091,2.865,0.029,0.677,0.089,18.287,1.08,1.533,,,2.930597,0.789367,0,0,5,2036.701077
HD 39091_3,HD 39091,3.55,0.072,1.069,0.919,18.287,1.08,1.533,,,3.802356,0.840974,0,0,5,2036.701077
HD 39091_4,HD 39091,4.534,0.027,1.234,1.811,18.287,1.08,1.533,,,4.64025,0.1497,0,0,5,2036.701077
HD 39091_5,HD 39091,1.437,0.051,1.31,1.974,18.287,1.08,1.533,0.079717,263.086997,1.50678,0.444025,1,1,5,2036.701077
HD 39091_6,HD 39091,0.67,0.012,2.604,6.457,18.287,1.08,1.533,,,0.663914,0.176296,0,0,5,2036.701077
HD 146233_0,HD 146233,0.356,0.047,2.679,8.19,14.137,1.02,1.094,,,0.351495,0.033452,0,0,6,2036.704925
HD 146233_1,HD 146233,0.206,0.044,2.032,3.376,14.137,1.02,1.094,,,0.207504,0.143236,0,0,6,2036.704925
HD 146233_4,HD 146233,0.539,0.141,1.433,3.682,14.137,1.02,1.094,,,0.600028,0.670748,0,0,6,2036.704925
HD 95128_1,HD 95128,2.285,0.074,0.586,0.282,13.887,1.07,1.577,,,2.216347,0.146712,0,0,5,2036.726367
HD 95128_2,HD 95128,4.586,0.035,0.538,0.083,13.887,1.07,1.577,,,4.745873,0.008216,0,0,5,2036.726367
HD 95128_3,HD 95128,0.343,0.031,2.771,10.086,13.887,1.07,1.577,,,0.333031,0.832848,0,0,5,2036.726367
HD 95128_4,HD 95128,2.15,0.173,1.218,6.511,13.887,1.07,1.577,,,1.834013,0.837551,0,0,5,2036.726367
HD 95128_5,HD 95128,0.6,0.105,2.299,8.137,13.887,1.07,1.577,,,0.635869,0.545447,0,0,5,2036.726367
HD 95128_6,HD 95128,0.335,0.024,2.419,8.582,13.887,1.07,1.577,,,0.340567,0.420145,0,0,5,2036.726367
HD 95128_7,HD 95128,0.847,0.089,1.394,3.129,13.887,1.07,1.577,,,0.775356,0.14599,0,0,5,2036.726367
HD 95128_8,HD 95128,0.588,0.034,2.182,8.46,13.887,1.07,1.577,,,0.572962,0.701522,0,0,5,2036.726367
HD 20630_1,HD 20630,0.648,0.142,1.547,4.726,9.276,0.98,0.857,,,0.557315,0.154749,0,0,7,2036.727737
HD 20630_5,HD 20630,1.387,0.083,0.621,0.63,9.276,0.98,0.857,,,1.272305,0.2249,0,0,7,2036.727737
HD 115617_0,HD 115617,1.956,0.004,0.732,1.017,8.534,0.97,0.825,,,1.953834,0.489314,0,0,3,2036.731774
HD 115617_1,HD 115617,0.76,0.09,2.931,6.157,8.534,0.97,0.825,,,0.786813,0.00707,0,0,3,2036.731774
HD 115617_2,HD 115617,0.621,0.047,0.562,0.059,8.534,0.97,0.825,,,0.593256,0.178403,0,0,3,2036.731774
HD 115617_3,HD 115617,0.199,0.073,3.38,12.207,8.534,0.97,0.825,,,0.21283,0.828775,0,0,3,2036.731774
HD 115617_4,HD 115617,2.599,0.104,0.763,0.174,8.534,0.97,0.825,,,2.623262,0.627809,0,0,3,2036.731774
HD 115617_5,HD 115617,2.098,0.045,1.487,3.177,8.534,0.97,0.825,,,2.187897,0.065699,0,2,3,2036.731774
HD 115617_6,HD 115617,3.003,0.084,0.942,0.936,8.534,0.97,0.825,,,3.217182,0.321033,0,0,3,2036.731774
HD 17206_0,HD 17206,1.742,0.09,0.885,1.25,14.276,1.21,2.617,,,1.894553,0.185521,0,0,4,2036.744866
HD 17206_1,HD 17206,0.879,0.039,2.253,5.781,14.276,1.21,2.617,,,0.87001,0.290084,0,0,4,2036.744866
HD 17206_2,HD 17206,0.485,0.035,0.762,0.888,14.276,1.21,2.617,,,0.501743,0.902789,0,0,4,2036.744866
HD 140538 A_0,HD 140538 A,2.088,0.047,0.685,0.069,14.793,0.94,0.834,,,2.014066,0.001257,0,0,7,2036.754774
HD 140538 A_1,HD 140538 A,0.512,0.053,2.798,18.338,14.793,0.94,0.834,,,0.489067,0.122645,0,0,7,2036.754774
HD 140538 A_2,HD 140538 A,4.137,0.053,0.916,0.304,14.793,0.94,0.834,,,3.922127,0.945415,0,0,7,2036.754774
HD 165341 B_1,HD 165341 B,1.256,0.089,0.5,0.053,5.122,0.78,0.164,,,1.245829,0.055488,0,0,5,2036.764901
HD 165341 B_2,HD 165341 B,4.082,0.042,1.247,0.85,5.122,0.78,0.164,,,4.243264,0.258901,0,0,5,2036.764901
HD 165341 B_3,HD 165341 B,0.1,0.077,0.528,0.124,5.122,0.78,0.164,,,0.104375,0.179979,0,0,5,2036.764901
HD 165341 B_4,HD 165341 B,0.76,0.117,1.137,2.374,5.122,0.78,0.164,0.130478,83.37791,0.75893,0.10659,1,3,5,2036.764901
HD 4628_0,HD 4628,0.299,0.054,1.741,4.304,7.435,0.78,0.3,,,0.286679,0.418427,0,0,3,2036.783664
HD 4628_1,HD 4628,4.258,0.031,1.273,1.784,7.435,0.78,0.3,,,4.135931,0.034321,0,0,3,2036.783664
HD 4628_4,HD 4628,4.069,0.034,0.981,0.876,7.435,0.78,0.3,,,4.119289,0.28916,0,0,3,2036.783664
HD 4628_5,HD 4628,3.681,0.025,0.897,0.617,7.435,0.78,0.3,,,3.627932,0.003961,0,0,3,2036.783664
HD 4628_6,HD 4628,1.476,0.055,1.942,4.324,7.435,0.78,0.3,,,1.401971,0.003216,0,2,3,2036.783664
HD 17051_0,HD 17051,1.593,0.055,0.8,0.166,17.357,1.14,1.737,,,1.632537,0.249359,0,0,5,2036.799663
HD 17051_1,HD 17051,2.146,0.107,1.035,0.971,17.357,1.14,1.737,,,1.941233,0.491634,0,0,5,2036.799663
HD 17051_2,HD 17051,4.311,0.108,1.302,2.591,17.357,1.14,1.737,,,3.866273,0.03261,0,0,5,2036.799663
HD 219134_0,HD 219134,1.298,0.068,3.021,11.197,6.542,0.75,0.266,0.120295,353.688124,1.220648,0.036381,1,3,3,2036.809302
HD 219134_1,HD 219134,0.107,0.06,0.589,0.114,6.542,0.75,0.266,,,0.101759,0.590177,0,0,3,2036.809302
HD 219134_2,HD 219134,0.475,0.085,1.279,2.244,6.542,0.75,0.266,,,0.514659,0.737952,0,0,3,2036.809302
HD 219134_3,HD 219134,2.999,0.067,1.913,4.52,6.542,0.75,0.266,0.207704,107.860326,3.179382,0.911384,1,2,3,2036.809302
HD 219134_4,HD 219134,0.285,0.083,1.716,4.805,6.542,0.75,0.266,,,0.298631,0.372013,0,0,3,2036.809302
HD 219134_5,HD 219134,1.823,0.052,1.09,4.144,6.542,0.75,0.266,,,1.831004,0.099601,0,1,3,2036.809302
HD 219134_7,HD 219134,0.986,0.056,2.277,3.449,6.542,0.75,0.266,0.125899,49.170755,0.963301,0.617161,1,3,3,2036.809302
HD 34411_0,HD 34411,0.295,0.082,3.192,8.429,12.562,1.08,1.732,,,0.318647,0.374539,0,0,3,2036.817626
HD 34411_1,HD 34411,1.539,0.078,0.897,0.713,12.562,1.08,1.732,0.118477,119.822081,1.533214,0.467151,1,2,3,2036.817626
HD 34411_3,HD 34411,1.691,0.074,0.798,0.808,12.562,1.08,1.732,,,1.68842,0.084167,0,0,3,2036.817626
HD 43386_0,HD 43386,2.541,0.037,0.504,0.177,19.588,1.33,2.957,,,2.448111,0.979204,0,0,4,2036.827508
HD 43386_1,HD 43386,1.141,0.101,1.584,2.873,19.588,1.33,2.957,,,1.049913,0.897488,0,0,4,2036.827508
HD 43386_3,HD 43386,0.289,0.045,1.072,0.429,19.588,1.33,2.957,,,0.277362,0.304133,0,0,4,2036.827508
HD 72905_1,HD 72905,0.661,0.069,0.5,0.051,14.439,1.08,0.973,,,0.701086,0.536274,0,0,7,2036.828878
HD 72905_3,HD 72905,0.899,0.099,2.776,19.234,14.439,1.08,0.973,,,0.814789,0.45208,0,0,7,2036.828878
HD 72905_4,HD 72905,0.923,0.214,1.407,2.24,14.439,1.08,0.973,,,0.891577,0.847461,0,0,7,2036.828878
HD 72905_5,HD 72905,3.175,0.086,0.525,0.068,14.439,1.08,0.973,,,3.424981,0.907032,0,0,7,2036.828878
HD 65907 A_0,HD 65907 A,0.584,0.099,0.585,0.122,16.172,1.11,1.29,,,0.535249,0.729548,0,0,6,2036.840709
HD 65907 A_1,HD 65907 A,1.316,0.075,0.982,3.131,16.172,1.11,1.29,,,1.316496,0.46345,0,0,6,2036.840709
HD 65907 A_2,HD 65907 A,1.009,0.058,1.202,5.136,16.172,1.11,1.29,,,0.994398,0.377486,0,0,6,2036.840709
HD 4391_0,HD 4391,0.363,0.182,1.471,1.692,15.049,0.98,0.923,,,0.429031,0.02895,0,0,7,2036.846139
HD 4391_1,HD 4391,1.544,0.114,0.614,0.159,15.049,0.98,0.923,,,1.67343,0.857406,0,0,7,2036.846139
HD 4391_2,HD 4391,0.361,0.058,0.863,0.256,15.049,0.98,0.923,,,0.36597,0.487128,0,0,7,2036.846139
HD 4391_3,HD 4391,0.102,0.064,0.942,1.344,15.049,0.98,0.923,,,0.101036,0.101963,0,0,7,2036.846139
HD 4391_4,HD 4391,0.526,0.038,2.712,11.881,15.049,0.98,0.923,,,0.529626,0.092184,0,0,7,2036.846139
HD 43042_0,HD 43042,4.095,0.078,0.558,0.185,21.776,1.29,2.936,,,3.957673,0.762245,0,0,4,2036.852993
HD 43042_1,HD 43042,0.434,0.11,0.533,0.05,21.776,1.29,2.936,,,0.394235,0.868359,0,0,4,2036.852993
HD 43042_3,HD 43042,0.724,0.14,0.733,0.758,21.776,1.29,2.936,,,0.671287,0.135445,0,0,4,2036.852993
HD 33262 A_0,HD 33262 A,4.098,0.155,0.949,0.422,11.693,1.14,1.466,,,4.624813,0.004131,0,0,5,2036.858559
HD 33262 A_1,HD 33262 A,3.3,0.062,1.368,1.583,11.693,1.14,1.466,,,3.109947,0.415112,0,0,5,2036.858559
HD 33262 A_2,HD 33262 A,3.337,0.087,0.965,0.502,11.693,1.14,1.466,,,3.515624,0.315841,0,0,5,2036.858559
HD 33262 A_4,HD 33262 A,1.015,0.091,2.255,9.306,11.693,1.14,1.466,,,0.923077,0.780896,0,1,5,2036.858559
HD 33262 A_5,HD 33262 A,0.358,0.206,1.487,2.029,11.693,1.14,1.466,,,0.424676,0.426989,0,0,5,2036.858559
HD 33262 A_6,HD 33262 A,0.874,0.139,0.646,0.257,11.693,1.14,1.466,,,0.991614,0.72102,0,0,5,2036.858559
HD 33262 A_8,HD 33262 A,0.199,0.101,2.893,13.631,11.693,1.14,1.466,,,0.180283,0.477321,0,0,5,2036.858559
HD 26965 A_1,HD 26965 A,0.482,0.058,1.38,2.403,5.01,0.86,0.41,,,0.507912,0.039726,0,1,6,2036.861142
HD 26965 A_2,HD 26965 A,0.345,0.049,0.5,0.06,5.01,0.86,0.41,,,0.358855,0.167774,0,0,6,2036.861142
HD 210302_0,HD 210302,0.937,0.087,1.293,2.482,18.458,1.25,2.918,,,0.85555,0.347683,0,0,4,2036.864143
HD 210302_1,HD 210302,0.316,0.034,0.672,0.291,18.458,1.25,2.918,,,0.3267,0.939655,0,0,4,2036.864143
HD 210302_2,HD 210302,0.162,0.125,0.82,0.565,18.458,1.25,2.918,,,0.171258,0.306539,0,0,4,2036.864143
HD 210302_3,HD 210302,0.925,0.123,2.909,15.97,18.458,1.25,2.918,,,0.994687,0.374936,0,0,4,2036.864143
HD 210302_4,HD 210302,1.629,0.122,1.727,5.061,18.458,1.25,2.918,,,1.446415,0.901685,0,0,4,2036.864143
HD 128167_0,HD 128167,1.283,0.14,1.15,1.29,15.756,1.39,3.182,0.090207,90.548612,1.462234,0.232087,1,1,4,2036.875827
HD 128167_2,HD 128167,3.433,0.063,1.328,2.483,15.756,1.39,3.182,,,3.639511,0.845842,0,0,4,2036.875827
HD 128167_3,HD 128167,4.878,0.117,2.132,5.678,15.756,1.39,3.182,,,4.851097,0.840353,0,0,4,2036.875827
HD 128167_4,HD 128167,1.323,0.044,1.923,2.477,15.756,1.39,3.182,,,1.285091,0.518934,0,0,4,2036.875827
HD 37394_0,HD 37394,1.839,0.051,0.552,0.164,12.27,0.88,0.478,,,1.886,0.461864,0,0,4,2036.879203
HD 37394_1,HD 37394,0.501,0.058,1.934,5.969,12.27,0.88,0.478,,,0.520371,0.646296,0,0,4,2036.879203
HD 37394_3,HD 37394,1.245,0.044,1.502,2.038,12.27,0.88,0.478,,,1.294158,0.855443,0,1,4,2036.879203
HD 37394_5,HD 37394,0.152,0.102,1.111,1.488,12.27,0.88,0.478,,,0.160602,0.102299,0,0,4,2036.879203
HD 37394_9,HD 37394,0.863,0.077,0.726,0.552,12.27,0.88,0.478,,,0.832867,0.331613,0,0,4,2036.879203
HD 37394_10,HD 37394,0.093,0.059,3.205,15.21,12.27,0.88,0.478,,,0.097972,0.162075,0,0,4,2036.879203
HD 37394_11,HD 37394,1.171,0.065,2.415,5.91,12.27,0.88,0.478,0.097512,294.992587,1.207227,0.473791,1,4,4,2036.879203
HD 37394_15,HD 37394,0.222,0.142,1.093,0.563,12.27,0.88,0.478,,,0.207712,0.330026,0,0,4,2036.879203
HD 37394_16,HD 37394,2.623,0.055,2.621,9.008,12.27,0.88,0.478,,,2.598307,0.064218,0,1,4,2036.879203
HD 95735_0,HD 95735,0.673,0.041,0.901,1.876,2.546,0.44,0.02,,,0.698026,0.080261,0,1,3,2036.880573
HD 95735_2,HD 95735,0.392,0.078,0.638,0.252,2.546,0.44,0.02,0.12893,276.994796,0.405168,0.073401,1,2,3,2036.880573
HD 95735_3,HD 95735,0.164,0.146,0.847,1.655,2.546,0.44,0.02,,,0.169499,0.200644,0,0,3,2036.880573
HD 95735_4,HD 95735,2.481,0.023,1.454,2.402,2.546,0.44,0.02,,,2.424514,0.010157,0,1,3,2036.880573
HD 95735_6,HD 95735,0.163,0.047,1.008,2.764,2.546,0.44,0.02,,,0.169526,0.002433,0,0,3,2036.880573
HD 86728 A_0,HD 86728 A,0.138,0.113,0.53,0.078,14.926,1.0,1.378,,,0.145561,0.667606,0,0,3,2036.881943
HD 86728 A_1,HD 86728 A,1.194,0.049,0.519,0.144,14.926,1.0,1.378,,,1.171816,0.625409,0,0,3,2036.881943
HD 86728 A_2,HD 86728 A,1.586,0.024,0.736,0.367,14.926,1.0,1.378,,,1.596044,0.089977,0,0,3,2036.881943
HD 86728 A_3,HD 86728 A,0.34,0.077,0.971,1.901,14.926,1.0,1.378,,,0.363993,0.106254,0,0,3,2036.881943
HD 86728 A_4,HD 86728 A,3.143,0.15,2.985,16.709,14.926,1.0,1.378,,,3.342949,0.032051,0,2,3,2036.881943
HD 86728 A_5,HD 86728 A,0.238,0.132,1.155,6.008,14.926,1.0,1.378,,,0.240526,0.957745,0,0,3,2036.881943
HD 86728 A_6,HD 86728 A,2.84,0.137,2.462,3.621,14.926,1.0,1.378,,,3.226567,0.1188,0,2,3,2036.881943
HD 10780_0,HD 10780,0.841,0.11,1.077,1.181,10.041,0.9,0.516,0.081804,39.099804,0.872816,0.172654,1,3,4,2036.883313
HD 10780_3,HD 10780,2.25,0.098,1.348,1.367,10.041,0.9,0.516,,,2.35167,0.13292,0,1,4,2036.883313
HD 10780_4,HD 10780,2.669,0.102,2.513,12.001,10.041,0.9,0.516,0.289783,10.282031,2.928959,0.212077,1,2,4,2036.883313
HD 16895 A_0,HD 16895 A,3.595,0.047,2.816,7.544,11.15,1.21,2.246,0.298378,138.728011,3.47588,0.477868,1,1,3,2036.887436
HD 16895 A_4,HD 16895 A,4.424,0.091,1.274,1.913,11.15,1.21,2.246,,,4.706991,0.013697,0,0,3,2036.887436
HD 16895 A_5,HD 16895 A,1.554,0.05,3.144,9.969,11.15,1.21,2.246,,,1.553224,0.028097,0,2,3,2036.887436
HD 16895 A_6,HD 16895 A,0.108,0.029,0.508,0.042,11.15,1.21,2.246,,,0.105591,0.835469,0,0,3,2036.887436
HD 155885_0,HD 155885,0.424,0.016,1.08,0.365,5.948,0.85,0.332,,,0.430678,0.710872,0,0,3,2036.891568
HD 155885_1,HD 155885,0.125,0.137,2.355,7.262,5.948,0.85,0.332,,,0.142088,0.632375,0,0,3,2036.891568
HD 155885_4,HD 155885,2.293,0.052,0.991,0.685,5.948,0.85,0.332,,,2.230705,0.028915,0,1,3,2036.891568
HD 142860_0,HD 142860,0.405,0.081,2.385,6.459,11.254,1.25,3.039,,,0.387193,0.062937,0,0,4,2036.906846
HD 142860_2,HD 142860,3.184,0.073,1.146,0.989,11.254,1.25,3.039,,,3.390248,0.192589,0,0,4,2036.906846
HD 142860_3,HD 142860,0.465,0.068,1.963,1.786,11.254,1.25,3.039,,,0.492951,0.069634,0,0,4,2036.906846
HD 142860_5,HD 142860,0.92,0.074,2.443,8.017,11.254,1.25,3.039,0.089569,0.123926,0.984036,0.401304,1,1,4,2036.906846
HD 142860_6,HD 142860,0.627,0.092,3.102,5.436,11.254,1.25,3.039,,,0.627535,0.47441,0,0,4,2036.906846
HD 202560_0,HD 202560,0.846,0.075,1.59,2.013,3.97,0.59,0.083,0.221285,132.542433,0.892106,0.225789,1,4,5,2036.91554
HD 202560_1,HD 202560,0.552,0.052,0.674,0.125,3.97,0.59,0.083,0.142467,224.948105,0.567577,0.392322,1,5,5,2036.91554
HD 202560_3,HD 202560,0.867,0.117,1.589,3.604,3.97,0.59,0.083,0.192754,169.542682,0.806704,0.209756,1,5,5,2036.91554
HD 202560_4,HD 202560,2.302,0.14,0.558,0.251,3.97,0.59,0.083,,,2.227665,0.591718,0,0,5,2036.91554
HD 202560_5,HD 202560,3.244,0.082,0.847,0.372,3.97,0.59,0.083,,,3.430923,0.249906,0,0,5,2036.91554
HD 202560_6,HD 202560,0.414,0.085,0.785,0.225,3.97,0.59,0.083,0.103736,249.383116,0.43152,0.237335,1,5,5,2036.91554
HD 53705_0,HD 53705,0.273,0.081,1.735,2.717,17.059,1.04,1.49,,,0.273826,0.147817,0,0,3,2036.933029
HD 53705_1,HD 53705,2.604,0.083,3.306,16.05,17.059,1.04,1.49,0.153351,81.728245,2.764629,0.486999,1,3,3,2036.933029
HD 53705_2,HD 53705,1.597,0.089,2.478,13.971,17.059,1.04,1.49,0.100054,159.297833,1.653694,0.286565,1,3,3,2036.933029
HD 53705_3,HD 53705,0.715,0.026,1.359,2.038,17.059,1.04,1.49,,,0.699092,0.112492,0,0,3,2036.933029
HD 53705_4,HD 53705,0.527,0.092,2.437,10.745,17.059,1.04,1.49,,,0.505169,0.476146,0,0,3,2036.933029
HD 84737_0,HD 84737,0.596,0.087,1.352,1.551,18.823,1.08,2.795,,,0.545173,0.403599,0,0,4,2036.947172
HD 84737_1,HD 84737,3.025,0.071,1.189,1.926,18.823,1.08,2.795,,,3.126774,0.000321,0,0,4,2036.947172
HD 84737_2,HD 84737,1.078,0.014,1.079,0.698,18.823,1.08,2.795,,,1.090674,0.111337,0,0,4,2036.947172
HD 84737_3,HD 84737,3.774,0.025,0.833,0.848,18.823,1.08,2.795,,,3.821831,0.007756,0,0,4,2036.947172
HD 84737_4,HD 84737,0.254,0.074,3.133,13.741,18.823,1.08,2.795,,,0.272759,0.070782,0,0,4,2036.947172
HD 84737_5,HD 84737,2.993,0.205,0.508,0.086,18.823,1.08,2.795,,,3.457319,0.622338,0,0,4,2036.947172
HD 134083_0,HD 134083,0.116,0.07,1.9,7.058,19.536,1.33,3.255,,,0.108224,0.251482,0,0,4,2036.956471
HD 134083_1,HD 134083,0.36,0.097,1.358,2.746,19.536,1.33,3.255,,,0.385036,0.347081,0,0,4,2036.956471
HD 134083_3,HD 134083,0.749,0.13,0.881,0.684,19.536,1.33,3.255,,,0.663775,0.829834,0,0,4,2036.956471
HD 134083_4,HD 134083,0.959,0.114,0.591,0.338,19.536,1.33,3.255,,,0.853262,0.714008,0,0,4,2036.956471
HD 84117_2,HD 84117,0.48,0.183,0.807,0.707,14.951,1.14,1.977,,,0.415316,0.241366,0,0,5,2036.960348
HD 84117_3,HD 84117,2.469,0.127,0.583,0.157,14.951,1.14,1.977,,,2.451763,0.960703,0,0,5,2036.960348
HD 84117_5,HD 84117,2.421,0.095,0.605,0.239,14.951,1.14,1.977,,,2.207206,0.122736,0,0,5,2036.960348
HD 55575_0,HD 55575,1.084,0.09,0.727,0.186,16.852,1.14,1.463,,,1.000448,0.004342,0,0,6,2036.983552
HD 55575_1,HD 55575,0.133,0.053,0.578,0.677,16.852,1.14,1.463,,,0.140031,0.154452,0,0,6,2036.983552
HD 7570_0,HD 7570,3.031,0.054,1.134,3.652,15.261,1.14,2.004,,,2.982865,0.037346,0,0,4,2036.984922
HD 7570_1,HD 7570,0.15,0.071,0.941,0.218,15.261,1.14,2.004,,,0.158906,0.03747,0,0,4,2036.984922
HD 7570_2,HD 7570,1.977,0.063,1.73,3.716,15.261,1.14,2.004,,,2.101543,0.01929,0,2,4,2036.984922
HD 7570_3,HD 7570,3.034,0.079,1.364,1.913,15.261,1.14,2.004,,,2.816997,0.227661,0,0,4,2036.984922
HD 7570_4,HD 7570,0.569,0.099,0.726,0.483,15.261,1.14,2.004,,,0.589096,0.490413,0,0,4,2036.984922
HD 165341 A_0,HD 165341 A,3.482,0.036,1.359,2.775,5.113,0.88,0.532,,,3.599693,0.214869,0,0,5,2036.98747
HD 165341 A_2,HD 165341 A,0.277,0.022,2.947,13.11,5.113,0.88,0.532,,,0.278046,0.945832,0,0,5,2036.98747
HD 165341 A_3,HD 165341 A,0.642,0.027,1.615,1.833,5.113,0.88,0.532,0.111406,203.778232,0.626419,0.13171,1,3,5,2036.98747
HD 101501_3,HD 101501,0.112,0.069,1.262,2.497,9.576,0.94,0.609,,,0.114147,0.860364,0,0,6,2036.989086
HD 101501_7,HD 101501,0.888,0.054,0.887,0.333,9.576,0.94,0.609,0.092654,345.92091,0.912077,0.419186,1,5,6,2036.989086
HD 142373_0,HD 142373,1.268,0.168,0.757,0.148,15.898,1.08,3.136,,,1.070345,0.122218,0,0,3,2036.996127
HD 142373_1,HD 142373,1.76,0.092,0.868,0.535,15.898,1.08,3.136,,,1.723721,0.360783,0,0,3,2036.996127
HD 142373_2,HD 142373,0.834,0.129,2.923,6.259,15.898,1.08,3.136,,,0.891909,0.775768,0,0,3,2036.996127
HD 142373_4,HD 142373,1.161,0.006,1.265,2.536,15.898,1.08,3.136,,,1.166437,0.708547,0,0,3,2036.996127
HD 142373_6,HD 142373,4.705,0.105,0.947,0.923,15.898,1.08,3.136,,,4.38423,0.014918,0,0,3,2036.996127
HD 142373_7,HD 142373,1.878,0.051,2.611,6.816,15.898,1.08,3.136,0.105223,14.220883,1.937956,0.099144,1,3,3,2036.996127
HD 142373_8,HD 142373,3.092,0.053,1.805,7.326,15.898,1.08,3.136,,,2.987038,0.341652,0,2,3,2036.996127
HD 693_0,HD 693,1.045,0.058,1.136,2.579,18.886,1.18,2.997,,,0.995856,0.131389,0,0,3,2037.004397
HD 693_1,HD 693,0.139,0.106,2.768,7.407,18.886,1.18,2.997,,,0.130437,0.934685,0,0,3,2037.004397
HD 693_3,HD 693,1.448,0.069,1.975,3.042,18.886,1.18,2.997,,,1.462059,0.630926,0,0,3,2037.004397
HD 693_4,HD 693,1.744,0.105,1.392,2.348,18.886,1.18,2.997,,,1.620718,0.088786,0,2,3,2037.004397
HD 693_5,HD 693,2.909,0.1,1.423,2.794,18.886,1.18,2.997,,,2.74078,0.8602,0,0,3,2037.004397
HD 693_6,HD 693,2.914,0.024,0.574,0.316,18.886,1.18,2.997,,,2.846208,0.099693,0,0,3,2037.004397
HD 693_7,HD 693,3.93,0.01,2.298,5.004,18.886,1.18,2.997,0.200061,77.213881,3.923212,0.494223,1,1,3,2037.004397
HD 20630_1,HD 20630,0.648,0.142,1.547,4.726,9.276,0.98,0.857,,,0.73999,0.517042,0,0,8,2037.005767
HD 20630_5,HD 20630,1.387,0.083,0.621,0.63,9.276,0.98,0.857,,,1.346955,0.454242,0,0,8,2037.005767
HD 143761_0,HD 143761,2.268,0.052,0.622,0.131,17.511,0.97,1.812,,,2.258291,0.159229,0,0,5,2037.007137
HD 143761_3,HD 143761,0.463,0.017,0.834,0.619,17.511,0.97,1.812,,,0.470098,0.124084,0,0,5,2037.007137
HD 143761_4,HD 143761,1.096,0.157,0.808,0.895,17.511,0.97,1.812,,,1.170581,0.051532,0,0,5,2037.007137
HD 143761_5,HD 143761,0.834,0.096,1.155,1.684,17.511,0.97,1.812,,,0.760609,0.860726,0,0,5,2037.007137
HD 143761_7,HD 143761,2.609,0.089,2.154,12.289,17.511,0.97,1.812,,,2.761794,0.183489,0,0,5,2037.007137
HD 131977_0,HD 131977,2.114,0.033,1.305,3.47,5.886,0.72,0.223,,,2.118669,0.086231,0,1,3,2037.010126
HD 22484_0,HD 22484,0.838,0.146,1.142,1.607,13.92,1.14,3.068,,,0.946699,0.01862,0,0,4,2037.013738
HD 22484_1,HD 22484,1.12,0.109,1.996,7.679,13.92,1.14,3.068,,,1.047538,0.574735,0,0,4,2037.013738
HD 22484_2,HD 22484,0.469,0.117,1.765,3.166,13.92,1.14,3.068,,,0.414631,0.832743,0,0,4,2037.013738
HD 22484_5,HD 22484,4.456,0.081,0.516,0.034,13.92,1.14,3.068,,,4.276443,0.322785,0,0,4,2037.013738
HD 22484_7,HD 22484,3.201,0.074,0.943,1.501,13.92,1.14,3.068,,,3.320466,0.470095,0,0,4,2037.013738
HD 109358_0,HD 109358,0.599,0.064,0.661,0.193,8.473,1.08,1.151,,,0.560746,0.419956,0,0,7,2037.024665
HD 109358_1,HD 109358,0.313,0.024,1.946,4.835,8.473,1.08,1.151,,,0.309217,0.264525,0,0,7,2037.024665
HD 109358_3,HD 109358,0.172,0.066,1.409,1.609,8.473,1.08,1.151,,,0.182747,0.014859,0,0,7,2037.024665
HD 109358_4,HD 109358,1.488,0.078,0.58,0.237,8.473,1.08,1.151,,,1.506832,0.702154,0,0,7,2037.024665
HD 109358_5,HD 109358,3.968,0.05,3.285,25.806,8.473,1.08,1.151,,,3.773668,0.046024,0,0,7,2037.024665
HD 4614 A_0,HD 4614 A,4.718,0.051,1.358,3.151,5.01,1.14,1.252,,,4.754054,0.06738,0,0,3,2037.026035
HD 4614 A_1,HD 4614 A,0.651,0.133,0.728,0.235,5.01,1.14,1.252,0.094009,201.80609,0.736659,0.802735,1,2,3,2037.026035
HD 4614 A_2,HD 4614 A,2.584,0.017,1.361,2.842,5.01,1.14,1.252,,,2.540605,0.073286,0,1,3,2037.026035
HD 146233_0,HD 146233,0.356,0.047,2.679,8.19,14.137,1.02,1.094,,,0.366362,0.594322,0,0,7,2037.031937
HD 146233_1,HD 146233,0.206,0.044,2.032,3.376,14.137,1.02,1.094,,,0.206207,0.410538,0,0,7,2037.031937
HD 146233_4,HD 146233,0.539,0.141,1.433,3.682,14.137,1.02,1.094,,,0.535009,0.217995,0,0,7,2037.031937
HD 140538 A_0,HD 140538 A,2.088,0.047,0.685,0.069,14.793,0.94,0.834,,,1.9907,0.039765,0,0,8,2037.033307
HD 140538 A_1,HD 140538 A,0.512,0.053,2.798,18.338,14.793,0.94,0.834,,,0.52864,0.029352,0,0,8,2037.033307
HD 140538 A_2,HD 140538 A,4.137,0.053,0.916,0.304,14.793,0.94,0.834,,,3.917756,0.919578,0,0,8,2037.033307
HD 30495_0,HD 30495,1.934,0.08,0.989,1.288,13.24,1.04,0.966,,,1.949305,0.489135,0,1,5,2037.034677
HD 30495_2,HD 30495,0.416,0.06,1.179,0.557,13.24,1.04,0.966,,,0.440025,0.039206,0,0,5,2037.034677
HD 30495_3,HD 30495,1.848,0.089,0.623,0.48,13.24,1.04,0.966,,,1.694966,0.529086,0,0,5,2037.034677
HD 128620_0,HD 128620,1.567,0.074,0.945,0.738,1.332,1.11,1.521,,,1.484948,0.08126,0,1,4,2037.036047
HD 128620_1,HD 128620,1.266,0.016,1.198,6.221,1.332,1.11,1.521,,,1.261455,0.099592,0,2,4,2037.036047
HD 46588 A_0,HD 46588 A,1.961,0.092,1.375,5.123,18.202,1.18,1.826,0.099106,270.341854,1.83227,0.429864,1,2,3,2037.047721
HD 46588 A_2,HD 46588 A,0.149,0.051,1.651,3.767,18.202,1.18,1.826,,,0.151542,0.908722,0,0,3,2037.047721
HD 46588 A_4,HD 46588 A,0.634,0.042,1.252,1.899,18.202,1.18,1.826,,,0.619406,0.701634,0,0,3,2037.047721
HD 46588 A_5,HD 46588 A,0.119,0.052,0.593,0.101,18.202,1.18,1.826,,,0.121082,0.319693,0,0,3,2037.047721
HD 46588 A_6,HD 46588 A,0.647,0.045,2.121,5.747,18.202,1.18,1.826,,,0.664533,0.921913,0,0,3,2037.047721
HD 46588 A_7,HD 46588 A,1.085,0.088,1.256,5.584,18.202,1.18,1.826,,,0.989535,0.959372,0,0,3,2037.047721
HD 46588 A_8,HD 46588 A,2.008,0.017,0.521,0.08,18.202,1.18,1.826,,,2.033664,0.303504,0,0,3,2037.047721
HD 201092_1,HD 201092,2.708,0.059,2.37,8.514,3.496,0.63,0.078,,,2.70676,0.086299,0,1,3,2037.049091
HD 20807_0,HD 20807,0.337,0.072,1.793,3.234,12.039,1.07,1.017,,,0.317153,0.247683,0,0,4,2037.057809
HD 20807_1,HD 20807,1.546,0.069,0.954,0.846,12.039,1.07,1.017,0.118715,216.447418,1.603267,0.580782,1,3,4,2037.057809
HD 20807_2,HD 20807,2.979,0.055,2.038,8.298,12.039,1.07,1.017,,,3.062696,0.318048,0,0,4,2037.057809
HD 90839_0,HD 90839,3.665,0.022,0.781,0.186,12.945,1.18,1.605,,,3.738306,0.225362,0,0,6,2037.067549
HD 90839_1,HD 90839,0.191,0.094,1.403,2.751,12.945,1.18,1.605,,,0.198457,0.06313,0,0,6,2037.067549
HD 90839_2,HD 90839,3.378,0.112,1.125,1.619,12.945,1.18,1.605,,,3.739872,0.120385,0,0,6,2037.067549
HD 90839_5,HD 90839,0.15,0.051,2.273,4.226,12.945,1.18,1.605,,,0.155166,0.725404,0,0,6,2037.067549
HD 20766_0,HD 20766,1.336,0.161,1.674,3.092,12.045,1.01,0.794,,,1.137249,0.666919,0,2,4,2037.068919
HD 20766_1,HD 20766,0.327,0.097,2.659,6.922,12.045,1.01,0.794,,,0.358701,0.948563,0,0,4,2037.068919
HD 20766_4,HD 20766,1.915,0.031,0.912,0.441,12.045,1.01,0.794,,,1.960382,0.57556,0,1,4,2037.068919
HD 50692_0,HD 50692,3.95,0.04,2.831,10.297,17.405,1.08,1.293,,,4.096898,0.065583,0,2,3,2037.072529
HD 50692_1,HD 50692,0.28,0.064,0.734,0.092,17.405,1.08,1.293,,,0.262483,0.244913,0,0,3,2037.072529
HD 50692_2,HD 50692,0.513,0.081,1.798,3.652,17.405,1.08,1.293,,,0.47497,0.464314,0,0,3,2037.072529
HD 50692_3,HD 50692,0.925,0.032,2.849,9.197,17.405,1.08,1.293,,,0.954037,0.039155,0,0,3,2037.072529
HD 10361_1,HD 10361,0.761,0.025,1.303,2.715,8.197,0.77,0.304,,,0.77554,0.640951,0,3,4,2037.078723
HD 10361_2,HD 10361,0.985,0.066,0.785,0.596,8.197,0.77,0.304,,,1.0472,0.008469,0,0,4,2037.078723
HD 10361_3,HD 10361,1.525,0.07,0.586,0.784,8.197,0.77,0.304,,,1.581587,0.656475,0,0,4,2037.078723
HD 10361_4,HD 10361,4.037,0.084,0.501,0.084,8.197,0.77,0.304,,,4.311947,0.022952,0,0,4,2037.078723
HD 19373_0,HD 19373,0.74,0.034,3.212,9.93,10.577,1.08,2.23,,,0.76005,0.443621,0,0,4,2037.101787
HD 19373_2,HD 19373,0.724,0.048,1.483,3.085,10.577,1.08,2.23,,,0.75604,0.45579,0,0,4,2037.101787
HD 19373_3,HD 19373,0.676,0.061,1.037,1.075,10.577,1.08,2.23,,,0.635947,0.540467,0,0,4,2037.101787
HD 19373_6,HD 19373,0.114,0.04,2.433,8.086,10.577,1.08,2.23,,,0.112304,0.67969,0,0,4,2037.101787
HD 19373_7,HD 19373,2.87,0.048,1.622,2.945,10.577,1.08,2.23,0.246093,36.765645,2.801668,0.524304,1,2,4,2037.101787
HD 88230_0,HD 88230,1.858,0.024,1.413,3.961,4.871,0.63,0.103,,,1.849687,0.076823,0,1,3,2037.104459
HD 88230_1,HD 88230,0.369,0.102,2.613,14.391,4.871,0.63,0.103,,,0.331389,0.918338,0,0,3,2037.104459
HD 88230_2,HD 88230,0.941,0.058,0.511,0.079,4.871,0.63,0.103,,,0.957742,0.090524,0,1,3,2037.104459
HD 88230_3,HD 88230,1.397,0.055,1.541,3.057,4.871,0.63,0.103,0.214712,236.071782,1.471186,0.746647,1,2,3,2037.104459
HD 88230_4,HD 88230,0.683,0.12,0.831,0.221,4.871,0.63,0.103,,,0.759112,0.037656,0,0,3,2037.104459
HD 88230_5,HD 88230,2.552,0.09,1.594,2.912,4.871,0.63,0.103,,,2.323628,0.056311,0,1,3,2037.104459
HD 88230_6,HD 88230,2.842,0.103,0.661,0.567,4.871,0.63,0.103,,,3.058055,0.269796,0,0,3,2037.104459
HD 149661_2,HD 149661,2.991,0.073,1.285,2.935,9.894,0.87,0.462,,,2.772735,0.076071,0,0,3,2037.110828
HD 149661_3,HD 149661,2.364,0.065,0.7,0.315,9.894,0.87,0.462,,,2.357305,0.649365,0,0,3,2037.110828
HD 149661_5,HD 149661,3.155,0.051,2.936,7.428,9.894,0.87,0.462,,,3.273856,0.005605,0,1,3,2037.110828
HD 100623 A_0,HD 100623 A,4.014,0.105,2.503,8.448,9.559,0.88,0.37,,,3.746707,0.025923,0,1,3,2037.115838
HD 100623 A_2,HD 100623 A,0.102,0.086,0.559,0.245,9.559,0.88,0.37,,,0.108257,0.616874,0,0,3,2037.115838
HD 100623 A_3,HD 100623 A,4.384,0.075,1.441,2.214,9.559,0.88,0.37,,,4.627511,0.776564,0,0,3,2037.115838
HD 100623 A_4,HD 100623 A,2.524,0.072,0.66,0.613,9.559,0.88,0.37,,,2.63657,0.464741,0,0,3,2037.115838
HD 100623 A_5,HD 100623 A,4.18,0.038,0.734,0.337,9.559,0.88,0.37,,,4.021442,0.743825,0,0,3,2037.115838
HD 100623 A_6,HD 100623 A,0.362,0.165,0.555,0.359,9.559,0.88,0.37,,,0.35537,0.231721,0,0,3,2037.115838
HD 100623 A_7,HD 100623 A,4.073,0.068,1.365,1.972,9.559,0.88,0.37,,,3.962952,0.647604,0,0,3,2037.115838
HD 216803_1,HD 216803,3.539,0.087,2.035,5.879,7.601,0.72,0.196,,,3.398649,0.217288,0,1,3,2037.117567
HD 216803_3,HD 216803,0.104,0.044,0.893,0.284,7.601,0.72,0.196,,,0.101717,0.138025,0,0,3,2037.117567
HD 216803_4,HD 216803,2.738,0.038,2.631,12.08,7.601,0.72,0.196,,,2.773405,0.016756,0,2,3,2037.117567
HD 216803_5,HD 216803,0.109,0.06,0.686,0.431,7.601,0.72,0.196,,,0.107504,0.107277,0,0,3,2037.117567
HD 216803_6,HD 216803,0.431,0.071,1.431,2.693,7.601,0.72,0.196,,,0.439508,0.091437,0,0,3,2037.117567
HD 156026_0,HD 156026,3.18,0.093,3.171,14.895,5.954,0.68,0.158,0.254515,73.242962,3.434343,0.905432,1,5,5,2037.118937
HD 156026_1,HD 156026,0.564,0.081,0.509,0.042,5.954,0.68,0.158,0.102815,151.302159,0.594864,0.361292,1,4,5,2037.118937
HD 156026_2,HD 156026,0.423,0.044,0.607,0.379,5.954,0.68,0.158,,,0.413786,0.389141,0,0,5,2037.118937
HD 156026_3,HD 156026,1.001,0.06,2.318,7.224,5.954,0.68,0.158,0.157358,213.101414,0.94329,0.344666,1,5,5,2037.118937
HD 156026_5,HD 156026,1.693,0.124,2.972,9.407,5.954,0.68,0.158,0.230934,303.899321,1.566577,0.11823,1,5,5,2037.118937
HD 38393_0,HD 38393,0.205,0.072,1.088,1.383,8.905,1.23,2.344,,,0.192321,0.614636,0,0,5,2037.120307
HD 38393_1,HD 38393,3.39,0.099,0.656,0.073,8.905,1.23,2.344,,,3.321059,0.091317,0,0,5,2037.120307
HD 38393_3,HD 38393,0.355,0.086,1.549,2.098,8.905,1.23,2.344,,,0.337721,0.758361,0,0,5,2037.120307
HD 38393_4,HD 38393,4.373,0.052,1.208,1.876,8.905,1.23,2.344,,,4.294902,0.093359,0,0,5,2037.120307
HD 72905_1,HD 72905,0.661,0.069,0.5,0.051,14.439,1.08,0.973,,,0.615728,0.06216,0,0,8,2037.121677
HD 72905_3,HD 72905,0.899,0.099,2.776,19.234,14.439,1.08,0.973,,,0.974811,0.045556,0,0,8,2037.121677
HD 72905_4,HD 72905,0.923,0.214,1.407,2.24,14.439,1.08,0.973,,,1.117429,0.096193,0,0,8,2037.121677
HD 72905_5,HD 72905,3.175,0.086,0.525,0.068,14.439,1.08,0.973,,,3.446634,0.977942,0,0,8,2037.121677
HD 217987_0,HD 217987,3.278,0.032,3.1,17.272,3.287,0.49,0.036,,,3.380034,0.249947,0,2,3,2037.12359
HD 217987_1,HD 217987,0.104,0.158,2.049,6.333,3.287,0.49,0.036,,,0.11973,0.322199,0,0,3,2037.12359
HD 4391_0,HD 4391,0.363,0.182,1.471,1.692,15.049,0.98,0.923,,,0.344593,0.745163,0,0,8,2037.139829
HD 4391_1,HD 4391,1.544,0.114,0.614,0.159,15.049,0.98,0.923,,,1.528314,0.79564,0,0,8,2037.139829
HD 4391_2,HD 4391,0.361,0.058,0.863,0.256,15.049,0.98,0.923,,,0.376779,0.617167,0,0,8,2037.139829
HD 4391_3,HD 4391,0.102,0.064,0.942,1.344,15.049,0.98,0.923,,,0.097331,0.024593,0,0,8,2037.139829
HD 4391_4,HD 4391,0.526,0.038,2.712,11.881,15.049,0.98,0.923,,,0.506559,0.033753,0,0,8,2037.139829
HD 95128_1,HD 95128,2.285,0.074,0.586,0.282,13.887,1.07,1.577,,,2.124378,0.54014,0,0,6,2037.146399
HD 95128_2,HD 95128,4.586,0.035,0.538,0.083,13.887,1.07,1.577,,,4.736336,0.027042,0,0,6,2037.146399
HD 95128_3,HD 95128,0.343,0.031,2.771,10.086,13.887,1.07,1.577,,,0.33496,0.427635,0,0,6,2037.146399
HD 95128_4,HD 95128,2.15,0.173,1.218,6.511,13.887,1.07,1.577,,,2.124652,0.88052,0,0,6,2037.146399
HD 95128_5,HD 95128,0.6,0.105,2.299,8.137,13.887,1.07,1.577,,,0.613539,0.472183,0,0,6,2037.146399
HD 95128_6,HD 95128,0.335,0.024,2.419,8.582,13.887,1.07,1.577,,,0.341477,0.095034,0,0,6,2037.146399
HD 95128_7,HD 95128,0.847,0.089,1.394,3.129,13.887,1.07,1.577,,,0.922227,0.401192,0,0,6,2037.146399
HD 95128_8,HD 95128,0.588,0.034,2.182,8.46,13.887,1.07,1.577,,,0.570292,0.621092,0,0,6,2037.146399
HD 190248_1,HD 190248,1.11,0.055,1.408,3.629,6.099,0.94,1.25,0.181991,238.167329,1.148854,0.271457,1,4,5,2037.148771
HD 190248_2,HD 190248,3.754,0.072,1.017,1.24,6.099,0.94,1.25,,,3.860473,0.782973,0,0,5,2037.148771
HD 190248_3,HD 190248,1.406,0.139,0.51,0.568,6.099,0.94,1.25,,,1.562578,0.056715,0,1,5,2037.148771
HD 165341 B_1,HD 165341 B,1.256,0.089,0.5,0.053,5.122,0.78,0.164,,,1.366825,0.218247,0,0,6,2037.172801
HD 165341 B_2,HD 165341 B,4.082,0.042,1.247,0.85,5.122,0.78,0.164,,,4.22243,0.36972,0,0,6,2037.172801
HD 165341 B_3,HD 165341 B,0.1,0.077,0.528,0.124,5.122,0.78,0.164,,,0.092305,0.092638,0,0,6,2037.172801
HD 165341 B_4,HD 165341 B,0.76,0.117,1.137,2.374,5.122,0.78,0.164,0.148655,254.453343,0.803171,0.239622,1,4,6,2037.172801
HD 203608_0,HD 203608,2.203,0.092,1.79,3.488,9.258,1.14,1.466,0.243997,182.672387,2.236798,0.379782,1,2,4,2037.181795
HD 203608_1,HD 203608,2.342,0.1,0.502,0.104,9.258,1.14,1.466,,,2.37153,0.196209,0,0,4,2037.181795
HD 203608_2,HD 203608,2.74,0.062,1.086,1.189,9.258,1.14,1.466,,,2.638782,0.035294,0,1,4,2037.181795
HD 203608_5,HD 203608,4.293,0.038,0.929,0.698,9.258,1.14,1.466,,,4.443268,0.021426,0,0,4,2037.181795
HD 203608_6,HD 203608,0.526,0.072,0.985,0.486,9.258,1.14,1.466,,,0.504859,0.783781,0,0,4,2037.181795
HD 65907 A_0,HD 65907 A,0.584,0.099,0.585,0.122,16.172,1.11,1.29,,,0.535181,0.823375,0,0,7,2037.195426
HD 65907 A_1,HD 65907 A,1.316,0.075,0.982,3.131,16.172,1.11,1.29,,,1.217471,0.885274,0,0,7,2037.195426
HD 65907 A_2,HD 65907 A,1.009,0.058,1.202,5.136,16.172,1.11,1.29,,,0.982778,0.369839,0,0,7,2037.195426
HD 185144_1,HD 185144,0.747,0.07,0.5,0.019,5.764,0.87,0.434,,,0.735501,0.00034,0,2,7,2037.203061
HD 185144_3,HD 185144,0.688,0.135,2.317,4.389,5.764,0.87,0.434,0.119112,108.132184,0.765989,0.549806,1,5,7,2037.203061
HD 166_0,HD 166,1.592,0.09,1.08,2.182,13.766,0.94,0.647,0.100789,145.881523,1.696482,0.579974,1,3,4,2037.21846
HD 166_1,HD 166,0.635,0.021,0.515,0.062,13.766,0.94,0.647,,,0.624657,0.441366,0,0,4,2037.21846
HD 114710_0,HD 114710,1.415,0.117,0.681,0.147,9.197,1.11,1.357,,,1.259304,0.023397,0,0,4,2037.233902
HD 114710_1,HD 114710,0.314,0.116,0.63,1.142,9.197,1.11,1.357,,,0.29324,0.563394,0,0,4,2037.233902
HD 114710_2,HD 114710,2.258,0.018,0.683,0.173,9.197,1.11,1.357,,,2.281158,0.971372,0,0,4,2037.233902
HD 114710_4,HD 114710,0.861,0.053,0.898,0.439,9.197,1.11,1.357,,,0.832145,0.101499,0,1,4,2037.233902
HD 114710_5,HD 114710,0.124,0.109,3.108,17.681,9.197,1.11,1.357,,,0.137515,0.121119,0,0,4,2037.233902
HD 17051_0,HD 17051,1.593,0.055,0.8,0.166,17.357,1.14,1.737,,,1.676916,0.911903,0,0,6,2037.237184
HD 17051_1,HD 17051,2.146,0.107,1.035,0.971,17.357,1.14,1.737,,,1.952729,0.924502,0,0,6,2037.237184
HD 17051_2,HD 17051,4.311,0.108,1.302,2.591,17.357,1.14,1.737,,,3.846442,0.009905,0,0,6,2037.237184
HD 201091_1,HD 201091,1.051,0.108,0.699,0.293,3.497,0.68,0.142,,,0.991496,0.158045,0,1,5,2037.264833
HD 201091_2,HD 201091,2.964,0.153,0.94,0.359,3.497,0.68,0.142,,,3.077521,0.910669,0,0,5,2037.264833
HD 201091_4,HD 201091,2.241,0.067,3.013,8.159,3.497,0.68,0.142,0.345715,45.355662,2.137951,0.853479,1,2,5,2037.264833
HD 165341 A_0,HD 165341 A,3.482,0.036,1.359,2.775,5.113,0.88,0.532,,,3.60676,0.324923,0,0,6,2037.277421
HD 165341 A_2,HD 165341 A,0.277,0.022,2.947,13.11,5.113,0.88,0.532,,,0.273339,0.551215,0,0,6,2037.277421
HD 165341 A_3,HD 165341 A,0.642,0.027,1.615,1.833,5.113,0.88,0.532,0.099509,23.352489,0.658786,0.691057,1,4,6,2037.277421
HD 128621_0,HD 128621,0.181,0.076,0.591,0.281,1.332,0.94,0.503,0.125738,203.277537,0.178572,0.211125,1,5,5,2037.282421
HD 128621_1,HD 128621,3.969,0.152,0.756,0.624,1.332,0.94,0.503,,,4.526915,0.684828,0,0,5,2037.282421
HD 128621_3,HD 128621,4.377,0.084,0.667,0.424,1.332,0.94,0.503,,,4.67611,0.064748,0,0,5,2037.282421
HD 128621_4,HD 128621,1.135,0.055,1.179,1.502,1.332,0.94,0.503,0.669706,81.431222,1.088249,0.65887,1,3,5,2037.282421
HD 202560_0,HD 202560,0.846,0.075,1.59,2.013,3.97,0.59,0.083,0.128617,330.404094,0.782556,0.801937,1,5,6,2037.290024
HD 202560_1,HD 202560,0.552,0.052,0.674,0.125,3.97,0.59,0.083,0.133111,335.501399,0.524092,0.261982,1,6,6,2037.290024
HD 202560_3,HD 202560,0.867,0.117,1.589,3.604,3.97,0.59,0.083,0.235918,56.990885,0.96828,0.478334,1,6,6,2037.290024
HD 202560_4,HD 202560,2.302,0.14,0.558,0.251,3.97,0.59,0.083,,,2.392006,0.595215,0,0,6,2037.290024
HD 202560_5,HD 202560,3.244,0.082,0.847,0.372,3.97,0.59,0.083,,,3.367803,0.330009,0,0,6,2037.290024
HD 202560_6,HD 202560,0.414,0.085,0.785,0.225,3.97,0.59,0.083,0.098351,221.227098,0.415221,0.203199,1,6,6,2037.290024
HD 209100_0,HD 209100,2.433,0.127,0.524,0.078,3.638,0.72,0.222,,,2.681864,0.004154,0,0,4,2037.301741
HD 209100_1,HD 209100,1.218,0.094,0.54,0.224,3.638,0.72,0.222,,,1.31654,0.157009,0,2,4,2037.301741
HD 209100_2,HD 209100,0.989,0.073,1.925,7.679,3.638,0.72,0.222,0.278564,218.086407,1.049311,0.180167,1,4,4,2037.301741
HD 209100_4,HD 209100,3.542,0.022,2.632,11.464,3.638,0.72,0.222,0.715621,170.383831,3.48998,0.728516,1,4,4,2037.301741
HD 209100_5,HD 209100,0.635,0.076,0.931,0.965,3.638,0.72,0.222,0.177363,72.903454,0.676312,0.522921,1,4,4,2037.301741
HD 209100_6,HD 209100,1.701,0.082,0.885,1.719,3.638,0.72,0.222,,,1.825894,0.228581,0,1,4,2037.301741
HD 209100_8,HD 209100,2.097,0.099,2.488,10.973,3.638,0.72,0.222,,,2.218906,0.017158,0,3,4,2037.301741
HD 209100_9,HD 209100,0.782,0.071,2.297,6.298,3.638,0.72,0.222,0.171464,322.263846,0.828336,0.721901,1,4,4,2037.301741
HD 209100_10,HD 209100,0.182,0.056,2.026,7.17,3.638,0.72,0.222,,,0.186068,0.19419,0,0,4,2037.301741
HD 209100_11,HD 209100,0.917,0.107,1.174,2.417,3.638,0.72,0.222,0.224721,253.044942,0.82201,0.336409,1,4,4,2037.301741
HD 1581_1,HD 1581,1.541,0.046,2.633,10.663,8.607,1.11,1.262,0.173259,169.731021,1.590824,0.171597,1,3,4,2037.305821
HD 1581_2,HD 1581,0.181,0.101,0.988,1.538,8.607,1.11,1.262,,,0.196826,0.979614,0,0,4,2037.305821
HD 1581_3,HD 1581,1.491,0.126,2.76,10.6,8.607,1.11,1.262,0.143466,316.115417,1.384273,0.148212,1,3,4,2037.305821
HD 1581_4,HD 1581,0.208,0.109,2.378,6.033,8.607,1.11,1.262,,,0.18533,0.209576,0,0,4,2037.305821
HD 17206_0,HD 17206,1.742,0.09,0.885,1.25,14.276,1.21,2.617,,,1.690751,0.239656,0,0,5,2037.322379
HD 17206_1,HD 17206,0.879,0.039,2.253,5.781,14.276,1.21,2.617,,,0.910311,0.009074,0,0,5,2037.322379
HD 17206_2,HD 17206,0.485,0.035,0.762,0.888,14.276,1.21,2.617,,,0.499409,0.932034,0,0,5,2037.322379
HD 30495_0,HD 30495,1.934,0.08,0.989,1.288,13.24,1.04,0.966,0.102365,48.15907,2.043044,0.779459,1,2,6,2037.331044
HD 30495_2,HD 30495,0.416,0.06,1.179,0.557,13.24,1.04,0.966,,,0.428712,0.260624,0,0,6,2037.331044
HD 30495_3,HD 30495,1.848,0.089,0.623,0.48,13.24,1.04,0.966,,,1.700051,0.865324,0,0,6,2037.331044
HD 155885_0,HD 155885,0.424,0.016,1.08,0.365,5.948,0.85,0.332,,,0.417224,0.093671,0,0,4,2037.335297
HD 155885_1,HD 155885,0.125,0.137,2.355,7.262,5.948,0.85,0.332,,,0.126666,0.091613,0,0,4,2037.335297
HD 155885_4,HD 155885,2.293,0.052,0.991,0.685,5.948,0.85,0.332,,,2.177448,0.092056,0,1,4,2037.335297
HD 165499_0,HD 165499,3.777,0.071,0.637,0.161,17.753,1.08,1.731,,,4.013552,0.052921,0,0,4,2037.339555
HD 165499_1,HD 165499,0.192,0.04,0.654,0.106,17.753,1.08,1.731,,,0.188427,0.515184,0,0,4,2037.339555
HD 165499_3,HD 165499,0.221,0.065,0.75,0.229,17.753,1.08,1.731,,,0.217924,0.8448,0,0,4,2037.339555
HD 165499_4,HD 165499,1.569,0.062,3.377,24.497,17.753,1.08,1.731,0.078895,345.654082,1.566963,0.436729,1,3,4,2037.339555
HD 109358_0,HD 109358,0.599,0.064,0.661,0.193,8.473,1.08,1.151,,,0.606067,0.410651,0,0,8,2037.354804
HD 109358_1,HD 109358,0.313,0.024,1.946,4.835,8.473,1.08,1.151,,,0.310734,0.36837,0,0,8,2037.354804
HD 109358_3,HD 109358,0.172,0.066,1.409,1.609,8.473,1.08,1.151,,,0.171253,0.285937,0,0,8,2037.354804
HD 109358_4,HD 109358,1.488,0.078,0.58,0.237,8.473,1.08,1.151,,,1.599666,0.510277,0,0,8,2037.354804
HD 109358_5,HD 109358,3.968,0.05,3.285,25.806,8.473,1.08,1.151,,,3.770303,0.110212,0,0,8,2037.354804
HD 146233_0,HD 146233,0.356,0.047,2.679,8.19,14.137,1.02,1.094,,,0.342736,0.169315,0,0,8,2037.35895
HD 146233_1,HD 146233,0.206,0.044,2.032,3.376,14.137,1.02,1.094,,,0.205664,0.208597,0,0,8,2037.35895
HD 146233_4,HD 146233,0.539,0.141,1.433,3.682,14.137,1.02,1.094,,,0.468688,0.006605,0,0,8,2037.35895
HD 55575_0,HD 55575,1.084,0.09,0.727,0.186,16.852,1.14,1.463,,,1.11335,0.964846,0,0,7,2037.368217
HD 55575_1,HD 55575,0.133,0.053,0.578,0.677,16.852,1.14,1.463,,,0.128238,0.846065,0,0,7,2037.368217
HD 32147_1,HD 32147,0.121,0.122,1.044,1.526,8.844,0.75,0.29,,,0.132817,0.25666,0,0,5,2037.400532
HD 32147_2,HD 32147,3.272,0.062,1.942,2.786,8.844,0.75,0.29,0.279631,175.099719,3.16362,0.681415,1,3,5,2037.400532
HD 131156 A_0,HD 131156 A,0.922,0.01,2.426,6.027,6.754,0.96,0.553,0.137762,14.821095,0.926259,0.297368,1,5,5,2037.402815
HD 131156 A_1,HD 131156 A,1.097,0.147,1.932,4.971,6.754,0.96,0.553,0.103443,25.646019,1.123347,0.810862,1,5,5,2037.402815
HD 20794_0,HD 20794,4.322,0.17,2.962,5.742,6.041,0.97,0.654,0.554778,121.393507,3.593797,0.521434,1,1,8,2037.422043
HD 20794_1,HD 20794,2.398,0.095,1.302,2.525,6.041,0.97,0.654,0.307777,171.848274,2.405466,0.706721,1,2,8,2037.422043
HD 43386_0,HD 43386,2.541,0.037,0.504,0.177,19.588,1.33,2.957,,,2.487135,0.451343,0,0,5,2037.431198
HD 43386_1,HD 43386,1.141,0.101,1.584,2.873,19.588,1.33,2.957,,,1.206944,0.01714,0,0,5,2037.431198
HD 43386_3,HD 43386,0.289,0.045,1.072,0.429,19.588,1.33,2.957,,,0.301588,0.229891,0,0,5,2037.431198
HD 33262 A_0,HD 33262 A,4.098,0.155,0.949,0.422,11.693,1.14,1.466,,,4.432881,0.006426,0,0,6,2037.436966
HD 33262 A_1,HD 33262 A,3.3,0.062,1.368,1.583,11.693,1.14,1.466,0.175178,162.637251,3.105144,0.792132,1,1,6,2037.436966
HD 33262 A_2,HD 33262 A,3.337,0.087,0.965,0.502,11.693,1.14,1.466,,,3.34994,0.447423,0,0,6,2037.436966
HD 33262 A_4,HD 33262 A,1.015,0.091,2.255,9.306,11.693,1.14,1.466,,,1.08662,0.0022,0,1,6,2037.436966
HD 33262 A_5,HD 33262 A,0.358,0.206,1.487,2.029,11.693,1.14,1.466,,,0.390561,0.712597,0,0,6,2037.436966
HD 33262 A_6,HD 33262 A,0.874,0.139,0.646,0.257,11.693,1.14,1.466,,,0.926983,0.170824,0,0,6,2037.436966
HD 33262 A_8,HD 33262 A,0.199,0.101,2.893,13.631,11.693,1.14,1.466,,,0.182283,0.353163,0,0,6,2037.436966
HD 155886_1,HD 155886,0.511,0.064,0.698,0.549,5.952,0.85,0.327,0.087096,231.263392,0.541207,0.175521,1,4,6,2037.438336
HD 155886_2,HD 155886,0.232,0.069,1.589,4.704,5.952,0.85,0.327,,,0.233442,0.295723,0,0,6,2037.438336
HD 155886_3,HD 155886,1.253,0.044,2.915,7.774,5.952,0.85,0.327,0.191626,338.438964,1.225917,0.521257,1,6,6,2037.438336
HD 155886_4,HD 155886,0.305,0.028,0.94,0.937,5.952,0.85,0.327,,,0.306856,0.879583,0,0,6,2037.438336
HD 155886_5,HD 155886,0.201,0.128,1.339,2.779,5.952,0.85,0.327,,,0.18136,0.954307,0,0,6,2037.438336
HD 155886_6,HD 155886,0.316,0.044,0.948,1.735,5.952,0.85,0.327,,,0.308521,0.331445,0,0,6,2037.438336
HD 155886_7,HD 155886,0.59,0.079,3.352,16.163,5.952,0.85,0.327,0.102854,350.508942,0.636087,0.233274,1,6,6,2037.438336
HD 155886_8,HD 155886,3.879,0.087,2.635,16.445,5.952,0.85,0.327,0.574142,105.329957,3.622759,0.491143,1,1,6,2037.438336
HD 84117_2,HD 84117,0.48,0.183,0.807,0.707,14.951,1.14,1.977,,,0.564951,0.131777,0,0,6,2037.442466
HD 84117_3,HD 84117,2.469,0.127,0.583,0.157,14.951,1.14,1.977,,,2.681615,0.797082,0,0,6,2037.442466
HD 84117_5,HD 84117,2.421,0.095,0.605,0.239,14.951,1.14,1.977,,,2.357824,0.121448,0,0,6,2037.442466
HD 43042_0,HD 43042,4.095,0.078,0.558,0.185,21.776,1.29,2.936,,,4.12307,0.731437,0,0,5,2037.462704
HD 43042_1,HD 43042,0.434,0.11,0.533,0.05,21.776,1.29,2.936,,,0.481615,0.007099,0,0,5,2037.462704
HD 43042_3,HD 43042,0.724,0.14,0.733,0.758,21.776,1.29,2.936,,,0.623614,0.009309,0,0,5,2037.462704
HD 90839_0,HD 90839,3.665,0.022,0.781,0.186,12.945,1.18,1.605,,,3.745554,0.409629,0,0,7,2037.47284
HD 90839_1,HD 90839,0.191,0.094,1.403,2.751,12.945,1.18,1.605,,,0.173766,0.260161,0,0,7,2037.47284
HD 90839_2,HD 90839,3.378,0.112,1.125,1.619,12.945,1.18,1.605,,,3.66687,0.053496,0,0,7,2037.47284
HD 90839_5,HD 90839,0.15,0.051,2.273,4.226,12.945,1.18,1.605,,,0.14508,0.047177,0,0,7,2037.47284
HD 210302_0,HD 210302,0.937,0.087,1.293,2.482,18.458,1.25,2.918,,,0.941909,0.514861,0,0,5,2037.480681
HD 210302_1,HD 210302,0.316,0.034,0.672,0.291,18.458,1.25,2.918,,,0.323196,0.810111,0,0,5,2037.480681
HD 210302_2,HD 210302,0.162,0.125,0.82,0.565,18.458,1.25,2.918,,,0.172738,0.875545,0,0,5,2037.480681
HD 210302_3,HD 210302,0.925,0.123,2.909,15.97,18.458,1.25,2.918,,,1.031542,0.042523,0,0,5,2037.480681
HD 210302_4,HD 210302,1.629,0.122,1.727,5.061,18.458,1.25,2.918,,,1.682533,0.069012,0,0,5,2037.480681
HD 190360_0,HD 190360,0.922,0.17,1.79,3.759,16.003,0.96,1.165,,,0.984575,0.035266,0,0,6,2037.488661
HD 190360_1,HD 190360,3.764,0.081,1.071,1.582,16.003,0.96,1.165,,,4.066845,0.200697,0,0,6,2037.488661
HD 190360_3,HD 190360,3.632,0.139,2.733,10.267,16.003,0.96,1.165,0.165487,274.389441,3.890465,0.774021,1,2,6,2037.488661
HD 190360_4,HD 190360,1.735,0.021,0.534,0.045,16.003,0.96,1.165,,,1.771068,0.2312,0,0,6,2037.488661
HD 190360_5,HD 190360,0.581,0.08,1.934,2.88,16.003,0.96,1.165,,,0.553964,0.414611,0,0,6,2037.488661
HD 46588 A_0,HD 46588 A,1.961,0.092,1.375,5.123,18.202,1.18,1.826,0.098685,192.03708,1.797561,0.285355,1,3,4,2037.494185
HD 46588 A_2,HD 46588 A,0.149,0.051,1.651,3.767,18.202,1.18,1.826,,,0.150771,0.133072,0,0,4,2037.494185
HD 46588 A_4,HD 46588 A,0.634,0.042,1.252,1.899,18.202,1.18,1.826,,,0.614215,0.807322,0,0,4,2037.494185
HD 46588 A_5,HD 46588 A,0.119,0.052,0.593,0.101,18.202,1.18,1.826,,,0.124937,0.327864,0,0,4,2037.494185
HD 46588 A_6,HD 46588 A,0.647,0.045,2.121,5.747,18.202,1.18,1.826,,,0.672387,0.859008,0,0,4,2037.494185
HD 46588 A_7,HD 46588 A,1.085,0.088,1.256,5.584,18.202,1.18,1.826,,,1.173074,0.002778,0,0,4,2037.494185
HD 46588 A_8,HD 46588 A,2.008,0.017,0.521,0.08,18.202,1.18,1.826,,,2.040246,0.061662,0,0,4,2037.494185
HD 23249_0,HD 23249,2.38,0.039,0.804,0.586,9.089,0.87,2.941,,,2.288396,0.197289,0,0,4,2037.495555
HD 23249_1,HD 23249,2.348,0.031,1.487,3.029,9.089,0.87,2.941,,,2.41915,0.966394,0,1,4,2037.495555
HD 26965 A_1,HD 26965 A,0.482,0.058,1.38,2.403,5.01,0.86,0.41,0.093436,248.250899,0.474257,0.188821,1,2,7,2037.496924
HD 26965 A_2,HD 26965 A,0.345,0.049,0.5,0.06,5.01,0.86,0.41,,,0.361807,0.109383,0,0,7,2037.496924
HD 143761_0,HD 143761,2.268,0.052,0.622,0.131,17.511,0.97,1.812,,,2.351933,0.564017,0,0,6,2037.498294
HD 143761_3,HD 143761,0.463,0.017,0.834,0.619,17.511,0.97,1.812,,,0.4569,0.564242,0,0,6,2037.498294
HD 143761_4,HD 143761,1.096,0.157,0.808,0.895,17.511,0.97,1.812,,,1.152433,0.79164,0,0,6,2037.498294
HD 143761_5,HD 143761,0.834,0.096,1.155,1.684,17.511,0.97,1.812,,,0.906532,0.031129,0,0,6,2037.498294
HD 143761_7,HD 143761,2.609,0.089,2.154,12.289,17.511,0.97,1.812,0.140712,0.795177,2.613362,0.49717,1,1,6,2037.498294
HD 141004_0,HD 141004,2.629,0.092,2.901,8.518,11.916,1.09,2.004,0.220331,331.94604,2.862942,0.553101,1,2,4,2037.523049
HD 141004_1,HD 141004,0.651,0.071,0.654,0.168,11.916,1.09,2.004,,,0.631672,0.069,0,0,4,2037.523049
HD 141004_2,HD 141004,4.426,0.098,1.019,2.941,11.916,1.09,2.004,,,4.150418,0.018404,0,0,4,2037.523049
HD 141004_3,HD 141004,4.115,0.06,0.578,0.125,11.916,1.09,2.004,,,3.874633,0.739114,0,0,4,2037.523049
HD 141004_4,HD 141004,3.163,0.091,1.732,4.206,11.916,1.09,2.004,,,3.029656,0.198904,0,0,4,2037.523049
HD 160691_0,HD 160691,1.46,0.051,0.67,0.675,15.604,1.0,1.899,,,1.386363,0.129256,0,0,4,2037.535347
HD 160691_1,HD 160691,0.274,0.085,0.88,0.645,15.604,1.0,1.899,,,0.258897,0.386443,0,0,4,2037.535347
HD 160691_2,HD 160691,0.346,0.144,0.58,0.053,15.604,1.0,1.899,,,0.298582,0.100557,0,0,4,2037.535347
HD 160691_3,HD 160691,0.123,0.058,0.556,0.091,15.604,1.0,1.899,,,0.121234,0.163938,0,0,4,2037.535347
HD 160691_4,HD 160691,2.415,0.073,1.777,2.687,15.604,1.0,1.899,,,2.59091,0.893207,0,1,4,2037.535347
HD 160691_6,HD 160691,2.937,0.058,2.424,6.338,15.604,1.0,1.899,0.088313,11.895244,2.794639,0.87233,1,3,4,2037.535347
HD 160691_7,HD 160691,3.23,0.098,2.375,5.354,15.604,1.0,1.899,0.219901,5.935815,3.527484,0.450997,1,1,4,2037.535347
HD 65907 A_0,HD 65907 A,0.584,0.099,0.585,0.122,16.172,1.11,1.29,,,0.587872,0.29573,0,0,8,2037.550143
HD 65907 A_1,HD 65907 A,1.316,0.075,0.982,3.131,16.172,1.11,1.29,,,1.327179,0.108633,0,0,8,2037.550143
HD 65907 A_2,HD 65907 A,1.009,0.058,1.202,5.136,16.172,1.11,1.29,,,1.066149,0.167634,0,0,8,2037.550143
HD 201092_1,HD 201092,2.708,0.059,2.37,8.514,3.496,0.63,0.078,,,2.791586,0.178297,0,1,4,2037.555818
HD 95128_1,HD 95128,2.285,0.074,0.586,0.282,13.887,1.07,1.577,,,2.139394,0.911481,0,0,7,2037.566432
HD 95128_2,HD 95128,4.586,0.035,0.538,0.083,13.887,1.07,1.577,,,4.715919,0.067071,0,0,7,2037.566432
HD 95128_3,HD 95128,0.343,0.031,2.771,10.086,13.887,1.07,1.577,,,0.34501,0.078368,0,0,7,2037.566432
HD 95128_4,HD 95128,2.15,0.173,1.218,6.511,13.887,1.07,1.577,,,2.403867,0.501367,0,0,7,2037.566432
HD 95128_5,HD 95128,0.6,0.105,2.299,8.137,13.887,1.07,1.577,,,0.588215,0.375129,0,0,7,2037.566432
HD 95128_6,HD 95128,0.335,0.024,2.419,8.582,13.887,1.07,1.577,,,0.330946,0.165997,0,0,7,2037.566432
HD 95128_7,HD 95128,0.847,0.089,1.394,3.129,13.887,1.07,1.577,,,0.77975,0.38904,0,0,7,2037.566432
HD 95128_8,HD 95128,0.588,0.034,2.182,8.46,13.887,1.07,1.577,,,0.568605,0.52576,0,0,7,2037.566432
HD 10360_0,HD 10360,0.111,0.132,2.009,6.936,8.189,0.78,0.345,,,0.097538,0.133496,0,0,6,2037.581364
HD 10360_1,HD 10360,0.559,0.036,0.525,0.063,8.189,0.78,0.345,,,0.576544,0.392147,0,0,6,2037.581364
HD 10360_2,HD 10360,3.873,0.13,2.182,7.34,8.189,0.78,0.345,0.205481,192.699601,4.148326,0.922066,1,3,6,2037.581364
HD 10360_4,HD 10360,0.185,0.028,3.239,14.497,8.189,0.78,0.345,,,0.190175,0.003548,0,0,6,2037.581364
HD 10360_5,HD 10360,2.33,0.067,0.679,0.17,8.189,0.78,0.345,,,2.216448,0.035798,0,0,6,2037.581364
HD 30652_0,HD 30652,0.357,0.032,0.524,0.119,8.068,1.25,2.71,,,0.345809,0.834706,0,0,4,2037.584071
HD 30652_1,HD 30652,3.379,0.099,2.314,9.159,8.068,1.25,2.71,0.436934,351.809076,3.517549,0.379698,1,1,4,2037.584071
HD 30652_2,HD 30652,1.418,0.081,1.563,7.047,8.068,1.25,2.71,0.167381,337.090112,1.524023,0.579858,1,2,4,2037.584071
HD 30652_3,HD 30652,3.27,0.133,2.129,5.731,8.068,1.25,2.71,0.370586,49.214353,3.347646,0.552611,1,2,4,2037.584071
HD 30652_4,HD 30652,2.754,0.119,2.49,10.16,8.068,1.25,2.71,0.308721,212.662689,2.497926,0.315016,1,2,4,2037.584071
HD 84737_0,HD 84737,0.596,0.087,1.352,1.551,18.823,1.08,2.795,,,0.642473,0.336634,0,0,5,2037.58938
HD 84737_1,HD 84737,3.025,0.071,1.189,1.926,18.823,1.08,2.795,,,3.228851,0.062768,0,0,5,2037.58938
HD 84737_2,HD 84737,1.078,0.014,1.079,0.698,18.823,1.08,2.795,,,1.072525,0.86545,0,0,5,2037.58938
HD 84737_3,HD 84737,3.774,0.025,0.833,0.848,18.823,1.08,2.795,,,3.85781,0.056806,0,0,5,2037.58938
HD 84737_4,HD 84737,0.254,0.074,3.133,13.741,18.823,1.08,2.795,,,0.259895,0.09749,0,0,5,2037.58938
HD 84737_5,HD 84737,2.993,0.205,0.508,0.086,18.823,1.08,2.795,,,3.065212,0.470502,0,0,5,2037.58938
HD 39091_1,HD 39091,3.12,0.028,1.191,1.952,18.287,1.08,1.533,,,3.054648,0.654384,0,0,6,2037.59075
HD 39091_2,HD 39091,2.865,0.029,0.677,0.089,18.287,1.08,1.533,,,2.937698,0.909848,0,0,6,2037.59075
HD 39091_3,HD 39091,3.55,0.072,1.069,0.919,18.287,1.08,1.533,,,3.692442,0.595918,0,0,6,2037.59075
HD 39091_4,HD 39091,4.534,0.027,1.234,1.811,18.287,1.08,1.533,,,4.656146,0.023165,0,0,6,2037.59075
HD 39091_5,HD 39091,1.437,0.051,1.31,1.974,18.287,1.08,1.533,,,1.37587,0.182531,0,1,6,2037.59075
HD 39091_6,HD 39091,0.67,0.012,2.604,6.457,18.287,1.08,1.533,,,0.667589,0.699278,0,0,6,2037.59075
HD 58855_0,HD 58855,3.917,0.055,2.746,11.124,20.402,1.16,2.445,0.196156,93.74855,3.961535,0.338951,1,4,4,2037.593884
HD 58855_3,HD 58855,0.12,0.023,0.846,0.314,20.402,1.16,2.445,,,0.121383,0.083139,0,0,4,2037.593884
HD 58855_4,HD 58855,1.787,0.062,0.53,0.101,20.402,1.16,2.445,,,1.713787,0.735937,0,0,4,2037.593884
HD 58855_5,HD 58855,2.753,0.078,0.74,0.361,20.402,1.16,2.445,,,2.725349,0.028943,0,0,4,2037.593884
HD 58855_6,HD 58855,3.408,0.008,0.67,0.197,20.402,1.16,2.445,,,3.392664,0.754981,0,0,4,2037.593884
HD 58855_7,HD 58855,0.511,0.017,1.169,2.72,20.402,1.16,2.445,,,0.517819,0.495468,0,0,4,2037.593884
HD 58855_8,HD 58855,3.679,0.02,1.665,3.725,20.402,1.16,2.445,,,3.616472,0.930735,0,0,4,2037.593884
HD 147513_0,HD 147513,1.541,0.04,0.645,0.152,12.892,1.07,1.001,,,1.519582,0.539452,0,0,6,2037.596218
HD 147513_1,HD 147513,1.513,0.099,0.537,0.038,12.892,1.07,1.001,,,1.465145,0.283436,0,0,6,2037.596218
HD 147513_2,HD 147513,4.633,0.075,1.379,7.403,12.892,1.07,1.001,,,4.518431,0.670207,0,0,6,2037.596218
HD 147513_4,HD 147513,0.196,0.111,0.74,0.096,12.892,1.07,1.001,,,0.180328,0.100514,0,0,6,2037.596218
HD 147513_5,HD 147513,4.52,0.075,0.624,0.254,12.892,1.07,1.001,,,4.192513,0.011787,0,0,6,2037.596218
HD 147513_6,HD 147513,1.743,0.075,1.796,2.912,12.892,1.07,1.001,0.120879,109.99039,1.652791,0.448378,1,4,6,2037.596218
HD 147513_7,HD 147513,2.47,0.028,0.667,0.174,12.892,1.07,1.001,,,2.523272,0.002658,0,0,6,2037.596218
HD 134083_0,HD 134083,0.116,0.07,1.9,7.058,19.536,1.33,3.255,,,0.11055,0.065616,0,0,5,2037.605238
HD 134083_1,HD 134083,0.36,0.097,1.358,2.746,19.536,1.33,3.255,,,0.333508,0.317573,0,0,5,2037.605238
HD 134083_3,HD 134083,0.749,0.13,0.881,0.684,19.536,1.33,3.255,,,0.668731,0.308914,0,0,5,2037.605238
HD 134083_4,HD 134083,0.959,0.114,0.591,0.338,19.536,1.33,3.255,,,0.964074,0.295419,0,0,5,2037.605238
HD 209100_0,HD 209100,2.433,0.127,0.524,0.078,3.638,0.72,0.222,,,2.592136,0.03267,0,0,5,2037.607091
HD 209100_1,HD 209100,1.218,0.094,0.54,0.224,3.638,0.72,0.222,,,1.20324,0.022411,0,2,5,2037.607091
HD 209100_2,HD 209100,0.989,0.073,1.925,7.679,3.638,0.72,0.222,0.220194,154.064365,1.02964,0.699831,1,5,5,2037.607091
HD 209100_4,HD 209100,3.542,0.022,2.632,11.464,3.638,0.72,0.222,0.820554,158.902904,3.505764,0.621136,1,5,5,2037.607091
HD 209100_5,HD 209100,0.635,0.076,0.931,0.965,3.638,0.72,0.222,0.159648,255.134095,0.593717,0.171684,1,5,5,2037.607091
HD 209100_6,HD 209100,1.701,0.082,0.885,1.719,3.638,0.72,0.222,,,1.75714,0.039123,0,1,5,2037.607091
HD 209100_8,HD 209100,2.097,0.099,2.488,10.973,3.638,0.72,0.222,,,2.11972,0.015458,0,3,5,2037.607091
HD 209100_9,HD 209100,0.782,0.071,2.297,6.298,3.638,0.72,0.222,0.198592,203.207582,0.777012,0.175212,1,5,5,2037.607091
HD 209100_10,HD 209100,0.182,0.056,2.026,7.17,3.638,0.72,0.222,,,0.17184,0.362824,0,0,5,2037.607091
HD 209100_11,HD 209100,0.917,0.107,1.174,2.417,3.638,0.72,0.222,0.214092,124.219332,0.933005,0.636792,1,5,5,2037.607091
HD 102365_0,HD 102365,1.154,0.024,2.235,11.472,9.319,1.02,0.844,0.109355,200.797406,1.129444,0.128432,1,5,5,2037.612729
HD 102365_1,HD 102365,4.021,0.031,1.113,0.834,9.319,1.02,0.844,,,3.973009,0.30699,0,0,5,2037.612729
HD 102365_2,HD 102365,0.113,0.031,0.976,0.303,9.319,1.02,0.844,,,0.109648,0.014561,0,0,5,2037.612729
HD 212330 A_0,HD 212330 A,1.747,0.031,3.281,9.208,20.34,1.02,2.726,,,1.69582,0.668342,0,1,4,2037.614566
HD 187691 A_0,HD 187691 A,3.127,0.076,1.475,4.454,19.488,1.25,2.835,,,3.202335,0.474804,0,0,4,2037.625037
HD 187691 A_1,HD 187691 A,2.61,0.091,1.018,1.386,19.488,1.25,2.835,,,2.837717,0.142179,0,0,4,2037.625037
HD 187691 A_2,HD 187691 A,3.249,0.037,0.764,1.364,19.488,1.25,2.835,,,3.131892,0.016225,0,0,4,2037.625037
HD 187691 A_3,HD 187691 A,2.018,0.038,2.654,10.557,19.488,1.25,2.835,,,2.085247,0.020199,0,2,4,2037.625037
HD 192310_0,HD 192310,1.267,0.07,0.641,0.14,8.812,0.77,0.404,,,1.34227,0.993572,0,0,4,2037.632794
HD 192310_1,HD 192310,1.472,0.082,2.73,7.674,8.812,0.77,0.404,0.147139,201.97284,1.447003,0.121766,1,4,4,2037.632794
HD 192310_2,HD 192310,0.631,0.109,2.544,13.411,8.812,0.77,0.404,,,0.591996,0.141794,0,0,4,2037.632794
HD 192310_3,HD 192310,0.091,0.084,2.458,12.572,8.812,0.77,0.404,,,0.086364,0.497021,0,0,4,2037.632794
HD 38393_0,HD 38393,0.205,0.072,1.088,1.383,8.905,1.23,2.344,,,0.201298,0.60834,0,0,6,2037.647679
HD 38393_1,HD 38393,3.39,0.099,0.656,0.073,8.905,1.23,2.344,,,3.143362,0.303017,0,0,6,2037.647679
HD 38393_3,HD 38393,0.355,0.086,1.549,2.098,8.905,1.23,2.344,,,0.33079,0.40508,0,0,6,2037.647679
HD 38393_4,HD 38393,4.373,0.052,1.208,1.876,8.905,1.23,2.344,,,4.385352,0.231344,0,0,6,2037.647679
HD 1581_1,HD 1581,1.541,0.046,2.633,10.663,8.607,1.11,1.262,,,1.607174,0.026678,0,3,5,2037.654748
HD 1581_2,HD 1581,0.181,0.101,0.988,1.538,8.607,1.11,1.262,,,0.17576,0.380053,0,0,5,2037.654748
HD 1581_3,HD 1581,1.491,0.126,2.76,10.6,8.607,1.11,1.262,,,1.322898,0.894442,0,3,5,2037.654748
HD 1581_4,HD 1581,0.208,0.109,2.378,6.033,8.607,1.11,1.262,,,0.193359,0.519089,0,0,5,2037.654748
HD 17051_0,HD 17051,1.593,0.055,0.8,0.166,17.357,1.14,1.737,,,1.580659,0.631674,0,0,7,2037.674705
HD 17051_1,HD 17051,2.146,0.107,1.035,0.971,17.357,1.14,1.737,,,2.141997,0.627473,0,0,7,2037.674705
HD 17051_2,HD 17051,4.311,0.108,1.302,2.591,17.357,1.14,1.737,,,3.888273,0.013539,0,0,7,2037.674705
HD 34411_0,HD 34411,0.295,0.082,3.192,8.429,12.562,1.08,1.732,,,0.279169,0.219456,0,0,4,2037.678494
HD 34411_1,HD 34411,1.539,0.078,0.897,0.713,12.562,1.08,1.732,,,1.539841,0.158184,0,2,4,2037.678494
HD 34411_3,HD 34411,1.691,0.074,0.798,0.808,12.562,1.08,1.732,0.094604,350.515688,1.639459,0.763937,1,1,4,2037.678494
HD 22484_0,HD 22484,0.838,0.146,1.142,1.607,13.92,1.14,3.068,,,0.959693,0.001849,0,0,5,2037.68407
HD 22484_1,HD 22484,1.12,0.109,1.996,7.679,13.92,1.14,3.068,0.07816,338.443281,1.141573,0.217684,1,1,5,2037.68407
HD 22484_2,HD 22484,0.469,0.117,1.765,3.166,13.92,1.14,3.068,,,0.474035,0.175611,0,0,5,2037.68407
HD 22484_5,HD 22484,4.456,0.081,0.516,0.034,13.92,1.14,3.068,,,4.4445,0.547571,0,0,5,2037.68407
HD 22484_7,HD 22484,3.201,0.074,0.943,1.501,13.92,1.14,3.068,,,3.427359,0.271502,0,0,5,2037.68407
HD 4628_0,HD 4628,0.299,0.054,1.741,4.304,7.435,0.78,0.3,,,0.2831,0.160886,0,0,4,2037.693865
HD 4628_1,HD 4628,4.258,0.031,1.273,1.784,7.435,0.78,0.3,,,4.128701,0.175794,0,0,4,2037.693865
HD 4628_4,HD 4628,4.069,0.034,0.981,0.876,7.435,0.78,0.3,,,4.035831,0.306248,0,0,4,2037.693865
HD 4628_5,HD 4628,3.681,0.025,0.897,0.617,7.435,0.78,0.3,,,3.690655,0.017978,0,0,4,2037.693865
HD 4628_6,HD 4628,1.476,0.055,1.942,4.324,7.435,0.78,0.3,,,1.538626,0.936812,0,2,4,2037.693865
HD 136352_0,HD 136352,1.127,0.083,0.501,0.05,14.739,1.02,1.029,,,1.174044,0.179307,0,0,5,2037.695892
HD 136352_2,HD 136352,0.995,0.082,1.549,3.519,14.739,1.02,1.029,,,1.064394,0.000416,0,0,5,2037.695892
HD 136352_3,HD 136352,3.774,0.069,2.041,4.78,14.739,1.02,1.029,,,3.555473,0.365325,0,2,5,2037.695892
HD 136352_4,HD 136352,1.831,0.068,0.826,0.342,14.739,1.02,1.029,,,1.907618,0.225104,0,0,5,2037.695892
HD 115617_0,HD 115617,1.956,0.004,0.732,1.017,8.534,0.97,0.825,,,1.9632,0.301787,0,0,4,2037.730537
HD 115617_1,HD 115617,0.76,0.09,2.931,6.157,8.534,0.97,0.825,,,0.73842,0.825765,0,0,4,2037.730537
HD 115617_2,HD 115617,0.621,0.047,0.562,0.059,8.534,0.97,0.825,,,0.594178,0.215225,0,0,4,2037.730537
HD 115617_3,HD 115617,0.199,0.073,3.38,12.207,8.534,0.97,0.825,,,0.208161,0.710768,0,0,4,2037.730537
HD 115617_4,HD 115617,2.599,0.104,0.763,0.174,8.534,0.97,0.825,,,2.329833,0.010496,0,0,4,2037.730537
HD 115617_5,HD 115617,2.098,0.045,1.487,3.177,8.534,0.97,0.825,0.225705,119.690952,2.089165,0.54969,1,3,4,2037.730537
HD 115617_6,HD 115617,3.003,0.084,0.942,0.936,8.534,0.97,0.825,,,2.969112,0.832139,0,0,4,2037.730537
HD 16895 A_0,HD 16895 A,3.595,0.047,2.816,7.544,11.15,1.21,2.246,0.258764,81.570774,3.427054,0.617741,1,2,4,2037.735264
HD 16895 A_4,HD 16895 A,4.424,0.091,1.274,1.913,11.15,1.21,2.246,,,4.817942,0.106893,0,0,4,2037.735264
HD 16895 A_5,HD 16895 A,1.554,0.05,3.144,9.969,11.15,1.21,2.246,0.095548,276.402426,1.571358,0.760693,1,3,4,2037.735264
HD 16895 A_6,HD 16895 A,0.108,0.029,0.508,0.042,11.15,1.21,2.246,,,0.110542,0.01477,0,0,4,2037.735264
HD 20766_0,HD 20766,1.336,0.161,1.674,3.092,12.045,1.01,0.794,,,1.550831,0.118207,0,2,5,2037.742395
HD 20766_1,HD 20766,0.327,0.097,2.659,6.922,12.045,1.01,0.794,,,0.304715,0.018979,0,0,5,2037.742395
HD 20766_4,HD 20766,1.915,0.031,0.912,0.441,12.045,1.01,0.794,0.0828,40.561717,1.875349,0.850413,1,2,5,2037.742395
HD 55575_0,HD 55575,1.084,0.09,0.727,0.186,16.852,1.14,1.463,,,1.147139,0.246152,0,0,8,2037.752881
HD 55575_1,HD 55575,0.133,0.053,0.578,0.677,16.852,1.14,1.463,,,0.132778,0.0426,0,0,8,2037.752881
HD 101501_3,HD 101501,0.112,0.069,1.262,2.497,9.576,0.94,0.609,,,0.105827,0.084439,0,0,7,2037.754251
HD 101501_7,HD 101501,0.888,0.054,0.887,0.333,9.576,0.94,0.609,,,0.932979,0.125405,0,5,7,2037.754251
HD 7570_0,HD 7570,3.031,0.054,1.134,3.652,15.261,1.14,2.004,,,3.138621,0.003797,0,0,5,2037.792518
HD 7570_1,HD 7570,0.15,0.071,0.941,0.218,15.261,1.14,2.004,,,0.152845,0.647071,0,0,5,2037.792518
HD 7570_2,HD 7570,1.977,0.063,1.73,3.716,15.261,1.14,2.004,0.120218,129.593499,1.939537,0.198136,1,3,5,2037.792518
HD 7570_3,HD 7570,3.034,0.079,1.364,1.913,15.261,1.14,2.004,,,2.845994,0.056476,0,0,5,2037.792518
HD 7570_4,HD 7570,0.569,0.099,0.726,0.483,15.261,1.14,2.004,,,0.591916,0.479649,0,0,5,2037.792518
HD 131977_0,HD 131977,2.114,0.033,1.305,3.47,5.886,0.72,0.223,,,2.046416,0.321252,0,1,4,2037.795326
HD 219134_0,HD 219134,1.298,0.068,3.021,11.197,6.542,0.75,0.266,0.168118,129.98413,1.386104,0.692841,1,4,4,2037.808473
HD 219134_1,HD 219134,0.107,0.06,0.589,0.114,6.542,0.75,0.266,,,0.102312,0.65237,0,0,4,2037.808473
HD 219134_2,HD 219134,0.475,0.085,1.279,2.244,6.542,0.75,0.266,,,0.459756,0.242739,0,0,4,2037.808473
HD 219134_3,HD 219134,2.999,0.067,1.913,4.52,6.542,0.75,0.266,0.384346,27.969783,3.172648,0.68099,1,3,4,2037.808473
HD 219134_4,HD 219134,0.285,0.083,1.716,4.805,6.542,0.75,0.266,,,0.261454,0.245339,0,0,4,2037.808473
HD 219134_5,HD 219134,1.823,0.052,1.09,4.144,6.542,0.75,0.266,0.204497,338.374826,1.899042,0.753968,1,2,4,2037.808473
HD 219134_7,HD 219134,0.986,0.056,2.277,3.449,6.542,0.75,0.266,0.13355,97.956842,0.934821,0.525481,1,4,4,2037.808473
HD 26965 A_1,HD 26965 A,0.482,0.058,1.38,2.403,5.01,0.86,0.41,0.085786,280.346783,0.456516,0.530133,1,3,8,2037.809975
HD 26965 A_2,HD 26965 A,0.345,0.049,0.5,0.06,5.01,0.86,0.41,,,0.328868,0.641436,0,0,8,2037.809975
HD 4614 A_0,HD 4614 A,4.718,0.051,1.358,3.151,5.01,1.14,1.252,,,4.628576,0.137085,0,0,4,2037.832676
HD 4614 A_1,HD 4614 A,0.651,0.133,0.728,0.235,5.01,1.14,1.252,0.11667,337.855992,0.591118,0.299771,1,3,4,2037.832676
HD 4614 A_2,HD 4614 A,2.584,0.017,1.361,2.842,5.01,1.14,1.252,,,2.566653,0.231069,0,1,4,2037.832676
HD 95735_0,HD 95735,0.673,0.041,0.901,1.876,2.546,0.44,0.02,,,0.695469,0.005753,0,1,4,2037.858752
HD 95735_2,HD 95735,0.392,0.078,0.638,0.252,2.546,0.44,0.02,0.139301,86.582196,0.36295,0.296915,1,3,4,2037.858752
HD 95735_3,HD 95735,0.164,0.146,0.847,1.655,2.546,0.44,0.02,,,0.187834,0.129581,0,0,4,2037.858752
HD 95735_4,HD 95735,2.481,0.023,1.454,2.402,2.546,0.44,0.02,,,2.446538,0.028524,0,1,4,2037.858752
HD 95735_6,HD 95735,0.163,0.047,1.008,2.764,2.546,0.44,0.02,,,0.170555,0.025613,0,0,4,2037.858752
HD 202560_0,HD 202560,0.846,0.075,1.59,2.013,3.97,0.59,0.083,0.202931,141.032164,0.904391,0.111079,1,6,7,2037.868619
HD 202560_1,HD 202560,0.552,0.052,0.674,0.125,3.97,0.59,0.083,0.132605,301.194656,0.531702,0.298417,1,7,7,2037.868619
HD 202560_3,HD 202560,0.867,0.117,1.589,3.604,3.97,0.59,0.083,0.183238,213.109504,0.76974,0.177676,1,7,7,2037.868619
HD 202560_4,HD 202560,2.302,0.14,0.558,0.251,3.97,0.59,0.083,,,2.576855,0.48446,0,0,7,2037.868619
HD 202560_5,HD 202560,3.244,0.082,0.847,0.372,3.97,0.59,0.083,,,3.248152,0.473989,0,0,7,2037.868619
HD 202560_6,HD 202560,0.414,0.085,0.785,0.225,3.97,0.59,0.083,0.109982,325.032424,0.445943,0.4119,1,7,7,2037.868619
HD 185144_1,HD 185144,0.747,0.07,0.5,0.019,5.764,0.87,0.434,,,0.724032,0.003754,0,2,8,2037.869989
HD 185144_3,HD 185144,0.688,0.135,2.317,4.389,5.764,0.87,0.434,0.128523,97.378026,0.730827,0.323698,1,6,8,2037.869989
HD 128167_0,HD 128167,1.283,0.14,1.15,1.29,15.756,1.39,3.182,,,1.357127,0.012518,0,1,5,2037.873705
HD 128167_2,HD 128167,3.433,0.063,1.328,2.483,15.756,1.39,3.182,,,3.584227,0.570688,0,0,5,2037.873705
HD 128167_3,HD 128167,4.878,0.117,2.132,5.678,15.756,1.39,3.182,0.157932,226.919835,4.482448,0.843955,1,1,5,2037.873705
HD 128167_4,HD 128167,1.323,0.044,1.923,2.477,15.756,1.39,3.182,,,1.361261,0.035522,0,0,5,2037.873705
HD 37394_0,HD 37394,1.839,0.051,0.552,0.164,12.27,0.88,0.478,,,1.871039,0.689545,0,0,5,2037.877997
HD 37394_1,HD 37394,0.501,0.058,1.934,5.969,12.27,0.88,0.478,,,0.508575,0.403754,0,0,5,2037.877997
HD 37394_3,HD 37394,1.245,0.044,1.502,2.038,12.27,0.88,0.478,,,1.201254,0.015584,0,1,5,2037.877997
HD 37394_5,HD 37394,0.152,0.102,1.111,1.488,12.27,0.88,0.478,,,0.167362,0.322383,0,0,5,2037.877997
HD 37394_9,HD 37394,0.863,0.077,0.726,0.552,12.27,0.88,0.478,,,0.899971,0.052125,0,0,5,2037.877997
HD 37394_10,HD 37394,0.093,0.059,3.205,15.21,12.27,0.88,0.478,,,0.089521,0.021826,0,0,5,2037.877997
HD 37394_11,HD 37394,1.171,0.065,2.415,5.91,12.27,0.88,0.478,0.106615,17.676599,1.238756,0.270138,1,5,5,2037.877997
HD 37394_15,HD 37394,0.222,0.142,1.093,0.563,12.27,0.88,0.478,,,0.207361,0.326995,0,0,5,2037.877997
HD 37394_16,HD 37394,2.623,0.055,2.621,9.008,12.27,0.88,0.478,0.187703,237.032964,2.756409,0.637667,1,2,5,2037.877997
HD 90839_0,HD 90839,3.665,0.022,0.781,0.186,12.945,1.18,1.605,,,3.740916,0.623044,0,0,8,2037.879367
HD 90839_1,HD 90839,0.191,0.094,1.403,2.751,12.945,1.18,1.605,,,0.191393,0.732727,0,0,8,2037.879367
HD 90839_2,HD 90839,3.378,0.112,1.125,1.619,12.945,1.18,1.605,,,3.542673,0.023218,0,0,8,2037.879367
HD 90839_5,HD 90839,0.15,0.051,2.273,4.226,12.945,1.18,1.605,,,0.156201,0.658369,0,0,8,2037.879367
HD 10780_0,HD 10780,0.841,0.11,1.077,1.181,10.041,0.9,0.516,,,0.933074,0.09216,0,3,5,2037.881451
HD 10780_3,HD 10780,2.25,0.098,1.348,1.367,10.041,0.9,0.516,0.142173,58.148284,2.439727,0.840205,1,2,5,2037.881451
HD 10780_4,HD 10780,2.669,0.102,2.513,12.001,10.041,0.9,0.516,0.267563,310.741412,2.827396,0.492897,1,3,5,2037.881451
HD 86728 A_0,HD 86728 A,0.138,0.113,0.53,0.078,14.926,1.0,1.378,,,0.145182,0.62601,0,0,4,2037.882821
HD 86728 A_1,HD 86728 A,1.194,0.049,0.519,0.144,14.926,1.0,1.378,,,1.244871,0.114496,0,0,4,2037.882821
HD 86728 A_2,HD 86728 A,1.586,0.024,0.736,0.367,14.926,1.0,1.378,,,1.577896,0.660338,0,0,4,2037.882821
HD 86728 A_3,HD 86728 A,0.34,0.077,0.971,1.901,14.926,1.0,1.378,,,0.359404,0.147728,0,0,4,2037.882821
HD 86728 A_4,HD 86728 A,3.143,0.15,2.985,16.709,14.926,1.0,1.378,,,3.610957,0.031165,0,2,4,2037.882821
HD 86728 A_5,HD 86728 A,0.238,0.132,1.155,6.008,14.926,1.0,1.378,,,0.263283,0.100865,0,0,4,2037.882821
HD 86728 A_6,HD 86728 A,2.84,0.137,2.462,3.621,14.926,1.0,1.378,,,2.939906,0.020913,0,2,4,2037.882821
HD 142373_0,HD 142373,1.268,0.168,0.757,0.148,15.898,1.08,3.136,,,1.44976,0.835185,0,0,4,2037.892136
HD 142373_1,HD 142373,1.76,0.092,0.868,0.535,15.898,1.08,3.136,,,1.722939,0.20832,0,0,4,2037.892136
HD 142373_2,HD 142373,0.834,0.129,2.923,6.259,15.898,1.08,3.136,,,0.752976,0.662888,0,0,4,2037.892136
HD 142373_4,HD 142373,1.161,0.006,1.265,2.536,15.898,1.08,3.136,,,1.165201,0.097329,0,0,4,2037.892136
HD 142373_6,HD 142373,4.705,0.105,0.947,0.923,15.898,1.08,3.136,,,4.224616,0.012038,0,0,4,2037.892136
HD 142373_7,HD 142373,1.878,0.051,2.611,6.816,15.898,1.08,3.136,,,1.782456,0.94952,0,3,4,2037.892136
HD 142373_8,HD 142373,3.092,0.053,1.805,7.326,15.898,1.08,3.136,,,3.154216,0.053181,0,2,4,2037.892136
HD 20807_0,HD 20807,0.337,0.072,1.793,3.234,12.039,1.07,1.017,,,0.353865,0.434651,0,0,5,2037.899809
HD 20807_1,HD 20807,1.546,0.069,0.954,0.846,12.039,1.07,1.017,,,1.472982,0.10461,0,3,5,2037.899809
HD 20807_2,HD 20807,2.979,0.055,2.038,8.298,12.039,1.07,1.017,0.160045,67.475089,2.896439,0.800812,1,1,5,2037.899809
HD 17206_0,HD 17206,1.742,0.09,0.885,1.25,14.276,1.21,2.617,0.111418,286.502974,1.616271,0.507741,1,1,6,2037.901179
HD 17206_1,HD 17206,0.879,0.039,2.253,5.781,14.276,1.21,2.617,,,0.898644,0.177703,0,0,6,2037.901179
HD 17206_2,HD 17206,0.485,0.035,0.762,0.888,14.276,1.21,2.617,,,0.490149,0.630851,0,0,6,2037.901179
HD 142860_0,HD 142860,0.405,0.081,2.385,6.459,11.254,1.25,3.039,,,0.389923,0.988097,0,0,5,2037.902549
HD 142860_2,HD 142860,3.184,0.073,1.146,0.989,11.254,1.25,3.039,,,3.160675,0.187598,0,0,5,2037.902549
HD 142860_3,HD 142860,0.465,0.068,1.963,1.786,11.254,1.25,3.039,,,0.440342,0.637261,0,0,5,2037.902549
HD 142860_5,HD 142860,0.92,0.074,2.443,8.017,11.254,1.25,3.039,,,0.944324,0.97768,0,1,5,2037.902549
HD 142860_6,HD 142860,0.627,0.092,3.102,5.436,11.254,1.25,3.039,,,0.569362,0.830762,0,0,5,2037.902549
HD 190248_1,HD 190248,1.11,0.055,1.408,3.629,6.099,0.94,1.25,0.148726,30.149879,1.048989,0.102571,1,5,6,2037.922492
HD 190248_2,HD 190248,3.754,0.072,1.017,1.24,6.099,0.94,1.25,,,3.689945,0.917433,0,0,6,2037.922492
HD 190248_3,HD 190248,1.406,0.139,0.51,0.568,6.099,0.94,1.25,,,1.232176,0.741574,0,1,6,2037.922492
HD 84117_2,HD 84117,0.48,0.183,0.807,0.707,14.951,1.14,1.977,,,0.392169,0.685,0,0,7,2037.924585
HD 84117_3,HD 84117,2.469,0.127,0.583,0.157,14.951,1.14,1.977,,,2.781662,0.442749,0,0,7,2037.924585
HD 84117_5,HD 84117,2.421,0.095,0.605,0.239,14.951,1.14,1.977,,,2.544929,0.254062,0,0,7,2037.924585
HD 53705_0,HD 53705,0.273,0.081,1.735,2.717,17.059,1.04,1.49,,,0.289605,0.014759,0,0,4,2037.931735
HD 53705_1,HD 53705,2.604,0.083,3.306,16.05,17.059,1.04,1.49,0.134393,347.917545,2.468767,0.496102,1,4,4,2037.931735
HD 53705_2,HD 53705,1.597,0.089,2.478,13.971,17.059,1.04,1.49,0.087079,338.845858,1.567257,0.555846,1,4,4,2037.931735
HD 53705_3,HD 53705,0.715,0.026,1.359,2.038,17.059,1.04,1.49,,,0.730029,0.396127,0,0,4,2037.931735
HD 53705_4,HD 53705,0.527,0.092,2.437,10.745,17.059,1.04,1.49,,,0.575484,0.049797,0,0,4,2037.931735
HD 128621_0,HD 128621,0.181,0.076,0.591,0.281,1.332,0.94,0.503,0.118451,41.425934,0.173297,0.177175,1,6,6,2037.942485
HD 128621_1,HD 128621,3.969,0.152,0.756,0.624,1.332,0.94,0.503,,,4.571457,0.667047,0,0,6,2037.942485
HD 128621_3,HD 128621,4.377,0.084,0.667,0.424,1.332,0.94,0.503,,,4.56432,0.172097,0,0,6,2037.942485
HD 128621_4,HD 128621,1.135,0.055,1.179,1.502,1.332,0.94,0.503,,,1.17694,0.086864,0,3,6,2037.942485
HD 128620_0,HD 128620,1.567,0.074,0.945,0.738,1.332,1.11,1.521,0.777202,190.85671,1.661934,0.811762,1,2,5,2037.943855
HD 128620_1,HD 128620,1.266,0.016,1.198,6.221,1.332,1.11,1.521,0.673718,21.058053,1.285638,0.761974,1,3,5,2037.943855
HD 190360_0,HD 190360,0.922,0.17,1.79,3.759,16.003,0.96,1.165,,,0.873904,0.928263,0,0,7,2037.972152
HD 190360_1,HD 190360,3.764,0.081,1.071,1.582,16.003,0.96,1.165,,,4.058508,0.236731,0,0,7,2037.972152
HD 190360_3,HD 190360,3.632,0.139,2.733,10.267,16.003,0.96,1.165,0.076522,273.53727,3.695433,0.940753,1,3,7,2037.972152
HD 190360_4,HD 190360,1.735,0.021,0.534,0.045,16.003,0.96,1.165,,,1.750279,0.122166,0,0,7,2037.972152
HD 190360_5,HD 190360,0.581,0.08,1.934,2.88,16.003,0.96,1.165,,,0.573171,0.64808,0,0,7,2037.972152
HD 165341 A_0,HD 165341 A,3.482,0.036,1.359,2.775,5.113,0.88,0.532,,,3.590807,0.646261,0,0,7,2037.981069
HD 165341 A_2,HD 165341 A,0.277,0.022,2.947,13.11,5.113,0.88,0.532,,,0.279555,0.089191,0,0,7,2037.981069
HD 165341 A_3,HD 165341 A,0.642,0.027,1.615,1.833,5.113,0.88,0.532,0.090725,208.133162,0.643247,0.734922,1,5,7,2037.981069
HD 95128_1,HD 95128,2.285,0.074,0.586,0.282,13.887,1.07,1.577,,,2.249364,0.779987,0,0,8,2037.986465
HD 95128_2,HD 95128,4.586,0.035,0.538,0.083,13.887,1.07,1.577,,,4.685927,0.134395,0,0,8,2037.986465
HD 95128_3,HD 95128,0.343,0.031,2.771,10.086,13.887,1.07,1.577,,,0.352942,0.026201,0,0,8,2037.986465
HD 95128_4,HD 95128,2.15,0.173,1.218,6.511,13.887,1.07,1.577,,,2.521076,0.19214,0,0,8,2037.986465
HD 95128_5,HD 95128,0.6,0.105,2.299,8.137,13.887,1.07,1.577,,,0.563875,0.271331,0,0,8,2037.986465
HD 95128_6,HD 95128,0.335,0.024,2.419,8.582,13.887,1.07,1.577,,,0.327798,0.605682,0,0,8,2037.986465
HD 95128_7,HD 95128,0.847,0.089,1.394,3.129,13.887,1.07,1.577,,,0.903275,0.209293,0,0,8,2037.986465
HD 95128_8,HD 95128,0.588,0.034,2.182,8.46,13.887,1.07,1.577,,,0.568008,0.42489,0,0,8,2037.986465
HD 1581_1,HD 1581,1.541,0.046,2.633,10.663,8.607,1.11,1.262,0.169686,21.087351,1.542868,0.159686,1,4,6,2038.003675
HD 1581_2,HD 1581,0.181,0.101,0.988,1.538,8.607,1.11,1.262,,,0.163169,0.000317,0,0,6,2038.003675
HD 1581_3,HD 1581,1.491,0.126,2.76,10.6,8.607,1.11,1.262,0.150839,137.041119,1.533459,0.617405,1,4,6,2038.003675
HD 1581_4,HD 1581,0.208,0.109,2.378,6.033,8.607,1.11,1.262,,,0.21018,0.713872,0,0,6,2038.003675
HD 693_0,HD 693,1.045,0.058,1.136,2.579,18.886,1.18,2.997,,,0.992207,0.171778,0,0,4,2038.005045
HD 693_1,HD 693,0.139,0.106,2.768,7.407,18.886,1.18,2.997,,,0.144126,0.429419,0,0,4,2038.005045
HD 693_3,HD 693,1.448,0.069,1.975,3.042,18.886,1.18,2.997,,,1.516505,0.426486,0,0,4,2038.005045
HD 693_4,HD 693,1.744,0.105,1.392,2.348,18.886,1.18,2.997,0.090533,318.14489,1.864649,0.578003,1,3,4,2038.005045
HD 693_5,HD 693,2.909,0.1,1.423,2.794,18.886,1.18,2.997,0.123587,206.894943,3.107556,0.754998,1,1,4,2038.005045
HD 693_6,HD 693,2.914,0.024,0.574,0.316,18.886,1.18,2.997,,,2.885602,0.009886,0,0,4,2038.005045
HD 693_7,HD 693,3.93,0.01,2.298,5.004,18.886,1.18,2.997,0.131008,28.081818,3.89581,0.808995,1,2,4,2038.005045
HD 30495_0,HD 30495,1.934,0.08,0.989,1.288,13.24,1.04,0.966,0.130534,290.319936,2.049882,0.650899,1,3,7,2038.012342
HD 30495_2,HD 30495,0.416,0.06,1.179,0.557,13.24,1.04,0.966,,,0.419611,0.072967,0,0,7,2038.012342
HD 30495_3,HD 30495,1.848,0.089,0.623,0.48,13.24,1.04,0.966,,,1.947607,0.315789,0,0,7,2038.012342
HD 209100_0,HD 209100,2.433,0.127,0.524,0.078,3.638,0.72,0.222,,,2.429243,0.161614,0,0,6,2038.013811
HD 209100_1,HD 209100,1.218,0.094,0.54,0.224,3.638,0.72,0.222,,,1.108357,0.446008,0,2,6,2038.013811
HD 209100_2,HD 209100,0.989,0.073,1.925,7.679,3.638,0.72,0.222,0.252392,11.84199,0.917194,0.239919,1,6,6,2038.013811
HD 209100_4,HD 209100,3.542,0.022,2.632,11.464,3.638,0.72,0.222,0.933076,147.048396,3.529882,0.464688,1,6,6,2038.013811
HD 209100_5,HD 209100,0.635,0.076,0.931,0.965,3.638,0.72,0.222,0.152937,5.702258,0.674877,0.666437,1,6,6,2038.013811
HD 209100_6,HD 209100,1.701,0.082,0.885,1.719,3.638,0.72,0.222,,,1.625849,0.002722,0,1,6,2038.013811
HD 209100_8,HD 209100,2.097,0.099,2.488,10.973,3.638,0.72,0.222,0.469761,348.140575,1.975946,0.109814,1,4,6,2038.013811
HD 209100_9,HD 209100,0.782,0.071,2.297,6.298,3.638,0.72,0.222,0.194343,9.405506,0.794327,0.585314,1,6,6,2038.013811
HD 209100_10,HD 209100,0.182,0.056,2.026,7.17,3.638,0.72,0.222,,,0.191384,0.339096,0,0,6,2038.013811
HD 209100_11,HD 209100,0.917,0.107,1.174,2.417,3.638,0.72,0.222,,,0.979765,0.07878,0,5,6,2038.013811
HD 88230_0,HD 88230,1.858,0.024,1.413,3.961,4.871,0.63,0.103,0.312052,181.33834,1.817771,0.649622,1,2,4,2038.016278
HD 88230_1,HD 88230,0.369,0.102,2.613,14.391,4.871,0.63,0.103,,,0.364909,0.396002,0,0,4,2038.016278
HD 88230_2,HD 88230,0.941,0.058,0.511,0.079,4.871,0.63,0.103,,,0.894662,0.012401,0,1,4,2038.016278
HD 88230_3,HD 88230,1.397,0.055,1.541,3.057,4.871,0.63,0.103,,,1.320693,0.063289,0,2,4,2038.016278
HD 88230_4,HD 88230,0.683,0.12,0.831,0.221,4.871,0.63,0.103,,,0.709872,0.051839,0,0,4,2038.016278
HD 88230_5,HD 88230,2.552,0.09,1.594,2.912,4.871,0.63,0.103,,,2.490374,0.262411,0,1,4,2038.016278
HD 88230_6,HD 88230,2.842,0.103,0.661,0.567,4.871,0.63,0.103,,,2.817004,0.668304,0,0,4,2038.016278
HD 165341 B_1,HD 165341 B,1.256,0.089,0.5,0.053,5.122,0.78,0.164,,,1.14463,0.354158,0,0,7,2038.025907
HD 165341 B_2,HD 165341 B,4.082,0.042,1.247,0.85,5.122,0.78,0.164,,,4.148827,0.634335,0,0,7,2038.025907
HD 165341 B_3,HD 165341 B,0.1,0.077,0.528,0.124,5.122,0.78,0.164,,,0.103245,0.126627,0,0,7,2038.025907
HD 165341 B_4,HD 165341 B,0.76,0.117,1.137,2.374,5.122,0.78,0.164,,,0.845674,0.03446,0,4,7,2038.025907
HD 43386_0,HD 43386,2.541,0.037,0.504,0.177,19.588,1.33,2.957,,,2.583771,0.041692,0,0,6,2038.034888
HD 43386_1,HD 43386,1.141,0.101,1.584,2.873,19.588,1.33,2.957,,,1.143483,0.533103,0,0,6,2038.034888
HD 43386_3,HD 43386,0.289,0.045,1.072,0.429,19.588,1.33,2.957,,,0.27605,0.492243,0,0,6,2038.034888
HD 114710_0,HD 114710,1.415,0.117,0.681,0.147,9.197,1.11,1.357,,,1.576612,0.817267,0,0,5,2038.048924
HD 114710_1,HD 114710,0.314,0.116,0.63,1.142,9.197,1.11,1.357,,,0.319958,0.177389,0,0,5,2038.048924
HD 114710_2,HD 114710,2.258,0.018,0.683,0.173,9.197,1.11,1.357,,,2.224042,0.269148,0,0,5,2038.048924
HD 114710_4,HD 114710,0.861,0.053,0.898,0.439,9.197,1.11,1.357,0.083471,66.272349,0.819008,0.198474,1,2,5,2038.048924
HD 114710_5,HD 114710,0.124,0.109,3.108,17.681,9.197,1.11,1.357,,,0.113474,0.216644,0,0,5,2038.048924
HD 166_0,HD 166,1.592,0.09,1.08,2.182,13.766,0.94,0.647,,,1.453263,0.035166,0,3,5,2038.061888
HD 166_1,HD 166,0.635,0.021,0.515,0.062,13.766,0.94,0.647,,,0.648297,0.030078,0,0,5,2038.061888
HD 10361_1,HD 10361,0.761,0.025,1.303,2.715,8.197,0.77,0.304,0.076041,211.449226,0.767523,0.584464,1,4,5,2038.070718
HD 10361_2,HD 10361,0.985,0.066,0.785,0.596,8.197,0.77,0.304,,,1.046043,0.053994,0,0,5,2038.070718
HD 10361_3,HD 10361,1.525,0.07,0.586,0.784,8.197,0.77,0.304,,,1.50433,0.122685,0,0,5,2038.070718
HD 10361_4,HD 10361,4.037,0.084,0.501,0.084,8.197,0.77,0.304,,,4.376108,5e-06,0,0,5,2038.070718
HD 43042_0,HD 43042,4.095,0.078,0.558,0.185,21.776,1.29,2.936,,,4.275306,0.586388,0,0,6,2038.072414
HD 43042_1,HD 43042,0.434,0.11,0.533,0.05,21.776,1.29,2.936,,,0.390195,0.764556,0,0,6,2038.072414
HD 43042_3,HD 43042,0.724,0.14,0.733,0.758,21.776,1.29,2.936,,,0.650688,0.095301,0,0,6,2038.072414
HD 50692_0,HD 50692,3.95,0.04,2.831,10.297,17.405,1.08,1.293,,,4.009065,0.00703,0,2,4,2038.073784
HD 50692_1,HD 50692,0.28,0.064,0.734,0.092,17.405,1.08,1.293,,,0.262529,0.249949,0,0,4,2038.073784
HD 50692_2,HD 50692,0.513,0.081,1.798,3.652,17.405,1.08,1.293,,,0.482634,0.057292,0,0,4,2038.073784
HD 50692_3,HD 50692,0.925,0.032,2.849,9.197,17.405,1.08,1.293,,,0.944741,0.396372,0,0,4,2038.073784
HD 210302_0,HD 210302,0.937,0.087,1.293,2.482,18.458,1.25,2.918,,,1.018235,0.311577,0,0,6,2038.09722
HD 210302_1,HD 210302,0.316,0.034,0.672,0.291,18.458,1.25,2.918,,,0.315716,0.428461,0,0,6,2038.09722
HD 210302_2,HD 210302,0.162,0.125,0.82,0.565,18.458,1.25,2.918,,,0.142931,0.012918,0,0,6,2038.09722
HD 210302_3,HD 210302,0.925,0.123,2.909,15.97,18.458,1.25,2.918,,,0.911474,0.058347,0,0,6,2038.09722
HD 210302_4,HD 210302,1.629,0.122,1.727,5.061,18.458,1.25,2.918,,,1.793089,0.097525,0,0,6,2038.09722
HD 19373_0,HD 19373,0.74,0.034,3.212,9.93,10.577,1.08,2.23,,,0.738848,0.599471,0,0,5,2038.10147
HD 19373_2,HD 19373,0.724,0.048,1.483,3.085,10.577,1.08,2.23,,,0.726113,0.667342,0,0,5,2038.10147
HD 19373_3,HD 19373,0.676,0.061,1.037,1.075,10.577,1.08,2.23,,,0.657516,0.154418,0,0,5,2038.10147
HD 19373_6,HD 19373,0.114,0.04,2.433,8.086,10.577,1.08,2.23,,,0.112811,0.729181,0,0,5,2038.10147
HD 19373_7,HD 19373,2.87,0.048,1.622,2.945,10.577,1.08,2.23,,,2.740531,0.211754,0,2,5,2038.10147
HD 160691_0,HD 160691,1.46,0.051,0.67,0.675,15.604,1.0,1.899,,,1.48747,0.87383,0,0,5,2038.108773
HD 160691_1,HD 160691,0.274,0.085,0.88,0.645,15.604,1.0,1.899,,,0.256894,0.424482,0,0,5,2038.108773
HD 160691_2,HD 160691,0.346,0.144,0.58,0.053,15.604,1.0,1.899,,,0.343105,0.664608,0,0,5,2038.108773
HD 160691_3,HD 160691,0.123,0.058,0.556,0.091,15.604,1.0,1.899,,,0.118502,0.123663,0,0,5,2038.108773
HD 160691_4,HD 160691,2.415,0.073,1.777,2.687,15.604,1.0,1.899,,,2.514601,0.928958,0,1,5,2038.108773
HD 160691_6,HD 160691,2.937,0.058,2.424,6.338,15.604,1.0,1.899,0.168967,338.065377,2.894938,0.530728,1,4,5,2038.108773
HD 160691_7,HD 160691,3.23,0.098,2.375,5.354,15.604,1.0,1.899,0.171115,356.05662,3.539097,0.730016,1,2,5,2038.108773
HD 149661_2,HD 149661,2.991,0.073,1.285,2.935,9.894,0.87,0.462,,,2.917154,0.390861,0,0,4,2038.110142
HD 149661_3,HD 149661,2.364,0.065,0.7,0.315,9.894,0.87,0.462,,,2.212273,0.671899,0,0,4,2038.110142
HD 149661_5,HD 149661,3.155,0.051,2.936,7.428,9.894,0.87,0.462,,,3.310579,0.12939,0,1,4,2038.110142
HD 17051_0,HD 17051,1.593,0.055,0.8,0.166,17.357,1.14,1.737,,,1.505732,0.022984,0,0,8,2038.112226
HD 17051_1,HD 17051,2.146,0.107,1.035,0.971,17.357,1.14,1.737,,,2.322644,0.215601,0,0,8,2038.112226
HD 17051_2,HD 17051,4.311,0.108,1.302,2.591,17.357,1.14,1.737,,,3.983926,0.046087,0,0,8,2038.112226
HD 100623 A_0,HD 100623 A,4.014,0.105,2.503,8.448,9.559,0.88,0.37,,,3.593809,0.005769,0,1,4,2038.115813
HD 100623 A_2,HD 100623 A,0.102,0.086,0.559,0.245,9.559,0.88,0.37,,,0.094021,0.089296,0,0,4,2038.115813
HD 100623 A_3,HD 100623 A,4.384,0.075,1.441,2.214,9.559,0.88,0.37,,,4.454046,0.454257,0,0,4,2038.115813
HD 100623 A_4,HD 100623 A,2.524,0.072,0.66,0.613,9.559,0.88,0.37,,,2.392613,0.600358,0,0,4,2038.115813
HD 100623 A_5,HD 100623 A,4.18,0.038,0.734,0.337,9.559,0.88,0.37,,,4.05408,0.564768,0,0,4,2038.115813
HD 100623 A_6,HD 100623 A,0.362,0.165,0.555,0.359,9.559,0.88,0.37,,,0.421495,0.00373,0,0,4,2038.115813
HD 100623 A_7,HD 100623 A,4.073,0.068,1.365,1.972,9.559,0.88,0.37,,,4.157681,0.957096,0,0,4,2038.115813
HD 216803_1,HD 216803,3.539,0.087,2.035,5.879,7.601,0.72,0.196,,,3.239933,0.12647,0,1,4,2038.117182
HD 216803_3,HD 216803,0.104,0.044,0.893,0.284,7.601,0.72,0.196,,,0.101966,0.122014,0,0,4,2038.117182
HD 216803_4,HD 216803,2.738,0.038,2.631,12.08,7.601,0.72,0.196,,,2.660557,0.028003,0,2,4,2038.117182
HD 216803_5,HD 216803,0.109,0.06,0.686,0.431,7.601,0.72,0.196,,,0.102463,0.207745,0,0,4,2038.117182
HD 216803_6,HD 216803,0.431,0.071,1.431,2.693,7.601,0.72,0.196,,,0.439842,0.091865,0,0,4,2038.117182
HD 156026_0,HD 156026,3.18,0.093,3.171,14.895,5.954,0.68,0.158,0.46486,18.964855,3.22891,0.612599,1,6,6,2038.118552
HD 156026_1,HD 156026,0.564,0.081,0.509,0.042,5.954,0.68,0.158,0.094875,155.258128,0.583145,0.513345,1,5,6,2038.118552
HD 156026_2,HD 156026,0.423,0.044,0.607,0.379,5.954,0.68,0.158,,,0.413054,0.412888,0,0,6,2038.118552
HD 156026_3,HD 156026,1.001,0.06,2.318,7.224,5.954,0.68,0.158,0.118192,269.988072,0.99301,0.052979,1,6,6,2038.118552
HD 156026_5,HD 156026,1.693,0.124,2.972,9.407,5.954,0.68,0.158,0.270795,190.742591,1.902828,0.627634,1,6,6,2038.118552
HD 217987_0,HD 217987,3.278,0.032,3.1,17.272,3.287,0.49,0.036,,,3.370927,0.345024,0,2,4,2038.120317
HD 217987_1,HD 217987,0.104,0.158,2.049,6.333,3.287,0.49,0.036,,,0.112832,0.685466,0,0,4,2038.120317
HD 165499_0,HD 165499,3.777,0.071,0.637,0.161,17.753,1.08,1.731,,,4.04043,0.251298,0,0,5,2038.155023
HD 165499_1,HD 165499,0.192,0.04,0.654,0.106,17.753,1.08,1.731,,,0.191576,0.295033,0,0,5,2038.155023
HD 165499_3,HD 165499,0.221,0.065,0.75,0.229,17.753,1.08,1.731,,,0.230692,0.826539,0,0,5,2038.155023
HD 165499_4,HD 165499,1.569,0.062,3.377,24.497,17.753,1.08,1.731,0.08295,173.490039,1.621157,0.555035,1,4,5,2038.155023
HD 38393_0,HD 38393,0.205,0.072,1.088,1.383,8.905,1.23,2.344,,,0.219624,0.030505,0,0,7,2038.175051
HD 38393_1,HD 38393,3.39,0.099,0.656,0.073,8.905,1.23,2.344,,,3.056035,0.640693,0,0,7,2038.175051
HD 38393_3,HD 38393,0.355,0.086,1.549,2.098,8.905,1.23,2.344,,,0.372332,0.038839,0,0,7,2038.175051
HD 38393_4,HD 38393,4.373,0.052,1.208,1.876,8.905,1.23,2.344,,,4.472127,0.420889,0,0,7,2038.175051
HD 203608_0,HD 203608,2.203,0.092,1.79,3.488,9.258,1.14,1.466,0.200441,41.35586,2.019697,0.519049,1,3,5,2038.18075
HD 203608_1,HD 203608,2.342,0.1,0.502,0.104,9.258,1.14,1.466,,,2.565954,0.940167,0,0,5,2038.18075
HD 203608_2,HD 203608,2.74,0.062,1.086,1.189,9.258,1.14,1.466,,,2.865503,0.648524,0,1,5,2038.18075
HD 203608_5,HD 203608,4.293,0.038,0.929,0.698,9.258,1.14,1.466,,,4.362087,0.174076,0,0,5,2038.18075
HD 203608_6,HD 203608,0.526,0.072,0.985,0.486,9.258,1.14,1.466,,,0.549587,0.491428,0,0,5,2038.18075
HD 187691 A_0,HD 187691 A,3.127,0.076,1.475,4.454,19.488,1.25,2.835,,,3.024208,0.528258,0,0,5,2038.228375
HD 187691 A_1,HD 187691 A,2.61,0.091,1.018,1.386,19.488,1.25,2.835,,,2.800913,0.009375,0,0,5,2038.228375
HD 187691 A_2,HD 187691 A,3.249,0.037,0.764,1.364,19.488,1.25,2.835,,,3.144834,0.071557,0,0,5,2038.228375
HD 187691 A_3,HD 187691 A,2.018,0.038,2.654,10.557,19.488,1.25,2.835,0.0931,248.732659,1.98869,0.541222,1,3,5,2038.228375
HD 84737_0,HD 84737,0.596,0.087,1.352,1.551,18.823,1.08,2.795,,,0.563019,0.102305,0,0,6,2038.231588
HD 84737_1,HD 84737,3.025,0.071,1.189,1.926,18.823,1.08,2.795,,,3.220665,0.310873,0,0,6,2038.231588
HD 84737_2,HD 84737,1.078,0.014,1.079,0.698,18.823,1.08,2.795,,,1.074898,0.012326,0,0,6,2038.231588
HD 84737_3,HD 84737,3.774,0.025,0.833,0.848,18.823,1.08,2.795,,,3.868038,0.207008,0,0,6,2038.231588
HD 84737_4,HD 84737,0.254,0.074,3.133,13.741,18.823,1.08,2.795,,,0.237181,0.553551,0,0,6,2038.231588
HD 84737_5,HD 84737,2.993,0.205,0.508,0.086,18.823,1.08,2.795,,,2.577097,0.220911,0,0,6,2038.231588
HD 23249_0,HD 23249,2.38,0.039,0.804,0.586,9.089,0.87,2.941,,,2.362463,0.670718,0,0,5,2038.238938
HD 23249_1,HD 23249,2.348,0.031,1.487,3.029,9.089,0.87,2.941,0.254932,111.660717,2.389343,0.400746,1,2,5,2038.238938
HD 16895 A_0,HD 16895 A,3.595,0.047,2.816,7.544,11.15,1.21,2.246,0.277696,43.685334,3.461061,0.569641,1,3,5,2038.250215
HD 16895 A_4,HD 16895 A,4.424,0.091,1.274,1.913,11.15,1.21,2.246,,,4.822467,0.219612,0,0,5,2038.250215
HD 16895 A_5,HD 16895 A,1.554,0.05,3.144,9.969,11.15,1.21,2.246,0.131616,149.530793,1.476648,0.364298,1,4,5,2038.250215
HD 16895 A_6,HD 16895 A,0.108,0.029,0.508,0.042,11.15,1.21,2.246,,,0.109154,0.117406,0,0,5,2038.250215
HD 134083_0,HD 134083,0.116,0.07,1.9,7.058,19.536,1.33,3.255,,,0.114324,0.005838,0,0,6,2038.254005
HD 134083_1,HD 134083,0.36,0.097,1.358,2.746,19.536,1.33,3.255,,,0.391961,0.488205,0,0,6,2038.254005
HD 134083_3,HD 134083,0.749,0.13,0.881,0.684,19.536,1.33,3.255,,,0.754563,0.035751,0,0,6,2038.254005
HD 134083_4,HD 134083,0.959,0.114,0.591,0.338,19.536,1.33,3.255,,,1.062558,0.072847,0,0,6,2038.254005
HD 201091_1,HD 201091,1.051,0.108,0.699,0.293,3.497,0.68,0.142,0.261833,132.234036,0.95838,0.423133,1,2,6,2038.263771
HD 201091_2,HD 201091,2.964,0.153,0.94,0.359,3.497,0.68,0.142,,,3.382868,0.819769,0,0,6,2038.263771
HD 201091_4,HD 201091,2.241,0.067,3.013,8.159,3.497,0.68,0.142,0.629477,352.370345,2.347104,0.168601,1,3,6,2038.263771
HD 201092_1,HD 201092,2.708,0.059,2.37,8.514,3.496,0.63,0.078,0.808912,167.729709,2.862814,0.403503,1,2,5,2038.276244
HD 166_0,HD 166,1.592,0.09,1.08,2.182,13.766,0.94,0.647,,,1.514845,0.269212,0,3,6,2038.291616
HD 166_1,HD 166,0.635,0.021,0.515,0.062,13.766,0.94,0.647,,,0.622262,0.6436,0,0,6,2038.291616
HD 102365_0,HD 102365,1.154,0.024,2.235,11.472,9.319,1.02,0.844,0.106735,352.072929,1.169575,0.595217,1,6,6,2038.328494
HD 102365_1,HD 102365,4.021,0.031,1.113,0.834,9.319,1.02,0.844,,,3.918202,0.533169,0,0,6,2038.328494
HD 102365_2,HD 102365,0.113,0.031,0.976,0.303,9.319,1.02,0.844,,,0.110477,0.128841,0,0,6,2038.328494
HD 155885_0,HD 155885,0.424,0.016,1.08,0.365,5.948,0.85,0.332,,,0.427734,0.132984,0,0,5,2038.335191
HD 155885_1,HD 155885,0.125,0.137,2.355,7.262,5.948,0.85,0.332,,,0.140152,0.444153,0,0,5,2038.335191
HD 155885_4,HD 155885,2.293,0.052,0.991,0.685,5.948,0.85,0.332,0.283955,8.496571,2.282617,0.732677,1,2,5,2038.335191
HD 128620_0,HD 128620,1.567,0.074,0.945,0.738,1.332,1.11,1.521,,,1.524696,0.145761,0,2,6,2038.346588
HD 128620_1,HD 128620,1.266,0.016,1.198,6.221,1.332,1.11,1.521,,,1.265327,0.138525,0,3,6,2038.346588
HD 147513_0,HD 147513,1.541,0.04,0.645,0.152,12.892,1.07,1.001,,,1.531474,0.09435,0,0,7,2038.347957
HD 147513_1,HD 147513,1.513,0.099,0.537,0.038,12.892,1.07,1.001,,,1.513289,0.329223,0,0,7,2038.347957
HD 147513_2,HD 147513,4.633,0.075,1.379,7.403,12.892,1.07,1.001,,,4.687375,0.522097,0,0,7,2038.347957
HD 147513_4,HD 147513,0.196,0.111,0.74,0.096,12.892,1.07,1.001,,,0.176096,0.231781,0,0,7,2038.347957
HD 147513_5,HD 147513,4.52,0.075,0.624,0.254,12.892,1.07,1.001,,,4.194936,0.026795,0,0,7,2038.347957
HD 147513_6,HD 147513,1.743,0.075,1.796,2.912,12.892,1.07,1.001,,,1.869831,0.063273,0,4,7,2038.347957
HD 147513_7,HD 147513,2.47,0.028,0.667,0.174,12.892,1.07,1.001,,,2.444924,0.092102,0,0,7,2038.347957
HD 131156 A_0,HD 131156 A,0.922,0.01,2.426,6.027,6.754,0.96,0.553,0.138964,357.762184,0.928479,0.295092,1,6,6,2038.350094
HD 131156 A_1,HD 131156 A,1.097,0.147,1.932,4.971,6.754,0.96,0.553,0.139764,83.692882,0.951373,0.240148,1,6,6,2038.350094
HD 20766_0,HD 20766,1.336,0.161,1.674,3.092,12.045,1.01,0.794,0.099187,207.040323,1.171648,0.366007,1,3,6,2038.378885
HD 20766_1,HD 20766,0.327,0.097,2.659,6.922,12.045,1.01,0.794,,,0.358008,0.992438,0,0,6,2038.378885
HD 20766_4,HD 20766,1.915,0.031,0.912,0.441,12.045,1.01,0.794,,,1.870396,0.109247,0,2,6,2038.378885
HD 33262 A_0,HD 33262 A,4.098,0.155,0.949,0.422,11.693,1.14,1.466,,,3.979925,0.093673,0,0,7,2038.380255
HD 33262 A_1,HD 33262 A,3.3,0.062,1.368,1.583,11.693,1.14,1.466,0.150926,34.633357,3.266811,0.851305,1,2,7,2038.380255
HD 33262 A_2,HD 33262 A,3.337,0.087,0.965,0.502,11.693,1.14,1.466,,,3.087223,0.562636,0,0,7,2038.380255
HD 33262 A_4,HD 33262 A,1.015,0.091,2.255,9.306,11.693,1.14,1.466,,,1.091568,0.004074,0,1,7,2038.380255
HD 33262 A_5,HD 33262 A,0.358,0.206,1.487,2.029,11.693,1.14,1.466,,,0.284682,0.317842,0,0,7,2038.380255
HD 33262 A_6,HD 33262 A,0.874,0.139,0.646,0.257,11.693,1.14,1.466,,,0.993229,0.69785,0,0,7,2038.380255
HD 33262 A_8,HD 33262 A,0.199,0.101,2.893,13.631,11.693,1.14,1.466,,,0.204681,0.567945,0,0,7,2038.380255
HD 209100_0,HD 209100,2.433,0.127,0.524,0.078,3.638,0.72,0.222,,,2.270341,0.418804,0,0,7,2038.386285
HD 209100_1,HD 209100,1.218,0.094,0.54,0.224,3.638,0.72,0.222,,,1.247708,0.811998,0,2,7,2038.386285
HD 209100_2,HD 209100,0.989,0.073,1.925,7.679,3.638,0.72,0.222,0.24399,236.316233,1.030067,0.100786,1,7,7,2038.386285
HD 209100_4,HD 209100,3.542,0.022,2.632,11.464,3.638,0.72,0.222,,,3.55301,0.327909,0,6,7,2038.386285
HD 209100_5,HD 209100,0.635,0.076,0.931,0.965,3.638,0.72,0.222,0.166101,121.69193,0.631684,0.213693,1,7,7,2038.386285
HD 209100_6,HD 209100,1.701,0.082,0.885,1.719,3.638,0.72,0.222,,,1.561636,0.194579,0,1,7,2038.386285
HD 209100_8,HD 209100,2.097,0.099,2.488,10.973,3.638,0.72,0.222,0.515197,326.377778,1.895199,0.39794,1,5,7,2038.386285
HD 209100_9,HD 209100,0.782,0.071,2.297,6.298,3.638,0.72,0.222,0.220694,216.439041,0.792222,0.24693,1,7,7,2038.386285
HD 209100_10,HD 209100,0.182,0.056,2.026,7.17,3.638,0.72,0.222,,,0.192129,0.30081,0,0,7,2038.386285
HD 209100_11,HD 209100,0.917,0.107,1.174,2.417,3.638,0.72,0.222,0.215196,236.037379,0.819282,0.469811,1,6,7,2038.386285
HD 192310_0,HD 192310,1.267,0.07,0.641,0.14,8.812,0.77,0.404,,,1.209443,0.008484,0,0,5,2038.389173
HD 192310_1,HD 192310,1.472,0.082,2.73,7.674,8.812,0.77,0.404,0.126611,53.786591,1.420224,0.691034,1,5,5,2038.389173
HD 192310_2,HD 192310,0.631,0.109,2.544,13.411,8.812,0.77,0.404,,,0.698383,0.213478,0,0,5,2038.389173
HD 192310_3,HD 192310,0.091,0.084,2.458,12.572,8.812,0.77,0.404,,,0.092282,0.094451,0,0,5,2038.389173
HD 128621_0,HD 128621,0.181,0.076,0.591,0.281,1.332,0.94,0.503,,,0.168587,0.020204,0,6,7,2038.39981
HD 128621_1,HD 128621,3.969,0.152,0.756,0.624,1.332,0.94,0.503,,,4.53374,0.620748,0,0,7,2038.39981
HD 128621_3,HD 128621,4.377,0.084,0.667,0.424,1.332,0.94,0.503,,,4.464289,0.288193,0,0,7,2038.39981
HD 128621_4,HD 128621,1.135,0.055,1.179,1.502,1.332,0.94,0.503,0.688957,131.147562,1.072629,0.616632,1,4,7,2038.39981
HD 32147_1,HD 32147,0.121,0.122,1.044,1.526,8.844,0.75,0.29,,,0.121216,0.034701,0,0,6,2038.40118
HD 32147_2,HD 32147,3.272,0.062,1.942,2.786,8.844,0.75,0.29,,,3.069275,0.237424,0,3,6,2038.40118
HD 84117_2,HD 84117,0.48,0.183,0.807,0.707,14.951,1.14,1.977,,,0.564485,0.039242,0,0,8,2038.406703
HD 84117_3,HD 84117,2.469,0.127,0.583,0.157,14.951,1.14,1.977,,,2.714905,0.147507,0,0,8,2038.406703
HD 84117_5,HD 84117,2.421,0.095,0.605,0.239,14.951,1.14,1.977,,,2.64623,0.447527,0,0,8,2038.406703
HD 155886_1,HD 155886,0.511,0.064,0.698,0.549,5.952,0.85,0.327,,,0.484134,0.465384,0,4,7,2038.437942
HD 155886_2,HD 155886,0.232,0.069,1.589,4.704,5.952,0.85,0.327,,,0.216014,0.011274,0,0,7,2038.437942
HD 155886_3,HD 155886,1.253,0.044,2.915,7.774,5.952,0.85,0.327,0.145402,90.035302,1.308107,0.033349,1,7,7,2038.437942
HD 155886_4,HD 155886,0.305,0.028,0.94,0.937,5.952,0.85,0.327,,,0.305622,0.01124,0,0,7,2038.437942
HD 155886_5,HD 155886,0.201,0.128,1.339,2.779,5.952,0.85,0.327,,,0.181692,0.242753,0,0,7,2038.437942
HD 155886_6,HD 155886,0.316,0.044,0.948,1.735,5.952,0.85,0.327,,,0.302292,0.469629,0,0,7,2038.437942
HD 155886_7,HD 155886,0.59,0.079,3.352,16.163,5.952,0.85,0.327,0.103588,344.706101,0.636582,0.26712,1,7,7,2038.437942
HD 155886_8,HD 155886,3.879,0.087,2.635,16.445,5.952,0.85,0.327,0.558622,51.187102,3.543803,0.515851,1,2,7,2038.437942
HD 202560_0,HD 202560,0.846,0.075,1.59,2.013,3.97,0.59,0.083,0.206717,308.942489,0.806549,0.29684,1,7,8,2038.441734
HD 202560_1,HD 202560,0.552,0.052,0.674,0.125,3.97,0.59,0.083,0.138952,277.010234,0.543175,0.336407,1,8,8,2038.441734
HD 202560_3,HD 202560,0.867,0.117,1.589,3.604,3.97,0.59,0.083,0.230118,25.434999,0.956745,0.488925,1,8,8,2038.441734
HD 202560_4,HD 202560,2.302,0.14,0.558,0.251,3.97,0.59,0.083,,,2.620715,0.331421,0,0,8,2038.441734
HD 202560_5,HD 202560,3.244,0.082,0.847,0.372,3.97,0.59,0.083,,,3.124354,0.608531,0,0,8,2038.441734
HD 202560_6,HD 202560,0.414,0.085,0.785,0.225,3.97,0.59,0.083,0.096615,91.869744,0.383581,0.355496,1,8,8,2038.441734
HD 115617_0,HD 115617,1.956,0.004,0.732,1.017,8.534,0.97,0.825,,,1.95266,0.155081,0,0,5,2038.443104
HD 115617_1,HD 115617,0.76,0.09,2.931,6.157,8.534,0.97,0.825,,,0.764289,0.621768,0,0,5,2038.443104
HD 115617_2,HD 115617,0.621,0.047,0.562,0.059,8.534,0.97,0.825,,,0.650185,0.681856,0,0,5,2038.443104
HD 115617_3,HD 115617,0.199,0.073,3.38,12.207,8.534,0.97,0.825,,,0.212392,0.821715,0,0,5,2038.443104
HD 115617_4,HD 115617,2.599,0.104,0.763,0.174,8.534,0.97,0.825,,,2.467176,0.049442,0,0,5,2038.443104
HD 115617_5,HD 115617,2.098,0.045,1.487,3.177,8.534,0.97,0.825,0.192883,16.071374,2.003608,0.639933,1,4,5,2038.443104
HD 115617_6,HD 115617,3.003,0.084,0.942,0.936,8.534,0.97,0.825,,,2.787842,0.828364,0,0,5,2038.443104
HD 34411_0,HD 34411,0.295,0.082,3.192,8.429,12.562,1.08,1.732,,,0.284266,0.214159,0,0,5,2038.45443
HD 34411_1,HD 34411,1.539,0.078,0.897,0.713,12.562,1.08,1.732,,,1.608944,0.197536,0,2,5,2038.45443
HD 34411_3,HD 34411,1.691,0.074,0.798,0.808,12.562,1.08,1.732,,,1.813014,0.052604,0,1,5,2038.45443
HD 39091_1,HD 39091,3.12,0.028,1.191,1.952,18.287,1.08,1.533,,,3.137812,0.655698,0,0,7,2038.469917
HD 39091_2,HD 39091,2.865,0.029,0.677,0.089,18.287,1.08,1.533,,,2.856401,0.313182,0,0,7,2038.469917
HD 39091_3,HD 39091,3.55,0.072,1.069,0.919,18.287,1.08,1.533,,,3.484949,0.23266,0,0,7,2038.469917
HD 39091_4,HD 39091,4.534,0.027,1.234,1.811,18.287,1.08,1.533,,,4.631695,0.000141,0,0,7,2038.469917
HD 39091_5,HD 39091,1.437,0.051,1.31,1.974,18.287,1.08,1.533,,,1.49244,0.489288,0,1,7,2038.469917
HD 39091_6,HD 39091,0.67,0.012,2.604,6.457,18.287,1.08,1.533,,,0.677887,0.207009,0,0,7,2038.469917
HD 10780_0,HD 10780,0.841,0.11,1.077,1.181,10.041,0.9,0.516,0.08794,48.194604,0.860316,0.199478,1,4,6,2038.490548
HD 10780_3,HD 10780,2.25,0.098,1.348,1.367,10.041,0.9,0.516,0.112383,301.079921,2.251823,0.881943,1,3,6,2038.490548
HD 10780_4,HD 10780,2.669,0.102,2.513,12.001,10.041,0.9,0.516,0.224866,262.440987,2.616356,0.612647,1,4,6,2038.490548
HD 46588 A_0,HD 46588 A,1.961,0.092,1.375,5.123,18.202,1.18,1.826,,,2.136425,0.271282,0,3,5,2038.494073
HD 46588 A_2,HD 46588 A,0.149,0.051,1.651,3.767,18.202,1.18,1.826,,,0.155606,0.507992,0,0,5,2038.494073
HD 46588 A_4,HD 46588 A,0.634,0.042,1.252,1.899,18.202,1.18,1.826,,,0.637198,0.357816,0,0,5,2038.494073
HD 46588 A_5,HD 46588 A,0.119,0.052,0.593,0.101,18.202,1.18,1.826,,,0.118736,0.316089,0,0,5,2038.494073
HD 46588 A_6,HD 46588 A,0.647,0.045,2.121,5.747,18.202,1.18,1.826,,,0.661632,0.917301,0,0,5,2038.494073
HD 46588 A_7,HD 46588 A,1.085,0.088,1.256,5.584,18.202,1.18,1.826,,,1.162322,0.010315,0,0,5,2038.494073
HD 46588 A_8,HD 46588 A,2.008,0.017,0.521,0.08,18.202,1.18,1.826,,,1.976688,0.449302,0,0,5,2038.494073
HD 143761_0,HD 143761,2.268,0.052,0.622,0.131,17.511,0.97,1.812,,,2.336644,0.835828,0,0,7,2038.496105
HD 143761_3,HD 143761,0.463,0.017,0.834,0.619,17.511,0.97,1.812,,,0.461916,0.430826,0,0,7,2038.496105
HD 143761_4,HD 143761,1.096,0.157,0.808,0.895,17.511,0.97,1.812,,,1.253163,0.488845,0,0,7,2038.496105
HD 143761_5,HD 143761,0.834,0.096,1.155,1.684,17.511,0.97,1.812,,,0.785006,0.65538,0,0,7,2038.496105
HD 143761_7,HD 143761,2.609,0.089,2.154,12.289,17.511,0.97,1.812,,,2.376971,0.874091,0,1,7,2038.496105
HD 141004_0,HD 141004,2.629,0.092,2.901,8.518,11.916,1.09,2.004,,,2.722582,0.984169,0,2,5,2038.522513
HD 141004_1,HD 141004,0.651,0.071,0.654,0.168,11.916,1.09,2.004,,,0.628202,0.051458,0,0,5,2038.522513
HD 141004_2,HD 141004,4.426,0.098,1.019,2.941,11.916,1.09,2.004,,,4.442428,0.089598,0,0,5,2038.522513
HD 141004_3,HD 141004,4.115,0.06,0.578,0.125,11.916,1.09,2.004,,,3.911579,0.769303,0,0,5,2038.522513
HD 141004_4,HD 141004,3.163,0.091,1.732,4.206,11.916,1.09,2.004,,,2.879436,0.170277,0,0,5,2038.522513
HD 190248_1,HD 190248,1.11,0.055,1.408,3.629,6.099,0.94,1.25,0.148765,202.899379,1.170604,0.684823,1,6,7,2038.556487
HD 190248_2,HD 190248,3.754,0.072,1.017,1.24,6.099,0.94,1.25,,,3.562109,0.790943,0,0,7,2038.556487
HD 190248_3,HD 190248,1.406,0.139,0.51,0.568,6.099,0.94,1.25,,,1.588654,0.000313,0,1,7,2038.556487
HD 10360_0,HD 10360,0.111,0.132,2.009,6.936,8.189,0.78,0.345,,,0.102806,0.468078,0,0,7,2038.581198
HD 10360_1,HD 10360,0.559,0.036,0.525,0.063,8.189,0.78,0.345,,,0.566086,0.112359,0,0,7,2038.581198
HD 10360_2,HD 10360,3.873,0.13,2.182,7.34,8.189,0.78,0.345,0.406803,153.973232,4.349191,0.70844,1,4,7,2038.581198
HD 10360_4,HD 10360,0.185,0.028,3.239,14.497,8.189,0.78,0.345,,,0.189198,0.073182,0,0,7,2038.581198
HD 10360_5,HD 10360,2.33,0.067,0.679,0.17,8.189,0.78,0.345,,,2.436209,0.159787,0,0,7,2038.581198
HD 30652_0,HD 30652,0.357,0.032,0.524,0.119,8.068,1.25,2.71,,,0.355962,0.578675,0,0,5,2038.583784
HD 30652_1,HD 30652,3.379,0.099,2.314,9.159,8.068,1.25,2.71,0.124137,327.864768,3.158635,0.951808,1,2,5,2038.583784
HD 30652_2,HD 30652,1.418,0.081,1.563,7.047,8.068,1.25,2.71,0.155676,124.358063,1.325723,0.54691,1,3,5,2038.583784
HD 30652_3,HD 30652,3.27,0.133,2.129,5.731,8.068,1.25,2.71,,,2.887235,0.24288,0,2,5,2038.583784
HD 30652_4,HD 30652,2.754,0.119,2.49,10.16,8.068,1.25,2.71,,,2.954888,0.031821,0,2,5,2038.583784
HD 142373_0,HD 142373,1.268,0.168,0.757,0.148,15.898,1.08,3.136,,,1.122508,0.041341,0,0,5,2038.592254
HD 142373_1,HD 142373,1.76,0.092,0.868,0.535,15.898,1.08,3.136,,,1.921621,0.659382,0,0,5,2038.592254
HD 142373_2,HD 142373,0.834,0.129,2.923,6.259,15.898,1.08,3.136,,,0.778179,0.798473,0,0,5,2038.592254
HD 142373_4,HD 142373,1.161,0.006,1.265,2.536,15.898,1.08,3.136,,,1.154635,0.407113,0,0,5,2038.592254
HD 142373_6,HD 142373,4.705,0.105,0.947,0.923,15.898,1.08,3.136,,,4.228131,0.077648,0,0,5,2038.592254
HD 142373_7,HD 142373,1.878,0.051,2.611,6.816,15.898,1.08,3.136,0.106188,177.632181,1.908181,0.120303,1,4,5,2038.592254
HD 142373_8,HD 142373,3.092,0.053,1.805,7.326,15.898,1.08,3.136,,,3.244769,0.032058,0,2,5,2038.592254
HD 58855_0,HD 58855,3.917,0.055,2.746,11.124,20.402,1.16,2.445,,,3.782296,0.051771,0,4,5,2038.593624
HD 58855_3,HD 58855,0.12,0.023,0.846,0.314,20.402,1.16,2.445,,,0.117311,0.779269,0,0,5,2038.593624
HD 58855_4,HD 58855,1.787,0.062,0.53,0.101,20.402,1.16,2.445,,,1.84149,0.036805,0,0,5,2038.593624
HD 58855_5,HD 58855,2.753,0.078,0.74,0.361,20.402,1.16,2.445,,,2.959669,0.476367,0,0,5,2038.593624
HD 58855_6,HD 58855,3.408,0.008,0.67,0.197,20.402,1.16,2.445,,,3.420549,0.6157,0,0,5,2038.593624
HD 58855_7,HD 58855,0.511,0.017,1.169,2.72,20.402,1.16,2.445,,,0.515807,0.670954,0,0,5,2038.593624
HD 58855_8,HD 58855,3.679,0.02,1.665,3.725,20.402,1.16,2.445,,,3.675522,0.576026,0,0,5,2038.593624
HD 4614 A_0,HD 4614 A,4.718,0.051,1.358,3.151,5.01,1.14,1.252,,,4.529607,0.276309,0,0,5,2038.60096
HD 4614 A_1,HD 4614 A,0.651,0.133,0.728,0.235,5.01,1.14,1.252,0.139328,156.425907,0.698738,0.35021,1,4,5,2038.60096
HD 4614 A_2,HD 4614 A,2.584,0.017,1.361,2.842,5.01,1.14,1.252,0.451198,356.952192,2.616431,0.60416,1,2,5,2038.60096
HD 1581_1,HD 1581,1.541,0.046,2.633,10.663,8.607,1.11,1.262,0.103165,255.450661,1.480344,0.819361,1,5,7,2038.60233
HD 1581_2,HD 1581,0.181,0.101,0.988,1.538,8.607,1.11,1.262,,,0.173592,0.313272,0,0,7,2038.60233
HD 1581_3,HD 1581,1.491,0.126,2.76,10.6,8.607,1.11,1.262,,,1.641969,0.009941,0,4,7,2038.60233
HD 1581_4,HD 1581,0.208,0.109,2.378,6.033,8.607,1.11,1.262,,,0.227346,0.281426,0,0,7,2038.60233
HD 160691_0,HD 160691,1.46,0.051,0.67,0.675,15.604,1.0,1.899,,,1.524853,0.274264,0,0,6,2038.608226
HD 160691_1,HD 160691,0.274,0.085,0.88,0.645,15.604,1.0,1.899,,,0.294944,0.148989,0,0,6,2038.608226
HD 160691_2,HD 160691,0.346,0.144,0.58,0.053,15.604,1.0,1.899,,,0.350784,0.17311,0,0,6,2038.608226
HD 160691_3,HD 160691,0.123,0.058,0.556,0.091,15.604,1.0,1.899,,,0.123438,0.297412,0,0,6,2038.608226
HD 160691_4,HD 160691,2.415,0.073,1.777,2.687,15.604,1.0,1.899,0.142873,93.909586,2.375732,0.526454,1,2,6,2038.608226
HD 160691_6,HD 160691,2.937,0.058,2.424,6.338,15.604,1.0,1.899,,,2.998854,0.233858,0,4,6,2038.608226
HD 160691_7,HD 160691,3.23,0.098,2.375,5.354,15.604,1.0,1.899,0.087444,334.183194,3.469063,0.917023,1,3,6,2038.608226
HD 212330 A_0,HD 212330 A,1.747,0.031,3.281,9.208,20.34,1.02,2.726,0.088936,319.159344,1.80102,0.207341,1,2,5,2038.613804
HD 101501_3,HD 101501,0.112,0.069,1.262,2.497,9.576,0.94,0.609,,,0.114291,0.855796,0,0,8,2038.627209
HD 101501_7,HD 101501,0.888,0.054,0.887,0.333,9.576,0.94,0.609,,,0.931862,0.144542,0,5,8,2038.627209
HD 43386_0,HD 43386,2.541,0.037,0.504,0.177,19.588,1.33,2.957,,,2.6349,0.003024,0,0,7,2038.638578
HD 43386_1,HD 43386,1.141,0.101,1.584,2.873,19.588,1.33,2.957,,,1.11024,0.165955,0,0,7,2038.638578
HD 43386_3,HD 43386,0.289,0.045,1.072,0.429,19.588,1.33,2.957,,,0.301957,0.122064,0,0,7,2038.638578
HD 22484_0,HD 22484,0.838,0.146,1.142,1.607,13.92,1.14,3.068,,,0.742783,0.825674,0,0,6,2038.6818
HD 22484_1,HD 22484,1.12,0.109,1.996,7.679,13.92,1.14,3.068,,,1.206126,0.053919,0,1,6,2038.6818
HD 22484_2,HD 22484,0.469,0.117,1.765,3.166,13.92,1.14,3.068,,,0.520682,0.036629,0,0,6,2038.6818
HD 22484_5,HD 22484,4.456,0.081,0.516,0.034,13.92,1.14,3.068,,,4.67806,0.804199,0,0,6,2038.6818
HD 22484_7,HD 22484,3.201,0.074,0.943,1.501,13.92,1.14,3.068,,,3.366878,0.103618,0,0,6,2038.6818
HD 43042_0,HD 43042,4.095,0.078,0.558,0.185,21.776,1.29,2.936,,,4.379234,0.404726,0,0,7,2038.68317
HD 43042_1,HD 43042,0.434,0.11,0.533,0.05,21.776,1.29,2.936,,,0.47013,0.078719,0,0,7,2038.68317
HD 43042_3,HD 43042,0.724,0.14,0.733,0.758,21.776,1.29,2.936,,,0.72722,0.431586,0,0,7,2038.68317
HD 114710_0,HD 114710,1.415,0.117,0.681,0.147,9.197,1.11,1.357,,,1.320977,0.05303,0,0,6,2038.688604
HD 114710_1,HD 114710,0.314,0.116,0.63,1.142,9.197,1.11,1.357,,,0.347416,0.006133,0,0,6,2038.688604
HD 114710_2,HD 114710,2.258,0.018,0.683,0.173,9.197,1.11,1.357,,,2.226595,0.002618,0,0,6,2038.688604
HD 114710_4,HD 114710,0.861,0.053,0.898,0.439,9.197,1.11,1.357,,,0.854217,0.06128,0,2,6,2038.688604
HD 114710_5,HD 114710,0.124,0.109,3.108,17.681,9.197,1.11,1.357,,,0.11587,0.958198,0,0,6,2038.688604
HD 4628_0,HD 4628,0.299,0.054,1.741,4.304,7.435,0.78,0.3,,,0.313661,0.84092,0,0,5,2038.693108
HD 4628_1,HD 4628,4.258,0.031,1.273,1.784,7.435,0.78,0.3,,,4.17096,0.479822,0,0,5,2038.693108
HD 4628_4,HD 4628,4.069,0.034,0.981,0.876,7.435,0.78,0.3,,,3.958059,0.331299,0,0,5,2038.693108
HD 4628_5,HD 4628,3.681,0.025,0.897,0.617,7.435,0.78,0.3,,,3.752012,0.188355,0,0,5,2038.693108
HD 4628_6,HD 4628,1.476,0.055,1.942,4.324,7.435,0.78,0.3,,,1.420228,0.013402,0,2,5,2038.693108
HD 136352_0,HD 136352,1.127,0.083,0.501,0.05,14.739,1.02,1.029,,,1.219895,0.443885,0,0,6,2038.694523
HD 136352_2,HD 136352,0.995,0.082,1.549,3.519,14.739,1.02,1.029,,,1.06008,0.001342,0,0,6,2038.694523
HD 136352_3,HD 136352,3.774,0.069,2.041,4.78,14.739,1.02,1.029,,,3.747968,0.187659,0,2,6,2038.694523
HD 136352_4,HD 136352,1.831,0.068,0.826,0.342,14.739,1.02,1.029,,,1.716547,0.536472,0,0,6,2038.694523
HD 131977_0,HD 131977,2.114,0.033,1.305,3.47,5.886,0.72,0.223,0.294312,340.425109,2.099184,0.661578,1,2,5,2038.698334
HD 38393_0,HD 38393,0.205,0.072,1.088,1.383,8.905,1.23,2.344,,,0.205595,0.128179,0,0,8,2038.702423
HD 38393_1,HD 38393,3.39,0.099,0.656,0.073,8.905,1.23,2.344,,,3.104142,0.880022,0,0,8,2038.702423
HD 38393_3,HD 38393,0.355,0.086,1.549,2.098,8.905,1.23,2.344,,,0.382783,0.1475,0,0,8,2038.702423
HD 38393_4,HD 38393,4.373,0.052,1.208,1.876,8.905,1.23,2.344,,,4.542447,0.629857,0,0,8,2038.702423
HD 209100_0,HD 209100,2.433,0.127,0.524,0.078,3.638,0.72,0.222,,,2.164439,0.724711,0,0,8,2038.709444
HD 209100_1,HD 209100,1.218,0.094,0.54,0.224,3.638,0.72,0.222,,,1.331835,0.371664,0,2,8,2038.709444
HD 209100_2,HD 209100,0.989,0.073,1.925,7.679,3.638,0.72,0.222,0.245841,168.117121,1.045128,0.610669,1,8,8,2038.709444
HD 209100_4,HD 209100,3.542,0.022,2.632,11.464,3.638,0.72,0.222,,,3.572251,0.225668,0,6,8,2038.709444
HD 209100_5,HD 209100,0.635,0.076,0.931,0.965,3.638,0.72,0.222,0.16962,305.86342,0.632843,0.451279,1,8,8,2038.709444
HD 209100_6,HD 209100,1.701,0.082,0.885,1.719,3.638,0.72,0.222,0.362724,120.963967,1.60356,0.663985,1,2,8,2038.709444
HD 209100_8,HD 209100,2.097,0.099,2.488,10.973,3.638,0.72,0.222,0.386685,301.476422,1.905107,0.730466,1,6,8,2038.709444
HD 209100_9,HD 209100,0.782,0.071,2.297,6.298,3.638,0.72,0.222,0.202669,53.566726,0.745732,0.262967,1,8,8,2038.709444
HD 209100_10,HD 209100,0.182,0.056,2.026,7.17,3.638,0.72,0.222,,,0.171816,0.345041,0,0,8,2038.709444
HD 209100_11,HD 209100,0.917,0.107,1.174,2.417,3.638,0.72,0.222,0.247803,102.10501,0.969456,0.520395,1,7,8,2038.709444
HD 210302_0,HD 210302,0.937,0.087,1.293,2.482,18.458,1.25,2.918,,,0.95634,0.160188,0,0,7,2038.713758
HD 210302_1,HD 210302,0.316,0.034,0.672,0.291,18.458,1.25,2.918,,,0.308248,0.106591,0,0,7,2038.713758
HD 210302_2,HD 210302,0.162,0.125,0.82,0.565,18.458,1.25,2.918,,,0.180145,0.591295,0,0,7,2038.713758
HD 210302_3,HD 210302,0.925,0.123,2.909,15.97,18.458,1.25,2.918,,,0.811709,0.689385,0,0,7,2038.713758
HD 210302_4,HD 210302,1.629,0.122,1.727,5.061,18.458,1.25,2.918,,,1.449331,0.899184,0,0,7,2038.713758
HD 30495_0,HD 30495,1.934,0.08,0.989,1.288,13.24,1.04,0.966,,,1.820229,0.048274,0,3,8,2038.715128
HD 30495_2,HD 30495,0.416,0.06,1.179,0.557,13.24,1.04,0.966,,,0.393291,0.993414,0,0,8,2038.715128
HD 30495_3,HD 30495,1.848,0.089,0.623,0.48,13.24,1.04,0.966,,,1.969352,0.01449,0,0,8,2038.715128
HD 156026_0,HD 156026,3.18,0.093,3.171,14.895,5.954,0.68,0.158,0.515842,3.798868,3.068358,0.334365,1,7,7,2038.717861
HD 156026_1,HD 156026,0.564,0.081,0.509,0.042,5.954,0.68,0.158,,,0.609216,0.113348,0,5,7,2038.717861
HD 156026_2,HD 156026,0.423,0.044,0.607,0.379,5.954,0.68,0.158,,,0.405435,0.938187,0,0,7,2038.717861
HD 156026_3,HD 156026,1.001,0.06,2.318,7.224,5.954,0.68,0.158,0.132553,76.985145,1.013475,0.687005,1,7,7,2038.717861
HD 156026_5,HD 156026,1.693,0.124,2.972,9.407,5.954,0.68,0.158,0.266263,112.944905,1.744096,0.54904,1,7,7,2038.717861
HD 20766_0,HD 20766,1.336,0.161,1.674,3.092,12.045,1.01,0.794,0.086896,86.606352,1.212742,0.621574,1,4,7,2038.727704
HD 20766_1,HD 20766,0.327,0.097,2.659,6.922,12.045,1.01,0.794,,,0.35478,0.769572,0,0,7,2038.727704
HD 20766_4,HD 20766,1.915,0.031,0.912,0.441,12.045,1.01,0.794,,,1.9145,0.004371,0,2,7,2038.727704
HD 95735_0,HD 95735,0.673,0.041,0.901,1.876,2.546,0.44,0.02,,,0.688584,0.020177,0,1,5,2038.739671
HD 95735_2,HD 95735,0.392,0.078,0.638,0.252,2.546,0.44,0.02,0.137937,276.501064,0.409112,0.109796,1,4,5,2038.739671
HD 95735_3,HD 95735,0.164,0.146,0.847,1.655,2.546,0.44,0.02,,,0.177565,0.222594,0,0,5,2038.739671
HD 95735_4,HD 95735,2.481,0.023,1.454,2.402,2.546,0.44,0.02,,,2.497572,0.327886,0,1,5,2038.739671
HD 95735_6,HD 95735,0.163,0.047,1.008,2.764,2.546,0.44,0.02,,,0.16844,0.15267,0,0,5,2038.739671
HD 33262 A_0,HD 33262 A,4.098,0.155,0.949,0.422,11.693,1.14,1.466,,,3.784575,0.201914,0,0,8,2038.765511
HD 33262 A_1,HD 33262 A,3.3,0.062,1.368,1.583,11.693,1.14,1.466,,,3.353956,0.65575,0,2,8,2038.765511
HD 33262 A_2,HD 33262 A,3.337,0.087,0.965,0.502,11.693,1.14,1.466,,,3.047452,0.511653,0,0,8,2038.765511
HD 33262 A_4,HD 33262 A,1.015,0.091,2.255,9.306,11.693,1.14,1.466,,,0.922684,0.744833,0,1,8,2038.765511
HD 33262 A_5,HD 33262 A,0.358,0.206,1.487,2.029,11.693,1.14,1.466,,,0.304017,0.069343,0,0,8,2038.765511
HD 33262 A_6,HD 33262 A,0.874,0.139,0.646,0.257,11.693,1.14,1.466,,,0.757276,0.045661,0,0,8,2038.765511
HD 33262 A_8,HD 33262 A,0.199,0.101,2.893,13.631,11.693,1.14,1.466,,,0.181796,0.378098,0,0,8,2038.765511
HD 7570_0,HD 7570,3.031,0.054,1.134,3.652,15.261,1.14,2.004,,,3.184393,0.260577,0,0,6,2038.790526
HD 7570_1,HD 7570,0.15,0.071,0.941,0.218,15.261,1.14,2.004,,,0.159704,0.264434,0,0,6,2038.790526
HD 7570_2,HD 7570,1.977,0.063,1.73,3.716,15.261,1.14,2.004,0.090384,316.27246,1.939258,0.730836,1,4,6,2038.790526
HD 7570_3,HD 7570,3.034,0.079,1.364,1.913,15.261,1.14,2.004,,,3.124946,0.211498,0,0,6,2038.790526
HD 7570_4,HD 7570,0.569,0.099,0.726,0.483,15.261,1.14,2.004,,,0.562204,0.134611,0,0,6,2038.790526
HD 142860_0,HD 142860,0.405,0.081,2.385,6.459,11.254,1.25,3.039,,,0.373124,0.652366,0,0,6,2038.797068
HD 142860_2,HD 142860,3.184,0.073,1.146,0.989,11.254,1.25,3.039,,,2.962951,0.348533,0,0,6,2038.797068
HD 142860_3,HD 142860,0.465,0.068,1.963,1.786,11.254,1.25,3.039,,,0.469443,0.278357,0,0,6,2038.797068
HD 142860_5,HD 142860,0.92,0.074,2.443,8.017,11.254,1.25,3.039,,,0.888661,0.685335,0,1,6,2038.797068
HD 142860_6,HD 142860,0.627,0.092,3.102,5.436,11.254,1.25,3.039,,,0.569891,0.791427,0,0,6,2038.797068
HD 219134_0,HD 219134,1.298,0.068,3.021,11.197,6.542,0.75,0.266,0.174493,280.880189,1.225496,0.192719,1,5,5,2038.799425
HD 219134_1,HD 219134,0.107,0.06,0.589,0.114,6.542,0.75,0.266,,,0.110682,0.734156,0,0,5,2038.799425
HD 219134_2,HD 219134,0.475,0.085,1.279,2.244,6.542,0.75,0.266,,,0.46639,0.247975,0,0,5,2038.799425
HD 219134_3,HD 219134,2.999,0.067,1.913,4.52,6.542,0.75,0.266,,,3.006783,0.218513,0,3,5,2038.799425
HD 219134_4,HD 219134,0.285,0.083,1.716,4.805,6.542,0.75,0.266,,,0.300691,0.37202,0,0,5,2038.799425
HD 219134_5,HD 219134,1.823,0.052,1.09,4.144,6.542,0.75,0.266,,,1.732298,0.206672,0,2,5,2038.799425
HD 219134_7,HD 219134,0.986,0.056,2.277,3.449,6.542,0.75,0.266,0.143097,143.542694,0.935997,0.302736,1,5,5,2038.799425
HD 128167_0,HD 128167,1.283,0.14,1.15,1.29,15.756,1.39,3.182,,,1.154742,0.062789,0,1,6,2038.872953
HD 128167_2,HD 128167,3.433,0.063,1.328,2.483,15.756,1.39,3.182,,,3.353649,0.128308,0,0,6,2038.872953
HD 128167_3,HD 128167,4.878,0.117,2.132,5.678,15.756,1.39,3.182,,,4.30769,0.485454,0,1,6,2038.872953
HD 128167_4,HD 128167,1.323,0.044,1.923,2.477,15.756,1.39,3.182,,,1.373758,0.062104,0,0,6,2038.872953
HD 84737_0,HD 84737,0.596,0.087,1.352,1.551,18.823,1.08,2.795,,,0.621907,0.635398,0,0,7,2038.874323
HD 84737_1,HD 84737,3.025,0.071,1.189,1.926,18.823,1.08,2.795,,,3.105593,0.714298,0,0,7,2038.874323
HD 84737_2,HD 84737,1.078,0.014,1.079,0.698,18.823,1.08,2.795,,,1.08922,0.668545,0,0,7,2038.874323
HD 84737_3,HD 84737,3.774,0.025,0.833,0.848,18.823,1.08,2.795,,,3.849626,0.460896,0,0,7,2038.874323
HD 84737_4,HD 84737,0.254,0.074,3.133,13.741,18.823,1.08,2.795,,,0.244669,0.653221,0,0,7,2038.874323
HD 84737_5,HD 84737,2.993,0.205,0.508,0.086,18.823,1.08,2.795,,,2.388284,0.08926,0,0,7,2038.874323
HD 37394_0,HD 37394,1.839,0.051,0.552,0.164,12.27,0.88,0.478,,,1.757316,0.004264,0,0,6,2038.87679
HD 37394_1,HD 37394,0.501,0.058,1.934,5.969,12.27,0.88,0.478,,,0.475451,0.079584,0,0,6,2038.87679
HD 37394_3,HD 37394,1.245,0.044,1.502,2.038,12.27,0.88,0.478,0.104292,152.01029,1.239496,0.362184,1,2,6,2038.87679
HD 37394_5,HD 37394,0.152,0.102,1.111,1.488,12.27,0.88,0.478,,,0.163828,0.624735,0,0,6,2038.87679
HD 37394_9,HD 37394,0.863,0.077,0.726,0.552,12.27,0.88,0.478,,,0.929439,0.037545,0,0,6,2038.87679
HD 37394_10,HD 37394,0.093,0.059,3.205,15.21,12.27,0.88,0.478,,,0.090291,0.881059,0,0,6,2038.87679
HD 37394_11,HD 37394,1.171,0.065,2.415,5.91,12.27,0.88,0.478,0.089438,112.673092,1.133861,0.184104,1,6,6,2038.87679
HD 37394_15,HD 37394,0.222,0.142,1.093,0.563,12.27,0.88,0.478,,,0.207012,0.323964,0,0,6,2038.87679
HD 37394_16,HD 37394,2.623,0.055,2.621,9.008,12.27,0.88,0.478,,,2.709223,0.940719,0,2,6,2038.87679
HD 39091_1,HD 39091,3.12,0.028,1.191,1.952,18.287,1.08,1.533,,,3.175241,0.51634,0,0,8,2038.879221
HD 39091_2,HD 39091,2.865,0.029,0.677,0.089,18.287,1.08,1.533,,,2.814007,0.097054,0,0,8,2038.879221
HD 39091_3,HD 39091,3.55,0.072,1.069,0.919,18.287,1.08,1.533,,,3.391252,0.108911,0,0,8,2038.879221
HD 39091_4,HD 39091,4.534,0.027,1.234,1.811,18.287,1.08,1.533,,,4.608322,0.001692,0,0,8,2038.879221
HD 39091_5,HD 39091,1.437,0.051,1.31,1.974,18.287,1.08,1.533,,,1.390513,0.399527,0,1,8,2038.879221
HD 39091_6,HD 39091,0.67,0.012,2.604,6.457,18.287,1.08,1.533,,,0.669854,0.071625,0,0,8,2038.879221
HD 86728 A_0,HD 86728 A,0.138,0.113,0.53,0.078,14.926,1.0,1.378,,,0.125496,0.039892,0,0,5,2038.882349
HD 86728 A_1,HD 86728 A,1.194,0.049,0.519,0.144,14.926,1.0,1.378,,,1.230741,0.051207,0,0,5,2038.882349
HD 86728 A_2,HD 86728 A,1.586,0.024,0.736,0.367,14.926,1.0,1.378,,,1.595768,0.089532,0,0,5,2038.882349
HD 86728 A_3,HD 86728 A,0.34,0.077,0.971,1.901,14.926,1.0,1.378,,,0.353607,0.20212,0,0,5,2038.882349
HD 86728 A_4,HD 86728 A,3.143,0.15,2.985,16.709,14.926,1.0,1.378,,,3.446206,0.214629,0,2,5,2038.882349
HD 86728 A_5,HD 86728 A,0.238,0.132,1.155,6.008,14.926,1.0,1.378,,,0.206591,0.308925,0,0,5,2038.882349
HD 86728 A_6,HD 86728 A,2.84,0.137,2.462,3.621,14.926,1.0,1.378,0.16335,314.602918,2.488729,0.314723,1,3,5,2038.882349
HD 17206_0,HD 17206,1.742,0.09,0.885,1.25,14.276,1.21,2.617,,,1.885898,0.175715,0,1,7,2038.899239
HD 17206_1,HD 17206,0.879,0.039,2.253,5.781,14.276,1.21,2.617,,,0.895679,0.057229,0,0,7,2038.899239
HD 17206_2,HD 17206,0.485,0.035,0.762,0.888,14.276,1.21,2.617,,,0.501352,0.86646,0,0,7,2038.899239
HD 20807_0,HD 20807,0.337,0.072,1.793,3.234,12.039,1.07,1.017,,,0.351258,0.044059,0,0,6,2038.900609
HD 20807_1,HD 20807,1.546,0.069,0.954,0.846,12.039,1.07,1.017,0.113887,216.166792,1.60793,0.604823,1,4,6,2038.900609
HD 20807_2,HD 20807,2.979,0.055,2.038,8.298,12.039,1.07,1.017,0.193725,311.071718,2.821789,0.647416,1,2,6,2038.900609
HD 134083_0,HD 134083,0.116,0.07,1.9,7.058,19.536,1.33,3.255,,,0.118414,0.002949,0,0,7,2038.902771
HD 134083_1,HD 134083,0.36,0.097,1.358,2.746,19.536,1.33,3.255,,,0.326526,0.16225,0,0,7,2038.902771
HD 134083_3,HD 134083,0.749,0.13,0.881,0.684,19.536,1.33,3.255,,,0.829365,0.029025,0,0,7,2038.902771
HD 134083_4,HD 134083,0.959,0.114,0.591,0.338,19.536,1.33,3.255,,,1.032896,0.100594,0,0,7,2038.902771
HD 53705_0,HD 53705,0.273,0.081,1.735,2.717,17.059,1.04,1.49,,,0.295073,0.015984,0,0,5,2038.930441
HD 53705_1,HD 53705,2.604,0.083,3.306,16.05,17.059,1.04,1.49,0.140169,251.676434,2.445799,0.165585,1,5,5,2038.930441
HD 53705_2,HD 53705,1.597,0.089,2.478,13.971,17.059,1.04,1.49,0.101472,160.852428,1.645817,0.259683,1,5,5,2038.930441
HD 53705_3,HD 53705,0.715,0.026,1.359,2.038,17.059,1.04,1.49,,,0.720027,0.543794,0,0,5,2038.930441
HD 53705_4,HD 53705,0.527,0.092,2.437,10.745,17.059,1.04,1.49,,,0.505525,0.441558,0,0,5,2038.930441
HD 165341 A_0,HD 165341 A,3.482,0.036,1.359,2.775,5.113,0.88,0.532,,,3.507566,0.963427,0,0,8,2038.932664
HD 165341 A_2,HD 165341 A,0.277,0.022,2.947,13.11,5.113,0.88,0.532,,,0.274389,0.000369,0,0,8,2038.932664
HD 165341 A_3,HD 165341 A,0.642,0.027,1.615,1.833,5.113,0.88,0.532,0.09613,21.064975,0.659195,0.757123,1,6,8,2038.932664
HD 46588 A_0,HD 46588 A,1.961,0.092,1.375,5.123,18.202,1.18,1.826,0.114261,0.094434,2.088273,0.381776,1,4,6,2038.940536
HD 46588 A_2,HD 46588 A,0.149,0.051,1.651,3.767,18.202,1.18,1.826,,,0.141418,0.051005,0,0,6,2038.940536
HD 46588 A_4,HD 46588 A,0.634,0.042,1.252,1.899,18.202,1.18,1.826,,,0.630544,0.479304,0,0,6,2038.940536
HD 46588 A_5,HD 46588 A,0.119,0.052,0.593,0.101,18.202,1.18,1.826,,,0.125166,0.327362,0,0,6,2038.940536
HD 46588 A_6,HD 46588 A,0.647,0.045,2.121,5.747,18.202,1.18,1.826,,,0.670529,0.888568,0,0,6,2038.940536
HD 46588 A_7,HD 46588 A,1.085,0.088,1.256,5.584,18.202,1.18,1.826,,,1.051089,0.558983,0,0,6,2038.940536
HD 46588 A_8,HD 46588 A,2.008,0.017,0.521,0.08,18.202,1.18,1.826,,,1.981433,0.778913,0,0,6,2038.940536
HD 10361_1,HD 10361,0.761,0.025,1.303,2.715,8.197,0.77,0.304,0.091482,180.176264,0.748013,0.129647,1,5,6,2038.958603
HD 10361_2,HD 10361,0.985,0.066,0.785,0.596,8.197,0.77,0.304,0.112196,86.222793,0.984195,0.486191,1,1,6,2038.958603
HD 10361_3,HD 10361,1.525,0.07,0.586,0.784,8.197,0.77,0.304,,,1.502876,0.514439,0,0,6,2038.958603
HD 10361_4,HD 10361,4.037,0.084,0.501,0.084,8.197,0.77,0.304,,,4.324531,0.011918,0,0,6,2038.958603
HD 88230_0,HD 88230,1.858,0.024,1.413,3.961,4.871,0.63,0.103,0.373172,57.220334,1.888677,0.459948,1,3,5,2038.969192
HD 88230_1,HD 88230,0.369,0.102,2.613,14.391,4.871,0.63,0.103,,,0.402402,0.010736,0,0,5,2038.969192
HD 88230_2,HD 88230,0.941,0.058,0.511,0.079,4.871,0.63,0.103,,,0.895428,0.334258,0,1,5,2038.969192
HD 88230_3,HD 88230,1.397,0.055,1.541,3.057,4.871,0.63,0.103,0.247776,278.707888,1.469013,0.66555,1,3,5,2038.969192
HD 88230_4,HD 88230,0.683,0.12,0.831,0.221,4.871,0.63,0.103,,,0.607264,0.969262,0,0,5,2038.969192
HD 88230_5,HD 88230,2.552,0.09,1.594,2.912,4.871,0.63,0.103,0.469003,91.063441,2.726888,0.641633,1,2,5,2038.969192
HD 88230_6,HD 88230,2.842,0.103,0.661,0.567,4.871,0.63,0.103,,,2.576464,0.837301,0,0,5,2038.969192
HD 190360_0,HD 190360,0.922,0.17,1.79,3.759,16.003,0.96,1.165,,,0.785508,0.597495,0,0,8,2038.972081
HD 190360_1,HD 190360,3.764,0.081,1.071,1.582,16.003,0.96,1.165,,,3.914322,0.348677,0,0,8,2038.972081
HD 190360_3,HD 190360,3.632,0.139,2.733,10.267,16.003,0.96,1.165,0.117427,97.090721,3.268147,0.844426,1,4,8,2038.972081
HD 190360_4,HD 190360,1.735,0.021,0.534,0.045,16.003,0.96,1.165,,,1.707666,0.572837,0,0,8,2038.972081
HD 190360_5,HD 190360,0.581,0.08,1.934,2.88,16.003,0.96,1.165,,,0.622841,0.866554,0,0,8,2038.972081
HD 23249_0,HD 23249,2.38,0.039,0.804,0.586,9.089,0.87,2.941,,,2.457198,0.729515,0,0,6,2038.983691
HD 23249_1,HD 23249,2.348,0.031,1.487,3.029,9.089,0.87,2.941,,,2.306328,0.01422,0,2,6,2038.983691
HD 165341 B_1,HD 165341 B,1.256,0.089,0.5,0.053,5.122,0.78,0.164,,,1.342136,0.479954,0,0,8,2038.992712
HD 165341 B_2,HD 165341 B,4.082,0.042,1.247,0.85,5.122,0.78,0.164,,,4.039902,0.865621,0,0,8,2038.992712
HD 165341 B_3,HD 165341 B,0.1,0.077,0.528,0.124,5.122,0.78,0.164,,,0.107405,0.481808,0,0,8,2038.992712
HD 165341 B_4,HD 165341 B,0.76,0.117,1.137,2.374,5.122,0.78,0.164,,,0.775231,0.063093,0,4,8,2038.992712
HD 693_0,HD 693,1.045,0.058,1.136,2.579,18.886,1.18,2.997,,,0.989398,0.214815,0,0,5,2039.004503
HD 693_1,HD 693,0.139,0.106,2.768,7.407,18.886,1.18,2.997,,,0.153501,0.05548,0,0,5,2039.004503
HD 693_3,HD 693,1.448,0.069,1.975,3.042,18.886,1.18,2.997,,,1.348576,0.070898,0,0,5,2039.004503
HD 693_4,HD 693,1.744,0.105,1.392,2.348,18.886,1.18,2.997,,,1.679028,0.024601,0,3,5,2039.004503
HD 693_5,HD 693,2.909,0.1,1.423,2.794,18.886,1.18,2.997,,,3.172247,0.161747,0,1,5,2039.004503
HD 693_6,HD 693,2.914,0.024,0.574,0.316,18.886,1.18,2.997,,,2.9707,0.427128,0,0,5,2039.004503
HD 693_7,HD 693,3.93,0.01,2.298,5.004,18.886,1.18,2.997,0.148991,313.019445,3.893338,0.720856,1,3,5,2039.004503
HD 192310_0,HD 192310,1.267,0.07,0.641,0.14,8.812,0.77,0.404,0.112849,171.936451,1.27385,0.676585,1,1,6,2039.007195
HD 192310_1,HD 192310,1.472,0.082,2.73,7.674,8.812,0.77,0.404,0.17203,322.227518,1.591036,0.182519,1,6,6,2039.007195
HD 192310_2,HD 192310,0.631,0.109,2.544,13.411,8.812,0.77,0.404,,,0.697375,0.318136,0,0,6,2039.007195
HD 192310_3,HD 192310,0.091,0.084,2.458,12.572,8.812,0.77,0.404,,,0.089232,0.042537,0,0,6,2039.007195
HD 149661_2,HD 149661,2.991,0.073,1.285,2.935,9.894,0.87,0.462,,,3.129641,0.713195,0,0,5,2039.03262
HD 149661_3,HD 149661,2.364,0.065,0.7,0.315,9.894,0.87,0.462,,,2.383787,0.050522,0,0,5,2039.03262
HD 149661_5,HD 149661,3.155,0.051,2.936,7.428,9.894,0.87,0.462,0.299658,132.847134,3.215037,0.526071,1,2,5,2039.03262
HD 165499_0,HD 165499,3.777,0.071,0.637,0.161,17.753,1.08,1.731,,,3.931018,0.636971,0,0,6,2039.071861
HD 165499_1,HD 165499,0.192,0.04,0.654,0.106,17.753,1.08,1.731,,,0.199277,0.012668,0,0,6,2039.071861
HD 165499_3,HD 165499,0.221,0.065,0.75,0.229,17.753,1.08,1.731,,,0.235161,0.380408,0,0,6,2039.071861
HD 165499_4,HD 165499,1.569,0.062,3.377,24.497,17.753,1.08,1.731,0.077267,350.239422,1.517785,0.178883,1,5,6,2039.071861
HD 50692_0,HD 50692,3.95,0.04,2.831,10.297,17.405,1.08,1.293,,,3.881305,0.070706,0,2,5,2039.073747
HD 50692_1,HD 50692,0.28,0.064,0.734,0.092,17.405,1.08,1.293,,,0.262356,0.229769,0,0,5,2039.073747
HD 50692_2,HD 50692,0.513,0.081,1.798,3.652,17.405,1.08,1.293,,,0.525425,0.041583,0,0,5,2039.073747
HD 50692_3,HD 50692,0.925,0.032,2.849,9.197,17.405,1.08,1.293,,,0.915686,0.925447,0,0,5,2039.073747
HD 155885_0,HD 155885,0.424,0.016,1.08,0.365,5.948,0.85,0.332,,,0.419273,0.469832,0,0,6,2039.095358
HD 155885_1,HD 155885,0.125,0.137,2.355,7.262,5.948,0.85,0.332,,,0.140631,0.820191,0,0,6,2039.095358
HD 155885_4,HD 155885,2.293,0.052,0.991,0.685,5.948,0.85,0.332,,,2.401858,0.695042,0,2,6,2039.095358
HD 187691 A_0,HD 187691 A,3.127,0.076,1.475,4.454,19.488,1.25,2.835,,,2.889729,0.365656,0,0,6,2039.100207
HD 187691 A_1,HD 187691 A,2.61,0.091,1.018,1.386,19.488,1.25,2.835,,,2.497608,0.141792,0,0,6,2039.100207
HD 187691 A_2,HD 187691 A,3.249,0.037,0.764,1.364,19.488,1.25,2.835,,,3.250918,0.44277,0,0,6,2039.100207
HD 187691 A_3,HD 187691 A,2.018,0.038,2.654,10.557,19.488,1.25,2.835,0.090054,82.388243,1.978224,0.561054,1,4,6,2039.100207
HD 19373_0,HD 19373,0.74,0.034,3.212,9.93,10.577,1.08,2.23,,,0.723392,0.028551,0,0,6,2039.101577
HD 19373_2,HD 19373,0.724,0.048,1.483,3.085,10.577,1.08,2.23,,,0.692057,0.059299,0,0,6,2039.101577
HD 19373_3,HD 19373,0.676,0.061,1.037,1.075,10.577,1.08,2.23,,,0.690474,0.020311,0,0,6,2039.101577
HD 19373_6,HD 19373,0.114,0.04,2.433,8.086,10.577,1.08,2.23,,,0.113661,0.797146,0,0,6,2039.101577
HD 19373_7,HD 19373,2.87,0.048,1.622,2.945,10.577,1.08,2.23,,,2.890853,0.13361,0,2,6,2039.101577
HD 100623 A_0,HD 100623 A,4.014,0.105,2.503,8.448,9.559,0.88,0.37,,,3.700892,0.15745,0,1,5,2039.115787
HD 100623 A_2,HD 100623 A,0.102,0.086,0.559,0.245,9.559,0.88,0.37,,,0.110762,0.644006,0,0,5,2039.115787
HD 100623 A_3,HD 100623 A,4.384,0.075,1.441,2.214,9.559,0.88,0.37,,,4.246131,0.155843,0,0,5,2039.115787
HD 100623 A_4,HD 100623 A,2.524,0.072,0.66,0.613,9.559,0.88,0.37,,,2.398502,0.192382,0,0,5,2039.115787
HD 100623 A_5,HD 100623 A,4.18,0.038,0.734,0.337,9.559,0.88,0.37,,,4.146635,0.299998,0,0,5,2039.115787
HD 100623 A_6,HD 100623 A,0.362,0.165,0.555,0.359,9.559,0.88,0.37,,,0.342906,0.474573,0,0,5,2039.115787
HD 100623 A_7,HD 100623 A,4.073,0.068,1.365,1.972,9.559,0.88,0.37,,,4.306017,0.911655,0,0,5,2039.115787
HD 216803_1,HD 216803,3.539,0.087,2.035,5.879,7.601,0.72,0.196,,,3.290785,0.174769,0,1,5,2039.117157
HD 216803_3,HD 216803,0.104,0.044,0.893,0.284,7.601,0.72,0.196,,,0.101983,0.121006,0,0,5,2039.117157
HD 216803_4,HD 216803,2.738,0.038,2.631,12.08,7.601,0.72,0.196,0.328603,176.796543,2.646138,0.505062,1,3,5,2039.117157
HD 216803_5,HD 216803,0.109,0.06,0.686,0.431,7.601,0.72,0.196,,,0.106813,0.538932,0,0,5,2039.117157
HD 216803_6,HD 216803,0.431,0.071,1.431,2.693,7.601,0.72,0.196,,,0.440368,0.092587,0,0,5,2039.117157
HD 217987_0,HD 217987,3.278,0.032,3.1,17.272,3.287,0.49,0.036,0.98443,31.344204,3.315216,0.440042,1,3,5,2039.119784
HD 217987_1,HD 217987,0.104,0.158,2.049,6.333,3.287,0.49,0.036,,,0.09544,0.628109,0,0,5,2039.119784
HD 219134_0,HD 219134,1.298,0.068,3.021,11.197,6.542,0.75,0.266,0.154209,222.106166,1.326888,0.688386,1,6,6,2039.145172
HD 219134_1,HD 219134,0.107,0.06,0.589,0.114,6.542,0.75,0.266,,,0.109479,0.042986,0,0,6,2039.145172
HD 219134_2,HD 219134,0.475,0.085,1.279,2.244,6.542,0.75,0.266,,,0.487658,0.436883,0,0,6,2039.145172
HD 219134_3,HD 219134,2.999,0.067,1.913,4.52,6.542,0.75,0.266,,,2.934471,0.103504,0,3,6,2039.145172
HD 219134_4,HD 219134,0.285,0.083,1.716,4.805,6.542,0.75,0.266,,,0.304041,0.383092,0,0,6,2039.145172
HD 219134_5,HD 219134,1.823,0.052,1.09,4.144,6.542,0.75,0.266,,,1.740264,0.053633,0,2,6,2039.145172
HD 219134_7,HD 219134,0.986,0.056,2.277,3.449,6.542,0.75,0.266,0.133594,21.097588,0.98554,0.583727,1,6,6,2039.145172
HD 58855_0,HD 58855,3.917,0.055,2.746,11.124,20.402,1.16,2.445,,,3.717125,0.008475,0,4,6,2039.155501
HD 58855_3,HD 58855,0.12,0.023,0.846,0.314,20.402,1.16,2.445,,,0.121945,0.055471,0,0,6,2039.155501
HD 58855_4,HD 58855,1.787,0.062,0.53,0.101,20.402,1.16,2.445,,,1.886543,0.638849,0,0,6,2039.155501
HD 58855_5,HD 58855,2.753,0.078,0.74,0.361,20.402,1.16,2.445,,,2.941551,0.817798,0,0,6,2039.155501
HD 58855_6,HD 58855,3.408,0.008,0.67,0.197,20.402,1.16,2.445,,,3.432037,0.383133,0,0,6,2039.155501
HD 58855_7,HD 58855,0.511,0.017,1.169,2.72,20.402,1.16,2.445,,,0.502313,0.484722,0,0,6,2039.155501
HD 58855_8,HD 58855,3.679,0.02,1.665,3.725,20.402,1.16,2.445,,,3.713583,0.305392,0,0,6,2039.155501
HD 166_0,HD 166,1.592,0.09,1.08,2.182,13.766,0.94,0.647,0.086525,154.911965,1.725343,0.765945,1,4,7,2039.156962
HD 166_1,HD 166,0.635,0.021,0.515,0.062,13.766,0.94,0.647,,,0.645169,0.006939,0,0,7,2039.156962
HD 30652_0,HD 30652,0.357,0.032,0.524,0.119,8.068,1.25,2.71,,,0.360877,0.337286,0,0,6,2039.167059
HD 30652_1,HD 30652,3.379,0.099,2.314,9.159,8.068,1.25,2.71,0.184535,187.440855,3.04732,0.887111,1,3,6,2039.167059
HD 30652_2,HD 30652,1.418,0.081,1.563,7.047,8.068,1.25,2.71,0.180202,326.867435,1.532071,0.457162,1,4,6,2039.167059
HD 30652_3,HD 30652,3.27,0.133,2.129,5.731,8.068,1.25,2.71,,,2.854629,0.120448,0,2,6,2039.167059
HD 30652_4,HD 30652,2.754,0.119,2.49,10.16,8.068,1.25,2.71,,,3.080192,0.085471,0,2,6,2039.167059
HD 203608_0,HD 203608,2.203,0.092,1.79,3.488,9.258,1.14,1.466,,,2.365072,0.077213,0,3,6,2039.175595
HD 203608_1,HD 203608,2.342,0.1,0.502,0.104,9.258,1.14,1.466,,,2.223375,0.349626,0,0,6,2039.175595
HD 203608_2,HD 203608,2.74,0.062,1.086,1.189,9.258,1.14,1.466,0.099657,132.257298,2.874982,0.947509,1,2,6,2039.175595
HD 203608_5,HD 203608,4.293,0.038,0.929,0.698,9.258,1.14,1.466,,,4.243054,0.525984,0,0,6,2039.175595
HD 203608_6,HD 203608,0.526,0.072,0.985,0.486,9.258,1.14,1.466,,,0.561442,0.10598,0,0,6,2039.175595
HD 190248_1,HD 190248,1.11,0.055,1.408,3.629,6.099,0.94,1.25,,,1.052062,0.045711,0,6,8,2039.193222
HD 190248_2,HD 190248,3.754,0.072,1.017,1.24,6.099,0.94,1.25,,,3.4898,0.501154,0,0,8,2039.193222
HD 190248_3,HD 190248,1.406,0.139,0.51,0.568,6.099,0.94,1.25,,,1.365745,0.495047,0,1,8,2039.193222
HD 155885_0,HD 155885,0.424,0.016,1.08,0.365,5.948,0.85,0.332,,,0.428476,0.181126,0,0,7,2039.241827
HD 155885_1,HD 155885,0.125,0.137,2.355,7.262,5.948,0.85,0.332,,,0.141969,0.716795,0,0,7,2039.241827
HD 155885_4,HD 155885,2.293,0.052,0.991,0.685,5.948,0.85,0.332,,,2.410147,0.610744,0,2,7,2039.241827
HD 43386_0,HD 43386,2.541,0.037,0.504,0.177,19.588,1.33,2.957,,,2.591912,0.195295,0,0,8,2039.243197
HD 43386_1,HD 43386,1.141,0.101,1.584,2.873,19.588,1.33,2.957,,,1.230117,0.168689,0,0,8,2039.243197
HD 43386_3,HD 43386,0.289,0.045,1.072,0.429,19.588,1.33,2.957,,,0.276349,0.66507,0,0,8,2039.243197
HD 16895 A_0,HD 16895 A,3.595,0.047,2.816,7.544,11.15,1.21,2.246,0.327905,348.119223,3.614682,0.313316,1,4,6,2039.250097
HD 16895 A_4,HD 16895 A,4.424,0.091,1.274,1.913,11.15,1.21,2.246,,,4.695252,0.547501,0,0,6,2039.250097
HD 16895 A_5,HD 16895 A,1.554,0.05,3.144,9.969,11.15,1.21,2.246,0.134877,313.358128,1.622473,0.428275,1,5,6,2039.250097
HD 16895 A_6,HD 16895 A,0.108,0.029,0.508,0.042,11.15,1.21,2.246,,,0.105097,0.890726,0,0,6,2039.250097
HD 131156 A_0,HD 131156 A,0.922,0.01,2.426,6.027,6.754,0.96,0.553,0.134816,357.517739,0.928454,0.295109,1,7,7,2039.253537
HD 131156 A_1,HD 131156 A,1.097,0.147,1.932,4.971,6.754,0.96,0.553,,,1.038579,0.037741,0,6,7,2039.253537
HD 201091_1,HD 201091,1.051,0.108,0.699,0.293,3.497,0.68,0.142,0.298181,225.030572,1.110894,0.503354,1,3,7,2039.262709
HD 201091_2,HD 201091,2.964,0.153,0.94,0.359,3.497,0.68,0.142,,,3.364124,0.44098,0,0,7,2039.262709
HD 201091_4,HD 201091,2.241,0.067,3.013,8.159,3.497,0.68,0.142,,,2.358911,0.010286,0,3,7,2039.262709
HD 201092_1,HD 201092,2.708,0.059,2.37,8.514,3.496,0.63,0.078,0.625208,112.321051,2.817967,0.698692,1,3,6,2039.276121
HD 142373_0,HD 142373,1.268,0.168,0.757,0.148,15.898,1.08,3.136,,,1.437065,0.835385,0,0,6,2039.292372
HD 142373_1,HD 142373,1.76,0.092,0.868,0.535,15.898,1.08,3.136,,,1.701828,0.317235,0,0,6,2039.292372
HD 142373_2,HD 142373,0.834,0.129,2.923,6.259,15.898,1.08,3.136,,,0.807497,0.876303,0,0,6,2039.292372
HD 142373_4,HD 142373,1.161,0.006,1.265,2.536,15.898,1.08,3.136,,,1.167934,0.455584,0,0,6,2039.292372
HD 142373_6,HD 142373,4.705,0.105,0.947,0.923,15.898,1.08,3.136,,,4.345857,0.246512,0,0,6,2039.292372
HD 142373_7,HD 142373,1.878,0.051,2.611,6.816,15.898,1.08,3.136,,,1.964009,0.024212,0,4,6,2039.292372
HD 142373_8,HD 142373,3.092,0.053,1.805,7.326,15.898,1.08,3.136,,,3.240998,0.133313,0,2,6,2039.292372
HD 43042_0,HD 43042,4.095,0.078,0.558,0.185,21.776,1.29,2.936,,,4.414372,0.241471,0,0,8,2039.293742
HD 43042_1,HD 43042,0.434,0.11,0.533,0.05,21.776,1.29,2.936,,,0.421894,0.27998,0,0,8,2039.293742
HD 43042_3,HD 43042,0.724,0.14,0.733,0.758,21.776,1.29,2.936,,,0.795696,0.775792,0,0,8,2039.293742
HD 141004_0,HD 141004,2.629,0.092,2.901,8.518,11.916,1.09,2.004,0.201206,151.768,2.452994,0.401913,1,3,6,2039.295949
HD 141004_1,HD 141004,0.651,0.071,0.654,0.168,11.916,1.09,2.004,,,0.669265,0.755529,0,0,6,2039.295949
HD 141004_2,HD 141004,4.426,0.098,1.019,2.941,11.916,1.09,2.004,,,4.659135,0.235733,0,0,6,2039.295949
HD 141004_3,HD 141004,4.115,0.06,0.578,0.125,11.916,1.09,2.004,,,4.033151,0.544187,0,0,6,2039.295949
HD 141004_4,HD 141004,3.163,0.091,1.732,4.206,11.916,1.09,2.004,,,3.043153,0.318236,0,0,6,2039.295949
HD 86728 A_0,HD 86728 A,0.138,0.113,0.53,0.078,14.926,1.0,1.378,,,0.132183,0.185222,0,0,6,2039.303796
HD 86728 A_1,HD 86728 A,1.194,0.049,0.519,0.144,14.926,1.0,1.378,,,1.22278,0.261156,0,0,6,2039.303796
HD 86728 A_2,HD 86728 A,1.586,0.024,0.736,0.367,14.926,1.0,1.378,,,1.552471,0.17949,0,0,6,2039.303796
HD 86728 A_3,HD 86728 A,0.34,0.077,0.971,1.901,14.926,1.0,1.378,,,0.333468,0.428344,0,0,6,2039.303796
HD 86728 A_4,HD 86728 A,3.143,0.15,2.985,16.709,14.926,1.0,1.378,0.218096,35.886107,3.26132,0.385727,1,3,6,2039.303796
HD 86728 A_5,HD 86728 A,0.238,0.132,1.155,6.008,14.926,1.0,1.378,,,0.260679,0.683293,0,0,6,2039.303796
HD 86728 A_6,HD 86728 A,2.84,0.137,2.462,3.621,14.926,1.0,1.378,0.13842,289.109634,2.458238,0.644664,1,4,6,2039.303796
HD 102365_0,HD 102365,1.154,0.024,2.235,11.472,9.319,1.02,0.844,0.122659,63.779127,1.181304,0.446731,1,7,7,2039.32782
HD 102365_1,HD 102365,4.021,0.031,1.113,0.834,9.319,1.02,0.844,,,3.899071,0.761378,0,0,7,2039.32782
HD 102365_2,HD 102365,0.113,0.031,0.976,0.303,9.319,1.02,0.844,,,0.111588,0.103997,0,0,7,2039.32782
HD 210302_0,HD 210302,0.937,0.087,1.293,2.482,18.458,1.25,2.918,,,0.857816,0.291847,0,0,8,2039.330297
HD 210302_1,HD 210302,0.316,0.034,0.672,0.291,18.458,1.25,2.918,,,0.30526,0.00603,0,0,8,2039.330297
HD 210302_2,HD 210302,0.162,0.125,0.82,0.565,18.458,1.25,2.918,,,0.159687,0.624521,0,0,8,2039.330297
HD 210302_3,HD 210302,0.925,0.123,2.909,15.97,18.458,1.25,2.918,,,0.929945,0.653572,0,0,8,2039.330297
HD 210302_4,HD 210302,1.629,0.122,1.727,5.061,18.458,1.25,2.918,,,1.676621,0.07447,0,0,8,2039.330297
HD 37394_0,HD 37394,1.839,0.051,0.552,0.164,12.27,0.88,0.478,,,1.843112,0.2288,0,0,7,2039.331748
HD 37394_1,HD 37394,0.501,0.058,1.934,5.969,12.27,0.88,0.478,,,0.48191,0.107247,0,0,7,2039.331748
HD 37394_3,HD 37394,1.245,0.044,1.502,2.038,12.27,0.88,0.478,,,1.197622,0.007139,0,2,7,2039.331748
HD 37394_5,HD 37394,0.152,0.102,1.111,1.488,12.27,0.88,0.478,,,0.165068,0.190968,0,0,7,2039.331748
HD 37394_9,HD 37394,0.863,0.077,0.726,0.552,12.27,0.88,0.478,,,0.798532,0.716667,0,0,7,2039.331748
HD 37394_10,HD 37394,0.093,0.059,3.205,15.21,12.27,0.88,0.478,,,0.095735,0.877854,0,0,7,2039.331748
HD 37394_11,HD 37394,1.171,0.065,2.415,5.91,12.27,0.88,0.478,0.099718,357.585426,1.247102,0.334757,1,7,7,2039.331748
HD 37394_15,HD 37394,0.222,0.142,1.093,0.563,12.27,0.88,0.478,,,0.226414,0.471436,0,0,7,2039.331748
HD 37394_16,HD 37394,2.623,0.055,2.621,9.008,12.27,0.88,0.478,0.168017,75.335307,2.62593,0.688427,1,3,7,2039.331748
HD 128621_0,HD 128621,0.181,0.076,0.591,0.281,1.332,0.94,0.503,0.112365,190.476491,0.174087,0.104558,1,7,8,2039.340696
HD 128621_1,HD 128621,3.969,0.152,0.756,0.624,1.332,0.94,0.503,,,4.290257,0.456737,0,0,8,2039.340696
HD 128621_3,HD 128621,4.377,0.084,0.667,0.424,1.332,0.94,0.503,,,4.237199,0.617692,0,0,8,2039.340696
HD 128621_4,HD 128621,1.135,0.055,1.179,1.502,1.332,0.94,0.503,0.802246,214.723935,1.133964,0.171957,1,5,8,2039.340696
HD 128620_0,HD 128620,1.567,0.074,0.945,0.738,1.332,1.11,1.521,0.782006,4.436174,1.644353,0.807309,1,3,7,2039.34658
HD 128620_1,HD 128620,1.266,0.016,1.198,6.221,1.332,1.11,1.521,0.742359,5.626115,1.286254,0.708376,1,4,7,2039.34658
HD 147513_0,HD 147513,1.541,0.04,0.645,0.152,12.892,1.07,1.001,,,1.539653,0.621581,0,0,8,2039.34795
HD 147513_1,HD 147513,1.513,0.099,0.537,0.038,12.892,1.07,1.001,,,1.489711,0.315975,0,0,8,2039.34795
HD 147513_2,HD 147513,4.633,0.075,1.379,7.403,12.892,1.07,1.001,,,4.879246,0.306486,0,0,8,2039.34795
HD 147513_4,HD 147513,0.196,0.111,0.74,0.096,12.892,1.07,1.001,,,0.174955,0.616674,0,0,8,2039.34795
HD 147513_5,HD 147513,4.52,0.075,0.624,0.254,12.892,1.07,1.001,,,4.338592,0.179132,0,0,8,2039.34795
HD 147513_6,HD 147513,1.743,0.075,1.796,2.912,12.892,1.07,1.001,0.104354,210.41657,1.636839,0.688675,1,5,8,2039.34795
HD 147513_7,HD 147513,2.47,0.028,0.667,0.174,12.892,1.07,1.001,,,2.409786,0.918033,0,0,8,2039.34795
HD 1581_1,HD 1581,1.541,0.046,2.633,10.663,8.607,1.11,1.262,,,1.611856,0.041849,0,5,8,2039.351256
HD 1581_2,HD 1581,0.181,0.101,0.988,1.538,8.607,1.11,1.262,,,0.197759,0.990374,0,0,8,2039.351256
HD 1581_3,HD 1581,1.491,0.126,2.76,10.6,8.607,1.11,1.262,0.090979,277.511936,1.313722,0.844869,1,5,8,2039.351256
HD 1581_4,HD 1581,0.208,0.109,2.378,6.033,8.607,1.11,1.262,,,0.213871,0.721172,0,0,8,2039.351256
HD 32147_1,HD 32147,0.121,0.122,1.044,1.526,8.844,0.75,0.29,,,0.10765,0.04394,0,0,7,2039.40097
HD 32147_2,HD 32147,3.272,0.062,1.942,2.786,8.844,0.75,0.29,,,3.151421,0.030197,0,3,7,2039.40097
HD 155886_1,HD 155886,0.511,0.064,0.698,0.549,5.952,0.85,0.327,0.085793,209.355495,0.536382,0.194584,1,5,8,2039.437548
HD 155886_2,HD 155886,0.232,0.069,1.589,4.704,5.952,0.85,0.327,,,0.234978,0.551206,0,0,8,2039.437548
HD 155886_3,HD 155886,1.253,0.044,2.915,7.774,5.952,0.85,0.327,0.189933,197.215231,1.222906,0.535056,1,8,8,2039.437548
HD 155886_4,HD 155886,0.305,0.028,0.94,0.937,5.952,0.85,0.327,,,0.30285,0.884658,0,0,8,2039.437548
HD 155886_5,HD 155886,0.201,0.128,1.339,2.779,5.952,0.85,0.327,,,0.211946,0.002782,0,0,8,2039.437548
HD 155886_6,HD 155886,0.316,0.044,0.948,1.735,5.952,0.85,0.327,,,0.312687,0.408648,0,0,8,2039.437548
HD 155886_7,HD 155886,0.59,0.079,3.352,16.163,5.952,0.85,0.327,0.106228,337.617874,0.63549,0.304292,1,8,8,2039.437548
HD 155886_8,HD 155886,3.879,0.087,2.635,16.445,5.952,0.85,0.327,0.611814,0.700972,3.678377,0.388884,1,3,8,2039.437548
HD 34411_0,HD 34411,0.295,0.082,3.192,8.429,12.562,1.08,1.732,,,0.317831,0.386321,0,0,6,2039.438918
HD 34411_1,HD 34411,1.539,0.078,0.897,0.713,12.562,1.08,1.732,,,1.508432,0.246262,0,2,6,2039.438918
HD 34411_3,HD 34411,1.691,0.074,0.798,0.808,12.562,1.08,1.732,0.098761,88.279709,1.565897,0.679536,1,2,6,2039.438918
HD 115617_0,HD 115617,1.956,0.004,0.732,1.017,8.534,0.97,0.825,,,1.952708,0.468216,0,0,6,2039.441867
HD 115617_1,HD 115617,0.76,0.09,2.931,6.157,8.534,0.97,0.825,,,0.773697,0.021378,0,0,6,2039.441867
HD 115617_2,HD 115617,0.621,0.047,0.562,0.059,8.534,0.97,0.825,,,0.650113,0.638373,0,0,6,2039.441867
HD 115617_3,HD 115617,0.199,0.073,3.38,12.207,8.534,0.97,0.825,,,0.207123,0.679886,0,0,6,2039.441867
HD 115617_4,HD 115617,2.599,0.104,0.763,0.174,8.534,0.97,0.825,,,2.81673,0.671099,0,0,6,2039.441867
HD 115617_5,HD 115617,2.098,0.045,1.487,3.177,8.534,0.97,0.825,,,2.144935,0.072394,0,4,6,2039.441867
HD 115617_6,HD 115617,3.003,0.084,0.942,0.936,8.534,0.97,0.825,,,2.816566,0.200432,0,0,6,2039.441867
HD 192310_0,HD 192310,1.267,0.07,0.641,0.14,8.812,0.77,0.404,0.093754,8.222277,1.354578,0.821223,1,2,7,2039.455354
HD 192310_1,HD 192310,1.472,0.082,2.73,7.674,8.812,0.77,0.404,0.136687,246.961387,1.523548,0.066732,1,7,7,2039.455354
HD 192310_2,HD 192310,0.631,0.109,2.544,13.411,8.812,0.77,0.404,,,0.669984,0.10928,0,0,7,2039.455354
HD 192310_3,HD 192310,0.091,0.084,2.458,12.572,8.812,0.77,0.404,,,0.095648,0.820577,0,0,7,2039.455354
HD 4614 A_0,HD 4614 A,4.718,0.051,1.358,3.151,5.01,1.14,1.252,,,4.477827,0.50399,0,0,6,2039.489792
HD 4614 A_1,HD 4614 A,0.651,0.133,0.728,0.235,5.01,1.14,1.252,0.097707,195.63024,0.737117,0.790478,1,5,6,2039.489792
HD 4614 A_2,HD 4614 A,2.584,0.017,1.361,2.842,5.01,1.14,1.252,0.462694,263.707533,2.618351,0.577527,1,3,6,2039.489792
HD 10780_0,HD 10780,0.841,0.11,1.077,1.181,10.041,0.9,0.516,,,0.933498,0.088717,0,4,7,2039.491162
HD 10780_3,HD 10780,2.25,0.098,1.348,1.367,10.041,0.9,0.516,,,2.040486,0.040165,0,3,7,2039.491162
HD 10780_4,HD 10780,2.669,0.102,2.513,12.001,10.041,0.9,0.516,0.241451,170.183529,2.398183,0.339492,1,5,7,2039.491162
HD 143761_0,HD 143761,2.268,0.052,0.622,0.131,17.511,0.97,1.812,,,2.157551,0.048511,0,0,8,2039.495286
HD 143761_3,HD 143761,0.463,0.017,0.834,0.619,17.511,0.97,1.812,,,0.467625,0.256866,0,0,8,2039.495286
HD 143761_4,HD 143761,1.096,0.157,0.808,0.895,17.511,0.97,1.812,,,1.257266,0.20789,0,0,8,2039.495286
HD 143761_5,HD 143761,0.834,0.096,1.155,1.684,17.511,0.97,1.812,,,0.796765,0.455215,0,0,8,2039.495286
HD 143761_7,HD 143761,2.609,0.089,2.154,12.289,17.511,0.97,1.812,,,2.597515,0.126118,0,1,8,2039.495286
HD 219134_0,HD 219134,1.298,0.068,3.021,11.197,6.542,0.75,0.266,0.162053,134.67772,1.386261,0.711743,1,7,7,2039.496656
HD 219134_1,HD 219134,0.107,0.06,0.589,0.114,6.542,0.75,0.266,,,0.101732,0.099802,0,0,7,2039.496656
HD 219134_2,HD 219134,0.475,0.085,1.279,2.244,6.542,0.75,0.266,,,0.502272,0.587325,0,0,7,2039.496656
HD 219134_3,HD 219134,2.999,0.067,1.913,4.52,6.542,0.75,0.266,,,2.86838,0.035311,0,3,7,2039.496656
HD 219134_4,HD 219134,0.285,0.083,1.716,4.805,6.542,0.75,0.266,,,0.304281,0.38389,0,0,7,2039.496656
HD 219134_5,HD 219134,1.823,0.052,1.09,4.144,6.542,0.75,0.266,,,1.79873,0.056889,0,2,7,2039.496656
HD 219134_7,HD 219134,0.986,0.056,2.277,3.449,6.542,0.75,0.266,0.15166,286.9409,1.038735,0.172975,1,7,7,2039.496656
HD 128167_0,HD 128167,1.283,0.14,1.15,1.29,15.756,1.39,3.182,0.084061,82.530517,1.427305,0.541444,1,2,7,2039.498026
HD 128167_2,HD 128167,3.433,0.063,1.328,2.483,15.756,1.39,3.182,,,3.236885,0.02597,0,0,7,2039.498026
HD 128167_3,HD 128167,4.878,0.117,2.132,5.678,15.756,1.39,3.182,,,4.363239,0.239852,0,1,7,2039.498026
HD 128167_4,HD 128167,1.323,0.044,1.923,2.477,15.756,1.39,3.182,,,1.276996,0.623717,0,0,7,2039.498026
HD 7570_0,HD 7570,3.031,0.054,1.134,3.652,15.261,1.14,2.004,,,3.085283,0.71645,0,0,7,2039.504971
HD 7570_1,HD 7570,0.15,0.071,0.941,0.218,15.261,1.14,2.004,,,0.159425,0.286912,0,0,7,2039.504971
HD 7570_2,HD 7570,1.977,0.063,1.73,3.716,15.261,1.14,2.004,,,2.099014,0.040432,0,4,7,2039.504971
HD 7570_3,HD 7570,3.034,0.079,1.364,1.913,15.261,1.14,2.004,,,3.261308,0.484719,0,0,7,2039.504971
HD 7570_4,HD 7570,0.569,0.099,0.726,0.483,15.261,1.14,2.004,,,0.621803,0.185165,0,0,7,2039.504971
HD 84737_0,HD 84737,0.596,0.087,1.352,1.551,18.823,1.08,2.795,,,0.593682,0.007535,0,0,8,2039.516531
HD 84737_1,HD 84737,3.025,0.071,1.189,1.926,18.823,1.08,2.795,,,2.938777,0.997793,0,0,8,2039.516531
HD 84737_2,HD 84737,1.078,0.014,1.079,0.698,18.823,1.08,2.795,,,1.063053,0.263019,0,0,8,2039.516531
HD 84737_3,HD 84737,3.774,0.025,0.833,0.848,18.823,1.08,2.795,,,3.807788,0.746976,0,0,8,2039.516531
HD 84737_4,HD 84737,0.254,0.074,3.133,13.741,18.823,1.08,2.795,,,0.26818,0.179132,0,0,8,2039.516531
HD 84737_5,HD 84737,2.993,0.205,0.508,0.086,18.823,1.08,2.795,,,2.73164,0.206847,0,0,8,2039.516531
HD 114710_0,HD 114710,1.415,0.117,0.681,0.147,9.197,1.11,1.357,0.09731,241.51048,1.549175,0.843493,1,1,7,2039.532393
HD 114710_1,HD 114710,0.314,0.116,0.63,1.142,9.197,1.11,1.357,,,0.341612,0.025096,0,0,7,2039.532393
HD 114710_2,HD 114710,2.258,0.018,0.683,0.173,9.197,1.11,1.357,,,2.286148,0.272863,0,0,7,2039.532393
HD 114710_4,HD 114710,0.861,0.053,0.898,0.439,9.197,1.11,1.357,,,0.826142,0.131079,0,2,7,2039.532393
HD 114710_5,HD 114710,0.124,0.109,3.108,17.681,9.197,1.11,1.357,,,0.123233,0.830322,0,0,7,2039.532393
HD 22484_0,HD 22484,0.838,0.146,1.142,1.607,13.92,1.14,3.068,,,0.746359,0.651949,0,0,7,2039.539804
HD 22484_1,HD 22484,1.12,0.109,1.996,7.679,13.92,1.14,3.068,,,1.226638,0.013094,0,1,7,2039.539804
HD 22484_2,HD 22484,0.469,0.117,1.765,3.166,13.92,1.14,3.068,,,0.517128,0.023034,0,0,7,2039.539804
HD 22484_5,HD 22484,4.456,0.081,0.516,0.034,13.92,1.14,3.068,,,4.797053,0.845233,0,0,7,2039.539804
HD 22484_7,HD 22484,3.201,0.074,0.943,1.501,13.92,1.14,3.068,,,3.151693,0.122268,0,0,7,2039.539804
HD 134083_0,HD 134083,0.116,0.07,1.9,7.058,19.536,1.33,3.255,,,0.121798,0.035663,0,0,8,2039.551538
HD 134083_1,HD 134083,0.36,0.097,1.358,2.746,19.536,1.33,3.255,,,0.394852,0.624919,0,0,8,2039.551538
HD 134083_3,HD 134083,0.749,0.13,0.881,0.684,19.536,1.33,3.255,,,0.843024,0.161935,0,0,8,2039.551538
HD 134083_4,HD 134083,0.959,0.114,0.591,0.338,19.536,1.33,3.255,,,0.904851,0.431771,0,0,8,2039.551538
HD 10360_0,HD 10360,0.111,0.132,2.009,6.936,8.189,0.78,0.345,,,0.119581,0.611411,0,0,8,2039.581033
HD 10360_1,HD 10360,0.559,0.036,0.525,0.063,8.189,0.78,0.345,,,0.552001,0.007935,0,0,8,2039.581033
HD 10360_2,HD 10360,3.873,0.13,2.182,7.34,8.189,0.78,0.345,,,4.351755,0.411489,0,4,8,2039.581033
HD 10360_4,HD 10360,0.185,0.028,3.239,14.497,8.189,0.78,0.345,,,0.186377,0.310186,0,0,8,2039.581033
HD 10360_5,HD 10360,2.33,0.067,0.679,0.17,8.189,0.78,0.345,,,2.454509,0.732835,0,0,8,2039.581033
HD 160691_0,HD 160691,1.46,0.051,0.67,0.675,15.604,1.0,1.899,,,1.419764,0.626752,0,0,7,2039.607679
HD 160691_1,HD 160691,0.274,0.085,0.88,0.645,15.604,1.0,1.899,,,0.297155,0.109612,0,0,7,2039.607679
HD 160691_2,HD 160691,0.346,0.144,0.58,0.053,15.604,1.0,1.899,,,0.326805,0.051618,0,0,7,2039.607679
HD 160691_3,HD 160691,0.123,0.058,0.556,0.091,15.604,1.0,1.899,,,0.115875,0.000148,0,0,7,2039.607679
HD 160691_4,HD 160691,2.415,0.073,1.777,2.687,15.604,1.0,1.899,,,2.254616,0.000398,0,2,7,2039.607679
HD 160691_6,HD 160691,2.937,0.058,2.424,6.338,15.604,1.0,1.899,,,3.107343,0.009875,0,4,7,2039.607679
HD 160691_7,HD 160691,3.23,0.098,2.375,5.354,15.604,1.0,1.899,0.134109,204.116825,3.169027,0.792554,1,4,7,2039.607679
HD 212330 A_0,HD 212330 A,1.747,0.031,3.281,9.208,20.34,1.02,2.726,0.077252,146.106224,1.699066,0.241243,1,3,6,2039.613042
HD 95735_0,HD 95735,0.673,0.041,0.901,1.876,2.546,0.44,0.02,,,0.679134,0.069781,0,1,6,2039.623329
HD 95735_2,HD 95735,0.392,0.078,0.638,0.252,2.546,0.44,0.02,,,0.399515,0.987706,0,4,6,2039.623329
HD 95735_3,HD 95735,0.164,0.146,0.847,1.655,2.546,0.44,0.02,,,0.154434,0.435423,0,0,6,2039.623329
HD 95735_4,HD 95735,2.481,0.023,1.454,2.402,2.546,0.44,0.02,0.603168,206.546849,2.534643,0.824465,1,2,6,2039.623329
HD 95735_6,HD 95735,0.163,0.047,1.008,2.764,2.546,0.44,0.02,,,0.165519,0.338705,0,0,6,2039.623329
HD 219134_0,HD 219134,1.298,0.068,3.021,11.197,6.542,0.75,0.266,0.188216,111.858617,1.377565,0.561673,1,8,8,2039.628704
HD 219134_1,HD 219134,0.107,0.06,0.589,0.114,6.542,0.75,0.266,,,0.112153,0.130031,0,0,8,2039.628704
HD 219134_2,HD 219134,0.475,0.085,1.279,2.244,6.542,0.75,0.266,,,0.434697,0.048568,0,0,8,2039.628704
HD 219134_3,HD 219134,2.999,0.067,1.913,4.52,6.542,0.75,0.266,,,2.847667,0.021768,0,3,8,2039.628704
HD 219134_4,HD 219134,0.285,0.083,1.716,4.805,6.542,0.75,0.266,,,0.300768,0.378428,0,0,8,2039.628704
HD 219134_5,HD 219134,1.823,0.052,1.09,4.144,6.542,0.75,0.266,,,1.826292,0.091588,0,2,8,2039.628704
HD 219134_7,HD 219134,0.986,0.056,2.277,3.449,6.542,0.75,0.266,0.132919,247.632545,1.015653,0.1087,1,8,8,2039.628704
HD 693_0,HD 693,1.045,0.058,1.136,2.579,18.886,1.18,2.997,,,1.095323,0.052751,0,0,6,2039.654647
HD 693_1,HD 693,0.139,0.106,2.768,7.407,18.886,1.18,2.997,,,0.126295,0.491346,0,0,6,2039.654647
HD 693_3,HD 693,1.448,0.069,1.975,3.042,18.886,1.18,2.997,,,1.527816,0.495695,0,0,6,2039.654647
HD 693_4,HD 693,1.744,0.105,1.392,2.348,18.886,1.18,2.997,,,1.630048,0.910548,0,3,6,2039.654647
HD 693_5,HD 693,2.909,0.1,1.423,2.794,18.886,1.18,2.997,,,2.992252,0.007995,0,1,6,2039.654647
HD 693_6,HD 693,2.914,0.024,0.574,0.316,18.886,1.18,2.997,,,2.981817,0.875751,0,0,6,2039.654647
HD 693_7,HD 693,3.93,0.01,2.298,5.004,18.886,1.18,2.997,0.19745,285.933384,3.906902,0.481672,1,4,6,2039.654647
HD 4628_0,HD 4628,0.299,0.054,1.741,4.304,7.435,0.78,0.3,,,0.294155,0.002818,0,0,6,2039.68824
HD 4628_1,HD 4628,4.258,0.031,1.273,1.784,7.435,0.78,0.3,,,4.246937,0.803593,0,0,6,2039.68824
HD 4628_4,HD 4628,4.069,0.034,0.981,0.876,7.435,0.78,0.3,,,3.930861,0.351108,0,0,6,2039.68824
HD 4628_5,HD 4628,3.681,0.025,0.897,0.617,7.435,0.78,0.3,,,3.772767,0.555463,0,0,6,2039.68824
HD 4628_6,HD 4628,1.476,0.055,1.942,4.324,7.435,0.78,0.3,0.091737,207.802125,1.532811,0.915424,1,3,6,2039.68824
HD 136352_0,HD 136352,1.127,0.083,0.501,0.05,14.739,1.02,1.029,,,1.192091,0.683658,0,0,7,2039.693154
HD 136352_2,HD 136352,0.995,0.082,1.549,3.519,14.739,1.02,1.029,,,1.055175,0.003311,0,0,7,2039.693154
HD 136352_3,HD 136352,3.774,0.069,2.041,4.78,14.739,1.02,1.029,,,3.950811,0.130221,0,2,7,2039.693154
HD 136352_4,HD 136352,1.831,0.068,0.826,0.342,14.739,1.02,1.029,,,1.953202,0.097963,0,0,7,2039.693154
HD 131977_0,HD 131977,2.114,0.033,1.305,3.47,5.886,0.72,0.223,,,2.183533,0.265359,0,2,6,2039.697232
HD 187691 A_0,HD 187691 A,3.127,0.076,1.475,4.454,19.488,1.25,2.835,,,2.975378,0.215458,0,0,7,2039.704915
HD 187691 A_1,HD 187691 A,2.61,0.091,1.018,1.386,19.488,1.25,2.835,,,2.372504,0.69131,0,0,7,2039.704915
HD 187691 A_2,HD 187691 A,3.249,0.037,0.764,1.364,19.488,1.25,2.835,,,3.329321,0.759226,0,0,7,2039.704915
HD 187691 A_3,HD 187691 A,2.018,0.038,2.654,10.557,19.488,1.25,2.835,,,2.079327,0.0219,0,4,7,2039.704915
HD 156026_0,HD 156026,3.18,0.093,3.171,14.895,5.954,0.68,0.158,,,2.890344,0.033717,0,7,8,2039.71717
HD 156026_1,HD 156026,0.564,0.081,0.509,0.042,5.954,0.68,0.158,,,0.605201,0.204454,0,5,8,2039.71717
HD 156026_2,HD 156026,0.423,0.044,0.607,0.379,5.954,0.68,0.158,,,0.405784,0.936101,0,0,8,2039.71717
HD 156026_3,HD 156026,1.001,0.06,2.318,7.224,5.954,0.68,0.158,0.117484,166.825125,0.952893,0.719233,1,8,8,2039.71717
HD 156026_5,HD 156026,1.693,0.124,2.972,9.407,5.954,0.68,0.158,0.219204,314.843109,1.537656,0.099787,1,8,8,2039.71717
HD 115617_0,HD 115617,1.956,0.004,0.732,1.017,8.534,0.97,0.825,,,1.957565,0.526359,0,0,7,2039.722823
HD 115617_1,HD 115617,0.76,0.09,2.931,6.157,8.534,0.97,0.825,,,0.724164,0.921393,0,0,7,2039.722823
HD 115617_2,HD 115617,0.621,0.047,0.562,0.059,8.534,0.97,0.825,,,0.595598,0.264838,0,0,7,2039.722823
HD 115617_3,HD 115617,0.199,0.073,3.38,12.207,8.534,0.97,0.825,,,0.196687,0.362115,0,0,7,2039.722823
HD 115617_4,HD 115617,2.599,0.104,0.763,0.174,8.534,0.97,0.825,,,2.860577,0.850254,0,0,7,2039.722823
HD 115617_5,HD 115617,2.098,0.045,1.487,3.177,8.534,0.97,0.825,,,2.181029,0.058629,0,4,7,2039.722823
HD 115617_6,HD 115617,3.003,0.084,0.942,0.936,8.534,0.97,0.825,,,2.886601,0.092617,0,0,7,2039.722823
HD 20766_0,HD 20766,1.336,0.161,1.674,3.092,12.045,1.01,0.794,0.100676,247.02426,1.327115,0.14775,1,5,8,2039.727208
HD 20766_1,HD 20766,0.327,0.097,2.659,6.922,12.045,1.01,0.794,,,0.322874,0.459273,0,0,8,2039.727208
HD 20766_4,HD 20766,1.915,0.031,0.912,0.441,12.045,1.01,0.794,,,1.95843,0.601919,0,2,8,2039.727208
HD 30652_0,HD 30652,0.357,0.032,0.524,0.119,8.068,1.25,2.71,,,0.365017,0.153153,0,0,7,2039.750334
HD 30652_1,HD 30652,3.379,0.099,2.314,9.159,8.068,1.25,2.71,0.372668,174.511528,3.102491,0.466964,1,4,7,2039.750334
HD 30652_2,HD 30652,1.418,0.081,1.563,7.047,8.068,1.25,2.71,,,1.347191,0.029556,0,4,7,2039.750334
HD 30652_3,HD 30652,3.27,0.133,2.129,5.731,8.068,1.25,2.71,,,3.061673,0.132802,0,2,7,2039.750334
HD 30652_4,HD 30652,2.754,0.119,2.49,10.16,8.068,1.25,2.71,,,3.00237,0.277761,0,2,7,2039.750334
HD 131156 A_0,HD 131156 A,0.922,0.01,2.426,6.027,6.754,0.96,0.553,0.1342,146.646592,0.91304,0.34111,1,8,8,2039.787118
HD 131156 A_1,HD 131156 A,1.097,0.147,1.932,4.971,6.754,0.96,0.553,0.096642,10.550231,1.154072,0.849083,1,7,8,2039.787118
HD 142860_0,HD 142860,0.405,0.081,2.385,6.459,11.254,1.25,3.039,,,0.427925,0.530644,0,0,7,2039.797067
HD 142860_2,HD 142860,3.184,0.073,1.146,0.989,11.254,1.25,3.039,,,3.059659,0.504625,0,0,7,2039.797067
HD 142860_3,HD 142860,0.465,0.068,1.963,1.786,11.254,1.25,3.039,,,0.458156,0.340618,0,0,7,2039.797067
HD 142860_5,HD 142860,0.92,0.074,2.443,8.017,11.254,1.25,3.039,,,0.867986,0.006411,0,1,7,2039.797067
HD 142860_6,HD 142860,0.627,0.092,3.102,5.436,11.254,1.25,3.039,,,0.640263,0.074303,0,0,7,2039.797067
HD 10361_1,HD 10361,0.761,0.025,1.303,2.715,8.197,0.77,0.304,,,0.741995,0.01759,0,5,7,2039.81635
HD 10361_2,HD 10361,0.985,0.066,0.785,0.596,8.197,0.77,0.304,,,0.920073,0.876979,0,1,7,2039.81635
HD 10361_3,HD 10361,1.525,0.07,0.586,0.784,8.197,0.77,0.304,,,1.611657,0.374792,0,0,7,2039.81635
HD 10361_4,HD 10361,4.037,0.084,0.501,0.084,8.197,0.77,0.304,,,4.187471,0.097856,0,0,7,2039.81635
HD 23249_0,HD 23249,2.38,0.039,0.804,0.586,9.089,0.87,2.941,,,2.450994,0.263764,0,0,7,2039.820226
HD 23249_1,HD 23249,2.348,0.031,1.487,3.029,9.089,0.87,2.941,,,2.282161,0.077237,0,2,7,2039.820226
HD 53705_0,HD 53705,0.273,0.081,1.735,2.717,17.059,1.04,1.49,,,0.251749,0.929079,0,0,6,2039.833257
HD 53705_1,HD 53705,2.604,0.083,3.306,16.05,17.059,1.04,1.49,0.148402,164.899612,2.72045,0.177091,1,6,6,2039.833257
HD 53705_2,HD 53705,1.597,0.089,2.478,13.971,17.059,1.04,1.49,0.091841,339.782201,1.533763,0.410521,1,6,6,2039.833257
HD 53705_3,HD 53705,0.715,0.026,1.359,2.038,17.059,1.04,1.49,,,0.708072,0.138402,0,0,6,2039.833257
HD 53705_4,HD 53705,0.527,0.092,2.437,10.745,17.059,1.04,1.49,,,0.571436,0.065613,0,0,6,2039.833257
HD 141004_0,HD 141004,2.629,0.092,2.901,8.518,11.916,1.09,2.004,,,2.393241,0.029565,0,3,7,2039.878975
HD 141004_1,HD 141004,0.651,0.071,0.654,0.168,11.916,1.09,2.004,,,0.624901,0.214847,0,0,7,2039.878975
HD 141004_2,HD 141004,4.426,0.098,1.019,2.941,11.916,1.09,2.004,,,4.779412,0.385174,0,0,7,2039.878975
HD 141004_3,HD 141004,4.115,0.06,0.578,0.125,11.916,1.09,2.004,,,4.145335,0.347833,0,0,7,2039.878975
HD 141004_4,HD 141004,3.163,0.091,1.732,4.206,11.916,1.09,2.004,,,3.235776,0.449932,0,0,7,2039.878975
HD 17206_0,HD 17206,1.742,0.09,0.885,1.25,14.276,1.21,2.617,0.101659,308.980272,1.593941,0.492686,1,2,8,2039.89867
HD 17206_1,HD 17206,0.879,0.039,2.253,5.781,14.276,1.21,2.617,,,0.844777,0.896821,0,0,8,2039.89867
HD 17206_2,HD 17206,0.485,0.035,0.762,0.888,14.276,1.21,2.617,,,0.480277,0.124413,0,0,8,2039.89867
HD 20807_0,HD 20807,0.337,0.072,1.793,3.234,12.039,1.07,1.017,,,0.314228,0.347325,0,0,7,2039.900143
HD 20807_1,HD 20807,1.546,0.069,0.954,0.846,12.039,1.07,1.017,,,1.518593,0.265919,0,4,7,2039.900143
HD 20807_2,HD 20807,2.979,0.055,2.038,8.298,12.039,1.07,1.017,,,2.981929,0.097655,0,2,7,2039.900143
HD 46588 A_0,HD 46588 A,1.961,0.092,1.375,5.123,18.202,1.18,1.826,0.099442,204.044841,1.784831,0.31329,1,5,7,2039.940424
HD 46588 A_2,HD 46588 A,0.149,0.051,1.651,3.767,18.202,1.18,1.826,,,0.143798,0.000221,0,0,7,2039.940424
HD 46588 A_4,HD 46588 A,0.634,0.042,1.252,1.899,18.202,1.18,1.826,,,0.653134,0.112787,0,0,7,2039.940424
HD 46588 A_5,HD 46588 A,0.119,0.052,0.593,0.101,18.202,1.18,1.826,,,0.116385,0.312701,0,0,7,2039.940424
HD 46588 A_6,HD 46588 A,0.647,0.045,2.121,5.747,18.202,1.18,1.826,,,0.658508,0.901962,0,0,7,2039.940424
HD 46588 A_7,HD 46588 A,1.085,0.088,1.256,5.584,18.202,1.18,1.826,,,1.074543,0.416738,0,0,7,2039.940424
HD 46588 A_8,HD 46588 A,2.008,0.017,0.521,0.08,18.202,1.18,1.826,,,2.042044,0.120388,0,0,7,2039.940424
HD 10361_1,HD 10361,0.761,0.025,1.303,2.715,8.197,0.77,0.304,0.085363,31.63142,0.755282,0.146228,1,6,8,2039.9604
HD 10361_2,HD 10361,0.985,0.066,0.785,0.596,8.197,0.77,0.304,,,0.94519,0.803002,0,1,8,2039.9604
HD 10361_3,HD 10361,1.525,0.07,0.586,0.784,8.197,0.77,0.304,,,1.580271,0.264797,0,0,8,2039.9604
HD 10361_4,HD 10361,4.037,0.084,0.501,0.084,8.197,0.77,0.304,,,4.158054,0.124446,0,0,8,2039.9604
HD 88230_0,HD 88230,1.858,0.024,1.413,3.961,4.871,0.63,0.103,,,1.877553,0.044121,0,3,6,2039.968682
HD 88230_1,HD 88230,0.369,0.102,2.613,14.391,4.871,0.63,0.103,,,0.342742,0.747974,0,0,6,2039.968682
HD 88230_2,HD 88230,0.941,0.058,0.511,0.079,4.871,0.63,0.103,0.127264,40.241972,0.93337,0.79013,1,2,6,2039.968682
HD 88230_3,HD 88230,1.397,0.055,1.541,3.057,4.871,0.63,0.103,,,1.330582,0.113287,0,3,6,2039.968682
HD 88230_4,HD 88230,0.683,0.12,0.831,0.221,4.871,0.63,0.103,,,0.76299,0.020933,0,0,6,2039.968682
HD 88230_5,HD 88230,2.552,0.09,1.594,2.912,4.871,0.63,0.103,0.436957,15.956156,2.761528,0.697478,1,3,6,2039.968682
HD 88230_6,HD 88230,2.842,0.103,0.661,0.567,4.871,0.63,0.103,,,2.621285,0.32017,0,0,6,2039.968682
HD 201091_1,HD 201091,1.051,0.108,0.699,0.293,3.497,0.68,0.142,,,1.048826,0.154561,0,3,8,2039.986304
HD 201091_2,HD 201091,2.964,0.153,0.94,0.359,3.497,0.68,0.142,,,3.14656,0.174177,0,0,8,2039.986304
HD 201091_4,HD 201091,2.241,0.067,3.013,8.159,3.497,0.68,0.142,0.603908,189.379819,2.212666,0.185265,1,4,8,2039.986304
HD 142373_0,HD 142373,1.268,0.168,0.757,0.148,15.898,1.08,3.136,,,1.14464,0.055956,0,0,7,2039.992491
HD 142373_1,HD 142373,1.76,0.092,0.868,0.535,15.898,1.08,3.136,,,1.661013,0.127698,0,0,7,2039.992491
HD 142373_2,HD 142373,0.834,0.129,2.923,6.259,15.898,1.08,3.136,,,0.837963,0.890446,0,0,7,2039.992491
HD 142373_4,HD 142373,1.161,0.006,1.265,2.536,15.898,1.08,3.136,,,1.155296,0.073828,0,0,7,2039.992491
HD 142373_6,HD 142373,4.705,0.105,0.947,0.923,15.898,1.08,3.136,,,4.540684,0.487264,0,0,7,2039.992491
HD 142373_7,HD 142373,1.878,0.051,2.611,6.816,15.898,1.08,3.136,0.089681,355.108865,1.820567,0.71296,1,5,7,2039.992491
HD 142373_8,HD 142373,3.092,0.053,1.805,7.326,15.898,1.08,3.136,,,3.144877,0.409604,0,2,7,2039.992491
HD 115617_0,HD 115617,1.956,0.004,0.732,1.017,8.534,0.97,0.825,,,1.961688,0.498957,0,0,8,2039.994189
HD 115617_1,HD 115617,0.76,0.09,2.931,6.157,8.534,0.97,0.825,,,0.825122,0.009096,0,0,8,2039.994189
HD 115617_2,HD 115617,0.621,0.047,0.562,0.059,8.534,0.97,0.825,,,0.642245,0.283306,0,0,8,2039.994189
HD 115617_3,HD 115617,0.199,0.073,3.38,12.207,8.534,0.97,0.825,,,0.195311,0.321533,0,0,8,2039.994189
HD 115617_4,HD 115617,2.599,0.104,0.763,0.174,8.534,0.97,0.825,,,2.867702,0.966487,0,0,8,2039.994189
HD 115617_5,HD 115617,2.098,0.045,1.487,3.177,8.534,0.97,0.825,,,2.192357,0.095588,0,4,8,2039.994189
HD 115617_6,HD 115617,3.003,0.084,0.942,0.936,8.534,0.97,0.825,,,2.965724,0.036802,0,0,8,2039.994189
HD 100623 A_0,HD 100623 A,4.014,0.105,2.503,8.448,9.559,0.88,0.37,0.397901,286.65309,3.948347,0.489552,1,2,6,2039.999323
HD 100623 A_2,HD 100623 A,0.102,0.086,0.559,0.245,9.559,0.88,0.37,,,0.102636,0.294157,0,0,6,2039.999323
HD 100623 A_3,HD 100623 A,4.384,0.075,1.441,2.214,9.559,0.88,0.37,,,4.1022,0.022004,0,0,6,2039.999323
HD 100623 A_4,HD 100623 A,2.524,0.072,0.66,0.613,9.559,0.88,0.37,,,2.618283,0.103864,0,0,6,2039.999323
HD 100623 A_5,HD 100623 A,4.18,0.038,0.734,0.337,9.559,0.88,0.37,,,4.241219,0.133722,0,0,6,2039.999323
HD 100623 A_6,HD 100623 A,0.362,0.165,0.555,0.359,9.559,0.88,0.37,,,0.406214,0.051118,0,0,6,2039.999323
HD 100623 A_7,HD 100623 A,4.073,0.068,1.365,1.972,9.559,0.88,0.37,,,4.349884,0.647834,0,0,6,2039.999323
HD 149661_2,HD 149661,2.991,0.073,1.285,2.935,9.894,0.87,0.462,,,3.205819,0.644764,0,0,6,2040.03181
HD 149661_3,HD 149661,2.364,0.065,0.7,0.315,9.894,0.87,0.462,,,2.516921,0.065179,0,0,6,2040.03181
HD 149661_5,HD 149661,3.155,0.051,2.936,7.428,9.894,0.87,0.462,0.111176,68.356176,3.05509,0.937801,1,3,6,2040.03181
HD 192310_0,HD 192310,1.267,0.07,0.641,0.14,8.812,0.77,0.404,,,1.203945,0.004451,0,2,8,2040.03502
HD 192310_1,HD 192310,1.472,0.082,2.73,7.674,8.812,0.77,0.404,0.149313,143.32845,1.352863,0.4757,1,8,8,2040.03502
HD 192310_2,HD 192310,0.631,0.109,2.544,13.411,8.812,0.77,0.404,,,0.674892,0.116677,0,0,8,2040.03502
HD 192310_3,HD 192310,0.091,0.084,2.458,12.572,8.812,0.77,0.404,,,0.096073,0.238436,0,0,8,2040.03502
HD 216803_1,HD 216803,3.539,0.087,2.035,5.879,7.601,0.72,0.196,,,3.495327,0.329305,0,1,6,2040.066806
HD 216803_3,HD 216803,0.104,0.044,0.893,0.284,7.601,0.72,0.196,,,0.108173,0.051564,0,0,6,2040.066806
HD 216803_4,HD 216803,2.738,0.038,2.631,12.08,7.601,0.72,0.196,,,2.743788,0.997597,0,3,6,2040.066806
HD 216803_5,HD 216803,0.109,0.06,0.686,0.431,7.601,0.72,0.196,,,0.114884,0.32286,0,0,6,2040.066806
HD 216803_6,HD 216803,0.431,0.071,1.431,2.693,7.601,0.72,0.196,,,0.412965,0.132956,0,0,6,2040.066806
HD 165499_0,HD 165499,3.777,0.071,0.637,0.161,17.753,1.08,1.731,,,3.70636,0.976894,0,0,7,2040.070891
HD 165499_1,HD 165499,0.192,0.04,0.654,0.106,17.753,1.08,1.731,,,0.186294,0.770005,0,0,7,2040.070891
HD 165499_3,HD 165499,0.221,0.065,0.75,0.229,17.753,1.08,1.731,,,0.235276,0.40673,0,0,7,2040.070891
HD 165499_4,HD 165499,1.569,0.062,3.377,24.497,17.753,1.08,1.731,0.085792,173.037028,1.614134,0.508845,1,6,7,2040.070891
HD 50692_0,HD 50692,3.95,0.04,2.831,10.297,17.405,1.08,1.293,0.216286,271.779877,3.797456,0.38344,1,3,6,2040.07371
HD 50692_1,HD 50692,0.28,0.064,0.734,0.092,17.405,1.08,1.293,,,0.262225,0.210443,0,0,6,2040.07371
HD 50692_2,HD 50692,0.513,0.081,1.798,3.652,17.405,1.08,1.293,,,0.553503,0.283285,0,0,6,2040.07371
HD 50692_3,HD 50692,0.925,0.032,2.849,9.197,17.405,1.08,1.293,,,0.895822,0.776746,0,0,6,2040.07371
HD 19373_0,HD 19373,0.74,0.034,3.212,9.93,10.577,1.08,2.23,,,0.76516,0.711765,0,0,7,2040.101259
HD 19373_2,HD 19373,0.724,0.048,1.483,3.085,10.577,1.08,2.23,,,0.749455,0.326123,0,0,7,2040.101259
HD 19373_3,HD 19373,0.676,0.061,1.037,1.075,10.577,1.08,2.23,,,0.713675,0.029841,0,0,7,2040.101259
HD 19373_6,HD 19373,0.114,0.04,2.433,8.086,10.577,1.08,2.23,,,0.114189,0.829787,0,0,7,2040.101259
HD 19373_7,HD 19373,2.87,0.048,1.622,2.945,10.577,1.08,2.23,,,3.006799,0.329318,0,2,7,2040.101259
HD 217987_0,HD 217987,3.278,0.032,3.1,17.272,3.287,0.49,0.036,0.941565,347.653841,3.239358,0.477479,1,4,6,2040.11788
HD 217987_1,HD 217987,0.104,0.158,2.049,6.333,3.287,0.49,0.036,,,0.089437,0.111067,0,0,6,2040.11788
HD 128620_0,HD 128620,1.567,0.074,0.945,0.738,1.332,1.11,1.521,,,1.558185,0.267409,0,3,8,2040.121915
HD 128620_1,HD 128620,1.266,0.016,1.198,6.221,1.332,1.11,1.521,,,1.247785,0.147306,0,4,8,2040.121915
HD 203608_0,HD 203608,2.203,0.092,1.79,3.488,9.258,1.14,1.466,0.246277,192.16457,2.280113,0.312311,1,4,7,2040.133453
HD 203608_1,HD 203608,2.342,0.1,0.502,0.104,9.258,1.14,1.466,,,2.199902,0.01812,0,0,7,2040.133453
HD 203608_2,HD 203608,2.74,0.062,1.086,1.189,9.258,1.14,1.466,,,2.661381,0.249001,0,2,7,2040.133453
HD 203608_5,HD 203608,4.293,0.038,0.929,0.698,9.258,1.14,1.466,,,4.151431,0.884679,0,0,7,2040.133453
HD 203608_6,HD 203608,0.526,0.072,0.985,0.486,9.258,1.14,1.466,,,0.500088,0.169495,0,0,7,2040.133453
HD 32147_1,HD 32147,0.121,0.122,1.044,1.526,8.844,0.75,0.29,,,0.130765,0.185495,0,0,8,2040.134823
HD 32147_2,HD 32147,3.272,0.062,1.942,2.786,8.844,0.75,0.29,,,3.282193,0.031371,0,3,8,2040.134823
HD 102365_0,HD 102365,1.154,0.024,2.235,11.472,9.319,1.02,0.844,0.108926,178.118533,1.135939,0.115639,1,8,8,2040.139475
HD 102365_1,HD 102365,4.021,0.031,1.113,0.834,9.319,1.02,0.844,,,3.94018,0.706792,0,0,8,2040.139475
HD 102365_2,HD 102365,0.113,0.031,0.976,0.303,9.319,1.02,0.844,,,0.116405,0.883121,0,0,8,2040.139475
HD 166_0,HD 166,1.592,0.09,1.08,2.182,13.766,0.94,0.647,,,1.454809,0.041312,0,4,8,2040.146965
HD 166_1,HD 166,0.635,0.021,0.515,0.062,13.766,0.94,0.647,,,0.648283,0.028829,0,0,8,2040.146965
HD 114710_0,HD 114710,1.415,0.117,0.681,0.147,9.197,1.11,1.357,,,1.404548,0.164792,0,1,8,2040.154264
HD 114710_1,HD 114710,0.314,0.116,0.63,1.142,9.197,1.11,1.357,,,0.337724,0.060648,0,0,8,2040.154264
HD 114710_2,HD 114710,2.258,0.018,0.683,0.173,9.197,1.11,1.357,,,2.295625,0.873034,0,0,8,2040.154264
HD 114710_4,HD 114710,0.861,0.053,0.898,0.439,9.197,1.11,1.357,,,0.873724,0.069198,0,2,8,2040.154264
HD 114710_5,HD 114710,0.124,0.109,3.108,17.681,9.197,1.11,1.357,,,0.110787,0.717219,0,0,8,2040.154264
HD 58855_0,HD 58855,3.917,0.055,2.746,11.124,20.402,1.16,2.445,,,3.732168,0.062602,0,4,7,2040.155634
HD 58855_3,HD 58855,0.12,0.023,0.846,0.314,20.402,1.16,2.445,,,0.117255,0.725614,0,0,7,2040.155634
HD 58855_4,HD 58855,1.787,0.062,0.53,0.101,20.402,1.16,2.445,,,1.67812,0.167446,0,0,7,2040.155634
HD 58855_5,HD 58855,2.753,0.078,0.74,0.361,20.402,1.16,2.445,,,2.674416,0.66665,0,0,7,2040.155634
HD 58855_6,HD 58855,3.408,0.008,0.67,0.197,20.402,1.16,2.445,,,3.430864,0.086684,0,0,7,2040.155634
HD 58855_7,HD 58855,0.511,0.017,1.169,2.72,20.402,1.16,2.445,,,0.502774,0.313986,0,0,7,2040.155634
HD 58855_8,HD 58855,3.679,0.02,1.665,3.725,20.402,1.16,2.445,,,3.751889,0.035975,0,0,7,2040.155634
HD 7570_0,HD 7570,3.031,0.054,1.134,3.652,15.261,1.14,2.004,,,2.950358,0.989689,0,0,8,2040.172842
HD 7570_1,HD 7570,0.15,0.071,0.941,0.218,15.261,1.14,2.004,,,0.159979,0.063284,0,0,8,2040.172842
HD 7570_2,HD 7570,1.977,0.063,1.73,3.716,15.261,1.14,2.004,,,2.006046,0.048176,0,4,8,2040.172842
HD 7570_3,HD 7570,3.034,0.079,1.364,1.913,15.261,1.14,2.004,,,3.248288,0.698935,0,0,8,2040.172842
HD 7570_4,HD 7570,0.569,0.099,0.726,0.483,15.261,1.14,2.004,,,0.565183,0.55965,0,0,8,2040.172842
HD 4628_0,HD 4628,0.299,0.054,1.741,4.304,7.435,0.78,0.3,,,0.302123,0.050332,0,0,7,2040.228579
HD 4628_1,HD 4628,4.258,0.031,1.273,1.784,7.435,0.78,0.3,,,4.291483,0.913212,0,0,7,2040.228579
HD 4628_4,HD 4628,4.069,0.034,0.981,0.876,7.435,0.78,0.3,,,3.943395,0.355427,0,0,7,2040.228579
HD 4628_5,HD 4628,3.681,0.025,0.897,0.617,7.435,0.78,0.3,,,3.76221,0.771153,0,0,7,2040.228579
HD 4628_6,HD 4628,1.476,0.055,1.942,4.324,7.435,0.78,0.3,0.196372,78.619133,1.532669,0.5049,1,4,7,2040.228579
HD 155885_0,HD 155885,0.424,0.016,1.08,0.365,5.948,0.85,0.332,,,0.426364,0.987822,0,0,8,2040.241721
HD 155885_1,HD 155885,0.125,0.137,2.355,7.262,5.948,0.85,0.332,,,0.132874,0.916062,0,0,8,2040.241721
HD 155885_4,HD 155885,2.293,0.052,0.991,0.685,5.948,0.85,0.332,,,2.310953,0.077902,0,2,8,2040.241721
HD 16895 A_0,HD 16895 A,3.595,0.047,2.816,7.544,11.15,1.21,2.246,,,3.745974,0.13435,0,4,7,2040.24998
HD 16895 A_4,HD 16895 A,4.424,0.091,1.274,1.913,11.15,1.21,2.246,,,4.432228,0.901796,0,0,7,2040.24998
HD 16895 A_5,HD 16895 A,1.554,0.05,3.144,9.969,11.15,1.21,2.246,0.105972,114.47408,1.510945,0.081322,1,6,7,2040.24998
HD 16895 A_6,HD 16895 A,0.108,0.029,0.508,0.042,11.15,1.21,2.246,,,0.106869,0.556944,0,0,7,2040.24998
HD 160691_0,HD 160691,1.46,0.051,0.67,0.675,15.604,1.0,1.899,,,1.533311,0.415695,0,0,8,2040.272886
HD 160691_1,HD 160691,0.274,0.085,0.88,0.645,15.604,1.0,1.899,,,0.260192,0.364138,0,0,8,2040.272886
HD 160691_2,HD 160691,0.346,0.144,0.58,0.053,15.604,1.0,1.899,,,0.393375,0.669712,0,0,8,2040.272886
HD 160691_3,HD 160691,0.123,0.058,0.556,0.091,15.604,1.0,1.899,,,0.129957,0.998516,0,0,8,2040.272886
HD 160691_4,HD 160691,2.415,0.073,1.777,2.687,15.604,1.0,1.899,,,2.41736,0.13254,0,2,8,2040.272886
HD 160691_6,HD 160691,2.937,0.058,2.424,6.338,15.604,1.0,1.899,,,3.05772,0.026277,0,4,8,2040.272886
HD 160691_7,HD 160691,3.23,0.098,2.375,5.354,15.604,1.0,1.899,0.188028,190.627053,2.971923,0.369173,1,5,8,2040.272886
HD 201092_1,HD 201092,2.708,0.059,2.37,8.514,3.496,0.63,0.078,0.665028,35.459781,2.653653,0.592115,1,4,7,2040.275999
HD 86728 A_0,HD 86728 A,0.138,0.113,0.53,0.078,14.926,1.0,1.378,,,0.137697,0.378994,0,0,7,2040.303325
HD 86728 A_1,HD 86728 A,1.194,0.049,0.519,0.144,14.926,1.0,1.378,,,1.248867,0.033128,0,0,7,2040.303325
HD 86728 A_2,HD 86728 A,1.586,0.024,0.736,0.367,14.926,1.0,1.378,,,1.619949,0.473532,0,0,7,2040.303325
HD 86728 A_3,HD 86728 A,0.34,0.077,0.971,1.901,14.926,1.0,1.378,,,0.326004,0.527296,0,0,7,2040.303325
HD 86728 A_4,HD 86728 A,3.143,0.15,2.985,16.709,14.926,1.0,1.378,0.098283,331.978882,2.765414,0.866114,1,4,7,2040.303325
HD 86728 A_5,HD 86728 A,0.238,0.132,1.155,6.008,14.926,1.0,1.378,,,0.242637,0.00422,0,0,7,2040.303325
HD 86728 A_6,HD 86728 A,2.84,0.137,2.462,3.621,14.926,1.0,1.378,0.14461,169.453672,2.858026,0.712816,1,5,7,2040.303325
HD 37394_0,HD 37394,1.839,0.051,0.552,0.164,12.27,0.88,0.478,,,1.907779,0.897685,0,0,8,2040.330541
HD 37394_1,HD 37394,0.501,0.058,1.934,5.969,12.27,0.88,0.478,,,0.498799,0.346659,0,0,8,2040.330541
HD 37394_3,HD 37394,1.245,0.044,1.502,2.038,12.27,0.88,0.478,0.100504,157.465679,1.245832,0.424668,1,3,8,2040.330541
HD 37394_5,HD 37394,0.152,0.102,1.111,1.488,12.27,0.88,0.478,,,0.16695,0.467931,0,0,8,2040.330541
HD 37394_9,HD 37394,0.863,0.077,0.726,0.552,12.27,0.88,0.478,,,0.849546,0.227645,0,0,8,2040.330541
HD 37394_10,HD 37394,0.093,0.059,3.205,15.21,12.27,0.88,0.478,,,0.097184,0.085101,0,0,8,2040.330541
HD 37394_11,HD 37394,1.171,0.065,2.415,5.91,12.27,0.88,0.478,0.091879,80.807578,1.169585,0.179048,1,8,8,2040.330541
HD 37394_15,HD 37394,0.222,0.142,1.093,0.563,12.27,0.88,0.478,,,0.226055,0.469096,0,0,8,2040.330541
HD 37394_16,HD 37394,2.623,0.055,2.621,9.008,12.27,0.88,0.478,,,2.480559,0.051767,0,3,8,2040.330541
HD 131977_0,HD 131977,2.114,0.033,1.305,3.47,5.886,0.72,0.223,,,2.14925,0.091108,0,2,7,2040.361884
HD 34411_0,HD 34411,0.295,0.082,3.192,8.429,12.562,1.08,1.732,,,0.316926,0.395193,0,0,7,2040.365539
HD 34411_1,HD 34411,1.539,0.078,0.897,0.713,12.562,1.08,1.732,,,1.583263,0.283209,0,2,7,2040.365539
HD 34411_3,HD 34411,1.691,0.074,0.798,0.808,12.562,1.08,1.732,,,1.808727,0.149039,0,2,7,2040.365539
HD 187691 A_0,HD 187691 A,3.127,0.076,1.475,4.454,19.488,1.25,2.835,,,3.167396,0.153538,0,0,8,2040.371268
HD 187691 A_1,HD 187691 A,2.61,0.091,1.018,1.386,19.488,1.25,2.835,,,2.525068,0.867872,0,0,8,2040.371268
HD 187691 A_2,HD 187691 A,3.249,0.037,0.764,1.364,19.488,1.25,2.835,,,3.368959,0.865214,0,0,8,2040.371268
HD 187691 A_3,HD 187691 A,2.018,0.038,2.654,10.557,19.488,1.25,2.835,,,2.063501,0.091097,0,4,8,2040.371268
HD 95735_0,HD 95735,0.673,0.041,0.901,1.876,2.546,0.44,0.02,,,0.688129,0.021736,0,1,7,2040.408357
HD 95735_2,HD 95735,0.392,0.078,0.638,0.252,2.546,0.44,0.02,0.104971,96.740848,0.376691,0.719769,1,5,7,2040.408357
HD 95735_3,HD 95735,0.164,0.146,0.847,1.655,2.546,0.44,0.02,,,0.140175,0.571103,0,0,7,2040.408357
HD 95735_4,HD 95735,2.481,0.023,1.454,2.402,2.546,0.44,0.02,0.199553,75.279987,2.531853,0.97925,1,3,7,2040.408357
HD 95735_6,HD 95735,0.163,0.047,1.008,2.764,2.546,0.44,0.02,,,0.162196,0.572803,0,0,7,2040.408357
HD 22484_0,HD 22484,0.838,0.146,1.142,1.607,13.92,1.14,3.068,,,0.916332,0.026508,0,0,8,2040.433424
HD 22484_1,HD 22484,1.12,0.109,1.996,7.679,13.92,1.14,3.068,,,1.106944,0.291514,0,1,8,2040.433424
HD 22484_2,HD 22484,0.469,0.117,1.765,3.166,13.92,1.14,3.068,,,0.511684,0.032879,0,0,8,2040.433424
HD 22484_5,HD 22484,4.456,0.081,0.516,0.034,13.92,1.14,3.068,,,4.805097,0.704829,0,0,8,2040.433424
HD 22484_7,HD 22484,3.201,0.074,0.943,1.501,13.92,1.14,3.068,,,2.972153,0.36724,0,0,8,2040.433424
HD 4614 A_0,HD 4614 A,4.718,0.051,1.358,3.151,5.01,1.14,1.252,,,4.523111,0.70952,0,0,7,2040.489583
HD 4614 A_1,HD 4614 A,0.651,0.133,0.728,0.235,5.01,1.14,1.252,0.108463,187.240709,0.737345,0.732166,1,6,7,2040.489583
HD 4614 A_2,HD 4614 A,2.584,0.017,1.361,2.842,5.01,1.14,1.252,,,2.555221,0.131055,0,3,7,2040.489583
HD 10780_0,HD 10780,0.841,0.11,1.077,1.181,10.041,0.9,0.516,0.089059,258.121154,0.864049,0.263611,1,5,8,2040.490953
HD 10780_3,HD 10780,2.25,0.098,1.348,1.367,10.041,0.9,0.516,,,2.367967,0.15897,0,3,8,2040.490953
HD 10780_4,HD 10780,2.669,0.102,2.513,12.001,10.041,0.9,0.516,,,2.666231,0.107204,0,5,8,2040.490953
HD 128167_0,HD 128167,1.283,0.14,1.15,1.29,15.756,1.39,3.182,,,1.447468,0.123637,0,2,8,2040.497274
HD 128167_2,HD 128167,3.433,0.063,1.328,2.483,15.756,1.39,3.182,,,3.282326,0.153674,0,0,8,2040.497274
HD 128167_3,HD 128167,4.878,0.117,2.132,5.678,15.756,1.39,3.182,,,4.666793,0.041136,0,1,8,2040.497274
HD 128167_4,HD 128167,1.323,0.044,1.923,2.477,15.756,1.39,3.182,,,1.351919,0.061613,0,0,8,2040.497274
HD 23249_0,HD 23249,2.38,0.039,0.804,0.586,9.089,0.87,2.941,,,2.352235,0.042229,0,0,8,2040.563609
HD 23249_1,HD 23249,2.348,0.031,1.487,3.029,9.089,0.87,2.941,0.212267,289.913187,2.355169,0.653245,1,3,8,2040.563609
HD 131977_0,HD 131977,2.114,0.033,1.305,3.47,5.886,0.72,0.223,,,2.125126,0.084222,0,2,8,2040.577221
HD 212330 A_0,HD 212330 A,1.747,0.031,3.281,9.208,20.34,1.02,2.726,,,1.782733,0.578988,0,3,7,2040.609541
HD 693_0,HD 693,1.045,0.058,1.136,2.579,18.886,1.18,2.997,,,1.091918,0.037743,0,0,7,2040.654106
HD 693_1,HD 693,0.139,0.106,2.768,7.407,18.886,1.18,2.997,,,0.127824,0.992186,0,0,7,2040.654106
HD 693_3,HD 693,1.448,0.069,1.975,3.042,18.886,1.18,2.997,,,1.34852,0.048609,0,0,7,2040.654106
HD 693_4,HD 693,1.744,0.105,1.392,2.348,18.886,1.18,2.997,,,1.897175,0.055397,0,3,7,2040.654106
HD 693_5,HD 693,2.909,0.1,1.423,2.794,18.886,1.18,2.997,,,2.644873,0.112124,0,1,7,2040.654106
HD 693_6,HD 693,2.914,0.024,0.574,0.316,18.886,1.18,2.997,,,2.911949,0.726273,0,0,7,2040.654106
HD 693_7,HD 693,3.93,0.01,2.298,5.004,18.886,1.18,2.997,,,3.939683,0.14857,0,4,7,2040.654106
HD 136352_0,HD 136352,1.127,0.083,0.501,0.05,14.739,1.02,1.029,,,1.108711,0.634478,0,0,8,2040.691784
HD 136352_2,HD 136352,0.995,0.082,1.549,3.519,14.739,1.02,1.029,,,1.04971,0.006758,0,0,8,2040.691784
HD 136352_3,HD 136352,3.774,0.069,2.041,4.78,14.739,1.02,1.029,,,4.034393,0.172985,0,2,8,2040.691784
HD 136352_4,HD 136352,1.831,0.068,0.826,0.342,14.739,1.02,1.029,,,1.747906,0.582425,0,0,8,2040.691784
HD 142373_0,HD 142373,1.268,0.168,0.757,0.148,15.898,1.08,3.136,,,1.422019,0.829873,0,0,8,2040.693154
HD 142373_1,HD 142373,1.76,0.092,0.868,0.535,15.898,1.08,3.136,,,1.914017,0.607384,0,0,8,2040.693154
HD 142373_2,HD 142373,0.834,0.129,2.923,6.259,15.898,1.08,3.136,,,0.866619,0.85107,0,0,8,2040.693154
HD 142373_4,HD 142373,1.161,0.006,1.265,2.536,15.898,1.08,3.136,,,1.164051,0.831215,0,0,8,2040.693154
HD 142373_6,HD 142373,4.705,0.105,0.947,0.923,15.898,1.08,3.136,,,4.761436,0.72227,0,0,8,2040.693154
HD 142373_7,HD 142373,1.878,0.051,2.611,6.816,15.898,1.08,3.136,0.101776,192.518453,1.820898,0.563764,1,6,8,2040.693154
HD 142373_8,HD 142373,3.092,0.053,1.805,7.326,15.898,1.08,3.136,0.138056,77.048536,3.010979,0.750718,1,3,8,2040.693154
HD 142860_0,HD 142860,0.405,0.081,2.385,6.459,11.254,1.25,3.039,,,0.413217,0.803415,0,0,8,2040.701175
HD 142860_2,HD 142860,3.184,0.073,1.146,0.989,11.254,1.25,3.039,,,3.306234,0.393381,0,0,8,2040.701175
HD 142860_3,HD 142860,0.465,0.068,1.963,1.786,11.254,1.25,3.039,,,0.433452,0.723817,0,0,8,2040.701175
HD 142860_5,HD 142860,0.92,0.074,2.443,8.017,11.254,1.25,3.039,,,0.924979,0.02932,0,1,8,2040.701175
HD 142860_6,HD 142860,0.627,0.092,3.102,5.436,11.254,1.25,3.039,,,0.652253,0.040876,0,0,8,2040.701175
HD 4628_0,HD 4628,0.299,0.054,1.741,4.304,7.435,0.78,0.3,,,0.311259,0.943335,0,0,8,2040.719602
HD 4628_1,HD 4628,4.258,0.031,1.273,1.784,7.435,0.78,0.3,,,4.328432,0.941897,0,0,8,2040.719602
HD 4628_4,HD 4628,4.069,0.034,0.981,0.876,7.435,0.78,0.3,,,3.970073,0.354445,0,0,8,2040.719602
HD 4628_5,HD 4628,3.681,0.025,0.897,0.617,7.435,0.78,0.3,,,3.740462,0.917872,0,0,8,2040.719602
HD 4628_6,HD 4628,1.476,0.055,1.942,4.324,7.435,0.78,0.3,,,1.420897,0.014123,0,4,8,2040.719602
HD 53705_0,HD 53705,0.273,0.081,1.735,2.717,17.059,1.04,1.49,,,0.294901,0.008687,0,0,7,2040.745662
HD 53705_1,HD 53705,2.604,0.083,3.306,16.05,17.059,1.04,1.49,0.164988,102.636854,2.81076,0.4039,1,7,7,2040.745662
HD 53705_2,HD 53705,1.597,0.089,2.478,13.971,17.059,1.04,1.49,0.091116,164.387568,1.703149,0.50537,1,7,7,2040.745662
HD 53705_3,HD 53705,0.715,0.026,1.359,2.038,17.059,1.04,1.49,,,0.726764,0.595894,0,0,7,2040.745662
HD 53705_4,HD 53705,0.527,0.092,2.437,10.745,17.059,1.04,1.49,,,0.478539,0.75001,0,0,7,2040.745662
HD 46588 A_0,HD 46588 A,1.961,0.092,1.375,5.123,18.202,1.18,1.826,,,2.07849,0.223469,0,5,8,2040.749901
HD 46588 A_2,HD 46588 A,0.149,0.051,1.651,3.767,18.202,1.18,1.826,,,0.144761,0.413339,0,0,8,2040.749901
HD 46588 A_4,HD 46588 A,0.634,0.042,1.252,1.899,18.202,1.18,1.826,,,0.614394,0.803777,0,0,8,2040.749901
HD 46588 A_5,HD 46588 A,0.119,0.052,0.593,0.101,18.202,1.18,1.826,,,0.114913,0.314308,0,0,8,2040.749901
HD 46588 A_6,HD 46588 A,0.647,0.045,2.121,5.747,18.202,1.18,1.826,,,0.669023,0.313466,0,0,8,2040.749901
HD 46588 A_7,HD 46588 A,1.085,0.088,1.256,5.584,18.202,1.18,1.826,,,1.174977,0.015374,0,0,8,2040.749901
HD 46588 A_8,HD 46588 A,2.008,0.017,0.521,0.08,18.202,1.18,1.826,,,1.998556,0.14628,0,0,8,2040.749901
HD 30652_0,HD 30652,0.357,0.032,0.524,0.119,8.068,1.25,2.71,,,0.364584,0.007456,0,0,8,2040.751271
HD 30652_1,HD 30652,3.379,0.099,2.314,9.159,8.068,1.25,2.71,,,3.445537,0.028125,0,4,8,2040.751271
HD 30652_2,HD 30652,1.418,0.081,1.563,7.047,8.068,1.25,2.71,0.191758,320.173677,1.531306,0.337547,1,5,8,2040.751271
HD 30652_3,HD 30652,3.27,0.133,2.129,5.731,8.068,1.25,2.71,,,3.542359,0.342159,0,2,8,2040.751271
HD 30652_4,HD 30652,2.754,0.119,2.49,10.16,8.068,1.25,2.71,0.201338,318.86647,2.552395,0.799855,1,3,8,2040.751271
HD 95735_0,HD 95735,0.673,0.041,0.901,1.876,2.546,0.44,0.02,0.159987,302.06673,0.658526,0.811949,1,2,8,2040.819412
HD 95735_2,HD 95735,0.392,0.078,0.638,0.252,2.546,0.44,0.02,0.13942,89.91308,0.362836,0.290676,1,6,8,2040.819412
HD 95735_3,HD 95735,0.164,0.146,0.847,1.655,2.546,0.44,0.02,,,0.148998,0.494252,0,0,8,2040.819412
HD 95735_4,HD 95735,2.481,0.023,1.454,2.402,2.546,0.44,0.02,0.553589,47.909094,2.516398,0.847866,1,4,8,2040.819412
HD 95735_6,HD 95735,0.163,0.047,1.008,2.764,2.546,0.44,0.02,,,0.16868,0.138345,0,0,8,2040.819412
HD 203608_0,HD 203608,2.203,0.092,1.79,3.488,9.258,1.14,1.466,0.173592,103.876124,2.018007,0.682326,1,5,8,2040.861175
HD 203608_1,HD 203608,2.342,0.1,0.502,0.104,9.258,1.14,1.466,,,2.494066,0.459385,0,0,8,2040.861175
HD 203608_2,HD 203608,2.74,0.062,1.086,1.189,9.258,1.14,1.466,,,2.570288,0.001359,0,2,8,2040.861175
HD 203608_5,HD 203608,4.293,0.038,0.929,0.698,9.258,1.14,1.466,,,4.130066,0.940512,0,0,8,2040.861175
HD 203608_6,HD 203608,0.526,0.072,0.985,0.486,9.258,1.14,1.466,,,0.507797,0.110241,0,0,8,2040.861175
HD 88230_0,HD 88230,1.858,0.024,1.413,3.961,4.871,0.63,0.103,0.364394,215.176658,1.814467,0.39457,1,4,7,2040.877761
HD 88230_1,HD 88230,0.369,0.102,2.613,14.391,4.871,0.63,0.103,,,0.389447,0.126762,0,0,7,2040.877761
HD 88230_2,HD 88230,0.941,0.058,0.511,0.079,4.871,0.63,0.103,0.122975,175.752655,0.990653,0.825653,1,3,7,2040.877761
HD 88230_3,HD 88230,1.397,0.055,1.541,3.057,4.871,0.63,0.103,0.279359,304.5439,1.447452,0.509433,1,4,7,2040.877761
HD 88230_4,HD 88230,0.683,0.12,0.831,0.221,4.871,0.63,0.103,,,0.698008,0.081132,0,0,7,2040.877761
HD 88230_5,HD 88230,2.552,0.09,1.594,2.912,4.871,0.63,0.103,,,2.572558,0.376797,0,3,7,2040.877761
HD 88230_6,HD 88230,2.842,0.103,0.661,0.567,4.871,0.63,0.103,,,2.878897,0.045354,0,0,7,2040.877761
HD 141004_0,HD 141004,2.629,0.092,2.901,8.518,11.916,1.09,2.004,,,2.691699,0.099025,0,3,8,2040.879131
HD 141004_1,HD 141004,0.651,0.071,0.654,0.168,11.916,1.09,2.004,,,0.627868,0.24892,0,0,8,2040.879131
HD 141004_2,HD 141004,4.426,0.098,1.019,2.941,11.916,1.09,2.004,,,4.859593,0.658598,0,0,8,2040.879131
HD 141004_3,HD 141004,4.115,0.06,0.578,0.125,11.916,1.09,2.004,,,4.306459,0.114427,0,0,8,2040.879131
HD 141004_4,HD 141004,3.163,0.091,1.732,4.206,11.916,1.09,2.004,,,3.444053,0.532028,0,0,8,2040.879131
HD 216803_1,HD 216803,3.539,0.087,2.035,5.879,7.601,0.72,0.196,0.464198,248.947132,3.690003,0.476556,1,2,7,2040.897277
HD 216803_3,HD 216803,0.104,0.044,0.893,0.284,7.601,0.72,0.196,,,0.1064,0.505361,0,0,7,2040.897277
HD 216803_4,HD 216803,2.738,0.038,2.631,12.08,7.601,0.72,0.196,0.283241,358.407017,2.826389,0.708628,1,4,7,2040.897277
HD 216803_5,HD 216803,0.109,0.06,0.686,0.431,7.601,0.72,0.196,,,0.107225,0.105368,0,0,7,2040.897277
HD 216803_6,HD 216803,0.431,0.071,1.431,2.693,7.601,0.72,0.196,,,0.452446,0.497186,0,0,7,2040.897277
HD 20807_0,HD 20807,0.337,0.072,1.793,3.234,12.039,1.07,1.017,,,0.336671,0.711853,0,0,8,2040.899677
HD 20807_1,HD 20807,1.546,0.069,0.954,0.846,12.039,1.07,1.017,0.126652,202.742133,1.56278,0.389808,1,5,8,2040.899677
HD 20807_2,HD 20807,2.979,0.055,2.038,8.298,12.039,1.07,1.017,,,3.134182,0.018418,0,2,8,2040.899677
HD 100623 A_0,HD 100623 A,4.014,0.105,2.503,8.448,9.559,0.88,0.37,0.244394,269.073077,4.23846,0.850852,1,3,7,2040.999298
HD 100623 A_2,HD 100623 A,0.102,0.086,0.559,0.245,9.559,0.88,0.37,,,0.106446,0.564113,0,0,7,2040.999298
HD 100623 A_3,HD 100623 A,4.384,0.075,1.441,2.214,9.559,0.88,0.37,,,4.058932,0.002877,0,0,7,2040.999298
HD 100623 A_4,HD 100623 A,2.524,0.072,0.66,0.613,9.559,0.88,0.37,,,2.694251,0.321356,0,0,7,2040.999298
HD 100623 A_5,HD 100623 A,4.18,0.038,0.734,0.337,9.559,0.88,0.37,,,4.319225,0.055738,0,0,7,2040.999298
HD 100623 A_6,HD 100623 A,0.362,0.165,0.555,0.359,9.559,0.88,0.37,,,0.307214,0.918902,0,0,7,2040.999298
HD 100623 A_7,HD 100623 A,4.073,0.068,1.365,1.972,9.559,0.88,0.37,,,4.285025,0.302688,0,0,7,2040.999298
HD 4614 A_0,HD 4614 A,4.718,0.051,1.358,3.151,5.01,1.14,1.252,,,4.583569,0.737347,0,0,8,2041.007182
HD 4614 A_1,HD 4614 A,0.651,0.133,0.728,0.235,5.01,1.14,1.252,0.129519,174.260574,0.73192,0.619384,1,7,8,2041.007182
HD 4614 A_2,HD 4614 A,2.584,0.017,1.361,2.842,5.01,1.14,1.252,,,2.540073,0.073319,0,3,8,2041.007182
HD 149661_2,HD 149661,2.991,0.073,1.285,2.935,9.894,0.87,0.462,,,3.058649,0.286546,0,0,7,2041.030999
HD 149661_3,HD 149661,2.364,0.065,0.7,0.315,9.894,0.87,0.462,,,2.351802,0.666848,0,0,7,2041.030999
HD 149661_5,HD 149661,3.155,0.051,2.936,7.428,9.894,0.87,0.462,0.26605,331.691895,2.99711,0.592149,1,4,7,2041.030999
HD 165499_0,HD 165499,3.777,0.071,0.637,0.161,17.753,1.08,1.731,,,3.529894,0.725851,0,0,8,2041.042524
HD 165499_1,HD 165499,0.192,0.04,0.654,0.106,17.753,1.08,1.731,,,0.186448,0.755931,0,0,8,2041.042524
HD 165499_3,HD 165499,0.221,0.065,0.75,0.229,17.753,1.08,1.731,,,0.220601,0.893005,0,0,8,2041.042524
HD 165499_4,HD 165499,1.569,0.062,3.377,24.497,17.753,1.08,1.731,0.086126,345.91032,1.542171,0.300816,1,7,8,2041.042524
HD 50692_0,HD 50692,3.95,0.04,2.831,10.297,17.405,1.08,1.293,0.131853,242.064773,3.819717,0.819086,1,4,7,2041.073673
HD 50692_1,HD 50692,0.28,0.064,0.734,0.092,17.405,1.08,1.293,,,0.262135,0.192013,0,0,7,2041.073673
HD 50692_2,HD 50692,0.513,0.081,1.798,3.652,17.405,1.08,1.293,,,0.54196,0.70471,0,0,7,2041.073673
HD 50692_3,HD 50692,0.925,0.032,2.849,9.197,17.405,1.08,1.293,,,0.907033,0.194337,0,0,7,2041.073673
HD 19373_0,HD 19373,0.74,0.034,3.212,9.93,10.577,1.08,2.23,,,0.723297,0.298784,0,0,8,2041.100942
HD 19373_2,HD 19373,0.724,0.048,1.483,3.085,10.577,1.08,2.23,,,0.738233,0.748221,0,0,8,2041.100942
HD 19373_3,HD 19373,0.676,0.061,1.037,1.075,10.577,1.08,2.23,,,0.71458,0.172158,0,0,8,2041.100942
HD 19373_6,HD 19373,0.114,0.04,2.433,8.086,10.577,1.08,2.23,,,0.114713,0.854347,0,0,8,2041.100942
HD 19373_7,HD 19373,2.87,0.048,1.622,2.945,10.577,1.08,2.23,0.252088,96.545461,2.923204,0.569898,1,3,8,2041.100942
HD 217987_0,HD 217987,3.278,0.032,3.1,17.272,3.287,0.49,0.036,0.9478,302.38848,3.182939,0.422445,1,5,7,2041.117347
HD 217987_1,HD 217987,0.104,0.158,2.049,6.333,3.287,0.49,0.036,,,0.105831,0.083199,0,0,7,2041.117347
HD 34411_0,HD 34411,0.295,0.082,3.192,8.429,12.562,1.08,1.732,,,0.318711,0.332432,0,0,8,2041.118716
HD 34411_1,HD 34411,1.539,0.078,0.897,0.713,12.562,1.08,1.732,0.110002,321.396771,1.45146,0.497784,1,3,8,2041.118716
HD 34411_3,HD 34411,1.691,0.074,0.798,0.808,12.562,1.08,1.732,,,1.663504,0.124814,0,2,8,2041.118716
HD 58855_0,HD 58855,3.917,0.055,2.746,11.124,20.402,1.16,2.445,0.190314,267.983047,3.888438,0.385082,1,5,8,2041.154498
HD 58855_3,HD 58855,0.12,0.023,0.846,0.314,20.402,1.16,2.445,,,0.121945,0.174408,0,0,8,2041.154498
HD 58855_4,HD 58855,1.787,0.062,0.53,0.101,20.402,1.16,2.445,,,1.896886,0.331914,0,0,8,2041.154498
HD 58855_5,HD 58855,2.753,0.078,0.74,0.361,20.402,1.16,2.445,,,2.554037,0.034444,0,0,8,2041.154498
HD 58855_6,HD 58855,3.408,0.008,0.67,0.197,20.402,1.16,2.445,,,3.405932,0.055199,0,0,8,2041.154498
HD 58855_7,HD 58855,0.511,0.017,1.169,2.72,20.402,1.16,2.445,,,0.504183,0.166491,0,0,8,2041.154498
HD 58855_8,HD 58855,3.679,0.02,1.665,3.725,20.402,1.16,2.445,,,3.730067,0.011991,0,0,8,2041.154498
HD 16895 A_0,HD 16895 A,3.595,0.047,2.816,7.544,11.15,1.21,2.246,,,3.742918,0.114321,0,4,8,2041.249862
HD 16895 A_4,HD 16895 A,4.424,0.091,1.274,1.913,11.15,1.21,2.246,,,4.150664,0.943286,0,0,8,2041.249862
HD 16895 A_5,HD 16895 A,1.554,0.05,3.144,9.969,11.15,1.21,2.246,0.100514,277.046133,1.573329,0.753246,1,7,8,2041.249862
HD 16895 A_6,HD 16895 A,0.108,0.029,0.508,0.042,11.15,1.21,2.246,,,0.110875,0.012996,0,0,8,2041.249862
HD 212330 A_0,HD 212330 A,1.747,0.031,3.281,9.208,20.34,1.02,2.726,,,1.781327,0.013057,0,3,8,2041.258094
HD 201092_1,HD 201092,2.708,0.059,2.37,8.514,3.496,0.63,0.078,0.696769,339.072308,2.548448,0.193137,1,5,8,2041.275877
HD 86728 A_0,HD 86728 A,0.138,0.113,0.53,0.078,14.926,1.0,1.378,,,0.14949,0.803238,0,0,8,2041.302854
HD 86728 A_1,HD 86728 A,1.194,0.049,0.519,0.144,14.926,1.0,1.378,,,1.181018,0.236291,0,0,8,2041.302854
HD 86728 A_2,HD 86728 A,1.586,0.024,0.736,0.367,14.926,1.0,1.378,,,1.55241,0.180192,0,0,8,2041.302854
HD 86728 A_3,HD 86728 A,0.34,0.077,0.971,1.901,14.926,1.0,1.378,,,0.319779,0.613153,0,0,8,2041.302854
HD 86728 A_4,HD 86728 A,3.143,0.15,2.985,16.709,14.926,1.0,1.378,0.183213,228.734365,2.77283,0.435598,1,5,8,2041.302854
HD 86728 A_5,HD 86728 A,0.238,0.132,1.155,6.008,14.926,1.0,1.378,,,0.219115,0.862778,0,0,8,2041.302854
HD 86728 A_6,HD 86728 A,2.84,0.137,2.462,3.621,14.926,1.0,1.378,,,3.210845,0.228504,0,5,8,2041.302854
HD 693_0,HD 693,1.045,0.058,1.136,2.579,18.886,1.18,2.997,,,1.060135,0.880043,0,0,8,2041.309729
HD 693_1,HD 693,0.139,0.106,2.768,7.407,18.886,1.18,2.997,,,0.15297,0.084318,0,0,8,2041.309729
HD 693_3,HD 693,1.448,0.069,1.975,3.042,18.886,1.18,2.997,,,1.537686,0.571286,0,0,8,2041.309729
HD 693_4,HD 693,1.744,0.105,1.392,2.348,18.886,1.18,2.997,,,1.595191,0.152539,0,3,8,2041.309729
HD 693_5,HD 693,2.909,0.1,1.423,2.794,18.886,1.18,2.997,0.115951,21.45687,2.663283,0.643054,1,2,8,2041.309729
HD 693_6,HD 693,2.914,0.024,0.574,0.316,18.886,1.18,2.997,,,2.857574,0.237666,0,0,8,2041.309729
HD 693_7,HD 693,3.93,0.01,2.298,5.004,18.886,1.18,2.997,,,3.958746,0.047906,0,4,8,2041.309729
HD 53705_0,HD 53705,0.273,0.081,1.735,2.717,17.059,1.04,1.49,,,0.29072,0.088274,0,0,8,2041.744368
HD 53705_1,HD 53705,2.604,0.083,3.306,16.05,17.059,1.04,1.49,0.138756,18.234634,2.563071,0.556651,1,8,8,2041.744368
HD 53705_2,HD 53705,1.597,0.089,2.478,13.971,17.059,1.04,1.49,0.086235,343.859622,1.507154,0.290109,1,8,8,2041.744368
HD 53705_3,HD 53705,0.715,0.026,1.359,2.038,17.059,1.04,1.49,,,0.697115,0.185696,0,0,8,2041.744368
HD 53705_4,HD 53705,0.527,0.092,2.437,10.745,17.059,1.04,1.49,,,0.554123,0.139815,0,0,8,2041.744368
HD 88230_0,HD 88230,1.858,0.024,1.413,3.961,4.871,0.63,0.103,0.316593,85.520881,1.866487,0.664276,1,5,8,2041.869032
HD 88230_1,HD 88230,0.369,0.102,2.613,14.391,4.871,0.63,0.103,,,0.353916,0.397208,0,0,8,2041.869032
HD 88230_2,HD 88230,0.941,0.058,0.511,0.079,4.871,0.63,0.103,,,0.99142,0.42499,0,3,8,2041.869032
HD 88230_3,HD 88230,1.397,0.055,1.541,3.057,4.871,0.63,0.103,0.28009,139.493535,1.361699,0.255872,1,5,8,2041.869032
HD 88230_4,HD 88230,0.683,0.12,0.831,0.221,4.871,0.63,0.103,0.089468,104.501032,0.634427,0.788378,1,1,8,2041.869032
HD 88230_5,HD 88230,2.552,0.09,1.594,2.912,4.871,0.63,0.103,,,2.339811,0.070736,0,3,8,2041.869032
HD 88230_6,HD 88230,2.842,0.103,0.661,0.567,4.871,0.63,0.103,,,3.103177,0.027647,0,0,8,2041.869032
HD 216803_1,HD 216803,3.539,0.087,2.035,5.879,7.601,0.72,0.196,0.452711,206.412181,3.832451,0.57446,1,3,8,2041.896241
HD 216803_3,HD 216803,0.104,0.044,0.893,0.284,7.601,0.72,0.196,,,0.105751,0.5781,0,0,8,2041.896241
HD 216803_4,HD 216803,2.738,0.038,2.631,12.08,7.601,0.72,0.196,,,2.825081,0.149632,0,4,8,2041.896241
HD 216803_5,HD 216803,0.109,0.06,0.686,0.431,7.601,0.72,0.196,,,0.102508,0.241243,0,0,8,2041.896241
HD 216803_6,HD 216803,0.431,0.071,1.431,2.693,7.601,0.72,0.196,,,0.45246,0.497014,0,0,8,2041.896241
HD 100623 A_0,HD 100623 A,4.014,0.105,2.503,8.448,9.559,0.88,0.37,0.115466,183.707279,4.412588,0.968197,1,4,8,2041.999272
HD 100623 A_2,HD 100623 A,0.102,0.086,0.559,0.245,9.559,0.88,0.37,,,0.095442,0.111361,0,0,8,2041.999272
HD 100623 A_3,HD 100623 A,4.384,0.075,1.441,2.214,9.559,0.88,0.37,,,4.163912,0.080907,0,0,8,2041.999272
HD 100623 A_4,HD 100623 A,2.524,0.072,0.66,0.613,9.559,0.88,0.37,,,2.486002,0.62797,0,0,8,2041.999272
HD 100623 A_5,HD 100623 A,4.18,0.038,0.734,0.337,9.559,0.88,0.37,,,4.336735,0.063283,0,0,8,2041.999272
HD 100623 A_6,HD 100623 A,0.362,0.165,0.555,0.359,9.559,0.88,0.37,,,0.373649,0.123428,0,0,8,2041.999272
HD 100623 A_7,HD 100623 A,4.073,0.068,1.365,1.972,9.559,0.88,0.37,,,4.122052,0.067243,0,0,8,2041.999272
HD 149661_2,HD 149661,2.991,0.073,1.285,2.935,9.894,0.87,0.462,,,2.82874,0.060638,0,0,8,2042.030189
HD 149661_3,HD 149661,2.364,0.065,0.7,0.315,9.894,0.87,0.462,,,2.213305,0.652286,0,0,8,2042.030189
HD 149661_5,HD 149661,3.155,0.051,2.936,7.428,9.894,0.87,0.462,,,3.108534,0.101225,0,4,8,2042.030189
HD 50692_0,HD 50692,3.95,0.04,2.831,10.297,17.405,1.08,1.293,0.107787,143.346542,3.931004,0.883117,1,5,8,2042.073636
HD 50692_1,HD 50692,0.28,0.064,0.734,0.092,17.405,1.08,1.293,,,0.262088,0.174513,0,0,8,2042.073636
HD 50692_2,HD 50692,0.513,0.081,1.798,3.652,17.405,1.08,1.293,,,0.500286,0.816005,0,0,8,2042.073636
HD 50692_3,HD 50692,0.925,0.032,2.849,9.197,17.405,1.08,1.293,,,0.936755,0.00224,0,0,8,2042.073636
HD 217987_0,HD 217987,3.278,0.032,3.1,17.272,3.287,0.49,0.036,0.970852,258.473962,3.178701,0.310761,1,6,8,2042.116813
HD 217987_1,HD 217987,0.104,0.158,2.049,6.333,3.287,0.49,0.036,,,0.118917,0.282697,0,0,8,2042.116813
