PlanetID,StarName,SMA_AU,ecc,Rp_REarth,Mp_MEarth,d_pc,M_sol,L_sol,Sep,PA,3dDist,PhaseFunc,DetStatus,NDet,NObs,LastObs
HD 142860_0,HD 142860,0.405,0.081,2.385,3.49,11.2537,1.25,3.038785,,,0.432647,0.036004,0,0,1,2035.0
HD 142860_2,HD 142860,3.184,0.073,1.146,2.096,11.2537,1.25,3.038785,,,3.137289,0.489767,0,0,1,2035.0
HD 142860_3,HD 142860,0.465,0.068,1.963,5.667,11.2537,1.25,3.038785,,,0.448867,0.456699,0,0,1,2035.0
HD 142860_5,HD 142860,0.92,0.074,2.443,2.622,11.2537,1.25,3.038785,,,0.852826,0.077624,0,0,1,2035.0
HD 142860_6,HD 142860,0.627,0.092,3.102,13.817,11.2537,1.25,3.038785,,,0.683736,0.013926,0,0,1,2035.0
HD 30652_0,HD 30652,0.357,0.032,0.524,0.114,8.0684,1.25,2.710192,,,0.365285,0.141985,0,0,1,2035.00137
HD 30652_1,HD 30652,3.379,0.099,2.314,3.76,8.0684,1.25,2.710192,,,3.373288,0.06295,0,0,1,2035.00137
HD 30652_2,HD 30652,1.418,0.081,1.563,2.688,8.0684,1.25,2.710192,,,1.44625,0.03975,0,0,1,2035.00137
HD 30652_3,HD 30652,3.27,0.133,2.129,4.102,8.0684,1.25,2.710192,,,3.337398,0.228915,0,0,1,2035.00137
HD 30652_4,HD 30652,2.754,0.119,2.49,10.423,8.0684,1.25,2.710192,,,3.074861,0.071324,0,0,1,2035.00137
HD 22484_0,HD 22484,0.838,0.146,1.142,1.075,13.9204,1.14,3.067609,,,0.825329,0.367895,0,0,1,2035.00274
HD 22484_1,HD 22484,1.12,0.109,1.996,10.252,13.9204,1.14,3.067609,,,1.184084,0.073901,0,0,1,2035.00274
HD 22484_2,HD 22484,0.469,0.117,1.765,4.24,13.9204,1.14,3.067609,,,0.502049,0.057014,0,0,1,2035.00274
HD 22484_5,HD 22484,4.456,0.081,0.516,0.082,13.9204,1.14,3.067609,,,4.138022,0.021229,0,0,1,2035.00274
HD 22484_7,HD 22484,3.201,0.074,0.943,0.772,13.9204,1.14,3.067609,,,2.978093,0.341329,0,0,1,2035.00274
HD 128167_0,HD 128167,1.283,0.14,1.15,1.754,15.756,1.39,3.181999,,,1.107643,0.520288,0,0,1,2035.00411
HD 128167_2,HD 128167,3.433,0.063,1.328,4.136,15.756,1.39,3.181999,,,3.265018,0.121772,0,0,1,2035.00411
HD 128167_3,HD 128167,4.878,0.117,2.132,7.451,15.756,1.39,3.181999,,,5.403185,0.339698,0,0,1,2035.00411
HD 128167_4,HD 128167,1.323,0.044,1.923,7.575,15.756,1.39,3.181999,,,1.374304,0.059026,0,0,1,2035.00411
HD 142373_0,HD 142373,1.268,0.168,0.757,0.538,15.8975,1.08,3.136173,,,1.481024,0.754846,0,0,1,2035.005479
HD 142373_1,HD 142373,1.76,0.092,0.868,0.821,15.8975,1.08,3.136173,,,1.625407,0.160387,0,0,1,2035.005479
HD 142373_2,HD 142373,0.834,0.129,2.923,3.951,15.8975,1.08,3.136173,,,0.730608,0.424536,0,0,1,2035.005479
HD 142373_4,HD 142373,1.161,0.006,1.265,1.173,15.8975,1.08,3.136173,,,1.154317,0.348496,0,0,1,2035.005479
HD 142373_6,HD 142373,4.705,0.105,0.947,0.705,15.8975,1.08,3.136173,,,4.973728,0.358905,0,0,1,2035.005479
HD 142373_7,HD 142373,1.878,0.051,2.611,16.581,15.8975,1.08,3.136173,,,1.827809,0.663135,0,0,1,2035.005479
HD 142373_8,HD 142373,3.092,0.053,1.805,4.531,15.8975,1.08,3.136173,,,3.09827,0.536115,0,0,1,2035.005479
HD 134083_0,HD 134083,0.116,0.07,1.9,6.745,19.536,1.33,3.254618,,,0.118939,0.82838,0,0,1,2035.006849
HD 134083_1,HD 134083,0.36,0.097,1.358,1.173,19.536,1.33,3.254618,,,0.354097,0.624825,0,0,1,2035.006849
HD 134083_3,HD 134083,0.749,0.13,0.881,0.648,19.536,1.33,3.254618,,,0.844037,0.065868,0,0,1,2035.006849
HD 134083_4,HD 134083,0.959,0.114,0.591,0.159,19.536,1.33,3.254618,,,1.060201,0.077114,0,0,1,2035.006849
HD 23249_0,HD 23249,2.38,0.039,0.804,0.454,9.0888,0.87,2.941034,,,2.453909,0.743868,0,0,1,2035.008219
HD 23249_1,HD 23249,2.348,0.031,1.487,8.264,9.0888,0.87,2.941034,,,2.318859,0.037071,0,0,1,2035.008219
HD 38393_0,HD 38393,0.205,0.072,1.088,1.783,8.905,1.23,2.344229,,,0.202099,0.205621,0,0,1,2035.009589
HD 38393_1,HD 38393,3.39,0.099,0.656,0.187,8.905,1.23,2.344229,,,3.693629,0.172093,0,0,1,2035.009589
HD 38393_3,HD 38393,0.355,0.086,1.549,2.654,8.905,1.23,2.344229,,,0.330317,0.803686,0,0,1,2035.009589
HD 38393_4,HD 38393,4.373,0.052,1.208,1.306,8.905,1.23,2.344229,,,4.169242,0.052424,0,0,1,2035.009589
HD 693_0,HD 693,1.045,0.058,1.136,0.946,18.8861,1.18,2.997091,,,1.002562,0.081714,0,0,1,2035.010959
HD 693_1,HD 693,0.139,0.106,2.768,4.782,18.8861,1.18,2.997091,,,0.147385,0.001154,0,0,1,2035.010959
HD 693_3,HD 693,1.448,0.069,1.975,3.293,18.8861,1.18,2.997091,,,1.547879,0.720049,0,0,1,2035.010959
HD 693_4,HD 693,1.744,0.105,1.392,2.423,18.8861,1.18,2.997091,,,1.576986,0.23326,0,0,1,2035.010959
HD 693_5,HD 693,2.909,0.1,1.423,1.783,18.8861,1.18,2.997091,,,3.019863,0.014628,0,0,1,2035.010959
HD 693_6,HD 693,2.914,0.024,0.574,0.086,18.8861,1.18,2.997091,,,2.983042,0.840057,0,0,1,2035.010959
HD 693_7,HD 693,3.93,0.01,2.298,3.376,18.8861,1.18,2.997091,,,3.969299,0.030668,0,0,1,2035.010959
HD 17206_0,HD 17206,1.742,0.09,0.885,0.481,14.2764,1.21,2.616978,,,1.792125,0.177146,0,0,1,2035.012329
HD 17206_1,HD 17206,0.879,0.039,2.253,4.42,14.2764,1.21,2.616978,,,0.913142,0.018454,0,0,1,2035.012329
HD 17206_2,HD 17206,0.485,0.035,0.762,0.798,14.2764,1.21,2.616978,,,0.472626,0.020839,0,0,1,2035.012329
HD 210302_0,HD 210302,0.937,0.087,1.293,4.329,18.4579,1.25,2.918099,,,0.962589,0.493572,0,0,1,2035.013699
HD 210302_1,HD 210302,0.316,0.034,0.672,0.336,18.4579,1.25,2.918099,,,0.310093,0.062241,0,0,1,2035.013699
HD 210302_2,HD 210302,0.162,0.125,0.82,0.627,18.4579,1.25,2.918099,,,0.159697,0.106791,0,0,1,2035.013699
HD 210302_3,HD 210302,0.925,0.123,2.909,13.478,18.4579,1.25,2.918099,,,0.991222,0.015225,0,0,1,2035.013699
HD 210302_4,HD 210302,1.629,0.122,1.727,3.133,18.4579,1.25,2.918099,,,1.443954,0.902923,0,0,1,2035.013699
HD 128620_0,HD 128620,1.567,0.074,0.945,0.99,1.3319,1.11,1.520898,,,1.453625,0.003914,0,0,1,2035.015068
HD 128620_1,HD 128620,1.266,0.016,1.198,1.075,1.3319,1.11,1.520898,,,1.271789,0.661515,0,0,1,2035.015068
HD 43386_0,HD 43386,2.541,0.037,0.504,0.139,19.5879,1.33,2.956651,,,2.632362,0.000431,0,0,1,2035.016438
HD 43386_1,HD 43386,1.141,0.101,1.584,2.087,19.5879,1.33,2.956651,,,1.230615,0.16664,0,0,1,2035.016438
HD 43386_3,HD 43386,0.289,0.045,1.072,1.323,19.5879,1.33,2.956651,,,0.296689,0.541304,0,0,1,2035.016438
HD 19373_0,HD 19373,0.74,0.034,3.212,7.638,10.5774,1.08,2.230489,0.065886,158.89036,0.734069,0.513915,1,1,1,2035.017808
HD 19373_2,HD 19373,0.724,0.048,1.483,3.887,10.5774,1.08,2.230489,,,0.691267,0.195784,0,0,1,2035.017808
HD 19373_3,HD 19373,0.676,0.061,1.037,3.107,10.5774,1.08,2.230489,,,0.639038,0.842415,0,0,1,2035.017808
HD 19373_6,HD 19373,0.114,0.04,2.433,5.437,10.5774,1.08,2.230489,,,0.111213,0.017746,0,0,1,2035.017808
HD 19373_7,HD 19373,2.87,0.048,1.622,4.984,10.5774,1.08,2.230489,,,2.98063,0.225016,0,0,1,2035.017808
HD 16895 A_0,HD 16895 A,3.595,0.047,2.816,6.26,11.1501,1.21,2.246467,,,3.745591,0.11254,0,0,1,2035.019178
HD 16895 A_4,HD 16895 A,4.424,0.091,1.274,1.517,11.1501,1.21,2.246467,,,4.19751,0.065115,0,0,1,2035.019178
HD 16895 A_5,HD 16895 A,1.554,0.05,3.144,6.056,11.1501,1.21,2.246467,,,1.523988,0.054337,0,0,1,2035.019178
HD 16895 A_6,HD 16895 A,0.108,0.029,0.508,0.062,11.1501,1.21,2.246467,,,0.108591,0.180597,0,0,1,2035.019178
HD 84737_0,HD 84737,0.596,0.087,1.352,2.836,18.8226,1.08,2.795117,,,0.635327,0.019866,0,0,1,2035.020548
HD 84737_1,HD 84737,3.025,0.071,1.189,2.166,18.8226,1.08,2.795117,,,2.828699,0.793562,0,0,1,2035.020548
HD 84737_2,HD 84737,1.078,0.014,1.079,1.238,18.8226,1.08,2.795117,,,1.073196,0.016904,0,0,1,2035.020548
HD 84737_3,HD 84737,3.774,0.025,0.833,0.582,18.8226,1.08,2.795117,,,3.68617,0.298688,0,0,1,2035.020548
HD 84737_4,HD 84737,0.254,0.074,3.133,5.482,18.8226,1.08,2.795117,,,0.246559,0.277358,0,0,1,2035.020548
HD 84737_5,HD 84737,2.993,0.205,0.508,0.047,18.8226,1.08,2.795117,,,3.108158,0.37234,0,0,1,2035.020548
HD 187691 A_0,HD 187691 A,3.127,0.076,1.475,3.637,19.4881,1.25,2.834654,,,3.046951,0.177044,0,0,1,2035.021918
HD 187691 A_1,HD 187691 A,2.61,0.091,1.018,4.223,19.4881,1.25,2.834654,,,2.617092,0.031766,0,0,1,2035.021918
HD 187691 A_2,HD 187691 A,3.249,0.037,0.764,0.21,19.4881,1.25,2.834654,,,3.366988,0.873589,0,0,1,2035.021918
HD 187691 A_3,HD 187691 A,2.018,0.038,2.654,7.67,19.4881,1.25,2.834654,,,2.08837,0.012983,0,0,1,2035.021918
HD 43042_0,HD 43042,4.095,0.078,0.558,0.189,21.7763,1.29,2.935621,,,3.824635,0.191588,0,0,1,2035.023288
HD 43042_1,HD 43042,0.434,0.11,0.533,0.125,21.7763,1.29,2.935621,,,0.426025,0.241608,0,0,1,2035.023288
HD 43042_3,HD 43042,0.724,0.14,0.733,0.336,21.7763,1.29,2.935621,,,0.824759,0.91407,0,0,1,2035.023288
HD 212330 A_0,HD 212330 A,1.747,0.031,3.281,22.163,20.3398,1.02,2.726465,,,1.700129,0.224133,0,0,1,2035.024658
HD 141004_0,HD 141004,2.629,0.092,2.901,9.32,11.9159,1.09,2.003549,,,2.511255,0.585626,0,0,1,2035.026027
HD 141004_1,HD 141004,0.651,0.071,0.654,0.192,11.9159,1.09,2.003549,,,0.641736,0.13245,0,0,1,2035.026027
HD 141004_2,HD 141004,4.426,0.098,1.019,0.86,11.9159,1.09,2.003549,,,4.205225,0.505244,0,0,1,2035.026027
HD 141004_3,HD 141004,4.115,0.06,0.578,0.156,11.9159,1.09,2.003549,,,4.265546,0.066109,0,0,1,2035.026027
HD 141004_4,HD 141004,3.163,0.091,1.732,5.597,11.9159,1.09,2.003549,,,3.37971,0.522747,0,0,1,2035.026027
HD 4614 A_0,HD 4614 A,4.718,0.051,1.358,2.277,5.0098,1.14,1.251988,,,4.955722,0.125141,0,0,1,2035.028767
HD 4614 A_1,HD 4614 A,0.651,0.133,0.728,0.414,5.0098,1.14,1.251988,,,0.727873,0.87174,0,0,1,2035.028767
HD 4614 A_2,HD 4614 A,2.584,0.017,1.361,5.26,5.0098,1.14,1.251988,,,2.626741,0.684508,0,0,1,2035.028767
HD 58855_0,HD 58855,3.917,0.055,2.746,19.491,20.4021,1.16,2.444556,,,4.069695,0.825533,0,0,1,2035.030137
HD 58855_3,HD 58855,0.12,0.023,0.846,0.638,20.4021,1.16,2.444556,,,0.122318,0.124483,0,0,1,2035.030137
HD 58855_4,HD 58855,1.787,0.062,0.53,0.05,20.4021,1.16,2.444556,,,1.816977,0.983463,0,0,1,2035.030137
HD 58855_5,HD 58855,2.753,0.078,0.74,0.236,20.4021,1.16,2.444556,,,2.922661,0.866597,0,0,1,2035.030137
HD 58855_6,HD 58855,3.408,0.008,0.67,0.345,20.4021,1.16,2.444556,,,3.414152,0.042357,0,0,1,2035.030137
HD 58855_7,HD 58855,0.511,0.017,1.169,0.638,20.4021,1.16,2.444556,,,0.506963,0.052968,0,0,1,2035.030137
HD 58855_8,HD 58855,3.679,0.02,1.665,2.944,20.4021,1.16,2.444556,,,3.70507,0.049323,0,0,1,2035.030137
HD 7570_0,HD 7570,3.031,0.054,1.134,0.839,15.2609,1.14,2.003549,,,2.989686,0.959575,0,0,1,2035.031507
HD 7570_1,HD 7570,0.15,0.071,0.941,0.934,15.2609,1.14,2.003549,,,0.140932,0.804433,0,0,1,2035.031507
HD 7570_2,HD 7570,1.977,0.063,1.73,5.46,15.2609,1.14,2.003549,,,1.986466,0.079301,0,0,1,2035.031507
HD 7570_3,HD 7570,3.034,0.079,1.364,2.113,15.2609,1.14,2.003549,,,3.266907,0.652506,0,0,1,2035.031507
HD 7570_4,HD 7570,0.569,0.099,0.726,0.218,15.2609,1.14,2.003549,,,0.621363,0.312253,0,0,1,2035.031507
HD 84117_2,HD 84117,0.48,0.183,0.807,0.221,14.9515,1.14,1.977425,,,0.518585,0.0063,0,0,1,2035.032877
HD 84117_3,HD 84117,2.469,0.127,0.583,0.082,14.9515,1.14,1.977425,,,2.615229,0.052378,0,0,1,2035.032877
HD 84117_5,HD 84117,2.421,0.095,0.605,0.152,14.9515,1.14,1.977425,,,2.650741,0.506042,0,0,1,2035.032877
HD 190248_1,HD 190248,1.11,0.055,1.408,1.805,6.0993,0.94,1.249971,,,1.160537,0.818938,0,0,1,2035.034247
HD 190248_2,HD 190248,3.754,0.072,1.017,1.843,6.0993,0.94,1.249971,,,3.990692,0.101168,0,0,1,2035.034247
HD 190248_3,HD 190248,1.406,0.139,0.51,0.145,6.0993,0.94,1.249971,,,1.562969,0.003643,0,0,1,2035.034247
HD 34411_0,HD 34411,0.295,0.082,3.192,20.914,12.5625,1.08,1.731809,,,0.271498,0.312808,0,0,1,2035.035616
HD 34411_1,HD 34411,1.539,0.078,0.897,0.594,12.5625,1.08,1.731809,,,1.51065,0.556398,0,0,1,2035.035616
HD 34411_3,HD 34411,1.691,0.074,0.798,0.788,12.5625,1.08,1.731809,,,1.582321,0.431397,0,0,1,2035.035616
HD 203608_0,HD 203608,2.203,0.092,1.79,8.196,9.2584,1.14,1.465548,,,2.007109,0.575292,0,0,1,2035.036986
HD 203608_1,HD 203608,2.342,0.1,0.502,0.084,9.2584,1.14,1.465548,,,2.526491,0.96023,0,0,1,2035.036986
HD 203608_2,HD 203608,2.74,0.062,1.086,2.044,9.2584,1.14,1.465548,,,2.857482,0.896534,0,0,1,2035.036986
HD 203608_5,HD 203608,4.293,0.038,0.929,1.188,9.2584,1.14,1.465548,,,4.35697,0.106335,0,0,1,2035.036986
HD 203608_6,HD 203608,0.526,0.072,0.985,0.835,9.2584,1.14,1.465548,,,0.506502,0.786664,0,0,1,2035.036986
HD 160691_0,HD 160691,1.46,0.051,0.67,0.222,15.6042,1.0,1.898891,,,1.529393,0.33139,0,0,1,2035.038356
HD 160691_1,HD 160691,0.274,0.085,0.88,0.654,15.6042,1.0,1.898891,,,0.270527,0.458581,0,0,1,2035.038356
HD 160691_2,HD 160691,0.346,0.144,0.58,0.113,15.6042,1.0,1.898891,,,0.37792,0.912758,0,0,1,2035.038356
HD 160691_3,HD 160691,0.123,0.058,0.556,0.116,15.6042,1.0,1.898891,,,0.12433,0.360679,0,0,1,2035.038356
HD 160691_4,HD 160691,2.415,0.073,1.777,3.87,15.6042,1.0,1.898891,,,2.324146,0.348478,0,0,1,2035.038356
HD 160691_6,HD 160691,2.937,0.058,2.424,7.702,15.6042,1.0,1.898891,,,3.082665,0.011678,0,0,1,2035.038356
HD 160691_7,HD 160691,3.23,0.098,2.375,2.699,15.6042,1.0,1.898891,,,2.914084,0.083757,0,0,1,2035.038356
HD 114710_0,HD 114710,1.415,0.117,0.681,0.481,9.1975,1.11,1.357063,,,1.564749,0.624935,0,0,1,2035.039726
HD 114710_1,HD 114710,0.314,0.116,0.63,0.141,9.1975,1.11,1.357063,,,0.324123,0.138332,0,0,1,2035.039726
HD 114710_2,HD 114710,2.258,0.018,0.683,0.149,9.1975,1.11,1.357063,,,2.217898,0.111795,0,0,1,2035.039726
HD 114710_4,HD 114710,0.861,0.053,0.898,0.364,9.1975,1.11,1.357063,,,0.816013,0.267201,0,0,1,2035.039726
HD 114710_5,HD 114710,0.124,0.109,3.108,4.801,9.1975,1.11,1.357063,,,0.125909,0.740886,0,0,1,2035.039726
HD 90839_0,HD 90839,3.665,0.022,0.781,0.406,12.9452,1.18,1.605092,,,3.60589,0.022701,0,0,1,2035.042466
HD 90839_1,HD 90839,0.191,0.094,1.403,1.498,12.9452,1.18,1.605092,,,0.205794,0.471183,0,0,1,2035.042466
HD 90839_2,HD 90839,3.378,0.112,1.125,1.163,12.9452,1.18,1.605092,,,3.296367,0.844184,0,0,1,2035.042466
HD 90839_5,HD 90839,0.15,0.051,2.273,7.359,12.9452,1.18,1.605092,,,0.145348,0.04357,0,0,1,2035.042466
HD 1581_1,HD 1581,1.541,0.046,2.633,4.55,8.6071,1.11,1.261828,0.122071,236.514116,1.492006,0.767121,1,1,1,2035.043836
HD 1581_2,HD 1581,0.181,0.101,0.988,0.788,8.6071,1.11,1.261828,,,0.197507,0.98824,0,0,1,2035.043836
HD 1581_3,HD 1581,1.491,0.126,2.76,9.091,8.6071,1.11,1.261828,,,1.670718,0.036297,0,0,1,2035.043836
HD 1581_4,HD 1581,0.208,0.109,2.378,7.928,8.6071,1.11,1.261828,,,0.194575,0.543656,0,0,1,2035.043836
HD 33262 A_0,HD 33262 A,4.098,0.155,0.949,1.396,11.6927,1.14,1.466223,,,4.588433,0.179171,0,0,1,2035.045205
HD 33262 A_1,HD 33262 A,3.3,0.062,1.368,3.018,11.6927,1.14,1.466223,,,3.454487,0.009158,0,0,1,2035.045205
HD 33262 A_2,HD 33262 A,3.337,0.087,0.965,0.878,11.6927,1.14,1.466223,,,3.506332,0.13409,0,0,1,2035.045205
HD 33262 A_4,HD 33262 A,1.015,0.091,2.255,4.512,11.6927,1.14,1.466223,,,0.952614,0.978799,0,0,1,2035.045205
HD 33262 A_5,HD 33262 A,0.358,0.206,1.487,4.188,11.6927,1.14,1.466223,,,0.420609,0.474961,0,0,1,2035.045205
HD 33262 A_6,HD 33262 A,0.874,0.139,0.646,0.237,11.6927,1.14,1.466223,,,0.833789,0.024392,0,0,1,2035.045205
HD 33262 A_8,HD 33262 A,0.199,0.101,2.893,19.25,11.6927,1.14,1.466223,,,0.183436,0.962131,0,0,1,2035.045205
HD 109358_0,HD 109358,0.599,0.064,0.661,0.181,8.4727,1.08,1.151065,,,0.635091,0.271871,0,0,1,2035.047945
HD 109358_1,HD 109358,0.313,0.024,1.946,4.902,8.4727,1.08,1.151065,,,0.30626,0.005272,0,0,1,2035.047945
HD 109358_3,HD 109358,0.172,0.066,1.409,3.279,8.4727,1.08,1.151065,,,0.169449,0.429258,0,0,1,2035.047945
HD 109358_4,HD 109358,1.488,0.078,0.58,0.237,8.4727,1.08,1.151065,,,1.415064,0.530191,0,0,1,2035.047945
HD 109358_5,HD 109358,3.968,0.05,3.285,8.264,8.4727,1.08,1.151065,,,4.027172,0.099961,0,0,1,2035.047945
HD 95128_1,HD 95128,2.285,0.074,0.586,0.123,13.8875,1.07,1.576885,,,2.371232,0.41096,0,0,1,2035.049315
HD 95128_2,HD 95128,4.586,0.035,0.538,0.151,13.8875,1.07,1.576885,,,4.674282,0.044991,0,0,1,2035.049315
HD 95128_3,HD 95128,0.343,0.031,2.771,11.324,13.8875,1.07,1.576885,,,0.346616,0.055597,0,0,1,2035.049315
HD 95128_4,HD 95128,2.15,0.173,1.218,1.843,13.8875,1.07,1.576885,,,2.518908,0.135066,0,0,1,2035.049315
HD 95128_5,HD 95128,0.6,0.105,2.299,6.552,13.8875,1.07,1.576885,,,0.653458,0.497394,0,0,1,2035.049315
HD 95128_6,HD 95128,0.335,0.024,2.419,6.471,13.8875,1.07,1.576885,,,0.342641,0.270719,0,0,1,2035.049315
HD 95128_7,HD 95128,0.847,0.089,1.394,2.221,13.8875,1.07,1.576885,,,0.862974,0.096042,0,0,1,2035.049315
HD 95128_8,HD 95128,0.588,0.034,2.182,4.922,13.8875,1.07,1.576885,,,0.590487,0.738901,0,0,1,2035.049315
HD 143761_0,HD 143761,2.268,0.052,0.622,0.266,17.5108,0.97,1.812174,,,2.332607,0.819373,0,0,1,2035.050685
HD 143761_3,HD 143761,0.463,0.017,0.834,0.418,17.5108,0.97,1.812174,,,0.470612,0.153581,0,0,1,2035.050685
HD 143761_4,HD 143761,1.096,0.157,0.808,2.884,17.5108,0.97,1.812174,,,1.232459,0.584837,0,0,1,2035.050685
HD 143761_5,HD 143761,0.834,0.096,1.155,1.238,17.5108,0.97,1.812174,,,0.903489,0.020341,0,0,1,2035.050685
HD 143761_7,HD 143761,2.609,0.089,2.154,7.734,17.5108,0.97,1.812174,,,2.540827,0.211373,0,0,1,2035.050685
HD 46588 A_0,HD 46588 A,1.961,0.092,1.375,2.632,18.2023,1.18,1.825997,,,1.81916,0.259524,0,0,1,2035.052055
HD 46588 A_2,HD 46588 A,0.149,0.051,1.651,6.607,18.2023,1.18,1.825997,,,0.153975,0.329408,0,0,1,2035.052055
HD 46588 A_4,HD 46588 A,0.634,0.042,1.252,2.732,18.2023,1.18,1.825997,,,0.617673,0.499558,0,0,1,2035.052055
HD 46588 A_5,HD 46588 A,0.119,0.052,0.593,0.199,18.2023,1.18,1.825997,,,0.116846,0.317734,0,0,1,2035.052055
HD 46588 A_6,HD 46588 A,0.647,0.045,2.121,10.554,18.2023,1.18,1.825997,,,0.67602,0.617914,0,0,1,2035.052055
HD 46588 A_7,HD 46588 A,1.085,0.088,1.256,3.348,18.2023,1.18,1.825997,,,1.00546,0.730665,0,0,1,2035.052055
HD 46588 A_8,HD 46588 A,2.008,0.017,0.521,0.058,18.2023,1.18,1.825997,,,2.032916,0.039807,0,0,1,2035.052055
HD 17051_0,HD 17051,1.593,0.055,0.8,0.347,17.3572,1.14,1.737401,,,1.66229,0.464648,0,0,1,2035.053425
HD 17051_1,HD 17051,2.146,0.107,1.035,1.601,17.3572,1.14,1.737401,,,2.284883,0.303972,0,0,1,2035.053425
HD 17051_2,HD 17051,4.311,0.108,1.302,1.937,17.3572,1.14,1.737401,,,4.363751,0.5316,0,0,1,2035.053425
HD 165499_0,HD 165499,3.777,0.071,0.637,0.343,17.7532,1.08,1.73141,,,3.559812,0.167624,0,0,1,2035.054795
HD 165499_1,HD 165499,0.192,0.04,0.654,0.282,17.7532,1.08,1.73141,,,0.184576,0.932471,0,0,1,2035.054795
HD 165499_3,HD 165499,0.221,0.065,0.75,0.344,17.7532,1.08,1.73141,,,0.230545,0.831034,0,0,1,2035.054795
HD 165499_4,HD 165499,1.569,0.062,3.377,30.496,17.7532,1.08,1.73141,,,1.473419,0.006711,0,0,1,2035.054795
HD 10700_0,HD 10700,1.625,0.099,0.563,0.132,3.6522,0.94,0.505708,,,1.683373,0.471279,0,0,1,2035.056164
HD 86728 A_0,HD 86728 A,0.138,0.113,0.53,0.096,14.9263,1.0,1.377844,,,0.125267,0.03574,0,0,1,2035.057534
HD 86728 A_1,HD 86728 A,1.194,0.049,0.519,0.097,14.9263,1.0,1.377844,,,1.246071,0.032984,0,0,1,2035.057534
HD 86728 A_2,HD 86728 A,1.586,0.024,0.736,0.333,14.9263,1.0,1.377844,,,1.57552,0.084061,0,0,1,2035.057534
HD 86728 A_3,HD 86728 A,0.34,0.077,0.971,1.049,14.9263,1.0,1.377844,,,0.357363,0.112568,0,0,1,2035.057534
HD 86728 A_4,HD 86728 A,3.143,0.15,2.985,25.307,14.9263,1.0,1.377844,,,2.682562,0.848329,0,0,1,2035.057534
HD 86728 A_5,HD 86728 A,0.238,0.132,1.155,1.588,14.9263,1.0,1.377844,,,0.207343,0.20845,0,0,1,2035.057534
HD 86728 A_6,HD 86728 A,2.84,0.137,2.462,4.922,14.9263,1.0,1.377844,,,2.626432,0.856091,0,0,1,2035.057534
HD 20794_0,HD 20794,4.322,0.17,2.962,5.482,6.0414,0.97,0.654335,,,4.559174,0.020088,0,0,1,2035.058904
HD 20794_1,HD 20794,2.398,0.095,1.302,1.627,6.0414,0.97,0.654335,,,2.258191,0.023946,0,0,1,2035.058904
HD 115617_0,HD 115617,1.956,0.004,0.732,0.391,8.5344,0.97,0.825468,,,1.962252,0.259855,0,0,1,2035.060274
HD 115617_1,HD 115617,0.76,0.09,2.931,3.775,8.5344,0.97,0.825468,0.058037,249.248865,0.749672,0.739883,1,1,1,2035.060274
HD 115617_2,HD 115617,0.621,0.047,0.562,0.132,8.5344,0.97,0.825468,,,0.634838,0.155253,0,0,1,2035.060274
HD 115617_3,HD 115617,0.199,0.073,3.38,20.4,8.5344,0.97,0.825468,,,0.184596,0.035395,0,0,1,2035.060274
HD 115617_4,HD 115617,2.599,0.104,0.763,0.211,8.5344,0.97,0.825468,,,2.785552,0.578511,0,0,1,2035.060274
HD 115617_5,HD 115617,2.098,0.045,1.487,5.131,8.5344,0.97,0.825468,,,2.020707,0.729665,0,0,1,2035.060274
HD 115617_6,HD 115617,3.003,0.084,0.942,0.716,8.5344,0.97,0.825468,,,3.069031,0.011538,0,0,1,2035.060274
HD 53705_0,HD 53705,0.273,0.081,1.735,7.702,17.0593,1.04,1.489704,,,0.258227,0.803694,0,0,1,2035.061644
HD 53705_1,HD 53705,2.604,0.083,3.306,29.747,17.0593,1.04,1.489704,,,2.516101,0.137005,0,0,1,2035.061644
HD 53705_2,HD 53705,1.597,0.089,2.478,5.883,17.0593,1.04,1.489704,,,1.60818,0.152396,0,0,1,2035.061644
HD 53705_3,HD 53705,0.715,0.026,1.359,2.07,17.0593,1.04,1.489704,,,0.714962,0.18763,0,0,1,2035.061644
HD 53705_4,HD 53705,0.527,0.092,2.437,20.655,17.0593,1.04,1.489704,,,0.502472,0.501087,0,0,1,2035.061644
HD 55575_0,HD 55575,1.084,0.09,0.727,0.609,16.8518,1.14,1.462851,,,1.010194,0.383701,0,0,1,2035.063014
HD 55575_1,HD 55575,0.133,0.053,0.578,0.106,16.8518,1.14,1.462851,,,0.132879,0.754499,0,0,1,2035.063014
HD 20630_1,HD 20630,0.648,0.142,1.547,2.557,9.2762,0.98,0.857235,0.066375,164.391268,0.620159,0.242308,1,1,1,2035.064384
HD 20630_5,HD 20630,1.387,0.083,0.621,0.155,9.2762,0.98,0.857235,,,1.271933,0.216012,0,0,1,2035.064384
HD 102365_0,HD 102365,1.154,0.024,2.235,6.312,9.3195,1.02,0.843918,,,1.126305,0.182279,0,0,1,2035.065753
HD 102365_1,HD 102365,4.021,0.031,1.113,3.548,9.3195,1.02,0.843918,,,4.145645,0.058529,0,0,1,2035.065753
HD 102365_2,HD 102365,0.113,0.031,0.976,1.053,9.3195,1.02,0.843918,,,0.109526,0.015309,0,0,1,2035.065753
HD 39091_1,HD 39091,3.12,0.028,1.191,1.233,18.2874,1.08,1.533204,,,3.178456,0.080641,0,0,1,2035.067123
HD 39091_2,HD 39091,2.865,0.029,0.677,0.276,18.2874,1.08,1.533204,,,2.784936,0.001828,0,0,1,2035.067123
HD 39091_3,HD 39091,3.55,0.072,1.069,1.542,18.2874,1.08,1.533204,,,3.604999,0.460107,0,0,1,2035.067123
HD 39091_4,HD 39091,4.534,0.027,1.234,2.258,18.2874,1.08,1.533204,,,4.529056,0.695695,0,0,1,2035.067123
HD 39091_5,HD 39091,1.437,0.051,1.31,4.963,18.2874,1.08,1.533204,,,1.504571,0.455567,0,0,1,2035.067123
HD 39091_6,HD 39091,0.67,0.012,2.604,10.642,18.2874,1.08,1.533204,,,0.661982,0.358068,0,0,1,2035.067123
HD 20807_0,HD 20807,0.337,0.072,1.793,2.884,12.0394,1.07,1.016951,,,0.355775,0.390347,0,0,1,2035.068493
HD 20807_1,HD 20807,1.546,0.069,0.954,0.889,12.0394,1.07,1.016951,,,1.635004,0.75519,0,0,1,2035.068493
HD 20807_2,HD 20807,2.979,0.055,2.038,4.205,12.0394,1.07,1.016951,,,3.01023,0.064309,0,0,1,2035.068493
HD 131156 A_0,HD 131156 A,0.922,0.01,2.426,5.907,6.7536,0.96,0.553095,0.13649,225.18533,0.922421,0.330773,1,1,1,2035.069863
HD 131156 A_1,HD 131156 A,1.097,0.147,1.932,11.706,6.7536,0.96,0.553095,0.103555,21.935898,1.134085,0.826541,1,1,1,2035.069863
HD 65907 A_0,HD 65907 A,0.584,0.099,0.585,0.135,16.1718,1.11,1.290031,,,0.537387,0.796415,0,0,1,2035.071233
HD 65907 A_1,HD 65907 A,1.316,0.075,0.982,1.107,16.1718,1.11,1.290031,,,1.413533,0.01988,0,0,1,2035.071233
HD 65907 A_2,HD 65907 A,1.009,0.058,1.202,3.968,16.1718,1.11,1.290031,,,0.952576,0.515213,0,0,1,2035.071233
HD 147513_0,HD 147513,1.541,0.04,0.645,0.275,12.8923,1.07,1.000691,,,1.599572,0.389917,0,0,1,2035.072603
HD 147513_1,HD 147513,1.513,0.099,0.537,0.114,12.8923,1.07,1.000691,,,1.644875,0.5086,0,0,1,2035.072603
HD 147513_2,HD 147513,4.633,0.075,1.379,2.053,12.8923,1.07,1.000691,,,4.331047,0.391914,0,0,1,2035.072603
HD 147513_4,HD 147513,0.196,0.111,0.74,0.193,12.8923,1.07,1.000691,,,0.176596,0.207639,0,0,1,2035.072603
HD 147513_5,HD 147513,4.52,0.075,0.624,0.154,12.8923,1.07,1.000691,,,4.666133,0.494371,0,0,1,2035.072603
HD 147513_6,HD 147513,1.743,0.075,1.796,1.351,12.8923,1.07,1.000691,,,1.612914,0.704278,0,0,1,2035.072603
HD 147513_7,HD 147513,2.47,0.028,0.667,0.198,12.8923,1.07,1.000691,,,2.40589,0.444889,0,0,1,2035.072603
HD 146233_0,HD 146233,0.356,0.047,2.679,19.012,14.1369,1.02,1.094208,,,0.34106,0.701148,0,0,1,2035.073973
HD 146233_1,HD 146233,0.206,0.044,2.032,18.545,14.1369,1.02,1.094208,,,0.203194,0.576302,0,0,1,2035.073973
HD 146233_4,HD 146233,0.539,0.141,1.433,1.238,14.1369,1.02,1.094208,,,0.537499,0.230886,0,0,1,2035.073973
HD 30495_0,HD 30495,1.934,0.08,0.989,0.414,13.24,1.04,0.966273,,,2.088439,0.857383,0,0,1,2035.075342
HD 30495_2,HD 30495,0.416,0.06,1.179,2.305,13.24,1.04,0.966273,,,0.396,0.552157,0,0,1,2035.075342
HD 30495_3,HD 30495,1.848,0.089,0.623,0.192,13.24,1.04,0.966273,,,1.761952,0.831189,0,0,1,2035.075342
HD 50692_0,HD 50692,3.95,0.04,2.831,8.758,17.4047,1.08,1.293302,,,4.002701,0.711382,0,0,1,2035.076712
HD 50692_1,HD 50692,0.28,0.064,0.734,0.338,17.4047,1.08,1.293302,,,0.264286,0.378899,0,0,1,2035.076712
HD 50692_2,HD 50692,0.513,0.081,1.798,3.935,17.4047,1.08,1.293302,,,0.550431,0.562615,0,0,1,2035.076712
HD 50692_3,HD 50692,0.925,0.032,2.849,11.466,17.4047,1.08,1.293302,,,0.906172,0.209462,0,0,1,2035.076712
HD 190360_0,HD 190360,0.922,0.17,1.79,3.607,16.0035,0.96,1.165467,,,1.044559,0.652025,0,0,1,2035.078082
HD 190360_1,HD 190360,3.764,0.081,1.071,4.456,16.0035,0.96,1.165467,,,3.613482,0.268162,0,0,1,2035.078082
HD 190360_3,HD 190360,3.632,0.139,2.733,14.342,16.0035,0.96,1.165467,,,3.952245,0.033792,0,0,1,2035.078082
HD 190360_4,HD 190360,1.735,0.021,0.534,0.11,16.0035,0.96,1.165467,,,1.769266,0.271423,0,0,1,2035.078082
HD 190360_5,HD 190360,0.581,0.08,1.934,4.569,16.0035,0.96,1.165467,,,0.567896,0.040175,0,0,1,2035.078082
HD 136352_0,HD 136352,1.127,0.083,0.501,0.057,14.7391,1.02,1.028964,,,1.219195,0.533849,0,0,1,2035.080822
HD 136352_2,HD 136352,0.995,0.082,1.549,2.6,14.7391,1.02,1.028964,,,0.921376,0.708496,0,0,1,2035.080822
HD 136352_3,HD 136352,3.774,0.069,2.041,2.393,14.7391,1.02,1.028964,,,3.83155,0.421165,0,0,1,2035.080822
HD 136352_4,HD 136352,1.831,0.068,0.826,1.102,14.7391,1.02,1.028964,,,1.939479,0.155661,0,0,1,2035.080822
HD 128621_0,HD 128621,0.181,0.076,0.591,0.143,1.3319,0.94,0.503037,,,0.1684,0.018561,0,0,1,2035.082192
HD 128621_1,HD 128621,3.969,0.152,0.756,0.205,1.3319,0.94,0.503037,,,3.714813,0.306981,0,0,1,2035.082192
HD 128621_3,HD 128621,4.377,0.084,0.667,0.375,1.3319,0.94,0.503037,,,4.649107,0.014281,0,0,1,2035.082192
HD 128621_4,HD 128621,1.135,0.055,1.179,6.717,1.3319,0.94,0.503037,,,1.171918,0.283284,0,0,1,2035.082192
HD 101501_3,HD 101501,0.112,0.069,1.262,2.632,9.5762,0.94,0.608976,,,0.118979,0.527311,0,0,1,2035.083562
HD 101501_7,HD 101501,0.888,0.054,0.887,0.375,9.5762,0.94,0.608976,,,0.935095,0.021058,0,0,1,2035.083562
HD 20766_0,HD 20766,1.336,0.161,1.674,2.568,12.0447,1.01,0.794328,,,1.354492,0.128728,0,0,1,2035.084932
HD 20766_1,HD 20766,0.327,0.097,2.659,5.834,12.0447,1.01,0.794328,,,0.314704,0.313627,0,0,1,2035.084932
HD 20766_4,HD 20766,1.915,0.031,0.912,0.627,12.0447,1.01,0.794328,,,1.877596,0.869119,0,0,1,2035.084932
HD 72905_1,HD 72905,0.661,0.069,0.5,0.066,14.4388,1.08,0.973195,,,0.61748,0.01016,0,0,1,2035.086301
HD 72905_3,HD 72905,0.899,0.099,2.776,7.831,14.4388,1.08,0.973195,,,0.82183,0.777943,0,0,1,2035.086301
HD 72905_4,HD 72905,0.923,0.214,1.407,1.443,14.4388,1.08,0.973195,,,0.837523,0.933415,0,0,1,2035.086301
HD 72905_5,HD 72905,3.175,0.086,0.525,0.102,14.4388,1.08,0.973195,,,2.973245,0.044585,0,0,1,2035.086301
HD 156274 A_3,HD 156274 A,4.433,0.138,1.608,7.03,8.7911,0.9,0.451648,,,4.856373,0.229612,0,0,1,2035.087671
HD 4391_0,HD 4391,0.363,0.182,1.471,2.315,15.0487,0.98,0.923422,,,0.427329,0.065244,0,0,1,2035.089041
HD 4391_1,HD 4391,1.544,0.114,0.614,0.238,15.0487,0.98,0.923422,,,1.590838,0.884921,0,0,1,2035.089041
HD 4391_2,HD 4391,0.361,0.058,0.863,0.585,15.0487,0.98,0.923422,,,0.362982,0.428974,0,0,1,2035.089041
HD 4391_3,HD 4391,0.102,0.064,0.942,0.594,15.0487,0.98,0.923422,,,0.095596,0.082802,0,0,1,2035.089041
HD 4391_4,HD 4391,0.526,0.038,2.712,6.312,15.0487,0.98,0.923422,,,0.531768,0.880126,0,0,1,2035.089041
HD 10780_0,HD 10780,0.841,0.11,1.077,1.419,10.0411,0.9,0.515941,,,0.764124,0.539091,0,0,1,2035.090411
HD 10780_3,HD 10780,2.25,0.098,1.348,1.373,10.0411,0.9,0.515941,,,2.190669,0.766001,0,0,1,2035.090411
HD 10780_4,HD 10780,2.669,0.102,2.513,5.195,10.0411,0.9,0.515941,,,2.418073,0.259259,0,0,1,2035.090411
HD 140538 A_0,HD 140538 A,2.088,0.047,0.685,0.566,14.7927,0.94,0.834065,,,2.151592,0.97951,0,0,1,2035.091781
HD 140538 A_1,HD 140538 A,0.512,0.053,2.798,25.412,14.7927,0.94,0.834065,,,0.539023,0.236768,0,0,1,2035.091781
HD 140538 A_2,HD 140538 A,4.137,0.053,0.916,0.811,14.7927,0.94,0.834065,,,4.109786,0.475588,0,0,1,2035.091781
HD 165341 A_0,HD 165341 A,3.482,0.036,1.359,6.662,5.1133,0.88,0.531741,,,3.424196,0.007561,0,0,1,2035.093151
HD 165341 A_2,HD 165341 A,0.277,0.022,2.947,11.466,5.1133,0.88,0.531741,,,0.27125,0.237888,0,0,1,2035.093151
HD 165341 A_3,HD 165341 A,0.642,0.027,1.615,4.051,5.1133,0.88,0.531741,0.094437,23.741628,0.659096,0.736909,1,1,1,2035.093151
HD 166_0,HD 166,1.592,0.09,1.08,1.198,13.7662,0.94,0.647292,,,1.709496,0.653787,0,0,1,2035.094521
HD 166_1,HD 166,0.635,0.021,0.515,0.133,13.7662,0.94,0.647292,,,0.629807,0.215634,0,0,1,2035.094521
HD 26965 A_1,HD 26965 A,0.482,0.058,1.38,6.418,5.0098,0.86,0.409732,,,0.508945,0.109486,0,0,1,2035.09589
HD 26965 A_2,HD 26965 A,0.345,0.049,0.5,0.068,5.0098,0.86,0.409732,,,0.3619,0.103952,0,0,1,2035.09589
HD 185144_1,HD 185144,0.747,0.07,0.5,0.055,5.7639,0.87,0.43411,,,0.721971,0.005372,0,0,1,2035.09726
HD 185144_3,HD 185144,0.688,0.135,2.317,4.531,5.7639,0.87,0.43411,,,0.649369,0.450212,0,0,1,2035.09726
HD 209100_0,HD 209100,2.433,0.127,0.524,0.06,3.6384,0.72,0.22182,,,2.229584,0.792618,0,0,1,2035.09863
HD 209100_1,HD 209100,1.218,0.094,0.54,0.062,3.6384,0.72,0.22182,,,1.194019,0.839077,0,0,1,2035.09863
HD 209100_2,HD 209100,0.989,0.073,1.925,6.418,3.6384,0.72,0.22182,,,1.061197,0.361756,0,0,1,2035.09863
HD 209100_4,HD 209100,3.542,0.022,2.632,11.231,3.6384,0.72,0.22182,,,3.497074,0.507982,0,0,1,2035.09863
HD 209100_5,HD 209100,0.635,0.076,0.931,0.561,3.6384,0.72,0.22182,,,0.650114,0.55652,0,0,1,2035.09863
HD 209100_6,HD 209100,1.701,0.082,0.885,0.458,3.6384,0.72,0.22182,,,1.723784,0.012407,0,0,1,2035.09863
HD 209100_8,HD 209100,2.097,0.099,2.488,5.392,3.6384,0.72,0.22182,,,1.900466,0.700276,0,0,1,2035.09863
HD 209100_9,HD 209100,0.782,0.071,2.297,7.389,3.6384,0.72,0.22182,,,0.803321,0.310476,0,0,1,2035.09863
HD 209100_10,HD 209100,0.182,0.056,2.026,3.984,3.6384,0.72,0.22182,,,0.182825,0.191702,0,0,1,2035.09863
HD 209100_11,HD 209100,0.917,0.107,1.174,1.243,3.6384,0.72,0.22182,,,0.87646,0.102771,0,0,1,2035.09863
HD 201091_1,HD 201091,1.051,0.108,0.699,0.561,3.4966,0.68,0.142364,,,1.164367,0.336567,0,0,1,2035.1
HD 201091_2,HD 201091,2.964,0.153,0.94,0.635,3.4966,0.68,0.142364,,,2.592114,0.007217,0,0,1,2035.1
HD 201091_4,HD 201091,2.241,0.067,3.013,5.907,3.4966,0.68,0.142364,,,2.370511,0.008451,0,0,1,2035.1
HD 155885_0,HD 155885,0.424,0.016,1.08,4.862,5.9478,0.85,0.332047,,,0.430303,0.815041,0,0,1,2035.10137
HD 155885_1,HD 155885,0.125,0.137,2.355,2.721,5.9478,0.85,0.332047,,,0.123686,0.7802,0,0,1,2035.10137
HD 155885_4,HD 155885,2.293,0.052,0.991,1.006,5.9478,0.85,0.332047,,,2.377334,0.790497,0,0,1,2035.10137
HD 155886_1,HD 155886,0.511,0.064,0.698,0.247,5.9523,0.85,0.327491,,,0.528535,0.2274,0,0,1,2035.10274
HD 155886_2,HD 155886,0.232,0.069,1.589,5.691,5.9523,0.85,0.327491,,,0.247151,0.923245,0,0,1,2035.10274
HD 155886_3,HD 155886,1.253,0.044,2.915,5.37,5.9523,0.85,0.327491,,,1.272906,0.175257,0,0,1,2035.10274
HD 155886_4,HD 155886,0.305,0.028,0.94,1.414,5.9523,0.85,0.327491,,,0.31349,0.270753,0,0,1,2035.10274
HD 155886_5,HD 155886,0.201,0.128,1.339,1.367,5.9523,0.85,0.327491,,,0.178332,0.36139,0,0,1,2035.10274
HD 155886_6,HD 155886,0.316,0.044,0.948,1.621,5.9523,0.85,0.327491,,,0.317066,0.245542,0,0,1,2035.10274
HD 155886_7,HD 155886,0.59,0.079,3.352,4.512,5.9523,0.85,0.327491,0.094286,275.208883,0.600212,0.537373,1,1,1,2035.10274
HD 155886_8,HD 155886,3.879,0.087,2.635,17.572,5.9523,0.85,0.327491,,,4.144625,0.199757,0,0,1,2035.10274
HD 10476_0,HD 10476,0.171,0.07,0.738,0.194,7.6439,0.85,0.453524,,,0.175439,0.913386,0,0,1,2035.10411
HD 201092_1,HD 201092,2.708,0.059,2.37,8.333,3.4964,0.63,0.077786,,,2.586761,0.410397,0,0,1,2035.105479
HD 165341 B_1,HD 165341 B,1.256,0.089,0.5,0.079,5.1225,0.78,0.164324,,,1.21782,0.071488,0,0,1,2035.106849
HD 165341 B_2,HD 165341 B,4.082,0.042,1.247,1.843,5.1225,0.78,0.164324,,,4.210083,0.025077,0,0,1,2035.106849
HD 165341 B_3,HD 165341 B,0.1,0.077,0.528,0.138,5.1225,0.78,0.164324,,,0.106237,0.315155,0,0,1,2035.106849
HD 165341 B_4,HD 165341 B,0.76,0.117,1.137,2.589,5.1225,0.78,0.164324,,,0.843917,0.001259,0,0,1,2035.106849
HD 131977_0,HD 131977,2.114,0.033,1.305,2.166,5.8864,0.72,0.222536,,,2.10288,0.659083,0,0,1,2035.108219
HD 219134_0,HD 219134,1.298,0.068,3.021,3.577,6.5418,0.75,0.265889,,,1.21931,0.036573,0,0,1,2035.109589
HD 219134_1,HD 219134,0.107,0.06,0.589,0.095,6.5418,0.75,0.265889,,,0.112613,0.164113,0,0,1,2035.109589
HD 219134_2,HD 219134,0.475,0.085,1.279,1.562,6.5418,0.75,0.265889,,,0.435847,0.059541,0,0,1,2035.109589
HD 219134_3,HD 219134,2.999,0.067,1.913,2.632,6.5418,0.75,0.265889,,,2.878712,0.217214,0,0,1,2035.109589
HD 219134_4,HD 219134,0.285,0.083,1.716,1.696,6.5418,0.75,0.265889,,,0.296657,0.358813,0,0,1,2035.109589
HD 219134_5,HD 219134,1.823,0.052,1.09,1.858,6.5418,0.75,0.265889,,,1.878512,0.782172,0,0,1,2035.109589
HD 219134_7,HD 219134,0.986,0.056,2.277,3.252,6.5418,0.75,0.265889,,,1.014415,0.107836,0,0,1,2035.109589
HD 88230_0,HD 88230,1.858,0.024,1.413,2.053,4.8706,0.63,0.102754,,,1.834611,0.765827,0,0,1,2035.110959
HD 88230_1,HD 88230,0.369,0.102,2.613,5.786,4.8706,0.63,0.102754,,,0.333597,0.825175,0,0,1,2035.110959
HD 88230_2,HD 88230,0.941,0.058,0.511,0.071,4.8706,0.63,0.102754,,,0.992436,0.789521,0,0,1,2035.110959
HD 88230_3,HD 88230,1.397,0.055,1.541,1.79,4.8706,0.63,0.102754,,,1.463878,0.730811,0,0,1,2035.110959
HD 88230_4,HD 88230,0.683,0.12,0.831,1.323,4.8706,0.63,0.102754,,,0.744164,0.005892,0,0,1,2035.110959
HD 88230_5,HD 88230,2.552,0.09,1.594,5.37,4.8706,0.63,0.102754,,,2.721641,0.625202,0,0,1,2035.110959
HD 88230_6,HD 88230,2.842,0.103,0.661,0.236,4.8706,0.63,0.102754,,,2.956326,0.024455,0,0,1,2035.110959
HD 4628_0,HD 4628,0.299,0.054,1.741,3.577,7.4352,0.78,0.300193,,,0.28466,0.29605,0,0,1,2035.112329
HD 4628_1,HD 4628,4.258,0.031,1.273,2.113,7.4352,0.78,0.300193,,,4.24406,0.02083,0,0,1,2035.112329
HD 4628_4,HD 4628,4.069,0.034,0.981,0.978,7.4352,0.78,0.300193,,,4.206696,0.286236,0,0,1,2035.112329
HD 4628_5,HD 4628,3.681,0.025,0.897,0.907,7.4352,0.78,0.300193,,,3.595787,0.329683,0,0,1,2035.112329
HD 4628_6,HD 4628,1.476,0.055,1.942,3.279,7.4352,0.78,0.300193,,,1.416446,0.17731,0,0,1,2035.112329
HD 192310_0,HD 192310,1.267,0.07,0.641,3.225,8.8116,0.77,0.404017,,,1.216677,0.016008,0,0,1,2035.113699
HD 192310_1,HD 192310,1.472,0.082,2.73,38.464,8.8116,0.77,0.404017,,,1.585884,0.101313,0,0,1,2035.113699
HD 192310_2,HD 192310,0.631,0.109,2.544,7.928,8.8116,0.77,0.404017,0.066295,69.189627,0.647609,0.583808,1,1,1,2035.113699
HD 192310_3,HD 192310,0.091,0.084,2.458,9.634,8.8116,0.77,0.404017,,,0.097305,0.767107,0,0,1,2035.113699
HD 10360_0,HD 10360,0.111,0.132,2.009,2.79,8.1894,0.78,0.345382,,,0.119747,0.245486,0,0,1,2035.115068
HD 10360_1,HD 10360,0.559,0.036,0.525,0.157,8.1894,0.78,0.345382,,,0.573158,0.951351,0,0,1,2035.115068
HD 10360_2,HD 10360,3.873,0.13,2.182,6.634,8.1894,0.78,0.345382,,,3.389219,0.252765,0,0,1,2035.115068
HD 10360_4,HD 10360,0.185,0.028,3.239,14.522,8.1894,0.78,0.345382,,,0.180663,0.696415,0,0,1,2035.115068
HD 10360_5,HD 10360,2.33,0.067,0.679,0.262,8.1894,0.78,0.345382,,,2.486108,0.468905,0,0,1,2035.115068
HD 156026_0,HD 156026,3.18,0.093,3.171,12.457,5.9537,0.68,0.157507,,,3.297668,0.393185,0,0,1,2035.116438
HD 156026_1,HD 156026,0.564,0.081,0.509,0.104,5.9537,0.68,0.157507,,,0.608131,0.145119,0,0,1,2035.116438
HD 156026_2,HD 156026,0.423,0.044,0.607,0.161,5.9537,0.68,0.157507,,,0.414256,0.374458,0,0,1,2035.116438
HD 156026_3,HD 156026,1.001,0.06,2.318,6.886,5.9537,0.68,0.157507,,,1.02606,0.61042,0,0,1,2035.116438
HD 156026_5,HD 156026,1.693,0.124,2.972,18.392,5.9537,0.68,0.157507,,,1.857965,0.482395,0,0,1,2035.116438
HD 149661_2,HD 149661,2.991,0.073,1.285,1.48,9.8939,0.87,0.462168,,,3.134611,0.424946,0,0,1,2035.117808
HD 149661_3,HD 149661,2.364,0.065,0.7,0.369,9.8939,0.87,0.462168,,,2.379681,0.054531,0,0,1,2035.117808
HD 149661_5,HD 149661,3.155,0.051,2.936,10.042,9.8939,0.87,0.462168,,,3.001196,0.533608,0,0,1,2035.117808
HD 10361_1,HD 10361,0.761,0.025,1.303,1.111,8.1965,0.77,0.303879,,,0.756265,0.304745,0,0,1,2035.119178
HD 10361_2,HD 10361,0.985,0.066,0.785,0.305,8.1965,0.77,0.303879,,,0.97254,0.206972,0,0,1,2035.119178
HD 10361_3,HD 10361,1.525,0.07,0.586,0.106,8.1965,0.77,0.303879,,,1.618939,0.639432,0,0,1,2035.119178
HD 10361_4,HD 10361,4.037,0.084,0.501,0.078,8.1965,0.77,0.303879,,,3.918538,0.483836,0,0,1,2035.119178
HD 3651 A_0,HD 3651 A,0.818,0.09,1.086,1.01,11.1081,0.86,0.531986,,,0.744387,0.351286,0,0,1,2035.120548
HD 3651 A_3,HD 3651 A,0.106,0.12,3.284,4.001,11.1081,0.86,0.531986,,,0.094771,0.250235,0,0,1,2035.120548
HD 3651 A_5,HD 3651 A,0.552,0.025,0.534,0.183,11.1081,0.86,0.531986,,,0.550571,0.935505,0,0,1,2035.120548
HD 100623 A_0,HD 100623 A,4.014,0.105,2.503,3.348,9.559,0.88,0.369999,,,4.307001,0.565168,0,0,1,2035.121918
HD 100623 A_2,HD 100623 A,0.102,0.086,0.559,0.126,9.559,0.88,0.369999,,,0.109265,0.641995,0,0,1,2035.121918
HD 100623 A_3,HD 100623 A,4.384,0.075,1.441,2.296,9.559,0.88,0.369999,,,4.678628,0.904892,0,0,1,2035.121918
HD 100623 A_4,HD 100623 A,2.524,0.072,0.66,0.245,9.559,0.88,0.369999,,,2.464816,0.126831,0,0,1,2035.121918
HD 100623 A_5,HD 100623 A,4.18,0.038,0.734,0.268,9.559,0.88,0.369999,,,4.164076,0.424875,0,0,1,2035.121918
HD 100623 A_6,HD 100623 A,0.362,0.165,0.555,0.159,9.559,0.88,0.369999,,,0.411036,0.03404,0,0,1,2035.121918
HD 100623 A_7,HD 100623 A,4.073,0.068,1.365,2.334,9.559,0.88,0.369999,,,3.813154,0.021307,0,0,1,2035.121918
HD 216803_1,HD 216803,3.539,0.087,2.035,4.943,7.6015,0.72,0.196336,,,3.81158,0.536607,0,0,1,2035.123288
HD 216803_3,HD 216803,0.104,0.044,0.893,0.59,7.6015,0.72,0.196336,,,0.099455,0.520441,0,0,1,2035.123288
HD 216803_4,HD 216803,2.738,0.038,2.631,20.064,7.6015,0.72,0.196336,0.140716,358.199558,2.789353,0.932502,1,1,1,2035.123288
HD 216803_5,HD 216803,0.109,0.06,0.686,0.28,7.6015,0.72,0.196336,,,0.110552,0.621612,0,0,1,2035.123288
HD 216803_6,HD 216803,0.431,0.071,1.431,2.884,7.6015,0.72,0.196336,,,0.441505,0.094353,0,0,1,2035.123288
HD 32147_1,HD 32147,0.121,0.122,1.044,1.198,8.844,0.75,0.290202,,,0.106532,0.231643,0,0,1,2035.124658
HD 32147_2,HD 32147,3.272,0.062,1.942,4.24,8.844,0.75,0.290202,,,3.474063,0.464863,0,0,1,2035.124658
HD 17925_0,HD 17925,1.472,0.037,0.676,0.225,10.3605,0.82,0.400959,,,1.523012,0.14823,0,0,1,2035.126027
HD 17925_2,HD 17925,0.735,0.099,0.938,0.418,10.3605,0.82,0.400959,,,0.71268,0.017545,0,0,1,2035.126027
HD 17925_3,HD 17925,0.561,0.086,1.065,1.168,10.3605,0.82,0.400959,,,0.560594,0.121727,0,0,1,2035.126027
HD 17925_4,HD 17925,0.848,0.062,1.424,9.166,10.3605,0.82,0.400959,,,0.868192,0.096012,0,0,1,2035.126027
HD 17925_6,HD 17925,3.618,0.076,0.719,0.34,10.3605,0.82,0.400959,,,3.627523,0.367098,0,0,1,2035.126027
HD 37394_0,HD 37394,1.839,0.051,0.552,0.13,12.2701,0.88,0.477639,,,1.888596,0.792537,0,0,1,2035.128767
HD 37394_1,HD 37394,0.501,0.058,1.934,3.563,12.2701,0.88,0.477639,,,0.472006,0.04313,0,0,1,2035.128767
HD 37394_3,HD 37394,1.245,0.044,1.502,1.233,12.2701,0.88,0.477639,,,1.244742,0.268606,0,0,1,2035.128767
HD 37394_5,HD 37394,0.152,0.102,1.111,2.258,12.2701,0.88,0.477639,,,0.141133,0.068239,0,0,1,2035.128767
HD 37394_9,HD 37394,0.863,0.077,0.726,0.225,12.2701,0.88,0.477639,,,0.815437,0.480744,0,0,1,2035.128767
HD 37394_10,HD 37394,0.093,0.059,3.205,17.212,12.2701,0.88,0.477639,,,0.092481,0.991588,0,0,1,2035.128767
HD 37394_11,HD 37394,1.171,0.065,2.415,3.446,12.2701,0.88,0.477639,,,1.229684,0.24322,0,0,1,2035.128767
HD 37394_15,HD 37394,0.222,0.142,1.093,1.517,12.2701,0.88,0.477639,,,0.247354,0.573406,0,0,1,2035.128767
HD 37394_16,HD 37394,2.623,0.055,2.621,11.231,12.2701,0.88,0.477639,,,2.561925,0.433134,0,0,1,2035.128767
HD 95735_0,HD 95735,0.673,0.041,0.901,0.885,2.5461,0.44,0.019934,,,0.686651,0.280467,0,0,1,2035.130137
HD 95735_2,HD 95735,0.392,0.078,0.638,0.142,2.5461,0.44,0.019934,0.114001,260.052578,0.419396,0.764037,1,1,1,2035.130137
HD 95735_3,HD 95735,0.164,0.146,0.847,0.374,2.5461,0.44,0.019934,0.068324,259.842168,0.164691,0.333092,1,1,1,2035.130137
HD 95735_4,HD 95735,2.481,0.023,1.454,1.218,2.5461,0.44,0.019934,,,2.506108,0.744652,0,0,1,2035.130137
HD 95735_6,HD 95735,0.163,0.047,1.008,1.443,2.5461,0.44,0.019934,,,0.156628,0.603598,0,0,1,2035.130137
HD 217987_0,HD 217987,3.278,0.032,3.1,13.147,3.2871,0.49,0.036492,,,3.265909,0.194188,0,0,1,2035.131507
HD 217987_1,HD 217987,0.104,0.158,2.049,3.903,3.2871,0.49,0.036492,,,0.088789,0.384714,0,0,1,2035.131507
HD 202560_0,HD 202560,0.846,0.075,1.59,2.403,3.9696,0.59,0.083004,0.076507,82.909594,0.805077,0.929886,1,1,1,2035.132877
HD 202560_1,HD 202560,0.552,0.052,0.674,0.254,3.9696,0.59,0.083004,,,0.523306,0.250674,0,0,1,2035.132877
HD 202560_3,HD 202560,0.867,0.117,1.589,2.676,3.9696,0.59,0.083004,,,0.96222,0.455485,0,0,1,2035.132877
HD 202560_4,HD 202560,2.302,0.14,0.558,0.068,3.9696,0.59,0.083004,,,2.24723,0.113398,0,0,1,2035.132877
HD 202560_5,HD 202560,3.244,0.082,0.847,0.514,3.9696,0.59,0.083004,,,3.466841,0.07822,0,0,1,2035.132877
HD 202560_6,HD 202560,0.414,0.085,0.785,0.353,3.9696,0.59,0.083004,,,0.44818,0.329702,0,0,1,2035.132877
HD 201092_1,HD 201092,2.708,0.059,2.37,8.333,3.4964,0.63,0.077786,,,2.580047,0.385503,0,0,2,2035.162773
HD 217987_0,HD 217987,3.278,0.032,3.1,13.147,3.2871,0.49,0.036492,,,3.268767,0.193037,0,0,2,2035.168333
HD 217987_1,HD 217987,0.104,0.158,2.049,3.903,3.2871,0.49,0.036492,,,0.099386,0.058532,0,0,2,2035.168333
HD 88230_0,HD 88230,1.858,0.024,1.413,2.053,4.8706,0.63,0.102754,,,1.840161,0.768517,0,0,2,2035.181555
HD 88230_1,HD 88230,0.369,0.102,2.613,5.786,4.8706,0.63,0.102754,0.073426,127.183356,0.360951,0.451042,1,1,2,2035.181555
HD 88230_2,HD 88230,0.941,0.058,0.511,0.071,4.8706,0.63,0.102754,,,0.982448,0.917202,0,0,2,2035.181555
HD 88230_3,HD 88230,1.397,0.055,1.541,1.79,4.8706,0.63,0.102754,,,1.454827,0.697457,0,0,2,2035.181555
HD 88230_4,HD 88230,0.683,0.12,0.831,1.323,4.8706,0.63,0.102754,,,0.70366,0.066223,0,0,2,2035.181555
HD 88230_5,HD 88230,2.552,0.09,1.594,5.37,4.8706,0.63,0.102754,,,2.70853,0.602057,0,0,2,2035.181555
HD 88230_6,HD 88230,2.842,0.103,0.661,0.236,4.8706,0.63,0.102754,,,2.974998,0.021576,0,0,2,2035.181555
HD 95735_0,HD 95735,0.673,0.041,0.901,0.885,2.5461,0.44,0.019934,,,0.694706,0.138295,0,0,2,2035.182925
HD 95735_2,HD 95735,0.392,0.078,0.638,0.142,2.5461,0.44,0.019934,,,0.399714,0.988076,0,1,2,2035.182925
HD 95735_3,HD 95735,0.164,0.146,0.847,0.374,2.5461,0.44,0.019934,0.065111,102.659958,0.166088,0.223336,1,2,2,2035.182925
HD 95735_4,HD 95735,2.481,0.023,1.454,1.218,2.5461,0.44,0.019934,,,2.503213,0.715107,0,0,2,2035.182925
HD 95735_6,HD 95735,0.163,0.047,1.008,1.443,2.5461,0.44,0.019934,,,0.170227,0.047513,0,0,2,2035.182925
HD 201091_1,HD 201091,1.051,0.108,0.699,0.561,3.4966,0.68,0.142364,,,1.158487,0.402648,0,0,2,2035.186775
HD 201091_2,HD 201091,2.964,0.153,0.94,0.635,3.4966,0.68,0.142364,,,2.567796,0.011049,0,0,2,2035.186775
HD 201091_4,HD 201091,2.241,0.067,3.013,5.907,3.4966,0.68,0.142364,,,2.35985,0.01007,0,0,2,2035.186775
HD 165341 B_1,HD 165341 B,1.256,0.089,0.5,0.079,5.1225,0.78,0.164324,,,1.257389,0.05278,0,0,2,2035.197075
HD 165341 B_2,HD 165341 B,4.082,0.042,1.247,1.843,5.1225,0.78,0.164324,,,4.21656,0.029312,0,0,2,2035.197075
HD 165341 B_3,HD 165341 B,0.1,0.077,0.528,0.138,5.1225,0.78,0.164324,,,0.094443,0.441295,0,0,2,2035.197075
HD 165341 B_4,HD 165341 B,0.76,0.117,1.137,2.589,5.1225,0.78,0.164324,,,0.805685,0.015099,0,0,2,2035.197075
HD 217987_0,HD 217987,3.278,0.032,3.1,13.147,3.2871,0.49,0.036492,,,3.271629,0.191975,0,0,3,2035.205159
HD 217987_1,HD 217987,0.104,0.158,2.049,3.903,3.2871,0.49,0.036492,,,0.118632,0.271868,0,0,3,2035.205159
HD 156026_0,HD 156026,3.18,0.093,3.171,12.457,5.9537,0.68,0.157507,,,3.319552,0.432107,0,0,2,2035.210048
HD 156026_1,HD 156026,0.564,0.081,0.509,0.104,5.9537,0.68,0.157507,,,0.595643,0.006286,0,0,2,2035.210048
HD 156026_2,HD 156026,0.423,0.044,0.607,0.161,5.9537,0.68,0.157507,,,0.440645,0.005237,0,0,2,2035.210048
HD 156026_3,HD 156026,1.001,0.06,2.318,6.886,5.9537,0.68,0.157507,,,1.04795,0.426729,0,0,2,2035.210048
HD 156026_5,HD 156026,1.693,0.124,2.972,18.392,5.9537,0.68,0.157507,,,1.880414,0.532611,0,0,2,2035.210048
HD 209100_0,HD 209100,2.433,0.127,0.524,0.06,3.6384,0.72,0.22182,,,2.274121,0.69204,0,0,2,2035.216238
HD 209100_1,HD 209100,1.218,0.094,0.54,0.062,3.6384,0.72,0.22182,,,1.24683,0.81357,0,0,2,2035.216238
HD 209100_2,HD 209100,0.989,0.073,1.925,6.418,3.6384,0.72,0.22182,,,1.048699,0.581861,0,0,2,2035.216238
HD 209100_4,HD 209100,3.542,0.022,2.632,11.231,3.6384,0.72,0.22182,,,3.491217,0.554228,0,0,2,2035.216238
HD 209100_5,HD 209100,0.635,0.076,0.931,0.561,3.6384,0.72,0.22182,,,0.595766,0.188314,0,0,2,2035.216238
HD 209100_6,HD 209100,1.701,0.082,0.885,0.458,3.6384,0.72,0.22182,,,1.684584,0.001374,0,0,2,2035.216238
HD 209100_8,HD 209100,2.097,0.099,2.488,5.392,3.6384,0.72,0.22182,,,1.920536,0.799244,0,0,2,2035.216238
HD 209100_9,HD 209100,0.782,0.071,2.297,7.389,3.6384,0.72,0.22182,,,0.754587,0.097885,0,0,2,2035.216238
HD 209100_10,HD 209100,0.182,0.056,2.026,3.984,3.6384,0.72,0.22182,,,0.171941,0.374994,0,0,2,2035.216238
HD 209100_11,HD 209100,0.917,0.107,1.174,1.243,3.6384,0.72,0.22182,,,0.825579,0.29353,0,0,2,2035.216238
HD 201092_1,HD 201092,2.708,0.059,2.37,8.333,3.4964,0.63,0.077786,,,2.573896,0.360812,0,0,3,2035.220067
HD 131977_0,HD 131977,2.114,0.033,1.305,2.166,5.8864,0.72,0.222536,,,2.117129,0.63931,0,0,2,2035.226111
HD 95735_0,HD 95735,0.673,0.041,0.901,0.885,2.5461,0.44,0.019934,,,0.699546,0.051554,0,0,3,2035.236385
HD 95735_2,HD 95735,0.392,0.078,0.638,0.142,2.5461,0.44,0.019934,0.129532,94.772113,0.373085,0.63758,1,2,3,2035.236385
HD 95735_3,HD 95735,0.164,0.146,0.847,0.374,2.5461,0.44,0.019934,0.066028,239.367649,0.173532,0.255349,1,3,3,2035.236385
HD 95735_4,HD 95735,2.481,0.023,1.454,1.218,2.5461,0.44,0.019934,,,2.500207,0.684368,0,0,3,2035.236385
HD 95735_6,HD 95735,0.163,0.047,1.008,1.443,2.5461,0.44,0.019934,,,0.155383,0.852048,0,0,3,2035.236385
HD 219134_0,HD 219134,1.298,0.068,3.021,3.577,6.5418,0.75,0.265889,,,1.209845,0.070904,0,0,2,2035.241596
HD 219134_1,HD 219134,0.107,0.06,0.589,0.095,6.5418,0.75,0.265889,,,0.108764,0.823114,0,0,2,2035.241596
HD 219134_2,HD 219134,0.475,0.085,1.279,1.562,6.5418,0.75,0.265889,0.063439,3.112661,0.506678,0.682023,1,1,2,2035.241596
HD 219134_3,HD 219134,2.999,0.067,1.913,2.632,6.5418,0.75,0.265889,,,2.90296,0.277029,0,0,2,2035.241596
HD 219134_4,HD 219134,0.285,0.083,1.716,1.696,6.5418,0.75,0.265889,,,0.306697,0.395377,0,0,2,2035.241596
HD 219134_5,HD 219134,1.823,0.052,1.09,1.858,6.5418,0.75,0.265889,,,1.85467,0.764335,0,0,2,2035.241596
HD 219134_7,HD 219134,0.986,0.056,2.277,3.252,6.5418,0.75,0.265889,,,0.975802,0.12903,0,0,2,2035.241596
HD 217987_0,HD 217987,3.278,0.032,3.1,13.147,3.2871,0.49,0.036492,,,3.274569,0.190977,0,0,4,2035.242966
HD 217987_1,HD 217987,0.104,0.158,2.049,3.903,3.2871,0.49,0.036492,,,0.116679,0.614912,0,0,4,2035.242966
HD 202560_0,HD 202560,0.846,0.075,1.59,2.403,3.9696,0.59,0.083004,0.109652,333.976678,0.783025,0.851297,1,2,2,2035.24572
HD 202560_1,HD 202560,0.552,0.052,0.674,0.254,3.9696,0.59,0.083004,,,0.545813,0.343952,0,0,2,2035.24572
HD 202560_3,HD 202560,0.867,0.117,1.589,2.676,3.9696,0.59,0.083004,,,0.96521,0.489652,0,0,2,2035.24572
HD 202560_4,HD 202560,2.302,0.14,0.558,0.068,3.9696,0.59,0.083004,,,2.196847,0.111513,0,0,2,2035.24572
HD 202560_5,HD 202560,3.244,0.082,0.847,0.514,3.9696,0.59,0.083004,,,3.478629,0.079664,0,0,2,2035.24572
HD 202560_6,HD 202560,0.414,0.085,0.785,0.353,3.9696,0.59,0.083004,,,0.392259,0.198027,0,0,2,2035.24572
HD 10700_0,HD 10700,1.625,0.099,0.563,0.132,3.6522,0.94,0.505708,,,1.751211,0.369657,0,0,2,2035.247133
HD 155885_0,HD 155885,0.424,0.016,1.08,4.862,5.9478,0.85,0.332047,,,0.417582,0.035563,0,0,2,2035.248503
HD 155885_1,HD 155885,0.125,0.137,2.355,2.721,5.9478,0.85,0.332047,,,0.130493,0.898524,0,0,2,2035.248503
HD 155885_4,HD 155885,2.293,0.052,0.991,1.006,5.9478,0.85,0.332047,,,2.394697,0.73494,0,0,2,2035.248503
HD 4628_0,HD 4628,0.299,0.054,1.741,3.577,7.4352,0.78,0.300193,,,0.291142,0.000107,0,0,2,2035.254105
HD 4628_1,HD 4628,4.258,0.031,1.273,2.113,7.4352,0.78,0.300193,,,4.232323,0.014541,0,0,2,2035.254105
HD 4628_4,HD 4628,4.069,0.034,0.981,0.978,7.4352,0.78,0.300193,,,4.204863,0.284988,0,0,2,2035.254105
HD 4628_5,HD 4628,3.681,0.025,0.897,0.907,7.4352,0.78,0.300193,,,3.592385,0.274433,0,0,2,2035.254105
HD 4628_6,HD 4628,1.476,0.055,1.942,3.279,7.4352,0.78,0.300193,,,1.446576,0.382666,0,0,2,2035.254105
HD 10361_1,HD 10361,0.761,0.025,1.303,1.111,8.1965,0.77,0.303879,,,0.742071,0.022877,0,0,2,2035.263184
HD 10361_2,HD 10361,0.985,0.066,0.785,0.305,8.1965,0.77,0.303879,,,0.929059,0.623206,0,0,2,2035.263184
HD 10361_3,HD 10361,1.525,0.07,0.586,0.106,8.1965,0.77,0.303879,,,1.631223,0.56954,0,0,2,2035.263184
HD 10361_4,HD 10361,4.037,0.084,0.501,0.078,8.1965,0.77,0.303879,,,3.950991,0.426135,0,0,2,2035.263184
HD 32147_1,HD 32147,0.121,0.122,1.044,1.198,8.844,0.75,0.290202,,,0.109224,0.460922,0,0,2,2035.265617
HD 32147_2,HD 32147,3.272,0.062,1.942,4.24,8.844,0.75,0.290202,,,3.470365,0.518115,0,0,2,2035.265617
HD 26965 A_1,HD 26965 A,0.482,0.058,1.38,6.418,5.0098,0.86,0.409732,0.072445,297.877704,0.454277,0.651994,1,1,2,2035.266987
HD 26965 A_2,HD 26965 A,0.345,0.049,0.5,0.068,5.0098,0.86,0.409732,,,0.349859,0.16805,0,0,2,2035.266987
HD 156274 A_3,HD 156274 A,4.433,0.138,1.608,7.03,8.7911,0.9,0.451648,,,4.900262,0.190701,0,0,2,2035.268357
HD 128621_0,HD 128621,0.181,0.076,0.591,0.143,1.3319,0.94,0.503037,0.1061,1.411524,0.189525,0.737821,1,1,2,2035.272404
HD 128621_1,HD 128621,3.969,0.152,0.756,0.205,1.3319,0.94,0.503037,,,3.802208,0.357189,0,0,2,2035.272404
HD 128621_3,HD 128621,4.377,0.084,0.667,0.375,1.3319,0.94,0.503037,,,4.676486,0.008456,0,0,2,2035.272404
HD 128621_4,HD 128621,1.135,0.055,1.179,6.717,1.3319,0.94,0.503037,,,1.19741,0.111737,0,0,2,2035.272404
HD 10360_0,HD 10360,0.111,0.132,2.009,2.79,8.1894,0.78,0.345382,,,0.100894,0.105843,0,0,2,2035.273773
HD 10360_1,HD 10360,0.559,0.036,0.525,0.157,8.1894,0.78,0.345382,,,0.565195,0.099898,0,0,2,2035.273773
HD 10360_2,HD 10360,3.873,0.13,2.182,6.634,8.1894,0.78,0.345382,,,3.411716,0.319164,0,0,2,2035.273773
HD 10360_4,HD 10360,0.185,0.028,3.239,14.522,8.1894,0.78,0.345382,,,0.18197,0.78991,0,0,2,2035.273773
HD 10360_5,HD 10360,2.33,0.067,0.679,0.262,8.1894,0.78,0.345382,,,2.481759,0.570014,0,0,2,2035.273773
HD 201091_1,HD 201091,1.051,0.108,0.699,0.561,3.4966,0.68,0.142364,,,1.136648,0.465315,0,0,3,2035.275143
HD 201091_2,HD 201091,2.964,0.153,0.94,0.635,3.4966,0.68,0.142364,,,2.547037,0.017712,0,0,3,2035.275143
HD 201091_4,HD 201091,2.241,0.067,3.013,5.907,3.4966,0.68,0.142364,,,2.34696,0.013968,0,0,3,2035.275143
HD 185144_1,HD 185144,0.747,0.07,0.5,0.055,5.7639,0.87,0.43411,,,0.793573,0.16597,0,0,2,2035.276513
HD 185144_3,HD 185144,0.688,0.135,2.317,4.531,5.7639,0.87,0.43411,0.074746,147.842285,0.778017,0.845271,1,1,2,2035.276513
HD 201092_1,HD 201092,2.708,0.059,2.37,8.333,3.4964,0.63,0.077786,,,2.568293,0.336264,0,0,4,2035.277883
HD 100623 A_0,HD 100623 A,4.014,0.105,2.503,3.348,9.559,0.88,0.369999,,,4.272674,0.509293,0,0,2,2035.279253
HD 100623 A_2,HD 100623 A,0.102,0.086,0.559,0.126,9.559,0.88,0.369999,,,0.095464,0.111763,0,0,2,2035.279253
HD 100623 A_3,HD 100623 A,4.384,0.075,1.441,2.296,9.559,0.88,0.369999,,,4.691091,0.930838,0,0,2,2035.279253
HD 100623 A_4,HD 100623 A,2.524,0.072,0.66,0.245,9.559,0.88,0.369999,,,2.506409,0.107279,0,0,2,2035.279253
HD 100623 A_5,HD 100623 A,4.18,0.038,0.734,0.268,9.559,0.88,0.369999,,,4.146954,0.466562,0,0,2,2035.279253
HD 100623 A_6,HD 100623 A,0.362,0.165,0.555,0.159,9.559,0.88,0.369999,,,0.385393,0.073613,0,0,2,2035.279253
HD 100623 A_7,HD 100623 A,4.073,0.068,1.365,2.334,9.559,0.88,0.369999,,,3.803505,0.036956,0,0,2,2035.279253
HD 217987_0,HD 217987,3.278,0.032,3.1,13.147,3.2871,0.49,0.036492,,,3.277498,0.190077,0,0,5,2035.280623
HD 217987_1,HD 217987,0.104,0.158,2.049,3.903,3.2871,0.49,0.036492,,,0.09716,0.661386,0,0,5,2035.280623
HD 20794_0,HD 20794,4.322,0.17,2.962,5.482,6.0414,0.97,0.654335,,,4.452101,0.024419,0,0,2,2035.286973
HD 20794_1,HD 20794,2.398,0.095,1.302,1.627,6.0414,0.97,0.654335,,,2.338591,0.05953,0,0,2,2035.286973
HD 165341 B_1,HD 165341 B,1.256,0.089,0.5,0.079,5.1225,0.78,0.164324,,,1.296035,0.057735,0,0,3,2035.288343
HD 165341 B_2,HD 165341 B,4.082,0.042,1.247,1.843,5.1225,0.78,0.164324,,,4.222631,0.034383,0,0,3,2035.288343
HD 165341 B_3,HD 165341 B,0.1,0.077,0.528,0.138,5.1225,0.78,0.164324,,,0.104945,0.21354,0,0,3,2035.288343
HD 165341 B_4,HD 165341 B,0.76,0.117,1.137,2.589,5.1225,0.78,0.164324,,,0.741377,0.170952,0,0,3,2035.288343
HD 10780_0,HD 10780,0.841,0.11,1.077,1.419,10.0411,0.9,0.515941,,,0.89244,0.136271,0,0,2,2035.289712
HD 10780_3,HD 10780,2.25,0.098,1.348,1.373,10.0411,0.9,0.515941,,,2.118269,0.56662,0,0,2,2035.289712
HD 10780_4,HD 10780,2.669,0.102,2.513,5.195,10.0411,0.9,0.515941,,,2.460195,0.193371,0,0,2,2035.289712
HD 10476_0,HD 10476,0.171,0.07,0.738,0.194,7.6439,0.85,0.453524,,,0.173432,0.050478,0,0,2,2035.291082
HD 17925_0,HD 17925,1.472,0.037,0.676,0.225,10.3605,0.82,0.400959,,,1.52568,0.112933,0,0,2,2035.297826
HD 17925_2,HD 17925,0.735,0.099,0.938,0.418,10.3605,0.82,0.400959,,,0.802346,0.535503,0,0,2,2035.297826
HD 17925_3,HD 17925,0.561,0.086,1.065,1.168,10.3605,0.82,0.400959,,,0.600496,0.882067,0,0,2,2035.297826
HD 17925_4,HD 17925,0.848,0.062,1.424,9.166,10.3605,0.82,0.400959,,,0.900569,0.603102,0,0,2,2035.297826
HD 17925_6,HD 17925,3.618,0.076,0.719,0.34,10.3605,0.82,0.400959,,,3.666023,0.316848,0,0,2,2035.297826
HD 101501_3,HD 101501,0.112,0.069,1.262,2.632,9.5762,0.94,0.608976,,,0.10477,0.494536,0,0,2,2035.303088
HD 101501_7,HD 101501,0.888,0.054,0.887,0.375,9.5762,0.94,0.608976,,,0.898769,0.585792,0,0,2,2035.303088
HD 149661_2,HD 149661,2.991,0.073,1.285,1.48,9.8939,0.87,0.462168,,,3.098513,0.353501,0,0,2,2035.304458
HD 149661_3,HD 149661,2.364,0.065,0.7,0.369,9.8939,0.87,0.462168,,,2.423603,0.022297,0,0,2,2035.304458
HD 149661_5,HD 149661,3.155,0.051,2.936,10.042,9.8939,0.87,0.462168,,,3.014024,0.420311,0,0,2,2035.304458
HD 156026_0,HD 156026,3.18,0.093,3.171,12.457,5.9537,0.68,0.157507,,,3.340831,0.472239,0,0,3,2035.305828
HD 156026_1,HD 156026,0.564,0.081,0.509,0.104,5.9537,0.68,0.157507,,,0.546568,0.106604,0,0,3,2035.305828
HD 156026_2,HD 156026,0.423,0.044,0.607,0.161,5.9537,0.68,0.157507,,,0.425785,0.385929,0,0,3,2035.305828
HD 156026_3,HD 156026,1.001,0.06,2.318,6.886,5.9537,0.68,0.157507,,,1.059822,0.255057,0,0,3,2035.305828
HD 156026_5,HD 156026,1.693,0.124,2.972,18.392,5.9537,0.68,0.157507,,,1.895579,0.577317,0,0,3,2035.305828
HD 217987_0,HD 217987,3.278,0.032,3.1,13.147,3.2871,0.49,0.036492,,,3.28036,0.189286,0,0,6,2035.317449
HD 217987_1,HD 217987,0.104,0.158,2.049,3.903,3.2871,0.49,0.036492,,,0.089966,0.100217,0,0,6,2035.317449
HD 202560_0,HD 202560,0.846,0.075,1.59,2.403,3.9696,0.59,0.083004,0.174594,318.593057,0.786765,0.593471,1,3,3,2035.318818
HD 202560_1,HD 202560,0.552,0.052,0.674,0.254,3.9696,0.59,0.083004,,,0.569002,0.394449,0,0,3,2035.318818
HD 202560_3,HD 202560,0.867,0.117,1.589,2.676,3.9696,0.59,0.083004,,,0.947839,0.483519,0,0,3,2035.318818
HD 202560_4,HD 202560,2.302,0.14,0.558,0.068,3.9696,0.59,0.083004,,,2.165017,0.112806,0,0,3,2035.318818
HD 202560_5,HD 202560,3.244,0.082,0.847,0.514,3.9696,0.59,0.083004,,,3.485304,0.081219,0,0,3,2035.318818
HD 202560_6,HD 202560,0.414,0.085,0.785,0.353,3.9696,0.59,0.083004,,,0.383611,0.355742,0,0,3,2035.318818
HD 37394_0,HD 37394,1.839,0.051,0.552,0.13,12.2701,0.88,0.477639,,,1.849507,0.561206,0,0,2,2035.320188
HD 37394_1,HD 37394,0.501,0.058,1.934,3.563,12.2701,0.88,0.477639,,,0.529921,0.771489,0,0,2,2035.320188
HD 37394_3,HD 37394,1.245,0.044,1.502,1.233,12.2701,0.88,0.477639,,,1.284076,0.698658,0,0,2,2035.320188
HD 37394_5,HD 37394,0.152,0.102,1.111,2.258,12.2701,0.88,0.477639,,,0.138635,0.111024,0,0,2,2035.320188
HD 37394_9,HD 37394,0.863,0.077,0.726,0.225,12.2701,0.88,0.477639,,,0.901586,0.049153,0,0,2,2035.320188
HD 37394_10,HD 37394,0.093,0.059,3.205,17.212,12.2701,0.88,0.477639,,,0.097424,0.102773,0,0,2,2035.320188
HD 37394_11,HD 37394,1.171,0.065,2.415,3.446,12.2701,0.88,0.477639,,,1.246267,0.359891,0,0,2,2035.320188
HD 37394_15,HD 37394,0.222,0.142,1.093,1.517,12.2701,0.88,0.477639,,,0.199832,0.257827,0,0,2,2035.320188
HD 37394_16,HD 37394,2.623,0.055,2.621,11.231,12.2701,0.88,0.477639,,,2.528869,0.290145,0,0,2,2035.320188
HD 88230_0,HD 88230,1.858,0.024,1.413,2.053,4.8706,0.63,0.102754,,,1.852037,0.74201,0,0,3,2035.321558
HD 88230_1,HD 88230,0.369,0.102,2.613,5.786,4.8706,0.63,0.102754,0.066615,317.985239,0.385054,0.081403,1,2,3,2035.321558
HD 88230_2,HD 88230,0.941,0.058,0.511,0.071,4.8706,0.63,0.102754,,,0.947392,0.891043,0,0,3,2035.321558
HD 88230_3,HD 88230,1.397,0.055,1.541,1.79,4.8706,0.63,0.102754,,,1.429921,0.585519,0,0,3,2035.321558
HD 88230_4,HD 88230,0.683,0.12,0.831,1.323,4.8706,0.63,0.102754,,,0.61242,0.655087,0,0,3,2035.321558
HD 88230_5,HD 88230,2.552,0.09,1.594,5.37,4.8706,0.63,0.102754,,,2.679332,0.55144,0,0,3,2035.321558
HD 88230_6,HD 88230,2.842,0.103,0.661,0.236,4.8706,0.63,0.102754,,,3.009691,0.01822,0,0,3,2035.321558
HD 166_0,HD 166,1.592,0.09,1.08,1.198,13.7662,0.94,0.647292,,,1.634266,0.31774,0,0,2,2035.324327
HD 166_1,HD 166,0.635,0.021,0.515,0.133,13.7662,0.94,0.647292,,,0.635934,0.587231,0,0,2,2035.324327
HD 3651 A_0,HD 3651 A,0.818,0.09,1.086,1.01,11.1081,0.86,0.531986,,,0.829953,0.756039,0,0,2,2035.327933
HD 3651 A_3,HD 3651 A,0.106,0.12,3.284,4.001,11.1081,0.86,0.531986,,,0.112959,0.584168,0,0,2,2035.327933
HD 3651 A_5,HD 3651 A,0.552,0.025,0.534,0.183,11.1081,0.86,0.531986,,,0.551449,0.006683,0,0,2,2035.327933
HD 209100_0,HD 209100,2.433,0.127,0.524,0.06,3.6384,0.72,0.22182,,,2.322661,0.588491,0,0,3,2035.333845
HD 209100_1,HD 209100,1.218,0.094,0.54,0.062,3.6384,0.72,0.22182,,,1.291921,0.682056,0,0,3,2035.333845
HD 209100_2,HD 209100,0.989,0.073,1.925,6.418,3.6384,0.72,0.22182,,,1.014648,0.750618,0,0,3,2035.333845
HD 209100_4,HD 209100,3.542,0.022,2.632,11.231,3.6384,0.72,0.22182,,,3.485813,0.599976,0,0,3,2035.333845
HD 209100_5,HD 209100,0.635,0.076,0.931,0.561,3.6384,0.72,0.22182,,,0.598471,0.091981,0,0,3,2035.333845
HD 209100_6,HD 209100,1.701,0.082,0.885,0.458,3.6384,0.72,0.22182,,,1.645828,0.00046,0,0,3,2035.333845
HD 209100_8,HD 209100,2.097,0.099,2.488,5.392,3.6384,0.72,0.22182,,,1.949224,0.866635,0,0,3,2035.333845
HD 209100_9,HD 209100,0.782,0.071,2.297,7.389,3.6384,0.72,0.22182,,,0.726716,0.073156,0,0,3,2035.333845
HD 209100_10,HD 209100,0.182,0.056,2.026,3.984,3.6384,0.72,0.22182,,,0.185807,0.435768,0,0,3,2035.333845
HD 209100_11,HD 209100,0.917,0.107,1.174,1.243,3.6384,0.72,0.22182,,,0.827655,0.59305,0,0,3,2035.333845
HD 102365_0,HD 102365,1.154,0.024,2.235,6.312,9.3195,1.02,0.843918,,,1.149214,0.139242,0,0,2,2035.335215
HD 102365_1,HD 102365,4.021,0.031,1.113,3.548,9.3195,1.02,0.843918,,,4.143264,0.047231,0,0,2,2035.335215
HD 102365_2,HD 102365,0.113,0.031,0.976,1.053,9.3195,1.02,0.843918,,,0.11036,0.034194,0,0,2,2035.335215
HD 201092_1,HD 201092,2.708,0.059,2.37,8.333,3.4964,0.63,0.077786,,,2.563259,0.311879,0,0,5,2035.336585
HD 20766_0,HD 20766,1.336,0.161,1.674,2.568,12.0447,1.01,0.794328,,,1.149308,0.430452,0,0,2,2035.34342
HD 20766_1,HD 20766,0.327,0.097,2.659,5.834,12.0447,1.01,0.794328,,,0.32355,0.181269,0,0,2,2035.34342
HD 20766_4,HD 20766,1.915,0.031,0.912,0.627,12.0447,1.01,0.794328,,,1.857586,0.556677,0,0,2,2035.34342
HD 131977_0,HD 131977,2.114,0.033,1.305,2.166,5.8864,0.72,0.222536,,,2.131247,0.604843,0,0,3,2035.344789
HD 217987_0,HD 217987,3.278,0.032,3.1,13.147,3.2871,0.49,0.036492,,,3.283218,0.188584,0,0,7,2035.354274
HD 217987_1,HD 217987,0.104,0.158,2.049,3.903,3.2871,0.49,0.036492,,,0.111817,0.135869,0,0,7,2035.354274
HD 201091_1,HD 201091,1.051,0.108,0.699,0.561,3.4966,0.68,0.142364,,,1.101753,0.512425,0,0,4,2035.361919
HD 201091_2,HD 201091,2.964,0.153,0.94,0.635,3.4966,0.68,0.142364,,,2.530934,0.027774,0,0,4,2035.361919
HD 201091_4,HD 201091,2.241,0.067,3.013,5.907,3.4966,0.68,0.142364,,,2.332474,0.020649,0,0,4,2035.361919
HD 140538 A_0,HD 140538 A,2.088,0.047,0.685,0.566,14.7927,0.94,0.834065,,,2.180979,0.86067,0,0,2,2035.369712
HD 140538 A_1,HD 140538 A,0.512,0.053,2.798,25.412,14.7927,0.94,0.834065,,,0.513531,0.945597,0,0,2,2035.369712
HD 140538 A_2,HD 140538 A,4.137,0.053,0.916,0.811,14.7927,0.94,0.834065,,,4.066352,0.585923,0,0,2,2035.369712
HD 30495_0,HD 30495,1.934,0.08,0.989,0.414,13.24,1.04,0.966273,,,2.05063,0.654009,0,0,2,2035.371082
HD 30495_2,HD 30495,0.416,0.06,1.179,2.305,13.24,1.04,0.966273,,,0.412922,0.148909,0,0,2,2035.371082
HD 30495_3,HD 30495,1.848,0.089,0.623,0.192,13.24,1.04,0.966273,,,1.883036,0.51206,0,0,2,2035.371082
HD 20807_0,HD 20807,0.337,0.072,1.793,2.884,12.0394,1.07,1.016951,,,0.312773,0.47475,0,0,2,2035.372452
HD 20807_1,HD 20807,1.546,0.069,0.954,0.889,12.0394,1.07,1.016951,,,1.544995,0.315308,0,0,2,2035.372452
HD 20807_2,HD 20807,2.979,0.055,2.038,4.205,12.0394,1.07,1.016951,,,3.067197,0.023743,0,0,2,2035.372452
HD 155886_1,HD 155886,0.511,0.064,0.698,0.247,5.9523,0.85,0.327491,,,0.531988,0.208305,0,0,2,2035.373822
HD 155886_2,HD 155886,0.232,0.069,1.589,5.691,5.9523,0.85,0.327491,,,0.239294,0.479112,0,0,2,2035.373822
HD 155886_3,HD 155886,1.253,0.044,2.915,5.37,5.9523,0.85,0.327491,,,1.307752,0.034122,0,0,2,2035.373822
HD 155886_4,HD 155886,0.305,0.028,0.94,1.414,5.9523,0.85,0.327491,,,0.29646,0.31765,0,0,2,2035.373822
HD 155886_5,HD 155886,0.201,0.128,1.339,1.367,5.9523,0.85,0.327491,,,0.190592,0.911459,0,0,2,2035.373822
HD 155886_6,HD 155886,0.316,0.044,0.948,1.621,5.9523,0.85,0.327491,,,0.308194,0.448722,0,0,2,2035.373822
HD 155886_7,HD 155886,0.59,0.079,3.352,4.512,5.9523,0.85,0.327491,0.091838,57.441782,0.601667,0.122951,1,2,2,2035.373822
HD 155886_8,HD 155886,3.879,0.087,2.635,17.572,5.9523,0.85,0.327491,,,4.099659,0.222261,0,0,2,2035.373822
HD 4614 A_0,HD 4614 A,4.718,0.051,1.358,2.277,5.0098,1.14,1.251988,,,4.942205,0.093505,0,0,2,2035.375191
HD 4614 A_1,HD 4614 A,0.651,0.133,0.728,0.414,5.0098,1.14,1.251988,,,0.593364,0.316327,0,0,2,2035.375191
HD 4614 A_2,HD 4614 A,2.584,0.017,1.361,5.26,5.0098,1.14,1.251988,,,2.625737,0.655512,0,0,2,2035.375191
HD 147513_0,HD 147513,1.541,0.04,0.645,0.275,12.8923,1.07,1.000691,,,1.588987,0.645858,0,0,2,2035.376561
HD 147513_1,HD 147513,1.513,0.099,0.537,0.114,12.8923,1.07,1.000691,,,1.646183,0.519602,0,0,2,2035.376561
HD 147513_2,HD 147513,4.633,0.075,1.379,2.053,12.8923,1.07,1.000691,,,4.301559,0.474271,0,0,2,2035.376561
HD 147513_4,HD 147513,0.196,0.111,0.74,0.193,12.8923,1.07,1.000691,,,0.206507,0.693748,0,0,2,2035.376561
HD 147513_5,HD 147513,4.52,0.075,0.624,0.154,12.8923,1.07,1.000691,,,4.602286,0.397848,0,0,2,2035.376561
HD 147513_6,HD 147513,1.743,0.075,1.796,1.351,12.8923,1.07,1.000691,,,1.654023,0.443608,0,0,2,2035.376561
HD 147513_7,HD 147513,2.47,0.028,0.667,0.198,12.8923,1.07,1.000691,,,2.401505,0.746625,0,0,2,2035.376561
HD 72905_1,HD 72905,0.661,0.069,0.5,0.066,14.4388,1.08,0.973195,,,0.697463,0.957957,0,0,2,2035.377931
HD 72905_3,HD 72905,0.899,0.099,2.776,7.831,14.4388,1.08,0.973195,,,0.923931,0.041269,0,0,2,2035.377931
HD 72905_4,HD 72905,0.923,0.214,1.407,1.443,14.4388,1.08,0.973195,,,1.120255,0.149103,0,0,2,2035.377931
HD 72905_5,HD 72905,3.175,0.086,0.525,0.102,14.4388,1.08,0.973195,,,3.049808,0.134236,0,0,2,2035.377931
HD 109358_0,HD 109358,0.599,0.064,0.661,0.181,8.4727,1.08,1.151065,,,0.613242,0.191391,0,0,2,2035.379301
HD 109358_1,HD 109358,0.313,0.024,1.946,4.902,8.4727,1.08,1.151065,,,0.30578,0.005476,0,0,2,2035.379301
HD 109358_3,HD 109358,0.172,0.066,1.409,3.279,8.4727,1.08,1.151065,,,0.181477,0.044314,0,0,2,2035.379301
HD 109358_4,HD 109358,1.488,0.078,0.58,0.237,8.4727,1.08,1.151065,,,1.545596,0.687371,0,0,2,2035.379301
HD 109358_5,HD 109358,3.968,0.05,3.285,8.264,8.4727,1.08,1.151065,,,3.974218,0.045108,0,0,2,2035.379301
HD 165341 B_1,HD 165341 B,1.256,0.089,0.5,0.079,5.1225,0.78,0.164324,,,1.329234,0.084235,0,0,4,2035.380671
HD 165341 B_2,HD 165341 B,4.082,0.042,1.247,1.843,5.1225,0.78,0.164324,,,4.228259,0.040374,0,0,4,2035.380671
HD 165341 B_3,HD 165341 B,0.1,0.077,0.528,0.138,5.1225,0.78,0.164324,,,0.098804,0.791496,0,0,4,2035.380671
HD 165341 B_4,HD 165341 B,0.76,0.117,1.137,2.589,5.1225,0.78,0.164324,,,0.683332,0.612775,0,0,4,2035.380671
HD 4391_0,HD 4391,0.363,0.182,1.471,2.315,15.0487,0.98,0.923422,,,0.324503,0.909057,0,0,2,2035.382832
HD 4391_1,HD 4391,1.544,0.114,0.614,0.238,15.0487,0.98,0.923422,,,1.429831,0.504588,0,0,2,2035.382832
HD 4391_2,HD 4391,0.361,0.058,0.863,0.585,15.0487,0.98,0.923422,,,0.378511,0.662195,0,0,2,2035.382832
HD 4391_3,HD 4391,0.102,0.064,0.942,0.594,15.0487,0.98,0.923422,,,0.097649,0.281591,0,0,2,2035.382832
HD 4391_4,HD 4391,0.526,0.038,2.712,6.312,15.0487,0.98,0.923422,,,0.545707,0.606524,0,0,2,2035.382832
HD 217987_0,HD 217987,3.278,0.032,3.1,13.147,3.2871,0.49,0.036492,,,3.28607,0.18797,0,0,8,2035.3911
HD 217987_1,HD 217987,0.104,0.158,2.049,3.903,3.2871,0.49,0.036492,,,0.120054,0.476996,0,0,8,2035.3911
HD 136352_0,HD 136352,1.127,0.083,0.501,0.057,14.7391,1.02,1.028964,,,1.14344,0.115499,0,0,2,2035.39384
HD 136352_2,HD 136352,0.995,0.082,1.549,2.6,14.7391,1.02,1.028964,,,1.003253,0.425167,0,0,2,2035.39384
HD 136352_3,HD 136352,3.774,0.069,2.041,2.393,14.7391,1.02,1.028964,,,3.761894,0.477208,0,0,2,2035.39384
HD 136352_4,HD 136352,1.831,0.068,0.826,1.102,14.7391,1.02,1.028964,,,1.866343,0.31447,0,0,2,2035.39384
HD 201092_1,HD 201092,2.708,0.059,2.37,8.333,3.4964,0.63,0.077786,,,2.558918,0.288219,0,0,6,2035.39521
HD 155885_0,HD 155885,0.424,0.016,1.08,4.862,5.9478,0.85,0.332047,,,0.43052,0.765714,0,0,3,2035.39658
HD 155885_1,HD 155885,0.125,0.137,2.355,2.721,5.9478,0.85,0.332047,,,0.137562,0.898869,0,0,3,2035.39658
HD 155885_4,HD 155885,2.293,0.052,0.991,1.006,5.9478,0.85,0.332047,,,2.40643,0.657967,0,0,3,2035.39658
HD 4628_0,HD 4628,0.299,0.054,1.741,3.577,7.4352,0.78,0.300193,,,0.311412,0.264516,0,0,3,2035.39795
HD 4628_1,HD 4628,4.258,0.031,1.273,2.113,7.4352,0.78,0.300193,,,4.220596,0.010011,0,0,3,2035.39795
HD 4628_4,HD 4628,4.069,0.034,0.981,0.978,7.4352,0.78,0.300193,,,4.201808,0.28399,0,0,3,2035.39795
HD 4628_5,HD 4628,3.681,0.025,0.897,0.907,7.4352,0.78,0.300193,,,3.59011,0.223021,0,0,3,2035.39795
HD 4628_6,HD 4628,1.476,0.055,1.942,3.279,7.4352,0.78,0.300193,,,1.482317,0.624576,0,0,3,2035.39795
HD 156026_0,HD 156026,3.18,0.093,3.171,12.457,5.9537,0.68,0.157507,,,3.360427,0.511461,0,0,4,2035.399438
HD 156026_1,HD 156026,0.564,0.081,0.509,0.104,5.9537,0.68,0.157507,,,0.518364,0.693858,0,0,4,2035.399438
HD 156026_2,HD 156026,0.423,0.044,0.607,0.161,5.9537,0.68,0.157507,,,0.404459,0.867833,0,0,4,2035.399438
HD 156026_3,HD 156026,1.001,0.06,2.318,6.886,5.9537,0.68,0.157507,,,1.05914,0.132209,0,0,4,2035.399438
HD 156026_5,HD 156026,1.693,0.124,2.972,18.392,5.9537,0.68,0.157507,,,1.90243,0.612916,0,0,4,2035.399438
HD 146233_0,HD 146233,0.356,0.047,2.679,19.012,14.1369,1.02,1.094208,,,0.36848,0.038021,0,0,2,2035.401032
HD 146233_1,HD 146233,0.206,0.044,2.032,18.545,14.1369,1.02,1.094208,,,0.208621,0.110206,0,0,2,2035.401032
HD 146233_4,HD 146233,0.539,0.141,1.433,1.238,14.1369,1.02,1.094208,,,0.469845,0.007362,0,0,2,2035.401032
HD 32147_1,HD 32147,0.121,0.122,1.044,1.198,8.844,0.75,0.290202,,,0.114031,0.694873,0,0,3,2035.406577
HD 32147_2,HD 32147,3.272,0.062,1.942,4.24,8.844,0.75,0.290202,,,3.4637,0.571145,0,0,3,2035.406577
HD 10361_1,HD 10361,0.761,0.025,1.303,1.111,8.1965,0.77,0.303879,,,0.75284,0.110173,0,0,3,2035.407947
HD 10361_2,HD 10361,0.985,0.066,0.785,0.305,8.1965,0.77,0.303879,,,0.923655,0.921109,0,0,3,2035.407947
HD 10361_3,HD 10361,1.525,0.07,0.586,0.106,8.1965,0.77,0.303879,,,1.627071,0.467938,0,0,3,2035.407947
HD 10361_4,HD 10361,4.037,0.084,0.501,0.078,8.1965,0.77,0.303879,,,3.984208,0.371121,0,0,3,2035.407947
HD 114710_0,HD 114710,1.415,0.117,0.681,0.481,9.1975,1.11,1.357063,,,1.372481,0.113649,0,0,2,2035.409317
HD 114710_1,HD 114710,0.314,0.116,0.63,0.141,9.1975,1.11,1.357063,,,0.281244,0.848597,0,0,2,2035.409317
HD 114710_2,HD 114710,2.258,0.018,0.683,0.149,9.1975,1.11,1.357063,,,2.22379,0.005486,0,0,2,2035.409317
HD 114710_4,HD 114710,0.861,0.053,0.898,0.364,9.1975,1.11,1.357063,,,0.905436,0.387055,0,0,2,2035.409317
HD 114710_5,HD 114710,0.124,0.109,3.108,4.801,9.1975,1.11,1.357063,,,0.111488,0.809626,0,0,2,2035.409317
HD 190248_1,HD 190248,1.11,0.055,1.408,1.805,6.0993,0.94,1.249971,,,1.059073,0.275922,0,0,2,2035.410701
HD 190248_2,HD 190248,3.754,0.072,1.017,1.843,6.0993,0.94,1.249971,,,4.018433,0.182213,0,0,2,2035.410701
HD 190248_3,HD 190248,1.406,0.139,0.51,0.145,6.0993,0.94,1.249971,,,1.569585,0.046648,0,0,2,2035.410701
HD 192310_0,HD 192310,1.267,0.07,0.641,3.225,8.8116,0.77,0.404017,,,1.181337,0.04855,0,0,2,2035.412071
HD 192310_1,HD 192310,1.472,0.082,2.73,38.464,8.8116,0.77,0.404017,,,1.514669,0.069017,0,0,2,2035.412071
HD 192310_2,HD 192310,0.631,0.109,2.544,7.928,8.8116,0.77,0.404017,0.06118,216.168373,0.638677,0.091353,1,2,2,2035.412071
HD 192310_3,HD 192310,0.091,0.084,2.458,9.634,8.8116,0.77,0.404017,,,0.090589,0.060621,0,0,2,2035.412071
HD 128620_0,HD 128620,1.567,0.074,0.945,0.99,1.3319,1.11,1.520898,,,1.573183,0.440908,0,0,2,2035.416411
HD 128620_1,HD 128620,1.266,0.016,1.198,1.075,1.3319,1.11,1.520898,,,1.283158,0.501061,0,0,2,2035.416411
HD 203608_0,HD 203608,2.203,0.092,1.79,8.196,9.2584,1.14,1.465548,,,2.112571,0.295639,0,0,2,2035.422153
HD 203608_1,HD 203608,2.342,0.1,0.502,0.084,9.2584,1.14,1.465548,,,2.39361,0.755279,0,0,2,2035.422153
HD 203608_2,HD 203608,2.74,0.062,1.086,2.044,9.2584,1.14,1.465548,,,2.77538,0.62373,0,0,2,2035.422153
HD 203608_5,HD 203608,4.293,0.038,0.929,1.188,9.2584,1.14,1.465548,,,4.396565,0.047646,0,0,2,2035.422153
HD 203608_6,HD 203608,0.526,0.072,0.985,0.835,9.2584,1.14,1.465548,,,0.492901,0.68595,0,0,2,2035.422153
HD 65907 A_0,HD 65907 A,0.584,0.099,0.585,0.135,16.1718,1.11,1.290031,,,0.591407,0.269579,0,0,2,2035.425956
HD 65907 A_1,HD 65907 A,1.316,0.075,0.982,1.107,16.1718,1.11,1.290031,,,1.308585,0.506989,0,0,2,2035.425956
HD 65907 A_2,HD 65907 A,1.009,0.058,1.202,3.968,16.1718,1.11,1.290031,,,1.039214,0.209146,0,0,2,2035.425956
HD 33262 A_0,HD 33262 A,4.098,0.155,0.949,1.396,11.6927,1.14,1.466223,,,4.67971,0.104301,0,0,2,2035.430505
HD 33262 A_1,HD 33262 A,3.3,0.062,1.368,3.018,11.6927,1.14,1.466223,,,3.387143,0.004515,0,0,2,2035.430505
HD 33262 A_2,HD 33262 A,3.337,0.087,0.965,0.878,11.6927,1.14,1.466223,,,3.584606,0.135593,0,0,2,2035.430505
HD 33262 A_4,HD 33262 A,1.015,0.091,2.255,4.512,11.6927,1.14,1.466223,,,1.106521,0.037729,0,0,2,2035.430505
HD 33262 A_5,HD 33262 A,0.358,0.206,1.487,4.188,11.6927,1.14,1.466223,,,0.39704,0.67087,0,0,2,2035.430505
HD 33262 A_6,HD 33262 A,0.874,0.139,0.646,0.237,11.6927,1.14,1.466223,,,0.938847,0.89877,0,0,2,2035.430505
HD 33262 A_8,HD 33262 A,0.199,0.101,2.893,19.25,11.6927,1.14,1.466223,,,0.202126,0.015292,0,0,2,2035.430505
HD 10360_0,HD 10360,0.111,0.132,2.009,2.79,8.1894,0.78,0.345382,,,0.101522,0.437182,0,0,3,2035.431875
HD 10360_1,HD 10360,0.559,0.036,0.525,0.157,8.1894,0.78,0.345382,,,0.539552,0.163076,0,0,3,2035.431875
HD 10360_2,HD 10360,3.873,0.13,2.182,6.634,8.1894,0.78,0.345382,,,3.441802,0.390253,0,0,3,2035.431875
HD 10360_4,HD 10360,0.185,0.028,3.239,14.522,8.1894,0.78,0.345382,,,0.189054,0.0835,0,0,3,2035.431875
HD 10360_5,HD 10360,2.33,0.067,0.679,0.262,8.1894,0.78,0.345382,,,2.469274,0.666423,0,0,3,2035.431875
HD 190360_0,HD 190360,0.922,0.17,1.79,3.607,16.0035,0.96,1.165467,,,0.766534,0.222671,0,0,2,2035.433245
HD 190360_1,HD 190360,3.764,0.081,1.071,4.456,16.0035,0.96,1.165467,,,3.701024,0.227151,0,0,2,2035.433245
HD 190360_3,HD 190360,3.632,0.139,2.733,14.342,16.0035,0.96,1.165467,,,4.049498,0.083372,0,0,2,2035.433245
HD 190360_4,HD 190360,1.735,0.021,0.534,0.11,16.0035,0.96,1.165467,,,1.765257,0.137147,0,0,2,2035.433245
HD 190360_5,HD 190360,0.581,0.08,1.934,4.569,16.0035,0.96,1.165467,,,0.620729,0.466582,0,0,2,2035.433245
HD 100623 A_0,HD 100623 A,4.014,0.105,2.503,3.348,9.559,0.88,0.369999,,,4.235309,0.453595,0,0,3,2035.435391
HD 100623 A_2,HD 100623 A,0.102,0.086,0.559,0.126,9.559,0.88,0.369999,,,0.107774,0.603521,0,0,3,2035.435391
HD 100623 A_3,HD 100623 A,4.384,0.075,1.441,2.296,9.559,0.88,0.369999,,,4.700729,0.950863,0,0,3,2035.435391
HD 100623 A_4,HD 100623 A,2.524,0.072,0.66,0.245,9.559,0.88,0.369999,,,2.547953,0.098087,0,0,3,2035.435391
HD 100623 A_5,HD 100623 A,4.18,0.038,0.734,0.268,9.559,0.88,0.369999,,,4.130284,0.507998,0,0,3,2035.435391
HD 100623 A_6,HD 100623 A,0.362,0.165,0.555,0.159,9.559,0.88,0.369999,,,0.304572,0.953536,0,0,3,2035.435391
HD 100623 A_7,HD 100623 A,4.073,0.068,1.365,2.334,9.559,0.88,0.369999,,,3.797795,0.058567,0,0,3,2035.435391
HD 50692_0,HD 50692,3.95,0.04,2.831,8.758,17.4047,1.08,1.293302,,,4.043633,0.566538,0,0,2,2035.437012
HD 50692_1,HD 50692,0.28,0.064,0.734,0.338,17.4047,1.08,1.293302,,,0.295185,0.264729,0,0,2,2035.437012
HD 50692_2,HD 50692,0.513,0.081,1.798,3.935,17.4047,1.08,1.293302,,,0.552103,0.517736,0,0,2,2035.437012
HD 50692_3,HD 50692,0.925,0.032,2.849,11.466,17.4047,1.08,1.293302,,,0.952817,0.175673,0,0,2,2035.437012
HD 10700_0,HD 10700,1.625,0.099,0.563,0.132,3.6522,0.94,0.505708,,,1.783999,0.272414,0,0,3,2035.438382
HD 55575_0,HD 55575,1.084,0.09,0.727,0.609,16.8518,1.14,1.462851,,,1.179901,0.768914,0,0,2,2035.447649
HD 55575_1,HD 55575,0.133,0.053,0.578,0.106,16.8518,1.14,1.462851,,,0.128139,0.19806,0,0,2,2035.447649
HD 156274 A_3,HD 156274 A,4.433,0.138,1.608,7.03,8.7911,0.9,0.451648,,,4.938711,0.156082,0,0,3,2035.449019
HD 90839_0,HD 90839,3.665,0.022,0.781,0.406,12.9452,1.18,1.605092,,,3.632053,0.001356,0,0,2,2035.450388
HD 90839_1,HD 90839,0.191,0.094,1.403,1.498,12.9452,1.18,1.605092,,,0.198662,0.063991,0,0,2,2035.450388
HD 90839_2,HD 90839,3.378,0.112,1.125,1.163,12.9452,1.18,1.605092,,,3.464499,0.723142,0,0,2,2035.450388
HD 90839_5,HD 90839,0.15,0.051,2.273,7.359,12.9452,1.18,1.605092,,,0.15667,0.615978,0,0,2,2035.450388
HD 201091_1,HD 201091,1.051,0.108,0.699,0.561,3.4966,0.68,0.142364,,,1.055875,0.532838,0,0,5,2035.451758
HD 201091_2,HD 201091,2.964,0.153,0.94,0.635,3.4966,0.68,0.142364,,,2.519034,0.042697,0,0,5,2035.451758
HD 201091_4,HD 201091,2.241,0.067,3.013,5.907,3.4966,0.68,0.142364,,,2.315779,0.031409,0,0,5,2035.451758
HD 86728 A_0,HD 86728 A,0.138,0.113,0.53,0.096,14.9263,1.0,1.377844,,,0.146818,0.71726,0,0,2,2035.453128
HD 86728 A_1,HD 86728 A,1.194,0.049,0.519,0.097,14.9263,1.0,1.377844,,,1.206185,0.376042,0,0,2,2035.453128
HD 86728 A_2,HD 86728 A,1.586,0.024,0.736,0.333,14.9263,1.0,1.377844,,,1.547948,0.298134,0,0,2,2035.453128
HD 86728 A_3,HD 86728 A,0.34,0.077,0.971,1.049,14.9263,1.0,1.377844,,,0.357122,0.113936,0,0,2,2035.453128
HD 86728 A_4,HD 86728 A,3.143,0.15,2.985,25.307,14.9263,1.0,1.377844,,,2.693607,0.632352,0,0,2,2035.453128
HD 86728 A_5,HD 86728 A,0.238,0.132,1.155,1.588,14.9263,1.0,1.377844,,,0.267726,0.189213,0,0,2,2035.453128
HD 86728 A_6,HD 86728 A,2.84,0.137,2.462,4.922,14.9263,1.0,1.377844,,,2.824744,0.743866,0,0,2,2035.453128
HD 209100_0,HD 209100,2.433,0.127,0.524,0.06,3.6384,0.72,0.22182,,,2.374772,0.485612,0,0,4,2035.454498
HD 209100_1,HD 209100,1.218,0.094,0.54,0.062,3.6384,0.72,0.22182,,,1.322378,0.501898,0,0,4,2035.454498
HD 209100_2,HD 209100,0.989,0.073,1.925,6.418,3.6384,0.72,0.22182,,,0.968412,0.747704,0,0,4,2035.454498
HD 209100_4,HD 209100,3.542,0.022,2.632,11.231,3.6384,0.72,0.22182,,,3.480794,0.645658,0,0,4,2035.454498
HD 209100_5,HD 209100,0.635,0.076,0.931,0.561,3.6384,0.72,0.22182,,,0.655236,0.34909,0,0,4,2035.454498
HD 209100_6,HD 209100,1.701,0.082,0.885,0.458,3.6384,0.72,0.22182,,,1.610115,0.008427,0,0,4,2035.454498
HD 209100_8,HD 209100,2.097,0.099,2.488,5.392,3.6384,0.72,0.22182,,,1.985637,0.895779,0,0,4,2035.454498
HD 209100_9,HD 209100,0.782,0.071,2.297,7.389,3.6384,0.72,0.22182,0.200292,51.267232,0.747477,0.276041,1,1,4,2035.454498
HD 209100_10,HD 209100,0.182,0.056,2.026,3.984,3.6384,0.72,0.22182,,,0.189914,0.218168,0,0,4,2035.454498
HD 209100_11,HD 209100,0.917,0.107,1.174,1.243,3.6384,0.72,0.22182,,,0.882854,0.717374,0,0,4,2035.454498
HD 201092_1,HD 201092,2.708,0.059,2.37,8.333,3.4964,0.63,0.077786,,,2.555176,0.264616,0,0,7,2035.455868
HD 165341 A_0,HD 165341 A,3.482,0.036,1.359,6.662,5.1133,0.88,0.531741,,,3.464282,0.001585,0,0,2,2035.461108
HD 165341 A_2,HD 165341 A,0.277,0.022,2.947,11.466,5.1133,0.88,0.531741,,,0.282482,0.837763,0,0,2,2035.461108
HD 165341 A_3,HD 165341 A,0.642,0.027,1.615,4.051,5.1133,0.88,0.531741,,,0.631618,0.003268,0,1,2,2035.461108
HD 131977_0,HD 131977,2.114,0.033,1.305,2.166,5.8864,0.72,0.222536,,,2.144475,0.559198,0,0,4,2035.462682
HD 115617_0,HD 115617,1.956,0.004,0.732,0.391,8.5344,0.97,0.825468,,,1.956027,0.161127,0,0,2,2035.468742
HD 115617_1,HD 115617,0.76,0.09,2.931,3.775,8.5344,0.97,0.825468,,,0.736381,0.13693,0,1,2,2035.468742
HD 115617_2,HD 115617,0.621,0.047,0.562,0.132,8.5344,0.97,0.825468,,,0.650186,0.671413,0,0,2,2035.468742
HD 115617_3,HD 115617,0.199,0.073,3.38,20.4,8.5344,0.97,0.825468,,,0.213434,0.829241,0,0,2,2035.468742
HD 115617_4,HD 115617,2.599,0.104,0.763,0.211,8.5344,0.97,0.825468,,,2.860569,0.850209,0,0,2,2035.468742
HD 115617_5,HD 115617,2.098,0.045,1.487,5.131,8.5344,0.97,0.825468,,,2.006698,0.564629,0,0,2,2035.468742
HD 115617_6,HD 115617,3.003,0.084,0.942,0.716,8.5344,0.97,0.825468,,,3.171606,0.015488,0,0,2,2035.468742
HD 95128_1,HD 95128,2.285,0.074,0.586,0.123,13.8875,1.07,1.576885,,,2.447196,0.124166,0,0,2,2035.470112
HD 95128_2,HD 95128,4.586,0.035,0.538,0.151,13.8875,1.07,1.576885,,,4.707075,0.015544,0,0,2,2035.470112
HD 95128_3,HD 95128,0.343,0.031,2.771,11.324,13.8875,1.07,1.576885,,,0.353452,0.035808,0,0,2,2035.470112
HD 95128_4,HD 95128,2.15,0.173,1.218,1.843,13.8875,1.07,1.576885,,,2.385989,0.01564,0,0,2,2035.470112
HD 95128_5,HD 95128,0.6,0.105,2.299,6.552,13.8875,1.07,1.576885,,,0.661771,0.556082,0,0,2,2035.470112
HD 95128_6,HD 95128,0.335,0.024,2.419,6.471,13.8875,1.07,1.576885,,,0.338273,0.074014,0,0,2,2035.470112
HD 95128_7,HD 95128,0.847,0.089,1.394,2.221,13.8875,1.07,1.576885,,,0.870915,0.714256,0,0,2,2035.470112
HD 95128_8,HD 95128,0.588,0.034,2.182,4.922,13.8875,1.07,1.576885,,,0.586119,0.776702,0,0,2,2035.470112
HD 17925_0,HD 17925,1.472,0.037,0.676,0.225,10.3605,0.82,0.400959,,,1.513472,0.12183,0,0,3,2035.471482
HD 17925_2,HD 17925,0.735,0.099,0.938,0.418,10.3605,0.82,0.400959,,,0.770847,0.978946,0,0,3,2035.471482
HD 17925_3,HD 17925,0.561,0.086,1.065,1.168,10.3605,0.82,0.400959,,,0.513233,0.074316,0,0,3,2035.471482
HD 17925_4,HD 17925,0.848,0.062,1.424,9.166,10.3605,0.82,0.400959,,,0.865921,0.955969,0,0,3,2035.471482
HD 17925_6,HD 17925,3.618,0.076,0.719,0.34,10.3605,0.82,0.400959,,,3.703584,0.270116,0,0,3,2035.471482
HD 53705_0,HD 53705,0.273,0.081,1.735,7.702,17.0593,1.04,1.489704,,,0.266036,0.602748,0,0,2,2035.472851
HD 53705_1,HD 53705,2.604,0.083,3.306,29.747,17.0593,1.04,1.489704,,,2.649809,0.146029,0,0,2,2035.472851
HD 53705_2,HD 53705,1.597,0.089,2.478,5.883,17.0593,1.04,1.489704,,,1.460368,0.001834,0,0,2,2035.472851
HD 53705_3,HD 53705,0.715,0.026,1.359,2.07,17.0593,1.04,1.489704,,,0.732693,0.584326,0,0,2,2035.472851
HD 53705_4,HD 53705,0.527,0.092,2.437,20.655,17.0593,1.04,1.489704,,,0.482143,0.713719,0,0,2,2035.472851
HD 165341 B_1,HD 165341 B,1.256,0.089,0.5,0.079,5.1225,0.78,0.164324,,,1.353484,0.134183,0,0,5,2035.474221
HD 165341 B_2,HD 165341 B,4.082,0.042,1.247,1.843,5.1225,0.78,0.164324,,,4.233419,0.047383,0,0,5,2035.474221
HD 165341 B_3,HD 165341 B,0.1,0.077,0.528,0.138,5.1225,0.78,0.164324,,,0.097618,0.009741,0,0,5,2035.474221
HD 165341 B_4,HD 165341 B,0.76,0.117,1.137,2.589,5.1225,0.78,0.164324,,,0.676538,0.983007,0,0,5,2035.474221
HD 10476_0,HD 10476,0.171,0.07,0.738,0.194,7.6439,0.85,0.453524,,,0.163398,0.576807,0,0,3,2035.476155
HD 39091_1,HD 39091,3.12,0.028,1.191,1.233,18.2874,1.08,1.533204,,,3.141874,0.06116,0,0,2,2035.477525
HD 39091_2,HD 39091,2.865,0.029,0.677,0.276,18.2874,1.08,1.533204,,,2.809354,0.051808,0,0,2,2035.477525
HD 39091_3,HD 39091,3.55,0.072,1.069,1.542,18.2874,1.08,1.533204,,,3.695665,0.631961,0,0,2,2035.477525
HD 39091_4,HD 39091,4.534,0.027,1.234,2.258,18.2874,1.08,1.533204,,,4.562673,0.538578,0,0,2,2035.477525
HD 39091_5,HD 39091,1.437,0.051,1.31,4.963,18.2874,1.08,1.533204,,,1.411598,0.452318,0,0,2,2035.477525
HD 39091_6,HD 39091,0.67,0.012,2.604,10.642,18.2874,1.08,1.533204,,,0.668073,0.701103,0,0,2,2035.477525
HD 219134_0,HD 219134,1.298,0.068,3.021,3.577,6.5418,0.75,0.265889,,,1.248896,0.325645,0,0,3,2035.480264
HD 219134_1,HD 219134,0.107,0.06,0.589,0.095,6.5418,0.75,0.265889,,,0.109981,0.774387,0,0,3,2035.480264
HD 219134_2,HD 219134,0.475,0.085,1.279,1.562,6.5418,0.75,0.265889,,,0.434886,0.052246,0,1,3,2035.480264
HD 219134_3,HD 219134,2.999,0.067,1.913,2.632,6.5418,0.75,0.265889,,,2.950822,0.397698,0,0,3,2035.480264
HD 219134_4,HD 219134,0.285,0.083,1.716,1.696,6.5418,0.75,0.265889,,,0.281665,0.309727,0,0,3,2035.480264
HD 219134_5,HD 219134,1.823,0.052,1.09,1.858,6.5418,0.75,0.265889,,,1.80557,0.629206,0,0,3,2035.480264
HD 219134_7,HD 219134,0.986,0.056,2.277,3.252,6.5418,0.75,0.265889,0.138059,120.101745,0.930785,0.423488,1,1,3,2035.480264
HD 34411_0,HD 34411,0.295,0.082,3.192,20.914,12.5625,1.08,1.731809,,,0.278691,0.382898,0,0,2,2035.484118
HD 34411_1,HD 34411,1.539,0.078,0.897,0.594,12.5625,1.08,1.731809,,,1.424339,0.71068,0,0,2,2035.484118
HD 34411_3,HD 34411,1.691,0.074,0.798,0.788,12.5625,1.08,1.731809,,,1.613953,0.815491,0,0,2,2035.484118
HD 131156 A_0,HD 131156 A,0.922,0.01,2.426,5.907,6.7536,0.96,0.553095,0.135304,60.307087,0.919472,0.310594,1,2,2,2035.485661
HD 131156 A_1,HD 131156 A,1.097,0.147,1.932,11.706,6.7536,0.96,0.553095,,,1.224809,0.37845,0,1,2,2035.485661
HD 10780_0,HD 10780,0.841,0.11,1.077,1.419,10.0411,0.9,0.515941,,,0.925685,0.111929,0,0,3,2035.487833
HD 10780_3,HD 10780,2.25,0.098,1.348,1.373,10.0411,0.9,0.515941,,,2.06242,0.351897,0,0,3,2035.487833
HD 10780_4,HD 10780,2.669,0.102,2.513,5.195,10.0411,0.9,0.515941,,,2.518983,0.147313,0,0,3,2035.487833
HD 149661_2,HD 149661,2.991,0.073,1.285,1.48,9.8939,0.87,0.462168,,,3.057728,0.28512,0,0,3,2035.49
HD 149661_3,HD 149661,2.364,0.065,0.7,0.369,9.8939,0.87,0.462168,,,2.461541,0.010227,0,0,3,2035.49
HD 149661_5,HD 149661,3.155,0.051,2.936,10.042,9.8939,0.87,0.462168,,,3.032507,0.316122,0,0,3,2035.49
HD 17051_0,HD 17051,1.593,0.055,0.8,0.347,17.3572,1.14,1.737401,,,1.658198,0.976448,0,0,2,2035.49137
HD 17051_1,HD 17051,2.146,0.107,1.035,1.601,17.3572,1.14,1.737401,,,2.375139,0.058644,0,0,2,2035.49137
HD 17051_2,HD 17051,4.311,0.108,1.302,1.937,17.3572,1.14,1.737401,,,4.211009,0.366213,0,0,2,2035.49137
HD 156026_0,HD 156026,3.18,0.093,3.171,12.457,5.9537,0.68,0.157507,,,3.378734,0.550386,0,0,5,2035.493048
HD 156026_1,HD 156026,0.564,0.081,0.509,0.104,5.9537,0.68,0.157507,,,0.550286,0.858345,0,0,5,2035.493048
HD 156026_2,HD 156026,0.423,0.044,0.607,0.161,5.9537,0.68,0.157507,,,0.428775,0.079279,0,0,5,2035.493048
HD 156026_3,HD 156026,1.001,0.06,2.318,6.886,5.9537,0.68,0.157507,,,1.046413,0.061449,0,0,5,2035.493048
HD 156026_5,HD 156026,1.693,0.124,2.972,18.392,5.9537,0.68,0.157507,0.265231,185.406371,1.901248,0.6391,1,1,5,2035.493048
HD 128621_0,HD 128621,0.181,0.076,0.591,0.143,1.3319,0.94,0.503037,0.121686,38.611883,0.1742,0.204524,1,2,3,2035.494418
HD 128621_1,HD 128621,3.969,0.152,0.756,0.205,1.3319,0.94,0.503037,,,3.906407,0.415205,0,0,3,2035.494418
HD 128621_3,HD 128621,4.377,0.084,0.667,0.375,1.3319,0.94,0.503037,,,4.702946,0.004635,0,0,3,2035.494418
HD 128621_4,HD 128621,1.135,0.055,1.179,6.717,1.3319,0.94,0.503037,,,1.166131,0.099769,0,0,3,2035.494418
HD 46588 A_0,HD 46588 A,1.961,0.092,1.375,2.632,18.2023,1.18,1.825997,,,2.003536,0.207306,0,0,2,2035.498518
HD 46588 A_2,HD 46588 A,0.149,0.051,1.651,6.607,18.2023,1.18,1.825997,,,0.142121,0.154945,0,0,2,2035.498518
HD 46588 A_4,HD 46588 A,0.634,0.042,1.252,2.732,18.2023,1.18,1.825997,,,0.623529,0.371655,0,0,2,2035.498518
HD 46588 A_5,HD 46588 A,0.119,0.052,0.593,0.199,18.2023,1.18,1.825997,,,0.113381,0.309072,0,0,2,2035.498518
HD 46588 A_6,HD 46588 A,0.647,0.045,2.121,10.554,18.2023,1.18,1.825997,,,0.672687,0.416424,0,0,2,2035.498518
HD 46588 A_7,HD 46588 A,1.085,0.088,1.256,3.348,18.2023,1.18,1.825997,,,1.180149,0.003911,0,0,2,2035.498518
HD 46588 A_8,HD 46588 A,2.008,0.017,0.521,0.058,18.2023,1.18,1.825997,,,1.999619,0.138838,0,0,2,2035.498518
HD 165499_0,HD 165499,3.777,0.071,0.637,0.343,17.7532,1.08,1.73141,,,3.642525,0.050616,0,0,2,2035.503219
HD 165499_1,HD 165499,0.192,0.04,0.654,0.282,17.7532,1.08,1.73141,,,0.199678,0.003866,0,0,2,2035.503219
HD 165499_3,HD 165499,0.221,0.065,0.75,0.344,17.7532,1.08,1.73141,,,0.213826,0.010191,0,0,2,2035.503219
HD 165499_4,HD 165499,1.569,0.062,3.377,30.496,17.7532,1.08,1.73141,,,1.584183,0.536417,0,0,2,2035.503219
HD 37394_0,HD 37394,1.839,0.051,0.552,0.13,12.2701,0.88,0.477639,,,1.807977,0.320171,0,0,3,2035.509285
HD 37394_1,HD 37394,0.501,0.058,1.934,3.563,12.2701,0.88,0.477639,,,0.47212,0.043126,0,0,3,2035.509285
HD 37394_3,HD 37394,1.245,0.044,1.502,1.233,12.2701,0.88,0.477639,,,1.299779,0.988321,0,0,3,2035.509285
HD 37394_5,HD 37394,0.152,0.102,1.111,2.258,12.2701,0.88,0.477639,,,0.138553,0.113238,0,0,3,2035.509285
HD 37394_9,HD 37394,0.863,0.077,0.726,0.225,12.2701,0.88,0.477639,,,0.925403,0.070525,0,0,3,2035.509285
HD 37394_10,HD 37394,0.093,0.059,3.205,17.212,12.2701,0.88,0.477639,,,0.088477,0.068703,0,0,3,2035.509285
HD 37394_11,HD 37394,1.171,0.065,2.415,3.446,12.2701,0.88,0.477639,0.09561,301.765926,1.213078,0.466475,1,1,3,2035.509285
HD 37394_15,HD 37394,0.222,0.142,1.093,1.517,12.2701,0.88,0.477639,,,0.213864,0.215524,0,0,3,2035.509285
HD 37394_16,HD 37394,2.623,0.055,2.621,11.231,12.2701,0.88,0.477639,,,2.502832,0.17157,0,0,3,2035.509285
HD 201092_1,HD 201092,2.708,0.059,2.37,8.333,3.4964,0.63,0.077786,,,2.552363,0.243267,0,0,8,2035.513161
HD 20794_0,HD 20794,4.322,0.17,2.962,5.482,6.0414,0.97,0.654335,,,4.339306,0.033083,0,0,3,2035.515041
HD 20794_1,HD 20794,2.398,0.095,1.302,1.627,6.0414,0.97,0.654335,,,2.425042,0.13623,0,0,3,2035.515041
HD 84117_2,HD 84117,0.48,0.183,0.807,0.221,14.9515,1.14,1.977425,,,0.500185,0.552928,0,0,2,2035.516411
HD 84117_3,HD 84117,2.469,0.127,0.583,0.082,14.9515,1.14,1.977425,,,2.363354,0.002199,0,0,2,2035.516411
HD 84117_5,HD 84117,2.421,0.095,0.605,0.152,14.9515,1.14,1.977425,,,2.574217,0.620468,0,0,2,2035.516411
HD 7570_0,HD 7570,3.031,0.054,1.134,0.839,15.2609,1.14,2.003549,,,2.903525,0.919723,0,0,2,2035.518473
HD 7570_1,HD 7570,0.15,0.071,0.941,0.934,15.2609,1.14,2.003549,,,0.140331,0.346005,0,0,2,2035.518473
HD 7570_2,HD 7570,1.977,0.063,1.73,5.46,15.2609,1.14,2.003549,,,1.864082,0.636955,0,0,2,2035.518473
HD 7570_3,HD 7570,3.034,0.079,1.364,2.113,15.2609,1.14,2.003549,,,3.197949,0.733194,0,0,2,2035.518473
HD 7570_4,HD 7570,0.569,0.099,0.726,0.218,15.2609,1.14,2.003549,,,0.606591,0.137425,0,0,2,2035.518473
HD 101501_3,HD 101501,0.112,0.069,1.262,2.632,9.5762,0.94,0.608976,,,0.115607,0.037696,0,0,3,2035.522615
HD 101501_7,HD 101501,0.888,0.054,0.887,0.375,9.5762,0.94,0.608976,,,0.840635,0.845555,0,0,3,2035.522615
HD 141004_0,HD 141004,2.629,0.092,2.901,9.32,11.9159,1.09,2.003549,,,2.393895,0.147501,0,0,2,2035.524037
HD 141004_1,HD 141004,0.651,0.071,0.654,0.192,11.9159,1.09,2.003549,,,0.638887,0.112637,0,0,2,2035.524037
HD 141004_2,HD 141004,4.426,0.098,1.019,0.86,11.9159,1.09,2.003549,,,4.083827,0.322228,0,0,2,2035.524037
HD 141004_3,HD 141004,4.115,0.06,0.578,0.156,11.9159,1.09,2.003549,,,4.18195,0.131808,0,0,2,2035.524037
HD 141004_4,HD 141004,3.163,0.091,1.732,5.597,11.9159,1.09,2.003549,,,3.446121,0.530739,0,0,2,2035.524037
HD 95735_0,HD 95735,0.673,0.041,0.901,0.885,2.5461,0.44,0.019934,,,0.664199,0.237249,0,0,4,2035.530941
HD 95735_2,HD 95735,0.392,0.078,0.638,0.142,2.5461,0.44,0.019934,,,0.40968,0.950891,0,2,4,2035.530941
HD 95735_3,HD 95735,0.164,0.146,0.847,0.374,2.5461,0.44,0.019934,0.067286,259.821151,0.16589,0.322007,1,4,4,2035.530941
HD 95735_4,HD 95735,2.481,0.023,1.454,1.218,2.5461,0.44,0.019934,,,2.482741,0.507378,0,0,4,2035.530941
HD 95735_6,HD 95735,0.163,0.047,1.008,1.443,2.5461,0.44,0.019934,,,0.155617,0.777139,0,0,4,2035.530941
HD 16895 A_0,HD 16895 A,3.595,0.047,2.816,6.26,11.1501,1.21,2.246467,,,3.689766,0.159124,0,0,2,2035.534209
HD 16895 A_4,HD 16895 A,4.424,0.091,1.274,1.517,11.1501,1.21,2.246467,,,4.343596,0.010838,0,0,2,2035.534209
HD 16895 A_5,HD 16895 A,1.554,0.05,3.144,6.056,11.1501,1.21,2.246467,,,1.630612,0.186061,0,0,2,2035.534209
HD 16895 A_6,HD 16895 A,0.108,0.029,0.508,0.062,11.1501,1.21,2.246467,,,0.10676,0.471539,0,0,2,2035.534209
HD 3651 A_0,HD 3651 A,0.818,0.09,1.086,1.01,11.1081,0.86,0.531986,,,0.891027,0.251616,0,0,3,2035.535579
HD 3651 A_3,HD 3651 A,0.106,0.12,3.284,4.001,11.1081,0.86,0.531986,,,0.110229,0.000981,0,0,3,2035.535579
HD 3651 A_5,HD 3651 A,0.552,0.025,0.534,0.183,11.1081,0.86,0.531986,,,0.555798,0.862685,0,0,3,2035.535579
HD 38393_0,HD 38393,0.205,0.072,1.088,1.783,8.905,1.23,2.344229,,,0.191923,0.909838,0,0,2,2035.536999
HD 38393_1,HD 38393,3.39,0.099,0.656,0.187,8.905,1.23,2.344229,,,3.724031,0.057497,0,0,2,2035.536999
HD 38393_3,HD 38393,0.355,0.086,1.549,2.654,8.905,1.23,2.344229,,,0.338329,0.26565,0,0,2,2035.536999
HD 38393_4,HD 38393,4.373,0.052,1.208,1.306,8.905,1.23,2.344229,,,4.145759,0.007039,0,0,2,2035.536999
HD 160691_0,HD 160691,1.46,0.051,0.67,0.222,15.6042,1.0,1.898891,,,1.420675,0.017364,0,0,2,2035.538369
HD 160691_1,HD 160691,0.274,0.085,0.88,0.654,15.6042,1.0,1.898891,,,0.277339,0.167763,0,0,2,2035.538369
HD 160691_2,HD 160691,0.346,0.144,0.58,0.113,15.6042,1.0,1.898891,,,0.313635,0.017245,0,0,2,2035.538369
HD 160691_3,HD 160691,0.123,0.058,0.556,0.116,15.6042,1.0,1.898891,,,0.127697,0.824927,0,0,2,2035.538369
HD 160691_4,HD 160691,2.415,0.073,1.777,3.87,15.6042,1.0,1.898891,,,2.240433,0.034508,0,0,2,2035.538369
HD 160691_6,HD 160691,2.937,0.058,2.424,7.702,15.6042,1.0,1.898891,,,3.007171,0.077746,0,0,2,2035.538369
HD 160691_7,HD 160691,3.23,0.098,2.375,2.699,15.6042,1.0,1.898891,,,2.979506,0.005748,0,0,2,2035.538369
HD 201091_1,HD 201091,1.051,0.108,0.699,0.561,3.4966,0.68,0.142364,,,1.008064,0.511813,0,0,6,2035.539739
HD 201091_2,HD 201091,2.964,0.153,0.94,0.635,3.4966,0.68,0.142364,,,2.512302,0.062456,0,0,6,2035.539739
HD 201091_4,HD 201091,2.241,0.067,3.013,5.907,3.4966,0.68,0.142364,,,2.297996,0.046668,0,0,6,2035.539739
HD 4628_0,HD 4628,0.299,0.054,1.741,3.577,7.4352,0.78,0.300193,,,0.311761,0.928283,0,0,4,2035.541109
HD 4628_1,HD 4628,4.258,0.031,1.273,2.113,7.4352,0.78,0.300193,,,4.209205,0.007053,0,0,4,2035.541109
HD 4628_4,HD 4628,4.069,0.034,0.981,0.978,7.4352,0.78,0.300193,,,4.197595,0.283273,0,0,4,2035.541109
HD 4628_5,HD 4628,3.681,0.025,0.897,0.907,7.4352,0.78,0.300193,,,3.589055,0.177111,0,0,4,2035.541109
HD 4628_6,HD 4628,1.476,0.055,1.942,3.279,7.4352,0.78,0.300193,0.119575,224.833008,1.515917,0.832074,1,1,4,2035.541109
HD 143761_0,HD 143761,2.268,0.052,0.622,0.266,17.5108,0.97,1.812174,,,2.232595,0.368494,0,0,2,2035.542479
HD 143761_3,HD 143761,0.463,0.017,0.834,0.418,17.5108,0.97,1.812174,,,0.455133,0.558879,0,0,2,2035.542479
HD 143761_4,HD 143761,1.096,0.157,0.808,2.884,17.5108,0.97,1.812174,,,0.93209,0.178074,0,0,2,2035.542479
HD 143761_5,HD 143761,0.834,0.096,1.155,1.238,17.5108,0.97,1.812174,,,0.757961,0.827839,0,0,2,2035.542479
HD 143761_7,HD 143761,2.609,0.089,2.154,7.734,17.5108,0.97,1.812174,,,2.703786,0.033643,0,0,2,2035.542479
HD 155885_0,HD 155885,0.424,0.016,1.08,4.862,5.9478,0.85,0.332047,,,0.417396,0.052194,0,0,4,2035.543849
HD 155885_1,HD 155885,0.125,0.137,2.355,2.721,5.9478,0.85,0.332047,,,0.141004,0.801654,0,0,4,2035.543849
HD 155885_4,HD 155885,2.293,0.052,0.991,1.006,5.9478,0.85,0.332047,,,2.411859,0.567999,0,0,4,2035.543849
HD 32147_1,HD 32147,0.121,0.122,1.044,1.198,8.844,0.75,0.290202,,,0.119826,0.858806,0,0,4,2035.547537
HD 32147_2,HD 32147,3.272,0.062,1.942,4.24,8.844,0.75,0.290202,,,3.454146,0.622962,0,0,4,2035.547537
HD 10361_1,HD 10361,0.761,0.025,1.303,1.111,8.1965,0.77,0.303879,,,0.773958,0.586032,0,0,4,2035.551953
HD 10361_2,HD 10361,0.985,0.066,0.785,0.305,8.1965,0.77,0.303879,,,0.96078,0.676762,0,0,4,2035.551953
HD 10361_3,HD 10361,1.525,0.07,0.586,0.106,8.1965,0.77,0.303879,,,1.607011,0.354557,0,0,4,2035.551953
HD 10361_4,HD 10361,4.037,0.084,0.501,0.078,8.1965,0.77,0.303879,,,4.017495,0.319902,0,0,4,2035.551953
HD 166_0,HD 166,1.592,0.09,1.08,1.198,13.7662,0.94,0.647292,,,1.536178,0.070701,0,0,3,2035.554134
HD 166_1,HD 166,0.635,0.021,0.515,0.133,13.7662,0.94,0.647292,,,0.639457,0.034229,0,0,3,2035.554134
HD 165341 B_1,HD 165341 B,1.256,0.089,0.5,0.079,5.1225,0.78,0.164324,,,1.365992,0.205942,0,0,6,2035.565485
HD 165341 B_2,HD 165341 B,4.082,0.042,1.247,1.843,5.1225,0.78,0.164324,,,4.237909,0.055183,0,0,6,2035.565485
HD 165341 B_3,HD 165341 B,0.1,0.077,0.528,0.138,5.1225,0.78,0.164324,,,0.104774,0.945196,0,0,6,2035.565485
HD 165341 B_4,HD 165341 B,0.76,0.117,1.137,2.589,5.1225,0.78,0.164324,,,0.726522,0.707593,0,0,6,2035.565485
HD 185144_1,HD 185144,0.747,0.07,0.5,0.055,5.7639,0.87,0.43411,,,0.721756,0.871945,0,0,3,2035.56724
HD 185144_3,HD 185144,0.688,0.135,2.317,4.531,5.7639,0.87,0.43411,,,0.606679,0.012399,0,1,3,2035.56724
HD 20630_1,HD 20630,0.648,0.142,1.547,2.557,9.2762,0.98,0.857235,0.070483,173.037164,0.633569,0.266692,1,2,2,2035.579222
HD 20630_5,HD 20630,1.387,0.083,0.621,0.155,9.2762,0.98,0.857235,,,1.441282,0.544066,0,0,2,2035.579222
HD 131977_0,HD 131977,2.114,0.033,1.305,2.166,5.8864,0.72,0.222536,,,2.156397,0.505609,0,0,5,2035.580592
HD 30652_0,HD 30652,0.357,0.032,0.524,0.114,8.0684,1.25,2.710192,,,0.367804,0.040412,0,0,2,2035.584676
HD 30652_1,HD 30652,3.379,0.099,2.314,3.76,8.0684,1.25,2.710192,,,3.574438,0.002071,0,0,2,2035.584676
HD 30652_2,HD 30652,1.418,0.081,1.563,2.688,8.0684,1.25,2.710192,,,1.333131,0.597999,0,0,2,2035.584676
HD 30652_3,HD 30652,3.27,0.133,2.129,4.102,8.0684,1.25,2.710192,,,3.584723,0.372958,0,0,2,2035.584676
HD 30652_4,HD 30652,2.754,0.119,2.49,10.423,8.0684,1.25,2.710192,,,3.024435,0.242263,0,0,2,2035.584676
HD 10360_0,HD 10360,0.111,0.132,2.009,2.79,8.1894,0.78,0.345382,,,0.122042,0.590153,0,0,4,2035.589375
HD 10360_1,HD 10360,0.559,0.036,0.525,0.157,8.1894,0.78,0.345382,,,0.573398,0.948929,0,0,4,2035.589375
HD 10360_2,HD 10360,3.873,0.13,2.182,6.634,8.1894,0.78,0.345382,,,3.478632,0.463819,0,0,4,2035.589375
HD 10360_4,HD 10360,0.185,0.028,3.239,14.522,8.1894,0.78,0.345382,,,0.188379,0.021877,0,0,4,2035.589375
HD 10360_5,HD 10360,2.33,0.067,0.679,0.262,8.1894,0.78,0.345382,,,2.449257,0.75088,0,0,4,2035.589375
HD 17206_0,HD 17206,1.742,0.09,0.885,0.481,14.2764,1.21,2.616978,,,1.585722,0.44055,0,0,2,2035.590744
HD 17206_1,HD 17206,0.879,0.039,2.253,4.42,14.2764,1.21,2.616978,0.057237,72.585431,0.881909,0.397524,1,1,2,2035.590744
HD 17206_2,HD 17206,0.485,0.035,0.762,0.798,14.2764,1.21,2.616978,,,0.483685,0.194693,0,0,2,2035.590744
HD 155886_1,HD 155886,0.511,0.064,0.698,0.247,5.9523,0.85,0.327491,,,0.484755,0.466148,0,0,3,2035.592114
HD 155886_2,HD 155886,0.232,0.069,1.589,5.691,5.9523,0.85,0.327491,,,0.247972,0.918655,0,0,3,2035.592114
HD 155886_3,HD 155886,1.253,0.044,2.915,5.37,5.9523,0.85,0.327491,,,1.29337,0.086182,0,0,3,2035.592114
HD 155886_4,HD 155886,0.305,0.028,0.94,1.414,5.9523,0.85,0.327491,,,0.302162,0.868204,0,0,3,2035.592114
HD 155886_5,HD 155886,0.201,0.128,1.339,1.367,5.9523,0.85,0.327491,,,0.177804,0.387221,0,0,3,2035.592114
HD 155886_6,HD 155886,0.316,0.044,0.948,1.621,5.9523,0.85,0.327491,,,0.31922,0.342084,0,0,3,2035.592114
HD 155886_7,HD 155886,0.59,0.079,3.352,4.512,5.9523,0.85,0.327491,0.090698,279.638019,0.601703,0.532306,1,3,3,2035.592114
HD 155886_8,HD 155886,3.879,0.087,2.635,17.572,5.9523,0.85,0.327491,,,4.056894,0.243768,0,0,3,2035.592114
HD 58855_0,HD 58855,3.917,0.055,2.746,19.491,20.4021,1.16,2.444556,,,4.121963,0.927326,0,0,2,2035.593484
HD 58855_3,HD 58855,0.12,0.023,0.846,0.638,20.4021,1.16,2.444556,,,0.117322,0.68672,0,0,2,2035.593484
HD 58855_4,HD 58855,1.787,0.062,0.53,0.05,20.4021,1.16,2.444556,,,1.678434,0.352107,0,0,2,2035.593484
HD 58855_5,HD 58855,2.753,0.078,0.74,0.236,20.4021,1.16,2.444556,,,2.775741,0.863203,0,0,2,2035.593484
HD 58855_6,HD 58855,3.408,0.008,0.67,0.345,20.4021,1.16,2.444556,,,3.397921,0.087556,0,0,2,2035.593484
HD 58855_7,HD 58855,0.511,0.017,1.169,0.638,20.4021,1.16,2.444556,,,0.519674,0.198486,0,0,2,2035.593484
HD 58855_8,HD 58855,3.679,0.02,1.665,2.944,20.4021,1.16,2.444556,,,3.666033,0.185526,0,0,2,2035.593484
HD 100623 A_0,HD 100623 A,4.014,0.105,2.503,3.348,9.559,0.88,0.369999,,,4.194099,0.397207,0,0,4,2035.594854
HD 100623 A_2,HD 100623 A,0.102,0.086,0.559,0.126,9.559,0.88,0.369999,,,0.094832,0.100842,0,0,4,2035.594854
HD 100623 A_3,HD 100623 A,4.384,0.075,1.441,2.296,9.559,0.88,0.369999,,,4.707699,0.964998,0,0,4,2035.594854
HD 100623 A_4,HD 100623 A,2.524,0.072,0.66,0.245,9.559,0.88,0.369999,,,2.588436,0.097876,0,0,4,2035.594854
HD 100623 A_5,HD 100623 A,4.18,0.038,0.734,0.268,9.559,0.88,0.369999,,,4.113803,0.549616,0,0,4,2035.594854
HD 100623 A_6,HD 100623 A,0.362,0.165,0.555,0.159,9.559,0.88,0.369999,,,0.402619,0.065176,0,0,4,2035.594854
HD 100623 A_7,HD 100623 A,4.073,0.068,1.365,2.334,9.559,0.88,0.369999,,,3.79605,0.087521,0,0,4,2035.594854
HD 20766_0,HD 20766,1.336,0.161,1.674,2.568,12.0447,1.01,0.794328,,,1.174785,0.659547,0,0,3,2035.601908
HD 20766_1,HD 20766,0.327,0.097,2.659,5.834,12.0447,1.01,0.794328,,,0.352881,0.965032,0,0,3,2035.601908
HD 20766_4,HD 20766,1.915,0.031,0.912,0.627,12.0447,1.01,0.794328,,,1.859829,0.229622,0,0,3,2035.601908
HD 102365_0,HD 102365,1.154,0.024,2.235,6.312,9.3195,1.02,0.843918,0.125626,73.356147,1.179712,0.395589,1,1,3,2035.604385
HD 102365_1,HD 102365,4.021,0.031,1.113,3.548,9.3195,1.02,0.843918,,,4.135724,0.043415,0,0,3,2035.604385
HD 102365_2,HD 102365,0.113,0.031,0.976,1.053,9.3195,1.02,0.843918,,,0.111897,0.12749,0,0,3,2035.604385
HD 43386_0,HD 43386,2.541,0.037,0.504,0.139,19.5879,1.33,2.956651,,,2.606096,0.128566,0,0,2,2035.620075
HD 43386_1,HD 43386,1.141,0.101,1.584,2.087,19.5879,1.33,2.956651,,,1.031957,0.635243,0,0,2,2035.620075
HD 43386_3,HD 43386,0.289,0.045,1.072,1.323,19.5879,1.33,2.956651,,,0.280203,0.158486,0,0,2,2035.620075
HD 187691 A_0,HD 187691 A,3.127,0.076,1.475,3.637,19.4881,1.25,2.834654,,,3.224014,0.155558,0,0,2,2035.625201
HD 187691 A_1,HD 187691 A,2.61,0.091,1.018,4.223,19.4881,1.25,2.834654,,,2.407798,0.370881,0,0,2,2035.625201
HD 187691 A_2,HD 187691 A,3.249,0.037,0.764,0.21,19.4881,1.25,2.834654,,,3.35416,0.714177,0,0,2,2035.625201
HD 187691 A_3,HD 187691 A,2.018,0.038,2.654,7.67,19.4881,1.25,2.834654,,,1.995708,0.486189,0,0,2,2035.625201
HD 201091_1,HD 201091,1.051,0.108,0.699,0.561,3.4966,0.68,0.142364,,,0.967036,0.446729,0,0,7,2035.626571
HD 201091_2,HD 201091,2.964,0.153,0.94,0.635,3.4966,0.68,0.142364,,,2.510559,0.087439,0,0,7,2035.626571
HD 201091_4,HD 201091,2.241,0.067,3.013,5.907,3.4966,0.68,0.142364,,,2.279321,0.067214,0,0,7,2035.626571
HD 128167_0,HD 128167,1.283,0.14,1.15,1.754,15.756,1.39,3.181999,,,1.461061,0.20871,0,0,2,2035.628015
HD 128167_2,HD 128167,3.433,0.063,1.328,4.136,15.756,1.39,3.181999,,,3.402775,0.393345,0,0,2,2035.628015
HD 128167_3,HD 128167,4.878,0.117,2.132,7.451,15.756,1.39,3.181999,,,5.278268,0.509726,0,0,2,2035.628015
HD 128167_4,HD 128167,1.323,0.044,1.923,7.575,15.756,1.39,3.181999,,,1.276464,0.631382,0,0,2,2035.628015
HD 156274 A_3,HD 156274 A,4.433,0.138,1.608,7.03,8.7911,0.9,0.451648,,,4.971435,0.125668,0,0,4,2035.629385
HD 10700_0,HD 10700,1.625,0.099,0.563,0.132,3.6522,0.94,0.505708,,,1.775417,0.196228,0,0,4,2035.630755
HD 210302_0,HD 210302,0.937,0.087,1.293,4.329,18.4579,1.25,2.918099,,,1.01766,0.274958,0,0,2,2035.632125
HD 210302_1,HD 210302,0.316,0.034,0.672,0.336,18.4579,1.25,2.918099,,,0.317262,0.289592,0,0,2,2035.632125
HD 210302_2,HD 210302,0.162,0.125,0.82,0.627,18.4579,1.25,2.918099,,,0.181477,0.859758,0,0,2,2035.632125
HD 210302_3,HD 210302,0.925,0.123,2.909,13.478,18.4579,1.25,2.918099,,,0.844378,0.243368,0,0,2,2035.632125
HD 210302_4,HD 210302,1.629,0.122,1.727,3.133,18.4579,1.25,2.918099,,,1.689029,0.06333,0,0,2,2035.632125
HD 43042_0,HD 43042,4.095,0.078,0.558,0.189,21.7763,1.29,2.935621,,,3.775596,0.400539,0,0,2,2035.633495
HD 43042_1,HD 43042,0.434,0.11,0.533,0.125,21.7763,1.29,2.935621,,,0.431771,0.400571,0,0,2,2035.633495
HD 43042_3,HD 43042,0.724,0.14,0.733,0.336,21.7763,1.29,2.935621,,,0.808294,0.794003,0,0,2,2035.633495
HD 142860_0,HD 142860,0.405,0.081,2.385,3.49,11.2537,1.25,3.038785,,,0.425724,0.579226,0,0,2,2035.635582
HD 142860_2,HD 142860,3.184,0.073,1.146,2.096,11.2537,1.25,3.038785,,,3.31007,0.390262,0,0,2,2035.635582
HD 142860_3,HD 142860,0.465,0.068,1.963,5.667,11.2537,1.25,3.038785,,,0.439024,0.656394,0,0,2,2035.635582
HD 142860_5,HD 142860,0.92,0.074,2.443,2.622,11.2537,1.25,3.038785,0.059191,194.650084,0.891422,0.710312,1,1,2,2035.635582
HD 142860_6,HD 142860,0.627,0.092,3.102,13.817,11.2537,1.25,3.038785,,,0.582399,0.871442,0,0,2,2035.635582
HD 192310_0,HD 192310,1.267,0.07,0.641,3.225,8.8116,0.77,0.404017,,,1.233056,0.408216,0,0,3,2035.636951
HD 192310_1,HD 192310,1.472,0.082,2.73,38.464,8.8116,0.77,0.404017,,,1.432635,0.143122,0,0,3,2035.636951
HD 192310_2,HD 192310,0.631,0.109,2.544,7.928,8.8116,0.77,0.404017,0.075889,97.346393,0.677566,0.465711,1,3,3,2035.636951
HD 192310_3,HD 192310,0.091,0.084,2.458,9.634,8.8116,0.77,0.404017,,,0.098604,0.523837,0,0,3,2035.636951
HD 17925_0,HD 17925,1.472,0.037,0.676,0.225,10.3605,0.82,0.400959,,,1.489622,0.177786,0,0,4,2035.64328
HD 17925_2,HD 17925,0.735,0.099,0.938,0.418,10.3605,0.82,0.400959,,,0.671002,0.222764,0,0,4,2035.64328
HD 17925_3,HD 17925,0.561,0.086,1.065,1.168,10.3605,0.82,0.400959,,,0.591817,0.371633,0,0,4,2035.64328
HD 17925_4,HD 17925,0.848,0.062,1.424,9.166,10.3605,0.82,0.400959,,,0.806047,0.399943,0,0,4,2035.64328
HD 17925_6,HD 17925,3.618,0.076,0.719,0.34,10.3605,0.82,0.400959,,,3.738739,0.228424,0,0,4,2035.64328
HD 140538 A_0,HD 140538 A,2.088,0.047,0.685,0.566,14.7927,0.94,0.834065,,,2.18397,0.601758,0,0,3,2035.647643
HD 140538 A_1,HD 140538 A,0.512,0.053,2.798,25.412,14.7927,0.94,0.834065,,,0.484984,0.315848,0,0,3,2035.647643
HD 140538 A_2,HD 140538 A,4.137,0.053,0.916,0.811,14.7927,0.94,0.834065,,,4.025434,0.695696,0,0,3,2035.647643
HD 134083_0,HD 134083,0.116,0.07,1.9,6.745,19.536,1.33,3.254618,,,0.114977,0.969143,0,0,2,2035.655559
HD 134083_1,HD 134083,0.36,0.097,1.358,1.173,19.536,1.33,3.254618,,,0.378045,0.254254,0,0,2,2035.655559
HD 134083_3,HD 134083,0.749,0.13,0.881,0.648,19.536,1.33,3.254618,,,0.826882,0.281623,0,0,2,2035.655559
HD 134083_4,HD 134083,0.959,0.114,0.591,0.159,19.536,1.33,3.254618,,,1.037809,0.093385,0,0,2,2035.655559
HD 165341 B_1,HD 165341 B,1.256,0.089,0.5,0.079,5.1225,0.78,0.164324,,,1.366498,0.298934,0,0,7,2035.656929
HD 165341 B_2,HD 165341 B,4.082,0.042,1.247,1.843,5.1225,0.78,0.164324,,,4.241858,0.063996,0,0,7,2035.656929
HD 165341 B_3,HD 165341 B,0.1,0.077,0.528,0.138,5.1225,0.78,0.164324,,,0.094439,0.004751,0,0,7,2035.656929
HD 165341 B_4,HD 165341 B,0.76,0.117,1.137,2.589,5.1225,0.78,0.164324,,,0.793008,0.294074,0,0,7,2035.656929
HD 693_0,HD 693,1.045,0.058,1.136,0.946,18.8861,1.18,2.997091,,,1.103965,0.139698,0,0,2,2035.659669
HD 693_1,HD 693,0.139,0.106,2.768,4.782,18.8861,1.18,2.997091,,,0.131691,0.896445,0,0,2,2035.659669
HD 693_3,HD 693,1.448,0.069,1.975,3.293,18.8861,1.18,2.997091,,,1.369746,0.206926,0,0,2,2035.659669
HD 693_4,HD 693,1.744,0.105,1.392,2.423,18.8861,1.18,2.997091,,,1.758092,0.86683,0,0,2,2035.659669
HD 693_5,HD 693,2.909,0.1,1.423,1.783,18.8861,1.18,2.997091,,,2.767931,0.005853,0,0,2,2035.659669
HD 693_6,HD 693,2.914,0.024,0.574,0.086,18.8861,1.18,2.997091,,,2.949798,0.954425,0,0,2,2035.659669
HD 693_7,HD 693,3.93,0.01,2.298,3.376,18.8861,1.18,2.997091,,,3.963071,0.090096,0,0,2,2035.659669
HD 10476_0,HD 10476,0.171,0.07,0.738,0.194,7.6439,0.85,0.453524,,,0.182712,0.424316,0,0,4,2035.661227
HD 1581_1,HD 1581,1.541,0.046,2.633,4.55,8.6071,1.11,1.261828,,,1.610233,0.059569,0,1,2,2035.662597
HD 1581_2,HD 1581,0.181,0.101,0.988,0.788,8.6071,1.11,1.261828,,,0.167047,0.011057,0,0,2,2035.662597
HD 1581_3,HD 1581,1.491,0.126,2.76,9.091,8.6071,1.11,1.261828,,,1.339488,0.291859,0,0,2,2035.662597
HD 1581_4,HD 1581,0.208,0.109,2.378,7.928,8.6071,1.11,1.261828,,,0.211846,0.718696,0,0,2,2035.662597
HD 84737_0,HD 84737,0.596,0.087,1.352,2.836,18.8226,1.08,2.795117,,,0.550748,0.814194,0,0,2,2035.663967
HD 84737_1,HD 84737,3.025,0.071,1.189,2.166,18.8226,1.08,2.795117,,,2.830656,0.289201,0,0,2,2035.663967
HD 84737_2,HD 84737,1.078,0.014,1.079,1.238,18.8226,1.08,2.795117,,,1.09034,0.610896,0,0,2,2035.663967
HD 84737_3,HD 84737,3.774,0.025,0.833,0.582,18.8226,1.08,2.795117,,,3.719762,0.090769,0,0,2,2035.663967
HD 84737_4,HD 84737,0.254,0.074,3.133,5.482,18.8226,1.08,2.795117,,,0.23657,0.761557,0,0,2,2035.663967
HD 84737_5,HD 84737,2.993,0.205,0.508,0.047,18.8226,1.08,2.795117,,,3.482144,0.554993,0,0,2,2035.663967
HD 30495_0,HD 30495,1.934,0.08,0.989,0.414,13.24,1.04,0.966273,,,1.961281,0.347264,0,0,3,2035.666141
HD 30495_2,HD 30495,0.416,0.06,1.179,2.305,13.24,1.04,0.966273,,,0.430728,0.009,0,0,3,2035.666141
HD 30495_3,HD 30495,1.848,0.089,0.623,0.192,13.24,1.04,0.966273,,,1.980148,0.210878,0,0,3,2035.666141
HD 72905_1,HD 72905,0.661,0.069,0.5,0.066,14.4388,1.08,0.973195,,,0.642154,0.020797,0,0,3,2035.669029
HD 72905_3,HD 72905,0.899,0.099,2.776,7.831,14.4388,1.08,0.973195,,,0.96249,0.325992,0,0,3,2035.669029
HD 72905_4,HD 72905,0.923,0.214,1.407,1.443,14.4388,1.08,0.973195,,,0.863446,0.025597,0,0,3,2035.669029
HD 72905_5,HD 72905,3.175,0.086,0.525,0.102,14.4388,1.08,0.973195,,,3.139214,0.272906,0,0,3,2035.669029
HD 22484_0,HD 22484,0.838,0.146,1.142,1.075,13.9204,1.14,3.067609,,,0.875984,0.180993,0,0,2,2035.673008
HD 22484_1,HD 22484,1.12,0.109,1.996,10.252,13.9204,1.14,3.067609,,,1.013565,0.851329,0,0,2,2035.673008
HD 22484_2,HD 22484,0.469,0.117,1.765,4.24,13.9204,1.14,3.067609,,,0.52025,0.038496,0,0,2,2035.673008
HD 22484_5,HD 22484,4.456,0.081,0.516,0.082,13.9204,1.14,3.067609,,,4.095182,0.041444,0,0,2,2035.673008
HD 22484_7,HD 22484,3.201,0.074,0.943,0.772,13.9204,1.14,3.067609,,,2.993186,0.585126,0,0,2,2035.673008
HD 212330 A_0,HD 212330 A,1.747,0.031,3.281,22.163,20.3398,1.02,2.726465,,,1.732812,0.946091,0,0,2,2035.674378
HD 20807_0,HD 20807,0.337,0.072,1.793,2.884,12.0394,1.07,1.016951,,,0.357455,0.071709,0,0,3,2035.675748
HD 20807_1,HD 20807,1.546,0.069,0.954,0.889,12.0394,1.07,1.016951,,,1.452404,0.03317,0,0,3,2035.675748
HD 20807_2,HD 20807,2.979,0.055,2.038,4.205,12.0394,1.07,1.016951,,,3.111123,0.012943,0,0,3,2035.675748
HD 147513_0,HD 147513,1.541,0.04,0.645,0.275,12.8923,1.07,1.000691,,,1.533962,0.601785,0,0,3,2035.677118
HD 147513_1,HD 147513,1.513,0.099,0.537,0.114,12.8923,1.07,1.000691,,,1.527801,0.366471,0,0,3,2035.677118
HD 147513_2,HD 147513,4.633,0.075,1.379,2.053,12.8923,1.07,1.000691,,,4.287046,0.554112,0,0,3,2035.677118
HD 147513_4,HD 147513,0.196,0.111,0.74,0.193,12.8923,1.07,1.000691,,,0.200164,0.001882,0,0,3,2035.677118
HD 147513_5,HD 147513,4.52,0.075,0.624,0.154,12.8923,1.07,1.000691,,,4.534936,0.306057,0,0,3,2035.677118
HD 147513_6,HD 147513,1.743,0.075,1.796,1.351,12.8923,1.07,1.000691,,,1.758649,0.172604,0,0,3,2035.677118
HD 147513_7,HD 147513,2.47,0.028,0.667,0.198,12.8923,1.07,1.000691,,,2.415158,0.959568,0,0,3,2035.677118
HD 149661_2,HD 149661,2.991,0.073,1.285,1.48,9.8939,0.87,0.462168,,,3.012825,0.221316,0,0,4,2035.678488
HD 149661_3,HD 149661,2.364,0.065,0.7,0.369,9.8939,0.87,0.462168,,,2.491414,0.009951,0,0,4,2035.678488
HD 149661_5,HD 149661,3.155,0.051,2.936,10.042,9.8939,0.87,0.462168,,,3.056224,0.224209,0,0,4,2035.678488
HD 4391_0,HD 4391,0.363,0.182,1.471,2.315,15.0487,0.98,0.923422,,,0.361134,0.042686,0,0,3,2035.679858
HD 4391_1,HD 4391,1.544,0.114,0.614,0.238,15.0487,0.98,0.923422,,,1.371769,0.067322,0,0,3,2035.679858
HD 4391_2,HD 4391,0.361,0.058,0.863,0.585,15.0487,0.98,0.923422,,,0.341051,0.042925,0,0,3,2035.679858
HD 4391_3,HD 4391,0.102,0.064,0.942,0.594,15.0487,0.98,0.923422,,,0.097624,0.279489,0,0,3,2035.679858
HD 4391_4,HD 4391,0.526,0.038,2.712,6.312,15.0487,0.98,0.923422,,,0.525979,0.055212,0,0,3,2035.679858
HD 10780_0,HD 10780,0.841,0.11,1.077,1.419,10.0411,0.9,0.515941,,,0.812401,0.426058,0,0,4,2035.685954
HD 10780_3,HD 10780,2.25,0.098,1.348,1.373,10.0411,0.9,0.515941,,,2.03262,0.170841,0,0,4,2035.685954
HD 10780_4,HD 10780,2.669,0.102,2.513,5.195,10.0411,0.9,0.515941,,,2.588429,0.119641,0,0,4,2035.685954
HD 32147_1,HD 32147,0.121,0.122,1.044,1.198,8.844,0.75,0.290202,,,0.125543,0.915146,0,0,5,2035.688497
HD 32147_2,HD 32147,3.272,0.062,1.942,4.24,8.844,0.75,0.290202,,,3.441815,0.672483,0,0,5,2035.688497
HD 155885_0,HD 155885,0.424,0.016,1.08,4.862,5.9478,0.85,0.332047,,,0.430707,0.696971,0,0,5,2035.690333
HD 155885_1,HD 155885,0.125,0.137,2.355,2.721,5.9478,0.85,0.332047,,,0.142075,0.692986,0,0,5,2035.690333
HD 155885_4,HD 155885,2.293,0.052,0.991,1.006,5.9478,0.85,0.332047,,,2.410847,0.472373,0,0,5,2035.690333
HD 10361_1,HD 10361,0.761,0.025,1.303,1.111,8.1965,0.77,0.303879,,,0.778881,0.867876,0,0,5,2035.695959
HD 10361_2,HD 10361,0.985,0.066,0.785,0.305,8.1965,0.77,0.303879,,,1.012055,0.276731,0,0,5,2035.695959
HD 10361_3,HD 10361,1.525,0.07,0.586,0.106,8.1965,0.77,0.303879,,,1.57352,0.246811,0,0,5,2035.695959
HD 10361_4,HD 10361,4.037,0.084,0.501,0.078,8.1965,0.77,0.303879,,,4.050697,0.27256,0,0,5,2035.695959
HD 165341 A_0,HD 165341 A,3.482,0.036,1.359,6.662,5.1133,0.88,0.531741,,,3.491133,0.003658,0,0,3,2035.697559
HD 165341 A_2,HD 165341 A,0.277,0.022,2.947,11.466,5.1133,0.88,0.531741,,,0.271193,0.041689,0,0,3,2035.697559
HD 165341 A_3,HD 165341 A,0.642,0.027,1.615,4.051,5.1133,0.88,0.531741,,,0.657498,0.975729,0,1,3,2035.697559
HD 131977_0,HD 131977,2.114,0.033,1.305,2.166,5.8864,0.72,0.222536,,,2.166596,0.447301,0,0,6,2035.698929
HD 142373_0,HD 142373,1.268,0.168,0.757,0.538,15.8975,1.08,3.136173,,,1.055573,0.040711,0,0,2,2035.705627
HD 142373_1,HD 142373,1.76,0.092,0.868,0.821,15.8975,1.08,3.136173,,,1.750371,0.250548,0,0,2,2035.705627
HD 142373_2,HD 142373,0.834,0.129,2.923,3.951,15.8975,1.08,3.136173,,,0.745132,0.600406,0,0,2,2035.705627
HD 142373_4,HD 142373,1.161,0.006,1.265,1.173,15.8975,1.08,3.136173,,,1.167788,0.515661,0,0,2,2035.705627
HD 142373_6,HD 142373,4.705,0.105,0.947,0.705,15.8975,1.08,3.136173,,,4.775421,0.182633,0,0,2,2035.705627
HD 142373_7,HD 142373,1.878,0.051,2.611,16.581,15.8975,1.08,3.136173,,,1.813992,0.616979,0,0,2,2035.705627
HD 142373_8,HD 142373,3.092,0.053,1.805,4.531,15.8975,1.08,3.136173,,,2.97224,0.815812,0,0,2,2035.705627
HD 136352_0,HD 136352,1.127,0.083,0.501,0.057,14.7391,1.02,1.028964,,,1.033461,0.18224,0,0,3,2035.706997
HD 136352_2,HD 136352,0.995,0.082,1.549,2.6,14.7391,1.02,1.028964,,,1.069586,9e-05,0,0,3,2035.706997
HD 136352_3,HD 136352,3.774,0.069,2.041,2.393,14.7391,1.02,1.028964,,,3.691825,0.525056,0,0,3,2035.706997
HD 136352_4,HD 136352,1.831,0.068,0.826,1.102,14.7391,1.02,1.028964,,,1.769078,0.536089,0,0,3,2035.706997
HD 109358_0,HD 109358,0.599,0.064,0.661,0.181,8.4727,1.08,1.151065,,,0.562131,0.371571,0,0,3,2035.709453
HD 109358_1,HD 109358,0.313,0.024,1.946,4.902,8.4727,1.08,1.151065,,,0.3055,0.011768,0,0,3,2035.709453
HD 109358_3,HD 109358,0.172,0.066,1.409,3.279,8.4727,1.08,1.151065,,,0.18075,0.038801,0,0,3,2035.709453
HD 109358_4,HD 109358,1.488,0.078,0.58,0.237,8.4727,1.08,1.151065,,,1.603832,0.4043,0,0,3,2035.709453
HD 109358_5,HD 109358,3.968,0.05,3.285,8.264,8.4727,1.08,1.151065,,,3.920287,0.015259,0,0,3,2035.709453
HD 201091_1,HD 201091,1.051,0.108,0.699,0.561,3.4966,0.68,0.142364,,,0.941848,0.351271,0,0,8,2035.713346
HD 201091_2,HD 201091,2.964,0.153,0.94,0.635,3.4966,0.68,0.142364,,,2.513716,0.118088,0,0,8,2035.713346
HD 201091_4,HD 201091,2.241,0.067,3.013,5.907,3.4966,0.68,0.142364,,,2.259835,0.094016,0,0,8,2035.713346
HD 4614 A_0,HD 4614 A,4.718,0.051,1.358,2.277,5.0098,1.14,1.251988,,,4.91849,0.071918,0,0,3,2035.717446
HD 4614 A_1,HD 4614 A,0.651,0.133,0.728,0.414,5.0098,1.14,1.251988,,,0.627611,0.076823,0,0,3,2035.717446
HD 4614 A_2,HD 4614 A,2.584,0.017,1.361,5.26,5.0098,1.14,1.251988,,,2.612586,0.523156,0,0,3,2035.717446
HD 146233_0,HD 146233,0.356,0.047,2.679,19.012,14.1369,1.02,1.094208,,,0.348664,0.897836,0,0,3,2035.728091
HD 146233_1,HD 146233,0.206,0.044,2.032,18.545,14.1369,1.02,1.094208,,,0.205076,0.471068,0,0,3,2035.728091
HD 146233_4,HD 146233,0.539,0.141,1.433,1.238,14.1369,1.02,1.094208,,,0.484434,0.167266,0,0,3,2035.728091
HD 101501_3,HD 101501,0.112,0.069,1.262,2.632,9.5762,0.94,0.608976,,,0.115344,0.814498,0,0,4,2035.742142
HD 101501_7,HD 101501,0.888,0.054,0.887,0.375,9.5762,0.94,0.608976,,,0.884707,0.055555,0,0,4,2035.742142
HD 3651 A_0,HD 3651 A,0.818,0.09,1.086,1.01,11.1081,0.86,0.531986,,,0.809523,0.0396,0,0,4,2035.743512
HD 3651 A_3,HD 3651 A,0.106,0.12,3.284,4.001,11.1081,0.86,0.531986,,,0.096003,0.903226,0,0,4,2035.743512
HD 3651 A_5,HD 3651 A,0.552,0.025,0.534,0.183,11.1081,0.86,0.531986,,,0.546402,0.026234,0,0,4,2035.743512
HD 20794_0,HD 20794,4.322,0.17,2.962,5.482,6.0414,0.97,0.654335,,,4.222175,0.047863,0,0,4,2035.744881
HD 20794_1,HD 20794,2.398,0.095,1.302,1.627,6.0414,0.97,0.654335,,,2.505529,0.252674,0,0,4,2035.744881
HD 10360_0,HD 10360,0.111,0.132,2.009,2.79,8.1894,0.78,0.345382,,,0.122361,0.298662,0,0,5,2035.746874
HD 10360_1,HD 10360,0.559,0.036,0.525,0.157,8.1894,0.78,0.345382,,,0.565169,0.099559,0,0,5,2035.746874
HD 10360_2,HD 10360,3.873,0.13,2.182,6.634,8.1894,0.78,0.345382,,,3.521426,0.53785,0,0,5,2035.746874
HD 10360_4,HD 10360,0.185,0.028,3.239,14.522,8.1894,0.78,0.345382,,,0.181063,0.624322,0,0,5,2035.746874
HD 10360_5,HD 10360,2.33,0.067,0.679,0.262,8.1894,0.78,0.345382,,,2.42253,0.815599,0,0,5,2035.746874
HD 165341 B_1,HD 165341 B,1.256,0.089,0.5,0.079,5.1225,0.78,0.164324,,,1.354954,0.408038,0,0,8,2035.748244
HD 165341 B_2,HD 165341 B,4.082,0.042,1.247,1.843,5.1225,0.78,0.164324,,,4.245238,0.073835,0,0,8,2035.748244
HD 165341 B_3,HD 165341 B,0.1,0.077,0.528,0.138,5.1225,0.78,0.164324,,,0.106941,0.82439,0,0,8,2035.748244
HD 165341 B_4,HD 165341 B,0.76,0.117,1.137,2.589,5.1225,0.78,0.164324,,,0.838868,0.066776,0,0,8,2035.748244
HD 100623 A_0,HD 100623 A,4.014,0.105,2.503,3.348,9.559,0.88,0.369999,,,4.151148,0.343226,0,0,5,2035.750993
HD 100623 A_2,HD 100623 A,0.102,0.086,0.559,0.126,9.559,0.88,0.369999,,,0.108415,0.621097,0,0,5,2035.750993
HD 100623 A_3,HD 100623 A,4.384,0.075,1.441,2.296,9.559,0.88,0.369999,,,4.711667,0.972308,0,0,5,2035.750993
HD 100623 A_4,HD 100623 A,2.524,0.072,0.66,0.245,9.559,0.88,0.369999,,,2.624291,0.105845,0,0,5,2035.750993
HD 100623 A_5,HD 100623 A,4.18,0.038,0.734,0.268,9.559,0.88,0.369999,,,4.098403,0.588859,0,0,5,2035.750993
HD 100623 A_6,HD 100623 A,0.362,0.165,0.555,0.159,9.559,0.88,0.369999,,,0.395563,0.041248,0,0,5,2035.750993
HD 100623 A_7,HD 100623 A,4.073,0.068,1.365,2.334,9.559,0.88,0.369999,,,3.798372,0.122942,0,0,5,2035.750993
HD 23249_0,HD 23249,2.38,0.039,0.804,0.454,9.0888,0.87,2.941034,,,2.461633,0.336455,0,0,2,2035.752362
HD 23249_1,HD 23249,2.348,0.031,1.487,8.264,9.0888,0.87,2.941034,,,2.275473,0.018049,0,0,2,2035.752362
HD 216803_1,HD 216803,3.539,0.087,2.035,4.943,7.6015,0.72,0.196336,,,3.716074,0.452534,0,0,2,2035.753896
HD 216803_3,HD 216803,0.104,0.044,0.893,0.59,7.6015,0.72,0.196336,,,0.104275,0.037755,0,0,2,2035.753896
HD 216803_4,HD 216803,2.738,0.038,2.631,20.064,7.6015,0.72,0.196336,,,2.836325,0.586139,0,1,2,2035.753896
HD 216803_5,HD 216803,0.109,0.06,0.686,0.28,7.6015,0.72,0.196336,,,0.109975,0.615694,0,0,2,2035.753896
HD 216803_6,HD 216803,0.431,0.071,1.431,2.884,7.6015,0.72,0.196336,,,0.421474,0.100576,0,0,2,2035.753896
HD 114710_0,HD 114710,1.415,0.117,0.681,0.481,9.1975,1.11,1.357063,,,1.256053,0.086692,0,0,3,2035.777777
HD 114710_1,HD 114710,0.314,0.116,0.63,0.141,9.1975,1.11,1.357063,,,0.294065,0.602874,0,0,3,2035.777777
HD 114710_2,HD 114710,2.258,0.018,0.683,0.149,9.1975,1.11,1.357063,,,2.247008,0.012558,0,0,3,2035.777777
HD 114710_4,HD 114710,0.861,0.053,0.898,0.364,9.1975,1.11,1.357063,,,0.818153,0.212325,0,0,3,2035.777777
HD 114710_5,HD 114710,0.124,0.109,3.108,4.801,9.1975,1.11,1.357063,,,0.11887,0.059891,0,0,3,2035.777777
HD 65907 A_0,HD 65907 A,0.584,0.099,0.585,0.135,16.1718,1.11,1.290031,,,0.635569,0.031526,0,0,3,2035.78068
HD 65907 A_1,HD 65907 A,1.316,0.075,0.982,1.107,16.1718,1.11,1.290031,,,1.218341,0.851777,0,0,3,2035.78068
HD 65907 A_2,HD 65907 A,1.009,0.058,1.202,3.968,16.1718,1.11,1.290031,,,1.031015,0.265676,0,0,3,2035.78068
HD 95735_0,HD 95735,0.673,0.041,0.901,0.885,2.5461,0.44,0.019934,0.113153,323.301064,0.652278,0.909355,1,1,5,2035.783031
HD 95735_2,HD 95735,0.392,0.078,0.638,0.142,2.5461,0.44,0.019934,,,0.410469,0.125262,0,2,5,2035.783031
HD 95735_3,HD 95735,0.164,0.146,0.847,0.374,2.5461,0.44,0.019934,0.062757,100.127169,0.165931,0.224454,1,5,5,2035.783031
HD 95735_4,HD 95735,2.481,0.023,1.454,1.218,2.5461,0.44,0.019934,,,2.467494,0.359364,0,0,5,2035.783031
HD 95735_6,HD 95735,0.163,0.047,1.008,1.443,2.5461,0.44,0.019934,,,0.170657,0.010613,0,0,5,2035.783031
HD 166_0,HD 166,1.592,0.09,1.08,1.198,13.7662,0.94,0.647292,,,1.461588,0.002112,0,0,4,2035.784401
HD 166_1,HD 166,0.635,0.021,0.515,0.133,13.7662,0.94,0.647292,,,0.626728,0.893583,0,0,4,2035.784401
HD 190360_0,HD 190360,0.922,0.17,1.79,3.607,16.0035,0.96,1.165467,,,1.05972,0.171929,0,0,3,2035.786705
HD 190360_1,HD 190360,3.764,0.081,1.071,4.456,16.0035,0.96,1.165467,,,3.79182,0.198031,0,0,3,2035.786705
HD 190360_3,HD 190360,3.632,0.139,2.733,14.342,16.0035,0.96,1.165467,,,4.111616,0.157432,0,0,3,2035.786705
HD 190360_4,HD 190360,1.735,0.021,0.534,0.11,16.0035,0.96,1.165467,,,1.736357,0.140963,0,0,3,2035.786705
HD 190360_5,HD 190360,0.581,0.08,1.934,4.569,16.0035,0.96,1.165467,,,0.615659,0.90752,0,0,3,2035.786705
HD 190248_1,HD 190248,1.11,0.055,1.408,1.805,6.0993,0.94,1.249971,,,1.103674,0.065086,0,0,3,2035.788075
HD 190248_2,HD 190248,3.754,0.072,1.017,1.843,6.0993,0.94,1.249971,,,4.02328,0.29011,0,0,3,2035.788075
HD 190248_3,HD 190248,1.406,0.139,0.51,0.145,6.0993,0.94,1.249971,,,1.342271,0.568253,0,0,3,2035.788075
HD 50692_0,HD 50692,3.95,0.04,2.831,8.758,17.4047,1.08,1.293302,,,4.076263,0.420019,0,0,3,2035.797313
HD 50692_1,HD 50692,0.28,0.064,0.734,0.338,17.4047,1.08,1.293302,,,0.267022,0.512903,0,0,3,2035.797313
HD 50692_2,HD 50692,0.513,0.081,1.798,3.935,17.4047,1.08,1.293302,,,0.553349,0.472863,0,0,3,2035.797313
HD 50692_3,HD 50692,0.925,0.032,2.849,11.466,17.4047,1.08,1.293302,,,0.895697,0.762435,0,0,3,2035.797313
HD 203608_0,HD 203608,2.203,0.092,1.79,8.196,9.2584,1.14,1.465548,,,2.269106,0.121006,0,0,3,2035.80732
HD 203608_1,HD 203608,2.342,0.1,0.502,0.084,9.2584,1.14,1.465548,,,2.227888,0.361295,0,0,3,2035.80732
HD 203608_2,HD 203608,2.74,0.062,1.086,2.044,9.2584,1.14,1.465548,,,2.679748,0.306152,0,0,3,2035.80732
HD 203608_5,HD 203608,4.293,0.038,0.929,1.188,9.2584,1.14,1.465548,,,4.427601,0.016755,0,0,3,2035.80732
HD 203608_6,HD 203608,0.526,0.072,0.985,0.835,9.2584,1.14,1.465548,,,0.48814,0.471309,0,0,3,2035.80732
HD 156274 A_3,HD 156274 A,4.433,0.138,1.608,7.03,8.7911,0.9,0.451648,,,4.998164,0.099374,0,0,5,2035.80869
HD 17925_0,HD 17925,1.472,0.037,0.676,0.225,10.3605,0.82,0.400959,,,1.460301,0.284676,0,0,5,2035.815079
HD 17925_2,HD 17925,0.735,0.099,0.938,0.418,10.3605,0.82,0.400959,,,0.708236,0.012228,0,0,5,2035.815079
HD 17925_3,HD 17925,0.561,0.086,1.065,1.168,10.3605,0.82,0.400959,,,0.573932,0.771256,0,0,5,2035.815079
HD 17925_4,HD 17925,0.848,0.062,1.424,9.166,10.3605,0.82,0.400959,,,0.807127,0.008379,0,0,5,2035.815079
HD 17925_6,HD 17925,3.618,0.076,0.719,0.34,10.3605,0.82,0.400959,,,3.77131,0.191513,0,0,5,2035.815079
HD 33262 A_0,HD 33262 A,4.098,0.155,0.949,1.396,11.6927,1.14,1.466223,,,4.726838,0.053795,0,0,3,2035.816448
HD 33262 A_1,HD 33262 A,3.3,0.062,1.368,3.018,11.6927,1.14,1.466223,,,3.302849,0.023446,0,0,3,2035.816448
HD 33262 A_2,HD 33262 A,3.337,0.087,0.965,0.878,11.6927,1.14,1.466223,,,3.623771,0.157803,0,0,3,2035.816448
HD 33262 A_4,HD 33262 A,1.015,0.091,2.255,4.512,11.6927,1.14,1.466223,0.074842,174.053479,0.93425,0.419627,1,1,3,2035.816448
HD 33262 A_5,HD 33262 A,0.358,0.206,1.487,4.188,11.6927,1.14,1.466223,,,0.364364,0.844941,0,0,3,2035.816448
HD 33262 A_6,HD 33262 A,0.874,0.139,0.646,0.237,11.6927,1.14,1.466223,,,0.839982,0.028675,0,0,3,2035.816448
HD 33262 A_8,HD 33262 A,0.199,0.101,2.893,19.25,11.6927,1.14,1.466223,,,0.215287,0.250005,0,0,3,2035.816448
HD 131977_0,HD 131977,2.114,0.033,1.305,2.166,5.8864,0.72,0.222536,,,2.174683,0.387389,0,0,7,2035.817818
HD 128620_0,HD 128620,1.567,0.074,0.945,0.99,1.3319,1.11,1.520898,,,1.680256,0.994396,0,0,3,2035.819188
HD 128620_1,HD 128620,1.266,0.016,1.198,1.075,1.3319,1.11,1.520898,,,1.250656,0.039069,0,0,3,2035.819188
HD 10700_0,HD 10700,1.625,0.099,0.563,0.132,3.6522,0.94,0.505708,,,1.727168,0.15007,0,0,5,2035.821724
HD 32147_1,HD 32147,0.121,0.122,1.044,1.198,8.844,0.75,0.290202,,,0.130383,0.869027,0,0,6,2035.829457
HD 32147_2,HD 32147,3.272,0.062,1.942,4.24,8.844,0.75,0.290202,,,3.426855,0.71854,0,0,6,2035.829457
HD 55575_0,HD 55575,1.084,0.09,0.727,0.609,16.8518,1.14,1.462851,,,1.043092,0.003215,0,0,3,2035.832284
HD 55575_1,HD 55575,0.133,0.053,0.578,0.106,16.8518,1.14,1.462851,,,0.140019,0.114309,0,0,3,2035.832284
HD 19373_0,HD 19373,0.74,0.034,3.212,7.638,10.5774,1.08,2.230489,0.060676,22.466501,0.764398,0.616909,1,2,2,2035.835388
HD 19373_2,HD 19373,0.724,0.048,1.483,3.887,10.5774,1.08,2.230489,,,0.755785,0.71817,0,0,2,2035.835388
HD 19373_3,HD 19373,0.676,0.061,1.037,3.107,10.5774,1.08,2.230489,,,0.710579,0.020226,0,0,2,2035.835388
HD 19373_6,HD 19373,0.114,0.04,2.433,5.437,10.5774,1.08,2.230489,,,0.109624,0.081524,0,0,2,2035.835388
HD 19373_7,HD 19373,2.87,0.048,1.622,4.984,10.5774,1.08,2.230489,,,2.996249,0.447982,0,0,2,2035.835388
HD 155885_0,HD 155885,0.424,0.016,1.08,4.862,5.9478,0.85,0.332047,,,0.417238,0.085219,0,0,6,2035.836818
HD 155885_1,HD 155885,0.125,0.137,2.355,2.721,5.9478,0.85,0.332047,,,0.141751,0.568387,0,0,6,2035.836818
HD 155885_4,HD 155885,2.293,0.052,0.991,1.006,5.9478,0.85,0.332047,,,2.403483,0.377032,0,0,6,2035.836818
HD 10361_1,HD 10361,0.761,0.025,1.303,1.111,8.1965,0.77,0.303879,,,0.761797,0.437635,0,0,6,2035.839966
HD 10361_2,HD 10361,0.985,0.066,0.785,0.305,8.1965,0.77,0.303879,,,1.04571,0.056187,0,0,6,2035.839966
HD 10361_3,HD 10361,1.525,0.07,0.586,0.106,8.1965,0.77,0.303879,,,1.531139,0.159952,0,0,6,2035.839966
HD 10361_4,HD 10361,4.037,0.084,0.501,0.078,8.1965,0.77,0.303879,,,4.083501,0.229337,0,0,6,2035.839966
HD 86728 A_0,HD 86728 A,0.138,0.113,0.53,0.096,14.9263,1.0,1.377844,,,0.149394,0.799104,0,0,3,2035.845774
HD 86728 A_1,HD 86728 A,1.194,0.049,0.519,0.097,14.9263,1.0,1.377844,,,1.136297,0.712096,0,0,3,2035.845774
HD 86728 A_2,HD 86728 A,1.586,0.024,0.736,0.333,14.9263,1.0,1.377844,,,1.573373,0.645498,0,0,3,2035.845774
HD 86728 A_3,HD 86728 A,0.34,0.077,0.971,1.049,14.9263,1.0,1.377844,,,0.355024,0.126417,0,0,3,2035.845774
HD 86728 A_4,HD 86728 A,3.143,0.15,2.985,25.307,14.9263,1.0,1.377844,,,2.819142,0.360163,0,0,3,2035.845774
HD 86728 A_5,HD 86728 A,0.238,0.132,1.155,1.588,14.9263,1.0,1.377844,,,0.227188,0.95752,0,0,3,2035.845774
HD 86728 A_6,HD 86728 A,2.84,0.137,2.462,4.922,14.9263,1.0,1.377844,,,3.013463,0.540309,0,0,3,2035.845774
HD 10476_0,HD 10476,0.171,0.07,0.738,0.194,7.6439,0.85,0.453524,,,0.159707,0.067436,0,0,5,2035.847144
HD 90839_0,HD 90839,3.665,0.022,0.781,0.406,12.9452,1.18,1.605092,,,3.663004,0.001869,0,0,3,2035.855697
HD 90839_1,HD 90839,0.191,0.094,1.403,1.498,12.9452,1.18,1.605092,,,0.173832,0.255725,0,0,3,2035.855697
HD 90839_2,HD 90839,3.378,0.112,1.125,1.163,12.9452,1.18,1.605092,,,3.608765,0.54882,0,0,3,2035.855697
HD 90839_5,HD 90839,0.15,0.051,2.273,7.359,12.9452,1.18,1.605092,,,0.143385,0.093285,0,0,3,2035.855697
HD 20630_1,HD 20630,0.648,0.142,1.547,2.557,9.2762,0.98,0.857235,0.073202,314.523954,0.701262,0.491493,1,3,3,2035.859813
HD 20630_5,HD 20630,1.387,0.083,0.621,0.155,9.2762,0.98,0.857235,,,1.501771,0.455613,0,0,3,2035.859813
HD 20766_0,HD 20766,1.336,0.161,1.674,2.568,12.0447,1.01,0.794328,,,1.391617,0.374905,0,0,4,2035.861183
HD 20766_1,HD 20766,0.327,0.097,2.659,5.834,12.0447,1.01,0.794328,,,0.295282,0.002768,0,0,4,2035.861183
HD 20766_4,HD 20766,1.915,0.031,0.912,0.627,12.0447,1.01,0.794328,,,1.883464,0.046457,0,0,4,2035.861183
HD 149661_2,HD 149661,2.991,0.073,1.285,1.48,9.8939,0.87,0.462168,,,2.966989,0.166629,0,0,5,2035.864029
HD 149661_3,HD 149661,2.364,0.065,0.7,0.369,9.8939,0.87,0.462168,,,2.510311,0.020381,0,0,5,2035.864029
HD 149661_5,HD 149661,3.155,0.051,2.936,10.042,9.8939,0.87,0.462168,,,3.083348,0.150406,0,0,5,2035.864029
HD 26965 A_1,HD 26965 A,0.482,0.058,1.38,6.418,5.0098,0.86,0.409732,0.100541,78.086743,0.4947,0.350904,1,2,3,2035.867625
HD 26965 A_2,HD 26965 A,0.345,0.049,0.5,0.068,5.0098,0.86,0.409732,,,0.328808,0.571442,0,0,3,2035.867625
HD 53705_0,HD 53705,0.273,0.081,1.735,7.702,17.0593,1.04,1.489704,,,0.27761,0.33206,0,0,3,2035.881086
HD 53705_1,HD 53705,2.604,0.083,3.306,29.747,17.0593,1.04,1.489704,,,2.760858,0.208078,0,0,3,2035.881086
HD 53705_2,HD 53705,1.597,0.089,2.478,5.883,17.0593,1.04,1.489704,,,1.535379,0.417705,0,0,3,2035.881086
HD 53705_3,HD 53705,0.715,0.026,1.359,2.07,17.0593,1.04,1.489704,,,0.70332,0.316016,0,0,3,2035.881086
HD 53705_4,HD 53705,0.527,0.092,2.437,20.655,17.0593,1.04,1.489704,,,0.479715,0.730434,0,0,3,2035.881086
HD 10780_0,HD 10780,0.841,0.11,1.077,1.419,10.0411,0.9,0.515941,,,0.756704,0.582644,0,0,5,2035.884075
HD 10780_3,HD 10780,2.25,0.098,1.348,1.373,10.0411,0.9,0.515941,,,2.034781,0.057405,0,0,5,2035.884075
HD 10780_4,HD 10780,2.669,0.102,2.513,5.195,10.0411,0.9,0.515941,,,2.662176,0.107481,0,0,5,2035.884075
HD 39091_1,HD 39091,3.12,0.028,1.191,1.233,18.2874,1.08,1.533204,,,3.099933,0.084186,0,0,3,2035.886869
HD 39091_2,HD 39091,2.865,0.029,0.677,0.276,18.2874,1.08,1.533204,,,2.850483,0.221411,0,0,3,2035.886869
HD 39091_3,HD 39091,3.55,0.072,1.069,1.542,18.2874,1.08,1.533204,,,3.763204,0.768501,0,0,3,2035.886869
HD 39091_4,HD 39091,4.534,0.027,1.234,2.258,18.2874,1.08,1.533204,,,4.59382,0.386945,0,0,3,2035.886869
HD 39091_5,HD 39091,1.437,0.051,1.31,4.963,18.2874,1.08,1.533204,,,1.369562,0.197524,0,0,3,2035.886869
HD 39091_6,HD 39091,0.67,0.012,2.604,10.642,18.2874,1.08,1.533204,,,0.677352,0.388595,0,0,3,2035.886869
HD 95128_1,HD 95128,2.285,0.074,0.586,0.123,13.8875,1.07,1.576885,,,2.437207,0.015572,0,0,3,2035.890121
HD 95128_2,HD 95128,4.586,0.035,0.538,0.151,13.8875,1.07,1.576885,,,4.730802,0.004246,0,0,3,2035.890121
HD 95128_3,HD 95128,0.343,0.031,2.771,11.324,13.8875,1.07,1.576885,,,0.350229,0.246361,0,0,3,2035.890121
HD 95128_4,HD 95128,2.15,0.173,1.218,1.843,13.8875,1.07,1.576885,,,2.097859,0.007299,0,0,3,2035.890121
HD 95128_5,HD 95128,0.6,0.105,2.299,6.552,13.8875,1.07,1.576885,,,0.662097,0.588851,0,0,3,2035.890121
HD 95128_6,HD 95128,0.335,0.024,2.419,6.471,13.8875,1.07,1.576885,,,0.327979,0.302926,0,0,3,2035.890121
HD 95128_7,HD 95128,0.847,0.089,1.394,2.221,13.8875,1.07,1.576885,,,0.809571,0.063677,0,0,3,2035.890121
HD 95128_8,HD 95128,0.588,0.034,2.182,4.922,13.8875,1.07,1.576885,,,0.581591,0.788203,0,0,3,2035.890121
HD 10360_0,HD 10360,0.111,0.132,2.009,2.79,8.1894,0.78,0.345382,,,0.101983,0.104387,0,0,6,2035.904373
HD 10360_1,HD 10360,0.559,0.036,0.525,0.157,8.1894,0.78,0.345382,,,0.539517,0.160616,0,0,6,2035.904373
HD 10360_2,HD 10360,3.873,0.13,2.182,6.634,8.1894,0.78,0.345382,,,3.569223,0.610111,0,0,6,2035.904373
HD 10360_4,HD 10360,0.185,0.028,3.239,14.522,8.1894,0.78,0.345382,,,0.181794,0.810267,0,0,6,2035.904373
HD 10360_5,HD 10360,2.33,0.067,0.679,0.262,8.1894,0.78,0.345382,,,2.390302,0.852118,0,0,6,2035.904373
HD 100623 A_0,HD 100623 A,4.014,0.105,2.503,3.348,9.559,0.88,0.369999,,,4.106053,0.291212,0,0,6,2035.907131
HD 100623 A_2,HD 100623 A,0.102,0.086,0.559,0.126,9.559,0.88,0.369999,,,0.098269,0.172161,0,0,6,2035.907131
HD 100623 A_3,HD 100623 A,4.384,0.075,1.441,2.296,9.559,0.88,0.369999,,,4.712783,0.972942,0,0,6,2035.907131
HD 100623 A_4,HD 100623 A,2.524,0.072,0.66,0.245,9.559,0.88,0.369999,,,2.654864,0.121541,0,0,6,2035.907131
HD 100623 A_5,HD 100623 A,4.18,0.038,0.734,0.268,9.559,0.88,0.369999,,,4.083932,0.625747,0,0,6,2035.907131
HD 100623 A_6,HD 100623 A,0.362,0.165,0.555,0.159,9.559,0.88,0.369999,,,0.302294,0.964998,0,0,6,2035.907131
HD 100623 A_7,HD 100623 A,4.073,0.068,1.365,2.334,9.559,0.88,0.369999,,,3.804642,0.165367,0,0,6,2035.907131
HD 140538 A_0,HD 140538 A,2.088,0.047,0.685,0.566,14.7927,0.94,0.834065,,,2.159855,0.321458,0,0,4,2035.925574
HD 140538 A_1,HD 140538 A,0.512,0.053,2.798,25.412,14.7927,0.94,0.834065,,,0.51827,0.004017,0,0,4,2035.925574
HD 140538 A_2,HD 140538 A,4.137,0.053,0.916,0.811,14.7927,0.94,0.834065,,,3.9889,0.796372,0,0,4,2035.925574
HD 17051_0,HD 17051,1.593,0.055,0.8,0.347,17.3572,1.14,1.737401,,,1.542674,0.368163,0,0,3,2035.928966
HD 17051_1,HD 17051,2.146,0.107,1.035,1.601,17.3572,1.14,1.737401,,,2.308201,0.006882,0,0,3,2035.928966
HD 17051_2,HD 17051,4.311,0.108,1.302,1.937,17.3572,1.14,1.737401,,,4.064384,0.213756,0,0,3,2035.928966
HD 34411_0,HD 34411,0.295,0.082,3.192,20.914,12.5625,1.08,1.731809,,,0.290934,0.429026,0,0,3,2035.93262
HD 34411_1,HD 34411,1.539,0.078,0.897,0.594,12.5625,1.08,1.731809,,,1.576175,0.08624,0,0,3,2035.93262
HD 34411_3,HD 34411,1.691,0.074,0.798,0.788,12.5625,1.08,1.731809,,,1.768475,0.327731,0,0,3,2035.93262
HD 95735_0,HD 95735,0.673,0.041,0.901,0.885,2.5461,0.44,0.019934,,,0.681186,0.381159,0,1,6,2035.93399
HD 95735_2,HD 95735,0.392,0.078,0.638,0.142,2.5461,0.44,0.019934,,,0.394123,0.963379,0,2,6,2035.93399
HD 95735_3,HD 95735,0.164,0.146,0.847,0.374,2.5461,0.44,0.019934,0.065437,248.255192,0.170292,0.282797,1,6,6,2035.93399
HD 95735_4,HD 95735,2.481,0.023,1.454,1.218,2.5461,0.44,0.019934,,,2.45872,0.278547,0,0,6,2035.93399
HD 95735_6,HD 95735,0.163,0.047,1.008,1.443,2.5461,0.44,0.019934,,,0.15549,0.94754,0,0,6,2035.93399
HD 131977_0,HD 131977,2.114,0.033,1.305,2.166,5.8864,0.72,0.222536,,,2.18028,0.329438,0,0,8,2035.93571
HD 46588 A_0,HD 46588 A,1.961,0.092,1.375,2.632,18.2023,1.18,1.825997,,,2.134077,0.266538,0,0,3,2035.94498
HD 46588 A_2,HD 46588 A,0.149,0.051,1.651,6.607,18.2023,1.18,1.825997,,,0.156586,0.81219,0,0,3,2035.94498
HD 46588 A_4,HD 46588 A,0.634,0.042,1.252,2.732,18.2023,1.18,1.825997,,,0.630001,0.258831,0,0,3,2035.94498
HD 46588 A_5,HD 46588 A,0.119,0.052,0.593,0.199,18.2023,1.18,1.825997,,,0.121765,0.320788,0,0,3,2035.94498
HD 46588 A_6,HD 46588 A,0.647,0.045,2.121,10.554,18.2023,1.18,1.825997,,,0.665034,0.234908,0,0,3,2035.94498
HD 46588 A_7,HD 46588 A,1.085,0.088,1.256,3.348,18.2023,1.18,1.825997,,,0.996677,0.946936,0,0,3,2035.94498
HD 46588 A_8,HD 46588 A,2.008,0.017,0.521,0.058,18.2023,1.18,1.825997,,,1.974836,0.519635,0,0,3,2035.94498
HD 3651 A_0,HD 3651 A,0.818,0.09,1.086,1.01,11.1081,0.86,0.531986,,,0.747515,0.474006,0,0,5,2035.950896
HD 3651 A_3,HD 3651 A,0.106,0.12,3.284,4.001,11.1081,0.86,0.531986,,,0.118697,0.168808,0,0,5,2035.950896
HD 3651 A_5,HD 3651 A,0.552,0.025,0.534,0.183,11.1081,0.86,0.531986,,,0.560394,0.708975,0,0,5,2035.950896
HD 165499_0,HD 165499,3.777,0.071,0.637,0.343,17.7532,1.08,1.73141,,,3.745769,0.007023,0,0,3,2035.952266
HD 165499_1,HD 165499,0.192,0.04,0.654,0.282,17.7532,1.08,1.73141,,,0.184586,0.902762,0,0,3,2035.952266
HD 165499_3,HD 165499,0.221,0.065,0.75,0.344,17.7532,1.08,1.73141,,,0.2288,0.874316,0,0,3,2035.952266
HD 165499_4,HD 165499,1.569,0.062,3.377,30.496,17.7532,1.08,1.73141,,,1.666265,0.974317,0,0,3,2035.952266
HD 72905_1,HD 72905,0.661,0.069,0.5,0.066,14.4388,1.08,0.973195,,,0.6683,0.796849,0,0,4,2035.960127
HD 72905_3,HD 72905,0.899,0.099,2.776,7.831,14.4388,1.08,0.973195,,,0.810252,0.63587,0,0,4,2035.960127
HD 72905_4,HD 72905,0.923,0.214,1.407,1.443,14.4388,1.08,0.973195,,,0.868133,0.890411,0,0,4,2035.960127
HD 72905_5,HD 72905,3.175,0.086,0.525,0.102,14.4388,1.08,0.973195,,,3.230199,0.443182,0,0,4,2035.960127
HD 30495_0,HD 30495,1.934,0.08,0.989,0.414,13.24,1.04,0.966273,,,1.854958,0.100356,0,0,4,2035.961497
HD 30495_2,HD 30495,0.416,0.06,1.179,2.305,13.24,1.04,0.966273,,,0.440448,0.002727,0,0,4,2035.961497
HD 30495_3,HD 30495,1.848,0.089,0.623,0.192,13.24,1.04,0.966273,,,2.012201,0.053851,0,0,4,2035.961497
HD 101501_3,HD 101501,0.112,0.069,1.262,2.632,9.5762,0.94,0.608976,,,0.10442,0.224277,0,0,5,2035.962867
HD 101501_7,HD 101501,0.888,0.054,0.887,0.375,9.5762,0.94,0.608976,,,0.935784,0.033123,0,0,5,2035.962867
HD 32147_1,HD 32147,0.121,0.122,1.044,1.198,8.844,0.75,0.290202,,,0.133827,0.7537,0,0,7,2035.970417
HD 32147_2,HD 32147,3.272,0.062,1.942,4.24,8.844,0.75,0.290202,,,3.40945,0.759888,0,0,7,2035.970417
HD 20794_0,HD 20794,4.322,0.17,2.962,5.482,6.0414,0.97,0.654335,,,4.105316,0.070704,0,0,5,2035.97295
HD 20794_1,HD 20794,2.398,0.095,1.302,1.627,6.0414,0.97,0.654335,,,2.56925,0.394534,0,0,5,2035.97295
HD 4391_0,HD 4391,0.363,0.182,1.471,2.315,15.0487,0.98,0.923422,,,0.426834,0.070789,0,0,4,2035.97432
HD 4391_1,HD 4391,1.544,0.114,0.614,0.238,15.0487,0.98,0.923422,,,1.487911,0.020817,0,0,4,2035.97432
HD 4391_2,HD 4391,0.361,0.058,0.863,0.585,15.0487,0.98,0.923422,,,0.368329,0.533732,0,0,4,2035.97432
HD 4391_3,HD 4391,0.102,0.064,0.942,0.594,15.0487,0.98,0.923422,,,0.100469,0.505371,0,0,4,2035.97432
HD 4391_4,HD 4391,0.526,0.038,2.712,6.312,15.0487,0.98,0.923422,,,0.506044,0.06124,0,0,4,2035.97432
HD 147513_0,HD 147513,1.541,0.04,0.645,0.275,12.8923,1.07,1.000691,,,1.484669,0.288557,0,0,4,2035.975749
HD 147513_1,HD 147513,1.513,0.099,0.537,0.114,12.8923,1.07,1.000691,,,1.387934,0.18212,0,0,4,2035.975749
HD 147513_2,HD 147513,4.633,0.075,1.379,2.053,12.8923,1.07,1.000691,,,4.28789,0.625117,0,0,4,2035.975749
HD 147513_4,HD 147513,0.196,0.111,0.74,0.193,12.8923,1.07,1.000691,,,0.189057,0.966993,0,0,4,2035.975749
HD 147513_5,HD 147513,4.52,0.075,0.624,0.154,12.8923,1.07,1.000691,,,4.466402,0.222829,0,0,4,2035.975749
HD 147513_6,HD 147513,1.743,0.075,1.796,1.351,12.8923,1.07,1.000691,,,1.84809,0.068788,0,0,4,2035.975749
HD 147513_7,HD 147513,2.47,0.028,0.667,0.198,12.8923,1.07,1.000691,,,2.442618,0.961784,0,0,4,2035.975749
HD 20807_0,HD 20807,0.337,0.072,1.793,2.884,12.0394,1.07,1.016951,,,0.330504,0.765185,0,0,4,2035.978011
HD 20807_1,HD 20807,1.546,0.069,0.954,0.889,12.0394,1.07,1.016951,,,1.457532,0.060143,0,0,4,2035.978011
HD 20807_2,HD 20807,2.979,0.055,2.038,4.205,12.0394,1.07,1.016951,,,3.136971,0.021044,0,0,4,2035.978011
HD 155885_0,HD 155885,0.424,0.016,1.08,4.862,5.9478,0.85,0.332047,0.057227,100.054755,0.430784,0.615865,1,1,7,2035.983302
HD 155885_1,HD 155885,0.125,0.137,2.355,2.721,5.9478,0.85,0.332047,,,0.140047,0.438316,0,0,7,2035.983302
HD 155885_4,HD 155885,2.293,0.052,0.991,1.006,5.9478,0.85,0.332047,,,2.39009,0.287492,0,0,7,2035.983302
HD 10361_1,HD 10361,0.761,0.025,1.303,1.111,8.1965,0.77,0.303879,,,0.743437,0.047738,0,0,7,2035.984672
HD 10361_2,HD 10361,0.985,0.066,0.785,0.305,8.1965,0.77,0.303879,,,1.044852,0.007625,0,0,7,2035.984672
HD 10361_3,HD 10361,1.525,0.07,0.586,0.106,8.1965,0.77,0.303879,,,1.486299,0.104179,0,0,7,2035.984672
HD 10361_4,HD 10361,4.037,0.084,0.501,0.078,8.1965,0.77,0.303879,,,4.115765,0.190176,0,0,7,2035.984672
HD 17925_0,HD 17925,1.472,0.037,0.676,0.225,10.3605,0.82,0.400959,,,1.433959,0.427257,0,0,6,2035.986877
HD 17925_2,HD 17925,0.735,0.099,0.938,0.418,10.3605,0.82,0.400959,,,0.80065,0.505631,0,0,6,2035.986877
HD 17925_3,HD 17925,0.561,0.086,1.065,1.168,10.3605,0.82,0.400959,,,0.521645,0.014241,0,0,6,2035.986877
HD 17925_4,HD 17925,0.848,0.062,1.424,9.166,10.3605,0.82,0.400959,,,0.867447,0.092289,0,0,6,2035.986877
HD 17925_6,HD 17925,3.618,0.076,0.719,0.34,10.3605,0.82,0.400959,,,3.800785,0.159441,0,0,6,2035.986877
HD 156274 A_3,HD 156274 A,4.433,0.138,1.608,7.03,8.7911,0.9,0.451648,,,5.018978,0.076787,0,0,6,2035.988247
HD 84117_2,HD 84117,0.48,0.183,0.807,0.221,14.9515,1.14,1.977425,,,0.463306,0.048956,0,0,3,2035.998607
HD 84117_3,HD 84117,2.469,0.127,0.583,0.082,14.9515,1.14,1.977425,,,2.170668,0.113108,0,0,3,2035.998607
HD 84117_5,HD 84117,2.421,0.095,0.605,0.152,14.9515,1.14,1.977425,,,2.396647,0.548934,0,0,3,2035.998607
HD 7570_0,HD 7570,3.031,0.054,1.134,0.839,15.2609,1.14,2.003549,,,2.867383,0.584786,0,0,3,2036.005439
HD 7570_1,HD 7570,0.15,0.071,0.941,0.934,15.2609,1.14,2.003549,,,0.148091,0.052739,0,0,3,2036.005439
HD 7570_2,HD 7570,1.977,0.063,1.73,5.46,15.2609,1.14,2.003549,,,1.891271,0.924505,0,0,3,2036.005439
HD 7570_3,HD 7570,3.034,0.079,1.364,2.113,15.2609,1.14,2.003549,,,3.071134,0.667182,0,0,3,2036.005439
HD 7570_4,HD 7570,0.569,0.099,0.726,0.218,15.2609,1.14,2.003549,,,0.537716,0.184301,0,0,3,2036.005439
HD 10700_0,HD 10700,1.625,0.099,0.563,0.132,3.6522,0.94,0.505708,,,1.648734,0.139422,0,0,6,2036.012692
HD 166_0,HD 166,1.592,0.09,1.08,1.198,13.7662,0.94,0.647292,,,1.456754,0.048821,0,0,5,2036.014208
HD 166_1,HD 166,0.635,0.021,0.515,0.133,13.7662,0.94,0.647292,,,0.646671,0.007654,0,0,5,2036.014208
HD 136352_0,HD 136352,1.127,0.083,0.501,0.057,14.7391,1.02,1.028964,,,1.14207,0.69915,0,0,4,2036.019318
HD 136352_2,HD 136352,0.995,0.082,1.549,2.6,14.7391,1.02,1.028964,,,0.935336,0.522971,0,0,4,2036.019318
HD 136352_3,HD 136352,3.774,0.069,2.041,2.393,14.7391,1.02,1.028964,,,3.626974,0.557631,0,0,4,2036.019318
HD 136352_4,HD 136352,1.831,0.068,0.826,1.102,14.7391,1.02,1.028964,,,1.709103,0.633694,0,0,4,2036.019318
HD 141004_0,HD 141004,2.629,0.092,2.901,9.32,11.9159,1.09,2.003549,,,2.429832,0.001697,0,0,3,2036.022047
HD 141004_1,HD 141004,0.651,0.071,0.654,0.192,11.9159,1.09,2.003549,,,0.636074,0.094499,0,0,3,2036.022047
HD 141004_2,HD 141004,4.426,0.098,1.019,0.86,11.9159,1.09,2.003549,,,4.00886,0.167493,0,0,3,2036.022047
HD 141004_3,HD 141004,4.115,0.06,0.578,0.156,11.9159,1.09,2.003549,,,4.086699,0.24392,0,0,3,2036.022047
HD 141004_4,HD 141004,3.163,0.091,1.732,5.597,11.9159,1.09,2.003549,,,3.433213,0.484254,0,0,3,2036.022047
HD 143761_0,HD 143761,2.268,0.052,0.622,0.266,17.5108,0.97,1.812174,,,2.157099,0.046678,0,0,3,2036.032106
HD 143761_3,HD 143761,0.463,0.017,0.834,0.418,17.5108,0.97,1.812174,,,0.470775,0.126871,0,0,3,2036.032106
HD 143761_4,HD 143761,1.096,0.157,0.808,2.884,17.5108,0.97,1.812174,,,1.264394,0.254187,0,0,3,2036.032106
HD 143761_5,HD 143761,0.834,0.096,1.155,1.238,17.5108,0.97,1.812174,,,0.874277,0.13407,0,0,3,2036.032106
HD 143761_7,HD 143761,2.609,0.089,2.154,7.734,17.5108,0.97,1.812174,,,2.815816,0.004602,0,0,3,2036.032106
HD 10476_0,HD 10476,0.171,0.07,0.738,0.194,7.6439,0.85,0.453524,,,0.179599,0.844241,0,0,6,2036.033476
HD 160691_0,HD 160691,1.46,0.051,0.67,0.222,15.6042,1.0,1.898891,,,1.410636,0.552225,0,0,3,2036.037801
HD 160691_1,HD 160691,0.274,0.085,0.88,0.654,15.6042,1.0,1.898891,,,0.279139,0.347988,0,0,3,2036.037801
HD 160691_2,HD 160691,0.346,0.144,0.58,0.113,15.6042,1.0,1.898891,,,0.391018,0.905733,0,0,3,2036.037801
HD 160691_3,HD 160691,0.123,0.058,0.556,0.116,15.6042,1.0,1.898891,,,0.115989,9e-06,0,0,3,2036.037801
HD 160691_4,HD 160691,2.415,0.073,1.777,3.87,15.6042,1.0,1.898891,,,2.286738,0.002873,0,0,3,2036.037801
HD 160691_6,HD 160691,2.937,0.058,2.424,7.702,15.6042,1.0,1.898891,,,2.904058,0.27686,0,0,3,2036.037801
HD 160691_7,HD 160691,3.23,0.098,2.375,2.699,15.6042,1.0,1.898891,,,3.124449,0.007665,0,0,3,2036.037801
HD 109358_0,HD 109358,0.599,0.064,0.661,0.181,8.4727,1.08,1.151065,,,0.593829,0.445866,0,0,4,2036.039606
HD 109358_1,HD 109358,0.313,0.024,1.946,4.902,8.4727,1.08,1.151065,,,0.305594,0.02861,0,0,4,2036.039606
HD 109358_3,HD 109358,0.172,0.066,1.409,3.279,8.4727,1.08,1.151065,,,0.167015,0.470947,0,0,4,2036.039606
HD 109358_4,HD 109358,1.488,0.078,0.58,0.237,8.4727,1.08,1.151065,,,1.531851,0.124743,0,0,4,2036.039606
HD 109358_5,HD 109358,3.968,0.05,3.285,8.264,8.4727,1.08,1.151065,,,3.869282,0.004111,0,0,4,2036.039606
HD 16895 A_0,HD 16895 A,3.595,0.047,2.816,6.26,11.1501,1.21,2.246467,,,3.608685,0.252472,0,0,3,2036.049241
HD 16895 A_4,HD 16895 A,4.424,0.091,1.274,1.517,11.1501,1.21,2.246467,,,4.496777,0.000298,0,0,3,2036.049241
HD 16895 A_5,HD 16895 A,1.554,0.05,3.144,6.056,11.1501,1.21,2.246467,0.081738,252.998539,1.550816,0.817287,1,1,3,2036.049241
HD 16895 A_6,HD 16895 A,0.108,0.029,0.508,0.062,11.1501,1.21,2.246467,,,0.105342,0.812654,0,0,3,2036.049241
HD 149661_2,HD 149661,2.991,0.073,1.285,1.48,9.8939,0.87,0.462168,,,2.921283,0.121699,0,0,6,2036.05061
HD 149661_3,HD 149661,2.364,0.065,0.7,0.369,9.8939,0.87,0.462168,,,2.5176,0.04668,0,0,6,2036.05061
HD 149661_5,HD 149661,3.155,0.051,2.936,10.042,9.8939,0.87,0.462168,,,3.113198,0.0937,0,0,6,2036.05061
HD 146233_0,HD 146233,0.356,0.047,2.679,19.012,14.1369,1.02,1.094208,,,0.35964,0.010848,0,0,4,2036.055427
HD 146233_1,HD 146233,0.206,0.044,2.032,18.545,14.1369,1.02,1.094208,,,0.206595,0.17375,0,0,4,2036.055427
HD 146233_4,HD 146233,0.539,0.141,1.433,1.238,14.1369,1.02,1.094208,,,0.559504,0.691392,0,0,4,2036.055427
HD 4614 A_0,HD 4614 A,4.718,0.051,1.358,2.277,5.0098,1.14,1.251988,,,4.885379,0.05912,0,0,4,2036.0597
HD 4614 A_1,HD 4614 A,0.651,0.133,0.728,0.414,5.0098,1.14,1.251988,,,0.737462,0.739645,0,0,4,2036.0597
HD 4614 A_2,HD 4614 A,2.584,0.017,1.361,5.26,5.0098,1.14,1.251988,,,2.590989,0.347105,0,0,4,2036.0597
HD 10360_0,HD 10360,0.111,0.132,2.009,2.79,8.1894,0.78,0.345382,,,0.101526,0.437291,0,0,7,2036.061873
HD 10360_1,HD 10360,0.559,0.036,0.525,0.157,8.1894,0.78,0.345382,,,0.573306,0.949886,0,0,7,2036.061873
HD 10360_2,HD 10360,3.873,0.13,2.182,6.634,8.1894,0.78,0.345382,,,3.621025,0.678542,0,0,7,2036.061873
HD 10360_4,HD 10360,0.185,0.028,3.239,14.522,8.1894,0.78,0.345382,,,0.189054,0.083463,0,0,7,2036.061873
HD 10360_5,HD 10360,2.33,0.067,0.679,0.262,8.1894,0.78,0.345382,,,2.354147,0.853246,0,0,7,2036.061873
HD 100623 A_0,HD 100623 A,4.014,0.105,2.503,3.348,9.559,0.88,0.369999,,,4.059294,0.241905,0,0,7,2036.063269
HD 100623 A_2,HD 100623 A,0.102,0.086,0.559,0.126,9.559,0.88,0.369999,,,0.105036,0.519335,0,0,7,2036.063269
HD 100623 A_3,HD 100623 A,4.384,0.075,1.441,2.296,9.559,0.88,0.369999,,,4.71104,0.966886,0,0,7,2036.063269
HD 100623 A_4,HD 100623 A,2.524,0.072,0.66,0.245,9.559,0.88,0.369999,,,2.678951,0.14484,0,0,7,2036.063269
HD 100623 A_5,HD 100623 A,4.18,0.038,0.734,0.268,9.559,0.88,0.369999,,,4.070579,0.659395,0,0,7,2036.063269
HD 100623 A_6,HD 100623 A,0.362,0.165,0.555,0.159,9.559,0.88,0.369999,,,0.397654,0.08643,0,0,7,2036.063269
HD 100623 A_7,HD 100623 A,4.073,0.068,1.365,2.334,9.559,0.88,0.369999,,,3.814743,0.214484,0,0,7,2036.063269
HD 38393_0,HD 38393,0.205,0.072,1.088,1.783,8.905,1.23,2.344229,,,0.214523,0.17661,0,0,3,2036.064639
HD 38393_1,HD 38393,3.39,0.099,0.656,0.187,8.905,1.23,2.344229,,,3.659806,0.015728,0,0,3,2036.064639
HD 38393_3,HD 38393,0.355,0.086,1.549,2.654,8.905,1.23,2.344229,,,0.378843,0.033382,0,0,3,2036.064639
HD 38393_4,HD 38393,4.373,0.052,1.208,1.306,8.905,1.23,2.344229,,,4.162387,0.001803,0,0,3,2036.064639
HD 10780_0,HD 10780,0.841,0.11,1.077,1.419,10.0411,0.9,0.515941,,,0.880336,0.157905,0,0,6,2036.082195
HD 10780_3,HD 10780,2.25,0.098,1.348,1.373,10.0411,0.9,0.515941,,,2.068458,0.010978,0,0,6,2036.082195
HD 10780_4,HD 10780,2.669,0.102,2.513,5.195,10.0411,0.9,0.515941,,,2.734457,0.108075,0,0,6,2036.082195
HD 32147_1,HD 32147,0.121,0.122,1.044,1.198,8.844,0.75,0.290202,,,0.135572,0.603154,0,0,8,2036.111377
HD 32147_2,HD 32147,3.272,0.062,1.942,4.24,8.844,0.75,0.290202,,,3.389821,0.795228,0,0,8,2036.111377
HD 20766_0,HD 20766,1.336,0.161,1.674,2.568,12.0447,1.01,0.794328,,,1.53787,0.156645,0,0,5,2036.119671
HD 20766_1,HD 20766,0.327,0.097,2.659,5.834,12.0447,1.01,0.794328,,,0.352637,0.70742,0,0,5,2036.119671
HD 20766_4,HD 20766,1.915,0.031,0.912,0.627,12.0447,1.01,0.794328,,,1.918592,0.003442,0,0,5,2036.119671
HD 10361_1,HD 10361,0.761,0.025,1.303,1.111,8.1965,0.77,0.303879,,,0.748164,0.054642,0,0,8,2036.128678
HD 10361_2,HD 10361,0.985,0.066,0.785,0.305,8.1965,0.77,0.303879,,,1.009881,0.053852,0,0,8,2036.128678
HD 10361_3,HD 10361,1.525,0.07,0.586,0.106,8.1965,0.77,0.303879,,,1.447699,0.084471,0,0,8,2036.128678
HD 10361_4,HD 10361,4.037,0.084,0.501,0.078,8.1965,0.77,0.303879,,,4.146904,0.155477,0,0,8,2036.128678
HD 65907 A_0,HD 65907 A,0.584,0.099,0.585,0.135,16.1718,1.11,1.290031,,,0.635598,0.014866,0,0,4,2036.135403
HD 65907 A_1,HD 65907 A,1.316,0.075,0.982,1.107,16.1718,1.11,1.290031,,,1.334899,0.088692,0,0,4,2036.135403
HD 65907 A_2,HD 65907 A,1.009,0.058,1.202,3.968,16.1718,1.11,1.290031,,,0.956021,0.480792,0,0,4,2036.135403
HD 190360_0,HD 190360,0.922,0.17,1.79,3.607,16.0035,0.96,1.165467,,,0.900345,0.946429,0,0,4,2036.140166
HD 190360_1,HD 190360,3.764,0.081,1.071,4.456,16.0035,0.96,1.165467,,,3.878174,0.180339,0,0,4,2036.140166
HD 190360_3,HD 190360,3.632,0.139,2.733,14.342,16.0035,0.96,1.165467,,,4.136427,0.255215,0,0,4,2036.140166
HD 190360_4,HD 190360,1.735,0.021,0.534,0.11,16.0035,0.96,1.165467,,,1.705947,0.293145,0,0,4,2036.140166
HD 190360_5,HD 190360,0.581,0.08,1.934,4.569,16.0035,0.96,1.165467,,,0.558237,0.471321,0,0,4,2036.140166
HD 114710_0,HD 114710,1.415,0.117,0.681,0.481,9.1975,1.11,1.357063,,,1.454722,0.687279,0,0,4,2036.146236
HD 114710_1,HD 114710,0.314,0.116,0.63,0.141,9.1975,1.11,1.357063,,,0.337697,0.060824,0,0,4,2036.146236
HD 114710_2,HD 114710,2.258,0.018,0.683,0.149,9.1975,1.11,1.357063,,,2.275461,0.14733,0,0,4,2036.146236
HD 114710_4,HD 114710,0.861,0.053,0.898,0.364,9.1975,1.11,1.357063,,,0.902967,0.445753,0,0,4,2036.146236
HD 114710_5,HD 114710,0.124,0.109,3.108,4.801,9.1975,1.11,1.357063,,,0.135346,0.022581,0,0,4,2036.146236
HD 115617_0,HD 115617,1.956,0.004,0.732,0.391,8.5344,0.97,0.825468,,,1.94818,0.257764,0,0,3,2036.148443
HD 115617_1,HD 115617,0.76,0.09,2.931,3.775,8.5344,0.97,0.825468,,,0.731665,0.163145,0,1,3,2036.148443
HD 115617_2,HD 115617,0.621,0.047,0.562,0.132,8.5344,0.97,0.825468,,,0.601522,0.000515,0,0,3,2036.148443
HD 115617_3,HD 115617,0.199,0.073,3.38,20.4,8.5344,0.97,0.825468,,,0.18614,0.034945,0,0,3,2036.148443
HD 115617_4,HD 115617,2.599,0.104,0.763,0.211,8.5344,0.97,0.825468,,,2.812662,0.973537,0,0,3,2036.148443
HD 115617_5,HD 115617,2.098,0.045,1.487,5.131,8.5344,0.97,0.825468,,,2.107772,0.122667,0,0,3,2036.148443
HD 115617_6,HD 115617,3.003,0.084,0.942,0.716,8.5344,0.97,0.825468,,,3.254327,0.109977,0,0,3,2036.148443
HD 58855_0,HD 58855,3.917,0.055,2.746,19.491,20.4021,1.16,2.444556,,,4.129984,0.87923,0,0,3,2036.153915
HD 58855_3,HD 58855,0.12,0.023,0.846,0.638,20.4021,1.16,2.444556,,,0.122331,0.042931,0,0,3,2036.153915
HD 58855_4,HD 58855,1.787,0.062,0.53,0.05,20.4021,1.16,2.444556,,,1.774907,0.000106,0,0,3,2036.153915
HD 58855_5,HD 58855,2.753,0.078,0.74,0.236,20.4021,1.16,2.444556,,,2.607513,0.469736,0,0,3,2036.153915
HD 58855_6,HD 58855,3.408,0.008,0.67,0.345,20.4021,1.16,2.444556,,,3.38529,0.225377,0,0,3,2036.153915
HD 58855_7,HD 58855,0.511,0.017,1.169,0.638,20.4021,1.16,2.444556,,,0.505738,0.938252,0,0,3,2036.153915
HD 58855_8,HD 58855,3.679,0.02,1.665,2.944,20.4021,1.16,2.444556,,,3.63052,0.428871,0,0,3,2036.153915
HD 50692_0,HD 50692,3.95,0.04,2.831,8.758,17.4047,1.08,1.293302,,,4.098129,0.287148,0,0,4,2036.157613
HD 50692_1,HD 50692,0.28,0.064,0.734,0.338,17.4047,1.08,1.293302,,,0.29256,0.181519,0,0,4,2036.157613
HD 50692_2,HD 50692,0.513,0.081,1.798,3.935,17.4047,1.08,1.293302,,,0.554159,0.42851,0,0,4,2036.157613
HD 50692_3,HD 50692,0.925,0.032,2.849,11.466,17.4047,1.08,1.293302,,,0.949166,0.004313,0,0,4,2036.157613
HD 3651 A_0,HD 3651 A,0.818,0.09,1.086,1.01,11.1081,0.86,0.531986,,,0.847803,0.697947,0,0,6,2036.158983
HD 3651 A_3,HD 3651 A,0.106,0.12,3.284,4.001,11.1081,0.86,0.531986,,,0.098531,0.081721,0,0,6,2036.158983
HD 3651 A_5,HD 3651 A,0.552,0.025,0.534,0.183,11.1081,0.86,0.531986,,,0.542098,0.087505,0,0,6,2036.158983
HD 26965 A_1,HD 26965 A,0.482,0.058,1.38,6.418,5.0098,0.86,0.409732,,,0.509939,0.065271,0,2,4,2036.160352
HD 26965 A_2,HD 26965 A,0.345,0.049,0.5,0.068,5.0098,0.86,0.409732,,,0.358149,0.102631,0,0,4,2036.160352
HD 17925_0,HD 17925,1.472,0.037,0.676,0.225,10.3605,0.82,0.400959,,,1.418878,0.557616,0,0,7,2036.161722
HD 17925_2,HD 17925,0.735,0.099,0.938,0.418,10.3605,0.82,0.400959,,,0.773935,0.984608,0,0,7,2036.161722
HD 17925_3,HD 17925,0.561,0.086,1.065,1.168,10.3605,0.82,0.400959,,,0.608372,0.675927,0,0,7,2036.161722
HD 17925_4,HD 17925,0.848,0.062,1.424,9.166,10.3605,0.82,0.400959,,,0.900563,0.606258,0,0,7,2036.161722
HD 17925_6,HD 17925,3.618,0.076,0.719,0.34,10.3605,0.82,0.400959,,,3.827147,0.131664,0,0,7,2036.161722
HD 190248_1,HD 190248,1.11,0.055,1.408,1.805,6.0993,0.94,1.249971,,,1.169579,0.720044,0,0,4,2036.16453
HD 190248_2,HD 190248,3.754,0.072,1.017,1.843,6.0993,0.94,1.249971,,,4.004899,0.419608,0,0,4,2036.16453
HD 190248_3,HD 190248,1.406,0.139,0.51,0.145,6.0993,0.94,1.249971,,,1.219962,0.833762,0,0,4,2036.16453
HD 156274 A_3,HD 156274 A,4.433,0.138,1.608,7.03,8.7911,0.9,0.451648,,,5.033705,0.057754,0,0,7,2036.167547
HD 30652_0,HD 30652,0.357,0.032,0.524,0.114,8.0684,1.25,2.710192,,,0.368334,0.002929,0,0,3,2036.168917
HD 30652_1,HD 30652,3.379,0.099,2.314,3.76,8.0684,1.25,2.710192,,,3.69503,0.00482,0,0,3,2036.168917
HD 30652_2,HD 30652,1.418,0.081,1.563,2.688,8.0684,1.25,2.710192,,,1.532821,0.417161,0,0,3,2036.168917
HD 30652_3,HD 30652,3.27,0.133,2.129,4.102,8.0684,1.25,2.710192,,,3.700614,0.508583,0,0,3,2036.168917
HD 30652_4,HD 30652,2.754,0.119,2.49,10.423,8.0684,1.25,2.710192,,,2.794281,0.563471,0,0,3,2036.168917
HD 101501_3,HD 101501,0.112,0.069,1.262,2.632,9.5762,0.94,0.608976,,,0.118426,0.125391,0,0,6,2036.182394
HD 101501_7,HD 101501,0.888,0.054,0.887,0.375,9.5762,0.94,0.608976,,,0.893561,0.648341,0,0,6,2036.182394
HD 203608_0,HD 203608,2.203,0.092,1.79,8.196,9.2584,1.14,1.465548,,,2.38164,0.075558,0,0,4,2036.192487
HD 203608_1,HD 203608,2.342,0.1,0.502,0.084,9.2584,1.14,1.465548,,,2.117012,0.06097,0,0,4,2036.192487
HD 203608_2,HD 203608,2.74,0.062,1.086,2.044,9.2584,1.14,1.465548,,,2.601384,0.078901,0,0,4,2036.192487
HD 203608_5,HD 203608,4.293,0.038,0.929,1.188,9.2584,1.14,1.465548,,,4.447878,0.004998,0,0,4,2036.192487
HD 203608_6,HD 203608,0.526,0.072,0.985,0.835,9.2584,1.14,1.465548,,,0.493853,0.252116,0,0,4,2036.192487
HD 20794_0,HD 20794,4.322,0.17,2.962,5.482,6.0414,0.97,0.654335,,,3.991143,0.104199,0,0,6,2036.201019
HD 20794_1,HD 20794,2.398,0.095,1.302,1.627,6.0414,0.97,0.654335,,,2.610528,0.545464,0,0,6,2036.201019
HD 140538 A_0,HD 140538 A,2.088,0.047,0.685,0.566,14.7927,0.94,0.834065,,,2.114537,0.111369,0,0,5,2036.203506
HD 140538 A_1,HD 140538 A,0.512,0.053,2.798,25.412,14.7927,0.94,0.834065,,,0.53822,0.395073,0,0,5,2036.203506
HD 140538 A_2,HD 140538 A,4.137,0.053,0.916,0.811,14.7927,0.94,0.834065,,,3.958512,0.878078,0,0,5,2036.203506
HD 10700_0,HD 10700,1.625,0.099,0.563,0.132,3.6522,0.94,0.505708,,,1.558712,0.175534,0,0,7,2036.204876
HD 55575_0,HD 55575,1.084,0.09,0.727,0.609,16.8518,1.14,1.462851,,,1.059516,0.738477,0,0,4,2036.216919
HD 55575_1,HD 55575,0.133,0.053,0.578,0.106,16.8518,1.14,1.462851,,,0.129264,0.856027,0,0,4,2036.216919
HD 10476_0,HD 10476,0.171,0.07,0.738,0.194,7.6439,0.85,0.453524,,,0.17008,0.021199,0,0,7,2036.218548
HD 10360_0,HD 10360,0.111,0.132,2.009,2.79,8.1894,0.78,0.345382,,,0.121298,0.598503,0,0,8,2036.219918
HD 10360_1,HD 10360,0.559,0.036,0.525,0.157,8.1894,0.78,0.345382,,,0.565158,0.099411,0,0,8,2036.219918
HD 10360_2,HD 10360,3.873,0.13,2.182,6.634,8.1894,0.78,0.345382,,,3.676025,0.741557,0,0,8,2036.219918
HD 10360_4,HD 10360,0.185,0.028,3.239,14.522,8.1894,0.78,0.345382,,,0.188523,0.018476,0,0,8,2036.219918
HD 10360_5,HD 10360,2.33,0.067,0.679,0.262,8.1894,0.78,0.345382,,,2.315861,0.815337,0,0,8,2036.219918
HD 100623 A_0,HD 100623 A,4.014,0.105,2.503,3.348,9.559,0.88,0.369999,,,4.010826,0.195496,0,0,8,2036.221288
HD 100623 A_2,HD 100623 A,0.102,0.086,0.559,0.126,9.559,0.88,0.369999,,,0.099548,0.204685,0,0,8,2036.221288
HD 100623 A_3,HD 100623 A,4.384,0.075,1.441,2.296,9.559,0.88,0.369999,,,4.706376,0.954145,0,0,8,2036.221288
HD 100623 A_4,HD 100623 A,2.524,0.072,0.66,0.245,9.559,0.88,0.369999,,,2.695821,0.176061,0,0,8,2036.221288
HD 100623 A_5,HD 100623 A,4.18,0.038,0.734,0.268,9.559,0.88,0.369999,,,4.058387,0.689248,0,0,8,2036.221288
HD 100623 A_6,HD 100623 A,0.362,0.165,0.555,0.159,9.559,0.88,0.369999,,,0.40277,0.02397,0,0,8,2036.221288
HD 100623 A_7,HD 100623 A,4.073,0.068,1.365,2.334,9.559,0.88,0.369999,,,3.828678,0.270368,0,0,8,2036.221288
HD 128620_0,HD 128620,1.567,0.074,0.945,0.99,1.3319,1.11,1.520898,,,1.623227,0.575538,0,0,4,2036.222658
HD 128620_1,HD 128620,1.266,0.016,1.198,1.075,1.3319,1.11,1.520898,,,1.258453,0.396338,0,0,4,2036.222658
HD 43386_0,HD 43386,2.541,0.037,0.504,0.139,19.5879,1.33,2.956651,,,2.512603,0.649547,0,0,3,2036.224028
HD 43386_1,HD 43386,1.141,0.101,1.584,2.087,19.5879,1.33,2.956651,,,1.255148,0.024565,0,0,3,2036.224028
HD 43386_3,HD 43386,0.289,0.045,1.072,1.323,19.5879,1.33,2.956651,,,0.299704,0.378077,0,0,3,2036.224028
HD 155885_0,HD 155885,0.424,0.016,1.08,4.862,5.9478,0.85,0.332047,,,0.426512,0.076659,0,1,8,2036.225398
HD 155885_1,HD 155885,0.125,0.137,2.355,2.721,5.9478,0.85,0.332047,,,0.137593,0.331312,0,0,8,2036.225398
HD 155885_4,HD 155885,2.293,0.052,0.991,1.006,5.9478,0.85,0.332047,,,2.356477,0.163663,0,0,8,2036.225398
HD 187691 A_0,HD 187691 A,3.127,0.076,1.475,3.637,19.4881,1.25,2.834654,,,3.343774,0.206611,0,0,3,2036.228484
HD 187691 A_1,HD 187691 A,2.61,0.091,1.018,4.223,19.4881,1.25,2.834654,,,2.407279,0.913225,0,0,3,2036.228484
HD 187691 A_2,HD 187691 A,3.249,0.037,0.764,0.21,19.4881,1.25,2.834654,,,3.291144,0.39516,0,0,3,2036.228484
HD 187691 A_3,HD 187691 A,2.018,0.038,2.654,7.67,19.4881,1.25,2.834654,,,1.943666,0.933147,0,0,3,2036.228484
HD 1581_1,HD 1581,1.541,0.046,2.633,4.55,8.6071,1.11,1.261828,,,1.532322,0.204208,0,1,3,2036.230666
HD 1581_2,HD 1581,0.181,0.101,0.988,0.788,8.6071,1.11,1.261828,,,0.190162,0.47738,0,0,3,2036.230666
HD 1581_3,HD 1581,1.491,0.126,2.76,9.091,8.6071,1.11,1.261828,0.136161,141.449975,1.502938,0.702121,1,1,3,2036.230666
HD 1581_4,HD 1581,0.208,0.109,2.378,7.928,8.6071,1.11,1.261828,,,0.186819,0.120133,0,0,3,2036.230666
HD 149661_2,HD 149661,2.991,0.073,1.285,1.48,9.8939,0.87,0.462168,,,2.878392,0.088117,0,0,7,2036.236152
HD 149661_3,HD 149661,2.364,0.065,0.7,0.369,9.8939,0.87,0.462168,,,2.512762,0.09464,0,0,7,2036.236152
HD 149661_5,HD 149661,3.155,0.051,2.936,10.042,9.8939,0.87,0.462168,,,3.144206,0.053769,0,0,7,2036.236152
HD 86728 A_0,HD 86728 A,0.138,0.113,0.53,0.096,14.9263,1.0,1.377844,,,0.124117,0.01325,0,0,4,2036.23842
HD 86728 A_1,HD 86728 A,1.194,0.049,0.519,0.097,14.9263,1.0,1.377844,,,1.22307,0.067368,0,0,4,2036.23842
HD 86728 A_2,HD 86728 A,1.586,0.024,0.736,0.333,14.9263,1.0,1.377844,,,1.615557,0.535052,0,0,4,2036.23842
HD 86728 A_3,HD 86728 A,0.34,0.077,0.971,1.049,14.9263,1.0,1.377844,,,0.352757,0.14109,0,0,4,2036.23842
HD 86728 A_4,HD 86728 A,3.143,0.15,2.985,25.307,14.9263,1.0,1.377844,,,3.013015,0.163451,0,0,4,2036.23842
HD 86728 A_5,HD 86728 A,0.238,0.132,1.155,1.588,14.9263,1.0,1.377844,,,0.234334,0.000993,0,0,4,2036.23842
HD 86728 A_6,HD 86728 A,2.84,0.137,2.462,4.922,14.9263,1.0,1.377844,,,3.153346,0.343042,0,0,4,2036.23842
HD 43042_0,HD 43042,4.095,0.078,0.558,0.189,21.7763,1.29,2.935621,,,3.826602,0.632143,0,0,3,2036.243146
HD 43042_1,HD 43042,0.434,0.11,0.533,0.125,21.7763,1.29,2.935621,,,0.464327,0.030234,0,0,3,2036.243146
HD 43042_3,HD 43042,0.724,0.14,0.733,0.336,21.7763,1.29,2.935621,,,0.749615,0.476021,0,0,3,2036.243146
HD 166_0,HD 166,1.592,0.09,1.08,1.198,13.7662,0.94,0.647292,,,1.525021,0.308983,0,0,6,2036.244516
HD 166_1,HD 166,0.635,0.021,0.515,0.133,13.7662,0.94,0.647292,,,0.621823,0.845697,0,0,6,2036.244516
HD 210302_0,HD 210302,0.937,0.087,1.293,4.329,18.4579,1.25,2.918099,,,0.936468,0.157204,0,0,3,2036.248679
HD 210302_1,HD 210302,0.316,0.034,0.672,0.336,18.4579,1.25,2.918099,,,0.324241,0.673327,0,0,3,2036.248679
HD 210302_2,HD 210302,0.162,0.125,0.82,0.627,18.4579,1.25,2.918099,,,0.145005,0.191617,0,0,3,2036.248679
HD 210302_3,HD 210302,0.925,0.123,2.909,13.478,18.4579,1.25,2.918099,,,0.845918,0.879011,0,0,3,2036.248679
HD 210302_4,HD 210302,1.629,0.122,1.727,3.133,18.4579,1.25,2.918099,,,1.7894,0.104317,0,0,3,2036.248679
HD 72905_1,HD 72905,0.661,0.069,0.5,0.066,14.4388,1.08,0.973195,,,0.677404,0.205656,0,0,5,2036.251226
HD 72905_3,HD 72905,0.899,0.099,2.776,7.831,14.4388,1.08,0.973195,,,0.954051,0.033015,0,0,5,2036.251226
HD 72905_4,HD 72905,0.923,0.214,1.407,1.443,14.4388,1.08,0.973195,,,1.120022,0.118967,0,0,5,2036.251226
HD 72905_5,HD 72905,3.175,0.086,0.525,0.102,14.4388,1.08,0.973195,,,3.312938,0.621281,0,0,5,2036.251226
HD 128167_0,HD 128167,1.283,0.14,1.15,1.754,15.756,1.39,3.181999,,,1.104821,0.462809,0,0,3,2036.252595
HD 128167_2,HD 128167,3.433,0.063,1.328,4.136,15.756,1.39,3.181999,,,3.551067,0.703147,0,0,3,2036.252595
HD 128167_3,HD 128167,4.878,0.117,2.132,7.451,15.756,1.39,3.181999,,,5.086188,0.690676,0,0,3,2036.252595
HD 128167_4,HD 128167,1.323,0.044,1.923,7.575,15.756,1.39,3.181999,,,1.36783,0.096452,0,0,3,2036.252595
HD 30495_0,HD 30495,1.934,0.08,0.989,0.414,13.24,1.04,0.966273,,,1.785547,0.016302,0,0,5,2036.256557
HD 30495_2,HD 30495,0.416,0.06,1.179,2.305,13.24,1.04,0.966273,,,0.437649,0.085694,0,0,5,2036.256557
HD 30495_3,HD 30495,1.848,0.089,0.623,0.192,13.24,1.04,0.966273,,,1.967899,0.014446,0,0,5,2036.256557
HD 90839_0,HD 90839,3.665,0.022,0.781,0.406,12.9452,1.18,1.605092,,,3.694011,0.024609,0,0,4,2036.261005
HD 90839_1,HD 90839,0.191,0.094,1.403,1.498,12.9452,1.18,1.605092,,,0.189393,0.744064,0,0,4,2036.261005
HD 90839_2,HD 90839,3.378,0.112,1.125,1.163,12.9452,1.18,1.605092,,,3.709316,0.374345,0,0,4,2036.261005
HD 90839_5,HD 90839,0.15,0.051,2.273,7.359,12.9452,1.18,1.605092,,,0.156911,0.589273,0,0,4,2036.261005
HD 4391_0,HD 4391,0.363,0.182,1.471,2.315,15.0487,0.98,0.923422,,,0.322345,0.92441,0,0,5,2036.268111
HD 4391_1,HD 4391,1.544,0.114,0.614,0.238,15.0487,0.98,0.923422,,,1.64525,0.197945,0,0,5,2036.268111
HD 4391_2,HD 4391,0.361,0.058,0.863,0.585,15.0487,0.98,0.923422,,,0.37505,0.574928,0,0,5,2036.268111
HD 4391_3,HD 4391,0.102,0.064,0.942,0.594,15.0487,0.98,0.923422,,,0.104371,0.758686,0,0,5,2036.268111
HD 4391_4,HD 4391,0.526,0.038,2.712,6.312,15.0487,0.98,0.923422,,,0.524032,0.723957,0,0,5,2036.268111
HD 147513_0,HD 147513,1.541,0.04,0.645,0.275,12.8923,1.07,1.000691,,,1.491439,0.090906,0,0,5,2036.274379
HD 147513_1,HD 147513,1.513,0.099,0.537,0.114,12.8923,1.07,1.000691,,,1.386732,0.172342,0,0,5,2036.274379
HD 147513_2,HD 147513,4.633,0.075,1.379,2.053,12.8923,1.07,1.000691,,,4.303902,0.681222,0,0,5,2036.274379
HD 147513_4,HD 147513,0.196,0.111,0.74,0.193,12.8923,1.07,1.000691,,,0.21234,0.033456,0,0,5,2036.274379
HD 147513_5,HD 147513,4.52,0.075,0.624,0.154,12.8923,1.07,1.000691,,,4.399077,0.151363,0,0,5,2036.274379
HD 147513_6,HD 147513,1.743,0.075,1.796,1.351,12.8923,1.07,1.000691,,,1.872241,0.082519,0,0,5,2036.274379
HD 147513_7,HD 147513,2.47,0.028,0.667,0.198,12.8923,1.07,1.000691,,,2.476564,0.76496,0,0,5,2036.274379
HD 20807_0,HD 20807,0.337,0.072,1.793,2.884,12.0394,1.07,1.016951,,,0.331871,0.073082,0,0,5,2036.280273
HD 20807_1,HD 20807,1.546,0.069,0.954,0.889,12.0394,1.07,1.016951,,,1.553882,0.413242,0,0,5,2036.280273
HD 20807_2,HD 20807,2.979,0.055,2.038,4.205,12.0394,1.07,1.016951,,,3.142125,0.053314,0,0,5,2036.280273
HD 10780_0,HD 10780,0.841,0.11,1.077,1.419,10.0411,0.9,0.515941,,,0.929911,0.101665,0,0,7,2036.281643
HD 10780_3,HD 10780,2.25,0.098,1.348,1.373,10.0411,0.9,0.515941,,,2.127494,0.002912,0,0,7,2036.281643
HD 10780_4,HD 10780,2.669,0.102,2.513,5.195,10.0411,0.9,0.515941,,,2.80088,0.119669,0,0,7,2036.281643
HD 53705_0,HD 53705,0.273,0.081,1.735,7.702,17.0593,1.04,1.489704,,,0.287577,0.140313,0,0,4,2036.28932
HD 53705_1,HD 53705,2.604,0.083,3.306,29.747,17.0593,1.04,1.489704,,,2.816699,0.307866,0,0,4,2036.28932
HD 53705_2,HD 53705,1.597,0.089,2.478,5.883,17.0593,1.04,1.489704,,,1.701724,0.989927,0,0,4,2036.28932
HD 53705_3,HD 53705,0.715,0.026,1.359,2.07,17.0593,1.04,1.489704,,,0.706607,0.130723,0,0,4,2036.28932
HD 53705_4,HD 53705,0.527,0.092,2.437,20.655,17.0593,1.04,1.489704,,,0.494174,0.55359,0,0,4,2036.28932
HD 39091_1,HD 39091,3.12,0.028,1.191,1.233,18.2874,1.08,1.533204,,,3.062197,0.16003,0,0,4,2036.296214
HD 39091_2,HD 39091,2.865,0.029,0.677,0.276,18.2874,1.08,1.533204,,,2.895357,0.498762,0,0,4,2036.296214
HD 39091_3,HD 39091,3.55,0.072,1.069,1.542,18.2874,1.08,1.533204,,,3.800018,0.843348,0,0,4,2036.296214
HD 39091_4,HD 39091,4.534,0.027,1.234,2.258,18.2874,1.08,1.533204,,,4.620351,0.254179,0,0,4,2036.296214
HD 39091_5,HD 39091,1.437,0.051,1.31,4.963,18.2874,1.08,1.533204,,,1.46618,0.220305,0,0,4,2036.296214
HD 39091_6,HD 39091,0.67,0.012,2.604,10.642,18.2874,1.08,1.533204,,,0.674537,0.083391,0,0,4,2036.296214
HD 134083_0,HD 134083,0.116,0.07,1.9,6.745,19.536,1.33,3.254618,,,0.111148,0.901942,0,0,3,2036.304269
HD 134083_1,HD 134083,0.36,0.097,1.358,1.173,19.536,1.33,3.254618,,,0.341066,0.446322,0,0,3,2036.304269
HD 134083_3,HD 134083,0.749,0.13,0.881,0.648,19.536,1.33,3.254618,,,0.749934,0.674435,0,0,3,2036.304269
HD 134083_4,HD 134083,0.959,0.114,0.591,0.159,19.536,1.33,3.254618,,,0.91174,0.405154,0,0,3,2036.304269
HD 17206_0,HD 17206,1.742,0.09,0.885,0.481,14.2764,1.21,2.616978,,,1.82789,0.335639,0,0,3,2036.305639
HD 17206_1,HD 17206,0.879,0.039,2.253,4.42,14.2764,1.21,2.616978,,,0.872129,0.543417,0,1,3,2036.305639
HD 17206_2,HD 17206,0.485,0.035,0.762,0.798,14.2764,1.21,2.616978,,,0.471255,0.074388,0,0,3,2036.305639
HD 84737_0,HD 84737,0.596,0.087,1.352,2.836,18.8226,1.08,2.795117,,,0.647268,0.11414,0,0,3,2036.307009
HD 84737_1,HD 84737,3.025,0.071,1.189,2.166,18.8226,1.08,2.795117,,,2.962481,0.026507,0,0,3,2036.307009
HD 84737_2,HD 84737,1.078,0.014,1.079,1.238,18.8226,1.08,2.795117,,,1.062909,0.318783,0,0,3,2036.307009
HD 84737_3,HD 84737,3.774,0.025,0.833,0.582,18.8226,1.08,2.795117,,,3.770686,0.013029,0,0,3,2036.307009
HD 84737_4,HD 84737,0.254,0.074,3.133,5.482,18.8226,1.08,2.795117,,,0.259347,0.353761,0,0,3,2036.307009
HD 84737_5,HD 84737,2.993,0.205,0.508,0.047,18.8226,1.08,2.795117,,,3.606242,0.644756,0,0,3,2036.307009
HD 693_0,HD 693,1.045,0.058,1.136,0.946,18.8861,1.18,2.997091,,,1.028991,0.994217,0,0,3,2036.308378
HD 693_1,HD 693,0.139,0.106,2.768,4.782,18.8861,1.18,2.997091,,,0.149356,3.8e-05,0,0,3,2036.308378
HD 693_3,HD 693,1.448,0.069,1.975,3.293,18.8861,1.18,2.997091,,,1.487429,0.29031,0,0,3,2036.308378
HD 693_4,HD 693,1.744,0.105,1.392,2.423,18.8861,1.18,2.997091,,,1.919275,0.113295,0,0,3,2036.308378
HD 693_5,HD 693,2.909,0.1,1.423,1.783,18.8861,1.18,2.997091,,,2.619389,0.251154,0,0,3,2036.308378
HD 693_6,HD 693,2.914,0.024,0.574,0.086,18.8861,1.18,2.997091,,,2.889962,0.546376,0,0,3,2036.308378
HD 693_7,HD 693,3.93,0.01,2.298,3.376,18.8861,1.18,2.997091,,,3.946575,0.241354,0,0,3,2036.308378
HD 95128_1,HD 95128,2.285,0.074,0.586,0.123,13.8875,1.07,1.576885,,,2.345613,0.014368,0,0,4,2036.310131
HD 95128_2,HD 95128,4.586,0.035,0.538,0.151,13.8875,1.07,1.576885,,,4.744,0.002656,0,0,4,2036.310131
HD 95128_3,HD 95128,0.343,0.031,2.771,11.324,13.8875,1.07,1.576885,,,0.340039,0.688215,0,0,4,2036.310131
HD 95128_4,HD 95128,2.15,0.173,1.218,1.843,13.8875,1.07,1.576885,,,1.818716,0.224767,0,0,4,2036.310131
HD 95128_5,HD 95128,0.6,0.105,2.299,6.552,13.8875,1.07,1.576885,,,0.654068,0.588503,0,0,4,2036.310131
HD 95128_6,HD 95128,0.335,0.024,2.419,6.471,13.8875,1.07,1.576885,,,0.330614,0.68463,0,0,4,2036.310131
HD 95128_7,HD 95128,0.847,0.089,1.394,2.221,13.8875,1.07,1.576885,,,0.910558,0.596029,0,0,4,2036.310131
HD 95128_8,HD 95128,0.588,0.034,2.182,4.922,13.8875,1.07,1.576885,,,0.577378,0.767999,0,0,4,2036.310131
HD 212330 A_0,HD 212330 A,1.747,0.031,3.281,22.163,20.3398,1.02,2.726465,,,1.800978,0.211145,0,0,3,2036.323014
HD 136352_0,HD 136352,1.127,0.083,0.501,0.057,14.7391,1.02,1.028964,,,1.219455,0.432722,0,0,5,2036.331639
HD 136352_2,HD 136352,0.995,0.082,1.549,2.6,14.7391,1.02,1.028964,,,0.979701,0.590005,0,0,5,2036.331639
HD 136352_3,HD 136352,3.774,0.069,2.041,2.393,14.7391,1.02,1.028964,,,3.572716,0.568694,0,0,5,2036.331639
HD 136352_4,HD 136352,1.831,0.068,0.826,1.102,14.7391,1.02,1.028964,,,1.731869,0.469734,0,0,5,2036.331639
HD 17925_0,HD 17925,1.472,0.037,0.676,0.225,10.3605,0.82,0.400959,,,1.420752,0.604945,0,0,8,2036.333521
HD 17925_2,HD 17925,0.735,0.099,0.938,0.418,10.3605,0.82,0.400959,,,0.673074,0.249543,0,0,8,2036.333521
HD 17925_3,HD 17925,0.561,0.086,1.065,1.168,10.3605,0.82,0.400959,,,0.539059,0.430685,0,0,8,2036.333521
HD 17925_4,HD 17925,0.848,0.062,1.424,9.166,10.3605,0.82,0.400959,,,0.866259,0.956625,0,0,8,2036.333521
HD 17925_6,HD 17925,3.618,0.076,0.719,0.34,10.3605,0.82,0.400959,,,3.849102,0.108928,0,0,8,2036.333521
HD 22484_0,HD 22484,0.838,0.146,1.142,1.075,13.9204,1.14,3.067609,,,0.918043,0.07083,0,0,3,2036.343277
HD 22484_1,HD 22484,1.12,0.109,1.996,10.252,13.9204,1.14,3.067609,,,1.240215,0.005419,0,0,3,2036.343277
HD 22484_2,HD 22484,0.469,0.117,1.765,4.24,13.9204,1.14,3.067609,,,0.461032,0.408873,0,0,3,2036.343277
HD 22484_5,HD 22484,4.456,0.081,0.516,0.082,13.9204,1.14,3.067609,,,4.147076,0.138082,0,0,3,2036.343277
HD 22484_7,HD 22484,3.201,0.074,0.943,0.772,13.9204,1.14,3.067609,,,3.142647,0.631622,0,0,3,2036.343277
HD 156274 A_3,HD 156274 A,4.433,0.138,1.608,7.03,8.7911,0.9,0.451648,,,5.0423,0.042004,0,0,8,2036.346847
HD 3651 A_0,HD 3651 A,0.818,0.09,1.086,1.01,11.1081,0.86,0.531986,,,0.886784,0.184911,0,0,7,2036.366367
HD 3651 A_3,HD 3651 A,0.106,0.12,3.284,4.001,11.1081,0.86,0.531986,,,0.108314,0.785873,0,0,7,2036.366367
HD 3651 A_5,HD 3651 A,0.552,0.025,0.534,0.183,11.1081,0.86,0.531986,,,0.563789,0.52091,0,0,7,2036.366367
HD 17051_0,HD 17051,1.593,0.055,0.8,0.347,17.3572,1.14,1.737401,,,1.51969,0.001242,0,0,4,2036.367737
HD 17051_1,HD 17051,2.146,0.107,1.035,1.601,17.3572,1.14,1.737401,,,2.118148,0.082705,0,0,4,2036.367737
HD 17051_2,HD 17051,4.311,0.108,1.302,1.937,17.3572,1.14,1.737401,,,3.942687,0.097705,0,0,4,2036.367737
HD 109358_0,HD 109358,0.599,0.064,0.661,0.181,8.4727,1.08,1.151065,,,0.637016,0.247873,0,0,5,2036.369758
HD 109358_1,HD 109358,0.313,0.024,1.946,4.902,8.4727,1.08,1.151065,,,0.306058,0.060766,0,0,5,2036.369758
HD 109358_3,HD 109358,0.172,0.066,1.409,3.279,8.4727,1.08,1.151065,,,0.161209,0.875269,0,0,5,2036.369758
HD 109358_4,HD 109358,1.488,0.078,0.58,0.237,8.4727,1.08,1.151065,,,1.403226,0.085258,0,0,5,2036.369758
HD 109358_5,HD 109358,3.968,0.05,3.285,8.264,8.4727,1.08,1.151065,,,3.825375,0.003718,0,0,5,2036.369758
HD 20766_0,HD 20766,1.336,0.161,1.674,2.568,12.0447,1.01,0.794328,,,1.517932,0.081543,0,0,6,2036.378159
HD 20766_1,HD 20766,0.327,0.097,2.659,5.834,12.0447,1.01,0.794328,,,0.324004,0.479638,0,0,6,2036.378159
HD 20766_4,HD 20766,1.915,0.031,0.912,0.627,12.0447,1.01,0.794328,,,1.951855,0.020168,0,0,6,2036.378159
HD 34411_0,HD 34411,0.295,0.082,3.192,20.914,12.5625,1.08,1.731809,,,0.30391,0.437601,0,0,4,2036.381122
HD 34411_1,HD 34411,1.539,0.078,0.897,0.594,12.5625,1.08,1.731809,,,1.656899,0.045541,0,0,4,2036.381122
HD 34411_3,HD 34411,1.691,0.074,0.798,0.788,12.5625,1.08,1.731809,,,1.808767,0.042147,0,0,4,2036.381122
HD 146233_0,HD 146233,0.356,0.047,2.679,19.012,14.1369,1.02,1.094208,,,0.359117,0.801431,0,0,5,2036.382492
HD 146233_1,HD 146233,0.206,0.044,2.032,18.545,14.1369,1.02,1.094208,,,0.207153,0.361695,0,0,5,2036.382492
HD 146233_4,HD 146233,0.539,0.141,1.433,1.238,14.1369,1.02,1.094208,,,0.610523,0.934246,0,0,5,2036.382492
HD 46588 A_0,HD 46588 A,1.961,0.092,1.375,2.632,18.2023,1.18,1.825997,,,2.094687,0.376287,0,0,4,2036.391443
HD 46588 A_2,HD 46588 A,0.149,0.051,1.651,6.607,18.2023,1.18,1.825997,,,0.142593,0.00027,0,0,4,2036.391443
HD 46588 A_4,HD 46588 A,0.634,0.042,1.252,2.732,18.2023,1.18,1.825997,,,0.636658,0.16746,0,0,4,2036.391443
HD 46588 A_5,HD 46588 A,0.119,0.052,0.593,0.199,18.2023,1.18,1.825997,,,0.124694,0.327777,0,0,4,2036.391443
HD 46588 A_6,HD 46588 A,0.647,0.045,2.121,10.554,18.2023,1.18,1.825997,,,0.654188,0.102492,0,0,4,2036.391443
HD 46588 A_7,HD 46588 A,1.085,0.088,1.256,3.348,18.2023,1.18,1.825997,,,1.155281,0.018002,0,0,4,2036.391443
HD 46588 A_8,HD 46588 A,2.008,0.017,0.521,0.058,18.2023,1.18,1.825997,,,1.985437,0.783434,0,0,4,2036.391443
HD 10700_0,HD 10700,1.625,0.099,0.563,0.132,3.6522,0.94,0.505708,,,1.487498,0.272025,0,0,8,2036.395844
HD 165499_0,HD 165499,3.777,0.071,0.637,0.343,17.7532,1.08,1.73141,,,3.851085,0.000692,0,0,4,2036.400691
HD 165499_1,HD 165499,0.192,0.04,0.654,0.282,17.7532,1.08,1.73141,,,0.198874,0.022037,0,0,4,2036.400691
HD 165499_3,HD 165499,0.221,0.065,0.75,0.344,17.7532,1.08,1.73141,,,0.215946,0.008216,0,0,4,2036.400691
HD 165499_4,HD 165499,1.569,0.062,3.377,30.496,17.7532,1.08,1.73141,,,1.581037,0.319189,0,0,4,2036.400691
HD 101501_3,HD 101501,0.112,0.069,1.262,2.632,9.5762,0.94,0.608976,,,0.111675,0.900071,0,0,7,2036.402061
HD 101501_7,HD 101501,0.888,0.054,0.887,0.375,9.5762,0.94,0.608976,,,0.840083,0.785224,0,0,7,2036.402061
HD 4614 A_0,HD 4614 A,4.718,0.051,1.358,2.277,5.0098,1.14,1.251988,,,4.843984,0.054458,0,0,5,2036.403431
HD 4614 A_1,HD 4614 A,0.651,0.133,0.728,0.414,5.0098,1.14,1.251988,,,0.639705,0.614634,0,0,5,2036.403431
HD 4614 A_2,HD 4614 A,2.584,0.017,1.361,5.26,5.0098,1.14,1.251988,,,2.56704,0.19231,0,0,5,2036.403431
HD 10476_0,HD 10476,0.171,0.07,0.738,0.194,7.6439,0.85,0.453524,,,0.167507,0.767589,0,0,8,2036.4048
HD 142373_0,HD 142373,1.268,0.168,0.757,0.538,15.8975,1.08,3.136173,,,1.479819,0.779363,0,0,3,2036.40617
HD 142373_1,HD 142373,1.76,0.092,0.868,0.821,15.8975,1.08,3.136173,,,1.918124,0.668088,0,0,3,2036.40617
HD 142373_2,HD 142373,0.834,0.129,2.923,3.951,15.8975,1.08,3.136173,,,0.767614,0.751215,0,0,3,2036.40617
HD 142373_4,HD 142373,1.161,0.006,1.265,1.173,15.8975,1.08,3.136173,,,1.155884,0.05459,0,0,3,2036.40617
HD 142373_6,HD 142373,4.705,0.105,0.947,0.705,15.8975,1.08,3.136173,,,4.554737,0.06192,0,0,3,2036.40617
HD 142373_7,HD 142373,1.878,0.051,2.611,16.581,15.8975,1.08,3.136173,,,1.960305,0.009663,0,0,3,2036.40617
HD 142373_8,HD 142373,3.092,0.053,1.805,4.531,15.8975,1.08,3.136173,,,2.929579,0.672484,0,0,3,2036.40617
HD 131156 A_0,HD 131156 A,0.922,0.01,2.426,5.907,6.7536,0.96,0.553095,,,0.921253,0.306355,0,2,3,2036.417898
HD 131156 A_1,HD 131156 A,1.097,0.147,1.932,11.706,6.7536,0.96,0.553095,,,1.240276,0.797466,0,1,3,2036.417898
HD 149661_2,HD 149661,2.991,0.073,1.285,1.48,9.8939,0.87,0.462168,,,2.840289,0.06578,0,0,8,2036.421694
HD 149661_3,HD 149661,2.364,0.065,0.7,0.369,9.8939,0.87,0.462168,,,2.496162,0.168754,0,0,8,2036.421694
HD 149661_5,HD 149661,3.155,0.051,2.936,10.042,9.8939,0.87,0.462168,,,3.175319,0.028002,0,0,8,2036.421694
HD 20794_0,HD 20794,4.322,0.17,2.962,5.482,6.0414,0.97,0.654335,,,3.883459,0.150868,0,0,7,2036.429087
HD 20794_1,HD 20794,2.398,0.095,1.302,1.627,6.0414,0.97,0.654335,,,2.625763,0.686504,0,0,7,2036.429087
HD 166_0,HD 166,1.592,0.09,1.08,1.198,13.7662,0.94,0.647292,,,1.623046,0.688903,0,0,7,2036.474322
HD 166_1,HD 166,0.635,0.021,0.515,0.133,13.7662,0.94,0.647292,,,0.648029,0.071858,0,0,7,2036.474322
HD 219134_0,HD 219134,1.298,0.068,3.021,3.577,6.5418,0.75,0.265889,,,1.314622,0.215749,0,0,4,2036.476654
HD 219134_1,HD 219134,0.107,0.06,0.589,0.095,6.5418,0.75,0.265889,,,0.112496,0.569643,0,0,4,2036.476654
HD 219134_2,HD 219134,0.475,0.085,1.279,1.562,6.5418,0.75,0.265889,0.067738,262.046846,0.500344,0.566372,1,2,4,2036.476654
HD 219134_3,HD 219134,2.999,0.067,1.913,2.632,6.5418,0.75,0.265889,,,3.140886,0.855518,0,0,4,2036.476654
HD 219134_4,HD 219134,0.285,0.083,1.716,1.696,6.5418,0.75,0.265889,,,0.307539,0.397567,0,0,4,2036.476654
HD 219134_5,HD 219134,1.823,0.052,1.09,1.858,6.5418,0.75,0.265889,,,1.764753,0.039753,0,0,4,2036.476654
HD 219134_7,HD 219134,0.986,0.056,2.277,3.252,6.5418,0.75,0.265889,0.140361,163.126168,0.947205,0.218507,1,2,4,2036.476654
HD 10780_0,HD 10780,0.841,0.11,1.077,1.419,10.0411,0.9,0.515941,,,0.826075,0.37938,0,0,8,2036.479764
HD 10780_3,HD 10780,2.25,0.098,1.348,1.373,10.0411,0.9,0.515941,,,2.200793,0.013202,0,0,8,2036.479764
HD 10780_4,HD 10780,2.669,0.102,2.513,5.195,10.0411,0.9,0.515941,,,2.856783,0.141028,0,0,8,2036.479764
HD 84117_2,HD 84117,0.48,0.183,0.807,0.221,14.9515,1.14,1.977425,,,0.544198,0.287587,0,0,4,2036.481134
HD 84117_3,HD 84117,2.469,0.127,0.583,0.082,14.9515,1.14,1.977425,,,2.216717,0.605536,0,0,4,2036.481134
HD 84117_5,HD 84117,2.421,0.095,0.605,0.152,14.9515,1.14,1.977425,,,2.226316,0.305603,0,0,4,2036.481134
HD 140538 A_0,HD 140538 A,2.088,0.047,0.685,0.566,14.7927,0.94,0.834065,,,2.059984,0.014477,0,0,6,2036.482504
HD 140538 A_1,HD 140538 A,0.512,0.053,2.798,25.412,14.7927,0.94,0.834065,,,0.504024,0.953224,0,0,6,2036.482504
HD 140538 A_2,HD 140538 A,4.137,0.053,0.916,0.811,14.7927,0.94,0.834065,,,3.935735,0.930731,0,0,6,2036.482504
HD 65907 A_0,HD 65907 A,0.584,0.099,0.585,0.135,16.1718,1.11,1.290031,,,0.591476,0.180584,0,0,5,2036.490126
HD 65907 A_1,HD 65907 A,1.316,0.075,0.982,1.107,16.1718,1.11,1.290031,,,1.414242,0.015701,0,0,5,2036.490126
HD 65907 A_2,HD 65907 A,1.009,0.058,1.202,3.968,16.1718,1.11,1.290031,,,1.063157,0.163867,0,0,5,2036.490126
HD 7570_0,HD 7570,3.031,0.054,1.134,0.839,15.2609,1.14,2.003549,,,2.898363,0.226712,0,0,4,2036.492406
HD 7570_1,HD 7570,0.15,0.071,0.941,0.934,15.2609,1.14,2.003549,,,0.15703,0.020852,0,0,4,2036.492406
HD 7570_2,HD 7570,1.977,0.063,1.73,5.46,15.2609,1.14,2.003549,,,2.028637,0.334868,0,0,4,2036.492406
HD 7570_3,HD 7570,3.034,0.079,1.364,2.113,15.2609,1.14,2.003549,,,2.925409,0.465127,0,0,4,2036.492406
HD 7570_4,HD 7570,0.569,0.099,0.726,0.218,15.2609,1.14,2.003549,,,0.518866,0.517993,0,0,4,2036.492406
HD 190360_0,HD 190360,0.922,0.17,1.79,3.607,16.0035,0.96,1.165467,,,0.889228,0.004152,0,0,5,2036.493775
HD 190360_1,HD 190360,3.764,0.081,1.071,4.456,16.0035,0.96,1.165467,,,3.953413,0.173085,0,0,5,2036.493775
HD 190360_3,HD 190360,3.632,0.139,2.733,14.342,16.0035,0.96,1.165467,,,4.122913,0.374257,0,0,5,2036.493775
HD 190360_4,HD 190360,1.735,0.021,0.534,0.11,16.0035,0.96,1.165467,,,1.700459,0.517603,0,0,5,2036.493775
HD 190360_5,HD 190360,0.581,0.08,1.934,4.569,16.0035,0.96,1.165467,,,0.538379,0.016436,0,0,5,2036.493775
HD 23249_0,HD 23249,2.38,0.039,0.804,0.454,9.0888,0.87,2.941034,,,2.371503,0.056756,0,0,3,2036.495752
HD 23249_1,HD 23249,2.348,0.031,1.487,8.264,9.0888,0.87,2.941034,,,2.330179,0.454206,0,0,3,2036.495752
HD 114710_0,HD 114710,1.415,0.117,0.681,0.481,9.1975,1.11,1.357063,,,1.580552,0.768667,0,0,5,2036.514696
HD 114710_1,HD 114710,0.314,0.116,0.63,0.141,9.1975,1.11,1.357063,,,0.348682,0.003516,0,0,5,2036.514696
HD 114710_2,HD 114710,2.258,0.018,0.683,0.149,9.1975,1.11,1.357063,,,2.295165,0.468048,0,0,5,2036.514696
HD 114710_4,HD 114710,0.861,0.053,0.898,0.364,9.1975,1.11,1.357063,,,0.821935,0.163708,0,0,5,2036.514696
HD 114710_5,HD 114710,0.124,0.109,3.108,4.801,9.1975,1.11,1.357063,,,0.134148,0.384356,0,0,5,2036.514696
HD 216803_1,HD 216803,3.539,0.087,2.035,4.943,7.6015,0.72,0.196336,,,3.544556,0.318642,0,0,3,2036.516066
HD 216803_3,HD 216803,0.104,0.044,0.893,0.59,7.6015,0.72,0.196336,,,0.102726,0.083379,0,0,3,2036.516066
HD 216803_4,HD 216803,2.738,0.038,2.631,20.064,7.6015,0.72,0.196336,,,2.827657,0.165771,0,1,3,2036.516066
HD 216803_5,HD 216803,0.109,0.06,0.686,0.28,7.6015,0.72,0.196336,,,0.104353,0.421652,0,0,3,2036.516066
HD 216803_6,HD 216803,0.431,0.071,1.431,2.884,7.6015,0.72,0.196336,,,0.461339,0.249143,0,0,3,2036.516066
HD 50692_0,HD 50692,3.95,0.04,2.831,8.758,17.4047,1.08,1.293302,,,4.107647,0.177885,0,0,5,2036.517913
HD 50692_1,HD 50692,0.28,0.064,0.734,0.338,17.4047,1.08,1.293302,,,0.270579,0.644494,0,0,5,2036.517913
HD 50692_2,HD 50692,0.513,0.081,1.798,3.935,17.4047,1.08,1.293302,,,0.554529,0.385136,0,0,5,2036.517913
HD 50692_3,HD 50692,0.925,0.032,2.849,11.466,17.4047,1.08,1.293302,,,0.91319,0.951272,0,0,5,2036.517913
HD 141004_0,HD 141004,2.629,0.092,2.901,9.32,11.9159,1.09,2.003549,,,2.589911,0.021144,0,0,4,2036.520057
HD 141004_1,HD 141004,0.651,0.071,0.654,0.192,11.9159,1.09,2.003549,,,0.63331,0.07807,0,0,4,2036.520057
HD 141004_2,HD 141004,4.426,0.098,1.019,0.86,11.9159,1.09,2.003549,,,3.994918,0.068398,0,0,4,2036.520057
HD 141004_3,HD 141004,4.115,0.06,0.578,0.156,11.9159,1.09,2.003549,,,3.993704,0.401329,0,0,4,2036.520057
HD 141004_4,HD 141004,3.163,0.091,1.732,5.597,11.9159,1.09,2.003549,,,3.343532,0.397277,0,0,4,2036.520057
HD 143761_0,HD 143761,2.268,0.052,0.622,0.266,17.5108,0.97,1.812174,,,2.16975,0.006825,0,0,4,2036.521733
HD 143761_3,HD 143761,0.463,0.017,0.834,0.418,17.5108,0.97,1.812174,,,0.455617,0.580887,0,0,4,2036.521733
HD 143761_4,HD 143761,1.096,0.157,0.808,2.884,17.5108,0.97,1.812174,,,0.983632,0.745916,0,0,4,2036.521733
HD 143761_5,HD 143761,0.834,0.096,1.155,1.238,17.5108,0.97,1.812174,,,0.87092,0.090854,0,0,4,2036.521733
HD 143761_7,HD 143761,2.609,0.089,2.154,7.734,17.5108,0.97,1.812174,,,2.837027,0.036554,0,0,4,2036.521733
HD 160691_0,HD 160691,1.46,0.051,0.67,0.222,15.6042,1.0,1.898891,,,1.524279,0.724509,0,0,4,2036.537233
HD 160691_1,HD 160691,0.274,0.085,0.88,0.654,15.6042,1.0,1.898891,,,0.268087,0.255121,0,0,4,2036.537233
HD 160691_2,HD 160691,0.346,0.144,0.58,0.113,15.6042,1.0,1.898891,,,0.298357,0.011545,0,0,4,2036.537233
HD 160691_3,HD 160691,0.123,0.058,0.556,0.116,15.6042,1.0,1.898891,,,0.129202,0.823595,0,0,4,2036.537233
HD 160691_4,HD 160691,2.415,0.073,1.777,3.87,15.6042,1.0,1.898891,,,2.42276,0.142475,0,0,4,2036.537233
HD 160691_6,HD 160691,2.937,0.058,2.424,7.702,15.6042,1.0,1.898891,,,2.810624,0.605828,0,0,4,2036.537233
HD 160691_7,HD 160691,3.23,0.098,2.375,2.699,15.6042,1.0,1.898891,,,3.294184,0.071848,0,0,4,2036.537233
HD 190248_1,HD 190248,1.11,0.055,1.408,1.805,6.0993,0.94,1.249971,,,1.076728,0.45834,0,0,5,2036.540984
HD 190248_2,HD 190248,3.754,0.072,1.017,1.843,6.0993,0.94,1.249971,,,3.964518,0.562142,0,0,5,2036.540984
HD 190248_3,HD 190248,1.406,0.139,0.51,0.145,6.0993,0.94,1.249971,,,1.446722,0.088592,0,0,5,2036.540984
HD 72905_1,HD 72905,0.661,0.069,0.5,0.066,14.4388,1.08,0.973195,,,0.633583,0.368035,0,0,6,2036.542354
HD 72905_3,HD 72905,0.899,0.099,2.776,7.831,14.4388,1.08,0.973195,,,0.934889,0.473704,0,0,6,2036.542354
HD 72905_4,HD 72905,0.923,0.214,1.407,1.443,14.4388,1.08,0.973195,,,0.833696,0.047764,0,0,6,2036.542354
HD 72905_5,HD 72905,3.175,0.086,0.525,0.102,14.4388,1.08,0.973195,,,3.379831,0.783488,0,0,6,2036.542354
HD 30495_0,HD 30495,1.934,0.08,0.989,0.414,13.24,1.04,0.966273,,,1.796508,0.061088,0,0,6,2036.551616
HD 30495_2,HD 30495,0.416,0.06,1.179,2.305,13.24,1.04,0.966273,,,0.423642,0.367573,0,0,6,2036.551616
HD 30495_3,HD 30495,1.848,0.089,0.623,0.192,13.24,1.04,0.966273,,,1.863135,0.055983,0,0,6,2036.551616
HD 142860_0,HD 142860,0.405,0.081,2.385,3.49,11.2537,1.25,3.038785,,,0.426131,0.570506,0,0,3,2036.560204
HD 142860_2,HD 142860,3.184,0.073,1.146,2.096,11.2537,1.25,3.038785,,,3.415715,0.230582,0,0,3,2036.560204
HD 142860_3,HD 142860,0.465,0.068,1.963,5.667,11.2537,1.25,3.038785,,,0.486015,0.133674,0,0,3,2036.560204
HD 142860_5,HD 142860,0.92,0.074,2.443,2.622,11.2537,1.25,3.038785,,,0.851924,0.120889,0,1,3,2036.560204
HD 142860_6,HD 142860,0.627,0.092,3.102,13.817,11.2537,1.25,3.038785,,,0.569741,0.87874,0,0,3,2036.560204
HD 4391_0,HD 4391,0.363,0.182,1.471,2.315,15.0487,0.98,0.923422,,,0.357429,0.052247,0,0,6,2036.561902
HD 4391_1,HD 4391,1.544,0.114,0.614,0.238,15.0487,0.98,0.923422,,,1.719319,0.55359,0,0,6,2036.561902
HD 4391_2,HD 4391,0.361,0.058,0.863,0.585,15.0487,0.98,0.923422,,,0.340225,0.039553,0,0,6,2036.561902
HD 4391_3,HD 4391,0.102,0.064,0.942,0.594,15.0487,0.98,0.923422,,,0.107347,0.854697,0,0,6,2036.561902
HD 4391_4,HD 4391,0.526,0.038,2.712,6.312,15.0487,0.98,0.923422,,,0.545546,0.785357,0,0,6,2036.561902
HD 19373_0,HD 19373,0.74,0.034,3.212,7.638,10.5774,1.08,2.230489,0.062631,340.32701,0.743785,0.15678,1,3,3,2036.565297
HD 19373_2,HD 19373,0.724,0.048,1.483,3.887,10.5774,1.08,2.230489,,,0.743494,0.250351,0,0,3,2036.565297
HD 19373_3,HD 19373,0.676,0.061,1.037,3.107,10.5774,1.08,2.230489,,,0.636137,0.530753,0,0,3,2036.565297
HD 19373_6,HD 19373,0.114,0.04,2.433,5.437,10.5774,1.08,2.230489,,,0.115994,0.106339,0,0,3,2036.565297
HD 19373_7,HD 19373,2.87,0.048,1.622,4.984,10.5774,1.08,2.230489,,,2.898275,0.580176,0,0,3,2036.565297
HD 147513_0,HD 147513,1.541,0.04,0.645,0.275,12.8923,1.07,1.000691,,,1.546955,0.120193,0,0,6,2036.57301
HD 147513_1,HD 147513,1.513,0.099,0.537,0.114,12.8923,1.07,1.000691,,,1.525802,0.345665,0,0,6,2036.57301
HD 147513_2,HD 147513,4.633,0.075,1.379,2.053,12.8923,1.07,1.000691,,,4.334164,0.717136,0,0,6,2036.57301
HD 147513_4,HD 147513,0.196,0.111,0.74,0.193,12.8923,1.07,1.000691,,,0.176922,0.759602,0,0,6,2036.57301
HD 147513_5,HD 147513,4.52,0.075,0.624,0.154,12.8923,1.07,1.000691,,,4.335984,0.094462,0,0,6,2036.57301
HD 147513_6,HD 147513,1.743,0.075,1.796,1.351,12.8923,1.07,1.000691,,,1.819571,0.212186,0,0,6,2036.57301
HD 147513_7,HD 147513,2.47,0.028,0.667,0.198,12.8923,1.07,1.000691,,,2.508501,0.491091,0,0,6,2036.57301
HD 3651 A_0,HD 3651 A,0.818,0.09,1.086,1.01,11.1081,0.86,0.531986,,,0.790691,0.050865,0,0,8,2036.57438
HD 3651 A_3,HD 3651 A,0.106,0.12,3.284,4.001,11.1081,0.86,0.531986,,,0.115001,0.013329,0,0,8,2036.57438
HD 3651 A_5,HD 3651 A,0.552,0.025,0.534,0.183,11.1081,0.86,0.531986,,,0.539207,0.207666,0,0,8,2036.57438
HD 203608_0,HD 203608,2.203,0.092,1.79,8.196,9.2584,1.14,1.465548,,,2.400181,0.116877,0,0,5,2036.577653
HD 203608_1,HD 203608,2.342,0.1,0.502,0.084,9.2584,1.14,1.465548,,,2.13837,0.002373,0,0,5,2036.577653
HD 203608_2,HD 203608,2.74,0.062,1.086,2.044,9.2584,1.14,1.465548,,,2.570131,0.00266,0,0,5,2036.577653
HD 203608_5,HD 203608,4.293,0.038,0.929,1.188,9.2584,1.14,1.465548,,,4.456007,0.003687,0,0,5,2036.577653
HD 203608_6,HD 203608,0.526,0.072,0.985,0.835,9.2584,1.14,1.465548,,,0.508088,0.108558,0,0,5,2036.577653
HD 20807_0,HD 20807,0.337,0.072,1.793,2.884,12.0394,1.07,1.016951,,,0.356723,0.366437,0,0,6,2036.582536
HD 20807_1,HD 20807,1.546,0.069,0.954,0.889,12.0394,1.07,1.016951,,,1.639082,0.821128,0,0,6,2036.582536
HD 20807_2,HD 20807,2.979,0.055,2.038,4.205,12.0394,1.07,1.016951,,,3.126044,0.121638,0,0,6,2036.582536
HD 38393_0,HD 38393,0.205,0.072,1.088,1.783,8.905,1.23,2.344229,,,0.215534,0.016093,0,0,4,2036.59205
HD 38393_1,HD 38393,3.39,0.099,0.656,0.187,8.905,1.23,2.344229,,,3.513887,0.019779,0,0,4,2036.59205
HD 38393_3,HD 38393,0.355,0.086,1.549,2.654,8.905,1.23,2.344229,,,0.378052,0.223996,0,0,4,2036.59205
HD 38393_4,HD 38393,4.373,0.052,1.208,1.306,8.905,1.23,2.344229,,,4.215618,0.021083,0,0,4,2036.59205
HD 26965 A_1,HD 26965 A,0.482,0.058,1.38,6.418,5.0098,0.86,0.409732,0.094155,73.328871,0.49166,0.397768,1,3,5,2036.596607
HD 26965 A_2,HD 26965 A,0.345,0.049,0.5,0.068,5.0098,0.86,0.409732,,,0.358224,0.102247,0,0,5,2036.596607
HD 55575_0,HD 55575,1.084,0.09,0.727,0.609,16.8518,1.14,1.462851,,,1.17583,0.497398,0,0,5,2036.601554
HD 55575_1,HD 55575,0.133,0.053,0.578,0.106,16.8518,1.14,1.462851,,,0.131503,0.064959,0,0,5,2036.601554
HD 101501_3,HD 101501,0.112,0.069,1.262,2.632,9.5762,0.94,0.608976,,,0.107363,0.038262,0,0,8,2036.621587
HD 101501_7,HD 101501,0.888,0.054,0.887,0.375,9.5762,0.94,0.608976,,,0.890094,0.036566,0,0,8,2036.621587
HD 128620_0,HD 128620,1.567,0.074,0.945,0.99,1.3319,1.11,1.520898,,,1.478762,0.028327,0,0,5,2036.624
HD 128620_1,HD 128620,1.266,0.016,1.198,1.075,1.3319,1.11,1.520898,,,1.286154,0.730762,0,0,5,2036.624
HD 86728 A_0,HD 86728 A,0.138,0.113,0.53,0.096,14.9263,1.0,1.377844,,,0.138193,0.396009,0,0,5,2036.631066
HD 86728 A_1,HD 86728 A,1.194,0.049,0.519,0.097,14.9263,1.0,1.377844,,,1.236275,0.171433,0,0,5,2036.631066
HD 86728 A_2,HD 86728 A,1.586,0.024,0.736,0.333,14.9263,1.0,1.377844,,,1.61892,0.195673,0,0,5,2036.631066
HD 86728 A_3,HD 86728 A,0.34,0.077,0.971,1.049,14.9263,1.0,1.377844,,,0.350341,0.158074,0,0,5,2036.631066
HD 86728 A_4,HD 86728 A,3.143,0.15,2.985,25.307,14.9263,1.0,1.377844,,,3.221438,0.06185,0,0,5,2036.631066
HD 86728 A_5,HD 86728 A,0.238,0.132,1.155,1.588,14.9263,1.0,1.377844,,,0.265068,0.567655,0,0,5,2036.631066
HD 86728 A_6,HD 86728 A,2.84,0.137,2.462,4.922,14.9263,1.0,1.377844,,,3.223059,0.189533,0,0,5,2036.631066
HD 20766_0,HD 20766,1.336,0.161,1.674,2.568,12.0447,1.01,0.794328,,,1.341691,0.137166,0,0,7,2036.636647
HD 20766_1,HD 20766,0.327,0.097,2.659,5.834,12.0447,1.01,0.794328,,,0.314273,0.083744,0,0,7,2036.636647
HD 20766_4,HD 20766,1.915,0.031,0.912,0.627,12.0447,1.01,0.794328,,,1.971709,0.128939,0,0,7,2036.636647
HD 136352_0,HD 136352,1.127,0.083,0.501,0.057,14.7391,1.02,1.028964,,,1.111313,0.077819,0,0,6,2036.64396
HD 136352_2,HD 136352,0.995,0.082,1.549,2.6,14.7391,1.02,1.028964,,,1.075739,0.002061,0,0,6,2036.64396
HD 136352_3,HD 136352,3.774,0.069,2.041,2.393,14.7391,1.02,1.028964,,,3.534152,0.554516,0,0,6,2036.64396
HD 136352_4,HD 136352,1.831,0.068,0.826,1.102,14.7391,1.02,1.028964,,,1.819262,0.239805,0,0,6,2036.64396
HD 20794_0,HD 20794,4.322,0.17,2.962,5.482,6.0414,0.97,0.654335,,,3.786459,0.212694,0,0,8,2036.657156
HD 20794_1,HD 20794,2.398,0.095,1.302,1.627,6.0414,0.97,0.654335,,,2.613716,0.797304,0,0,8,2036.657156
HD 90839_0,HD 90839,3.665,0.022,0.781,0.406,12.9452,1.18,1.605092,,,3.720418,0.09564,0,0,5,2036.666313
HD 90839_1,HD 90839,0.191,0.094,1.403,1.498,12.9452,1.18,1.605092,,,0.208884,0.298519,0,0,5,2036.666313
HD 90839_2,HD 90839,3.378,0.112,1.125,1.163,12.9452,1.18,1.605092,,,3.754406,0.227358,0,0,5,2036.666313
HD 90839_5,HD 90839,0.15,0.051,2.273,7.359,12.9452,1.18,1.605092,,,0.143116,0.108148,0,0,5,2036.666313
HD 53705_0,HD 53705,0.273,0.081,1.735,7.702,17.0593,1.04,1.489704,,,0.293729,0.041181,0,0,5,2036.697555
HD 53705_1,HD 53705,2.604,0.083,3.306,29.747,17.0593,1.04,1.489704,,,2.8033,0.424373,0,0,5,2036.697555
HD 53705_2,HD 53705,1.597,0.089,2.478,5.883,17.0593,1.04,1.489704,,,1.724672,0.650806,0,0,5,2036.697555
HD 53705_3,HD 53705,0.715,0.026,1.359,2.07,17.0593,1.04,1.489704,,,0.733479,0.517766,0,0,5,2036.697555
HD 53705_4,HD 53705,0.527,0.092,2.437,20.655,17.0593,1.04,1.489704,,,0.519092,0.329277,0,0,5,2036.697555
HD 109358_0,HD 109358,0.599,0.064,0.661,0.181,8.4727,1.08,1.151065,,,0.604334,0.200802,0,0,6,2036.69991
HD 109358_1,HD 109358,0.313,0.024,1.946,4.902,8.4727,1.08,1.151065,,,0.306867,0.111654,0,0,6,2036.69991
HD 109358_3,HD 109358,0.172,0.066,1.409,3.279,8.4727,1.08,1.151065,,,0.173604,0.261665,0,0,6,2036.69991
HD 109358_4,HD 109358,1.488,0.078,0.58,0.237,8.4727,1.08,1.151065,,,1.387749,0.401231,0,0,6,2036.69991
HD 109358_5,HD 109358,3.968,0.05,3.285,8.264,8.4727,1.08,1.151065,,,3.792422,0.014339,0,0,6,2036.69991
HD 166_0,HD 166,1.592,0.09,1.08,1.198,13.7662,0.94,0.647292,,,1.702809,0.942107,0,0,8,2036.704129
HD 166_1,HD 166,0.635,0.021,0.515,0.133,13.7662,0.94,0.647292,,,0.624004,0.484315,0,0,8,2036.704129
HD 39091_1,HD 39091,3.12,0.028,1.191,1.233,18.2874,1.08,1.533204,,,3.037978,0.296545,0,0,5,2036.705559
HD 39091_2,HD 39091,2.865,0.029,0.677,0.276,18.2874,1.08,1.533204,,,2.930897,0.792218,0,0,5,2036.705559
HD 39091_3,HD 39091,3.55,0.072,1.069,1.542,18.2874,1.08,1.533204,,,3.802188,0.840509,0,0,5,2036.705559
HD 39091_4,HD 39091,4.534,0.027,1.234,2.258,18.2874,1.08,1.533204,,,4.64043,0.148709,0,0,5,2036.705559
HD 39091_5,HD 39091,1.437,0.051,1.31,4.963,18.2874,1.08,1.533204,,,1.506408,0.446237,0,0,5,2036.705559
HD 39091_6,HD 39091,0.67,0.012,2.604,10.642,18.2874,1.08,1.533204,,,0.664206,0.16476,0,0,5,2036.705559
HD 146233_0,HD 146233,0.356,0.047,2.679,19.012,14.1369,1.02,1.094208,,,0.349291,0.050384,0,0,6,2036.709551
HD 146233_1,HD 146233,0.206,0.044,2.032,18.545,14.1369,1.02,1.094208,,,0.204684,0.249427,0,0,6,2036.709551
HD 146233_4,HD 146233,0.539,0.141,1.433,1.238,14.1369,1.02,1.094208,,,0.602901,0.699982,0,0,6,2036.709551
HD 58855_0,HD 58855,3.917,0.055,2.746,19.491,20.4021,1.16,2.444556,,,4.092748,0.706972,0,0,4,2036.714347
HD 58855_3,HD 58855,0.12,0.023,0.846,0.638,20.4021,1.16,2.444556,,,0.119577,0.510419,0,0,4,2036.714347
HD 58855_4,HD 58855,1.787,0.062,0.53,0.05,20.4021,1.16,2.444556,,,1.896639,0.324098,0,0,4,2036.714347
HD 58855_5,HD 58855,2.753,0.078,0.74,0.236,20.4021,1.16,2.444556,,,2.53874,0.092138,0,0,4,2036.714347
HD 58855_6,HD 58855,3.408,0.008,0.67,0.345,20.4021,1.16,2.444556,,,3.380742,0.449516,0,0,4,2036.714347
HD 58855_7,HD 58855,0.511,0.017,1.169,0.638,20.4021,1.16,2.444556,,,0.508583,0.024089,0,0,4,2036.714347
HD 58855_8,HD 58855,3.679,0.02,1.665,2.944,20.4021,1.16,2.444556,,,3.608814,0.7157,0,0,4,2036.714347
HD 219134_0,HD 219134,1.298,0.068,3.021,3.577,6.5418,0.75,0.265889,,,1.238412,0.045982,0,0,5,2036.725099
HD 219134_1,HD 219134,0.107,0.06,0.589,0.095,6.5418,0.75,0.265889,,,0.105275,0.828303,0,0,5,2036.725099
HD 219134_2,HD 219134,0.475,0.085,1.279,1.562,6.5418,0.75,0.265889,0.071451,19.348376,0.492638,0.545842,1,3,5,2036.725099
HD 219134_3,HD 219134,2.999,0.067,1.913,2.632,6.5418,0.75,0.265889,,,3.17139,0.903982,0,0,5,2036.725099
HD 219134_4,HD 219134,0.285,0.083,1.716,1.696,6.5418,0.75,0.265889,,,0.271371,0.275852,0,0,5,2036.725099
HD 219134_5,HD 219134,1.823,0.052,1.09,1.858,6.5418,0.75,0.265889,,,1.813376,0.072873,0,0,5,2036.725099
HD 219134_7,HD 219134,0.986,0.056,2.277,3.252,6.5418,0.75,0.265889,0.129489,81.69407,0.942474,0.580308,1,3,5,2036.725099
HD 95128_1,HD 95128,2.285,0.074,0.586,0.123,13.8875,1.07,1.576885,,,2.215217,0.149063,0,0,5,2036.730141
HD 95128_2,HD 95128,4.586,0.035,0.538,0.151,13.8875,1.07,1.576885,,,4.745838,0.008314,0,0,5,2036.730141
HD 95128_3,HD 95128,0.343,0.031,2.771,11.324,13.8875,1.07,1.576885,,,0.332645,0.808994,0,0,5,2036.730141
HD 95128_4,HD 95128,2.15,0.173,1.218,1.843,13.8875,1.07,1.576885,,,1.835815,0.841889,0,0,5,2036.730141
HD 95128_5,HD 95128,0.6,0.105,2.299,6.552,13.8875,1.07,1.576885,,,0.6384,0.552683,0,0,5,2036.730141
HD 95128_6,HD 95128,0.335,0.024,2.419,6.471,13.8875,1.07,1.576885,,,0.341242,0.380528,0,0,5,2036.730141
HD 95128_7,HD 95128,0.847,0.089,1.394,2.221,13.8875,1.07,1.576885,,,0.774593,0.153406,0,0,5,2036.730141
HD 95128_8,HD 95128,0.588,0.034,2.182,4.922,13.8875,1.07,1.576885,,,0.57372,0.717397,0,0,5,2036.730141
HD 4614 A_0,HD 4614 A,4.718,0.051,1.358,2.277,5.0098,1.14,1.251988,,,4.796368,0.057928,0,0,6,2036.745685
HD 4614 A_1,HD 4614 A,0.651,0.133,0.728,0.414,5.0098,1.14,1.251988,,,0.584156,0.015595,0,0,6,2036.745685
HD 4614 A_2,HD 4614 A,2.584,0.017,1.361,5.26,5.0098,1.14,1.251988,,,2.548143,0.09974,0,0,6,2036.745685
HD 30652_0,HD 30652,0.357,0.032,0.524,0.114,8.0684,1.25,2.710192,,,0.366723,0.000337,0,0,4,2036.752222
HD 30652_1,HD 30652,3.379,0.099,2.314,3.76,8.0684,1.25,2.710192,,,3.701665,0.067941,0,0,4,2036.752222
HD 30652_2,HD 30652,1.418,0.081,1.563,2.688,8.0684,1.25,2.710192,,,1.33811,0.038815,0,0,4,2036.752222
HD 30652_3,HD 30652,3.27,0.133,2.129,4.102,8.0684,1.25,2.710192,,,3.657128,0.593717,0,0,4,2036.752222
HD 30652_4,HD 30652,2.754,0.119,2.49,10.423,8.0684,1.25,2.710192,,,2.516737,0.809395,0,0,4,2036.752222
HD 140538 A_0,HD 140538 A,2.088,0.047,0.685,0.566,14.7927,0.94,0.834065,,,2.013307,0.001348,0,0,7,2036.760435
HD 140538 A_1,HD 140538 A,0.512,0.053,2.798,25.412,14.7927,0.94,0.834065,,,0.48775,0.155171,0,0,7,2036.760435
HD 140538 A_2,HD 140538 A,4.137,0.053,0.916,0.811,14.7927,0.94,0.834065,,,3.92194,0.945299,0,0,7,2036.760435
HD 26965 A_1,HD 26965 A,0.482,0.058,1.38,6.418,5.0098,0.86,0.409732,0.090585,249.684947,0.470615,0.232535,1,4,6,2036.767108
HD 26965 A_2,HD 26965 A,0.345,0.049,0.5,0.068,5.0098,0.86,0.409732,,,0.337536,0.342941,0,0,6,2036.767108
HD 17051_0,HD 17051,1.593,0.055,0.8,0.347,17.3572,1.14,1.737401,,,1.633972,0.257284,0,0,5,2036.805334
HD 17051_1,HD 17051,2.146,0.107,1.035,1.601,17.3572,1.14,1.737401,,,1.939861,0.499293,0,0,5,2036.805334
HD 17051_2,HD 17051,4.311,0.108,1.302,1.937,17.3572,1.14,1.737401,,,3.865625,0.032074,0,0,5,2036.805334
HD 43386_0,HD 43386,2.541,0.037,0.504,0.139,19.5879,1.33,2.956651,,,2.448107,0.979158,0,0,4,2036.827664
HD 43386_1,HD 43386,1.141,0.101,1.584,2.087,19.5879,1.33,2.956651,,,1.049984,0.897355,0,0,4,2036.827664
HD 43386_3,HD 43386,0.289,0.045,1.072,1.323,19.5879,1.33,2.956651,,,0.277406,0.300634,0,0,4,2036.827664
HD 34411_0,HD 34411,0.295,0.082,3.192,20.914,12.5625,1.08,1.731809,,,0.313987,0.413512,0,0,5,2036.829624
HD 34411_1,HD 34411,1.539,0.078,0.897,0.594,12.5625,1.08,1.731809,,,1.528273,0.486414,0,0,5,2036.829624
HD 34411_3,HD 34411,1.691,0.074,0.798,0.788,12.5625,1.08,1.731809,,,1.683954,0.090434,0,0,5,2036.829624
HD 187691 A_0,HD 187691 A,3.127,0.076,1.475,3.637,19.4881,1.25,2.834654,,,3.354662,0.311082,0,0,4,2036.831768
HD 187691 A_1,HD 187691 A,2.61,0.091,1.018,4.223,19.4881,1.25,2.834654,,,2.616179,0.701225,0,0,4,2036.831768
HD 187691 A_2,HD 187691 A,3.249,0.037,0.764,0.21,19.4881,1.25,2.834654,,,3.206041,0.126372,0,0,4,2036.831768
HD 187691 A_3,HD 187691 A,2.018,0.038,2.654,7.67,19.4881,1.25,2.834654,,,2.032017,0.19459,0,0,4,2036.831768
HD 72905_1,HD 72905,0.661,0.069,0.5,0.066,14.4388,1.08,0.973195,,,0.70217,0.563328,0,0,7,2036.833452
HD 72905_3,HD 72905,0.899,0.099,2.776,7.831,14.4388,1.08,0.973195,,,0.815963,0.434135,0,0,7,2036.833452
HD 72905_4,HD 72905,0.923,0.214,1.407,1.443,14.4388,1.08,0.973195,,,0.89837,0.833818,0,0,7,2036.833452
HD 72905_5,HD 72905,3.175,0.086,0.525,0.102,14.4388,1.08,0.973195,,,3.425516,0.908614,0,0,7,2036.833452
HD 46588 A_0,HD 46588 A,1.961,0.092,1.375,2.632,18.2023,1.18,1.825997,,,1.916695,0.448893,0,0,5,2036.837906
HD 46588 A_2,HD 46588 A,0.149,0.051,1.651,6.607,18.2023,1.18,1.825997,,,0.153254,0.979589,0,0,5,2036.837906
HD 46588 A_4,HD 46588 A,0.634,0.042,1.252,2.732,18.2023,1.18,1.825997,,,0.643085,0.099682,0,0,5,2036.837906
HD 46588 A_5,HD 46588 A,0.119,0.052,0.593,0.199,18.2023,1.18,1.825997,,,0.116701,0.317492,0,0,5,2036.837906
HD 46588 A_6,HD 46588 A,0.647,0.045,2.121,10.554,18.2023,1.18,1.825997,,,0.641884,0.03053,0,0,5,2036.837906
HD 46588 A_7,HD 46588 A,1.085,0.088,1.256,3.348,18.2023,1.18,1.825997,,,1.062744,0.485977,0,0,5,2036.837906
HD 46588 A_8,HD 46588 A,2.008,0.017,0.521,0.058,18.2023,1.18,1.825997,,,2.019776,0.498598,0,0,5,2036.837906
HD 65907 A_0,HD 65907 A,0.584,0.099,0.585,0.135,16.1718,1.11,1.290031,,,0.537433,0.69618,0,0,6,2036.84485
HD 65907 A_1,HD 65907 A,1.316,0.075,0.982,1.107,16.1718,1.11,1.290031,,,1.314704,0.473229,0,0,6,2036.84485
HD 65907 A_2,HD 65907 A,1.009,0.058,1.202,3.968,16.1718,1.11,1.290031,,,0.992848,0.382542,0,0,6,2036.84485
HD 30495_0,HD 30495,1.934,0.08,0.989,0.414,13.24,1.04,0.966273,,,1.880476,0.281518,0,0,7,2036.846676
HD 30495_2,HD 30495,0.416,0.06,1.179,2.305,13.24,1.04,0.966273,,,0.404963,0.793965,0,0,7,2036.846676
HD 30495_3,HD 30495,1.848,0.089,0.623,0.192,13.24,1.04,0.966273,,,1.744626,0.273926,0,0,7,2036.846676
HD 190360_0,HD 190360,0.922,0.17,1.79,3.607,16.0035,0.96,1.165467,,,1.063681,0.545884,0,0,6,2036.848046
HD 190360_1,HD 190360,3.764,0.081,1.071,4.456,16.0035,0.96,1.165467,,,4.012446,0.175251,0,0,6,2036.848046
HD 190360_3,HD 190360,3.632,0.139,2.733,14.342,16.0035,0.96,1.165467,,,4.071467,0.510478,0,0,6,2036.848046
HD 190360_4,HD 190360,1.735,0.021,0.534,0.11,16.0035,0.96,1.165467,,,1.724955,0.57228,0,0,6,2036.848046
HD 190360_5,HD 190360,0.581,0.08,1.934,4.569,16.0035,0.96,1.165467,,,0.59222,0.151211,0,0,6,2036.848046
HD 165499_0,HD 165499,3.777,0.071,0.637,0.343,17.7532,1.08,1.73141,,,3.942823,0.008923,0,0,5,2036.849416
HD 165499_1,HD 165499,0.192,0.04,0.654,0.282,17.7532,1.08,1.73141,,,0.186422,0.694382,0,0,5,2036.849416
HD 165499_3,HD 165499,0.221,0.065,0.75,0.344,17.7532,1.08,1.73141,,,0.226596,0.90654,0,0,5,2036.849416
HD 165499_4,HD 165499,1.569,0.062,3.377,30.496,17.7532,1.08,1.73141,,,1.472827,0.000202,0,0,5,2036.849416
HD 43042_0,HD 43042,4.095,0.078,0.558,0.189,21.7763,1.29,2.935621,,,3.957623,0.762229,0,0,4,2036.852797
HD 43042_1,HD 43042,0.434,0.11,0.533,0.125,21.7763,1.29,2.935621,,,0.394093,0.870192,0,0,4,2036.852797
HD 43042_3,HD 43042,0.724,0.14,0.733,0.336,21.7763,1.29,2.935621,,,0.6715,0.136204,0,0,4,2036.852797
HD 4391_0,HD 4391,0.363,0.182,1.471,2.315,15.0487,0.98,0.923422,,,0.427785,0.059707,0,0,7,2036.855692
HD 4391_1,HD 4391,1.544,0.114,0.614,0.238,15.0487,0.98,0.923422,,,1.669967,0.86341,0,0,7,2036.855692
HD 4391_2,HD 4391,0.361,0.058,0.863,0.585,15.0487,0.98,0.923422,,,0.371186,0.590726,0,0,7,2036.855692
HD 4391_3,HD 4391,0.102,0.064,0.942,0.594,15.0487,0.98,0.923422,,,0.108524,0.755905,0,0,7,2036.855692
HD 4391_4,HD 4391,0.526,0.038,2.712,6.312,15.0487,0.98,0.923422,,,0.532606,0.133052,0,0,7,2036.855692
HD 95735_0,HD 95735,0.673,0.041,0.901,0.885,2.5461,0.44,0.019934,,,0.69568,0.121437,0,1,7,2036.857062
HD 95735_2,HD 95735,0.392,0.078,0.638,0.142,2.5461,0.44,0.019934,,,0.393634,0.015898,0,2,7,2036.857062
HD 95735_3,HD 95735,0.164,0.146,0.847,0.374,2.5461,0.44,0.019934,0.066747,180.665449,0.187944,0.132077,1,7,7,2036.857062
HD 95735_4,HD 95735,2.481,0.023,1.454,1.218,2.5461,0.44,0.019934,,,2.42474,0.011884,0,0,7,2036.857062
HD 95735_6,HD 95735,0.163,0.047,1.008,1.443,2.5461,0.44,0.019934,0.063793,245.17113,0.167881,0.18663,1,1,7,2036.857062
HD 210302_0,HD 210302,0.937,0.087,1.293,4.329,18.4579,1.25,2.918099,,,0.855523,0.345796,0,0,4,2036.865233
HD 210302_1,HD 210302,0.316,0.034,0.672,0.336,18.4579,1.25,2.918099,,,0.326731,0.934765,0,0,4,2036.865233
HD 210302_2,HD 210302,0.162,0.125,0.82,0.627,18.4579,1.25,2.918099,,,0.16918,0.261131,0,0,4,2036.865233
HD 210302_3,HD 210302,0.925,0.123,2.909,13.478,18.4579,1.25,2.918099,,,0.993964,0.378333,0,0,4,2036.865233
HD 210302_4,HD 210302,1.629,0.122,1.727,3.133,18.4579,1.25,2.918099,,,1.446091,0.901898,0,0,4,2036.865233
HD 147513_0,HD 147513,1.541,0.04,0.645,0.275,12.8923,1.07,1.000691,,,1.595658,0.340703,0,0,7,2036.87164
HD 147513_1,HD 147513,1.513,0.099,0.537,0.114,12.8923,1.07,1.000691,,,1.644884,0.508612,0,0,7,2036.87164
HD 147513_2,HD 147513,4.633,0.075,1.379,2.053,12.8923,1.07,1.000691,,,4.376993,0.729927,0,0,7,2036.87164
HD 147513_4,HD 147513,0.196,0.111,0.74,0.193,12.8923,1.07,1.000691,,,0.217665,0.169016,0,0,7,2036.87164
HD 147513_5,HD 147513,4.52,0.075,0.624,0.154,12.8923,1.07,1.000691,,,4.280209,0.053408,0,0,7,2036.87164
HD 147513_6,HD 147513,1.743,0.075,1.796,1.351,12.8923,1.07,1.000691,,,1.716357,0.476264,0,0,7,2036.87164
HD 147513_7,HD 147513,2.47,0.028,0.667,0.198,12.8923,1.07,1.000691,,,2.531006,0.244427,0,0,7,2036.87164
HD 128167_0,HD 128167,1.283,0.14,1.15,1.754,15.756,1.39,3.181999,,,1.462268,0.23318,0,0,4,2036.876501
HD 128167_2,HD 128167,3.433,0.063,1.328,4.136,15.756,1.39,3.181999,,,3.639558,0.845857,0,0,4,2036.876501
HD 128167_3,HD 128167,4.878,0.117,2.132,7.451,15.756,1.39,3.181999,,,4.850832,0.840476,0,0,4,2036.876501
HD 128167_4,HD 128167,1.323,0.044,1.923,7.575,15.756,1.39,3.181999,,,1.284942,0.520696,0,0,4,2036.876501
HD 50692_0,HD 50692,3.95,0.04,2.831,8.758,17.4047,1.08,1.293302,,,4.104143,0.097095,0,0,6,2036.878213
HD 50692_1,HD 50692,0.28,0.064,0.734,0.338,17.4047,1.08,1.293302,,,0.289211,0.114562,0,0,6,2036.878213
HD 50692_2,HD 50692,0.513,0.081,1.798,3.935,17.4047,1.08,1.293302,,,0.554454,0.343153,0,0,6,2036.878213
HD 50692_3,HD 50692,0.925,0.032,2.849,11.466,17.4047,1.08,1.293302,,,0.924255,0.031147,0,0,6,2036.878213
HD 114710_0,HD 114710,1.415,0.117,0.681,0.481,9.1975,1.11,1.357063,,,1.452633,0.260909,0,0,6,2036.883155
HD 114710_1,HD 114710,0.314,0.116,0.63,0.141,9.1975,1.11,1.357063,,,0.31561,0.223481,0,0,6,2036.883155
HD 114710_2,HD 114710,2.258,0.018,0.683,0.149,9.1975,1.11,1.357063,,,2.296949,0.833748,0,0,6,2036.883155
HD 114710_4,HD 114710,0.861,0.053,0.898,0.364,9.1975,1.11,1.357063,,,0.899215,0.504516,0,0,6,2036.883155
HD 114710_5,HD 114710,0.124,0.109,3.108,4.801,9.1975,1.11,1.357063,,,0.116849,0.95736,0,0,6,2036.883155
HD 20807_0,HD 20807,0.337,0.072,1.793,2.884,12.0394,1.07,1.016951,,,0.312758,0.480175,0,0,7,2036.884798
HD 20807_1,HD 20807,1.546,0.069,0.954,0.889,12.0394,1.07,1.016951,,,1.642161,0.799301,0,0,7,2036.884798
HD 20807_2,HD 20807,2.979,0.055,2.038,4.205,12.0394,1.07,1.016951,,,3.090432,0.233953,0,0,7,2036.884798
HD 20766_0,HD 20766,1.336,0.161,1.674,2.568,12.0447,1.01,0.794328,,,1.14228,0.455641,0,0,8,2036.895136
HD 20766_1,HD 20766,0.327,0.097,2.659,5.834,12.0447,1.01,0.794328,,,0.356866,0.997629,0,0,8,2036.895136
HD 20766_4,HD 20766,1.915,0.031,0.912,0.627,12.0447,1.01,0.794328,,,1.971759,0.366298,0,0,8,2036.895136
HD 190248_1,HD 190248,1.11,0.055,1.408,1.805,6.0993,0.94,1.249971,,,1.080209,0.028171,0,0,6,2036.917438
HD 190248_2,HD 190248,3.754,0.072,1.017,1.843,6.0993,0.94,1.249971,,,3.904868,0.704101,0,0,6,2036.917438
HD 190248_3,HD 190248,1.406,0.139,0.51,0.145,6.0993,0.94,1.249971,,,1.600335,0.001022,0,0,6,2036.917438
HD 84737_0,HD 84737,0.596,0.087,1.352,2.836,18.8226,1.08,2.795117,,,0.54487,0.422149,0,0,4,2036.949237
HD 84737_1,HD 84737,3.025,0.071,1.189,2.166,18.8226,1.08,2.795117,,,3.127243,0.000337,0,0,4,2036.949237
HD 84737_2,HD 84737,1.078,0.014,1.079,1.238,18.8226,1.08,2.795117,,,1.090576,0.108385,0,0,4,2036.949237
HD 84737_3,HD 84737,3.774,0.025,0.833,0.582,18.8226,1.08,2.795117,,,3.821978,0.007804,0,0,4,2036.949237
HD 84737_4,HD 84737,0.254,0.074,3.133,5.482,18.8226,1.08,2.795117,,,0.272784,0.062532,0,0,4,2036.949237
HD 84737_5,HD 84737,2.993,0.205,0.508,0.047,18.8226,1.08,2.795117,,,3.456414,0.622065,0,0,4,2036.949237
HD 134083_0,HD 134083,0.116,0.07,1.9,6.745,19.536,1.33,3.254618,,,0.108524,0.641309,0,0,4,2036.952979
HD 134083_1,HD 134083,0.36,0.097,1.358,1.173,19.536,1.33,3.254618,,,0.387543,0.38947,0,0,4,2036.952979
HD 134083_3,HD 134083,0.749,0.13,0.881,0.648,19.536,1.33,3.254618,,,0.665928,0.840282,0,0,4,2036.952979
HD 134083_4,HD 134083,0.959,0.114,0.591,0.159,19.536,1.33,3.254618,,,0.854151,0.710551,0,0,4,2036.952979
HD 693_0,HD 693,1.045,0.058,1.136,0.946,18.8861,1.18,2.997091,,,1.009683,0.048586,0,0,4,2036.955797
HD 693_1,HD 693,0.139,0.106,2.768,4.782,18.8861,1.18,2.997091,,,0.131464,0.903666,0,0,4,2036.955797
HD 693_3,HD 693,1.448,0.069,1.975,3.293,18.8861,1.18,2.997091,,,1.480239,0.697489,0,0,4,2036.955797
HD 693_4,HD 693,1.744,0.105,1.392,2.423,18.8861,1.18,2.997091,,,1.642941,0.055427,0,0,4,2036.955797
HD 693_5,HD 693,2.909,0.1,1.423,1.783,18.8861,1.18,2.997091,,,2.72433,0.825585,0,0,4,2036.955797
HD 693_6,HD 693,2.914,0.024,0.574,0.086,18.8861,1.18,2.997091,,,2.847537,0.119487,0,0,4,2036.955797
HD 693_7,HD 693,3.93,0.01,2.298,3.376,18.8861,1.18,2.997091,,,3.924868,0.475093,0,0,4,2036.955797
HD 136352_0,HD 136352,1.127,0.083,0.501,0.057,14.7391,1.02,1.028964,,,1.039798,0.294212,0,0,7,2036.957167
HD 136352_2,HD 136352,0.995,0.082,1.549,2.6,14.7391,1.02,1.028964,,,0.954729,0.34745,0,0,7,2036.957167
HD 136352_3,HD 136352,3.774,0.069,2.041,2.393,14.7391,1.02,1.028964,,,3.515155,0.515727,0,0,7,2036.957167
HD 136352_4,HD 136352,1.831,0.068,0.826,1.102,14.7391,1.02,1.028964,,,1.910492,0.116702,0,0,7,2036.957167
HD 203608_0,HD 203608,2.203,0.092,1.79,8.196,9.2584,1.14,1.465548,,,2.317749,0.254442,0,0,6,2036.96282
HD 203608_1,HD 203608,2.342,0.1,0.502,0.084,9.2584,1.14,1.465548,,,2.27577,0.072688,0,0,6,2036.96282
HD 203608_2,HD 203608,2.74,0.062,1.086,2.044,9.2584,1.14,1.465548,,,2.599172,0.00454,0,0,6,2036.96282
HD 203608_5,HD 203608,4.293,0.038,0.929,1.188,9.2584,1.14,1.465548,,,4.451442,0.010954,0,0,6,2036.96282
HD 203608_6,HD 203608,0.526,0.072,0.985,0.835,9.2584,1.14,1.465548,,,0.526441,0.047523,0,0,6,2036.96282
HD 84117_2,HD 84117,0.48,0.183,0.807,0.221,14.9515,1.14,1.977425,,,0.410221,0.285377,0,0,5,2036.96419
HD 84117_3,HD 84117,2.469,0.127,0.583,0.082,14.9515,1.14,1.977425,,,2.453857,0.961288,0,0,5,2036.96419
HD 84117_5,HD 84117,2.421,0.095,0.605,0.152,14.9515,1.14,1.977425,,,2.207849,0.122038,0,0,5,2036.96419
HD 212330 A_0,HD 212330 A,1.747,0.031,3.281,22.163,20.3398,1.02,2.726465,,,1.741775,0.013485,0,0,4,2036.971651
HD 7570_0,HD 7570,3.031,0.054,1.134,0.839,15.2609,1.14,2.003549,,,2.981744,0.038425,0,0,5,2036.979372
HD 7570_1,HD 7570,0.15,0.071,0.941,0.934,15.2609,1.14,2.003549,,,0.160649,0.136116,0,0,5,2036.979372
HD 7570_2,HD 7570,1.977,0.063,1.73,5.46,15.2609,1.14,2.003549,,,2.101515,0.020369,0,0,5,2036.979372
HD 7570_3,HD 7570,3.034,0.079,1.364,2.113,15.2609,1.14,2.003549,,,2.817776,0.229987,0,0,5,2036.979372
HD 7570_4,HD 7570,0.569,0.099,0.726,0.218,15.2609,1.14,2.003549,,,0.584604,0.506409,0,0,5,2036.979372
HD 55575_0,HD 55575,1.084,0.09,0.727,0.609,16.8518,1.14,1.462851,,,0.999604,0.005033,0,0,6,2036.986189
HD 55575_1,HD 55575,0.133,0.053,0.578,0.106,16.8518,1.14,1.462851,,,0.139453,0.263608,0,0,6,2036.986189
HD 143761_0,HD 143761,2.268,0.052,0.622,0.266,17.5108,0.97,1.812174,,,2.259195,0.161838,0,0,5,2037.01136
HD 143761_3,HD 143761,0.463,0.017,0.834,0.418,17.5108,0.97,1.812174,,,0.469797,0.125653,0,0,5,2037.01136
HD 143761_4,HD 143761,1.096,0.157,0.808,2.884,17.5108,0.97,1.812174,,,1.173866,0.053991,0,0,5,2037.01136
HD 143761_5,HD 143761,0.834,0.096,1.155,1.238,17.5108,0.97,1.812174,,,0.759456,0.870277,0,0,5,2037.01136
HD 143761_7,HD 143761,2.609,0.089,2.154,7.734,17.5108,0.97,1.812174,,,2.760767,0.185477,0,0,5,2037.01136
HD 22484_0,HD 22484,0.838,0.146,1.142,1.075,13.9204,1.14,3.067609,,,0.946782,0.018498,0,0,4,2037.013545
HD 22484_1,HD 22484,1.12,0.109,1.996,10.252,13.9204,1.14,3.067609,,,1.047423,0.575409,0,0,4,2037.013545
HD 22484_2,HD 22484,0.469,0.117,1.765,4.24,13.9204,1.14,3.067609,,,0.414597,0.833849,0,0,4,2037.013545
HD 22484_5,HD 22484,4.456,0.081,0.516,0.082,13.9204,1.14,3.067609,,,4.276398,0.322723,0,0,4,2037.013545
HD 22484_7,HD 22484,3.201,0.074,0.943,0.772,13.9204,1.14,3.067609,,,3.320422,0.470154,0,0,4,2037.013545
HD 141004_0,HD 141004,2.629,0.092,2.901,9.32,11.9159,1.09,2.003549,,,2.763544,0.206531,0,0,5,2037.018067
HD 141004_1,HD 141004,0.651,0.071,0.654,0.192,11.9159,1.09,2.003549,,,0.630606,0.063368,0,0,5,2037.018067
HD 141004_2,HD 141004,4.426,0.098,1.019,0.86,11.9159,1.09,2.003549,,,4.044872,0.025132,0,0,5,2037.018067
HD 141004_3,HD 141004,4.115,0.06,0.578,0.156,11.9159,1.09,2.003549,,,3.918441,0.581565,0,0,5,2037.018067
HD 141004_4,HD 141004,3.163,0.091,1.732,5.597,11.9159,1.09,2.003549,,,3.19655,0.292333,0,0,5,2037.018067
HD 86728 A_0,HD 86728 A,0.138,0.113,0.53,0.096,14.9263,1.0,1.377844,,,0.153289,0.980719,0,0,6,2037.023713
HD 86728 A_1,HD 86728 A,1.194,0.049,0.519,0.097,14.9263,1.0,1.377844,,,1.14201,0.80321,0,0,6,2037.023713
HD 86728 A_2,HD 86728 A,1.586,0.024,0.736,0.333,14.9263,1.0,1.377844,,,1.579249,0.081149,0,0,6,2037.023713
HD 86728 A_3,HD 86728 A,0.34,0.077,0.971,1.049,14.9263,1.0,1.377844,,,0.347796,0.177472,0,0,6,2037.023713
HD 86728 A_4,HD 86728 A,3.143,0.15,2.985,25.307,14.9263,1.0,1.377844,,,3.404083,0.022923,0,0,6,2037.023713
HD 86728 A_5,HD 86728 A,0.238,0.132,1.155,1.588,14.9263,1.0,1.377844,,,0.206903,0.404563,0,0,6,2037.023713
HD 86728 A_6,HD 86728 A,2.84,0.137,2.462,4.922,14.9263,1.0,1.377844,,,3.214158,0.088126,0,0,6,2037.023713
HD 128620_0,HD 128620,1.567,0.074,0.945,0.99,1.3319,1.11,1.520898,,,1.481882,0.071862,0,0,6,2037.025342
HD 128620_1,HD 128620,1.266,0.016,1.198,1.075,1.3319,1.11,1.520898,,,1.262446,0.108642,0,0,6,2037.025342
HD 109358_0,HD 109358,0.599,0.064,0.661,0.181,8.4727,1.08,1.151065,,,0.560669,0.409304,0,0,7,2037.030063
HD 109358_1,HD 109358,0.313,0.024,1.946,4.902,8.4727,1.08,1.151065,,,0.307976,0.182489,0,0,7,2037.030063
HD 109358_3,HD 109358,0.172,0.066,1.409,3.279,8.4727,1.08,1.151065,,,0.183251,0.013793,0,0,7,2037.030063
HD 109358_4,HD 109358,1.488,0.078,0.58,0.237,8.4727,1.08,1.151065,,,1.509023,0.70275,0,0,7,2037.030063
HD 109358_5,HD 109358,3.968,0.05,3.285,8.264,8.4727,1.08,1.151065,,,3.773483,0.046792,0,0,7,2037.030063
HD 146233_0,HD 146233,0.356,0.047,2.679,19.012,14.1369,1.02,1.094208,,,0.368035,0.528906,0,0,7,2037.03661
HD 146233_1,HD 146233,0.206,0.044,2.032,18.545,14.1369,1.02,1.094208,,,0.20899,0.271905,0,0,7,2037.03661
HD 146233_4,HD 146233,0.539,0.141,1.433,1.238,14.1369,1.02,1.094208,,,0.540711,0.24796,0,0,7,2037.03661
HD 160691_0,HD 160691,1.46,0.051,0.67,0.222,15.6042,1.0,1.898891,,,1.488254,0.081686,0,0,5,2037.03798
HD 160691_1,HD 160691,0.274,0.085,0.88,0.654,15.6042,1.0,1.898891,,,0.286236,0.259445,0,0,5,2037.03798
HD 160691_2,HD 160691,0.346,0.144,0.58,0.113,15.6042,1.0,1.898891,,,0.395784,0.806588,0,0,5,2037.03798
HD 160691_3,HD 160691,0.123,0.058,0.556,0.116,15.6042,1.0,1.898891,,,0.122611,0.404762,0,0,5,2037.03798
HD 160691_4,HD 160691,2.415,0.073,1.777,3.87,15.6042,1.0,1.898891,,,2.548259,0.515967,0,0,5,2037.03798
HD 160691_6,HD 160691,2.937,0.058,2.424,7.702,15.6042,1.0,1.898891,,,2.76714,0.891811,0,0,5,2037.03798
HD 160691_7,HD 160691,3.23,0.098,2.375,2.699,15.6042,1.0,1.898891,,,3.43959,0.2277,0,0,5,2037.03798
HD 140538 A_0,HD 140538 A,2.088,0.047,0.685,0.566,14.7927,0.94,0.834065,,,1.990545,0.041796,0,0,8,2037.03935
HD 140538 A_1,HD 140538 A,0.512,0.053,2.798,25.412,14.7927,0.94,0.834065,,,0.526474,0.019828,0,0,8,2037.03935
HD 140538 A_2,HD 140538 A,4.137,0.053,0.916,0.811,14.7927,0.94,0.834065,,,3.917771,0.918579,0,0,8,2037.03935
HD 219134_0,HD 219134,1.298,0.068,3.021,3.577,6.5418,0.75,0.265889,,,1.218574,0.148774,0,0,6,2037.051627
HD 219134_1,HD 219134,0.107,0.06,0.589,0.095,6.5418,0.75,0.265889,,,0.100748,0.403699,0,0,6,2037.051627
HD 219134_2,HD 219134,0.475,0.085,1.279,1.562,6.5418,0.75,0.265889,0.073986,59.17338,0.459214,0.238137,1,4,6,2037.051627
HD 219134_3,HD 219134,2.999,0.067,1.913,2.632,6.5418,0.75,0.265889,,,3.195201,0.906338,0,0,6,2037.051627
HD 219134_4,HD 219134,0.285,0.083,1.716,1.696,6.5418,0.75,0.265889,,,0.292141,0.34406,0,0,6,2037.051627
HD 219134_5,HD 219134,1.823,0.052,1.09,1.858,6.5418,0.75,0.265889,,,1.877387,0.223865,0,0,6,2037.051627
HD 219134_7,HD 219134,0.986,0.056,2.277,3.252,6.5418,0.75,0.265889,0.153219,332.221734,1.029459,0.378872,1,4,6,2037.051627
HD 90839_0,HD 90839,3.665,0.022,0.781,0.406,12.9452,1.18,1.605092,,,3.738436,0.226974,0,0,6,2037.071621
HD 90839_1,HD 90839,0.191,0.094,1.403,1.498,12.9452,1.18,1.605092,,,0.192864,0.050655,0,0,6,2037.071621
HD 90839_2,HD 90839,3.378,0.112,1.125,1.163,12.9452,1.18,1.605092,,,3.739422,0.119509,0,0,6,2037.071621
HD 90839_5,HD 90839,0.15,0.051,2.273,7.359,12.9452,1.18,1.605092,,,0.15712,0.561938,0,0,6,2037.071621
HD 4614 A_0,HD 4614 A,4.718,0.051,1.358,2.277,5.0098,1.14,1.251988,,,4.744449,0.070361,0,0,7,2037.087939
HD 4614 A_1,HD 4614 A,0.651,0.133,0.728,0.414,5.0098,1.14,1.251988,,,0.724591,0.537531,0,0,7,2037.087939
HD 4614 A_2,HD 4614 A,2.584,0.017,1.361,5.26,5.0098,1.14,1.251988,,,2.540137,0.072874,0,0,7,2037.087939
HD 53705_0,HD 53705,0.273,0.081,1.735,7.702,17.0593,1.04,1.489704,,,0.294917,0.008807,0,0,6,2037.105789
HD 53705_1,HD 53705,2.604,0.083,3.306,29.747,17.0593,1.04,1.489704,,,2.72387,0.524853,0,0,6,2037.105789
HD 53705_2,HD 53705,1.597,0.089,2.478,5.883,17.0593,1.04,1.489704,,,1.578311,0.088961,0,0,6,2037.105789
HD 53705_3,HD 53705,0.715,0.026,1.359,2.07,17.0593,1.04,1.489704,,,0.710539,0.428156,0,0,6,2037.105789
HD 53705_4,HD 53705,0.527,0.092,2.437,20.655,17.0593,1.04,1.489704,,,0.545318,0.165278,0,0,6,2037.105789
HD 142373_0,HD 142373,1.268,0.168,0.757,0.538,15.8975,1.08,3.136173,,,1.060385,0.029993,0,0,4,2037.107159
HD 142373_1,HD 142373,1.76,0.092,0.868,0.821,15.8975,1.08,3.136173,,,1.675704,0.26457,0,0,4,2037.107159
HD 142373_2,HD 142373,0.834,0.129,2.923,3.951,15.8975,1.08,3.136173,,,0.794903,0.851465,0,0,4,2037.107159
HD 142373_4,HD 142373,1.161,0.006,1.265,1.173,15.8975,1.08,3.136173,,,1.163178,0.846856,0,0,4,2037.107159
HD 142373_6,HD 142373,4.705,0.105,0.947,0.705,15.8975,1.08,3.136173,,,4.356461,0.010996,0,0,4,2037.107159
HD 142373_7,HD 142373,1.878,0.051,2.611,16.581,15.8975,1.08,3.136173,,,1.915457,0.183652,0,0,4,2037.107159
HD 142373_8,HD 142373,3.092,0.053,1.805,4.531,15.8975,1.08,3.136173,,,3.005298,0.285322,0,0,4,2037.107159
HD 39091_1,HD 39091,3.12,0.028,1.191,1.233,18.2874,1.08,1.533204,,,3.033587,0.472943,0,0,6,2037.114904
HD 39091_2,HD 39091,2.865,0.029,0.677,0.276,18.2874,1.08,1.533204,,,2.947508,0.97475,0,0,6,2037.114904
HD 39091_3,HD 39091,3.55,0.072,1.069,1.542,18.2874,1.08,1.533204,,,3.769489,0.761033,0,0,6,2037.114904
HD 39091_4,HD 39091,4.534,0.027,1.234,2.258,18.2874,1.08,1.533204,,,4.652711,0.073808,0,0,6,2037.114904
HD 39091_5,HD 39091,1.437,0.051,1.31,4.963,18.2874,1.08,1.533204,,,1.41713,0.462942,0,0,6,2037.114904
HD 39091_6,HD 39091,0.67,0.012,2.604,10.642,18.2874,1.08,1.533204,,,0.66361,0.594996,0,0,6,2037.114904
HD 38393_0,HD 38393,0.205,0.072,1.088,1.783,8.905,1.23,2.344229,,,0.192859,0.578359,0,0,5,2037.11946
HD 38393_1,HD 38393,3.39,0.099,0.656,0.187,8.905,1.23,2.344229,,,3.321376,0.091108,0,0,5,2037.11946
HD 38393_3,HD 38393,0.355,0.086,1.549,2.654,8.905,1.23,2.344229,,,0.336991,0.764998,0,0,5,2037.11946
HD 38393_4,HD 38393,4.373,0.052,1.208,1.306,8.905,1.23,2.344229,,,4.294762,0.09319,0,0,5,2037.11946
HD 72905_1,HD 72905,0.661,0.069,0.5,0.066,14.4388,1.08,0.973195,,,0.615553,0.054786,0,0,8,2037.12455
HD 72905_3,HD 72905,0.899,0.099,2.776,7.831,14.4388,1.08,0.973195,,,0.975741,0.046898,0,0,8,2037.12455
HD 72905_4,HD 72905,0.923,0.214,1.407,1.443,14.4388,1.08,0.973195,,,1.116791,0.092715,0,0,8,2037.12455
HD 72905_5,HD 72905,3.175,0.086,0.525,0.102,14.4388,1.08,0.973195,,,3.446718,0.978305,0,0,8,2037.12455
HD 30495_0,HD 30495,1.934,0.08,0.989,0.414,13.24,1.04,0.966273,,,1.986999,0.607047,0,0,8,2037.141735
HD 30495_2,HD 30495,0.416,0.06,1.179,2.305,13.24,1.04,0.966273,,,0.39224,0.985,0,0,8,2037.141735
HD 30495_3,HD 30495,1.848,0.089,0.623,0.192,13.24,1.04,0.966273,,,1.684007,0.682322,0,0,8,2037.141735
HD 4391_0,HD 4391,0.363,0.182,1.471,2.315,15.0487,0.98,0.923422,,,0.326833,0.891701,0,0,8,2037.149483
HD 4391_1,HD 4391,1.544,0.114,0.614,0.238,15.0487,0.98,0.923422,,,1.522772,0.78413,0,0,8,2037.149483
HD 4391_2,HD 4391,0.361,0.058,0.863,0.585,15.0487,0.98,0.923422,,,0.372592,0.518403,0,0,8,2037.149483
HD 4391_3,HD 4391,0.102,0.064,0.942,0.594,15.0487,0.98,0.923422,,,0.107594,0.530776,0,0,8,2037.149483
HD 4391_4,HD 4391,0.526,0.038,2.712,6.312,15.0487,0.98,0.923422,,,0.507574,0.017951,0,0,8,2037.149483
HD 95128_1,HD 95128,2.285,0.074,0.586,0.123,13.8875,1.07,1.576885,,,2.123908,0.545222,0,0,6,2037.150853
HD 95128_2,HD 95128,4.586,0.035,0.538,0.151,13.8875,1.07,1.576885,,,4.736175,0.027343,0,0,6,2037.150853
HD 95128_3,HD 95128,0.343,0.031,2.771,11.324,13.8875,1.07,1.576885,,,0.336069,0.360689,0,0,6,2037.150853
HD 95128_4,HD 95128,2.15,0.173,1.218,1.843,13.8875,1.07,1.576885,,,2.128097,0.877231,0,0,6,2037.150853
HD 95128_5,HD 95128,0.6,0.105,2.299,6.552,13.8875,1.07,1.576885,,,0.61725,0.485311,0,0,6,2037.150853
HD 95128_6,HD 95128,0.335,0.024,2.419,6.471,13.8875,1.07,1.576885,,,0.340714,0.084186,0,0,6,2037.150853
HD 95128_7,HD 95128,0.847,0.089,1.394,2.221,13.8875,1.07,1.576885,,,0.922019,0.390305,0,0,6,2037.150853
HD 95128_8,HD 95128,0.588,0.034,2.182,4.922,13.8875,1.07,1.576885,,,0.570944,0.645416,0,0,6,2037.150853
HD 147513_0,HD 147513,1.541,0.04,0.645,0.275,12.8923,1.07,1.000691,,,1.595192,0.613741,0,0,8,2037.170271
HD 147513_1,HD 147513,1.513,0.099,0.537,0.114,12.8923,1.07,1.000691,,,1.647328,0.520983,0,0,8,2037.170271
HD 147513_2,HD 147513,4.633,0.075,1.379,2.053,12.8923,1.07,1.000691,,,4.430119,0.719553,0,0,8,2037.170271
HD 147513_4,HD 147513,0.196,0.111,0.74,0.193,12.8923,1.07,1.000691,,,0.17506,0.301523,0,0,8,2037.170271
HD 147513_5,HD 147513,4.52,0.075,0.624,0.154,12.8923,1.07,1.000691,,,4.234701,0.02756,0,0,8,2037.170271
HD 147513_6,HD 147513,1.743,0.075,1.796,1.351,12.8923,1.07,1.000691,,,1.627247,0.707016,0,0,8,2037.170271
HD 147513_7,HD 147513,2.47,0.028,0.667,0.198,12.8923,1.07,1.000691,,,2.53916,0.082003,0,0,8,2037.170271
HD 20807_0,HD 20807,0.337,0.072,1.793,2.884,12.0394,1.07,1.016951,,,0.357731,0.074149,0,0,8,2037.187061
HD 20807_1,HD 20807,1.546,0.069,0.954,0.889,12.0394,1.07,1.016951,,,1.560879,0.381578,0,0,8,2037.187061
HD 20807_2,HD 20807,2.979,0.055,2.038,4.205,12.0394,1.07,1.016951,,,3.039257,0.388955,0,0,8,2037.187061
HD 65907 A_0,HD 65907 A,0.584,0.099,0.585,0.135,16.1718,1.11,1.290031,,,0.533212,0.847426,0,0,7,2037.199573
HD 65907 A_1,HD 65907 A,1.316,0.075,0.982,1.107,16.1718,1.11,1.290031,,,1.217604,0.878113,0,0,7,2037.199573
HD 65907 A_2,HD 65907 A,1.009,0.058,1.202,3.968,16.1718,1.11,1.290031,,,0.984242,0.364631,0,0,7,2037.199573
HD 190360_0,HD 190360,0.922,0.17,1.79,3.607,16.0035,0.96,1.165467,,,0.768536,0.404903,0,0,7,2037.201506
HD 190360_1,HD 190360,3.764,0.081,1.071,4.456,16.0035,0.96,1.165467,,,4.051414,0.186016,0,0,7,2037.201506
HD 190360_3,HD 190360,3.632,0.139,2.733,14.342,16.0035,0.96,1.165467,,,3.98451,0.656228,0,0,7,2037.201506
HD 190360_4,HD 190360,1.735,0.021,0.534,0.11,16.0035,0.96,1.165467,,,1.757595,0.398338,0,0,7,2037.201506
HD 190360_5,HD 190360,0.581,0.08,1.934,4.569,16.0035,0.96,1.165467,,,0.627456,0.70283,0,0,7,2037.201506
HD 50692_0,HD 50692,3.95,0.04,2.831,8.758,17.4047,1.08,1.293302,,,4.087864,0.044961,0,0,7,2037.238513
HD 50692_1,HD 50692,0.28,0.064,0.734,0.338,17.4047,1.08,1.293302,,,0.274691,0.759197,0,0,7,2037.238513
HD 50692_2,HD 50692,0.513,0.081,1.798,3.935,17.4047,1.08,1.293302,,,0.553935,0.302923,0,0,7,2037.238513
HD 50692_3,HD 50692,0.925,0.032,2.849,11.466,17.4047,1.08,1.293302,,,0.941242,0.476651,0,0,7,2037.238513
HD 23249_0,HD 23249,2.38,0.039,0.804,0.454,9.0888,0.87,2.941034,,,2.29036,0.095282,0,0,4,2037.239883
HD 23249_1,HD 23249,2.348,0.031,1.487,8.264,9.0888,0.87,2.941034,,,2.407337,0.991419,0,0,4,2037.239883
HD 17051_0,HD 17051,1.593,0.055,0.8,0.347,17.3572,1.14,1.737401,,,1.676443,0.917291,0,0,6,2037.24293
HD 17051_1,HD 17051,2.146,0.107,1.035,1.601,17.3572,1.14,1.737401,,,1.954416,0.925236,0,0,6,2037.24293
HD 17051_2,HD 17051,4.311,0.108,1.302,1.937,17.3572,1.14,1.737401,,,3.846596,0.009809,0,0,6,2037.24293
HD 114710_0,HD 114710,1.415,0.117,0.681,0.481,9.1975,1.11,1.357063,,,1.255375,0.025416,0,0,7,2037.251615
HD 114710_1,HD 114710,0.314,0.116,0.63,0.141,9.1975,1.11,1.357063,,,0.278526,0.933859,0,0,7,2037.251615
HD 114710_2,HD 114710,2.258,0.018,0.683,0.149,9.1975,1.11,1.357063,,,2.280001,0.968576,0,0,7,2037.251615
HD 114710_4,HD 114710,0.861,0.053,0.898,0.364,9.1975,1.11,1.357063,,,0.827119,0.125208,0,0,7,2037.251615
HD 114710_5,HD 114710,0.124,0.109,3.108,4.801,9.1975,1.11,1.357063,,,0.112583,0.268872,0,0,7,2037.251615
HD 136352_0,HD 136352,1.127,0.083,0.501,0.057,14.7391,1.02,1.028964,,,1.17171,0.709854,0,0,8,2037.269488
HD 136352_2,HD 136352,0.995,0.082,1.549,2.6,14.7391,1.02,1.028964,,,0.956945,0.759115,0,0,8,2037.269488
HD 136352_3,HD 136352,3.774,0.069,2.041,2.393,14.7391,1.02,1.028964,,,3.517837,0.458177,0,0,8,2037.269488
HD 136352_4,HD 136352,1.831,0.068,0.826,1.102,14.7391,1.02,1.028964,,,1.954577,0.100137,0,0,8,2037.269488
HD 58855_0,HD 58855,3.917,0.055,2.746,19.491,20.4021,1.16,2.444556,,,4.016815,0.473066,0,0,5,2037.274778
HD 58855_3,HD 58855,0.12,0.023,0.846,0.638,20.4021,1.16,2.444556,,,0.118393,0.415843,0,0,5,2037.274778
HD 58855_4,HD 58855,1.787,0.062,0.53,0.05,20.4021,1.16,2.444556,,,1.80866,0.994111,0,0,5,2037.274778
HD 58855_5,HD 58855,2.753,0.078,0.74,0.236,20.4021,1.16,2.444556,,,2.629009,0.007591,0,0,5,2037.274778
HD 58855_6,HD 58855,3.408,0.008,0.67,0.345,20.4021,1.16,2.444556,,,3.385942,0.675387,0,0,5,2037.274778
HD 58855_7,HD 58855,0.511,0.017,1.169,0.638,20.4021,1.16,2.444556,,,0.519286,0.306522,0,0,5,2037.274778
HD 58855_8,HD 58855,3.679,0.02,1.665,2.944,20.4021,1.16,2.444556,,,3.607589,0.9125,0,0,5,2037.274778
HD 34411_0,HD 34411,0.295,0.082,3.192,20.914,12.5625,1.08,1.731809,,,0.318898,0.368978,0,0,6,2037.278126
HD 34411_1,HD 34411,1.539,0.078,0.897,0.594,12.5625,1.08,1.731809,,,1.420156,0.770897,0,0,6,2037.278126
HD 34411_3,HD 34411,1.691,0.074,0.798,0.788,12.5625,1.08,1.731809,,,1.566739,0.619529,0,0,6,2037.278126
HD 46588 A_0,HD 46588 A,1.961,0.092,1.375,2.632,18.2023,1.18,1.825997,,,1.782251,0.360463,0,0,6,2037.284369
HD 46588 A_2,HD 46588 A,0.149,0.051,1.651,6.607,18.2023,1.18,1.825997,,,0.14883,0.064757,0,0,6,2037.284369
HD 46588 A_4,HD 46588 A,0.634,0.042,1.252,2.732,18.2023,1.18,1.825997,,,0.648902,0.05423,0,0,6,2037.284369
HD 46588 A_5,HD 46588 A,0.119,0.052,0.593,0.199,18.2023,1.18,1.825997,,,0.11345,0.309128,0,0,6,2037.284369
HD 46588 A_6,HD 46588 A,0.647,0.045,2.121,10.554,18.2023,1.18,1.825997,,,0.6303,0.008163,0,0,6,2037.284369
HD 46588 A_7,HD 46588 A,1.085,0.088,1.256,3.348,18.2023,1.18,1.825997,,,1.081363,0.21911,0,0,6,2037.284369
HD 46588 A_8,HD 46588 A,2.008,0.017,0.521,0.058,18.2023,1.18,1.825997,,,2.041696,0.138676,0,0,6,2037.284369
HD 190248_1,HD 190248,1.11,0.055,1.408,1.805,6.0993,0.94,1.249971,,,1.170284,0.572749,0,0,7,2037.293893
HD 190248_2,HD 190248,3.754,0.072,1.017,1.843,6.0993,0.94,1.249971,,,3.830321,0.826227,0,0,7,2037.293893
HD 190248_3,HD 190248,1.406,0.139,0.51,0.145,6.0993,0.94,1.249971,,,1.489478,0.184208,0,0,7,2037.293893
HD 165499_0,HD 165499,3.777,0.071,0.637,0.343,17.7532,1.08,1.73141,,,4.008995,0.047193,0,0,6,2037.29784
HD 165499_1,HD 165499,0.192,0.04,0.654,0.282,17.7532,1.08,1.73141,,,0.19662,0.094859,0,0,6,2037.29784
HD 165499_3,HD 165499,0.221,0.065,0.75,0.344,17.7532,1.08,1.73141,,,0.218466,0.010234,0,0,6,2037.29784
HD 165499_4,HD 165499,1.569,0.062,3.377,30.496,17.7532,1.08,1.73141,,,1.553463,0.361449,0,0,6,2037.29784
HD 30652_0,HD 30652,0.357,0.032,0.524,0.114,8.0684,1.25,2.710192,,,0.363336,0.016964,0,0,5,2037.335528
HD 30652_1,HD 30652,3.379,0.099,2.314,3.76,8.0684,1.25,2.710192,,,3.592989,0.255471,0,0,5,2037.335528
HD 30652_2,HD 30652,1.418,0.081,1.563,2.688,8.0684,1.25,2.710192,,,1.439791,0.871245,0,0,5,2037.335528
HD 30652_3,HD 30652,3.27,0.133,2.129,4.102,8.0684,1.25,2.710192,,,3.464226,0.589579,0,0,5,2037.335528
HD 30652_4,HD 30652,2.754,0.119,2.49,10.423,8.0684,1.25,2.710192,,,2.436191,0.512672,0,0,5,2037.335528
HD 203608_0,HD 203608,2.203,0.092,1.79,8.196,9.2584,1.14,1.465548,,,2.16802,0.488719,0,0,7,2037.347987
HD 203608_1,HD 203608,2.342,0.1,0.502,0.084,9.2584,1.14,1.465548,,,2.439463,0.324131,0,0,7,2037.347987
HD 203608_2,HD 203608,2.74,0.062,1.086,2.044,9.2584,1.14,1.465548,,,2.676231,0.0868,0,0,7,2037.347987
HD 203608_5,HD 203608,4.293,0.038,0.929,1.188,9.2584,1.14,1.465548,,,4.434489,0.033752,0,0,7,2037.347987
HD 203608_6,HD 203608,0.526,0.072,0.985,0.835,9.2584,1.14,1.465548,,,0.54411,0.039972,0,0,7,2037.347987
HD 109358_0,HD 109358,0.599,0.064,0.661,0.181,8.4727,1.08,1.151065,,,0.603204,0.419805,0,0,8,2037.360215
HD 109358_1,HD 109358,0.313,0.024,1.946,4.902,8.4727,1.08,1.151065,,,0.309328,0.27201,0,0,8,2037.360215
HD 109358_3,HD 109358,0.172,0.066,1.409,3.279,8.4727,1.08,1.151065,,,0.176642,0.119548,0,0,8,2037.360215
HD 109358_4,HD 109358,1.488,0.078,0.58,0.237,8.4727,1.08,1.151065,,,1.600221,0.504767,0,0,8,2037.360215
HD 109358_5,HD 109358,3.968,0.05,3.285,8.264,8.4727,1.08,1.151065,,,3.770383,0.111567,0,0,8,2037.360215
HD 146233_0,HD 146233,0.356,0.047,2.679,19.012,14.1369,1.02,1.094208,,,0.341391,0.222664,0,0,8,2037.363669
HD 146233_1,HD 146233,0.206,0.044,2.032,18.545,14.1369,1.02,1.094208,,,0.202818,0.340217,0,0,8,2037.363669
HD 146233_4,HD 146233,0.539,0.141,1.433,1.238,14.1369,1.02,1.094208,,,0.471452,0.008696,0,0,8,2037.363669
HD 55575_0,HD 55575,1.084,0.09,0.727,0.609,16.8518,1.14,1.462851,,,1.11475,0.968132,0,0,7,2037.370824
HD 55575_1,HD 55575,0.133,0.053,0.578,0.106,16.8518,1.14,1.462851,,,0.126675,0.756326,0,0,7,2037.370824
HD 86728 A_0,HD 86728 A,0.138,0.113,0.53,0.096,14.9263,1.0,1.377844,,,0.131376,0.163223,0,0,7,2037.416359
HD 86728 A_1,HD 86728 A,1.194,0.049,0.519,0.097,14.9263,1.0,1.377844,,,1.189006,0.192302,0,0,7,2037.416359
HD 86728 A_2,HD 86728 A,1.586,0.024,0.736,0.333,14.9263,1.0,1.377844,,,1.548295,0.266087,0,0,7,2037.416359
HD 86728 A_3,HD 86728 A,0.34,0.077,0.971,1.049,14.9263,1.0,1.377844,,,0.345148,0.199356,0,0,7,2037.416359
HD 86728 A_4,HD 86728 A,3.143,0.15,2.985,25.307,14.9263,1.0,1.377844,,,3.53647,0.015298,0,0,7,2037.416359
HD 86728 A_5,HD 86728 A,0.238,0.132,1.155,1.588,14.9263,1.0,1.377844,,,0.260845,0.07421,0,0,7,2037.416359
HD 86728 A_6,HD 86728 A,2.84,0.137,2.462,4.922,14.9263,1.0,1.377844,,,3.12765,0.034949,0,0,7,2037.416359
HD 128620_0,HD 128620,1.567,0.074,0.945,0.99,1.3319,1.11,1.520898,,,1.62693,0.713589,0,0,7,2037.426684
HD 128620_1,HD 128620,1.266,0.016,1.198,1.075,1.3319,1.11,1.520898,,,1.248167,0.157623,0,0,7,2037.426684
HD 4614 A_0,HD 4614 A,4.718,0.051,1.358,2.277,5.0098,1.14,1.251988,,,4.690641,0.093468,0,0,8,2037.430193
HD 4614 A_1,HD 4614 A,0.651,0.133,0.728,0.414,5.0098,1.14,1.251988,,,0.685166,0.82264,0,0,8,2037.430193
HD 4614 A_2,HD 4614 A,2.584,0.017,1.361,5.26,5.0098,1.14,1.251988,,,2.54561,0.10619,0,0,8,2037.430193
HD 43386_0,HD 43386,2.541,0.037,0.504,0.139,19.5879,1.33,2.956651,,,2.487187,0.450964,0,0,5,2037.431563
HD 43386_1,HD 43386,1.141,0.101,1.584,2.087,19.5879,1.33,2.956651,,,1.20675,0.017235,0,0,5,2037.431563
HD 43386_3,HD 43386,0.289,0.045,1.072,1.323,19.5879,1.33,2.956651,,,0.301533,0.23602,0,0,5,2037.431563
HD 187691 A_0,HD 187691 A,3.127,0.076,1.475,3.637,19.4881,1.25,2.834654,,,3.252496,0.438929,0,0,5,2037.435051
HD 187691 A_1,HD 187691 A,2.61,0.091,1.018,4.223,19.4881,1.25,2.834654,,,2.808584,0.239583,0,0,5,2037.435051
HD 187691 A_2,HD 187691 A,3.249,0.037,0.764,0.21,19.4881,1.25,2.834654,,,3.141488,0.021414,0,0,5,2037.435051
HD 187691 A_3,HD 187691 A,2.018,0.038,2.654,7.67,19.4881,1.25,2.834654,,,2.09458,0.001544,0,0,5,2037.435051
HD 84117_2,HD 84117,0.48,0.183,0.807,0.221,14.9515,1.14,1.977425,,,0.56626,0.115979,0,0,6,2037.446386
HD 84117_3,HD 84117,2.469,0.127,0.583,0.082,14.9515,1.14,1.977425,,,2.683048,0.79447,0,0,6,2037.446386
HD 84117_5,HD 84117,2.421,0.095,0.605,0.152,14.9515,1.14,1.977425,,,2.35941,0.122062,0,0,6,2037.446386
HD 43042_0,HD 43042,4.095,0.078,0.558,0.189,21.7763,1.29,2.935621,,,4.123,0.731479,0,0,5,2037.462448
HD 43042_1,HD 43042,0.434,0.11,0.533,0.125,21.7763,1.29,2.935621,,,0.481635,0.007205,0,0,5,2037.462448
HD 43042_3,HD 43042,0.724,0.14,0.733,0.336,21.7763,1.29,2.935621,,,0.623662,0.009359,0,0,5,2037.462448
HD 7570_0,HD 7570,3.031,0.054,1.134,0.839,15.2609,1.14,2.003549,,,3.081466,0.000557,0,0,6,2037.466338
HD 7570_1,HD 7570,0.15,0.071,0.941,0.934,15.2609,1.14,2.003549,,,0.156804,0.454076,0,0,6,2037.466338
HD 7570_2,HD 7570,1.977,0.063,1.73,5.46,15.2609,1.14,2.003549,,,2.034227,0.018564,0,0,6,2037.466338
HD 7570_3,HD 7570,3.034,0.079,1.364,2.113,15.2609,1.14,2.003549,,,2.80028,0.085955,0,0,6,2037.466338
HD 7570_4,HD 7570,0.569,0.099,0.726,0.218,15.2609,1.14,2.003549,,,0.625255,0.248806,0,0,6,2037.466338
HD 90839_0,HD 90839,3.665,0.022,0.781,0.406,12.9452,1.18,1.605092,,,3.745567,0.411689,0,0,7,2037.476929
HD 90839_1,HD 90839,0.191,0.094,1.403,1.498,12.9452,1.18,1.605092,,,0.173109,0.402004,0,0,7,2037.476929
HD 90839_2,HD 90839,3.378,0.112,1.125,1.163,12.9452,1.18,1.605092,,,3.665855,0.053021,0,0,7,2037.476929
HD 90839_5,HD 90839,0.15,0.051,2.273,7.359,12.9452,1.18,1.605092,,,0.142885,0.124931,0,0,7,2037.476929
HD 210302_0,HD 210302,0.937,0.087,1.293,4.329,18.4579,1.25,2.918099,,,0.941215,0.515343,0,0,5,2037.481787
HD 210302_1,HD 210302,0.316,0.034,0.672,0.336,18.4579,1.25,2.918099,,,0.32353,0.827049,0,0,5,2037.481787
HD 210302_2,HD 210302,0.162,0.125,0.82,0.627,18.4579,1.25,2.918099,,,0.174586,0.894618,0,0,5,2037.481787
HD 210302_3,HD 210302,0.925,0.123,2.909,13.478,18.4579,1.25,2.918099,,,1.031852,0.043298,0,0,5,2037.481787
HD 210302_4,HD 210302,1.629,0.122,1.727,3.133,18.4579,1.25,2.918099,,,1.683225,0.068391,0,0,5,2037.481787
HD 128167_0,HD 128167,1.283,0.14,1.15,1.754,15.756,1.39,3.181999,,,1.103517,0.408924,0,0,5,2037.500407
HD 128167_2,HD 128167,3.433,0.063,1.328,4.136,15.756,1.39,3.181999,,,3.633585,0.730655,0,0,5,2037.500407
HD 128167_3,HD 128167,4.878,0.117,2.132,7.451,15.756,1.39,3.181999,,,4.609296,0.890225,0,0,5,2037.500407
HD 128167_4,HD 128167,1.323,0.044,1.923,7.575,15.756,1.39,3.181999,,,1.359381,0.148917,0,0,5,2037.500407
HD 143761_0,HD 143761,2.268,0.052,0.622,0.266,17.5108,0.97,1.812174,,,2.352436,0.567205,0,0,6,2037.501776
HD 143761_3,HD 143761,0.463,0.017,0.834,0.418,17.5108,0.97,1.812174,,,0.457259,0.556777,0,0,6,2037.501776
HD 143761_4,HD 143761,1.096,0.157,0.808,2.884,17.5108,0.97,1.812174,,,1.149517,0.796447,0,0,6,2037.501776
HD 143761_5,HD 143761,0.834,0.096,1.155,1.238,17.5108,0.97,1.812174,,,0.905624,0.033431,0,0,6,2037.501776
HD 143761_7,HD 143761,2.609,0.089,2.154,7.734,17.5108,0.97,1.812174,,,2.612177,0.499878,0,0,6,2037.501776
HD 53705_0,HD 53705,0.273,0.081,1.735,7.702,17.0593,1.04,1.489704,,,0.290936,0.01078,0,0,7,2037.514023
HD 53705_1,HD 53705,2.604,0.083,3.306,29.747,17.0593,1.04,1.489704,,,2.599514,0.563124,0,0,7,2037.514023
HD 53705_2,HD 53705,1.597,0.089,2.478,5.883,17.0593,1.04,1.489704,,,1.455116,0.012551,0,0,7,2037.514023
HD 53705_3,HD 53705,0.715,0.026,1.359,2.07,17.0593,1.04,1.489704,,,0.70035,0.111862,0,0,7,2037.514023
HD 53705_4,HD 53705,0.527,0.092,2.437,20.655,17.0593,1.04,1.489704,,,0.565432,0.079154,0,0,7,2037.514023
HD 141004_0,HD 141004,2.629,0.092,2.901,9.32,11.9159,1.09,2.003549,,,2.862326,0.547886,0,0,6,2037.516077
HD 141004_1,HD 141004,0.651,0.071,0.654,0.192,11.9159,1.09,2.003549,,,0.627976,0.050393,0,0,6,2037.516077
HD 141004_2,HD 141004,4.426,0.098,1.019,0.86,11.9159,1.09,2.003549,,,4.148667,0.018317,0,0,6,2037.516077
HD 141004_3,HD 141004,4.115,0.06,0.578,0.156,11.9159,1.09,2.003549,,,3.874965,0.73739,0,0,6,2037.516077
HD 141004_4,HD 141004,3.163,0.091,1.732,5.597,11.9159,1.09,2.003549,,,3.031825,0.199948,0,0,6,2037.516077
HD 39091_1,HD 39091,3.12,0.028,1.191,1.233,18.2874,1.08,1.533204,,,3.050196,0.634233,0,0,7,2037.524249
HD 39091_2,HD 39091,2.865,0.029,0.677,0.276,18.2874,1.08,1.533204,,,2.940927,0.937267,0,0,7,2037.524249
HD 39091_3,HD 39091,3.55,0.072,1.069,1.542,18.2874,1.08,1.533204,,,3.70538,0.622302,0,0,7,2037.524249
HD 39091_4,HD 39091,4.534,0.027,1.234,2.258,18.2874,1.08,1.533204,,,4.656386,0.028133,0,0,7,2037.524249
HD 39091_5,HD 39091,1.437,0.051,1.31,4.963,18.2874,1.08,1.533204,,,1.367437,0.205804,0,0,7,2037.524249
HD 39091_6,HD 39091,0.67,0.012,2.604,10.642,18.2874,1.08,1.533204,,,0.673766,0.599863,0,0,7,2037.524249
HD 160691_0,HD 160691,1.46,0.051,0.67,0.222,15.6042,1.0,1.898891,,,1.38628,0.131396,0,0,6,2037.537412
HD 160691_1,HD 160691,0.274,0.085,0.88,0.654,15.6042,1.0,1.898891,,,0.260648,0.356632,0,0,6,2037.537412
HD 160691_2,HD 160691,0.346,0.144,0.58,0.113,15.6042,1.0,1.898891,,,0.297578,0.081196,0,0,6,2037.537412
HD 160691_3,HD 160691,0.123,0.058,0.556,0.116,15.6042,1.0,1.898891,,,0.119217,0.071351,0,0,6,2037.537412
HD 160691_4,HD 160691,2.415,0.073,1.777,3.87,15.6042,1.0,1.898891,,,2.590872,0.894351,0,0,6,2037.537412
HD 160691_6,HD 160691,2.937,0.058,2.424,7.702,15.6042,1.0,1.898891,,,2.794893,0.871514,0,0,6,2037.537412
HD 160691_7,HD 160691,3.23,0.098,2.375,2.699,15.6042,1.0,1.898891,,,3.527705,0.452005,0,0,6,2037.537412
HD 65907 A_0,HD 65907 A,0.584,0.099,0.585,0.135,16.1718,1.11,1.290031,,,0.584329,0.32304,0,0,8,2037.554296
HD 65907 A_1,HD 65907 A,1.316,0.075,0.982,1.107,16.1718,1.11,1.290031,,,1.328947,0.103857,0,0,8,2037.554296
HD 65907 A_2,HD 65907 A,1.009,0.058,1.202,3.968,16.1718,1.11,1.290031,,,1.065807,0.168786,0,0,8,2037.554296
HD 190360_0,HD 190360,0.922,0.17,1.79,3.607,16.0035,0.96,1.165467,,,1.038156,0.108538,0,0,8,2037.555666
HD 190360_1,HD 190360,3.764,0.081,1.071,4.456,16.0035,0.96,1.165467,,,4.068271,0.20486,0,0,8,2037.555666
HD 190360_3,HD 190360,3.632,0.139,2.733,14.342,16.0035,0.96,1.165467,,,3.865873,0.80039,0,0,8,2037.555666
HD 190360_4,HD 190360,1.735,0.021,0.534,0.11,16.0035,0.96,1.165467,,,1.771413,0.20097,0,0,8,2037.555666
HD 190360_5,HD 190360,0.581,0.08,1.934,4.569,16.0035,0.96,1.165467,,,0.595686,0.845945,0,0,8,2037.555666
HD 95128_1,HD 95128,2.285,0.074,0.586,0.123,13.8875,1.07,1.576885,,,2.140165,0.913062,0,0,7,2037.570863
HD 95128_2,HD 95128,4.586,0.035,0.538,0.151,13.8875,1.07,1.576885,,,4.71565,0.06763,0,0,7,2037.570863
HD 95128_3,HD 95128,0.343,0.031,2.771,11.324,13.8875,1.07,1.576885,,,0.346471,0.057406,0,0,7,2037.570863
HD 95128_4,HD 95128,2.15,0.173,1.218,1.843,13.8875,1.07,1.576885,,,2.406077,0.497418,0,0,7,2037.570863
HD 95128_5,HD 95128,0.6,0.105,2.299,6.552,13.8875,1.07,1.576885,,,0.592137,0.390925,0,0,7,2037.570863
HD 95128_6,HD 95128,0.335,0.024,2.419,6.471,13.8875,1.07,1.576885,,,0.329953,0.198551,0,0,7,2037.570863
HD 95128_7,HD 95128,0.847,0.089,1.394,2.221,13.8875,1.07,1.576885,,,0.781168,0.404165,0,0,7,2037.570863
HD 95128_8,HD 95128,0.588,0.034,2.182,4.922,13.8875,1.07,1.576885,,,0.568967,0.553169,0,0,7,2037.570863
HD 84737_0,HD 84737,0.596,0.087,1.352,2.836,18.8226,1.08,2.795117,,,0.643086,0.324156,0,0,5,2037.591465
HD 84737_1,HD 84737,3.025,0.071,1.189,2.166,18.8226,1.08,2.795117,,,3.229014,0.063239,0,0,5,2037.591465
HD 84737_2,HD 84737,1.078,0.014,1.079,1.238,18.8226,1.08,2.795117,,,1.072697,0.868477,0,0,5,2037.591465
HD 84737_3,HD 84737,3.774,0.025,0.833,0.582,18.8226,1.08,2.795117,,,3.857889,0.05711,0,0,5,2037.591465
HD 84737_4,HD 84737,0.254,0.074,3.133,5.482,18.8226,1.08,2.795117,,,0.258002,0.114409,0,0,5,2037.591465
HD 84737_5,HD 84737,2.993,0.205,0.508,0.047,18.8226,1.08,2.795117,,,3.063647,0.469797,0,0,5,2037.591465
HD 50692_0,HD 50692,3.95,0.04,2.831,8.758,17.4047,1.08,1.293302,,,4.059975,0.017498,0,0,8,2037.598813
HD 50692_1,HD 50692,0.28,0.064,0.734,0.338,17.4047,1.08,1.293302,,,0.285296,0.065355,0,0,8,2037.598813
HD 50692_2,HD 50692,0.513,0.081,1.798,3.935,17.4047,1.08,1.293302,,,0.552977,0.264766,0,0,8,2037.598813
HD 50692_3,HD 50692,0.925,0.032,2.849,11.466,17.4047,1.08,1.293302,,,0.899553,0.375897,0,0,8,2037.598813
HD 134083_0,HD 134083,0.116,0.07,1.9,6.745,19.536,1.33,3.254618,,,0.107956,0.329054,0,0,5,2037.601688
HD 134083_1,HD 134083,0.36,0.097,1.358,1.173,19.536,1.33,3.254618,,,0.330797,0.264401,0,0,5,2037.601688
HD 134083_3,HD 134083,0.749,0.13,0.881,0.648,19.536,1.33,3.254618,,,0.666357,0.330058,0,0,5,2037.601688
HD 134083_4,HD 134083,0.959,0.114,0.591,0.159,19.536,1.33,3.254618,,,0.967044,0.286851,0,0,5,2037.601688
HD 693_0,HD 693,1.045,0.058,1.136,0.946,18.8861,1.18,2.997091,,,1.105387,0.189919,0,0,5,2037.603216
HD 693_1,HD 693,0.139,0.106,2.768,4.782,18.8861,1.18,2.997091,,,0.147764,0.000759,0,0,5,2037.603216
HD 693_3,HD 693,1.448,0.069,1.975,3.293,18.8861,1.18,2.997091,,,1.374828,0.036764,0,0,5,2037.603216
HD 693_4,HD 693,1.744,0.105,1.392,2.423,18.8861,1.18,2.997091,,,1.663301,0.947203,0,0,5,2037.603216
HD 693_5,HD 693,2.909,0.1,1.423,1.783,18.8861,1.18,2.997091,,,2.973331,0.961627,0,0,5,2037.603216
HD 693_6,HD 693,2.914,0.024,0.574,0.086,18.8861,1.18,2.997091,,,2.855995,0.001207,0,0,5,2037.603216
HD 693_7,HD 693,3.93,0.01,2.298,3.376,18.8861,1.18,2.997091,,,3.90467,0.713445,0,0,5,2037.603216
HD 114710_0,HD 114710,1.415,0.117,0.681,0.481,9.1975,1.11,1.357063,,,1.374683,0.475295,0,0,8,2037.620074
HD 114710_1,HD 114710,0.314,0.116,0.63,0.141,9.1975,1.11,1.357063,,,0.300872,0.479679,0,0,8,2037.620074
HD 114710_2,HD 114710,2.258,0.018,0.683,0.149,9.1975,1.11,1.357063,,,2.252156,0.721638,0,0,8,2037.620074
HD 114710_4,HD 114710,0.861,0.053,0.898,0.364,9.1975,1.11,1.357063,,,0.894274,0.561159,0,0,8,2037.620074
HD 114710_5,HD 114710,0.124,0.109,3.108,4.801,9.1975,1.11,1.357063,,,0.130007,0.00284,0,0,8,2037.620074
HD 212330 A_0,HD 212330 A,1.747,0.031,3.281,22.163,20.3398,1.02,2.726465,0.067271,130.437358,1.696175,0.6787,1,1,5,2037.621444
HD 38393_0,HD 38393,0.205,0.072,1.088,1.783,8.905,1.23,2.344229,,,0.201214,0.611348,0,0,6,2037.647602
HD 38393_1,HD 38393,3.39,0.099,0.656,0.187,8.905,1.23,2.344229,,,3.143383,0.302974,0,0,6,2037.647602
HD 38393_3,HD 38393,0.355,0.086,1.549,2.654,8.905,1.23,2.344229,,,0.330841,0.40387,0,0,6,2037.647602
HD 38393_4,HD 38393,4.373,0.052,1.208,1.306,8.905,1.23,2.344229,,,4.385339,0.231319,0,0,6,2037.647602
HD 190248_1,HD 190248,1.11,0.055,1.408,1.805,6.0993,0.94,1.249971,,,1.099731,0.643864,0,0,8,2037.670347
HD 190248_2,HD 190248,3.754,0.072,1.017,1.843,6.0993,0.94,1.249971,,,3.746951,0.903703,0,0,8,2037.670347
HD 190248_3,HD 190248,1.406,0.139,0.51,0.145,6.0993,0.94,1.249971,,,1.243334,0.91761,0,0,8,2037.670347
HD 17051_0,HD 17051,1.593,0.055,0.8,0.347,17.3572,1.14,1.737401,,,1.578963,0.620718,0,0,7,2037.680527
HD 17051_1,HD 17051,2.146,0.107,1.035,1.601,17.3572,1.14,1.737401,,,2.144854,0.621148,0,0,7,2037.680527
HD 17051_2,HD 17051,4.311,0.108,1.302,1.937,17.3572,1.14,1.737401,,,3.889221,0.013748,0,0,7,2037.680527
HD 22484_0,HD 22484,0.838,0.146,1.142,1.075,13.9204,1.14,3.067609,,,0.959718,0.001818,0,0,5,2037.683814
HD 22484_1,HD 22484,1.12,0.109,1.996,10.252,13.9204,1.14,3.067609,,,1.141744,0.21713,0,0,5,2037.683814
HD 22484_2,HD 22484,0.469,0.117,1.765,4.24,13.9204,1.14,3.067609,,,0.473745,0.177249,0,0,5,2037.683814
HD 22484_5,HD 22484,4.456,0.081,0.516,0.082,13.9204,1.14,3.067609,,,4.444434,0.547487,0,0,5,2037.683814
HD 22484_7,HD 22484,3.201,0.074,0.943,0.772,13.9204,1.14,3.067609,,,3.42734,0.271569,0,0,5,2037.683814
HD 34411_0,HD 34411,0.295,0.082,3.192,20.914,12.5625,1.08,1.731809,,,0.317691,0.316274,0,0,7,2037.726628
HD 34411_1,HD 34411,1.539,0.078,0.897,0.594,12.5625,1.08,1.731809,,,1.55937,0.115957,0,0,7,2037.726628
HD 34411_3,HD 34411,1.691,0.074,0.798,0.788,12.5625,1.08,1.731809,,,1.656667,0.717825,0,0,7,2037.726628
HD 46588 A_0,HD 46588 A,1.961,0.092,1.375,2.632,18.2023,1.18,1.825997,,,1.873948,0.225678,0,0,7,2037.730831
HD 46588 A_2,HD 46588 A,0.149,0.051,1.651,6.607,18.2023,1.18,1.825997,,,0.146341,0.549148,0,0,7,2037.730831
HD 46588 A_4,HD 46588 A,0.634,0.042,1.252,2.732,18.2023,1.18,1.825997,,,0.653788,0.027472,0,0,7,2037.730831
HD 46588 A_5,HD 46588 A,0.119,0.052,0.593,0.199,18.2023,1.18,1.825997,,,0.121897,0.321003,0,0,7,2037.730831
HD 46588 A_6,HD 46588 A,0.647,0.045,2.121,10.554,18.2023,1.18,1.825997,,,0.621712,0.016342,0,0,7,2037.730831
HD 46588 A_7,HD 46588 A,1.085,0.088,1.256,3.348,18.2023,1.18,1.825997,,,1.142274,0.10821,0,0,7,2037.730831
HD 46588 A_8,HD 46588 A,2.008,0.017,0.521,0.058,18.2023,1.18,1.825997,,,2.029369,0.039547,0,0,7,2037.730831
HD 203608_0,HD 203608,2.203,0.092,1.79,8.196,9.2584,1.14,1.465548,,,2.031925,0.676644,0,0,8,2037.733154
HD 203608_1,HD 203608,2.342,0.1,0.502,0.084,9.2584,1.14,1.465548,,,2.551162,0.660296,0,0,8,2037.733154
HD 203608_2,HD 203608,2.74,0.062,1.086,2.044,9.2584,1.14,1.465548,,,2.771805,0.303236,0,0,8,2037.733154
HD 203608_5,HD 203608,4.293,0.038,0.929,1.188,9.2584,1.14,1.465548,,,4.4063,0.080761,0,0,8,2037.733154
HD 203608_6,HD 203608,0.526,0.072,0.985,0.835,9.2584,1.14,1.465548,,,0.557277,0.072092,0,0,8,2037.733154
HD 165499_0,HD 165499,3.777,0.071,0.637,0.343,17.7532,1.08,1.73141,,,4.042099,0.131048,0,0,7,2037.746265
HD 165499_1,HD 165499,0.192,0.04,0.654,0.282,17.7532,1.08,1.73141,,,0.189373,0.442034,0,0,7,2037.746265
HD 165499_3,HD 165499,0.221,0.065,0.75,0.344,17.7532,1.08,1.73141,,,0.223937,0.917506,0,0,7,2037.746265
HD 165499_4,HD 165499,1.569,0.062,3.377,30.496,17.7532,1.08,1.73141,,,1.662374,0.989454,0,0,7,2037.746265
HD 55575_0,HD 55575,1.084,0.09,0.727,0.609,16.8518,1.14,1.462851,,,1.146055,0.240129,0,0,8,2037.755459
HD 55575_1,HD 55575,0.133,0.053,0.578,0.106,16.8518,1.14,1.462851,,,0.135203,0.022145,0,0,8,2037.755459
HD 142373_0,HD 142373,1.268,0.168,0.757,0.538,15.8975,1.08,3.136173,,,1.476217,0.800265,0,0,5,2037.807306
HD 142373_1,HD 142373,1.76,0.092,0.868,0.821,15.8975,1.08,3.136173,,,1.685815,0.157365,0,0,5,2037.807306
HD 142373_2,HD 142373,0.834,0.129,2.923,3.951,15.8975,1.08,3.136173,,,0.825196,0.891962,0,0,5,2037.807306
HD 142373_4,HD 142373,1.161,0.006,1.265,1.173,15.8975,1.08,3.136173,,,1.162423,0.03696,0,0,5,2037.807306
HD 142373_6,HD 142373,4.705,0.105,0.947,0.705,15.8975,1.08,3.136173,,,4.23245,0.00947,0,0,5,2037.807306
HD 142373_7,HD 142373,1.878,0.051,2.611,16.581,15.8975,1.08,3.136173,,,1.783399,0.968129,0,0,5,2037.807306
HD 142373_8,HD 142373,3.092,0.053,1.805,4.531,15.8975,1.08,3.136173,,,3.13875,0.064822,0,0,5,2037.807306
HD 86728 A_0,HD 86728 A,0.138,0.113,0.53,0.096,14.9263,1.0,1.377844,,,0.12898,0.116597,0,0,8,2037.809005
HD 86728 A_1,HD 86728 A,1.194,0.049,0.519,0.097,14.9263,1.0,1.377844,,,1.251594,0.063077,0,0,8,2037.809005
HD 86728 A_2,HD 86728 A,1.586,0.024,0.736,0.333,14.9263,1.0,1.377844,,,1.569495,0.627429,0,0,8,2037.809005
HD 86728 A_3,HD 86728 A,0.34,0.077,0.971,1.049,14.9263,1.0,1.377844,,,0.342423,0.22376,0,0,8,2037.809005
HD 86728 A_4,HD 86728 A,3.143,0.15,2.985,25.307,14.9263,1.0,1.377844,,,3.605578,0.026653,0,0,8,2037.809005
HD 86728 A_5,HD 86728 A,0.238,0.132,1.155,1.588,14.9263,1.0,1.377844,,,0.242092,0.947436,0,0,8,2037.809005
HD 86728 A_6,HD 86728 A,2.84,0.137,2.462,4.922,14.9263,1.0,1.377844,,,2.974426,0.020025,0,0,8,2037.809005
HD 95735_0,HD 95735,0.673,0.041,0.901,0.885,2.5461,0.44,0.019934,,,0.699293,0.006581,0,1,8,2037.816002
HD 95735_2,HD 95735,0.392,0.078,0.638,0.142,2.5461,0.44,0.019934,0.109901,98.53739,0.377803,0.742682,1,3,8,2037.816002
HD 95735_3,HD 95735,0.164,0.146,0.847,0.374,2.5461,0.44,0.019934,,,0.145004,0.537428,0,7,8,2037.816002
HD 95735_4,HD 95735,2.481,0.023,1.454,1.218,2.5461,0.44,0.019934,,,2.444472,0.023088,0,0,8,2037.816002
HD 95735_6,HD 95735,0.163,0.047,1.008,1.443,2.5461,0.44,0.019934,,,0.155609,0.958289,0,1,8,2037.816002
HD 128620_0,HD 128620,1.567,0.074,0.945,0.99,1.3319,1.11,1.520898,,,1.679486,0.948512,0,0,8,2037.828026
HD 128620_1,HD 128620,1.266,0.016,1.198,1.075,1.3319,1.11,1.520898,,,1.280419,0.779748,0,0,8,2037.828026
HD 58855_0,HD 58855,3.917,0.055,2.746,19.491,20.4021,1.16,2.444556,,,3.916725,0.246609,0,0,6,2037.835209
HD 58855_3,HD 58855,0.12,0.023,0.846,0.638,20.4021,1.16,2.444556,,,0.122743,0.058896,0,0,6,2037.835209
HD 58855_4,HD 58855,1.787,0.062,0.53,0.05,20.4021,1.16,2.444556,,,1.677088,0.311788,0,0,6,2037.835209
HD 58855_5,HD 58855,2.753,0.078,0.74,0.236,20.4021,1.16,2.444556,,,2.801338,0.082503,0,0,6,2037.835209
HD 58855_6,HD 58855,3.408,0.008,0.67,0.345,20.4021,1.16,2.444556,,,3.398987,0.775601,0,0,6,2037.835209
HD 58855_7,HD 58855,0.511,0.017,1.169,0.638,20.4021,1.16,2.444556,,,0.504154,0.846312,0,0,6,2037.835209
HD 58855_8,HD 58855,3.679,0.02,1.665,2.944,20.4021,1.16,2.444556,,,3.627229,0.891846,0,0,6,2037.835209
HD 90839_0,HD 90839,3.665,0.022,0.781,0.406,12.9452,1.18,1.605092,,,3.740842,0.624563,0,0,8,2037.882237
HD 90839_1,HD 90839,0.191,0.094,1.403,1.498,12.9452,1.18,1.605092,,,0.195496,0.691451,0,0,8,2037.882237
HD 90839_2,HD 90839,3.378,0.112,1.125,1.163,12.9452,1.18,1.605092,,,3.541647,0.023115,0,0,8,2037.882237
HD 90839_5,HD 90839,0.15,0.051,2.273,7.359,12.9452,1.18,1.605092,,,0.157294,0.534155,0,0,8,2037.882237
HD 30652_0,HD 30652,0.357,0.032,0.524,0.114,8.0684,1.25,2.710192,,,0.358739,0.08927,0,0,6,2037.918834
HD 30652_1,HD 30652,3.379,0.099,2.314,3.76,8.0684,1.25,2.710192,,,3.398119,0.58057,0,0,6,2037.918834
HD 30652_2,HD 30652,1.418,0.081,1.563,2.688,8.0684,1.25,2.710192,,,1.489168,0.104176,0,0,6,2037.918834
HD 30652_3,HD 30652,3.27,0.133,2.129,4.102,8.0684,1.25,2.710192,,,3.175379,0.468934,0,0,6,2037.918834
HD 30652_4,HD 30652,2.754,0.119,2.49,10.423,8.0684,1.25,2.710192,,,2.643332,0.130569,0,0,6,2037.918834
HD 53705_0,HD 53705,0.273,0.081,1.735,7.702,17.0593,1.04,1.489704,,,0.282494,0.054369,0,0,8,2037.922258
HD 53705_1,HD 53705,2.604,0.083,3.306,29.747,17.0593,1.04,1.489704,,,2.471352,0.498842,0,0,8,2037.922258
HD 53705_2,HD 53705,1.597,0.089,2.478,5.883,17.0593,1.04,1.489704,,,1.563003,0.537834,0,0,8,2037.922258
HD 53705_3,HD 53705,0.715,0.026,1.359,2.07,17.0593,1.04,1.489704,,,0.731031,0.420743,0,0,8,2037.922258
HD 53705_4,HD 53705,0.527,0.092,2.437,20.655,17.0593,1.04,1.489704,,,0.574997,0.050311,0,0,8,2037.922258
HD 84117_2,HD 84117,0.48,0.183,0.807,0.221,14.9515,1.14,1.977425,,,0.392723,0.741927,0,0,7,2037.928583
HD 84117_3,HD 84117,2.469,0.127,0.583,0.082,14.9515,1.14,1.977425,,,2.781802,0.43985,0,0,7,2037.928583
HD 84117_5,HD 84117,2.421,0.095,0.605,0.152,14.9515,1.14,1.977425,,,2.546238,0.255543,0,0,7,2037.928583
HD 39091_1,HD 39091,3.12,0.028,1.191,1.233,18.2874,1.08,1.533204,,,3.083415,0.715995,0,0,8,2037.933594
HD 39091_2,HD 39091,2.865,0.029,0.677,0.276,18.2874,1.08,1.533204,,,2.912827,0.704819,0,0,8,2037.933594
HD 39091_3,HD 39091,3.55,0.072,1.069,1.542,18.2874,1.08,1.533204,,,3.617213,0.451378,0,0,8,2037.933594
HD 39091_4,HD 39091,4.534,0.027,1.234,2.258,18.2874,1.08,1.533204,,,4.651217,0.006444,0,0,8,2037.933594
HD 39091_5,HD 39091,1.437,0.051,1.31,4.963,18.2874,1.08,1.533204,,,1.460941,0.211815,0,0,8,2037.933594
HD 39091_6,HD 39091,0.67,0.012,2.604,10.642,18.2874,1.08,1.533204,,,0.677668,0.181423,0,0,8,2037.933594
HD 7570_0,HD 7570,3.031,0.054,1.134,0.839,15.2609,1.14,2.003549,,,3.16065,0.013448,0,0,7,2037.953304
HD 7570_1,HD 7570,0.15,0.071,0.941,0.934,15.2609,1.14,2.003549,,,0.14778,0.822641,0,0,7,2037.953304
HD 7570_2,HD 7570,1.977,0.063,1.73,5.46,15.2609,1.14,2.003549,,,1.89623,0.388531,0,0,7,2037.953304
HD 7570_3,HD 7570,3.034,0.079,1.364,2.113,15.2609,1.14,2.003549,,,2.882272,0.057522,0,0,7,2037.953304
HD 7570_4,HD 7570,0.569,0.099,0.726,0.218,15.2609,1.14,2.003549,,,0.590496,0.123327,0,0,7,2037.953304
HD 23249_0,HD 23249,2.38,0.039,0.804,0.454,9.0888,0.87,2.941034,,,2.327252,0.510186,0,0,5,2037.983273
HD 23249_1,HD 23249,2.348,0.031,1.487,8.264,9.0888,0.87,2.941034,,,2.409701,0.627582,0,0,5,2037.983273
HD 95128_1,HD 95128,2.285,0.074,0.586,0.123,13.8875,1.07,1.576885,,,2.250757,0.776359,0,0,8,2037.990873
HD 95128_2,HD 95128,4.586,0.035,0.538,0.151,13.8875,1.07,1.576885,,,4.685568,0.13526,0,0,8,2037.990873
HD 95128_3,HD 95128,0.343,0.031,2.771,11.324,13.8875,1.07,1.576885,,,0.353367,0.033178,0,0,8,2037.990873
HD 95128_4,HD 95128,2.15,0.173,1.218,1.843,13.8875,1.07,1.576885,,,2.521262,0.189682,0,0,8,2037.990873
HD 95128_5,HD 95128,0.6,0.105,2.299,6.552,13.8875,1.07,1.576885,,,0.567328,0.286682,0,0,8,2037.990873
HD 95128_6,HD 95128,0.335,0.024,2.419,6.471,13.8875,1.07,1.576885,,,0.328415,0.638905,0,0,8,2037.990873
HD 95128_7,HD 95128,0.847,0.089,1.394,2.221,13.8875,1.07,1.576885,,,0.901513,0.201056,0,0,8,2037.990873
HD 95128_8,HD 95128,0.588,0.034,2.182,4.922,13.8875,1.07,1.576885,,,0.568061,0.452757,0,0,8,2037.990873
HD 143761_0,HD 143761,2.268,0.052,0.622,0.266,17.5108,0.97,1.812174,,,2.385602,0.920611,0,0,7,2037.992242
HD 143761_3,HD 143761,0.463,0.017,0.834,0.418,17.5108,0.97,1.812174,,,0.467683,0.148976,0,0,7,2037.992242
HD 143761_4,HD 143761,1.096,0.157,0.808,2.884,17.5108,0.97,1.812174,,,1.009342,0.029933,0,0,7,2037.992242
HD 143761_5,HD 143761,0.834,0.096,1.155,1.238,17.5108,0.97,1.812174,,,0.824076,0.283032,0,0,7,2037.992242
HD 143761_7,HD 143761,2.609,0.089,2.154,7.734,17.5108,0.97,1.812174,,,2.454272,0.863775,0,0,7,2037.992242
HD 141004_0,HD 141004,2.629,0.092,2.901,9.32,11.9159,1.09,2.003549,,,2.848155,0.886318,0,0,7,2038.014087
HD 141004_1,HD 141004,0.651,0.071,0.654,0.192,11.9159,1.09,2.003549,,,0.625431,0.039123,0,0,7,2038.014087
HD 141004_2,HD 141004,4.426,0.098,1.019,0.86,11.9159,1.09,2.003549,,,4.287352,0.037506,0,0,7,2038.014087
HD 141004_3,HD 141004,4.115,0.06,0.578,0.156,11.9159,1.09,2.003549,,,3.872078,0.811131,0,0,7,2038.014087
HD 141004_4,HD 141004,3.163,0.091,1.732,5.597,11.9159,1.09,2.003549,,,2.907402,0.152031,0,0,7,2038.014087
HD 219134_0,HD 219134,1.298,0.068,3.021,3.577,6.5418,0.75,0.265889,0.207741,96.162313,1.360344,0.42983,1,1,7,2038.01788
HD 219134_1,HD 219134,0.107,0.06,0.589,0.095,6.5418,0.75,0.265889,,,0.102573,0.063274,0,0,7,2038.01788
HD 219134_2,HD 219134,0.475,0.085,1.279,1.562,6.5418,0.75,0.265889,0.071151,236.350545,0.483409,0.396383,1,5,7,2038.01788
HD 219134_3,HD 219134,2.999,0.067,1.913,2.632,6.5418,0.75,0.265889,,,3.148011,0.583493,0,0,7,2038.01788
HD 219134_4,HD 219134,0.285,0.083,1.716,1.696,6.5418,0.75,0.265889,,,0.280099,0.312581,0,0,7,2038.01788
HD 219134_5,HD 219134,1.823,0.052,1.09,1.858,6.5418,0.75,0.265889,,,1.867023,0.778662,0,0,7,2038.01788
HD 219134_7,HD 219134,0.986,0.056,2.277,3.252,6.5418,0.75,0.265889,0.132984,18.335514,0.986678,0.580684,1,5,7,2038.01788
HD 43386_0,HD 43386,2.541,0.037,0.504,0.139,19.5879,1.33,2.956651,,,2.583816,0.041606,0,0,6,2038.0352
HD 43386_1,HD 43386,1.141,0.101,1.584,2.087,19.5879,1.33,2.956651,,,1.143696,0.532173,0,0,6,2038.0352
HD 43386_3,HD 43386,0.289,0.045,1.072,1.323,19.5879,1.33,2.956651,,,0.27607,0.484112,0,0,6,2038.0352
HD 160691_0,HD 160691,1.46,0.051,0.67,0.222,15.6042,1.0,1.898891,,,1.469272,0.859241,0,0,7,2038.036844
HD 160691_1,HD 160691,0.274,0.085,0.88,0.654,15.6042,1.0,1.898891,,,0.292673,0.179351,0,0,7,2038.036844
HD 160691_2,HD 160691,0.346,0.144,0.58,0.113,15.6042,1.0,1.898891,,,0.391933,0.63359,0,0,7,2038.036844
HD 160691_3,HD 160691,0.123,0.058,0.556,0.116,15.6042,1.0,1.898891,,,0.129948,0.998237,0,0,7,2038.036844
HD 160691_4,HD 160691,2.415,0.073,1.777,3.87,15.6042,1.0,1.898891,,,2.530667,0.959338,0,0,7,2038.036844
HD 160691_6,HD 160691,2.937,0.058,2.424,7.702,15.6042,1.0,1.898891,,,2.880063,0.579328,0,0,7,2038.036844
HD 160691_7,HD 160691,3.23,0.098,2.375,2.699,15.6042,1.0,1.898891,,,3.543159,0.696681,0,0,7,2038.036844
HD 187691 A_0,HD 187691 A,3.127,0.076,1.475,3.637,19.4881,1.25,2.834654,,,3.079795,0.524884,0,0,6,2038.038334
HD 187691 A_1,HD 187691 A,2.61,0.091,1.018,4.223,19.4881,1.25,2.834654,,,2.833601,0.027016,0,0,6,2038.038334
HD 187691 A_2,HD 187691 A,3.249,0.037,0.764,0.21,19.4881,1.25,2.834654,,,3.133694,0.039091,0,0,6,2038.038334
HD 187691 A_3,HD 187691 A,2.018,0.038,2.654,7.67,19.4881,1.25,2.834654,,,2.023844,0.292446,0,0,6,2038.038334
HD 43042_0,HD 43042,4.095,0.078,0.558,0.189,21.7763,1.29,2.935621,,,4.275237,0.586478,0,0,6,2038.072099
HD 43042_1,HD 43042,0.434,0.11,0.533,0.125,21.7763,1.29,2.935621,,,0.390363,0.760218,0,0,6,2038.072099
HD 43042_3,HD 43042,0.724,0.14,0.733,0.336,21.7763,1.29,2.935621,,,0.650405,0.094274,0,0,6,2038.072099
HD 210302_0,HD 210302,0.937,0.087,1.293,4.329,18.4579,1.25,2.918099,,,1.018178,0.312906,0,0,6,2038.098342
HD 210302_1,HD 210302,0.316,0.034,0.672,0.336,18.4579,1.25,2.918099,,,0.316192,0.45167,0,0,6,2038.098342
HD 210302_2,HD 210302,0.162,0.125,0.82,0.627,18.4579,1.25,2.918099,,,0.142175,0.020026,0,0,6,2038.098342
HD 210302_3,HD 210302,0.925,0.123,2.909,13.478,18.4579,1.25,2.918099,,,0.912491,0.057036,0,0,6,2038.098342
HD 210302_4,HD 210302,1.629,0.122,1.727,3.133,18.4579,1.25,2.918099,,,1.792701,0.098237,0,0,6,2038.098342
HD 17051_0,HD 17051,1.593,0.055,0.8,0.347,17.3572,1.14,1.737401,,,1.505913,0.020815,0,0,8,2038.118123
HD 17051_1,HD 17051,2.146,0.107,1.035,1.601,17.3572,1.14,1.737401,,,2.324338,0.211533,0,0,8,2038.118123
HD 17051_2,HD 17051,4.311,0.108,1.302,1.937,17.3572,1.14,1.737401,,,3.985514,0.046793,0,0,8,2038.118123
HD 128167_0,HD 128167,1.283,0.14,1.15,1.754,15.756,1.39,3.181999,,,1.462619,0.257807,0,0,6,2038.124312
HD 128167_2,HD 128167,3.433,0.063,1.328,4.136,15.756,1.39,3.181999,,,3.53535,0.447263,0,0,6,2038.124312
HD 128167_3,HD 128167,4.878,0.117,2.132,7.451,15.756,1.39,3.181999,,,4.412183,0.779652,0,0,6,2038.124312
HD 128167_4,HD 128167,1.323,0.044,1.923,7.575,15.756,1.39,3.181999,,,1.295246,0.410081,0,0,6,2038.124312
HD 38393_0,HD 38393,0.205,0.072,1.088,1.783,8.905,1.23,2.344229,,,0.219618,0.030749,0,0,7,2038.175012
HD 38393_1,HD 38393,3.39,0.099,0.656,0.187,8.905,1.23,2.344229,,,3.056037,0.640669,0,0,7,2038.175012
HD 38393_3,HD 38393,0.355,0.086,1.549,2.654,8.905,1.23,2.344229,,,0.372362,0.038788,0,0,7,2038.175012
HD 38393_4,HD 38393,4.373,0.052,1.208,1.306,8.905,1.23,2.344229,,,4.472121,0.420874,0,0,7,2038.175012
HD 34411_0,HD 34411,0.295,0.082,3.192,20.914,12.5625,1.08,1.731809,,,0.311468,0.270414,0,0,8,2038.176382
HD 34411_1,HD 34411,1.539,0.078,0.897,0.594,12.5625,1.08,1.731809,,,1.658849,0.034532,0,0,8,2038.176382
HD 34411_3,HD 34411,1.691,0.074,0.798,0.788,12.5625,1.08,1.731809,,,1.797903,0.204014,0,0,8,2038.176382
HD 46588 A_0,HD 46588 A,1.961,0.092,1.375,2.632,18.2023,1.18,1.825997,,,2.063301,0.218146,0,0,8,2038.177752
HD 46588 A_2,HD 46588 A,0.149,0.051,1.651,6.607,18.2023,1.18,1.825997,,,0.154773,0.405106,0,0,8,2038.177752
HD 46588 A_4,HD 46588 A,0.634,0.042,1.252,2.732,18.2023,1.18,1.825997,,,0.657408,0.014773,0,0,8,2038.177752
HD 46588 A_5,HD 46588 A,0.119,0.052,0.593,0.199,18.2023,1.18,1.825997,,,0.124805,0.327827,0,0,8,2038.177752
HD 46588 A_6,HD 46588 A,0.647,0.045,2.121,10.554,18.2023,1.18,1.825997,,,0.617976,0.069635,0,0,8,2038.177752
HD 46588 A_7,HD 46588 A,1.085,0.088,1.256,3.348,18.2023,1.18,1.825997,,,1.0064,0.720856,0,0,8,2038.177752
HD 46588 A_8,HD 46588 A,2.008,0.017,0.521,0.058,18.2023,1.18,1.825997,,,1.994916,0.17475,0,0,8,2038.177752
HD 165499_0,HD 165499,3.777,0.071,0.637,0.343,17.7532,1.08,1.73141,,,4.038632,0.265098,0,0,8,2038.194689
HD 165499_1,HD 165499,0.192,0.04,0.654,0.282,17.7532,1.08,1.73141,,,0.193519,0.241139,0,0,8,2038.194689
HD 165499_3,HD 165499,0.221,0.065,0.75,0.344,17.7532,1.08,1.73141,,,0.221311,0.018343,0,0,8,2038.194689
HD 165499_4,HD 165499,1.569,0.062,3.377,30.496,17.7532,1.08,1.73141,,,1.610244,0.484238,0,0,8,2038.194689
HD 84737_0,HD 84737,0.596,0.087,1.352,2.836,18.8226,1.08,2.795117,,,0.56177,0.111461,0,0,6,2038.233693
HD 84737_1,HD 84737,3.025,0.071,1.189,2.166,18.8226,1.08,2.795117,,,3.220447,0.312012,0,0,6,2038.233693
HD 84737_2,HD 84737,1.078,0.014,1.079,1.238,18.8226,1.08,2.795117,,,1.074716,0.012695,0,0,6,2038.233693
HD 84737_3,HD 84737,3.774,0.025,0.833,0.582,18.8226,1.08,2.795117,,,3.868024,0.207689,0,0,6,2038.233693
HD 84737_4,HD 84737,0.254,0.074,3.133,5.482,18.8226,1.08,2.795117,,,0.236327,0.598089,0,0,6,2038.233693
HD 84737_5,HD 84737,2.993,0.205,0.508,0.047,18.8226,1.08,2.795117,,,2.575707,0.220121,0,0,6,2038.233693
HD 134083_0,HD 134083,0.116,0.07,1.9,6.745,19.536,1.33,3.254618,,,0.109643,0.106679,0,0,6,2038.250398
HD 134083_1,HD 134083,0.36,0.097,1.358,1.173,19.536,1.33,3.254618,,,0.393323,0.532529,0,0,6,2038.250398
HD 134083_3,HD 134083,0.749,0.13,0.881,0.648,19.536,1.33,3.254618,,,0.750659,0.039394,0,0,6,2038.250398
HD 134083_4,HD 134083,0.959,0.114,0.591,0.159,19.536,1.33,3.254618,,,1.063405,0.071291,0,0,6,2038.250398
HD 693_0,HD 693,1.045,0.058,1.136,0.946,18.8861,1.18,2.997091,,,1.019866,0.981068,0,0,6,2038.251768
HD 693_1,HD 693,0.139,0.106,2.768,4.782,18.8861,1.18,2.997091,,,0.131515,0.902046,0,0,6,2038.251768
HD 693_3,HD 693,1.448,0.069,1.975,3.293,18.8861,1.18,2.997091,,,1.547467,0.751578,0,0,6,2038.251768
HD 693_4,HD 693,1.744,0.105,1.392,2.423,18.8861,1.18,2.997091,,,1.924148,0.266526,0,0,6,2038.251768
HD 693_5,HD 693,2.909,0.1,1.423,1.783,18.8861,1.18,2.997091,,,3.163604,0.592427,0,0,6,2038.251768
HD 693_6,HD 693,2.914,0.024,0.574,0.086,18.8861,1.18,2.997091,,,2.908579,0.047754,0,0,6,2038.251768
HD 693_7,HD 693,3.93,0.01,2.298,3.376,18.8861,1.18,2.997091,,,3.892426,0.832521,0,0,6,2038.251768
HD 22484_0,HD 22484,0.838,0.146,1.142,1.075,13.9204,1.14,3.067609,,,0.955899,0.000389,0,0,6,2038.354082
HD 22484_1,HD 22484,1.12,0.109,1.996,10.252,13.9204,1.14,3.067609,,,1.195461,0.053549,0,0,6,2038.354082
HD 22484_2,HD 22484,0.469,0.117,1.765,4.24,13.9204,1.14,3.067609,,,0.523195,0.017285,0,0,6,2038.354082
HD 22484_5,HD 22484,4.456,0.081,0.516,0.082,13.9204,1.14,3.067609,,,4.609219,0.740078,0,0,6,2038.354082
HD 22484_7,HD 22484,3.201,0.074,0.943,0.772,13.9204,1.14,3.067609,,,3.416022,0.137233,0,0,6,2038.354082
HD 58855_0,HD 58855,3.917,0.055,2.746,19.491,20.4021,1.16,2.444556,,,3.814244,0.086453,0,0,7,2038.39564
HD 58855_3,HD 58855,0.12,0.023,0.846,0.638,20.4021,1.16,2.444556,,,0.117921,0.743191,0,0,7,2038.39564
HD 58855_4,HD 58855,1.787,0.062,0.53,0.05,20.4021,1.16,2.444556,,,1.782684,0.000525,0,0,7,2038.39564
HD 58855_5,HD 58855,2.753,0.078,0.74,0.236,20.4021,1.16,2.444556,,,2.936205,0.349554,0,0,7,2038.39564
HD 58855_6,HD 58855,3.408,0.008,0.67,0.345,20.4021,1.16,2.444556,,,3.415167,0.684271,0,0,7,2038.39564
HD 58855_7,HD 58855,0.511,0.017,1.169,0.638,20.4021,1.16,2.444556,,,0.510763,0.006014,0,0,7,2038.39564
HD 58855_8,HD 58855,3.679,0.02,1.665,2.944,20.4021,1.16,2.444556,,,3.661673,0.674532,0,0,7,2038.39564
HD 84117_2,HD 84117,0.48,0.183,0.807,0.221,14.9515,1.14,1.977425,,,0.562593,0.032225,0,0,8,2038.410779
HD 84117_3,HD 84117,2.469,0.127,0.583,0.082,14.9515,1.14,1.977425,,,2.713653,0.145619,0,0,8,2038.410779
HD 84117_5,HD 84117,2.421,0.095,0.605,0.152,14.9515,1.14,1.977425,,,2.646534,0.449143,0,0,8,2038.410779
HD 7570_0,HD 7570,3.031,0.054,1.134,0.839,15.2609,1.14,2.003549,,,3.194311,0.111022,0,0,8,2038.44027
HD 7570_1,HD 7570,0.15,0.071,0.941,0.934,15.2609,1.14,2.003549,,,0.140196,0.751034,0,0,8,2038.44027
HD 7570_2,HD 7570,1.977,0.063,1.73,5.46,15.2609,1.14,2.003549,,,1.861389,0.968904,0,0,8,2038.44027
HD 7570_3,HD 7570,3.034,0.079,1.364,2.113,15.2609,1.14,2.003549,,,3.022119,0.11702,0,0,8,2038.44027
HD 7570_4,HD 7570,0.569,0.099,0.726,0.218,15.2609,1.14,2.003549,,,0.522464,0.255607,0,0,8,2038.44027
HD 143761_0,HD 143761,2.268,0.052,0.622,0.266,17.5108,0.97,1.812174,,,2.339021,0.845336,0,0,8,2038.481869
HD 143761_3,HD 143761,0.463,0.017,0.834,0.418,17.5108,0.97,1.812174,,,0.459798,0.492021,0,0,8,2038.481869
HD 143761_4,HD 143761,1.096,0.157,0.808,2.884,17.5108,0.97,1.812174,,,1.257503,0.461697,0,0,8,2038.481869
HD 143761_5,HD 143761,0.834,0.096,1.155,1.238,17.5108,0.97,1.812174,,,0.793098,0.592502,0,0,8,2038.481869
HD 143761_7,HD 143761,2.609,0.089,2.154,7.734,17.5108,0.97,1.812174,,,2.377238,0.881813,0,0,8,2038.481869
HD 30652_0,HD 30652,0.357,0.032,0.524,0.114,8.0684,1.25,2.710192,,,0.353754,0.244476,0,0,7,2038.50214
HD 30652_1,HD 30652,3.379,0.099,2.314,3.76,8.0684,1.25,2.710192,,,3.18442,0.920966,0,0,7,2038.50214
HD 30652_2,HD 30652,1.418,0.081,1.563,2.688,8.0684,1.25,2.710192,,,1.307359,0.361483,0,0,7,2038.50214
HD 30652_3,HD 30652,3.27,0.133,2.129,4.102,8.0684,1.25,2.710192,,,2.912071,0.26961,0,0,7,2038.50214
HD 30652_4,HD 30652,2.754,0.119,2.49,10.423,8.0684,1.25,2.710192,,,2.923118,0.0327,0,0,7,2038.50214
HD 142373_0,HD 142373,1.268,0.168,0.757,0.538,15.8975,1.08,3.136173,,,1.06932,0.025401,0,0,6,2038.507453
HD 142373_1,HD 142373,1.76,0.092,0.868,0.821,15.8975,1.08,3.136173,,,1.919944,0.634215,0,0,6,2038.507453
HD 142373_2,HD 142373,0.834,0.129,2.923,3.951,15.8975,1.08,3.136173,,,0.855122,0.872678,0,0,6,2038.507453
HD 142373_4,HD 142373,1.161,0.006,1.265,1.173,15.8975,1.08,3.136173,,,1.156472,0.610912,0,0,6,2038.507453
HD 142373_6,HD 142373,4.705,0.105,0.947,0.705,15.8975,1.08,3.136173,,,4.221208,0.064468,0,0,6,2038.507453
HD 142373_7,HD 142373,1.878,0.051,2.611,16.581,15.8975,1.08,3.136173,,,1.888294,0.191016,0,0,6,2038.507453
HD 142373_8,HD 142373,3.092,0.053,1.805,4.531,15.8975,1.08,3.136173,,,3.238296,0.028947,0,0,6,2038.507453
HD 141004_0,HD 141004,2.629,0.092,2.901,9.32,11.9159,1.09,2.003549,,,2.726021,0.986589,0,0,8,2038.512097
HD 141004_1,HD 141004,0.651,0.071,0.654,0.192,11.9159,1.09,2.003549,,,0.622983,0.029515,0,0,8,2038.512097
HD 141004_2,HD 141004,4.426,0.098,1.019,0.86,11.9159,1.09,2.003549,,,4.439257,0.088166,0,0,8,2038.512097
HD 141004_3,HD 141004,4.115,0.06,0.578,0.156,11.9159,1.09,2.003549,,,3.910381,0.771274,0,0,8,2038.512097
HD 141004_4,HD 141004,3.163,0.091,1.732,5.597,11.9159,1.09,2.003549,,,2.878803,0.169171,0,0,8,2038.512097
HD 160691_0,HD 160691,1.46,0.051,0.67,0.222,15.6042,1.0,1.898891,,,1.531786,0.374817,0,0,8,2038.536276
HD 160691_1,HD 160691,0.274,0.085,0.88,0.654,15.6042,1.0,1.898891,,,0.253969,0.490918,0,0,8,2038.536276
HD 160691_2,HD 160691,0.346,0.144,0.58,0.113,15.6042,1.0,1.898891,,,0.311552,0.294382,0,0,8,2038.536276
HD 160691_3,HD 160691,0.123,0.058,0.556,0.116,15.6042,1.0,1.898891,,,0.116763,0.034315,0,0,8,2038.536276
HD 160691_4,HD 160691,2.415,0.073,1.777,3.87,15.6042,1.0,1.898891,,,2.396917,0.596835,0,0,8,2038.536276
HD 160691_6,HD 160691,2.937,0.058,2.424,7.702,15.6042,1.0,1.898891,,,2.984642,0.269737,0,0,8,2038.536276
HD 160691_7,HD 160691,3.23,0.098,2.375,2.699,15.6042,1.0,1.898891,,,3.483437,0.896714,0,0,8,2038.536276
HD 43386_0,HD 43386,2.541,0.037,0.504,0.139,19.5879,1.33,2.956651,,,2.634902,0.003035,0,0,7,2038.638836
HD 43386_1,HD 43386,1.141,0.101,1.584,2.087,19.5879,1.33,2.956651,,,1.110065,0.166475,0,0,7,2038.638836
HD 43386_3,HD 43386,0.289,0.045,1.072,1.323,19.5879,1.33,2.956651,,,0.301969,0.12507,0,0,7,2038.638836
HD 187691 A_0,HD 187691 A,3.127,0.076,1.475,3.637,19.4881,1.25,2.834654,,,2.927076,0.482338,0,0,7,2038.641617
HD 187691 A_1,HD 187691 A,2.61,0.091,1.018,4.223,19.4881,1.25,2.834654,,,2.675293,0.012419,0,0,7,2038.641617
HD 187691 A_2,HD 187691 A,3.249,0.037,0.764,0.21,19.4881,1.25,2.834654,,,3.187268,0.206464,0,0,7,2038.641617
HD 187691 A_3,HD 187691 A,2.018,0.038,2.654,7.67,19.4881,1.25,2.834654,,,1.942024,0.974294,0,0,7,2038.641617
HD 43042_0,HD 43042,4.095,0.078,0.558,0.189,21.7763,1.29,2.935621,,,4.379068,0.405142,0,0,7,2038.68175
HD 43042_1,HD 43042,0.434,0.11,0.533,0.125,21.7763,1.29,2.935621,,,0.469086,0.085294,0,0,7,2038.68175
HD 43042_3,HD 43042,0.724,0.14,0.733,0.336,21.7763,1.29,2.935621,,,0.725558,0.423508,0,0,7,2038.68175
HD 38393_0,HD 38393,0.205,0.072,1.088,1.783,8.905,1.23,2.344229,,,0.205595,0.128181,0,0,8,2038.702423
HD 38393_1,HD 38393,3.39,0.099,0.656,0.187,8.905,1.23,2.344229,,,3.104142,0.880022,0,0,8,2038.702423
HD 38393_3,HD 38393,0.355,0.086,1.549,2.654,8.905,1.23,2.344229,,,0.382783,0.147499,0,0,8,2038.702423
HD 38393_4,HD 38393,4.373,0.052,1.208,1.306,8.905,1.23,2.344229,,,4.542447,0.629857,0,0,8,2038.702423
HD 210302_0,HD 210302,0.937,0.087,1.293,4.329,18.4579,1.25,2.918099,,,0.957023,0.160439,0,0,7,2038.714896
HD 210302_1,HD 210302,0.316,0.034,0.672,0.336,18.4579,1.25,2.918099,,,0.308599,0.119416,0,0,7,2038.714896
HD 210302_2,HD 210302,0.162,0.125,0.82,0.627,18.4579,1.25,2.918099,,,0.179036,0.540949,0,0,7,2038.714896
HD 210302_3,HD 210302,0.925,0.123,2.909,13.478,18.4579,1.25,2.918099,,,0.811608,0.684378,0,0,7,2038.714896
HD 210302_4,HD 210302,1.629,0.122,1.727,3.133,18.4579,1.25,2.918099,,,1.448966,0.89955,0,0,7,2038.714896
HD 23249_0,HD 23249,2.38,0.039,0.804,0.454,9.0888,0.87,2.941034,,,2.431082,0.791193,0,0,6,2038.726663
HD 23249_1,HD 23249,2.348,0.031,1.487,8.264,9.0888,0.87,2.941034,,,2.334561,0.08167,0,0,6,2038.726663
HD 128167_0,HD 128167,1.283,0.14,1.15,1.754,15.756,1.39,3.181999,,,1.103593,0.356952,0,0,7,2038.748218
HD 128167_2,HD 128167,3.433,0.063,1.328,4.136,15.756,1.39,3.181999,,,3.384187,0.168963,0,0,7,2038.748218
HD 128167_3,HD 128167,4.878,0.117,2.132,7.451,15.756,1.39,3.181999,,,4.312486,0.539462,0,0,7,2038.748218
HD 128167_4,HD 128167,1.323,0.044,1.923,7.575,15.756,1.39,3.181999,,,1.349353,0.216762,0,0,7,2038.748218
HD 219134_0,HD 219134,1.298,0.068,3.021,3.577,6.5418,0.75,0.265889,,,1.229107,0.214369,0,1,8,2038.81701
HD 219134_1,HD 219134,0.107,0.06,0.589,0.095,6.5418,0.75,0.265889,,,0.101956,0.087754,0,0,8,2038.81701
HD 219134_2,HD 219134,0.475,0.085,1.279,1.562,6.5418,0.75,0.265889,,,0.455067,0.162604,0,5,8,2038.81701
HD 219134_3,HD 219134,2.999,0.067,1.913,2.632,6.5418,0.75,0.265889,,,3.003091,0.211627,0,0,8,2038.81701
HD 219134_4,HD 219134,0.285,0.083,1.716,1.696,6.5418,0.75,0.265889,,,0.28778,0.329793,0,0,8,2038.81701
HD 219134_5,HD 219134,1.823,0.052,1.09,1.858,6.5418,0.75,0.265889,,,1.731246,0.194166,0,0,8,2038.81701
HD 219134_7,HD 219134,0.986,0.056,2.277,3.252,6.5418,0.75,0.265889,0.144616,138.076768,0.933854,0.330454,1,6,8,2038.81701
HD 84737_0,HD 84737,0.596,0.087,1.352,2.836,18.8226,1.08,2.795117,,,0.622876,0.623983,0,0,7,2038.875922
HD 84737_1,HD 84737,3.025,0.071,1.189,2.166,18.8226,1.08,2.795117,,,3.105208,0.715331,0,0,7,2038.875922
HD 84737_2,HD 84737,1.078,0.014,1.079,1.238,18.8226,1.08,2.795117,,,1.089313,0.664173,0,0,7,2038.875922
HD 84737_3,HD 84737,3.774,0.025,0.833,0.582,18.8226,1.08,2.795117,,,3.849547,0.461613,0,0,7,2038.875922
HD 84737_4,HD 84737,0.254,0.074,3.133,5.482,18.8226,1.08,2.795117,,,0.24608,0.625576,0,0,7,2038.875922
HD 84737_5,HD 84737,2.993,0.205,0.508,0.047,18.8226,1.08,2.795117,,,2.388549,0.089266,0,0,7,2038.875922
HD 134083_0,HD 134083,0.116,0.07,1.9,6.745,19.536,1.33,3.254618,,,0.113011,0.015211,0,0,7,2038.899108
HD 134083_1,HD 134083,0.36,0.097,1.358,1.173,19.536,1.33,3.254618,,,0.325487,0.124722,0,0,7,2038.899108
HD 134083_3,HD 134083,0.749,0.13,0.881,0.648,19.536,1.33,3.254618,,,0.827275,0.026925,0,0,7,2038.899108
HD 134083_4,HD 134083,0.959,0.114,0.591,0.159,19.536,1.33,3.254618,,,1.030753,0.10385,0,0,7,2038.899108
HD 693_0,HD 693,1.045,0.058,1.136,0.946,18.8861,1.18,2.997091,,,1.017631,0.025638,0,0,7,2038.900478
HD 693_1,HD 693,0.139,0.106,2.768,4.782,18.8861,1.18,2.997091,,,0.149482,2.6e-05,0,0,7,2038.900478
HD 693_3,HD 693,1.448,0.069,1.975,3.293,18.8861,1.18,2.997091,,,1.362033,0.164732,0,0,7,2038.900478
HD 693_4,HD 693,1.744,0.105,1.392,2.423,18.8861,1.18,2.997091,,,1.735271,0.006317,0,0,7,2038.900478
HD 693_5,HD 693,2.909,0.1,1.423,1.783,18.8861,1.18,2.997091,,,3.186154,0.207639,0,0,7,2038.900478
HD 693_6,HD 693,2.914,0.024,0.574,0.086,18.8861,1.18,2.997091,,,2.964424,0.354206,0,0,7,2038.900478
HD 693_7,HD 693,3.93,0.01,2.298,3.376,18.8861,1.18,2.997091,,,3.892193,0.750652,0,0,7,2038.900478
HD 58855_0,HD 58855,3.917,0.055,2.746,19.491,20.4021,1.16,2.444556,,,3.735098,0.016131,0,0,8,2038.956071
HD 58855_3,HD 58855,0.12,0.023,0.846,0.638,20.4021,1.16,2.444556,,,0.120206,0.173379,0,0,8,2038.956071
HD 58855_4,HD 58855,1.787,0.062,0.53,0.05,20.4021,1.16,2.444556,,,1.897452,0.355933,0,0,8,2038.956071
HD 58855_5,HD 58855,2.753,0.078,0.74,0.236,20.4021,1.16,2.444556,,,2.96239,0.709822,0,0,8,2038.956071
HD 58855_6,HD 58855,3.408,0.008,0.67,0.345,20.4021,1.16,2.444556,,,3.428772,0.467249,0,0,8,2038.956071
HD 58855_7,HD 58855,0.511,0.017,1.169,0.638,20.4021,1.16,2.444556,,,0.518383,0.433796,0,0,8,2038.956071
HD 58855_8,HD 58855,3.679,0.02,1.665,2.944,20.4021,1.16,2.444556,,,3.700708,0.395849,0,0,8,2038.956071
HD 22484_0,HD 22484,0.838,0.146,1.142,1.075,13.9204,1.14,3.067609,,,0.935598,0.008861,0,0,7,2039.024351
HD 22484_1,HD 22484,1.12,0.109,1.996,10.252,13.9204,1.14,3.067609,,,1.006532,0.900918,0,0,7,2039.024351
HD 22484_2,HD 22484,0.469,0.117,1.765,4.24,13.9204,1.14,3.067609,,,0.49177,0.183357,0,0,7,2039.024351
HD 22484_5,HD 22484,4.456,0.081,0.516,0.082,13.9204,1.14,3.067609,,,4.737355,0.843488,0,0,7,2039.024351
HD 22484_7,HD 22484,3.201,0.074,0.943,0.772,13.9204,1.14,3.067609,,,3.29109,0.091324,0,0,7,2039.024351
HD 30652_0,HD 30652,0.357,0.032,0.524,0.114,8.0684,1.25,2.710192,,,0.349339,0.477932,0,0,8,2039.085445
HD 30652_1,HD 30652,3.379,0.099,2.314,3.76,8.0684,1.25,2.710192,,,3.053493,0.92729,0,0,8,2039.085445
HD 30652_2,HD 30652,1.418,0.081,1.563,2.688,8.0684,1.25,2.710192,,,1.522304,0.596109,0,0,8,2039.085445
HD 30652_3,HD 30652,3.27,0.133,2.129,4.102,8.0684,1.25,2.710192,,,2.842881,0.129006,0,0,8,2039.085445
HD 30652_4,HD 30652,2.754,0.119,2.49,10.423,8.0684,1.25,2.710192,,,3.07459,0.070846,0,0,8,2039.085445
HD 142373_0,HD 142373,1.268,0.168,0.757,0.538,15.8975,1.08,3.136173,,,1.470455,0.816285,0,0,7,2039.207601
HD 142373_1,HD 142373,1.76,0.092,0.868,0.821,15.8975,1.08,3.136173,,,1.739811,0.392385,0,0,7,2039.207601
HD 142373_2,HD 142373,0.834,0.129,2.923,3.951,15.8975,1.08,3.136173,,,0.882519,0.808366,0,0,7,2039.207601
HD 142373_4,HD 142373,1.161,0.006,1.265,1.173,15.8975,1.08,3.136173,,,1.167557,0.267906,0,0,7,2039.207601
HD 142373_6,HD 142373,4.705,0.105,0.947,0.705,15.8975,1.08,3.136173,,,4.326527,0.220915,0,0,7,2039.207601
HD 142373_7,HD 142373,1.878,0.051,2.611,16.581,15.8975,1.08,3.136173,,,1.970794,0.009513,0,0,7,2039.207601
HD 142373_8,HD 142373,3.092,0.053,1.805,4.531,15.8975,1.08,3.136173,,,3.246908,0.112285,0,0,7,2039.207601
HD 43386_0,HD 43386,2.541,0.037,0.504,0.139,19.5879,1.33,2.956651,,,2.592012,0.194805,0,0,8,2039.242472
HD 43386_1,HD 43386,1.141,0.101,1.584,2.087,19.5879,1.33,2.956651,,,1.229824,0.169892,0,0,8,2039.242472
HD 43386_3,HD 43386,0.289,0.045,1.072,1.323,19.5879,1.33,2.956651,,,0.276463,0.682812,0,0,8,2039.242472
HD 187691 A_0,HD 187691 A,3.127,0.076,1.475,3.637,19.4881,1.25,2.834654,,,2.897051,0.324593,0,0,8,2039.2449
HD 187691 A_1,HD 187691 A,2.61,0.091,1.018,4.223,19.4881,1.25,2.834654,,,2.448549,0.238424,0,0,8,2039.2449
HD 187691 A_2,HD 187691 A,3.249,0.037,0.764,0.21,19.4881,1.25,2.834654,,,3.271566,0.525216,0,0,8,2039.2449
HD 187691 A_3,HD 187691 A,2.018,0.038,2.654,7.67,19.4881,1.25,2.834654,,,2.003827,0.362484,0,0,8,2039.2449
HD 43042_0,HD 43042,4.095,0.078,0.558,0.189,21.7763,1.29,2.935621,,,4.414381,0.24202,0,0,8,2039.291402
HD 43042_1,HD 43042,0.434,0.11,0.533,0.125,21.7763,1.29,2.935621,,,0.424689,0.253608,0,0,8,2039.291402
HD 43042_3,HD 43042,0.724,0.14,0.733,0.336,21.7763,1.29,2.935621,,,0.793904,0.766671,0,0,8,2039.291402
HD 210302_0,HD 210302,0.937,0.087,1.293,4.329,18.4579,1.25,2.918099,,,0.858008,0.289998,0,0,8,2039.33145
HD 210302_1,HD 210302,0.316,0.034,0.672,0.336,18.4579,1.25,2.918099,,,0.305258,0.007236,0,0,8,2039.33145
HD 210302_2,HD 210302,0.162,0.125,0.82,0.627,18.4579,1.25,2.918099,,,0.162228,0.685085,0,0,8,2039.33145
HD 210302_3,HD 210302,0.925,0.123,2.909,13.478,18.4579,1.25,2.918099,,,0.928914,0.657607,0,0,8,2039.33145
HD 210302_4,HD 210302,1.629,0.122,1.727,3.133,18.4579,1.25,2.918099,,,1.677351,0.073781,0,0,8,2039.33145
HD 128167_0,HD 128167,1.283,0.14,1.15,1.754,15.756,1.39,3.181999,,,1.462182,0.283591,0,0,8,2039.372123
HD 128167_2,HD 128167,3.433,0.063,1.328,4.136,15.756,1.39,3.181999,,,3.253327,0.034189,0,0,8,2039.372123
HD 128167_3,HD 128167,4.878,0.117,2.132,7.451,15.756,1.39,3.181999,,,4.341784,0.283328,0,0,8,2039.372123
HD 128167_4,HD 128167,1.323,0.044,1.923,7.575,15.756,1.39,3.181999,,,1.306733,0.308461,0,0,8,2039.372123
HD 23249_0,HD 23249,2.38,0.039,0.804,0.454,9.0888,0.87,2.941034,,,2.471636,0.4678,0,0,7,2039.470052
HD 23249_1,HD 23249,2.348,0.031,1.487,8.264,9.0888,0.87,2.941034,,,2.276006,0.003471,0,0,7,2039.470052
HD 84737_0,HD 84737,0.596,0.087,1.352,2.836,18.8226,1.08,2.795117,,,0.592487,0.008589,0,0,8,2039.51815
HD 84737_1,HD 84737,3.025,0.071,1.189,2.166,18.8226,1.08,2.795117,,,2.938371,0.997925,0,0,8,2039.51815
HD 84737_2,HD 84737,1.078,0.014,1.079,1.238,18.8226,1.08,2.795117,,,1.063034,0.267052,0,0,8,2039.51815
HD 84737_3,HD 84737,3.774,0.025,0.833,0.582,18.8226,1.08,2.795117,,,3.807662,0.747633,0,0,8,2039.51815
HD 84737_4,HD 84737,0.254,0.074,3.133,5.482,18.8226,1.08,2.795117,,,0.2691,0.160813,0,0,8,2039.51815
HD 84737_5,HD 84737,2.993,0.205,0.508,0.047,18.8226,1.08,2.795117,,,2.732882,0.207361,0,0,8,2039.51815
HD 134083_0,HD 134083,0.116,0.07,1.9,6.745,19.536,1.33,3.254618,,,0.117038,0.001327,0,0,8,2039.547818
HD 134083_1,HD 134083,0.36,0.097,1.358,1.173,19.536,1.33,3.254618,,,0.394874,0.665271,0,0,8,2039.547818
HD 134083_3,HD 134083,0.749,0.13,0.881,0.648,19.536,1.33,3.254618,,,0.843894,0.152391,0,0,8,2039.547818
HD 134083_4,HD 134083,0.959,0.114,0.591,0.159,19.536,1.33,3.254618,,,0.901981,0.443262,0,0,8,2039.547818
HD 693_0,HD 693,1.045,0.058,1.136,0.946,18.8861,1.18,2.997091,,,1.105543,0.242017,0,0,8,2039.549188
HD 693_1,HD 693,0.139,0.106,2.768,4.782,18.8861,1.18,2.997091,,,0.129163,0.967694,0,0,8,2039.549188
HD 693_3,HD 693,1.448,0.069,1.975,3.293,18.8861,1.18,2.997091,,,1.498537,0.337061,0,0,8,2039.549188
HD 693_4,HD 693,1.744,0.105,1.392,2.423,18.8861,1.18,2.997091,,,1.588869,0.778991,0,0,8,2039.549188
HD 693_5,HD 693,2.909,0.1,1.423,1.783,18.8861,1.18,2.997091,,,3.030365,0.017943,0,0,8,2039.549188
HD 693_6,HD 693,2.914,0.024,0.574,0.086,18.8861,1.18,2.997091,,,2.983548,0.815736,0,0,8,2039.549188
HD 693_7,HD 693,3.93,0.01,2.298,3.376,18.8861,1.18,2.997091,,,3.90405,0.523537,0,0,8,2039.549188
HD 22484_0,HD 22484,0.838,0.146,1.142,1.075,13.9204,1.14,3.067609,,,0.900396,0.047624,0,0,8,2039.69462
HD 22484_1,HD 22484,1.12,0.109,1.996,10.252,13.9204,1.14,3.067609,,,1.237181,0.008525,0,0,8,2039.69462
HD 22484_2,HD 22484,0.469,0.117,1.765,4.24,13.9204,1.14,3.067609,,,0.421542,0.811476,0,0,8,2039.69462
HD 22484_5,HD 22484,4.456,0.081,0.516,0.082,13.9204,1.14,3.067609,,,4.807348,0.832712,0,0,8,2039.69462
HD 22484_7,HD 22484,3.201,0.074,0.943,0.772,13.9204,1.14,3.067609,,,3.109824,0.146046,0,0,8,2039.69462
HD 142373_0,HD 142373,1.268,0.168,0.757,0.538,15.8975,1.08,3.136173,,,1.082172,0.025463,0,0,8,2039.907748
HD 142373_1,HD 142373,1.76,0.092,0.868,0.821,15.8975,1.08,3.136173,,,1.632052,0.098578,0,0,8,2039.907748
HD 142373_2,HD 142373,0.834,0.129,2.923,3.951,15.8975,1.08,3.136173,,,0.90578,0.716034,0,0,8,2039.907748
HD 142373_4,HD 142373,1.161,0.006,1.265,1.173,15.8975,1.08,3.136173,,,1.154131,0.178421,0,0,8,2039.907748
HD 142373_6,HD 142373,4.705,0.105,0.947,0.705,15.8975,1.08,3.136173,,,4.51471,0.456821,0,0,8,2039.907748
HD 142373_7,HD 142373,1.878,0.051,2.611,16.581,15.8975,1.08,3.136173,,,1.838744,0.590684,0,0,8,2039.907748
HD 142373_8,HD 142373,3.092,0.053,1.805,4.531,15.8975,1.08,3.136173,,,3.160073,0.367732,0,0,8,2039.907748
HD 23249_0,HD 23249,2.38,0.039,0.804,0.454,9.0888,0.87,2.941034,,,2.403478,0.103247,0,0,8,2040.213442
HD 23249_1,HD 23249,2.348,0.031,1.487,8.264,9.0888,0.87,2.941034,,,2.314697,0.330475,0,0,8,2040.213442
