PlanetID,StarName,SMA_AU,ecc,Rp_REarth,Mp_MEarth,d_pc,M_sol,L_sol,Sep,PA,3dDist,PhaseFunc,DetStatus,NDet,NObs,LastObs
HD 142860_0,HD 142860,0.405,0.081,2.385,6.459,11.2537,1.25,3.038785,,,0.432647,0.036004,0,0,1,2035.0
HD 142860_2,HD 142860,3.184,0.073,1.146,0.989,11.2537,1.25,3.038785,,,3.137289,0.489767,0,0,1,2035.0
HD 142860_3,HD 142860,0.465,0.068,1.963,1.786,11.2537,1.25,3.038785,,,0.448867,0.456699,0,0,1,2035.0
HD 142860_5,HD 142860,0.92,0.074,2.443,8.017,11.2537,1.25,3.038785,,,0.852826,0.077624,0,0,1,2035.0
HD 142860_6,HD 142860,0.627,0.092,3.102,5.436,11.2537,1.25,3.038785,,,0.683736,0.013926,0,0,1,2035.0
HD 30652_0,HD 30652,0.357,0.032,0.524,0.119,8.0684,1.25,2.710192,,,0.365285,0.141985,0,0,1,2035.00137
HD 30652_1,HD 30652,3.379,0.099,2.314,9.159,8.0684,1.25,2.710192,,,3.373288,0.06295,0,0,1,2035.00137
HD 30652_2,HD 30652,1.418,0.081,1.563,7.047,8.0684,1.25,2.710192,,,1.44625,0.03975,0,0,1,2035.00137
HD 30652_3,HD 30652,3.27,0.133,2.129,5.731,8.0684,1.25,2.710192,,,3.337398,0.228915,0,0,1,2035.00137
HD 30652_4,HD 30652,2.754,0.119,2.49,10.16,8.0684,1.25,2.710192,,,3.074861,0.071324,0,0,1,2035.00137
HD 22484_0,HD 22484,0.838,0.146,1.142,1.607,13.9204,1.14,3.067609,,,0.825329,0.367895,0,0,1,2035.00274
HD 22484_1,HD 22484,1.12,0.109,1.996,7.679,13.9204,1.14,3.067609,,,1.184084,0.073901,0,0,1,2035.00274
HD 22484_2,HD 22484,0.469,0.117,1.765,3.166,13.9204,1.14,3.067609,,,0.502049,0.057014,0,0,1,2035.00274
HD 22484_5,HD 22484,4.456,0.081,0.516,0.034,13.9204,1.14,3.067609,,,4.138022,0.021229,0,0,1,2035.00274
HD 22484_7,HD 22484,3.201,0.074,0.943,1.501,13.9204,1.14,3.067609,,,2.978093,0.341329,0,0,1,2035.00274
HD 128167_0,HD 128167,1.283,0.14,1.15,1.29,15.756,1.39,3.181999,,,1.107643,0.520288,0,0,1,2035.00411
HD 128167_2,HD 128167,3.433,0.063,1.328,2.483,15.756,1.39,3.181999,,,3.265018,0.121772,0,0,1,2035.00411
HD 128167_3,HD 128167,4.878,0.117,2.132,5.678,15.756,1.39,3.181999,,,5.403185,0.339698,0,0,1,2035.00411
HD 128167_4,HD 128167,1.323,0.044,1.923,2.477,15.756,1.39,3.181999,,,1.374304,0.059026,0,0,1,2035.00411
HD 142373_0,HD 142373,1.268,0.168,0.757,0.148,15.8975,1.08,3.136173,,,1.481024,0.754846,0,0,1,2035.005479
HD 142373_1,HD 142373,1.76,0.092,0.868,0.535,15.8975,1.08,3.136173,,,1.625407,0.160387,0,0,1,2035.005479
HD 142373_2,HD 142373,0.834,0.129,2.923,6.259,15.8975,1.08,3.136173,,,0.730608,0.424536,0,0,1,2035.005479
HD 142373_4,HD 142373,1.161,0.006,1.265,2.536,15.8975,1.08,3.136173,,,1.154317,0.348496,0,0,1,2035.005479
HD 142373_6,HD 142373,4.705,0.105,0.947,0.923,15.8975,1.08,3.136173,,,4.973728,0.358905,0,0,1,2035.005479
HD 142373_7,HD 142373,1.878,0.051,2.611,6.816,15.8975,1.08,3.136173,,,1.827809,0.663135,0,0,1,2035.005479
HD 142373_8,HD 142373,3.092,0.053,1.805,7.326,15.8975,1.08,3.136173,,,3.09827,0.536115,0,0,1,2035.005479
HD 134083_0,HD 134083,0.116,0.07,1.9,7.058,19.536,1.33,3.254618,,,0.118939,0.82838,0,0,1,2035.006849
HD 134083_1,HD 134083,0.36,0.097,1.358,2.746,19.536,1.33,3.254618,,,0.354097,0.624825,0,0,1,2035.006849
HD 134083_3,HD 134083,0.749,0.13,0.881,0.684,19.536,1.33,3.254618,,,0.844037,0.065868,0,0,1,2035.006849
HD 134083_4,HD 134083,0.959,0.114,0.591,0.338,19.536,1.33,3.254618,,,1.060201,0.077114,0,0,1,2035.006849
HD 23249_0,HD 23249,2.38,0.039,0.804,0.586,9.0888,0.87,2.941034,,,2.453909,0.743868,0,0,1,2035.008219
HD 23249_1,HD 23249,2.348,0.031,1.487,3.029,9.0888,0.87,2.941034,,,2.318859,0.037071,0,0,1,2035.008219
HD 38393_0,HD 38393,0.205,0.072,1.088,1.383,8.905,1.23,2.344229,,,0.202099,0.205621,0,0,1,2035.009589
HD 38393_1,HD 38393,3.39,0.099,0.656,0.073,8.905,1.23,2.344229,,,3.693629,0.172093,0,0,1,2035.009589
HD 38393_3,HD 38393,0.355,0.086,1.549,2.098,8.905,1.23,2.344229,,,0.330317,0.803686,0,0,1,2035.009589
HD 38393_4,HD 38393,4.373,0.052,1.208,1.876,8.905,1.23,2.344229,,,4.169242,0.052424,0,0,1,2035.009589
HD 693_0,HD 693,1.045,0.058,1.136,2.579,18.8861,1.18,2.997091,,,1.002562,0.081714,0,0,1,2035.010959
HD 693_1,HD 693,0.139,0.106,2.768,7.407,18.8861,1.18,2.997091,,,0.147385,0.001154,0,0,1,2035.010959
HD 693_3,HD 693,1.448,0.069,1.975,3.042,18.8861,1.18,2.997091,,,1.547879,0.720049,0,0,1,2035.010959
HD 693_4,HD 693,1.744,0.105,1.392,2.348,18.8861,1.18,2.997091,,,1.576986,0.23326,0,0,1,2035.010959
HD 693_5,HD 693,2.909,0.1,1.423,2.794,18.8861,1.18,2.997091,,,3.019863,0.014628,0,0,1,2035.010959
HD 693_6,HD 693,2.914,0.024,0.574,0.316,18.8861,1.18,2.997091,,,2.983042,0.840057,0,0,1,2035.010959
HD 693_7,HD 693,3.93,0.01,2.298,5.004,18.8861,1.18,2.997091,,,3.969299,0.030668,0,0,1,2035.010959
HD 17206_0,HD 17206,1.742,0.09,0.885,1.25,14.2764,1.21,2.616978,,,1.792125,0.177146,0,0,1,2035.012329
HD 17206_1,HD 17206,0.879,0.039,2.253,5.781,14.2764,1.21,2.616978,,,0.913142,0.018454,0,0,1,2035.012329
HD 17206_2,HD 17206,0.485,0.035,0.762,0.888,14.2764,1.21,2.616978,,,0.472626,0.020839,0,0,1,2035.012329
HD 210302_0,HD 210302,0.937,0.087,1.293,2.482,18.4579,1.25,2.918099,,,0.962589,0.493572,0,0,1,2035.013699
HD 210302_1,HD 210302,0.316,0.034,0.672,0.291,18.4579,1.25,2.918099,,,0.310093,0.062241,0,0,1,2035.013699
HD 210302_2,HD 210302,0.162,0.125,0.82,0.565,18.4579,1.25,2.918099,,,0.159697,0.106791,0,0,1,2035.013699
HD 210302_3,HD 210302,0.925,0.123,2.909,15.97,18.4579,1.25,2.918099,,,0.991222,0.015225,0,0,1,2035.013699
HD 210302_4,HD 210302,1.629,0.122,1.727,5.061,18.4579,1.25,2.918099,,,1.443954,0.902923,0,0,1,2035.013699
HD 128620_0,HD 128620,1.567,0.074,0.945,0.738,1.3319,1.11,1.520898,,,1.453625,0.003914,0,0,1,2035.015068
HD 128620_1,HD 128620,1.266,0.016,1.198,6.221,1.3319,1.11,1.520898,,,1.271789,0.661515,0,0,1,2035.015068
HD 43386_0,HD 43386,2.541,0.037,0.504,0.177,19.5879,1.33,2.956651,,,2.632362,0.000431,0,0,1,2035.016438
HD 43386_1,HD 43386,1.141,0.101,1.584,2.873,19.5879,1.33,2.956651,,,1.230615,0.16664,0,0,1,2035.016438
HD 43386_3,HD 43386,0.289,0.045,1.072,0.429,19.5879,1.33,2.956651,,,0.296689,0.541304,0,0,1,2035.016438
HD 19373_0,HD 19373,0.74,0.034,3.212,9.93,10.5774,1.08,2.230489,0.065886,158.89036,0.734069,0.513915,1,1,1,2035.017808
HD 19373_2,HD 19373,0.724,0.048,1.483,3.085,10.5774,1.08,2.230489,,,0.691267,0.195784,0,0,1,2035.017808
HD 19373_3,HD 19373,0.676,0.061,1.037,1.075,10.5774,1.08,2.230489,,,0.639038,0.842415,0,0,1,2035.017808
HD 19373_6,HD 19373,0.114,0.04,2.433,8.086,10.5774,1.08,2.230489,,,0.111213,0.017746,0,0,1,2035.017808
HD 19373_7,HD 19373,2.87,0.048,1.622,2.945,10.5774,1.08,2.230489,,,2.98063,0.225016,0,0,1,2035.017808
HD 16895 A_0,HD 16895 A,3.595,0.047,2.816,7.544,11.1501,1.21,2.246467,,,3.745591,0.11254,0,0,1,2035.019178
HD 16895 A_4,HD 16895 A,4.424,0.091,1.274,1.913,11.1501,1.21,2.246467,,,4.19751,0.065115,0,0,1,2035.019178
HD 16895 A_5,HD 16895 A,1.554,0.05,3.144,9.969,11.1501,1.21,2.246467,,,1.523988,0.054337,0,0,1,2035.019178
HD 16895 A_6,HD 16895 A,0.108,0.029,0.508,0.042,11.1501,1.21,2.246467,,,0.108591,0.180597,0,0,1,2035.019178
HD 84737_0,HD 84737,0.596,0.087,1.352,1.551,18.8226,1.08,2.795117,,,0.635327,0.019866,0,0,1,2035.020548
HD 84737_1,HD 84737,3.025,0.071,1.189,1.926,18.8226,1.08,2.795117,,,2.828699,0.793562,0,0,1,2035.020548
HD 84737_2,HD 84737,1.078,0.014,1.079,0.698,18.8226,1.08,2.795117,,,1.073196,0.016904,0,0,1,2035.020548
HD 84737_3,HD 84737,3.774,0.025,0.833,0.848,18.8226,1.08,2.795117,,,3.68617,0.298688,0,0,1,2035.020548
HD 84737_4,HD 84737,0.254,0.074,3.133,13.741,18.8226,1.08,2.795117,,,0.246559,0.277358,0,0,1,2035.020548
HD 84737_5,HD 84737,2.993,0.205,0.508,0.086,18.8226,1.08,2.795117,,,3.108158,0.37234,0,0,1,2035.020548
HD 187691 A_0,HD 187691 A,3.127,0.076,1.475,4.454,19.4881,1.25,2.834654,,,3.046951,0.177044,0,0,1,2035.021918
HD 187691 A_1,HD 187691 A,2.61,0.091,1.018,1.386,19.4881,1.25,2.834654,,,2.617092,0.031766,0,0,1,2035.021918
HD 187691 A_2,HD 187691 A,3.249,0.037,0.764,1.364,19.4881,1.25,2.834654,,,3.366988,0.873589,0,0,1,2035.021918
HD 187691 A_3,HD 187691 A,2.018,0.038,2.654,10.557,19.4881,1.25,2.834654,,,2.08837,0.012983,0,0,1,2035.021918
HD 43042_0,HD 43042,4.095,0.078,0.558,0.185,21.7763,1.29,2.935621,,,3.824635,0.191588,0,0,1,2035.023288
HD 43042_1,HD 43042,0.434,0.11,0.533,0.05,21.7763,1.29,2.935621,,,0.426025,0.241608,0,0,1,2035.023288
HD 43042_3,HD 43042,0.724,0.14,0.733,0.758,21.7763,1.29,2.935621,,,0.824759,0.91407,0,0,1,2035.023288
HD 212330 A_0,HD 212330 A,1.747,0.031,3.281,9.208,20.3398,1.02,2.726465,,,1.700129,0.224133,0,0,1,2035.024658
HD 141004_0,HD 141004,2.629,0.092,2.901,8.518,11.9159,1.09,2.003549,,,2.511255,0.585626,0,0,1,2035.026027
HD 141004_1,HD 141004,0.651,0.071,0.654,0.168,11.9159,1.09,2.003549,,,0.641736,0.13245,0,0,1,2035.026027
HD 141004_2,HD 141004,4.426,0.098,1.019,2.941,11.9159,1.09,2.003549,,,4.205225,0.505244,0,0,1,2035.026027
HD 141004_3,HD 141004,4.115,0.06,0.578,0.125,11.9159,1.09,2.003549,,,4.265546,0.066109,0,0,1,2035.026027
HD 141004_4,HD 141004,3.163,0.091,1.732,4.206,11.9159,1.09,2.003549,,,3.37971,0.522747,0,0,1,2035.026027
HD 4614 A_0,HD 4614 A,4.718,0.051,1.358,3.151,5.0098,1.14,1.251988,,,4.955722,0.125141,0,0,1,2035.028767
HD 4614 A_1,HD 4614 A,0.651,0.133,0.728,0.235,5.0098,1.14,1.251988,,,0.727873,0.87174,0,0,1,2035.028767
HD 4614 A_2,HD 4614 A,2.584,0.017,1.361,2.842,5.0098,1.14,1.251988,,,2.626741,0.684508,0,0,1,2035.028767
HD 58855_0,HD 58855,3.917,0.055,2.746,11.124,20.4021,1.16,2.444556,,,4.069695,0.825533,0,0,1,2035.030137
HD 58855_3,HD 58855,0.12,0.023,0.846,0.314,20.4021,1.16,2.444556,,,0.122318,0.124483,0,0,1,2035.030137
HD 58855_4,HD 58855,1.787,0.062,0.53,0.101,20.4021,1.16,2.444556,,,1.816977,0.983463,0,0,1,2035.030137
HD 58855_5,HD 58855,2.753,0.078,0.74,0.361,20.4021,1.16,2.444556,,,2.922661,0.866597,0,0,1,2035.030137
HD 58855_6,HD 58855,3.408,0.008,0.67,0.197,20.4021,1.16,2.444556,,,3.414152,0.042357,0,0,1,2035.030137
HD 58855_7,HD 58855,0.511,0.017,1.169,2.72,20.4021,1.16,2.444556,,,0.506963,0.052968,0,0,1,2035.030137
HD 58855_8,HD 58855,3.679,0.02,1.665,3.725,20.4021,1.16,2.444556,,,3.70507,0.049323,0,0,1,2035.030137
HD 7570_0,HD 7570,3.031,0.054,1.134,3.652,15.2609,1.14,2.003549,,,2.989686,0.959575,0,0,1,2035.031507
HD 7570_1,HD 7570,0.15,0.071,0.941,0.218,15.2609,1.14,2.003549,,,0.140932,0.804433,0,0,1,2035.031507
HD 7570_2,HD 7570,1.977,0.063,1.73,3.716,15.2609,1.14,2.003549,,,1.986466,0.079301,0,0,1,2035.031507
HD 7570_3,HD 7570,3.034,0.079,1.364,1.913,15.2609,1.14,2.003549,,,3.266907,0.652506,0,0,1,2035.031507
HD 7570_4,HD 7570,0.569,0.099,0.726,0.483,15.2609,1.14,2.003549,,,0.621363,0.312253,0,0,1,2035.031507
HD 84117_2,HD 84117,0.48,0.183,0.807,0.707,14.9515,1.14,1.977425,,,0.518585,0.0063,0,0,1,2035.032877
HD 84117_3,HD 84117,2.469,0.127,0.583,0.157,14.9515,1.14,1.977425,,,2.615229,0.052378,0,0,1,2035.032877
HD 84117_5,HD 84117,2.421,0.095,0.605,0.239,14.9515,1.14,1.977425,,,2.650741,0.506042,0,0,1,2035.032877
HD 190248_1,HD 190248,1.11,0.055,1.408,3.629,6.0993,0.94,1.249971,,,1.160537,0.818938,0,0,1,2035.034247
HD 190248_2,HD 190248,3.754,0.072,1.017,1.24,6.0993,0.94,1.249971,,,3.990692,0.101168,0,0,1,2035.034247
HD 190248_3,HD 190248,1.406,0.139,0.51,0.568,6.0993,0.94,1.249971,,,1.562969,0.003643,0,0,1,2035.034247
HD 34411_0,HD 34411,0.295,0.082,3.192,8.429,12.5625,1.08,1.731809,,,0.271498,0.312808,0,0,1,2035.035616
HD 34411_1,HD 34411,1.539,0.078,0.897,0.713,12.5625,1.08,1.731809,,,1.51065,0.556398,0,0,1,2035.035616
HD 34411_3,HD 34411,1.691,0.074,0.798,0.808,12.5625,1.08,1.731809,,,1.582321,0.431397,0,0,1,2035.035616
HD 203608_0,HD 203608,2.203,0.092,1.79,3.488,9.2584,1.14,1.465548,,,2.007109,0.575292,0,0,1,2035.036986
HD 203608_1,HD 203608,2.342,0.1,0.502,0.104,9.2584,1.14,1.465548,,,2.526491,0.96023,0,0,1,2035.036986
HD 203608_2,HD 203608,2.74,0.062,1.086,1.189,9.2584,1.14,1.465548,,,2.857482,0.896534,0,0,1,2035.036986
HD 203608_5,HD 203608,4.293,0.038,0.929,0.698,9.2584,1.14,1.465548,,,4.35697,0.106335,0,0,1,2035.036986
HD 203608_6,HD 203608,0.526,0.072,0.985,0.486,9.2584,1.14,1.465548,,,0.506502,0.786664,0,0,1,2035.036986
HD 160691_0,HD 160691,1.46,0.051,0.67,0.675,15.6042,1.0,1.898891,,,1.529393,0.33139,0,0,1,2035.038356
HD 160691_1,HD 160691,0.274,0.085,0.88,0.645,15.6042,1.0,1.898891,,,0.270527,0.458581,0,0,1,2035.038356
HD 160691_2,HD 160691,0.346,0.144,0.58,0.053,15.6042,1.0,1.898891,,,0.37792,0.912758,0,0,1,2035.038356
HD 160691_3,HD 160691,0.123,0.058,0.556,0.091,15.6042,1.0,1.898891,,,0.12433,0.360679,0,0,1,2035.038356
HD 160691_4,HD 160691,2.415,0.073,1.777,2.687,15.6042,1.0,1.898891,,,2.324146,0.348478,0,0,1,2035.038356
HD 160691_6,HD 160691,2.937,0.058,2.424,6.338,15.6042,1.0,1.898891,,,3.082665,0.011678,0,0,1,2035.038356
HD 160691_7,HD 160691,3.23,0.098,2.375,5.354,15.6042,1.0,1.898891,,,2.914084,0.083757,0,0,1,2035.038356
HD 114710_0,HD 114710,1.415,0.117,0.681,0.147,9.1975,1.11,1.357063,,,1.564749,0.624935,0,0,1,2035.039726
HD 114710_1,HD 114710,0.314,0.116,0.63,1.142,9.1975,1.11,1.357063,,,0.324123,0.138332,0,0,1,2035.039726
HD 114710_2,HD 114710,2.258,0.018,0.683,0.173,9.1975,1.11,1.357063,,,2.217898,0.111795,0,0,1,2035.039726
HD 114710_4,HD 114710,0.861,0.053,0.898,0.439,9.1975,1.11,1.357063,,,0.816013,0.267201,0,0,1,2035.039726
HD 114710_5,HD 114710,0.124,0.109,3.108,17.681,9.1975,1.11,1.357063,,,0.125909,0.740886,0,0,1,2035.039726
HD 90839_0,HD 90839,3.665,0.022,0.781,0.186,12.9452,1.18,1.605092,,,3.60589,0.022701,0,0,1,2035.042466
HD 90839_1,HD 90839,0.191,0.094,1.403,2.751,12.9452,1.18,1.605092,,,0.205794,0.471183,0,0,1,2035.042466
HD 90839_2,HD 90839,3.378,0.112,1.125,1.619,12.9452,1.18,1.605092,,,3.296367,0.844184,0,0,1,2035.042466
HD 90839_5,HD 90839,0.15,0.051,2.273,4.226,12.9452,1.18,1.605092,,,0.145348,0.04357,0,0,1,2035.042466
HD 1581_1,HD 1581,1.541,0.046,2.633,10.663,8.6071,1.11,1.261828,0.122071,236.514116,1.492006,0.767121,1,1,1,2035.043836
HD 1581_2,HD 1581,0.181,0.101,0.988,1.538,8.6071,1.11,1.261828,,,0.197507,0.98824,0,0,1,2035.043836
HD 1581_3,HD 1581,1.491,0.126,2.76,10.6,8.6071,1.11,1.261828,,,1.670718,0.036297,0,0,1,2035.043836
HD 1581_4,HD 1581,0.208,0.109,2.378,6.033,8.6071,1.11,1.261828,,,0.194575,0.543656,0,0,1,2035.043836
HD 33262 A_0,HD 33262 A,4.098,0.155,0.949,0.422,11.6927,1.14,1.466223,,,4.588433,0.179171,0,0,1,2035.045205
HD 33262 A_1,HD 33262 A,3.3,0.062,1.368,1.583,11.6927,1.14,1.466223,,,3.454487,0.009158,0,0,1,2035.045205
HD 33262 A_2,HD 33262 A,3.337,0.087,0.965,0.502,11.6927,1.14,1.466223,,,3.506332,0.13409,0,0,1,2035.045205
HD 33262 A_4,HD 33262 A,1.015,0.091,2.255,9.306,11.6927,1.14,1.466223,,,0.952614,0.978799,0,0,1,2035.045205
HD 33262 A_5,HD 33262 A,0.358,0.206,1.487,2.029,11.6927,1.14,1.466223,,,0.420609,0.474961,0,0,1,2035.045205
HD 33262 A_6,HD 33262 A,0.874,0.139,0.646,0.257,11.6927,1.14,1.466223,,,0.833789,0.024392,0,0,1,2035.045205
HD 33262 A_8,HD 33262 A,0.199,0.101,2.893,13.631,11.6927,1.14,1.466223,,,0.183436,0.962131,0,0,1,2035.045205
HD 109358_0,HD 109358,0.599,0.064,0.661,0.193,8.4727,1.08,1.151065,,,0.635091,0.271871,0,0,1,2035.047945
HD 109358_1,HD 109358,0.313,0.024,1.946,4.835,8.4727,1.08,1.151065,,,0.30626,0.005272,0,0,1,2035.047945
HD 109358_3,HD 109358,0.172,0.066,1.409,1.609,8.4727,1.08,1.151065,,,0.169449,0.429258,0,0,1,2035.047945
HD 109358_4,HD 109358,1.488,0.078,0.58,0.237,8.4727,1.08,1.151065,,,1.415064,0.530191,0,0,1,2035.047945
HD 109358_5,HD 109358,3.968,0.05,3.285,25.806,8.4727,1.08,1.151065,,,4.027172,0.099961,0,0,1,2035.047945
HD 95128_1,HD 95128,2.285,0.074,0.586,0.282,13.8875,1.07,1.576885,,,2.371232,0.41096,0,0,1,2035.049315
HD 95128_2,HD 95128,4.586,0.035,0.538,0.083,13.8875,1.07,1.576885,,,4.674282,0.044991,0,0,1,2035.049315
HD 95128_3,HD 95128,0.343,0.031,2.771,10.086,13.8875,1.07,1.576885,,,0.346616,0.055597,0,0,1,2035.049315
HD 95128_4,HD 95128,2.15,0.173,1.218,6.511,13.8875,1.07,1.576885,,,2.518908,0.135066,0,0,1,2035.049315
HD 95128_5,HD 95128,0.6,0.105,2.299,8.137,13.8875,1.07,1.576885,,,0.653458,0.497394,0,0,1,2035.049315
HD 95128_6,HD 95128,0.335,0.024,2.419,8.582,13.8875,1.07,1.576885,,,0.342641,0.270719,0,0,1,2035.049315
HD 95128_7,HD 95128,0.847,0.089,1.394,3.129,13.8875,1.07,1.576885,,,0.862974,0.096042,0,0,1,2035.049315
HD 95128_8,HD 95128,0.588,0.034,2.182,8.46,13.8875,1.07,1.576885,,,0.590487,0.738901,0,0,1,2035.049315
HD 143761_0,HD 143761,2.268,0.052,0.622,0.131,17.5108,0.97,1.812174,,,2.332607,0.819373,0,0,1,2035.050685
HD 143761_3,HD 143761,0.463,0.017,0.834,0.619,17.5108,0.97,1.812174,,,0.470612,0.153581,0,0,1,2035.050685
HD 143761_4,HD 143761,1.096,0.157,0.808,0.895,17.5108,0.97,1.812174,,,1.232459,0.584837,0,0,1,2035.050685
HD 143761_5,HD 143761,0.834,0.096,1.155,1.684,17.5108,0.97,1.812174,,,0.903489,0.020341,0,0,1,2035.050685
HD 143761_7,HD 143761,2.609,0.089,2.154,12.289,17.5108,0.97,1.812174,,,2.540827,0.211373,0,0,1,2035.050685
HD 46588 A_0,HD 46588 A,1.961,0.092,1.375,5.123,18.2023,1.18,1.825997,,,1.81916,0.259524,0,0,1,2035.052055
HD 46588 A_2,HD 46588 A,0.149,0.051,1.651,3.767,18.2023,1.18,1.825997,,,0.153975,0.329408,0,0,1,2035.052055
HD 46588 A_4,HD 46588 A,0.634,0.042,1.252,1.899,18.2023,1.18,1.825997,,,0.617673,0.499558,0,0,1,2035.052055
HD 46588 A_5,HD 46588 A,0.119,0.052,0.593,0.101,18.2023,1.18,1.825997,,,0.116846,0.317734,0,0,1,2035.052055
HD 46588 A_6,HD 46588 A,0.647,0.045,2.121,5.747,18.2023,1.18,1.825997,,,0.67602,0.617914,0,0,1,2035.052055
HD 46588 A_7,HD 46588 A,1.085,0.088,1.256,5.584,18.2023,1.18,1.825997,,,1.00546,0.730665,0,0,1,2035.052055
HD 46588 A_8,HD 46588 A,2.008,0.017,0.521,0.08,18.2023,1.18,1.825997,,,2.032916,0.039807,0,0,1,2035.052055
HD 17051_0,HD 17051,1.593,0.055,0.8,0.166,17.3572,1.14,1.737401,,,1.66229,0.464648,0,0,1,2035.053425
HD 17051_1,HD 17051,2.146,0.107,1.035,0.971,17.3572,1.14,1.737401,,,2.284883,0.303972,0,0,1,2035.053425
HD 17051_2,HD 17051,4.311,0.108,1.302,2.591,17.3572,1.14,1.737401,,,4.363751,0.5316,0,0,1,2035.053425
HD 165499_0,HD 165499,3.777,0.071,0.637,0.161,17.7532,1.08,1.73141,,,3.559812,0.167624,0,0,1,2035.054795
HD 165499_1,HD 165499,0.192,0.04,0.654,0.106,17.7532,1.08,1.73141,,,0.184576,0.932471,0,0,1,2035.054795
HD 165499_3,HD 165499,0.221,0.065,0.75,0.229,17.7532,1.08,1.73141,,,0.230545,0.831034,0,0,1,2035.054795
HD 165499_4,HD 165499,1.569,0.062,3.377,24.497,17.7532,1.08,1.73141,,,1.473419,0.006711,0,0,1,2035.054795
HD 10700_0,HD 10700,1.625,0.099,0.563,0.087,3.6522,0.94,0.505708,,,1.683373,0.471279,0,0,1,2035.056164
HD 86728 A_0,HD 86728 A,0.138,0.113,0.53,0.078,14.9263,1.0,1.377844,,,0.125267,0.03574,0,0,1,2035.057534
HD 86728 A_1,HD 86728 A,1.194,0.049,0.519,0.144,14.9263,1.0,1.377844,,,1.246071,0.032984,0,0,1,2035.057534
HD 86728 A_2,HD 86728 A,1.586,0.024,0.736,0.367,14.9263,1.0,1.377844,,,1.57552,0.084061,0,0,1,2035.057534
HD 86728 A_3,HD 86728 A,0.34,0.077,0.971,1.901,14.9263,1.0,1.377844,,,0.357363,0.112568,0,0,1,2035.057534
HD 86728 A_4,HD 86728 A,3.143,0.15,2.985,16.709,14.9263,1.0,1.377844,,,2.682562,0.848329,0,0,1,2035.057534
HD 86728 A_5,HD 86728 A,0.238,0.132,1.155,6.008,14.9263,1.0,1.377844,,,0.207343,0.20845,0,0,1,2035.057534
HD 86728 A_6,HD 86728 A,2.84,0.137,2.462,3.621,14.9263,1.0,1.377844,,,2.626432,0.856091,0,0,1,2035.057534
HD 20794_0,HD 20794,4.322,0.17,2.962,5.742,6.0414,0.97,0.654335,,,4.559174,0.020088,0,0,1,2035.058904
HD 20794_1,HD 20794,2.398,0.095,1.302,2.525,6.0414,0.97,0.654335,,,2.258191,0.023946,0,0,1,2035.058904
HD 115617_0,HD 115617,1.956,0.004,0.732,1.017,8.5344,0.97,0.825468,,,1.962252,0.259855,0,0,1,2035.060274
HD 115617_1,HD 115617,0.76,0.09,2.931,6.157,8.5344,0.97,0.825468,0.058037,249.248865,0.749672,0.739883,1,1,1,2035.060274
HD 115617_2,HD 115617,0.621,0.047,0.562,0.059,8.5344,0.97,0.825468,,,0.634838,0.155253,0,0,1,2035.060274
HD 115617_3,HD 115617,0.199,0.073,3.38,12.207,8.5344,0.97,0.825468,,,0.184596,0.035395,0,0,1,2035.060274
HD 115617_4,HD 115617,2.599,0.104,0.763,0.174,8.5344,0.97,0.825468,,,2.785552,0.578511,0,0,1,2035.060274
HD 115617_5,HD 115617,2.098,0.045,1.487,3.177,8.5344,0.97,0.825468,,,2.020707,0.729665,0,0,1,2035.060274
HD 115617_6,HD 115617,3.003,0.084,0.942,0.936,8.5344,0.97,0.825468,,,3.069031,0.011538,0,0,1,2035.060274
HD 53705_0,HD 53705,0.273,0.081,1.735,2.717,17.0593,1.04,1.489704,,,0.258227,0.803694,0,0,1,2035.061644
HD 53705_1,HD 53705,2.604,0.083,3.306,16.05,17.0593,1.04,1.489704,,,2.516101,0.137005,0,0,1,2035.061644
HD 53705_2,HD 53705,1.597,0.089,2.478,13.971,17.0593,1.04,1.489704,,,1.60818,0.152396,0,0,1,2035.061644
HD 53705_3,HD 53705,0.715,0.026,1.359,2.038,17.0593,1.04,1.489704,,,0.714962,0.18763,0,0,1,2035.061644
HD 53705_4,HD 53705,0.527,0.092,2.437,10.745,17.0593,1.04,1.489704,,,0.502472,0.501087,0,0,1,2035.061644
HD 55575_0,HD 55575,1.084,0.09,0.727,0.186,16.8518,1.14,1.462851,,,1.010194,0.383701,0,0,1,2035.063014
HD 55575_1,HD 55575,0.133,0.053,0.578,0.677,16.8518,1.14,1.462851,,,0.132879,0.754499,0,0,1,2035.063014
HD 20630_1,HD 20630,0.648,0.142,1.547,4.726,9.2762,0.98,0.857235,0.066375,164.391268,0.620159,0.242308,1,1,1,2035.064384
HD 20630_5,HD 20630,1.387,0.083,0.621,0.63,9.2762,0.98,0.857235,,,1.271933,0.216012,0,0,1,2035.064384
HD 102365_0,HD 102365,1.154,0.024,2.235,11.472,9.3195,1.02,0.843918,,,1.126305,0.182279,0,0,1,2035.065753
HD 102365_1,HD 102365,4.021,0.031,1.113,0.834,9.3195,1.02,0.843918,,,4.145645,0.058529,0,0,1,2035.065753
HD 102365_2,HD 102365,0.113,0.031,0.976,0.303,9.3195,1.02,0.843918,,,0.109526,0.015309,0,0,1,2035.065753
HD 39091_1,HD 39091,3.12,0.028,1.191,1.952,18.2874,1.08,1.533204,,,3.178456,0.080641,0,0,1,2035.067123
HD 39091_2,HD 39091,2.865,0.029,0.677,0.089,18.2874,1.08,1.533204,,,2.784936,0.001828,0,0,1,2035.067123
HD 39091_3,HD 39091,3.55,0.072,1.069,0.919,18.2874,1.08,1.533204,,,3.604999,0.460107,0,0,1,2035.067123
HD 39091_4,HD 39091,4.534,0.027,1.234,1.811,18.2874,1.08,1.533204,,,4.529056,0.695695,0,0,1,2035.067123
HD 39091_5,HD 39091,1.437,0.051,1.31,1.974,18.2874,1.08,1.533204,,,1.504571,0.455567,0,0,1,2035.067123
HD 39091_6,HD 39091,0.67,0.012,2.604,6.457,18.2874,1.08,1.533204,,,0.661982,0.358068,0,0,1,2035.067123
HD 20807_0,HD 20807,0.337,0.072,1.793,3.234,12.0394,1.07,1.016951,,,0.355775,0.390347,0,0,1,2035.068493
HD 20807_1,HD 20807,1.546,0.069,0.954,0.846,12.0394,1.07,1.016951,,,1.635004,0.75519,0,0,1,2035.068493
HD 20807_2,HD 20807,2.979,0.055,2.038,8.298,12.0394,1.07,1.016951,,,3.01023,0.064309,0,0,1,2035.068493
HD 131156 A_0,HD 131156 A,0.922,0.01,2.426,6.027,6.7536,0.96,0.553095,0.13649,225.18533,0.922421,0.330773,1,1,1,2035.069863
HD 131156 A_1,HD 131156 A,1.097,0.147,1.932,4.971,6.7536,0.96,0.553095,0.103555,21.935898,1.134085,0.826541,1,1,1,2035.069863
HD 65907 A_0,HD 65907 A,0.584,0.099,0.585,0.122,16.1718,1.11,1.290031,,,0.537387,0.796415,0,0,1,2035.071233
HD 65907 A_1,HD 65907 A,1.316,0.075,0.982,3.131,16.1718,1.11,1.290031,,,1.413533,0.01988,0,0,1,2035.071233
HD 65907 A_2,HD 65907 A,1.009,0.058,1.202,5.136,16.1718,1.11,1.290031,,,0.952576,0.515213,0,0,1,2035.071233
HD 147513_0,HD 147513,1.541,0.04,0.645,0.152,12.8923,1.07,1.000691,,,1.599572,0.389917,0,0,1,2035.072603
HD 147513_1,HD 147513,1.513,0.099,0.537,0.038,12.8923,1.07,1.000691,,,1.644875,0.5086,0,0,1,2035.072603
HD 147513_2,HD 147513,4.633,0.075,1.379,7.403,12.8923,1.07,1.000691,,,4.331047,0.391914,0,0,1,2035.072603
HD 147513_4,HD 147513,0.196,0.111,0.74,0.096,12.8923,1.07,1.000691,,,0.176596,0.207639,0,0,1,2035.072603
HD 147513_5,HD 147513,4.52,0.075,0.624,0.254,12.8923,1.07,1.000691,,,4.666133,0.494371,0,0,1,2035.072603
HD 147513_6,HD 147513,1.743,0.075,1.796,2.912,12.8923,1.07,1.000691,,,1.612914,0.704278,0,0,1,2035.072603
HD 147513_7,HD 147513,2.47,0.028,0.667,0.174,12.8923,1.07,1.000691,,,2.40589,0.444889,0,0,1,2035.072603
HD 146233_0,HD 146233,0.356,0.047,2.679,8.19,14.1369,1.02,1.094208,,,0.34106,0.701148,0,0,1,2035.073973
HD 146233_1,HD 146233,0.206,0.044,2.032,3.376,14.1369,1.02,1.094208,,,0.203194,0.576302,0,0,1,2035.073973
HD 146233_4,HD 146233,0.539,0.141,1.433,3.682,14.1369,1.02,1.094208,,,0.537499,0.230886,0,0,1,2035.073973
HD 30495_0,HD 30495,1.934,0.08,0.989,1.288,13.24,1.04,0.966273,,,2.088439,0.857383,0,0,1,2035.075342
HD 30495_2,HD 30495,0.416,0.06,1.179,0.557,13.24,1.04,0.966273,,,0.396,0.552157,0,0,1,2035.075342
HD 30495_3,HD 30495,1.848,0.089,0.623,0.48,13.24,1.04,0.966273,,,1.761952,0.831189,0,0,1,2035.075342
HD 50692_0,HD 50692,3.95,0.04,2.831,10.297,17.4047,1.08,1.293302,,,4.002701,0.711382,0,0,1,2035.076712
HD 50692_1,HD 50692,0.28,0.064,0.734,0.092,17.4047,1.08,1.293302,,,0.264286,0.378899,0,0,1,2035.076712
HD 50692_2,HD 50692,0.513,0.081,1.798,3.652,17.4047,1.08,1.293302,,,0.550431,0.562615,0,0,1,2035.076712
HD 50692_3,HD 50692,0.925,0.032,2.849,9.197,17.4047,1.08,1.293302,,,0.906172,0.209462,0,0,1,2035.076712
HD 190360_0,HD 190360,0.922,0.17,1.79,3.759,16.0035,0.96,1.165467,,,1.044559,0.652025,0,0,1,2035.078082
HD 190360_1,HD 190360,3.764,0.081,1.071,1.582,16.0035,0.96,1.165467,,,3.613482,0.268162,0,0,1,2035.078082
HD 190360_3,HD 190360,3.632,0.139,2.733,10.267,16.0035,0.96,1.165467,,,3.952245,0.033792,0,0,1,2035.078082
HD 190360_4,HD 190360,1.735,0.021,0.534,0.045,16.0035,0.96,1.165467,,,1.769266,0.271423,0,0,1,2035.078082
HD 190360_5,HD 190360,0.581,0.08,1.934,2.88,16.0035,0.96,1.165467,,,0.567896,0.040175,0,0,1,2035.078082
HD 136352_0,HD 136352,1.127,0.083,0.501,0.05,14.7391,1.02,1.028964,,,1.219195,0.533849,0,0,1,2035.080822
HD 136352_2,HD 136352,0.995,0.082,1.549,3.519,14.7391,1.02,1.028964,,,0.921376,0.708496,0,0,1,2035.080822
HD 136352_3,HD 136352,3.774,0.069,2.041,4.78,14.7391,1.02,1.028964,,,3.83155,0.421165,0,0,1,2035.080822
HD 136352_4,HD 136352,1.831,0.068,0.826,0.342,14.7391,1.02,1.028964,,,1.939479,0.155661,0,0,1,2035.080822
HD 128621_0,HD 128621,0.181,0.076,0.591,0.281,1.3319,0.94,0.503037,,,0.1684,0.018561,0,0,1,2035.082192
HD 128621_1,HD 128621,3.969,0.152,0.756,0.624,1.3319,0.94,0.503037,,,3.714813,0.306981,0,0,1,2035.082192
HD 128621_3,HD 128621,4.377,0.084,0.667,0.424,1.3319,0.94,0.503037,,,4.649107,0.014281,0,0,1,2035.082192
HD 128621_4,HD 128621,1.135,0.055,1.179,1.502,1.3319,0.94,0.503037,,,1.171918,0.283284,0,0,1,2035.082192
HD 101501_3,HD 101501,0.112,0.069,1.262,2.497,9.5762,0.94,0.608976,,,0.118979,0.527311,0,0,1,2035.083562
HD 101501_7,HD 101501,0.888,0.054,0.887,0.333,9.5762,0.94,0.608976,,,0.935095,0.021058,0,0,1,2035.083562
HD 20766_0,HD 20766,1.336,0.161,1.674,3.092,12.0447,1.01,0.794328,,,1.354492,0.128728,0,0,1,2035.084932
HD 20766_1,HD 20766,0.327,0.097,2.659,6.922,12.0447,1.01,0.794328,,,0.314704,0.313627,0,0,1,2035.084932
HD 20766_4,HD 20766,1.915,0.031,0.912,0.441,12.0447,1.01,0.794328,,,1.877596,0.869119,0,0,1,2035.084932
HD 72905_1,HD 72905,0.661,0.069,0.5,0.051,14.4388,1.08,0.973195,,,0.61748,0.01016,0,0,1,2035.086301
HD 72905_3,HD 72905,0.899,0.099,2.776,19.234,14.4388,1.08,0.973195,,,0.82183,0.777943,0,0,1,2035.086301
HD 72905_4,HD 72905,0.923,0.214,1.407,2.24,14.4388,1.08,0.973195,,,0.837523,0.933415,0,0,1,2035.086301
HD 72905_5,HD 72905,3.175,0.086,0.525,0.068,14.4388,1.08,0.973195,,,2.973245,0.044585,0,0,1,2035.086301
HD 156274 A_3,HD 156274 A,4.433,0.138,1.608,3.519,8.7911,0.9,0.451648,,,4.856373,0.229612,0,0,1,2035.087671
HD 4391_0,HD 4391,0.363,0.182,1.471,1.692,15.0487,0.98,0.923422,,,0.427329,0.065244,0,0,1,2035.089041
HD 4391_1,HD 4391,1.544,0.114,0.614,0.159,15.0487,0.98,0.923422,,,1.590838,0.884921,0,0,1,2035.089041
HD 4391_2,HD 4391,0.361,0.058,0.863,0.256,15.0487,0.98,0.923422,,,0.362982,0.428974,0,0,1,2035.089041
HD 4391_3,HD 4391,0.102,0.064,0.942,1.344,15.0487,0.98,0.923422,,,0.095596,0.082802,0,0,1,2035.089041
HD 4391_4,HD 4391,0.526,0.038,2.712,11.881,15.0487,0.98,0.923422,,,0.531768,0.880126,0,0,1,2035.089041
HD 10780_0,HD 10780,0.841,0.11,1.077,1.181,10.0411,0.9,0.515941,,,0.764124,0.539091,0,0,1,2035.090411
HD 10780_3,HD 10780,2.25,0.098,1.348,1.367,10.0411,0.9,0.515941,,,2.190669,0.766001,0,0,1,2035.090411
HD 10780_4,HD 10780,2.669,0.102,2.513,12.001,10.0411,0.9,0.515941,,,2.418073,0.259259,0,0,1,2035.090411
HD 140538 A_0,HD 140538 A,2.088,0.047,0.685,0.069,14.7927,0.94,0.834065,,,2.151592,0.97951,0,0,1,2035.091781
HD 140538 A_1,HD 140538 A,0.512,0.053,2.798,18.338,14.7927,0.94,0.834065,,,0.539023,0.236768,0,0,1,2035.091781
HD 140538 A_2,HD 140538 A,4.137,0.053,0.916,0.304,14.7927,0.94,0.834065,,,4.109786,0.475588,0,0,1,2035.091781
HD 165341 A_0,HD 165341 A,3.482,0.036,1.359,2.775,5.1133,0.88,0.531741,,,3.424196,0.007561,0,0,1,2035.093151
HD 165341 A_2,HD 165341 A,0.277,0.022,2.947,13.11,5.1133,0.88,0.531741,,,0.27125,0.237888,0,0,1,2035.093151
HD 165341 A_3,HD 165341 A,0.642,0.027,1.615,1.833,5.1133,0.88,0.531741,0.094437,23.741628,0.659096,0.736909,1,1,1,2035.093151
HD 166_0,HD 166,1.592,0.09,1.08,2.182,13.7662,0.94,0.647292,,,1.709496,0.653787,0,0,1,2035.094521
HD 166_1,HD 166,0.635,0.021,0.515,0.062,13.7662,0.94,0.647292,,,0.629807,0.215634,0,0,1,2035.094521
HD 26965 A_1,HD 26965 A,0.482,0.058,1.38,2.403,5.0098,0.86,0.409732,,,0.508945,0.109486,0,0,1,2035.09589
HD 26965 A_2,HD 26965 A,0.345,0.049,0.5,0.06,5.0098,0.86,0.409732,,,0.3619,0.103952,0,0,1,2035.09589
HD 185144_1,HD 185144,0.747,0.07,0.5,0.019,5.7639,0.87,0.43411,,,0.721971,0.005372,0,0,1,2035.09726
HD 185144_3,HD 185144,0.688,0.135,2.317,4.389,5.7639,0.87,0.43411,0.11064,267.197201,0.649369,0.450212,1,1,1,2035.09726
HD 209100_0,HD 209100,2.433,0.127,0.524,0.078,3.6384,0.72,0.22182,,,2.229584,0.792618,0,0,1,2035.09863
HD 209100_1,HD 209100,1.218,0.094,0.54,0.224,3.6384,0.72,0.22182,,,1.194019,0.839077,0,0,1,2035.09863
HD 209100_2,HD 209100,0.989,0.073,1.925,7.679,3.6384,0.72,0.22182,,,1.061197,0.361756,0,0,1,2035.09863
HD 209100_4,HD 209100,3.542,0.022,2.632,11.464,3.6384,0.72,0.22182,,,3.497074,0.507982,0,0,1,2035.09863
HD 209100_5,HD 209100,0.635,0.076,0.931,0.965,3.6384,0.72,0.22182,,,0.650114,0.55652,0,0,1,2035.09863
HD 209100_6,HD 209100,1.701,0.082,0.885,1.719,3.6384,0.72,0.22182,,,1.723784,0.012407,0,0,1,2035.09863
HD 209100_8,HD 209100,2.097,0.099,2.488,10.973,3.6384,0.72,0.22182,,,1.900466,0.700276,0,0,1,2035.09863
HD 209100_9,HD 209100,0.782,0.071,2.297,6.298,3.6384,0.72,0.22182,0.221868,224.117165,0.803321,0.310476,1,1,1,2035.09863
HD 209100_10,HD 209100,0.182,0.056,2.026,7.17,3.6384,0.72,0.22182,,,0.182825,0.191702,0,0,1,2035.09863
HD 209100_11,HD 209100,0.917,0.107,1.174,2.417,3.6384,0.72,0.22182,,,0.87646,0.102771,0,0,1,2035.09863
HD 201091_1,HD 201091,1.051,0.108,0.699,0.293,3.4966,0.68,0.142364,,,1.164367,0.336567,0,0,1,2035.1
HD 201091_2,HD 201091,2.964,0.153,0.94,0.359,3.4966,0.68,0.142364,,,2.592114,0.007217,0,0,1,2035.1
HD 201091_4,HD 201091,2.241,0.067,3.013,8.159,3.4966,0.68,0.142364,,,2.370511,0.008451,0,0,1,2035.1
HD 155885_0,HD 155885,0.424,0.016,1.08,0.365,5.9478,0.85,0.332047,,,0.430303,0.815041,0,0,1,2035.10137
HD 155885_1,HD 155885,0.125,0.137,2.355,7.262,5.9478,0.85,0.332047,,,0.123686,0.7802,0,0,1,2035.10137
HD 155885_4,HD 155885,2.293,0.052,0.991,0.685,5.9478,0.85,0.332047,,,2.377334,0.790497,0,0,1,2035.10137
HD 155886_1,HD 155886,0.511,0.064,0.698,0.549,5.9523,0.85,0.327491,,,0.528535,0.2274,0,0,1,2035.10274
HD 155886_2,HD 155886,0.232,0.069,1.589,4.704,5.9523,0.85,0.327491,,,0.247151,0.923245,0,0,1,2035.10274
HD 155886_3,HD 155886,1.253,0.044,2.915,7.774,5.9523,0.85,0.327491,,,1.272906,0.175257,0,0,1,2035.10274
HD 155886_4,HD 155886,0.305,0.028,0.94,0.937,5.9523,0.85,0.327491,,,0.31349,0.270753,0,0,1,2035.10274
HD 155886_5,HD 155886,0.201,0.128,1.339,2.779,5.9523,0.85,0.327491,,,0.178332,0.36139,0,0,1,2035.10274
HD 155886_6,HD 155886,0.316,0.044,0.948,1.735,5.9523,0.85,0.327491,,,0.317066,0.245542,0,0,1,2035.10274
HD 155886_7,HD 155886,0.59,0.079,3.352,16.163,5.9523,0.85,0.327491,0.095519,276.706667,0.600212,0.537373,1,1,1,2035.10274
HD 155886_8,HD 155886,3.879,0.087,2.635,16.445,5.9523,0.85,0.327491,,,4.144625,0.199757,0,0,1,2035.10274
HD 10476_0,HD 10476,0.171,0.07,0.738,0.088,7.6439,0.85,0.453524,,,0.175439,0.913386,0,0,1,2035.10411
HD 201092_1,HD 201092,2.708,0.059,2.37,8.514,3.4964,0.63,0.077786,,,2.586761,0.410397,0,0,1,2035.105479
HD 165341 B_1,HD 165341 B,1.256,0.089,0.5,0.053,5.1225,0.78,0.164324,,,1.21782,0.071488,0,0,1,2035.106849
HD 165341 B_2,HD 165341 B,4.082,0.042,1.247,0.85,5.1225,0.78,0.164324,,,4.210083,0.025077,0,0,1,2035.106849
HD 165341 B_3,HD 165341 B,0.1,0.077,0.528,0.124,5.1225,0.78,0.164324,,,0.106237,0.315155,0,0,1,2035.106849
HD 165341 B_4,HD 165341 B,0.76,0.117,1.137,2.374,5.1225,0.78,0.164324,,,0.843917,0.001259,0,0,1,2035.106849
HD 131977_0,HD 131977,2.114,0.033,1.305,3.47,5.8864,0.72,0.222536,,,2.10288,0.659083,0,0,1,2035.108219
HD 219134_0,HD 219134,1.298,0.068,3.021,11.197,6.5418,0.75,0.265889,,,1.21931,0.036573,0,0,1,2035.109589
HD 219134_1,HD 219134,0.107,0.06,0.589,0.114,6.5418,0.75,0.265889,,,0.112613,0.164113,0,0,1,2035.109589
HD 219134_2,HD 219134,0.475,0.085,1.279,2.244,6.5418,0.75,0.265889,,,0.435847,0.059541,0,0,1,2035.109589
HD 219134_3,HD 219134,2.999,0.067,1.913,4.52,6.5418,0.75,0.265889,,,2.878712,0.217214,0,0,1,2035.109589
HD 219134_4,HD 219134,0.285,0.083,1.716,4.805,6.5418,0.75,0.265889,,,0.296657,0.358813,0,0,1,2035.109589
HD 219134_5,HD 219134,1.823,0.052,1.09,4.144,6.5418,0.75,0.265889,,,1.878512,0.782172,0,0,1,2035.109589
HD 219134_7,HD 219134,0.986,0.056,2.277,3.449,6.5418,0.75,0.265889,,,1.014415,0.107836,0,0,1,2035.109589
HD 88230_0,HD 88230,1.858,0.024,1.413,3.961,4.8706,0.63,0.102754,,,1.834611,0.765827,0,0,1,2035.110959
HD 88230_1,HD 88230,0.369,0.102,2.613,14.391,4.8706,0.63,0.102754,,,0.333597,0.825175,0,0,1,2035.110959
HD 88230_2,HD 88230,0.941,0.058,0.511,0.079,4.8706,0.63,0.102754,,,0.992436,0.789521,0,0,1,2035.110959
HD 88230_3,HD 88230,1.397,0.055,1.541,3.057,4.8706,0.63,0.102754,,,1.463878,0.730811,0,0,1,2035.110959
HD 88230_4,HD 88230,0.683,0.12,0.831,0.221,4.8706,0.63,0.102754,,,0.744164,0.005892,0,0,1,2035.110959
HD 88230_5,HD 88230,2.552,0.09,1.594,2.912,4.8706,0.63,0.102754,,,2.721641,0.625202,0,0,1,2035.110959
HD 88230_6,HD 88230,2.842,0.103,0.661,0.567,4.8706,0.63,0.102754,,,2.956326,0.024455,0,0,1,2035.110959
HD 4628_0,HD 4628,0.299,0.054,1.741,4.304,7.4352,0.78,0.300193,,,0.28466,0.29605,0,0,1,2035.112329
HD 4628_1,HD 4628,4.258,0.031,1.273,1.784,7.4352,0.78,0.300193,,,4.24406,0.02083,0,0,1,2035.112329
HD 4628_4,HD 4628,4.069,0.034,0.981,0.876,7.4352,0.78,0.300193,,,4.206696,0.286236,0,0,1,2035.112329
HD 4628_5,HD 4628,3.681,0.025,0.897,0.617,7.4352,0.78,0.300193,,,3.595787,0.329683,0,0,1,2035.112329
HD 4628_6,HD 4628,1.476,0.055,1.942,4.324,7.4352,0.78,0.300193,,,1.416446,0.17731,0,0,1,2035.112329
HD 192310_0,HD 192310,1.267,0.07,0.641,0.14,8.8116,0.77,0.404017,,,1.216677,0.016008,0,0,1,2035.113699
HD 192310_1,HD 192310,1.472,0.082,2.73,7.674,8.8116,0.77,0.404017,,,1.585884,0.101313,0,0,1,2035.113699
HD 192310_2,HD 192310,0.631,0.109,2.544,13.411,8.8116,0.77,0.404017,0.064634,69.922529,0.647609,0.583808,1,1,1,2035.113699
HD 192310_3,HD 192310,0.091,0.084,2.458,12.572,8.8116,0.77,0.404017,,,0.097305,0.767107,0,0,1,2035.113699
HD 10360_0,HD 10360,0.111,0.132,2.009,6.936,8.1894,0.78,0.345382,,,0.119747,0.245486,0,0,1,2035.115068
HD 10360_1,HD 10360,0.559,0.036,0.525,0.063,8.1894,0.78,0.345382,,,0.573158,0.951351,0,0,1,2035.115068
HD 10360_2,HD 10360,3.873,0.13,2.182,7.34,8.1894,0.78,0.345382,,,3.389219,0.252765,0,0,1,2035.115068
HD 10360_4,HD 10360,0.185,0.028,3.239,14.497,8.1894,0.78,0.345382,,,0.180663,0.696415,0,0,1,2035.115068
HD 10360_5,HD 10360,2.33,0.067,0.679,0.17,8.1894,0.78,0.345382,,,2.486108,0.468905,0,0,1,2035.115068
HD 156026_0,HD 156026,3.18,0.093,3.171,14.895,5.9537,0.68,0.157507,,,3.297668,0.393185,0,0,1,2035.116438
HD 156026_1,HD 156026,0.564,0.081,0.509,0.042,5.9537,0.68,0.157507,,,0.608131,0.145119,0,0,1,2035.116438
HD 156026_2,HD 156026,0.423,0.044,0.607,0.379,5.9537,0.68,0.157507,,,0.414256,0.374458,0,0,1,2035.116438
HD 156026_3,HD 156026,1.001,0.06,2.318,7.224,5.9537,0.68,0.157507,0.152706,64.626047,1.02606,0.61042,1,1,1,2035.116438
HD 156026_5,HD 156026,1.693,0.124,2.972,9.407,5.9537,0.68,0.157507,,,1.857965,0.482395,0,0,1,2035.116438
HD 149661_2,HD 149661,2.991,0.073,1.285,2.935,9.8939,0.87,0.462168,,,3.134611,0.424946,0,0,1,2035.117808
HD 149661_3,HD 149661,2.364,0.065,0.7,0.315,9.8939,0.87,0.462168,,,2.379681,0.054531,0,0,1,2035.117808
HD 149661_5,HD 149661,3.155,0.051,2.936,7.428,9.8939,0.87,0.462168,,,3.001196,0.533608,0,0,1,2035.117808
HD 10361_1,HD 10361,0.761,0.025,1.303,2.715,8.1965,0.77,0.303879,,,0.756265,0.304745,0,0,1,2035.119178
HD 10361_2,HD 10361,0.985,0.066,0.785,0.596,8.1965,0.77,0.303879,,,0.97254,0.206972,0,0,1,2035.119178
HD 10361_3,HD 10361,1.525,0.07,0.586,0.784,8.1965,0.77,0.303879,,,1.618939,0.639432,0,0,1,2035.119178
HD 10361_4,HD 10361,4.037,0.084,0.501,0.084,8.1965,0.77,0.303879,,,3.918538,0.483836,0,0,1,2035.119178
HD 3651 A_0,HD 3651 A,0.818,0.09,1.086,0.195,11.1081,0.86,0.531986,,,0.744387,0.351286,0,0,1,2035.120548
HD 3651 A_3,HD 3651 A,0.106,0.12,3.284,8.237,11.1081,0.86,0.531986,,,0.094771,0.250235,0,0,1,2035.120548
HD 3651 A_5,HD 3651 A,0.552,0.025,0.534,0.148,11.1081,0.86,0.531986,,,0.550571,0.935505,0,0,1,2035.120548
HD 100623 A_0,HD 100623 A,4.014,0.105,2.503,8.448,9.559,0.88,0.369999,,,4.307001,0.565168,0,0,1,2035.121918
HD 100623 A_2,HD 100623 A,0.102,0.086,0.559,0.245,9.559,0.88,0.369999,,,0.109265,0.641995,0,0,1,2035.121918
HD 100623 A_3,HD 100623 A,4.384,0.075,1.441,2.214,9.559,0.88,0.369999,,,4.678628,0.904892,0,0,1,2035.121918
HD 100623 A_4,HD 100623 A,2.524,0.072,0.66,0.613,9.559,0.88,0.369999,,,2.464816,0.126831,0,0,1,2035.121918
HD 100623 A_5,HD 100623 A,4.18,0.038,0.734,0.337,9.559,0.88,0.369999,,,4.164076,0.424875,0,0,1,2035.121918
HD 100623 A_6,HD 100623 A,0.362,0.165,0.555,0.359,9.559,0.88,0.369999,,,0.411036,0.03404,0,0,1,2035.121918
HD 100623 A_7,HD 100623 A,4.073,0.068,1.365,1.972,9.559,0.88,0.369999,,,3.813154,0.021307,0,0,1,2035.121918
HD 216803_1,HD 216803,3.539,0.087,2.035,5.879,7.6015,0.72,0.196336,,,3.81158,0.536607,0,0,1,2035.123288
HD 216803_3,HD 216803,0.104,0.044,0.893,0.284,7.6015,0.72,0.196336,,,0.099455,0.520441,0,0,1,2035.123288
HD 216803_4,HD 216803,2.738,0.038,2.631,12.08,7.6015,0.72,0.196336,,,2.789353,0.932502,0,0,1,2035.123288
HD 216803_5,HD 216803,0.109,0.06,0.686,0.431,7.6015,0.72,0.196336,,,0.110552,0.621612,0,0,1,2035.123288
HD 216803_6,HD 216803,0.431,0.071,1.431,2.693,7.6015,0.72,0.196336,,,0.441505,0.094353,0,0,1,2035.123288
HD 32147_1,HD 32147,0.121,0.122,1.044,1.526,8.844,0.75,0.290202,,,0.106532,0.231643,0,0,1,2035.124658
HD 32147_2,HD 32147,3.272,0.062,1.942,2.786,8.844,0.75,0.290202,,,3.474063,0.464863,0,0,1,2035.124658
HD 17925_0,HD 17925,1.472,0.037,0.676,0.068,10.3605,0.82,0.400959,,,1.523012,0.14823,0,0,1,2035.126027
HD 17925_2,HD 17925,0.735,0.099,0.938,0.945,10.3605,0.82,0.400959,,,0.71268,0.017545,0,0,1,2035.126027
HD 17925_3,HD 17925,0.561,0.086,1.065,2.041,10.3605,0.82,0.400959,,,0.560594,0.121727,0,0,1,2035.126027
HD 17925_4,HD 17925,0.848,0.062,1.424,1.901,10.3605,0.82,0.400959,,,0.868192,0.096012,0,0,1,2035.126027
HD 17925_6,HD 17925,3.618,0.076,0.719,0.216,10.3605,0.82,0.400959,,,3.627523,0.367098,0,0,1,2035.126027
HD 37394_0,HD 37394,1.839,0.051,0.552,0.164,12.2701,0.88,0.477639,,,1.888596,0.792537,0,0,1,2035.128767
HD 37394_1,HD 37394,0.501,0.058,1.934,5.969,12.2701,0.88,0.477639,,,0.472006,0.04313,0,0,1,2035.128767
HD 37394_3,HD 37394,1.245,0.044,1.502,2.038,12.2701,0.88,0.477639,,,1.244742,0.268606,0,0,1,2035.128767
HD 37394_5,HD 37394,0.152,0.102,1.111,1.488,12.2701,0.88,0.477639,,,0.141133,0.068239,0,0,1,2035.128767
HD 37394_9,HD 37394,0.863,0.077,0.726,0.552,12.2701,0.88,0.477639,,,0.815437,0.480744,0,0,1,2035.128767
HD 37394_10,HD 37394,0.093,0.059,3.205,15.21,12.2701,0.88,0.477639,,,0.092481,0.991588,0,0,1,2035.128767
HD 37394_11,HD 37394,1.171,0.065,2.415,5.91,12.2701,0.88,0.477639,,,1.229684,0.24322,0,0,1,2035.128767
HD 37394_15,HD 37394,0.222,0.142,1.093,0.563,12.2701,0.88,0.477639,,,0.247354,0.573406,0,0,1,2035.128767
HD 37394_16,HD 37394,2.623,0.055,2.621,9.008,12.2701,0.88,0.477639,,,2.561925,0.433134,0,0,1,2035.128767
HD 95735_0,HD 95735,0.673,0.041,0.901,1.876,2.5461,0.44,0.019934,,,0.686651,0.280467,0,0,1,2035.130137
HD 95735_2,HD 95735,0.392,0.078,0.638,0.252,2.5461,0.44,0.019934,0.113271,260.545927,0.419396,0.764037,1,1,1,2035.130137
HD 95735_3,HD 95735,0.164,0.146,0.847,1.655,2.5461,0.44,0.019934,0.066253,261.224511,0.164691,0.333092,1,1,1,2035.130137
HD 95735_4,HD 95735,2.481,0.023,1.454,2.402,2.5461,0.44,0.019934,,,2.506108,0.744652,0,0,1,2035.130137
HD 95735_6,HD 95735,0.163,0.047,1.008,2.764,2.5461,0.44,0.019934,,,0.156628,0.603598,0,0,1,2035.130137
HD 217987_0,HD 217987,3.278,0.032,3.1,17.272,3.2871,0.49,0.036492,,,3.265909,0.194188,0,0,1,2035.131507
HD 217987_1,HD 217987,0.104,0.158,2.049,6.333,3.2871,0.49,0.036492,,,0.088789,0.384714,0,0,1,2035.131507
HD 202560_0,HD 202560,0.846,0.075,1.59,2.013,3.9696,0.59,0.083004,0.07903,84.639601,0.805077,0.929886,1,1,1,2035.132877
HD 202560_1,HD 202560,0.552,0.052,0.674,0.125,3.9696,0.59,0.083004,,,0.523306,0.250674,0,0,1,2035.132877
HD 202560_3,HD 202560,0.867,0.117,1.589,3.604,3.9696,0.59,0.083004,,,0.96222,0.455485,0,0,1,2035.132877
HD 202560_4,HD 202560,2.302,0.14,0.558,0.251,3.9696,0.59,0.083004,,,2.24723,0.113398,0,0,1,2035.132877
HD 202560_5,HD 202560,3.244,0.082,0.847,0.372,3.9696,0.59,0.083004,,,3.466841,0.07822,0,0,1,2035.132877
HD 202560_6,HD 202560,0.414,0.085,0.785,0.225,3.9696,0.59,0.083004,,,0.44818,0.329702,0,0,1,2035.132877
HD 201092_1,HD 201092,2.708,0.059,2.37,8.514,3.4964,0.63,0.077786,,,2.580047,0.385503,0,0,2,2035.162773
HD 217987_0,HD 217987,3.278,0.032,3.1,17.272,3.2871,0.49,0.036492,,,3.268767,0.193037,0,0,2,2035.168333
HD 217987_1,HD 217987,0.104,0.158,2.049,6.333,3.2871,0.49,0.036492,,,0.099386,0.058532,0,0,2,2035.168333
HD 95735_0,HD 95735,0.673,0.041,0.901,1.876,2.5461,0.44,0.019934,,,0.694446,0.142795,0,0,2,2035.180857
HD 95735_2,HD 95735,0.392,0.078,0.638,0.252,2.5461,0.44,0.019934,,,0.400727,0.989331,0,1,2,2035.180857
HD 95735_3,HD 95735,0.164,0.146,0.847,1.655,2.5461,0.44,0.019934,0.070725,107.07011,0.169095,0.203187,1,2,2,2035.180857
HD 95735_4,HD 95735,2.481,0.023,1.454,2.402,2.5461,0.44,0.019934,,,2.503328,0.716281,0,0,2,2035.180857
HD 95735_6,HD 95735,0.163,0.047,1.008,2.764,2.5461,0.44,0.019934,,,0.169851,0.069832,0,0,2,2035.180857
HD 88230_0,HD 88230,1.858,0.024,1.413,3.961,4.8706,0.63,0.102754,,,1.840215,0.76849,0,0,2,2035.182227
HD 88230_1,HD 88230,0.369,0.102,2.613,14.391,4.8706,0.63,0.102754,0.070658,124.020536,0.361513,0.443029,1,1,2,2035.182227
HD 88230_2,HD 88230,0.941,0.058,0.511,0.079,4.8706,0.63,0.102754,,,0.982323,0.918064,0,0,2,2035.182227
HD 88230_3,HD 88230,1.397,0.055,1.541,3.057,4.8706,0.63,0.102754,,,1.454728,0.697057,0,0,2,2035.182227
HD 88230_4,HD 88230,0.683,0.12,0.831,0.221,4.8706,0.63,0.102754,,,0.703202,0.067365,0,0,2,2035.182227
HD 88230_5,HD 88230,2.552,0.09,1.594,2.912,4.8706,0.63,0.102754,,,2.708399,0.601828,0,0,2,2035.182227
HD 88230_6,HD 88230,2.842,0.103,0.661,0.567,4.8706,0.63,0.102754,,,2.975172,0.021552,0,0,2,2035.182227
HD 201091_1,HD 201091,1.051,0.108,0.699,0.293,3.4966,0.68,0.142364,,,1.158487,0.402648,0,0,2,2035.186775
HD 201091_2,HD 201091,2.964,0.153,0.94,0.359,3.4966,0.68,0.142364,,,2.567796,0.011049,0,0,2,2035.186775
HD 201091_4,HD 201091,2.241,0.067,3.013,8.159,3.4966,0.68,0.142364,,,2.35985,0.01007,0,0,2,2035.186775
HD 165341 B_1,HD 165341 B,1.256,0.089,0.5,0.053,5.1225,0.78,0.164324,,,1.257389,0.05278,0,0,2,2035.197075
HD 165341 B_2,HD 165341 B,4.082,0.042,1.247,0.85,5.1225,0.78,0.164324,,,4.21656,0.029312,0,0,2,2035.197075
HD 165341 B_3,HD 165341 B,0.1,0.077,0.528,0.124,5.1225,0.78,0.164324,,,0.094443,0.441295,0,0,2,2035.197075
HD 165341 B_4,HD 165341 B,0.76,0.117,1.137,2.374,5.1225,0.78,0.164324,,,0.805685,0.015099,0,0,2,2035.197075
HD 217987_0,HD 217987,3.278,0.032,3.1,17.272,3.2871,0.49,0.036492,,,3.271629,0.191975,0,0,3,2035.205159
HD 217987_1,HD 217987,0.104,0.158,2.049,6.333,3.2871,0.49,0.036492,,,0.118632,0.271868,0,0,3,2035.205159
HD 201092_1,HD 201092,2.708,0.059,2.37,8.514,3.4964,0.63,0.077786,,,2.573896,0.360812,0,0,3,2035.220067
HD 131977_0,HD 131977,2.114,0.033,1.305,3.47,5.8864,0.72,0.222536,,,2.117129,0.63931,0,0,2,2035.226111
HD 216803_1,HD 216803,3.539,0.087,2.035,5.879,7.6015,0.72,0.196336,,,3.799276,0.525009,0,0,2,2035.230609
HD 216803_3,HD 216803,0.104,0.044,0.893,0.284,7.6015,0.72,0.196336,,,0.106468,0.019506,0,0,2,2035.230609
HD 216803_4,HD 216803,2.738,0.038,2.631,12.08,7.6015,0.72,0.196336,,,2.800128,0.887715,0,0,2,2035.230609
HD 216803_5,HD 216803,0.109,0.06,0.686,0.431,7.6015,0.72,0.196336,,,0.110455,0.147025,0,0,2,2035.230609
HD 216803_6,HD 216803,0.431,0.071,1.431,2.693,7.6015,0.72,0.196336,,,0.45455,0.469544,0,0,2,2035.230609
HD 219134_0,HD 219134,1.298,0.068,3.021,11.197,6.5418,0.75,0.265889,,,1.209845,0.070904,0,0,2,2035.241596
HD 219134_1,HD 219134,0.107,0.06,0.589,0.114,6.5418,0.75,0.265889,,,0.108764,0.823114,0,0,2,2035.241596
HD 219134_2,HD 219134,0.475,0.085,1.279,2.244,6.5418,0.75,0.265889,0.063439,3.112661,0.506678,0.682023,1,1,2,2035.241596
HD 219134_3,HD 219134,2.999,0.067,1.913,4.52,6.5418,0.75,0.265889,,,2.90296,0.277029,0,0,2,2035.241596
HD 219134_4,HD 219134,0.285,0.083,1.716,4.805,6.5418,0.75,0.265889,,,0.306697,0.395377,0,0,2,2035.241596
HD 219134_5,HD 219134,1.823,0.052,1.09,4.144,6.5418,0.75,0.265889,,,1.85467,0.764335,0,0,2,2035.241596
HD 219134_7,HD 219134,0.986,0.056,2.277,3.449,6.5418,0.75,0.265889,,,0.975802,0.12903,0,0,2,2035.241596
HD 217987_0,HD 217987,3.278,0.032,3.1,17.272,3.2871,0.49,0.036492,,,3.274569,0.190977,0,0,4,2035.242966
HD 217987_1,HD 217987,0.104,0.158,2.049,6.333,3.2871,0.49,0.036492,,,0.116679,0.614912,0,0,4,2035.242966
HD 10700_0,HD 10700,1.625,0.099,0.563,0.087,3.6522,0.94,0.505708,,,1.751211,0.369657,0,0,2,2035.247133
HD 155885_0,HD 155885,0.424,0.016,1.08,0.365,5.9478,0.85,0.332047,,,0.417582,0.035563,0,0,2,2035.248503
HD 155885_1,HD 155885,0.125,0.137,2.355,7.262,5.9478,0.85,0.332047,,,0.130493,0.898524,0,0,2,2035.248503
HD 155885_4,HD 155885,2.293,0.052,0.991,0.685,5.9478,0.85,0.332047,,,2.394697,0.73494,0,0,2,2035.248503
HD 202560_0,HD 202560,0.846,0.075,1.59,2.013,3.9696,0.59,0.083004,0.113836,332.515625,0.782834,0.839385,1,2,2,2035.249873
HD 202560_1,HD 202560,0.552,0.052,0.674,0.125,3.9696,0.59,0.083004,,,0.547203,0.347782,0,0,2,2035.249873
HD 202560_3,HD 202560,0.867,0.117,1.589,3.604,3.9696,0.59,0.083004,,,0.964619,0.489933,0,0,2,2035.249873
HD 202560_4,HD 202560,2.302,0.14,0.558,0.251,3.9696,0.59,0.083004,,,2.195016,0.111531,0,0,2,2035.249873
HD 202560_5,HD 202560,3.244,0.082,0.847,0.372,3.9696,0.59,0.083004,,,3.479028,0.07974,0,0,2,2035.249873
HD 202560_6,HD 202560,0.414,0.085,0.785,0.225,3.9696,0.59,0.083004,,,0.390128,0.201189,0,0,2,2035.249873
HD 4628_0,HD 4628,0.299,0.054,1.741,4.304,7.4352,0.78,0.300193,,,0.291142,0.000107,0,0,2,2035.254105
HD 4628_1,HD 4628,4.258,0.031,1.273,1.784,7.4352,0.78,0.300193,,,4.232323,0.014541,0,0,2,2035.254105
HD 4628_4,HD 4628,4.069,0.034,0.981,0.876,7.4352,0.78,0.300193,,,4.204863,0.284988,0,0,2,2035.254105
HD 4628_5,HD 4628,3.681,0.025,0.897,0.617,7.4352,0.78,0.300193,,,3.592385,0.274433,0,0,2,2035.254105
HD 4628_6,HD 4628,1.476,0.055,1.942,4.324,7.4352,0.78,0.300193,,,1.446576,0.382666,0,0,2,2035.254105
HD 10361_1,HD 10361,0.761,0.025,1.303,2.715,8.1965,0.77,0.303879,,,0.742071,0.022877,0,0,2,2035.263184
HD 10361_2,HD 10361,0.985,0.066,0.785,0.596,8.1965,0.77,0.303879,,,0.929059,0.623206,0,0,2,2035.263184
HD 10361_3,HD 10361,1.525,0.07,0.586,0.784,8.1965,0.77,0.303879,,,1.631223,0.56954,0,0,2,2035.263184
HD 10361_4,HD 10361,4.037,0.084,0.501,0.084,8.1965,0.77,0.303879,,,3.950991,0.426135,0,0,2,2035.263184
HD 32147_1,HD 32147,0.121,0.122,1.044,1.526,8.844,0.75,0.290202,,,0.109224,0.460922,0,0,2,2035.265617
HD 32147_2,HD 32147,3.272,0.062,1.942,2.786,8.844,0.75,0.290202,,,3.470365,0.518115,0,0,2,2035.265617
HD 26965 A_1,HD 26965 A,0.482,0.058,1.38,2.403,5.0098,0.86,0.409732,0.072445,297.877704,0.454277,0.651994,1,1,2,2035.266987
HD 26965 A_2,HD 26965 A,0.345,0.049,0.5,0.06,5.0098,0.86,0.409732,,,0.349859,0.16805,0,0,2,2035.266987
HD 156274 A_3,HD 156274 A,4.433,0.138,1.608,3.519,8.7911,0.9,0.451648,,,4.900262,0.190701,0,0,2,2035.268357
HD 128621_0,HD 128621,0.181,0.076,0.591,0.281,1.3319,0.94,0.503037,0.1061,1.411524,0.189525,0.737821,1,1,2,2035.272404
HD 128621_1,HD 128621,3.969,0.152,0.756,0.624,1.3319,0.94,0.503037,,,3.802208,0.357189,0,0,2,2035.272404
HD 128621_3,HD 128621,4.377,0.084,0.667,0.424,1.3319,0.94,0.503037,,,4.676486,0.008456,0,0,2,2035.272404
HD 128621_4,HD 128621,1.135,0.055,1.179,1.502,1.3319,0.94,0.503037,,,1.19741,0.111737,0,0,2,2035.272404
HD 10360_0,HD 10360,0.111,0.132,2.009,6.936,8.1894,0.78,0.345382,,,0.100894,0.105843,0,0,2,2035.273773
HD 10360_1,HD 10360,0.559,0.036,0.525,0.063,8.1894,0.78,0.345382,,,0.565195,0.099898,0,0,2,2035.273773
HD 10360_2,HD 10360,3.873,0.13,2.182,7.34,8.1894,0.78,0.345382,,,3.411716,0.319164,0,0,2,2035.273773
HD 10360_4,HD 10360,0.185,0.028,3.239,14.497,8.1894,0.78,0.345382,,,0.18197,0.78991,0,0,2,2035.273773
HD 10360_5,HD 10360,2.33,0.067,0.679,0.17,8.1894,0.78,0.345382,,,2.481759,0.570014,0,0,2,2035.273773
HD 201091_1,HD 201091,1.051,0.108,0.699,0.293,3.4966,0.68,0.142364,,,1.136648,0.465315,0,0,3,2035.275143
HD 201091_2,HD 201091,2.964,0.153,0.94,0.359,3.4966,0.68,0.142364,,,2.547037,0.017712,0,0,3,2035.275143
HD 201091_4,HD 201091,2.241,0.067,3.013,8.159,3.4966,0.68,0.142364,,,2.34696,0.013968,0,0,3,2035.275143
HD 201092_1,HD 201092,2.708,0.059,2.37,8.514,3.4964,0.63,0.077786,,,2.568341,0.336484,0,0,4,2035.27736
HD 100623 A_0,HD 100623 A,4.014,0.105,2.503,8.448,9.559,0.88,0.369999,,,4.272793,0.509479,0,0,2,2035.27873
HD 100623 A_2,HD 100623 A,0.102,0.086,0.559,0.245,9.559,0.88,0.369999,,,0.09608,0.123542,0,0,2,2035.27873
HD 100623 A_3,HD 100623 A,4.384,0.075,1.441,2.214,9.559,0.88,0.369999,,,4.691054,0.930762,0,0,2,2035.27873
HD 100623 A_4,HD 100623 A,2.524,0.072,0.66,0.613,9.559,0.88,0.369999,,,2.506269,0.107326,0,0,2,2035.27873
HD 100623 A_5,HD 100623 A,4.18,0.038,0.734,0.337,9.559,0.88,0.369999,,,4.147011,0.466423,0,0,2,2035.27873
HD 100623 A_6,HD 100623 A,0.362,0.165,0.555,0.359,9.559,0.88,0.369999,,,0.384659,0.076322,0,0,2,2035.27873
HD 100623 A_7,HD 100623 A,4.073,0.068,1.365,1.972,9.559,0.88,0.369999,,,3.80353,0.036895,0,0,2,2035.27873
HD 217987_0,HD 217987,3.278,0.032,3.1,17.272,3.2871,0.49,0.036492,,,3.277457,0.190089,0,0,5,2035.2801
HD 217987_1,HD 217987,0.104,0.158,2.049,6.333,3.2871,0.49,0.036492,,,0.096079,0.641402,0,0,5,2035.2801
HD 20794_0,HD 20794,4.322,0.17,2.962,5.742,6.0414,0.97,0.654335,,,4.452101,0.024419,0,0,2,2035.286973
HD 20794_1,HD 20794,2.398,0.095,1.302,2.525,6.0414,0.97,0.654335,,,2.338591,0.05953,0,0,2,2035.286973
HD 165341 B_1,HD 165341 B,1.256,0.089,0.5,0.053,5.1225,0.78,0.164324,,,1.296035,0.057735,0,0,3,2035.288343
HD 165341 B_2,HD 165341 B,4.082,0.042,1.247,0.85,5.1225,0.78,0.164324,,,4.222631,0.034383,0,0,3,2035.288343
HD 165341 B_3,HD 165341 B,0.1,0.077,0.528,0.124,5.1225,0.78,0.164324,,,0.104945,0.21354,0,0,3,2035.288343
HD 165341 B_4,HD 165341 B,0.76,0.117,1.137,2.374,5.1225,0.78,0.164324,,,0.741377,0.170952,0,0,3,2035.288343
HD 10780_0,HD 10780,0.841,0.11,1.077,1.181,10.0411,0.9,0.515941,,,0.89244,0.136271,0,0,2,2035.289712
HD 10780_3,HD 10780,2.25,0.098,1.348,1.367,10.0411,0.9,0.515941,,,2.118269,0.56662,0,0,2,2035.289712
HD 10780_4,HD 10780,2.669,0.102,2.513,12.001,10.0411,0.9,0.515941,,,2.460195,0.193371,0,0,2,2035.289712
HD 10476_0,HD 10476,0.171,0.07,0.738,0.088,7.6439,0.85,0.453524,,,0.173432,0.050478,0,0,2,2035.291082
HD 17925_0,HD 17925,1.472,0.037,0.676,0.068,10.3605,0.82,0.400959,,,1.52568,0.112933,0,0,2,2035.297826
HD 17925_2,HD 17925,0.735,0.099,0.938,0.945,10.3605,0.82,0.400959,,,0.802346,0.535503,0,0,2,2035.297826
HD 17925_3,HD 17925,0.561,0.086,1.065,2.041,10.3605,0.82,0.400959,,,0.600496,0.882067,0,0,2,2035.297826
HD 17925_4,HD 17925,0.848,0.062,1.424,1.901,10.3605,0.82,0.400959,,,0.900569,0.603102,0,0,2,2035.297826
HD 17925_6,HD 17925,3.618,0.076,0.719,0.216,10.3605,0.82,0.400959,,,3.666023,0.316848,0,0,2,2035.297826
HD 95735_0,HD 95735,0.673,0.041,0.901,1.876,2.5461,0.44,0.019934,,,0.700121,0.010063,0,0,3,2035.300071
HD 95735_2,HD 95735,0.392,0.078,0.638,0.252,2.5461,0.44,0.019934,,,0.362443,0.074241,0,1,3,2035.300071
HD 95735_3,HD 95735,0.164,0.146,0.847,1.655,2.5461,0.44,0.019934,,,0.143058,0.484616,0,2,3,2035.300071
HD 95735_4,HD 95735,2.481,0.023,1.454,2.402,2.5461,0.44,0.019934,,,2.496542,0.646897,0,0,3,2035.300071
HD 95735_6,HD 95735,0.163,0.047,1.008,2.764,2.5461,0.44,0.019934,,,0.168525,0.007022,0,0,3,2035.300071
HD 101501_3,HD 101501,0.112,0.069,1.262,2.497,9.5762,0.94,0.608976,,,0.10477,0.494536,0,0,2,2035.303088
HD 101501_7,HD 101501,0.888,0.054,0.887,0.333,9.5762,0.94,0.608976,,,0.898769,0.585792,0,0,2,2035.303088
HD 149661_2,HD 149661,2.991,0.073,1.285,2.935,9.8939,0.87,0.462168,,,3.098513,0.353501,0,0,2,2035.304458
HD 149661_3,HD 149661,2.364,0.065,0.7,0.315,9.8939,0.87,0.462168,,,2.423603,0.022297,0,0,2,2035.304458
HD 149661_5,HD 149661,3.155,0.051,2.936,7.428,9.8939,0.87,0.462168,,,3.014024,0.420311,0,0,2,2035.304458
HD 217987_0,HD 217987,3.278,0.032,3.1,17.272,3.2871,0.49,0.036492,,,3.28032,0.189297,0,0,6,2035.316926
HD 217987_1,HD 217987,0.104,0.158,2.049,6.333,3.2871,0.49,0.036492,,,0.090683,0.08899,0,0,6,2035.316926
HD 88230_0,HD 88230,1.858,0.024,1.413,3.961,4.8706,0.63,0.102754,,,1.851753,0.74308,0,0,3,2035.318296
HD 88230_1,HD 88230,0.369,0.102,2.613,14.391,4.8706,0.63,0.102754,0.059572,320.272368,0.387369,0.06802,1,2,3,2035.318296
HD 88230_2,HD 88230,0.941,0.058,0.511,0.079,4.8706,0.63,0.102754,,,0.94835,0.896538,0,0,3,2035.318296
HD 88230_3,HD 88230,1.397,0.055,1.541,3.057,4.8706,0.63,0.102754,,,1.430587,0.588685,0,0,3,2035.318296
HD 88230_4,HD 88230,0.683,0.12,0.831,0.221,4.8706,0.63,0.102754,,,0.613795,0.635612,0,0,3,2035.318296
HD 88230_5,HD 88230,2.552,0.09,1.594,2.912,4.8706,0.63,0.102754,,,2.680057,0.552683,0,0,3,2035.318296
HD 88230_6,HD 88230,2.842,0.103,0.661,0.567,4.8706,0.63,0.102754,,,3.008921,0.018266,0,0,3,2035.318296
HD 37394_0,HD 37394,1.839,0.051,0.552,0.164,12.2701,0.88,0.477639,,,1.849621,0.561887,0,0,2,2035.319666
HD 37394_1,HD 37394,0.501,0.058,1.934,5.969,12.2701,0.88,0.477639,,,0.529943,0.771461,0,0,2,2035.319666
HD 37394_3,HD 37394,1.245,0.044,1.502,2.038,12.2701,0.88,0.477639,,,1.283993,0.6975,0,0,2,2035.319666
HD 37394_5,HD 37394,0.152,0.102,1.111,1.488,12.2701,0.88,0.477639,,,0.139106,0.099799,0,0,2,2035.319666
HD 37394_9,HD 37394,0.863,0.077,0.726,0.552,12.2701,0.88,0.477639,,,0.901387,0.049512,0,0,2,2035.319666
HD 37394_10,HD 37394,0.093,0.059,3.205,15.21,12.2701,0.88,0.477639,,,0.097738,0.13244,0,0,2,2035.319666
HD 37394_11,HD 37394,1.171,0.065,2.415,5.91,12.2701,0.88,0.477639,,,1.246292,0.359549,0,0,2,2035.319666
HD 37394_15,HD 37394,0.222,0.142,1.093,0.563,12.2701,0.88,0.477639,,,0.199106,0.250665,0,0,2,2035.319666
HD 37394_16,HD 37394,2.623,0.055,2.621,9.008,12.2701,0.88,0.477639,,,2.528952,0.29051,0,0,2,2035.319666
HD 166_0,HD 166,1.592,0.09,1.08,2.182,13.7662,0.94,0.647292,,,1.634266,0.31774,0,0,2,2035.324327
HD 166_1,HD 166,0.635,0.021,0.515,0.062,13.7662,0.94,0.647292,,,0.635934,0.587231,0,0,2,2035.324327
HD 3651 A_0,HD 3651 A,0.818,0.09,1.086,0.195,11.1081,0.86,0.531986,,,0.829953,0.756039,0,0,2,2035.327933
HD 3651 A_3,HD 3651 A,0.106,0.12,3.284,8.237,11.1081,0.86,0.531986,,,0.112959,0.584168,0,0,2,2035.327933
HD 3651 A_5,HD 3651 A,0.552,0.025,0.534,0.148,11.1081,0.86,0.531986,,,0.551449,0.006683,0,0,2,2035.327933
HD 201092_1,HD 201092,2.708,0.059,2.37,8.514,3.4964,0.63,0.077786,,,2.563414,0.312671,0,0,5,2035.334654
HD 102365_0,HD 102365,1.154,0.024,2.235,11.472,9.3195,1.02,0.843918,,,1.149327,0.139616,0,0,2,2035.336024
HD 102365_1,HD 102365,4.021,0.031,1.113,0.834,9.3195,1.02,0.843918,,,4.143249,0.047209,0,0,2,2035.336024
HD 102365_2,HD 102365,0.113,0.031,0.976,0.303,9.3195,1.02,0.843918,,,0.110699,0.049461,0,0,2,2035.336024
HD 216803_1,HD 216803,3.539,0.087,2.035,5.879,7.6015,0.72,0.196336,,,3.785258,0.512194,0,0,3,2035.33793
HD 216803_3,HD 216803,0.104,0.044,0.893,0.284,7.6015,0.72,0.196336,,,0.106778,0.459719,0,0,3,2035.33793
HD 216803_4,HD 216803,2.738,0.038,2.631,12.08,7.6015,0.72,0.196336,,,2.809919,0.83486,0,0,3,2035.33793
HD 216803_5,HD 216803,0.109,0.06,0.686,0.431,7.6015,0.72,0.196336,,,0.106101,0.511053,0,0,3,2035.33793
HD 216803_6,HD 216803,0.431,0.071,1.431,2.693,7.6015,0.72,0.196336,,,0.402896,0.487053,0,0,3,2035.33793
HD 202560_0,HD 202560,0.846,0.075,1.59,2.013,3.9696,0.59,0.083004,0.186883,315.693129,0.790427,0.512955,1,3,3,2035.339429
HD 202560_1,HD 202560,0.552,0.052,0.674,0.125,3.9696,0.59,0.083004,,,0.573905,0.400081,0,0,3,2035.339429
HD 202560_3,HD 202560,0.867,0.117,1.589,3.604,3.9696,0.59,0.083004,,,0.940404,0.477439,0,0,3,2035.339429
HD 202560_4,HD 202560,2.302,0.14,0.558,0.251,3.9696,0.59,0.083004,,,2.156228,0.113559,0,0,3,2035.339429
HD 202560_5,HD 202560,3.244,0.082,0.847,0.372,3.9696,0.59,0.083004,,,3.487047,0.081745,0,0,3,2035.339429
HD 202560_6,HD 202560,0.414,0.085,0.785,0.225,3.9696,0.59,0.083004,0.10005,69.419443,0.392871,0.410927,1,1,3,2035.339429
HD 20766_0,HD 20766,1.336,0.161,1.674,3.092,12.0447,1.01,0.794328,,,1.149308,0.430452,0,0,2,2035.34342
HD 20766_1,HD 20766,0.327,0.097,2.659,6.922,12.0447,1.01,0.794328,,,0.32355,0.181269,0,0,2,2035.34342
HD 20766_4,HD 20766,1.915,0.031,0.912,0.441,12.0447,1.01,0.794328,,,1.857586,0.556677,0,0,2,2035.34342
HD 131977_0,HD 131977,2.114,0.033,1.305,3.47,5.8864,0.72,0.222536,,,2.131247,0.604843,0,0,3,2035.344789
HD 217987_0,HD 217987,3.278,0.032,3.1,17.272,3.2871,0.49,0.036492,,,3.283178,0.188593,0,0,7,2035.353752
HD 217987_1,HD 217987,0.104,0.158,2.049,6.333,3.2871,0.49,0.036492,,,0.112716,0.147269,0,0,7,2035.353752
HD 201091_1,HD 201091,1.051,0.108,0.699,0.293,3.4966,0.68,0.142364,,,1.101753,0.512425,0,0,4,2035.361919
HD 201091_2,HD 201091,2.964,0.153,0.94,0.359,3.4966,0.68,0.142364,,,2.530934,0.027774,0,0,4,2035.361919
HD 201091_4,HD 201091,2.241,0.067,3.013,8.159,3.4966,0.68,0.142364,,,2.332474,0.020649,0,0,4,2035.361919
HD 140538 A_0,HD 140538 A,2.088,0.047,0.685,0.069,14.7927,0.94,0.834065,,,2.180979,0.86067,0,0,2,2035.369712
HD 140538 A_1,HD 140538 A,0.512,0.053,2.798,18.338,14.7927,0.94,0.834065,,,0.513531,0.945597,0,0,2,2035.369712
HD 140538 A_2,HD 140538 A,4.137,0.053,0.916,0.304,14.7927,0.94,0.834065,,,4.066352,0.585923,0,0,2,2035.369712
HD 30495_0,HD 30495,1.934,0.08,0.989,1.288,13.24,1.04,0.966273,,,2.05063,0.654009,0,0,2,2035.371082
HD 30495_2,HD 30495,0.416,0.06,1.179,0.557,13.24,1.04,0.966273,,,0.412922,0.148909,0,0,2,2035.371082
HD 30495_3,HD 30495,1.848,0.089,0.623,0.48,13.24,1.04,0.966273,,,1.883036,0.51206,0,0,2,2035.371082
HD 20807_0,HD 20807,0.337,0.072,1.793,3.234,12.0394,1.07,1.016951,,,0.312773,0.47475,0,0,2,2035.372452
HD 20807_1,HD 20807,1.546,0.069,0.954,0.846,12.0394,1.07,1.016951,,,1.544995,0.315308,0,0,2,2035.372452
HD 20807_2,HD 20807,2.979,0.055,2.038,8.298,12.0394,1.07,1.016951,,,3.067197,0.023743,0,0,2,2035.372452
HD 155886_1,HD 155886,0.511,0.064,0.698,0.549,5.9523,0.85,0.327491,,,0.531988,0.208305,0,0,2,2035.373822
HD 155886_2,HD 155886,0.232,0.069,1.589,4.704,5.9523,0.85,0.327491,,,0.239294,0.479112,0,0,2,2035.373822
HD 155886_3,HD 155886,1.253,0.044,2.915,7.774,5.9523,0.85,0.327491,,,1.307752,0.034122,0,0,2,2035.373822
HD 155886_4,HD 155886,0.305,0.028,0.94,0.937,5.9523,0.85,0.327491,,,0.29646,0.31765,0,0,2,2035.373822
HD 155886_5,HD 155886,0.201,0.128,1.339,2.779,5.9523,0.85,0.327491,,,0.190592,0.911459,0,0,2,2035.373822
HD 155886_6,HD 155886,0.316,0.044,0.948,1.735,5.9523,0.85,0.327491,,,0.308194,0.448722,0,0,2,2035.373822
HD 155886_7,HD 155886,0.59,0.079,3.352,16.163,5.9523,0.85,0.327491,0.091838,57.441782,0.601667,0.122951,1,2,2,2035.373822
HD 155886_8,HD 155886,3.879,0.087,2.635,16.445,5.9523,0.85,0.327491,,,4.099659,0.222261,0,0,2,2035.373822
HD 4614 A_0,HD 4614 A,4.718,0.051,1.358,3.151,5.0098,1.14,1.251988,,,4.942205,0.093505,0,0,2,2035.375191
HD 4614 A_1,HD 4614 A,0.651,0.133,0.728,0.235,5.0098,1.14,1.251988,,,0.593364,0.316327,0,0,2,2035.375191
HD 4614 A_2,HD 4614 A,2.584,0.017,1.361,2.842,5.0098,1.14,1.251988,,,2.625737,0.655512,0,0,2,2035.375191
HD 147513_0,HD 147513,1.541,0.04,0.645,0.152,12.8923,1.07,1.000691,,,1.588987,0.645858,0,0,2,2035.376561
HD 147513_1,HD 147513,1.513,0.099,0.537,0.038,12.8923,1.07,1.000691,,,1.646183,0.519602,0,0,2,2035.376561
HD 147513_2,HD 147513,4.633,0.075,1.379,7.403,12.8923,1.07,1.000691,,,4.301559,0.474271,0,0,2,2035.376561
HD 147513_4,HD 147513,0.196,0.111,0.74,0.096,12.8923,1.07,1.000691,,,0.206507,0.693748,0,0,2,2035.376561
HD 147513_5,HD 147513,4.52,0.075,0.624,0.254,12.8923,1.07,1.000691,,,4.602286,0.397848,0,0,2,2035.376561
HD 147513_6,HD 147513,1.743,0.075,1.796,2.912,12.8923,1.07,1.000691,,,1.654023,0.443608,0,0,2,2035.376561
HD 147513_7,HD 147513,2.47,0.028,0.667,0.174,12.8923,1.07,1.000691,,,2.401505,0.746625,0,0,2,2035.376561
HD 72905_1,HD 72905,0.661,0.069,0.5,0.051,14.4388,1.08,0.973195,,,0.697463,0.957957,0,0,2,2035.377931
HD 72905_3,HD 72905,0.899,0.099,2.776,19.234,14.4388,1.08,0.973195,,,0.923931,0.041269,0,0,2,2035.377931
HD 72905_4,HD 72905,0.923,0.214,1.407,2.24,14.4388,1.08,0.973195,,,1.120255,0.149103,0,0,2,2035.377931
HD 72905_5,HD 72905,3.175,0.086,0.525,0.068,14.4388,1.08,0.973195,,,3.049808,0.134236,0,0,2,2035.377931
HD 109358_0,HD 109358,0.599,0.064,0.661,0.193,8.4727,1.08,1.151065,,,0.613242,0.191391,0,0,2,2035.379301
HD 109358_1,HD 109358,0.313,0.024,1.946,4.835,8.4727,1.08,1.151065,,,0.30578,0.005476,0,0,2,2035.379301
HD 109358_3,HD 109358,0.172,0.066,1.409,1.609,8.4727,1.08,1.151065,,,0.181477,0.044314,0,0,2,2035.379301
HD 109358_4,HD 109358,1.488,0.078,0.58,0.237,8.4727,1.08,1.151065,,,1.545596,0.687371,0,0,2,2035.379301
HD 109358_5,HD 109358,3.968,0.05,3.285,25.806,8.4727,1.08,1.151065,,,3.974218,0.045108,0,0,2,2035.379301
HD 165341 B_1,HD 165341 B,1.256,0.089,0.5,0.053,5.1225,0.78,0.164324,,,1.329234,0.084235,0,0,4,2035.380671
HD 165341 B_2,HD 165341 B,4.082,0.042,1.247,0.85,5.1225,0.78,0.164324,,,4.228259,0.040374,0,0,4,2035.380671
HD 165341 B_3,HD 165341 B,0.1,0.077,0.528,0.124,5.1225,0.78,0.164324,,,0.098804,0.791496,0,0,4,2035.380671
HD 165341 B_4,HD 165341 B,0.76,0.117,1.137,2.374,5.1225,0.78,0.164324,0.115954,72.598395,0.683332,0.612775,1,1,4,2035.380671
HD 4391_0,HD 4391,0.363,0.182,1.471,1.692,15.0487,0.98,0.923422,,,0.324503,0.909057,0,0,2,2035.382832
HD 4391_1,HD 4391,1.544,0.114,0.614,0.159,15.0487,0.98,0.923422,,,1.429831,0.504588,0,0,2,2035.382832
HD 4391_2,HD 4391,0.361,0.058,0.863,0.256,15.0487,0.98,0.923422,,,0.378511,0.662195,0,0,2,2035.382832
HD 4391_3,HD 4391,0.102,0.064,0.942,1.344,15.0487,0.98,0.923422,,,0.097649,0.281591,0,0,2,2035.382832
HD 4391_4,HD 4391,0.526,0.038,2.712,11.881,15.0487,0.98,0.923422,,,0.545707,0.606524,0,0,2,2035.382832
HD 217987_0,HD 217987,3.278,0.032,3.1,17.272,3.2871,0.49,0.036492,,,3.286029,0.187978,0,0,8,2035.390578
HD 217987_1,HD 217987,0.104,0.158,2.049,6.333,3.2871,0.49,0.036492,,,0.119818,0.495254,0,0,8,2035.390578
HD 201092_1,HD 201092,2.708,0.059,2.37,8.514,3.4964,0.63,0.077786,,,2.559047,0.28897,0,0,6,2035.393317
HD 136352_0,HD 136352,1.127,0.083,0.501,0.05,14.7391,1.02,1.028964,,,1.143032,0.114857,0,0,2,2035.394687
HD 136352_2,HD 136352,0.995,0.082,1.549,3.519,14.7391,1.02,1.028964,,,1.003689,0.42225,0,0,2,2035.394687
HD 136352_3,HD 136352,3.774,0.069,2.041,4.78,14.7391,1.02,1.028964,,,3.761703,0.477351,0,0,2,2035.394687
HD 136352_4,HD 136352,1.831,0.068,0.826,0.342,14.7391,1.02,1.028964,,,1.866089,0.315031,0,0,2,2035.394687
HD 155885_0,HD 155885,0.424,0.016,1.08,0.365,5.9478,0.85,0.332047,,,0.43054,0.76013,0,0,3,2035.396057
HD 155885_1,HD 155885,0.125,0.137,2.355,7.262,5.9478,0.85,0.332047,,,0.136812,0.907546,0,0,3,2035.396057
HD 155885_4,HD 155885,2.293,0.052,0.991,0.685,5.9478,0.85,0.332047,,,2.406399,0.658267,0,0,3,2035.396057
HD 4628_0,HD 4628,0.299,0.054,1.741,4.304,7.4352,0.78,0.300193,,,0.311586,0.272094,0,0,3,2035.397427
HD 4628_1,HD 4628,4.258,0.031,1.273,1.784,7.4352,0.78,0.300193,,,4.220638,0.010025,0,0,3,2035.397427
HD 4628_4,HD 4628,4.069,0.034,0.981,0.876,7.4352,0.78,0.300193,,,4.201821,0.283993,0,0,3,2035.397427
HD 4628_5,HD 4628,3.681,0.025,0.897,0.617,7.4352,0.78,0.300193,,,3.590116,0.223199,0,0,3,2035.397427
HD 4628_6,HD 4628,1.476,0.055,1.942,4.324,7.4352,0.78,0.300193,,,1.482186,0.623716,0,0,3,2035.397427
HD 146233_0,HD 146233,0.356,0.047,2.679,8.19,14.1369,1.02,1.094208,,,0.36848,0.038021,0,0,2,2035.401032
HD 146233_1,HD 146233,0.206,0.044,2.032,3.376,14.1369,1.02,1.094208,,,0.208621,0.110206,0,0,2,2035.401032
HD 146233_4,HD 146233,0.539,0.141,1.433,3.682,14.1369,1.02,1.094208,,,0.469845,0.007362,0,0,2,2035.401032
HD 185144_1,HD 185144,0.747,0.07,0.5,0.019,5.7639,0.87,0.43411,,,0.790165,0.677273,0,0,2,2035.402402
HD 185144_3,HD 185144,0.688,0.135,2.317,4.389,5.7639,0.87,0.43411,0.123242,100.97192,0.745432,0.403641,1,2,2,2035.402402
HD 32147_1,HD 32147,0.121,0.122,1.044,1.526,8.844,0.75,0.290202,,,0.114031,0.694873,0,0,3,2035.406577
HD 32147_2,HD 32147,3.272,0.062,1.942,2.786,8.844,0.75,0.290202,,,3.4637,0.571145,0,0,3,2035.406577
HD 10361_1,HD 10361,0.761,0.025,1.303,2.715,8.1965,0.77,0.303879,,,0.75284,0.110173,0,0,3,2035.407947
HD 10361_2,HD 10361,0.985,0.066,0.785,0.596,8.1965,0.77,0.303879,,,0.923655,0.921109,0,0,3,2035.407947
HD 10361_3,HD 10361,1.525,0.07,0.586,0.784,8.1965,0.77,0.303879,,,1.627071,0.467938,0,0,3,2035.407947
HD 10361_4,HD 10361,4.037,0.084,0.501,0.084,8.1965,0.77,0.303879,,,3.984208,0.371121,0,0,3,2035.407947
HD 114710_0,HD 114710,1.415,0.117,0.681,0.147,9.1975,1.11,1.357063,,,1.372481,0.113649,0,0,2,2035.409317
HD 114710_1,HD 114710,0.314,0.116,0.63,1.142,9.1975,1.11,1.357063,,,0.281244,0.848597,0,0,2,2035.409317
HD 114710_2,HD 114710,2.258,0.018,0.683,0.173,9.1975,1.11,1.357063,,,2.22379,0.005486,0,0,2,2035.409317
HD 114710_4,HD 114710,0.861,0.053,0.898,0.439,9.1975,1.11,1.357063,,,0.905436,0.387055,0,0,2,2035.409317
HD 114710_5,HD 114710,0.124,0.109,3.108,17.681,9.1975,1.11,1.357063,,,0.111488,0.809626,0,0,2,2035.409317
HD 190248_1,HD 190248,1.11,0.055,1.408,3.629,6.0993,0.94,1.249971,,,1.059073,0.275922,0,0,2,2035.410701
HD 190248_2,HD 190248,3.754,0.072,1.017,1.24,6.0993,0.94,1.249971,,,4.018433,0.182213,0,0,2,2035.410701
HD 190248_3,HD 190248,1.406,0.139,0.51,0.568,6.0993,0.94,1.249971,,,1.569585,0.046648,0,0,2,2035.410701
HD 128620_0,HD 128620,1.567,0.074,0.945,0.738,1.3319,1.11,1.520898,,,1.573183,0.440908,0,0,2,2035.416411
HD 128620_1,HD 128620,1.266,0.016,1.198,6.221,1.3319,1.11,1.520898,,,1.283158,0.501061,0,0,2,2035.416411
HD 95735_0,HD 95735,0.673,0.041,0.901,1.876,2.5461,0.44,0.019934,,,0.686842,0.026586,0,0,4,2035.417781
HD 95735_2,HD 95735,0.392,0.078,0.638,0.252,2.5461,0.44,0.019934,,,0.412285,0.148931,0,1,4,2035.417781
HD 95735_3,HD 95735,0.164,0.146,0.847,1.655,2.5461,0.44,0.019934,,,0.146979,0.516314,0,2,4,2035.417781
HD 95735_4,HD 95735,2.481,0.023,1.454,2.402,2.5461,0.44,0.019934,,,2.48958,0.576072,0,0,4,2035.417781
HD 95735_6,HD 95735,0.163,0.047,1.008,2.764,2.5461,0.44,0.019934,0.061258,69.498097,0.160225,0.274169,1,1,4,2035.417781
HD 203608_0,HD 203608,2.203,0.092,1.79,3.488,9.2584,1.14,1.465548,,,2.112571,0.295639,0,0,2,2035.422153
HD 203608_1,HD 203608,2.342,0.1,0.502,0.104,9.2584,1.14,1.465548,,,2.39361,0.755279,0,0,2,2035.422153
HD 203608_2,HD 203608,2.74,0.062,1.086,1.189,9.2584,1.14,1.465548,,,2.77538,0.62373,0,0,2,2035.422153
HD 203608_5,HD 203608,4.293,0.038,0.929,0.698,9.2584,1.14,1.465548,,,4.396565,0.047646,0,0,2,2035.422153
HD 203608_6,HD 203608,0.526,0.072,0.985,0.486,9.2584,1.14,1.465548,,,0.492901,0.68595,0,0,2,2035.422153
HD 65907 A_0,HD 65907 A,0.584,0.099,0.585,0.122,16.1718,1.11,1.290031,,,0.591407,0.269579,0,0,2,2035.425956
HD 65907 A_1,HD 65907 A,1.316,0.075,0.982,3.131,16.1718,1.11,1.290031,,,1.308585,0.506989,0,0,2,2035.425956
HD 65907 A_2,HD 65907 A,1.009,0.058,1.202,5.136,16.1718,1.11,1.290031,,,1.039214,0.209146,0,0,2,2035.425956
HD 33262 A_0,HD 33262 A,4.098,0.155,0.949,0.422,11.6927,1.14,1.466223,,,4.67971,0.104301,0,0,2,2035.430505
HD 33262 A_1,HD 33262 A,3.3,0.062,1.368,1.583,11.6927,1.14,1.466223,,,3.387143,0.004515,0,0,2,2035.430505
HD 33262 A_2,HD 33262 A,3.337,0.087,0.965,0.502,11.6927,1.14,1.466223,,,3.584606,0.135593,0,0,2,2035.430505
HD 33262 A_4,HD 33262 A,1.015,0.091,2.255,9.306,11.6927,1.14,1.466223,,,1.106521,0.037729,0,0,2,2035.430505
HD 33262 A_5,HD 33262 A,0.358,0.206,1.487,2.029,11.6927,1.14,1.466223,,,0.39704,0.67087,0,0,2,2035.430505
HD 33262 A_6,HD 33262 A,0.874,0.139,0.646,0.257,11.6927,1.14,1.466223,,,0.938847,0.89877,0,0,2,2035.430505
HD 33262 A_8,HD 33262 A,0.199,0.101,2.893,13.631,11.6927,1.14,1.466223,,,0.202126,0.015292,0,0,2,2035.430505
HD 10360_0,HD 10360,0.111,0.132,2.009,6.936,8.1894,0.78,0.345382,,,0.101522,0.437182,0,0,3,2035.431875
HD 10360_1,HD 10360,0.559,0.036,0.525,0.063,8.1894,0.78,0.345382,,,0.539552,0.163076,0,0,3,2035.431875
HD 10360_2,HD 10360,3.873,0.13,2.182,7.34,8.1894,0.78,0.345382,,,3.441802,0.390253,0,0,3,2035.431875
HD 10360_4,HD 10360,0.185,0.028,3.239,14.497,8.1894,0.78,0.345382,,,0.189054,0.0835,0,0,3,2035.431875
HD 10360_5,HD 10360,2.33,0.067,0.679,0.17,8.1894,0.78,0.345382,,,2.469274,0.666423,0,0,3,2035.431875
HD 190360_0,HD 190360,0.922,0.17,1.79,3.759,16.0035,0.96,1.165467,,,0.766534,0.222671,0,0,2,2035.433245
HD 190360_1,HD 190360,3.764,0.081,1.071,1.582,16.0035,0.96,1.165467,,,3.701024,0.227151,0,0,2,2035.433245
HD 190360_3,HD 190360,3.632,0.139,2.733,10.267,16.0035,0.96,1.165467,,,4.049498,0.083372,0,0,2,2035.433245
HD 190360_4,HD 190360,1.735,0.021,0.534,0.045,16.0035,0.96,1.165467,,,1.765257,0.137147,0,0,2,2035.433245
HD 190360_5,HD 190360,0.581,0.08,1.934,2.88,16.0035,0.96,1.165467,,,0.620729,0.466582,0,0,2,2035.433245
HD 192310_0,HD 192310,1.267,0.07,0.641,0.14,8.8116,0.77,0.404017,,,1.183852,0.068044,0,0,2,2035.434615
HD 192310_1,HD 192310,1.472,0.082,2.73,7.674,8.8116,0.77,0.404017,,,1.50692,0.071839,0,0,2,2035.434615
HD 192310_2,HD 192310,0.631,0.109,2.544,13.411,8.8116,0.77,0.404017,0.061635,202.423256,0.654833,0.095379,1,2,2,2035.434615
HD 192310_3,HD 192310,0.091,0.084,2.458,12.572,8.8116,0.77,0.404017,,,0.083711,0.229314,0,0,2,2035.434615
HD 100623 A_0,HD 100623 A,4.014,0.105,2.503,8.448,9.559,0.88,0.369999,,,4.235161,0.453384,0,0,3,2035.435985
HD 100623 A_2,HD 100623 A,0.102,0.086,0.559,0.245,9.559,0.88,0.369999,,,0.108407,0.62089,0,0,3,2035.435985
HD 100623 A_3,HD 100623 A,4.384,0.075,1.441,2.214,9.559,0.88,0.369999,,,4.70076,0.950927,0,0,3,2035.435985
HD 100623 A_4,HD 100623 A,2.524,0.072,0.66,0.613,9.559,0.88,0.369999,,,2.548109,0.09807,0,0,3,2035.435985
HD 100623 A_5,HD 100623 A,4.18,0.038,0.734,0.337,9.559,0.88,0.369999,,,4.130222,0.508154,0,0,3,2035.435985
HD 100623 A_6,HD 100623 A,0.362,0.165,0.555,0.359,9.559,0.88,0.369999,,,0.304268,0.95705,0,0,3,2035.435985
HD 100623 A_7,HD 100623 A,4.073,0.068,1.365,1.972,9.559,0.88,0.369999,,,3.797781,0.058661,0,0,3,2035.435985
HD 50692_0,HD 50692,3.95,0.04,2.831,10.297,17.4047,1.08,1.293302,,,4.043669,0.566397,0,0,2,2035.437355
HD 50692_1,HD 50692,0.28,0.064,0.734,0.092,17.4047,1.08,1.293302,,,0.295048,0.259228,0,0,2,2035.437355
HD 50692_2,HD 50692,0.513,0.081,1.798,3.652,17.4047,1.08,1.293302,,,0.552182,0.515294,0,0,2,2035.437355
HD 50692_3,HD 50692,0.925,0.032,2.849,9.197,17.4047,1.08,1.293302,,,0.952793,0.176553,0,0,2,2035.437355
HD 10700_0,HD 10700,1.625,0.099,0.563,0.087,3.6522,0.94,0.505708,,,1.784021,0.272256,0,0,3,2035.438725
HD 216803_1,HD 216803,3.539,0.087,2.035,5.879,7.6015,0.72,0.196336,,,3.769592,0.498237,0,0,4,2035.445251
HD 216803_3,HD 216803,0.104,0.044,0.893,0.284,7.6015,0.72,0.196336,,,0.09952,0.672079,0,0,4,2035.445251
HD 216803_4,HD 216803,2.738,0.038,2.631,12.08,7.6015,0.72,0.196336,,,2.818592,0.775746,0,0,4,2035.445251
HD 216803_5,HD 216803,0.109,0.06,0.686,0.431,7.6015,0.72,0.196336,,,0.114114,0.269612,0,0,4,2035.445251
HD 216803_6,HD 216803,0.431,0.071,1.431,2.693,7.6015,0.72,0.196336,,,0.435444,0.088014,0,0,4,2035.445251
HD 55575_0,HD 55575,1.084,0.09,0.727,0.186,16.8518,1.14,1.462851,,,1.179901,0.768914,0,0,2,2035.447649
HD 55575_1,HD 55575,0.133,0.053,0.578,0.677,16.8518,1.14,1.462851,,,0.128139,0.19806,0,0,2,2035.447649
HD 156274 A_3,HD 156274 A,4.433,0.138,1.608,3.519,8.7911,0.9,0.451648,,,4.938711,0.156082,0,0,3,2035.449019
HD 90839_0,HD 90839,3.665,0.022,0.781,0.186,12.9452,1.18,1.605092,,,3.632053,0.001356,0,0,2,2035.450388
HD 90839_1,HD 90839,0.191,0.094,1.403,2.751,12.9452,1.18,1.605092,,,0.198662,0.063991,0,0,2,2035.450388
HD 90839_2,HD 90839,3.378,0.112,1.125,1.619,12.9452,1.18,1.605092,,,3.464499,0.723142,0,0,2,2035.450388
HD 90839_5,HD 90839,0.15,0.051,2.273,4.226,12.9452,1.18,1.605092,,,0.15667,0.615978,0,0,2,2035.450388
HD 201091_1,HD 201091,1.051,0.108,0.699,0.293,3.4966,0.68,0.142364,,,1.055875,0.532838,0,0,5,2035.451758
HD 201091_2,HD 201091,2.964,0.153,0.94,0.359,3.4966,0.68,0.142364,,,2.519034,0.042697,0,0,5,2035.451758
HD 201091_4,HD 201091,2.241,0.067,3.013,8.159,3.4966,0.68,0.142364,,,2.315779,0.031409,0,0,5,2035.451758
HD 86728 A_0,HD 86728 A,0.138,0.113,0.53,0.078,14.9263,1.0,1.377844,,,0.146818,0.71726,0,0,2,2035.453128
HD 86728 A_1,HD 86728 A,1.194,0.049,0.519,0.144,14.9263,1.0,1.377844,,,1.206185,0.376042,0,0,2,2035.453128
HD 86728 A_2,HD 86728 A,1.586,0.024,0.736,0.367,14.9263,1.0,1.377844,,,1.547948,0.298134,0,0,2,2035.453128
HD 86728 A_3,HD 86728 A,0.34,0.077,0.971,1.901,14.9263,1.0,1.377844,,,0.357122,0.113936,0,0,2,2035.453128
HD 86728 A_4,HD 86728 A,3.143,0.15,2.985,16.709,14.9263,1.0,1.377844,,,2.693607,0.632352,0,0,2,2035.453128
HD 86728 A_5,HD 86728 A,0.238,0.132,1.155,6.008,14.9263,1.0,1.377844,,,0.267726,0.189213,0,0,2,2035.453128
HD 86728 A_6,HD 86728 A,2.84,0.137,2.462,3.621,14.9263,1.0,1.377844,,,2.824744,0.743866,0,0,2,2035.453128
HD 201092_1,HD 201092,2.708,0.059,2.37,8.514,3.4964,0.63,0.077786,,,2.555252,0.265138,0,0,7,2035.454498
HD 115617_0,HD 115617,1.956,0.004,0.732,1.017,8.5344,0.97,0.825468,,,1.956255,0.162498,0,0,2,2035.455868
HD 115617_1,HD 115617,0.76,0.09,2.931,6.157,8.5344,0.97,0.825468,,,0.744472,0.09942,0,1,2,2035.455868
HD 115617_2,HD 115617,0.621,0.047,0.562,0.059,8.5344,0.97,0.825468,,,0.649873,0.751382,0,0,2,2035.455868
HD 115617_3,HD 115617,0.199,0.073,3.38,12.207,8.5344,0.97,0.825468,,,0.209839,0.620225,0,0,2,2035.455868
HD 115617_4,HD 115617,2.599,0.104,0.763,0.174,8.5344,0.97,0.825468,,,2.859353,0.843073,0,0,2,2035.455868
HD 115617_5,HD 115617,2.098,0.045,1.487,3.177,8.5344,0.97,0.825468,,,2.006073,0.574034,0,0,2,2035.455868
HD 115617_6,HD 115617,3.003,0.084,0.942,0.936,8.5344,0.97,0.825468,,,3.168867,0.01492,0,0,2,2035.455868
HD 165341 A_0,HD 165341 A,3.482,0.036,1.359,2.775,5.1133,0.88,0.531741,,,3.463972,0.001585,0,0,2,2035.458369
HD 165341 A_2,HD 165341 A,0.277,0.022,2.947,13.11,5.1133,0.88,0.531741,,,0.282159,0.8837,0,0,2,2035.458369
HD 165341 A_3,HD 165341 A,0.642,0.027,1.615,1.833,5.1133,0.88,0.531741,,,0.63118,0.002414,0,1,2,2035.458369
HD 131977_0,HD 131977,2.114,0.033,1.305,3.47,5.8864,0.72,0.222536,,,2.144475,0.559198,0,0,4,2035.462682
HD 95735_0,HD 95735,0.673,0.041,0.901,1.876,2.5461,0.44,0.019934,,,0.677629,0.081254,0,0,5,2035.465761
HD 95735_2,HD 95735,0.392,0.078,0.638,0.252,2.5461,0.44,0.019934,,,0.422472,0.483848,0,1,5,2035.465761
HD 95735_3,HD 95735,0.164,0.146,0.847,1.655,2.5461,0.44,0.019934,0.062771,158.0642,0.185208,0.130113,1,3,5,2035.465761
HD 95735_4,HD 95735,2.481,0.023,1.454,2.402,2.5461,0.44,0.019934,,,2.486692,0.546931,0,0,5,2035.465761
HD 95735_6,HD 95735,0.163,0.047,1.008,2.764,2.5461,0.44,0.019934,0.060029,249.175135,0.165713,0.325673,1,2,5,2035.465761
HD 95128_1,HD 95128,2.285,0.074,0.586,0.282,13.8875,1.07,1.576885,,,2.447129,0.124528,0,0,2,2035.469325
HD 95128_2,HD 95128,4.586,0.035,0.538,0.083,13.8875,1.07,1.576885,,,4.707022,0.01558,0,0,2,2035.469325
HD 95128_3,HD 95128,0.343,0.031,2.771,10.086,13.8875,1.07,1.576885,,,0.3534,0.034102,0,0,2,2035.469325
HD 95128_4,HD 95128,2.15,0.173,1.218,6.511,13.8875,1.07,1.576885,,,2.386408,0.015736,0,0,2,2035.469325
HD 95128_5,HD 95128,0.6,0.105,2.299,8.137,13.8875,1.07,1.576885,,,0.661892,0.557368,0,0,2,2035.469325
HD 95128_6,HD 95128,0.335,0.024,2.419,8.582,13.8875,1.07,1.576885,,,0.338463,0.07394,0,0,2,2035.469325
HD 95128_7,HD 95128,0.847,0.089,1.394,3.129,13.8875,1.07,1.576885,,,0.870459,0.714552,0,0,2,2035.469325
HD 95128_8,HD 95128,0.588,0.034,2.182,8.46,13.8875,1.07,1.576885,,,0.585892,0.777982,0,0,2,2035.469325
HD 17925_0,HD 17925,1.472,0.037,0.676,0.068,10.3605,0.82,0.400959,,,1.513558,0.121687,0,0,3,2035.470695
HD 17925_2,HD 17925,0.735,0.099,0.938,0.945,10.3605,0.82,0.400959,,,0.771275,0.979838,0,0,3,2035.470695
HD 17925_3,HD 17925,0.561,0.086,1.065,2.041,10.3605,0.82,0.400959,,,0.513315,0.076626,0,0,3,2035.470695
HD 17925_4,HD 17925,0.848,0.062,1.424,1.901,10.3605,0.82,0.400959,,,0.866198,0.956509,0,0,3,2035.470695
HD 17925_6,HD 17925,3.618,0.076,0.719,0.216,10.3605,0.82,0.400959,,,3.703418,0.270317,0,0,3,2035.470695
HD 53705_0,HD 53705,0.273,0.081,1.735,2.717,17.0593,1.04,1.489704,,,0.2668,0.583529,0,0,2,2035.472065
HD 53705_1,HD 53705,2.604,0.083,3.306,16.05,17.0593,1.04,1.489704,,,2.649559,0.145955,0,0,2,2035.472065
HD 53705_2,HD 53705,1.597,0.089,2.478,13.971,17.0593,1.04,1.489704,,,1.460475,0.001774,0,0,2,2035.472065
HD 53705_3,HD 53705,0.715,0.026,1.359,2.038,17.0593,1.04,1.489704,,,0.732645,0.585182,0,0,2,2035.472065
HD 53705_4,HD 53705,0.527,0.092,2.437,10.745,17.0593,1.04,1.489704,,,0.482413,0.71067,0,0,2,2035.472065
HD 10476_0,HD 10476,0.171,0.07,0.738,0.088,7.6439,0.85,0.453524,,,0.163398,0.576807,0,0,3,2035.476155
HD 39091_1,HD 39091,3.12,0.028,1.191,1.952,18.2874,1.08,1.533204,,,3.141874,0.06116,0,0,2,2035.477525
HD 39091_2,HD 39091,2.865,0.029,0.677,0.089,18.2874,1.08,1.533204,,,2.809354,0.051808,0,0,2,2035.477525
HD 39091_3,HD 39091,3.55,0.072,1.069,0.919,18.2874,1.08,1.533204,,,3.695665,0.631961,0,0,2,2035.477525
HD 39091_4,HD 39091,4.534,0.027,1.234,1.811,18.2874,1.08,1.533204,,,4.562673,0.538578,0,0,2,2035.477525
HD 39091_5,HD 39091,1.437,0.051,1.31,1.974,18.2874,1.08,1.533204,,,1.411598,0.452318,0,0,2,2035.477525
HD 39091_6,HD 39091,0.67,0.012,2.604,6.457,18.2874,1.08,1.533204,,,0.668073,0.701103,0,0,2,2035.477525
HD 219134_0,HD 219134,1.298,0.068,3.021,11.197,6.5418,0.75,0.265889,,,1.24928,0.327722,0,0,3,2035.481634
HD 219134_1,HD 219134,0.107,0.06,0.589,0.114,6.5418,0.75,0.265889,,,0.108727,0.8242,0,0,3,2035.481634
HD 219134_2,HD 219134,0.475,0.085,1.279,2.244,6.5418,0.75,0.265889,,,0.435012,0.053306,0,1,3,2035.481634
HD 219134_3,HD 219134,2.999,0.067,1.913,4.52,6.5418,0.75,0.265889,,,2.951106,0.398422,0,0,3,2035.481634
HD 219134_4,HD 219134,0.285,0.083,1.716,4.805,6.5418,0.75,0.265889,,,0.280508,0.305923,0,0,3,2035.481634
HD 219134_5,HD 219134,1.823,0.052,1.09,4.144,6.5418,0.75,0.265889,,,1.805285,0.628118,0,0,3,2035.481634
HD 219134_7,HD 219134,0.986,0.056,2.277,3.449,6.5418,0.75,0.265889,0.139841,121.175231,0.930784,0.425758,1,1,3,2035.481634
HD 34411_0,HD 34411,0.295,0.082,3.192,8.429,12.5625,1.08,1.731809,,,0.278691,0.382898,0,0,2,2035.484118
HD 34411_1,HD 34411,1.539,0.078,0.897,0.713,12.5625,1.08,1.731809,,,1.424339,0.71068,0,0,2,2035.484118
HD 34411_3,HD 34411,1.691,0.074,0.798,0.808,12.5625,1.08,1.731809,,,1.613953,0.815491,0,0,2,2035.484118
HD 131156 A_0,HD 131156 A,0.922,0.01,2.426,6.027,6.7536,0.96,0.553095,0.138263,59.4212,0.919472,0.310594,1,2,2,2035.485661
HD 131156 A_1,HD 131156 A,1.097,0.147,1.932,4.971,6.7536,0.96,0.553095,,,1.224809,0.37845,0,1,2,2035.485661
HD 10780_0,HD 10780,0.841,0.11,1.077,1.181,10.0411,0.9,0.515941,,,0.925685,0.111929,0,0,3,2035.487833
HD 10780_3,HD 10780,2.25,0.098,1.348,1.367,10.0411,0.9,0.515941,,,2.06242,0.351897,0,0,3,2035.487833
HD 10780_4,HD 10780,2.669,0.102,2.513,12.001,10.0411,0.9,0.515941,,,2.518983,0.147313,0,0,3,2035.487833
HD 149661_2,HD 149661,2.991,0.073,1.285,2.935,9.8939,0.87,0.462168,,,3.057728,0.28512,0,0,3,2035.49
HD 149661_3,HD 149661,2.364,0.065,0.7,0.315,9.8939,0.87,0.462168,,,2.461541,0.010227,0,0,3,2035.49
HD 149661_5,HD 149661,3.155,0.051,2.936,7.428,9.8939,0.87,0.462168,,,3.032507,0.316122,0,0,3,2035.49
HD 17051_0,HD 17051,1.593,0.055,0.8,0.166,17.3572,1.14,1.737401,,,1.658198,0.976448,0,0,2,2035.49137
HD 17051_1,HD 17051,2.146,0.107,1.035,0.971,17.3572,1.14,1.737401,,,2.375139,0.058644,0,0,2,2035.49137
HD 17051_2,HD 17051,4.311,0.108,1.302,2.591,17.3572,1.14,1.737401,,,4.211009,0.366213,0,0,2,2035.49137
HD 46588 A_0,HD 46588 A,1.961,0.092,1.375,5.123,18.2023,1.18,1.825997,,,2.003536,0.207306,0,0,2,2035.498518
HD 46588 A_2,HD 46588 A,0.149,0.051,1.651,3.767,18.2023,1.18,1.825997,,,0.142121,0.154945,0,0,2,2035.498518
HD 46588 A_4,HD 46588 A,0.634,0.042,1.252,1.899,18.2023,1.18,1.825997,,,0.623529,0.371655,0,0,2,2035.498518
HD 46588 A_5,HD 46588 A,0.119,0.052,0.593,0.101,18.2023,1.18,1.825997,,,0.113381,0.309072,0,0,2,2035.498518
HD 46588 A_6,HD 46588 A,0.647,0.045,2.121,5.747,18.2023,1.18,1.825997,,,0.672687,0.416424,0,0,2,2035.498518
HD 46588 A_7,HD 46588 A,1.085,0.088,1.256,5.584,18.2023,1.18,1.825997,,,1.180149,0.003911,0,0,2,2035.498518
HD 46588 A_8,HD 46588 A,2.008,0.017,0.521,0.08,18.2023,1.18,1.825997,,,1.999619,0.138838,0,0,2,2035.498518
HD 165499_0,HD 165499,3.777,0.071,0.637,0.161,17.7532,1.08,1.73141,,,3.642525,0.050616,0,0,2,2035.503219
HD 165499_1,HD 165499,0.192,0.04,0.654,0.106,17.7532,1.08,1.73141,,,0.199678,0.003866,0,0,2,2035.503219
HD 165499_3,HD 165499,0.221,0.065,0.75,0.229,17.7532,1.08,1.73141,,,0.213826,0.010191,0,0,2,2035.503219
HD 165499_4,HD 165499,1.569,0.062,3.377,24.497,17.7532,1.08,1.73141,0.081207,344.898173,1.584183,0.536417,1,1,2,2035.503219
HD 37394_0,HD 37394,1.839,0.051,0.552,0.164,12.2701,0.88,0.477639,,,1.808088,0.320792,0,0,3,2035.508763
HD 37394_1,HD 37394,0.501,0.058,1.934,5.969,12.2701,0.88,0.477639,,,0.472092,0.043095,0,0,3,2035.508763
HD 37394_3,HD 37394,1.245,0.044,1.502,2.038,12.2701,0.88,0.477639,,,1.299779,0.988036,0,0,3,2035.508763
HD 37394_5,HD 37394,0.152,0.102,1.111,1.488,12.2701,0.88,0.477639,,,0.139015,0.101797,0,0,3,2035.508763
HD 37394_9,HD 37394,0.863,0.077,0.726,0.552,12.2701,0.88,0.477639,,,0.925484,0.070033,0,0,3,2035.508763
HD 37394_10,HD 37394,0.093,0.059,3.205,15.21,12.2701,0.88,0.477639,,,0.088863,0.045514,0,0,3,2035.508763
HD 37394_11,HD 37394,1.171,0.065,2.415,5.91,12.2701,0.88,0.477639,0.097717,300.493934,1.213227,0.466269,1,1,3,2035.508763
HD 37394_15,HD 37394,0.222,0.142,1.093,0.563,12.2701,0.88,0.477639,,,0.214801,0.220909,0,0,3,2035.508763
HD 37394_16,HD 37394,2.623,0.055,2.621,9.008,12.2701,0.88,0.477639,,,2.502893,0.171857,0,0,3,2035.508763
HD 201092_1,HD 201092,2.708,0.059,2.37,8.514,3.4964,0.63,0.077786,,,2.552422,0.243766,0,0,8,2035.511792
HD 20794_0,HD 20794,4.322,0.17,2.962,5.742,6.0414,0.97,0.654335,,,4.339306,0.033083,0,0,3,2035.515041
HD 20794_1,HD 20794,2.398,0.095,1.302,2.525,6.0414,0.97,0.654335,,,2.425042,0.13623,0,0,3,2035.515041
HD 84117_2,HD 84117,0.48,0.183,0.807,0.707,14.9515,1.14,1.977425,,,0.500185,0.552928,0,0,2,2035.516411
HD 84117_3,HD 84117,2.469,0.127,0.583,0.157,14.9515,1.14,1.977425,,,2.363354,0.002199,0,0,2,2035.516411
HD 84117_5,HD 84117,2.421,0.095,0.605,0.239,14.9515,1.14,1.977425,,,2.574217,0.620468,0,0,2,2035.516411
HD 7570_0,HD 7570,3.031,0.054,1.134,3.652,15.2609,1.14,2.003549,,,2.903525,0.919723,0,0,2,2035.518473
HD 7570_1,HD 7570,0.15,0.071,0.941,0.218,15.2609,1.14,2.003549,,,0.140331,0.346005,0,0,2,2035.518473
HD 7570_2,HD 7570,1.977,0.063,1.73,3.716,15.2609,1.14,2.003549,,,1.864082,0.636955,0,0,2,2035.518473
HD 7570_3,HD 7570,3.034,0.079,1.364,1.913,15.2609,1.14,2.003549,,,3.197949,0.733194,0,0,2,2035.518473
HD 7570_4,HD 7570,0.569,0.099,0.726,0.483,15.2609,1.14,2.003549,,,0.606591,0.137425,0,0,2,2035.518473
HD 26965 A_1,HD 26965 A,0.482,0.058,1.38,2.403,5.0098,0.86,0.409732,0.090135,66.129594,0.487604,0.459583,1,2,3,2035.52242
HD 26965 A_2,HD 26965 A,0.345,0.049,0.5,0.06,5.0098,0.86,0.409732,,,0.361437,0.094275,0,0,3,2035.52242
HD 101501_3,HD 101501,0.112,0.069,1.262,2.497,9.5762,0.94,0.608976,,,0.114292,0.022363,0,0,3,2035.52379
HD 101501_7,HD 101501,0.888,0.054,0.887,0.333,9.5762,0.94,0.608976,,,0.84057,0.841214,0,0,3,2035.52379
HD 141004_0,HD 141004,2.629,0.092,2.901,8.518,11.9159,1.09,2.003549,,,2.393658,0.145928,0,0,2,2035.526529
HD 141004_1,HD 141004,0.651,0.071,0.654,0.168,11.9159,1.09,2.003549,,,0.640306,0.122326,0,0,2,2035.526529
HD 141004_2,HD 141004,4.426,0.098,1.019,2.941,11.9159,1.09,2.003549,,,4.08332,0.321352,0,0,2,2035.526529
HD 141004_3,HD 141004,4.115,0.06,0.578,0.125,11.9159,1.09,2.003549,,,4.181492,0.132248,0,0,2,2035.526529
HD 141004_4,HD 141004,3.163,0.091,1.732,4.206,11.9159,1.09,2.003549,,,3.446259,0.530634,0,0,2,2035.526529
HD 20630_1,HD 20630,0.648,0.142,1.547,4.726,9.2762,0.98,0.857235,0.070918,205.779112,0.687401,0.373775,1,2,2,2035.527899
HD 20630_5,HD 20630,1.387,0.083,0.621,0.63,9.2762,0.98,0.857235,,,1.421201,0.537476,0,0,2,2035.527899
HD 16895 A_0,HD 16895 A,3.595,0.047,2.816,7.544,11.1501,1.21,2.246467,,,3.689766,0.159124,0,0,2,2035.534209
HD 16895 A_4,HD 16895 A,4.424,0.091,1.274,1.913,11.1501,1.21,2.246467,,,4.343596,0.010838,0,0,2,2035.534209
HD 16895 A_5,HD 16895 A,1.554,0.05,3.144,9.969,11.1501,1.21,2.246467,,,1.630612,0.186061,0,0,2,2035.534209
HD 16895 A_6,HD 16895 A,0.108,0.029,0.508,0.042,11.1501,1.21,2.246467,,,0.10676,0.471539,0,0,2,2035.534209
HD 3651 A_0,HD 3651 A,0.818,0.09,1.086,0.195,11.1081,0.86,0.531986,,,0.891027,0.251616,0,0,3,2035.535579
HD 3651 A_3,HD 3651 A,0.106,0.12,3.284,8.237,11.1081,0.86,0.531986,,,0.110229,0.000981,0,0,3,2035.535579
HD 3651 A_5,HD 3651 A,0.552,0.025,0.534,0.148,11.1081,0.86,0.531986,,,0.555798,0.862685,0,0,3,2035.535579
HD 38393_0,HD 38393,0.205,0.072,1.088,1.383,8.905,1.23,2.344229,,,0.191923,0.909838,0,0,2,2035.536999
HD 38393_1,HD 38393,3.39,0.099,0.656,0.073,8.905,1.23,2.344229,,,3.724031,0.057497,0,0,2,2035.536999
HD 38393_3,HD 38393,0.355,0.086,1.549,2.098,8.905,1.23,2.344229,,,0.338329,0.26565,0,0,2,2035.536999
HD 38393_4,HD 38393,4.373,0.052,1.208,1.876,8.905,1.23,2.344229,,,4.145759,0.007039,0,0,2,2035.536999
HD 160691_0,HD 160691,1.46,0.051,0.67,0.675,15.6042,1.0,1.898891,,,1.420675,0.017364,0,0,2,2035.538369
HD 160691_1,HD 160691,0.274,0.085,0.88,0.645,15.6042,1.0,1.898891,,,0.277339,0.167763,0,0,2,2035.538369
HD 160691_2,HD 160691,0.346,0.144,0.58,0.053,15.6042,1.0,1.898891,,,0.313635,0.017245,0,0,2,2035.538369
HD 160691_3,HD 160691,0.123,0.058,0.556,0.091,15.6042,1.0,1.898891,,,0.127697,0.824927,0,0,2,2035.538369
HD 160691_4,HD 160691,2.415,0.073,1.777,2.687,15.6042,1.0,1.898891,,,2.240433,0.034508,0,0,2,2035.538369
HD 160691_6,HD 160691,2.937,0.058,2.424,6.338,15.6042,1.0,1.898891,,,3.007171,0.077746,0,0,2,2035.538369
HD 160691_7,HD 160691,3.23,0.098,2.375,5.354,15.6042,1.0,1.898891,,,2.979506,0.005748,0,0,2,2035.538369
HD 201091_1,HD 201091,1.051,0.108,0.699,0.293,3.4966,0.68,0.142364,,,1.008064,0.511813,0,0,6,2035.539739
HD 201091_2,HD 201091,2.964,0.153,0.94,0.359,3.4966,0.68,0.142364,,,2.512302,0.062456,0,0,6,2035.539739
HD 201091_4,HD 201091,2.241,0.067,3.013,8.159,3.4966,0.68,0.142364,,,2.297996,0.046668,0,0,6,2035.539739
HD 4628_0,HD 4628,0.299,0.054,1.741,4.304,7.4352,0.78,0.300193,,,0.311761,0.928283,0,0,4,2035.541109
HD 4628_1,HD 4628,4.258,0.031,1.273,1.784,7.4352,0.78,0.300193,,,4.209205,0.007053,0,0,4,2035.541109
HD 4628_4,HD 4628,4.069,0.034,0.981,0.876,7.4352,0.78,0.300193,,,4.197595,0.283273,0,0,4,2035.541109
HD 4628_5,HD 4628,3.681,0.025,0.897,0.617,7.4352,0.78,0.300193,,,3.589055,0.177111,0,0,4,2035.541109
HD 4628_6,HD 4628,1.476,0.055,1.942,4.324,7.4352,0.78,0.300193,,,1.515917,0.832074,0,0,4,2035.541109
HD 143761_0,HD 143761,2.268,0.052,0.622,0.131,17.5108,0.97,1.812174,,,2.232595,0.368494,0,0,2,2035.542479
HD 143761_3,HD 143761,0.463,0.017,0.834,0.619,17.5108,0.97,1.812174,,,0.455133,0.558879,0,0,2,2035.542479
HD 143761_4,HD 143761,1.096,0.157,0.808,0.895,17.5108,0.97,1.812174,,,0.93209,0.178074,0,0,2,2035.542479
HD 143761_5,HD 143761,0.834,0.096,1.155,1.684,17.5108,0.97,1.812174,,,0.757961,0.827839,0,0,2,2035.542479
HD 143761_7,HD 143761,2.609,0.089,2.154,12.289,17.5108,0.97,1.812174,,,2.703786,0.033643,0,0,2,2035.542479
HD 155885_0,HD 155885,0.424,0.016,1.08,0.365,5.9478,0.85,0.332047,,,0.417396,0.052194,0,0,4,2035.543849
HD 155885_1,HD 155885,0.125,0.137,2.355,7.262,5.9478,0.85,0.332047,,,0.141004,0.801654,0,0,4,2035.543849
HD 155885_4,HD 155885,2.293,0.052,0.991,0.685,5.9478,0.85,0.332047,,,2.411859,0.567999,0,0,4,2035.543849
HD 32147_1,HD 32147,0.121,0.122,1.044,1.526,8.844,0.75,0.290202,,,0.119826,0.858806,0,0,4,2035.547537
HD 32147_2,HD 32147,3.272,0.062,1.942,2.786,8.844,0.75,0.290202,,,3.454146,0.622962,0,0,4,2035.547537
HD 10361_1,HD 10361,0.761,0.025,1.303,2.715,8.1965,0.77,0.303879,0.084012,358.538527,0.773958,0.586032,1,1,4,2035.551953
HD 10361_2,HD 10361,0.985,0.066,0.785,0.596,8.1965,0.77,0.303879,,,0.96078,0.676762,0,0,4,2035.551953
HD 10361_3,HD 10361,1.525,0.07,0.586,0.784,8.1965,0.77,0.303879,,,1.607011,0.354557,0,0,4,2035.551953
HD 10361_4,HD 10361,4.037,0.084,0.501,0.084,8.1965,0.77,0.303879,,,4.017495,0.319902,0,0,4,2035.551953
HD 216803_1,HD 216803,3.539,0.087,2.035,5.879,7.6015,0.72,0.196336,,,3.752226,0.483115,0,0,5,2035.553323
HD 216803_3,HD 216803,0.104,0.044,0.893,0.284,7.6015,0.72,0.196336,,,0.104683,0.030989,0,0,5,2035.553323
HD 216803_4,HD 216803,2.738,0.038,2.631,12.08,7.6015,0.72,0.196336,,,2.826078,0.711648,0,0,5,2035.553323
HD 216803_5,HD 216803,0.109,0.06,0.686,0.431,7.6015,0.72,0.196336,,,0.102691,0.277538,0,0,5,2035.553323
HD 216803_6,HD 216803,0.431,0.071,1.431,2.693,7.6015,0.72,0.196336,,,0.457718,0.418293,0,0,5,2035.553323
HD 166_0,HD 166,1.592,0.09,1.08,2.182,13.7662,0.94,0.647292,,,1.535946,0.070319,0,0,3,2035.554693
HD 166_1,HD 166,0.635,0.021,0.515,0.062,13.7662,0.94,0.647292,,,0.639373,0.034989,0,0,3,2035.554693
HD 131977_0,HD 131977,2.114,0.033,1.305,3.47,5.8864,0.72,0.222536,,,2.156395,0.505617,0,0,5,2035.580574
HD 30652_0,HD 30652,0.357,0.032,0.524,0.119,8.0684,1.25,2.710192,,,0.367804,0.040412,0,0,2,2035.584676
HD 30652_1,HD 30652,3.379,0.099,2.314,9.159,8.0684,1.25,2.710192,,,3.574438,0.002071,0,0,2,2035.584676
HD 30652_2,HD 30652,1.418,0.081,1.563,7.047,8.0684,1.25,2.710192,,,1.333131,0.597999,0,0,2,2035.584676
HD 30652_3,HD 30652,3.27,0.133,2.129,5.731,8.0684,1.25,2.710192,,,3.584723,0.372958,0,0,2,2035.584676
HD 30652_4,HD 30652,2.754,0.119,2.49,10.16,8.0684,1.25,2.710192,,,3.024435,0.242263,0,0,2,2035.584676
HD 10360_0,HD 10360,0.111,0.132,2.009,6.936,8.1894,0.78,0.345382,,,0.122042,0.590153,0,0,4,2035.589375
HD 10360_1,HD 10360,0.559,0.036,0.525,0.063,8.1894,0.78,0.345382,,,0.573398,0.948929,0,0,4,2035.589375
HD 10360_2,HD 10360,3.873,0.13,2.182,7.34,8.1894,0.78,0.345382,,,3.478632,0.463819,0,0,4,2035.589375
HD 10360_4,HD 10360,0.185,0.028,3.239,14.497,8.1894,0.78,0.345382,,,0.188379,0.021877,0,0,4,2035.589375
HD 10360_5,HD 10360,2.33,0.067,0.679,0.17,8.1894,0.78,0.345382,,,2.449257,0.75088,0,0,4,2035.589375
HD 17206_0,HD 17206,1.742,0.09,0.885,1.25,14.2764,1.21,2.616978,,,1.585722,0.44055,0,0,2,2035.590744
HD 17206_1,HD 17206,0.879,0.039,2.253,5.781,14.2764,1.21,2.616978,0.059782,76.221745,0.881909,0.397524,1,1,2,2035.590744
HD 17206_2,HD 17206,0.485,0.035,0.762,0.888,14.2764,1.21,2.616978,,,0.483685,0.194693,0,0,2,2035.590744
HD 58855_0,HD 58855,3.917,0.055,2.746,11.124,20.4021,1.16,2.444556,,,4.121887,0.927257,0,0,2,2035.592114
HD 58855_3,HD 58855,0.12,0.023,0.846,0.314,20.4021,1.16,2.444556,,,0.11724,0.745041,0,0,2,2035.592114
HD 58855_4,HD 58855,1.787,0.062,0.53,0.101,20.4021,1.16,2.444556,,,1.678526,0.354393,0,0,2,2035.592114
HD 58855_5,HD 58855,2.753,0.078,0.74,0.361,20.4021,1.16,2.444556,,,2.776171,0.863773,0,0,2,2035.592114
HD 58855_6,HD 58855,3.408,0.008,0.67,0.197,20.4021,1.16,2.444556,,,3.397959,0.087344,0,0,2,2035.592114
HD 58855_7,HD 58855,0.511,0.017,1.169,2.72,20.4021,1.16,2.444556,,,0.519659,0.208253,0,0,2,2035.592114
HD 58855_8,HD 58855,3.679,0.02,1.665,3.725,20.4021,1.16,2.444556,,,3.666128,0.185054,0,0,2,2035.592114
HD 100623 A_0,HD 100623 A,4.014,0.105,2.503,8.448,9.559,0.88,0.369999,,,4.194465,0.397687,0,0,4,2035.593484
HD 100623 A_2,HD 100623 A,0.102,0.086,0.559,0.245,9.559,0.88,0.369999,,,0.096389,0.129804,0,0,4,2035.593484
HD 100623 A_3,HD 100623 A,4.384,0.075,1.441,2.214,9.559,0.88,0.369999,,,4.707651,0.964905,0,0,4,2035.593484
HD 100623 A_4,HD 100623 A,2.524,0.072,0.66,0.613,9.559,0.88,0.369999,,,2.588102,0.097841,0,0,4,2035.593484
HD 100623 A_5,HD 100623 A,4.18,0.038,0.734,0.337,9.559,0.88,0.369999,,,4.113942,0.549264,0,0,4,2035.593484
HD 100623 A_6,HD 100623 A,0.362,0.165,0.555,0.359,9.559,0.88,0.369999,,,0.404055,0.059428,0,0,4,2035.593484
HD 100623 A_7,HD 100623 A,4.073,0.068,1.365,1.972,9.559,0.88,0.369999,,,3.796047,0.087242,0,0,4,2035.593484
HD 165341 B_1,HD 165341 B,1.256,0.089,0.5,0.053,5.1225,0.78,0.164324,,,1.367545,0.235703,0,0,5,2035.596924
HD 165341 B_2,HD 165341 B,4.082,0.042,1.247,0.85,5.1225,0.78,0.164324,,,4.23933,0.058098,0,0,5,2035.596924
HD 165341 B_3,HD 165341 B,0.1,0.077,0.528,0.124,5.1225,0.78,0.164324,,,0.099145,0.811178,0,0,5,2035.596924
HD 165341 B_4,HD 165341 B,0.76,0.117,1.137,2.374,5.1225,0.78,0.164324,,,0.749815,0.552803,0,1,5,2035.596924
HD 20766_0,HD 20766,1.336,0.161,1.674,3.092,12.0447,1.01,0.794328,,,1.174785,0.659547,0,0,3,2035.601908
HD 20766_1,HD 20766,0.327,0.097,2.659,6.922,12.0447,1.01,0.794328,,,0.352881,0.965032,0,0,3,2035.601908
HD 20766_4,HD 20766,1.915,0.031,0.912,0.441,12.0447,1.01,0.794328,,,1.859829,0.229622,0,0,3,2035.601908
HD 102365_0,HD 102365,1.154,0.024,2.235,11.472,9.3195,1.02,0.843918,,,1.179753,0.39658,0,0,3,2035.605193
HD 102365_1,HD 102365,4.021,0.031,1.113,0.834,9.3195,1.02,0.843918,,,4.135694,0.043414,0,0,3,2035.605193
HD 102365_2,HD 102365,0.113,0.031,0.976,0.303,9.3195,1.02,0.843918,,,0.112354,0.166464,0,0,3,2035.605193
HD 192310_0,HD 192310,1.267,0.07,0.641,0.14,8.8116,0.77,0.404017,,,1.225805,0.358824,0,0,3,2035.614287
HD 192310_1,HD 192310,1.472,0.082,2.73,7.674,8.8116,0.77,0.404017,,,1.44091,0.130257,0,0,3,2035.614287
HD 192310_2,HD 192310,0.631,0.109,2.544,13.411,8.8116,0.77,0.404017,0.078893,107.980729,0.687896,0.404352,1,3,3,2035.614287
HD 192310_3,HD 192310,0.091,0.084,2.458,12.572,8.8116,0.77,0.404017,,,0.091583,0.775444,0,0,3,2035.614287
HD 43386_0,HD 43386,2.541,0.037,0.504,0.177,19.5879,1.33,2.956651,,,2.606096,0.128566,0,0,2,2035.620075
HD 43386_1,HD 43386,1.141,0.101,1.584,2.873,19.5879,1.33,2.956651,,,1.031957,0.635243,0,0,2,2035.620075
HD 43386_3,HD 43386,0.289,0.045,1.072,0.429,19.5879,1.33,2.956651,,,0.280203,0.158486,0,0,2,2035.620075
HD 155886_1,HD 155886,0.511,0.064,0.698,0.549,5.9523,0.85,0.327491,,,0.478532,0.508012,0,0,3,2035.622906
HD 155886_2,HD 155886,0.232,0.069,1.589,4.704,5.9523,0.85,0.327491,,,0.233796,0.305598,0,0,3,2035.622906
HD 155886_3,HD 155886,1.253,0.044,2.915,7.774,5.9523,0.85,0.327491,,,1.288439,0.107196,0,0,3,2035.622906
HD 155886_4,HD 155886,0.305,0.028,0.94,0.937,5.9523,0.85,0.327491,,,0.310587,0.720286,0,0,3,2035.622906
HD 155886_5,HD 155886,0.201,0.128,1.339,2.779,5.9523,0.85,0.327491,,,0.220784,0.007604,0,0,3,2035.622906
HD 155886_6,HD 155886,0.316,0.044,0.948,1.735,5.9523,0.85,0.327491,,,0.329003,0.22324,0,0,3,2035.622906
HD 155886_7,HD 155886,0.59,0.079,3.352,16.163,5.9523,0.85,0.327491,0.088914,253.379936,0.583605,0.576317,1,3,3,2035.622906
HD 155886_8,HD 155886,3.879,0.087,2.635,16.445,5.9523,0.85,0.327491,,,4.050442,0.247042,0,0,3,2035.622906
HD 187691 A_0,HD 187691 A,3.127,0.076,1.475,4.454,19.4881,1.25,2.834654,,,3.224014,0.155558,0,0,2,2035.625201
HD 187691 A_1,HD 187691 A,2.61,0.091,1.018,1.386,19.4881,1.25,2.834654,,,2.407798,0.370881,0,0,2,2035.625201
HD 187691 A_2,HD 187691 A,3.249,0.037,0.764,1.364,19.4881,1.25,2.834654,,,3.35416,0.714177,0,0,2,2035.625201
HD 187691 A_3,HD 187691 A,2.018,0.038,2.654,10.557,19.4881,1.25,2.834654,,,1.995708,0.486189,0,0,2,2035.625201
HD 201091_1,HD 201091,1.051,0.108,0.699,0.293,3.4966,0.68,0.142364,,,0.967036,0.446729,0,0,7,2035.626571
HD 201091_2,HD 201091,2.964,0.153,0.94,0.359,3.4966,0.68,0.142364,,,2.510559,0.087439,0,0,7,2035.626571
HD 201091_4,HD 201091,2.241,0.067,3.013,8.159,3.4966,0.68,0.142364,,,2.279321,0.067214,0,0,7,2035.626571
HD 128167_0,HD 128167,1.283,0.14,1.15,1.29,15.756,1.39,3.181999,,,1.461061,0.20871,0,0,2,2035.628015
HD 128167_2,HD 128167,3.433,0.063,1.328,2.483,15.756,1.39,3.181999,,,3.402775,0.393345,0,0,2,2035.628015
HD 128167_3,HD 128167,4.878,0.117,2.132,5.678,15.756,1.39,3.181999,,,5.278268,0.509726,0,0,2,2035.628015
HD 128167_4,HD 128167,1.323,0.044,1.923,2.477,15.756,1.39,3.181999,0.067445,215.400837,1.276464,0.631382,1,1,2,2035.628015
HD 156274 A_3,HD 156274 A,4.433,0.138,1.608,3.519,8.7911,0.9,0.451648,,,4.971435,0.125668,0,0,4,2035.629385
HD 10700_0,HD 10700,1.625,0.099,0.563,0.087,3.6522,0.94,0.505708,,,1.775417,0.196228,0,0,4,2035.630755
HD 210302_0,HD 210302,0.937,0.087,1.293,2.482,18.4579,1.25,2.918099,,,1.01766,0.274958,0,0,2,2035.632125
HD 210302_1,HD 210302,0.316,0.034,0.672,0.291,18.4579,1.25,2.918099,,,0.317262,0.289592,0,0,2,2035.632125
HD 210302_2,HD 210302,0.162,0.125,0.82,0.565,18.4579,1.25,2.918099,,,0.181477,0.859758,0,0,2,2035.632125
HD 210302_3,HD 210302,0.925,0.123,2.909,15.97,18.4579,1.25,2.918099,,,0.844378,0.243368,0,0,2,2035.632125
HD 210302_4,HD 210302,1.629,0.122,1.727,5.061,18.4579,1.25,2.918099,,,1.689029,0.06333,0,0,2,2035.632125
HD 43042_0,HD 43042,4.095,0.078,0.558,0.185,21.7763,1.29,2.935621,,,3.775596,0.400539,0,0,2,2035.633495
HD 43042_1,HD 43042,0.434,0.11,0.533,0.05,21.7763,1.29,2.935621,,,0.431771,0.400571,0,0,2,2035.633495
HD 43042_3,HD 43042,0.724,0.14,0.733,0.758,21.7763,1.29,2.935621,,,0.808294,0.794003,0,0,2,2035.633495
HD 142860_0,HD 142860,0.405,0.081,2.385,6.459,11.2537,1.25,3.038785,,,0.425724,0.579226,0,0,2,2035.635582
HD 142860_2,HD 142860,3.184,0.073,1.146,0.989,11.2537,1.25,3.038785,,,3.31007,0.390262,0,0,2,2035.635582
HD 142860_3,HD 142860,0.465,0.068,1.963,1.786,11.2537,1.25,3.038785,,,0.439024,0.656394,0,0,2,2035.635582
HD 142860_5,HD 142860,0.92,0.074,2.443,8.017,11.2537,1.25,3.038785,0.056885,195.583616,0.891422,0.710312,1,1,2,2035.635582
HD 142860_6,HD 142860,0.627,0.092,3.102,5.436,11.2537,1.25,3.038785,,,0.582399,0.871442,0,0,2,2035.635582
HD 17925_0,HD 17925,1.472,0.037,0.676,0.068,10.3605,0.82,0.400959,,,1.48975,0.177413,0,0,4,2035.642493
HD 17925_2,HD 17925,0.735,0.099,0.938,0.945,10.3605,0.82,0.400959,,,0.671274,0.226345,0,0,4,2035.642493
HD 17925_3,HD 17925,0.561,0.086,1.065,2.041,10.3605,0.82,0.400959,,,0.59144,0.367247,0,0,4,2035.642493
HD 17925_4,HD 17925,0.848,0.062,1.424,1.901,10.3605,0.82,0.400959,,,0.806238,0.40324,0,0,4,2035.642493
HD 17925_6,HD 17925,3.618,0.076,0.719,0.216,10.3605,0.82,0.400959,,,3.738583,0.228604,0,0,4,2035.642493
HD 140538 A_0,HD 140538 A,2.088,0.047,0.685,0.069,14.7927,0.94,0.834065,,,2.18397,0.601758,0,0,3,2035.647643
HD 140538 A_1,HD 140538 A,0.512,0.053,2.798,18.338,14.7927,0.94,0.834065,,,0.484984,0.315848,0,0,3,2035.647643
HD 140538 A_2,HD 140538 A,4.137,0.053,0.916,0.304,14.7927,0.94,0.834065,,,4.025434,0.695696,0,0,3,2035.647643
HD 134083_0,HD 134083,0.116,0.07,1.9,7.058,19.536,1.33,3.254618,,,0.114977,0.969143,0,0,2,2035.655559
HD 134083_1,HD 134083,0.36,0.097,1.358,2.746,19.536,1.33,3.254618,,,0.378045,0.254254,0,0,2,2035.655559
HD 134083_3,HD 134083,0.749,0.13,0.881,0.684,19.536,1.33,3.254618,,,0.826882,0.281623,0,0,2,2035.655559
HD 134083_4,HD 134083,0.959,0.114,0.591,0.338,19.536,1.33,3.254618,,,1.037809,0.093385,0,0,2,2035.655559
HD 693_0,HD 693,1.045,0.058,1.136,2.579,18.8861,1.18,2.997091,,,1.104067,0.142008,0,0,2,2035.658449
HD 693_1,HD 693,0.139,0.106,2.768,7.407,18.8861,1.18,2.997091,,,0.133921,0.819917,0,0,2,2035.658449
HD 693_3,HD 693,1.448,0.069,1.975,3.042,18.8861,1.18,2.997091,,,1.37006,0.2086,0,0,2,2035.658449
HD 693_4,HD 693,1.744,0.105,1.392,2.348,18.8861,1.18,2.997091,,,1.757437,0.868044,0,0,2,2035.658449
HD 693_5,HD 693,2.909,0.1,1.423,2.794,18.8861,1.18,2.997091,,,2.768379,0.00577,0,0,2,2035.658449
HD 693_6,HD 693,2.914,0.024,0.574,0.316,18.8861,1.18,2.997091,,,2.949897,0.9548,0,0,2,2035.658449
HD 693_7,HD 693,3.93,0.01,2.298,5.004,18.8861,1.18,2.997091,,,3.963093,0.089905,0,0,2,2035.658449
HD 216803_1,HD 216803,3.539,0.087,2.035,5.879,7.6015,0.72,0.196336,,,3.733489,0.46713,0,0,6,2035.660644
HD 216803_3,HD 216803,0.104,0.044,0.893,0.284,7.6015,0.72,0.196336,,,0.108003,0.284217,0,0,6,2035.660644
HD 216803_4,HD 216803,2.738,0.038,2.631,12.08,7.6015,0.72,0.196336,,,2.832173,0.645106,0,0,6,2035.660644
HD 216803_5,HD 216803,0.109,0.06,0.686,0.431,7.6015,0.72,0.196336,,,0.115513,0.461858,0,0,6,2035.660644
HD 216803_6,HD 216803,0.431,0.071,1.431,2.693,7.6015,0.72,0.196336,,,0.405982,0.546538,0,0,6,2035.660644
HD 1581_1,HD 1581,1.541,0.046,2.633,10.663,8.6071,1.11,1.261828,,,1.610203,0.059794,0,1,2,2035.662014
HD 1581_2,HD 1581,0.181,0.101,0.988,1.538,8.6071,1.11,1.261828,,,0.167708,0.015392,0,0,2,2035.662014
HD 1581_3,HD 1581,1.491,0.126,2.76,10.6,8.6071,1.11,1.261828,,,1.339751,0.29066,0,0,2,2035.662014
HD 1581_4,HD 1581,0.208,0.109,2.378,6.033,8.6071,1.11,1.261828,,,0.212734,0.720245,0,0,2,2035.662014
HD 10476_0,HD 10476,0.171,0.07,0.738,0.088,7.6439,0.85,0.453524,,,0.182147,0.349603,0,0,4,2035.663384
HD 84737_0,HD 84737,0.596,0.087,1.352,1.551,18.8226,1.08,2.795117,,,0.551057,0.820024,0,0,2,2035.664754
HD 84737_1,HD 84737,3.025,0.071,1.189,1.926,18.8226,1.08,2.795117,,,2.830751,0.288667,0,0,2,2035.664754
HD 84737_2,HD 84737,1.078,0.014,1.079,0.698,18.8226,1.08,2.795117,,,1.09038,0.608656,0,0,2,2035.664754
HD 84737_3,HD 84737,3.774,0.025,0.833,0.848,18.8226,1.08,2.795117,,,3.719817,0.0906,0,0,2,2035.664754
HD 84737_4,HD 84737,0.254,0.074,3.133,13.741,18.8226,1.08,2.795117,,,0.236889,0.762066,0,0,2,2035.664754
HD 84737_5,HD 84737,2.993,0.205,0.508,0.086,18.8226,1.08,2.795117,,,3.48246,0.555164,0,0,2,2035.664754
HD 30495_0,HD 30495,1.934,0.08,0.989,1.288,13.24,1.04,0.966273,,,1.961281,0.347264,0,0,3,2035.666141
HD 30495_2,HD 30495,0.416,0.06,1.179,0.557,13.24,1.04,0.966273,,,0.430728,0.009,0,0,3,2035.666141
HD 30495_3,HD 30495,1.848,0.089,0.623,0.48,13.24,1.04,0.966273,,,1.980148,0.210878,0,0,3,2035.666141
HD 72905_1,HD 72905,0.661,0.069,0.5,0.051,14.4388,1.08,0.973195,,,0.642154,0.020797,0,0,3,2035.669029
HD 72905_3,HD 72905,0.899,0.099,2.776,19.234,14.4388,1.08,0.973195,0.065244,16.37631,0.96249,0.325992,1,1,3,2035.669029
HD 72905_4,HD 72905,0.923,0.214,1.407,2.24,14.4388,1.08,0.973195,,,0.863446,0.025597,0,0,3,2035.669029
HD 72905_5,HD 72905,3.175,0.086,0.525,0.068,14.4388,1.08,0.973195,,,3.139214,0.272906,0,0,3,2035.669029
HD 22484_0,HD 22484,0.838,0.146,1.142,1.607,13.9204,1.14,3.067609,,,0.875984,0.180993,0,0,2,2035.673008
HD 22484_1,HD 22484,1.12,0.109,1.996,7.679,13.9204,1.14,3.067609,,,1.013565,0.851329,0,0,2,2035.673008
HD 22484_2,HD 22484,0.469,0.117,1.765,3.166,13.9204,1.14,3.067609,,,0.52025,0.038496,0,0,2,2035.673008
HD 22484_5,HD 22484,4.456,0.081,0.516,0.034,13.9204,1.14,3.067609,,,4.095182,0.041444,0,0,2,2035.673008
HD 22484_7,HD 22484,3.201,0.074,0.943,1.501,13.9204,1.14,3.067609,,,2.993186,0.585126,0,0,2,2035.673008
HD 212330 A_0,HD 212330 A,1.747,0.031,3.281,9.208,20.3398,1.02,2.726465,,,1.732812,0.946091,0,0,2,2035.674378
HD 20807_0,HD 20807,0.337,0.072,1.793,3.234,12.0394,1.07,1.016951,,,0.357455,0.071709,0,0,3,2035.675748
HD 20807_1,HD 20807,1.546,0.069,0.954,0.846,12.0394,1.07,1.016951,,,1.452404,0.03317,0,0,3,2035.675748
HD 20807_2,HD 20807,2.979,0.055,2.038,8.298,12.0394,1.07,1.016951,,,3.111123,0.012943,0,0,3,2035.675748
HD 147513_0,HD 147513,1.541,0.04,0.645,0.152,12.8923,1.07,1.000691,,,1.533962,0.601785,0,0,3,2035.677118
HD 147513_1,HD 147513,1.513,0.099,0.537,0.038,12.8923,1.07,1.000691,,,1.527801,0.366471,0,0,3,2035.677118
HD 147513_2,HD 147513,4.633,0.075,1.379,7.403,12.8923,1.07,1.000691,,,4.287046,0.554112,0,0,3,2035.677118
HD 147513_4,HD 147513,0.196,0.111,0.74,0.096,12.8923,1.07,1.000691,,,0.200164,0.001882,0,0,3,2035.677118
HD 147513_5,HD 147513,4.52,0.075,0.624,0.254,12.8923,1.07,1.000691,,,4.534936,0.306057,0,0,3,2035.677118
HD 147513_6,HD 147513,1.743,0.075,1.796,2.912,12.8923,1.07,1.000691,,,1.758649,0.172604,0,0,3,2035.677118
HD 147513_7,HD 147513,2.47,0.028,0.667,0.174,12.8923,1.07,1.000691,,,2.415158,0.959568,0,0,3,2035.677118
HD 149661_2,HD 149661,2.991,0.073,1.285,2.935,9.8939,0.87,0.462168,,,3.012825,0.221316,0,0,4,2035.678488
HD 149661_3,HD 149661,2.364,0.065,0.7,0.315,9.8939,0.87,0.462168,,,2.491414,0.009951,0,0,4,2035.678488
HD 149661_5,HD 149661,3.155,0.051,2.936,7.428,9.8939,0.87,0.462168,,,3.056224,0.224209,0,0,4,2035.678488
HD 4391_0,HD 4391,0.363,0.182,1.471,1.692,15.0487,0.98,0.923422,,,0.361134,0.042686,0,0,3,2035.679858
HD 4391_1,HD 4391,1.544,0.114,0.614,0.159,15.0487,0.98,0.923422,,,1.371769,0.067322,0,0,3,2035.679858
HD 4391_2,HD 4391,0.361,0.058,0.863,0.256,15.0487,0.98,0.923422,,,0.341051,0.042925,0,0,3,2035.679858
HD 4391_3,HD 4391,0.102,0.064,0.942,1.344,15.0487,0.98,0.923422,,,0.097624,0.279489,0,0,3,2035.679858
HD 4391_4,HD 4391,0.526,0.038,2.712,11.881,15.0487,0.98,0.923422,,,0.525979,0.055212,0,0,3,2035.679858
HD 185144_1,HD 185144,0.747,0.07,0.5,0.019,5.7639,0.87,0.43411,,,0.694736,0.260222,0,0,3,2035.681227
HD 185144_3,HD 185144,0.688,0.135,2.317,4.389,5.7639,0.87,0.43411,0.109832,278.437152,0.625384,0.29603,1,3,3,2035.681227
HD 4628_0,HD 4628,0.299,0.054,1.741,4.304,7.4352,0.78,0.300193,,,0.29065,0.609969,0,0,5,2035.682885
HD 4628_1,HD 4628,4.258,0.031,1.273,1.784,7.4352,0.78,0.300193,,,4.198296,0.005367,0,0,5,2035.682885
HD 4628_4,HD 4628,4.069,0.034,0.981,0.876,7.4352,0.78,0.300193,,,4.192302,0.282841,0,0,5,2035.682885
HD 4628_5,HD 4628,3.681,0.025,0.897,0.617,7.4352,0.78,0.300193,,,3.589216,0.137217,0,0,5,2035.682885
HD 4628_6,HD 4628,1.476,0.055,1.942,4.324,7.4352,0.78,0.300193,,,1.541439,0.944901,0,0,5,2035.682885
HD 10780_0,HD 10780,0.841,0.11,1.077,1.181,10.0411,0.9,0.515941,,,0.812401,0.426058,0,0,4,2035.685954
HD 10780_3,HD 10780,2.25,0.098,1.348,1.367,10.0411,0.9,0.515941,,,2.03262,0.170841,0,0,4,2035.685954
HD 10780_4,HD 10780,2.669,0.102,2.513,12.001,10.0411,0.9,0.515941,,,2.588429,0.119641,0,0,4,2035.685954
HD 32147_1,HD 32147,0.121,0.122,1.044,1.526,8.844,0.75,0.290202,,,0.125543,0.915146,0,0,5,2035.688497
HD 32147_2,HD 32147,3.272,0.062,1.942,2.786,8.844,0.75,0.290202,,,3.441815,0.672483,0,0,5,2035.688497
HD 155885_0,HD 155885,0.424,0.016,1.08,0.365,5.9478,0.85,0.332047,,,0.430707,0.696971,0,0,5,2035.690333
HD 155885_1,HD 155885,0.125,0.137,2.355,7.262,5.9478,0.85,0.332047,,,0.142075,0.692986,0,0,5,2035.690333
HD 155885_4,HD 155885,2.293,0.052,0.991,0.685,5.9478,0.85,0.332047,,,2.410847,0.472373,0,0,5,2035.690333
HD 165341 A_0,HD 165341 A,3.482,0.036,1.359,2.775,5.1133,0.88,0.531741,,,3.490668,0.003579,0,0,3,2035.693449
HD 165341 A_2,HD 165341 A,0.277,0.022,2.947,13.11,5.1133,0.88,0.531741,,,0.27159,0.019617,0,0,3,2035.693449
HD 165341 A_3,HD 165341 A,0.642,0.027,1.615,1.833,5.1133,0.88,0.531741,,,0.657839,0.966619,0,1,3,2035.693449
HD 131977_0,HD 131977,2.114,0.033,1.305,3.47,5.8864,0.72,0.222536,,,2.16656,0.447534,0,0,6,2035.698466
HD 142373_0,HD 142373,1.268,0.168,0.757,0.148,15.8975,1.08,3.136173,,,1.055573,0.040711,0,0,2,2035.705627
HD 142373_1,HD 142373,1.76,0.092,0.868,0.535,15.8975,1.08,3.136173,,,1.750371,0.250548,0,0,2,2035.705627
HD 142373_2,HD 142373,0.834,0.129,2.923,6.259,15.8975,1.08,3.136173,,,0.745132,0.600406,0,0,2,2035.705627
HD 142373_4,HD 142373,1.161,0.006,1.265,2.536,15.8975,1.08,3.136173,,,1.167788,0.515661,0,0,2,2035.705627
HD 142373_6,HD 142373,4.705,0.105,0.947,0.923,15.8975,1.08,3.136173,,,4.775421,0.182633,0,0,2,2035.705627
HD 142373_7,HD 142373,1.878,0.051,2.611,6.816,15.8975,1.08,3.136173,,,1.813992,0.616979,0,0,2,2035.705627
HD 142373_8,HD 142373,3.092,0.053,1.805,7.326,15.8975,1.08,3.136173,,,2.97224,0.815812,0,0,2,2035.705627
HD 136352_0,HD 136352,1.127,0.083,0.501,0.05,14.7391,1.02,1.028964,,,1.033461,0.182256,0,0,3,2035.707008
HD 136352_2,HD 136352,0.995,0.082,1.549,3.519,14.7391,1.02,1.028964,,,1.069584,9e-05,0,0,3,2035.707008
HD 136352_3,HD 136352,3.774,0.069,2.041,4.78,14.7391,1.02,1.028964,,,3.691822,0.525057,0,0,3,2035.707008
HD 136352_4,HD 136352,1.831,0.068,0.826,0.342,14.7391,1.02,1.028964,,,1.769075,0.536096,0,0,3,2035.707008
HD 109358_0,HD 109358,0.599,0.064,0.661,0.193,8.4727,1.08,1.151065,,,0.562131,0.371571,0,0,3,2035.709453
HD 109358_1,HD 109358,0.313,0.024,1.946,4.835,8.4727,1.08,1.151065,,,0.3055,0.011768,0,0,3,2035.709453
HD 109358_3,HD 109358,0.172,0.066,1.409,1.609,8.4727,1.08,1.151065,,,0.18075,0.038801,0,0,3,2035.709453
HD 109358_4,HD 109358,1.488,0.078,0.58,0.237,8.4727,1.08,1.151065,,,1.603832,0.4043,0,0,3,2035.709453
HD 109358_5,HD 109358,3.968,0.05,3.285,25.806,8.4727,1.08,1.151065,,,3.920287,0.015259,0,0,3,2035.709453
HD 201091_1,HD 201091,1.051,0.108,0.699,0.293,3.4966,0.68,0.142364,,,0.941848,0.351271,0,0,8,2035.713346
HD 201091_2,HD 201091,2.964,0.153,0.94,0.359,3.4966,0.68,0.142364,,,2.513716,0.118088,0,0,8,2035.713346
HD 201091_4,HD 201091,2.241,0.067,3.013,8.159,3.4966,0.68,0.142364,,,2.259835,0.094016,0,0,8,2035.713346
HD 4614 A_0,HD 4614 A,4.718,0.051,1.358,3.151,5.0098,1.14,1.251988,,,4.91849,0.071918,0,0,3,2035.717446
HD 4614 A_1,HD 4614 A,0.651,0.133,0.728,0.235,5.0098,1.14,1.251988,,,0.627611,0.076823,0,0,3,2035.717446
HD 4614 A_2,HD 4614 A,2.584,0.017,1.361,2.842,5.0098,1.14,1.251988,,,2.612586,0.523156,0,0,3,2035.717446
HD 115617_0,HD 115617,1.956,0.004,0.732,1.017,8.5344,0.97,0.825468,,,1.951698,0.159013,0,0,3,2035.72735
HD 115617_1,HD 115617,0.76,0.09,2.931,6.157,8.5344,0.97,0.825468,0.062771,253.258243,0.746522,0.764524,1,2,3,2035.72735
HD 115617_2,HD 115617,0.621,0.047,0.562,0.059,8.5344,0.97,0.825468,,,0.592144,0.120184,0,0,3,2035.72735
HD 115617_3,HD 115617,0.199,0.073,3.38,12.207,8.5344,0.97,0.825468,,,0.210732,0.657683,0,0,3,2035.72735
HD 115617_4,HD 115617,2.599,0.104,0.763,0.174,8.5344,0.97,0.825468,,,2.868166,0.962675,0,0,3,2035.72735
HD 115617_5,HD 115617,2.098,0.045,1.487,3.177,8.5344,0.97,0.825468,,,2.03255,0.362721,0,0,3,2035.72735
HD 115617_6,HD 115617,3.003,0.084,0.942,0.936,8.5344,0.97,0.825468,,,3.218082,0.035032,0,0,3,2035.72735
HD 146233_0,HD 146233,0.356,0.047,2.679,8.19,14.1369,1.02,1.094208,,,0.348953,0.899312,0,0,3,2035.728719
HD 146233_1,HD 146233,0.206,0.044,2.032,3.376,14.1369,1.02,1.094208,,,0.205461,0.450211,0,0,3,2035.728719
HD 146233_4,HD 146233,0.539,0.141,1.433,3.682,14.1369,1.02,1.094208,,,0.483844,0.163127,0,0,3,2035.728719
HD 3651 A_0,HD 3651 A,0.818,0.09,1.086,0.195,11.1081,0.86,0.531986,,,0.809841,0.039528,0,0,4,2035.742964
HD 3651 A_3,HD 3651 A,0.106,0.12,3.284,8.237,11.1081,0.86,0.531986,,,0.096858,0.93721,0,0,4,2035.742964
HD 3651 A_5,HD 3651 A,0.552,0.025,0.534,0.148,11.1081,0.86,0.531986,,,0.546303,0.026998,0,0,4,2035.742964
HD 20794_0,HD 20794,4.322,0.17,2.962,5.742,6.0414,0.97,0.654335,,,4.222456,0.047819,0,0,4,2035.744334
HD 20794_1,HD 20794,2.398,0.095,1.302,2.525,6.0414,0.97,0.654335,,,2.505353,0.252359,0,0,4,2035.744334
HD 101501_3,HD 101501,0.112,0.069,1.262,2.497,9.5762,0.94,0.608976,,,0.118489,0.588545,0,0,4,2035.745704
HD 101501_7,HD 101501,0.888,0.054,0.887,0.333,9.5762,0.94,0.608976,,,0.885951,0.05071,0,0,4,2035.745704
HD 10360_0,HD 10360,0.111,0.132,2.009,6.936,8.1894,0.78,0.345382,,,0.122607,0.304765,0,0,5,2035.747074
HD 10360_1,HD 10360,0.559,0.036,0.525,0.063,8.1894,0.78,0.345382,,,0.565119,0.09889,0,0,5,2035.747074
HD 10360_2,HD 10360,3.873,0.13,2.182,7.34,8.1894,0.78,0.345382,,,3.521484,0.537943,0,0,5,2035.747074
HD 10360_4,HD 10360,0.185,0.028,3.239,14.497,8.1894,0.78,0.345382,,,0.181112,0.616229,0,0,5,2035.747074
HD 10360_5,HD 10360,2.33,0.067,0.679,0.17,8.1894,0.78,0.345382,,,2.422492,0.815665,0,0,5,2035.747074
HD 100623 A_0,HD 100623 A,4.014,0.105,2.503,8.448,9.559,0.88,0.369999,,,4.151535,0.343692,0,0,5,2035.749623
HD 100623 A_2,HD 100623 A,0.102,0.086,0.559,0.245,9.559,0.88,0.369999,,,0.106861,0.576766,0,0,5,2035.749623
HD 100623 A_3,HD 100623 A,4.384,0.075,1.441,2.214,9.559,0.88,0.369999,,,4.711644,0.972273,0,0,5,2035.749623
HD 100623 A_4,HD 100623 A,2.524,0.072,0.66,0.613,9.559,0.88,0.369999,,,2.623997,0.105741,0,0,5,2035.749623
HD 100623 A_5,HD 100623 A,4.18,0.038,0.734,0.337,9.559,0.88,0.369999,,,4.098534,0.588524,0,0,5,2035.749623
HD 100623 A_6,HD 100623 A,0.362,0.165,0.555,0.359,9.559,0.88,0.369999,,,0.393863,0.045999,0,0,5,2035.749623
HD 100623 A_7,HD 100623 A,4.073,0.068,1.365,1.972,9.559,0.88,0.369999,,,3.798335,0.1226,0,0,5,2035.749623
HD 23249_0,HD 23249,2.38,0.039,0.804,0.586,9.0888,0.87,2.941034,,,2.461684,0.336889,0,0,2,2035.751609
HD 23249_1,HD 23249,2.348,0.031,1.487,3.029,9.0888,0.87,2.941034,,,2.275465,0.017926,0,0,2,2035.751609
HD 216803_1,HD 216803,3.539,0.087,2.035,5.879,7.6015,0.72,0.196336,,,3.713359,0.450279,0,0,7,2035.767965
HD 216803_3,HD 216803,0.104,0.044,0.893,0.284,7.6015,0.72,0.196336,,,0.100356,0.82359,0,0,7,2035.767965
HD 216803_4,HD 216803,2.738,0.038,2.631,12.08,7.6015,0.72,0.196336,,,2.836856,0.577212,0,0,7,2035.767965
HD 216803_5,HD 216803,0.109,0.06,0.686,0.431,7.6015,0.72,0.196336,,,0.103172,0.135316,0,0,7,2035.767965
HD 216803_6,HD 216803,0.431,0.071,1.431,2.693,7.6015,0.72,0.196336,,,0.429542,0.088587,0,0,7,2035.767965
HD 114710_0,HD 114710,1.415,0.117,0.681,0.147,9.1975,1.11,1.357063,,,1.256053,0.086692,0,0,3,2035.777777
HD 114710_1,HD 114710,0.314,0.116,0.63,1.142,9.1975,1.11,1.357063,,,0.294065,0.602874,0,0,3,2035.777777
HD 114710_2,HD 114710,2.258,0.018,0.683,0.173,9.1975,1.11,1.357063,,,2.247008,0.012558,0,0,3,2035.777777
HD 114710_4,HD 114710,0.861,0.053,0.898,0.439,9.1975,1.11,1.357063,,,0.818153,0.212325,0,0,3,2035.777777
HD 114710_5,HD 114710,0.124,0.109,3.108,17.681,9.1975,1.11,1.357063,,,0.11887,0.059891,0,0,3,2035.777777
HD 65907 A_0,HD 65907 A,0.584,0.099,0.585,0.122,16.1718,1.11,1.290031,,,0.635569,0.031526,0,0,3,2035.78068
HD 65907 A_1,HD 65907 A,1.316,0.075,0.982,3.131,16.1718,1.11,1.290031,,,1.218341,0.851777,0,0,3,2035.78068
HD 65907 A_2,HD 65907 A,1.009,0.058,1.202,5.136,16.1718,1.11,1.290031,,,1.031015,0.265676,0,0,3,2035.78068
HD 166_0,HD 166,1.592,0.09,1.08,2.182,13.7662,0.94,0.647292,,,1.461569,0.00211,0,0,4,2035.7845
HD 166_1,HD 166,0.635,0.021,0.515,0.062,13.7662,0.94,0.647292,,,0.626741,0.893308,0,0,4,2035.7845
HD 190360_0,HD 190360,0.922,0.17,1.79,3.759,16.0035,0.96,1.165467,,,1.05972,0.171929,0,0,3,2035.786705
HD 190360_1,HD 190360,3.764,0.081,1.071,1.582,16.0035,0.96,1.165467,,,3.79182,0.198031,0,0,3,2035.786705
HD 190360_3,HD 190360,3.632,0.139,2.733,10.267,16.0035,0.96,1.165467,,,4.111616,0.157432,0,0,3,2035.786705
HD 190360_4,HD 190360,1.735,0.021,0.534,0.045,16.0035,0.96,1.165467,,,1.736357,0.140963,0,0,3,2035.786705
HD 190360_5,HD 190360,0.581,0.08,1.934,2.88,16.0035,0.96,1.165467,,,0.615659,0.90752,0,0,3,2035.786705
HD 190248_1,HD 190248,1.11,0.055,1.408,3.629,6.0993,0.94,1.249971,,,1.103674,0.065086,0,0,3,2035.788075
HD 190248_2,HD 190248,3.754,0.072,1.017,1.24,6.0993,0.94,1.249971,,,4.02328,0.29011,0,0,3,2035.788075
HD 190248_3,HD 190248,1.406,0.139,0.51,0.568,6.0993,0.94,1.249971,,,1.342271,0.568253,0,0,3,2035.788075
HD 50692_0,HD 50692,3.95,0.04,2.831,10.297,17.4047,1.08,1.293302,,,4.07629,0.419884,0,0,3,2035.797655
HD 50692_1,HD 50692,0.28,0.064,0.734,0.092,17.4047,1.08,1.293302,,,0.267218,0.521163,0,0,3,2035.797655
HD 50692_2,HD 50692,0.513,0.081,1.798,3.652,17.4047,1.08,1.293302,,,0.553404,0.470436,0,0,3,2035.797655
HD 50692_3,HD 50692,0.925,0.032,2.849,9.197,17.4047,1.08,1.293302,,,0.895686,0.761062,0,0,3,2035.797655
HD 203608_0,HD 203608,2.203,0.092,1.79,3.488,9.2584,1.14,1.465548,,,2.269106,0.121006,0,0,3,2035.80732
HD 203608_1,HD 203608,2.342,0.1,0.502,0.104,9.2584,1.14,1.465548,,,2.227888,0.361295,0,0,3,2035.80732
HD 203608_2,HD 203608,2.74,0.062,1.086,1.189,9.2584,1.14,1.465548,,,2.679748,0.306152,0,0,3,2035.80732
HD 203608_5,HD 203608,4.293,0.038,0.929,0.698,9.2584,1.14,1.465548,,,4.427601,0.016755,0,0,3,2035.80732
HD 203608_6,HD 203608,0.526,0.072,0.985,0.486,9.2584,1.14,1.465548,,,0.48814,0.471309,0,0,3,2035.80732
HD 156274 A_3,HD 156274 A,4.433,0.138,1.608,3.519,8.7911,0.9,0.451648,,,4.998164,0.099374,0,0,5,2035.80869
HD 17925_0,HD 17925,1.472,0.037,0.676,0.068,10.3605,0.82,0.400959,,,1.460435,0.284081,0,0,5,2035.814292
HD 17925_2,HD 17925,0.735,0.099,0.938,0.945,10.3605,0.82,0.400959,,,0.707737,0.011702,0,0,5,2035.814292
HD 17925_3,HD 17925,0.561,0.086,1.065,2.041,10.3605,0.82,0.400959,,,0.574416,0.774898,0,0,5,2035.814292
HD 17925_4,HD 17925,0.848,0.062,1.424,1.901,10.3605,0.82,0.400959,,,0.806929,0.008652,0,0,5,2035.814292
HD 17925_6,HD 17925,3.618,0.076,0.719,0.216,10.3605,0.82,0.400959,,,3.771168,0.191671,0,0,5,2035.814292
HD 33262 A_0,HD 33262 A,4.098,0.155,0.949,0.422,11.6927,1.14,1.466223,,,4.726797,0.053861,0,0,3,2035.815805
HD 33262 A_1,HD 33262 A,3.3,0.062,1.368,1.583,11.6927,1.14,1.466223,,,3.302996,0.02338,0,0,3,2035.815805
HD 33262 A_2,HD 33262 A,3.337,0.087,0.965,0.502,11.6927,1.14,1.466223,,,3.623741,0.157749,0,0,3,2035.815805
HD 33262 A_4,HD 33262 A,1.015,0.091,2.255,9.306,11.6927,1.14,1.466223,0.07725,172.869304,0.934456,0.416953,1,1,3,2035.815805
HD 33262 A_5,HD 33262 A,0.358,0.206,1.487,2.029,11.6927,1.14,1.466223,,,0.362908,0.850536,0,0,3,2035.815805
HD 33262 A_6,HD 33262 A,0.874,0.139,0.646,0.257,11.6927,1.14,1.466223,,,0.839341,0.028202,0,0,3,2035.815805
HD 33262 A_8,HD 33262 A,0.199,0.101,2.893,13.631,11.6927,1.14,1.466223,,,0.21474,0.268292,0,0,3,2035.815805
HD 131977_0,HD 131977,2.114,0.033,1.305,3.47,5.8864,0.72,0.222536,,,2.174646,0.387712,0,0,7,2035.817175
HD 128620_0,HD 128620,1.567,0.074,0.945,0.738,1.3319,1.11,1.520898,,,1.680205,0.994218,0,0,3,2035.818545
HD 128620_1,HD 128620,1.266,0.016,1.198,6.221,1.3319,1.11,1.520898,,,1.250696,0.039154,0,0,3,2035.818545
HD 26965 A_1,HD 26965 A,0.482,0.058,1.38,2.403,5.0098,0.86,0.409732,,,0.508625,0.117028,0,2,4,2035.820318
HD 26965 A_2,HD 26965 A,0.345,0.049,0.5,0.06,5.0098,0.86,0.409732,,,0.337793,0.519956,0,0,4,2035.820318
HD 10700_0,HD 10700,1.625,0.099,0.563,0.087,3.6522,0.94,0.505708,,,1.727168,0.15007,0,0,5,2035.821724
HD 4628_0,HD 4628,0.299,0.054,1.741,4.304,7.4352,0.78,0.300193,,,0.284936,0.011765,0,0,6,2035.824662
HD 4628_1,HD 4628,4.258,0.031,1.273,1.784,7.4352,0.78,0.300193,,,4.187853,0.004701,0,0,6,2035.824662
HD 4628_4,HD 4628,4.069,0.034,0.981,0.876,7.4352,0.78,0.300193,,,4.185934,0.282689,0,0,6,2035.824662
HD 4628_5,HD 4628,3.681,0.025,0.897,0.617,7.4352,0.78,0.300193,,,3.590574,0.103067,0,0,6,2035.824662
HD 4628_6,HD 4628,1.476,0.055,1.942,4.324,7.4352,0.78,0.300193,,,1.555307,0.929328,0,0,6,2035.824662
HD 32147_1,HD 32147,0.121,0.122,1.044,1.526,8.844,0.75,0.290202,,,0.130383,0.869027,0,0,6,2035.829457
HD 32147_2,HD 32147,3.272,0.062,1.942,2.786,8.844,0.75,0.290202,,,3.426855,0.71854,0,0,6,2035.829457
HD 55575_0,HD 55575,1.084,0.09,0.727,0.186,16.8518,1.14,1.462851,,,1.043092,0.003215,0,0,3,2035.832284
HD 55575_1,HD 55575,0.133,0.053,0.578,0.677,16.8518,1.14,1.462851,,,0.140019,0.114309,0,0,3,2035.832284
HD 19373_0,HD 19373,0.74,0.034,3.212,9.93,10.5774,1.08,2.230489,0.057022,18.425383,0.764398,0.616909,1,2,2,2035.835388
HD 19373_2,HD 19373,0.724,0.048,1.483,3.085,10.5774,1.08,2.230489,,,0.755785,0.71817,0,0,2,2035.835388
HD 19373_3,HD 19373,0.676,0.061,1.037,1.075,10.5774,1.08,2.230489,,,0.710579,0.020226,0,0,2,2035.835388
HD 19373_6,HD 19373,0.114,0.04,2.433,8.086,10.5774,1.08,2.230489,,,0.109624,0.081524,0,0,2,2035.835388
HD 19373_7,HD 19373,2.87,0.048,1.622,2.945,10.5774,1.08,2.230489,,,2.996249,0.447982,0,0,2,2035.835388
HD 155885_0,HD 155885,0.424,0.016,1.08,0.365,5.9478,0.85,0.332047,,,0.417238,0.085219,0,0,6,2035.836818
HD 155885_1,HD 155885,0.125,0.137,2.355,7.262,5.9478,0.85,0.332047,,,0.141751,0.568387,0,0,6,2035.836818
HD 155885_4,HD 155885,2.293,0.052,0.991,0.685,5.9478,0.85,0.332047,,,2.403483,0.377032,0,0,6,2035.836818
HD 86728 A_0,HD 86728 A,0.138,0.113,0.53,0.078,14.9263,1.0,1.377844,,,0.149394,0.799104,0,0,3,2035.845774
HD 86728 A_1,HD 86728 A,1.194,0.049,0.519,0.144,14.9263,1.0,1.377844,,,1.136297,0.712096,0,0,3,2035.845774
HD 86728 A_2,HD 86728 A,1.586,0.024,0.736,0.367,14.9263,1.0,1.377844,,,1.573373,0.645498,0,0,3,2035.845774
HD 86728 A_3,HD 86728 A,0.34,0.077,0.971,1.901,14.9263,1.0,1.377844,,,0.355024,0.126417,0,0,3,2035.845774
HD 86728 A_4,HD 86728 A,3.143,0.15,2.985,16.709,14.9263,1.0,1.377844,,,2.819142,0.360163,0,0,3,2035.845774
HD 86728 A_5,HD 86728 A,0.238,0.132,1.155,6.008,14.9263,1.0,1.377844,,,0.227188,0.95752,0,0,3,2035.845774
HD 86728 A_6,HD 86728 A,2.84,0.137,2.462,3.621,14.9263,1.0,1.377844,,,3.013463,0.540309,0,0,3,2035.845774
HD 10476_0,HD 10476,0.171,0.07,0.738,0.088,7.6439,0.85,0.453524,,,0.159326,0.09236,0,0,5,2035.848456
HD 20630_1,HD 20630,0.648,0.142,1.547,4.726,9.2762,0.98,0.857235,0.067475,316.344203,0.693657,0.479942,1,3,3,2035.850957
HD 20630_5,HD 20630,1.387,0.083,0.621,0.63,9.2762,0.98,0.857235,,,1.501436,0.460729,0,0,3,2035.850957
HD 90839_0,HD 90839,3.665,0.022,0.781,0.186,12.9452,1.18,1.605092,,,3.663004,0.001869,0,0,3,2035.855697
HD 90839_1,HD 90839,0.191,0.094,1.403,2.751,12.9452,1.18,1.605092,,,0.173832,0.255725,0,0,3,2035.855697
HD 90839_2,HD 90839,3.378,0.112,1.125,1.619,12.9452,1.18,1.605092,,,3.608765,0.54882,0,0,3,2035.855697
HD 90839_5,HD 90839,0.15,0.051,2.273,4.226,12.9452,1.18,1.605092,,,0.143385,0.093285,0,0,3,2035.855697
HD 20766_0,HD 20766,1.336,0.161,1.674,3.092,12.0447,1.01,0.794328,,,1.390974,0.375815,0,0,4,2035.860396
HD 20766_1,HD 20766,0.327,0.097,2.659,6.922,12.0447,1.01,0.794328,,,0.295289,0.003741,0,0,4,2035.860396
HD 20766_4,HD 20766,1.915,0.031,0.912,0.441,12.0447,1.01,0.794328,,,1.883368,0.046759,0,0,4,2035.860396
HD 149661_2,HD 149661,2.991,0.073,1.285,2.935,9.8939,0.87,0.462168,,,2.966989,0.166629,0,0,5,2035.864029
HD 149661_3,HD 149661,2.364,0.065,0.7,0.315,9.8939,0.87,0.462168,,,2.510311,0.020381,0,0,5,2035.864029
HD 149661_5,HD 149661,3.155,0.051,2.936,7.428,9.8939,0.87,0.462168,,,3.083348,0.150406,0,0,5,2035.864029
HD 165341 B_1,HD 165341 B,1.256,0.089,0.5,0.053,5.1225,0.78,0.164324,,,1.322725,0.561822,0,0,6,2035.869341
HD 165341 B_2,HD 165341 B,4.082,0.042,1.247,0.85,5.1225,0.78,0.164324,,,4.248838,0.08854,0,0,6,2035.869341
HD 165341 B_3,HD 165341 B,0.1,0.077,0.528,0.124,5.1225,0.78,0.164324,,,0.098788,0.019795,0,0,6,2035.869341
HD 165341 B_4,HD 165341 B,0.76,0.117,1.137,2.374,5.1225,0.78,0.164324,,,0.840771,0.000736,0,1,6,2035.869341
HD 102365_0,HD 102365,1.154,0.024,2.235,11.472,9.3195,1.02,0.843918,0.111349,352.449314,1.16959,0.595231,1,1,4,2035.874363
HD 102365_1,HD 102365,4.021,0.031,1.113,0.834,9.3195,1.02,0.843918,,,4.123264,0.046716,0,0,4,2035.874363
HD 102365_2,HD 102365,0.113,0.031,0.976,0.303,9.3195,1.02,0.843918,,,0.114159,0.371135,0,0,4,2035.874363
HD 216803_1,HD 216803,3.539,0.087,2.035,5.879,7.6015,0.72,0.196336,,,3.691852,0.432596,0,0,8,2035.875733
HD 216803_3,HD 216803,0.104,0.044,0.893,0.284,7.6015,0.72,0.196336,,,0.10296,0.07402,0,0,8,2035.875733
HD 216803_4,HD 216803,2.738,0.038,2.631,12.08,7.6015,0.72,0.196336,,,2.840076,0.50909,0,0,8,2035.875733
HD 216803_5,HD 216803,0.109,0.06,0.686,0.431,7.6015,0.72,0.196336,,,0.11349,0.603334,0,0,8,2035.875733
HD 216803_6,HD 216803,0.431,0.071,1.431,2.693,7.6015,0.72,0.196336,0.059126,124.836768,0.460032,0.365751,1,1,8,2035.875733
HD 209100_0,HD 209100,2.433,0.127,0.524,0.078,3.6384,0.72,0.22182,,,2.552323,0.200825,0,0,2,2035.877103
HD 209100_1,HD 209100,1.218,0.094,0.54,0.224,3.6384,0.72,0.22182,,,1.26693,0.049866,0,0,2,2035.877103
HD 209100_2,HD 209100,0.989,0.073,1.925,7.679,3.6384,0.72,0.22182,,,0.959238,0.046193,0,0,2,2035.877103
HD 209100_4,HD 209100,3.542,0.022,2.632,11.464,3.6384,0.72,0.22182,,,3.4681,0.784112,0,0,2,2035.877103
HD 209100_5,HD 209100,0.635,0.076,0.931,0.965,3.6384,0.72,0.22182,,,0.58706,0.086736,0,0,2,2035.877103
HD 209100_6,HD 209100,1.701,0.082,0.885,1.719,3.6384,0.72,0.22182,,,1.565373,0.330008,0,0,2,2035.877103
HD 209100_8,HD 209100,2.097,0.099,2.488,10.973,3.6384,0.72,0.22182,,,2.136126,0.724312,0,0,2,2035.877103
HD 209100_9,HD 209100,0.782,0.071,2.297,6.298,3.6384,0.72,0.22182,0.220529,236.749652,0.816304,0.400406,1,2,2,2035.877103
HD 209100_10,HD 209100,0.182,0.056,2.026,7.17,3.6384,0.72,0.22182,,,0.179861,0.469949,0,0,2,2035.877103
HD 209100_11,HD 209100,0.917,0.107,1.174,2.417,3.6384,0.72,0.22182,,,1.003528,0.121907,0,0,2,2035.877103
HD 53705_0,HD 53705,0.273,0.081,1.735,2.717,17.0593,1.04,1.489704,,,0.278357,0.316284,0,0,3,2035.880299
HD 53705_1,HD 53705,2.604,0.083,3.306,16.05,17.0593,1.04,1.489704,,,2.76069,0.207917,0,0,3,2035.880299
HD 53705_2,HD 53705,1.597,0.089,2.478,13.971,17.0593,1.04,1.489704,,,1.535047,0.416227,0,0,3,2035.880299
HD 53705_3,HD 53705,0.715,0.026,1.359,2.038,17.0593,1.04,1.489704,,,0.703198,0.313904,0,0,3,2035.880299
HD 53705_4,HD 53705,0.527,0.092,2.437,10.745,17.0593,1.04,1.489704,,,0.479564,0.732676,0,0,3,2035.880299
HD 10361_1,HD 10361,0.761,0.025,1.303,2.715,8.1965,0.77,0.303879,,,0.755271,0.282055,0,1,5,2035.881669
HD 10361_2,HD 10361,0.985,0.066,0.785,0.596,8.1965,0.77,0.303879,,,1.049331,0.029511,0,0,5,2035.881669
HD 10361_3,HD 10361,1.525,0.07,0.586,0.784,8.1965,0.77,0.303879,,,1.518103,0.140339,0,0,5,2035.881669
HD 10361_4,HD 10361,4.037,0.084,0.501,0.084,8.1965,0.77,0.303879,,,4.092883,0.217609,0,0,5,2035.881669
HD 10780_0,HD 10780,0.841,0.11,1.077,1.181,10.0411,0.9,0.515941,,,0.756704,0.582644,0,0,5,2035.884075
HD 10780_3,HD 10780,2.25,0.098,1.348,1.367,10.0411,0.9,0.515941,,,2.034781,0.057405,0,0,5,2035.884075
HD 10780_4,HD 10780,2.669,0.102,2.513,12.001,10.0411,0.9,0.515941,,,2.662176,0.107481,0,0,5,2035.884075
HD 39091_1,HD 39091,3.12,0.028,1.191,1.952,18.2874,1.08,1.533204,,,3.099933,0.084186,0,0,3,2035.886869
HD 39091_2,HD 39091,2.865,0.029,0.677,0.089,18.2874,1.08,1.533204,,,2.850483,0.221411,0,0,3,2035.886869
HD 39091_3,HD 39091,3.55,0.072,1.069,0.919,18.2874,1.08,1.533204,,,3.763204,0.768501,0,0,3,2035.886869
HD 39091_4,HD 39091,4.534,0.027,1.234,1.811,18.2874,1.08,1.533204,,,4.59382,0.386945,0,0,3,2035.886869
HD 39091_5,HD 39091,1.437,0.051,1.31,1.974,18.2874,1.08,1.533204,,,1.369562,0.197524,0,0,3,2035.886869
HD 39091_6,HD 39091,0.67,0.012,2.604,6.457,18.2874,1.08,1.533204,,,0.677352,0.388595,0,0,3,2035.886869
HD 95128_1,HD 95128,2.285,0.074,0.586,0.282,13.8875,1.07,1.576885,,,2.43731,0.015645,0,0,3,2035.889335
HD 95128_2,HD 95128,4.586,0.035,0.538,0.083,13.8875,1.07,1.576885,,,4.730767,0.004256,0,0,3,2035.889335
HD 95128_3,HD 95128,0.343,0.031,2.771,10.086,13.8875,1.07,1.576885,,,0.350421,0.237475,0,0,3,2035.889335
HD 95128_4,HD 95128,2.15,0.173,1.218,6.511,13.8875,1.07,1.576885,,,2.098471,0.007233,0,0,3,2035.889335
HD 95128_5,HD 95128,0.6,0.105,2.299,8.137,13.8875,1.07,1.576885,,,0.661988,0.589297,0,0,3,2035.889335
HD 95128_6,HD 95128,0.335,0.024,2.419,8.582,13.8875,1.07,1.576885,,,0.328087,0.294759,0,0,3,2035.889335
HD 95128_7,HD 95128,0.847,0.089,1.394,3.129,13.8875,1.07,1.576885,,,0.810021,0.063504,0,0,3,2035.889335
HD 95128_8,HD 95128,0.588,0.034,2.182,8.46,13.8875,1.07,1.576885,,,0.581375,0.787957,0,0,3,2035.889335
HD 131156 A_0,HD 131156 A,0.922,0.01,2.426,6.027,6.7536,0.96,0.553095,0.134514,258.872456,0.927371,0.317525,1,3,3,2035.890704
HD 131156 A_1,HD 131156 A,1.097,0.147,1.932,4.971,6.7536,0.96,0.553095,,,0.941373,0.045388,0,1,3,2035.890704
HD 95735_0,HD 95735,0.673,0.041,0.901,1.876,2.5461,0.44,0.019934,,,0.672871,0.539799,0,0,6,2035.893194
HD 95735_2,HD 95735,0.392,0.078,0.638,0.252,2.5461,0.44,0.019934,0.065541,250.487367,0.412661,0.915215,1,2,6,2035.893194
HD 95735_3,HD 95735,0.164,0.146,0.847,1.655,2.5461,0.44,0.019934,,,0.150852,0.366808,0,3,6,2035.893194
HD 95735_4,HD 95735,2.481,0.023,1.454,2.402,2.5461,0.44,0.019934,,,2.461046,0.299605,0,0,6,2035.893194
HD 95735_6,HD 95735,0.163,0.047,1.008,2.764,2.5461,0.44,0.019934,,,0.168802,0.005272,0,2,6,2035.893194
HD 10360_0,HD 10360,0.111,0.132,2.009,6.936,8.1894,0.78,0.345382,,,0.102363,0.104327,0,0,6,2035.904573
HD 10360_1,HD 10360,0.559,0.036,0.525,0.063,8.1894,0.78,0.345382,,,0.539531,0.161592,0,0,6,2035.904573
HD 10360_2,HD 10360,3.873,0.13,2.182,7.34,8.1894,0.78,0.345382,,,3.569286,0.6102,0,0,6,2035.904573
HD 10360_4,HD 10360,0.185,0.028,3.239,14.497,8.1894,0.78,0.345382,,,0.181737,0.81687,0,0,6,2035.904573
HD 10360_5,HD 10360,2.33,0.067,0.679,0.17,8.1894,0.78,0.345382,,,2.390258,0.852143,0,0,6,2035.904573
HD 100623 A_0,HD 100623 A,4.014,0.105,2.503,8.448,9.559,0.88,0.369999,,,4.106403,0.291598,0,0,6,2035.905943
HD 100623 A_2,HD 100623 A,0.102,0.086,0.559,0.245,9.559,0.88,0.369999,,,0.100086,0.21917,0,0,6,2035.905943
HD 100623 A_3,HD 100623 A,4.384,0.075,1.441,2.214,9.559,0.88,0.369999,,,4.712785,0.972962,0,0,6,2035.905943
HD 100623 A_4,HD 100623 A,2.524,0.072,0.66,0.613,9.559,0.88,0.369999,,,2.654654,0.121393,0,0,6,2035.905943
HD 100623 A_5,HD 100623 A,4.18,0.038,0.734,0.337,9.559,0.88,0.369999,,,4.084038,0.625478,0,0,6,2035.905943
HD 100623 A_6,HD 100623 A,0.362,0.165,0.555,0.359,9.559,0.88,0.369999,,,0.302403,0.968225,0,0,6,2035.905943
HD 100623 A_7,HD 100623 A,4.073,0.068,1.365,1.972,9.559,0.88,0.369999,,,3.80458,0.165018,0,0,6,2035.905943
HD 140538 A_0,HD 140538 A,2.088,0.047,0.685,0.069,14.7927,0.94,0.834065,,,2.159855,0.321458,0,0,4,2035.925574
HD 140538 A_1,HD 140538 A,0.512,0.053,2.798,18.338,14.7927,0.94,0.834065,,,0.51827,0.004017,0,0,4,2035.925574
HD 140538 A_2,HD 140538 A,4.137,0.053,0.916,0.304,14.7927,0.94,0.834065,,,3.9889,0.796372,0,0,4,2035.925574
HD 17051_0,HD 17051,1.593,0.055,0.8,0.166,17.3572,1.14,1.737401,,,1.542674,0.368163,0,0,3,2035.928966
HD 17051_1,HD 17051,2.146,0.107,1.035,0.971,17.3572,1.14,1.737401,,,2.308201,0.006882,0,0,3,2035.928966
HD 17051_2,HD 17051,4.311,0.108,1.302,2.591,17.3572,1.14,1.737401,,,4.064384,0.213756,0,0,3,2035.928966
HD 34411_0,HD 34411,0.295,0.082,3.192,8.429,12.5625,1.08,1.731809,,,0.290934,0.429026,0,0,3,2035.93262
HD 34411_1,HD 34411,1.539,0.078,0.897,0.713,12.5625,1.08,1.731809,,,1.576175,0.08624,0,0,3,2035.93262
HD 34411_3,HD 34411,1.691,0.074,0.798,0.808,12.5625,1.08,1.731809,,,1.768475,0.327731,0,0,3,2035.93262
HD 131977_0,HD 131977,2.114,0.033,1.305,3.47,5.8864,0.72,0.222536,,,2.180256,0.329746,0,0,8,2035.935067
HD 46588 A_0,HD 46588 A,1.961,0.092,1.375,5.123,18.2023,1.18,1.825997,,,2.134077,0.266538,0,0,3,2035.94498
HD 46588 A_2,HD 46588 A,0.149,0.051,1.651,3.767,18.2023,1.18,1.825997,,,0.156586,0.81219,0,0,3,2035.94498
HD 46588 A_4,HD 46588 A,0.634,0.042,1.252,1.899,18.2023,1.18,1.825997,,,0.630001,0.258831,0,0,3,2035.94498
HD 46588 A_5,HD 46588 A,0.119,0.052,0.593,0.101,18.2023,1.18,1.825997,,,0.121765,0.320788,0,0,3,2035.94498
HD 46588 A_6,HD 46588 A,0.647,0.045,2.121,5.747,18.2023,1.18,1.825997,,,0.665034,0.234908,0,0,3,2035.94498
HD 46588 A_7,HD 46588 A,1.085,0.088,1.256,5.584,18.2023,1.18,1.825997,,,0.996677,0.946936,0,0,3,2035.94498
HD 46588 A_8,HD 46588 A,2.008,0.017,0.521,0.08,18.2023,1.18,1.825997,,,1.974836,0.519635,0,0,3,2035.94498
HD 95735_0,HD 95735,0.673,0.041,0.901,1.876,2.5461,0.44,0.019934,,,0.683887,0.330972,0,0,7,2035.948024
HD 95735_2,HD 95735,0.392,0.078,0.638,0.252,2.5461,0.44,0.019934,0.075232,101.519222,0.386834,0.890908,1,3,7,2035.948024
HD 95735_3,HD 95735,0.164,0.146,0.847,1.655,2.5461,0.44,0.019934,0.069412,208.990848,0.185074,0.163255,1,4,7,2035.948024
HD 95735_4,HD 95735,2.481,0.023,1.454,2.402,2.5461,0.44,0.019934,,,2.45793,0.271451,0,0,7,2035.948024
HD 95735_6,HD 95735,0.163,0.047,1.008,2.764,2.5461,0.44,0.019934,,,0.159682,0.757259,0,2,7,2035.948024
HD 3651 A_0,HD 3651 A,0.818,0.09,1.086,0.195,11.1081,0.86,0.531986,,,0.747415,0.471905,0,0,5,2035.950349
HD 3651 A_3,HD 3651 A,0.106,0.12,3.284,8.237,11.1081,0.86,0.531986,,,0.118717,0.143457,0,0,5,2035.950349
HD 3651 A_5,HD 3651 A,0.552,0.025,0.534,0.148,11.1081,0.86,0.531986,,,0.560478,0.705297,0,0,5,2035.950349
HD 165341 B_1,HD 165341 B,1.256,0.089,0.5,0.053,5.1225,0.78,0.164324,,,1.288787,0.663722,0,0,7,2035.959566
HD 165341 B_2,HD 165341 B,4.082,0.042,1.247,0.85,5.1225,0.78,0.164324,,,4.250855,0.100761,0,0,7,2035.959566
HD 165341 B_3,HD 165341 B,0.1,0.077,0.528,0.124,5.1225,0.78,0.164324,,,0.10261,0.944258,0,0,7,2035.959566
HD 165341 B_4,HD 165341 B,0.76,0.117,1.137,2.374,5.1225,0.78,0.164324,,,0.797905,0.023737,0,1,7,2035.959566
HD 30495_0,HD 30495,1.934,0.08,0.989,1.288,13.24,1.04,0.966273,,,1.855056,0.100525,0,0,4,2035.961201
HD 30495_2,HD 30495,0.416,0.06,1.179,0.557,13.24,1.04,0.966273,,,0.440413,0.002571,0,0,4,2035.961201
HD 30495_3,HD 30495,1.848,0.089,0.623,0.48,13.24,1.04,0.966273,,,2.012208,0.053939,0,0,4,2035.961201
HD 101501_3,HD 101501,0.112,0.069,1.262,2.497,9.5762,0.94,0.608976,,,0.104446,0.416311,0,0,5,2035.96523
HD 101501_7,HD 101501,0.888,0.054,0.887,0.333,9.5762,0.94,0.608976,,,0.935843,0.035304,0,0,5,2035.96523
HD 4628_0,HD 4628,0.299,0.054,1.741,4.304,7.4352,0.78,0.300193,,,0.305699,0.102792,0,0,7,2035.9666
HD 4628_1,HD 4628,4.258,0.031,1.273,1.784,7.4352,0.78,0.300193,,,4.177954,0.00496,0,0,7,2035.9666
HD 4628_4,HD 4628,4.069,0.034,0.981,0.876,7.4352,0.78,0.300193,,,4.178531,0.282824,0,0,7,2035.9666
HD 4628_5,HD 4628,3.681,0.025,0.897,0.617,7.4352,0.78,0.300193,,,3.593113,0.074632,0,0,7,2035.9666
HD 4628_6,HD 4628,1.476,0.055,1.942,4.324,7.4352,0.78,0.300193,,,1.55554,0.79809,0,0,7,2035.9666
HD 32147_1,HD 32147,0.121,0.122,1.044,1.526,8.844,0.75,0.290202,,,0.133827,0.7537,0,0,7,2035.970417
HD 32147_2,HD 32147,3.272,0.062,1.942,2.786,8.844,0.75,0.290202,,,3.40945,0.759888,0,0,7,2035.970417
HD 20794_0,HD 20794,4.322,0.17,2.962,5.742,6.0414,0.97,0.654335,,,4.105595,0.070637,0,0,5,2035.972402
HD 20794_1,HD 20794,2.398,0.095,1.302,2.525,6.0414,0.97,0.654335,,,2.569122,0.394175,0,0,5,2035.972402
HD 4391_0,HD 4391,0.363,0.182,1.471,1.692,15.0487,0.98,0.923422,,,0.427053,0.068379,0,0,4,2035.973772
HD 4391_1,HD 4391,1.544,0.114,0.614,0.159,15.0487,0.98,0.923422,,,1.487604,0.020709,0,0,4,2035.973772
HD 4391_2,HD 4391,0.361,0.058,0.863,0.256,15.0487,0.98,0.923422,,,0.368026,0.527718,0,0,4,2035.973772
HD 4391_3,HD 4391,0.102,0.064,0.942,1.344,15.0487,0.98,0.923422,,,0.101146,0.55473,0,0,4,2035.973772
HD 4391_4,HD 4391,0.526,0.038,2.712,11.881,15.0487,0.98,0.923422,,,0.506034,0.063003,0,0,4,2035.973772
HD 147513_0,HD 147513,1.541,0.04,0.645,0.152,12.8923,1.07,1.000691,,,1.484669,0.288557,0,0,4,2035.975749
HD 147513_1,HD 147513,1.513,0.099,0.537,0.038,12.8923,1.07,1.000691,,,1.387934,0.18212,0,0,4,2035.975749
HD 147513_2,HD 147513,4.633,0.075,1.379,7.403,12.8923,1.07,1.000691,,,4.28789,0.625117,0,0,4,2035.975749
HD 147513_4,HD 147513,0.196,0.111,0.74,0.096,12.8923,1.07,1.000691,,,0.189057,0.966993,0,0,4,2035.975749
HD 147513_5,HD 147513,4.52,0.075,0.624,0.254,12.8923,1.07,1.000691,,,4.466402,0.222829,0,0,4,2035.975749
HD 147513_6,HD 147513,1.743,0.075,1.796,2.912,12.8923,1.07,1.000691,,,1.84809,0.068788,0,0,4,2035.975749
HD 147513_7,HD 147513,2.47,0.028,0.667,0.174,12.8923,1.07,1.000691,,,2.442618,0.961784,0,0,4,2035.975749
HD 20807_0,HD 20807,0.337,0.072,1.793,3.234,12.0394,1.07,1.016951,,,0.330504,0.765185,0,0,4,2035.978011
HD 20807_1,HD 20807,1.546,0.069,0.954,0.846,12.0394,1.07,1.016951,,,1.457532,0.060143,0,0,4,2035.978011
HD 20807_2,HD 20807,2.979,0.055,2.038,8.298,12.0394,1.07,1.016951,,,3.136971,0.021044,0,0,4,2035.978011
HD 155885_0,HD 155885,0.424,0.016,1.08,0.365,5.9478,0.85,0.332047,0.060506,100.057666,0.430784,0.615865,1,1,7,2035.983302
HD 155885_1,HD 155885,0.125,0.137,2.355,7.262,5.9478,0.85,0.332047,,,0.140047,0.438316,0,0,7,2035.983302
HD 155885_4,HD 155885,2.293,0.052,0.991,0.685,5.9478,0.85,0.332047,,,2.39009,0.287492,0,0,7,2035.983302
HD 17925_0,HD 17925,1.472,0.037,0.676,0.068,10.3605,0.82,0.400959,,,1.434059,0.426586,0,0,6,2035.98609
HD 17925_2,HD 17925,0.735,0.099,0.938,0.945,10.3605,0.82,0.400959,,,0.800444,0.502253,0,0,6,2035.98609
HD 17925_3,HD 17925,0.561,0.086,1.065,2.041,10.3605,0.82,0.400959,,,0.521327,0.014199,0,0,6,2035.98609
HD 17925_4,HD 17925,0.848,0.062,1.424,1.901,10.3605,0.82,0.400959,,,0.867173,0.090947,0,0,6,2035.98609
HD 17925_6,HD 17925,3.618,0.076,0.719,0.216,10.3605,0.82,0.400959,,,3.800657,0.159577,0,0,6,2035.98609
HD 156274 A_3,HD 156274 A,4.433,0.138,1.608,3.519,8.7911,0.9,0.451648,,,5.018953,0.076817,0,0,6,2035.98799
HD 84117_2,HD 84117,0.48,0.183,0.807,0.707,14.9515,1.14,1.977425,,,0.463306,0.048956,0,0,3,2035.998607
HD 84117_3,HD 84117,2.469,0.127,0.583,0.157,14.9515,1.14,1.977425,,,2.170668,0.113108,0,0,3,2035.998607
HD 84117_5,HD 84117,2.421,0.095,0.605,0.239,14.9515,1.14,1.977425,,,2.396647,0.548934,0,0,3,2035.998607
HD 7570_0,HD 7570,3.031,0.054,1.134,3.652,15.2609,1.14,2.003549,,,2.867383,0.584786,0,0,3,2036.005439
HD 7570_1,HD 7570,0.15,0.071,0.941,0.218,15.2609,1.14,2.003549,,,0.148091,0.052739,0,0,3,2036.005439
HD 7570_2,HD 7570,1.977,0.063,1.73,3.716,15.2609,1.14,2.003549,,,1.891271,0.924505,0,0,3,2036.005439
HD 7570_3,HD 7570,3.034,0.079,1.364,1.913,15.2609,1.14,2.003549,,,3.071134,0.667182,0,0,3,2036.005439
HD 7570_4,HD 7570,0.569,0.099,0.726,0.483,15.2609,1.14,2.003549,,,0.537716,0.184301,0,0,3,2036.005439
HD 10700_0,HD 10700,1.625,0.099,0.563,0.087,3.6522,0.94,0.505708,,,1.648734,0.139422,0,0,6,2036.012692
HD 166_0,HD 166,1.592,0.09,1.08,2.182,13.7662,0.94,0.647292,,,1.45677,0.048879,0,0,5,2036.014306
HD 166_1,HD 166,0.635,0.021,0.515,0.062,13.7662,0.94,0.647292,,,0.646664,0.007636,0,0,5,2036.014306
HD 136352_0,HD 136352,1.127,0.083,0.501,0.05,14.7391,1.02,1.028964,,,1.142075,0.699157,0,0,4,2036.019329
HD 136352_2,HD 136352,0.995,0.082,1.549,3.519,14.7391,1.02,1.028964,,,0.935331,0.523019,0,0,4,2036.019329
HD 136352_3,HD 136352,3.774,0.069,2.041,4.78,14.7391,1.02,1.028964,,,3.626972,0.557631,0,0,4,2036.019329
HD 136352_4,HD 136352,1.831,0.068,0.826,0.342,14.7391,1.02,1.028964,,,1.709102,0.633692,0,0,4,2036.019329
HD 141004_0,HD 141004,2.629,0.092,2.901,8.518,11.9159,1.09,2.003549,,,2.430403,0.001609,0,0,3,2036.024539
HD 141004_1,HD 141004,0.651,0.071,0.654,0.168,11.9159,1.09,2.003549,,,0.637474,0.103346,0,0,3,2036.024539
HD 141004_2,HD 141004,4.426,0.098,1.019,2.941,11.9159,1.09,2.003549,,,4.00863,0.166846,0,0,3,2036.024539
HD 141004_3,HD 141004,4.115,0.06,0.578,0.125,11.9159,1.09,2.003549,,,4.086215,0.244603,0,0,3,2036.024539
HD 141004_4,HD 141004,3.163,0.091,1.732,4.206,11.9159,1.09,2.003549,,,3.432947,0.483904,0,0,3,2036.024539
HD 26965 A_1,HD 26965 A,0.482,0.058,1.38,2.403,5.0098,0.86,0.409732,0.092729,262.370432,0.463872,0.339353,1,3,5,2036.029175
HD 26965 A_2,HD 26965 A,0.345,0.049,0.5,0.06,5.0098,0.86,0.409732,,,0.342091,0.446201,0,0,5,2036.029175
HD 143761_0,HD 143761,2.268,0.052,0.622,0.131,17.5108,0.97,1.812174,,,2.157099,0.046678,0,0,3,2036.032106
HD 143761_3,HD 143761,0.463,0.017,0.834,0.619,17.5108,0.97,1.812174,,,0.470775,0.126871,0,0,3,2036.032106
HD 143761_4,HD 143761,1.096,0.157,0.808,0.895,17.5108,0.97,1.812174,,,1.264394,0.254187,0,0,3,2036.032106
HD 143761_5,HD 143761,0.834,0.096,1.155,1.684,17.5108,0.97,1.812174,,,0.874277,0.13407,0,0,3,2036.032106
HD 143761_7,HD 143761,2.609,0.089,2.154,12.289,17.5108,0.97,1.812174,,,2.815816,0.004602,0,0,3,2036.032106
HD 10476_0,HD 10476,0.171,0.07,0.738,0.088,7.6439,0.85,0.453524,,,0.179634,0.843037,0,0,6,2036.033529
HD 160691_0,HD 160691,1.46,0.051,0.67,0.675,15.6042,1.0,1.898891,,,1.410636,0.552225,0,0,3,2036.037801
HD 160691_1,HD 160691,0.274,0.085,0.88,0.645,15.6042,1.0,1.898891,,,0.279139,0.347988,0,0,3,2036.037801
HD 160691_2,HD 160691,0.346,0.144,0.58,0.053,15.6042,1.0,1.898891,,,0.391018,0.905733,0,0,3,2036.037801
HD 160691_3,HD 160691,0.123,0.058,0.556,0.091,15.6042,1.0,1.898891,,,0.115989,9e-06,0,0,3,2036.037801
HD 160691_4,HD 160691,2.415,0.073,1.777,2.687,15.6042,1.0,1.898891,,,2.286738,0.002873,0,0,3,2036.037801
HD 160691_6,HD 160691,2.937,0.058,2.424,6.338,15.6042,1.0,1.898891,,,2.904058,0.27686,0,0,3,2036.037801
HD 160691_7,HD 160691,3.23,0.098,2.375,5.354,15.6042,1.0,1.898891,,,3.124449,0.007665,0,0,3,2036.037801
HD 109358_0,HD 109358,0.599,0.064,0.661,0.193,8.4727,1.08,1.151065,,,0.593829,0.445866,0,0,4,2036.039606
HD 109358_1,HD 109358,0.313,0.024,1.946,4.835,8.4727,1.08,1.151065,,,0.305594,0.02861,0,0,4,2036.039606
HD 109358_3,HD 109358,0.172,0.066,1.409,1.609,8.4727,1.08,1.151065,,,0.167015,0.470947,0,0,4,2036.039606
HD 109358_4,HD 109358,1.488,0.078,0.58,0.237,8.4727,1.08,1.151065,,,1.531851,0.124743,0,0,4,2036.039606
HD 109358_5,HD 109358,3.968,0.05,3.285,25.806,8.4727,1.08,1.151065,,,3.869282,0.004111,0,0,4,2036.039606
HD 156026_0,HD 156026,3.18,0.093,3.171,14.895,5.9537,0.68,0.157507,,,3.455878,0.757419,0,0,2,2036.040976
HD 156026_1,HD 156026,0.564,0.081,0.509,0.042,5.9537,0.68,0.157507,,,0.56974,0.670307,0,0,2,2036.040976
HD 156026_2,HD 156026,0.423,0.044,0.607,0.379,5.9537,0.68,0.157507,,,0.406104,0.93258,0,0,2,2036.040976
HD 156026_3,HD 156026,1.001,0.06,2.318,7.224,5.9537,0.68,0.157507,0.130372,177.846908,0.947504,0.663338,1,2,2,2036.040976
HD 156026_5,HD 156026,1.693,0.124,2.972,9.407,5.9537,0.68,0.157507,,,1.746825,0.552319,0,0,2,2036.040976
HD 16895 A_0,HD 16895 A,3.595,0.047,2.816,7.544,11.1501,1.21,2.246467,,,3.608685,0.252472,0,0,3,2036.049241
HD 16895 A_4,HD 16895 A,4.424,0.091,1.274,1.913,11.1501,1.21,2.246467,,,4.496777,0.000298,0,0,3,2036.049241
HD 16895 A_5,HD 16895 A,1.554,0.05,3.144,9.969,11.1501,1.21,2.246467,0.090511,254.518532,1.550816,0.817287,1,1,3,2036.049241
HD 16895 A_6,HD 16895 A,0.108,0.029,0.508,0.042,11.1501,1.21,2.246467,,,0.105342,0.812654,0,0,3,2036.049241
HD 149661_2,HD 149661,2.991,0.073,1.285,2.935,9.8939,0.87,0.462168,,,2.921283,0.121699,0,0,6,2036.05061
HD 149661_3,HD 149661,2.364,0.065,0.7,0.315,9.8939,0.87,0.462168,,,2.5176,0.04668,0,0,6,2036.05061
HD 149661_5,HD 149661,3.155,0.051,2.936,7.428,9.8939,0.87,0.462168,,,3.113198,0.0937,0,0,6,2036.05061
HD 146233_0,HD 146233,0.356,0.047,2.679,8.19,14.1369,1.02,1.094208,,,0.35947,0.010904,0,0,4,2036.055778
HD 146233_1,HD 146233,0.206,0.044,2.032,3.376,14.1369,1.02,1.094208,,,0.206381,0.181445,0,0,4,2036.055778
HD 146233_4,HD 146233,0.539,0.141,1.433,3.682,14.1369,1.02,1.094208,,,0.559107,0.688834,0,0,4,2036.055778
HD 4614 A_0,HD 4614 A,4.718,0.051,1.358,3.151,5.0098,1.14,1.251988,,,4.885379,0.05912,0,0,4,2036.0597
HD 4614 A_1,HD 4614 A,0.651,0.133,0.728,0.235,5.0098,1.14,1.251988,,,0.737462,0.739645,0,0,4,2036.0597
HD 4614 A_2,HD 4614 A,2.584,0.017,1.361,2.842,5.0098,1.14,1.251988,,,2.590989,0.347105,0,0,4,2036.0597
HD 10360_0,HD 10360,0.111,0.132,2.009,6.936,8.1894,0.78,0.345382,,,0.101166,0.427852,0,0,7,2036.062072
HD 10360_1,HD 10360,0.559,0.036,0.525,0.063,8.1894,0.78,0.345382,,,0.573342,0.949509,0,0,7,2036.062072
HD 10360_2,HD 10360,3.873,0.13,2.182,7.34,8.1894,0.78,0.345382,,,3.621093,0.678625,0,0,7,2036.062072
HD 10360_4,HD 10360,0.185,0.028,3.239,14.497,8.1894,0.78,0.345382,,,0.18901,0.08667,0,0,7,2036.062072
HD 10360_5,HD 10360,2.33,0.067,0.679,0.17,8.1894,0.78,0.345382,,,2.3541,0.853223,0,0,7,2036.062072
HD 100623 A_0,HD 100623 A,4.014,0.105,2.503,8.448,9.559,0.88,0.369999,,,4.059242,0.241852,0,0,7,2036.063442
HD 100623 A_2,HD 100623 A,0.102,0.086,0.559,0.245,9.559,0.88,0.369999,,,0.105283,0.527323,0,0,7,2036.063442
HD 100623 A_3,HD 100623 A,4.384,0.075,1.441,2.214,9.559,0.88,0.369999,,,4.711036,0.966876,0,0,7,2036.063442
HD 100623 A_4,HD 100623 A,2.524,0.072,0.66,0.613,9.559,0.88,0.369999,,,2.678974,0.14487,0,0,7,2036.063442
HD 100623 A_5,HD 100623 A,4.18,0.038,0.734,0.337,9.559,0.88,0.369999,,,4.070565,0.65943,0,0,7,2036.063442
HD 100623 A_6,HD 100623 A,0.362,0.165,0.555,0.359,9.559,0.88,0.369999,,,0.397449,0.087352,0,0,7,2036.063442
HD 100623 A_7,HD 100623 A,4.073,0.068,1.365,1.972,9.559,0.88,0.369999,,,3.814756,0.214541,0,0,7,2036.063442
HD 38393_0,HD 38393,0.205,0.072,1.088,1.383,8.905,1.23,2.344229,,,0.214661,0.172655,0,0,3,2036.064812
HD 38393_1,HD 38393,3.39,0.099,0.656,0.073,8.905,1.23,2.344229,,,3.65977,0.015723,0,0,3,2036.064812
HD 38393_3,HD 38393,0.355,0.086,1.549,2.098,8.905,1.23,2.344229,,,0.378741,0.033364,0,0,3,2036.064812
HD 38393_4,HD 38393,4.373,0.052,1.208,1.876,8.905,1.23,2.344229,,,4.162398,0.001804,0,0,3,2036.064812
HD 10780_0,HD 10780,0.841,0.11,1.077,1.181,10.0411,0.9,0.515941,,,0.880336,0.157905,0,0,6,2036.082195
HD 10780_3,HD 10780,2.25,0.098,1.348,1.367,10.0411,0.9,0.515941,,,2.068458,0.010978,0,0,6,2036.082195
HD 10780_4,HD 10780,2.669,0.102,2.513,12.001,10.0411,0.9,0.515941,,,2.734457,0.108075,0,0,6,2036.082195
HD 4628_0,HD 4628,0.299,0.054,1.741,4.304,7.4352,0.78,0.300193,,,0.314595,0.760615,0,0,8,2036.108377
HD 4628_1,HD 4628,4.258,0.031,1.273,1.784,7.4352,0.78,0.300193,,,4.168712,0.006202,0,0,8,2036.108377
HD 4628_4,HD 4628,4.069,0.034,0.981,0.876,7.4352,0.78,0.300193,,,4.170167,0.283245,0,0,8,2036.108377
HD 4628_5,HD 4628,3.681,0.025,0.897,0.617,7.4352,0.78,0.300193,,,3.596791,0.051789,0,0,8,2036.108377
HD 4628_6,HD 4628,1.476,0.055,1.942,4.324,7.4352,0.78,0.300193,,,1.542107,0.598132,0,0,8,2036.108377
HD 32147_1,HD 32147,0.121,0.122,1.044,1.526,8.844,0.75,0.290202,,,0.135572,0.603154,0,0,8,2036.111377
HD 32147_2,HD 32147,3.272,0.062,1.942,2.786,8.844,0.75,0.290202,,,3.389821,0.795228,0,0,8,2036.111377
HD 20766_0,HD 20766,1.336,0.161,1.674,3.092,12.0447,1.01,0.794328,,,1.537661,0.157069,0,0,5,2036.118884
HD 20766_1,HD 20766,0.327,0.097,2.659,6.922,12.0447,1.01,0.794328,,,0.352169,0.6948,0,0,5,2036.118884
HD 20766_4,HD 20766,1.915,0.031,0.912,0.441,12.0447,1.01,0.794328,,,1.918481,0.003461,0,0,5,2036.118884
HD 65907 A_0,HD 65907 A,0.584,0.099,0.585,0.122,16.1718,1.11,1.290031,,,0.635598,0.014866,0,0,4,2036.135403
HD 65907 A_1,HD 65907 A,1.316,0.075,0.982,3.131,16.1718,1.11,1.290031,,,1.334899,0.088692,0,0,4,2036.135403
HD 65907 A_2,HD 65907 A,1.009,0.058,1.202,5.136,16.1718,1.11,1.290031,,,0.956021,0.480792,0,0,4,2036.135403
HD 190360_0,HD 190360,0.922,0.17,1.79,3.759,16.0035,0.96,1.165467,,,0.900345,0.946429,0,0,4,2036.140166
HD 190360_1,HD 190360,3.764,0.081,1.071,1.582,16.0035,0.96,1.165467,,,3.878174,0.180339,0,0,4,2036.140166
HD 190360_3,HD 190360,3.632,0.139,2.733,10.267,16.0035,0.96,1.165467,,,4.136427,0.255215,0,0,4,2036.140166
HD 190360_4,HD 190360,1.735,0.021,0.534,0.045,16.0035,0.96,1.165467,,,1.705947,0.293145,0,0,4,2036.140166
HD 190360_5,HD 190360,0.581,0.08,1.934,2.88,16.0035,0.96,1.165467,,,0.558237,0.471321,0,0,4,2036.140166
HD 114710_0,HD 114710,1.415,0.117,0.681,0.147,9.1975,1.11,1.357063,,,1.454722,0.687279,0,0,4,2036.146236
HD 114710_1,HD 114710,0.314,0.116,0.63,1.142,9.1975,1.11,1.357063,,,0.337697,0.060824,0,0,4,2036.146236
HD 114710_2,HD 114710,2.258,0.018,0.683,0.173,9.1975,1.11,1.357063,,,2.275461,0.14733,0,0,4,2036.146236
HD 114710_4,HD 114710,0.861,0.053,0.898,0.439,9.1975,1.11,1.357063,,,0.902967,0.445753,0,0,4,2036.146236
HD 114710_5,HD 114710,0.124,0.109,3.108,17.681,9.1975,1.11,1.357063,,,0.135346,0.022581,0,0,4,2036.146236
HD 58855_0,HD 58855,3.917,0.055,2.746,11.124,20.4021,1.16,2.444556,,,4.130021,0.879521,0,0,3,2036.152545
HD 58855_3,HD 58855,0.12,0.023,0.846,0.314,20.4021,1.16,2.444556,,,0.121958,0.054926,0,0,3,2036.152545
HD 58855_4,HD 58855,1.787,0.062,0.53,0.101,20.4021,1.16,2.444556,,,1.774477,9.4e-05,0,0,3,2036.152545
HD 58855_5,HD 58855,2.753,0.078,0.74,0.361,20.4021,1.16,2.444556,,,2.607852,0.470895,0,0,3,2036.152545
HD 58855_6,HD 58855,3.408,0.008,0.67,0.197,20.4021,1.16,2.444556,,,3.385313,0.224917,0,0,3,2036.152545
HD 58855_7,HD 58855,0.511,0.017,1.169,2.72,20.4021,1.16,2.444556,,,0.505563,0.931092,0,0,3,2036.152545
HD 58855_8,HD 58855,3.679,0.02,1.665,3.725,20.4021,1.16,2.444556,,,3.630594,0.42818,0,0,3,2036.152545
HD 165341 B_1,HD 165341 B,1.256,0.089,0.5,0.053,5.1225,0.78,0.164324,,,1.204392,0.733942,0,0,8,2036.155271
HD 165341 B_2,HD 165341 B,4.082,0.042,1.247,0.85,5.1225,0.78,0.164324,,,4.25325,0.131073,0,0,8,2036.155271
HD 165341 B_3,HD 165341 B,0.1,0.077,0.528,0.124,5.1225,0.78,0.164324,,,0.101549,0.070151,0,0,8,2036.155271
HD 165341 B_4,HD 165341 B,0.76,0.117,1.137,2.374,5.1225,0.78,0.164324,0.090646,67.649354,0.675063,0.752372,1,2,8,2036.155271
HD 3651 A_0,HD 3651 A,0.818,0.09,1.086,0.195,11.1081,0.86,0.531986,,,0.847163,0.700564,0,0,6,2036.157734
HD 3651 A_3,HD 3651 A,0.106,0.12,3.284,8.237,11.1081,0.86,0.531986,,,0.096374,0.153703,0,0,6,2036.157734
HD 3651 A_5,HD 3651 A,0.552,0.025,0.534,0.148,11.1081,0.86,0.531986,,,0.541926,0.09176,0,0,6,2036.157734
HD 17925_0,HD 17925,1.472,0.037,0.676,0.068,10.3605,0.82,0.400959,,,1.418983,0.556126,0,0,7,2036.159104
HD 17925_2,HD 17925,0.735,0.099,0.938,0.945,10.3605,0.82,0.400959,,,0.775304,0.986518,0,0,7,2036.159104
HD 17925_3,HD 17925,0.561,0.086,1.065,2.041,10.3605,0.82,0.400959,,,0.608048,0.662441,0,0,7,2036.159104
HD 17925_4,HD 17925,0.848,0.062,1.424,1.901,10.3605,0.82,0.400959,,,0.900576,0.59703,0,0,7,2036.159104
HD 17925_6,HD 17925,3.618,0.076,0.719,0.216,10.3605,0.82,0.400959,,,3.826781,0.132044,0,0,7,2036.159104
HD 50692_0,HD 50692,3.95,0.04,2.831,10.297,17.4047,1.08,1.293302,,,4.098255,0.286177,0,0,4,2036.160473
HD 50692_1,HD 50692,0.28,0.064,0.734,0.092,17.4047,1.08,1.293302,,,0.290931,0.145149,0,0,4,2036.160473
HD 50692_2,HD 50692,0.513,0.081,1.798,3.652,17.4047,1.08,1.293302,,,0.554382,0.408667,0,0,4,2036.160473
HD 50692_3,HD 50692,0.925,0.032,2.849,9.197,17.4047,1.08,1.293302,,,0.949511,0.005006,0,0,4,2036.160473
HD 190248_1,HD 190248,1.11,0.055,1.408,3.629,6.0993,0.94,1.249971,,,1.169579,0.720044,0,0,4,2036.16453
HD 190248_2,HD 190248,3.754,0.072,1.017,1.24,6.0993,0.94,1.249971,,,4.004899,0.419608,0,0,4,2036.16453
HD 190248_3,HD 190248,1.406,0.139,0.51,0.568,6.0993,0.94,1.249971,,,1.219962,0.833762,0,0,4,2036.16453
HD 156274 A_3,HD 156274 A,4.433,0.138,1.608,3.519,8.7911,0.9,0.451648,,,5.033688,0.057779,0,0,7,2036.16729
HD 30652_0,HD 30652,0.357,0.032,0.524,0.119,8.0684,1.25,2.710192,,,0.368346,0.003156,0,0,3,2036.168659
HD 30652_1,HD 30652,3.379,0.099,2.314,9.159,8.0684,1.25,2.710192,,,3.695001,0.004811,0,0,3,2036.168659
HD 30652_2,HD 30652,1.418,0.081,1.563,7.047,8.0684,1.25,2.710192,,,1.532818,0.417588,0,0,3,2036.168659
HD 30652_3,HD 30652,3.27,0.133,2.129,5.731,8.0684,1.25,2.710192,,,3.700598,0.508532,0,0,3,2036.168659
HD 30652_4,HD 30652,2.754,0.119,2.49,10.16,8.0684,1.25,2.710192,,,2.794408,0.563312,0,0,3,2036.168659
HD 101501_3,HD 101501,0.112,0.069,1.262,2.497,9.5762,0.94,0.608976,,,0.116483,0.054119,0,0,6,2036.184757
HD 101501_7,HD 101501,0.888,0.054,0.887,0.333,9.5762,0.94,0.608976,,,0.892746,0.657963,0,0,6,2036.184757
HD 203608_0,HD 203608,2.203,0.092,1.79,3.488,9.2584,1.14,1.465548,,,2.38164,0.075558,0,0,4,2036.192487
HD 203608_1,HD 203608,2.342,0.1,0.502,0.104,9.2584,1.14,1.465548,,,2.117012,0.06097,0,0,4,2036.192487
HD 203608_2,HD 203608,2.74,0.062,1.086,1.189,9.2584,1.14,1.465548,,,2.601384,0.078901,0,0,4,2036.192487
HD 203608_5,HD 203608,4.293,0.038,0.929,0.698,9.2584,1.14,1.465548,,,4.447878,0.004998,0,0,4,2036.192487
HD 203608_6,HD 203608,0.526,0.072,0.985,0.486,9.2584,1.14,1.465548,,,0.493853,0.252116,0,0,4,2036.192487
HD 20794_0,HD 20794,4.322,0.17,2.962,5.742,6.0414,0.97,0.654335,,,3.991411,0.104104,0,0,6,2036.200471
HD 20794_1,HD 20794,2.398,0.095,1.302,2.525,6.0414,0.97,0.654335,,,2.61046,0.545105,0,0,6,2036.200471
HD 140538 A_0,HD 140538 A,2.088,0.047,0.685,0.069,14.7927,0.94,0.834065,,,2.114537,0.111369,0,0,5,2036.203506
HD 140538 A_1,HD 140538 A,0.512,0.053,2.798,18.338,14.7927,0.94,0.834065,,,0.53822,0.395073,0,0,5,2036.203506
HD 140538 A_2,HD 140538 A,4.137,0.053,0.916,0.304,14.7927,0.94,0.834065,,,3.958512,0.878078,0,0,5,2036.203506
HD 10700_0,HD 10700,1.625,0.099,0.563,0.087,3.6522,0.94,0.505708,,,1.558712,0.175534,0,0,7,2036.204876
HD 55575_0,HD 55575,1.084,0.09,0.727,0.186,16.8518,1.14,1.462851,,,1.059516,0.738477,0,0,4,2036.216919
HD 55575_1,HD 55575,0.133,0.053,0.578,0.677,16.8518,1.14,1.462851,,,0.129264,0.856027,0,0,4,2036.216919
HD 10476_0,HD 10476,0.171,0.07,0.738,0.088,7.6439,0.85,0.453524,,,0.170028,0.020905,0,0,7,2036.218601
HD 10360_0,HD 10360,0.111,0.132,2.009,6.936,8.1894,0.78,0.345382,,,0.121222,0.59925,0,0,8,2036.219971
HD 10360_1,HD 10360,0.559,0.036,0.525,0.063,8.1894,0.78,0.345382,,,0.565145,0.099233,0,0,8,2036.219971
HD 10360_2,HD 10360,3.873,0.13,2.182,7.34,8.1894,0.78,0.345382,,,3.676044,0.741577,0,0,8,2036.219971
HD 10360_4,HD 10360,0.185,0.028,3.239,14.497,8.1894,0.78,0.345382,,,0.188537,0.018165,0,0,8,2036.219971
HD 10360_5,HD 10360,2.33,0.067,0.679,0.17,8.1894,0.78,0.345382,,,2.315848,0.815318,0,0,8,2036.219971
HD 100623 A_0,HD 100623 A,4.014,0.105,2.503,8.448,9.559,0.88,0.369999,,,4.010809,0.195481,0,0,8,2036.221341
HD 100623 A_2,HD 100623 A,0.102,0.086,0.559,0.245,9.559,0.88,0.369999,,,0.099466,0.202513,0,0,8,2036.221341
HD 100623 A_3,HD 100623 A,4.384,0.075,1.441,2.214,9.559,0.88,0.369999,,,4.706374,0.954139,0,0,8,2036.221341
HD 100623 A_4,HD 100623 A,2.524,0.072,0.66,0.613,9.559,0.88,0.369999,,,2.695825,0.176073,0,0,8,2036.221341
HD 100623 A_5,HD 100623 A,4.18,0.038,0.734,0.337,9.559,0.88,0.369999,,,4.058383,0.689257,0,0,8,2036.221341
HD 100623 A_6,HD 100623 A,0.362,0.165,0.555,0.359,9.559,0.88,0.369999,,,0.402827,0.023853,0,0,8,2036.221341
HD 100623 A_7,HD 100623 A,4.073,0.068,1.365,1.972,9.559,0.88,0.369999,,,3.828684,0.270387,0,0,8,2036.221341
HD 128620_0,HD 128620,1.567,0.074,0.945,0.738,1.3319,1.11,1.520898,,,1.623209,0.575442,0,0,4,2036.222711
HD 128620_1,HD 128620,1.266,0.016,1.198,6.221,1.3319,1.11,1.520898,,,1.258458,0.396439,0,0,4,2036.222711
HD 10361_1,HD 10361,0.761,0.025,1.303,2.715,8.1965,0.77,0.303879,,,0.762119,0.271926,0,1,6,2036.224081
HD 10361_2,HD 10361,0.985,0.066,0.785,0.596,8.1965,0.77,0.303879,,,0.975865,0.187975,0,0,6,2036.224081
HD 10361_3,HD 10361,1.525,0.07,0.586,0.784,8.1965,0.77,0.303879,,,1.429568,0.092397,0,0,6,2036.224081
HD 10361_4,HD 10361,4.037,0.084,0.501,0.084,8.1965,0.77,0.303879,,,4.166876,0.134808,0,0,6,2036.224081
HD 43386_0,HD 43386,2.541,0.037,0.504,0.177,19.5879,1.33,2.956651,,,2.512372,0.651015,0,0,3,2036.225451
HD 43386_1,HD 43386,1.141,0.101,1.584,2.873,19.5879,1.33,2.956651,,,1.255022,0.024047,0,0,3,2036.225451
HD 43386_3,HD 43386,0.289,0.045,1.072,0.429,19.5879,1.33,2.956651,,,0.29921,0.408214,0,0,3,2036.225451
HD 155885_0,HD 155885,0.424,0.016,1.08,0.365,5.9478,0.85,0.332047,,,0.426726,0.084912,0,1,8,2036.227047
HD 155885_1,HD 155885,0.125,0.137,2.355,7.262,5.9478,0.85,0.332047,,,0.135065,0.252603,0,0,8,2036.227047
HD 155885_4,HD 155885,2.293,0.052,0.991,0.685,5.9478,0.85,0.332047,,,2.356207,0.162949,0,0,8,2036.227047
HD 187691 A_0,HD 187691 A,3.127,0.076,1.475,4.454,19.4881,1.25,2.834654,,,3.343774,0.206611,0,0,3,2036.228484
HD 187691 A_1,HD 187691 A,2.61,0.091,1.018,1.386,19.4881,1.25,2.834654,,,2.407279,0.913225,0,0,3,2036.228484
HD 187691 A_2,HD 187691 A,3.249,0.037,0.764,1.364,19.4881,1.25,2.834654,,,3.291144,0.39516,0,0,3,2036.228484
HD 187691 A_3,HD 187691 A,2.018,0.038,2.654,10.557,19.4881,1.25,2.834654,,,1.943666,0.933147,0,0,3,2036.228484
HD 149661_2,HD 149661,2.991,0.073,1.285,2.935,9.8939,0.87,0.462168,,,2.878392,0.088117,0,0,7,2036.236152
HD 149661_3,HD 149661,2.364,0.065,0.7,0.315,9.8939,0.87,0.462168,,,2.512762,0.09464,0,0,7,2036.236152
HD 149661_5,HD 149661,3.155,0.051,2.936,7.428,9.8939,0.87,0.462168,,,3.144206,0.053769,0,0,7,2036.236152
HD 1581_1,HD 1581,1.541,0.046,2.633,10.663,8.6071,1.11,1.261828,,,1.530646,0.211992,0,1,3,2036.237522
HD 1581_2,HD 1581,0.181,0.101,0.988,1.538,8.6071,1.11,1.261828,,,0.180056,0.200036,0,0,3,2036.237522
HD 1581_3,HD 1581,1.491,0.126,2.76,10.6,8.6071,1.11,1.261828,0.138499,143.620593,1.507567,0.689593,1,1,3,2036.237522
HD 1581_4,HD 1581,0.208,0.109,2.378,6.033,8.6071,1.11,1.261828,,,0.193713,0.064469,0,0,3,2036.237522
HD 86728 A_0,HD 86728 A,0.138,0.113,0.53,0.078,14.9263,1.0,1.377844,,,0.124603,0.019527,0,0,4,2036.238892
HD 86728 A_1,HD 86728 A,1.194,0.049,0.519,0.144,14.9263,1.0,1.377844,,,1.223183,0.067102,0,0,4,2036.238892
HD 86728 A_2,HD 86728 A,1.586,0.024,0.736,0.367,14.9263,1.0,1.377844,,,1.615592,0.53465,0,0,4,2036.238892
HD 86728 A_3,HD 86728 A,0.34,0.077,0.971,1.901,14.9263,1.0,1.377844,,,0.353085,0.13889,0,0,4,2036.238892
HD 86728 A_4,HD 86728 A,3.143,0.15,2.985,16.709,14.9263,1.0,1.377844,,,3.013267,0.163276,0,0,4,2036.238892
HD 86728 A_5,HD 86728 A,0.238,0.132,1.155,6.008,14.9263,1.0,1.377844,,,0.235143,0.001032,0,0,4,2036.238892
HD 86728 A_6,HD 86728 A,2.84,0.137,2.462,3.621,14.9263,1.0,1.377844,,,3.153474,0.342827,0,0,4,2036.238892
HD 43042_0,HD 43042,4.095,0.078,0.558,0.185,21.7763,1.29,2.935621,,,3.826602,0.632143,0,0,3,2036.243146
HD 43042_1,HD 43042,0.434,0.11,0.533,0.05,21.7763,1.29,2.935621,,,0.464327,0.030234,0,0,3,2036.243146
HD 43042_3,HD 43042,0.724,0.14,0.733,0.758,21.7763,1.29,2.935621,,,0.749615,0.476021,0,0,3,2036.243146
HD 166_0,HD 166,1.592,0.09,1.08,2.182,13.7662,0.94,0.647292,,,1.525021,0.308983,0,0,6,2036.244516
HD 166_1,HD 166,0.635,0.021,0.515,0.062,13.7662,0.94,0.647292,,,0.621823,0.845697,0,0,6,2036.244516
HD 128621_0,HD 128621,0.181,0.076,0.591,0.281,1.3319,0.94,0.503037,0.13646,221.317907,0.186893,0.481425,1,2,3,2036.247547
HD 128621_1,HD 128621,3.969,0.152,0.756,0.624,1.3319,0.94,0.503037,,,4.237545,0.582152,0,0,3,2036.247547
HD 128621_3,HD 128621,4.377,0.084,0.667,0.424,1.3319,0.94,0.503037,,,4.744612,0.005892,0,0,3,2036.247547
HD 128621_4,HD 128621,1.135,0.055,1.179,1.502,1.3319,0.94,0.503037,,,1.149551,0.398906,0,0,3,2036.247547
HD 210302_0,HD 210302,0.937,0.087,1.293,2.482,18.4579,1.25,2.918099,,,0.936619,0.157196,0,0,3,2036.248917
HD 210302_1,HD 210302,0.316,0.034,0.672,0.291,18.4579,1.25,2.918099,,,0.324178,0.668738,0,0,3,2036.248917
HD 210302_2,HD 210302,0.162,0.125,0.82,0.565,18.4579,1.25,2.918099,,,0.145328,0.202965,0,0,3,2036.248917
HD 210302_3,HD 210302,0.925,0.123,2.909,15.97,18.4579,1.25,2.918099,,,0.84575,0.879033,0,0,3,2036.248917
HD 210302_4,HD 210302,1.629,0.122,1.727,5.061,18.4579,1.25,2.918099,,,1.789314,0.104475,0,0,3,2036.248917
HD 30495_0,HD 30495,1.934,0.08,0.989,1.288,13.24,1.04,0.966273,,,1.78558,0.016317,0,0,5,2036.25626
HD 30495_2,HD 30495,0.416,0.06,1.179,0.557,13.24,1.04,0.966273,,,0.437732,0.084119,0,0,5,2036.25626
HD 30495_3,HD 30495,1.848,0.089,0.623,0.48,13.24,1.04,0.966273,,,1.967979,0.014448,0,0,5,2036.25626
HD 90839_0,HD 90839,3.665,0.022,0.781,0.186,12.9452,1.18,1.605092,,,3.694011,0.024609,0,0,4,2036.261005
HD 90839_1,HD 90839,0.191,0.094,1.403,2.751,12.9452,1.18,1.605092,,,0.189393,0.744064,0,0,4,2036.261005
HD 90839_2,HD 90839,3.378,0.112,1.125,1.619,12.9452,1.18,1.605092,,,3.709316,0.374345,0,0,4,2036.261005
HD 90839_5,HD 90839,0.15,0.051,2.273,4.226,12.9452,1.18,1.605092,,,0.156911,0.589273,0,0,4,2036.261005
HD 209100_0,HD 209100,2.433,0.127,0.524,0.078,3.6384,0.72,0.22182,,,2.674946,0.061378,0,0,3,2036.262374
HD 209100_1,HD 209100,1.218,0.094,0.54,0.224,3.6384,0.72,0.22182,,,1.11437,0.143576,0,0,3,2036.262374
HD 209100_2,HD 209100,0.989,0.073,1.925,7.679,3.6384,0.72,0.22182,,,1.061175,0.370385,0,0,3,2036.262374
HD 209100_4,HD 209100,3.542,0.022,2.632,11.464,3.6384,0.72,0.22182,,,3.464078,0.859553,0,0,3,2036.262374
HD 209100_5,HD 209100,0.635,0.076,0.931,0.965,3.6384,0.72,0.22182,,,0.662515,0.62096,0,0,3,2036.262374
HD 209100_6,HD 209100,1.701,0.082,0.885,1.719,3.6384,0.72,0.22182,,,1.652961,0.881993,0,0,3,2036.262374
HD 209100_8,HD 209100,2.097,0.099,2.488,10.973,3.6384,0.72,0.22182,,,2.250945,0.429188,0,0,3,2036.262374
HD 209100_9,HD 209100,0.782,0.071,2.297,6.298,3.6384,0.72,0.22182,0.207519,53.139633,0.745033,0.257697,1,3,3,2036.262374
HD 209100_10,HD 209100,0.182,0.056,2.026,7.17,3.6384,0.72,0.22182,,,0.190268,0.369117,0,0,3,2036.262374
HD 209100_11,HD 209100,0.917,0.107,1.174,2.417,3.6384,0.72,0.22182,,,0.822966,0.322972,0,0,3,2036.262374
HD 4391_0,HD 4391,0.363,0.182,1.471,1.692,15.0487,0.98,0.923422,,,0.323263,0.917977,0,0,5,2036.267563
HD 4391_1,HD 4391,1.544,0.114,0.614,0.159,15.0487,0.98,0.923422,,,1.64501,0.197399,0,0,5,2036.267563
HD 4391_2,HD 4391,0.361,0.058,0.863,0.256,15.0487,0.98,0.923422,,,0.375283,0.580489,0,0,5,2036.267563
HD 4391_3,HD 4391,0.102,0.064,0.942,1.344,15.0487,0.98,0.923422,,,0.104976,0.788765,0,0,5,2036.267563
HD 4391_4,HD 4391,0.526,0.038,2.712,11.881,15.0487,0.98,0.923422,,,0.52421,0.72828,0,0,5,2036.267563
HD 147513_0,HD 147513,1.541,0.04,0.645,0.152,12.8923,1.07,1.000691,,,1.491439,0.090906,0,0,5,2036.274379
HD 147513_1,HD 147513,1.513,0.099,0.537,0.038,12.8923,1.07,1.000691,,,1.386732,0.172342,0,0,5,2036.274379
HD 147513_2,HD 147513,4.633,0.075,1.379,7.403,12.8923,1.07,1.000691,,,4.303902,0.681222,0,0,5,2036.274379
HD 147513_4,HD 147513,0.196,0.111,0.74,0.096,12.8923,1.07,1.000691,,,0.21234,0.033456,0,0,5,2036.274379
HD 147513_5,HD 147513,4.52,0.075,0.624,0.254,12.8923,1.07,1.000691,,,4.399077,0.151363,0,0,5,2036.274379
HD 147513_6,HD 147513,1.743,0.075,1.796,2.912,12.8923,1.07,1.000691,,,1.872241,0.082519,0,0,5,2036.274379
HD 147513_7,HD 147513,2.47,0.028,0.667,0.174,12.8923,1.07,1.000691,,,2.476564,0.76496,0,0,5,2036.274379
HD 20807_0,HD 20807,0.337,0.072,1.793,3.234,12.0394,1.07,1.016951,,,0.331871,0.073082,0,0,5,2036.280273
HD 20807_1,HD 20807,1.546,0.069,0.954,0.846,12.0394,1.07,1.016951,,,1.553882,0.413242,0,0,5,2036.280273
HD 20807_2,HD 20807,2.979,0.055,2.038,8.298,12.0394,1.07,1.016951,,,3.142125,0.053314,0,0,5,2036.280273
HD 10780_0,HD 10780,0.841,0.11,1.077,1.181,10.0411,0.9,0.515941,,,0.929911,0.101665,0,0,7,2036.281643
HD 10780_3,HD 10780,2.25,0.098,1.348,1.367,10.0411,0.9,0.515941,,,2.127494,0.002912,0,0,7,2036.281643
HD 10780_4,HD 10780,2.669,0.102,2.513,12.001,10.0411,0.9,0.515941,,,2.80088,0.119669,0,0,7,2036.281643
HD 53705_0,HD 53705,0.273,0.081,1.735,2.717,17.0593,1.04,1.489704,,,0.288125,0.130947,0,0,4,2036.288533
HD 53705_1,HD 53705,2.604,0.083,3.306,16.05,17.0593,1.04,1.489704,,,2.816657,0.307649,0,0,4,2036.288533
HD 53705_2,HD 53705,1.597,0.089,2.478,13.971,17.0593,1.04,1.489704,,,1.701498,0.989657,0,0,4,2036.288533
HD 53705_3,HD 53705,0.715,0.026,1.359,2.038,17.0593,1.04,1.489704,,,0.706748,0.131415,0,0,4,2036.288533
HD 53705_4,HD 53705,0.527,0.092,2.437,10.745,17.0593,1.04,1.489704,,,0.493675,0.558956,0,0,4,2036.288533
HD 39091_1,HD 39091,3.12,0.028,1.191,1.952,18.2874,1.08,1.533204,,,3.062197,0.16003,0,0,4,2036.296214
HD 39091_2,HD 39091,2.865,0.029,0.677,0.089,18.2874,1.08,1.533204,,,2.895357,0.498762,0,0,4,2036.296214
HD 39091_3,HD 39091,3.55,0.072,1.069,0.919,18.2874,1.08,1.533204,,,3.800018,0.843348,0,0,4,2036.296214
HD 39091_4,HD 39091,4.534,0.027,1.234,1.811,18.2874,1.08,1.533204,,,4.620351,0.254179,0,0,4,2036.296214
HD 39091_5,HD 39091,1.437,0.051,1.31,1.974,18.2874,1.08,1.533204,,,1.46618,0.220305,0,0,4,2036.296214
HD 39091_6,HD 39091,0.67,0.012,2.604,6.457,18.2874,1.08,1.533204,,,0.674537,0.083391,0,0,4,2036.296214
HD 134083_0,HD 134083,0.116,0.07,1.9,7.058,19.536,1.33,3.254618,,,0.111148,0.901942,0,0,3,2036.304269
HD 134083_1,HD 134083,0.36,0.097,1.358,2.746,19.536,1.33,3.254618,,,0.341066,0.446322,0,0,3,2036.304269
HD 134083_3,HD 134083,0.749,0.13,0.881,0.684,19.536,1.33,3.254618,,,0.749934,0.674435,0,0,3,2036.304269
HD 134083_4,HD 134083,0.959,0.114,0.591,0.338,19.536,1.33,3.254618,,,0.91174,0.405154,0,0,3,2036.304269
HD 693_0,HD 693,1.045,0.058,1.136,2.579,18.8861,1.18,2.997091,,,1.028041,0.994024,0,0,3,2036.305868
HD 693_1,HD 693,0.139,0.106,2.768,7.407,18.8861,1.18,2.997091,,,0.145671,0.004418,0,0,3,2036.305868
HD 693_3,HD 693,1.448,0.069,1.975,3.042,18.8861,1.18,2.997091,,,1.486548,0.286828,0,0,3,2036.305868
HD 693_4,HD 693,1.744,0.105,1.392,2.348,18.8861,1.18,2.997091,,,1.91963,0.114978,0,0,3,2036.305868
HD 693_5,HD 693,2.909,0.1,1.423,2.794,18.8861,1.18,2.997091,,,2.619496,0.24925,0,0,3,2036.305868
HD 693_6,HD 693,2.914,0.024,0.574,0.316,18.8861,1.18,2.997091,,,2.89019,0.548365,0,0,3,2036.305868
HD 693_7,HD 693,3.93,0.01,2.298,5.004,18.8861,1.18,2.997091,,,3.946653,0.240581,0,0,3,2036.305868
HD 84737_0,HD 84737,0.596,0.087,1.352,1.551,18.8226,1.08,2.795117,,,0.647245,0.113359,0,0,3,2036.307237
HD 84737_1,HD 84737,3.025,0.071,1.189,1.926,18.8226,1.08,2.795117,,,2.962541,0.026471,0,0,3,2036.307237
HD 84737_2,HD 84737,1.078,0.014,1.079,0.698,18.8226,1.08,2.795117,,,1.062909,0.319402,0,0,3,2036.307237
HD 84737_3,HD 84737,3.774,0.025,0.833,0.848,18.8226,1.08,2.795117,,,3.770705,0.013018,0,0,3,2036.307237
HD 84737_4,HD 84737,0.254,0.074,3.133,13.741,18.8226,1.08,2.795117,,,0.259553,0.349612,0,0,3,2036.307237
HD 84737_5,HD 84737,2.993,0.205,0.508,0.086,18.8226,1.08,2.795117,,,3.606237,0.644769,0,0,3,2036.307237
HD 95128_1,HD 95128,2.285,0.074,0.586,0.282,13.8875,1.07,1.576885,,,2.34584,0.014295,0,0,4,2036.309344
HD 95128_2,HD 95128,4.586,0.035,0.538,0.083,13.8875,1.07,1.576885,,,4.743986,0.002653,0,0,4,2036.309344
HD 95128_3,HD 95128,0.343,0.031,2.771,10.086,13.8875,1.07,1.576885,,,0.340303,0.67793,0,0,4,2036.309344
HD 95128_4,HD 95128,2.15,0.173,1.218,6.511,13.8875,1.07,1.576885,,,1.819041,0.223851,0,0,4,2036.309344
HD 95128_5,HD 95128,0.6,0.105,2.299,8.137,13.8875,1.07,1.576885,,,0.653738,0.588002,0,0,4,2036.309344
HD 95128_6,HD 95128,0.335,0.024,2.419,8.582,13.8875,1.07,1.576885,,,0.330436,0.683456,0,0,4,2036.309344
HD 95128_7,HD 95128,0.847,0.089,1.394,3.129,13.8875,1.07,1.576885,,,0.91031,0.597684,0,0,4,2036.309344
HD 95128_8,HD 95128,0.588,0.034,2.182,8.46,13.8875,1.07,1.576885,,,0.577183,0.766191,0,0,4,2036.309344
HD 212330 A_0,HD 212330 A,1.747,0.031,3.281,9.208,20.3398,1.02,2.726465,,,1.800978,0.211145,0,0,3,2036.323014
HD 17925_0,HD 17925,1.472,0.037,0.676,0.068,10.3605,0.82,0.400959,,,1.420595,0.605045,0,0,8,2036.330902
HD 17925_2,HD 17925,0.735,0.099,0.938,0.945,10.3605,0.82,0.400959,,,0.67408,0.262138,0,0,8,2036.330902
HD 17925_3,HD 17925,0.561,0.086,1.065,2.041,10.3605,0.82,0.400959,,,0.540657,0.449035,0,0,8,2036.330902
HD 17925_4,HD 17925,0.848,0.062,1.424,1.901,10.3605,0.82,0.400959,,,0.867175,0.958218,0,0,8,2036.330902
HD 17925_6,HD 17925,3.618,0.076,0.719,0.216,10.3605,0.82,0.400959,,,3.848798,0.109242,0,0,8,2036.330902
HD 136352_0,HD 136352,1.127,0.083,0.501,0.05,14.7391,1.02,1.028964,,,1.219411,0.431727,0,0,5,2036.332272
HD 136352_2,HD 136352,0.995,0.082,1.549,3.519,14.7391,1.02,1.028964,,,0.980031,0.58761,0,0,5,2036.332272
HD 136352_3,HD 136352,3.774,0.069,2.041,4.78,14.7391,1.02,1.028964,,,3.57262,0.568691,0,0,5,2036.332272
HD 136352_4,HD 136352,1.831,0.068,0.826,0.342,14.7391,1.02,1.028964,,,1.731998,0.469239,0,0,5,2036.332272
HD 22484_0,HD 22484,0.838,0.146,1.142,1.607,13.9204,1.14,3.067609,,,0.918043,0.07083,0,0,3,2036.343277
HD 22484_1,HD 22484,1.12,0.109,1.996,7.679,13.9204,1.14,3.067609,,,1.240215,0.005419,0,0,3,2036.343277
HD 22484_2,HD 22484,0.469,0.117,1.765,3.166,13.9204,1.14,3.067609,,,0.461032,0.408873,0,0,3,2036.343277
HD 22484_5,HD 22484,4.456,0.081,0.516,0.034,13.9204,1.14,3.067609,,,4.147076,0.138082,0,0,3,2036.343277
HD 22484_7,HD 22484,3.201,0.074,0.943,1.501,13.9204,1.14,3.067609,,,3.142647,0.631622,0,0,3,2036.343277
HD 156274 A_3,HD 156274 A,4.433,0.138,1.608,3.519,8.7911,0.9,0.451648,,,5.042304,0.041994,0,0,8,2036.346978
HD 3651 A_0,HD 3651 A,0.818,0.09,1.086,0.195,11.1081,0.86,0.531986,,,0.887019,0.187234,0,0,7,2036.365119
HD 3651 A_3,HD 3651 A,0.106,0.12,3.284,8.237,11.1081,0.86,0.531986,,,0.110814,0.683862,0,0,7,2036.365119
HD 3651 A_5,HD 3651 A,0.552,0.025,0.534,0.148,11.1081,0.86,0.531986,,,0.563912,0.511896,0,0,7,2036.365119
HD 17051_0,HD 17051,1.593,0.055,0.8,0.166,17.3572,1.14,1.737401,,,1.519494,0.001259,0,0,4,2036.366563
HD 17051_1,HD 17051,2.146,0.107,1.035,0.971,17.3572,1.14,1.737401,,,2.118727,0.082157,0,0,4,2036.366563
HD 17051_2,HD 17051,4.311,0.108,1.302,2.591,17.3572,1.14,1.737401,,,3.942961,0.097951,0,0,4,2036.366563
HD 165499_0,HD 165499,3.777,0.071,0.637,0.161,17.7532,1.08,1.73141,,,3.843717,0.000667,0,0,3,2036.368082
HD 165499_1,HD 165499,0.192,0.04,0.654,0.106,17.7532,1.08,1.73141,,,0.188713,0.492383,0,0,3,2036.368082
HD 165499_3,HD 165499,0.221,0.065,0.75,0.229,17.7532,1.08,1.73141,,,0.235344,0.485193,0,0,3,2036.368082
HD 165499_4,HD 165499,1.569,0.062,3.377,24.497,17.7532,1.08,1.73141,0.087204,167.78076,1.591299,0.373438,1,2,3,2036.368082
HD 10361_1,HD 10361,0.761,0.025,1.303,2.715,8.1965,0.77,0.303879,0.061627,329.033496,0.779054,0.788513,1,2,7,2036.369452
HD 10361_2,HD 10361,0.985,0.066,0.785,0.596,8.1965,0.77,0.303879,,,0.930649,0.598323,0,0,7,2036.369452
HD 10361_3,HD 10361,1.525,0.07,0.586,0.784,8.1965,0.77,0.303879,,,1.418253,0.141591,0,0,7,2036.369452
HD 10361_4,HD 10361,4.037,0.084,0.501,0.084,8.1965,0.77,0.303879,,,4.196122,0.106776,0,0,7,2036.369452
HD 109358_0,HD 109358,0.599,0.064,0.661,0.193,8.4727,1.08,1.151065,,,0.636943,0.249346,0,0,5,2036.370822
HD 109358_1,HD 109358,0.313,0.024,1.946,4.835,8.4727,1.08,1.151065,,,0.305947,0.053597,0,0,5,2036.370822
HD 109358_3,HD 109358,0.172,0.066,1.409,1.609,8.4727,1.08,1.151065,,,0.160903,0.89215,0,0,5,2036.370822
HD 109358_4,HD 109358,1.488,0.078,0.58,0.237,8.4727,1.08,1.151065,,,1.402905,0.085619,0,0,5,2036.370822
HD 109358_5,HD 109358,3.968,0.05,3.285,25.806,8.4727,1.08,1.151065,,,3.82525,0.003731,0,0,5,2036.370822
HD 20766_0,HD 20766,1.336,0.161,1.674,3.092,12.0447,1.01,0.794328,,,1.518256,0.081595,0,0,6,2036.377372
HD 20766_1,HD 20766,0.327,0.097,2.659,6.922,12.0447,1.01,0.794328,,,0.324851,0.494937,0,0,6,2036.377372
HD 20766_4,HD 20766,1.915,0.031,0.912,0.441,12.0447,1.01,0.794328,,,1.95177,0.020015,0,0,6,2036.377372
HD 95735_0,HD 95735,0.673,0.041,0.901,1.876,2.5461,0.44,0.019934,,,0.661139,0.289481,0,0,8,2036.379566
HD 95735_2,HD 95735,0.392,0.078,0.638,0.252,2.5461,0.44,0.019934,,,0.36281,0.289228,0,3,8,2036.379566
HD 95735_3,HD 95735,0.164,0.146,0.847,1.655,2.5461,0.44,0.019934,0.066402,111.681364,0.170909,0.192055,1,5,8,2036.379566
HD 95735_4,HD 95735,2.481,0.023,1.454,2.402,2.5461,0.44,0.019934,,,2.436916,0.097361,0,0,8,2036.379566
HD 95735_6,HD 95735,0.163,0.047,1.008,2.764,2.5461,0.44,0.019934,,,0.170529,0.004794,0,2,8,2036.379566
HD 34411_0,HD 34411,0.295,0.082,3.192,8.429,12.5625,1.08,1.731809,,,0.30391,0.437601,0,0,4,2036.381122
HD 34411_1,HD 34411,1.539,0.078,0.897,0.713,12.5625,1.08,1.731809,,,1.656899,0.045541,0,0,4,2036.381122
HD 34411_3,HD 34411,1.691,0.074,0.798,0.808,12.5625,1.08,1.731809,,,1.808767,0.042147,0,0,4,2036.381122
HD 146233_0,HD 146233,0.356,0.047,2.679,8.19,14.1369,1.02,1.094208,,,0.359284,0.79784,0,0,5,2036.382837
HD 146233_1,HD 146233,0.206,0.044,2.032,3.376,14.1369,1.02,1.094208,,,0.207361,0.351183,0,0,5,2036.382837
HD 146233_4,HD 146233,0.539,0.141,1.433,3.682,14.1369,1.02,1.094208,,,0.610397,0.93432,0,0,5,2036.382837
HD 46588 A_0,HD 46588 A,1.961,0.092,1.375,5.123,18.2023,1.18,1.825997,,,2.094687,0.376287,0,0,4,2036.391443
HD 46588 A_2,HD 46588 A,0.149,0.051,1.651,3.767,18.2023,1.18,1.825997,,,0.142593,0.00027,0,0,4,2036.391443
HD 46588 A_4,HD 46588 A,0.634,0.042,1.252,1.899,18.2023,1.18,1.825997,,,0.636658,0.16746,0,0,4,2036.391443
HD 46588 A_5,HD 46588 A,0.119,0.052,0.593,0.101,18.2023,1.18,1.825997,,,0.124694,0.327777,0,0,4,2036.391443
HD 46588 A_6,HD 46588 A,0.647,0.045,2.121,5.747,18.2023,1.18,1.825997,,,0.654188,0.102492,0,0,4,2036.391443
HD 46588 A_7,HD 46588 A,1.085,0.088,1.256,5.584,18.2023,1.18,1.825997,,,1.155281,0.018002,0,0,4,2036.391443
HD 46588 A_8,HD 46588 A,2.008,0.017,0.521,0.08,18.2023,1.18,1.825997,,,1.985437,0.783434,0,0,4,2036.391443
HD 10700_0,HD 10700,1.625,0.099,0.563,0.087,3.6522,0.94,0.505708,,,1.487498,0.272025,0,0,8,2036.395844
HD 4614 A_0,HD 4614 A,4.718,0.051,1.358,3.151,5.0098,1.14,1.251988,,,4.844177,0.054461,0,0,5,2036.401954
HD 4614 A_1,HD 4614 A,0.651,0.133,0.728,0.235,5.0098,1.14,1.251988,,,0.638058,0.605394,0,0,5,2036.401954
HD 4614 A_2,HD 4614 A,2.584,0.017,1.361,2.842,5.0098,1.14,1.251988,,,2.567137,0.192857,0,0,5,2036.401954
HD 10476_0,HD 10476,0.171,0.07,0.738,0.088,7.6439,0.85,0.453524,,,0.166446,0.726205,0,0,8,2036.403674
HD 101501_3,HD 101501,0.112,0.069,1.262,2.497,9.5762,0.94,0.608976,,,0.115237,0.81934,0,0,7,2036.405044
HD 101501_7,HD 101501,0.888,0.054,0.887,0.333,9.5762,0.94,0.608976,,,0.840053,0.772845,0,0,7,2036.405044
HD 142373_0,HD 142373,1.268,0.168,0.757,0.148,15.8975,1.08,3.136173,,,1.479798,0.779569,0,0,3,2036.406414
HD 142373_1,HD 142373,1.76,0.092,0.868,0.535,15.8975,1.08,3.136173,,,1.918102,0.668106,0,0,3,2036.406414
HD 142373_2,HD 142373,0.834,0.129,2.923,6.259,15.8975,1.08,3.136173,,,0.767423,0.750244,0,0,3,2036.406414
HD 142373_4,HD 142373,1.161,0.006,1.265,2.536,15.8975,1.08,3.136173,,,1.15589,0.054433,0,0,3,2036.406414
HD 142373_6,HD 142373,4.705,0.105,0.947,0.923,15.8975,1.08,3.136173,,,4.554661,0.06189,0,0,3,2036.406414
HD 142373_7,HD 142373,1.878,0.051,2.611,6.816,15.8975,1.08,3.136173,,,1.960334,0.009634,0,0,3,2036.406414
HD 142373_8,HD 142373,3.092,0.053,1.805,7.326,15.8975,1.08,3.136173,,,2.929586,0.672361,0,0,3,2036.406414
HD 149661_2,HD 149661,2.991,0.073,1.285,2.935,9.8939,0.87,0.462168,,,2.840289,0.06578,0,0,8,2036.421694
HD 149661_3,HD 149661,2.364,0.065,0.7,0.315,9.8939,0.87,0.462168,,,2.496162,0.168754,0,0,8,2036.421694
HD 149661_5,HD 149661,3.155,0.051,2.936,7.428,9.8939,0.87,0.462168,,,3.175319,0.028002,0,0,8,2036.421694
HD 20794_0,HD 20794,4.322,0.17,2.962,5.742,6.0414,0.97,0.654335,,,3.883706,0.150738,0,0,7,2036.42854
HD 20794_1,HD 20794,2.398,0.095,1.302,2.525,6.0414,0.97,0.654335,,,2.625759,0.686193,0,0,7,2036.42854
HD 166_0,HD 166,1.592,0.09,1.08,2.182,13.7662,0.94,0.647292,,,1.623046,0.688903,0,0,7,2036.474322
HD 166_1,HD 166,0.635,0.021,0.515,0.062,13.7662,0.94,0.647292,,,0.648029,0.071858,0,0,7,2036.474322
HD 219134_0,HD 219134,1.298,0.068,3.021,11.197,6.5418,0.75,0.265889,,,1.313758,0.212713,0,0,4,2036.479394
HD 219134_1,HD 219134,0.107,0.06,0.589,0.114,6.5418,0.75,0.265889,,,0.110706,0.732569,0,0,4,2036.479394
HD 219134_2,HD 219134,0.475,0.085,1.279,2.244,6.5418,0.75,0.265889,0.065095,254.265549,0.49896,0.551562,1,2,4,2036.479394
HD 219134_3,HD 219134,2.999,0.067,1.913,4.52,6.5418,0.75,0.265889,,,3.141276,0.856258,0,0,4,2036.479394
HD 219134_4,HD 219134,0.285,0.083,1.716,4.805,6.5418,0.75,0.265889,,,0.308096,0.39891,0,0,4,2036.479394
HD 219134_5,HD 219134,1.823,0.052,1.09,4.144,6.5418,0.75,0.265889,,,1.765222,0.039781,0,0,4,2036.479394
HD 219134_7,HD 219134,0.986,0.056,2.277,3.449,6.5418,0.75,0.265889,0.142518,162.39909,0.946587,0.221837,1,2,4,2036.479394
HD 10780_0,HD 10780,0.841,0.11,1.077,1.181,10.0411,0.9,0.515941,,,0.825357,0.381765,0,0,8,2036.480764
HD 10780_3,HD 10780,2.25,0.098,1.348,1.367,10.0411,0.9,0.515941,,,2.201182,0.013315,0,0,8,2036.480764
HD 10780_4,HD 10780,2.669,0.102,2.513,12.001,10.0411,0.9,0.515941,,,2.857035,0.141159,0,0,8,2036.480764
HD 84117_2,HD 84117,0.48,0.183,0.807,0.707,14.9515,1.14,1.977425,,,0.545255,0.28077,0,0,4,2036.482134
HD 84117_3,HD 84117,2.469,0.127,0.583,0.157,14.9515,1.14,1.977425,,,2.217076,0.606705,0,0,4,2036.482134
HD 84117_5,HD 84117,2.421,0.095,0.605,0.239,14.9515,1.14,1.977425,,,2.226079,0.305066,0,0,4,2036.482134
HD 140538 A_0,HD 140538 A,2.088,0.047,0.685,0.069,14.7927,0.94,0.834065,,,2.059792,0.014323,0,0,6,2036.483504
HD 140538 A_1,HD 140538 A,0.512,0.053,2.798,18.338,14.7927,0.94,0.834065,,,0.504463,0.95536,0,0,6,2036.483504
HD 140538 A_2,HD 140538 A,4.137,0.053,0.916,0.304,14.7927,0.94,0.834065,,,3.935669,0.930855,0,0,6,2036.483504
HD 65907 A_0,HD 65907 A,0.584,0.099,0.585,0.122,16.1718,1.11,1.290031,,,0.591476,0.180584,0,0,5,2036.490126
HD 65907 A_1,HD 65907 A,1.316,0.075,0.982,3.131,16.1718,1.11,1.290031,,,1.414242,0.015701,0,0,5,2036.490126
HD 65907 A_2,HD 65907 A,1.009,0.058,1.202,5.136,16.1718,1.11,1.290031,,,1.063157,0.163867,0,0,5,2036.490126
HD 7570_0,HD 7570,3.031,0.054,1.134,3.652,15.2609,1.14,2.003549,,,2.898363,0.226712,0,0,4,2036.492406
HD 7570_1,HD 7570,0.15,0.071,0.941,0.218,15.2609,1.14,2.003549,,,0.15703,0.020852,0,0,4,2036.492406
HD 7570_2,HD 7570,1.977,0.063,1.73,3.716,15.2609,1.14,2.003549,,,2.028637,0.334868,0,0,4,2036.492406
HD 7570_3,HD 7570,3.034,0.079,1.364,1.913,15.2609,1.14,2.003549,,,2.925409,0.465127,0,0,4,2036.492406
HD 7570_4,HD 7570,0.569,0.099,0.726,0.483,15.2609,1.14,2.003549,,,0.518866,0.517993,0,0,4,2036.492406
HD 190360_0,HD 190360,0.922,0.17,1.79,3.759,16.0035,0.96,1.165467,,,0.889228,0.004152,0,0,5,2036.493775
HD 190360_1,HD 190360,3.764,0.081,1.071,1.582,16.0035,0.96,1.165467,,,3.953413,0.173085,0,0,5,2036.493775
HD 190360_3,HD 190360,3.632,0.139,2.733,10.267,16.0035,0.96,1.165467,,,4.122913,0.374257,0,0,5,2036.493775
HD 190360_4,HD 190360,1.735,0.021,0.534,0.045,16.0035,0.96,1.165467,,,1.700459,0.517603,0,0,5,2036.493775
HD 190360_5,HD 190360,0.581,0.08,1.934,2.88,16.0035,0.96,1.165467,,,0.538379,0.016436,0,0,5,2036.493775
HD 23249_0,HD 23249,2.38,0.039,0.804,0.586,9.0888,0.87,2.941034,,,2.371593,0.056845,0,0,3,2036.495145
HD 23249_1,HD 23249,2.348,0.031,1.487,3.029,9.0888,0.87,2.941034,,,2.330108,0.453642,0,0,3,2036.495145
HD 17206_0,HD 17206,1.742,0.09,0.885,1.25,14.2764,1.21,2.616978,,,1.884814,0.250634,0,0,3,2036.506609
HD 17206_1,HD 17206,0.879,0.039,2.253,5.781,14.2764,1.21,2.616978,,,0.913034,0.020286,0,1,3,2036.506609
HD 17206_2,HD 17206,0.485,0.035,0.762,0.888,14.2764,1.21,2.616978,,,0.485469,0.237241,0,0,3,2036.506609
HD 114710_0,HD 114710,1.415,0.117,0.681,0.147,9.1975,1.11,1.357063,,,1.580552,0.768667,0,0,5,2036.514696
HD 114710_1,HD 114710,0.314,0.116,0.63,1.142,9.1975,1.11,1.357063,,,0.348682,0.003516,0,0,5,2036.514696
HD 114710_2,HD 114710,2.258,0.018,0.683,0.173,9.1975,1.11,1.357063,,,2.295165,0.468048,0,0,5,2036.514696
HD 114710_4,HD 114710,0.861,0.053,0.898,0.439,9.1975,1.11,1.357063,,,0.821935,0.163708,0,0,5,2036.514696
HD 114710_5,HD 114710,0.124,0.109,3.108,17.681,9.1975,1.11,1.357063,,,0.134148,0.384356,0,0,5,2036.514696
HD 19373_0,HD 19373,0.74,0.034,3.212,9.93,10.5774,1.08,2.230489,0.077337,4.173509,0.754668,0.317563,1,3,3,2036.518721
HD 19373_2,HD 19373,0.724,0.048,1.483,3.085,10.5774,1.08,2.230489,0.071309,353.062966,0.754521,0.417767,1,1,3,2036.518721
HD 19373_3,HD 19373,0.676,0.061,1.037,1.075,10.5774,1.08,2.230489,,,0.648335,0.251813,0,0,3,2036.518721
HD 19373_6,HD 19373,0.114,0.04,2.433,8.086,10.5774,1.08,2.230489,,,0.118097,0.727414,0,0,3,2036.518721
HD 19373_7,HD 19373,2.87,0.048,1.622,2.945,10.5774,1.08,2.230489,,,2.906554,0.577932,0,0,3,2036.518721
HD 50692_0,HD 50692,3.95,0.04,2.831,10.297,17.4047,1.08,1.293302,,,4.107671,0.177128,0,0,5,2036.520774
HD 50692_1,HD 50692,0.28,0.064,0.734,0.092,17.4047,1.08,1.293302,,,0.272628,0.706058,0,0,5,2036.520774
HD 50692_2,HD 50692,0.513,0.081,1.798,3.652,17.4047,1.08,1.293302,,,0.55455,0.365876,0,0,5,2036.520774
HD 50692_3,HD 50692,0.925,0.032,2.849,9.197,17.4047,1.08,1.293302,,,0.912615,0.956449,0,0,5,2036.520774
HD 143761_0,HD 143761,2.268,0.052,0.622,0.131,17.5108,0.97,1.812174,,,2.1698,0.006851,0,0,4,2036.522143
HD 143761_3,HD 143761,0.463,0.017,0.834,0.619,17.5108,0.97,1.812174,,,0.45564,0.580872,0,0,4,2036.522143
HD 143761_4,HD 143761,1.096,0.157,0.808,0.895,17.5108,0.97,1.812174,,,0.983311,0.744948,0,0,4,2036.522143
HD 143761_5,HD 143761,0.834,0.096,1.155,1.684,17.5108,0.97,1.812174,,,0.871147,0.090191,0,0,4,2036.522143
HD 143761_7,HD 143761,2.609,0.089,2.154,12.289,17.5108,0.97,1.812174,,,2.837003,0.036618,0,0,4,2036.522143
HD 141004_0,HD 141004,2.629,0.092,2.901,8.518,11.9159,1.09,2.003549,,,2.5912,0.021721,0,0,4,2036.523513
HD 141004_1,HD 141004,0.651,0.071,0.654,0.168,11.9159,1.09,2.003549,,,0.635219,0.089265,0,0,4,2036.523513
HD 141004_2,HD 141004,4.426,0.098,1.019,2.941,11.9159,1.09,2.003549,,,3.995049,0.067922,0,0,4,2036.523513
HD 141004_3,HD 141004,4.115,0.06,0.578,0.125,11.9159,1.09,2.003549,,,3.993103,0.402543,0,0,4,2036.523513
HD 141004_4,HD 141004,3.163,0.091,1.732,4.206,11.9159,1.09,2.003549,,,3.342676,0.39658,0,0,4,2036.523513
HD 160691_0,HD 160691,1.46,0.051,0.67,0.675,15.6042,1.0,1.898891,,,1.524279,0.724509,0,0,4,2036.537233
HD 160691_1,HD 160691,0.274,0.085,0.88,0.645,15.6042,1.0,1.898891,,,0.268087,0.255121,0,0,4,2036.537233
HD 160691_2,HD 160691,0.346,0.144,0.58,0.053,15.6042,1.0,1.898891,,,0.298357,0.011545,0,0,4,2036.537233
HD 160691_3,HD 160691,0.123,0.058,0.556,0.091,15.6042,1.0,1.898891,,,0.129202,0.823595,0,0,4,2036.537233
HD 160691_4,HD 160691,2.415,0.073,1.777,2.687,15.6042,1.0,1.898891,,,2.42276,0.142475,0,0,4,2036.537233
HD 160691_6,HD 160691,2.937,0.058,2.424,6.338,15.6042,1.0,1.898891,,,2.810624,0.605828,0,0,4,2036.537233
HD 160691_7,HD 160691,3.23,0.098,2.375,5.354,15.6042,1.0,1.898891,,,3.294184,0.071848,0,0,4,2036.537233
HD 190248_1,HD 190248,1.11,0.055,1.408,3.629,6.0993,0.94,1.249971,,,1.076728,0.45834,0,0,5,2036.540984
HD 190248_2,HD 190248,3.754,0.072,1.017,1.24,6.0993,0.94,1.249971,,,3.964518,0.562142,0,0,5,2036.540984
HD 190248_3,HD 190248,1.406,0.139,0.51,0.568,6.0993,0.94,1.249971,,,1.446722,0.088592,0,0,5,2036.540984
HD 10361_1,HD 10361,0.761,0.025,1.303,2.715,8.1965,0.77,0.303879,0.073833,217.055262,0.76892,0.621233,1,3,8,2036.549074
HD 10361_2,HD 10361,0.985,0.066,0.785,0.596,8.1965,0.77,0.303879,,,0.927955,0.914079,0,0,8,2036.549074
HD 10361_3,HD 10361,1.525,0.07,0.586,0.784,8.1965,0.77,0.303879,,,1.434308,0.268237,0,0,8,2036.549074
HD 10361_4,HD 10361,4.037,0.084,0.501,0.084,8.1965,0.77,0.303879,,,4.229986,0.077666,0,0,8,2036.549074
HD 30495_0,HD 30495,1.934,0.08,0.989,1.288,13.24,1.04,0.966273,,,1.796454,0.060964,0,0,6,2036.55132
HD 30495_2,HD 30495,0.416,0.06,1.179,0.557,13.24,1.04,0.966273,,,0.423807,0.364005,0,0,6,2036.55132
HD 30495_3,HD 30495,1.848,0.089,0.623,0.48,13.24,1.04,0.966273,,,1.863258,0.055877,0,0,6,2036.55132
HD 4391_0,HD 4391,0.363,0.182,1.471,1.692,15.0487,0.98,0.923422,,,0.356387,0.055184,0,0,6,2036.561354
HD 4391_1,HD 4391,1.544,0.114,0.614,0.159,15.0487,0.98,0.923422,,,1.719294,0.552881,0,0,6,2036.561354
HD 4391_2,HD 4391,0.361,0.058,0.863,0.256,15.0487,0.98,0.923422,,,0.340271,0.039585,0,0,6,2036.561354
HD 4391_3,HD 4391,0.102,0.064,0.942,1.344,15.0487,0.98,0.923422,,,0.107691,0.850761,0,0,6,2036.561354
HD 4391_4,HD 4391,0.526,0.038,2.712,11.881,15.0487,0.98,0.923422,,,0.545581,0.781742,0,0,6,2036.561354
HD 3651 A_0,HD 3651 A,0.818,0.09,1.086,0.195,11.1081,0.86,0.531986,,,0.791739,0.049819,0,0,8,2036.572503
HD 3651 A_3,HD 3651 A,0.106,0.12,3.284,8.237,11.1081,0.86,0.531986,,,0.111971,0.002263,0,0,8,2036.572503
HD 3651 A_5,HD 3651 A,0.552,0.025,0.534,0.148,11.1081,0.86,0.531986,,,0.53907,0.218447,0,0,8,2036.572503
HD 147513_0,HD 147513,1.541,0.04,0.645,0.152,12.8923,1.07,1.000691,,,1.547135,0.120568,0,0,6,2036.573873
HD 147513_1,HD 147513,1.513,0.099,0.537,0.038,12.8923,1.07,1.000691,,,1.526249,0.346253,0,0,6,2036.573873
HD 147513_2,HD 147513,4.633,0.075,1.379,7.403,12.8923,1.07,1.000691,,,4.33427,0.717207,0,0,6,2036.573873
HD 147513_4,HD 147513,0.196,0.111,0.74,0.096,12.8923,1.07,1.000691,,,0.176222,0.71975,0,0,6,2036.573873
HD 147513_5,HD 147513,4.52,0.075,0.624,0.254,12.8923,1.07,1.000691,,,4.335811,0.094321,0,0,6,2036.573873
HD 147513_6,HD 147513,1.743,0.075,1.796,2.912,12.8923,1.07,1.000691,,,1.819323,0.212769,0,0,6,2036.573873
HD 147513_7,HD 147513,2.47,0.028,0.667,0.174,12.8923,1.07,1.000691,,,2.508583,0.490298,0,0,6,2036.573873
HD 203608_0,HD 203608,2.203,0.092,1.79,3.488,9.2584,1.14,1.465548,,,2.400181,0.116877,0,0,5,2036.577653
HD 203608_1,HD 203608,2.342,0.1,0.502,0.104,9.2584,1.14,1.465548,,,2.13837,0.002373,0,0,5,2036.577653
HD 203608_2,HD 203608,2.74,0.062,1.086,1.189,9.2584,1.14,1.465548,,,2.570131,0.00266,0,0,5,2036.577653
HD 203608_5,HD 203608,4.293,0.038,0.929,0.698,9.2584,1.14,1.465548,,,4.456007,0.003687,0,0,5,2036.577653
HD 203608_6,HD 203608,0.526,0.072,0.985,0.486,9.2584,1.14,1.465548,,,0.508088,0.108558,0,0,5,2036.577653
HD 20807_0,HD 20807,0.337,0.072,1.793,3.234,12.0394,1.07,1.016951,,,0.356723,0.366437,0,0,6,2036.582536
HD 20807_1,HD 20807,1.546,0.069,0.954,0.846,12.0394,1.07,1.016951,,,1.639082,0.821128,0,0,6,2036.582536
HD 20807_2,HD 20807,2.979,0.055,2.038,8.298,12.0394,1.07,1.016951,,,3.126044,0.121638,0,0,6,2036.582536
HD 128167_0,HD 128167,1.283,0.14,1.15,1.29,15.756,1.39,3.181999,,,1.316126,0.003868,0,0,3,2036.591647
HD 128167_2,HD 128167,3.433,0.063,1.328,2.483,15.756,1.39,3.181999,,,3.609654,0.811423,0,0,3,2036.591647
HD 128167_3,HD 128167,4.878,0.117,2.132,5.678,15.756,1.39,3.181999,,,4.961645,0.779748,0,0,3,2036.591647
HD 128167_4,HD 128167,1.323,0.044,1.923,2.477,15.756,1.39,3.181999,,,1.35937,0.040154,0,1,3,2036.591647
HD 38393_0,HD 38393,0.205,0.072,1.088,1.383,8.905,1.23,2.344229,,,0.214797,0.019807,0,0,4,2036.593017
HD 38393_1,HD 38393,3.39,0.099,0.656,0.073,8.905,1.23,2.344229,,,3.513562,0.019828,0,0,4,2036.593017
HD 38393_3,HD 38393,0.355,0.086,1.549,2.098,8.905,1.23,2.344229,,,0.378639,0.215066,0,0,4,2036.593017
HD 38393_4,HD 38393,4.373,0.052,1.208,1.876,8.905,1.23,2.344229,,,4.215744,0.021158,0,0,4,2036.593017
HD 55575_0,HD 55575,1.084,0.09,0.727,0.186,16.8518,1.14,1.462851,,,1.17583,0.497398,0,0,5,2036.601554
HD 55575_1,HD 55575,0.133,0.053,0.578,0.677,16.8518,1.14,1.462851,,,0.131503,0.064959,0,0,5,2036.601554
HD 142860_0,HD 142860,0.405,0.081,2.385,6.459,11.2537,1.25,3.038785,,,0.436248,0.081823,0,0,3,2036.606779
HD 142860_2,HD 142860,3.184,0.073,1.146,0.989,11.2537,1.25,3.038785,,,3.414401,0.224567,0,0,3,2036.606779
HD 142860_3,HD 142860,0.465,0.068,1.963,1.786,11.2537,1.25,3.038785,,,0.496351,0.057254,0,0,3,2036.606779
HD 142860_5,HD 142860,0.92,0.074,2.443,8.017,11.2537,1.25,3.038785,,,0.857562,0.031122,0,1,3,2036.606779
HD 142860_6,HD 142860,0.627,0.092,3.102,5.436,11.2537,1.25,3.038785,,,0.579417,0.560353,0,0,3,2036.606779
HD 128620_0,HD 128620,1.567,0.074,0.945,0.738,1.3319,1.11,1.520898,,,1.478748,0.028302,0,0,5,2036.624053
HD 128620_1,HD 128620,1.266,0.016,1.198,6.221,1.3319,1.11,1.520898,,,1.286154,0.730703,0,0,5,2036.624053
HD 101501_3,HD 101501,0.112,0.069,1.262,2.497,9.5762,0.94,0.608976,,,0.104557,0.194473,0,0,8,2036.625423
HD 101501_7,HD 101501,0.888,0.054,0.887,0.333,9.5762,0.94,0.608976,,,0.891425,0.032633,0,0,8,2036.625423
HD 86728 A_0,HD 86728 A,0.138,0.113,0.53,0.078,14.9263,1.0,1.377844,,,0.137286,0.365058,0,0,5,2036.631538
HD 86728 A_1,HD 86728 A,1.194,0.049,0.519,0.144,14.9263,1.0,1.377844,,,1.236186,0.172017,0,0,5,2036.631538
HD 86728 A_2,HD 86728 A,1.586,0.024,0.736,0.367,14.9263,1.0,1.377844,,,1.618893,0.195363,0,0,5,2036.631538
HD 86728 A_3,HD 86728 A,0.34,0.077,0.971,1.901,14.9263,1.0,1.377844,,,0.350689,0.155542,0,0,5,2036.631538
HD 86728 A_4,HD 86728 A,3.143,0.15,2.985,16.709,14.9263,1.0,1.377844,,,3.221679,0.061773,0,0,5,2036.631538
HD 86728 A_5,HD 86728 A,0.238,0.132,1.155,6.008,14.9263,1.0,1.377844,,,0.264694,0.579167,0,0,5,2036.631538
HD 86728 A_6,HD 86728 A,2.84,0.137,2.462,3.621,14.9263,1.0,1.377844,,,3.223096,0.18938,0,0,5,2036.631538
HD 20766_0,HD 20766,1.336,0.161,1.674,3.092,12.0447,1.01,0.794328,,,1.34238,0.136692,0,0,7,2036.63586
HD 20766_1,HD 20766,0.327,0.097,2.659,6.922,12.0447,1.01,0.794328,,,0.313473,0.076844,0,0,7,2036.63586
HD 20766_4,HD 20766,1.915,0.031,0.912,0.441,12.0447,1.01,0.794328,,,1.971677,0.12841,0,0,7,2036.63586
HD 136352_0,HD 136352,1.127,0.083,0.501,0.05,14.7391,1.02,1.028964,,,1.110999,0.077569,0,0,6,2036.644593
HD 136352_2,HD 136352,0.995,0.082,1.549,3.519,14.7391,1.02,1.028964,,,1.075695,0.001989,0,0,6,2036.644593
HD 136352_3,HD 136352,3.774,0.069,2.041,4.78,14.7391,1.02,1.028964,,,3.534093,0.554461,0,0,6,2036.644593
HD 136352_4,HD 136352,1.831,0.068,0.826,0.342,14.7391,1.02,1.028964,,,1.819464,0.239428,0,0,6,2036.644593
HD 20794_0,HD 20794,4.322,0.17,2.962,5.742,6.0414,0.97,0.654335,,,3.786676,0.212527,0,0,8,2036.656608
HD 20794_1,HD 20794,2.398,0.095,1.302,2.525,6.0414,0.97,0.654335,,,2.613777,0.797091,0,0,8,2036.656608
HD 90839_0,HD 90839,3.665,0.022,0.781,0.186,12.9452,1.18,1.605092,,,3.720418,0.09564,0,0,5,2036.666313
HD 90839_1,HD 90839,0.191,0.094,1.403,2.751,12.9452,1.18,1.605092,,,0.208884,0.298519,0,0,5,2036.666313
HD 90839_2,HD 90839,3.378,0.112,1.125,1.619,12.9452,1.18,1.605092,,,3.754406,0.227358,0,0,5,2036.666313
HD 90839_5,HD 90839,0.15,0.051,2.273,4.226,12.9452,1.18,1.605092,,,0.143116,0.108148,0,0,5,2036.666313
HD 219134_0,HD 219134,1.298,0.068,3.021,11.197,6.5418,0.75,0.265889,,,1.25406,0.065428,0,0,5,2036.667683
HD 219134_1,HD 219134,0.107,0.06,0.589,0.114,6.5418,0.75,0.265889,,,0.111507,0.096921,0,0,5,2036.667683
HD 219134_2,HD 219134,0.475,0.085,1.279,2.244,6.5418,0.75,0.265889,0.065133,63.212438,0.45549,0.207007,1,3,5,2036.667683
HD 219134_3,HD 219134,2.999,0.067,1.913,4.52,6.5418,0.75,0.265889,,,3.165237,0.896251,0,0,5,2036.667683
HD 219134_4,HD 219134,0.285,0.083,1.716,4.805,6.5418,0.75,0.265889,,,0.308241,0.397691,0,0,5,2036.667683
HD 219134_5,HD 219134,1.823,0.052,1.09,4.144,6.5418,0.75,0.265889,,,1.801413,0.059424,0,0,5,2036.667683
HD 219134_7,HD 219134,0.986,0.056,2.277,3.449,6.5418,0.75,0.265889,0.131967,101.995671,0.933716,0.51185,1,3,5,2036.667683
HD 53705_0,HD 53705,0.273,0.081,1.735,2.717,17.0593,1.04,1.489704,,,0.29397,0.037332,0,0,5,2036.696768
HD 53705_1,HD 53705,2.604,0.083,3.306,16.05,17.0593,1.04,1.489704,,,2.803393,0.424151,0,0,5,2036.696768
HD 53705_2,HD 53705,1.597,0.089,2.478,13.971,17.0593,1.04,1.489704,0.08673,164.151191,1.724816,0.65202,1,1,5,2036.696768
HD 53705_3,HD 53705,0.715,0.026,1.359,2.038,17.0593,1.04,1.489704,,,0.733495,0.51941,0,0,5,2036.696768
HD 53705_4,HD 53705,0.527,0.092,2.437,10.745,17.0593,1.04,1.489704,,,0.518452,0.334109,0,0,5,2036.696768
HD 109358_0,HD 109358,0.599,0.064,0.661,0.193,8.4727,1.08,1.151065,,,0.604897,0.200033,0,0,6,2036.700974
HD 109358_1,HD 109358,0.313,0.024,1.946,4.835,8.4727,1.08,1.151065,,,0.306696,0.100918,0,0,6,2036.700974
HD 109358_3,HD 109358,0.172,0.066,1.409,1.609,8.4727,1.08,1.151065,,,0.172517,0.301935,0,0,6,2036.700974
HD 109358_4,HD 109358,1.488,0.078,0.58,0.237,8.4727,1.08,1.151065,,,1.387989,0.402719,0,0,6,2036.700974
HD 109358_5,HD 109358,3.968,0.05,3.285,25.806,8.4727,1.08,1.151065,,,3.792338,0.014402,0,0,6,2036.700974
HD 166_0,HD 166,1.592,0.09,1.08,2.182,13.7662,0.94,0.647292,,,1.702809,0.942107,0,0,8,2036.704129
HD 166_1,HD 166,0.635,0.021,0.515,0.062,13.7662,0.94,0.647292,,,0.624004,0.484315,0,0,8,2036.704129
HD 39091_1,HD 39091,3.12,0.028,1.191,1.952,18.2874,1.08,1.533204,,,3.037978,0.296545,0,0,5,2036.705559
HD 39091_2,HD 39091,2.865,0.029,0.677,0.089,18.2874,1.08,1.533204,,,2.930897,0.792218,0,0,5,2036.705559
HD 39091_3,HD 39091,3.55,0.072,1.069,0.919,18.2874,1.08,1.533204,,,3.802188,0.840509,0,0,5,2036.705559
HD 39091_4,HD 39091,4.534,0.027,1.234,1.811,18.2874,1.08,1.533204,,,4.64043,0.148709,0,0,5,2036.705559
HD 39091_5,HD 39091,1.437,0.051,1.31,1.974,18.2874,1.08,1.533204,,,1.506408,0.446237,0,0,5,2036.705559
HD 39091_6,HD 39091,0.67,0.012,2.604,6.457,18.2874,1.08,1.533204,,,0.664206,0.16476,0,0,5,2036.705559
HD 146233_0,HD 146233,0.356,0.047,2.679,8.19,14.1369,1.02,1.094208,,,0.349131,0.051901,0,0,6,2036.709897
HD 146233_1,HD 146233,0.206,0.044,2.032,3.376,14.1369,1.02,1.094208,,,0.204474,0.258767,0,0,6,2036.709897
HD 146233_4,HD 146233,0.539,0.141,1.433,3.682,14.1369,1.02,1.094208,,,0.603104,0.702118,0,0,6,2036.709897
HD 58855_0,HD 58855,3.917,0.055,2.746,11.124,20.4021,1.16,2.444556,,,4.09289,0.707497,0,0,4,2036.712977
HD 58855_3,HD 58855,0.12,0.023,0.846,0.314,20.4021,1.16,2.444556,,,0.120185,0.420703,0,0,4,2036.712977
HD 58855_4,HD 58855,1.787,0.062,0.53,0.101,20.4021,1.16,2.444556,,,1.896579,0.322368,0,0,4,2036.712977
HD 58855_5,HD 58855,2.753,0.078,0.74,0.361,20.4021,1.16,2.444556,,,2.538709,0.092684,0,0,4,2036.712977
HD 58855_6,HD 58855,3.408,0.008,0.67,0.197,20.4021,1.16,2.444556,,,3.380741,0.448916,0,0,4,2036.712977
HD 58855_7,HD 58855,0.511,0.017,1.169,2.72,20.4021,1.16,2.444556,,,0.508796,0.021446,0,0,4,2036.712977
HD 58855_8,HD 58855,3.679,0.02,1.665,3.725,20.4021,1.16,2.444556,,,3.608844,0.715046,0,0,4,2036.712977
HD 95128_1,HD 95128,2.285,0.074,0.586,0.282,13.8875,1.07,1.576885,,,2.215453,0.148571,0,0,5,2036.729354
HD 95128_2,HD 95128,4.586,0.035,0.538,0.083,13.8875,1.07,1.576885,,,4.745845,0.008294,0,0,5,2036.729354
HD 95128_3,HD 95128,0.343,0.031,2.771,10.086,13.8875,1.07,1.576885,,,0.332712,0.814798,0,0,5,2036.729354
HD 95128_4,HD 95128,2.15,0.173,1.218,6.511,13.8875,1.07,1.576885,,,1.835437,0.84099,0,0,5,2036.729354
HD 95128_5,HD 95128,0.6,0.105,2.299,8.137,13.8875,1.07,1.576885,,,0.637881,0.551222,0,0,5,2036.729354
HD 95128_6,HD 95128,0.335,0.024,2.419,8.582,13.8875,1.07,1.576885,,,0.341109,0.388736,0,0,5,2036.729354
HD 95128_7,HD 95128,0.847,0.089,1.394,3.129,13.8875,1.07,1.576885,,,0.774745,0.151831,0,0,5,2036.729354
HD 95128_8,HD 95128,0.588,0.034,2.182,8.46,13.8875,1.07,1.576885,,,0.573558,0.7142,0,0,5,2036.729354
HD 4614 A_0,HD 4614 A,4.718,0.051,1.358,3.151,5.0098,1.14,1.251988,,,4.796585,0.057895,0,0,6,2036.744208
HD 4614 A_1,HD 4614 A,0.651,0.133,0.728,0.235,5.0098,1.14,1.251988,,,0.585326,0.016179,0,0,6,2036.744208
HD 4614 A_2,HD 4614 A,2.584,0.017,1.361,2.842,5.0098,1.14,1.251988,,,2.548205,0.099992,0,0,6,2036.744208
HD 30652_0,HD 30652,0.357,0.032,0.524,0.119,8.0684,1.25,2.710192,,,0.366772,0.000293,0,0,4,2036.751965
HD 30652_1,HD 30652,3.379,0.099,2.314,9.159,8.0684,1.25,2.710192,,,3.701689,0.067889,0,0,4,2036.751965
HD 30652_2,HD 30652,1.418,0.081,1.563,7.047,8.0684,1.25,2.710192,,,1.338204,0.038699,0,0,4,2036.751965
HD 30652_3,HD 30652,3.27,0.133,2.129,5.731,8.0684,1.25,2.710192,,,3.657182,0.593696,0,0,4,2036.751965
HD 30652_4,HD 30652,2.754,0.119,2.49,10.16,8.0684,1.25,2.710192,,,2.516835,0.809389,0,0,4,2036.751965
HD 140538 A_0,HD 140538 A,2.088,0.047,0.685,0.069,14.7927,0.94,0.834065,,,2.013174,0.001366,0,0,7,2036.761435
HD 140538 A_1,HD 140538 A,0.512,0.053,2.798,18.338,14.7927,0.94,0.834065,,,0.487541,0.161394,0,0,7,2036.761435
HD 140538 A_2,HD 140538 A,4.137,0.053,0.916,0.304,14.7927,0.94,0.834065,,,3.921907,0.945277,0,0,7,2036.761435
HD 17051_0,HD 17051,1.593,0.055,0.8,0.166,17.3572,1.14,1.737401,,,1.633676,0.255634,0,0,5,2036.804159
HD 17051_1,HD 17051,2.146,0.107,1.035,0.971,17.3572,1.14,1.737401,,,1.940142,0.497705,0,0,5,2036.804159
HD 17051_2,HD 17051,4.311,0.108,1.302,2.591,17.3572,1.14,1.737401,,,3.865758,0.032184,0,0,5,2036.804159
HD 43386_0,HD 43386,2.541,0.037,0.504,0.177,19.5879,1.33,2.956651,,,2.448069,0.978731,0,0,4,2036.829087
HD 43386_1,HD 43386,1.141,0.101,1.584,2.873,19.5879,1.33,2.956651,,,1.050638,0.8961,0,0,4,2036.829087
HD 43386_3,HD 43386,0.289,0.045,1.072,0.429,19.5879,1.33,2.956651,,,0.27784,0.269601,0,0,4,2036.829087
HD 34411_0,HD 34411,0.295,0.082,3.192,8.429,12.5625,1.08,1.731809,,,0.313498,0.415722,0,0,5,2036.830457
HD 34411_1,HD 34411,1.539,0.078,0.897,0.713,12.5625,1.08,1.731809,,,1.52793,0.487757,0,0,5,2036.830457
HD 34411_3,HD 34411,1.691,0.074,0.798,0.808,12.5625,1.08,1.731809,,,1.683644,0.090884,0,0,5,2036.830457
HD 187691 A_0,HD 187691 A,3.127,0.076,1.475,4.454,19.4881,1.25,2.834654,,,3.354657,0.311094,0,0,4,2036.831827
HD 187691 A_1,HD 187691 A,2.61,0.091,1.018,1.386,19.4881,1.25,2.834654,,,2.616202,0.701177,0,0,4,2036.831827
HD 187691 A_2,HD 187691 A,3.249,0.037,0.764,1.364,19.4881,1.25,2.834654,,,3.206033,0.126353,0,0,4,2036.831827
HD 187691 A_3,HD 187691 A,2.018,0.038,2.654,10.557,19.4881,1.25,2.834654,,,2.032028,0.194535,0,0,4,2036.831827
HD 46588 A_0,HD 46588 A,1.961,0.092,1.375,5.123,18.2023,1.18,1.825997,,,1.916695,0.448893,0,0,5,2036.837906
HD 46588 A_2,HD 46588 A,0.149,0.051,1.651,3.767,18.2023,1.18,1.825997,,,0.153254,0.979589,0,0,5,2036.837906
HD 46588 A_4,HD 46588 A,0.634,0.042,1.252,1.899,18.2023,1.18,1.825997,,,0.643085,0.099682,0,0,5,2036.837906
HD 46588 A_5,HD 46588 A,0.119,0.052,0.593,0.101,18.2023,1.18,1.825997,,,0.116701,0.317492,0,0,5,2036.837906
HD 46588 A_6,HD 46588 A,0.647,0.045,2.121,5.747,18.2023,1.18,1.825997,,,0.641884,0.03053,0,0,5,2036.837906
HD 46588 A_7,HD 46588 A,1.085,0.088,1.256,5.584,18.2023,1.18,1.825997,,,1.062744,0.485977,0,0,5,2036.837906
HD 46588 A_8,HD 46588 A,2.008,0.017,0.521,0.08,18.2023,1.18,1.825997,,,2.019776,0.498598,0,0,5,2036.837906
HD 65907 A_0,HD 65907 A,0.584,0.099,0.585,0.122,16.1718,1.11,1.290031,,,0.537433,0.69618,0,0,6,2036.84485
HD 65907 A_1,HD 65907 A,1.316,0.075,0.982,3.131,16.1718,1.11,1.290031,,,1.314704,0.473229,0,0,6,2036.84485
HD 65907 A_2,HD 65907 A,1.009,0.058,1.202,5.136,16.1718,1.11,1.290031,,,0.992848,0.382542,0,0,6,2036.84485
HD 30495_0,HD 30495,1.934,0.08,0.989,1.288,13.24,1.04,0.966273,,,1.88037,0.281213,0,0,7,2036.846379
HD 30495_2,HD 30495,0.416,0.06,1.179,0.557,13.24,1.04,0.966273,,,0.405126,0.79025,0,0,7,2036.846379
HD 30495_3,HD 30495,1.848,0.089,0.623,0.48,13.24,1.04,0.966273,,,1.744729,0.273583,0,0,7,2036.846379
HD 190360_0,HD 190360,0.922,0.17,1.79,3.759,16.0035,0.96,1.165467,0.060405,291.656148,1.0638,0.545062,1,1,6,2036.847749
HD 190360_1,HD 190360,3.764,0.081,1.071,1.582,16.0035,0.96,1.165467,,,4.012405,0.175246,0,0,6,2036.847749
HD 190360_3,HD 190360,3.632,0.139,2.733,10.267,16.0035,0.96,1.165467,,,4.071526,0.510359,0,0,6,2036.847749
HD 190360_4,HD 190360,1.735,0.021,0.534,0.045,16.0035,0.96,1.165467,,,1.724927,0.572349,0,0,6,2036.847749
HD 190360_5,HD 190360,0.581,0.08,1.934,2.88,16.0035,0.96,1.165467,,,0.592403,0.152425,0,0,6,2036.847749
HD 43042_0,HD 43042,4.095,0.078,0.558,0.185,21.7763,1.29,2.935621,,,3.957623,0.762229,0,0,4,2036.852797
HD 43042_1,HD 43042,0.434,0.11,0.533,0.05,21.7763,1.29,2.935621,,,0.394093,0.870192,0,0,4,2036.852797
HD 43042_3,HD 43042,0.724,0.14,0.733,0.758,21.7763,1.29,2.935621,,,0.6715,0.136204,0,0,4,2036.852797
HD 4391_0,HD 4391,0.363,0.182,1.471,1.692,15.0487,0.98,0.923422,,,0.42795,0.057548,0,0,7,2036.855145
HD 4391_1,HD 4391,1.544,0.114,0.614,0.159,15.0487,0.98,0.923422,,,1.670169,0.863078,0,0,7,2036.855145
HD 4391_2,HD 4391,0.361,0.058,0.863,0.256,15.0487,0.98,0.923422,,,0.370905,0.585111,0,0,7,2036.855145
HD 4391_3,HD 4391,0.102,0.064,0.942,1.344,15.0487,0.98,0.923422,,,0.108515,0.723656,0,0,7,2036.855145
HD 4391_4,HD 4391,0.526,0.038,2.712,11.881,15.0487,0.98,0.923422,,,0.532439,0.130473,0,0,7,2036.855145
HD 210302_0,HD 210302,0.937,0.087,1.293,2.482,18.4579,1.25,2.918099,,,0.855518,0.345385,0,0,4,2036.865471
HD 210302_1,HD 210302,0.316,0.034,0.672,0.291,18.4579,1.25,2.918099,,,0.326736,0.933526,0,0,4,2036.865471
HD 210302_2,HD 210302,0.162,0.125,0.82,0.565,18.4579,1.25,2.918099,,,0.16871,0.251538,0,0,4,2036.865471
HD 210302_3,HD 210302,0.925,0.123,2.909,15.97,18.4579,1.25,2.918099,,,0.993805,0.379076,0,0,4,2036.865471
HD 210302_4,HD 210302,1.629,0.122,1.727,5.061,18.4579,1.25,2.918099,,,1.44602,0.901942,0,0,4,2036.865471
HD 147513_0,HD 147513,1.541,0.04,0.645,0.152,12.8923,1.07,1.000691,,,1.595739,0.341541,0,0,7,2036.872504
HD 147513_1,HD 147513,1.513,0.099,0.537,0.038,12.8923,1.07,1.000691,,,1.645081,0.508898,0,0,7,2036.872504
HD 147513_2,HD 147513,4.633,0.075,1.379,7.403,12.8923,1.07,1.000691,,,4.377133,0.729929,0,0,7,2036.872504
HD 147513_4,HD 147513,0.196,0.111,0.74,0.096,12.8923,1.07,1.000691,,,0.217744,0.188029,0,0,7,2036.872504
HD 147513_5,HD 147513,4.52,0.075,0.624,0.254,12.8923,1.07,1.000691,,,4.280061,0.053312,0,0,7,2036.872504
HD 147513_6,HD 147513,1.743,0.075,1.796,2.912,12.8923,1.07,1.000691,,,1.71604,0.477136,0,0,7,2036.872504
HD 147513_7,HD 147513,2.47,0.028,0.667,0.174,12.8923,1.07,1.000691,,,2.531052,0.24382,0,0,7,2036.872504
HD 50692_0,HD 50692,3.95,0.04,2.831,10.297,17.4047,1.08,1.293302,,,4.104063,0.096571,0,0,6,2036.881074
HD 50692_1,HD 50692,0.28,0.064,0.734,0.092,17.4047,1.08,1.293302,,,0.28727,0.087184,0,0,6,2036.881074
HD 50692_2,HD 50692,0.513,0.081,1.798,3.652,17.4047,1.08,1.293302,,,0.554273,0.324647,0,0,6,2036.881074
HD 50692_3,HD 50692,0.925,0.032,2.849,9.197,17.4047,1.08,1.293302,,,0.924877,0.028497,0,0,6,2036.881074
HD 114710_0,HD 114710,1.415,0.117,0.681,0.147,9.1975,1.11,1.357063,,,1.452633,0.260909,0,0,6,2036.883155
HD 114710_1,HD 114710,0.314,0.116,0.63,1.142,9.1975,1.11,1.357063,,,0.31561,0.223481,0,0,6,2036.883155
HD 114710_2,HD 114710,2.258,0.018,0.683,0.173,9.1975,1.11,1.357063,,,2.296949,0.833748,0,0,6,2036.883155
HD 114710_4,HD 114710,0.861,0.053,0.898,0.439,9.1975,1.11,1.357063,,,0.899215,0.504516,0,0,6,2036.883155
HD 114710_5,HD 114710,0.124,0.109,3.108,17.681,9.1975,1.11,1.357063,,,0.116849,0.95736,0,0,6,2036.883155
HD 20807_0,HD 20807,0.337,0.072,1.793,3.234,12.0394,1.07,1.016951,,,0.312758,0.480175,0,0,7,2036.884798
HD 20807_1,HD 20807,1.546,0.069,0.954,0.846,12.0394,1.07,1.016951,,,1.642161,0.799301,0,0,7,2036.884798
HD 20807_2,HD 20807,2.979,0.055,2.038,8.298,12.0394,1.07,1.016951,,,3.090432,0.233953,0,0,7,2036.884798
HD 20766_0,HD 20766,1.336,0.161,1.674,3.092,12.0447,1.01,0.794328,,,1.142633,0.454293,0,0,8,2036.894348
HD 20766_1,HD 20766,0.327,0.097,2.659,6.922,12.0447,1.01,0.794328,,,0.357117,0.997709,0,0,8,2036.894348
HD 20766_4,HD 20766,1.915,0.031,0.912,0.441,12.0447,1.01,0.794328,,,1.97179,0.365409,0,0,8,2036.894348
HD 190248_1,HD 190248,1.11,0.055,1.408,3.629,6.0993,0.94,1.249971,,,1.080209,0.028171,0,0,6,2036.917438
HD 190248_2,HD 190248,3.754,0.072,1.017,1.24,6.0993,0.94,1.249971,,,3.904868,0.704101,0,0,6,2036.917438
HD 190248_3,HD 190248,1.406,0.139,0.51,0.568,6.0993,0.94,1.249971,,,1.600335,0.001022,0,0,6,2036.917438
HD 84737_0,HD 84737,0.596,0.087,1.352,1.551,18.8226,1.08,2.795117,,,0.54484,0.424221,0,0,4,2036.949466
HD 84737_1,HD 84737,3.025,0.071,1.189,1.926,18.8226,1.08,2.795117,,,3.127295,0.000339,0,0,4,2036.949466
HD 84737_2,HD 84737,1.078,0.014,1.079,0.698,18.8226,1.08,2.795117,,,1.090565,0.10806,0,0,4,2036.949466
HD 84737_3,HD 84737,3.774,0.025,0.833,0.848,18.8226,1.08,2.795117,,,3.821995,0.007809,0,0,4,2036.949466
HD 84737_4,HD 84737,0.254,0.074,3.133,13.741,18.8226,1.08,2.795117,,,0.272776,0.061729,0,0,4,2036.949466
HD 84737_5,HD 84737,2.993,0.205,0.508,0.086,18.8226,1.08,2.795117,,,3.456313,0.622034,0,0,4,2036.949466
HD 134083_0,HD 134083,0.116,0.07,1.9,7.058,19.536,1.33,3.254618,,,0.108524,0.641309,0,0,4,2036.952979
HD 134083_1,HD 134083,0.36,0.097,1.358,2.746,19.536,1.33,3.254618,,,0.387543,0.38947,0,0,4,2036.952979
HD 134083_3,HD 134083,0.749,0.13,0.881,0.684,19.536,1.33,3.254618,,,0.665928,0.840282,0,0,4,2036.952979
HD 134083_4,HD 134083,0.959,0.114,0.591,0.338,19.536,1.33,3.254618,,,0.854151,0.710551,0,0,4,2036.952979
HD 693_0,HD 693,1.045,0.058,1.136,2.579,18.8861,1.18,2.997091,,,1.010156,0.046872,0,0,4,2036.954349
HD 693_1,HD 693,0.139,0.106,2.768,7.407,18.8861,1.18,2.997091,,,0.13411,0.813096,0,0,4,2036.954349
HD 693_3,HD 693,1.448,0.069,1.975,3.042,18.8861,1.18,2.997091,,,1.480764,0.699283,0,0,4,2036.954349
HD 693_4,HD 693,1.744,0.105,1.392,2.348,18.8861,1.18,2.997091,,,1.643637,0.0546,0,0,4,2036.954349
HD 693_5,HD 693,2.909,0.1,1.423,2.794,18.8861,1.18,2.997091,,,2.723852,0.824505,0,0,4,2036.954349
HD 693_6,HD 693,2.914,0.024,0.574,0.316,18.8861,1.18,2.997091,,,2.847582,0.120109,0,0,4,2036.954349
HD 693_7,HD 693,3.93,0.01,2.298,5.004,18.8861,1.18,2.997091,,,3.924918,0.474523,0,0,4,2036.954349
HD 136352_0,HD 136352,1.127,0.083,0.501,0.05,14.7391,1.02,1.028964,,,1.039749,0.29372,0,0,7,2036.956914
HD 136352_2,HD 136352,0.995,0.082,1.549,3.519,14.7391,1.02,1.028964,,,0.954848,0.346549,0,0,7,2036.956914
HD 136352_3,HD 136352,3.774,0.069,2.041,4.78,14.7391,1.02,1.028964,,,3.515162,0.515767,0,0,7,2036.956914
HD 136352_4,HD 136352,1.831,0.068,0.826,0.342,14.7391,1.02,1.028964,,,1.910433,0.116754,0,0,7,2036.956914
HD 203608_0,HD 203608,2.203,0.092,1.79,3.488,9.2584,1.14,1.465548,,,2.317749,0.254442,0,0,6,2036.96282
HD 203608_1,HD 203608,2.342,0.1,0.502,0.104,9.2584,1.14,1.465548,,,2.27577,0.072688,0,0,6,2036.96282
HD 203608_2,HD 203608,2.74,0.062,1.086,1.189,9.2584,1.14,1.465548,,,2.599172,0.00454,0,0,6,2036.96282
HD 203608_5,HD 203608,4.293,0.038,0.929,0.698,9.2584,1.14,1.465548,,,4.451442,0.010954,0,0,6,2036.96282
HD 203608_6,HD 203608,0.526,0.072,0.985,0.486,9.2584,1.14,1.465548,,,0.526441,0.047523,0,0,6,2036.96282
HD 84117_2,HD 84117,0.48,0.183,0.807,0.707,14.9515,1.14,1.977425,,,0.410045,0.287066,0,0,5,2036.96433
HD 84117_3,HD 84117,2.469,0.127,0.583,0.157,14.9515,1.14,1.977425,,,2.453933,0.961308,0,0,5,2036.96433
HD 84117_5,HD 84117,2.421,0.095,0.605,0.239,14.9515,1.14,1.977425,,,2.207872,0.122013,0,0,5,2036.96433
HD 212330 A_0,HD 212330 A,1.747,0.031,3.281,9.208,20.3398,1.02,2.726465,,,1.741775,0.013485,0,0,4,2036.971651
HD 7570_0,HD 7570,3.031,0.054,1.134,3.652,15.2609,1.14,2.003549,,,2.981744,0.038425,0,0,5,2036.979372
HD 7570_1,HD 7570,0.15,0.071,0.941,0.218,15.2609,1.14,2.003549,,,0.160649,0.136116,0,0,5,2036.979372
HD 7570_2,HD 7570,1.977,0.063,1.73,3.716,15.2609,1.14,2.003549,,,2.101515,0.020369,0,0,5,2036.979372
HD 7570_3,HD 7570,3.034,0.079,1.364,1.913,15.2609,1.14,2.003549,,,2.817776,0.229987,0,0,5,2036.979372
HD 7570_4,HD 7570,0.569,0.099,0.726,0.483,15.2609,1.14,2.003549,,,0.584604,0.506409,0,0,5,2036.979372
HD 55575_0,HD 55575,1.084,0.09,0.727,0.186,16.8518,1.14,1.462851,,,0.999604,0.005033,0,0,6,2036.986189
HD 55575_1,HD 55575,0.133,0.053,0.578,0.677,16.8518,1.14,1.462851,,,0.139453,0.263608,0,0,6,2036.986189
HD 143761_0,HD 143761,2.268,0.052,0.622,0.131,17.5108,0.97,1.812174,,,2.259282,0.162092,0,0,5,2037.011771
HD 143761_3,HD 143761,0.463,0.017,0.834,0.619,17.5108,0.97,1.812174,,,0.469765,0.125861,0,0,5,2037.011771
HD 143761_4,HD 143761,1.096,0.157,0.808,0.895,17.5108,0.97,1.812174,,,1.174183,0.054235,0,0,5,2037.011771
HD 143761_5,HD 143761,0.834,0.096,1.155,1.684,17.5108,0.97,1.812174,,,0.759349,0.871147,0,0,5,2037.011771
HD 143761_7,HD 143761,2.609,0.089,2.154,12.289,17.5108,0.97,1.812174,,,2.760667,0.185671,0,0,5,2037.011771
HD 22484_0,HD 22484,0.838,0.146,1.142,1.607,13.9204,1.14,3.067609,,,0.946782,0.018498,0,0,4,2037.013545
HD 22484_1,HD 22484,1.12,0.109,1.996,7.679,13.9204,1.14,3.067609,0.062212,161.2097,1.047423,0.575409,1,1,4,2037.013545
HD 22484_2,HD 22484,0.469,0.117,1.765,3.166,13.9204,1.14,3.067609,,,0.414597,0.833849,0,0,4,2037.013545
HD 22484_5,HD 22484,4.456,0.081,0.516,0.034,13.9204,1.14,3.067609,,,4.276398,0.322723,0,0,4,2037.013545
HD 22484_7,HD 22484,3.201,0.074,0.943,1.501,13.9204,1.14,3.067609,,,3.320422,0.470154,0,0,4,2037.013545
HD 141004_0,HD 141004,2.629,0.092,2.901,8.518,11.9159,1.09,2.003549,,,2.76456,0.208498,0,0,5,2037.021523
HD 141004_1,HD 141004,0.651,0.071,0.654,0.168,11.9159,1.09,2.003549,,,0.632472,0.073366,0,0,5,2037.021523
HD 141004_2,HD 141004,4.426,0.098,1.019,2.941,11.9159,1.09,2.003549,,,4.045425,0.024983,0,0,5,2037.021523
HD 141004_3,HD 141004,4.115,0.06,0.578,0.125,11.9159,1.09,2.003549,,,3.918015,0.582797,0,0,5,2037.021523
HD 141004_4,HD 141004,3.163,0.091,1.732,4.206,11.9159,1.09,2.003549,,,3.19541,0.29161,0,0,5,2037.021523
HD 86728 A_0,HD 86728 A,0.138,0.113,0.53,0.078,14.9263,1.0,1.377844,,,0.153429,0.988474,0,0,6,2037.024184
HD 86728 A_1,HD 86728 A,1.194,0.049,0.519,0.144,14.9263,1.0,1.377844,,,1.141946,0.803353,0,0,6,2037.024184
HD 86728 A_2,HD 86728 A,1.586,0.024,0.736,0.367,14.9263,1.0,1.377844,,,1.579193,0.081179,0,0,6,2037.024184
HD 86728 A_3,HD 86728 A,0.34,0.077,0.971,1.901,14.9263,1.0,1.377844,,,0.348161,0.174595,0,0,6,2037.024184
HD 86728 A_4,HD 86728 A,3.143,0.15,2.985,16.709,14.9263,1.0,1.377844,,,3.404275,0.0229,0,0,6,2037.024184
HD 86728 A_5,HD 86728 A,0.238,0.132,1.155,6.008,14.9263,1.0,1.377844,,,0.206785,0.386833,0,0,6,2037.024184
HD 86728 A_6,HD 86728 A,2.84,0.137,2.462,3.621,14.9263,1.0,1.377844,,,3.2141,0.088035,0,0,6,2037.024184
HD 128620_0,HD 128620,1.567,0.074,0.945,0.738,1.3319,1.11,1.520898,,,1.481941,0.072041,0,0,6,2037.025554
HD 128620_1,HD 128620,1.266,0.016,1.198,6.221,1.3319,1.11,1.520898,,,1.262426,0.108456,0,0,6,2037.025554
HD 109358_0,HD 109358,0.599,0.064,0.661,0.193,8.4727,1.08,1.151065,,,0.560684,0.407131,0,0,7,2037.031126
HD 109358_1,HD 109358,0.313,0.024,1.946,4.835,8.4727,1.08,1.151065,,,0.307755,0.168145,0,0,7,2037.031126
HD 109358_3,HD 109358,0.172,0.066,1.409,1.609,8.4727,1.08,1.151065,,,0.183067,0.016851,0,0,7,2037.031126
HD 109358_4,HD 109358,1.488,0.078,0.58,0.237,8.4727,1.08,1.151065,,,1.509453,0.702849,0,0,7,2037.031126
HD 109358_5,HD 109358,3.968,0.05,3.285,25.806,8.4727,1.08,1.151065,,,3.773447,0.046945,0,0,7,2037.031126
HD 160691_0,HD 160691,1.46,0.051,0.67,0.675,15.6042,1.0,1.898891,,,1.48857,0.082538,0,0,5,2037.036665
HD 160691_1,HD 160691,0.274,0.085,0.88,0.645,15.6042,1.0,1.898891,,,0.287304,0.246278,0,0,5,2037.036665
HD 160691_2,HD 160691,0.346,0.144,0.58,0.053,15.6042,1.0,1.898891,,,0.395824,0.794536,0,0,5,2037.036665
HD 160691_3,HD 160691,0.123,0.058,0.556,0.091,15.6042,1.0,1.898891,,,0.121246,0.303373,0,0,5,2037.036665
HD 160691_4,HD 160691,2.415,0.073,1.777,2.687,15.6042,1.0,1.898891,,,2.548018,0.514844,0,0,5,2037.036665
HD 160691_6,HD 160691,2.937,0.058,2.424,6.338,15.6042,1.0,1.898891,,,2.767162,0.891372,0,0,5,2037.036665
HD 160691_7,HD 160691,3.23,0.098,2.375,5.354,15.6042,1.0,1.898891,,,3.439273,0.227182,0,0,5,2037.036665
HD 146233_0,HD 146233,0.356,0.047,2.679,8.19,14.1369,1.02,1.094208,,,0.368501,0.508973,0,0,7,2037.038035
HD 146233_1,HD 146233,0.206,0.044,2.032,3.376,14.1369,1.02,1.094208,,,0.209785,0.235183,0,0,7,2037.038035
HD 146233_4,HD 146233,0.539,0.141,1.433,3.682,14.1369,1.02,1.094208,,,0.542437,0.25734,0,0,7,2037.038035
HD 140538 A_0,HD 140538 A,2.088,0.047,0.685,0.069,14.7927,0.94,0.834065,,,1.990543,0.041814,0,0,8,2037.039405
HD 140538 A_1,HD 140538 A,0.512,0.053,2.798,18.338,14.7927,0.94,0.834065,,,0.526454,0.019754,0,0,8,2037.039405
HD 140538 A_2,HD 140538 A,4.137,0.053,0.916,0.304,14.7927,0.94,0.834065,,,3.917771,0.91857,0,0,8,2037.039405
HD 156026_0,HD 156026,3.18,0.093,3.171,14.895,5.9537,0.68,0.157507,,,3.443747,0.911306,0,0,3,2037.040775
HD 156026_1,HD 156026,0.564,0.081,0.509,0.042,5.9537,0.68,0.157507,,,0.555111,0.8178,0,0,3,2037.040775
HD 156026_2,HD 156026,0.423,0.044,0.607,0.379,5.9537,0.68,0.157507,,,0.406456,0.927442,0,0,3,2037.040775
HD 156026_3,HD 156026,1.001,0.06,2.318,7.224,5.9537,0.68,0.157507,,,0.955345,0.189586,0,2,3,2037.040775
HD 156026_5,HD 156026,1.693,0.124,2.972,9.407,5.9537,0.68,0.157507,,,1.535697,0.098713,0,0,3,2037.040775
HD 90839_0,HD 90839,3.665,0.022,0.781,0.186,12.9452,1.18,1.605092,,,3.738436,0.226974,0,0,6,2037.071621
HD 90839_1,HD 90839,0.191,0.094,1.403,2.751,12.9452,1.18,1.605092,,,0.192864,0.050655,0,0,6,2037.071621
HD 90839_2,HD 90839,3.378,0.112,1.125,1.619,12.9452,1.18,1.605092,,,3.739422,0.119509,0,0,6,2037.071621
HD 90839_5,HD 90839,0.15,0.051,2.273,4.226,12.9452,1.18,1.605092,,,0.15712,0.561938,0,0,6,2037.071621
HD 4614 A_0,HD 4614 A,4.718,0.051,1.358,3.151,5.0098,1.14,1.251988,,,4.744679,0.070286,0,0,7,2037.086463
HD 4614 A_1,HD 4614 A,0.651,0.133,0.728,0.235,5.0098,1.14,1.251988,,,0.725353,0.544905,0,0,7,2037.086463
HD 4614 A_2,HD 4614 A,2.584,0.017,1.361,2.842,5.0098,1.14,1.251988,,,2.540143,0.072862,0,0,7,2037.086463
HD 142373_0,HD 142373,1.268,0.168,0.757,0.148,15.8975,1.08,3.136173,,,1.06023,0.030158,0,0,4,2037.106561
HD 142373_1,HD 142373,1.76,0.092,0.868,0.535,15.8975,1.08,3.136173,,,1.675947,0.265063,0,0,4,2037.106561
HD 142373_2,HD 142373,0.834,0.129,2.923,6.259,15.8975,1.08,3.136173,,,0.795442,0.852779,0,0,4,2037.106561
HD 142373_4,HD 142373,1.161,0.006,1.265,2.536,15.8975,1.08,3.136173,,,1.163199,0.84663,0,0,4,2037.106561
HD 142373_6,HD 142373,4.705,0.105,0.947,0.923,15.8975,1.08,3.136173,,,4.356606,0.011014,0,0,4,2037.106561
HD 142373_7,HD 142373,1.878,0.051,2.611,6.816,15.8975,1.08,3.136173,,,1.915588,0.183112,0,0,4,2037.106561
HD 142373_8,HD 142373,3.092,0.053,1.805,7.326,15.8975,1.08,3.136173,,,3.005195,0.285612,0,0,4,2037.106561
HD 39091_1,HD 39091,3.12,0.028,1.191,1.952,18.2874,1.08,1.533204,,,3.033587,0.472943,0,0,6,2037.114904
HD 39091_2,HD 39091,2.865,0.029,0.677,0.089,18.2874,1.08,1.533204,,,2.947508,0.97475,0,0,6,2037.114904
HD 39091_3,HD 39091,3.55,0.072,1.069,0.919,18.2874,1.08,1.533204,,,3.769489,0.761033,0,0,6,2037.114904
HD 39091_4,HD 39091,4.534,0.027,1.234,1.811,18.2874,1.08,1.533204,,,4.652711,0.073808,0,0,6,2037.114904
HD 39091_5,HD 39091,1.437,0.051,1.31,1.974,18.2874,1.08,1.533204,,,1.41713,0.462942,0,0,6,2037.114904
HD 39091_6,HD 39091,0.67,0.012,2.604,6.457,18.2874,1.08,1.533204,,,0.66361,0.594996,0,0,6,2037.114904
HD 38393_0,HD 38393,0.205,0.072,1.088,1.383,8.905,1.23,2.344229,,,0.19225,0.619743,0,0,5,2037.120427
HD 38393_1,HD 38393,3.39,0.099,0.656,0.073,8.905,1.23,2.344229,,,3.321014,0.091347,0,0,5,2037.120427
HD 38393_3,HD 38393,0.355,0.086,1.549,2.098,8.905,1.23,2.344229,,,0.337826,0.757386,0,0,5,2037.120427
HD 38393_4,HD 38393,4.373,0.052,1.208,1.876,8.905,1.23,2.344229,,,4.294922,0.093383,0,0,5,2037.120427
HD 30495_0,HD 30495,1.934,0.08,0.989,1.288,13.24,1.04,0.966273,,,1.986899,0.606734,0,0,8,2037.141439
HD 30495_2,HD 30495,0.416,0.06,1.179,0.557,13.24,1.04,0.966273,,,0.392298,0.985966,0,0,8,2037.141439
HD 30495_3,HD 30495,1.848,0.089,0.623,0.48,13.24,1.04,0.966273,,,1.684017,0.681923,0,0,8,2037.141439
HD 4391_0,HD 4391,0.363,0.182,1.471,1.692,15.0487,0.98,0.923422,,,0.327792,0.88435,0,0,8,2037.148936
HD 4391_1,HD 4391,1.544,0.114,0.614,0.159,15.0487,0.98,0.923422,,,1.523086,0.784798,0,0,8,2037.148936
HD 4391_2,HD 4391,0.361,0.058,0.863,0.256,15.0487,0.98,0.923422,,,0.372856,0.524302,0,0,8,2037.148936
HD 4391_3,HD 4391,0.102,0.064,0.942,1.344,15.0487,0.98,0.923422,,,0.107234,0.487173,0,0,8,2037.148936
HD 4391_4,HD 4391,0.526,0.038,2.712,11.881,15.0487,0.98,0.923422,,,0.507503,0.018639,0,0,8,2037.148936
HD 95128_1,HD 95128,2.285,0.074,0.586,0.282,13.8875,1.07,1.576885,,,2.123965,0.544597,0,0,6,2037.150305
HD 95128_2,HD 95128,4.586,0.035,0.538,0.083,13.8875,1.07,1.576885,,,4.736195,0.027305,0,0,6,2037.150305
HD 95128_3,HD 95128,0.343,0.031,2.771,10.086,13.8875,1.07,1.576885,,,0.335924,0.368719,0,0,6,2037.150305
HD 95128_4,HD 95128,2.15,0.173,1.218,6.511,13.8875,1.07,1.576885,,,2.127674,0.877638,0,0,6,2037.150305
HD 95128_5,HD 95128,0.6,0.105,2.299,8.137,13.8875,1.07,1.576885,,,0.616798,0.483729,0,0,6,2037.150305
HD 95128_6,HD 95128,0.335,0.024,2.419,8.582,13.8875,1.07,1.576885,,,0.340815,0.085305,0,0,6,2037.150305
HD 95128_7,HD 95128,0.847,0.089,1.394,3.129,13.8875,1.07,1.576885,,,0.922049,0.391641,0,0,6,2037.150305
HD 95128_8,HD 95128,0.588,0.034,2.182,8.46,13.8875,1.07,1.576885,,,0.57086,0.642495,0,0,6,2037.150305
HD 147513_0,HD 147513,1.541,0.04,0.645,0.152,12.8923,1.07,1.000691,,,1.595108,0.614318,0,0,8,2037.171135
HD 147513_1,HD 147513,1.513,0.099,0.537,0.038,12.8923,1.07,1.000691,,,1.647144,0.520761,0,0,8,2037.171135
HD 147513_2,HD 147513,4.633,0.075,1.379,7.403,12.8923,1.07,1.000691,,,4.430285,0.719491,0,0,8,2037.171135
HD 147513_4,HD 147513,0.196,0.111,0.74,0.096,12.8923,1.07,1.000691,,,0.175541,0.26465,0,0,8,2037.171135
HD 147513_5,HD 147513,4.52,0.075,0.624,0.254,12.8923,1.07,1.000691,,,4.234587,0.027505,0,0,8,2037.171135
HD 147513_6,HD 147513,1.743,0.075,1.796,2.912,12.8923,1.07,1.000691,,,1.627088,0.707266,0,0,8,2037.171135
HD 147513_7,HD 147513,2.47,0.028,0.667,0.174,12.8923,1.07,1.000691,,,2.53916,0.081674,0,0,8,2037.171135
HD 20807_0,HD 20807,0.337,0.072,1.793,3.234,12.0394,1.07,1.016951,,,0.357731,0.074149,0,0,8,2037.187061
HD 20807_1,HD 20807,1.546,0.069,0.954,0.846,12.0394,1.07,1.016951,,,1.560879,0.381578,0,0,8,2037.187061
HD 20807_2,HD 20807,2.979,0.055,2.038,8.298,12.0394,1.07,1.016951,,,3.039257,0.388955,0,0,8,2037.187061
HD 65907 A_0,HD 65907 A,0.584,0.099,0.585,0.122,16.1718,1.11,1.290031,,,0.533212,0.847426,0,0,7,2037.199573
HD 65907 A_1,HD 65907 A,1.316,0.075,0.982,3.131,16.1718,1.11,1.290031,,,1.217604,0.878113,0,0,7,2037.199573
HD 65907 A_2,HD 65907 A,1.009,0.058,1.202,5.136,16.1718,1.11,1.290031,,,0.984242,0.364631,0,0,7,2037.199573
HD 23249_0,HD 23249,2.38,0.039,0.804,0.586,9.0888,0.87,2.941034,,,2.290414,0.094893,0,0,4,2037.238535
HD 23249_1,HD 23249,2.348,0.031,1.487,3.029,9.0888,0.87,2.941034,,,2.407246,0.991162,0,0,4,2037.238535
HD 50692_0,HD 50692,3.95,0.04,2.831,10.297,17.4047,1.08,1.293302,,,4.087687,0.044654,0,0,7,2037.241374
HD 50692_1,HD 50692,0.28,0.064,0.734,0.092,17.4047,1.08,1.293302,,,0.276912,0.807093,0,0,7,2037.241374
HD 50692_2,HD 50692,0.513,0.081,1.798,3.652,17.4047,1.08,1.293302,,,0.553554,0.285322,0,0,7,2037.241374
HD 50692_3,HD 50692,0.925,0.032,2.849,9.197,17.4047,1.08,1.293302,,,0.940728,0.488039,0,0,7,2037.241374
HD 17051_0,HD 17051,1.593,0.055,0.8,0.166,17.3572,1.14,1.737401,,,1.676459,0.91712,0,0,6,2037.242744
HD 17051_1,HD 17051,2.146,0.107,1.035,0.971,17.3572,1.14,1.737401,,,1.954361,0.925215,0,0,6,2037.242744
HD 17051_2,HD 17051,4.311,0.108,1.302,2.591,17.3572,1.14,1.737401,,,3.846591,0.009812,0,0,6,2037.242744
HD 114710_0,HD 114710,1.415,0.117,0.681,0.147,9.1975,1.11,1.357063,,,1.255375,0.025416,0,0,7,2037.251615
HD 114710_1,HD 114710,0.314,0.116,0.63,1.142,9.1975,1.11,1.357063,,,0.278526,0.933859,0,0,7,2037.251615
HD 114710_2,HD 114710,2.258,0.018,0.683,0.173,9.1975,1.11,1.357063,,,2.280001,0.968576,0,0,7,2037.251615
HD 114710_4,HD 114710,0.861,0.053,0.898,0.439,9.1975,1.11,1.357063,,,0.827119,0.125208,0,0,7,2037.251615
HD 114710_5,HD 114710,0.124,0.109,3.108,17.681,9.1975,1.11,1.357063,,,0.112583,0.268872,0,0,7,2037.251615
HD 136352_0,HD 136352,1.127,0.083,0.501,0.05,14.7391,1.02,1.028964,,,1.171604,0.709907,0,0,8,2037.269235
HD 136352_2,HD 136352,0.995,0.082,1.549,3.519,14.7391,1.02,1.028964,,,0.956824,0.760027,0,0,8,2037.269235
HD 136352_3,HD 136352,3.774,0.069,2.041,4.78,14.7391,1.02,1.028964,,,3.517826,0.458229,0,0,8,2037.269235
HD 136352_4,HD 136352,1.831,0.068,0.826,0.342,14.7391,1.02,1.028964,,,1.954568,0.100115,0,0,8,2037.269235
HD 58855_0,HD 58855,3.917,0.055,2.746,11.124,20.4021,1.16,2.444556,,,4.017038,0.473657,0,0,5,2037.273408
HD 58855_3,HD 58855,0.12,0.023,0.846,0.314,20.4021,1.16,2.444556,,,0.117935,0.508179,0,0,5,2037.273408
HD 58855_4,HD 58855,1.787,0.062,0.53,0.101,20.4021,1.16,2.444556,,,1.809076,0.993705,0,0,5,2037.273408
HD 58855_5,HD 58855,2.753,0.078,0.74,0.361,20.4021,1.16,2.444556,,,2.628637,0.007584,0,0,5,2037.273408
HD 58855_6,HD 58855,3.408,0.008,0.67,0.197,20.4021,1.16,2.444556,,,3.385918,0.674939,0,0,5,2037.273408
HD 58855_7,HD 58855,0.511,0.017,1.169,2.72,20.4021,1.16,2.444556,,,0.519219,0.318487,0,0,5,2037.273408
HD 58855_8,HD 58855,3.679,0.02,1.665,3.725,20.4021,1.16,2.444556,,,3.607566,0.912251,0,0,5,2037.273408
HD 34411_0,HD 34411,0.295,0.082,3.192,8.429,12.5625,1.08,1.731809,,,0.318768,0.372078,0,0,6,2037.278959
HD 34411_1,HD 34411,1.539,0.078,0.897,0.713,12.5625,1.08,1.731809,,,1.420209,0.76985,0,0,6,2037.278959
HD 34411_3,HD 34411,1.691,0.074,0.798,0.808,12.5625,1.08,1.731809,,,1.5667,0.62072,0,0,6,2037.278959
HD 46588 A_0,HD 46588 A,1.961,0.092,1.375,5.123,18.2023,1.18,1.825997,,,1.782251,0.360463,0,0,6,2037.284369
HD 46588 A_2,HD 46588 A,0.149,0.051,1.651,3.767,18.2023,1.18,1.825997,,,0.14883,0.064757,0,0,6,2037.284369
HD 46588 A_4,HD 46588 A,0.634,0.042,1.252,1.899,18.2023,1.18,1.825997,,,0.648902,0.05423,0,0,6,2037.284369
HD 46588 A_5,HD 46588 A,0.119,0.052,0.593,0.101,18.2023,1.18,1.825997,,,0.11345,0.309128,0,0,6,2037.284369
HD 46588 A_6,HD 46588 A,0.647,0.045,2.121,5.747,18.2023,1.18,1.825997,,,0.6303,0.008163,0,0,6,2037.284369
HD 46588 A_7,HD 46588 A,1.085,0.088,1.256,5.584,18.2023,1.18,1.825997,,,1.081363,0.21911,0,0,6,2037.284369
HD 46588 A_8,HD 46588 A,2.008,0.017,0.521,0.08,18.2023,1.18,1.825997,,,2.041696,0.138676,0,0,6,2037.284369
HD 190248_1,HD 190248,1.11,0.055,1.408,3.629,6.0993,0.94,1.249971,,,1.170284,0.572749,0,0,7,2037.293893
HD 190248_2,HD 190248,3.754,0.072,1.017,1.24,6.0993,0.94,1.249971,,,3.830321,0.826227,0,0,7,2037.293893
HD 190248_3,HD 190248,1.406,0.139,0.51,0.568,6.0993,0.94,1.249971,,,1.489478,0.184208,0,0,7,2037.293893
HD 30652_0,HD 30652,0.357,0.032,0.524,0.119,8.0684,1.25,2.710192,,,0.363415,0.016238,0,0,5,2037.335271
HD 30652_1,HD 30652,3.379,0.099,2.314,9.159,8.0684,1.25,2.710192,,,3.593059,0.255356,0,0,5,2037.335271
HD 30652_2,HD 30652,1.418,0.081,1.563,7.047,8.0684,1.25,2.710192,,,1.439672,0.871298,0,0,5,2037.335271
HD 30652_3,HD 30652,3.27,0.133,2.129,5.731,8.0684,1.25,2.710192,,,3.464338,0.589606,0,0,5,2037.335271
HD 30652_4,HD 30652,2.754,0.119,2.49,10.16,8.0684,1.25,2.710192,,,2.436155,0.512886,0,0,5,2037.335271
HD 203608_0,HD 203608,2.203,0.092,1.79,3.488,9.2584,1.14,1.465548,,,2.16802,0.488719,0,0,7,2037.347987
HD 203608_1,HD 203608,2.342,0.1,0.502,0.104,9.2584,1.14,1.465548,,,2.439463,0.324131,0,0,7,2037.347987
HD 203608_2,HD 203608,2.74,0.062,1.086,1.189,9.2584,1.14,1.465548,,,2.676231,0.0868,0,0,7,2037.347987
HD 203608_5,HD 203608,4.293,0.038,0.929,0.698,9.2584,1.14,1.465548,,,4.434489,0.033752,0,0,7,2037.347987
HD 203608_6,HD 203608,0.526,0.072,0.985,0.486,9.2584,1.14,1.465548,,,0.54411,0.039972,0,0,7,2037.347987
HD 109358_0,HD 109358,0.599,0.064,0.661,0.193,8.4727,1.08,1.151065,,,0.602637,0.421556,0,0,8,2037.361279
HD 109358_1,HD 109358,0.313,0.024,1.946,4.835,8.4727,1.08,1.151065,,,0.309067,0.254472,0,0,8,2037.361279
HD 109358_3,HD 109358,0.172,0.066,1.409,1.609,8.4727,1.08,1.151065,,,0.177595,0.097315,0,0,8,2037.361279
HD 109358_4,HD 109358,1.488,0.078,0.58,0.237,8.4727,1.08,1.151065,,,1.600326,0.503681,0,0,8,2037.361279
HD 109358_5,HD 109358,3.968,0.05,3.285,25.806,8.4727,1.08,1.151065,,,3.7704,0.111834,0,0,8,2037.361279
HD 146233_0,HD 146233,0.356,0.047,2.679,8.19,14.1369,1.02,1.094208,,,0.341044,0.240401,0,0,8,2037.365094
HD 146233_1,HD 146233,0.206,0.044,2.032,3.376,14.1369,1.02,1.094208,,,0.202003,0.38596,0,0,8,2037.365094
HD 146233_4,HD 146233,0.539,0.141,1.433,3.682,14.1369,1.02,1.094208,,,0.472383,0.009605,0,0,8,2037.365094
HD 55575_0,HD 55575,1.084,0.09,0.727,0.186,16.8518,1.14,1.462851,,,1.11475,0.968132,0,0,7,2037.370824
HD 55575_1,HD 55575,0.133,0.053,0.578,0.677,16.8518,1.14,1.462851,,,0.126675,0.756326,0,0,7,2037.370824
HD 86728 A_0,HD 86728 A,0.138,0.113,0.53,0.078,14.9263,1.0,1.377844,,,0.132246,0.186986,0,0,7,2037.41683
HD 86728 A_1,HD 86728 A,1.194,0.049,0.519,0.144,14.9263,1.0,1.377844,,,1.189139,0.191624,0,0,7,2037.41683
HD 86728 A_2,HD 86728 A,1.586,0.024,0.736,0.367,14.9263,1.0,1.377844,,,1.548287,0.266508,0,0,7,2037.41683
HD 86728 A_3,HD 86728 A,0.34,0.077,0.971,1.901,14.9263,1.0,1.377844,,,0.345526,0.196127,0,0,7,2037.41683
HD 86728 A_4,HD 86728 A,3.143,0.15,2.985,16.709,14.9263,1.0,1.377844,,,3.536593,0.0153,0,0,7,2037.41683
HD 86728 A_5,HD 86728 A,0.238,0.132,1.155,6.008,14.9263,1.0,1.377844,,,0.261341,0.078968,0,0,7,2037.41683
HD 86728 A_6,HD 86728 A,2.84,0.137,2.462,3.621,14.9263,1.0,1.377844,,,3.127502,0.03491,0,0,7,2037.41683
HD 128620_0,HD 128620,1.567,0.074,0.945,0.738,1.3319,1.11,1.520898,,,1.626999,0.713952,0,0,7,2037.426896
HD 128620_1,HD 128620,1.266,0.016,1.198,6.221,1.3319,1.11,1.520898,,,1.248176,0.157878,0,0,7,2037.426896
HD 4614 A_0,HD 4614 A,4.718,0.051,1.358,3.151,5.0098,1.14,1.251988,,,4.690873,0.093343,0,0,8,2037.428717
HD 4614 A_1,HD 4614 A,0.651,0.133,0.728,0.235,5.0098,1.14,1.251988,,,0.683733,0.817731,0,0,8,2037.428717
HD 4614 A_2,HD 4614 A,2.584,0.017,1.361,2.842,5.0098,1.14,1.251988,,,2.545558,0.105908,0,0,8,2037.428717
HD 43386_0,HD 43386,2.541,0.037,0.504,0.177,19.5879,1.33,2.956651,,,2.48735,0.44976,0,0,5,2037.432724
HD 43386_1,HD 43386,1.141,0.101,1.584,2.873,19.5879,1.33,2.956651,,,1.206131,0.017543,0,0,5,2037.432724
HD 43386_3,HD 43386,0.289,0.045,1.072,0.429,19.5879,1.33,2.956651,,,0.301337,0.256052,0,0,5,2037.432724
HD 187691 A_0,HD 187691 A,3.127,0.076,1.475,4.454,19.4881,1.25,2.834654,,,3.252481,0.438941,0,0,5,2037.43511
HD 187691 A_1,HD 187691 A,2.61,0.091,1.018,1.386,19.4881,1.25,2.834654,,,2.808596,0.239548,0,0,5,2037.43511
HD 187691 A_2,HD 187691 A,3.249,0.037,0.764,1.364,19.4881,1.25,2.834654,,,3.141484,0.02141,0,0,5,2037.43511
HD 187691 A_3,HD 187691 A,2.018,0.038,2.654,10.557,19.4881,1.25,2.834654,,,2.09458,0.001545,0,0,5,2037.43511
HD 84117_2,HD 84117,0.48,0.183,0.807,0.707,14.9515,1.14,1.977425,,,0.566299,0.115438,0,0,6,2037.446526
HD 84117_3,HD 84117,2.469,0.127,0.583,0.157,14.9515,1.14,1.977425,,,2.683099,0.794377,0,0,6,2037.446526
HD 84117_5,HD 84117,2.421,0.095,0.605,0.239,14.9515,1.14,1.977425,,,2.359467,0.122084,0,0,6,2037.446526
HD 43042_0,HD 43042,4.095,0.078,0.558,0.185,21.7763,1.29,2.935621,,,4.123,0.731479,0,0,5,2037.462448
HD 43042_1,HD 43042,0.434,0.11,0.533,0.05,21.7763,1.29,2.935621,,,0.481635,0.007205,0,0,5,2037.462448
HD 43042_3,HD 43042,0.724,0.14,0.733,0.758,21.7763,1.29,2.935621,,,0.623662,0.009359,0,0,5,2037.462448
HD 7570_0,HD 7570,3.031,0.054,1.134,3.652,15.2609,1.14,2.003549,,,3.081466,0.000557,0,0,6,2037.466338
HD 7570_1,HD 7570,0.15,0.071,0.941,0.218,15.2609,1.14,2.003549,,,0.156804,0.454076,0,0,6,2037.466338
HD 7570_2,HD 7570,1.977,0.063,1.73,3.716,15.2609,1.14,2.003549,,,2.034227,0.018564,0,0,6,2037.466338
HD 7570_3,HD 7570,3.034,0.079,1.364,1.913,15.2609,1.14,2.003549,,,2.80028,0.085955,0,0,6,2037.466338
HD 7570_4,HD 7570,0.569,0.099,0.726,0.483,15.2609,1.14,2.003549,,,0.625255,0.248806,0,0,6,2037.466338
HD 90839_0,HD 90839,3.665,0.022,0.781,0.186,12.9452,1.18,1.605092,,,3.745567,0.411689,0,0,7,2037.476929
HD 90839_1,HD 90839,0.191,0.094,1.403,2.751,12.9452,1.18,1.605092,,,0.173109,0.402004,0,0,7,2037.476929
HD 90839_2,HD 90839,3.378,0.112,1.125,1.619,12.9452,1.18,1.605092,,,3.665855,0.053021,0,0,7,2037.476929
HD 90839_5,HD 90839,0.15,0.051,2.273,4.226,12.9452,1.18,1.605092,,,0.142885,0.124931,0,0,7,2037.476929
HD 219134_0,HD 219134,1.298,0.068,3.021,11.197,6.5418,0.75,0.265889,0.151241,216.836038,1.339053,0.730071,1,1,6,2037.479141
HD 219134_1,HD 219134,0.107,0.06,0.589,0.114,6.5418,0.75,0.265889,,,0.110905,0.719228,0,0,6,2037.479141
HD 219134_2,HD 219134,0.475,0.085,1.279,2.244,6.5418,0.75,0.265889,0.06973,27.543185,0.491489,0.534704,1,4,6,2037.479141
HD 219134_3,HD 219134,2.999,0.067,1.913,4.52,6.5418,0.75,0.265889,,,3.195829,0.81071,0,0,6,2037.479141
HD 219134_4,HD 219134,0.285,0.083,1.716,4.805,6.5418,0.75,0.265889,,,0.271546,0.283101,0,0,6,2037.479141
HD 219134_5,HD 219134,1.823,0.052,1.09,4.144,6.5418,0.75,0.265889,,,1.917656,0.552795,0,0,6,2037.479141
HD 219134_7,HD 219134,0.986,0.056,2.277,3.449,6.5418,0.75,0.265889,,,0.983295,0.118075,0,3,6,2037.479141
HD 210302_0,HD 210302,0.937,0.087,1.293,2.482,18.4579,1.25,2.918099,,,0.941066,0.515445,0,0,5,2037.482025
HD 210302_1,HD 210302,0.316,0.034,0.672,0.291,18.4579,1.25,2.918099,,,0.3236,0.830573,0,0,5,2037.482025
HD 210302_2,HD 210302,0.162,0.125,0.82,0.565,18.4579,1.25,2.918099,,,0.174961,0.897688,0,0,5,2037.482025
HD 210302_3,HD 210302,0.925,0.123,2.909,15.97,18.4579,1.25,2.918099,,,1.031918,0.043466,0,0,5,2037.482025
HD 210302_4,HD 210302,1.629,0.122,1.727,5.061,18.4579,1.25,2.918099,,,1.683374,0.068258,0,0,5,2037.482025
HD 143761_0,HD 143761,2.268,0.052,0.622,0.131,17.5108,0.97,1.812174,,,2.352381,0.566858,0,0,6,2037.501398
HD 143761_3,HD 143761,0.463,0.017,0.834,0.619,17.5108,0.97,1.812174,,,0.457219,0.55765,0,0,6,2037.501398
HD 143761_4,HD 143761,1.096,0.157,0.808,0.895,17.5108,0.97,1.812174,,,1.149836,0.79593,0,0,6,2037.501398
HD 143761_5,HD 143761,0.834,0.096,1.155,1.684,17.5108,0.97,1.812174,,,0.905725,0.033173,0,0,6,2037.501398
HD 143761_7,HD 143761,2.609,0.089,2.154,12.289,17.5108,0.97,1.812174,,,2.612306,0.499583,0,0,6,2037.501398
HD 141004_0,HD 141004,2.629,0.092,2.901,8.518,11.9159,1.09,2.003549,,,2.862634,0.550471,0,0,6,2037.519533
HD 141004_1,HD 141004,0.651,0.071,0.654,0.168,11.9159,1.09,2.003549,,,0.629789,0.059197,0,0,6,2037.519533
HD 141004_2,HD 141004,4.426,0.098,1.019,2.941,11.9159,1.09,2.003549,,,4.149534,0.01836,0,0,6,2037.519533
HD 141004_3,HD 141004,4.115,0.06,0.578,0.125,11.9159,1.09,2.003549,,,3.874799,0.738247,0,0,6,2037.519533
HD 141004_4,HD 141004,3.163,0.091,1.732,4.206,11.9159,1.09,2.003549,,,3.030749,0.19943,0,0,6,2037.519533
HD 39091_1,HD 39091,3.12,0.028,1.191,1.952,18.2874,1.08,1.533204,,,3.050196,0.634233,0,0,7,2037.524249
HD 39091_2,HD 39091,2.865,0.029,0.677,0.089,18.2874,1.08,1.533204,,,2.940927,0.937267,0,0,7,2037.524249
HD 39091_3,HD 39091,3.55,0.072,1.069,0.919,18.2874,1.08,1.533204,,,3.70538,0.622302,0,0,7,2037.524249
HD 39091_4,HD 39091,4.534,0.027,1.234,1.811,18.2874,1.08,1.533204,,,4.656386,0.028133,0,0,7,2037.524249
HD 39091_5,HD 39091,1.437,0.051,1.31,1.974,18.2874,1.08,1.533204,,,1.367437,0.205804,0,0,7,2037.524249
HD 39091_6,HD 39091,0.67,0.012,2.604,6.457,18.2874,1.08,1.533204,,,0.673766,0.599863,0,0,7,2037.524249
HD 160691_0,HD 160691,1.46,0.051,0.67,0.675,15.6042,1.0,1.898891,,,1.386332,0.130031,0,0,6,2037.536097
HD 160691_1,HD 160691,0.274,0.085,0.88,0.645,15.6042,1.0,1.898891,,,0.25952,0.375517,0,0,6,2037.536097
HD 160691_2,HD 160691,0.346,0.144,0.58,0.053,15.6042,1.0,1.898891,,,0.298187,0.093223,0,0,6,2037.536097
HD 160691_3,HD 160691,0.123,0.058,0.556,0.091,15.6042,1.0,1.898891,,,0.120475,0.125621,0,0,6,2037.536097
HD 160691_4,HD 160691,2.415,0.073,1.777,2.687,15.6042,1.0,1.898891,,,2.590897,0.893624,0,0,6,2037.536097
HD 160691_6,HD 160691,2.937,0.058,2.424,6.338,15.6042,1.0,1.898891,,,2.794731,0.872034,0,0,6,2037.536097
HD 160691_7,HD 160691,3.23,0.098,2.375,5.354,15.6042,1.0,1.898891,,,3.527564,0.451363,0,0,6,2037.536097
HD 65907 A_0,HD 65907 A,0.584,0.099,0.585,0.122,16.1718,1.11,1.290031,,,0.584329,0.32304,0,0,8,2037.554296
HD 65907 A_1,HD 65907 A,1.316,0.075,0.982,3.131,16.1718,1.11,1.290031,,,1.328947,0.103857,0,0,8,2037.554296
HD 65907 A_2,HD 65907 A,1.009,0.058,1.202,5.136,16.1718,1.11,1.290031,,,1.065807,0.168786,0,0,8,2037.554296
HD 95128_1,HD 95128,2.285,0.074,0.586,0.282,13.8875,1.07,1.576885,,,2.140069,0.912871,0,0,7,2037.570315
HD 95128_2,HD 95128,4.586,0.035,0.538,0.083,13.8875,1.07,1.576885,,,4.715683,0.067561,0,0,7,2037.570315
HD 95128_3,HD 95128,0.343,0.031,2.771,10.086,13.8875,1.07,1.576885,,,0.346294,0.059675,0,0,7,2037.570315
HD 95128_4,HD 95128,2.15,0.173,1.218,6.511,13.8875,1.07,1.576885,,,2.405805,0.497905,0,0,7,2037.570315
HD 95128_5,HD 95128,0.6,0.105,2.299,8.137,13.8875,1.07,1.576885,,,0.591652,0.388985,0,0,7,2037.570315
HD 95128_6,HD 95128,0.335,0.024,2.419,8.582,13.8875,1.07,1.576885,,,0.330071,0.194247,0,0,7,2037.570315
HD 95128_7,HD 95128,0.847,0.089,1.394,3.129,13.8875,1.07,1.576885,,,0.780988,0.402294,0,0,7,2037.570315
HD 95128_8,HD 95128,0.588,0.034,2.182,8.46,13.8875,1.07,1.576885,,,0.568918,0.549812,0,0,7,2037.570315
HD 84737_0,HD 84737,0.596,0.087,1.352,1.551,18.8226,1.08,2.795117,,,0.643151,0.322799,0,0,5,2037.591694
HD 84737_1,HD 84737,3.025,0.071,1.189,1.926,18.8226,1.08,2.795117,,,3.229032,0.063291,0,0,5,2037.591694
HD 84737_2,HD 84737,1.078,0.014,1.079,0.698,18.8226,1.08,2.795117,,,1.072716,0.868804,0,0,5,2037.591694
HD 84737_3,HD 84737,3.774,0.025,0.833,0.848,18.8226,1.08,2.795117,,,3.857897,0.057144,0,0,5,2037.591694
HD 84737_4,HD 84737,0.254,0.074,3.133,13.741,18.8226,1.08,2.795117,,,0.25779,0.11645,0,0,5,2037.591694
HD 84737_5,HD 84737,2.993,0.205,0.508,0.086,18.8226,1.08,2.795117,,,3.063475,0.469719,0,0,5,2037.591694
HD 50692_0,HD 50692,3.95,0.04,2.831,10.297,17.4047,1.08,1.293302,,,4.059712,0.017361,0,0,8,2037.601674
HD 50692_1,HD 50692,0.28,0.064,0.734,0.092,17.4047,1.08,1.293302,,,0.283141,0.047029,0,0,8,2037.601674
HD 50692_2,HD 50692,0.513,0.081,1.798,3.652,17.4047,1.08,1.293302,,,0.552398,0.2482,0,0,8,2037.601674
HD 50692_3,HD 50692,0.925,0.032,2.849,9.197,17.4047,1.08,1.293302,,,0.899885,0.364304,0,0,8,2037.601674
HD 134083_0,HD 134083,0.116,0.07,1.9,7.058,19.536,1.33,3.254618,,,0.108538,0.201134,0,0,5,2037.603044
HD 134083_1,HD 134083,0.36,0.097,1.358,2.746,19.536,1.33,3.254618,,,0.33178,0.284281,0,0,5,2037.603044
HD 134083_3,HD 134083,0.749,0.13,0.881,0.684,19.536,1.33,3.254618,,,0.667246,0.321899,0,0,5,2037.603044
HD 134083_4,HD 134083,0.959,0.114,0.591,0.338,19.536,1.33,3.254618,,,0.965911,0.290103,0,0,5,2037.603044
HD 693_0,HD 693,1.045,0.058,1.136,2.579,18.8861,1.18,2.997091,,,1.105348,0.18727,0,0,5,2037.604414
HD 693_1,HD 693,0.139,0.106,2.768,7.407,18.8861,1.18,2.997091,,,0.149401,3.4e-05,0,0,5,2037.604414
HD 693_3,HD 693,1.448,0.069,1.975,3.042,18.8861,1.18,2.997091,,,1.375165,0.037,0,0,5,2037.604414
HD 693_4,HD 693,1.744,0.105,1.392,2.348,18.8861,1.18,2.997091,,,1.663913,0.94747,0,0,5,2037.604414
HD 693_5,HD 693,2.909,0.1,1.423,2.794,18.8861,1.18,2.997091,,,2.973789,0.961229,0,0,5,2037.604414
HD 693_6,HD 693,2.914,0.024,0.574,0.316,18.8861,1.18,2.997091,,,2.856061,0.00119,0,0,5,2037.604414
HD 693_7,HD 693,3.93,0.01,2.298,5.004,18.8861,1.18,2.997091,,,3.904638,0.713815,0,0,5,2037.604414
HD 114710_0,HD 114710,1.415,0.117,0.681,0.147,9.1975,1.11,1.357063,,,1.374683,0.475295,0,0,8,2037.620074
HD 114710_1,HD 114710,0.314,0.116,0.63,1.142,9.1975,1.11,1.357063,,,0.300872,0.479679,0,0,8,2037.620074
HD 114710_2,HD 114710,2.258,0.018,0.683,0.173,9.1975,1.11,1.357063,,,2.252156,0.721638,0,0,8,2037.620074
HD 114710_4,HD 114710,0.861,0.053,0.898,0.439,9.1975,1.11,1.357063,,,0.894274,0.561159,0,0,8,2037.620074
HD 114710_5,HD 114710,0.124,0.109,3.108,17.681,9.1975,1.11,1.357063,,,0.130007,0.00284,0,0,8,2037.620074
HD 212330 A_0,HD 212330 A,1.747,0.031,3.281,9.208,20.3398,1.02,2.726465,0.065113,123.872325,1.696175,0.6787,1,1,5,2037.621444
HD 38393_0,HD 38393,0.205,0.072,1.088,1.383,8.905,1.23,2.344229,,,0.201471,0.602149,0,0,6,2037.647837
HD 38393_1,HD 38393,3.39,0.099,0.656,0.073,8.905,1.23,2.344229,,,3.143318,0.303105,0,0,6,2037.647837
HD 38393_3,HD 38393,0.355,0.086,1.549,2.098,8.905,1.23,2.344229,,,0.330686,0.407574,0,0,6,2037.647837
HD 38393_4,HD 38393,4.373,0.052,1.208,1.876,8.905,1.23,2.344229,,,4.385379,0.231394,0,0,6,2037.647837
HD 190248_1,HD 190248,1.11,0.055,1.408,3.629,6.0993,0.94,1.249971,,,1.099731,0.643864,0,0,8,2037.670347
HD 190248_2,HD 190248,3.754,0.072,1.017,1.24,6.0993,0.94,1.249971,,,3.746951,0.903703,0,0,8,2037.670347
HD 190248_3,HD 190248,1.406,0.139,0.51,0.568,6.0993,0.94,1.249971,,,1.243334,0.91761,0,0,8,2037.670347
HD 17051_0,HD 17051,1.593,0.055,0.8,0.166,17.3572,1.14,1.737401,,,1.579017,0.62107,0,0,7,2037.68034
HD 17051_1,HD 17051,2.146,0.107,1.035,0.971,17.3572,1.14,1.737401,,,2.144762,0.621351,0,0,7,2037.68034
HD 17051_2,HD 17051,4.311,0.108,1.302,2.591,17.3572,1.14,1.737401,,,3.889191,0.013741,0,0,7,2037.68034
HD 34411_0,HD 34411,0.295,0.082,3.192,8.429,12.5625,1.08,1.731809,,,0.317944,0.319554,0,0,7,2037.727461
HD 34411_1,HD 34411,1.539,0.078,0.897,0.713,12.5625,1.08,1.731809,,,1.559702,0.115313,0,0,7,2037.727461
HD 34411_3,HD 34411,1.691,0.074,0.798,0.808,12.5625,1.08,1.731809,,,1.65697,0.716954,0,0,7,2037.727461
HD 46588 A_0,HD 46588 A,1.961,0.092,1.375,5.123,18.2023,1.18,1.825997,,,1.873948,0.225678,0,0,7,2037.730831
HD 46588 A_2,HD 46588 A,0.149,0.051,1.651,3.767,18.2023,1.18,1.825997,,,0.146341,0.549148,0,0,7,2037.730831
HD 46588 A_4,HD 46588 A,0.634,0.042,1.252,1.899,18.2023,1.18,1.825997,,,0.653788,0.027472,0,0,7,2037.730831
HD 46588 A_5,HD 46588 A,0.119,0.052,0.593,0.101,18.2023,1.18,1.825997,,,0.121897,0.321003,0,0,7,2037.730831
HD 46588 A_6,HD 46588 A,0.647,0.045,2.121,5.747,18.2023,1.18,1.825997,,,0.621712,0.016342,0,0,7,2037.730831
HD 46588 A_7,HD 46588 A,1.085,0.088,1.256,5.584,18.2023,1.18,1.825997,,,1.142274,0.10821,0,0,7,2037.730831
HD 46588 A_8,HD 46588 A,2.008,0.017,0.521,0.08,18.2023,1.18,1.825997,,,2.029369,0.039547,0,0,7,2037.730831
HD 203608_0,HD 203608,2.203,0.092,1.79,3.488,9.2584,1.14,1.465548,,,2.031925,0.676644,0,0,8,2037.733154
HD 203608_1,HD 203608,2.342,0.1,0.502,0.104,9.2584,1.14,1.465548,,,2.551162,0.660296,0,0,8,2037.733154
HD 203608_2,HD 203608,2.74,0.062,1.086,1.189,9.2584,1.14,1.465548,,,2.771805,0.303236,0,0,8,2037.733154
HD 203608_5,HD 203608,4.293,0.038,0.929,0.698,9.2584,1.14,1.465548,,,4.4063,0.080761,0,0,8,2037.733154
HD 203608_6,HD 203608,0.526,0.072,0.985,0.486,9.2584,1.14,1.465548,,,0.557277,0.072092,0,0,8,2037.733154
HD 55575_0,HD 55575,1.084,0.09,0.727,0.186,16.8518,1.14,1.462851,,,1.146055,0.240129,0,0,8,2037.755459
HD 55575_1,HD 55575,0.133,0.053,0.578,0.677,16.8518,1.14,1.462851,,,0.135203,0.022145,0,0,8,2037.755459
HD 142373_0,HD 142373,1.268,0.168,0.757,0.148,15.8975,1.08,3.136173,,,1.476322,0.799851,0,0,5,2037.806708
HD 142373_1,HD 142373,1.76,0.092,0.868,0.535,15.8975,1.08,3.136173,,,1.685564,0.157046,0,0,5,2037.806708
HD 142373_2,HD 142373,0.834,0.129,2.923,6.259,15.8975,1.08,3.136173,,,0.825751,0.892112,0,0,5,2037.806708
HD 142373_4,HD 142373,1.161,0.006,1.265,2.536,15.8975,1.08,3.136173,,,1.162402,0.036717,0,0,5,2037.806708
HD 142373_6,HD 142373,4.705,0.105,0.947,0.923,15.8975,1.08,3.136173,,,4.232511,0.009455,0,0,5,2037.806708
HD 142373_7,HD 142373,1.878,0.051,2.611,6.816,15.8975,1.08,3.136173,,,1.783423,0.968084,0,0,5,2037.806708
HD 142373_8,HD 142373,3.092,0.053,1.805,7.326,15.8975,1.08,3.136173,,,3.138638,0.064914,0,0,5,2037.806708
HD 86728 A_0,HD 86728 A,0.138,0.113,0.53,0.078,14.9263,1.0,1.377844,,,0.128205,0.097627,0,0,8,2037.809476
HD 86728 A_1,HD 86728 A,1.194,0.049,0.519,0.144,14.9263,1.0,1.377844,,,1.251572,0.063314,0,0,8,2037.809476
HD 86728 A_2,HD 86728 A,1.586,0.024,0.736,0.367,14.9263,1.0,1.377844,,,1.569546,0.627703,0,0,8,2037.809476
HD 86728 A_3,HD 86728 A,0.34,0.077,0.971,1.901,14.9263,1.0,1.377844,,,0.34281,0.220177,0,0,8,2037.809476
HD 86728 A_4,HD 86728 A,3.143,0.15,2.985,16.709,14.9263,1.0,1.377844,,,3.605621,0.026679,0,0,8,2037.809476
HD 86728 A_5,HD 86728 A,0.238,0.132,1.155,6.008,14.9263,1.0,1.377844,,,0.241307,0.952839,0,0,8,2037.809476
HD 86728 A_6,HD 86728 A,2.84,0.137,2.462,3.621,14.9263,1.0,1.377844,,,2.97421,0.020027,0,0,8,2037.809476
HD 128620_0,HD 128620,1.567,0.074,0.945,0.738,1.3319,1.11,1.520898,,,1.679467,0.948332,0,0,8,2037.828238
HD 128620_1,HD 128620,1.266,0.016,1.198,6.221,1.3319,1.11,1.520898,,,1.280433,0.779859,0,0,8,2037.828238
HD 58855_0,HD 58855,3.917,0.055,2.746,11.124,20.4021,1.16,2.444556,,,3.916983,0.247101,0,0,6,2037.833839
HD 58855_3,HD 58855,0.12,0.023,0.846,0.314,20.4021,1.16,2.444556,,,0.122745,0.044931,0,0,6,2037.833839
HD 58855_4,HD 58855,1.787,0.062,0.53,0.101,20.4021,1.16,2.444556,,,1.677146,0.313972,0,0,6,2037.833839
HD 58855_5,HD 58855,2.753,0.078,0.74,0.361,20.4021,1.16,2.444556,,,2.800921,0.082088,0,0,6,2037.833839
HD 58855_6,HD 58855,3.408,0.008,0.67,0.197,20.4021,1.16,2.444556,,,3.398949,0.77559,0,0,6,2037.833839
HD 58855_7,HD 58855,0.511,0.017,1.169,2.72,20.4021,1.16,2.444556,,,0.504018,0.834929,0,0,6,2037.833839
HD 58855_8,HD 58855,3.679,0.02,1.665,3.725,20.4021,1.16,2.444556,,,3.627159,0.892184,0,0,6,2037.833839
HD 90839_0,HD 90839,3.665,0.022,0.781,0.186,12.9452,1.18,1.605092,,,3.740842,0.624563,0,0,8,2037.882237
HD 90839_1,HD 90839,0.191,0.094,1.403,2.751,12.9452,1.18,1.605092,,,0.195496,0.691451,0,0,8,2037.882237
HD 90839_2,HD 90839,3.378,0.112,1.125,1.619,12.9452,1.18,1.605092,,,3.541647,0.023115,0,0,8,2037.882237
HD 90839_5,HD 90839,0.15,0.051,2.273,4.226,12.9452,1.18,1.605092,,,0.157294,0.534155,0,0,8,2037.882237
HD 30652_0,HD 30652,0.357,0.032,0.524,0.119,8.0684,1.25,2.710192,,,0.358835,0.087134,0,0,6,2037.918577
HD 30652_1,HD 30652,3.379,0.099,2.314,9.159,8.0684,1.25,2.710192,,,3.398215,0.580406,0,0,6,2037.918577
HD 30652_2,HD 30652,1.418,0.081,1.563,7.047,8.0684,1.25,2.710192,,,1.48926,0.104393,0,0,6,2037.918577
HD 30652_3,HD 30652,3.27,0.133,2.129,5.731,8.0684,1.25,2.710192,,,3.175513,0.469011,0,0,6,2037.918577
HD 30652_4,HD 30652,2.754,0.119,2.49,10.16,8.0684,1.25,2.710192,,,2.643205,0.130667,0,0,6,2037.918577
HD 84117_2,HD 84117,0.48,0.183,0.807,0.707,14.9515,1.14,1.977425,,,0.392758,0.743838,0,0,7,2037.928723
HD 84117_3,HD 84117,2.469,0.127,0.583,0.157,14.9515,1.14,1.977425,,,2.781807,0.439749,0,0,7,2037.928723
HD 84117_5,HD 84117,2.421,0.095,0.605,0.239,14.9515,1.14,1.977425,,,2.546284,0.255594,0,0,7,2037.928723
HD 39091_1,HD 39091,3.12,0.028,1.191,1.952,18.2874,1.08,1.533204,,,3.083415,0.715995,0,0,8,2037.933594
HD 39091_2,HD 39091,2.865,0.029,0.677,0.089,18.2874,1.08,1.533204,,,2.912827,0.704819,0,0,8,2037.933594
HD 39091_3,HD 39091,3.55,0.072,1.069,0.919,18.2874,1.08,1.533204,,,3.617213,0.451378,0,0,8,2037.933594
HD 39091_4,HD 39091,4.534,0.027,1.234,1.811,18.2874,1.08,1.533204,,,4.651217,0.006444,0,0,8,2037.933594
HD 39091_5,HD 39091,1.437,0.051,1.31,1.974,18.2874,1.08,1.533204,,,1.460941,0.211815,0,0,8,2037.933594
HD 39091_6,HD 39091,0.67,0.012,2.604,6.457,18.2874,1.08,1.533204,,,0.677668,0.181423,0,0,8,2037.933594
HD 7570_0,HD 7570,3.031,0.054,1.134,3.652,15.2609,1.14,2.003549,,,3.16065,0.013448,0,0,7,2037.953304
HD 7570_1,HD 7570,0.15,0.071,0.941,0.218,15.2609,1.14,2.003549,,,0.14778,0.822641,0,0,7,2037.953304
HD 7570_2,HD 7570,1.977,0.063,1.73,3.716,15.2609,1.14,2.003549,,,1.89623,0.388531,0,0,7,2037.953304
HD 7570_3,HD 7570,3.034,0.079,1.364,1.913,15.2609,1.14,2.003549,,,2.882272,0.057522,0,0,7,2037.953304
HD 7570_4,HD 7570,0.569,0.099,0.726,0.483,15.2609,1.14,2.003549,,,0.590496,0.123327,0,0,7,2037.953304
HD 23249_0,HD 23249,2.38,0.039,0.804,0.586,9.0888,0.87,2.941034,,,2.327084,0.509258,0,0,5,2037.981925
HD 23249_1,HD 23249,2.348,0.031,1.487,3.029,9.0888,0.87,2.941034,,,2.409784,0.628779,0,0,5,2037.981925
HD 95128_1,HD 95128,2.285,0.074,0.586,0.282,13.8875,1.07,1.576885,,,2.250584,0.776811,0,0,8,2037.990325
HD 95128_2,HD 95128,4.586,0.035,0.538,0.083,13.8875,1.07,1.576885,,,4.685613,0.135153,0,0,8,2037.990325
HD 95128_3,HD 95128,0.343,0.031,2.771,10.086,13.8875,1.07,1.576885,,,0.353325,0.032114,0,0,8,2037.990325
HD 95128_4,HD 95128,2.15,0.173,1.218,6.511,13.8875,1.07,1.576885,,,2.52124,0.189987,0,0,8,2037.990325
HD 95128_5,HD 95128,0.6,0.105,2.299,8.137,13.8875,1.07,1.576885,,,0.566892,0.284757,0,0,8,2037.990325
HD 95128_6,HD 95128,0.335,0.024,2.419,8.582,13.8875,1.07,1.576885,,,0.32833,0.635195,0,0,8,2037.990325
HD 95128_7,HD 95128,0.847,0.089,1.394,3.129,13.8875,1.07,1.576885,,,0.901736,0.202068,0,0,8,2037.990325
HD 95128_8,HD 95128,0.588,0.034,2.182,8.46,13.8875,1.07,1.576885,,,0.56805,0.449287,0,0,8,2037.990325
HD 143761_0,HD 143761,2.268,0.052,0.622,0.131,17.5108,0.97,1.812174,,,2.38561,0.920403,0,0,7,2037.991695
HD 143761_3,HD 143761,0.463,0.017,0.834,0.619,17.5108,0.97,1.812174,,,0.46775,0.148026,0,0,7,2037.991695
HD 143761_4,HD 143761,1.096,0.157,0.808,0.895,17.5108,0.97,1.812174,,,1.008865,0.030156,0,0,7,2037.991695
HD 143761_5,HD 143761,0.834,0.096,1.155,1.684,17.5108,0.97,1.812174,,,0.823718,0.284963,0,0,7,2037.991695
HD 143761_7,HD 143761,2.609,0.089,2.154,12.289,17.5108,0.97,1.812174,,,2.45442,0.863472,0,0,7,2037.991695
HD 141004_0,HD 141004,2.629,0.092,2.901,8.518,11.9159,1.09,2.003549,,,2.84765,0.888157,0,0,7,2038.017543
HD 141004_1,HD 141004,0.651,0.071,0.654,0.168,11.9159,1.09,2.003549,,,0.627184,0.046749,0,0,7,2038.017543
HD 141004_2,HD 141004,4.426,0.098,1.019,2.941,11.9159,1.09,2.003549,,,4.288386,0.037741,0,0,7,2038.017543
HD 141004_3,HD 141004,4.115,0.06,0.578,0.125,11.9159,1.09,2.003549,,,3.872206,0.811252,0,0,7,2038.017543
HD 141004_4,HD 141004,3.163,0.091,1.732,4.206,11.9159,1.09,2.003549,,,2.906824,0.151912,0,0,7,2038.017543
HD 160691_0,HD 160691,1.46,0.051,0.67,0.675,15.6042,1.0,1.898891,,,1.468928,0.858565,0,0,7,2038.035529
HD 160691_1,HD 160691,0.274,0.085,0.88,0.645,15.6042,1.0,1.898891,,,0.293393,0.170022,0,0,7,2038.035529
HD 160691_2,HD 160691,0.346,0.144,0.58,0.053,15.6042,1.0,1.898891,,,0.391209,0.61761,0,0,7,2038.035529
HD 160691_3,HD 160691,0.123,0.058,0.556,0.091,15.6042,1.0,1.898891,,,0.12954,0.975347,0,0,7,2038.035529
HD 160691_4,HD 160691,2.415,0.073,1.777,2.687,15.6042,1.0,1.898891,,,2.530946,0.959805,0,0,7,2038.035529
HD 160691_6,HD 160691,2.937,0.058,2.424,6.338,15.6042,1.0,1.898891,,,2.879794,0.580219,0,0,7,2038.035529
HD 160691_7,HD 160691,3.23,0.098,2.375,5.354,15.6042,1.0,1.898891,,,3.543219,0.696062,0,0,7,2038.035529
HD 43386_0,HD 43386,2.541,0.037,0.504,0.177,19.5879,1.33,2.956651,,,2.584066,0.041143,0,0,6,2038.036899
HD 43386_1,HD 43386,1.141,0.101,1.584,2.873,19.5879,1.33,2.956651,,,1.144856,0.527103,0,0,6,2038.036899
HD 43386_3,HD 43386,0.289,0.045,1.072,0.429,19.5879,1.33,2.956651,,,0.276229,0.440155,0,0,6,2038.036899
HD 187691 A_0,HD 187691 A,3.127,0.076,1.475,4.454,19.4881,1.25,2.834654,,,3.079777,0.524887,0,0,6,2038.038393
HD 187691 A_1,HD 187691 A,2.61,0.091,1.018,1.386,19.4881,1.25,2.834654,,,2.833593,0.027008,0,0,6,2038.038393
HD 187691 A_2,HD 187691 A,3.249,0.037,0.764,1.364,19.4881,1.25,2.834654,,,3.133697,0.039099,0,0,6,2038.038393
HD 187691 A_3,HD 187691 A,2.018,0.038,2.654,10.557,19.4881,1.25,2.834654,,,2.023833,0.292514,0,0,6,2038.038393
HD 43042_0,HD 43042,4.095,0.078,0.558,0.185,21.7763,1.29,2.935621,,,4.275237,0.586478,0,0,6,2038.072099
HD 43042_1,HD 43042,0.434,0.11,0.533,0.05,21.7763,1.29,2.935621,,,0.390363,0.760218,0,0,6,2038.072099
HD 43042_3,HD 43042,0.724,0.14,0.733,0.758,21.7763,1.29,2.935621,,,0.650405,0.094274,0,0,6,2038.072099
HD 210302_0,HD 210302,0.937,0.087,1.293,2.482,18.4579,1.25,2.918099,,,1.018165,0.313187,0,0,6,2038.098579
HD 210302_1,HD 210302,0.316,0.034,0.672,0.291,18.4579,1.25,2.918099,,,0.316293,0.456614,0,0,6,2038.098579
HD 210302_2,HD 210302,0.162,0.125,0.82,0.565,18.4579,1.25,2.918099,,,0.142062,0.02218,0,0,6,2038.098579
HD 210302_3,HD 210302,0.925,0.123,2.909,15.97,18.4579,1.25,2.918099,,,0.912706,0.056762,0,0,6,2038.098579
HD 210302_4,HD 210302,1.629,0.122,1.727,5.061,18.4579,1.25,2.918099,,,1.792619,0.098388,0,0,6,2038.098579
HD 17051_0,HD 17051,1.593,0.055,0.8,0.166,17.3572,1.14,1.737401,,,1.505907,0.020881,0,0,8,2038.117937
HD 17051_1,HD 17051,2.146,0.107,1.035,0.971,17.3572,1.14,1.737401,,,2.324285,0.211661,0,0,8,2038.117937
HD 17051_2,HD 17051,4.311,0.108,1.302,2.591,17.3572,1.14,1.737401,,,3.985464,0.046771,0,0,8,2038.117937
HD 38393_0,HD 38393,0.205,0.072,1.088,1.383,8.905,1.23,2.344229,,,0.21965,0.029282,0,0,7,2038.175248
HD 38393_1,HD 38393,3.39,0.099,0.656,0.073,8.905,1.23,2.344229,,,3.056027,0.640821,0,0,7,2038.175248
HD 38393_3,HD 38393,0.355,0.086,1.549,2.098,8.905,1.23,2.344229,,,0.372176,0.039104,0,0,7,2038.175248
HD 38393_4,HD 38393,4.373,0.052,1.208,1.876,8.905,1.23,2.344229,,,4.472157,0.420966,0,0,7,2038.175248
HD 34411_0,HD 34411,0.295,0.082,3.192,8.429,12.5625,1.08,1.731809,,,0.311629,0.27123,0,0,8,2038.176618
HD 34411_1,HD 34411,1.539,0.078,0.897,0.713,12.5625,1.08,1.731809,,,1.658844,0.034584,0,0,8,2038.176618
HD 34411_3,HD 34411,1.691,0.074,0.798,0.808,12.5625,1.08,1.731809,,,1.797946,0.203815,0,0,8,2038.176618
HD 46588 A_0,HD 46588 A,1.961,0.092,1.375,5.123,18.2023,1.18,1.825997,,,2.063383,0.218172,0,0,8,2038.177988
HD 46588 A_2,HD 46588 A,0.149,0.051,1.651,3.767,18.2023,1.18,1.825997,,,0.154638,0.391077,0,0,8,2038.177988
HD 46588 A_4,HD 46588 A,0.634,0.042,1.252,1.899,18.2023,1.18,1.825997,,,0.657369,0.014873,0,0,8,2038.177988
HD 46588 A_5,HD 46588 A,0.119,0.052,0.593,0.101,18.2023,1.18,1.825997,,,0.124881,0.327852,0,0,8,2038.177988
HD 46588 A_6,HD 46588 A,0.647,0.045,2.121,5.747,18.2023,1.18,1.825997,,,0.617983,0.068997,0,0,8,2038.177988
HD 46588 A_7,HD 46588 A,1.085,0.088,1.256,5.584,18.2023,1.18,1.825997,,,1.006483,0.719995,0,0,8,2038.177988
HD 46588 A_8,HD 46588 A,2.008,0.017,0.521,0.08,18.2023,1.18,1.825997,,,1.994898,0.174903,0,0,8,2038.177988
HD 84737_0,HD 84737,0.596,0.087,1.352,1.551,18.8226,1.08,2.795117,,,0.561636,0.112488,0,0,6,2038.233922
HD 84737_1,HD 84737,3.025,0.071,1.189,1.926,18.8226,1.08,2.795117,,,3.220423,0.312136,0,0,6,2038.233922
HD 84737_2,HD 84737,1.078,0.014,1.079,0.698,18.8226,1.08,2.795117,,,1.074696,0.012737,0,0,6,2038.233922
HD 84737_3,HD 84737,3.774,0.025,0.833,0.848,18.8226,1.08,2.795117,,,3.868022,0.207763,0,0,6,2038.233922
HD 84737_4,HD 84737,0.254,0.074,3.133,13.741,18.8226,1.08,2.795117,,,0.236248,0.602768,0,0,6,2038.233922
HD 84737_5,HD 84737,2.993,0.205,0.508,0.086,18.8226,1.08,2.795117,,,2.575557,0.220035,0,0,6,2038.233922
HD 134083_0,HD 134083,0.116,0.07,1.9,7.058,19.536,1.33,3.254618,,,0.111177,0.046531,0,0,6,2038.251754
HD 134083_1,HD 134083,0.36,0.097,1.358,2.746,19.536,1.33,3.254618,,,0.392859,0.515956,0,0,6,2038.251754
HD 134083_3,HD 134083,0.749,0.13,0.881,0.684,19.536,1.33,3.254618,,,0.75213,0.037974,0,0,6,2038.251754
HD 134083_4,HD 134083,0.959,0.114,0.591,0.338,19.536,1.33,3.254618,,,1.063095,0.071863,0,0,6,2038.251754
HD 693_0,HD 693,1.045,0.058,1.136,2.579,18.8861,1.18,2.997091,,,1.020355,0.982436,0,0,6,2038.253123
HD 693_1,HD 693,0.139,0.106,2.768,7.407,18.8861,1.18,2.997091,,,0.129262,0.965392,0,0,6,2038.253123
HD 693_3,HD 693,1.448,0.069,1.975,3.042,18.8861,1.18,2.997091,,,1.547419,0.752759,0,0,6,2038.253123
HD 693_4,HD 693,1.744,0.105,1.392,2.348,18.8861,1.18,2.997091,,,1.924266,0.265091,0,0,6,2038.253123
HD 693_5,HD 693,2.909,0.1,1.423,2.794,18.8861,1.18,2.997091,,,3.163845,0.591521,0,0,6,2038.253123
HD 693_6,HD 693,2.914,0.024,0.574,0.316,18.8861,1.18,2.997091,,,2.908709,0.048072,0,0,6,2038.253123
HD 693_7,HD 693,3.93,0.01,2.298,5.004,18.8861,1.18,2.997091,,,3.892413,0.832566,0,0,6,2038.253123
HD 58855_0,HD 58855,3.917,0.055,2.746,11.124,20.4021,1.16,2.444556,,,3.814476,0.086734,0,0,7,2038.39427
HD 58855_3,HD 58855,0.12,0.023,0.846,0.314,20.4021,1.16,2.444556,,,0.118376,0.685002,0,0,7,2038.39427
HD 58855_4,HD 58855,1.787,0.062,0.53,0.101,20.4021,1.16,2.444556,,,1.782253,0.00049,0,0,7,2038.39427
HD 58855_5,HD 58855,2.753,0.078,0.74,0.361,20.4021,1.16,2.444556,,,2.935992,0.348711,0,0,7,2038.39427
HD 58855_6,HD 58855,3.408,0.008,0.67,0.197,20.4021,1.16,2.444556,,,3.415128,0.684696,0,0,7,2038.39427
HD 58855_7,HD 58855,0.511,0.017,1.169,2.72,20.4021,1.16,2.444556,,,0.510983,0.005073,0,0,7,2038.39427
HD 58855_8,HD 58855,3.679,0.02,1.665,3.725,20.4021,1.16,2.444556,,,3.661579,0.675195,0,0,7,2038.39427
HD 84117_2,HD 84117,0.48,0.183,0.807,0.707,14.9515,1.14,1.977425,,,0.56252,0.032002,0,0,8,2038.410919
HD 84117_3,HD 84117,2.469,0.127,0.583,0.157,14.9515,1.14,1.977425,,,2.71361,0.145554,0,0,8,2038.410919
HD 84117_5,HD 84117,2.421,0.095,0.605,0.239,14.9515,1.14,1.977425,,,2.646545,0.449199,0,0,8,2038.410919
HD 7570_0,HD 7570,3.031,0.054,1.134,3.652,15.2609,1.14,2.003549,,,3.194311,0.111022,0,0,8,2038.44027
HD 7570_1,HD 7570,0.15,0.071,0.941,0.218,15.2609,1.14,2.003549,,,0.140196,0.751034,0,0,8,2038.44027
HD 7570_2,HD 7570,1.977,0.063,1.73,3.716,15.2609,1.14,2.003549,,,1.861389,0.968904,0,0,8,2038.44027
HD 7570_3,HD 7570,3.034,0.079,1.364,1.913,15.2609,1.14,2.003549,,,3.022119,0.11702,0,0,8,2038.44027
HD 7570_4,HD 7570,0.569,0.099,0.726,0.483,15.2609,1.14,2.003549,,,0.522464,0.255607,0,0,8,2038.44027
HD 219134_0,HD 219134,1.298,0.068,3.021,11.197,6.5418,0.75,0.265889,,,1.228276,0.03834,0,1,7,2038.476901
HD 219134_1,HD 219134,0.107,0.06,0.589,0.114,6.5418,0.75,0.265889,,,0.11237,0.585463,0,0,7,2038.476901
HD 219134_2,HD 219134,0.475,0.085,1.279,2.244,6.5418,0.75,0.265889,,,0.437542,0.058777,0,4,7,2038.476901
HD 219134_3,HD 219134,2.999,0.067,1.913,4.52,6.5418,0.75,0.265889,,,3.072048,0.359653,0,0,7,2038.476901
HD 219134_4,HD 219134,0.285,0.083,1.716,4.805,6.5418,0.75,0.265889,,,0.277781,0.296947,0,0,7,2038.476901
HD 219134_5,HD 219134,1.823,0.052,1.09,4.144,6.5418,0.75,0.265889,,,1.774822,0.4928,0,0,7,2038.476901
HD 219134_7,HD 219134,0.986,0.056,2.277,3.449,6.5418,0.75,0.265889,,,1.02067,0.113601,0,3,7,2038.476901
HD 143761_0,HD 143761,2.268,0.052,0.622,0.131,17.5108,0.97,1.812174,,,2.339111,0.845696,0,0,8,2038.481322
HD 143761_3,HD 143761,0.463,0.017,0.834,0.619,17.5108,0.97,1.812174,,,0.45972,0.494186,0,0,8,2038.481322
HD 143761_4,HD 143761,1.096,0.157,0.808,0.895,17.5108,0.97,1.812174,,,1.257655,0.460659,0,0,8,2038.481322
HD 143761_5,HD 143761,0.834,0.096,1.155,1.684,17.5108,0.97,1.812174,,,0.79342,0.590064,0,0,8,2038.481322
HD 143761_7,HD 143761,2.609,0.089,2.154,12.289,17.5108,0.97,1.812174,,,2.37725,0.882102,0,0,8,2038.481322
HD 30652_0,HD 30652,0.357,0.032,0.524,0.119,8.0684,1.25,2.710192,,,0.353848,0.240652,0,0,7,2038.501882
HD 30652_1,HD 30652,3.379,0.099,2.314,9.159,8.0684,1.25,2.710192,,,3.184504,0.920857,0,0,7,2038.501882
HD 30652_2,HD 30652,1.418,0.081,1.563,7.047,8.0684,1.25,2.710192,,,1.307324,0.36092,0,0,7,2038.501882
HD 30652_3,HD 30652,3.27,0.133,2.129,5.731,8.0684,1.25,2.710192,,,2.912156,0.269696,0,0,7,2038.501882
HD 30652_4,HD 30652,2.754,0.119,2.49,10.16,8.0684,1.25,2.710192,,,2.923013,0.032706,0,0,7,2038.501882
HD 142373_0,HD 142373,1.268,0.168,0.757,0.148,15.8975,1.08,3.136173,,,1.069072,0.025452,0,0,6,2038.506855
HD 142373_1,HD 142373,1.76,0.092,0.868,0.535,15.8975,1.08,3.136173,,,1.919905,0.633986,0,0,6,2038.506855
HD 142373_2,HD 142373,0.834,0.129,2.923,6.259,15.8975,1.08,3.136173,,,0.855649,0.871856,0,0,6,2038.506855
HD 142373_4,HD 142373,1.161,0.006,1.265,2.536,15.8975,1.08,3.136173,,,1.156489,0.612297,0,0,6,2038.506855
HD 142373_6,HD 142373,4.705,0.105,0.947,0.923,15.8975,1.08,3.136173,,,4.221165,0.064381,0,0,6,2038.506855
HD 142373_7,HD 142373,1.878,0.051,2.611,6.816,15.8975,1.08,3.136173,,,1.88815,0.191585,0,0,6,2038.506855
HD 142373_8,HD 142373,3.092,0.053,1.805,7.326,15.8975,1.08,3.136173,,,3.238245,0.02893,0,0,6,2038.506855
HD 141004_0,HD 141004,2.629,0.092,2.901,8.518,11.9159,1.09,2.003549,,,2.724883,0.985808,0,0,8,2038.515553
HD 141004_1,HD 141004,0.651,0.071,0.654,0.168,11.9159,1.09,2.003549,,,0.624667,0.035995,0,0,8,2038.515553
HD 141004_2,HD 141004,4.426,0.098,1.019,2.941,11.9159,1.09,2.003549,,,4.44031,0.08864,0,0,8,2038.515553
HD 141004_3,HD 141004,4.115,0.06,0.578,0.125,11.9159,1.09,2.003549,,,3.910777,0.770625,0,0,8,2038.515553
HD 141004_4,HD 141004,3.163,0.091,1.732,4.206,11.9159,1.09,2.003549,,,2.879007,0.169535,0,0,8,2038.515553
HD 160691_0,HD 160691,1.46,0.051,0.67,0.675,15.6042,1.0,1.898891,,,1.531873,0.376754,0,0,8,2038.534961
HD 160691_1,HD 160691,0.274,0.085,0.88,0.645,15.6042,1.0,1.898891,,,0.253271,0.509735,0,0,8,2038.534961
HD 160691_2,HD 160691,0.346,0.144,0.58,0.053,15.6042,1.0,1.898891,,,0.31321,0.316654,0,0,8,2038.534961
HD 160691_3,HD 160691,0.123,0.058,0.556,0.091,15.6042,1.0,1.898891,,,0.116193,0.011743,0,0,8,2038.534961
HD 160691_4,HD 160691,2.415,0.073,1.777,2.687,15.6042,1.0,1.898891,,,2.397306,0.598109,0,0,8,2038.534961
HD 160691_6,HD 160691,2.937,0.058,2.424,6.338,15.6042,1.0,1.898891,,,2.984378,0.270419,0,0,8,2038.534961
HD 160691_7,HD 160691,3.23,0.098,2.375,5.354,15.6042,1.0,1.898891,,,3.483687,0.896316,0,0,8,2038.534961
HD 43386_0,HD 43386,2.541,0.037,0.504,0.177,19.5879,1.33,2.956651,,,2.634915,0.003112,0,0,7,2038.640535
HD 43386_1,HD 43386,1.141,0.101,1.584,2.873,19.5879,1.33,2.956651,,,1.108914,0.169929,0,0,7,2038.640535
HD 43386_3,HD 43386,0.289,0.045,1.072,0.429,19.5879,1.33,2.956651,,,0.302005,0.146003,0,0,7,2038.640535
HD 187691 A_0,HD 187691 A,3.127,0.076,1.475,4.454,19.4881,1.25,2.834654,,,2.927025,0.482281,0,0,7,2038.641905
HD 187691 A_1,HD 187691 A,2.61,0.091,1.018,1.386,19.4881,1.25,2.834654,,,2.675186,0.012442,0,0,7,2038.641905
HD 187691 A_2,HD 187691 A,3.249,0.037,0.764,1.364,19.4881,1.25,2.834654,,,3.187305,0.206588,0,0,7,2038.641905
HD 187691 A_3,HD 187691 A,2.018,0.038,2.654,10.557,19.4881,1.25,2.834654,,,1.942016,0.974349,0,0,7,2038.641905
HD 43042_0,HD 43042,4.095,0.078,0.558,0.185,21.7763,1.29,2.935621,,,4.379068,0.405142,0,0,7,2038.68175
HD 43042_1,HD 43042,0.434,0.11,0.533,0.05,21.7763,1.29,2.935621,,,0.469086,0.085294,0,0,7,2038.68175
HD 43042_3,HD 43042,0.724,0.14,0.733,0.758,21.7763,1.29,2.935621,,,0.725558,0.423508,0,0,7,2038.68175
HD 38393_0,HD 38393,0.205,0.072,1.088,1.383,8.905,1.23,2.344229,,,0.205336,0.133129,0,0,8,2038.702658
HD 38393_1,HD 38393,3.39,0.099,0.656,0.073,8.905,1.23,2.344229,,,3.104193,0.880064,0,0,8,2038.702658
HD 38393_3,HD 38393,0.355,0.086,1.549,2.098,8.905,1.23,2.344229,,,0.382873,0.145864,0,0,8,2038.702658
HD 38393_4,HD 38393,4.373,0.052,1.208,1.876,8.905,1.23,2.344229,,,4.542474,0.629949,0,0,8,2038.702658
HD 210302_0,HD 210302,0.937,0.087,1.293,2.482,18.4579,1.25,2.918099,,,0.957165,0.160493,0,0,7,2038.715133
HD 210302_1,HD 210302,0.316,0.034,0.672,0.291,18.4579,1.25,2.918099,,,0.308674,0.122205,0,0,7,2038.715133
HD 210302_2,HD 210302,0.162,0.125,0.82,0.565,18.4579,1.25,2.918099,,,0.178776,0.53029,0,0,7,2038.715133
HD 210302_3,HD 210302,0.925,0.123,2.909,15.97,18.4579,1.25,2.918099,,,0.811588,0.683327,0,0,7,2038.715133
HD 210302_4,HD 210302,1.629,0.122,1.727,5.061,18.4579,1.25,2.918099,,,1.44889,0.899624,0,0,7,2038.715133
HD 23249_0,HD 23249,2.38,0.039,0.804,0.586,9.0888,0.87,2.941034,,,2.430918,0.7913,0,0,6,2038.725315
HD 23249_1,HD 23249,2.348,0.031,1.487,3.029,9.0888,0.87,2.941034,,,2.334719,0.082211,0,0,6,2038.725315
HD 84737_0,HD 84737,0.596,0.087,1.352,1.551,18.8226,1.08,2.795117,,,0.623013,0.622347,0,0,7,2038.87615
HD 84737_1,HD 84737,3.025,0.071,1.189,1.926,18.8226,1.08,2.795117,,,3.105153,0.715479,0,0,7,2038.87615
HD 84737_2,HD 84737,1.078,0.014,1.079,0.698,18.8226,1.08,2.795117,,,1.089326,0.663546,0,0,7,2038.87615
HD 84737_3,HD 84737,3.774,0.025,0.833,0.848,18.8226,1.08,2.795117,,,3.849536,0.461715,0,0,7,2038.87615
HD 84737_4,HD 84737,0.254,0.074,3.133,13.741,18.8226,1.08,2.795117,,,0.246286,0.621469,0,0,7,2038.87615
HD 84737_5,HD 84737,2.993,0.205,0.508,0.086,18.8226,1.08,2.795117,,,2.388587,0.089267,0,0,7,2038.87615
HD 134083_0,HD 134083,0.116,0.07,1.9,7.058,19.536,1.33,3.254618,,,0.115011,0.00338,0,0,7,2038.900463
HD 134083_1,HD 134083,0.36,0.097,1.358,2.746,19.536,1.33,3.254618,,,0.325798,0.137824,0,0,7,2038.900463
HD 134083_3,HD 134083,0.749,0.13,0.881,0.684,19.536,1.33,3.254618,,,0.828061,0.027676,0,0,7,2038.900463
HD 134083_4,HD 134083,0.959,0.114,0.591,0.338,19.536,1.33,3.254618,,,1.031552,0.102628,0,0,7,2038.900463
HD 693_0,HD 693,1.045,0.058,1.136,2.579,18.8861,1.18,2.997091,,,1.017151,0.026715,0,0,7,2038.901833
HD 693_1,HD 693,0.139,0.106,2.768,7.407,18.8861,1.18,2.997091,,,0.151033,0.000165,0,0,7,2038.901833
HD 693_3,HD 693,1.448,0.069,1.975,3.042,18.8861,1.18,2.997091,,,1.361747,0.163112,0,0,7,2038.901833
HD 693_4,HD 693,1.744,0.105,1.392,2.348,18.8861,1.18,2.997091,,,1.734532,0.006422,0,0,7,2038.901833
HD 693_5,HD 693,2.909,0.1,1.423,2.794,18.8861,1.18,2.997091,,,3.186003,0.207006,0,0,7,2038.901833
HD 693_6,HD 693,2.914,0.024,0.574,0.316,18.8861,1.18,2.997091,,,2.964513,0.355129,0,0,7,2038.901833
HD 693_7,HD 693,3.93,0.01,2.298,5.004,18.8861,1.18,2.997091,,,3.892205,0.750287,0,0,7,2038.901833
HD 58855_0,HD 58855,3.917,0.055,2.746,11.124,20.4021,1.16,2.444556,,,3.735242,0.016208,0,0,8,2038.954701
HD 58855_3,HD 58855,0.12,0.023,0.846,0.314,20.4021,1.16,2.444556,,,0.119598,0.238483,0,0,8,2038.954701
HD 58855_4,HD 58855,1.787,0.062,0.53,0.101,20.4021,1.16,2.444556,,,1.89742,0.35414,0,0,8,2038.954701
HD 58855_5,HD 58855,2.753,0.078,0.74,0.361,20.4021,1.16,2.444556,,,2.96248,0.709002,0,0,8,2038.954701
HD 58855_6,HD 58855,3.408,0.008,0.67,0.197,20.4021,1.16,2.444556,,,3.428746,0.467832,0,0,8,2038.954701
HD 58855_7,HD 58855,0.511,0.017,1.169,2.72,20.4021,1.16,2.444556,,,0.518266,0.447285,0,0,8,2038.954701
HD 58855_8,HD 58855,3.679,0.02,1.665,3.725,20.4021,1.16,2.444556,,,3.700616,0.396501,0,0,8,2038.954701
HD 30652_0,HD 30652,0.357,0.032,0.524,0.119,8.0684,1.25,2.710192,,,0.349413,0.472908,0,0,8,2039.085188
HD 30652_1,HD 30652,3.379,0.099,2.314,9.159,8.0684,1.25,2.710192,,,3.053518,0.927404,0,0,8,2039.085188
HD 30652_2,HD 30652,1.418,0.081,1.563,7.047,8.0684,1.25,2.710192,,,1.522256,0.596542,0,0,8,2039.085188
HD 30652_3,HD 30652,3.27,0.133,2.129,5.731,8.0684,1.25,2.710192,,,2.842852,0.129038,0,0,8,2039.085188
HD 30652_4,HD 30652,2.754,0.119,2.49,10.16,8.0684,1.25,2.710192,,,3.074566,0.070804,0,0,8,2039.085188
HD 142373_0,HD 142373,1.268,0.168,0.757,0.148,15.8975,1.08,3.136173,,,1.470611,0.815969,0,0,7,2039.207003
HD 142373_1,HD 142373,1.76,0.092,0.868,0.535,15.8975,1.08,3.136173,,,1.740083,0.392916,0,0,7,2039.207003
HD 142373_2,HD 142373,0.834,0.129,2.923,6.259,15.8975,1.08,3.136173,,,0.882984,0.806887,0,0,7,2039.207003
HD 142373_4,HD 142373,1.161,0.006,1.265,2.536,15.8975,1.08,3.136173,,,1.167549,0.266722,0,0,7,2039.207003
HD 142373_6,HD 142373,4.705,0.105,0.947,0.923,15.8975,1.08,3.136173,,,4.326395,0.220739,0,0,7,2039.207003
HD 142373_7,HD 142373,1.878,0.051,2.611,6.816,15.8975,1.08,3.136173,,,1.970828,0.009444,0,0,7,2039.207003
HD 142373_8,HD 142373,3.092,0.053,1.805,7.326,15.8975,1.08,3.136173,,,3.246944,0.112146,0,0,7,2039.207003
HD 43386_0,HD 43386,2.541,0.037,0.504,0.177,19.5879,1.33,2.956651,,,2.591776,0.195956,0,0,8,2039.244171
HD 43386_1,HD 43386,1.141,0.101,1.584,2.873,19.5879,1.33,2.956651,,,1.230508,0.167079,0,0,8,2039.244171
HD 43386_3,HD 43386,0.289,0.045,1.072,0.429,19.5879,1.33,2.956651,,,0.276221,0.640722,0,0,8,2039.244171
HD 187691 A_0,HD 187691 A,3.127,0.076,1.475,4.454,19.4881,1.25,2.834654,,,2.897104,0.324414,0,0,8,2039.245541
HD 187691 A_1,HD 187691 A,2.61,0.091,1.018,1.386,19.4881,1.25,2.834654,,,2.448351,0.23892,0,0,8,2039.245541
HD 187691 A_2,HD 187691 A,3.249,0.037,0.764,1.364,19.4881,1.25,2.834654,,,3.271656,0.52558,0,0,8,2039.245541
HD 187691 A_3,HD 187691 A,2.018,0.038,2.654,10.557,19.4881,1.25,2.834654,,,2.003946,0.361668,0,0,8,2039.245541
HD 43042_0,HD 43042,4.095,0.078,0.558,0.185,21.7763,1.29,2.935621,,,4.414381,0.24202,0,0,8,2039.291402
HD 43042_1,HD 43042,0.434,0.11,0.533,0.05,21.7763,1.29,2.935621,,,0.424689,0.253608,0,0,8,2039.291402
HD 43042_3,HD 43042,0.724,0.14,0.733,0.758,21.7763,1.29,2.935621,,,0.793904,0.766671,0,0,8,2039.291402
HD 210302_0,HD 210302,0.937,0.087,1.293,2.482,18.4579,1.25,2.918099,,,0.858049,0.289618,0,0,8,2039.331688
HD 210302_1,HD 210302,0.316,0.034,0.672,0.291,18.4579,1.25,2.918099,,,0.30526,0.00753,0,0,8,2039.331688
HD 210302_2,HD 210302,0.162,0.125,0.82,0.565,18.4579,1.25,2.918099,,,0.162747,0.696897,0,0,8,2039.331688
HD 210302_3,HD 210302,0.925,0.123,2.909,15.97,18.4579,1.25,2.918099,,,0.928701,0.658437,0,0,8,2039.331688
HD 210302_4,HD 210302,1.629,0.122,1.727,5.061,18.4579,1.25,2.918099,,,1.677501,0.07364,0,0,8,2039.331688
HD 219134_0,HD 219134,1.298,0.068,3.021,11.197,6.5418,0.75,0.265889,0.148738,142.92871,1.385078,0.748542,1,2,8,2039.451374
HD 219134_1,HD 219134,0.107,0.06,0.589,0.114,6.5418,0.75,0.265889,,,0.100815,0.423884,0,0,8,2039.451374
HD 219134_2,HD 219134,0.475,0.085,1.279,2.244,6.5418,0.75,0.265889,,,0.515043,0.744424,0,4,8,2039.451374
HD 219134_3,HD 219134,2.999,0.067,1.913,4.52,6.5418,0.75,0.265889,,,2.876099,0.041361,0,0,8,2039.451374
HD 219134_4,HD 219134,0.285,0.083,1.716,4.805,6.5418,0.75,0.265889,,,0.299957,0.37601,0,0,8,2039.451374
HD 219134_5,HD 219134,1.823,0.052,1.09,4.144,6.5418,0.75,0.265889,,,1.78955,0.049497,0,0,8,2039.451374
HD 219134_7,HD 219134,0.986,0.056,2.277,3.449,6.5418,0.75,0.265889,,,1.041108,0.212826,0,3,8,2039.451374
HD 23249_0,HD 23249,2.38,0.039,0.804,0.586,9.0888,0.87,2.941034,,,2.471666,0.468628,0,0,7,2039.468705
HD 23249_1,HD 23249,2.348,0.031,1.487,3.029,9.0888,0.87,2.941034,,,2.276031,0.003397,0,0,7,2039.468705
HD 84737_0,HD 84737,0.596,0.087,1.352,1.551,18.8226,1.08,2.795117,,,0.592319,0.008747,0,0,8,2039.518379
HD 84737_1,HD 84737,3.025,0.071,1.189,1.926,18.8226,1.08,2.795117,,,2.938313,0.997944,0,0,8,2039.518379
HD 84737_2,HD 84737,1.078,0.014,1.079,0.698,18.8226,1.08,2.795117,,,1.063031,0.267625,0,0,8,2039.518379
HD 84737_3,HD 84737,3.774,0.025,0.833,0.848,18.8226,1.08,2.795117,,,3.807644,0.747726,0,0,8,2039.518379
HD 84737_4,HD 84737,0.254,0.074,3.133,13.741,18.8226,1.08,2.795117,,,0.269222,0.158348,0,0,8,2039.518379
HD 84737_5,HD 84737,2.993,0.205,0.508,0.086,18.8226,1.08,2.795117,,,2.733057,0.207433,0,0,8,2039.518379
HD 134083_0,HD 134083,0.116,0.07,1.9,7.058,19.536,1.33,3.254618,,,0.118969,0.004627,0,0,8,2039.549173
HD 134083_1,HD 134083,0.36,0.097,1.358,2.746,19.536,1.33,3.254618,,,0.394918,0.650894,0,0,8,2039.549173
HD 134083_3,HD 134083,0.749,0.13,0.881,0.684,19.536,1.33,3.254618,,,0.843592,0.155823,0,0,8,2039.549173
HD 134083_4,HD 134083,0.959,0.114,0.591,0.338,19.536,1.33,3.254618,,,0.903021,0.439068,0,0,8,2039.549173
HD 693_0,HD 693,1.045,0.058,1.136,2.579,18.8861,1.18,2.997091,,,1.105564,0.238632,0,0,8,2039.550543
HD 693_1,HD 693,0.139,0.106,2.768,7.407,18.8861,1.18,2.997091,,,0.127247,0.997728,0,0,8,2039.550543
HD 693_3,HD 693,1.448,0.069,1.975,3.042,18.8861,1.18,2.997091,,,1.498978,0.339036,0,0,8,2039.550543
HD 693_4,HD 693,1.744,0.105,1.392,2.348,18.8861,1.18,2.997091,,,1.589299,0.781164,0,0,8,2039.550543
HD 693_5,HD 693,2.909,0.1,1.423,2.794,18.8861,1.18,2.997091,,,3.029891,0.017783,0,0,8,2039.550543
HD 693_6,HD 693,2.914,0.024,0.574,0.316,18.8861,1.18,2.997091,,,2.983534,0.816565,0,0,8,2039.550543
HD 693_7,HD 693,3.93,0.01,2.298,5.004,18.8861,1.18,2.997091,,,3.904086,0.523,0,0,8,2039.550543
HD 142373_0,HD 142373,1.268,0.168,0.757,0.148,15.8975,1.08,3.136173,,,1.081839,0.025413,0,0,8,2039.90715
HD 142373_1,HD 142373,1.76,0.092,0.868,0.535,15.8975,1.08,3.136173,,,1.631873,0.098422,0,0,8,2039.90715
HD 142373_2,HD 142373,0.834,0.129,2.923,6.259,15.8975,1.08,3.136173,,,0.906158,0.714186,0,0,8,2039.90715
HD 142373_4,HD 142373,1.161,0.006,1.265,2.536,15.8975,1.08,3.136173,,,1.154127,0.179393,0,0,8,2039.90715
HD 142373_6,HD 142373,4.705,0.105,0.947,0.923,15.8975,1.08,3.136173,,,4.514528,0.456606,0,0,8,2039.90715
HD 142373_7,HD 142373,1.878,0.051,2.611,6.816,15.8975,1.08,3.136173,,,1.83888,0.589809,0,0,8,2039.90715
HD 142373_8,HD 142373,3.092,0.053,1.805,7.326,15.8975,1.08,3.136173,,,3.160178,0.367443,0,0,8,2039.90715
HD 23249_0,HD 23249,2.38,0.039,0.804,0.586,9.0888,0.87,2.941034,,,2.40367,0.103629,0,0,8,2040.212095
HD 23249_1,HD 23249,2.348,0.031,1.487,3.029,9.0888,0.87,2.941034,,,2.314553,0.32933,0,0,8,2040.212095
